0.000000 0.000000 0.000000 -0.000000 -0.000000 0.000000 -0.000000 1.000000
1.000000 0.000117 -0.001011 -0.034289 -0.004699 -0.000534 0.000006 0.999989
2.000000 0.000230 -0.002036 -0.068506 -0.010144 -0.001140 0.000014 0.999948
3.000000 0.000357 -0.003257 -0.102661 -0.016269 -0.001808 0.000025 0.999866
4.000000 0.000515 -0.004841 -0.136761 -0.023007 -0.002526 0.000035 0.999732
5.000000 0.000720 -0.006931 -0.170810 -0.030290 -0.003283 0.000044 0.999536
6.000000 0.000982 -0.009657 -0.204808 -0.038049 -0.004066 0.000050 0.999268
7.000000 0.001246 -0.012620 -0.238776 -0.045153 -0.004735 0.000055 0.998969
8.000000 0.001497 -0.015730 -0.272727 -0.051600 -0.005291 0.000059 0.998654
9.000000 0.001720 -0.018895 -0.306672 -0.057386 -0.005731 0.000063 0.998336
10.000000 0.001899 -0.022025 -0.340623 -0.062510 -0.006058 0.000069 0.998026
11.000000 0.002018 -0.025032 -0.374591 -0.066974 -0.006270 0.000079 0.997735
12.000000 0.002062 -0.027825 -0.408586 -0.070776 -0.006368 0.000092 0.997472
13.000000 0.002016 -0.030316 -0.442617 -0.073920 -0.006353 0.000110 0.997244
14.000000 0.001863 -0.032416 -0.476690 -0.076405 -0.006223 0.000133 0.997057
15.000000 0.001590 -0.034035 -0.510810 -0.078233 -0.005980 0.000162 0.996917
16.000000 0.001179 -0.035085 -0.544981 -0.079405 -0.005624 0.000197 0.996827
17.000000 0.000616 -0.035477 -0.579203 -0.079921 -0.005154 0.000239 0.996788
18.000000 -0.000115 -0.035121 -0.613473 -0.079783 -0.004570 0.000288 0.996802
19.000000 -0.001031 -0.033926 -0.647786 -0.078990 -0.003873 0.000345 0.996868
20.000000 -0.002147 -0.031804 -0.682134 -0.077542 -0.003062 0.000410 0.996984
21.000000 -0.003479 -0.028661 -0.716504 -0.075437 -0.002138 0.000484 0.997148
22.000000 -0.005044 -0.024408 -0.750879 -0.072676 -0.001099 0.000567 0.997355
23.000000 -0.006858 -0.018952 -0.785240 -0.069258 0.000055 0.000660 0.997599
24.000000 -0.008936 -0.012204 -0.819559 -0.065180 0.001322 0.000760 0.997872
25.000000 -0.011295 -0.004072 -0.853808 -0.060444 0.002705 0.000867 0.998168
26.000000 -0.013900 0.005426 -0.887952 -0.055107 0.004174 0.000976 0.998471
27.000000 -0.016414 0.015648 -0.921973 -0.049560 0.005543 0.001075 0.998755
28.000000 -0.018344 0.025622 -0.955895 -0.044308 0.006569 0.001151 0.998996
29.000000 -0.019131 0.034237 -0.989789 -0.039859 0.007010 0.001193 0.999180
30.000000 -0.018149 0.040245 -1.023753 -0.036721 0.006623 0.001191 0.999303
31.000000 -0.014736 0.042336 -1.057886 -0.035386 0.005172 0.001140 0.999360
32.000000 -0.009815 0.042076 -1.092109 -0.035068 0.003121 0.001072 0.999379
33.000000 -0.005010 0.038524 -1.126427 -0.036227 0.001176 0.001013 0.999342
34.000000 -0.000682 0.031085 -1.160821 -0.039117 -0.000584 0.000961 0.999234
35.000000 0.002982 0.019860 -1.195219 -0.043671 -0.002162 0.000913 0.999043
36.000000 0.005728 0.005112 -1.229527 -0.049761 -0.003533 0.000868 0.998755
37.000000 0.007373 -0.012896 -1.263635 -0.056928 -0.004514 0.000834 0.998368
38.000000 0.007707 -0.032622 -1.297447 -0.064596 -0.004865 0.000824 0.997899
39.000000 0.006025 -0.052509 -1.330973 -0.072192 -0.004348 0.000856 0.997381
40.000000 0.001498 -0.071067 -1.364297 -0.079144 -0.002726 0.000956 0.996859
41.000000 -0.006745 -0.086696 -1.397558 -0.084898 0.000235 0.001161 0.996389
42.000000 -0.017620 -0.101296 -1.430674 -0.090168 0.004064 0.001455 0.995917
43.000000 -0.029211 -0.113335 -1.463787 -0.094436 0.008050 0.001789 0.995497
44.000000 -0.041239 -0.121955 -1.497020 -0.097454 0.012092 0.002155 0.995164
45.000000 -0.053564 -0.127475 -1.530393 -0.099380 0.016141 0.002543 0.994915
46.000000 -0.066029 -0.130271 -1.563897 -0.100375 0.020148 0.002947 0.994741
47.000000 -0.078462 -0.130760 -1.597510 -0.100600 0.024064 0.003360 0.994630
48.000000 -0.090679 -0.129401 -1.631199 -0.100217 0.027839 0.003771 0.994569
49.000000 -0.102494 -0.126649 -1.664936 -0.099386 0.031425 0.004171 0.994544
50.000000 -0.113727 -0.122941 -1.698702 -0.098267 0.034772 0.004553 0.994542
51.000000 -0.124183 -0.118756 -1.732480 -0.097020 0.037830 0.004906 0.994551
52.000000 -0.133651 -0.114615 -1.766263 -0.095807 0.040550 0.005221 0.994560
53.000000 -0.141911 -0.111077 -1.800051 -0.094784 0.042882 0.005488 0.994559
54.000000 -0.148806 -0.108488 -1.833855 -0.094042 0.044799 0.005701 0.994543
55.000000 -0.154273 -0.106906 -1.867696 -0.093586 0.046298 0.005860 0.994517
56.000000 -0.158254 -0.106372 -1.901591 -0.093417 0.047380 0.005967 0.994481
57.000000 -0.160691 -0.106924 -1.935549 -0.093535 0.048044 0.006022 0.994438
58.000000 -0.161527 -0.108602 -1.969574 -0.093939 0.048290 0.006026 0.994388
59.000000 -0.160703 -0.111445 -2.003666 -0.094631 0.048119 0.005978 0.994331
60.000000 -0.158161 -0.115493 -2.037816 -0.095610 0.047529 0.005878 0.994266
61.000000 -0.153843 -0.120786 -2.072011 -0.096876 0.046521 0.005727 0.994192
62.000000 -0.147733 -0.127334 -2.106229 -0.098422 0.045105 0.005524 0.994107
63.000000 -0.140056 -0.134986 -2.140435 -0.100204 0.043345 0.005277 0.994008
64.000000 -0.131134 -0.143524 -2.174599 -0.102164 0.041325 0.004996 0.993896
65.000000 -0.121312 -0.152716 -2.208694 -0.104246 0.039126 0.004691 0.993771
66.000000 -0.110959 -0.162313 -2.242702 -0.106393 0.036833 0.004372 0.993632
67.000000 -0.100460 -0.172054 -2.276620 -0.108548 0.034529 0.004049 0.993483
68.000000 -0.090185 -0.181692 -2.310452 -0.110654 0.032295 0.003734 0.993327
69.000000 -0.080513 -0.190969 -2.344217 -0.112656 0.030217 0.003437 0.993169
70.000000 -0.071847 -0.199615 -2.377940 -0.114497 0.028376 0.003170 0.993013
71.000000 -0.064611 -0.207344 -2.411656 -0.116120 0.026856 0.002945 0.992868
72.000000 -0.059201 -0.213888 -2.445402 -0.117478 0.025730 0.002772 0.992738
73.000000 -0.055758 -0.219153 -2.479206 -0.118557 0.025015 0.002655 0.992629
74.000000 -0.054483 -0.223133 -2.513077 -0.119366 0.024739 0.002597 0.992539
75.000000 -0.056068 -0.225939 -2.547000 -0.119931 0.025026 0.002614 0.992463
76.000000 -0.061345 -0.227714 -2.580940 -0.120286 0.026019 0.002723 0.992395
77.000000 -0.071189 -0.228606 -2.614842 -0.120463 0.027862 0.002942 0.992322
78.000000 -0.086517 -0.228777 -2.648614 -0.120495 0.030698 0.003289 0.992234
79.000000 -0.108267 -0.228391 -2.682113 -0.120412 0.034673 0.003784 0.992111
80.000000 -0.137349 -0.227606 -2.715121 -0.120246 0.039931 0.004440 0.991931
81.000000 -0.172015 -0.225814 -2.747564 -0.119889 0.046132 0.005214 0.991701
82.000000 -0.202366 -0.220386 -2.780182 -0.118889 0.051499 0.005915 0.991553
83.000000 -0.227266 -0.211647 -2.813135 -0.117329 0.055882 0.006526 0.991498
84.000000 -0.246459 -0.200239 -2.846483 -0.115343 0.059294 0.007044 0.991529
85.000000 -0.259151 -0.186703 -2.880315 -0.113041 0.061656 0.007454 0.991647
86.000000 -0.264744 -0.171679 -2.914710 -0.110531 0.062866 0.007738 0.991852
87.000000 -0.263588 -0.156076 -2.949734 -0.107918 0.062824 0.007882 0.992142
88.000000 -0.254864 -0.140459 -2.985395 -0.105306 0.061425 0.007878 0.992510
89.000000 -0.237580 -0.125387 -3.021651 -0.102803 0.058563 0.007716 0.992946
90.000000 -0.210720 -0.111454 -3.058381 -0.100513 0.054134 0.007385 0.993435
91.000000 -0.176274 -0.100151 -3.095163 -0.098676 0.048520 0.006915 0.993912
92.000000 -0.145405 -0.095260 -3.131154 -0.097877 0.043547 0.006469 0.994224
93.000000 -0.119313 -0.097046 -3.166452 -0.098135 0.039391 0.006064 0.994375
94.000000 -0.097839 -0.104683 -3.201206 -0.099299 0.036006 0.005703 0.994390
95.000000 -0.080764 -0.117162 -3.235518 -0.101198 0.033342 0.005384 0.994293
96.000000 -0.067857 -0.133428 -3.269452 -0.103660 0.031349 0.005107 0.994105
97.000000 -0.058869 -0.152378 -3.303058 -0.106514 0.029977 0.004875 0.993847
98.000000 -0.053547 -0.172889 -3.336387 -0.109589 0.029173 0.004692 0.993538
99.000000 -0.051647 -0.193869 -3.369501 -0.112712 0.028889 0.004561 0.993197
100.000000 -0.052915 -0.214195 -3.402482 -0.115714 0.029074 0.004485 0.992847
101.000000 -0.057086 -0.232699 -3.435424 -0.118423 0.029677 0.004468 0.992510
102.000000 -0.063881 -0.248168 -3.468442 -0.120668 0.030651 0.004511 0.992209
103.000000 -0.073088 -0.259606 -3.501638 -0.122315 0.031955 0.004615 0.991966
104.000000 -0.084710 -0.266785 -3.535045 -0.123345 0.033585 0.004784 0.991784
105.000000 -0.098794 -0.269622 -3.568665 -0.123757 0.035539 0.005019 0.991663
106.000000 -0.115387 -0.268030 -3.602480 -0.123550 0.037819 0.005322 0.991603
107.000000 -0.134537 -0.261927 -3.636449 -0.122724 0.040423 0.005695 0.991601
108.000000 -0.156290 -0.251225 -3.670511 -0.121279 0.043353 0.006139 0.991652
109.000000 -0.180693 -0.235840 -3.704580 -0.119213 0.046607 0.006653 0.991752
110.000000 -0.207527 -0.215589 -3.738570 -0.116514 0.050150 0.007227 0.991896
111.000000 -0.233826 -0.189247 -3.772602 -0.113033 0.053586 0.007818 0.992114
112.000000 -0.254904 -0.154946 -3.806952 -0.108548 0.056308 0.008369 0.992460
113.000000 -0.267678 -0.112372 -3.841710 -0.103043 0.057938 0.008848 0.992949
114.000000 -0.272108 -0.064039 -3.876640 -0.096861 0.058504 0.009246 0.993534
115.000000 -0.268499 -0.012850 -3.911523 -0.090382 0.058075 0.009557 0.994167
116.000000 -0.257421 0.038095 -3.946226 -0.083985 0.056721 0.009774 0.994803
117.000000 -0.239603 0.085531 -3.980737 -0.078052 0.054510 0.009889 0.995409
118.000000 -0.215594 0.126583 -4.015161 -0.072919 0.051505 0.009902 0.995958
119.000000 -0.185282 0.161556 -4.049576 -0.068554 0.047717 0.009830 0.996457
120.000000 -0.148618 0.192201 -4.083917 -0.064751 0.043166 0.009693 0.996920
121.000000 -0.108579 0.218939 -4.118011 -0.061467 0.038237 0.009522 0.997331
122.000000 -0.070299 0.238844 -4.151927 -0.059063 0.033569 0.009342 0.997646
123.000000 -0.037329 0.249089 -4.185951 -0.057874 0.029591 0.009167 0.997843
124.000000 -0.009771 0.250193 -4.220239 -0.057800 0.026301 0.009000 0.997941
125.000000 0.013032 0.244409 -4.254762 -0.058529 0.023605 0.008844 0.997967
126.000000 0.031825 0.234318 -4.289409 -0.059724 0.021402 0.008703 0.997948
127.000000 0.047402 0.222811 -4.324048 -0.061045 0.019590 0.008577 0.997906
128.000000 0.060540 0.212609 -4.358567 -0.062199 0.018075 0.008467 0.997864
129.000000 0.071581 0.203194 -4.393022 -0.063264 0.016816 0.008371 0.997820
130.000000 0.080624 0.192266 -4.427536 -0.064502 0.015799 0.008285 0.997758
131.000000 0.087804 0.177728 -4.462189 -0.066142 0.015004 0.008206 0.997664
132.000000 0.093600 0.160354 -4.496913 -0.068087 0.014374 0.008134 0.997543
133.000000 0.098697 0.142584 -4.531588 -0.070062 0.013826 0.008068 0.997414
134.000000 0.103608 0.126274 -4.566149 -0.071860 0.013302 0.008006 0.997294
135.000000 0.108399 0.111688 -4.600607 -0.073458 0.012793 0.007947 0.997185
136.000000 0.113068 0.098854 -4.634980 -0.074854 0.012299 0.007892 0.997087
137.000000 0.117611 0.087801 -4.669283 -0.076048 0.011821 0.007841 0.997003
138.000000 0.122027 0.078555 -4.703529 -0.077042 0.011359 0.007793 0.996933
139.000000 0.126312 0.071144 -4.737731 -0.077834 0.010912 0.007748 0.996877
140.000000 0.130466 0.065596 -4.771896 -0.078425 0.010481 0.007707 0.996835
141.000000 0.134485 0.061937 -4.806033 -0.078815 0.010065 0.007670 0.996809
142.000000 0.138368 0.060196 -4.840144 -0.079004 0.009665 0.007635 0.996798
143.000000 0.142111 0.060399 -4.874233 -0.078992 0.009280 0.007604 0.996803
144.000000 0.145714 0.062574 -4.908298 -0.078779 0.008911 0.007577 0.996823
145.000000 0.149173 0.066749 -4.942338 -0.078365 0.008557 0.007552 0.996859
146.000000 0.152487 0.072951 -4.976346 -0.077750 0.008219 0.007530 0.996911
147.000000 0.155653 0.081208 -5.010316 -0.076934 0.007896 0.007512 0.996977
148.000000 0.158668 0.091548 -5.044238 -0.075917 0.007589 0.007496 0.997057
149.000000 0.161532 0.103998 -5.078098 -0.074698 0.007297 0.007483 0.997151
150.000000 0.164240 0.118587 -5.111882 -0.073279 0.007021 0.007473 0.997259
151.000000 0.166792 0.135341 -5.145572 -0.071657 0.006761 0.007466 0.997378
152.000000 0.169186 0.154220 -5.179149 -0.069841 0.006515 0.007461 0.997509
153.000000 0.171442 0.174650 -5.212611 -0.067886 0.006284 0.007458 0.997645
154.000000 0.173587 0.195788 -5.245972 -0.065876 0.006064 0.007456 0.997782
155.000000 0.175650 0.216769 -5.279260 -0.063890 0.005853 0.007455 0.997912
156.000000 0.177661 0.236706 -5.312517 -0.062012 0.005649 0.007454 0.998032
157.000000 0.179650 0.254693 -5.345795 -0.060321 0.005450 0.007452 0.998136
158.000000 0.181646 0.269839 -5.379161 -0.058901 0.005254 0.007449 0.998222
159.000000 0.183676 0.281411 -5.412675 -0.057817 0.005058 0.007443 0.998287
160.000000 0.185760 0.289050 -5.446380 -0.057101 0.004862 0.007436 0.998329
161.000000 0.187916 0.292443 -5.480305 -0.056778 0.004662 0.007427 0.998348
162.000000 0.190162 0.291344 -5.514471 -0.056866 0.004459 0.007416 0.998344
163.000000 0.192495 0.286067 -5.548856 -0.057333 0.004252 0.007402 0.998319
164.000000 0.194904 0.277192 -5.583417 -0.058125 0.004042 0.007387 0.998274
165.000000 0.197378 0.265291 -5.618108 -0.059183 0.003830 0.007371 0.998213
166.000000 0.199904 0.250949 -5.652880 -0.060453 0.003615 0.007353 0.998137
167.000000 0.202470 0.234763 -5.687689 -0.061878 0.003400 0.007335 0.998051
168.000000 0.205066 0.217350 -5.722495 -0.063401 0.003184 0.007316 0.997956
169.000000 0.207680 0.199164 -5.757270 -0.064982 0.002968 0.007297 0.997855
170.000000 0.210313 0.180259 -5.792005 -0.066616 0.002752 0.007278 0.997748
171.000000 0.212965 0.160625 -5.826695 -0.068302 0.002537 0.007259 0.997635
172.000000 0.215635 0.140256 -5.861331 -0.070041 0.002322 0.007239 0.997515
173.000000 0.218323 0.119142 -5.895907 -0.071833 0.002106 0.007220 0.997388
174.000000 0.221031 0.097277 -5.930415 -0.073677 0.001891 0.007200 0.997254
175.000000 0.223757 0.074652 -5.964847 -0.075574 0.001677 0.007180 0.997113
176.000000 0.226503 0.051260 -5.999196 -0.077524 0.001462 0.007160 0.996964
177.000000 0.229267 0.027091 -6.033453 -0.079527 0.001247 0.007140 0.996806
178.000000 0.232051 0.002140 -6.067610 -0.081582 0.001032 0.007119 0.996641
179.000000 0.234853 -0.023602 -6.101657 -0.083691 0.000818 0.007099 0.996466
180.000000 0.237676 -0.050142 -6.135588 -0.085852 0.000603 0.007079 0.996283
181.000000 0.240517 -0.077487 -6.169391 -0.088066 0.000389 0.007058 0.996090
182.000000 0.243378 -0.105646 -6.203058 -0.090333 0.000175 0.007037 0.995887
183.000000 0.246258 -0.134624 -6.236578 -0.092653 -0.000039 0.007015 0.995674
184.000000 0.249093 -0.164080 -6.269955 -0.094999 -0.000249 0.006994 0.995453
185.000000 0.250131 -0.184644 -6.303533 -0.096628 -0.000320 0.006987 0.995296
186.000000 0.248418 -0.191825 -6.337571 -0.097201 -0.000183 0.007002 0.995240
187.000000 0.243938 -0.186343 -6.372085 -0.096791 0.000161 0.007038 0.995280
188.000000 0.236670 -0.168942 -6.407008 -0.095471 0.000709 0.007098 0.995407
189.000000 0.226600 -0.140404 -6.442211 -0.093316 0.001461 0.007182 0.995610
190.000000 0.213803 -0.102015 -6.477519 -0.090398 0.002414 0.007289 0.995876
191.000000 0.198309 -0.054813 -6.512736 -0.086791 0.003569 0.007419 0.996193
192.000000 0.180102 0.000429 -6.547653 -0.082567 0.004922 0.007569 0.996545
193.000000 0.159166 0.062910 -6.582057 -0.077801 0.006473 0.007737 0.996918
194.000000 0.135558 0.131434 -6.615748 -0.072594 0.008215 0.007921 0.997296
195.000000 0.111117 0.195271 -6.648813 -0.067762 0.010014 0.008103 0.997618
196.000000 0.086830 0.248842 -6.681585 -0.063720 0.011799 0.008271 0.997864
197.000000 0.062703 0.292043 -6.714317 -0.060470 0.013570 0.008424 0.998042
198.000000 0.038737 0.324778 -6.747217 -0.058010 0.015327 0.008560 0.998162
199.000000 0.014930 0.346953 -6.780438 -0.056342 0.017070 0.008680 0.998228
200.000000 -0.008723 0.358471 -6.814086 -0.055464 0.018801 0.008783 0.998245
201.000000 -0.032227 0.359232 -6.848213 -0.055376 0.020519 0.008869 0.998215
202.000000 -0.055589 0.349129 -6.882822 -0.056078 0.022226 0.008937 0.998139
203.000000 -0.078813 0.328049 -6.917865 -0.057571 0.023920 0.008986 0.998014
204.000000 -0.101906 0.295875 -6.953240 -0.059854 0.025604 0.009017 0.997838
205.000000 -0.124869 0.252487 -6.988792 -0.062927 0.027276 0.009029 0.997604
206.000000 -0.147311 0.200815 -7.024238 -0.066575 0.028908 0.009024 0.997322
207.000000 -0.166188 0.150045 -7.059284 -0.070145 0.030278 0.009007 0.997037
208.000000 -0.179750 0.101392 -7.094009 -0.073558 0.031267 0.008972 0.996760
209.000000 -0.187866 0.056159 -7.128484 -0.076730 0.031871 0.008920 0.996502
210.000000 -0.190442 0.015682 -7.162795 -0.079575 0.032089 0.008851 0.996273
211.000000 -0.187402 -0.018827 -7.197039 -0.082008 0.031917 0.008763 0.996082
212.000000 -0.178799 -0.046434 -7.231307 -0.083943 0.031356 0.008657 0.995939
213.000000 -0.164620 -0.065785 -7.265667 -0.085295 0.030404 0.008536 0.995855
214.000000 -0.144773 -0.075507 -7.300167 -0.085978 0.029058 0.008399 0.995838
215.000000 -0.119162 -0.074198 -7.334815 -0.085906 0.027317 0.008250 0.995895
216.000000 -0.088108 -0.063640 -7.369525 -0.085209 0.025209 0.008084 0.996011
217.000000 -0.054708 -0.052151 -7.404113 -0.084454 0.022952 0.007905 0.996132
218.000000 -0.020697 -0.039645 -7.438543 -0.083633 0.020663 0.007726 0.996252
219.000000 0.013929 -0.026411 -7.472803 -0.082768 0.018344 0.007548 0.996371
220.000000 0.049432 -0.014467 -7.506880 -0.081992 0.015977 0.007368 0.996478
221.000000 0.086156 -0.006444 -7.540766 -0.081478 0.013541 0.007182 0.996557
222.000000 0.124456 -0.005029 -7.574453 -0.081399 0.011016 0.006987 0.996596
223.000000 0.164699 -0.012959 -7.607912 -0.081928 0.008378 0.006782 0.996580
224.000000 0.207260 -0.033009 -7.641065 -0.083239 0.005607 0.006567 0.996492
225.000000 0.252514 -0.067934 -7.673737 -0.085506 0.002679 0.006337 0.996314
226.000000 0.300835 -0.120506 -7.705615 -0.088902 -0.000428 0.006085 0.996022
227.000000 0.352599 -0.193529 -7.736191 -0.093601 -0.003735 0.005811 0.995586
228.000000 0.407860 -0.288169 -7.764776 -0.099668 -0.007245 0.005521 0.994979
229.000000 0.458562 -0.382010 -7.792127 -0.105660 -0.010452 0.005260 0.994334
230.000000 0.496721 -0.449968 -7.820355 -0.109988 -0.012861 0.005057 0.993837
231.000000 0.538151 -0.510160 -7.848070 -0.113834 -0.015478 0.004817 0.993368
232.000000 0.583387 -0.561008 -7.875463 -0.117111 -0.018336 0.004533 0.992939
233.000000 0.630831 -0.599307 -7.903030 -0.119627 -0.021332 0.004211 0.992581
234.000000 0.679224 -0.622821 -7.931272 -0.121189 -0.024365 0.003859 0.992323
235.000000 0.727270 -0.629264 -7.960735 -0.121604 -0.027333 0.003487 0.992196
236.000000 0.772601 -0.614361 -7.991911 -0.120677 -0.030135 0.003101 0.992229
237.000000 0.813489 -0.574650 -8.025076 -0.118213 -0.032667 0.002701 0.992447
238.000000 0.848596 -0.508422 -8.060157 -0.114124 -0.034845 0.002287 0.992853
239.000000 0.884988 -0.438137 -8.094602 -0.109808 -0.037101 0.001856 0.993258
240.000000 0.929339 -0.387118 -8.126462 -0.106692 -0.039835 0.001422 0.993493
241.000000 0.963498 -0.333145 -8.159103 -0.103406 -0.041936 0.001065 0.993754
242.000000 0.985149 -0.274442 -8.192924 -0.099845 -0.043270 0.000791 0.994061
243.000000 0.994183 -0.210955 -8.227925 -0.096008 -0.043835 0.000591 0.994415
244.000000 0.990485 -0.142632 -8.264041 -0.091895 -0.043630 0.000458 0.994812
245.000000 0.973931 -0.069413 -8.301135 -0.087503 -0.042653 0.000387 0.995251
246.000000 0.944394 0.008763 -8.339007 -0.082833 -0.040905 0.000375 0.995724
247.000000 0.901844 0.091811 -8.377375 -0.077892 -0.038388 0.000417 0.996222
248.000000 0.847771 0.177607 -8.415788 -0.072806 -0.035198 0.000503 0.996725
249.000000 0.784884 0.262392 -8.453810 -0.067798 -0.031499 0.000623 0.997202
250.000000 0.715984 0.342295 -8.491202 -0.063093 -0.027458 0.000767 0.997630
251.000000 0.643926 0.413383 -8.527943 -0.058916 -0.023243 0.000927 0.997992
252.000000 0.571607 0.471668 -8.564211 -0.055493 -0.019021 0.001094 0.998277
253.000000 0.501866 0.513430 -8.600325 -0.053034 -0.014958 0.001263 0.998480
254.000000 0.436935 0.538137 -8.636513 -0.051568 -0.011184 0.001425 0.998606
255.000000 0.378657 0.547491 -8.672842 -0.050994 -0.007807 0.001575 0.998667
256.000000 0.328895 0.543262 -8.709315 -0.051206 -0.004932 0.001706 0.998674
257.000000 0.289442 0.527384 -8.745884 -0.052093 -0.002660 0.001814 0.998637
258.000000 0.260544 0.503939 -8.782383 -0.053422 -0.001001 0.001895 0.998570
259.000000 0.241236 0.478615 -8.818574 -0.054865 0.000105 0.001951 0.998492
260.000000 0.230522 0.457151 -8.854230 -0.056093 0.000719 0.001982 0.998423
261.000000 0.227388 0.445375 -8.889144 -0.056775 0.000902 0.001990 0.998385
262.000000 0.230806 0.449201 -8.923096 -0.056582 0.000715 0.001976 0.998396
263.000000 0.239778 0.474379 -8.955783 -0.055199 0.000216 0.001943 0.998473
264.000000 0.253820 0.523099 -8.986903 -0.052510 -0.000565 0.001893 0.998618
265.000000 0.271993 0.591786 -9.016323 -0.048722 -0.001575 0.001829 0.998809
266.000000 0.292819 0.674684 -9.044049 -0.044158 -0.002730 0.001755 0.999019
267.000000 0.314790 0.765928 -9.070233 -0.039141 -0.003946 0.001679 0.999224
268.000000 0.336376 0.859575 -9.095239 -0.033997 -0.005141 0.001607 0.999407
269.000000 0.356033 0.949622 -9.119687 -0.029050 -0.006230 0.001543 0.999557
270.000000 0.372239 1.030134 -9.144439 -0.024626 -0.007130 0.001492 0.999670
271.000000 0.383475 1.095187 -9.170548 -0.021050 -0.007756 0.001455 0.999747
272.000000 0.388207 1.138788 -9.199171 -0.018649 -0.008026 0.001434 0.999793
273.000000 0.384873 1.154858 -9.231440 -0.017747 -0.007855 0.001432 0.999811
274.000000 0.372455 1.138174 -9.268147 -0.018617 -0.007191 0.001450 0.999800
275.000000 0.354844 1.092118 -9.308496 -0.021065 -0.006247 0.001482 0.999757
276.000000 0.337797 1.024595 -9.350922 -0.024655 -0.005333 0.001516 0.999681
277.000000 0.322035 0.942232 -9.394261 -0.029026 -0.004486 0.001550 0.999567
278.000000 0.306026 0.851134 -9.437633 -0.033850 -0.003623 0.001587 0.999419
279.000000 0.288183 0.757487 -9.480351 -0.038802 -0.002659 0.001628 0.999242
280.000000 0.266751 0.667394 -9.521954 -0.043556 -0.001511 0.001677 0.999048
281.000000 0.239896 0.586981 -9.562191 -0.047784 -0.000096 0.001740 0.998856
282.000000 0.205942 0.522528 -9.600960 -0.051163 0.001671 0.001826 0.998687
283.000000 0.163268 0.480434 -9.638225 -0.053366 0.003873 0.001944 0.998566
284.000000 0.109719 0.466533 -9.673913 -0.054100 0.006622 0.002106 0.998511
285.000000 0.038920 0.481335 -9.707976 -0.053349 0.010245 0.002331 0.998521
286.000000 -0.055310 0.522010 -9.740030 -0.051269 0.015054 0.002638 0.998568
287.000000 -0.159488 0.578100 -9.769939 -0.048402 0.020356 0.002987 0.998616
288.000000 -0.265366 0.641740 -9.797872 -0.045153 0.025733 0.003345 0.998643
289.000000 -0.367721 0.706479 -9.824298 -0.041847 0.030926 0.003684 0.998639
290.000000 -0.461274 0.765795 -9.850063 -0.038812 0.035677 0.003983 0.998601
291.000000 -0.540766 0.813120 -9.876347 -0.036377 0.039726 0.004222 0.998539
292.000000 -0.601416 0.842145 -9.904521 -0.034869 0.042817 0.004385 0.998465
293.000000 -0.639153 0.847995 -9.935772 -0.034536 0.044745 0.004461 0.998391
294.000000 -0.651703 0.828682 -9.970699 -0.035473 0.045401 0.004445 0.998329
295.000000 -0.636937 0.782504 -10.009491 -0.037757 0.044689 0.004329 0.998278
296.000000 -0.594292 0.708615 -10.051717 -0.041422 0.042592 0.004109 0.998225
297.000000 -0.538097 0.615544 -10.095114 -0.046032 0.039830 0.003830 0.998138
298.000000 -0.474780 0.509771 -10.138296 -0.051257 0.036723 0.003512 0.998004
299.000000 -0.407554 0.396215 -10.180416 -0.056848 0.033434 0.003167 0.997818
300.000000 -0.339688 0.279871 -10.220904 -0.062554 0.030126 0.002808 0.997583
301.000000 -0.274512 0.165811 -10.259500 -0.068125 0.026959 0.002452 0.997309
302.000000 -0.215396 0.059168 -10.296251 -0.073313 0.024097 0.002117 0.997016
303.000000 -0.164672 -0.036518 -10.331484 -0.077950 0.021650 0.001819 0.996721
304.000000 -0.122633 -0.120813 -10.365638 -0.082020 0.019627 0.001561 0.996436
305.000000 -0.089332 -0.193646 -10.399106 -0.085524 0.018029 0.001347 0.996172
306.000000 -0.064817 -0.254957 -10.432216 -0.088465 0.016856 0.001180 0.995936
307.000000 -0.049130 -0.304691 -10.465235 -0.090844 0.016106 0.001062 0.995734
308.000000 -0.042316 -0.342793 -10.498364 -0.092661 0.015779 0.000995 0.995572
309.000000 -0.044422 -0.369208 -10.531747 -0.093919 0.015874 0.000978 0.995453
310.000000 -0.055500 -0.383873 -10.565461 -0.094618 0.016392 0.001015 0.995378
311.000000 -0.075611 -0.386720 -10.599523 -0.094759 0.017332 0.001104 0.995349
312.000000 -0.104819 -0.377675 -10.633887 -0.094341 0.018694 0.001249 0.995364
313.000000 -0.143196 -0.356655 -10.668444 -0.093364 0.020479 0.001448 0.995420
314.000000 -0.190817 -0.323574 -10.703021 -0.091828 0.022688 0.001705 0.995515
315.000000 -0.247759 -0.278341 -10.737379 -0.089730 0.025321 0.002020 0.995642
316.000000 -0.314098 -0.220869 -10.771217 -0.087070 0.028379 0.002392 0.995795
317.000000 -0.389906 -0.151072 -10.804167 -0.083847 0.031861 0.002820 0.995965
318.000000 -0.475241 -0.068877 -10.835793 -0.080059 0.035770 0.003301 0.996143
319.000000 -0.570001 0.025632 -10.865605 -0.075712 0.040096 0.003832 0.996316
320.000000 -0.666210 0.124206 -10.893635 -0.071187 0.044477 0.004369 0.996461
321.000000 -0.757482 0.219495 -10.920341 -0.066819 0.048622 0.004873 0.996568
322.000000 -0.841394 0.308001 -10.946223 -0.062765 0.052427 0.005328 0.996636
323.000000 -0.915513 0.386194 -10.971945 -0.059183 0.055787 0.005722 0.996671
324.000000 -0.977394 0.450520 -10.998288 -0.056229 0.058596 0.006041 0.996679
325.000000 -1.024835 0.497653 -11.026069 -0.054061 0.060751 0.006276 0.996668
326.000000 -1.056228 0.525119 -11.055973 -0.052793 0.062177 0.006418 0.996647
327.000000 -1.071035 0.531966 -11.088367 -0.052464 0.062854 0.006466 0.996622
328.000000 -1.068828 0.517399 -11.123419 -0.053106 0.062768 0.006418 0.996594
329.000000 -1.049313 0.480760 -11.161074 -0.054740 0.061911 0.006270 0.996560
330.000000 -1.020274 0.429764 -11.200003 -0.057015 0.060634 0.006064 0.996512
331.000000 -0.987835 0.371181 -11.239171 -0.059623 0.059208 0.005832 0.996446
332.000000 -0.954004 0.307762 -11.278181 -0.062439 0.057724 0.005582 0.996362
333.000000 -0.920817 0.242293 -11.316713 -0.065336 0.056273 0.005328 0.996261
334.000000 -0.890338 0.177595 -11.354534 -0.068189 0.054945 0.005081 0.996145
335.000000 -0.864653 0.116515 -11.391497 -0.070873 0.053830 0.004855 0.996020
336.000000 -0.845182 0.060988 -11.427584 -0.073304 0.052989 0.004660 0.995890
337.000000 -0.832100 0.011234 -11.462899 -0.075474 0.052427 0.004498 0.995758
338.000000 -0.825446 -0.032711 -11.497541 -0.077385 0.052143 0.004371 0.995627
339.000000 -0.825259 -0.070811 -11.531590 -0.079035 0.052139 0.004280 0.995498
340.000000 -0.831465 -0.103086 -11.565110 -0.080428 0.052409 0.004224 0.995373
341.000000 -0.843526 -0.129785 -11.598179 -0.081577 0.052929 0.004203 0.995252
342.000000 -0.860775 -0.151216 -11.630864 -0.082495 0.053669 0.004213 0.995136
343.000000 -0.882537 -0.167693 -11.663218 -0.083198 0.054599 0.004251 0.995027
344.000000 -0.908129 -0.179534 -11.695285 -0.083700 0.055689 0.004314 0.994924
345.000000 -0.936863 -0.187059 -11.727105 -0.084016 0.056909 0.004400 0.994828
346.000000 -0.968057 -0.190583 -11.758715 -0.084161 0.058231 0.004504 0.994739
347.000000 -1.001025 -0.190425 -11.790156 -0.084150 0.059623 0.004623 0.994657
348.000000 -1.035074 -0.186907 -11.821468 -0.083996 0.061057 0.004755 0.994582
349.000000 -1.069501 -0.180356 -11.852699 -0.083715 0.062502 0.004896 0.994516
350.000000 -1.103710 -0.171045 -11.883893 -0.083319 0.063933 0.005043 0.994457
351.000000 -1.137575 -0.159021 -11.915058 -0.082811 0.065346 0.005196 0.994407
352.000000 -1.171092 -0.144269 -11.946188 -0.082190 0.066740 0.005355 0.994365
353.000000 -1.204260 -0.126776 -11.977279 -0.081457 0.068114 0.005520 0.994331
354.000000 -1.237073 -0.106528 -12.008321 -0.080611 0.069470 0.005691 0.994306
355.000000 -1.269531 -0.083512 -12.039305 -0.079653 0.070806 0.005868 0.994287
356.000000 -1.301628 -0.057713 -12.070219 -0.078582 0.072124 0.006053 0.994277
357.000000 -1.333363 -0.029120 -12.101048 -0.077399 0.073422 0.006243 0.994273
358.000000 -1.364732 0.002283 -12.131778 -0.076104 0.074701 0.006440 0.994277
359.000000 -1.395731 0.036507 -12.162391 -0.074696 0.075960 0.006644 0.994287
360.000000 -1.425928 0.073287 -12.192918 -0.073187 0.077183 0.006851 0.994303
361.000000 -1.450950 0.109779 -12.223890 -0.071695 0.078193 0.007040 0.994332
362.000000 -1.464255 0.141728 -12.256170 -0.070394 0.078725 0.007181 0.994382
363.000000 -1.459197 0.164812 -12.290672 -0.069459 0.078518 0.007243 0.994464
364.000000 -1.429041 0.174658 -12.328251 -0.069065 0.077307 0.007194 0.994586
365.000000 -1.368024 0.167250 -12.369419 -0.069370 0.074869 0.007007 0.994753
366.000000 -1.282586 0.143252 -12.412996 -0.070342 0.071468 0.006706 0.994937
367.000000 -1.187115 0.106366 -12.456976 -0.071828 0.067681 0.006341 0.995098
368.000000 -1.096336 0.060393 -12.499726 -0.073670 0.064089 0.005965 0.995203
369.000000 -1.025011 0.009202 -12.540074 -0.075713 0.061268 0.005628 0.995230
370.000000 -0.979113 -0.043027 -12.577874 -0.077794 0.059439 0.005360 0.995182
371.000000 -0.955311 -0.089616 -12.613702 -0.079650 0.058467 0.005170 0.995093
372.000000 -0.951304 -0.122537 -12.647987 -0.080963 0.058270 0.005077 0.994999
373.000000 -0.968026 -0.135730 -12.680833 -0.081495 0.058890 0.005102 0.994919
374.000000 -1.010975 -0.125977 -12.711798 -0.081122 0.060553 0.005272 0.994849
375.000000 -1.085213 -0.090657 -12.740155 -0.079741 0.063452 0.005609 0.994778
376.000000 -1.183603 -0.031964 -12.765830 -0.077442 0.067292 0.006084 0.994705
377.000000 -1.290889 0.044777 -12.789543 -0.074435 0.071465 0.006631 0.994640
378.000000 -1.391506 0.134224 -12.812521 -0.070933 0.075362 0.007188 0.994604
379.000000 -1.469870 0.231095 -12.836553 -0.067152 0.078380 0.007694 0.994630
380.000000 -1.519840 0.330100 -12.862738 -0.063300 0.080289 0.008123 0.994726
381.000000 -1.548556 0.425939 -12.890670 -0.059584 0.081372 0.008483 0.994865
382.000000 -1.564125 0.513311 -12.919783 -0.056206 0.081947 0.008784 0.995012
383.000000 -1.571428 0.588987 -12.949847 -0.053288 0.082206 0.009032 0.995149
384.000000 -1.570772 0.652694 -12.981055 -0.050838 0.082163 0.009226 0.995279
385.000000 -1.562120 0.704381 -13.013582 -0.048857 0.081817 0.009368 0.995405
386.000000 -1.545432 0.743995 -13.047556 -0.047345 0.081169 0.009459 0.995530
387.000000 -1.520666 0.771480 -13.083056 -0.046302 0.080219 0.009500 0.995656
388.000000 -1.487774 0.786776 -13.120112 -0.045727 0.078966 0.009491 0.995783
389.000000 -1.446705 0.789815 -13.158704 -0.045621 0.077412 0.009434 0.995910
390.000000 -1.397405 0.780528 -13.198765 -0.045984 0.075555 0.009331 0.996037
391.000000 -1.339817 0.758840 -13.240176 -0.046816 0.073395 0.009181 0.996161
392.000000 -1.274773 0.723908 -13.282724 -0.048145 0.070965 0.008985 0.996276
393.000000 -1.206103 0.672308 -13.326015 -0.050094 0.068413 0.008740 0.996360
394.000000 -1.138312 0.600038 -13.369593 -0.052807 0.065906 0.008440 0.996392
395.000000 -1.075965 0.503047 -13.412925 -0.056426 0.063616 0.008082 0.996345
396.000000 -1.023703 0.377273 -13.455319 -0.061094 0.061713 0.007662 0.996193
397.000000 -0.989873 0.222623 -13.495488 -0.066805 0.060499 0.007196 0.995904
398.000000 -0.991804 0.048606 -13.531303 -0.073199 0.060607 0.006749 0.995451
399.000000 -1.045051 -0.135064 -13.560937 -0.079919 0.062596 0.006390 0.994813
400.000000 -1.150446 -0.324196 -13.583458 -0.086817 0.066484 0.006151 0.993984
401.000000 -1.304637 -0.516058 -13.597875 -0.093799 0.072138 0.006053 0.992956
402.000000 -1.503026 -0.707188 -13.603092 -0.100743 0.079388 0.006116 0.991721
403.000000 -1.737516 -0.891706 -13.598530 -0.107432 0.087948 0.006351 0.990295
404.000000 -1.999278 -1.063156 -13.584293 -0.113627 0.097507 0.006759 0.988704
405.000000 -2.279768 -1.214957 -13.561302 -0.119090 0.107757 0.007343 0.986991
406.000000 -2.570511 -1.340593 -13.531299 -0.123588 0.118387 0.008103 0.985213
407.000000 -2.859435 -1.437695 -13.497154 -0.127037 0.128955 0.009011 0.983438
408.000000 -3.125835 -1.513525 -13.463610 -0.129709 0.138707 0.009944 0.981752
409.000000 -3.351265 -1.575253 -13.436180 -0.131873 0.146968 0.010769 0.980252
410.000000 -3.531982 -1.624301 -13.418008 -0.133587 0.153597 0.011444 0.978995
411.000000 -3.668232 -1.660642 -13.411046 -0.134853 0.158599 0.011958 0.978017
412.000000 -3.760270 -1.684301 -13.416727 -0.135676 0.161981 0.012310 0.977345
413.000000 -3.808301 -1.695314 -13.435981 -0.136057 0.163752 0.012500 0.976994
414.000000 -3.812863 -1.692849 -13.469235 -0.135971 0.163934 0.012535 0.976975
415.000000 -3.776425 -1.671823 -13.516396 -0.135235 0.162622 0.012453 0.977298
416.000000 -3.701892 -1.625660 -13.576931 -0.133615 0.159929 0.012305 0.977966
417.000000 -3.591969 -1.547482 -13.649883 -0.130872 0.155960 0.012138 0.978980
418.000000 -3.449186 -1.430041 -13.733813 -0.126760 0.150817 0.011995 0.980328
419.000000 -3.275913 -1.265747 -13.826658 -0.121022 0.144592 0.011922 0.981990
420.000000 -3.074371 -1.046809 -13.925518 -0.113397 0.137375 0.011969 0.983934
421.000000 -2.846767 -0.765258 -14.026439 -0.103619 0.129250 0.012190 0.986108
422.000000 -2.595633 -0.413501 -14.124092 -0.091439 0.120308 0.012637 0.988436
423.000000 -2.328524 0.003523 -14.210815 -0.077040 0.110811 0.013320 0.990761
424.000000 -2.058454 0.465329 -14.278964 -0.061131 0.101208 0.014200 0.992884
425.000000 -1.797118 0.945432 -14.324578 -0.044611 0.091897 0.015214 0.994652
426.000000 -1.555912 1.415355 -14.348078 -0.028439 0.083269 0.016292 0.995988
427.000000 -1.346297 1.846403 -14.354201 -0.013581 0.075723 0.017360 0.996885
428.000000 -1.177746 2.213806 -14.350928 -0.000881 0.069604 0.018338 0.997406
429.000000 -1.053830 2.504839 -14.346605 0.009209 0.065060 0.019158 0.997655
430.000000 -0.976759 2.709309 -14.348862 0.016326 0.062194 0.019758 0.997735
431.000000 -0.948814 2.816803 -14.364095 0.020097 0.061109 0.020081 0.997727
432.000000 -0.972416 2.816830 -14.396662 0.020158 0.061903 0.020084 0.997676
433.000000 -1.045480 2.711019 -14.446073 0.016577 0.064497 0.019765 0.997584
434.000000 -1.160677 2.515091 -14.506952 0.009922 0.068605 0.019168 0.997410
435.000000 -1.310479 2.245523 -14.572651 0.000784 0.073930 0.018354 0.997094
436.000000 -1.487286 1.919032 -14.636545 -0.010243 0.080179 0.017387 0.996576
437.000000 -1.684116 1.565621 -14.691502 -0.022129 0.087081 0.016362 0.995821
438.000000 -1.896768 1.234778 -14.731337 -0.033204 0.094462 0.015442 0.994855
439.000000 -2.122812 0.963989 -14.754934 -0.042225 0.102225 0.014774 0.993755
440.000000 -2.321818 0.748975 -14.771666 -0.049377 0.109020 0.014333 0.992709
441.000000 -2.457925 0.573913 -14.791688 -0.055222 0.113666 0.013996 0.991884
442.000000 -2.534060 0.440621 -14.817553 -0.059698 0.116284 0.013717 0.991325
443.000000 -2.555855 0.351599 -14.850216 -0.062703 0.117080 0.013477 0.991049
444.000000 -2.528951 0.309365 -14.889634 -0.064135 0.116255 0.013287 0.991058
445.000000 -2.459770 0.317395 -14.934920 -0.063893 0.114001 0.013178 0.991336
446.000000 -2.354570 0.379388 -14.984428 -0.061877 0.110511 0.013178 0.991859
447.000000 -2.218012 0.485250 -15.036318 -0.058435 0.105954 0.013256 0.992564
448.000000 -2.053460 0.601601 -15.089675 -0.054672 0.100469 0.013305 0.993348
449.000000 -1.867783 0.695849 -15.143986 -0.051658 0.094308 0.013248 0.994114
450.000000 -1.707945 0.775502 -15.193265 -0.049119 0.089012 0.013216 0.994731
451.000000 -1.616591 0.860045 -15.233020 -0.046396 0.085964 0.013333 0.995128
452.000000 -1.590485 0.943091 -15.265182 -0.043699 0.085050 0.013552 0.995326
453.000000 -1.600979 0.993003 -15.295241 -0.042069 0.085348 0.013722 0.995368
454.000000 -1.637649 1.007246 -15.324714 -0.041584 0.086517 0.013816 0.995286
455.000000 -1.693927 0.988874 -15.354020 -0.042142 0.088344 0.013836 0.995102
456.000000 -1.763226 0.940982 -15.383366 -0.043637 0.090615 0.013783 0.994834
457.000000 -1.839084 0.866853 -15.412894 -0.045967 0.093116 0.013660 0.994500
458.000000 -1.915505 0.770300 -15.442799 -0.049028 0.095636 0.013470 0.994117
459.000000 -1.986017 0.654492 -15.473362 -0.052716 0.097960 0.013215 0.993705
460.000000 -2.043978 0.522497 -15.504997 -0.056930 0.099877 0.012894 0.993286
461.000000 -2.082656 0.377424 -15.538247 -0.061564 0.101173 0.012499 0.992883
462.000000 -2.101744 0.230279 -15.572757 -0.066263 0.101838 0.012062 0.992518
463.000000 -2.123959 0.116541 -15.605226 -0.069887 0.102586 0.011740 0.992197
464.000000 -2.153298 0.042031 -15.635812 -0.072253 0.103544 0.011563 0.991930
465.000000 -2.189792 0.006900 -15.665034 -0.073364 0.104711 0.011535 0.991726
466.000000 -2.233470 0.011287 -15.693106 -0.073221 0.106088 0.011658 0.991589
467.000000 -2.284361 0.055326 -15.719928 -0.071823 0.107675 0.011932 0.991517
468.000000 -2.342434 0.136171 -15.745128 -0.069264 0.109471 0.012348 0.991497
469.000000 -2.407288 0.231768 -15.768463 -0.066241 0.111471 0.012828 0.991475
470.000000 -2.478371 0.312283 -15.790288 -0.063688 0.113668 0.013267 0.991387
471.000000 -2.554087 0.356318 -15.811504 -0.062273 0.116023 0.013580 0.991199
472.000000 -2.630272 0.364284 -15.833029 -0.061976 0.118404 0.013756 0.990934
473.000000 -2.702370 0.340071 -15.855597 -0.062671 0.120669 0.013801 0.990616
474.000000 -2.765818 0.287977 -15.879834 -0.064232 0.122674 0.013723 0.990271
475.000000 -2.816029 0.212437 -15.906324 -0.066537 0.124274 0.013530 0.989922
476.000000 -2.848397 0.117714 -15.935648 -0.069460 0.125327 0.013229 0.989593
477.000000 -2.858791 0.007160 -15.968317 -0.072892 0.125704 0.012820 0.989303
478.000000 -2.851647 -0.121674 -16.003236 -0.076898 0.125543 0.012298 0.989027
479.000000 -2.839298 -0.259464 -16.037920 -0.081174 0.125223 0.011723 0.988733
480.000000 -2.834614 -0.389365 -16.070302 -0.085193 0.125131 0.011187 0.988412
481.000000 -2.851667 -0.503235 -16.098382 -0.088696 0.125694 0.010755 0.988038
482.000000 -2.907274 -0.615193 -16.118915 -0.092111 0.127425 0.010425 0.987507
483.000000 -3.018478 -0.742700 -16.127559 -0.095968 0.130848 0.010188 0.986694
484.000000 -3.197023 -0.888937 -16.120234 -0.100367 0.136326 0.010070 0.985515
485.000000 -3.435052 -1.012825 -16.098399 -0.104063 0.143610 0.010230 0.984095
486.000000 -3.713369 -1.110701 -16.064488 -0.106955 0.152122 0.010646 0.982500
487.000000 -4.009696 -1.196625 -16.021266 -0.109486 0.161197 0.011207 0.980766
488.000000 -4.293160 -1.275717 -15.975682 -0.111827 0.169903 0.011788 0.979024
489.000000 -4.525755 -1.345593 -15.939508 -0.113919 0.177081 0.012259 0.977504
490.000000 -4.675551 -1.403501 -15.924936 -0.115662 0.181740 0.012500 0.976441
491.000000 -4.735885 -1.441339 -15.937345 -0.116804 0.183660 0.012524 0.975945
492.000000 -4.706656 -1.449234 -15.978890 -0.117051 0.182828 0.012390 0.976073
493.000000 -4.586951 -1.416956 -16.050196 -0.116101 0.179217 0.012152 0.976859
494.000000 -4.380278 -1.347917 -16.147509 -0.114072 0.172948 0.011792 0.978232
495.000000 -4.109825 -1.290230 -16.257091 -0.112421 0.164763 0.011125 0.979842
496.000000 -3.810142 -1.255482 -16.366742 -0.111475 0.155730 0.010236 0.981436
497.000000 -3.519056 -1.236973 -16.467415 -0.111009 0.146992 0.009320 0.982845
498.000000 -3.275154 -1.227653 -16.552661 -0.110798 0.139693 0.008549 0.983939
499.000000 -3.117660 -1.220218 -16.617975 -0.110618 0.134984 0.008072 0.984621
500.000000 -3.080511 -1.208372 -16.660205 -0.110277 0.133848 0.008016 0.984814
501.000000 -3.159438 -1.213725 -16.679511 -0.110416 0.136147 0.008274 0.984482
502.000000 -3.302230 -1.230569 -16.685091 -0.110876 0.140333 0.008670 0.983838
503.000000 -3.448014 -1.215206 -16.691154 -0.110383 0.144605 0.009195 0.983270
504.000000 -3.535210 -1.123720 -16.713631 -0.107665 0.147142 0.009862 0.983189
505.000000 -3.601388 -1.020663 -16.740216 -0.104618 0.149081 0.010519 0.983219
506.000000 -3.835168 -1.105550 -16.716723 -0.107047 0.156020 0.010905 0.981876
507.000000 -4.025035 -1.178691 -16.700887 -0.109148 0.161664 0.011174 0.980728
508.000000 -4.156594 -1.240708 -16.698209 -0.110919 0.165562 0.011291 0.979877
509.000000 -4.221303 -1.297887 -16.712149 -0.112519 0.167438 0.011215 0.979376
510.000000 -4.208391 -1.354384 -16.745646 -0.114110 0.167018 0.010908 0.979268
511.000000 -4.116064 -1.388180 -16.799433 -0.115165 0.164379 0.010457 0.979595
512.000000 -3.991316 -1.413810 -16.861126 -0.115980 0.160790 0.009910 0.980100
513.000000 -3.885721 -1.480933 -16.913931 -0.117979 0.157769 0.009220 0.980360
514.000000 -3.851673 -1.639620 -16.941171 -0.122590 0.156836 0.008366 0.979951
515.000000 -3.841260 -1.829617 -16.958332 -0.128077 0.156577 0.007470 0.979298
516.000000 -3.653067 -1.854143 -17.031489 -0.128809 0.151148 0.006699 0.980060
517.000000 -3.492907 -1.918247 -17.092267 -0.130667 0.146550 0.005825 0.980518
518.000000 -3.368700 -2.016047 -17.140245 -0.133478 0.142999 0.004920 0.980668
519.000000 -3.282763 -2.132423 -17.177146 -0.136807 0.140551 0.004074 0.980568
520.000000 -3.237327 -2.252078 -17.204796 -0.140220 0.139259 0.003377 0.980272
521.000000 -3.232802 -2.364575 -17.224819 -0.143424 0.139131 0.002882 0.979828
522.000000 -3.264456 -2.474024 -17.237696 -0.146543 0.140028 0.002547 0.979240
523.000000 -3.326435 -2.587557 -17.243366 -0.149777 0.141785 0.002331 0.978498
524.000000 -3.412850 -2.712355 -17.241478 -0.153323 0.144235 0.002190 0.977591
525.000000 -3.482459 -2.851672 -17.239274 -0.157270 0.146211 0.001927 0.976670
526.000000 -3.418965 -2.986672 -17.263322 -0.161083 0.144426 0.001097 0.976316
527.000000 -3.341243 -3.089858 -17.294507 -0.163984 0.142253 0.000330 0.976152
528.000000 -3.311017 -3.162032 -17.321306 -0.166008 0.141433 -0.000101 0.975929
529.000000 -3.288290 -3.224861 -17.347958 -0.167774 0.140834 -0.000461 0.975714
530.000000 -3.256336 -3.291613 -17.375334 -0.169662 0.139964 -0.000884 0.975512
531.000000 -3.212981 -3.367043 -17.403262 -0.171795 0.138700 -0.001410 0.975319
532.000000 -3.156618 -3.441300 -17.433456 -0.173883 0.137069 -0.001992 0.975178
533.000000 -3.087689 -3.501434 -17.468106 -0.175560 0.135122 -0.002571 0.975148
534.000000 -3.008647 -3.534061 -17.509529 -0.176462 0.132912 -0.003089 0.975288
535.000000 -2.957465 -3.529835 -17.553248 -0.176339 0.131493 -0.003328 0.975502
536.000000 -3.048662 -3.501854 -17.577392 -0.175570 0.134033 -0.002775 0.975296
537.000000 -3.157045 -3.473943 -17.597946 -0.174806 0.137043 -0.002129 0.975017
538.000000 -3.215195 -3.452667 -17.625763 -0.174223 0.138655 -0.001754 0.974894
539.000000 -3.259088 -3.427702 -17.656741 -0.173537 0.139870 -0.001437 0.974843
540.000000 -3.301675 -3.397465 -17.688855 -0.172707 0.141046 -0.001107 0.974822
541.000000 -3.344409 -3.364371 -17.721357 -0.171798 0.142224 -0.000767 0.974811
542.000000 -3.388719 -3.330860 -17.753506 -0.170877 0.143442 -0.000417 0.974795
543.000000 -3.436039 -3.299354 -17.784558 -0.170012 0.144738 -0.000061 0.974755
544.000000 -3.487805 -3.272275 -17.813768 -0.169268 0.146154 0.000296 0.974673
545.000000 -3.545463 -3.252066 -17.840384 -0.168712 0.147728 0.000651 0.974532
546.000000 -3.610465 -3.241182 -17.863632 -0.168411 0.149500 0.001001 0.974313
547.000000 -3.684181 -3.241934 -17.882750 -0.168427 0.151506 0.001340 0.974000
548.000000 -3.767117 -3.255164 -17.897370 -0.168781 0.153762 0.001667 0.973585
549.000000 -3.859299 -3.280902 -17.907326 -0.169474 0.156267 0.001981 0.973065
550.000000 -3.960741 -3.319161 -17.912410 -0.170504 0.159022 0.002281 0.972438
551.000000 -4.071448 -3.369948 -17.912376 -0.171873 0.162027 0.002567 0.971700
552.000000 -4.191416 -3.433262 -17.906934 -0.173579 0.165283 0.002837 0.970847
553.000000 -4.320625 -3.509093 -17.895755 -0.175622 0.168789 0.003091 0.969875
554.000000 -4.459040 -3.597418 -17.878470 -0.178002 0.172545 0.003329 0.968779
555.000000 -4.606604 -3.698195 -17.854673 -0.180717 0.176550 0.003551 0.967553
556.000000 -4.762564 -3.810773 -17.824229 -0.183751 0.180785 0.003757 0.966198
557.000000 -4.924026 -3.932603 -17.788011 -0.187036 0.185173 0.003946 0.964735
558.000000 -5.087686 -4.060773 -17.747245 -0.190494 0.189625 0.004116 0.963191
559.000000 -5.250257 -4.192388 -17.703352 -0.194048 0.194053 0.004266 0.961598
560.000000 -5.408481 -4.324573 -17.657951 -0.197621 0.198368 0.004394 0.959988
561.000000 -5.559155 -4.454490 -17.612858 -0.201137 0.202485 0.004499 0.958396
562.000000 -5.699158 -4.579364 -17.570073 -0.204521 0.206315 0.004579 0.956862
563.000000 -5.825420 -4.696451 -17.531753 -0.207696 0.209775 0.004630 0.955424
564.000000 -5.934905 -4.803030 -17.500178 -0.210589 0.212778 0.004648 0.954126
565.000000 -6.024596 -4.896391 -17.477712 -0.213125 0.215241 0.004631 0.953010
566.000000 -6.092132 -4.974413 -17.466356 -0.215245 0.217098 0.004575 0.952112
567.000000 -6.137210 -5.036815 -17.466802 -0.216942 0.218340 0.004477 0.951443
568.000000 -6.160542 -5.084965 -17.478763 -0.218252 0.218987 0.004333 0.950995
569.000000 -6.164089 -5.122857 -17.500579 -0.219283 0.219093 0.004127 0.950734
570.000000 -6.149939 -5.154800 -17.530314 -0.220154 0.218718 0.003846 0.950621
571.000000 -6.120163 -5.185119 -17.565940 -0.220979 0.217919 0.003476 0.950614
572.000000 -6.077264 -5.217967 -17.605277 -0.221870 0.216766 0.003007 0.950672
573.000000 -6.028960 -5.255137 -17.645032 -0.222873 0.215467 0.002476 0.950734
574.000000 -5.986492 -5.296802 -17.681265 -0.223993 0.214327 0.001953 0.950730
575.000000 -5.961214 -5.343092 -17.710140 -0.225234 0.213648 0.001509 0.950590
576.000000 -5.960856 -5.394321 -17.729024 -0.226605 0.213634 0.001189 0.950268
577.000000 -5.986770 -5.451138 -17.737239 -0.228126 0.214320 0.001001 0.949750
578.000000 -6.038875 -5.512932 -17.734813 -0.229780 0.215702 0.000948 0.949038
579.000000 -6.115664 -5.576434 -17.722955 -0.231480 0.217745 0.001045 0.948158
580.000000 -6.215436 -5.638054 -17.702997 -0.233128 0.220406 0.001305 0.947138
581.000000 -6.336536 -5.694208 -17.676263 -0.234629 0.223645 0.001743 0.946007
582.000000 -6.476980 -5.741523 -17.644172 -0.235890 0.227407 0.002369 0.944795
583.000000 -6.629583 -5.779014 -17.609348 -0.236884 0.231499 0.003147 0.943549
584.000000 -6.783766 -5.807272 -17.575428 -0.237627 0.235637 0.004001 0.942333
585.000000 -6.929030 -5.826906 -17.546383 -0.238136 0.239539 0.004859 0.941217
586.000000 -7.058597 -5.838307 -17.525103 -0.238424 0.243020 0.005669 0.940246
587.000000 -7.171983 -5.841518 -17.512180 -0.238491 0.246066 0.006426 0.939432
588.000000 -7.269305 -5.836546 -17.507917 -0.238340 0.248679 0.007130 0.938777
589.000000 -7.350651 -5.823389 -17.512559 -0.237971 0.250860 0.007782 0.938285
590.000000 -7.416079 -5.802034 -17.526298 -0.237386 0.252611 0.008383 0.937958
591.000000 -7.465622 -5.772448 -17.549273 -0.236584 0.253932 0.008933 0.937799
592.000000 -7.499279 -5.734584 -17.581569 -0.235566 0.254824 0.009433 0.937808
593.000000 -7.517018 -5.688377 -17.623225 -0.234333 0.255287 0.009884 0.937987
594.000000 -7.518773 -5.633743 -17.674225 -0.232883 0.255321 0.010285 0.938334
595.000000 -7.504446 -5.570584 -17.734503 -0.231215 0.254926 0.010638 0.938850
596.000000 -7.473903 -5.498786 -17.803940 -0.229331 0.254100 0.010944 0.939532
597.000000 -7.426981 -5.418220 -17.882366 -0.227227 0.252842 0.011201 0.940379
598.000000 -7.363486 -5.328745 -17.969551 -0.224903 0.251150 0.011412 0.941388
599.000000 -7.283198 -5.230209 -18.065208 -0.222357 0.249022 0.011576 0.942556
600.000000 -7.185872 -5.122455 -18.168989 -0.219588 0.246457 0.011693 0.943877
601.000000 -7.071246 -5.005320 -18.280482 -0.216595 0.243451 0.011765 0.945346
602.000000 -6.939035 -4.878651 -18.399204 -0.213375 0.240002 0.011792 0.946959
603.000000 -6.788946 -4.742307 -18.524603 -0.209929 0.236109 0.011775 0.948707
604.000000 -6.620681 -4.596160 -18.656051 -0.206255 0.231767 0.011718 0.950582
605.000000 -6.434927 -4.441264 -18.792235 -0.202381 0.227002 0.011620 0.952563
606.000000 -6.235756 -4.282721 -18.929842 -0.198439 0.221921 0.011478 0.954590
607.000000 -6.028089 -4.126626 -19.065469 -0.194578 0.216654 0.011284 0.956595
608.000000 -5.817007 -3.979228 -19.196124 -0.190951 0.211330 0.011034 0.958517
609.000000 -5.607746 -3.846893 -19.319222 -0.187711 0.206079 0.010722 0.960303
610.000000 -5.405661 -3.736067 -19.432550 -0.185011 0.201034 0.010340 0.961899
611.000000 -5.216150 -3.653215 -19.534186 -0.183005 0.196327 0.009880 0.963259
612.000000 -5.044756 -3.603980 -19.622531 -0.181825 0.192090 0.009342 0.964341
613.000000 -4.898047 -3.584508 -19.697520 -0.181372 0.188480 0.008776 0.965144
614.000000 -4.783219 -3.585012 -19.759941 -0.181400 0.185664 0.008263 0.965689
615.000000 -4.706455 -3.594218 -19.811008 -0.181634 0.183785 0.007884 0.966007
616.000000 -4.670414 -3.596507 -19.853408 -0.181695 0.182901 0.007724 0.966165
617.000000 -4.676942 -3.575296 -19.889940 -0.181184 0.183047 0.007868 0.966232
618.000000 -4.726486 -3.518163 -19.922605 -0.179799 0.184229 0.008378 0.966262
619.000000 -4.816221 -3.422634 -19.951914 -0.177479 0.186374 0.009257 0.966271
620.000000 -4.942871 -3.287656 -19.977786 -0.174195 0.189396 0.010496 0.966269
621.000000 -5.103197 -3.112110 -19.999750 -0.169918 0.193213 0.012085 0.966256
622.000000 -5.293867 -2.895735 -20.016877 -0.164636 0.197740 0.014006 0.966229
623.000000 -5.510519 -2.647925 -20.026950 -0.158572 0.202868 0.016190 0.966146
624.000000 -5.748167 -2.383886 -20.027572 -0.152093 0.208481 0.018535 0.965950
625.000000 -6.000587 -2.118230 -20.017648 -0.145552 0.214435 0.020934 0.965606
626.000000 -6.258978 -1.864107 -19.998040 -0.139269 0.220525 0.023277 0.965107
627.000000 -6.514157 -1.634455 -19.970841 -0.133561 0.226543 0.025457 0.964464
628.000000 -6.758373 -1.438128 -19.938949 -0.128650 0.232313 0.027394 0.963706
629.000000 -6.989987 -1.274196 -19.904333 -0.124518 0.237800 0.029088 0.962861
630.000000 -7.211125 -1.140396 -19.867580 -0.121111 0.243056 0.030564 0.961936
631.000000 -7.424143 -1.034491 -19.828937 -0.118377 0.248138 0.031842 0.960937
632.000000 -7.631402 -0.954251 -19.788374 -0.116261 0.253102 0.032943 0.959863
633.000000 -7.835265 -0.897448 -19.745610 -0.114709 0.258003 0.033885 0.958712
634.000000 -8.038048 -0.861865 -19.700105 -0.113668 0.262898 0.034685 0.957476
635.000000 -8.243178 -0.846010 -19.650570 -0.113099 0.267870 0.035359 0.956140
636.000000 -8.456588 -0.849836 -19.594340 -0.112999 0.273067 0.035919 0.954660
637.000000 -8.684605 -0.873426 -19.528205 -0.113364 0.278646 0.036378 0.952985
638.000000 -8.933481 -0.916824 -19.448555 -0.114193 0.284765 0.036749 0.951062
639.000000 -9.206668 -0.979949 -19.352593 -0.115483 0.291512 0.037036 0.948848
640.000000 -9.504403 -1.062611 -19.238688 -0.117233 0.298902 0.037236 0.946323
641.000000 -9.826689 -1.164611 -19.105074 -0.119442 0.306944 0.037346 0.943464
642.000000 -10.173434 -1.285717 -18.949778 -0.122111 0.315646 0.037361 0.940245
643.000000 -10.544409 -1.425633 -18.770636 -0.125241 0.325016 0.037277 0.936637
644.000000 -10.939201 -1.583983 -18.565298 -0.128832 0.335059 0.037091 0.932610
645.000000 -11.357155 -1.760288 -18.331264 -0.132885 0.345777 0.036798 0.928130
646.000000 -11.797318 -1.953953 -18.065914 -0.137397 0.357169 0.036398 0.923162
647.000000 -12.258289 -2.164207 -17.766631 -0.142368 0.369224 0.035889 0.917669
648.000000 -12.734448 -2.389022 -17.433738 -0.147767 0.381825 0.035270 0.911664
649.000000 -13.215012 -2.624866 -17.072259 -0.153530 0.394716 0.034534 0.905227
650.000000 -13.689330 -2.868237 -16.688769 -0.159592 0.407632 0.033672 0.898461
651.000000 -14.147459 -3.115840 -16.291129 -0.165888 0.420315 0.032675 0.891487
652.000000 -14.580321 -3.364641 -15.888395 -0.172354 0.432513 0.031534 0.884439
653.000000 -14.979864 -3.611936 -15.490661 -0.178929 0.443983 0.030233 0.877468
654.000000 -15.339108 -3.855379 -15.108846 -0.185551 0.454493 0.028756 0.870735
655.000000 -15.651973 -4.092975 -14.754453 -0.192163 0.463819 0.027082 0.864414
656.000000 -15.913112 -4.323062 -14.439329 -0.198707 0.471749 0.025185 0.858682
657.000000 -16.117736 -4.544296 -14.175329 -0.205130 0.478077 0.023036 0.853717
658.000000 -16.264320 -4.756392 -13.970261 -0.211401 0.482697 0.020607 0.849640
659.000000 -16.357223 -4.960345 -13.823633 -0.217520 0.485695 0.017890 0.846443
660.000000 -16.403929 -5.157291 -13.729541 -0.223494 0.487267 0.014908 0.844037
661.000000 -16.411522 -5.348311 -13.681060 -0.229329 0.487614 0.011688 0.842320
662.000000 -16.386524 -5.534399 -13.670905 -0.235031 0.486932 0.008265 0.841183
663.000000 -16.335091 -5.716429 -13.691614 -0.240608 0.485409 0.004673 0.840514
664.000000 -16.263126 -5.895125 -13.735690 -0.246066 0.483231 0.000955 0.840202
665.000000 -16.176388 -6.071063 -13.795704 -0.251412 0.480583 -0.002848 0.840133
666.000000 -16.080670 -6.244682 -13.864338 -0.256655 0.477648 -0.006689 0.840200
667.000000 -15.981884 -6.416305 -13.934424 -0.261802 0.474609 -0.010519 0.840294
668.000000 -15.886067 -6.586155 -13.998969 -0.266864 0.471651 -0.014286 0.840312
669.000000 -15.797295 -6.754309 -14.053539 -0.271848 0.468894 -0.017951 0.840188
670.000000 -15.716217 -6.919964 -14.098091 -0.276735 0.466356 -0.021493 0.839921
671.000000 -15.643485 -7.080648 -14.133437 -0.281457 0.464058 -0.024867 0.839532
672.000000 -15.579789 -7.233633 -14.160557 -0.285939 0.462022 -0.028020 0.839041
673.000000 -15.525801 -7.376193 -14.180532 -0.290109 0.460271 -0.030904 0.838470
674.000000 -15.482167 -7.505619 -14.194520 -0.293891 0.458830 -0.033468 0.837844
675.000000 -15.449506 -7.619251 -14.203738 -0.297213 0.457723 -0.035664 0.837187
676.000000 -15.428402 -7.714500 -14.209419 -0.300003 0.456972 -0.037440 0.836524
677.000000 -15.419422 -7.788807 -14.212781 -0.302189 0.456602 -0.038749 0.835880
678.000000 -15.423120 -7.839633 -14.214979 -0.303698 0.456636 -0.039539 0.835277
679.000000 -15.440042 -7.864459 -14.217060 -0.304459 0.457094 -0.039761 0.834739
680.000000 -15.470555 -7.861467 -14.219722 -0.304418 0.457991 -0.039379 0.834280
681.000000 -15.514166 -7.829142 -14.224235 -0.303530 0.459313 -0.038370 0.833924
682.000000 -15.569665 -7.764218 -14.233385 -0.301697 0.461026 -0.036692 0.833719
683.000000 -15.635858 -7.663117 -14.249819 -0.298811 0.463093 -0.034299 0.833715
684.000000 -15.711621 -7.522031 -14.275841 -0.294763 0.465475 -0.031145 0.833953
685.000000 -15.795894 -7.336899 -14.313319 -0.289434 0.468131 -0.027179 0.834472
686.000000 -15.887622 -7.103912 -14.363378 -0.282716 0.471011 -0.022359 0.835296
687.000000 -15.985076 -6.825774 -14.424091 -0.274694 0.474038 -0.016757 0.836391
688.000000 -16.085970 -6.510107 -14.491756 -0.265591 0.477116 -0.010533 0.837682
689.000000 -16.187916 -6.164859 -14.563085 -0.255641 0.480150 -0.003849 0.839100
690.000000 -16.288434 -5.798273 -14.635435 -0.245086 0.483050 0.003127 0.840586
691.000000 -16.385447 -5.420258 -14.705919 -0.234209 0.485750 0.010212 0.842074
692.000000 -16.477522 -5.042895 -14.771238 -0.223361 0.488210 0.017194 0.843484
693.000000 -16.563223 -4.678643 -14.829265 -0.212900 0.490404 0.023862 0.844753
694.000000 -16.641083 -4.340215 -14.879085 -0.203189 0.492315 0.030003 0.845837
695.000000 -16.709626 -4.040497 -14.920813 -0.194595 0.493935 0.035404 0.846704
696.000000 -16.767443 -3.791992 -14.955374 -0.187472 0.495264 0.039862 0.847336
697.000000 -16.813874 -3.600348 -14.984861 -0.181979 0.496315 0.043292 0.847750
698.000000 -16.848840 -3.466047 -15.011552 -0.178127 0.497108 0.045699 0.847978
699.000000 -16.872305 -3.389330 -15.037050 -0.175919 0.497654 0.047089 0.848042
700.000000 -16.884240 -3.370424 -15.062262 -0.175356 0.497964 0.047468 0.847956
701.000000 -16.884564 -3.409791 -15.087407 -0.176442 0.498036 0.046845 0.847723
702.000000 -16.873088 -3.508334 -15.112018 -0.179185 0.497865 0.045238 0.847335
703.000000 -16.846456 -3.663319 -15.139299 -0.183494 0.497343 0.042711 0.846850
704.000000 -16.714070 -3.786406 -15.289337 -0.187015 0.493825 0.040148 0.848263
705.000000 -16.502305 -3.987015 -15.500911 -0.192729 0.488243 0.035893 0.850404
706.000000 -16.250625 -4.301003 -15.714923 -0.201485 0.481732 0.029659 0.852325
707.000000 -15.974943 -4.690826 -15.917809 -0.212161 0.474654 0.022185 0.853931
708.000000 -15.691842 -5.116974 -16.099785 -0.223639 0.467389 0.014197 0.855179
709.000000 -15.420592 -5.540293 -16.255999 -0.234822 0.460355 0.006403 0.856090
710.000000 -15.170337 -5.930649 -16.388936 -0.245025 0.453798 -0.000790 0.856755
711.000000 -14.939347 -6.279006 -16.506324 -0.254081 0.447700 -0.007321 0.857294
712.000000 -14.725027 -6.580466 -16.616131 -0.261874 0.442016 -0.013138 0.857829
713.000000 -14.527679 -6.834955 -16.721403 -0.268406 0.436779 -0.018212 0.858400
714.000000 -14.444121 -7.134743 -16.702755 -0.276121 0.434422 -0.022981 0.857034
715.000000 -14.439541 -7.355220 -16.645017 -0.281828 0.434127 -0.026038 0.855236
716.000000 -14.465738 -7.456239 -16.611299 -0.284471 0.434715 -0.027226 0.854024
717.000000 -14.501844 -7.476166 -16.604858 -0.285022 0.435631 -0.027215 0.853374
718.000000 -14.527411 -7.452935 -16.626933 -0.284444 0.436315 -0.026687 0.853234
719.000000 -14.522495 -7.423149 -16.678470 -0.283670 0.436224 -0.026318 0.853550
720.000000 -14.475687 -7.407204 -16.760054 -0.283221 0.435052 -0.026493 0.854292
721.000000 -14.385858 -7.406312 -16.871436 -0.283124 0.432778 -0.027238 0.855454
722.000000 -14.252392 -7.420777 -17.011796 -0.283379 0.429402 -0.028543 0.857027
723.000000 -14.090572 -7.443062 -17.170166 -0.283797 0.425330 -0.030162 0.858862
724.000000 -13.944015 -7.451430 -17.319616 -0.283872 0.421677 -0.031461 0.860590
725.000000 -13.841558 -7.431304 -17.444205 -0.283279 0.419158 -0.032044 0.861994
726.000000 -13.784223 -7.381895 -17.544729 -0.282012 0.417780 -0.031910 0.863082
727.000000 -13.770439 -7.303773 -17.622842 -0.280090 0.417489 -0.031086 0.863879
728.000000 -13.798108 -7.197789 -17.679721 -0.277530 0.418225 -0.029596 0.864401
729.000000 -13.864516 -7.065043 -17.716099 -0.274345 0.419929 -0.027467 0.864662
730.000000 -13.967274 -6.906341 -17.732363 -0.270544 0.422546 -0.024732 0.864667
731.000000 -14.104452 -6.722196 -17.728637 -0.266132 0.426015 -0.021426 0.864422
732.000000 -14.273714 -6.513369 -17.704996 -0.261120 0.430270 -0.017589 0.863930
733.000000 -14.455859 -6.288997 -17.672117 -0.255713 0.434829 -0.013483 0.863338
734.000000 -14.603658 -6.071830 -17.660373 -0.250453 0.438525 -0.009740 0.863061
735.000000 -14.686773 -5.876393 -17.691421 -0.245704 0.440612 -0.006758 0.863392
736.000000 -14.710373 -5.706081 -17.761372 -0.241564 0.441226 -0.004524 0.864261
737.000000 -14.693342 -5.567117 -17.853339 -0.238192 0.440838 -0.002958 0.865400
738.000000 -14.652633 -5.464336 -17.952383 -0.235704 0.439869 -0.001985 0.866577
739.000000 -14.596139 -5.397033 -18.052755 -0.234075 0.438516 -0.001538 0.867704
740.000000 -14.530190 -5.363398 -18.150227 -0.233256 0.436933 -0.001551 0.868722
741.000000 -14.461074 -5.361541 -18.240458 -0.233197 0.435274 -0.001960 0.869570
742.000000 -14.394958 -5.389466 -18.319048 -0.233846 0.433689 -0.002703 0.870186
743.000000 -14.338146 -5.445163 -18.381540 -0.235155 0.432330 -0.003715 0.870505
744.000000 -14.297191 -5.526682 -18.423411 -0.237075 0.431349 -0.004931 0.870465
745.000000 -14.278586 -5.631987 -18.440165 -0.239556 0.430893 -0.006283 0.870003
746.000000 -14.280966 -5.756552 -18.434012 -0.242494 0.430926 -0.007726 0.869160
747.000000 -14.290688 -5.892167 -18.417758 -0.245693 0.431125 -0.009249 0.868148
748.000000 -14.296255 -6.032389 -18.402181 -0.248996 0.431219 -0.010843 0.867141
749.000000 -14.300636 -6.168126 -18.387930 -0.252188 0.431282 -0.012369 0.866166
750.000000 -14.336981 -6.242355 -18.368738 -0.253941 0.432114 -0.012940 0.865231
751.000000 -14.442839 -6.188879 -18.338081 -0.252716 0.434624 -0.011542 0.864352
752.000000 -14.605991 -6.016458 -18.300462 -0.248706 0.438509 -0.008347 0.863589
753.000000 -14.791392 -5.768477 -18.265705 -0.242908 0.442911 -0.004084 0.863023
754.000000 -14.964647 -5.486997 -18.245691 -0.236303 0.446994 0.000507 0.862761
755.000000 -15.092234 -5.212974 -18.255154 -0.229851 0.449974 0.004694 0.862942
756.000000 -15.166408 -4.963119 -18.297010 -0.223943 0.451692 0.008223 0.863572
757.000000 -15.203547 -4.731261 -18.360860 -0.218442 0.452538 0.011296 0.864503
758.000000 -15.221419 -4.509872 -18.434892 -0.213186 0.452923 0.014131 0.865571
759.000000 -15.233210 -4.299421 -18.508790 -0.208199 0.453147 0.016804 0.866619
760.000000 -15.223753 -4.148405 -18.584914 -0.204641 0.452869 0.018621 0.867575
761.000000 -15.163803 -4.118489 -18.674955 -0.203964 0.451450 0.018654 0.868472
762.000000 -15.061414 -4.202969 -18.773642 -0.205978 0.449096 0.017064 0.869249
763.000000 -14.947842 -4.359265 -18.863547 -0.209644 0.446515 0.014574 0.869748
764.000000 -14.854650 -4.543663 -18.928405 -0.213926 0.444414 0.011887 0.869822
765.000000 -14.812354 -4.713031 -18.954699 -0.217832 0.443479 0.009661 0.869358
766.000000 -14.824418 -4.850239 -18.944913 -0.220981 0.443784 0.008105 0.868422
767.000000 -14.869709 -4.962148 -18.914473 -0.223543 0.444848 0.007035 0.867231
768.000000 -14.926069 -5.056711 -18.878962 -0.225703 0.446164 0.006247 0.866001
769.000000 -14.971525 -5.141701 -18.853923 -0.227644 0.447227 0.005525 0.864948
770.000000 -14.984504 -5.224588 -18.854763 -0.229538 0.447544 0.004644 0.864289
771.000000 -14.952297 -5.309697 -18.890487 -0.231485 0.446824 0.003465 0.864147
772.000000 -14.873883 -5.397325 -18.961415 -0.233487 0.445048 0.001974 0.864530
773.000000 -14.750115 -5.487218 -19.066024 -0.235532 0.442244 0.000180 0.865416
774.000000 -14.612695 -5.570116 -19.181494 -0.237405 0.439138 -0.001615 0.866484
775.000000 -14.506979 -5.633175 -19.277192 -0.238821 0.436756 -0.002989 0.867295
776.000000 -14.438271 -5.676395 -19.350228 -0.239790 0.435207 -0.003913 0.867802
777.000000 -14.405959 -5.701734 -19.401323 -0.240360 0.434469 -0.004413 0.868012
778.000000 -14.409260 -5.711233 -19.430927 -0.240582 0.434517 -0.004516 0.867925
779.000000 -14.446753 -5.707108 -19.439233 -0.240503 0.435328 -0.004250 0.867542
780.000000 -14.516735 -5.691598 -19.426207 -0.240167 0.436877 -0.003646 0.866859
781.000000 -14.618159 -5.666691 -19.391635 -0.239619 0.439140 -0.002735 0.865870
782.000000 -14.749939 -5.634416 -19.335171 -0.238902 0.442090 -0.001548 0.864569
783.000000 -14.909465 -5.597300 -19.257313 -0.238071 0.445670 -0.000127 0.862960
784.000000 -15.063025 -5.566848 -19.180328 -0.237381 0.449124 0.001187 0.861358
785.000000 -15.165009 -5.557257 -19.136574 -0.237157 0.451424 0.001936 0.860214
786.000000 -15.216965 -5.564455 -19.127154 -0.237313 0.452601 0.002174 0.859552
787.000000 -15.232704 -5.577007 -19.144924 -0.237592 0.452964 0.002121 0.859284
788.000000 -15.226226 -5.583202 -19.182258 -0.237731 0.452826 0.002007 0.859319
789.000000 -15.211554 -5.571213 -19.231433 -0.237464 0.452501 0.002059 0.859563
790.000000 -15.200937 -5.532516 -19.285168 -0.236606 0.452260 0.002450 0.859926
791.000000 -15.202761 -5.465685 -19.337084 -0.235126 0.452288 0.003246 0.860314
792.000000 -15.224850 -5.370294 -19.380813 -0.233014 0.452759 0.004499 0.860635
793.000000 -15.270768 -5.249573 -19.412184 -0.230337 0.453751 0.006190 0.860823
794.000000 -15.336627 -5.113074 -19.431108 -0.227304 0.455176 0.008184 0.860860
795.000000 -15.417511 -4.971223 -19.438262 -0.224143 0.456929 0.010329 0.860738
796.000000 -15.502549 -4.839171 -19.438207 -0.221189 0.458772 0.012381 0.860494
797.000000 -15.580904 -4.729789 -19.436597 -0.218732 0.460474 0.014124 0.860187
798.000000 -15.645457 -4.651574 -19.437595 -0.216964 0.461882 0.015420 0.859857
799.000000 -15.689279 -4.612872 -19.445418 -0.216076 0.462846 0.016130 0.859549
800.000000 -15.707324 -4.618588 -19.463443 -0.216182 0.463257 0.016169 0.859300
801.000000 -15.698356 -4.666583 -19.493273 -0.217236 0.463085 0.015557 0.859138
802.000000 -15.661490 -4.753958 -19.535943 -0.219168 0.462309 0.014327 0.859087
803.000000 -15.600081 -4.874233 -19.589614 -0.221828 0.461001 0.012575 0.859135
804.000000 -15.525029 -5.014523 -19.648026 -0.224921 0.459397 0.010517 0.859217
805.000000 -15.447978 -5.161160 -19.705002 -0.228140 0.457748 0.008377 0.859272
806.000000 -15.377700 -5.301492 -19.756945 -0.231209 0.456242 0.006352 0.859270
807.000000 -15.314030 -5.431347 -19.805357 -0.234039 0.454875 0.004487 0.859241
808.000000 -15.252664 -5.551292 -19.853670 -0.236644 0.453555 0.002752 0.859232
809.000000 -15.189194 -5.661973 -19.905245 -0.239040 0.452188 0.001115 0.859293
810.000000 -15.119168 -5.764040 -19.963365 -0.241241 0.450681 -0.000456 0.859470
811.000000 -15.038120 -5.858127 -20.031219 -0.243260 0.448939 -0.001995 0.859810
812.000000 -14.941547 -5.944852 -20.111888 -0.245111 0.446868 -0.003537 0.860359
813.000000 -14.826998 -6.025807 -20.206457 -0.246826 0.444418 -0.005115 0.861129
814.000000 -14.700115 -6.106376 -20.308832 -0.248519 0.441713 -0.006759 0.862022
815.000000 -14.568743 -6.192916 -20.411187 -0.250327 0.438918 -0.008489 0.862911
816.000000 -14.443251 -6.291574 -20.504214 -0.252378 0.436249 -0.010309 0.863647
817.000000 -14.334796 -6.407436 -20.578662 -0.254782 0.433934 -0.012200 0.864083
818.000000 -14.236194 -6.533295 -20.641958 -0.257383 0.431820 -0.014125 0.864341
819.000000 -14.126457 -6.652844 -20.713632 -0.259835 0.429475 -0.016041 0.864742
820.000000 -13.988106 -6.752547 -20.809554 -0.261851 0.426546 -0.017918 0.865547
821.000000 -13.826185 -6.836039 -20.924454 -0.263509 0.423148 -0.019769 0.866670
822.000000 -13.653572 -6.912952 -21.046046 -0.265020 0.419553 -0.021616 0.867913
823.000000 -13.481467 -6.992318 -21.164068 -0.266571 0.415985 -0.023477 0.869106
824.000000 -13.312963 -7.079528 -21.275180 -0.268269 0.412495 -0.025381 0.870193
825.000000 -13.149134 -7.179035 -21.377612 -0.270198 0.409093 -0.027360 0.871141
826.000000 -12.988659 -7.292751 -21.471528 -0.272397 0.405749 -0.029438 0.871952
827.000000 -12.821682 -7.412882 -21.565278 -0.274702 0.402270 -0.031607 0.872765
828.000000 -12.654698 -7.541332 -21.653993 -0.277158 0.398789 -0.033850 0.873502
829.000000 -12.508425 -7.689534 -21.721471 -0.280015 0.395713 -0.036142 0.873898
830.000000 -12.399780 -7.865935 -21.755084 -0.283461 0.393371 -0.038448 0.873745
831.000000 -12.321969 -8.060705 -21.762237 -0.287300 0.391630 -0.040717 0.873170
832.000000 -12.260266 -8.258156 -21.757091 -0.291205 0.390205 -0.042900 0.872410
833.000000 -12.203875 -8.451658 -21.748417 -0.295033 0.388884 -0.045012 0.871607
834.000000 -12.146877 -8.645866 -21.737889 -0.298870 0.387541 -0.047133 0.870785
835.000000 -12.083741 -8.845928 -21.726537 -0.302812 0.386059 -0.049347 0.869959
836.000000 -12.025439 -9.019639 -21.721545 -0.306223 0.384694 -0.051293 0.869257
837.000000 -11.976709 -9.138588 -21.733017 -0.308541 0.383576 -0.052687 0.868847
838.000000 -11.917635 -9.242811 -21.755817 -0.310547 0.382264 -0.054022 0.868629
839.000000 -11.854970 -9.341029 -21.782488 -0.312426 0.380885 -0.055332 0.868479
840.000000 -11.795566 -9.441877 -21.805480 -0.314365 0.379564 -0.056648 0.868272
841.000000 -11.746065 -9.554663 -21.817161 -0.316551 0.378428 -0.057994 0.867885
842.000000 -11.713216 -9.688399 -21.809999 -0.319163 0.377600 -0.059395 0.867194
843.000000 -11.699323 -9.839477 -21.784028 -0.322143 0.377117 -0.060808 0.866204
844.000000 -11.700505 -9.991398 -21.748487 -0.325160 0.376926 -0.062118 0.865066
845.000000 -11.712434 -10.127237 -21.713502 -0.327875 0.376967 -0.063209 0.863944
846.000000 -11.716443 -10.269708 -21.678668 -0.330714 0.376835 -0.064417 0.862829
847.000000 -11.710085 -10.448045 -21.631044 -0.334254 0.376437 -0.066020 0.861516
848.000000 -11.718221 -10.626200 -21.573928 -0.337817 0.376322 -0.067515 0.860060
849.000000 -11.737875 -10.801028 -21.510445 -0.341338 0.376435 -0.068895 0.858510
850.000000 -11.762521 -10.974826 -21.443003 -0.344850 0.376644 -0.070227 0.856904
851.000000 -11.785051 -11.150860 -21.373797 -0.348409 0.376803 -0.071594 0.855281
852.000000 -11.798508 -11.332477 -21.304846 -0.352069 0.376765 -0.073083 0.853671
853.000000 -11.799691 -11.521196 -21.236990 -0.355853 0.376464 -0.074738 0.852090
854.000000 -11.793654 -11.709318 -21.171499 -0.359615 0.376012 -0.076451 0.850557
855.000000 -11.786706 -11.887340 -21.110227 -0.363176 0.375551 -0.078088 0.849098
856.000000 -11.785101 -12.045831 -21.055348 -0.366360 0.375225 -0.079513 0.847741
857.000000 -11.795039 -12.175431 -21.009287 -0.368991 0.375178 -0.080587 0.846518
858.000000 -11.812353 -12.277324 -20.974274 -0.371085 0.375325 -0.081353 0.845464
859.000000 -11.825287 -12.367994 -20.947706 -0.372948 0.375402 -0.082058 0.844541
860.000000 -11.832310 -12.456029 -20.925572 -0.374747 0.375364 -0.082791 0.843690
861.000000 -11.835133 -12.543738 -20.905617 -0.376527 0.375243 -0.083556 0.842875
862.000000 -11.839908 -12.624426 -20.888464 -0.378163 0.375179 -0.084236 0.842103
863.000000 -11.850658 -12.694483 -20.874154 -0.379589 0.375261 -0.084763 0.841372
864.000000 -11.864220 -12.761182 -20.860098 -0.380951 0.375405 -0.085233 0.840644
865.000000 -11.876120 -12.833673 -20.843161 -0.382428 0.375501 -0.085770 0.839876
866.000000 -11.881873 -12.921140 -20.820085 -0.384199 0.375437 -0.086501 0.839021
867.000000 -11.876954 -13.032856 -20.787434 -0.386440 0.375103 -0.087554 0.838031
868.000000 -11.866988 -13.167746 -20.742231 -0.389140 0.374612 -0.088869 0.836862
869.000000 -11.866114 -13.308034 -20.687267 -0.391972 0.374288 -0.090153 0.835547
870.000000 -11.881673 -13.438711 -20.627914 -0.394650 0.374311 -0.091199 0.834162
871.000000 -11.918309 -13.550152 -20.567929 -0.396989 0.374800 -0.091869 0.832758
872.000000 -11.976188 -13.641725 -20.507834 -0.398976 0.375764 -0.092146 0.831342
873.000000 -12.015326 -13.736471 -20.455778 -0.400987 0.376343 -0.092622 0.830058
874.000000 -11.943828 -13.890834 -20.427525 -0.403955 0.374543 -0.094725 0.829195
875.000000 -11.900088 -14.024284 -20.395929 -0.406559 0.373351 -0.096368 0.828270
876.000000 -11.871895 -14.133299 -20.371129 -0.408701 0.372533 -0.097634 0.827436
877.000000 -11.843086 -14.216531 -20.363958 -0.410314 0.371768 -0.098667 0.826859
878.000000 -11.798222 -14.272238 -20.385024 -0.411332 0.370737 -0.099613 0.826703
879.000000 -11.765243 -14.327784 -20.399323 -0.412392 0.369906 -0.100467 0.826443
880.000000 -11.744234 -14.408857 -20.388376 -0.413995 0.369265 -0.101422 0.825812
881.000000 -11.686637 -14.510146 -20.383742 -0.415908 0.367839 -0.102924 0.825301
882.000000 -11.567127 -14.627251 -20.402528 -0.417970 0.365122 -0.105191 0.825180
883.000000 -11.471971 -14.736259 -20.412487 -0.419913 0.362916 -0.107135 0.824917
884.000000 -11.507382 -14.781120 -20.394561 -0.420901 0.363518 -0.107180 0.824142
885.000000 -11.528614 -14.844066 -20.370790 -0.422227 0.363793 -0.107524 0.823297
886.000000 -11.542229 -14.930661 -20.333754 -0.424014 0.363842 -0.108161 0.822272
887.000000 -11.558315 -15.044272 -20.275154 -0.426357 0.363852 -0.109020 0.820942
888.000000 -11.587520 -15.187105 -20.186146 -0.429332 0.364045 -0.110004 0.819173
889.000000 -11.603829 -15.329446 -20.103242 -0.432268 0.363979 -0.111121 0.817506
890.000000 -11.606220 -15.445711 -20.046930 -0.434641 0.363703 -0.112151 0.816229
891.000000 -11.644095 -15.539485 -19.986450 -0.436659 0.364211 -0.112599 0.814862
892.000000 -11.744168 -15.577926 -19.931895 -0.437728 0.366142 -0.111870 0.813523
893.000000 -11.806587 -15.594852 -19.915751 -0.438254 0.367368 -0.111339 0.812759
894.000000 -11.815802 -15.614830 -19.928526 -0.438694 0.367502 -0.111413 0.812451
895.000000 -11.819966 -15.636937 -19.942506 -0.439164 0.367529 -0.111565 0.812164
896.000000 -11.837041 -15.694726 -19.920657 -0.440396 0.367723 -0.111901 0.811362
897.000000 -11.825801 -15.752785 -19.915645 -0.441539 0.367347 -0.112544 0.810823
898.000000 -11.790550 -15.804332 -19.930405 -0.442473 0.366489 -0.113394 0.810583
899.000000 -11.744355 -15.857343 -19.950462 -0.443406 0.365393 -0.114386 0.810429
900.000000 -11.698832 -15.920592 -19.961473 -0.444550 0.364285 -0.115465 0.810148
901.000000 -11.666113 -16.002296 -19.949092 -0.446118 0.363389 -0.116574 0.809529
902.000000 -11.650327 -16.147606 -19.875049 -0.449028 0.362639 -0.118077 0.808038
903.000000 -11.635339 -16.334644 -19.764992 -0.452790 0.361765 -0.119955 0.806051
904.000000 -11.590075 -16.501474 -19.687342 -0.456052 0.360324 -0.121994 0.804550
905.000000 -11.526415 -16.607876 -19.669614 -0.458024 0.358691 -0.123691 0.803900
906.000000 -11.447531 -16.653678 -19.710842 -0.458713 0.356945 -0.125019 0.804079
907.000000 -11.413282 -16.710254 -19.716043 -0.459769 0.356083 -0.125941 0.803714
908.000000 -11.435390 -16.817303 -19.645221 -0.462042 0.356194 -0.126671 0.802245
909.000000 -11.473710 -16.947467 -19.544804 -0.464835 0.356538 -0.127424 0.800357
910.000000 -11.501544 -17.070799 -19.455968 -0.467441 0.356688 -0.128228 0.798643
911.000000 -11.502322 -17.165490 -19.407547 -0.469366 0.356378 -0.129084 0.797513
912.000000 -11.467608 -17.209415 -19.424202 -0.470137 0.355516 -0.129896 0.797312
913.000000 -11.462620 -17.179115 -19.487767 -0.469505 0.355518 -0.129688 0.797717
914.000000 -11.518618 -17.139687 -19.522651 -0.468903 0.356797 -0.128672 0.797665
915.000000 -11.590449 -17.157951 -19.497156 -0.469534 0.358206 -0.127987 0.796772
916.000000 -11.691593 -17.226915 -19.409104 -0.471291 0.360051 -0.127400 0.794995
917.000000 -11.797549 -17.327734 -19.288905 -0.473710 0.361893 -0.127042 0.792776
918.000000 -11.832755 -17.426730 -19.213052 -0.475845 0.362287 -0.127532 0.791236
919.000000 -11.804373 -17.527414 -19.174312 -0.477798 0.361366 -0.128816 0.790272
920.000000 -11.745898 -17.622616 -19.158255 -0.479537 0.359844 -0.130415 0.789650
921.000000 -11.682666 -17.695866 -19.163829 -0.480818 0.358309 -0.131869 0.789328
922.000000 -11.638089 -17.733294 -19.189643 -0.481442 0.357286 -0.132766 0.789261
923.000000 -11.595316 -17.790562 -19.195379 -0.482493 0.356216 -0.133845 0.788921
924.000000 -11.581909 -17.887017 -19.146701 -0.484457 0.355591 -0.134935 0.787813
925.000000 -11.608150 -18.000643 -19.057511 -0.486913 0.355707 -0.135687 0.786115
926.000000 -11.620791 -18.104678 -18.985354 -0.489113 0.355575 -0.136515 0.784665
927.000000 -11.597796 -18.180575 -18.962186 -0.490580 0.354817 -0.137516 0.783916
928.000000 -11.571577 -18.226731 -18.969602 -0.491411 0.354100 -0.138280 0.783586
929.000000 -11.553123 -18.249192 -18.994306 -0.491790 0.353637 -0.138726 0.783479
930.000000 -11.561488 -18.266783 -19.006406 -0.492178 0.353760 -0.138777 0.783170
931.000000 -11.579496 -18.323945 -18.973829 -0.493427 0.353943 -0.139067 0.782250
932.000000 -11.593014 -18.461427 -18.865227 -0.496325 0.353732 -0.140169 0.780312
933.000000 -11.611267 -18.569516 -18.781281 -0.498641 0.353709 -0.140948 0.778705
934.000000 -11.649685 -18.695335 -18.666273 -0.501404 0.354016 -0.141641 0.776663
935.000000 -11.657758 -18.784135 -18.606166 -0.503283 0.353831 -0.142384 0.775395
936.000000 -11.654231 -18.845872 -18.580453 -0.504556 0.353507 -0.143024 0.774596
937.000000 -11.666301 -18.891088 -18.561405 -0.505552 0.353574 -0.143299 0.773866
938.000000 -11.711993 -18.913379 -18.544819 -0.506180 0.354432 -0.142895 0.773137
939.000000 -11.784977 -18.914494 -18.531290 -0.506489 0.355952 -0.141911 0.772417
940.000000 -11.828993 -18.903821 -18.547939 -0.506438 0.356920 -0.141194 0.772135
941.000000 -11.809790 -18.889930 -18.607943 -0.506081 0.356588 -0.141304 0.772503
942.000000 -11.750237 -18.879440 -18.689623 -0.505645 0.355409 -0.142001 0.773203
943.000000 -11.706992 -18.955204 -18.673672 -0.507052 0.354242 -0.143298 0.772578
944.000000 -11.680154 -19.040229 -18.638041 -0.508705 0.353371 -0.144460 0.771673
945.000000 -11.674130 -19.181754 -18.531236 -0.511600 0.352698 -0.145877 0.769798
946.000000 -11.669627 -19.345128 -18.399454 -0.514959 0.351939 -0.147501 0.767594
947.000000 -11.660343 -19.494875 -18.282797 -0.518028 0.351111 -0.149078 0.765601
948.000000 -11.648992 -19.614313 -18.197298 -0.520473 0.350359 -0.150402 0.764026
949.000000 -11.637055 -19.685256 -18.161995 -0.521922 0.349811 -0.151264 0.763118
950.000000 -11.643467 -19.717573 -18.155293 -0.522656 0.349816 -0.151492 0.762568
951.000000 -11.714552 -19.735507 -18.122023 -0.523364 0.351241 -0.150655 0.761592
952.000000 -11.840591 -19.768107 -18.036563 -0.524604 0.353763 -0.149159 0.759865
953.000000 -11.980161 -19.786611 -17.957089 -0.525585 0.356630 -0.147313 0.758205
954.000000 -12.057107 -19.761369 -17.968147 -0.525357 0.358356 -0.145927 0.757817
955.000000 -12.056588 -19.734191 -18.034290 -0.524753 0.358452 -0.145645 0.758244
956.000000 -12.005809 -19.742384 -18.095165 -0.524687 0.357351 -0.146458 0.758653
957.000000 -11.968575 -19.791640 -18.100922 -0.525552 0.356375 -0.147487 0.758313
958.000000 -11.960468 -19.893907 -18.028129 -0.527656 0.355803 -0.148612 0.756901
959.000000 -11.985087 -20.061322 -17.859715 -0.531272 0.355641 -0.149900 0.754188
960.000000 -12.033923 -20.272881 -17.620661 -0.535960 0.355775 -0.151293 0.750521
961.000000 -12.082956 -20.471524 -17.390025 -0.540426 0.355939 -0.152580 0.746972
962.000000 -12.101374 -20.613474 -17.242497 -0.543578 0.355692 -0.153759 0.744557
963.000000 -12.067198 -20.730147 -17.159530 -0.545966 0.354426 -0.155491 0.743051
964.000000 -11.998514 -20.852094 -17.092780 -0.548315 0.352389 -0.157820 0.741799
965.000000 -11.958503 -20.914270 -17.077976 -0.549493 0.351244 -0.159093 0.741198
966.000000 -11.964827 -20.884710 -17.143150 -0.548888 0.351527 -0.158700 0.741596
967.000000 -11.966405 -20.787551 -17.293461 -0.546802 0.352018 -0.157683 0.743120
968.000000 -11.958891 -20.640713 -17.507339 -0.543631 0.352525 -0.156311 0.745493
969.000000 -11.949971 -20.460703 -17.756974 -0.539790 0.353118 -0.154650 0.748343
970.000000 -11.950835 -20.267118 -18.010811 -0.535746 0.353956 -0.152715 0.751245
971.000000 -11.976229 -20.081102 -18.235479 -0.531993 0.355257 -0.150493 0.753742
972.000000 -12.043178 -19.910646 -18.412261 -0.528752 0.357330 -0.147831 0.755568
973.000000 -12.137266 -19.737867 -18.570814 -0.525582 0.359937 -0.144792 0.757129
974.000000 -12.225733 -19.542139 -18.753904 -0.521936 0.362482 -0.141654 0.759029
975.000000 -12.279278 -19.356440 -18.945314 -0.518382 0.364252 -0.139137 0.761079
976.000000 -12.303269 -19.207682 -19.114652 -0.515487 0.365281 -0.137396 0.762867
977.000000 -12.311584 -19.094808 -19.255453 -0.513273 0.365871 -0.136208 0.764289
978.000000 -12.307433 -19.015815 -19.369373 -0.511698 0.366090 -0.135510 0.765363
979.000000 -12.293703 -18.968436 -19.458380 -0.510716 0.365992 -0.135243 0.766112
980.000000 -12.268014 -18.948630 -19.528446 -0.510233 0.365547 -0.135399 0.766619
981.000000 -12.224500 -18.951102 -19.588149 -0.510123 0.364672 -0.136000 0.767002
982.000000 -12.162512 -18.971712 -19.641593 -0.510304 0.363375 -0.137003 0.767319
983.000000 -12.124730 -19.015143 -19.657710 -0.511013 0.362476 -0.137900 0.767112
984.000000 -12.170805 -19.089420 -19.591743 -0.512618 0.363101 -0.138015 0.765723
985.000000 -12.292823 -19.167349 -19.473616 -0.514567 0.365199 -0.137186 0.763564
986.000000 -12.344740 -19.009427 -19.629320 -0.511662 0.366753 -0.135059 0.765150
987.000000 -12.465294 -19.098237 -19.500169 -0.513819 0.368803 -0.134305 0.762848
988.000000 -12.625749 -19.356504 -19.172892 -0.519464 0.371065 -0.134622 0.757855
989.000000 -12.734269 -19.524218 -18.963193 -0.523183 0.372630 -0.134787 0.754492
990.000000 -12.794658 -19.600641 -18.877027 -0.524926 0.373574 -0.134709 0.752827
991.000000 -12.824701 -19.619418 -18.875830 -0.525322 0.374102 -0.134456 0.752334
992.000000 -12.836582 -19.601179 -18.920399 -0.525006 0.374412 -0.134092 0.752465
993.000000 -12.839566 -19.563628 -18.987355 -0.524340 0.374615 -0.133693 0.752899
994.000000 -12.815864 -19.484770 -19.116190 -0.522737 0.374417 -0.133279 0.754185
995.000000 -12.751424 -19.356712 -19.322150 -0.520009 0.373582 -0.132940 0.756541
996.000000 -12.743752 -19.400076 -19.318338 -0.520827 0.373272 -0.133476 0.756037
997.000000 -12.651491 -19.191361 -19.620018 -0.516441 0.372188 -0.132695 0.759708
998.000000 -12.517284 -18.866768 -20.050385 -0.509759 0.370681 -0.131453 0.765155
999.000000 -12.451882 -18.770349 -20.214808 -0.507714 0.369744 -0.131468 0.766963
1000.000000 -12.469679 -18.990043 -20.032718 -0.511934 0.369365 -0.133259 0.764026
1001.000000 -12.558987 -19.466002 -19.551193 -0.521329 0.369460 -0.136512 0.757021
1002.000000 -12.680066 -19.925928 -19.041277 -0.530663 0.370160 -0.139312 0.749647
1003.000000 -12.795472 -20.110589 -18.806423 -0.534671 0.371728 -0.139580 0.745964
1004.000000 -12.874146 -20.143838 -18.752391 -0.535605 0.373147 -0.138816 0.744728
1005.000000 -12.917100 -20.272917 -18.613814 -0.538392 0.373516 -0.139481 0.742405
1006.000000 -12.956942 -20.521806 -18.337442 -0.543658 0.373371 -0.141417 0.738262
1007.000000 -13.000714 -20.839865 -17.970751 -0.550385 0.373020 -0.144037 0.732930
1008.000000 -13.042592 -21.156019 -17.599951 -0.557049 0.372615 -0.146686 0.727556
1009.000000 -13.067003 -21.385400 -17.340368 -0.561842 0.372184 -0.148693 0.723673
1010.000000 -13.057043 -21.442290 -17.315587 -0.562921 0.371754 -0.149390 0.722912
1011.000000 -13.007784 -21.325236 -17.533092 -0.560234 0.371240 -0.148876 0.725365
1012.000000 -12.939603 -21.220869 -17.744514 -0.557783 0.370261 -0.148875 0.727750
1013.000000 -12.875547 -21.338573 -17.683811 -0.559939 0.368427 -0.151155 0.726555
1014.000000 -12.857577 -21.572759 -17.444263 -0.564715 0.367037 -0.153868 0.722984
1015.000000 -12.906875 -21.705721 -17.275054 -0.567725 0.367489 -0.154378 0.720283
1016.000000 -13.009569 -21.707727 -17.228394 -0.568253 0.369644 -0.152603 0.719141
1017.000000 -13.151038 -21.555955 -17.344209 -0.565740 0.373270 -0.148549 0.720098
1018.000000 -13.323703 -21.233953 -17.640253 -0.559843 0.378194 -0.142196 0.723412
1019.000000 -13.522251 -20.748800 -18.093878 -0.550779 0.384126 -0.133813 0.728824
1020.000000 -13.697515 -20.200143 -18.608870 -0.540480 0.389574 -0.125333 0.735122
1021.000000 -13.824570 -19.648939 -19.131332 -0.530122 0.393837 -0.117800 0.741611
1022.000000 -13.902379 -19.113228 -19.644869 -0.520064 0.396907 -0.111356 0.748063
1023.000000 -13.929613 -18.612324 -20.135328 -0.510661 0.398788 -0.106100 0.754279
1024.000000 -13.905199 -18.166541 -20.590000 -0.502268 0.399485 -0.102122 0.760072
1025.000000 -13.829635 -17.795249 -20.996837 -0.495238 0.399012 -0.099515 0.765262
1026.000000 -13.704245 -17.519007 -21.343705 -0.489915 0.397389 -0.098401 0.769663
1027.000000 -13.530714 -17.359685 -21.617643 -0.486647 0.394638 -0.098917 0.773079
1028.000000 -13.311402 -17.339017 -21.804086 -0.485772 0.390771 -0.101188 0.775297
1029.000000 -13.058993 -17.457117 -21.896618 -0.487275 0.386008 -0.105020 0.776229
1030.000000 -12.839721 -17.597809 -21.947901 -0.489236 0.381784 -0.108629 0.776588
1031.000000 -12.686474 -17.701943 -21.987534 -0.490698 0.378816 -0.111182 0.776758
1032.000000 -12.600704 -17.768232 -22.017667 -0.491653 0.377128 -0.112691 0.776757
1033.000000 -12.582616 -17.796605 -22.039391 -0.492110 0.376727 -0.113153 0.776596
1034.000000 -12.631213 -17.793220 -22.048631 -0.492178 0.377578 -0.112619 0.776217
1035.000000 -12.743619 -17.778885 -22.029814 -0.492213 0.379582 -0.111272 0.775411
1036.000000 -12.916878 -17.776384 -21.965169 -0.492604 0.382629 -0.109329 0.773940
1037.000000 -13.147835 -17.808173 -21.836432 -0.493733 0.386618 -0.107014 0.771558
1038.000000 -13.414865 -17.880835 -21.648420 -0.495663 0.391163 -0.104633 0.768350
1039.000000 -13.640307 -17.945870 -21.487898 -0.497349 0.395010 -0.102643 0.765556
1040.000000 -13.817119 -18.001989 -21.362242 -0.498758 0.398032 -0.101114 0.763274
1041.000000 -13.947937 -18.054973 -21.266414 -0.500009 0.400255 -0.100070 0.761428
1042.000000 -14.035406 -18.110350 -21.194916 -0.501212 0.401712 -0.099542 0.759938
1043.000000 -14.082432 -18.173656 -21.141919 -0.502476 0.402432 -0.099563 0.758718
1044.000000 -14.093274 -18.245616 -21.105775 -0.503806 0.402470 -0.100108 0.757744
1045.000000 -14.072211 -18.312606 -21.095595 -0.504964 0.401936 -0.100994 0.757139
1046.000000 -14.023422 -18.358800 -21.122234 -0.505676 0.400946 -0.102014 0.757052
1047.000000 -13.951054 -18.368104 -21.196599 -0.505664 0.399621 -0.102966 0.757631
1048.000000 -13.877145 -18.338817 -21.304999 -0.504958 0.398364 -0.103575 0.758680
1049.000000 -13.879915 -18.323626 -21.350975 -0.504691 0.398439 -0.103408 0.758841
1050.000000 -13.967918 -18.329367 -21.323336 -0.505001 0.399980 -0.102422 0.757957
1051.000000 -14.105129 -18.336778 -21.261179 -0.505457 0.402393 -0.100867 0.756584
1052.000000 -14.226697 -18.313775 -21.234481 -0.505332 0.404603 -0.099210 0.755708
1053.000000 -14.321314 -18.267273 -21.245101 -0.504725 0.406391 -0.097646 0.755357
1054.000000 -14.392527 -18.214840 -21.275638 -0.503963 0.407782 -0.096299 0.755290
1055.000000 -14.443887 -18.174020 -21.308735 -0.503366 0.408802 -0.095292 0.755264
1056.000000 -14.479461 -18.162783 -21.327079 -0.503257 0.409479 -0.094753 0.755037
1057.000000 -14.503762 -18.199392 -21.313218 -0.503958 0.409839 -0.094807 0.754367
1058.000000 -14.520456 -18.301187 -21.249359 -0.505785 0.409909 -0.095580 0.753008
1059.000000 -14.526415 -18.465057 -21.138577 -0.508686 0.409636 -0.097088 0.751007
1060.000000 -14.501481 -18.635258 -21.041707 -0.511632 0.408788 -0.099037 0.749211
1061.000000 -14.456942 -18.766368 -20.991170 -0.513844 0.407674 -0.100841 0.748062
1062.000000 -14.432749 -18.824902 -20.990115 -0.514823 0.407097 -0.101694 0.747588
1063.000000 -14.419932 -18.749174 -21.099935 -0.513462 0.407051 -0.101104 0.748628
1064.000000 -14.439255 -18.578627 -21.268989 -0.510531 0.407802 -0.099217 0.750474
1065.000000 -14.492146 -18.337078 -21.473135 -0.506455 0.409294 -0.096256 0.752806
1066.000000 -14.567770 -18.024649 -21.716965 -0.501209 0.411306 -0.092373 0.755701
1067.000000 -14.655180 -17.640733 -22.004698 -0.494760 0.413615 -0.087720 0.759237
1068.000000 -14.742831 -17.184604 -22.339804 -0.487085 0.415991 -0.082452 0.763480
1069.000000 -14.824840 -16.675531 -22.704371 -0.478547 0.418279 -0.076844 0.768199
1070.000000 -14.914709 -16.193105 -23.028381 -0.470538 0.420570 -0.071497 0.772401
1071.000000 -15.029567 -15.831029 -23.240237 -0.464628 0.423028 -0.067063 0.775029
1072.000000 -15.186445 -15.685597 -23.272277 -0.462401 0.425845 -0.064199 0.775061
1073.000000 -15.394355 -15.832965 -23.070145 -0.465123 0.429111 -0.063494 0.771682
1074.000000 -15.600743 -16.179466 -22.723429 -0.471209 0.432088 -0.064687 0.766210
1075.000000 -15.771031 -16.635298 -22.307630 -0.479164 0.434300 -0.067347 0.759770
1076.000000 -15.884845 -17.139852 -21.874981 -0.487968 0.435456 -0.071118 0.753131
1077.000000 -15.932713 -17.611021 -21.496213 -0.496197 0.435497 -0.075291 0.747303
1078.000000 -15.960736 -17.880038 -21.284907 -0.500950 0.435523 -0.077639 0.743869
1079.000000 -15.944660 -18.239576 -21.022054 -0.507254 0.434586 -0.081447 0.739726
1080.000000 -15.886787 -18.684491 -20.704437 -0.515033 0.432684 -0.086723 0.734851
1081.000000 -15.799584 -19.130285 -20.394129 -0.522815 0.430164 -0.092476 0.730118
1082.000000 -15.693474 -19.499270 -20.159275 -0.529195 0.427393 -0.097724 0.726456
1083.000000 -15.579646 -19.724043 -20.065823 -0.532907 0.424797 -0.101535 0.724740
1084.000000 -15.483491 -19.761373 -20.139212 -0.533306 0.422967 -0.103198 0.725282
1085.000000 -15.431347 -19.616524 -20.353644 -0.530590 0.422376 -0.102462 0.727719
1086.000000 -15.432017 -19.503777 -20.493645 -0.528621 0.422640 -0.101401 0.729145
1087.000000 -15.490431 -19.527305 -20.459402 -0.529228 0.423599 -0.100956 0.728209
1088.000000 -15.564776 -19.808327 -20.163630 -0.534463 0.424207 -0.102952 0.723739
1089.000000 -15.679000 -20.029175 -19.889964 -0.538725 0.425685 -0.103800 0.719579
1090.000000 -15.832559 -20.154329 -19.677825 -0.541342 0.428139 -0.103095 0.716252
1091.000000 -16.013571 -20.223354 -19.496063 -0.543031 0.431257 -0.101388 0.713340
1092.000000 -16.199155 -20.272633 -19.325736 -0.544398 0.434536 -0.099333 0.710593
1093.000000 -16.350585 -20.331683 -19.169264 -0.545877 0.437187 -0.097797 0.708041
1094.000000 -16.430040 -20.427753 -19.031481 -0.547877 0.438422 -0.097718 0.705740
1095.000000 -16.426651 -20.586046 -18.895471 -0.550837 0.437957 -0.099582 0.703460
1096.000000 -16.398369 -20.692980 -18.834881 -0.552784 0.437159 -0.101229 0.702193
1097.000000 -16.362856 -20.711393 -18.877315 -0.553058 0.436465 -0.101956 0.702303
1098.000000 -16.332215 -20.660196 -18.992364 -0.552042 0.436046 -0.101814 0.703383
1099.000000 -16.307371 -20.559731 -19.156630 -0.550118 0.435851 -0.101034 0.705121
1100.000000 -16.281115 -20.431128 -19.351892 -0.547671 0.435688 -0.099967 0.707276
1101.000000 -16.245153 -20.295022 -19.560260 -0.545084 0.435363 -0.098963 0.709612
1102.000000 -16.204026 -20.175529 -19.752563 -0.542809 0.434905 -0.098222 0.711736
1103.000000 -16.185897 -20.095328 -19.883633 -0.541316 0.434773 -0.097588 0.713040
1104.000000 -16.222964 -20.075544 -19.907725 -0.541047 0.435491 -0.096841 0.712907
1105.000000 -16.321079 -20.104404 -19.832254 -0.541801 0.437189 -0.095790 0.711437
1106.000000 -16.429570 -20.114607 -19.766073 -0.542246 0.439118 -0.094406 0.710093
1107.000000 -16.534120 -20.094578 -19.732986 -0.542139 0.441046 -0.092748 0.709197
1108.000000 -16.623225 -20.035211 -19.752179 -0.541289 0.442785 -0.090862 0.709008
1109.000000 -16.696799 -19.927740 -19.832377 -0.539540 0.444347 -0.088648 0.709644
1110.000000 -16.759984 -19.777776 -19.962509 -0.537012 0.445804 -0.086109 0.710959
1111.000000 -16.816993 -19.597054 -20.125952 -0.533933 0.447198 -0.083330 0.712732
1112.000000 -16.870698 -19.399515 -20.305577 -0.530560 0.448545 -0.080433 0.714733
1113.000000 -16.918276 -19.208318 -20.481266 -0.527298 0.449752 -0.077709 0.716688
1114.000000 -16.955061 -19.050062 -20.632738 -0.524598 0.450691 -0.075500 0.718314
1115.000000 -16.976285 -18.951838 -20.740379 -0.522915 0.451242 -0.074148 0.719334
1116.000000 -16.977249 -18.940738 -20.784722 -0.522707 0.451285 -0.073995 0.719475
1117.000000 -16.956493 -19.033170 -20.752251 -0.524250 0.450767 -0.075233 0.718548
1118.000000 -16.918794 -19.224637 -20.641194 -0.527479 0.449768 -0.077763 0.716538
1119.000000 -16.870312 -19.504618 -20.452130 -0.532239 0.448390 -0.081415 0.713470
1120.000000 -16.820095 -19.845128 -20.198863 -0.538083 0.446815 -0.085804 0.709549
1121.000000 -16.778034 -20.212169 -19.901827 -0.544461 0.445266 -0.090453 0.705067
1122.000000 -16.753382 -20.573361 -19.583623 -0.550837 0.443972 -0.094885 0.700331
1123.000000 -16.754526 -20.898655 -19.269075 -0.556697 0.443171 -0.098619 0.695674
1124.000000 -16.789321 -21.159960 -18.984785 -0.561542 0.443107 -0.101170 0.691441
1125.000000 -16.865565 -21.330510 -18.758251 -0.564882 0.444030 -0.102057 0.687990
1126.000000 -16.991170 -21.384258 -18.616483 -0.566229 0.446183 -0.100803 0.685671
1127.000000 -17.158225 -21.316247 -18.574615 -0.565438 0.449438 -0.097427 0.684685
1128.000000 -17.333512 -21.156796 -18.627573 -0.562965 0.453075 -0.092782 0.684971
1129.000000 -17.484112 -20.937011 -18.768191 -0.559309 0.456376 -0.087781 0.686432
1130.000000 -17.598859 -20.676456 -18.982243 -0.554829 0.459066 -0.082877 0.688879
1131.000000 -17.679718 -20.388297 -19.250701 -0.549795 0.461147 -0.078222 0.692062
1132.000000 -17.728234 -20.086428 -19.555013 -0.544486 0.462624 -0.073950 0.695734
1133.000000 -17.745912 -19.785482 -19.877363 -0.539185 0.463501 -0.070195 0.699656
1134.000000 -17.734312 -19.501031 -20.200722 -0.534178 0.463791 -0.067093 0.703598
1135.000000 -17.694669 -19.249923 -20.508766 -0.529758 0.463507 -0.064783 0.707333
1136.000000 -17.628635 -19.049669 -20.785649 -0.526214 0.462677 -0.063404 0.710640
1137.000000 -17.553604 -18.904086 -21.015721 -0.523619 0.461608 -0.062753 0.713304
1138.000000 -17.510885 -18.795521 -21.182971 -0.521717 0.461035 -0.062104 0.715123
1139.000000 -17.503134 -18.863134 -21.164107 -0.522842 0.460795 -0.062936 0.714383
1140.000000 -17.510008 -19.173582 -20.912905 -0.528098 0.460428 -0.066253 0.710443
1141.000000 -17.529348 -19.629486 -20.505075 -0.535893 0.459999 -0.071070 0.704392
1142.000000 -17.558169 -20.143142 -20.012138 -0.544791 0.459567 -0.076502 0.697244
1143.000000 -17.593019 -20.634859 -19.510597 -0.553434 0.459212 -0.081693 0.690044
1144.000000 -17.631575 -21.025142 -19.089546 -0.560438 0.459067 -0.085751 0.683969
1145.000000 -17.672480 -21.233861 -18.851764 -0.564316 0.459326 -0.087690 0.680351
1146.000000 -17.714533 -21.179779 -18.903986 -0.563509 0.460197 -0.086457 0.680589
1147.000000 -17.756305 -20.782299 -19.331145 -0.556593 0.461798 -0.081116 0.685834
1148.000000 -17.770666 -20.286203 -19.867218 -0.547997 0.463024 -0.075110 0.692580
1149.000000 -17.756463 -19.945310 -20.251787 -0.542145 0.463386 -0.071419 0.697318
1150.000000 -17.743779 -19.646807 -20.584405 -0.537042 0.463673 -0.068225 0.701383
1151.000000 -17.731061 -19.414411 -20.849724 -0.533037 0.463839 -0.065761 0.704557
1152.000000 -17.717075 -19.263279 -21.040724 -0.530330 0.463861 -0.064158 0.706730
1153.000000 -17.701026 -19.203196 -21.149661 -0.529135 0.463711 -0.063565 0.707777
1154.000000 -17.682099 -19.248608 -21.160995 -0.529793 0.463339 -0.064229 0.707468
1155.000000 -17.658322 -19.431949 -21.046668 -0.532822 0.462658 -0.066530 0.705424
1156.000000 -17.627302 -19.788760 -20.769971 -0.538817 0.461542 -0.070898 0.701162
1157.000000 -17.588130 -20.329620 -20.306121 -0.548005 0.459888 -0.077518 0.694395
1158.000000 -17.566350 -20.703363 -19.975091 -0.554459 0.458761 -0.082117 0.689471
1159.000000 -17.600712 -20.674706 -20.005511 -0.554111 0.459391 -0.081403 0.689415
1160.000000 -17.676671 -20.631863 -20.014637 -0.553587 0.460767 -0.079945 0.689089
1161.000000 -17.725858 -20.579926 -20.058146 -0.552816 0.461709 -0.078680 0.689223
1162.000000 -17.749252 -20.540835 -20.113518 -0.552163 0.462192 -0.077863 0.689516
1163.000000 -17.753234 -20.540477 -20.149585 -0.552069 0.462278 -0.077716 0.689550
1164.000000 -17.743827 -20.598269 -20.138888 -0.552919 0.462032 -0.078410 0.688954
1165.000000 -17.726794 -20.731151 -20.053308 -0.555112 0.461505 -0.080113 0.687347
1166.000000 -17.708730 -20.964988 -19.858826 -0.559090 0.460727 -0.083045 0.684290
1167.000000 -17.695002 -21.325958 -19.515846 -0.565338 0.459704 -0.087469 0.679275
1168.000000 -17.690520 -21.827471 -18.989654 -0.574169 0.458434 -0.093544 0.671877
1169.000000 -17.657243 -22.321153 -18.470975 -0.582934 0.456550 -0.100103 0.664627
1170.000000 -17.537704 -22.582515 -18.298190 -0.587353 0.453673 -0.105133 0.661924
1171.000000 -17.517774 -22.575361 -18.358317 -0.587202 0.453318 -0.105418 0.662256
1172.000000 -17.545795 -22.435216 -18.535422 -0.584788 0.454202 -0.103340 0.664112
1173.000000 -17.568513 -22.273491 -18.741646 -0.581968 0.455052 -0.101046 0.666356
1174.000000 -17.576924 -22.118625 -18.950962 -0.579234 0.455621 -0.099040 0.668647
1175.000000 -17.570420 -21.982986 -19.149486 -0.576821 0.455844 -0.097520 0.670800
1176.000000 -17.545003 -21.881935 -19.324200 -0.574955 0.455667 -0.096679 0.672642
1177.000000 -17.499056 -21.828270 -19.462157 -0.573873 0.455020 -0.096701 0.674000
1178.000000 -17.431008 -21.835846 -19.549440 -0.573820 0.453831 -0.097786 0.674690
1179.000000 -17.377690 -21.886769 -19.573897 -0.574568 0.452782 -0.099167 0.674557
1180.000000 -17.416176 -21.922813 -19.532698 -0.575301 0.453348 -0.099018 0.673572
1181.000000 -17.424839 -22.067686 -19.394566 -0.577845 0.453115 -0.100594 0.671314
1182.000000 -17.447206 -22.238336 -19.212187 -0.580880 0.453041 -0.102282 0.668483
1183.000000 -17.455937 -22.347978 -19.110929 -0.582819 0.452889 -0.103458 0.666716
1184.000000 -17.425202 -22.410241 -19.100802 -0.583815 0.452182 -0.104655 0.666137
1185.000000 -17.384867 -22.442137 -19.134783 -0.584250 0.451398 -0.105629 0.666134
1186.000000 -17.349402 -22.434781 -19.209543 -0.584017 0.450818 -0.106063 0.666661
1187.000000 -17.317212 -22.407321 -19.303553 -0.583454 0.450361 -0.106212 0.667439
1188.000000 -17.285514 -22.384118 -19.392153 -0.582970 0.449890 -0.106416 0.668147
1189.000000 -17.250577 -22.377860 -19.464416 -0.582773 0.449298 -0.106883 0.668643
1190.000000 -17.207161 -22.377182 -19.537624 -0.582651 0.448541 -0.107546 0.669151
1191.000000 -17.150112 -22.368009 -19.632527 -0.582341 0.447578 -0.108300 0.669943
1192.000000 -17.085083 -22.338817 -19.756757 -0.581665 0.446543 -0.108928 0.671118
1193.000000 -17.087342 -22.299859 -19.833387 -0.581008 0.446683 -0.108449 0.671672
1194.000000 -17.170325 -22.244102 -19.859023 -0.580285 0.448234 -0.106603 0.671559
1195.000000 -17.270652 -22.172601 -19.886616 -0.579339 0.450117 -0.104327 0.671474
1196.000000 -17.340585 -22.112876 -19.926682 -0.578510 0.451451 -0.102631 0.671554
1197.000000 -17.362665 -22.065392 -19.994101 -0.577767 0.451949 -0.101775 0.671989
1198.000000 -17.341951 -22.028920 -20.085718 -0.577104 0.451705 -0.101662 0.672739
1199.000000 -17.285330 -22.002585 -20.196397 -0.576525 0.450841 -0.102172 0.673738
1200.000000 -17.199886 -21.985558 -20.320875 -0.576028 0.449477 -0.103188 0.674917
1201.000000 -17.092852 -21.976957 -20.453872 -0.575615 0.447735 -0.104594 0.676211
1202.000000 -16.971491 -21.975775 -20.590152 -0.575283 0.445737 -0.106275 0.677550
1203.000000 -16.844336 -21.981295 -20.723056 -0.575040 0.443628 -0.108106 0.678849
1204.000000 -16.734066 -22.000725 -20.826526 -0.575064 0.441762 -0.109852 0.679765
1205.000000 -16.671462 -22.048742 -20.860980 -0.575676 0.440600 -0.111243 0.679775
1206.000000 -16.676664 -22.131570 -20.804049 -0.577034 0.440450 -0.112062 0.678585
1207.000000 -16.732628 -22.234131 -20.684333 -0.578854 0.441076 -0.112385 0.676572
1208.000000 -16.798068 -22.335986 -20.555889 -0.580695 0.441863 -0.112563 0.674448
1209.000000 -16.838377 -22.420404 -20.465121 -0.582188 0.442294 -0.112900 0.672819
1210.000000 -16.847562 -22.483118 -20.422256 -0.583248 0.442282 -0.113437 0.671819
1211.000000 -16.826109 -22.522579 -20.429151 -0.583849 0.441836 -0.114159 0.671468
1212.000000 -16.774667 -22.537373 -20.487484 -0.583963 0.440967 -0.115051 0.671788
1213.000000 -16.693558 -22.525894 -20.598877 -0.583560 0.439682 -0.116094 0.672800
1214.000000 -16.585552 -22.482146 -20.766933 -0.582550 0.438045 -0.117175 0.674554
1215.000000 -16.456305 -22.394752 -20.997343 -0.580773 0.436192 -0.118083 0.677124
1216.000000 -16.322303 -22.260029 -21.278197 -0.578234 0.434406 -0.118546 0.680356
1217.000000 -16.222734 -22.093512 -21.561077 -0.575305 0.433269 -0.118204 0.683615
1218.000000 -16.183909 -21.915423 -21.805686 -0.572384 0.433129 -0.116929 0.686369
1219.000000 -16.212442 -21.744035 -21.990255 -0.569768 0.434023 -0.114838 0.688332
1220.000000 -16.284557 -21.584709 -22.128301 -0.567464 0.435554 -0.112312 0.689684
1221.000000 -16.372877 -21.439932 -22.238144 -0.565431 0.437289 -0.109743 0.690668
1222.000000 -16.461356 -21.312841 -22.328988 -0.563675 0.438976 -0.107364 0.691407
1223.000000 -16.536119 -21.206749 -22.408515 -0.562211 0.440394 -0.105377 0.692003
1224.000000 -16.583304 -21.124993 -22.484550 -0.561059 0.441324 -0.103981 0.692556
1225.000000 -16.588943 -21.070897 -22.564913 -0.560239 0.441546 -0.103375 0.693169
1226.000000 -16.538940 -21.047716 -22.657187 -0.559766 0.440840 -0.103759 0.693942
1227.000000 -16.420358 -21.058518 -22.767435 -0.559655 0.439007 -0.105318 0.694958
1228.000000 -16.238481 -21.105216 -22.888725 -0.559938 0.436129 -0.107997 0.696130
1229.000000 -16.013034 -21.183801 -23.009094 -0.560588 0.432519 -0.111503 0.697305
1230.000000 -15.772936 -21.262221 -23.136696 -0.561181 0.428695 -0.115165 0.698594
1231.000000 -15.546346 -21.298030 -23.290998 -0.561149 0.425190 -0.118244 0.700245
1232.000000 -15.349387 -21.246706 -23.501801 -0.559880 0.422365 -0.120155 0.702641
1233.000000 -15.193382 -21.073319 -23.791481 -0.556910 0.420476 -0.120479 0.706071
1234.000000 -15.078327 -20.786991 -24.147521 -0.552410 0.419481 -0.119336 0.710379
1235.000000 -15.001426 -20.408365 -24.548482 -0.546703 0.419261 -0.116968 0.715300
1236.000000 -14.960296 -19.958728 -24.973122 -0.540111 0.419701 -0.113614 0.720571
1237.000000 -14.952923 -19.460484 -25.401026 -0.532954 0.420694 -0.109515 0.725936
1238.000000 -14.977328 -18.937673 -25.813000 -0.525568 0.422136 -0.104920 0.731144
1239.000000 -15.029599 -18.421684 -26.188269 -0.518382 0.423895 -0.100154 0.735909
1240.000000 -15.095840 -17.976098 -26.493256 -0.512247 0.425658 -0.095878 0.739747
1241.000000 -15.179510 -17.629119 -26.712979 -0.507541 0.427443 -0.092264 0.742416
1242.000000 -15.289338 -17.363618 -26.859059 -0.504025 0.429421 -0.089058 0.744060
1243.000000 -15.258968 -17.275094 -26.968194 -0.502733 0.429150 -0.088663 0.745136
1244.000000 -15.203297 -17.443587 -26.925738 -0.504958 0.428104 -0.090547 0.744007
1245.000000 -15.162446 -17.832335 -26.727535 -0.510263 0.426872 -0.094035 0.740655
1246.000000 -15.135354 -18.385240 -26.400200 -0.517893 0.425497 -0.098727 0.735522
1247.000000 -15.120420 -19.046343 -25.970869 -0.527093 0.424021 -0.104219 0.729053
1248.000000 -15.118020 -19.759717 -25.469844 -0.537123 0.422493 -0.110111 0.721716
1249.000000 -15.124995 -20.472026 -24.932167 -0.547272 0.420984 -0.116006 0.714009
1250.000000 -15.138433 -21.136754 -24.397436 -0.556875 0.419571 -0.121529 0.706457
1251.000000 -15.136059 -21.754860 -23.883349 -0.565876 0.417943 -0.126920 0.699285
1252.000000 -15.092175 -22.366876 -23.373108 -0.574783 0.415616 -0.132836 0.692274
1253.000000 -15.141389 -22.899094 -22.852701 -0.582870 0.414790 -0.137057 0.685147
1254.000000 -15.174530 -23.261797 -22.494298 -0.588447 0.414179 -0.139976 0.680141
1255.000000 -15.162854 -23.460091 -22.328525 -0.591432 0.413382 -0.141956 0.677622
1256.000000 -15.117996 -23.517418 -22.331742 -0.592177 0.412521 -0.143074 0.677262
1257.000000 -15.050662 -23.454577 -22.476208 -0.591025 0.411703 -0.143395 0.678695
1258.000000 -14.970871 -23.290620 -22.732235 -0.588316 0.411018 -0.142975 0.681547
1259.000000 -14.888145 -23.044149 -23.069403 -0.584385 0.410545 -0.141857 0.685437
1260.000000 -14.812431 -22.733702 -23.457446 -0.579568 0.410361 -0.140085 0.689987
1261.000000 -14.754511 -22.378344 -23.866848 -0.574197 0.410553 -0.137707 0.694824
1262.000000 -14.726077 -21.998294 -24.269191 -0.568611 0.411215 -0.134778 0.699585
1263.000000 -14.735677 -21.616432 -24.638526 -0.563157 0.412392 -0.131416 0.703930
1264.000000 -14.782354 -21.259586 -24.953830 -0.558199 0.413988 -0.127876 0.707584
1265.000000 -14.857688 -20.944982 -25.208552 -0.553940 0.415843 -0.124408 0.710456
1266.000000 -14.947188 -20.679576 -25.408604 -0.550424 0.417745 -0.121230 0.712619
1267.000000 -15.035371 -20.469785 -25.560540 -0.547690 0.419473 -0.118555 0.714159
1268.000000 -15.106264 -20.321848 -25.670982 -0.545783 0.420805 -0.116588 0.715158
1269.000000 -15.143892 -20.241652 -25.746421 -0.544747 0.421516 -0.115533 0.715701
1270.000000 -15.132693 -20.234491 -25.792908 -0.544616 0.421383 -0.115598 0.715868
1271.000000 -15.057565 -20.305112 -25.815655 -0.545418 0.420188 -0.116996 0.715733
1272.000000 -14.906111 -20.442531 -25.829367 -0.546965 0.417779 -0.119764 0.715505
1273.000000 -14.684478 -20.554787 -25.901381 -0.547990 0.414453 -0.123056 0.716096
1274.000000 -14.413262 -20.519093 -26.115271 -0.546848 0.410803 -0.125644 0.718618
1275.000000 -14.115608 -20.259896 -26.511029 -0.542591 0.407348 -0.126720 0.723605
1276.000000 -13.814704 -19.858182 -27.002175 -0.536443 0.404208 -0.126753 0.729917
1277.000000 -13.534201 -19.427888 -27.485604 -0.530031 0.401420 -0.126408 0.736172
1278.000000 -13.299222 -19.093790 -27.864695 -0.525063 0.399032 -0.126316 0.741031
1279.000000 -13.133872 -18.968109 -28.062364 -0.523027 0.397111 -0.126984 0.743384
1280.000000 -13.036392 -18.961472 -28.148145 -0.522691 0.395833 -0.127790 0.744164
1281.000000 -12.996743 -18.917936 -28.232706 -0.521977 0.395409 -0.127790 0.744890
1282.000000 -13.016603 -18.823085 -28.323786 -0.520720 0.395887 -0.126912 0.745666
1283.000000 -13.081823 -18.773266 -28.362512 -0.520178 0.396859 -0.125960 0.745689
1284.000000 -13.172446 -18.894955 -28.273217 -0.521987 0.397781 -0.125987 0.743927
1285.000000 -13.268745 -19.257782 -28.014540 -0.527016 0.398234 -0.127664 0.739842
1286.000000 -13.352213 -19.754984 -27.658966 -0.533817 0.398188 -0.130439 0.734488
1287.000000 -13.405414 -20.253078 -27.303770 -0.540590 0.397701 -0.133541 0.729221
1288.000000 -13.411257 -20.626800 -27.053577 -0.545612 0.396854 -0.136210 0.725438
1289.000000 -13.355263 -20.773026 -27.003367 -0.547436 0.395737 -0.137814 0.724371
1290.000000 -13.266900 -20.768825 -27.084241 -0.547156 0.394567 -0.138648 0.725061
1291.000000 -13.251540 -20.724181 -27.160082 -0.546518 0.394476 -0.138488 0.725622
1292.000000 -13.324097 -20.657470 -27.209628 -0.545809 0.395611 -0.137294 0.725765
1293.000000 -13.370900 -20.609480 -27.257365 -0.545288 0.396348 -0.136485 0.725907
1294.000000 -13.394661 -20.578126 -27.303778 -0.544931 0.396732 -0.136028 0.726051
1295.000000 -13.400734 -20.560406 -27.348575 -0.544712 0.396844 -0.135851 0.726188
1296.000000 -13.393493 -20.553694 -27.391364 -0.544603 0.396766 -0.135874 0.726307
1297.000000 -13.378250 -20.555018 -27.431736 -0.544580 0.396578 -0.136019 0.726400
1298.000000 -13.361920 -20.560845 -27.469315 -0.544615 0.396360 -0.136210 0.726458
1299.000000 -13.350041 -20.568116 -27.503709 -0.544681 0.396192 -0.136369 0.726470
1300.000000 -13.330073 -20.579956 -27.538671 -0.544788 0.395902 -0.136647 0.726496
1301.000000 -13.220367 -20.623257 -27.593329 -0.545084 0.394346 -0.138053 0.726853
1302.000000 -13.012715 -20.698643 -27.669740 -0.545552 0.391421 -0.140652 0.727585
1303.000000 -12.822488 -20.749354 -27.754694 -0.545731 0.388791 -0.142890 0.728424
1304.000000 -12.632164 -20.718027 -27.899243 -0.544831 0.386376 -0.144537 0.730056
1305.000000 -12.435713 -20.566893 -28.132503 -0.542354 0.384201 -0.145404 0.732871
1306.000000 -12.299003 -20.377125 -28.363700 -0.539542 0.382911 -0.145434 0.735610
1307.000000 -12.236876 -20.189829 -28.557601 -0.536969 0.382582 -0.144772 0.737791
1308.000000 -12.232622 -20.013591 -28.716761 -0.534697 0.382968 -0.143636 0.739461
1309.000000 -12.269150 -19.857067 -28.843876 -0.532778 0.383820 -0.142251 0.740672
1310.000000 -12.319674 -19.721649 -28.950327 -0.531151 0.384790 -0.140883 0.741598
1311.000000 -12.344201 -19.598399 -29.058603 -0.529618 0.385397 -0.139842 0.742575
1312.000000 -12.302446 -19.478192 -29.191602 -0.527972 0.385156 -0.139428 0.743949
1313.000000 -12.218176 -19.362384 -29.337985 -0.526292 0.384368 -0.139427 0.745545
1314.000000 -12.207876 -19.297704 -29.418648 -0.525449 0.384403 -0.139085 0.746186
1315.000000 -12.280221 -19.326399 -29.403326 -0.525990 0.385263 -0.138611 0.745449
1316.000000 -12.350023 -19.367662 -29.380682 -0.526684 0.386054 -0.138255 0.744615
1317.000000 -12.385818 -19.385265 -29.388138 -0.526995 0.386457 -0.138062 0.744222
1318.000000 -12.388021 -19.377640 -29.426697 -0.526904 0.386486 -0.138009 0.744281
1319.000000 -12.356504 -19.343408 -29.496831 -0.526398 0.386159 -0.138075 0.744797
1320.000000 -12.301696 -19.287923 -29.590257 -0.525569 0.385596 -0.138202 0.745650
1321.000000 -12.246324 -19.225590 -29.687851 -0.524653 0.385049 -0.138286 0.746561
1322.000000 -12.213578 -19.171692 -29.770220 -0.523898 0.384771 -0.138221 0.747246
1323.000000 -12.184804 -19.130589 -29.842467 -0.523314 0.384515 -0.138204 0.747790
1324.000000 -12.151262 -19.043544 -29.945745 -0.522147 0.384304 -0.137933 0.748764
1325.000000 -12.112985 -18.916808 -30.075406 -0.520477 0.384121 -0.137453 0.750107
1326.000000 -12.065374 -18.774739 -30.217337 -0.518603 0.383851 -0.136962 0.751632
1327.000000 -12.003817 -18.641995 -30.357831 -0.516821 0.383377 -0.136657 0.753155
1328.000000 -11.923478 -18.543825 -30.483545 -0.515431 0.382587 -0.136736 0.754494
1329.000000 -11.818454 -18.506647 -30.581278 -0.514735 0.381365 -0.137397 0.755467
1330.000000 -11.694606 -18.541270 -30.642411 -0.514875 0.379761 -0.138652 0.755950
1331.000000 -11.589746 -18.614505 -30.672461 -0.515530 0.378310 -0.139969 0.755989
1332.000000 -11.548003 -18.684721 -30.680116 -0.516288 0.377646 -0.140732 0.755662
1333.000000 -11.592810 -18.711243 -30.681535 -0.516708 0.378145 -0.140515 0.755166
1334.000000 -11.607932 -18.456320 -30.863919 -0.513610 0.378910 -0.138823 0.757206
1335.000000 -11.556201 -18.056622 -31.152143 -0.508617 0.379158 -0.136816 0.760809
1336.000000 -11.438698 -17.873354 -31.333896 -0.506147 0.378115 -0.136690 0.762994
1337.000000 -11.236749 -17.862131 -31.446157 -0.505591 0.375675 -0.138292 0.764278
1338.000000 -10.939076 -17.908163 -31.557793 -0.505511 0.371960 -0.140976 0.765656
1339.000000 -10.601829 -17.953018 -31.682174 -0.505274 0.367786 -0.143901 0.767284
1340.000000 -10.294701 -17.966560 -31.811727 -0.504691 0.364060 -0.146353 0.768979
1341.000000 -10.056619 -17.960507 -31.926320 -0.504044 0.361214 -0.148172 0.770396
1342.000000 -9.916235 -17.961467 -32.004030 -0.503721 0.359522 -0.149298 0.771180
1343.000000 -10.097861 -17.741852 -32.103782 -0.501504 0.362201 -0.146641 0.771881
1344.000000 -10.209881 -17.954225 -31.984050 -0.504327 0.363034 -0.146973 0.769583
1345.000000 -10.231948 -18.400487 -31.756467 -0.509765 0.362233 -0.149363 0.765909
1346.000000 -10.244918 -18.619062 -31.658544 -0.512445 0.361849 -0.150531 0.764072
1347.000000 -10.272665 -18.662938 -31.657192 -0.513056 0.362069 -0.150574 0.763549
1348.000000 -10.328157 -18.654372 -31.677933 -0.513076 0.362799 -0.150043 0.763294
1349.000000 -10.363192 -18.654287 -31.700198 -0.513160 0.363252 -0.149713 0.763087
1350.000000 -10.303562 -18.708189 -31.721941 -0.513669 0.362423 -0.150473 0.762989
1351.000000 -10.073627 -18.861960 -31.739274 -0.514960 0.359303 -0.153196 0.763052
1352.000000 -9.808188 -18.986715 -31.782793 -0.515804 0.355818 -0.156036 0.763539
1353.000000 -9.463877 -19.186448 -31.802027 -0.517343 0.351188 -0.159914 0.763840
1354.000000 -9.364086 -19.197810 -31.859262 -0.517223 0.349953 -0.160794 0.764303
1355.000000 -9.471271 -19.120656 -31.908084 -0.516569 0.351406 -0.159545 0.764340
1356.000000 -9.631806 -19.073460 -31.921754 -0.516422 0.353398 -0.158036 0.763834
1357.000000 -9.769370 -19.084524 -31.906635 -0.516915 0.354976 -0.157014 0.762979
1358.000000 -9.819208 -19.174153 -31.871410 -0.518114 0.355351 -0.157107 0.761972
1359.000000 -9.807991 -19.297898 -31.834390 -0.519557 0.354937 -0.157866 0.761025
1360.000000 -9.799935 -19.384877 -31.818511 -0.520562 0.354665 -0.158376 0.760358
1361.000000 -9.858892 -19.364287 -31.847395 -0.520450 0.355461 -0.157726 0.760199
1362.000000 -9.839452 -19.340186 -31.902461 -0.520111 0.355316 -0.157690 0.760506
1363.000000 -9.582493 -19.450113 -31.947998 -0.520785 0.351986 -0.160362 0.761034
1364.000000 -9.198964 -19.616329 -31.993035 -0.521800 0.346984 -0.164394 0.761775
1365.000000 -8.741526 -19.802172 -32.040614 -0.522834 0.341033 -0.169131 0.762716
1366.000000 -8.254551 -19.977184 -32.094920 -0.523630 0.334747 -0.174023 0.763854
1367.000000 -7.813500 -20.097020 -32.164356 -0.523860 0.329153 -0.178231 0.765156
1368.000000 -7.504888 -20.115195 -32.260439 -0.523218 0.325427 -0.180844 0.766574
1369.000000 -7.327587 -20.046925 -32.377780 -0.521903 0.323520 -0.181955 0.768013
1370.000000 -7.242812 -19.933981 -32.500778 -0.520317 0.322843 -0.182089 0.769342
1371.000000 -7.211312 -19.818664 -32.612585 -0.518857 0.322801 -0.181773 0.770419
1372.000000 -7.193662 -19.743583 -32.696386 -0.517917 0.322804 -0.181539 0.771105
1373.000000 -7.149252 -19.750089 -32.736616 -0.517867 0.322262 -0.181919 0.771276
1374.000000 -7.054009 -19.844047 -32.734865 -0.518704 0.320875 -0.183133 0.771004
1375.000000 -6.937331 -19.978988 -32.712073 -0.519964 0.319118 -0.184713 0.770507
1376.000000 -6.833962 -20.103785 -32.691648 -0.521142 0.317544 -0.186134 0.770020
1377.000000 -6.743956 -20.198430 -32.686144 -0.522002 0.316212 -0.187305 0.769702
1378.000000 -6.641185 -20.336068 -32.655777 -0.523332 0.314606 -0.188791 0.769094
1379.000000 -6.541327 -20.502836 -32.605475 -0.525011 0.312947 -0.190395 0.768230
1380.000000 -6.468601 -20.659492 -32.555015 -0.526649 0.311635 -0.191724 0.767311
1381.000000 -6.447072 -20.767096 -32.525019 -0.527859 0.311067 -0.192383 0.766545
1382.000000 -6.501491 -20.786189 -32.536510 -0.528252 0.311653 -0.191975 0.766138
1383.000000 -6.658926 -20.676995 -32.608574 -0.527449 0.313817 -0.190095 0.766277
1384.000000 -6.958079 -20.415370 -32.744874 -0.525274 0.318065 -0.186317 0.766947
1385.000000 -7.426406 -20.007781 -32.927100 -0.521861 0.324655 -0.180464 0.767914
1386.000000 -8.033190 -19.528680 -33.105679 -0.517957 0.332976 -0.173168 0.768674
1387.000000 -8.739199 -19.049638 -33.239506 -0.514244 0.342357 -0.165126 0.768816
1388.000000 -9.507748 -18.558292 -33.340272 -0.510451 0.352404 -0.156573 0.768593
1389.000000 -10.255585 -18.133246 -33.386585 -0.507272 0.361985 -0.148560 0.767836
1390.000000 -10.871060 -17.861888 -33.372523 -0.505476 0.369665 -0.142420 0.766524
1391.000000 -11.228523 -17.736314 -33.355717 -0.504752 0.374063 -0.139083 0.765479
1392.000000 -11.367606 -17.728624 -33.347273 -0.504914 0.375710 -0.138062 0.764750
1393.000000 -11.353232 -17.815997 -33.339974 -0.505856 0.375398 -0.138712 0.764163
1394.000000 -11.248132 -17.976467 -33.323421 -0.507466 0.373883 -0.140411 0.763528
1395.000000 -11.138539 -18.162797 -33.292744 -0.509386 0.372239 -0.142229 0.762716
1396.000000 -11.177236 -18.255821 -33.262697 -0.510570 0.372460 -0.142352 0.761792
1397.000000 -11.500896 -18.141784 -33.248857 -0.509988 0.376365 -0.139151 0.760854
1398.000000 -12.066117 -17.822809 -33.255324 -0.507529 0.383430 -0.132976 0.760074
1399.000000 -12.760402 -17.343100 -33.284094 -0.503423 0.392239 -0.124886 0.759682
1400.000000 -13.492334 -16.762068 -33.327302 -0.498144 0.401599 -0.115863 0.759702
1401.000000 -14.168764 -16.246520 -33.335885 -0.493420 0.410155 -0.107575 0.759433
1402.000000 -14.562349 -15.961481 -33.337683 -0.490790 0.415110 -0.102774 0.759109
1403.000000 -14.620763 -15.929152 -33.361040 -0.490496 0.415876 -0.101956 0.758990
1404.000000 -14.346594 -16.135331 -33.414246 -0.492410 0.412494 -0.104921 0.759192
1405.000000 -13.727294 -16.575378 -33.492117 -0.496417 0.404793 -0.111742 0.759754
1406.000000 -12.733216 -17.254842 -33.574687 -0.502404 0.392361 -0.122820 0.760630
1407.000000 -11.354591 -18.167011 -33.621190 -0.510099 0.374969 -0.138141 0.761653
1408.000000 -9.788583 -19.171617 -33.588994 -0.518142 0.354987 -0.155253 0.762502
1409.000000 -8.458215 -19.964332 -33.521904 -0.524011 0.337900 -0.169420 0.763239
1410.000000 -7.865417 -20.201069 -33.558056 -0.525164 0.330493 -0.175472 0.764321
1411.000000 -7.786544 -20.203695 -33.608636 -0.524920 0.329535 -0.176569 0.764649
1412.000000 -7.923261 -20.163366 -33.634837 -0.524781 0.331138 -0.175641 0.764266
1413.000000 -7.858552 -20.279376 -33.614389 -0.525941 0.330048 -0.176783 0.763677
1414.000000 -7.788971 -20.364704 -33.613486 -0.526750 0.329021 -0.177632 0.763366
1415.000000 -8.264937 -20.061398 -33.717083 -0.524506 0.335276 -0.172361 0.763397
1416.000000 -9.039330 -19.552879 -33.851652 -0.520645 0.345383 -0.163741 0.763432
1417.000000 -9.839207 -19.042511 -33.953494 -0.516803 0.355633 -0.154745 0.763213
1418.000000 -10.398534 -18.733171 -33.991940 -0.514652 0.362565 -0.148609 0.762624
1419.000000 -10.335358 -18.920482 -33.940348 -0.516641 0.361381 -0.150176 0.761533
1420.000000 -9.483908 -19.701917 -33.777919 -0.523432 0.350016 -0.161014 0.759988
1421.000000 -8.640759 -20.303615 -33.682393 -0.528157 0.339066 -0.170468 0.759622
1422.000000 -8.275150 -20.424116 -33.736198 -0.528593 0.334671 -0.173768 0.760519
1423.000000 -8.504546 -20.113402 -33.899851 -0.525658 0.338061 -0.170497 0.761793
1424.000000 -8.772783 -19.845146 -34.022769 -0.523324 0.341707 -0.167149 0.762515
1425.000000 -8.504077 -20.001537 -34.032342 -0.524426 0.338256 -0.170102 0.762644
1426.000000 -8.124094 -20.230925 -34.023406 -0.526036 0.333404 -0.174203 0.762746
1427.000000 -7.755529 -20.403177 -34.041328 -0.527006 0.328857 -0.177829 0.763214
1428.000000 -7.498017 -20.407935 -34.130997 -0.526378 0.325995 -0.179751 0.764423
1429.000000 -7.519316 -20.142409 -34.317822 -0.523464 0.326934 -0.178312 0.766358
1430.000000 -7.704816 -19.784710 -34.517839 -0.519967 0.329901 -0.175215 0.768179
1431.000000 -7.670885 -19.727534 -34.591855 -0.519253 0.329663 -0.175207 0.768766
1432.000000 -7.439827 -19.958510 -34.543922 -0.521229 0.326506 -0.178048 0.768123
1433.000000 -7.288431 -20.160425 -34.493450 -0.523081 0.324296 -0.180119 0.767317
1434.000000 -7.487755 -20.015796 -34.569688 -0.521981 0.326877 -0.177930 0.767482
1435.000000 -7.911737 -19.569404 -34.764885 -0.518114 0.332686 -0.172589 0.768824
1436.000000 -7.861890 -19.591364 -34.797821 -0.518242 0.332068 -0.173057 0.768900
1437.000000 -7.515537 -19.955509 -34.700914 -0.521400 0.327321 -0.177398 0.767810
1438.000000 -7.293825 -20.220950 -34.628308 -0.523773 0.324199 -0.180293 0.766845
1439.000000 -7.191831 -20.363923 -34.600346 -0.525082 0.322730 -0.181683 0.766241
1440.000000 -7.091277 -20.408105 -34.630286 -0.525288 0.321545 -0.182574 0.766387
1441.000000 -6.904983 -20.373467 -34.722029 -0.524427 0.319572 -0.183787 0.767511
1442.000000 -6.647950 -20.341067 -34.823861 -0.523416 0.316782 -0.185602 0.768920
1443.000000 -6.356457 -20.444362 -34.851237 -0.523783 0.313265 -0.188302 0.769454
1444.000000 -6.005290 -20.749334 -34.767287 -0.526190 0.308543 -0.192328 0.768723
1445.000000 -5.624313 -21.207590 -34.588693 -0.530198 0.303035 -0.197190 0.766926
1446.000000 -5.603147 -21.242224 -34.605900 -0.530511 0.302699 -0.197483 0.766767
1447.000000 -5.800278 -20.920643 -34.803532 -0.527496 0.305785 -0.194597 0.768359
1448.000000 -5.917166 -20.609703 -35.002847 -0.524400 0.307935 -0.192342 0.770185
1449.000000 -6.016496 -20.320889 -35.187818 -0.521518 0.309816 -0.190306 0.771892
1450.000000 -6.149914 -20.043801 -35.356620 -0.518866 0.312022 -0.188071 0.773337
1451.000000 -6.339842 -19.767198 -35.511943 -0.516365 0.314825 -0.185447 0.774508
1452.000000 -6.523940 -19.479282 -35.671281 -0.513713 0.317569 -0.182839 0.775770
1453.000000 -6.644658 -19.189855 -35.839983 -0.510871 0.319611 -0.180689 0.777310
1454.000000 -6.715866 -18.964954 -35.980999 -0.508602 0.320946 -0.179174 0.778598
1455.000000 -6.789013 -18.789397 -36.094203 -0.506874 0.322174 -0.177851 0.779520
1456.000000 -6.926734 -18.605219 -36.198262 -0.505217 0.324113 -0.176021 0.780207
1457.000000 -7.189542 -18.360285 -36.306646 -0.503213 0.327531 -0.173045 0.780740
1458.000000 -7.534466 -18.078115 -36.412419 -0.501005 0.331895 -0.169340 0.781130
1459.000000 -7.890914 -17.771402 -36.521401 -0.498561 0.336406 -0.165458 0.781595
1460.000000 -8.240695 -17.428456 -36.642504 -0.495708 0.340897 -0.161469 0.782298
1461.000000 -8.565838 -17.037181 -36.784988 -0.492268 0.345202 -0.157442 0.783402
1462.000000 -8.848022 -16.584857 -36.958201 -0.488065 0.349155 -0.153434 0.785074
1463.000000 -9.068390 -16.057843 -37.171052 -0.482923 0.352575 -0.149498 0.787481
1464.000000 -9.227959 -15.447561 -37.423993 -0.476774 0.355481 -0.145576 0.790650
1465.000000 -9.358014 -14.825788 -37.676937 -0.470450 0.358056 -0.141800 0.793956
1466.000000 -9.487557 -14.306713 -37.879346 -0.465214 0.360392 -0.138523 0.796558
1467.000000 -9.631610 -13.997039 -37.993200 -0.462211 0.362472 -0.136156 0.797770
1468.000000 -9.746962 -13.906308 -38.031760 -0.461454 0.363843 -0.135024 0.797777
1469.000000 -9.782342 -13.983329 -38.029070 -0.462313 0.364071 -0.135198 0.797145
1470.000000 -9.725423 -14.148270 -38.017159 -0.463932 0.363173 -0.136355 0.796417
1471.000000 -9.614623 -14.335994 -38.009250 -0.465696 0.361671 -0.137934 0.795799
1472.000000 -9.499437 -14.504222 -38.008267 -0.467253 0.360163 -0.139433 0.795309
1473.000000 -9.427873 -14.612673 -38.018198 -0.468264 0.359225 -0.140381 0.794971
1474.000000 -9.379674 -14.656734 -38.046789 -0.468646 0.358648 -0.140887 0.794917
1475.000000 -9.242634 -14.673927 -38.107502 -0.468578 0.357188 -0.141816 0.795449
1476.000000 -8.937925 -14.684791 -38.209973 -0.468124 0.353989 -0.143740 0.796800
1477.000000 -8.476883 -14.677133 -38.352000 -0.467169 0.349200 -0.146522 0.798964
1478.000000 -7.970979 -14.648318 -38.505578 -0.465889 0.343994 -0.149460 0.801422
1479.000000 -7.563020 -14.601559 -38.639827 -0.464599 0.339848 -0.151711 0.803514
1480.000000 -7.356854 -14.567966 -38.726663 -0.463836 0.337772 -0.152803 0.804622
1481.000000 -7.345810 -14.567194 -38.763484 -0.463803 0.337649 -0.152871 0.804680
1482.000000 -7.416849 -14.600985 -38.771671 -0.464295 0.338301 -0.152591 0.804176
1483.000000 -7.450556 -14.669769 -38.773601 -0.465083 0.338493 -0.152664 0.803626
1484.000000 -7.426240 -14.728285 -38.790296 -0.465661 0.338105 -0.152993 0.803391
1485.000000 -7.613854 -14.622614 -38.827877 -0.464960 0.340243 -0.151320 0.803212
1486.000000 -8.182614 -14.269937 -38.877147 -0.462421 0.346800 -0.146324 0.802799
1487.000000 -8.962669 -13.773970 -38.917744 -0.458754 0.355760 -0.139433 0.802208
1488.000000 -9.748132 -13.257564 -38.942179 -0.454829 0.364737 -0.132380 0.801606
1489.000000 -10.331621 -12.844366 -38.964458 -0.451569 0.371400 -0.126996 0.801261
1490.000000 -10.518667 -12.645868 -39.013702 -0.449824 0.373637 -0.125010 0.801515
1491.000000 -10.329089 -12.636172 -39.101738 -0.449386 0.371737 -0.126141 0.802466
1492.000000 -9.960050 -12.713728 -39.206433 -0.449551 0.367867 -0.128644 0.803759
1493.000000 -9.617590 -12.776347 -39.305558 -0.449624 0.364279 -0.130777 0.805007
1494.000000 -9.456123 -12.738395 -39.390934 -0.449006 0.362677 -0.131251 0.805998
1495.000000 -9.370198 -12.606289 -39.487705 -0.447593 0.361961 -0.130762 0.807184
1496.000000 -8.797447 -12.892293 -39.560855 -0.449610 0.355576 -0.135127 0.808181
1497.000000 -7.406326 -14.010059 -39.499523 -0.458546 0.339342 -0.148103 0.807867
1498.000000 -5.824385 -15.344631 -39.302238 -0.469148 0.320469 -0.162805 0.806656
1499.000000 -4.698850 -16.263669 -39.117613 -0.476278 0.306899 -0.172849 0.805665
1500.000000 -4.365066 -16.471788 -39.104493 -0.477678 0.303026 -0.175529 0.805722
1501.000000 -4.691714 -16.114764 -39.249711 -0.474657 0.307222 -0.172330 0.806609
1502.000000 -5.439875 -15.422187 -39.463307 -0.469155 0.316338 -0.165300 0.807775
1503.000000 -6.378495 -14.622838 -39.658197 -0.463001 0.327440 -0.156413 0.808670
1504.000000 -7.294662 -13.938849 -39.778478 -0.457919 0.337968 -0.147937 0.808828
1505.000000 -7.983770 -13.581689 -39.802733 -0.455614 0.345568 -0.142213 0.807944
1506.000000 -8.767257 -13.192230 -39.802722 -0.453035 0.354202 -0.135935 0.806735
1507.000000 -9.982545 -12.368512 -39.815438 -0.446651 0.367906 -0.125338 0.805878
1508.000000 -11.152423 -11.465312 -39.810100 -0.439239 0.381148 -0.114549 0.805403
1509.000000 -11.913258 -10.788363 -39.813868 -0.433426 0.389821 -0.107032 0.805435
1510.000000 -12.106862 -10.535914 -39.857922 -0.431104 0.392153 -0.104749 0.805849
1511.000000 -11.846862 -10.622069 -39.947587 -0.431608 0.389449 -0.106667 0.806639
1512.000000 -11.271013 -10.940072 -40.062103 -0.434037 0.383216 -0.111400 0.807681
1513.000000 -10.514439 -11.388475 -40.176424 -0.437501 0.374935 -0.117620 0.808815
1514.000000 -9.705516 -11.871954 -40.273944 -0.441179 0.366042 -0.124193 0.809908
1515.000000 -8.968521 -12.297379 -40.351357 -0.444311 0.357940 -0.130085 0.810891
1516.000000 -8.428985 -12.569052 -40.418351 -0.446158 0.352064 -0.134240 0.811772
1517.000000 -8.197105 -12.577910 -40.497753 -0.445842 0.349724 -0.135613 0.812728
1518.000000 -8.155220 -12.478683 -40.571384 -0.444756 0.349475 -0.135480 0.813452
1519.000000 -8.119250 -12.433682 -40.626843 -0.444232 0.349192 -0.135519 0.813854
1520.000000 -8.052036 -12.444151 -40.671312 -0.444219 0.348503 -0.135945 0.814085
1521.000000 -7.971746 -12.563332 -40.684589 -0.445276 0.347505 -0.136895 0.813774
1522.000000 -7.927079 -12.719558 -40.678670 -0.446768 0.346803 -0.137799 0.813103
1523.000000 -7.962304 -12.648317 -40.727877 -0.446123 0.347283 -0.137292 0.813339
1524.000000 -7.944765 -12.721531 -40.742585 -0.446828 0.346985 -0.137687 0.813012
1525.000000 -7.854544 -12.894741 -40.739906 -0.448405 0.345785 -0.138907 0.812447
1526.000000 -7.673832 -13.112953 -40.738896 -0.450276 0.343599 -0.140819 0.812011
1527.000000 -7.404632 -13.334210 -40.751047 -0.452016 0.340524 -0.143231 0.811917
1528.000000 -7.108991 -13.554120 -40.765862 -0.453666 0.337196 -0.145767 0.811935
1529.000000 -6.859727 -13.767429 -40.771476 -0.455336 0.334333 -0.148018 0.811777
1530.000000 -6.676056 -13.920215 -40.784223 -0.456524 0.332228 -0.149661 0.811673
1531.000000 -6.522577 -13.915494 -40.844602 -0.456202 0.330709 -0.150499 0.812318
1532.000000 -6.338361 -13.916095 -40.907227 -0.455878 0.328875 -0.151537 0.813052
1533.000000 -6.063050 -14.226049 -40.876199 -0.458452 0.325558 -0.154326 0.812415
1534.000000 -5.809324 -14.442224 -40.871274 -0.460123 0.322623 -0.156607 0.812204
1535.000000 -5.576744 -14.578896 -40.889419 -0.461033 0.320047 -0.158447 0.812350
1536.000000 -5.362268 -14.660117 -40.923618 -0.461415 0.317758 -0.159961 0.812735
1537.000000 -5.162332 -14.708548 -40.966461 -0.461494 0.315679 -0.161270 0.813242
1538.000000 -4.968370 -14.745271 -41.011561 -0.461470 0.313683 -0.162508 0.813781
1539.000000 -4.768881 -14.791024 -41.052936 -0.461526 0.311614 -0.163810 0.814283
1540.000000 -4.552663 -14.866551 -41.084266 -0.461844 0.309320 -0.165318 0.814673
1541.000000 -4.309780 -14.983421 -41.102012 -0.462516 0.306676 -0.167126 0.814922
1542.000000 -4.049467 -15.041320 -41.141310 -0.462564 0.303978 -0.168803 0.815559
1543.000000 -3.804026 -15.010557 -41.209925 -0.461760 0.301610 -0.170067 0.816631
1544.000000 -3.610323 -14.930299 -41.290489 -0.460569 0.299857 -0.170861 0.817783
1545.000000 -3.505508 -14.840228 -41.366085 -0.459460 0.299005 -0.171125 0.818663
1546.000000 -3.494826 -14.761794 -41.429323 -0.458657 0.299058 -0.170910 0.819138
1547.000000 -3.445454 -14.637170 -41.512042 -0.457317 0.298821 -0.170739 0.820009
1548.000000 -3.354257 -14.483336 -41.607818 -0.455604 0.298231 -0.170691 0.821187
1549.000000 -3.242312 -14.330980 -41.703698 -0.453868 0.297437 -0.170759 0.822421
1550.000000 -3.130819 -14.211094 -41.787319 -0.452460 0.296587 -0.170934 0.823467
1551.000000 -3.039574 -14.153368 -41.847551 -0.451713 0.295816 -0.171211 0.824096
1552.000000 -2.964713 -14.164349 -41.883251 -0.451676 0.295061 -0.171637 0.824299
1553.000000 -2.864813 -14.240092 -41.898711 -0.452220 0.293923 -0.172427 0.824242
1554.000000 -2.566790 -14.423632 -41.889544 -0.453406 0.290611 -0.174673 0.824292
1555.000000 -2.085858 -14.638755 -41.875997 -0.454508 0.285424 -0.178009 0.824784
1556.000000 -1.547936 -14.784867 -41.882403 -0.454796 0.279809 -0.181397 0.825811
1557.000000 -1.218545 -14.842116 -41.907387 -0.454644 0.276439 -0.183357 0.826596
1558.000000 -1.146118 -14.772294 -41.968296 -0.453795 0.275882 -0.183522 0.827212
1559.000000 -1.231956 -14.601322 -42.059498 -0.452301 0.277090 -0.182518 0.827848
1560.000000 -1.367287 -14.360946 -42.171601 -0.450240 0.278917 -0.181021 0.828686
1561.000000 -1.452805 -14.081367 -42.296507 -0.447690 0.280332 -0.179654 0.829887
1562.000000 -1.466578 -13.780950 -42.428672 -0.444782 0.281092 -0.178588 0.831422
1563.000000 -1.442141 -13.464102 -42.565237 -0.441630 0.281525 -0.177656 0.833153
1564.000000 -1.548318 -13.086292 -42.713518 -0.438153 0.283364 -0.175839 0.834750
1565.000000 -1.761773 -12.724927 -42.848760 -0.435057 0.286200 -0.173520 0.835886
1566.000000 -1.975613 -12.496616 -42.941081 -0.433260 0.288750 -0.171643 0.836330
1567.000000 -2.060813 -12.483061 -42.975520 -0.433291 0.289605 -0.171153 0.836118
1568.000000 -1.970551 -12.694990 -42.952115 -0.435161 0.288301 -0.172328 0.835356
1569.000000 -1.786838 -13.063298 -42.884017 -0.438362 0.285766 -0.174501 0.834102
1570.000000 -1.600736 -13.512916 -42.786164 -0.442350 0.283029 -0.176949 0.832412
1571.000000 -1.492612 -13.971185 -42.676806 -0.446586 0.281019 -0.179022 0.830386
1572.000000 -1.463687 -14.378762 -42.576249 -0.450493 0.279878 -0.180522 0.828333
1573.000000 -1.478325 -14.682737 -42.505817 -0.453486 0.279375 -0.181455 0.826665
1574.000000 -1.523088 -14.880153 -42.469435 -0.455506 0.279390 -0.181877 0.825455
1575.000000 -1.577675 -14.997528 -42.460057 -0.456769 0.279670 -0.181981 0.824639
1576.000000 -1.583509 -15.002711 -42.491989 -0.456836 0.279716 -0.181973 0.824588
1577.000000 -1.506627 -14.897829 -42.565746 -0.455656 0.279196 -0.182046 0.825401
1578.000000 -1.350338 -14.712403 -42.669653 -0.453521 0.278080 -0.182279 0.826901
1579.000000 -1.135640 -14.484080 -42.788230 -0.450844 0.276491 -0.182680 0.828806
1580.000000 -0.883997 -14.250684 -42.906667 -0.448043 0.274559 -0.183255 0.830838
1581.000000 -0.617449 -14.050922 -43.011335 -0.445538 0.272410 -0.184008 0.832724
1582.000000 -0.358285 -13.923853 -43.089778 -0.443751 0.270176 -0.184944 0.834197
1583.000000 -0.128818 -13.908666 -43.130231 -0.443110 0.267985 -0.186071 0.834994
1584.000000 0.071893 -13.993414 -43.137237 -0.443496 0.265854 -0.187354 0.835183
1585.000000 0.253226 -14.121766 -43.129025 -0.444343 0.263814 -0.188672 0.835084
1586.000000 0.397273 -14.288315 -43.107370 -0.445638 0.262048 -0.189917 0.834667
1587.000000 0.488906 -14.486512 -43.074530 -0.447352 0.260720 -0.190990 0.833921
1588.000000 0.540466 -14.697057 -43.036786 -0.449273 0.259751 -0.191895 0.832982
1589.000000 0.571691 -14.897833 -43.001471 -0.451146 0.259000 -0.192666 0.832025
1590.000000 0.594289 -15.071003 -42.974879 -0.452774 0.258395 -0.193307 0.831180
1591.000000 0.619585 -15.198996 -42.963477 -0.453958 0.257865 -0.193826 0.830578
1592.000000 0.658894 -15.264235 -42.973800 -0.454504 0.257340 -0.194231 0.830347
1593.000000 0.722099 -15.253208 -43.010753 -0.454258 0.256756 -0.194534 0.830591
1594.000000 0.812825 -15.168782 -43.073056 -0.453241 0.256071 -0.194763 0.831305
1595.000000 0.917941 -15.031365 -43.153191 -0.451679 0.255366 -0.194910 0.832337
1596.000000 1.009558 -14.874641 -43.239552 -0.449961 0.254835 -0.194928 0.833425
1597.000000 1.059061 -14.733051 -43.321007 -0.448484 0.254675 -0.194770 0.834306
1598.000000 1.046227 -14.633785 -43.389212 -0.447555 0.255019 -0.194411 0.834784
1599.000000 0.983379 -14.578690 -43.443534 -0.447162 0.255744 -0.193923 0.834886
1600.000000 0.894918 -14.561891 -43.485405 -0.447193 0.256629 -0.193417 0.834715
1601.000000 0.805610 -14.577359 -43.516273 -0.447536 0.257450 -0.193003 0.834375
1602.000000 0.740351 -14.619016 -43.537703 -0.448078 0.257984 -0.192791 0.833968
1603.000000 0.717943 -14.679968 -43.551735 -0.448712 0.258066 -0.192856 0.833586
1604.000000 0.739933 -14.747528 -43.562653 -0.449313 0.257711 -0.193168 0.833300
1605.000000 0.804925 -14.807098 -43.575380 -0.449742 0.256962 -0.193678 0.833181
1606.000000 0.911545 -14.844059 -43.594793 -0.449862 0.255864 -0.194337 0.833301
1607.000000 1.058466 -14.843753 -43.625690 -0.449533 0.254463 -0.195095 0.833731
1608.000000 1.236593 -14.798530 -43.670511 -0.448702 0.252862 -0.195883 0.834480
1609.000000 1.418595 -14.718515 -43.726180 -0.447527 0.251301 -0.196590 0.835416
1610.000000 1.585484 -14.610605 -43.790806 -0.446118 0.249947 -0.197138 0.836446
1611.000000 1.720845 -14.480246 -43.863158 -0.444567 0.248945 -0.197458 0.837494
1612.000000 1.808126 -14.332899 -43.942191 -0.442964 0.248440 -0.197483 0.838488
1613.000000 1.838267 -14.170621 -44.027697 -0.441349 0.248514 -0.197175 0.839389
1614.000000 1.825500 -13.985890 -44.121387 -0.439619 0.249047 -0.196588 0.840276
1615.000000 1.799146 -13.791803 -44.217638 -0.437833 0.249729 -0.195908 0.841165
1616.000000 1.797877 -13.624305 -44.303710 -0.436245 0.250112 -0.195430 0.841987
1617.000000 1.835924 -13.494252 -44.376095 -0.434926 0.250040 -0.195251 0.842732
1618.000000 1.915958 -13.400247 -44.435408 -0.433857 0.249490 -0.195377 0.843416
1619.000000 2.037025 -13.342721 -44.481630 -0.433043 0.248472 -0.195803 0.844036
1620.000000 2.185669 -13.328672 -44.513136 -0.432579 0.247096 -0.196480 0.844521
1621.000000 2.345546 -13.366397 -44.528003 -0.432581 0.245496 -0.197354 0.844782
1622.000000 2.500420 -13.464365 -44.524316 -0.433165 0.243808 -0.198372 0.844733
1623.000000 2.634162 -13.631070 -44.500083 -0.434446 0.242164 -0.199477 0.844288
1624.000000 2.730352 -13.874145 -44.453316 -0.436535 0.240702 -0.200607 0.843360
1625.000000 2.761866 -14.178403 -44.389485 -0.439349 0.239710 -0.201584 0.841947
1626.000000 2.749121 -14.506556 -44.318352 -0.442490 0.239080 -0.202405 0.840283
1627.000000 2.833476 -14.832221 -44.239339 -0.445385 0.237531 -0.203699 0.838879
1628.000000 2.972953 -15.120861 -44.166586 -0.447803 0.235540 -0.205169 0.837794
1629.000000 3.110090 -15.337372 -44.116638 -0.449541 0.233737 -0.206432 0.837058
1630.000000 3.183784 -15.440412 -44.109604 -0.450351 0.232804 -0.207074 0.836724
1631.000000 3.147997 -15.378527 -44.167842 -0.449853 0.233296 -0.206732 0.836939
1632.000000 3.049514 -15.180268 -44.277123 -0.448209 0.234688 -0.205720 0.837681
1633.000000 2.950395 -14.887863 -44.416737 -0.445678 0.236291 -0.204460 0.838888
1634.000000 2.913127 -14.543617 -44.566850 -0.442517 0.237420 -0.203375 0.840505
1635.000000 3.001056 -14.190636 -44.708594 -0.438988 0.237389 -0.202889 0.842480
1636.000000 3.221241 -13.872496 -44.827294 -0.435483 0.236041 -0.203138 0.844615
1637.000000 3.454467 -13.626920 -44.919728 -0.432633 0.234413 -0.203621 0.846415
1638.000000 3.558315 -13.384444 -45.019095 -0.430109 0.233996 -0.203470 0.847851
1639.000000 3.515034 -13.148221 -45.126618 -0.427982 0.234944 -0.202625 0.848867
1640.000000 3.439308 -12.978624 -45.215909 -0.426558 0.236038 -0.201805 0.849476
1641.000000 3.433775 -12.947827 -45.259265 -0.426283 0.236151 -0.201692 0.849609
1642.000000 3.505749 -13.045576 -45.259459 -0.427044 0.235239 -0.202291 0.849338
1643.000000 3.650043 -13.247867 -45.223164 -0.428622 0.233417 -0.203503 0.848756
1644.000000 3.857906 -13.528480 -45.156902 -0.430787 0.230828 -0.205209 0.847956
1645.000000 4.065719 -13.829971 -45.081570 -0.433145 0.228193 -0.206961 0.847042
1646.000000 4.162784 -14.068214 -45.033365 -0.435158 0.226743 -0.208023 0.846139
1647.000000 4.091597 -14.192789 -45.035199 -0.436488 0.227136 -0.207995 0.845355
1648.000000 4.053714 -14.301845 -45.038406 -0.437597 0.227245 -0.208086 0.844730
1649.000000 4.143623 -14.423088 -45.025649 -0.438529 0.226120 -0.208827 0.844366
1650.000000 4.327699 -14.533901 -45.006647 -0.439144 0.224129 -0.210005 0.844285
1651.000000 4.569741 -14.610869 -44.991754 -0.439302 0.221672 -0.211384 0.844507
1652.000000 4.833641 -14.630520 -44.991834 -0.438866 0.219146 -0.212727 0.845056
1653.000000 5.083031 -14.569160 -45.018379 -0.437698 0.216950 -0.213800 0.845957
1654.000000 5.284239 -14.404498 -45.082341 -0.435671 0.215453 -0.214389 0.847235
1655.000000 5.451370 -14.147754 -45.177862 -0.432859 0.214497 -0.214592 0.848866
1656.000000 5.621981 -13.849377 -45.283509 -0.429649 0.213607 -0.214708 0.850691
1657.000000 5.802751 -13.550063 -45.385367 -0.426408 0.212621 -0.214863 0.852527
1658.000000 5.961299 -13.269963 -45.481701 -0.423402 0.211795 -0.214952 0.854207
1659.000000 6.061848 -13.027732 -45.572576 -0.420891 0.211421 -0.214852 0.855565
1660.000000 6.071717 -12.843099 -45.657821 -0.419135 0.211757 -0.214462 0.856441
1661.000000 6.065025 -12.758797 -45.716542 -0.418358 0.212012 -0.214231 0.856815
1662.000000 6.078178 -12.778374 -45.743571 -0.418506 0.211838 -0.214337 0.856760
1663.000000 6.096080 -12.884224 -45.745782 -0.419449 0.211420 -0.214664 0.856320
1664.000000 6.103572 -13.058625 -45.729658 -0.421058 0.210942 -0.215100 0.855538
1665.000000 6.091251 -13.280795 -45.701686 -0.423163 0.210542 -0.215551 0.854484
1666.000000 6.071181 -13.514980 -45.669965 -0.425400 0.210183 -0.215993 0.853349
1667.000000 6.062041 -13.725091 -45.642640 -0.427387 0.209774 -0.216432 0.852345
1668.000000 6.093038 -13.893973 -45.621447 -0.428895 0.209083 -0.216968 0.851621
1669.000000 6.194204 -14.005809 -45.607617 -0.429702 0.207871 -0.217703 0.851323
1670.000000 6.392383 -14.043736 -45.602603 -0.429587 0.205927 -0.218725 0.851592
1671.000000 6.607586 -13.968157 -45.629185 -0.428367 0.204097 -0.219571 0.852429
1672.000000 6.798262 -13.783123 -45.691531 -0.426180 0.202761 -0.220057 0.853717
1673.000000 6.975523 -13.548714 -45.769044 -0.423562 0.201671 -0.220369 0.855197
1674.000000 7.146409 -13.333027 -45.840193 -0.421133 0.200595 -0.220689 0.856566
1675.000000 7.298412 -13.169650 -45.897708 -0.419237 0.199570 -0.221032 0.857646
1676.000000 7.415240 -13.085254 -45.937429 -0.418163 0.198684 -0.221382 0.858286
1677.000000 7.480299 -13.104018 -45.955907 -0.418175 0.198032 -0.221715 0.858345
1678.000000 7.466935 -13.230814 -45.956117 -0.419386 0.197850 -0.221921 0.857742
1679.000000 7.393452 -13.429399 -45.944669 -0.421411 0.198052 -0.222011 0.856680
1680.000000 7.365243 -13.590742 -45.935939 -0.422979 0.197921 -0.222230 0.855880
1681.000000 7.398928 -13.698041 -45.932757 -0.423897 0.197344 -0.222617 0.855458
1682.000000 7.469160 -13.772036 -45.933298 -0.424421 0.196509 -0.223100 0.855264
1683.000000 7.549290 -13.797973 -45.946390 -0.424479 0.195703 -0.223524 0.855310
1684.000000 7.616399 -13.753592 -45.982575 -0.423916 0.195193 -0.223739 0.855650
1685.000000 7.666486 -13.651962 -46.038580 -0.422855 0.194979 -0.223755 0.856219
1686.000000 7.701451 -13.514939 -46.107312 -0.421496 0.194987 -0.223627 0.856920
1687.000000 7.730216 -13.356991 -46.182730 -0.419954 0.195100 -0.223427 0.857704
1688.000000 7.784990 -13.167888 -46.262075 -0.418058 0.195045 -0.223278 0.858680
1689.000000 7.857110 -12.971937 -46.339495 -0.416057 0.194844 -0.223194 0.859719
1690.000000 7.850469 -12.866994 -46.404133 -0.415094 0.195155 -0.222943 0.860179
1691.000000 7.758236 -12.858246 -46.456302 -0.415233 0.196027 -0.222509 0.860026
1692.000000 7.624392 -12.903488 -46.500108 -0.415972 0.197156 -0.222004 0.859541
1693.000000 7.523327 -12.945009 -46.539189 -0.416598 0.197993 -0.221641 0.859139
1694.000000 7.477831 -12.957428 -46.577208 -0.416823 0.198387 -0.221467 0.858984
1695.000000 7.485911 -12.930461 -46.617541 -0.416560 0.198381 -0.221448 0.859118
1696.000000 7.545498 -12.853824 -46.663270 -0.415717 0.198019 -0.221551 0.859583
1697.000000 7.647659 -12.724469 -46.716240 -0.414287 0.197389 -0.221731 0.860371
1698.000000 7.759463 -12.564743 -46.775189 -0.412552 0.196740 -0.221890 0.861312
1699.000000 7.844721 -12.401593 -46.838661 -0.410846 0.196340 -0.221924 0.862210
1700.000000 7.890540 -12.251385 -46.904647 -0.409351 0.196269 -0.221811 0.862966
1701.000000 7.901014 -12.122784 -46.970453 -0.408139 0.196471 -0.221589 0.863551
1702.000000 7.871772 -12.029023 -47.033630 -0.407342 0.196956 -0.221267 0.863899
1703.000000 7.767922 -11.998825 -47.092785 -0.407306 0.197976 -0.220754 0.863814
1704.000000 7.606849 -12.028226 -47.145770 -0.407951 0.199382 -0.220117 0.863349
1705.000000 7.428603 -12.095782 -47.191118 -0.408986 0.200857 -0.219486 0.862678
1706.000000 7.257862 -12.165553 -47.233967 -0.410020 0.202258 -0.218895 0.862009
1707.000000 7.113170 -12.195699 -47.282410 -0.410630 0.203513 -0.218334 0.861566
1708.000000 7.013135 -12.144168 -47.344788 -0.410393 0.204546 -0.217792 0.861571
1709.000000 6.977325 -11.978310 -47.426433 -0.408969 0.205255 -0.217282 0.862208
1710.000000 7.019737 -11.738459 -47.514180 -0.406696 0.205419 -0.216949 0.863328
1711.000000 7.144587 -11.499671 -47.587994 -0.404245 0.204829 -0.216971 0.864612
1712.000000 7.328343 -11.311859 -47.639160 -0.402120 0.203588 -0.217353 0.865799
1713.000000 7.500622 -11.180597 -47.677540 -0.400532 0.202323 -0.217802 0.866719
1714.000000 7.586213 -11.106988 -47.715551 -0.399663 0.201715 -0.217999 0.867212
1715.000000 7.518163 -11.090765 -47.764492 -0.399665 0.202369 -0.217668 0.867142
1716.000000 7.333513 -11.101559 -47.824990 -0.400176 0.204016 -0.216912 0.866710
1717.000000 7.141264 -11.082038 -47.892740 -0.400429 0.205794 -0.216070 0.866383
1718.000000 7.036503 -10.990166 -47.963428 -0.399833 0.206940 -0.215440 0.866542
1719.000000 7.005635 -10.878256 -48.027425 -0.398897 0.207465 -0.215072 0.866939
1720.000000 6.975158 -10.775771 -48.088945 -0.398053 0.207972 -0.214721 0.867293
1721.000000 6.863190 -10.685696 -48.159182 -0.397506 0.209188 -0.214057 0.867415
1722.000000 6.639161 -10.615882 -48.240126 -0.397384 0.211365 -0.212975 0.867210
1723.000000 6.388910 -10.557940 -48.320839 -0.397412 0.213741 -0.211816 0.866898
1724.000000 6.216358 -10.496294 -48.391069 -0.397225 0.215420 -0.210973 0.866774
1725.000000 6.230100 -10.409278 -48.442439 -0.396401 0.215484 -0.210840 0.867168
1726.000000 6.384954 -10.311216 -48.477583 -0.395174 0.214310 -0.211260 0.867916
1727.000000 6.344345 -10.307862 -48.517902 -0.395230 0.214683 -0.211085 0.867841
1728.000000 6.229797 -10.426480 -48.541601 -0.396542 0.215452 -0.210878 0.867102
1729.000000 6.139181 -10.423716 -48.587834 -0.396719 0.216268 -0.210503 0.866909
1730.000000 6.068690 -10.393190 -48.637207 -0.396605 0.216961 -0.210153 0.866873
1731.000000 6.063566 -10.414915 -48.667157 -0.396814 0.216954 -0.210188 0.866770
1732.000000 6.169398 -10.394020 -48.692404 -0.396407 0.216064 -0.210576 0.867085
1733.000000 6.348215 -10.278627 -48.728021 -0.394996 0.214729 -0.211056 0.867943
1734.000000 6.501474 -10.116170 -48.776147 -0.393202 0.213723 -0.211335 0.868937
1735.000000 6.754794 -10.021305 -48.795805 -0.391791 0.211678 -0.212156 0.869875
1736.000000 7.059277 -9.795661 -48.832963 -0.389111 0.209455 -0.212887 0.871436
1737.000000 7.560954 -9.432331 -48.863596 -0.384767 0.205770 -0.214108 0.873940
1738.000000 7.965226 -9.084010 -48.899266 -0.380755 0.202923 -0.214982 0.876145
1739.000000 8.110309 -9.069761 -48.912371 -0.380310 0.201660 -0.215522 0.876497
1740.000000 7.993263 -9.321209 -48.918252 -0.382832 0.202143 -0.215576 0.875274
1741.000000 7.832511 -9.616492 -48.921065 -0.385824 0.202916 -0.215554 0.873786
1742.000000 7.682220 -9.881103 -48.926346 -0.388500 0.203665 -0.215518 0.872434
1743.000000 7.513728 -10.096397 -48.942865 -0.390768 0.204688 -0.215309 0.871232
1744.000000 7.348075 -10.288223 -48.962417 -0.392825 0.205743 -0.215057 0.870120
1745.000000 7.054811 -10.351010 -49.026579 -0.394028 0.208219 -0.214014 0.869244
1746.000000 6.738549 -10.428746 -49.088637 -0.395419 0.210857 -0.212902 0.868249
1747.000000 6.508584 -10.604389 -49.116011 -0.397479 0.212512 -0.212356 0.867037
1748.000000 6.483937 -10.861564 -49.097143 -0.399802 0.212180 -0.212827 0.865935
1749.000000 6.653758 -10.946453 -49.089711 -0.400183 0.210505 -0.213709 0.865950
1750.000000 6.969653 -10.599732 -49.156178 -0.396439 0.208477 -0.214248 0.868027
1751.000000 7.253333 -10.018154 -49.271355 -0.390676 0.207245 -0.214170 0.870950
1752.000000 7.515896 -9.441726 -49.379781 -0.384996 0.206180 -0.214025 0.873762
1753.000000 7.821761 -8.978959 -49.452420 -0.380229 0.204474 -0.214284 0.876184
1754.000000 8.180034 -8.557026 -49.503241 -0.375704 0.202210 -0.214818 0.878528
1755.000000 8.546593 -8.197064 -49.536495 -0.371699 0.199739 -0.215481 0.880631
1756.000000 8.888840 -8.002721 -49.542471 -0.369218 0.197122 -0.216359 0.882048
1757.000000 9.175284 -7.900678 -49.541052 -0.367684 0.194795 -0.217197 0.883000
1758.000000 9.359968 -7.589577 -49.589444 -0.364510 0.193827 -0.217248 0.884515
1759.000000 9.500523 -7.346625 -49.633454 -0.362038 0.193105 -0.217280 0.885680
1760.000000 9.630544 -7.385859 -49.636666 -0.362104 0.191859 -0.217832 0.885788
1761.000000 9.668304 -7.570629 -49.635626 -0.363671 0.191113 -0.218331 0.885184
1762.000000 9.563025 -7.771696 -49.658991 -0.365698 0.191603 -0.218340 0.884241
1763.000000 9.326453 -7.958445 -49.708410 -0.367869 0.193292 -0.217839 0.883095
1764.000000 9.023569 -8.146912 -49.767810 -0.370189 0.195563 -0.217102 0.881806
1765.000000 8.671797 -8.325799 -49.834844 -0.372525 0.198284 -0.216162 0.880444
1766.000000 8.272488 -8.474635 -49.911824 -0.374695 0.201488 -0.214975 0.879086
1767.000000 7.852760 -8.560380 -49.999216 -0.376350 0.204999 -0.213571 0.877909
1768.000000 7.438861 -8.784445 -50.057911 -0.379200 0.208155 -0.212462 0.876207
1769.000000 7.086283 -9.004880 -50.104154 -0.381877 0.210775 -0.211578 0.874630
1770.000000 6.895923 -9.156843 -50.137413 -0.383608 0.212120 -0.211168 0.873647
1771.000000 6.941711 -9.238215 -50.150393 -0.384225 0.211553 -0.211511 0.873430
1772.000000 7.218579 -9.243600 -50.144523 -0.383691 0.209132 -0.212576 0.873989
1773.000000 7.647867 -9.179825 -50.126803 -0.382225 0.205527 -0.214082 0.875118
1774.000000 8.104425 -9.077238 -50.107941 -0.380349 0.201764 -0.215619 0.876433
1775.000000 8.578263 -8.954203 -50.085381 -0.378243 0.197888 -0.217185 0.877840
1776.000000 9.068041 -8.829885 -50.055335 -0.376077 0.193867 -0.218809 0.879264
1777.000000 9.572334 -8.723043 -50.014312 -0.374021 0.189668 -0.220512 0.880630
1778.000000 10.059877 -8.608404 -49.972628 -0.371926 0.185620 -0.222119 0.881975
1779.000000 10.438053 -8.372488 -49.969323 -0.369001 0.182800 -0.223078 0.883549
1780.000000 10.677546 -8.019186 -50.010803 -0.365344 0.181467 -0.223308 0.885284
1781.000000 10.811326 -7.663271 -50.071913 -0.361898 0.181073 -0.223148 0.886819
1782.000000 10.874354 -7.423454 -50.128359 -0.359641 0.181044 -0.222942 0.887794
1783.000000 10.950879 -7.404349 -50.148499 -0.359306 0.180403 -0.223185 0.887999
1784.000000 11.004699 -7.516787 -50.154198 -0.360180 0.179675 -0.223577 0.887694
1785.000000 10.879318 -7.610289 -50.201889 -0.361276 0.180582 -0.223290 0.887137
1786.000000 10.594514 -7.671127 -50.287967 -0.362427 0.182969 -0.222382 0.886406
1787.000000 10.174652 -7.688738 -50.406161 -0.363489 0.186631 -0.220917 0.885574
1788.000000 9.674663 -7.696569 -50.537177 -0.364645 0.190989 -0.219138 0.884611
1789.000000 9.213454 -7.819397 -50.638188 -0.366723 0.194738 -0.217704 0.883287
1790.000000 8.846127 -8.064513 -50.699197 -0.369654 0.197405 -0.216841 0.881684
1791.000000 8.563382 -8.324729 -50.739842 -0.372521 0.199308 -0.216318 0.880177
1792.000000 8.353731 -8.488878 -50.781900 -0.374390 0.200785 -0.215875 0.879156
1793.000000 8.197610 -8.448093 -50.848511 -0.374368 0.202234 -0.215224 0.878993
1794.000000 8.189450 -8.268844 -50.913677 -0.372838 0.202693 -0.214834 0.879633
1795.000000 8.425631 -8.096481 -50.937227 -0.370851 0.201026 -0.215353 0.880728
1796.000000 8.820326 -7.937558 -50.929750 -0.368636 0.197957 -0.216481 0.882075
1797.000000 9.283691 -7.795010 -50.903632 -0.366408 0.194251 -0.217888 0.883480
1798.000000 9.733839 -7.673035 -50.872168 -0.364379 0.190600 -0.219279 0.884769
1799.000000 10.095343 -7.576587 -50.850173 -0.362757 0.187654 -0.220390 0.885788
1800.000000 10.334381 -7.507729 -50.846338 -0.361638 0.185709 -0.221112 0.886476
1801.000000 10.464692 -7.465013 -50.859952 -0.360982 0.184655 -0.221495 0.886868
1802.000000 10.502264 -7.446831 -50.888899 -0.360741 0.184358 -0.221594 0.887003
1803.000000 10.472964 -7.451190 -50.928411 -0.360842 0.184600 -0.221496 0.886936
1804.000000 10.423995 -7.470562 -50.969853 -0.361117 0.184985 -0.221356 0.886779
1805.000000 10.364934 -7.491249 -51.013204 -0.361427 0.185461 -0.221181 0.886597
1806.000000 10.300179 -7.499098 -51.059543 -0.361638 0.186016 -0.220962 0.886449
1807.000000 10.233847 -7.480033 -51.110008 -0.361618 0.186640 -0.220690 0.886394
1808.000000 10.184196 -7.427853 -51.161747 -0.361275 0.187185 -0.220420 0.886486
1809.000000 10.192055 -7.347506 -51.205862 -0.360563 0.187287 -0.220303 0.886783
1810.000000 10.259091 -7.247809 -51.240696 -0.359555 0.186915 -0.220359 0.887257
1811.000000 10.339011 -7.141124 -51.273627 -0.358459 0.186446 -0.220448 0.887777
1812.000000 10.382784 -7.040006 -51.312846 -0.357489 0.186280 -0.220419 0.888210
1813.000000 10.341741 -6.957021 -51.366615 -0.356858 0.186812 -0.220125 0.888425
1814.000000 10.205237 -6.907195 -51.434851 -0.356718 0.188098 -0.219559 0.888350
1815.000000 10.020339 -6.899167 -51.506519 -0.357040 0.189713 -0.218901 0.888039
1816.000000 9.838860 -6.935196 -51.570921 -0.357734 0.191202 -0.218337 0.887579
1817.000000 9.712228 -7.017193 -51.618095 -0.358705 0.192120 -0.218048 0.887060
1818.000000 9.669243 -7.137300 -51.643952 -0.359826 0.192238 -0.218121 0.886562
1819.000000 9.704086 -7.271656 -51.652905 -0.360906 0.191657 -0.218492 0.886158
1820.000000 9.804678 -7.392923 -51.650900 -0.361734 0.190540 -0.219069 0.885919
1821.000000 9.958818 -7.473739 -51.643965 -0.362101 0.189048 -0.219761 0.885917
1822.000000 10.154324 -7.486714 -51.638184 -0.361796 0.187345 -0.220475 0.886226
1823.000000 10.379059 -7.404413 -51.639522 -0.360610 0.185593 -0.221117 0.886918
1824.000000 10.615877 -7.207745 -51.653343 -0.358415 0.183980 -0.221593 0.888024
1825.000000 10.824378 -6.922867 -51.683161 -0.355521 0.182797 -0.221809 0.889377
1826.000000 10.957479 -6.592399 -51.732426 -0.352395 0.182357 -0.221681 0.890742
1827.000000 10.967927 -6.259127 -51.805682 -0.349507 0.182975 -0.221124 0.891891
1828.000000 10.832109 -5.978766 -51.901406 -0.347388 0.184733 -0.220160 0.892595
1829.000000 10.658334 -5.758453 -51.996327 -0.345861 0.186685 -0.219179 0.893023
1830.000000 10.455608 -5.637507 -52.084812 -0.345244 0.188673 -0.218285 0.893063
1831.000000 10.221504 -5.553323 -52.174459 -0.345005 0.190852 -0.217355 0.892919
1832.000000 10.170445 -5.468547 -52.227672 -0.344381 0.191468 -0.217032 0.893106
1833.000000 10.370855 -5.399427 -52.229837 -0.343370 0.189909 -0.217569 0.893698
1834.000000 10.638382 -5.447773 -52.205390 -0.343224 0.187531 -0.218545 0.894018
1835.000000 10.787166 -5.690372 -52.183307 -0.344994 0.185760 -0.219472 0.893479
1836.000000 10.627839 -6.102614 -52.203823 -0.348864 0.186262 -0.219664 0.891823
1837.000000 10.603319 -6.549509 -52.188814 -0.352731 0.185526 -0.220369 0.890280
1838.000000 10.748063 -6.950627 -52.141130 -0.355839 0.183424 -0.221562 0.889182
1839.000000 10.955240 -7.279899 -52.086792 -0.358198 0.180933 -0.222840 0.888425
1840.000000 11.223119 -7.481779 -52.035050 -0.359346 0.178201 -0.224105 0.888196
1841.000000 11.561692 -7.603227 -51.977615 -0.359662 0.175057 -0.225475 0.888347
1842.000000 11.757446 -7.673499 -51.957676 -0.359843 0.173243 -0.226277 0.888425
1843.000000 11.718580 -7.716733 -51.994300 -0.360301 0.173491 -0.226228 0.888203
1844.000000 11.597322 -7.687605 -52.059961 -0.360318 0.174596 -0.225771 0.888096
1845.000000 11.572351 -7.531972 -52.122369 -0.359048 0.175147 -0.225429 0.888589
1846.000000 11.832823 -7.287423 -52.132754 -0.356400 0.173451 -0.225914 0.889863
1847.000000 11.934679 -7.102967 -52.169101 -0.354602 0.172976 -0.225952 0.890664
1848.000000 11.851156 -7.017700 -52.233776 -0.354050 0.173865 -0.225521 0.890820
1849.000000 11.696220 -6.906990 -52.317534 -0.353432 0.175416 -0.224808 0.890941
1850.000000 11.579235 -6.658331 -52.409869 -0.351559 0.176940 -0.223995 0.891586
1851.000000 11.492737 -6.331582 -52.503493 -0.348962 0.178370 -0.223153 0.892531
1852.000000 11.408928 -6.015035 -52.593123 -0.346457 0.179755 -0.222336 0.893433
1853.000000 11.326705 -5.746991 -52.675052 -0.344372 0.181025 -0.221604 0.894164
1854.000000 11.256277 -5.544256 -52.746094 -0.342815 0.182056 -0.221023 0.894697
1855.000000 11.207986 -5.423672 -52.803140 -0.341898 0.182722 -0.220656 0.895002
1856.000000 11.192975 -5.401155 -52.842859 -0.341734 0.182896 -0.220564 0.895052
1857.000000 11.232993 -5.477369 -52.860747 -0.342288 0.182393 -0.220815 0.894881
1858.000000 11.387613 -5.594585 -52.849601 -0.342949 0.180831 -0.221501 0.894775
1859.000000 11.618384 -5.818955 -52.809337 -0.344360 0.178397 -0.222611 0.894447
1860.000000 11.892115 -6.203879 -52.738749 -0.347043 0.175254 -0.224124 0.893653
1861.000000 12.251283 -6.665754 -52.634294 -0.350203 0.171215 -0.226039 0.892720
1862.000000 12.666099 -7.171321 -52.503720 -0.353618 0.166599 -0.228208 0.891695
1863.000000 13.093572 -7.700466 -52.357934 -0.357205 0.161809 -0.230460 0.890568
1864.000000 13.491100 -8.233835 -52.209815 -0.360884 0.157247 -0.232625 0.889338
1865.000000 13.824461 -8.748561 -52.072794 -0.364534 0.153253 -0.234546 0.888041
1866.000000 14.133083 -9.188553 -51.947976 -0.367591 0.149618 -0.236269 0.886943
1867.000000 14.485657 -9.494448 -51.829619 -0.369398 0.145894 -0.237948 0.886364
1868.000000 14.882090 -9.705517 -51.712001 -0.370286 0.142002 -0.239648 0.886167
1869.000000 15.294759 -9.900880 -51.588435 -0.370996 0.138000 -0.241391 0.886030
1870.000000 15.690550 -10.159123 -51.453389 -0.372280 0.133991 -0.243163 0.885621
1871.000000 16.018022 -10.526313 -51.312832 -0.374665 0.130305 -0.244827 0.884707
1872.000000 16.284926 -10.968168 -51.170487 -0.377843 0.126951 -0.246353 0.883418
1873.000000 16.511526 -11.439746 -51.028797 -0.381378 0.123858 -0.247759 0.881944
1874.000000 16.739654 -11.897297 -50.883889 -0.384790 0.120769 -0.249147 0.880498
1875.000000 17.042058 -12.301813 -50.721101 -0.387561 0.117148 -0.250750 0.879316
1876.000000 17.423987 -12.646391 -50.540157 -0.389613 0.112966 -0.252590 0.878430
1877.000000 17.852507 -12.941470 -50.349401 -0.391109 0.108485 -0.254562 0.877760
1878.000000 18.294155 -13.197596 -50.157957 -0.392222 0.103973 -0.256555 0.877229
1879.000000 18.693137 -13.425924 -49.984034 -0.393190 0.099894 -0.258363 0.876739
1880.000000 18.972753 -13.637868 -49.855328 -0.394317 0.096896 -0.259692 0.876177
1881.000000 19.112392 -13.839831 -49.780512 -0.395719 0.095147 -0.260456 0.875509
1882.000000 19.124131 -14.035489 -49.755413 -0.397404 0.094535 -0.260698 0.874740
1883.000000 19.019559 -14.228702 -49.774707 -0.399374 0.094945 -0.260465 0.873867
1884.000000 18.754119 -14.369556 -49.868850 -0.401298 0.096900 -0.259541 0.873046
1885.000000 18.326041 -14.282075 -50.086550 -0.401634 0.100860 -0.257751 0.872973
1886.000000 18.048324 -14.078629 -50.278443 -0.400577 0.103789 -0.256436 0.873503
1887.000000 17.900332 -13.804201 -50.441030 -0.398578 0.105762 -0.255561 0.874436
1888.000000 17.851678 -13.499946 -50.574432 -0.396076 0.106950 -0.255048 0.875578
1889.000000 17.895069 -13.206636 -50.670834 -0.393440 0.107322 -0.254902 0.876762
1890.000000 18.050010 -12.965296 -50.713251 -0.390964 0.106612 -0.255240 0.877857
1891.000000 18.335407 -12.814976 -50.683968 -0.388936 0.104536 -0.256181 0.878733
1892.000000 18.772064 -12.794933 -50.563742 -0.387644 0.100805 -0.257834 0.879256
1893.000000 19.361108 -12.927241 -50.341987 -0.387278 0.095334 -0.260217 0.879326
1894.000000 19.837281 -13.023605 -50.165768 -0.386881 0.090913 -0.262126 0.879402
1895.000000 20.036827 -13.112082 -50.097397 -0.387133 0.088920 -0.262966 0.879244
1896.000000 20.088531 -13.365677 -50.043256 -0.389223 0.087784 -0.263388 0.878309
1897.000000 20.177287 -13.822878 -49.916309 -0.393004 0.085778 -0.264139 0.876596
1898.000000 20.277421 -14.363047 -49.755671 -0.397491 0.083440 -0.265005 0.874535
1899.000000 20.361077 -14.865954 -49.607290 -0.401700 0.081355 -0.265752 0.872579
1900.000000 20.399072 -15.212900 -49.521912 -0.404652 0.080115 -0.266168 0.871202
1901.000000 20.357762 -15.282526 -49.552889 -0.405374 0.080317 -0.266049 0.870884
1902.000000 20.215112 -14.989792 -49.734987 -0.403184 0.082367 -0.265242 0.871955
1903.000000 20.008237 -14.406762 -50.024065 -0.398632 0.085725 -0.263937 0.874117
1904.000000 20.083861 -13.903747 -50.169390 -0.394043 0.086383 -0.263824 0.876165
1905.000000 20.602014 -13.708693 -50.046228 -0.390953 0.082365 -0.265736 0.877357
1906.000000 21.106176 -13.533076 -49.917550 -0.388056 0.078404 -0.267579 0.878446
1907.000000 21.418342 -13.288727 -49.884534 -0.385064 0.076307 -0.268583 0.879640
1908.000000 21.579387 -13.049927 -49.912786 -0.382522 0.075527 -0.268994 0.880690
1909.000000 21.634046 -12.893464 -49.964402 -0.380990 0.075467 -0.269067 0.881337
1910.000000 21.627281 -12.895968 -50.001168 -0.381026 0.075521 -0.269036 0.881326
1911.000000 21.604336 -13.135038 -49.983199 -0.383194 0.075079 -0.269123 0.880397
1912.000000 21.599830 -13.648510 -49.881697 -0.387729 0.073734 -0.269486 0.878412
1913.000000 21.601832 -14.234654 -49.750988 -0.392886 0.072128 -0.269922 0.876117
1914.000000 21.615734 -14.715717 -49.638947 -0.397086 0.070698 -0.270323 0.874214
1915.000000 21.663558 -15.026975 -49.558792 -0.399701 0.069426 -0.270736 0.872995
1916.000000 21.774463 -15.176524 -49.498473 -0.400722 0.068039 -0.271289 0.872465
1917.000000 21.975972 -15.177134 -49.442967 -0.400183 0.066259 -0.272108 0.872594
1918.000000 22.250625 -15.052613 -49.392158 -0.398331 0.064179 -0.273140 0.873274
1919.000000 22.538394 -14.836012 -49.361496 -0.395617 0.062239 -0.274165 0.874326
1920.000000 22.777589 -14.560048 -49.368296 -0.392505 0.060892 -0.274952 0.875576
1921.000000 22.906325 -14.257362 -49.431424 -0.389460 0.060595 -0.275275 0.876854
1922.000000 22.895192 -13.945795 -49.559475 -0.386728 0.061554 -0.275032 0.878072
1923.000000 22.798711 -13.696542 -49.707172 -0.384787 0.063087 -0.274492 0.878984
1924.000000 22.656156 -13.520974 -49.854020 -0.383626 0.064817 -0.273823 0.879574
1925.000000 22.496046 -13.377007 -49.999013 -0.382792 0.066613 -0.273114 0.880024
1926.000000 22.347493 -13.222110 -50.140692 -0.381832 0.068339 -0.272447 0.880515
1927.000000 22.230128 -13.025970 -50.278354 -0.380432 0.069904 -0.271868 0.881177
1928.000000 22.113280 -12.851877 -50.409040 -0.379233 0.071404 -0.271300 0.881748
1929.000000 21.964648 -12.799847 -50.521734 -0.379189 0.072851 -0.270696 0.881835
1930.000000 21.793811 -12.847336 -50.618137 -0.380066 0.074220 -0.270084 0.881530
1931.000000 21.659342 -12.824237 -50.716043 -0.380220 0.075456 -0.269564 0.881518
1932.000000 21.590116 -12.629576 -50.828467 -0.378703 0.076572 -0.269163 0.882197
1933.000000 21.537522 -12.331848 -50.957667 -0.376250 0.077807 -0.268745 0.883266
1934.000000 21.441799 -12.021794 -51.105682 -0.373816 0.079441 -0.268155 0.884332
1935.000000 21.244112 -11.790950 -51.275470 -0.372348 0.081742 -0.267249 0.885016
1936.000000 21.020955 -11.679872 -51.426542 -0.371977 0.083949 -0.266352 0.885236
1937.000000 21.067786 -11.630666 -51.452743 -0.371425 0.083679 -0.266496 0.885450
1938.000000 21.363811 -11.567109 -51.379525 -0.370101 0.081306 -0.267521 0.885916
1939.000000 21.644302 -11.431477 -51.327366 -0.368198 0.079255 -0.268418 0.886623
1940.000000 21.802478 -11.238476 -51.338189 -0.366120 0.078413 -0.268828 0.887434
1941.000000 21.904570 -11.092208 -51.361481 -0.364591 0.077932 -0.269081 0.888029
1942.000000 22.024344 -11.040547 -51.355244 -0.363819 0.077031 -0.269483 0.888302
1943.000000 22.237848 -10.999853 -51.304935 -0.362889 0.075271 -0.270230 0.888607
1944.000000 22.622295 -10.869956 -51.197555 -0.360739 0.072261 -0.271502 0.889344
1945.000000 23.183672 -10.601849 -51.036131 -0.356911 0.068081 -0.273291 0.890669
1946.000000 23.628533 -10.317922 -50.924430 -0.353234 0.064962 -0.274668 0.891944
1947.000000 23.529811 -10.219522 -51.024448 -0.352653 0.066095 -0.274248 0.892219
1948.000000 23.216235 -10.339421 -51.178261 -0.354563 0.068506 -0.273206 0.891600
1949.000000 23.134927 -10.580786 -51.200091 -0.356888 0.068564 -0.273060 0.890712
1950.000000 23.376983 -10.869997 -51.063577 -0.358754 0.065677 -0.274078 0.889867
1951.000000 23.808741 -11.192620 -50.828331 -0.360401 0.061037 -0.275783 0.889005
1952.000000 24.285103 -11.538531 -50.559848 -0.362134 0.055930 -0.277664 0.888050
1953.000000 24.660497 -11.898264 -50.328791 -0.364263 0.051645 -0.279207 0.886955
1954.000000 24.792045 -12.262347 -50.210511 -0.367103 0.049474 -0.279887 0.885692
1955.000000 24.603379 -12.574413 -50.259525 -0.370364 0.050265 -0.279391 0.884446
1956.000000 24.256125 -12.669573 -50.437248 -0.372140 0.053047 -0.278215 0.883908
1957.000000 24.639059 -12.520699 -50.321765 -0.369806 0.050068 -0.279513 0.884652
1958.000000 24.999064 -12.231601 -50.248773 -0.366297 0.047679 -0.280643 0.885885
1959.000000 24.898547 -11.848146 -50.424473 -0.363226 0.049623 -0.280060 0.887227
1960.000000 24.539889 -11.360762 -50.746486 -0.359956 0.054124 -0.278498 0.888786
1961.000000 24.141977 -10.757665 -51.103347 -0.355776 0.059270 -0.276745 0.890687
1962.000000 23.858686 -10.058390 -51.411833 -0.350435 0.063614 -0.275364 0.892930
1963.000000 23.740299 -9.341454 -51.634903 -0.344506 0.066547 -0.274542 0.895273
1964.000000 23.824772 -8.694445 -51.743001 -0.338653 0.067542 -0.274438 0.897461
1965.000000 24.146320 -8.207205 -51.707981 -0.333548 0.066066 -0.275213 0.899243
1966.000000 24.656295 -7.960491 -51.540134 -0.330019 0.062302 -0.276733 0.900347
1967.000000 24.506212 -7.875190 -51.659096 -0.329703 0.063828 -0.276154 0.900534
1968.000000 24.197157 -7.818070 -51.847293 -0.330042 0.066656 -0.275102 0.900527
1969.000000 24.099939 -7.758501 -51.935425 -0.329776 0.067653 -0.274754 0.900656
1970.000000 24.088674 -7.746731 -51.976321 -0.329691 0.067779 -0.274719 0.900688
1971.000000 24.021434 -7.835559 -52.028093 -0.330630 0.068123 -0.274567 0.900364
1972.000000 23.820314 -8.045850 -52.122505 -0.332978 0.069303 -0.274060 0.899563
1973.000000 23.594520 -8.280863 -52.222531 -0.335601 0.070630 -0.273486 0.898660
1974.000000 23.472026 -8.320655 -52.305647 -0.336276 0.071575 -0.273101 0.898449
1975.000000 23.092048 -8.179946 -52.530859 -0.336066 0.075199 -0.271780 0.898632
1976.000000 22.614092 -7.890933 -52.816533 -0.334834 0.080024 -0.270052 0.899196
1977.000000 22.255027 -7.482021 -53.062179 -0.332279 0.084118 -0.268617 0.900200
1978.000000 22.172920 -7.005944 -53.195302 -0.328447 0.086020 -0.268008 0.901607
1979.000000 22.349152 -6.492126 -53.220380 -0.323621 0.085825 -0.268179 0.903318
1980.000000 22.710459 -5.954263 -53.164791 -0.318111 0.084133 -0.268876 0.905225
1981.000000 23.179353 -5.405803 -53.055912 -0.312225 0.081550 -0.269858 0.907217
1982.000000 23.677991 -4.860676 -52.923273 -0.306271 0.078689 -0.270905 0.909185
1983.000000 24.057326 -4.392421 -52.827533 -0.301266 0.076632 -0.271644 0.910810
1984.000000 24.165123 -4.190156 -52.828750 -0.299257 0.076208 -0.271775 0.911469
1985.000000 24.366546 -4.205331 -52.768600 -0.298871 0.074416 -0.272348 0.911573
1986.000000 24.573763 -4.350603 -52.694133 -0.299591 0.072233 -0.273032 0.911307
1987.000000 24.653684 -4.543672 -52.673998 -0.301056 0.071023 -0.273383 0.910814
1988.000000 24.501696 -4.710709 -52.763850 -0.302894 0.071890 -0.273056 0.910235
1989.000000 24.172966 -4.814962 -52.939762 -0.304639 0.074446 -0.272186 0.909707
1990.000000 23.779122 -4.831345 -53.150567 -0.305790 0.077784 -0.271068 0.909376
1991.000000 23.421411 -4.741524 -53.351692 -0.305939 0.081071 -0.269968 0.909366
1992.000000 23.121545 -4.576130 -53.531320 -0.305299 0.084044 -0.268972 0.909606
1993.000000 22.867414 -4.386869 -53.690764 -0.304341 0.086680 -0.268088 0.909941
1994.000000 22.647196 -4.225799 -53.831380 -0.303529 0.088952 -0.267334 0.910215
1995.000000 22.473040 -4.108727 -53.947590 -0.302961 0.090722 -0.266764 0.910396
1996.000000 22.530740 -3.916567 -53.971759 -0.301175 0.090718 -0.266795 0.910980
1997.000000 22.871183 -3.615994 -53.883272 -0.297768 0.088592 -0.267520 0.912096
1998.000000 23.388978 -3.253253 -53.717827 -0.293383 0.085109 -0.268674 0.913508
1999.000000 23.975479 -2.876323 -53.514774 -0.288689 0.081067 -0.269992 0.914982
2000.000000 24.523323 -2.532434 -53.318338 -0.284358 0.077258 -0.271216 0.916304
2001.000000 24.936663 -2.261667 -53.173119 -0.280983 0.074398 -0.272117 0.917315
2002.000000 25.200699 -2.055442 -53.091052 -0.278535 0.072641 -0.272655 0.918042
2003.000000 25.334827 -1.885087 -53.067334 -0.276723 0.071905 -0.272873 0.918583
2004.000000 25.395478 -1.703356 -53.078100 -0.274995 0.071832 -0.272895 0.919101
2005.000000 25.454883 -1.471491 -53.090137 -0.272831 0.071898 -0.272885 0.919743
2006.000000 25.347737 -1.294361 -53.179601 -0.271572 0.073265 -0.272479 0.920128
2007.000000 25.026993 -1.195586 -53.367365 -0.271542 0.076273 -0.271578 0.920159
2008.000000 24.598483 -1.121753 -53.601852 -0.271998 0.080139 -0.270424 0.920036
2009.000000 24.169987 -1.018895 -53.832821 -0.272199 0.084069 -0.269256 0.919968
2010.000000 23.794790 -0.868384 -54.036893 -0.271857 0.087651 -0.268190 0.920046
2011.000000 23.480584 -0.681144 -54.211472 -0.271049 0.090795 -0.267248 0.920254
2012.000000 23.237637 -0.466971 -54.352905 -0.269834 0.093391 -0.266465 0.920578
2013.000000 23.113912 -0.213365 -54.441653 -0.267989 0.095068 -0.265948 0.921095
2014.000000 23.140185 0.085414 -54.465030 -0.265390 0.095580 -0.265762 0.921848
2015.000000 23.280228 0.401560 -54.437894 -0.262360 0.095168 -0.265836 0.922736
2016.000000 23.491027 0.704149 -54.378146 -0.259267 0.094119 -0.266087 0.923645
2017.000000 23.729654 0.962414 -54.304550 -0.256479 0.092723 -0.266438 0.924463
2018.000000 23.953183 1.145697 -54.236976 -0.254364 0.091270 -0.266811 0.925084
2019.000000 24.122058 1.225496 -54.194637 -0.253267 0.090026 -0.267139 0.925412
2020.000000 24.252223 1.209519 -54.171216 -0.253083 0.088877 -0.267454 0.925483
2021.000000 24.394226 1.238000 -54.141124 -0.252490 0.087736 -0.267762 0.925665
2022.000000 24.600931 1.373291 -54.078587 -0.250820 0.086306 -0.268136 0.926144
2023.000000 24.897145 1.555833 -53.972223 -0.248519 0.084223 -0.268681 0.926798
2024.000000 25.273605 1.721463 -53.826216 -0.246156 0.081402 -0.269423 0.927465
2025.000000 25.584845 1.893767 -53.707384 -0.243893 0.079150 -0.270007 0.928088
2026.000000 25.782090 2.083975 -53.640077 -0.241755 0.077920 -0.270312 0.928663
2027.000000 25.877056 2.280527 -53.620399 -0.239813 0.077589 -0.270377 0.929175
2028.000000 25.881092 2.472423 -53.643823 -0.238136 0.078031 -0.270243 0.929608
2029.000000 25.805300 2.648872 -53.705524 -0.236795 0.079121 -0.269944 0.929945
2030.000000 25.661437 2.798150 -53.800627 -0.235865 0.080731 -0.269512 0.930168
2031.000000 25.471070 2.807023 -53.924602 -0.236267 0.082391 -0.269079 0.930046
2032.000000 25.228606 2.700487 -54.078129 -0.237790 0.084213 -0.268623 0.929627
2033.000000 24.896445 2.679162 -54.267242 -0.238793 0.087015 -0.267911 0.929317
2034.000000 24.522398 2.821641 -54.464449 -0.238490 0.090572 -0.266986 0.929321
2035.000000 24.329486 3.058757 -54.572487 -0.236938 0.092804 -0.266377 0.929672
2036.000000 24.379026 3.340071 -54.568264 -0.234424 0.093073 -0.266253 0.930318
2037.000000 24.563491 3.651336 -54.499952 -0.231323 0.092264 -0.266391 0.931135
2038.000000 24.765845 3.979324 -54.419861 -0.228025 0.091343 -0.266547 0.931995
2039.000000 24.913807 4.320734 -54.360694 -0.224735 0.090918 -0.266569 0.932829
2040.000000 25.099541 4.733768 -54.274832 -0.220726 0.090337 -0.266604 0.933832
2041.000000 25.151827 5.049173 -54.255827 -0.217879 0.090653 -0.266442 0.934516
2042.000000 25.122469 5.311951 -54.277894 -0.215684 0.091539 -0.266156 0.935020
2043.000000 25.093773 5.462272 -54.310137 -0.214456 0.092146 -0.265968 0.935296
2044.000000 25.149863 5.487298 -54.315750 -0.214099 0.091724 -0.266058 0.935394
2045.000000 25.313920 5.436617 -54.278729 -0.214128 0.090185 -0.266424 0.935433
2046.000000 25.407720 5.375681 -54.275295 -0.214432 0.089227 -0.266649 0.935391
2047.000000 25.386428 5.303473 -54.327303 -0.215123 0.089235 -0.266649 0.935231
2048.000000 25.574606 5.099645 -54.293371 -0.216427 0.087120 -0.267177 0.934979
2049.000000 26.034356 4.783123 -54.137902 -0.218028 0.082378 -0.268337 0.934705
2050.000000 26.480316 4.424726 -53.985832 -0.220020 0.077626 -0.269496 0.934311
2051.000000 26.952736 4.293139 -53.796228 -0.219975 0.073196 -0.270546 0.934376
2052.000000 27.495810 4.232333 -53.559913 -0.219129 0.068319 -0.271692 0.934611
2053.000000 27.950327 4.189543 -53.361668 -0.218341 0.064237 -0.272656 0.934805
2054.000000 28.563321 4.287269 -53.062143 -0.215908 0.059093 -0.273860 0.935357
2055.000000 29.028033 4.421825 -52.832078 -0.213511 0.055335 -0.274750 0.935876
2056.000000 29.435672 4.484032 -52.634845 -0.211892 0.051886 -0.275555 0.936205
2057.000000 29.916654 4.438044 -52.401546 -0.211038 0.047485 -0.276551 0.936337
2058.000000 30.233554 4.434690 -52.254710 -0.210237 0.044650 -0.277184 0.936470
2059.000000 30.339514 4.538331 -52.218357 -0.209024 0.043972 -0.277347 0.936725
2060.000000 30.369457 4.703844 -52.220023 -0.207451 0.044138 -0.277333 0.937071
2061.000000 30.418931 4.871916 -52.209531 -0.205803 0.044137 -0.277361 0.937426
2062.000000 30.397234 5.100945 -52.234025 -0.203801 0.044934 -0.277224 0.937866
2063.000000 30.410419 5.330639 -52.237237 -0.201710 0.045416 -0.277149 0.938317
2064.000000 30.042801 5.465338 -52.469578 -0.201498 0.049045 -0.276355 0.938414
2065.000000 29.656002 5.312988 -52.738844 -0.203888 0.052080 -0.275664 0.937937
2066.000000 29.320534 5.272622 -52.964321 -0.205123 0.054948 -0.275030 0.937691
2067.000000 29.005362 5.483528 -53.150296 -0.204070 0.058284 -0.274311 0.937929
2068.000000 28.714831 5.917098 -53.295732 -0.200992 0.061967 -0.273514 0.938591
2069.000000 28.470159 6.484939 -53.395596 -0.196621 0.065583 -0.272713 0.939504
2070.000000 28.292127 7.097292 -53.446980 -0.191704 0.068709 -0.271999 0.940503
2071.000000 28.193430 7.681141 -53.452831 -0.186824 0.071063 -0.271448 0.941469
2072.000000 28.177567 8.186207 -53.420432 -0.182409 0.072490 -0.271096 0.942327
2073.000000 28.239268 8.611079 -53.355075 -0.178491 0.073030 -0.270926 0.943084
2074.000000 28.416253 8.900326 -53.247502 -0.175468 0.072205 -0.271035 0.943683
2075.000000 28.512758 9.360991 -53.150771 -0.171126 0.072524 -0.270878 0.944501
2076.000000 28.528011 9.675814 -53.120151 -0.168282 0.073190 -0.270681 0.945016
2077.000000 28.495652 9.769481 -53.154342 -0.167526 0.073715 -0.270560 0.945145
2078.000000 28.434447 9.660690 -53.240949 -0.168644 0.073980 -0.270535 0.944932
2079.000000 28.363220 9.367336 -53.365307 -0.171423 0.073865 -0.270622 0.944416
2080.000000 28.304653 8.924199 -53.506356 -0.175484 0.073261 -0.270834 0.943656
2081.000000 28.332389 8.544958 -53.587793 -0.178754 0.072058 -0.271139 0.943047
2082.000000 28.437732 8.313207 -53.602800 -0.180529 0.070546 -0.271469 0.942729
2083.000000 28.583652 8.253108 -53.568923 -0.180694 0.069112 -0.271754 0.942721
2084.000000 28.744753 8.372096 -53.498776 -0.179245 0.067999 -0.271951 0.943022
2085.000000 28.913923 8.629856 -53.401210 -0.176553 0.067164 -0.272073 0.943554
2086.000000 29.053828 8.999768 -53.298438 -0.172932 0.066868 -0.272070 0.944246
2087.000000 29.125480 9.457946 -53.213919 -0.168688 0.067397 -0.271895 0.945027
2088.000000 29.090075 9.981177 -53.171477 -0.164128 0.069041 -0.271500 0.945824
2089.000000 28.909629 10.546015 -53.194530 -0.159564 0.072073 -0.270839 0.946568
2090.000000 28.802854 10.899106 -53.214932 -0.156689 0.073912 -0.270433 0.947023
2091.000000 28.865679 10.783934 -53.238128 -0.157538 0.073065 -0.270616 0.946895
2092.000000 28.695138 10.665947 -53.387911 -0.159010 0.074281 -0.270440 0.946605
2093.000000 28.450418 10.605790 -53.564910 -0.160148 0.076306 -0.270119 0.946343
2094.000000 28.258924 10.623298 -53.697394 -0.160465 0.078059 -0.269824 0.946231
2095.000000 28.130964 10.727018 -53.778591 -0.159879 0.079452 -0.269559 0.946290
2096.000000 28.041188 10.827438 -53.839534 -0.159246 0.080476 -0.269352 0.946369
2097.000000 27.965226 10.823648 -53.914327 -0.159489 0.081127 -0.269240 0.946304
2098.000000 27.940305 10.819551 -53.962503 -0.159598 0.081332 -0.269201 0.946279
2099.000000 28.055196 11.029575 -53.894327 -0.157475 0.080838 -0.269197 0.946678
2100.000000 28.014358 11.429933 -53.865817 -0.154053 0.082189 -0.268827 0.947230
2101.000000 27.650270 12.103215 -53.940506 -0.149033 0.087061 -0.267784 0.947893
2102.000000 27.380379 12.551778 -54.009641 -0.145760 0.090541 -0.267047 0.948284
2103.000000 27.082250 12.741163 -54.149632 -0.144832 0.093624 -0.266490 0.948283
2104.000000 26.664816 12.679091 -54.404623 -0.146382 0.097124 -0.265994 0.947833
2105.000000 26.154546 12.386702 -54.752634 -0.150137 0.100859 -0.265597 0.946966
2106.000000 25.613997 11.982740 -55.130978 -0.154890 0.104569 -0.265273 0.945888
2107.000000 25.109444 11.596979 -55.478785 -0.159372 0.107980 -0.264967 0.944846
2108.000000 24.642092 11.152538 -55.812834 -0.164247 0.110898 -0.264741 0.943736
2109.000000 24.160461 10.457822 -56.191050 -0.171233 0.113313 -0.264718 0.942212
2110.000000 23.795410 9.839021 -56.492208 -0.177262 0.114911 -0.264781 0.940885
2111.000000 23.695487 9.422734 -56.639432 -0.180963 0.114765 -0.265038 0.940126
2112.000000 23.912391 9.258430 -56.609886 -0.181833 0.112575 -0.265533 0.940083
2113.000000 24.365638 9.298689 -56.444455 -0.180446 0.108900 -0.266208 0.940592
2114.000000 24.966133 9.488918 -56.184669 -0.177440 0.104348 -0.266995 0.941457
2115.000000 25.625213 9.775866 -55.872783 -0.173449 0.099520 -0.267799 0.942494
2116.000000 26.254427 10.107682 -55.555149 -0.169116 0.095015 -0.268509 0.943544
2117.000000 26.770022 10.440511 -55.280619 -0.165022 0.091433 -0.269019 0.944477
2118.000000 27.170774 10.872777 -55.034520 -0.160333 0.089044 -0.269256 0.945445
2119.000000 27.495826 11.359697 -54.807371 -0.155332 0.087426 -0.269333 0.946408
2120.000000 27.710070 11.691899 -54.662617 -0.151919 0.086380 -0.269375 0.947046
2121.000000 27.708537 11.661771 -54.703343 -0.152182 0.086305 -0.269387 0.947007
2122.000000 27.517661 11.369575 -54.894887 -0.155181 0.087225 -0.269336 0.946451
2123.000000 27.294686 11.056079 -55.104128 -0.158419 0.088379 -0.269265 0.945827
2124.000000 27.125271 10.832649 -55.266371 -0.160736 0.089299 -0.269204 0.945367
2125.000000 27.030676 10.700344 -55.373126 -0.162097 0.089797 -0.269174 0.945096
2126.000000 27.030408 10.655692 -55.416898 -0.162496 0.089696 -0.269203 0.945029
2127.000000 27.141384 10.685932 -55.391814 -0.161991 0.088824 -0.269336 0.945160
2128.000000 27.300032 10.635102 -55.358104 -0.162050 0.087344 -0.269609 0.945210
2129.000000 27.406620 10.493008 -55.366447 -0.163003 0.086083 -0.269878 0.945085
2130.000000 27.446242 10.412252 -55.395567 -0.163587 0.085540 -0.270001 0.944998
2131.000000 27.440054 10.510297 -55.413463 -0.162752 0.085826 -0.269921 0.945139
2132.000000 27.366853 10.654070 -55.455622 -0.161688 0.086796 -0.269710 0.945294
2133.000000 27.199784 10.658259 -55.570629 -0.162048 0.088227 -0.269466 0.945169
2134.000000 26.984018 10.477523 -55.744130 -0.164103 0.089622 -0.269292 0.944733
2135.000000 26.783879 10.173507 -55.931274 -0.167161 0.090586 -0.269236 0.944120
2136.000000 26.651682 9.810082 -56.093939 -0.170545 0.090836 -0.269330 0.943464
2137.000000 26.639796 9.451907 -56.195840 -0.173588 0.090086 -0.269601 0.942903
2138.000000 26.800723 9.164158 -56.201696 -0.175619 0.088054 -0.270081 0.942582
2139.000000 27.181567 9.009104 -56.078193 -0.176005 0.084489 -0.270801 0.942630
2140.000000 27.760178 9.008035 -55.828624 -0.174608 0.079617 -0.271720 0.943049
2141.000000 28.465754 9.153021 -55.482800 -0.171644 0.074002 -0.272739 0.943756
2142.000000 29.203652 9.425387 -55.086349 -0.167480 0.068388 -0.273726 0.944642
2143.000000 29.868548 9.789856 -54.698932 -0.162667 0.063586 -0.274535 0.945583
2144.000000 30.391775 10.216569 -54.365638 -0.157640 0.060127 -0.275076 0.946503
2145.000000 30.750696 10.681110 -54.107804 -0.152677 0.058166 -0.275333 0.947364
2146.000000 30.935683 11.160606 -53.939078 -0.148009 0.057750 -0.275317 0.948134
2147.000000 30.935864 11.632564 -53.872972 -0.143866 0.058935 -0.275041 0.948779
2148.000000 30.747814 12.068822 -53.918550 -0.140515 0.061684 -0.274527 0.949255
2149.000000 30.518678 12.348512 -54.019293 -0.138643 0.064397 -0.274051 0.949488
2150.000000 30.340940 12.470077 -54.125418 -0.138025 0.066261 -0.273746 0.949538
2151.000000 30.282586 12.464612 -54.193392 -0.138213 0.066763 -0.273678 0.949495
2152.000000 30.430029 12.373635 -54.165790 -0.138628 0.065255 -0.273930 0.949466
2153.000000 30.791681 12.247852 -54.024650 -0.138808 0.061783 -0.274473 0.949516
2154.000000 31.266410 12.126374 -53.814116 -0.138668 0.057311 -0.275153 0.949620
2155.000000 31.761559 12.045926 -53.576627 -0.138107 0.052744 -0.275845 0.949765
2156.000000 32.386352 12.048851 -53.235334 -0.136458 0.047213 -0.276672 0.950054
2157.000000 33.281460 12.150368 -52.691272 -0.133196 0.039456 -0.277794 0.950543
2158.000000 34.329631 12.318087 -52.008889 -0.128879 0.030382 -0.279068 0.951098
2159.000000 35.251017 12.603508 -51.353591 -0.123757 0.022669 -0.280132 0.951681
2160.000000 35.831159 12.943181 -50.899627 -0.119003 0.018201 -0.280758 0.952199
2161.000000 36.001564 13.282636 -50.725532 -0.115352 0.017537 -0.280890 0.952621
2162.000000 35.933809 13.641757 -50.711251 -0.112160 0.019153 -0.280745 0.953014
2163.000000 35.911273 14.056769 -50.646469 -0.108305 0.020501 -0.280644 0.953461
2164.000000 36.291803 14.567131 -50.262649 -0.102403 0.018327 -0.280961 0.954064
2165.000000 36.550653 14.949705 -49.996613 -0.098031 0.016947 -0.281160 0.954490
2166.000000 36.481688 15.197341 -50.008417 -0.095885 0.018310 -0.281029 0.954722
2167.000000 36.403778 15.243454 -50.087264 -0.095678 0.019202 -0.280941 0.954751
2168.000000 36.402339 15.201847 -50.135691 -0.096058 0.019129 -0.280980 0.954703
2169.000000 36.584112 15.193366 -50.037844 -0.095571 0.017392 -0.281217 0.954715
2170.000000 37.057924 15.342475 -49.675456 -0.092770 0.013294 -0.281683 0.954920
2171.000000 37.808394 15.730476 -49.019032 -0.086868 0.007157 -0.282331 0.955349
2172.000000 38.583924 16.319239 -48.250938 -0.078836 0.001257 -0.282971 0.955882
2173.000000 39.118066 16.925625 -47.642782 -0.071215 -0.002267 -0.283409 0.956349
2174.000000 39.153345 17.352498 -47.494481 -0.066847 -0.001372 -0.283422 0.956662
2175.000000 39.255240 17.644888 -47.336302 -0.063609 -0.001544 -0.283484 0.956864
2176.000000 39.506293 17.638729 -47.162759 -0.062905 -0.004107 -0.283661 0.956850
2177.000000 39.506328 17.374112 -47.293611 -0.065575 -0.004917 -0.283633 0.956676
2178.000000 39.442601 17.192392 -47.445545 -0.067571 -0.004819 -0.283576 0.956554
2179.000000 39.344900 17.066403 -47.604725 -0.069098 -0.004205 -0.283506 0.956469
2180.000000 39.222465 16.915912 -47.792732 -0.070949 -0.003415 -0.283419 0.956362
2181.000000 39.084529 16.659477 -48.030144 -0.073923 -0.002790 -0.283310 0.956171
2182.000000 38.941410 16.252573 -48.321097 -0.078416 -0.002563 -0.283182 0.955851
2183.000000 38.805749 15.787828 -48.618926 -0.083417 -0.002582 -0.283058 0.955465
2184.000000 38.692029 15.393825 -48.870036 -0.087614 -0.002607 -0.282956 0.955119
2185.000000 38.627330 15.216360 -49.010785 -0.089527 -0.002484 -0.282904 0.954958
2186.000000 38.658821 15.426291 -48.954105 -0.087387 -0.002189 -0.282938 0.955147
2187.000000 38.788091 16.064550 -48.679476 -0.080767 -0.001612 -0.283055 0.955696
2188.000000 38.866429 16.720404 -48.429328 -0.074076 -0.000470 -0.283130 0.956216
2189.000000 38.906263 17.376157 -48.200046 -0.067463 0.001061 -0.283165 0.956695
2190.000000 38.943211 18.049689 -47.956435 -0.060650 0.002682 -0.283182 0.957143
2191.000000 39.030178 18.643575 -47.692318 -0.054445 0.003580 -0.283226 0.957500
2192.000000 39.226745 19.014284 -47.418454 -0.050114 0.002726 -0.283346 0.957704
2193.000000 39.549918 19.094508 -47.151469 -0.048314 -0.000282 -0.283538 0.957743
2194.000000 39.851944 19.143721 -46.910797 -0.046895 -0.003200 -0.283691 0.957763
2195.000000 40.153523 19.250873 -46.642830 -0.044878 -0.005963 -0.283830 0.957805
2196.000000 40.535024 19.382646 -46.290494 -0.042350 -0.009497 -0.284004 0.957840
2197.000000 40.977986 19.507254 -45.879857 -0.039689 -0.013723 -0.284211 0.957842
2198.000000 41.422828 19.595028 -45.474993 -0.037392 -0.018123 -0.284421 0.957799
2199.000000 41.812108 19.616853 -45.142531 -0.035954 -0.022176 -0.284584 0.957720
2200.000000 42.086344 19.561090 -44.946097 -0.035705 -0.025283 -0.284658 0.957630
2201.000000 42.170738 19.521146 -44.918503 -0.035890 -0.026335 -0.284649 0.957598
2202.000000 42.001661 19.633095 -45.061488 -0.035241 -0.024199 -0.284599 0.957693
2203.000000 41.613215 19.968360 -45.307126 -0.032906 -0.019037 -0.284531 0.957913
2204.000000 41.210997 20.288700 -45.564855 -0.030789 -0.013812 -0.284439 0.958100
2205.000000 40.832804 20.496866 -45.844687 -0.029787 -0.009217 -0.284327 0.958220
2206.000000 40.438934 20.594133 -46.182880 -0.029994 -0.004824 -0.284197 0.958285
2207.000000 40.081812 20.580370 -46.533618 -0.031226 -0.001166 -0.284082 0.958291
2208.000000 39.814338 20.474937 -46.843792 -0.033111 0.001281 -0.284003 0.958251
2209.000000 39.658463 20.313133 -47.081128 -0.035226 0.002405 -0.283961 0.958186
2210.000000 39.635913 20.130552 -47.213571 -0.037146 0.002102 -0.283962 0.958113
2211.000000 39.768379 19.963027 -47.208261 -0.038449 0.000265 -0.284018 0.958048
2212.000000 40.057164 19.846632 -47.047414 -0.038766 -0.003019 -0.284133 0.957996
2213.000000 40.437876 19.811855 -46.769667 -0.037972 -0.007015 -0.284288 0.957961
2214.000000 40.839697 19.861216 -46.432226 -0.036241 -0.010999 -0.284456 0.957941
2215.000000 41.195897 19.987973 -46.095690 -0.033836 -0.014305 -0.284610 0.957939
2216.000000 41.441599 20.185840 -45.822119 -0.031020 -0.016265 -0.284725 0.957969
2217.000000 41.515982 20.447599 -45.672187 -0.028058 -0.016246 -0.284784 0.958043
2218.000000 41.399993 20.746259 -45.676495 -0.025289 -0.014108 -0.284794 0.958151
2219.000000 41.103743 21.040744 -45.842763 -0.023105 -0.010076 -0.284779 0.958262
2220.000000 40.634406 21.293141 -46.177176 -0.021896 -0.004384 -0.284720 0.958351
2221.000000 39.996542 21.465523 -46.685265 -0.022060 0.002730 -0.284578 0.958395
2222.000000 39.228265 21.270741 -47.453827 -0.026371 0.009945 -0.284374 0.958299
2223.000000 38.442773 20.625140 -48.405955 -0.035133 0.015891 -0.284224 0.957982
2224.000000 37.745172 20.050082 -49.223499 -0.042751 0.021106 -0.284115 0.957604
2225.000000 37.195835 19.767497 -49.786812 -0.047009 0.025654 -0.283990 0.957331
2226.000000 36.814721 19.718890 -50.122810 -0.048539 0.029191 -0.283838 0.957198
2227.000000 36.617904 19.830941 -50.258376 -0.048061 0.031378 -0.283686 0.957198
2228.000000 36.621230 20.023767 -50.216196 -0.046273 0.031879 -0.283605 0.957293
2229.000000 36.839984 20.213279 -50.015876 -0.043855 0.030351 -0.283677 0.957435
2230.000000 37.282945 20.333204 -49.672615 -0.041410 0.026484 -0.283895 0.957595
2231.000000 37.936168 20.399199 -49.182355 -0.038862 0.020375 -0.284178 0.957767
2232.000000 38.739662 20.714552 -48.451967 -0.033418 0.013407 -0.284409 0.958027
2233.000000 39.560181 21.339542 -47.542129 -0.024729 0.007071 -0.284587 0.958305
2234.000000 40.281879 21.774966 -46.765386 -0.018086 0.001076 -0.284763 0.958427
2235.000000 40.842916 21.879230 -46.260692 -0.015264 -0.004367 -0.284894 0.958428
2236.000000 41.218404 21.771222 -46.011485 -0.015230 -0.008614 -0.284942 0.958385
2237.000000 41.384235 21.568783 -45.991667 -0.016867 -0.011017 -0.284898 0.958346
2238.000000 41.320549 21.381262 -46.169939 -0.019063 -0.010991 -0.284803 0.958333
2239.000000 41.059053 21.303821 -46.471892 -0.020697 -0.008560 -0.284707 0.958353
2240.000000 40.665138 21.420768 -46.797288 -0.020710 -0.004173 -0.284619 0.958408
2241.000000 40.223244 21.748774 -47.061250 -0.018711 0.001322 -0.284525 0.958485
2242.000000 39.819957 22.246629 -47.205684 -0.014884 0.006910 -0.284415 0.958561
2243.000000 39.504029 22.785946 -47.248738 -0.010381 0.011732 -0.284302 0.958607
2244.000000 39.311163 23.226455 -47.230294 -0.006499 0.015023 -0.284217 0.958620
2245.000000 39.249646 23.532853 -47.164854 -0.003563 0.016596 -0.284176 0.958622
2246.000000 39.312363 23.729244 -47.048714 -0.001351 0.016584 -0.284166 0.958631
2247.000000 39.491930 23.840687 -46.875563 0.000358 0.015115 -0.284169 0.958655
2248.000000 39.776307 23.893452 -46.641119 0.001783 0.012373 -0.284166 0.958694
2249.000000 40.098419 23.926871 -46.380899 0.003116 0.009150 -0.284151 0.958731
2250.000000 40.382520 23.965783 -46.147367 0.004385 0.006312 -0.284131 0.958755
2251.000000 40.618105 23.978349 -45.967568 0.005231 0.003882 -0.284113 0.958769
2252.000000 40.791664 23.945235 -45.865058 0.005407 0.001950 -0.284098 0.958778
2253.000000 40.868636 23.929408 -45.838996 0.005467 0.001083 -0.284087 0.958782
2254.000000 40.816948 24.003339 -45.880740 0.006077 0.001852 -0.284093 0.958776
2255.000000 40.628409 24.139804 -46.010731 0.006932 0.004259 -0.284118 0.958755
2256.000000 40.306705 24.256915 -46.265591 0.007180 0.007984 -0.284157 0.958718
2257.000000 39.854012 24.271937 -46.681802 0.005967 0.012708 -0.284196 0.958663
2258.000000 39.284116 24.106587 -47.280204 0.002562 0.018012 -0.284239 0.958581
2259.000000 38.745211 23.764231 -47.927154 -0.002489 0.022404 -0.284301 0.958470
2260.000000 38.451415 23.327476 -48.409404 -0.007696 0.024029 -0.284384 0.958378
2261.000000 38.508524 22.923437 -48.590702 -0.011532 0.022265 -0.284463 0.958359
2262.000000 38.821751 22.580951 -48.536826 -0.014028 0.018150 -0.284534 0.958391
2263.000000 39.301695 22.293825 -48.319217 -0.015506 0.012546 -0.284612 0.958435
2264.000000 39.870496 22.054553 -47.999002 -0.016247 0.006186 -0.284706 0.958457
2265.000000 40.451249 21.856519 -47.638554 -0.016523 -0.000209 -0.284810 0.958441
2266.000000 40.967225 21.693876 -47.305073 -0.016610 -0.005895 -0.284910 0.958392
2267.000000 41.342057 21.561284 -47.071613 -0.016803 -0.010103 -0.284984 0.958332
2268.000000 41.488868 21.445053 -47.027106 -0.017513 -0.011963 -0.285013 0.958289
2269.000000 41.403707 21.359984 -47.171863 -0.018606 -0.011370 -0.285001 0.958279
2270.000000 41.391232 21.472389 -47.163241 -0.017487 -0.010932 -0.285009 0.958303
2271.000000 41.300098 21.676664 -47.182260 -0.015684 -0.009410 -0.285007 0.958351
2272.000000 41.135666 21.946417 -47.235599 -0.013453 -0.006933 -0.284998 0.958409
2273.000000 40.957399 22.283062 -47.269888 -0.010601 -0.004087 -0.284996 0.958461
2274.000000 40.822279 22.686613 -47.233524 -0.006936 -0.001445 -0.285019 0.958496
2275.000000 40.784215 23.156074 -47.074946 -0.002257 0.000427 -0.285080 0.958501
2276.000000 40.900620 23.695202 -46.739144 0.003657 0.000943 -0.285153 0.958475
2277.000000 41.228973 24.307264 -46.166074 0.011040 -0.000511 -0.285200 0.958404
2278.000000 41.836536 24.998058 -45.274339 0.020235 -0.004685 -0.285177 0.958250
2279.000000 42.621483 25.683427 -44.177365 0.030140 -0.010870 -0.285077 0.957969
2280.000000 43.135273 26.119615 -43.449310 0.036598 -0.015073 -0.284951 0.957725
2281.000000 43.417833 26.333361 -43.070027 0.039874 -0.017542 -0.284822 0.957590
2282.000000 43.545036 26.366262 -42.954798 0.040623 -0.018903 -0.284708 0.957566
2283.000000 43.588225 26.256272 -43.012542 0.039506 -0.019788 -0.284615 0.957623
2284.000000 43.600760 26.037758 -43.167099 0.037098 -0.020665 -0.284532 0.957725
2285.000000 43.607148 25.740449 -43.373390 0.033817 -0.021716 -0.284445 0.957850
2286.000000 43.628617 25.393506 -43.590682 0.030055 -0.023088 -0.284339 0.957975
2287.000000 43.687126 25.025907 -43.778979 0.026204 -0.024929 -0.284209 0.958080
2288.000000 43.790537 24.658477 -43.918280 0.022518 -0.027254 -0.284063 0.958154
2289.000000 43.902562 24.286977 -44.047210 0.018835 -0.029675 -0.283917 0.958204
2290.000000 43.978070 23.902565 -44.215559 0.014913 -0.031730 -0.283777 0.958249
2291.000000 43.971080 23.496061 -44.473263 0.010511 -0.032952 -0.283641 0.958307
2292.000000 43.863452 23.086524 -44.826249 0.005789 -0.033093 -0.283514 0.958379
2293.000000 43.729033 22.788769 -45.142552 0.002209 -0.032591 -0.283429 0.958437
2294.000000 43.670472 22.735326 -45.260058 0.001465 -0.032135 -0.283420 0.958456
2295.000000 43.717462 22.933844 -45.149030 0.003707 -0.032014 -0.283486 0.958435
2296.000000 43.829151 23.297070 -44.889609 0.007906 -0.032057 -0.283605 0.958373
2297.000000 43.963402 23.737077 -44.563110 0.013024 -0.032086 -0.283751 0.958273
2298.000000 44.078016 24.168162 -44.253320 0.018028 -0.031927 -0.283896 0.958154
2299.000000 44.130762 24.506473 -44.048783 0.021869 -0.031402 -0.284012 0.958057
2300.000000 44.129807 24.698230 -43.975301 0.023968 -0.030777 -0.284080 0.958007
2301.000000 44.327065 24.848403 -43.723208 0.026280 -0.032447 -0.284085 0.957890
2302.000000 44.748754 25.012219 -43.228969 0.029495 -0.036557 -0.284022 0.957667
2303.000000 45.231658 25.124347 -42.690456 0.032367 -0.041563 -0.283906 0.957404
2304.000000 45.608531 25.112656 -42.329155 0.033499 -0.045836 -0.283755 0.957215
2305.000000 45.818814 24.996965 -42.206818 0.032874 -0.048594 -0.283602 0.957146
2306.000000 45.940393 24.804797 -42.224103 0.031082 -0.050613 -0.283441 0.957149
2307.000000 46.063365 24.754027 -42.154758 0.030906 -0.052181 -0.283369 0.957091
2308.000000 46.241807 24.857284 -41.932100 0.032678 -0.053869 -0.283376 0.956937
2309.000000 46.522433 25.077728 -41.522047 0.036159 -0.056342 -0.283414 0.956658
2310.000000 46.908511 25.369805 -40.939879 0.040884 -0.059809 -0.283453 0.956246
2311.000000 47.204470 25.640943 -40.462121 0.045112 -0.062325 -0.283518 0.955875
2312.000000 47.404108 25.854303 -40.124932 0.048364 -0.063931 -0.283578 0.955593
2313.000000 47.558875 26.003366 -39.877630 0.050709 -0.065249 -0.283598 0.955376
2314.000000 47.693410 26.083159 -39.697596 0.052151 -0.066588 -0.283560 0.955217
2315.000000 47.826747 26.113287 -39.551051 0.052976 -0.068105 -0.283471 0.955091
2316.000000 47.970977 26.146830 -39.388356 0.053873 -0.069752 -0.283376 0.954951
2317.000000 48.198397 26.020164 -39.228803 0.053131 -0.072988 -0.283090 0.954835
2318.000000 48.597032 25.759690 -38.942300 0.051381 -0.078805 -0.282568 0.954623
2319.000000 48.908630 25.440254 -38.796565 0.048573 -0.083802 -0.282023 0.954506
2320.000000 49.061182 25.180437 -38.808317 0.045922 -0.086623 -0.281636 0.954499
2321.000000 49.090463 25.021374 -38.908635 0.044083 -0.087546 -0.281447 0.954558
2322.000000 49.024052 24.976054 -39.054526 0.043312 -0.086885 -0.281450 0.954652
2323.000000 48.922462 25.057427 -39.160914 0.043958 -0.085370 -0.281604 0.954714
2324.000000 48.901063 25.178201 -39.142671 0.045350 -0.084698 -0.281741 0.954668
2325.000000 49.022039 25.093583 -39.080212 0.044744 -0.086483 -0.281578 0.954585
2326.000000 49.086571 24.921287 -39.145217 0.042860 -0.087884 -0.281346 0.954612
2327.000000 49.036195 24.819412 -39.308784 0.041432 -0.087621 -0.281259 0.954725
2328.000000 48.897933 24.928876 -39.446817 0.042269 -0.085538 -0.281454 0.954819
2329.000000 48.940585 25.204205 -39.252508 0.045754 -0.085079 -0.281710 0.954624
2330.000000 49.147402 25.361882 -38.925067 0.048412 -0.087049 -0.281752 0.954303
2331.000000 49.375167 25.176703 -38.791816 0.046954 -0.090514 -0.281406 0.954156
2332.000000 49.622253 24.921121 -38.676254 0.044700 -0.094479 -0.280956 0.954012
2333.000000 49.866500 24.620032 -38.587796 0.041877 -0.098598 -0.280430 0.953878
2334.000000 50.036567 24.330570 -38.582642 0.038931 -0.101774 -0.279943 0.953812
2335.000000 50.113192 24.262523 -38.558112 0.038384 -0.102978 -0.279812 0.953744
2336.000000 50.269402 24.306969 -38.361077 0.039488 -0.104755 -0.279796 0.953510
2337.000000 50.437966 24.329918 -38.160546 0.040379 -0.106761 -0.279753 0.953263
2338.000000 50.284074 24.121509 -38.529757 0.037223 -0.105596 -0.279557 0.953578
2339.000000 50.300114 24.060348 -38.581818 0.036515 -0.106017 -0.279465 0.953586
2340.000000 50.499195 24.105451 -38.326960 0.037781 -0.108335 -0.279416 0.953290
2341.000000 50.756958 24.243783 -37.930970 0.040449 -0.111056 -0.279474 0.952851
2342.000000 51.021975 24.244574 -37.607418 0.041454 -0.114385 -0.279341 0.952453
2343.000000 51.268483 24.126600 -37.384499 0.040878 -0.117913 -0.279037 0.952137
2344.000000 51.490187 23.964195 -37.216603 0.039665 -0.121337 -0.278662 0.951868
2345.000000 51.685616 23.835587 -37.058887 0.038762 -0.124351 -0.278326 0.951614
2346.000000 51.855830 23.804738 -36.873183 0.038977 -0.126700 -0.278148 0.951347
2347.000000 52.039037 23.829624 -36.632289 0.039958 -0.129007 -0.278069 0.951019
2348.000000 52.465559 23.896203 -36.010190 0.042461 -0.134320 -0.277973 0.950203
2349.000000 52.683695 23.616712 -35.911622 0.039608 -0.138264 -0.277341 0.949945
2350.000000 52.787166 23.196488 -36.068546 0.034452 -0.141242 -0.276475 0.949961
2351.000000 52.942984 23.071796 -35.954187 0.033398 -0.143782 -0.276137 0.949716
2352.000000 53.124285 23.181494 -35.648392 0.035553 -0.145769 -0.276251 0.949301
2353.000000 53.313274 23.290302 -35.327275 0.037753 -0.147873 -0.276370 0.948856
2354.000000 53.553754 23.316594 -34.978240 0.039070 -0.151002 -0.276307 0.948328
2355.000000 53.842563 23.269866 -34.598333 0.039587 -0.155109 -0.276064 0.947714
2356.000000 54.119441 23.111777 -34.304966 0.038526 -0.159546 -0.275557 0.947169
2357.000000 54.319375 22.913567 -34.155160 0.036586 -0.163118 -0.274971 0.946808
2358.000000 54.395981 22.800159 -34.143383 0.035316 -0.164641 -0.274653 0.946685
2359.000000 54.544254 22.809077 -33.934313 0.036027 -0.166675 -0.274593 0.946319
2360.000000 55.004178 22.907361 -33.150169 0.039281 -0.172771 -0.274577 0.945101
2361.000000 55.466007 22.949708 -32.376557 0.041839 -0.179233 -0.274424 0.943831
2362.000000 55.819822 22.943413 -31.803560 0.043272 -0.184429 -0.274190 0.942833
2363.000000 56.083403 22.993053 -31.338030 0.045169 -0.188102 -0.274164 0.942025
2364.000000 56.216796 23.067630 -31.078947 0.046898 -0.189753 -0.274307 0.941568
2365.000000 56.218850 23.060826 -31.110146 0.046826 -0.189839 -0.274296 0.941557
2366.000000 56.142283 22.914416 -31.384466 0.044313 -0.189356 -0.273921 0.941885
2367.000000 56.044303 22.584548 -31.826054 0.039015 -0.189329 -0.273023 0.942386
2368.000000 55.992816 22.107639 -32.280149 0.031852 -0.190568 -0.271690 0.942790
2369.000000 55.832430 21.627245 -32.910615 0.024326 -0.190181 -0.270437 0.943453
2370.000000 55.347706 21.308596 -33.955516 0.017991 -0.184518 -0.269820 0.944895
2371.000000 54.864570 21.071082 -34.910423 0.012877 -0.178766 -0.269349 0.946218
2372.000000 54.508629 20.847221 -35.632116 0.008458 -0.174862 -0.268801 0.947152
2373.000000 54.265523 20.613509 -36.172579 0.004383 -0.172562 -0.268196 0.947773
2374.000000 54.181168 20.379230 -36.467426 0.000967 -0.172336 -0.267614 0.947988
2375.000000 54.347098 20.216637 -36.346125 -0.000557 -0.175094 -0.267215 0.947596
2376.000000 54.697838 20.227195 -35.844687 0.000855 -0.179677 -0.267207 0.946739
2377.000000 55.135551 20.463799 -35.065034 0.005645 -0.184642 -0.267767 0.945609
2378.000000 55.586367 20.781852 -34.189624 0.011758 -0.189534 -0.268596 0.944349
2379.000000 55.989258 20.996687 -33.426992 0.016417 -0.194245 -0.269187 0.943153
2380.000000 56.289930 20.960102 -32.974969 0.017151 -0.198641 -0.269042 0.942265
2381.000000 56.481548 20.813740 -32.771196 0.015829 -0.202016 -0.268532 0.941716
2382.000000 56.590258 20.735328 -32.664603 0.015126 -0.203948 -0.268224 0.941399
2383.000000 56.667317 20.685752 -32.594188 0.014715 -0.205300 -0.268019 0.941170
2384.000000 56.774775 20.662968 -32.454345 0.014816 -0.206969 -0.267902 0.940836
2385.000000 56.915676 20.630008 -32.262937 0.014902 -0.209158 -0.267759 0.940391
2386.000000 57.070623 20.532150 -32.087388 0.014104 -0.211815 -0.267410 0.939908
2387.000000 57.182794 20.332624 -32.051304 0.011647 -0.214265 -0.266731 0.939579
2388.000000 57.173248 20.096964 -32.253177 0.008169 -0.215072 -0.265953 0.939652
2389.000000 57.100023 19.956226 -32.504453 0.005844 -0.214565 -0.265511 0.939911
2390.000000 57.078254 20.045929 -32.519410 0.007062 -0.213898 -0.265811 0.939969
2391.000000 57.212680 20.268570 -32.173676 0.010849 -0.214971 -0.266523 0.939487
2392.000000 57.465368 20.302052 -31.730764 0.012411 -0.218554 -0.266607 0.938616
2393.000000 57.770315 20.263457 -31.232746 0.013138 -0.223240 -0.266431 0.937553
2394.000000 58.035388 20.256907 -30.779528 0.014169 -0.227247 -0.266354 0.936597
2395.000000 58.173681 20.290667 -30.532308 0.015272 -0.229193 -0.266438 0.936081
2396.000000 58.247621 20.365067 -30.375786 0.016752 -0.229992 -0.266700 0.935785
2397.000000 58.373932 20.481655 -30.087226 0.019120 -0.231430 -0.267110 0.935268
2398.000000 58.641720 20.625413 -29.496086 0.022590 -0.234977 -0.267596 0.934167
2399.000000 58.993661 20.730669 -28.744117 0.025938 -0.240103 -0.267924 0.932681
2400.000000 59.336843 20.750394 -28.048224 0.027918 -0.245618 -0.267882 0.931199
2401.000000 59.613365 20.695388 -27.530958 0.028321 -0.250525 -0.267487 0.929992
2402.000000 59.853848 20.756679 -26.991018 0.030513 -0.254356 -0.267606 0.928848
2403.000000 60.037494 20.911266 -26.492825 0.034098 -0.256787 -0.268214 0.927879
2404.000000 60.148993 21.035829 -26.173654 0.036867 -0.258108 -0.268755 0.927250
2405.000000 60.235784 21.056659 -25.991297 0.037702 -0.259522 -0.268819 0.926803
2406.000000 60.331610 21.049023 -25.808232 0.038088 -0.261260 -0.268736 0.926323
2407.000000 60.467060 21.110132 -25.471615 0.039914 -0.263389 -0.268952 0.925580
2408.000000 60.746376 21.221945 -24.736519 0.043468 -0.267944 -0.269300 0.924010
2409.000000 61.134676 21.315419 -23.713582 0.047431 -0.274786 -0.269480 0.921750
2410.000000 61.480130 21.375524 -22.785802 0.050670 -0.281201 -0.269534 0.919625
2411.000000 61.630137 21.358017 -22.432392 0.051211 -0.284312 -0.269276 0.918714
2412.000000 61.452839 21.219000 -23.077118 0.047303 -0.281584 -0.268557 0.919973
2413.000000 61.324651 21.092903 -23.557187 0.044111 -0.279811 -0.267927 0.920856
2414.000000 61.229831 21.048257 -23.865622 0.042777 -0.278269 -0.267777 0.921429
2415.000000 61.208595 21.036814 -23.954962 0.042508 -0.277958 -0.267766 0.921539
2416.000000 61.210884 21.010200 -24.003962 0.042082 -0.278118 -0.267674 0.921537
2417.000000 61.071793 20.890827 -24.500752 0.039067 -0.276027 -0.267166 0.922445
2418.000000 60.717275 20.692076 -25.567898 0.033511 -0.270492 -0.266356 0.924535
2419.000000 60.229478 20.484535 -26.892514 0.027419 -0.262874 -0.265624 0.927140
2420.000000 59.782032 20.266740 -28.064605 0.021649 -0.256322 -0.264855 0.929345
2421.000000 59.502065 20.128937 -28.781186 0.018124 -0.252386 -0.264358 0.930638
2422.000000 59.537340 20.235972 -28.666599 0.019948 -0.252527 -0.264743 0.930453
2423.000000 59.530810 20.331419 -28.648110 0.021418 -0.252006 -0.265122 0.930454
2424.000000 59.572743 20.343700 -28.587543 0.021781 -0.252642 -0.265138 0.930268
2425.000000 59.571268 20.398418 -28.586513 0.022641 -0.252374 -0.265372 0.930254
2426.000000 59.532069 20.465599 -28.655151 0.023535 -0.251428 -0.265683 0.930399
2427.000000 59.595105 20.524518 -28.517035 0.024803 -0.252154 -0.265933 0.930098
2428.000000 59.682771 20.571968 -28.333853 0.026022 -0.253334 -0.266131 0.929688
2429.000000 59.799609 20.592774 -28.105127 0.026947 -0.255140 -0.266190 0.929150
2430.000000 59.982293 20.692142 -27.672260 0.029486 -0.257710 -0.266555 0.928259
2431.000000 60.096190 20.919881 -27.284044 0.033894 -0.258530 -0.267562 0.927591
2432.000000 60.221986 21.095304 -26.902690 0.037525 -0.259810 -0.268326 0.926872
2433.000000 60.345417 21.208272 -26.570738 0.040101 -0.261368 -0.268796 0.926190
2434.000000 60.449762 21.259276 -26.326864 0.041505 -0.262937 -0.268966 0.925634
2435.000000 60.533935 21.268226 -26.157917 0.042074 -0.264406 -0.268932 0.925200
2436.000000 60.609902 21.256972 -26.024110 0.042255 -0.265828 -0.268797 0.924823
2437.000000 60.687081 21.248041 -25.885140 0.042491 -0.267256 -0.268669 0.924438
2438.000000 60.767207 21.270974 -25.711843 0.043309 -0.268581 -0.268699 0.924007
2439.000000 60.692954 21.425637 -25.792518 0.045701 -0.266442 -0.269564 0.924260
2440.000000 60.426809 21.664006 -26.247706 0.048530 -0.260503 -0.270988 0.925391
2441.000000 60.351130 21.748085 -26.384826 0.049597 -0.258769 -0.271458 0.925683
2442.000000 60.384603 21.746956 -26.342263 0.049739 -0.259378 -0.271421 0.925516
2443.000000 60.417374 21.750126 -26.298539 0.049946 -0.259952 -0.271399 0.925350
2444.000000 60.349348 21.833225 -26.422186 0.051042 -0.258318 -0.271867 0.925610
2445.000000 60.175741 21.972855 -26.738435 0.052579 -0.254551 -0.272703 0.926322
2446.000000 60.016796 22.044016 -27.069363 0.052992 -0.251459 -0.273182 0.927002
2447.000000 59.899176 22.064916 -27.343578 0.052760 -0.249369 -0.273386 0.927519
2448.000000 59.786076 22.146542 -27.556010 0.053588 -0.247066 -0.273866 0.927946
2449.000000 59.714476 22.298496 -27.621736 0.055801 -0.245107 -0.274619 0.928113
2450.000000 59.699098 22.372255 -27.630447 0.056968 -0.244471 -0.274963 0.928108
2451.000000 59.630634 22.496239 -27.712872 0.058685 -0.242712 -0.275571 0.928282
2452.000000 59.546755 22.673127 -27.783944 0.061182 -0.240457 -0.276409 0.928459
2453.000000 59.445435 22.872860 -27.871966 0.063957 -0.237810 -0.277344 0.928674
2454.000000 59.329524 22.967004 -28.076094 0.064909 -0.235439 -0.277840 0.929064
2455.000000 59.248963 22.985495 -28.266225 0.064796 -0.234022 -0.277987 0.929386
2456.000000 59.110891 23.194527 -28.417559 0.067555 -0.230732 -0.279004 0.929707
2457.000000 58.839025 23.538115 -28.728949 0.071860 -0.224616 -0.280732 0.930362
2458.000000 58.750371 23.884866 -28.655308 0.077094 -0.221467 -0.282225 0.930246
2459.000000 58.857608 24.135484 -28.256707 0.081744 -0.221951 -0.283080 0.929474
2460.000000 58.997428 24.425282 -27.748136 0.087225 -0.222803 -0.284011 0.928487
2461.000000 58.966299 24.697884 -27.609764 0.091545 -0.220931 -0.285082 0.928190
2462.000000 58.796382 24.869235 -27.856196 0.093445 -0.217240 -0.285970 0.928599
2463.000000 58.581715 25.070550 -28.160332 0.095682 -0.212659 -0.287099 0.929083
2464.000000 58.449281 25.411854 -28.159672 0.100692 -0.208719 -0.288644 0.928968
2465.000000 58.425235 25.849516 -27.838815 0.107896 -0.206040 -0.290355 0.928224
2466.000000 58.491966 26.214022 -27.386337 0.114419 -0.205214 -0.291614 0.927231
2467.000000 58.629264 26.531527 -26.816734 0.120588 -0.205829 -0.292536 0.926021
2468.000000 58.544545 26.804061 -26.768007 0.124754 -0.202918 -0.293706 0.925742
2469.000000 58.398707 27.035193 -26.890468 0.127883 -0.199165 -0.294864 0.925761
2470.000000 58.311156 27.194418 -26.954311 0.130147 -0.196779 -0.295664 0.925701
2471.000000 58.243361 27.348298 -26.977724 0.132458 -0.194747 -0.296422 0.925561
2472.000000 58.212674 27.612762 -26.806794 0.136893 -0.192719 -0.297499 0.924994
2473.000000 58.301036 27.858644 -26.391887 0.141706 -0.192826 -0.298205 0.924019
2474.000000 58.543138 28.060319 -25.665999 0.146697 -0.195938 -0.298312 0.922550
2475.000000 58.638390 28.247719 -25.273114 0.150610 -0.196609 -0.298719 0.921644
2476.000000 58.531063 28.450640 -25.330014 0.153587 -0.193521 -0.299753 0.921471
2477.000000 58.368118 28.671829 -25.492411 0.156566 -0.189305 -0.301027 0.921430
2478.000000 58.269906 28.832672 -25.569206 0.158868 -0.186610 -0.301899 0.921300
2479.000000 58.126649 28.962752 -25.775980 0.160365 -0.183327 -0.302795 0.921406
2480.000000 57.986818 29.106047 -25.959602 0.162111 -0.180020 -0.303731 0.921445
2481.000000 57.914022 29.247034 -25.998146 0.164198 -0.177888 -0.304455 0.921250
2482.000000 57.868645 29.398834 -25.964058 0.166626 -0.176169 -0.305122 0.920924
2483.000000 57.772901 29.550506 -26.041810 0.168725 -0.173580 -0.305928 0.920766
2484.000000 57.467872 29.668542 -26.613070 0.168965 -0.167583 -0.307253 0.921392
2485.000000 57.177299 29.740171 -27.187148 0.168525 -0.162202 -0.308381 0.922058
2486.000000 57.083591 29.816643 -27.333685 0.169318 -0.160158 -0.308930 0.922086
2487.000000 57.122774 29.884426 -27.210736 0.170726 -0.160404 -0.309043 0.921746
2488.000000 57.206376 30.007551 -26.930657 0.173331 -0.161107 -0.309164 0.921096
2489.000000 57.306331 30.133069 -26.610578 0.176073 -0.162089 -0.309223 0.920384
2490.000000 57.310594 30.238720 -26.518616 0.177916 -0.161525 -0.309536 0.920023
2491.000000 57.280438 30.373071 -26.465846 0.180082 -0.160190 -0.310062 0.919658
2492.000000 57.286555 30.526914 -26.308976 0.182823 -0.159368 -0.310531 0.919102
2493.000000 57.358688 30.756245 -25.914462 0.187320 -0.159250 -0.311003 0.918057
2494.000000 57.545646 31.007882 -25.223675 0.193016 -0.161035 -0.311140 0.916517
2495.000000 57.806134 31.164979 -24.457835 0.197584 -0.164794 -0.310685 0.915029
2496.000000 58.003895 31.239330 -23.925851 0.200248 -0.168034 -0.310137 0.914046
2497.000000 58.112809 31.325677 -23.581854 0.202582 -0.169585 -0.309952 0.913308
2498.000000 58.148823 31.448142 -23.360668 0.205189 -0.169515 -0.310200 0.912654
2499.000000 58.153499 31.578726 -23.201852 0.207790 -0.168772 -0.310630 0.912057
2500.000000 58.195069 31.682026 -22.987241 0.210118 -0.168916 -0.310817 0.911433
2501.000000 58.262715 31.716469 -22.800920 0.211262 -0.170038 -0.310639 0.911021
2502.000000 58.216330 31.717767 -22.951242 0.210943 -0.169138 -0.310834 0.911196
2503.000000 58.033863 31.650206 -23.533441 0.208379 -0.166035 -0.311391 0.912165
2504.000000 57.781883 31.581219 -24.268496 0.205445 -0.161655 -0.312263 0.913319
2505.000000 57.567898 31.622873 -24.751395 0.204884 -0.157382 -0.313317 0.913830
2506.000000 57.489646 31.698426 -24.870207 0.205770 -0.155480 -0.313874 0.913766
2507.000000 57.490815 31.736186 -24.855702 0.206452 -0.155260 -0.313981 0.913613
2508.000000 57.404362 31.760506 -25.061591 0.206332 -0.153508 -0.314408 0.913789
2509.000000 57.275997 31.768020 -25.381277 0.205655 -0.151114 -0.314954 0.914153
2510.000000 57.162631 31.754178 -25.687583 0.204716 -0.149151 -0.315377 0.914540
2511.000000 57.091316 31.759613 -25.870189 0.204397 -0.147861 -0.315684 0.914714
2512.000000 57.122143 31.792679 -25.791298 0.205186 -0.148234 -0.315654 0.914488
2513.000000 57.200283 31.890255 -25.529497 0.207416 -0.149023 -0.315626 0.913866
2514.000000 57.265616 32.010181 -25.267064 0.209992 -0.149422 -0.315728 0.913177
2515.000000 57.262449 32.102335 -25.193470 0.211638 -0.148766 -0.316029 0.912800
2516.000000 57.134679 32.117440 -25.498227 0.211074 -0.146399 -0.316585 0.913120
2517.000000 56.961875 31.983955 -26.080390 0.207623 -0.144187 -0.316889 0.914158
2518.000000 56.822322 31.827933 -26.603201 0.204104 -0.142690 -0.317019 0.915139
2519.000000 56.678937 31.735881 -27.047334 0.201742 -0.140752 -0.317347 0.915849
2520.000000 56.514634 31.752261 -27.401757 0.201105 -0.137866 -0.318019 0.916195
2521.000000 56.372115 31.848794 -27.615687 0.201879 -0.134956 -0.318765 0.916199
2522.000000 56.365346 31.908055 -27.596280 0.202769 -0.134550 -0.318902 0.916015
2523.000000 56.566332 31.861941 -27.273854 0.203148 -0.138153 -0.318058 0.915688
2524.000000 56.649435 31.704758 -27.323211 0.200968 -0.140441 -0.317350 0.916066
2525.000000 56.541823 31.509458 -27.805715 0.197085 -0.139756 -0.317240 0.917052
2526.000000 56.320066 31.398530 -28.409764 0.194068 -0.136707 -0.317783 0.917967
2527.000000 56.080231 31.469009 -28.833748 0.193970 -0.132395 -0.318845 0.918251
2528.000000 56.022370 31.585734 -28.844330 0.195610 -0.130810 -0.319366 0.917949
2529.000000 56.213512 31.758399 -28.307888 0.199497 -0.132904 -0.319134 0.916892
2530.000000 56.667612 32.038996 -27.097092 0.206738 -0.138770 -0.318174 0.914750
2531.000000 57.100274 32.347162 -25.834815 0.214613 -0.144342 -0.317289 0.912378
2532.000000 57.205435 32.602184 -25.320055 0.219702 -0.144648 -0.317515 0.911039
2533.000000 57.019735 32.818319 -25.500166 0.222310 -0.140008 -0.318868 0.910659
2534.000000 56.895850 33.063449 -25.494326 0.225916 -0.136253 -0.320085 0.909914
2535.000000 56.945429 33.337619 -25.046697 0.231276 -0.135387 -0.320651 0.908496
2536.000000 57.134445 33.596586 -24.279616 0.237418 -0.137148 -0.320540 0.906685
2537.000000 57.429952 33.800959 -23.307684 0.243414 -0.141316 -0.319726 0.904740
2538.000000 57.763078 33.927278 -22.314185 0.248312 -0.146947 -0.318392 0.902981
2539.000000 57.898050 34.008856 -21.874833 0.250886 -0.149134 -0.317862 0.902097
2540.000000 57.679054 34.034668 -22.446466 0.249684 -0.144601 -0.319065 0.902744
2541.000000 57.318085 34.027499 -23.400288 0.246936 -0.137601 -0.320934 0.903930
2542.000000 57.101395 34.037269 -23.943500 0.245640 -0.133418 -0.322083 0.904502
2543.000000 57.051520 34.030001 -24.101534 0.245182 -0.132567 -0.322318 0.904667
2544.000000 57.170541 33.977667 -23.922584 0.245011 -0.135186 -0.321566 0.904594
2545.000000 57.360141 33.912164 -23.593162 0.245036 -0.139249 -0.320382 0.904391
2546.000000 57.491794 33.881914 -23.351469 0.245334 -0.141981 -0.319589 0.904166
2547.000000 57.441469 33.932735 -23.438957 0.245986 -0.140607 -0.320027 0.904048
2548.000000 57.170894 34.070475 -23.932011 0.246781 -0.134489 -0.321838 0.904120
2549.000000 56.947598 34.170494 -24.351741 0.247104 -0.129717 -0.323196 0.904244
2550.000000 56.980906 34.132047 -24.359495 0.246604 -0.130626 -0.322917 0.904349
2551.000000 57.191833 34.009983 -24.066136 0.245748 -0.135377 -0.321530 0.904378
2552.000000 57.447239 33.894030 -23.652012 0.245244 -0.141020 -0.319859 0.904245
2553.000000 57.623808 33.862669 -23.301673 0.245802 -0.144643 -0.318807 0.903893
2554.000000 57.620891 33.977701 -23.178306 0.248037 -0.143740 -0.319204 0.903286
2555.000000 57.501560 34.136070 -23.276734 0.250303 -0.140313 -0.320340 0.902797
2556.000000 57.396422 34.182532 -23.499661 0.250448 -0.138019 -0.321010 0.902873
2557.000000 57.369437 34.081472 -23.742406 0.248320 -0.138238 -0.320837 0.903488
2558.000000 57.421921 33.841438 -23.988609 0.244143 -0.140861 -0.319864 0.904566
2559.000000 57.438476 33.562892 -24.369041 0.239068 -0.143005 -0.318966 0.905901
2560.000000 57.336628 33.409373 -24.848210 0.235658 -0.142050 -0.319066 0.906909
2561.000000 57.154381 33.456152 -25.236538 0.235405 -0.138380 -0.320114 0.907173
2562.000000 56.964761 33.568534 -25.549968 0.236186 -0.134300 -0.321283 0.907170
2563.000000 56.844177 33.557939 -25.867879 0.235155 -0.132309 -0.321747 0.907565
2564.000000 56.840862 33.328573 -26.207968 0.231068 -0.133699 -0.321147 0.908624
2565.000000 56.882378 33.013553 -26.551487 0.225868 -0.136325 -0.320159 0.909889
2566.000000 56.852410 32.788475 -26.925557 0.221896 -0.137125 -0.319731 0.910896
2567.000000 56.715112 32.687344 -27.365795 0.219489 -0.135338 -0.320102 0.911616
2568.000000 56.886919 32.857158 -26.831532 0.223326 -0.137291 -0.319766 0.910509
2569.000000 56.936676 33.079233 -26.483660 0.227406 -0.136832 -0.320115 0.909445
2570.000000 56.904496 33.209529 -26.424648 0.229414 -0.135523 -0.320571 0.908976
2571.000000 57.014005 33.176497 -26.266855 0.229498 -0.137591 -0.320031 0.908834
2572.000000 57.191166 33.044005 -26.088246 0.228264 -0.141424 -0.318933 0.908942
2573.000000 57.193833 32.876421 -26.322543 0.225400 -0.142511 -0.318464 0.909652
2574.000000 57.079906 32.766258 -26.737238 0.222883 -0.141167 -0.318691 0.910401
2575.000000 57.277394 32.906558 -26.172343 0.226459 -0.143726 -0.318202 0.909289
2576.000000 57.334366 32.965225 -26.005316 0.227849 -0.144359 -0.318118 0.908871
2577.000000 57.564145 33.248731 -25.152904 0.234350 -0.146667 -0.317908 0.906920
2578.000000 57.485390 33.275852 -25.333354 0.234292 -0.145109 -0.318327 0.907038
2579.000000 57.526781 33.183191 -25.401115 0.232859 -0.146405 -0.317882 0.907355
2580.000000 57.640261 33.015868 -25.390503 0.230622 -0.149488 -0.316895 0.907769
2581.000000 57.605228 32.773253 -25.817315 0.226092 -0.150355 -0.316349 0.908955
2582.000000 57.481362 32.500609 -26.459719 0.220671 -0.149821 -0.316121 0.910453
2583.000000 57.481795 32.313968 -26.717609 0.217533 -0.150906 -0.315618 0.911204
2584.000000 57.474547 32.262293 -26.829159 0.216665 -0.151033 -0.315549 0.911413
2585.000000 57.112008 32.127500 -27.783620 0.212351 -0.145712 -0.316649 0.912912
2586.000000 56.966829 32.132129 -28.109870 0.211562 -0.143348 -0.317183 0.913284
2587.000000 56.806786 31.775632 -28.864488 0.204902 -0.142808 -0.316839 0.915005
2588.000000 56.767532 31.443817 -29.336285 0.199443 -0.144017 -0.316148 0.916260
2589.000000 56.854355 31.253065 -29.407928 0.196908 -0.146405 -0.315368 0.916698
2590.000000 57.041041 31.260277 -29.072794 0.197992 -0.149306 -0.314720 0.916219
2591.000000 57.224975 31.360365 -28.635942 0.200574 -0.151669 -0.314334 0.915402
2592.000000 57.296531 31.509783 -28.363427 0.203383 -0.151956 -0.314505 0.914676
2593.000000 57.218282 31.675319 -28.372171 0.205600 -0.149784 -0.315222 0.914291
2594.000000 57.216231 31.666643 -28.418573 0.205441 -0.149825 -0.315197 0.914329
2595.000000 57.367515 31.431480 -28.403984 0.202530 -0.153575 -0.314037 0.914755
2596.000000 57.569817 31.243251 -28.231190 0.200622 -0.157922 -0.312781 0.914866
2597.000000 57.715317 31.175080 -28.040884 0.200317 -0.160690 -0.312047 0.914701
2598.000000 57.798989 31.209749 -27.865321 0.201353 -0.161841 -0.311850 0.914338
2599.000000 57.812420 31.257648 -27.822458 0.202213 -0.161747 -0.311963 0.914126
2600.000000 57.756653 31.246697 -27.988585 0.201691 -0.160889 -0.312136 0.914334
2601.000000 57.696713 31.138378 -28.266484 0.199574 -0.160534 -0.312027 0.914898
2602.000000 57.717861 30.901728 -28.516324 0.195867 -0.162184 -0.311275 0.915664
2603.000000 57.859149 30.744197 -28.432730 0.194102 -0.165333 -0.310325 0.915799
2604.000000 57.977582 30.567860 -28.413234 0.191914 -0.168217 -0.309393 0.916050
2605.000000 58.026685 30.594720 -28.315180 0.192651 -0.168855 -0.309317 0.915804
2606.000000 57.921511 30.585481 -28.572179 0.191955 -0.167202 -0.309660 0.916137
2607.000000 57.928563 30.474636 -28.710696 0.190217 -0.167912 -0.309320 0.916485
2608.000000 57.992717 30.286201 -28.814816 0.187572 -0.169930 -0.308573 0.916910
2609.000000 58.001462 30.065415 -29.064355 0.184120 -0.171216 -0.307918 0.917590
2610.000000 57.738503 29.824830 -29.859969 0.179027 -0.168340 -0.308071 0.919077
2611.000000 57.594183 29.635880 -30.358364 0.175425 -0.167067 -0.307992 0.920030
2612.000000 57.448866 29.584708 -30.714799 0.173929 -0.165139 -0.308273 0.920568
2613.000000 57.316070 29.380489 -31.186965 0.170229 -0.164209 -0.308089 0.921487
2614.000000 57.167446 29.368019 -31.501861 0.169315 -0.162111 -0.308448 0.921907
2615.000000 56.992766 29.296471 -31.919164 0.167409 -0.159908 -0.308721 0.922548
2616.000000 57.008377 29.154366 -32.055561 0.165424 -0.160827 -0.308313 0.922883
2617.000000 56.977002 29.032979 -32.255625 0.163528 -0.160956 -0.308088 0.923273
2618.000000 56.864771 28.929065 -32.581028 0.161503 -0.159850 -0.308112 0.923814
2619.000000 56.715477 28.878886 -32.920009 0.160088 -0.157967 -0.308358 0.924302
2620.000000 56.894859 28.821912 -32.694899 0.160119 -0.160757 -0.307774 0.924010
2621.000000 56.917311 28.738769 -32.763004 0.159050 -0.161466 -0.307513 0.924158
2622.000000 56.878115 28.568738 -33.011771 0.156477 -0.161725 -0.307185 0.924661
2623.000000 56.888611 28.491125 -33.093512 0.155438 -0.162249 -0.306965 0.924817
2624.000000 57.019626 28.390624 -32.987903 0.154645 -0.164549 -0.306408 0.924728
2625.000000 57.009165 28.250042 -33.159187 0.152648 -0.165050 -0.306089 0.925076
2626.000000 56.933391 28.122136 -33.430848 0.150535 -0.164578 -0.305954 0.925551
2627.000000 56.904800 28.059448 -33.567739 0.149529 -0.164461 -0.305868 0.925764
2628.000000 56.816917 28.033611 -33.772626 0.148765 -0.163371 -0.305998 0.926037
2629.000000 56.897916 27.914957 -33.768232 0.147504 -0.165025 -0.305529 0.926100
2630.000000 56.804795 27.733326 -34.109046 0.144601 -0.164558 -0.305291 0.926719
2631.000000 56.707601 27.597737 -34.414737 0.142329 -0.163840 -0.305168 0.927238
2632.000000 56.844909 27.571007 -34.241933 0.142572 -0.165834 -0.304804 0.926966
2633.000000 56.988372 27.461226 -34.125229 0.141723 -0.168272 -0.304233 0.926845
2634.000000 57.023612 27.398554 -34.149317 0.141039 -0.169037 -0.304007 0.926884
2635.000000 57.111501 27.294628 -34.120918 0.140019 -0.170681 -0.303573 0.926880
2636.000000 57.142593 27.209797 -34.172579 0.139004 -0.171463 -0.303304 0.926976
2637.000000 57.042624 27.125080 -34.439208 0.137425 -0.170489 -0.303299 0.927393
2638.000000 57.024702 27.037108 -34.570787 0.136160 -0.170653 -0.303114 0.927610
2639.000000 56.958915 26.973184 -34.761778 0.135026 -0.170055 -0.303088 0.927894
2640.000000 57.084152 27.027209 -34.548543 0.136289 -0.171494 -0.302973 0.927482
2641.000000 57.215751 27.048968 -34.348684 0.137163 -0.173153 -0.302778 0.927108
2642.000000 57.071009 26.959634 -34.693421 0.135324 -0.171593 -0.302841 0.927648
2643.000000 56.875411 26.872596 -35.114207 0.133313 -0.169374 -0.302998 0.928296
2644.000000 56.920575 26.683442 -35.218670 0.131014 -0.170787 -0.302454 0.928541
2645.000000 57.022299 26.547217 -35.189157 0.129671 -0.172720 -0.301933 0.928542
2646.000000 56.995880 26.446307 -35.340572 0.128246 -0.172802 -0.301740 0.928787
2647.000000 56.945558 26.338197 -35.537393 0.126615 -0.172589 -0.301574 0.929104
2648.000000 56.906528 26.230956 -35.714783 0.125041 -0.172525 -0.301387 0.929390
2649.000000 56.878446 26.193642 -35.819789 0.124432 -0.172334 -0.301342 0.929521
2650.000000 56.820300 26.061945 -36.040926 0.122478 -0.172149 -0.301122 0.929887
2651.000000 56.763471 25.875695 -36.299158 0.119841 -0.172187 -0.300774 0.930336
2652.000000 56.809018 25.747085 -36.354660 0.118374 -0.173298 -0.300388 0.930442
2653.000000 56.891567 25.704793 -36.290161 0.118170 -0.174528 -0.300147 0.930316
2654.000000 56.878487 25.720323 -36.333094 0.118328 -0.174291 -0.300209 0.930320
2655.000000 56.900574 25.685468 -36.356418 0.117984 -0.174718 -0.300091 0.930322
2656.000000 56.952150 25.489863 -36.447563 0.115695 -0.176183 -0.299536 0.930512
2657.000000 57.017285 25.436843 -36.417727 0.115277 -0.177232 -0.299302 0.930440
2658.000000 57.073724 25.394259 -36.393540 0.114958 -0.178130 -0.299107 0.930370
2659.000000 57.108440 25.278332 -36.452581 0.113626 -0.179058 -0.298768 0.930465
2660.000000 57.090297 25.203733 -36.565584 0.112604 -0.179142 -0.298613 0.930623
2661.000000 57.092877 25.148139 -36.635490 0.111890 -0.179401 -0.298471 0.930704
2662.000000 57.118946 25.008407 -36.725061 0.110223 -0.180294 -0.298089 0.930853
2663.000000 57.167656 24.877962 -36.772070 0.108773 -0.181437 -0.297695 0.930928
2664.000000 57.176803 24.823349 -36.828322 0.108132 -0.181768 -0.297553 0.930983
2665.000000 57.109228 24.882130 -36.927222 0.108617 -0.180667 -0.297806 0.931060
2666.000000 57.018482 25.009189 -37.015985 0.109849 -0.179012 -0.298247 0.931094
2667.000000 56.946291 24.826829 -37.284116 0.107252 -0.178848 -0.297905 0.931538
2668.000000 56.922128 24.587277 -37.513191 0.104162 -0.179511 -0.297361 0.931935
2669.000000 56.935669 24.437725 -37.622598 0.102371 -0.180281 -0.296985 0.932105
2670.000000 56.994634 24.383552 -37.601442 0.101949 -0.181223 -0.296779 0.932034
2671.000000 57.036303 24.471084 -37.516818 0.103208 -0.181371 -0.296944 0.931814
2672.000000 56.986958 24.544770 -37.579993 0.103918 -0.180453 -0.297197 0.931833
2673.000000 56.818902 24.394360 -37.965820 0.101382 -0.178976 -0.297061 0.932440
2674.000000 56.622330 24.125600 -38.461545 0.097344 -0.177624 -0.296694 0.933245
2675.000000 56.611254 24.025254 -38.572763 0.096104 -0.177881 -0.296480 0.933393
2676.000000 56.765376 24.055824 -38.358831 0.097084 -0.179640 -0.296352 0.932995
2677.000000 56.866128 24.196249 -38.155256 0.099191 -0.180314 -0.296560 0.932577
2678.000000 56.901182 24.233499 -38.116107 0.099764 -0.180586 -0.296610 0.932447
2679.000000 56.820478 24.061047 -38.381153 0.097329 -0.180267 -0.296307 0.932863
2680.000000 56.643218 23.816005 -38.826744 0.093702 -0.179061 -0.295964 0.933575
2681.000000 56.609626 23.656419 -39.005413 0.091684 -0.179262 -0.295645 0.933838
2682.000000 56.682346 23.708564 -38.901211 0.092596 -0.179936 -0.295679 0.933608
2683.000000 56.794632 23.894243 -38.656939 0.095260 -0.180580 -0.295978 0.933120
2684.000000 56.843971 24.082847 -38.502334 0.097722 -0.180446 -0.296367 0.932768
2685.000000 56.682662 23.862792 -38.911173 0.094430 -0.179345 -0.296045 0.933422
2686.000000 56.541764 23.506891 -39.363731 0.089663 -0.179007 -0.295401 0.934160
2687.000000 56.544949 23.383504 -39.465271 0.088231 -0.179507 -0.295123 0.934289
2688.000000 56.591057 23.497372 -39.364861 0.089760 -0.179628 -0.295331 0.934054
2689.000000 56.672640 23.665622 -39.180091 0.092077 -0.179959 -0.295628 0.933670
2690.000000 56.707476 23.611095 -39.198776 0.091549 -0.180567 -0.295468 0.933656
2691.000000 56.576712 23.351123 -39.577774 0.087956 -0.179989 -0.295018 0.934255
2692.000000 56.539244 23.134394 -39.791629 0.085272 -0.180354 -0.294569 0.934575
2693.000000 56.583068 23.138753 -39.759034 0.085502 -0.180860 -0.294531 0.934468
2694.000000 56.560644 23.136812 -39.824724 0.085408 -0.180609 -0.294553 0.934518
2695.000000 56.627038 23.120577 -39.774896 0.085452 -0.181447 -0.294442 0.934387
2696.000000 56.725780 23.092623 -39.686410 0.085473 -0.182705 -0.294271 0.934194
2697.000000 56.642969 22.960908 -39.914812 0.083618 -0.182221 -0.294058 0.934523
2698.000000 56.559878 22.906940 -40.096010 0.082697 -0.181452 -0.294026 0.934765
2699.000000 56.362686 22.955188 -40.378870 0.082552 -0.178977 -0.294341 0.935155
2700.000000 56.337645 22.974772 -40.437340 0.082676 -0.178621 -0.294404 0.935193
2701.000000 56.503469 22.985910 -40.233396 0.083398 -0.180510 -0.294256 0.934812
2702.000000 56.537044 22.904802 -40.267515 0.082570 -0.181194 -0.294037 0.934822
2703.000000 56.536093 22.739932 -40.395489 0.080668 -0.181783 -0.293668 0.934990
2704.000000 56.530022 22.628691 -40.500876 0.079375 -0.182100 -0.293429 0.935114
2705.000000 56.364852 22.656676 -40.749713 0.079102 -0.180088 -0.293658 0.935455
2706.000000 56.201508 22.748779 -40.956973 0.079560 -0.177902 -0.294013 0.935723
2707.000000 56.232285 22.732726 -40.957217 0.079478 -0.178325 -0.293941 0.935672
2708.000000 56.319342 22.499396 -40.999432 0.077125 -0.180169 -0.293344 0.935703
2709.000000 56.479838 22.423181 -40.854069 0.076830 -0.182277 -0.293019 0.935421
2710.000000 56.583104 22.503442 -40.703101 0.078115 -0.183155 -0.293101 0.935117
2711.000000 56.415821 22.459547 -40.994299 0.077011 -0.181383 -0.293166 0.935534
2712.000000 56.311625 22.460607 -41.171004 0.076650 -0.180192 -0.293267 0.935762
2713.000000 56.237865 22.450257 -41.310189 0.076267 -0.179407 -0.293310 0.935930
2714.000000 56.184711 22.440774 -41.420209 0.075986 -0.178843 -0.293340 0.936052
2715.000000 56.223130 22.471291 -41.384568 0.076477 -0.179173 -0.293372 0.935939
2716.000000 56.425572 22.365873 -41.201083 0.075993 -0.181835 -0.292959 0.935594
2717.000000 56.496979 22.376505 -41.132285 0.076367 -0.182602 -0.292922 0.935426
2718.000000 56.300343 22.394773 -41.424946 0.075872 -0.180315 -0.293138 0.935842
2719.000000 56.207406 22.182856 -41.698758 0.073162 -0.180009 -0.292762 0.936234
2720.000000 56.109442 21.884923 -42.022196 0.069494 -0.179938 -0.292212 0.936699
2721.000000 56.120488 21.885268 -42.040465 0.069533 -0.180073 -0.292199 0.936674
2722.000000 56.083019 21.951749 -42.088700 0.070150 -0.179433 -0.292373 0.936697
2723.000000 55.993165 21.981860 -42.227053 0.070170 -0.178327 -0.292511 0.936863
2724.000000 56.118672 21.904763 -42.134596 0.069746 -0.179991 -0.292240 0.936661
2725.000000 56.138813 21.856689 -42.167791 0.069266 -0.180384 -0.292118 0.936660
2726.000000 56.107516 21.875138 -42.234712 0.069356 -0.179971 -0.292181 0.936712
2727.000000 56.235926 21.842847 -42.114868 0.069445 -0.181505 -0.292006 0.936465
2728.000000 56.275832 21.857307 -42.088282 0.069749 -0.181892 -0.292006 0.936367
2729.000000 56.091259 21.870302 -42.360203 0.069262 -0.179805 -0.292187 0.936749
2730.000000 55.908325 21.951513 -42.594591 0.069527 -0.177501 -0.292506 0.937070
2731.000000 55.905224 21.870817 -42.673386 0.068630 -0.177753 -0.292340 0.937140
2732.000000 55.916286 21.816681 -42.718047 0.068087 -0.178077 -0.292223 0.937154
2733.000000 55.906252 21.823672 -42.761546 0.068144 -0.177932 -0.292263 0.937165
2734.000000 55.795195 21.828076 -42.939881 0.067819 -0.176681 -0.292373 0.937391
2735.000000 55.737272 21.624233 -43.153983 0.065399 -0.176723 -0.292010 0.937669
2736.000000 55.418474 21.295123 -43.758696 0.060776 -0.174384 -0.291585 0.938549
2737.000000 55.002293 20.922985 -44.490772 0.055485 -0.171157 -0.291178 0.939597
2738.000000 55.016635 20.769616 -44.577660 0.053935 -0.171806 -0.290883 0.939660
2739.000000 55.458206 21.002616 -43.949566 0.057834 -0.175760 -0.291012 0.938656
2740.000000 55.843966 21.286852 -43.355595 0.062159 -0.178954 -0.291316 0.937682
2741.000000 55.832653 21.533901 -43.284929 0.064773 -0.177983 -0.291843 0.937526
2742.000000 55.689111 21.573872 -43.485948 0.064693 -0.176292 -0.292030 0.937792
2743.000000 55.543006 21.531532 -43.727624 0.063746 -0.174866 -0.292056 0.938116
2744.000000 55.462449 21.548024 -43.852461 0.063693 -0.173961 -0.292161 0.938255
2745.000000 55.695297 21.773435 -43.474496 0.066924 -0.175715 -0.292449 0.937613
2746.000000 56.038452 21.931017 -42.985179 0.069818 -0.178881 -0.292526 0.936779
2747.000000 56.145701 22.052350 -42.818712 0.071518 -0.179613 -0.292708 0.936454
2748.000000 56.021544 21.926957 -43.081337 0.069719 -0.178674 -0.292543 0.936821
2749.000000 55.601829 21.508111 -43.864198 0.063796 -0.175551 -0.292010 0.937999
2750.000000 55.268738 21.472143 -44.332860 0.062337 -0.172122 -0.292199 0.938673
2751.000000 55.162244 21.467856 -44.500147 0.061937 -0.171028 -0.292267 0.938879
2752.000000 55.186524 21.473030 -44.502046 0.062049 -0.171281 -0.292247 0.938832
2753.000000 55.245164 21.495585 -44.453667 0.062450 -0.171838 -0.292230 0.938708
2754.000000 55.244077 21.543033 -44.467696 0.062923 -0.171676 -0.292309 0.938682
2755.000000 55.112105 21.625629 -44.625082 0.063372 -0.170006 -0.292560 0.938877
2756.000000 54.760178 21.925621 -44.944897 0.065368 -0.165335 -0.293369 0.939322
2757.000000 54.387785 21.953711 -45.414909 0.064437 -0.161386 -0.293663 0.939981
2758.000000 54.418068 22.049610 -45.365741 0.065532 -0.161391 -0.293812 0.939858
2759.000000 54.693820 22.105905 -45.038926 0.067039 -0.164061 -0.293736 0.939313
2760.000000 54.929759 21.732184 -44.966655 0.063927 -0.167739 -0.292884 0.939147
2761.000000 55.074985 21.527314 -44.922492 0.062260 -0.169915 -0.292392 0.939021
2762.000000 55.079399 21.531674 -44.952831 0.062300 -0.169923 -0.292399 0.939014
2763.000000 54.983796 21.628152 -45.057974 0.062987 -0.168615 -0.292647 0.939127
2764.000000 54.997774 21.564581 -45.104001 0.062368 -0.168985 -0.292518 0.939142
2765.000000 54.861193 21.215643 -45.467319 0.058304 -0.168712 -0.291959 0.939626
2766.000000 54.821905 20.886810 -45.699645 0.054793 -0.169365 -0.291377 0.939900
2767.000000 55.016612 21.058605 -45.419801 0.057184 -0.170830 -0.291561 0.939436
2768.000000 54.992953 21.358218 -45.342885 0.060225 -0.169606 -0.292144 0.939286
2769.000000 54.888499 21.393361 -45.486207 0.060261 -0.168412 -0.292281 0.939456
2770.000000 54.806078 21.420931 -45.607803 0.060268 -0.167472 -0.292383 0.939592
2771.000000 54.719931 21.514245 -45.703400 0.060931 -0.166283 -0.292606 0.939691
2772.000000 54.674700 21.592623 -45.755685 0.061588 -0.165560 -0.292778 0.939722
2773.000000 54.646103 21.638139 -45.801660 0.061978 -0.165118 -0.292883 0.939742
2774.000000 54.444646 21.775619 -46.009116 0.062740 -0.162630 -0.293265 0.940006
2775.000000 54.357122 22.073779 -46.003765 0.065494 -0.160806 -0.293841 0.939952
2776.000000 54.189689 22.123387 -46.210609 0.065453 -0.158959 -0.294028 0.940210
2777.000000 54.009124 22.065422 -46.482735 0.064295 -0.157314 -0.294048 0.940561
2778.000000 53.803738 21.996378 -46.786606 0.062968 -0.155449 -0.294081 0.940950
2779.000000 53.577758 22.275171 -46.947776 0.065071 -0.152296 -0.294698 0.941129
2780.000000 53.441131 22.633083 -46.966541 0.068214 -0.149815 -0.295347 0.941102
2781.000000 53.494657 22.759633 -46.880951 0.069611 -0.149962 -0.295483 0.940933
2782.000000 53.728507 22.573488 -46.739562 0.068467 -0.152884 -0.295018 0.940693
2783.000000 54.096931 22.073863 -46.587932 0.064604 -0.158156 -0.293938 0.940433
2784.000000 54.385953 21.483086 -46.561547 0.059546 -0.162942 -0.292705 0.940334
2785.000000 54.413973 21.140841 -46.718362 0.056196 -0.164300 -0.292082 0.940497
2786.000000 54.468308 21.253933 -46.636206 0.057519 -0.164501 -0.292247 0.940331
2787.000000 54.483287 21.424186 -46.573162 0.059293 -0.164128 -0.292545 0.940194
2788.000000 54.445937 21.544582 -46.593831 0.060382 -0.163396 -0.292781 0.940178
2789.000000 54.365983 21.637104 -46.678018 0.061038 -0.162323 -0.292984 0.940258
2790.000000 54.245926 21.717645 -46.815657 0.061446 -0.160869 -0.293189 0.940418
2791.000000 54.085897 21.803626 -46.996729 0.061791 -0.158989 -0.293430 0.940640
2792.000000 53.885760 21.913160 -47.210980 0.062259 -0.156636 -0.293742 0.940906
2793.000000 53.643294 22.069864 -47.448225 0.063076 -0.153724 -0.294165 0.941200
2794.000000 53.416427 22.321111 -47.620168 0.064880 -0.150688 -0.294728 0.941392
2795.000000 53.388441 22.629249 -47.539346 0.067859 -0.149451 -0.295240 0.941219
2796.000000 53.486110 22.902774 -47.331320 0.070891 -0.149565 -0.295609 0.940861
2797.000000 53.604122 23.015723 -47.176251 0.072390 -0.150387 -0.295708 0.940585
2798.000000 53.674999 22.945408 -47.163921 0.071897 -0.151327 -0.295540 0.940525
2799.000000 53.700869 22.765651 -47.256327 0.070167 -0.152157 -0.295224 0.940621
2800.000000 53.689803 22.554305 -47.404594 0.068027 -0.152707 -0.294886 0.940795
2801.000000 53.649745 22.392081 -47.560819 0.066305 -0.152806 -0.294657 0.940974
2802.000000 53.587568 22.364832 -47.677803 0.065838 -0.152282 -0.294637 0.941098
2803.000000 53.501762 22.547288 -47.722527 0.067339 -0.150902 -0.294932 0.941121
2804.000000 53.381644 22.711796 -47.813313 0.068530 -0.149266 -0.295187 0.941216
2805.000000 53.275725 22.419975 -48.102574 0.065272 -0.149187 -0.294705 0.941611
2806.000000 54.376849 21.172151 -47.465540 0.056388 -0.163838 -0.291993 0.940594
2807.000000 54.807378 20.350425 -47.363800 0.049519 -0.170667 -0.290232 0.940312
2808.000000 54.707208 19.945936 -47.684556 0.045218 -0.170904 -0.289548 0.940696
2809.000000 54.255647 19.869898 -48.263822 0.043157 -0.166656 -0.289680 0.941514
2810.000000 53.614433 20.047506 -48.938432 0.042990 -0.159874 -0.290309 0.942503
2811.000000 52.930592 20.412562 -49.554832 0.044420 -0.152349 -0.291164 0.943420
2812.000000 52.382375 20.878105 -49.972905 0.047187 -0.145844 -0.292081 0.944029
2813.000000 52.160846 21.366953 -50.032636 0.051146 -0.142321 -0.292901 0.944107
2814.000000 52.591018 21.856348 -49.403961 0.057041 -0.144946 -0.293357 0.943228
2815.000000 53.344826 22.498372 -48.334512 0.065431 -0.150303 -0.293756 0.941719
2816.000000 52.410590 23.866219 -48.737922 0.075785 -0.137112 -0.296339 0.942147
2817.000000 51.800937 24.743359 -48.988785 0.082324 -0.128610 -0.297914 0.942300
2818.000000 51.535386 25.180179 -49.080190 0.085710 -0.124744 -0.298678 0.942276
2819.000000 51.578868 25.270054 -49.017916 0.086756 -0.124893 -0.298796 0.942123
2820.000000 51.904052 25.110949 -48.783350 0.086284 -0.128516 -0.298370 0.941814
2821.000000 52.498251 24.797072 -48.337804 0.085097 -0.135230 -0.297461 0.941269
2822.000000 53.170166 24.418824 -47.828486 0.083465 -0.142963 -0.296326 0.940631
2823.000000 53.334135 24.045988 -47.872277 0.080297 -0.145701 -0.295629 0.940706
2824.000000 52.841575 23.711036 -48.617760 0.075539 -0.141866 -0.295579 0.941701
2825.000000 51.963910 23.452868 -49.713278 0.070460 -0.134176 -0.295938 0.943108
2826.000000 51.517799 23.276969 -50.290716 0.067480 -0.130495 -0.296013 0.943819
2827.000000 51.486574 23.267327 -50.358624 0.067275 -0.130285 -0.295973 0.943875
2828.000000 51.735498 23.364852 -50.090417 0.068901 -0.132374 -0.295888 0.943494
2829.000000 52.097630 23.440043 -49.712639 0.070681 -0.135576 -0.295729 0.942957
2830.000000 52.408722 23.370476 -49.452835 0.070954 -0.138723 -0.295426 0.942573
2831.000000 52.425780 23.133849 -49.581425 0.068751 -0.139576 -0.295087 0.942717
2832.000000 52.222283 22.903197 -49.936820 0.065969 -0.138320 -0.294908 0.943157
2833.000000 52.388449 22.794789 -49.846203 0.065440 -0.140210 -0.294641 0.942998
2834.000000 52.572434 22.785156 -49.690320 0.065895 -0.141985 -0.294498 0.942745
2835.000000 52.704230 22.857867 -49.550950 0.066973 -0.143028 -0.294513 0.942507
2836.000000 52.753724 22.993951 -49.469913 0.068401 -0.143100 -0.294676 0.942343
2837.000000 52.669136 23.060296 -49.563533 0.068765 -0.142108 -0.294825 0.942420
2838.000000 52.467104 23.056955 -49.811360 0.068129 -0.140225 -0.294948 0.942709
2839.000000 52.194048 23.054788 -50.131381 0.067304 -0.137666 -0.295125 0.943090
2840.000000 51.894058 23.127824 -50.442054 0.067114 -0.134638 -0.295423 0.943448
2841.000000 51.662825 23.299046 -50.634586 0.068041 -0.131974 -0.295801 0.943639
2842.000000 51.410381 23.449743 -50.856215 0.068709 -0.129179 -0.296163 0.943864
2843.000000 50.935828 23.539033 -51.325268 0.068157 -0.124529 -0.296587 0.944396
2844.000000 50.523092 23.707097 -51.689404 0.068504 -0.120260 -0.297053 0.944777
2845.000000 50.293909 23.806576 -51.901379 0.068746 -0.117887 -0.297315 0.944977
2846.000000 50.306784 23.714749 -51.965329 0.067942 -0.118269 -0.297207 0.945021
2847.000000 50.488093 23.537462 -51.904391 0.066840 -0.120430 -0.296886 0.944927
2848.000000 50.763814 23.379831 -51.740782 0.066186 -0.123398 -0.296516 0.944706
2849.000000 51.060473 23.345318 -51.498308 0.066724 -0.126206 -0.296276 0.944373
2850.000000 51.395173 23.292149 -51.223088 0.067205 -0.129428 -0.295988 0.943993
2851.000000 51.655107 23.104622 -51.080578 0.066229 -0.132366 -0.295578 0.943783
2852.000000 51.810615 23.025305 -50.992805 0.065947 -0.134034 -0.295376 0.943631
2853.000000 52.010812 22.932694 -50.864283 0.065672 -0.136160 -0.295126 0.943424
2854.000000 52.277282 22.720157 -50.719749 0.064475 -0.139257 -0.294664 0.943199
2855.000000 52.472756 22.559893 -50.622680 0.063547 -0.141555 -0.294309 0.943030
2856.000000 52.482990 22.589127 -50.633273 0.063834 -0.141577 -0.294339 0.942998
2857.000000 52.318502 22.723156 -50.777955 0.064598 -0.139657 -0.294633 0.943141
2858.000000 51.987018 22.880518 -51.081133 0.065099 -0.136129 -0.295066 0.943487
2859.000000 51.495156 22.979374 -51.566682 0.064595 -0.131325 -0.295507 0.944064
2860.000000 50.816271 23.084633 -52.222781 0.063610 -0.124863 -0.296035 0.944842
2861.000000 50.190973 23.013081 -52.888512 0.061202 -0.119453 -0.296308 0.945614
2862.000000 49.595803 22.833950 -53.557119 0.057967 -0.114658 -0.296453 0.946366
2863.000000 49.320390 22.665417 -53.915786 0.055746 -0.112680 -0.296444 0.946740
2864.000000 49.159018 22.782783 -54.048064 0.056349 -0.110922 -0.296668 0.946842
2865.000000 49.119367 23.073268 -53.996219 0.058785 -0.109762 -0.296989 0.946728
2866.000000 49.208415 23.424409 -53.799904 0.062080 -0.109579 -0.297280 0.946448
2867.000000 49.436340 23.718213 -53.497981 0.065278 -0.110764 -0.297449 0.946041
2868.000000 49.808866 23.842125 -53.130805 0.067420 -0.113707 -0.297384 0.945562
2869.000000 50.332643 23.686921 -52.738672 0.067535 -0.118796 -0.296925 0.945072
2870.000000 50.952037 23.358872 -52.321287 0.066348 -0.125295 -0.296145 0.944562
2871.000000 51.523793 23.504619 -51.725066 0.069296 -0.130093 -0.295910 0.943775
2872.000000 52.128151 23.880908 -50.974257 0.074498 -0.134575 -0.295945 0.942739
2873.000000 52.363600 24.320842 -50.556465 0.079292 -0.135465 -0.296375 0.942085
2874.000000 52.425946 24.506419 -50.436282 0.081223 -0.135484 -0.296612 0.941843
2875.000000 52.299989 24.483174 -50.613103 0.080621 -0.134380 -0.296694 0.942027
2876.000000 51.967579 24.287220 -51.082554 0.077795 -0.131904 -0.296659 0.942626
2877.000000 51.409772 23.943222 -51.837796 0.073015 -0.127809 -0.296603 0.943589
2878.000000 50.644192 23.568880 -52.787654 0.067504 -0.121940 -0.296716 0.944740
2879.000000 50.106329 23.480417 -53.370249 0.065258 -0.117372 -0.297003 0.945386
2880.000000 49.631136 24.010782 -53.611193 0.068638 -0.111696 -0.297868 0.945562
2881.000000 49.340964 24.531710 -53.677548 0.072395 -0.107716 -0.298538 0.945532
2882.000000 49.388596 24.427162 -53.717249 0.071585 -0.108427 -0.298379 0.945563
2883.000000 49.646343 23.770201 -53.811545 0.066506 -0.112488 -0.297547 0.945721
2884.000000 49.639624 23.329539 -54.045864 0.062613 -0.113635 -0.297090 0.945994
2885.000000 49.524590 23.117116 -54.276698 0.060460 -0.113194 -0.296949 0.946231
2886.000000 49.480529 23.120133 -54.348700 0.060380 -0.112803 -0.296974 0.946275
2887.000000 49.686772 23.325838 -54.104135 0.062727 -0.114074 -0.297047 0.945947
2888.000000 50.279690 23.614985 -53.459198 0.066890 -0.118521 -0.297000 0.945129
2889.000000 50.955269 23.697497 -52.813065 0.069520 -0.124284 -0.296692 0.944295
2890.000000 51.373406 23.400640 -52.575080 0.068033 -0.128855 -0.296059 0.943990
2891.000000 51.010924 23.170713 -53.063267 0.064963 -0.126244 -0.296003 0.944576
2892.000000 50.594922 23.281493 -53.446600 0.064804 -0.122226 -0.296396 0.944992
2893.000000 50.211477 23.736978 -53.641113 0.067764 -0.117586 -0.297135 0.945141
2894.000000 50.236677 23.859884 -53.594814 0.068917 -0.117496 -0.297246 0.945034
2895.000000 50.424655 23.723425 -53.511913 0.068234 -0.119545 -0.296979 0.944911
2896.000000 50.502461 23.435808 -53.601759 0.065906 -0.121005 -0.296609 0.945006
2897.000000 50.188945 23.101167 -54.074547 0.062105 -0.119166 -0.296425 0.945555
2898.000000 49.536335 22.906083 -54.788456 0.058653 -0.114015 -0.296608 0.946353
2899.000000 48.916607 22.934873 -55.363332 0.057245 -0.108615 -0.296980 0.946958
2900.000000 48.705788 23.012439 -55.549852 0.057334 -0.106629 -0.297145 0.947126
2901.000000 49.144772 22.955710 -55.219785 0.058009 -0.110549 -0.296835 0.946733
2902.000000 49.141380 22.931769 -55.268712 0.057780 -0.110573 -0.296803 0.946754
2903.000000 48.759319 22.948862 -55.635384 0.056895 -0.107242 -0.297018 0.947123
2904.000000 48.290581 22.988825 -56.060257 0.055982 -0.103164 -0.297282 0.947548
2905.000000 48.046337 23.031927 -56.284895 0.055686 -0.101020 -0.297410 0.947756
2906.000000 48.349505 23.053678 -56.048743 0.056661 -0.103549 -0.297249 0.947476
2907.000000 49.496584 23.024631 -55.085230 0.059492 -0.113387 -0.296645 0.946365
2908.000000 50.585924 22.764949 -54.232726 0.060200 -0.123494 -0.295778 0.945326
2909.000000 50.821651 22.412617 -54.195449 0.057754 -0.126503 -0.295219 0.945255
2910.000000 50.536760 22.215391 -54.577075 0.055274 -0.124543 -0.295152 0.945685
2911.000000 50.068699 22.352621 -54.983928 0.055223 -0.120120 -0.295577 0.946127
2912.000000 49.871573 22.943799 -54.949259 0.059786 -0.116873 -0.296311 0.946027
2913.000000 50.138872 23.289448 -54.590805 0.063490 -0.118276 -0.296532 0.945541
2914.000000 50.279555 23.318828 -54.483657 0.064111 -0.119422 -0.296483 0.945371
2915.000000 50.247434 23.160065 -54.617437 0.062623 -0.119574 -0.296311 0.945505
2916.000000 49.988529 22.934673 -54.985333 0.059969 -0.117934 -0.296197 0.945919
2917.000000 49.461512 22.766367 -55.562873 0.057156 -0.113839 -0.296324 0.946555
2918.000000 49.184545 22.911957 -55.781229 0.057684 -0.111087 -0.296626 0.946755
2919.000000 49.119785 23.307518 -55.708814 0.060863 -0.109488 -0.297037 0.946614
2920.000000 49.211758 23.621654 -55.530275 0.063765 -0.109435 -0.297285 0.946351
2921.000000 49.424681 23.524140 -55.417470 0.063495 -0.111510 -0.297078 0.946192
2922.000000 49.590091 22.773025 -55.616781 0.057527 -0.114941 -0.296222 0.946431
2923.000000 49.446829 22.237572 -55.992419 0.052607 -0.115163 -0.295740 0.946841
2924.000000 49.376347 22.158240 -56.119411 0.051760 -0.114778 -0.295693 0.946949
2925.000000 49.358969 22.336135 -56.098333 0.053225 -0.114154 -0.295885 0.946883
2926.000000 49.384480 22.563607 -56.019374 0.055220 -0.113759 -0.296110 0.946746
2927.000000 49.176748 22.729218 -56.169694 0.056062 -0.111567 -0.296377 0.946874
2928.000000 48.506087 22.724334 -56.786516 0.054237 -0.105973 -0.296669 0.947531
2929.000000 48.270953 22.470108 -57.122105 0.051512 -0.104673 -0.296547 0.947866
2930.000000 48.336823 22.202511 -57.205312 0.049475 -0.105903 -0.296284 0.947920
2931.000000 48.579022 22.141115 -57.056611 0.049597 -0.108078 -0.296119 0.947720
2932.000000 48.939209 22.427143 -56.668926 0.052916 -0.110341 -0.296227 0.947246
2933.000000 49.531901 22.466773 -56.171025 0.054800 -0.115192 -0.295993 0.946634
2934.000000 49.870743 22.453641 -55.911124 0.055580 -0.118073 -0.295824 0.946286
2935.000000 49.957126 22.432478 -55.877757 0.055626 -0.118856 -0.295762 0.946205
2936.000000 49.781287 22.454028 -56.060108 0.055343 -0.117320 -0.295864 0.946381
2937.000000 49.595654 22.474875 -56.248466 0.055036 -0.115718 -0.295964 0.946565
2938.000000 49.888970 22.410991 -56.045837 0.055277 -0.118382 -0.295754 0.946288
2939.000000 50.195675 22.262879 -55.864153 0.054839 -0.121370 -0.295445 0.946031
2940.000000 50.378489 22.074767 -55.808934 0.053727 -0.123411 -0.295144 0.945924
2941.000000 50.262524 21.909653 -56.013615 0.052021 -0.122856 -0.295011 0.946134
2942.000000 49.824775 21.724278 -56.510177 0.049317 -0.119645 -0.295016 0.946688
2943.000000 49.080177 21.896175 -57.126889 0.048822 -0.112980 -0.295534 0.947371
2944.000000 48.619332 22.055930 -57.492081 0.048942 -0.108775 -0.295878 0.947749
2945.000000 48.390788 22.213889 -57.657277 0.049641 -0.106510 -0.296111 0.947898
2946.000000 48.338943 22.381561 -57.669814 0.050879 -0.105663 -0.296280 0.947874
2947.000000 48.408631 22.557902 -57.576926 0.052507 -0.105781 -0.296409 0.947732
2948.000000 48.554422 22.695235 -57.434699 0.054017 -0.106619 -0.296469 0.947534
2949.000000 48.583454 22.875869 -57.373302 0.055587 -0.106380 -0.296623 0.947422
2950.000000 48.286156 23.248699 -57.509034 0.057894 -0.102958 -0.297103 0.947511
2951.000000 48.015764 23.475692 -57.677369 0.059060 -0.100150 -0.297425 0.947639
2952.000000 47.915652 23.407884 -57.821830 0.058247 -0.099508 -0.297413 0.947761
2953.000000 47.955401 23.135645 -57.931476 0.056121 -0.100545 -0.297160 0.947859
2954.000000 48.078210 22.789665 -57.999701 0.053606 -0.102451 -0.296800 0.947913
2955.000000 48.228800 22.499637 -58.021948 0.051624 -0.104423 -0.296471 0.947911
2956.000000 48.369079 22.343563 -58.000260 0.050706 -0.105961 -0.296263 0.947855
2957.000000 48.479830 22.121653 -58.027883 0.049168 -0.107429 -0.296003 0.947852
2958.000000 48.531104 22.162243 -58.004554 0.049619 -0.107744 -0.296012 0.947790
2959.000000 48.584153 22.326016 -57.932151 0.051083 -0.107760 -0.296136 0.947672
2960.000000 48.941774 22.082950 -57.758562 0.050009 -0.111304 -0.295759 0.947437
2961.000000 49.286593 21.563527 -57.695665 0.046633 -0.115461 -0.295101 0.947317
2962.000000 49.293749 21.308657 -57.818083 0.044561 -0.116173 -0.294840 0.947411
2963.000000 49.064914 21.290217 -58.052118 0.043842 -0.114351 -0.294917 0.947642
2964.000000 48.741054 21.415112 -58.310916 0.044056 -0.111403 -0.295170 0.947905
2965.000000 48.456614 21.582837 -58.518509 0.044698 -0.108688 -0.295432 0.948108
2966.000000 48.264503 21.668119 -58.679417 0.044885 -0.106937 -0.295570 0.948255
2967.000000 48.162316 21.798169 -58.750433 0.045661 -0.105786 -0.295719 0.948301
2968.000000 48.096249 21.687376 -58.881389 0.044591 -0.105519 -0.295644 0.948405
2969.000000 48.021704 21.491404 -59.049737 0.042827 -0.105392 -0.295500 0.948545
2970.000000 47.920651 21.525630 -59.154364 0.042858 -0.104477 -0.295574 0.948622
2971.000000 47.846660 21.929487 -59.100090 0.045920 -0.102865 -0.295957 0.948536
2972.000000 47.944609 22.285246 -58.920891 0.049027 -0.102766 -0.296221 0.948308
2973.000000 48.117157 22.478237 -58.739786 0.051017 -0.103681 -0.296317 0.948074
2974.000000 48.369991 22.435315 -58.581396 0.051312 -0.105843 -0.296176 0.947863
2975.000000 48.696529 22.165062 -58.446903 0.049948 -0.109182 -0.295787 0.947679
2976.000000 48.961686 21.785329 -58.401994 0.047531 -0.112305 -0.295296 0.947591
2977.000000 48.836241 21.773337 -58.545794 0.047120 -0.111313 -0.295335 0.947716
2978.000000 48.503065 21.974553 -58.782104 0.047913 -0.108099 -0.295669 0.947945
2979.000000 48.146302 22.123984 -59.053671 0.048214 -0.104850 -0.295945 0.948208
2980.000000 47.884551 22.129747 -59.298140 0.047593 -0.102749 -0.296043 0.948439
2981.000000 47.868529 21.998571 -59.393657 0.046497 -0.102960 -0.295931 0.948505
2982.000000 48.071424 21.833248 -59.324935 0.045686 -0.104988 -0.295710 0.948391
2983.000000 48.350762 21.755315 -59.160608 0.045763 -0.107414 -0.295525 0.948173
2984.000000 48.454277 21.870299 -59.067892 0.046946 -0.107951 -0.295590 0.948035
2985.000000 48.267215 22.148422 -59.151836 0.048708 -0.105751 -0.295923 0.948090
2986.000000 47.980729 22.460788 -59.300940 0.050482 -0.102690 -0.296306 0.948214
2987.000000 47.894918 22.341412 -59.448760 0.049310 -0.102315 -0.296234 0.948338
2988.000000 47.813199 21.936610 -59.698290 0.045886 -0.102679 -0.295917 0.948570
2989.000000 47.964958 21.609348 -59.729768 0.043668 -0.104693 -0.295577 0.948560
2990.000000 48.207438 21.463563 -59.621382 0.043113 -0.106976 -0.295353 0.948401
2991.000000 48.275841 21.482749 -59.593699 0.043440 -0.107463 -0.295347 0.948333
2992.000000 48.065421 21.624463 -59.747282 0.044048 -0.105428 -0.295558 0.948467
2993.000000 47.872136 21.701722 -59.909646 0.044168 -0.103703 -0.295689 0.948611
2994.000000 47.906976 21.559772 -59.967162 0.043121 -0.104338 -0.295549 0.948633
2995.000000 48.126074 21.320370 -59.910627 0.041764 -0.106674 -0.295262 0.948523
2996.000000 48.373532 21.138544 -59.809092 0.040933 -0.109093 -0.295008 0.948364
2997.000000 48.719050 20.900639 -59.646157 0.039894 -0.112427 -0.294652 0.948129
2998.000000 48.782511 21.041897 -59.578939 0.041177 -0.112578 -0.294758 0.948023
2999.000000 48.551290 21.315080 -59.704858 0.042781 -0.110059 -0.295103 0.948141
3000.000000 48.232378 21.583572 -59.900634 0.044122 -0.106870 -0.295462 0.948332
3001.000000 48.052131 21.809505 -59.997429 0.045462 -0.104895 -0.295724 0.948408
3002.000000 47.950377 21.921129 -60.071930 0.046083 -0.103830 -0.295855 0.948454
3003.000000 48.061414 21.907429 -60.023109 0.046248 -0.104731 -0.295809 0.948361
3004.000000 48.057694 21.790397 -60.103399 0.045315 -0.104982 -0.295710 0.948410
3005.000000 47.943572 21.478122 -60.340723 0.042579 -0.104845 -0.295481 0.948623
3006.000000 47.728501 21.486793 -60.541553 0.042133 -0.103132 -0.295570 0.948803
3007.000000 47.552464 21.704443 -60.636515 0.043415 -0.101218 -0.295813 0.948876
3008.000000 47.720663 21.708641 -60.536298 0.043861 -0.102530 -0.295751 0.948733
3009.000000 47.885569 21.639322 -60.465089 0.043715 -0.103997 -0.295630 0.948618
3010.000000 48.047016 21.495646 -60.423130 0.042966 -0.105619 -0.295447 0.948530
3011.000000 48.160977 21.145809 -60.490442 0.040497 -0.107365 -0.295095 0.948552
3012.000000 48.252319 20.890807 -60.540286 0.038717 -0.108707 -0.294827 0.948557
3013.000000 48.104690 20.971183 -60.663960 0.038994 -0.107352 -0.294956 0.948660
3014.000000 48.051239 21.238948 -60.647234 0.040960 -0.106282 -0.295210 0.948619
3015.000000 47.977294 21.913141 -60.499535 0.046056 -0.104065 -0.295819 0.948441
3016.000000 47.978296 22.124481 -60.455851 0.047708 -0.103564 -0.295998 0.948358
3017.000000 48.061160 22.100394 -60.433179 0.047721 -0.104270 -0.295950 0.948295
3018.000000 48.107826 21.937694 -60.489574 0.046565 -0.105028 -0.295794 0.948318
3019.000000 47.972026 21.668821 -60.728152 0.044133 -0.104619 -0.295610 0.948537
3020.000000 47.689184 21.458337 -61.058679 0.041823 -0.102916 -0.295539 0.948850
3021.000000 47.457471 21.530223 -61.247771 0.041828 -0.100940 -0.295677 0.949019
3022.000000 47.514471 21.604273 -61.211039 0.042532 -0.101219 -0.295700 0.948950
3023.000000 47.705572 21.458901 -61.147458 0.041854 -0.103065 -0.295502 0.948844
3024.000000 47.784308 21.262418 -61.189645 0.040588 -0.104072 -0.295465 0.948800
3025.000000 48.047491 20.584066 -61.250814 0.036256 -0.107454 -0.295380 0.948625
3026.000000 48.568617 19.985362 -61.072473 0.033035 -0.112777 -0.295012 0.948240
3027.000000 48.262651 19.529402 -61.495004 0.029043 -0.111258 -0.295182 0.948497
3028.000000 52.755423 21.736098 -56.928281 0.058365 -0.141144 -0.296771 0.942655
3029.000000 58.085767 23.745809 -50.623704 0.094166 -0.178700 -0.301826 0.931719
3030.000000 53.779611 21.520652 -56.119189 0.063536 -0.146244 -0.303437 0.939416
3031.000000 48.003855 18.355004 -62.189340 0.025184 -0.106833 -0.305355 0.945892
3032.000000 40.206000 14.248299 -68.510046 -0.021543 -0.058805 -0.305426 0.950154
3033.000000 30.189094 9.216601 -74.269596 -0.074856 -0.002169 -0.303950 0.949740
3034.000000 18.421165 3.603456 -78.469471 -0.131501 0.060154 -0.300222 0.942844
3035.000000 5.479775 -1.729104 -80.511164 -0.186440 0.126916 -0.292709 0.929222
