0.000000 0.000000 0.000000 -0.000000 -0.000000 -0.000000 -0.000000 1.000000
1.000000 -0.038957 -0.000887 -0.061704 -0.004802 0.069093 -0.000309 0.997599
2.000000 -0.038867 -0.003003 -0.106245 -0.010671 0.139506 -0.000882 0.990163
3.000000 -0.037749 -0.007013 -0.152372 -0.016606 0.206756 -0.001654 0.978250
4.000000 -0.045257 -0.010509 -0.199885 -0.021803 0.266999 -0.002291 0.963447
5.000000 -0.058486 -0.012442 -0.247561 -0.026360 0.319775 -0.002511 0.947124
6.000000 -0.077389 -0.013471 -0.295115 -0.030610 0.365877 -0.002224 0.930157
7.000000 -0.082189 -0.015253 -0.347342 -0.035905 0.379436 -0.003223 0.924515
8.000000 -0.081288 -0.018477 -0.401595 -0.041783 0.381297 -0.005097 0.923494
9.000000 -0.081280 -0.022309 -0.456166 -0.046571 0.381094 -0.006830 0.923337
10.000000 -0.079677 -0.025539 -0.511237 -0.049594 0.378111 -0.008100 0.924396
11.000000 -0.076050 -0.028091 -0.566574 -0.051499 0.373754 -0.009087 0.926052
12.000000 -0.071615 -0.030374 -0.621894 -0.052961 0.369431 -0.009934 0.927694
13.000000 -0.068331 -0.033108 -0.676945 -0.054648 0.366540 -0.010783 0.928734
14.000000 -0.068253 -0.036144 -0.731604 -0.056477 0.366132 -0.011526 0.928776
15.000000 -0.069677 -0.027647 -0.786595 -0.051461 0.366824 -0.009484 0.928817
16.000000 -0.072895 -0.014154 -0.841374 -0.044588 0.368560 -0.006622 0.928510
17.000000 -0.078323 0.001187 -0.895698 -0.037861 0.371392 -0.003733 0.927696
18.000000 -0.085736 0.018675 -0.949523 -0.031133 0.375066 -0.000786 0.926475
19.000000 -0.094873 0.037914 -1.002805 -0.024255 0.379327 0.002246 0.924942
20.000000 -0.106138 0.051152 -1.055815 -0.017071 0.383915 0.005383 0.923195
21.000000 -0.117850 0.064955 -1.108538 -0.009435 0.388568 0.008661 0.921331
22.000000 -0.129125 0.082303 -1.160864 -0.001217 0.393023 0.012155 0.919448
23.000000 -0.139426 0.103635 -1.212732 0.007705 0.397016 0.015945 0.917641
24.000000 -0.148333 0.127699 -1.264201 0.016820 0.400381 0.019833 0.915980
25.000000 -0.157300 0.135275 -1.317146 0.019470 0.403787 0.020888 0.914407
26.000000 -0.162997 0.139587 -1.370791 0.020850 0.405978 0.021367 0.913395
27.000000 -0.163997 0.146775 -1.424674 0.023086 0.406528 0.022264 0.913075
28.000000 -0.159923 0.157038 -1.478760 0.026160 0.405432 0.023620 0.913446
29.000000 -0.150394 0.170582 -1.532942 0.030065 0.402685 0.025446 0.914491
30.000000 -0.136176 0.184401 -1.587314 0.033890 0.398638 0.027302 0.916075
31.000000 -0.121087 0.188354 -1.642649 0.034873 0.394515 0.027927 0.917803
32.000000 -0.106705 0.182187 -1.698828 0.033252 0.390702 0.027435 0.919507
33.000000 -0.094175 0.167881 -1.755437 0.029824 0.387401 0.026167 0.921057
34.000000 -0.084743 0.147753 -1.812043 0.025379 0.384813 0.024445 0.922322
35.000000 -0.079387 0.125590 -1.868298 0.020707 0.383145 0.022575 0.923180
36.000000 -0.078137 0.107152 -1.924083 0.016444 0.382594 0.020809 0.923536
37.000000 -0.081568 0.092119 -1.979501 0.012567 0.383261 0.019159 0.923356
38.000000 -0.090343 0.078763 -2.034597 0.008884 0.385219 0.017575 0.922615
39.000000 -0.105135 0.065278 -2.089312 0.005208 0.388530 0.015988 0.921282
40.000000 -0.125058 0.054107 -2.143459 0.002288 0.392903 0.014707 0.919459
41.000000 -0.145290 0.057118 -2.196953 0.002706 0.397216 0.014860 0.917601
42.000000 -0.164351 0.073356 -2.249907 0.006032 0.401160 0.016287 0.915843
43.000000 -0.181415 0.099048 -2.302349 0.011283 0.404577 0.018573 0.914246
44.000000 -0.195599 0.129981 -2.354368 0.017483 0.407317 0.021291 0.912871
45.000000 -0.205943 0.161544 -2.406251 0.023671 0.409240 0.024008 0.911804
46.000000 -0.211547 0.189525 -2.458450 0.029041 0.410235 0.026365 0.911136
47.000000 -0.212042 0.212839 -2.511232 0.033420 0.410286 0.028301 0.910905
48.000000 -0.207203 0.231255 -2.564744 0.036798 0.409398 0.029834 0.911125
49.000000 -0.196808 0.244547 -2.619064 0.039169 0.407577 0.030978 0.911804
50.000000 -0.180614 0.252485 -2.674203 0.040531 0.404820 0.031740 0.912946
51.000000 -0.158030 0.254821 -2.730122 0.040877 0.401069 0.032122 0.914572
52.000000 -0.128150 0.251366 -2.786701 0.040213 0.396212 0.032131 0.916715
53.000000 -0.092796 0.243576 -2.843473 0.038820 0.390575 0.031873 0.919200
54.000000 -0.056297 0.234398 -2.899884 0.037209 0.384851 0.031533 0.921689
55.000000 -0.023411 0.227066 -2.955624 0.035903 0.379751 0.031289 0.923862
56.000000 0.000659 0.225070 -3.010619 0.035434 0.375997 0.031305 0.925414
57.000000 0.010379 0.231999 -3.064886 0.036317 0.374305 0.031735 0.926050
58.000000 0.005599 0.242360 -3.118949 0.037697 0.374663 0.032245 0.925833
59.000000 -0.007118 0.241564 -3.173843 0.037454 0.376186 0.032039 0.925232
60.000000 -0.026143 0.229613 -3.229388 0.035738 0.378684 0.031183 0.924310
61.000000 -0.051111 0.209156 -3.285111 0.033067 0.382139 0.029878 0.923030
62.000000 -0.082027 0.183024 -3.340513 0.029944 0.386586 0.028331 0.921332
63.000000 -0.116486 0.153885 -3.395343 0.026584 0.391614 0.026667 0.919359
64.000000 -0.150200 0.124337 -3.449710 0.022975 0.396453 0.024926 0.917429
65.000000 -0.177716 0.094712 -3.503930 0.019164 0.400355 0.023140 0.915868
66.000000 -0.195946 0.071295 -3.558197 0.016030 0.402926 0.021683 0.914835
67.000000 -0.203824 0.065730 -3.612632 0.015078 0.404041 0.021211 0.914371
68.000000 -0.200350 0.087627 -3.667207 0.017465 0.403593 0.022241 0.914502
69.000000 -0.182382 0.135319 -3.721608 0.022888 0.401235 0.024652 0.915357
70.000000 -0.151284 0.197380 -3.775202 0.029901 0.397211 0.027799 0.916819
71.000000 -0.114992 0.264446 -3.827283 0.037521 0.392583 0.031239 0.918420
72.000000 -0.080369 0.329016 -3.877766 0.045117 0.388275 0.034699 0.919784
73.000000 -0.049880 0.396967 -3.926199 0.053420 0.384499 0.038473 0.920775
74.000000 -0.022399 0.465309 -3.973165 0.061719 0.380933 0.042252 0.921572
75.000000 0.017051 0.476246 -4.026138 0.063155 0.376183 0.043260 0.923378
76.000000 0.062401 0.423055 -4.085893 0.057170 0.371157 0.041270 0.925889
77.000000 0.094045 0.337356 -4.147585 0.047636 0.367969 0.037768 0.927849
78.000000 0.113841 0.221881 -4.209244 0.035153 0.366301 0.032991 0.929247
79.000000 0.118482 0.093273 -4.268335 0.021626 0.366291 0.027665 0.929838
80.000000 0.106006 -0.028334 -4.323942 0.008438 0.367794 0.022352 0.929600
81.000000 0.086091 -0.137856 -4.376602 -0.003868 0.369855 0.017375 0.928919
82.000000 0.069462 -0.239925 -4.426873 -0.015120 0.371698 0.012863 0.928142
83.000000 0.056616 -0.346307 -4.474499 -0.026469 0.373238 0.008340 0.927320
84.000000 0.041616 -0.453444 -4.519717 -0.037614 0.374948 0.003897 0.926274
85.000000 0.006042 -0.499391 -4.569780 -0.042264 0.378661 0.002096 0.924568
86.000000 -0.039110 -0.487839 -4.625593 -0.041057 0.383240 0.002764 0.922732
87.000000 -0.064985 -0.476256 -4.681244 -0.039905 0.385824 0.003416 0.921703
88.000000 -0.076035 -0.473648 -4.736089 -0.039659 0.386920 0.003635 0.921253
89.000000 -0.083704 -0.473835 -4.790697 -0.039678 0.387675 0.003701 0.920934
90.000000 -0.089019 -0.476280 -4.845124 -0.039903 0.388196 0.003638 0.920705
91.000000 -0.091904 -0.481036 -4.899372 -0.040340 0.388481 0.003464 0.920567
92.000000 -0.092295 -0.488156 -4.953436 -0.040995 0.388531 0.003190 0.920518
93.000000 -0.090135 -0.497691 -5.007304 -0.041868 0.388346 0.002816 0.920558
94.000000 -0.085370 -0.509690 -5.060959 -0.042958 0.387924 0.002341 0.920687
95.000000 -0.077946 -0.524206 -5.114373 -0.044264 0.387266 0.001765 0.920903
96.000000 -0.067843 -0.541253 -5.167516 -0.045784 0.386374 0.001087 0.921204
97.000000 -0.055681 -0.560205 -5.220412 -0.047458 0.385307 0.000336 0.921567
98.000000 -0.042666 -0.579850 -5.273155 -0.049177 0.384173 -0.000438 0.921951
99.000000 -0.030073 -0.598905 -5.325867 -0.050830 0.383080 -0.001184 0.922315
100.000000 -0.019214 -0.616050 -5.378701 -0.052310 0.382139 -0.001852 0.922621
101.000000 -0.011059 -0.630321 -5.431790 -0.053540 0.381426 -0.002404 0.922844
102.000000 -0.006064 -0.641279 -5.485218 -0.054490 0.380977 -0.002825 0.922973
103.000000 -0.004618 -0.648557 -5.539061 -0.055127 0.380826 -0.003098 0.922997
104.000000 -0.007127 -0.651772 -5.593384 -0.055421 0.381007 -0.003209 0.922904
105.000000 -0.014011 -0.650526 -5.648237 -0.055342 0.381552 -0.003141 0.922684
106.000000 -0.025713 -0.644401 -5.703637 -0.054861 0.382492 -0.002881 0.922324
107.000000 -0.042035 -0.633621 -5.759500 -0.054007 0.383800 -0.002442 0.921832
108.000000 -0.062155 -0.619037 -5.815663 -0.052858 0.385400 -0.001860 0.921233
109.000000 -0.085192 -0.601558 -5.871968 -0.051490 0.387214 -0.001174 0.920550
110.000000 -0.110246 -0.582118 -5.928275 -0.049983 0.389165 -0.000421 0.919811
111.000000 -0.136808 -0.561242 -5.984499 -0.048379 0.391212 0.000379 0.919028
112.000000 -0.164873 -0.538937 -6.040606 -0.046680 0.393351 0.001223 0.918202
113.000000 -0.194469 -0.515179 -6.096559 -0.044885 0.395582 0.002112 0.917331
114.000000 -0.225622 -0.489941 -6.152324 -0.042995 0.397905 0.003043 0.916413
115.000000 -0.258355 -0.463200 -6.207863 -0.041008 0.400320 0.004016 0.915449
116.000000 -0.292266 -0.435228 -6.263135 -0.038947 0.402794 0.005024 0.914448
117.000000 -0.314788 -0.414676 -6.318186 -0.037444 0.404422 0.005751 0.913787
118.000000 -0.320527 -0.404901 -6.373272 -0.036727 0.404846 0.006080 0.913627
119.000000 -0.310738 -0.404564 -6.428510 -0.036681 0.404186 0.006074 0.913921
120.000000 -0.286732 -0.412268 -6.483854 -0.037190 0.402562 0.005791 0.914618
121.000000 -0.249906 -0.426537 -6.539158 -0.038139 0.400092 0.005290 0.915666
122.000000 -0.202763 -0.445121 -6.594253 -0.039410 0.396892 0.004625 0.917007
123.000000 -0.147207 -0.466195 -6.648980 -0.040884 0.393076 0.003844 0.918589
124.000000 -0.084629 -0.488286 -6.703205 -0.042441 0.388762 0.002998 0.920355
125.000000 -0.016483 -0.509863 -6.756849 -0.043966 0.384069 0.002142 0.922254
126.000000 0.055246 -0.529008 -6.809929 -0.045319 0.379147 0.001346 0.924225
127.000000 0.115349 -0.534662 -6.863509 -0.045749 0.375037 0.000970 0.925880
128.000000 0.156391 -0.521479 -6.918492 -0.044909 0.372233 0.001171 0.927052
129.000000 0.178073 -0.489138 -6.975104 -0.042793 0.370738 0.001945 0.927749
130.000000 0.181845 -0.440880 -7.032979 -0.039639 0.370436 0.003192 0.928006
131.000000 0.173633 -0.391069 -7.090868 -0.036401 0.370922 0.004511 0.927939
132.000000 0.155874 -0.344183 -7.148430 -0.033362 0.372031 0.005778 0.927603
133.000000 0.130549 -0.302601 -7.205519 -0.030657 0.373630 0.006927 0.927045
134.000000 0.099707 -0.268758 -7.262041 -0.028424 0.375589 0.007891 0.926317
135.000000 0.065324 -0.244868 -7.318026 -0.026799 0.377778 0.008607 0.925468
136.000000 0.029098 -0.232356 -7.373444 -0.025920 0.380067 0.009014 0.924552
137.000000 -0.006925 -0.233509 -7.428207 -0.025926 0.382327 0.009054 0.923619
138.000000 -0.040997 -0.250541 -7.482271 -0.026935 0.384452 0.008674 0.922711
139.000000 -0.074559 -0.283234 -7.535571 -0.028912 0.386532 0.007890 0.921789
140.000000 -0.112545 -0.326298 -7.588095 -0.031514 0.388862 0.006854 0.920731
141.000000 -0.164863 -0.362378 -7.640263 -0.033676 0.392024 0.006025 0.919319
142.000000 -0.237751 -0.384794 -7.692043 -0.035004 0.396367 0.005584 0.917407
143.000000 -0.336991 -0.389117 -7.742961 -0.035257 0.402205 0.005660 0.914853
144.000000 -0.452110 -0.379292 -7.792452 -0.034688 0.408898 0.006147 0.911900
145.000000 -0.539724 -0.379424 -7.841719 -0.034715 0.413940 0.006324 0.909620
146.000000 -0.629896 -0.387872 -7.889374 -0.035197 0.419123 0.006290 0.907225
147.000000 -0.721384 -0.403606 -7.935449 -0.036048 0.424395 0.006077 0.904739
148.000000 -0.810350 -0.425737 -7.980275 -0.037196 0.429558 0.005711 0.902255
149.000000 -0.890570 -0.455460 -8.024620 -0.038726 0.434223 0.005149 0.899958
150.000000 -0.956302 -0.493893 -8.069598 -0.040795 0.437916 0.004312 0.898080
151.000000 -0.996382 -0.544056 -8.116354 -0.043553 0.440159 0.003099 0.896858
152.000000 -1.001573 -0.608998 -8.165902 -0.047146 0.440471 0.001399 0.896527
153.000000 -0.962487 -0.691836 -8.218764 -0.051715 0.438360 -0.000902 0.897310
154.000000 -0.886714 -0.786946 -8.273450 -0.056923 0.434262 -0.003631 0.898979
155.000000 -0.816709 -0.867484 -8.327300 -0.061303 0.430494 -0.005951 0.900490
156.000000 -0.719219 -0.933371 -8.383835 -0.064849 0.425255 -0.007987 0.902712
157.000000 -0.602206 -0.982639 -8.442069 -0.067462 0.418986 -0.009680 0.905431
158.000000 -0.477571 -1.013228 -8.501045 -0.069044 0.412330 -0.010952 0.908348
159.000000 -0.357434 -1.023103 -8.560374 -0.069507 0.405929 -0.011715 0.911182
160.000000 -0.249318 -1.013590 -8.619947 -0.068946 0.400170 -0.011977 0.913765
161.000000 -0.154025 -0.990740 -8.679456 -0.067694 0.395083 -0.011878 0.916071
162.000000 -0.071383 -0.961166 -8.738507 -0.066103 0.390669 -0.011570 0.918082
163.000000 -0.001149 -0.931661 -8.796698 -0.064524 0.386932 -0.011201 0.919780
164.000000 0.056893 -0.909203 -8.853640 -0.063306 0.383876 -0.010922 0.921147
165.000000 0.102646 -0.900743 -8.908941 -0.062805 0.381505 -0.010881 0.922167
166.000000 0.138247 -0.913171 -8.962087 -0.063374 0.379684 -0.011235 0.922875
167.000000 0.170304 -0.947935 -9.012832 -0.065082 0.378053 -0.012040 0.923415
168.000000 0.203605 -1.000719 -9.061327 -0.067701 0.376354 -0.013223 0.923904
169.000000 0.242812 -1.066834 -9.107665 -0.070990 0.374342 -0.014706 0.924452
170.000000 0.287458 -1.137846 -9.152538 -0.074531 0.372038 -0.016317 0.925077
171.000000 0.329920 -1.200189 -9.197792 -0.077659 0.369830 -0.017756 0.925678
172.000000 0.362177 -1.240286 -9.245796 -0.079701 0.368138 -0.018721 0.926160
173.000000 0.377555 -1.254952 -9.297673 -0.080499 0.367307 -0.019118 0.926413
174.000000 0.373623 -1.251771 -9.352715 -0.080431 0.367451 -0.019082 0.926362
175.000000 0.354861 -1.227350 -9.411167 -0.079317 0.368351 -0.018559 0.926111
176.000000 0.327201 -1.176430 -9.473233 -0.076886 0.369718 -0.017475 0.925793
177.000000 0.300995 -1.100844 -9.537871 -0.073220 0.371047 -0.015910 0.925586
178.000000 0.290598 -1.008281 -9.603235 -0.068705 0.371646 -0.014077 0.925722
179.000000 0.310597 -0.906229 -9.667643 -0.063745 0.370817 -0.012188 0.926436
180.000000 0.368573 -0.804798 -9.729461 -0.058828 0.368191 -0.010461 0.927828
181.000000 0.443183 -0.718531 -9.787975 -0.054662 0.364777 -0.009082 0.929445
182.000000 0.525705 -0.654462 -9.843221 -0.051575 0.360971 -0.008135 0.931114
183.000000 0.608030 -0.608070 -9.896226 -0.049343 0.357139 -0.007498 0.932717
184.000000 0.678331 -0.563396 -9.948961 -0.047211 0.353817 -0.006849 0.934097
185.000000 0.726879 -0.517870 -10.002538 -0.045060 0.351449 -0.006131 0.935102
186.000000 0.748578 -0.471822 -10.057717 -0.042920 0.350327 -0.005352 0.935628
187.000000 0.737493 -0.426022 -10.115088 -0.040822 0.350742 -0.004511 0.935571
188.000000 0.687304 -0.381299 -10.174948 -0.038799 0.352985 -0.003609 0.934817
189.000000 0.591339 -0.338512 -10.237083 -0.036881 0.357351 -0.002654 0.933238
190.000000 0.449586 -0.296569 -10.300233 -0.035008 0.363792 -0.001639 0.930821
191.000000 0.292749 -0.249895 -10.361811 -0.032922 0.370874 -0.000531 0.928099
192.000000 0.138316 -0.200952 -10.420825 -0.030737 0.377794 0.000597 0.925379
193.000000 0.001752 -0.153083 -10.477341 -0.028607 0.383867 0.001664 0.922944
194.000000 -0.102440 -0.109421 -10.532217 -0.026670 0.388471 0.002597 0.921071
195.000000 -0.169350 -0.071003 -10.586547 -0.024975 0.391419 0.003375 0.919867
196.000000 -0.198572 -0.037883 -10.641095 -0.023521 0.392716 0.004004 0.919350
197.000000 -0.189727 -0.010105 -10.696211 -0.022314 0.392365 0.004491 0.919528
198.000000 -0.142419 0.012285 -10.751825 -0.021352 0.390367 0.004840 0.920399
199.000000 -0.056237 0.029241 -10.807449 -0.020639 0.386717 0.005055 0.921954
200.000000 0.069220 0.040712 -10.862166 -0.020172 0.381406 0.005137 0.924173
201.000000 0.223291 0.046940 -10.914863 -0.019937 0.374891 0.005104 0.926840
202.000000 0.381661 0.049574 -10.965224 -0.019858 0.368200 0.005009 0.929521
203.000000 0.533406 0.050696 -11.013610 -0.019842 0.361787 0.004896 0.932037
204.000000 0.667673 0.052425 -11.060958 -0.019798 0.356099 0.004807 0.934226
205.000000 0.775876 0.056495 -11.108497 -0.019653 0.351483 0.004777 0.935976
206.000000 0.855476 0.063692 -11.157191 -0.019375 0.348054 0.004819 0.937262
207.000000 0.905346 0.074612 -11.207782 -0.018939 0.345890 0.004944 0.938071
208.000000 0.923600 0.089851 -11.260803 -0.018320 0.345069 0.005165 0.938384
209.000000 0.908257 0.110019 -11.316533 -0.017490 0.345671 0.005491 0.938177
210.000000 0.857163 0.135757 -11.374938 -0.016423 0.347768 0.005931 0.937418
211.000000 0.779470 0.167455 -11.434828 -0.015106 0.350958 0.006478 0.936247
212.000000 0.698581 0.204054 -11.494204 -0.013593 0.354262 0.007099 0.935020
213.000000 0.623745 0.244047 -11.552486 -0.011949 0.357301 0.007761 0.933881
214.000000 0.563471 0.285732 -11.609396 -0.010248 0.359734 0.008435 0.932960
215.000000 0.522696 0.327498 -11.664978 -0.008557 0.361371 0.009095 0.932339
216.000000 0.500434 0.368682 -11.719508 -0.006904 0.362259 0.009733 0.932001
217.000000 0.494843 0.408750 -11.773198 -0.005308 0.362478 0.010346 0.931920
218.000000 0.504040 0.447160 -11.826187 -0.003790 0.362110 0.010927 0.932064
219.000000 0.526134 0.483370 -11.878566 -0.002372 0.361231 0.011472 0.932403
220.000000 0.559253 0.516841 -11.930402 -0.001071 0.359923 0.011972 0.932905
221.000000 0.601496 0.547027 -11.981754 0.000090 0.358262 0.012423 0.933538
222.000000 0.650927 0.573373 -12.032689 0.001094 0.356329 0.012815 0.934272
223.000000 0.705580 0.595318 -12.083289 0.001919 0.354201 0.013143 0.935075
224.000000 0.764121 0.612464 -12.133619 0.002552 0.351933 0.013401 0.935926
225.000000 0.826440 0.624733 -12.183656 0.002992 0.349529 0.013590 0.936822
226.000000 0.891867 0.631820 -12.233426 0.003230 0.347016 0.013702 0.937754
227.000000 0.949958 0.629770 -12.283906 0.003125 0.344796 0.013680 0.938573
228.000000 0.982866 0.611880 -12.336957 0.002430 0.343548 0.013435 0.939036
229.000000 0.972892 0.571881 -12.394370 0.000925 0.343933 0.012885 0.938905
230.000000 0.920846 0.521567 -12.455222 -0.000933 0.345892 0.012189 0.938195
231.000000 0.848770 0.493542 -12.516096 -0.001926 0.348558 0.011796 0.937211
232.000000 0.776569 0.512858 -12.574618 -0.001153 0.351184 0.012052 0.936228
233.000000 0.691949 0.531340 -12.633452 -0.000432 0.354276 0.012284 0.935060
234.000000 0.583536 0.513143 -12.694426 -0.001089 0.358290 0.011989 0.933533
235.000000 0.452286 0.459121 -12.756655 -0.003052 0.363168 0.011185 0.931651
236.000000 0.299318 0.370543 -12.818797 -0.006202 0.368812 0.009906 0.929431
237.000000 0.136148 0.252962 -12.879051 -0.010285 0.374752 0.008241 0.927032
238.000000 -0.016529 0.118079 -12.936290 -0.014958 0.380254 0.006331 0.924740
239.000000 -0.138153 -0.023453 -12.990708 -0.019898 0.384610 0.004311 0.922855
240.000000 -0.228104 -0.181576 -13.042857 -0.025450 0.387816 0.002028 0.921383
241.000000 -0.308104 -0.387972 -13.091408 -0.032711 0.390646 -0.000975 0.919959
242.000000 -0.396917 -0.665751 -13.132589 -0.042462 0.393739 -0.005021 0.918227
243.000000 -0.479327 -0.961316 -13.166346 -0.052805 0.396545 -0.009329 0.916448
244.000000 -0.541259 -1.234571 -13.196043 -0.062339 0.398592 -0.013317 0.914910
245.000000 -0.582257 -1.484501 -13.223500 -0.071035 0.399881 -0.016973 0.913653
246.000000 -0.602258 -1.711150 -13.250230 -0.078896 0.400425 -0.020310 0.912701
247.000000 -0.601242 -1.914614 -13.277497 -0.085922 0.400237 -0.023351 0.912076
248.000000 -0.579169 -2.095021 -13.306325 -0.092116 0.399325 -0.026113 0.911796
249.000000 -0.539544 -2.247216 -13.338248 -0.097306 0.397827 -0.028514 0.911840
250.000000 -0.501877 -2.342661 -13.378347 -0.100545 0.396447 -0.030068 0.912040
251.000000 -0.488006 -2.356738 -13.431328 -0.101031 0.395961 -0.030349 0.912188
252.000000 -0.509022 -2.314518 -13.492661 -0.099654 0.396706 -0.029700 0.912037
253.000000 -0.573198 -2.255743 -13.554628 -0.097782 0.398896 -0.028678 0.911317
254.000000 -0.689067 -2.221261 -13.609401 -0.096789 0.402752 -0.027846 0.909751
255.000000 -0.862885 -2.247870 -13.649812 -0.097845 0.408446 -0.027714 0.907100
256.000000 -1.091476 -2.338280 -13.673458 -0.100965 0.415864 -0.028351 0.903360
257.000000 -1.368957 -2.480916 -13.678870 -0.105759 0.424802 -0.029648 0.898599
258.000000 -1.689450 -2.663576 -13.664187 -0.111867 0.435057 -0.031454 0.892873
259.000000 -2.043033 -2.879812 -13.627171 -0.119134 0.446300 -0.033679 0.886278
260.000000 -2.403738 -3.148821 -13.563300 -0.128220 0.457657 -0.036715 0.879069
261.000000 -2.746078 -3.492511 -13.468009 -0.139807 0.468261 -0.041067 0.871493
262.000000 -3.056931 -3.883643 -13.347341 -0.152984 0.477704 -0.046393 0.863853
263.000000 -3.327393 -4.281525 -13.214217 -0.166410 0.485753 -0.052065 0.856528
264.000000 -3.549313 -4.647548 -13.086248 -0.178797 0.492222 -0.057435 0.849971
265.000000 -3.716406 -4.950274 -12.982713 -0.189075 0.496997 -0.061940 0.844635
266.000000 -3.831048 -5.190219 -12.909948 -0.197225 0.500179 -0.065581 0.840609
267.000000 -3.898593 -5.378352 -12.867259 -0.203582 0.501931 -0.068570 0.837805
268.000000 -3.923934 -5.525110 -12.852057 -0.208475 0.502397 -0.071107 0.836110
269.000000 -3.911320 -5.640473 -12.860512 -0.212227 0.501697 -0.073372 0.835390
270.000000 -3.863982 -5.732971 -12.888619 -0.215120 0.499922 -0.075510 0.835524
271.000000 -3.782370 -5.804794 -12.935315 -0.217224 0.497091 -0.077554 0.836481
272.000000 -3.665951 -5.855921 -13.000324 -0.218538 0.493197 -0.079504 0.838258
273.000000 -3.514041 -5.886247 -13.082987 -0.219058 0.488232 -0.081358 0.840847
274.000000 -3.325982 -5.895495 -13.182243 -0.218772 0.482185 -0.083125 0.844231
275.000000 -3.100986 -5.883375 -13.296612 -0.217673 0.475044 -0.084804 0.848387
276.000000 -2.831627 -5.854041 -13.423614 -0.215876 0.466573 -0.086515 0.853359
277.000000 -2.534176 -5.823865 -13.550150 -0.213962 0.457248 -0.088384 0.858681
278.000000 -2.373080 -5.756511 -13.662248 -0.211315 0.452382 -0.088523 0.861894
279.000000 -2.306451 -5.656915 -13.769623 -0.207974 0.450582 -0.087400 0.863761
280.000000 -2.263077 -5.545485 -13.876771 -0.204356 0.449511 -0.085918 0.865330
281.000000 -2.247056 -5.429149 -13.980319 -0.200693 0.449247 -0.084174 0.866495
282.000000 -2.261617 -5.314581 -14.076944 -0.197217 0.449870 -0.082269 0.867153
283.000000 -2.304091 -5.210808 -14.163432 -0.194161 0.451462 -0.080301 0.867200
284.000000 -2.380306 -5.125367 -14.236532 -0.191754 0.454104 -0.078379 0.866531
285.000000 -2.496907 -5.065352 -14.292753 -0.190228 0.457871 -0.076608 0.865043
286.000000 -2.663964 -5.033847 -14.328598 -0.189695 0.463045 -0.074965 0.862546
287.000000 -2.865689 -5.020967 -14.349196 -0.189811 0.469163 -0.073377 0.859345
288.000000 -2.933230 -5.071430 -14.372879 -0.191467 0.471062 -0.073743 0.857906
289.000000 -2.916236 -5.187210 -14.390096 -0.194845 0.470258 -0.075753 0.857412
290.000000 -2.895783 -5.348749 -14.390117 -0.199576 0.469220 -0.078518 0.856643
291.000000 -2.875608 -5.547849 -14.373726 -0.205423 0.468069 -0.081891 0.855574
292.000000 -2.859476 -5.776169 -14.341839 -0.212152 0.466924 -0.085719 0.854182
293.000000 -2.851114 -6.025312 -14.295689 -0.219531 0.465907 -0.089850 0.852446
294.000000 -2.854166 -6.286913 -14.236951 -0.227334 0.465144 -0.094124 0.850354
295.000000 -2.872056 -6.552882 -14.167804 -0.235336 0.464760 -0.098376 0.847902
296.000000 -2.907980 -6.815383 -14.090931 -0.243325 0.464883 -0.102434 0.845094
297.000000 -2.965153 -7.066701 -14.009483 -0.251083 0.465646 -0.106128 0.841943
298.000000 -3.046489 -7.298533 -13.927451 -0.258371 0.467177 -0.109298 0.838477
299.000000 -3.127228 -7.467093 -13.874651 -0.263768 0.468915 -0.111430 0.835541
300.000000 -3.152009 -7.501047 -13.905165 -0.264910 0.469513 -0.111798 0.834794
301.000000 -3.115310 -7.416498 -14.012447 -0.262284 0.468760 -0.110748 0.836186
302.000000 -3.025186 -7.251650 -14.170971 -0.257113 0.466752 -0.108890 0.839153
303.000000 -2.888803 -7.044418 -14.355316 -0.250595 0.463571 -0.106808 0.843147
304.000000 -2.714040 -6.835712 -14.541708 -0.243939 0.459290 -0.105063 0.847649
305.000000 -2.510446 -6.670352 -14.708536 -0.238399 0.454002 -0.104198 0.852168
306.000000 -2.293463 -6.575363 -14.842185 -0.234804 0.448072 -0.104451 0.856265
307.000000 -2.092422 -6.544281 -14.942318 -0.233068 0.442374 -0.105497 0.859567
308.000000 -1.937871 -6.567032 -15.010404 -0.233007 0.437807 -0.107015 0.861731
309.000000 -1.864256 -6.674025 -15.029635 -0.235627 0.435231 -0.109239 0.862045
310.000000 -1.919602 -6.932578 -14.961766 -0.243084 0.435749 -0.112756 0.859255
311.000000 -2.096477 -7.315645 -14.810096 -0.254651 0.439216 -0.117213 0.853524
312.000000 -2.369230 -7.769746 -14.590365 -0.268767 0.445103 -0.121992 0.845438
313.000000 -2.711010 -8.242754 -14.322293 -0.283892 0.452888 -0.126468 0.835645
314.000000 -3.096184 -8.686076 -14.032151 -0.298553 0.462085 -0.130010 0.824888
315.000000 -3.501247 -9.055543 -13.753265 -0.311346 0.472263 -0.131987 0.814009
316.000000 -3.899464 -9.325548 -13.516376 -0.321329 0.482793 -0.132128 0.803866
317.000000 -4.255538 -9.500936 -13.338557 -0.328389 0.492605 -0.130868 0.795220
318.000000 -4.537359 -9.587952 -13.236202 -0.332482 0.500676 -0.128744 0.788800
319.000000 -4.735631 -9.589095 -13.219399 -0.333595 0.506667 -0.126008 0.784936
320.000000 -4.862034 -9.517983 -13.278526 -0.332190 0.510826 -0.122852 0.783335
321.000000 -4.936637 -9.403689 -13.386026 -0.329249 0.513598 -0.119613 0.783265
322.000000 -4.979470 -9.276813 -13.512501 -0.325781 0.515436 -0.116641 0.783957
323.000000 -5.010786 -9.169221 -13.628872 -0.322791 0.516797 -0.114300 0.784642
324.000000 -5.046078 -9.107626 -13.712824 -0.321087 0.518023 -0.112896 0.784735
325.000000 -4.952015 -8.934711 -13.916157 -0.315673 0.515993 -0.110912 0.788543
326.000000 -4.710692 -8.630640 -14.244429 -0.306100 0.510360 -0.108137 0.796330
327.000000 -4.393323 -8.282860 -14.602749 -0.295245 0.502846 -0.105449 0.805517
328.000000 -4.072183 -7.983097 -14.912188 -0.285933 0.495153 -0.103684 0.813828
329.000000 -3.800055 -7.796056 -15.131581 -0.280063 0.488511 -0.103285 0.819911
330.000000 -3.588537 -7.723232 -15.273239 -0.277438 0.483089 -0.104007 0.823915
331.000000 -3.428491 -7.733030 -15.362249 -0.277083 0.478697 -0.105437 0.826412
332.000000 -3.305795 -7.785882 -15.421656 -0.277928 0.475116 -0.107204 0.827967
333.000000 -3.205418 -7.841378 -15.473545 -0.278896 0.472116 -0.108934 0.829130
334.000000 -3.118220 -7.867580 -15.535043 -0.279143 0.469591 -0.110286 0.830302
335.000000 -3.197829 -8.042832 -15.484370 -0.284020 0.471019 -0.112449 0.827544
336.000000 -3.465938 -8.382776 -15.299417 -0.294072 0.476893 -0.115367 0.820235
337.000000 -3.841959 -8.777016 -15.039917 -0.306084 0.485439 -0.118132 0.810374
338.000000 -4.251143 -9.126281 -14.773053 -0.317120 0.495048 -0.119865 0.799997
339.000000 -4.643169 -9.379417 -14.548352 -0.325580 0.504608 -0.120088 0.790536
340.000000 -4.999466 -9.547077 -14.373868 -0.331652 0.513600 -0.119024 0.782339
341.000000 -5.306747 -9.643232 -14.252842 -0.335614 0.521597 -0.117058 0.775627
342.000000 -5.553238 -9.680118 -14.187744 -0.337705 0.528198 -0.114642 0.770597
343.000000 -5.726392 -9.669223 -14.180416 -0.338166 0.532996 -0.112218 0.767441
344.000000 -5.812128 -9.621722 -14.231913 -0.337257 0.535563 -0.110196 0.766346
345.000000 -5.794986 -9.548537 -14.341995 -0.335246 0.535453 -0.108956 0.767482
346.000000 -5.673490 -9.461920 -14.501357 -0.332483 0.532607 -0.108724 0.770691
347.000000 -5.529119 -9.382466 -14.662170 -0.329837 0.529138 -0.108904 0.774184
348.000000 -5.420988 -9.327817 -14.791399 -0.327991 0.526532 -0.109118 0.776711
349.000000 -5.347850 -9.302721 -14.888599 -0.327052 0.524708 -0.109469 0.778290
350.000000 -5.312792 -9.304356 -14.955910 -0.326941 0.523728 -0.109890 0.778937
351.000000 -5.318884 -9.329039 -14.995149 -0.327565 0.523671 -0.110295 0.778656
352.000000 -5.366033 -9.372721 -15.007606 -0.328835 0.524618 -0.110596 0.777440
353.000000 -5.455119 -9.431528 -14.994000 -0.330664 0.526654 -0.110692 0.775270
354.000000 -5.589442 -9.501857 -14.954547 -0.332970 0.529862 -0.110473 0.772122
355.000000 -5.771953 -9.579932 -14.889166 -0.335663 0.534315 -0.109833 0.767968
356.000000 -5.988817 -9.660256 -14.805029 -0.338544 0.539659 -0.108820 0.763096
357.000000 -6.141497 -9.729808 -14.750520 -0.340913 0.543391 -0.108318 0.759455
358.000000 -6.158881 -9.780055 -14.763878 -0.342292 0.543713 -0.108994 0.758507
359.000000 -6.059897 -9.810551 -14.838395 -0.342732 0.541122 -0.110642 0.759921
360.000000 -5.931182 -9.821513 -14.936938 -0.342551 0.537840 -0.112287 0.762088
361.000000 -5.811217 -9.815459 -15.042085 -0.341956 0.534836 -0.113542 0.764280
362.000000 -5.710701 -9.796047 -15.147711 -0.341089 0.532353 -0.114351 0.766278
363.000000 -5.640198 -9.767009 -15.248064 -0.340087 0.530627 -0.114666 0.767872
364.000000 -5.609563 -9.732079 -15.337560 -0.339083 0.529891 -0.114444 0.768857
365.000000 -5.626527 -9.694994 -15.410516 -0.338208 0.530378 -0.113645 0.769025
366.000000 -5.700906 -9.659464 -15.460744 -0.337589 0.532323 -0.112226 0.768161
367.000000 -5.843652 -9.629251 -15.481198 -0.337347 0.535962 -0.110144 0.766035
368.000000 -6.065327 -9.608209 -15.463621 -0.337601 0.541519 -0.107354 0.762403
369.000000 -6.351448 -9.600093 -15.408171 -0.338375 0.548605 -0.104073 0.757432
370.000000 -6.621203 -9.607866 -15.344129 -0.339458 0.555216 -0.101244 0.752497
371.000000 -6.845763 -9.632368 -15.284664 -0.340784 0.560651 -0.099208 0.748127
372.000000 -7.025298 -9.673582 -15.231700 -0.342363 0.564923 -0.097966 0.744347
373.000000 -7.160152 -9.731510 -15.186623 -0.344204 0.568045 -0.097520 0.741173
374.000000 -7.250668 -9.806168 -15.150348 -0.346314 0.570031 -0.097872 0.738616
375.000000 -7.297145 -9.897587 -15.123342 -0.348694 0.570886 -0.099025 0.736679
376.000000 -7.299875 -10.005769 -15.105634 -0.351342 0.570618 -0.100984 0.735361
377.000000 -7.259204 -10.130623 -15.096832 -0.354247 0.569228 -0.103762 0.734657
378.000000 -7.175464 -10.272037 -15.096125 -0.357397 0.566717 -0.107373 0.734555
379.000000 -7.049614 -10.423550 -15.106363 -0.360624 0.563123 -0.111686 0.735098
380.000000 -6.886594 -10.547992 -15.149887 -0.363035 0.558707 -0.115935 0.736622
381.000000 -6.692407 -10.598529 -15.255903 -0.363518 0.553811 -0.119177 0.739557
382.000000 -6.480223 -10.553035 -15.432314 -0.361610 0.548867 -0.120889 0.743888
383.000000 -6.277477 -10.441572 -15.644206 -0.358180 0.544423 -0.121349 0.748722
384.000000 -6.114216 -10.301901 -15.853276 -0.354279 0.541042 -0.120896 0.753090
385.000000 -6.015181 -10.166501 -16.031105 -0.350757 0.539173 -0.119778 0.756251
386.000000 -5.984043 -10.040804 -16.176262 -0.347708 0.538865 -0.118025 0.758151
387.000000 -6.019901 -9.922876 -16.292043 -0.345045 0.540083 -0.115645 0.758868
388.000000 -6.121112 -9.808546 -16.380859 -0.342667 0.542789 -0.112653 0.758465
389.000000 -6.283998 -9.700779 -16.440463 -0.340644 0.546879 -0.109170 0.756946
390.000000 -6.499187 -9.636888 -16.450429 -0.339819 0.552016 -0.105906 0.754046
391.000000 -6.755936 -9.665239 -16.385223 -0.341253 0.557804 -0.103761 0.749423
392.000000 -7.035604 -9.804805 -16.238240 -0.345313 0.563769 -0.103269 0.743142
393.000000 -7.305066 -10.016364 -16.042930 -0.351009 0.569274 -0.104148 0.736120
394.000000 -7.530901 -10.255555 -15.840014 -0.357238 0.573689 -0.105997 0.729402
395.000000 -7.687639 -10.489007 -15.664872 -0.363156 0.576529 -0.108484 0.723853
396.000000 -7.772287 -10.711998 -15.525669 -0.368632 0.577731 -0.111563 0.719647
397.000000 -7.786737 -10.925000 -15.423847 -0.373655 0.577323 -0.115265 0.716795
398.000000 -7.742291 -11.127642 -15.355450 -0.378226 0.575552 -0.119507 0.715124
399.000000 -7.671754 -11.318344 -15.305711 -0.382409 0.573180 -0.123897 0.714057
400.000000 -7.610381 -11.495413 -15.258751 -0.386296 0.571031 -0.127977 0.712966
401.000000 -7.586615 -11.657741 -15.201989 -0.389985 0.569776 -0.131360 0.711345
402.000000 -7.600943 -11.807042 -15.134497 -0.393532 0.569424 -0.134048 0.709169
403.000000 -7.646122 -11.945780 -15.058112 -0.396971 0.569803 -0.136158 0.706541
404.000000 -7.714370 -12.076379 -14.974414 -0.400333 0.570746 -0.137812 0.703556
405.000000 -7.798007 -12.201193 -14.884873 -0.403643 0.572087 -0.139133 0.700307
406.000000 -7.889659 -12.322517 -14.790977 -0.406926 0.573664 -0.140245 0.696887
407.000000 -7.982927 -12.442512 -14.694320 -0.410203 0.575313 -0.141273 0.693391
408.000000 -8.062775 -12.563737 -14.601158 -0.413461 0.576654 -0.142483 0.690086
409.000000 -8.093689 -12.689914 -14.528539 -0.416611 0.576817 -0.144473 0.687637
410.000000 -8.049061 -12.824801 -14.488643 -0.419592 0.575136 -0.147730 0.686540
411.000000 -7.989083 -12.970488 -14.446003 -0.422742 0.573005 -0.151456 0.685577
412.000000 -8.029996 -13.124333 -14.338203 -0.426610 0.573180 -0.153919 0.682479
413.000000 -8.135640 -13.264033 -14.204482 -0.430502 0.574922 -0.155162 0.678275
414.000000 -8.099153 -13.349263 -14.201592 -0.432351 0.573541 -0.157368 0.677760
415.000000 -7.818562 -13.369781 -14.394892 -0.431312 0.566690 -0.161899 0.683096
416.000000 -7.491644 -13.401958 -14.592287 -0.430253 0.558734 -0.167373 0.688974
417.000000 -7.232021 -13.486126 -14.696176 -0.430788 0.552213 -0.172790 0.692550
418.000000 -7.047117 -13.616465 -14.714646 -0.432828 0.547271 -0.177875 0.693912
419.000000 -6.945360 -13.784970 -14.658950 -0.436193 0.543952 -0.182401 0.693240
420.000000 -6.918949 -13.981759 -14.544453 -0.440606 0.542025 -0.186341 0.690906
421.000000 -6.867178 -14.194709 -14.422880 -0.445265 0.539315 -0.190971 0.688773
422.000000 -6.665216 -14.414334 -14.357718 -0.449133 0.532946 -0.198087 0.689210
423.000000 -6.362722 -14.649217 -14.312707 -0.452634 0.523973 -0.207188 0.691121
424.000000 -6.188516 -14.927560 -14.154048 -0.458074 0.517657 -0.215206 0.689844
425.000000 -6.266232 -15.238638 -13.837004 -0.466275 0.517107 -0.219916 0.683246
426.000000 -6.412931 -15.488447 -13.541286 -0.473635 0.518681 -0.222373 0.676159
427.000000 -6.537518 -15.631344 -13.368681 -0.478256 0.520574 -0.223079 0.671200
428.000000 -6.648456 -15.695304 -13.291359 -0.480836 0.522792 -0.222384 0.667855
429.000000 -6.729314 -15.777884 -13.205568 -0.483655 0.524112 -0.222515 0.664734
430.000000 -6.764545 -15.879007 -13.119968 -0.486545 0.524135 -0.223825 0.662162
431.000000 -6.761708 -15.953133 -13.086795 -0.488394 0.523441 -0.225298 0.660849
432.000000 -6.743580 -16.000176 -13.095774 -0.489380 0.522629 -0.226486 0.660356
433.000000 -6.724194 -16.022828 -13.135754 -0.489717 0.522033 -0.227182 0.660339
434.000000 -6.707186 -16.024278 -13.197112 -0.489607 0.521656 -0.227471 0.660619
435.000000 -6.695612 -16.011875 -13.270120 -0.489248 0.521483 -0.227459 0.661025
436.000000 -6.691398 -15.995185 -13.344849 -0.488843 0.521493 -0.227257 0.661386
437.000000 -6.688341 -15.989256 -13.406591 -0.488709 0.521420 -0.227253 0.661545
438.000000 -6.680314 -15.988291 -13.465551 -0.488644 0.521178 -0.227425 0.661724
439.000000 -6.688828 -15.914876 -13.602308 -0.486933 0.521953 -0.225893 0.662898
440.000000 -6.735814 -15.787767 -13.781309 -0.484238 0.524098 -0.222661 0.664272
441.000000 -6.818490 -15.675529 -13.923701 -0.482194 0.526967 -0.219086 0.664677
442.000000 -6.916078 -15.601423 -14.014611 -0.481171 0.529888 -0.215954 0.664122
443.000000 -7.007376 -15.586697 -14.041953 -0.481493 0.532199 -0.214041 0.662658
444.000000 -7.074120 -15.644444 -14.000585 -0.483322 0.533376 -0.213938 0.660409
445.000000 -7.113448 -15.746258 -13.922559 -0.485981 0.533562 -0.215165 0.657904
446.000000 -7.127912 -15.849781 -13.853359 -0.488506 0.533134 -0.216869 0.655818
447.000000 -7.127439 -15.908921 -13.840739 -0.489893 0.532680 -0.217996 0.654778
448.000000 -7.123438 -15.914651 -13.889473 -0.490027 0.532533 -0.218197 0.654731
449.000000 -7.120557 -15.890506 -13.969726 -0.489511 0.532608 -0.217862 0.655167
450.000000 -7.122605 -15.862232 -14.051221 -0.488955 0.532812 -0.217389 0.655573
451.000000 -7.134476 -15.849338 -14.111441 -0.488813 0.533135 -0.217013 0.655541
452.000000 -7.166289 -15.842390 -14.157836 -0.488898 0.533908 -0.216342 0.655070
453.000000 -7.230296 -15.822388 -14.205141 -0.488860 0.535548 -0.214835 0.654255
454.000000 -7.336061 -15.776453 -14.260647 -0.488501 0.538340 -0.212134 0.653112
455.000000 -7.476420 -15.733961 -14.292992 -0.488472 0.541872 -0.208932 0.651243
456.000000 -7.638212 -15.739440 -14.258091 -0.489713 0.545510 -0.206296 0.648106
457.000000 -7.808815 -15.834193 -14.115264 -0.493073 0.548685 -0.205236 0.643196
458.000000 -7.986639 -16.007442 -13.872502 -0.498315 0.551444 -0.205608 0.636645
459.000000 -8.177526 -16.213964 -13.571926 -0.504482 0.554245 -0.206446 0.629038
460.000000 -8.384284 -16.412317 -13.257277 -0.510666 0.557477 -0.206836 0.621014
461.000000 -8.601226 -16.575246 -12.965974 -0.516185 0.561246 -0.206235 0.613207
462.000000 -8.817606 -16.704377 -12.705923 -0.520977 0.565316 -0.204799 0.605853
463.000000 -9.023001 -16.807241 -12.477691 -0.525113 0.569389 -0.202868 0.599080
464.000000 -9.208156 -16.890541 -12.282125 -0.528651 0.573184 -0.200799 0.593016
465.000000 -9.364398 -16.960434 -12.120370 -0.531648 0.576430 -0.198955 0.587789
466.000000 -9.483303 -17.022706 -11.993774 -0.534166 0.578856 -0.197701 0.583530
467.000000 -9.556238 -17.083021 -11.903669 -0.536265 0.580192 -0.197397 0.580372
468.000000 -9.574491 -17.146832 -11.851083 -0.538000 0.580166 -0.198408 0.578444
469.000000 -9.529409 -17.219419 -11.836171 -0.539414 0.578510 -0.201092 0.577858
470.000000 -9.437666 -17.304189 -11.840110 -0.540711 0.575590 -0.205169 0.578129
471.000000 -9.347762 -17.395523 -11.831787 -0.542161 0.572627 -0.209395 0.578198
472.000000 -9.269330 -17.475945 -11.829529 -0.543427 0.570005 -0.213122 0.578240
473.000000 -9.205205 -17.526235 -11.860204 -0.544070 0.567967 -0.215823 0.578638
474.000000 -9.158364 -17.526796 -11.950829 -0.543650 0.566765 -0.216978 0.579778
475.000000 -9.129352 -17.472312 -12.106941 -0.542075 0.566470 -0.216471 0.581728
476.000000 -9.114265 -17.391618 -12.286537 -0.540037 0.566754 -0.215062 0.583864
477.000000 -9.110772 -17.320118 -12.441637 -0.538344 0.567246 -0.213626 0.585476
478.000000 -9.105556 -17.272170 -12.564489 -0.537186 0.567513 -0.212753 0.586597
479.000000 -9.037558 -17.155495 -12.825569 -0.533901 0.566934 -0.211597 0.590561
480.000000 -8.904225 -16.969939 -13.216172 -0.528559 0.565459 -0.210214 0.597237
481.000000 -8.724472 -16.786274 -13.620323 -0.523015 0.562943 -0.209806 0.604592
482.000000 -8.551571 -16.680204 -13.910831 -0.519365 0.560005 -0.210874 0.610070
483.000000 -8.397791 -16.669319 -14.068413 -0.518015 0.556767 -0.213488 0.613265
484.000000 -8.264286 -16.758173 -14.098587 -0.518911 0.553165 -0.217651 0.614303
485.000000 -8.150151 -16.926635 -14.025003 -0.521603 0.549303 -0.222990 0.613573
486.000000 -8.056609 -17.110461 -13.916986 -0.524783 0.545707 -0.228292 0.612119
487.000000 -7.985951 -17.242030 -13.852719 -0.527037 0.543003 -0.232263 0.611093
488.000000 -7.953435 -17.283348 -13.873669 -0.527647 0.541877 -0.233874 0.610950
489.000000 -8.024421 -17.315556 -13.843510 -0.528958 0.543109 -0.233398 0.608902
490.000000 -8.263680 -17.462547 -13.564874 -0.534278 0.547111 -0.231845 0.601220
491.000000 -8.564222 -17.664331 -13.161611 -0.541414 0.552044 -0.230063 0.590922
492.000000 -8.824651 -17.816488 -12.833547 -0.547135 0.556550 -0.227960 0.582176
493.000000 -9.033513 -17.917065 -12.603275 -0.551227 0.560382 -0.225706 0.575480
494.000000 -9.190245 -17.977350 -12.465543 -0.553893 0.563425 -0.223523 0.570782
495.000000 -9.290428 -18.000835 -12.414637 -0.555309 0.565571 -0.221646 0.568010
496.000000 -9.334857 -17.993287 -12.444104 -0.555600 0.566729 -0.220330 0.567081
497.000000 -9.323412 -17.962909 -12.546429 -0.554893 0.566794 -0.219816 0.567907
498.000000 -9.257687 -17.919707 -12.705423 -0.553429 0.565725 -0.220289 0.570214
499.000000 -9.233049 -17.927029 -12.762669 -0.553444 0.565124 -0.221040 0.570505
500.000000 -9.304176 -17.943912 -12.738800 -0.554470 0.566557 -0.219944 0.568508
501.000000 -9.459208 -17.959318 -12.657411 -0.556140 0.569843 -0.216965 0.564724
502.000000 -9.661756 -18.007278 -12.494645 -0.558878 0.573879 -0.213619 0.559183
503.000000 -9.847253 -18.088841 -12.295831 -0.562147 0.577215 -0.211377 0.553293
504.000000 -9.934147 -18.187642 -12.145345 -0.564974 0.578229 -0.211691 0.549220
505.000000 -9.849327 -18.242412 -12.189478 -0.565451 0.575904 -0.214754 0.549982
506.000000 -9.656031 -18.272212 -12.346907 -0.564510 0.571478 -0.219631 0.553628
507.000000 -9.429386 -18.307838 -12.510878 -0.563431 0.566304 -0.225404 0.557708
508.000000 -9.237266 -18.378149 -12.591220 0.563413 -0.561554 0.231253 -0.560129
509.000000 -9.051759 -18.459299 -12.650265 0.563614 -0.556736 0.237296 -0.562206
510.000000 -8.764443 -18.488297 -12.861500 -0.561550 0.550038 -0.244392 0.567796
511.000000 -8.397728 -18.455768 -13.208219 -0.557286 0.542177 -0.251675 0.576312
512.000000 -8.017882 -18.369249 -13.621597 -0.551692 0.534614 -0.257919 0.585919
513.000000 -7.693973 -18.238974 -14.040131 -0.545717 0.528759 -0.262060 0.594922
514.000000 -7.515192 -18.097497 -14.376312 -0.540954 0.526178 -0.263086 0.601075
515.000000 -7.567545 -18.034343 -14.484512 -0.540065 0.527804 -0.261027 0.601346
516.000000 -7.791200 -18.047231 -14.404238 -0.542342 0.532345 -0.257039 0.596997
517.000000 -8.105188 -18.117482 -14.194995 -0.546596 0.538259 -0.252367 0.589764
518.000000 -8.430744 -18.226501 -13.916668 -0.551734 0.544079 -0.248187 0.581353
519.000000 -8.693996 -18.358462 -13.632080 -0.556816 0.548417 -0.245619 0.573469
520.000000 -8.859287 -18.507325 -13.375930 -0.561437 0.550569 -0.245273 0.567012
521.000000 -9.000038 -18.675430 -13.099564 0.566316 -0.552034 0.245761 -0.560487
522.000000 -9.224613 -18.852059 -12.739769 0.572226 -0.555196 0.244634 -0.551788
523.000000 -9.417076 -18.958707 -12.493341 0.576377 -0.558327 0.242668 -0.545135
524.000000 -9.521195 -18.981053 -12.435614 0.577880 -0.560349 0.240766 -0.542305
525.000000 -9.558550 -18.945794 -12.515060 0.577511 -0.561447 0.239109 -0.542297
526.000000 -9.546681 -18.877511 -12.677533 0.576007 -0.561803 0.237861 -0.544073
527.000000 -9.500580 -18.801339 -12.869232 0.574090 -0.561591 0.237183 -0.546608
528.000000 -9.443726 -18.747425 -13.037179 0.572506 -0.560964 0.237227 -0.548890
529.000000 -9.401602 -18.743730 -13.127560 0.572028 -0.560167 0.238026 -0.549854
530.000000 -9.466722 -18.785138 -13.080829 0.573413 -0.561189 0.237423 -0.547627
531.000000 -9.613255 -18.837352 -12.960437 0.575725 -0.563783 0.235277 -0.543447
532.000000 -9.698349 -18.878804 -12.899628 0.577242 -0.565145 0.234310 -0.540834
533.000000 -9.797105 -18.959234 -12.767799 0.579733 -0.566407 0.233926 -0.537002
534.000000 -9.926844 -19.063550 -12.568521 0.583083 -0.568070 0.233418 -0.531814
535.000000 -10.029607 -19.138056 -12.424526 0.585658 -0.569486 0.232823 -0.527716
536.000000 -10.095426 -19.169226 -12.368974 0.587047 -0.570609 0.232018 -0.525308
537.000000 -10.136934 -19.158286 -12.395374 0.587335 -0.571655 0.230795 -0.524387
538.000000 -10.163510 -19.101623 -12.504864 0.586489 -0.572808 0.228919 -0.524899
539.000000 -10.167213 -18.980394 -12.732836 0.584025 -0.574018 0.226203 -0.527494
540.000000 -10.061092 -18.800046 -13.133432 0.579354 -0.573418 0.224716 -0.533895
541.000000 -9.802783 -18.591951 -13.673512 0.572908 -0.569956 0.225934 -0.543949
542.000000 -9.434126 -18.390359 -14.253971 0.565825 -0.564310 0.229472 -0.555643
543.000000 -9.004227 -18.234809 -14.781833 -0.559284 0.557214 -0.234909 0.567038
544.000000 -8.569019 -18.170317 -15.173018 -0.554534 0.549411 -0.241839 0.576327
545.000000 -8.190558 -18.227200 -15.369557 -0.552577 0.541797 -0.249591 0.582081
546.000000 -7.913879 -18.334918 -15.442439 -0.552400 0.535710 -0.256216 0.584998
547.000000 -7.728400 -18.449015 -15.456038 -0.553063 0.531264 -0.261324 0.586165
548.000000 -7.616318 -18.540402 -15.457084 -0.553878 0.528355 -0.264823 0.586454
549.000000 -7.572560 -18.599564 -15.461184 -0.554650 0.526977 -0.266643 0.586141
550.000000 -7.595010 -18.622904 -15.474689 -0.555322 0.527138 -0.266704 0.585330
551.000000 -7.680812 -18.608458 -15.503090 -0.555827 0.528845 -0.264923 0.584119
552.000000 -7.830382 -18.551576 -15.550681 -0.556061 0.532123 -0.261234 0.582579
553.000000 -8.045063 -18.446778 -15.620603 -0.555904 0.536995 -0.255568 0.580768
554.000000 -8.325322 -18.288978 -15.714438 -0.555243 0.543450 -0.247845 0.578740
555.000000 -8.651670 -18.102719 -15.809127 -0.554363 0.550877 -0.238804 0.576359
556.000000 -8.954915 -17.991745 -15.822529 -0.554612 0.557225 -0.231470 0.572999
557.000000 -9.213522 -17.970038 -15.754278 -0.556084 0.562071 -0.226501 0.568809
558.000000 -9.424238 -18.011316 -15.638008 -0.558302 0.565595 -0.223509 0.564309
559.000000 -9.584263 -18.089145 -15.506537 -0.560794 0.567955 -0.222076 0.560017
560.000000 -9.674951 -18.175648 -15.404591 -0.562954 0.569009 -0.222036 0.556787
561.000000 -9.596922 -18.235059 -15.437412 -0.563457 0.567204 -0.224535 0.557117
562.000000 -9.431573 -18.252933 -15.569883 -0.562617 0.564123 -0.227828 0.559751
563.000000 -9.292137 -18.220217 -15.741990 -0.561072 0.561877 -0.229753 0.562766
564.000000 -9.198689 -18.155295 -15.921267 -0.559294 0.560686 -0.230314 0.565489
565.000000 -9.116237 -18.078035 -16.106772 -0.557376 0.559768 -0.230480 0.568217
566.000000 -9.027878 -17.983690 -16.316100 -0.555078 0.558804 -0.230499 0.571399
567.000000 -8.906809 -17.895497 -16.536151 -0.552638 0.557219 -0.231156 0.575035
568.000000 -8.760781 -17.818577 -16.754435 -0.550229 0.555196 -0.232307 0.578826
569.000000 -8.612847 -17.745818 -16.965149 -0.547906 0.553194 -0.233434 0.582481
570.000000 -8.507654 -17.670935 -17.152390 -0.545876 0.551979 -0.233782 0.585393
571.000000 -8.581730 -17.596994 -17.246733 -0.545117 0.553798 -0.231311 0.585363
572.000000 -8.768947 -17.505910 -17.299086 -0.544847 0.557579 -0.226851 0.583769
573.000000 -8.936954 -17.462158 -17.310275 -0.545246 0.560658 -0.223531 0.581725
574.000000 -9.026872 -17.482667 -17.295692 -0.546201 0.561977 -0.222545 0.579932
575.000000 -9.053560 -17.519986 -17.297333 -0.547009 0.562129 -0.222847 0.578906
576.000000 -9.032683 -17.526637 -17.355945 -0.546975 0.561709 -0.223363 0.579146
577.000000 -8.966077 -17.467776 -17.505314 -0.545536 0.560999 -0.223451 0.581155
578.000000 -8.816581 -17.355029 -17.747513 -0.542707 0.559300 -0.223886 0.585260
579.000000 -8.657529 -17.196836 -18.032061 -0.539120 0.557743 -0.223743 0.590094
580.000000 -8.620329 -17.000967 -18.287613 -0.535717 0.558390 -0.221233 0.593518
581.000000 -8.683428 -16.829991 -18.468809 -0.533358 0.560451 -0.217675 0.595014
582.000000 -8.748185 -16.768639 -18.548492 -0.532764 0.561819 -0.215833 0.594927
583.000000 -8.788878 -16.773874 -18.580693 -0.533063 0.562343 -0.215438 0.594306
584.000000 -8.832680 -16.803721 -18.590201 -0.533746 0.562765 -0.215393 0.593310
585.000000 -8.903448 -16.863419 -18.559430 -0.535057 0.563513 -0.215331 0.591439
586.000000 -9.030217 -16.956139 -18.469729 -0.537229 0.565024 -0.214883 0.588182
587.000000 -9.245577 -17.081959 -18.301610 -0.540456 0.567766 -0.213641 0.583015
588.000000 -9.594860 -17.197639 -18.066169 -0.544305 0.572692 -0.210271 0.575797
589.000000 -10.027956 -17.227015 -17.855346 -0.547258 0.579437 -0.204208 0.568384
590.000000 -10.328835 -17.233030 -17.730689 -0.549089 0.584192 -0.199661 0.563344
591.000000 -10.449741 -17.279131 -17.667367 -0.550556 0.585842 -0.198521 0.560595
592.000000 -10.513240 -17.323719 -17.637929 -0.551683 0.586574 -0.198282 0.558803
593.000000 -10.578560 -17.359722 -17.615703 -0.552669 0.587385 -0.197886 0.557114
594.000000 -10.634041 -17.401246 -17.595757 -0.553636 0.588055 -0.197666 0.555523
595.000000 -10.673929 -17.446724 -17.583384 -0.554540 0.588468 -0.197717 0.554165
596.000000 -10.717252 -17.463018 -17.598341 -0.554999 0.589068 -0.197262 0.553229
597.000000 -10.782995 -17.416355 -17.661266 -0.554600 0.590359 -0.195431 0.552902
598.000000 -10.862750 -17.316226 -17.766015 -0.553465 0.592154 -0.192506 0.553147
599.000000 -10.917287 -17.230518 -17.869540 -0.552446 0.593455 -0.190242 0.553554
600.000000 -11.018699 -17.202785 -17.886742 -0.552597 0.595149 -0.188242 0.552268
601.000000 -11.199222 -17.236301 -17.794664 -0.554098 0.597728 -0.186066 0.548704
602.000000 -11.320409 -17.262473 -17.746018 -0.555141 0.599429 -0.184716 0.546244
603.000000 -11.261738 -17.197641 -17.900699 -0.553834 0.598859 -0.184567 0.548244
604.000000 -11.100897 -17.051738 -18.194941 -0.550749 0.597183 -0.184565 0.553158
605.000000 -11.008423 -16.904460 -18.442232 -0.548014 0.596580 -0.183523 0.556859
606.000000 -11.083538 -16.848342 -18.500591 -0.547556 0.598048 -0.181472 0.556407
607.000000 -11.266006 -16.905264 -18.390869 -0.549334 0.600535 -0.179643 0.552556
608.000000 -11.503452 -17.028829 -18.186390 -0.552320 0.603453 -0.178113 0.546867
609.000000 -11.738497 -17.195931 -17.938502 -0.555899 0.606073 -0.177410 0.540534
610.000000 -11.893757 -17.328281 -17.767999 -0.558587 0.607675 -0.177357 0.535963
611.000000 -11.923880 -17.335957 -17.794997 -0.558859 0.608070 -0.177050 0.535333
612.000000 -11.859649 -17.283860 -17.937810 -0.557830 0.607388 -0.177159 0.537141
613.000000 -11.819666 -17.294155 -18.002020 -0.557868 0.606800 -0.177916 0.537516
614.000000 -11.918827 -17.453058 -17.831120 -0.560791 0.607572 -0.178999 0.533225
615.000000 -12.112126 -17.643929 -17.562236 -0.564603 0.609565 -0.179288 0.526791
616.000000 -12.146083 -17.508400 -17.728986 -0.562700 0.610783 -0.176462 0.528369
617.000000 -12.025563 -17.199703 -18.167149 -0.557492 0.610469 -0.173105 0.535318
618.000000 -11.824436 -16.846622 -18.683105 -0.551328 0.609080 -0.170398 0.544080
619.000000 -11.618833 -16.542878 -19.133050 -0.546001 0.607385 -0.168710 0.551818
620.000000 -11.513931 -16.343182 -19.414906 -0.542758 0.606732 -0.167166 0.556188
621.000000 -11.626568 -16.310881 -19.429597 -0.542827 0.608499 -0.164892 0.554867
622.000000 -11.992972 -16.373777 -19.210663 -0.545266 0.613467 -0.160526 0.548247
623.000000 -12.461140 -16.434420 -18.918277 -0.547983 0.619884 -0.154793 0.539905
624.000000 -12.736860 -16.388083 -18.834167 -0.548338 0.623985 -0.150102 0.536132
625.000000 -12.708309 -16.237498 -19.039432 -0.546049 0.624179 -0.148042 0.538809
626.000000 -12.602395 -16.253137 -19.147182 -0.545886 0.622667 -0.149794 0.540237
627.000000 -12.531853 -16.253780 -19.240799 -0.545679 0.621749 -0.150766 0.541232
628.000000 -12.518129 -16.260090 -19.293094 -0.545773 0.621595 -0.151032 0.541240
629.000000 -12.578095 -16.341652 -19.236349 -0.547200 0.622122 -0.151516 0.539055
630.000000 -12.675380 -16.511146 -19.081888 -0.549974 0.622762 -0.152960 0.535070
631.000000 -12.670041 -16.568916 -19.093995 -0.550734 0.622384 -0.154042 0.534417
632.000000 -12.628901 -16.525967 -19.219641 -0.549899 0.621925 -0.153936 0.535840
633.000000 -12.611004 -16.450179 -19.356911 -0.548699 0.621946 -0.152944 0.537327
634.000000 -12.640725 -16.366398 -19.464609 -0.547629 0.622687 -0.151163 0.538064
635.000000 -12.655353 -16.318067 -19.545910 -0.547067 0.623103 -0.150195 0.538426
636.000000 -12.645400 -16.226634 -19.678327 -0.545823 0.623350 -0.148882 0.539765
637.000000 -12.630169 -16.088165 -19.851548 -0.543912 0.623719 -0.146867 0.541817
638.000000 -12.621311 -15.952300 -20.017264 -0.542060 0.624151 -0.144818 0.543722
639.000000 -12.633690 -15.839002 -20.151362 -0.540597 0.624744 -0.142890 0.545007
640.000000 -12.649022 -15.719122 -20.289652 -0.539056 0.625328 -0.140908 0.546378
641.000000 -12.651020 -15.617792 -20.424709 -0.537673 0.625635 -0.139390 0.547777
642.000000 -12.593298 -15.555514 -20.569121 -0.536558 0.625019 -0.139197 0.549620
643.000000 -12.530208 -15.466954 -20.734732 -0.535069 0.624448 -0.138678 0.551846
644.000000 -12.551789 -15.306934 -20.895925 -0.532966 0.625274 -0.136049 0.553597
645.000000 -12.758994 -15.123079 -20.955100 -0.531238 0.628632 -0.130670 0.552750
646.000000 -13.126474 -15.138888 -20.766387 -0.532658 0.633445 -0.126131 0.546913
647.000000 -13.581782 -15.418294 -20.314848 -0.537776 0.638602 -0.124495 0.536177
648.000000 -14.004606 -15.630238 -19.916448 -0.541827 0.643536 -0.122363 0.526604
649.000000 -14.224277 -15.643209 -19.807564 -0.542589 0.646389 -0.119749 0.522914
650.000000 -14.154466 -15.542078 -19.993597 -0.541019 0.645763 -0.119050 0.525468
651.000000 -13.943512 -15.413249 -20.293636 -0.538728 0.643387 -0.119746 0.530553
652.000000 -13.708190 -15.184689 -20.672766 -0.535116 0.641025 -0.119257 0.537137
653.000000 -13.586303 -15.036017 -20.910996 -0.532862 0.639933 -0.118531 0.540828
654.000000 -13.596159 -15.094096 -20.915803 -0.533643 0.639939 -0.119233 0.539896
655.000000 -13.589100 -15.160614 -20.927837 -0.534475 0.639640 -0.120363 0.539175
656.000000 -13.524890 -15.142364 -21.040520 -0.534031 0.638806 -0.120975 0.540465
657.000000 -13.371881 -14.986124 -21.309013 -0.531536 0.637233 -0.120559 0.544857
658.000000 -13.175970 -14.853348 -21.580238 -0.529258 0.635086 -0.120994 0.549465
659.000000 -13.047951 -14.715162 -21.804533 -0.527171 0.633857 -0.120547 0.552978
660.000000 -13.085862 -14.463929 -22.001325 -0.524135 0.635028 -0.116461 0.555391
661.000000 -13.281998 -14.246142 -22.077975 -0.521958 0.638063 -0.110932 0.555094
662.000000 -13.586091 -14.265916 -21.932620 -0.523019 0.641827 -0.107516 0.550408
663.000000 -13.869819 -14.361439 -21.746520 -0.524914 0.645149 -0.105502 0.545085
664.000000 -14.073907 -14.321979 -21.698091 -0.524861 0.647797 -0.102481 0.542565
665.000000 -14.281850 -14.200317 -21.700607 -0.523748 0.650668 -0.098188 0.540998
666.000000 -14.459074 -13.965413 -21.793480 -0.521161 0.653374 -0.092552 0.541228
667.000000 -14.642419 -13.792349 -21.836066 -0.519402 0.655997 -0.087750 0.540545
668.000000 -14.823762 -13.860649 -21.722022 -0.520657 0.658111 -0.086607 0.536941
669.000000 -14.967050 -13.962464 -21.609566 -0.522239 0.659697 -0.086459 0.533471
670.000000 -15.126175 -14.141829 -21.434262 -0.524776 0.661321 -0.087304 0.528812
671.000000 -15.213763 -14.303290 -21.320907 -0.526894 0.662089 -0.088744 0.525496
672.000000 -15.161726 -14.365634 -21.371984 -0.527514 0.661335 -0.090328 0.525553
673.000000 -15.026065 -14.301307 -21.563152 -0.526459 0.659815 -0.091024 0.528394
674.000000 -14.848042 -14.133766 -21.849362 -0.524030 0.657998 -0.090700 0.533108
675.000000 -14.634243 -13.937620 -22.170992 -0.521193 0.655816 -0.090410 0.538599
676.000000 -14.392461 -13.781797 -22.478842 -0.518812 0.653205 -0.091036 0.543940
677.000000 -14.112577 -13.557897 -22.844091 -0.515565 0.650260 -0.091069 0.550509
678.000000 -13.851772 -13.157690 -23.287401 -0.510273 0.647896 -0.088379 0.558607
679.000000 -13.704978 -12.886827 -23.578284 -0.506773 0.646642 -0.086220 0.563562
680.000000 -13.690025 -12.752551 -23.715400 -0.505147 0.646697 -0.084473 0.565221
681.000000 -13.904616 -12.804220 -23.620391 -0.506122 0.649132 -0.082785 0.561796
682.000000 -14.068883 -12.738881 -23.617720 -0.505571 0.651167 -0.080104 0.560324
683.000000 -14.250836 -12.635628 -23.622877 -0.504586 0.653473 -0.076758 0.558994
684.000000 -14.454448 -12.589576 -23.580316 -0.504326 0.655945 -0.073991 0.556701
685.000000 -14.705348 -12.629635 -23.456288 -0.505197 0.658856 -0.071896 0.552734
686.000000 -15.022731 -12.762717 -23.230306 -0.507326 0.662427 -0.070335 0.546685
687.000000 -15.373073 -12.961291 -22.942092 -0.510226 0.666247 -0.069339 0.539421
688.000000 -15.697426 -13.180146 -22.649941 -0.513281 0.669736 -0.068967 0.532203
689.000000 -15.939751 -13.275993 -22.478976 -0.514739 0.672450 -0.067720 0.527512
690.000000 -16.043839 -13.030353 -22.603659 -0.511991 0.674032 -0.062889 0.528763
691.000000 -16.016360 -12.553457 -22.945390 -0.506392 0.674337 -0.056121 0.534498
692.000000 -15.952386 -12.194358 -23.235666 -0.502156 0.674019 -0.051604 0.539329
693.000000 -15.800615 -11.836604 -23.574762 -0.497877 0.672654 -0.048150 0.545286
694.000000 -15.714964 -11.456115 -23.871065 -0.493430 0.672044 -0.043696 0.550431
695.000000 -15.665038 -11.147245 -24.104120 -0.489816 0.671748 -0.039840 0.554300
696.000000 -15.629097 -10.893552 -24.297546 -0.486854 0.671553 -0.036617 0.557358
697.000000 -15.599720 -10.597556 -24.503099 -0.483431 0.671404 -0.032831 0.560744
698.000000 -15.562579 -10.161299 -24.767876 -0.478405 0.671204 -0.027254 0.565571
699.000000 -15.517251 -9.646618 -25.056960 -0.472495 0.670919 -0.020731 0.571127
700.000000 -15.500852 -9.320445 -25.244625 -0.468787 0.670848 -0.016507 0.574395
701.000000 -15.503763 -9.089259 -25.380347 -0.466207 0.670942 -0.013368 0.576463
702.000000 -15.746031 -8.885076 -25.356880 -0.464014 0.673706 -0.008302 0.575102
703.000000 -16.138269 -8.766884 -25.205389 -0.462758 0.678135 -0.003011 0.570946
704.000000 -16.471804 -8.639931 -25.089221 -0.461304 0.681896 0.001796 0.567638
705.000000 -16.747937 -8.307494 -25.075135 -0.457479 0.684975 0.008839 0.566960
706.000000 -16.976728 -7.801766 -25.139267 -0.451688 0.687423 0.017800 0.568428
707.000000 -17.164769 -7.274363 -25.223850 -0.445660 0.689317 0.026671 0.570542
708.000000 -17.318585 -6.880813 -25.282003 -0.441155 0.690836 0.033385 0.571851
709.000000 -17.420672 -6.716405 -25.308771 -0.439245 0.691906 0.036489 0.571838
710.000000 -17.348910 -6.661211 -25.425982 -0.438641 0.691101 0.036563 0.573268
711.000000 -17.115726 -6.607627 -25.651373 -0.438149 0.688475 0.035281 0.576874
712.000000 -16.837098 -6.543748 -25.905568 -0.437571 0.685324 0.033822 0.581136
713.000000 -16.643055 -6.486331 -26.099379 -0.437022 0.683124 0.033011 0.584178
714.000000 -16.577845 -6.484663 -26.195919 -0.437039 0.682393 0.032513 0.585046
715.000000 -16.571011 -6.543915 -26.241838 -0.437716 0.682319 0.031659 0.584673
716.000000 -16.538487 -6.560603 -26.315647 -0.437943 0.681907 0.031120 0.585014
717.000000 -16.501062 -6.537266 -26.401733 -0.437739 0.681421 0.031069 0.585734
718.000000 -16.515070 -6.500091 -26.456691 -0.437364 0.681532 0.031659 0.585853
719.000000 -16.609481 -6.385668 -26.477946 -0.436087 0.682516 0.033958 0.585531
720.000000 -16.883136 -6.216252 -26.397376 -0.434056 0.685442 0.038477 0.583338
721.000000 -17.288432 -6.013172 -26.235525 -0.431485 0.689762 0.044541 0.579711
722.000000 -17.681530 -5.763914 -26.084252 -0.428343 0.693871 0.051118 0.576586
723.000000 -17.927000 -5.457188 -26.038012 -0.424677 0.696259 0.057235 0.575844
724.000000 -18.024236 -5.127569 -26.093051 -0.420913 0.696952 0.062425 0.577228
725.000000 -18.139446 -4.880442 -26.115516 -0.418048 0.697910 0.066670 0.577679
726.000000 -18.447580 -4.817821 -25.965603 -0.416976 0.701210 0.070037 0.574047
727.000000 -18.829501 -4.783005 -25.751975 -0.416071 0.705371 0.073585 0.569141
728.000000 -19.132342 -4.639460 -25.610015 -0.414032 0.708508 0.077949 0.566142
729.000000 -19.340238 -4.438877 -25.544961 -0.411479 0.710494 0.082352 0.564891
730.000000 -19.443714 -4.246579 -25.553816 -0.409179 0.711330 0.085832 0.564991
731.000000 -19.432780 -4.125757 -25.634036 -0.407866 0.711045 0.087417 0.566056
732.000000 -19.332945 -4.098576 -25.765242 -0.407725 0.709950 0.087007 0.567593
733.000000 -19.221830 -4.116342 -25.898192 -0.408082 0.708788 0.085924 0.568952
734.000000 -19.177643 -4.117523 -25.984836 -0.408142 0.708312 0.085612 0.569547
735.000000 -19.211570 -4.025178 -26.029652 -0.407057 0.708521 0.087160 0.569830
736.000000 -19.211500 -3.844907 -26.113488 -0.405089 0.708187 0.089586 0.571268
737.000000 -19.213793 -3.724702 -26.186492 -0.403802 0.707965 0.091169 0.572205
738.000000 -19.280653 -3.744554 -26.191650 -0.403945 0.708681 0.091375 0.571183
739.000000 -19.424448 -3.830721 -26.128895 -0.404667 0.710355 0.091338 0.568593
740.000000 -19.661660 -3.898375 -25.995423 -0.404990 0.713034 0.092337 0.564836
741.000000 -20.009607 -3.861388 -25.787775 -0.403936 0.716758 0.095636 0.560310
742.000000 -20.451711 -3.681349 -25.518883 -0.401105 0.721243 0.101657 0.555508
743.000000 -20.918904 -3.398738 -25.231333 -0.397054 0.725756 0.109385 0.551055
744.000000 -21.334779 -3.114190 -24.972675 -0.393032 0.729647 0.116826 0.547259
745.000000 -21.639811 -2.950138 -24.784061 -0.390532 0.732583 0.121654 0.544065
746.000000 -21.870152 -2.931674 -24.638523 -0.389773 0.735065 0.123712 0.540788
747.000000 -22.082598 -2.993017 -24.496210 -0.389903 0.737561 0.124427 0.537120
748.000000 -22.305425 -3.063608 -24.340057 -0.390076 0.740196 0.125106 0.533197
749.000000 -22.521361 -3.131455 -24.186934 -0.390216 0.742746 0.125803 0.529371
750.000000 -22.708486 -3.191080 -24.058349 -0.390341 0.744955 0.126418 0.526018
751.000000 -22.853289 -3.247825 -23.967437 -0.390565 0.746693 0.126734 0.523304
752.000000 -22.955736 -3.326261 -23.912254 -0.391158 0.748027 0.126352 0.521043
753.000000 -23.017196 -3.450127 -23.889047 -0.392364 0.749034 0.124903 0.519035
754.000000 -23.044048 -3.590874 -23.896089 -0.393843 0.749704 0.122893 0.517426
755.000000 -23.046868 -3.676820 -23.934515 -0.394785 0.749960 0.121551 0.516654
756.000000 -23.036766 -3.640720 -24.004592 -0.394436 0.749754 0.122032 0.517105
757.000000 -23.032081 -3.477152 -24.088569 -0.392699 0.749270 0.124557 0.518524
758.000000 -23.055544 -3.216029 -24.157883 -0.389836 0.748820 0.128820 0.520290
759.000000 -23.130129 -2.889795 -24.183410 -0.386126 0.748716 0.134492 0.521769
760.000000 -23.283068 -2.571305 -24.128081 -0.382260 0.749439 0.140675 0.521947
761.000000 -23.531192 -2.355474 -23.964292 -0.379192 0.751456 0.146050 0.519804
762.000000 -23.842827 -2.246616 -23.720869 -0.377043 0.754479 0.150273 0.515770
763.000000 -24.175453 -2.224411 -23.439944 -0.375716 0.758019 0.153286 0.510635
764.000000 -24.488261 -2.269690 -23.164382 -0.375143 0.761583 0.155050 0.505191
765.000000 -24.741940 -2.364092 -22.938748 -0.375280 0.764684 0.155532 0.500234
766.000000 -24.898227 -2.489364 -22.809276 -0.376092 0.766837 0.154705 0.496570
767.000000 -24.928476 -2.632677 -22.812452 -0.377539 0.767681 0.152537 0.494836
768.000000 -24.931813 -2.802740 -22.840407 -0.379371 0.768314 0.149701 0.493317
769.000000 -25.005815 -2.985897 -22.788456 -0.381113 0.769737 0.147217 0.490494
770.000000 -25.117927 -3.146782 -22.696888 -0.382493 0.771477 0.145404 0.487217
771.000000 -25.225392 -3.222586 -22.622780 -0.382976 0.772864 0.144985 0.484758
772.000000 -25.318122 -3.215935 -22.578795 -0.382626 0.773794 0.145847 0.483289
773.000000 -25.392973 -3.148975 -22.563027 -0.381686 0.774332 0.147603 0.482637
774.000000 -25.446559 -3.043802 -22.573223 -0.380392 0.774541 0.149862 0.482629
775.000000 -25.478202 -2.922071 -22.607447 -0.378982 0.774477 0.152234 0.483097
776.000000 -25.487401 -2.805792 -22.664080 -0.377698 0.774205 0.154326 0.483875
777.000000 -25.471934 -2.713331 -22.744181 -0.376749 0.773756 0.155803 0.484858
778.000000 -25.445495 -2.639069 -22.833948 -0.376034 0.773250 0.156877 0.485873
779.000000 -25.367081 -2.601822 -22.977434 -0.375894 0.772314 0.156883 0.487464
780.000000 -25.269206 -2.607977 -23.137907 -0.376283 0.771310 0.155991 0.489039
781.000000 -25.196069 -2.661087 -23.267352 -0.377087 0.770704 0.154510 0.489845
782.000000 -25.169184 -2.752392 -23.344678 -0.378144 0.770679 0.152755 0.489618
783.000000 -25.187662 -2.863237 -23.370436 -0.379252 0.771191 0.151049 0.488484
784.000000 -25.251358 -2.974510 -23.345351 -0.380213 0.772185 0.149712 0.486574
785.000000 -25.361455 -3.066819 -23.269757 -0.380823 0.773618 0.149068 0.484013
786.000000 -25.518889 -3.120776 -23.143952 -0.380878 0.775440 0.149448 0.480927
787.000000 -25.717238 -3.117947 -22.976411 -0.380203 0.777520 0.151118 0.477569
788.000000 -25.818438 -3.053506 -22.923077 -0.379203 0.778387 0.153055 0.476333
789.000000 -25.846708 -2.985745 -22.951625 -0.378409 0.778484 0.154446 0.476356
790.000000 -25.815706 -2.921478 -23.046696 -0.377849 0.777975 0.155278 0.477361
791.000000 -25.717113 -2.850300 -23.218614 -0.377441 0.776734 0.155664 0.479573
792.000000 -25.565039 -2.773747 -23.450062 -0.377151 0.774909 0.155706 0.482730
793.000000 -25.392535 -2.702907 -23.702053 -0.376981 0.772876 0.155496 0.486178
794.000000 -25.231815 -2.647451 -23.936127 -0.376929 0.771025 0.155123 0.489266
795.000000 -25.117693 -2.618699 -24.115156 -0.376999 0.769754 0.154679 0.491350
796.000000 -25.086363 -2.629017 -24.202249 -0.377204 0.769462 0.154257 0.491783
797.000000 -25.174011 -2.690643 -24.159599 -0.377554 0.770543 0.153953 0.489913
798.000000 -25.396040 -2.805601 -23.968205 -0.378013 0.773159 0.153843 0.485451
799.000000 -25.641974 -2.902627 -23.748524 -0.378203 0.775966 0.154194 0.480690
800.000000 -25.865039 -2.964438 -23.552822 -0.378101 0.778431 0.154940 0.476527
801.000000 -26.042891 -2.992894 -23.407216 -0.377801 0.780330 0.155887 0.473340
802.000000 -26.153492 -2.989300 -23.338288 -0.377396 0.781443 0.156839 0.471508
803.000000 -26.174636 -2.954386 -23.372531 -0.376971 0.781554 0.157596 0.471413
804.000000 -26.083364 -2.888478 -23.535465 -0.376610 0.780434 0.157958 0.473432
805.000000 -25.880503 -2.792728 -23.822359 -0.376319 0.778103 0.157913 0.477497
806.000000 -25.667157 -2.684092 -24.117112 -0.375928 0.775637 0.157987 0.481774
807.000000 -25.461069 -2.574573 -24.399706 -0.375502 0.773243 0.158127 0.485891
808.000000 -25.259208 -2.469099 -24.673814 -0.375102 0.770900 0.158232 0.489872
809.000000 -25.073909 -2.371973 -24.927530 -0.374733 0.768737 0.158330 0.493508
810.000000 -24.919768 -2.287351 -25.147032 -0.374391 0.766911 0.158466 0.496556
811.000000 -24.809450 -2.219010 -25.318797 -0.374067 0.765581 0.158686 0.498776
812.000000 -24.758266 -2.171157 -25.428708 -0.373758 0.764914 0.159034 0.499920
813.000000 -24.784090 -2.149220 -25.460337 -0.373461 0.765096 0.159558 0.499697
814.000000 -24.904927 -2.158908 -25.395827 -0.373173 0.766314 0.160305 0.497802
815.000000 -25.109900 -2.204478 -25.243638 -0.372966 0.768472 0.161130 0.494352
816.000000 -25.281379 -2.272836 -25.120187 -0.373081 0.770376 0.161358 0.491218
817.000000 -25.394697 -2.358181 -25.052118 -0.373547 0.771762 0.160894 0.488834
818.000000 -25.453144 -2.462148 -25.037095 -0.374371 0.772666 0.159740 0.487152
819.000000 -25.460576 -2.585543 -25.071456 -0.375545 0.773128 0.157911 0.486111
820.000000 -25.426728 -2.724197 -25.145457 -0.376992 0.773231 0.155544 0.485590
821.000000 -25.363821 -2.871824 -25.246866 -0.378607 0.773074 0.152827 0.485446
822.000000 -25.283792 -3.021895 -25.363952 -0.380286 0.772753 0.149950 0.485541
823.000000 -25.196889 -3.166842 -25.487197 -0.381925 0.772345 0.147104 0.485774
824.000000 -25.112922 -3.298687 -25.608009 -0.383421 0.771922 0.144479 0.486056
825.000000 -25.041746 -3.409452 -25.718072 -0.384673 0.771556 0.142271 0.486299
826.000000 -24.993312 -3.491104 -25.809255 -0.385581 0.771322 0.140673 0.486416
827.000000 -24.977667 -3.535537 -25.873475 -0.386046 0.771293 0.139879 0.486321
828.000000 -25.001728 -3.537125 -25.905180 -0.386002 0.771521 0.140023 0.485954
829.000000 -25.063290 -3.497510 -25.906201 -0.385470 0.771986 0.141064 0.485336
830.000000 -25.152394 -3.424540 -25.884627 -0.384549 0.772616 0.142812 0.484553
831.000000 -25.256377 -3.328192 -25.850832 -0.383364 0.773316 0.145025 0.483717
832.000000 -25.362596 -3.218393 -25.815418 -0.382039 0.773996 0.147461 0.482940
833.000000 -25.458528 -3.104989 -25.789322 -0.380701 0.774568 0.149878 0.482336
834.000000 -25.531859 -2.997709 -25.783821 -0.379479 0.774943 0.152036 0.482020
835.000000 -25.570272 -2.906285 -25.810448 -0.378505 0.775037 0.153697 0.482108
836.000000 -25.561346 -2.840429 -25.880770 -0.377910 0.774765 0.154622 0.482717
837.000000 -25.494904 -2.805484 -26.004119 -0.377775 0.774050 0.154662 0.483955
838.000000 -25.367422 -2.797473 -26.183404 -0.378071 0.772849 0.153859 0.485895
839.000000 -25.183505 -2.805406 -26.413539 -0.378674 0.771175 0.152422 0.488531
840.000000 -24.948909 -2.817186 -26.688060 -0.379450 0.769047 0.150583 0.491843
841.000000 -24.669421 -2.820157 -27.000452 -0.380258 0.766484 0.148575 0.495814
842.000000 -24.350976 -2.800921 -27.344220 -0.380952 0.763512 0.146621 0.500427
843.000000 -24.023840 -2.763379 -27.690200 -0.381479 0.760427 0.144866 0.505211
844.000000 -23.784048 -2.760032 -27.951388 -0.382073 0.758237 0.143250 0.508504
845.000000 -23.664346 -2.802418 -28.103710 -0.382765 0.757254 0.141850 0.509839
846.000000 -23.636209 -2.861529 -28.177181 -0.383372 0.757136 0.140860 0.509833
847.000000 -23.665720 -2.911658 -28.203757 -0.383749 0.757507 0.140388 0.509128
848.000000 -23.713715 -2.934446 -28.217894 -0.383829 0.757972 0.140409 0.508369
849.000000 -23.740166 -2.912348 -28.253548 -0.383561 0.758145 0.140886 0.508182
850.000000 -23.735222 -2.853959 -28.317607 -0.383052 0.757963 0.141634 0.508629
851.000000 -23.721605 -2.796089 -28.387728 -0.382573 0.757716 0.142313 0.509168
852.000000 -23.723719 -2.777335 -28.440463 -0.382407 0.757711 0.142577 0.509226
853.000000 -23.741217 -2.818098 -28.474944 -0.382732 0.757987 0.142155 0.508688
854.000000 -23.707246 -2.888063 -28.550350 -0.383437 0.757865 0.141001 0.508661
855.000000 -23.598017 -2.961755 -28.688338 -0.384350 0.757068 0.139300 0.509626
856.000000 -23.427508 -3.016150 -28.877811 -0.385231 0.755672 0.137461 0.511529
857.000000 -23.210206 -3.026615 -29.107399 -0.385828 0.753756 0.135899 0.514315
858.000000 -22.961623 -2.968057 -29.365178 -0.385884 0.751416 0.135019 0.517916
859.000000 -22.749449 -2.871911 -29.593880 -0.385526 0.749332 0.134834 0.521240
860.000000 -22.690934 -2.833984 -29.696430 -0.385339 0.748745 0.134902 0.522204
861.000000 -22.743481 -2.857914 -29.708006 -0.385445 0.749273 0.134911 0.521364
862.000000 -22.745981 -2.875336 -29.758975 -0.385600 0.749344 0.134675 0.521209
863.000000 -22.656440 -2.850644 -29.884895 -0.385580 0.748502 0.134390 0.522505
864.000000 -22.466779 -2.758271 -30.091884 -0.385183 0.746627 0.134333 0.525487
865.000000 -22.191112 -2.610158 -30.362837 -0.384490 0.743896 0.134428 0.529826
866.000000 -21.866521 -2.457265 -30.662736 -0.383861 0.740752 0.134259 0.534707
867.000000 -21.528021 -2.352337 -30.962772 -0.383673 0.737595 0.133406 0.539399
868.000000 -21.208205 -2.348778 -31.237123 -0.384320 0.734812 0.131471 0.543199
869.000000 -20.884193 -2.439263 -31.502546 -0.385782 0.732179 0.128435 0.546435
870.000000 -20.449079 -2.521099 -31.835315 -0.387371 0.728556 0.124858 0.550963
871.000000 -19.930504 -2.558062 -32.214527 -0.388698 0.724126 0.121322 0.556630
872.000000 -19.483266 -2.588355 -32.539463 -0.389794 0.720310 0.118304 0.561443
873.000000 -19.136124 -2.616449 -32.797480 -0.390659 0.717364 0.115914 0.565100
874.000000 -18.879772 -2.636529 -32.999036 -0.391278 0.715193 0.114156 0.567776
875.000000 -18.704205 -2.642759 -33.153326 -0.391633 0.713692 0.113039 0.569640
876.000000 -18.602944 -2.630970 -33.266180 -0.391705 0.712799 0.112564 0.570801
877.000000 -18.575998 -2.600574 -33.338649 -0.391494 0.712511 0.112729 0.571273
878.000000 -18.623759 -2.551351 -33.370855 -0.390994 0.712831 0.113532 0.571057
879.000000 -18.746371 -2.482833 -33.362396 -0.390195 0.713764 0.114965 0.570151
880.000000 -18.943594 -2.395132 -33.312354 -0.389094 0.715302 0.117025 0.568554
881.000000 -19.213820 -2.300049 -33.219108 -0.387796 0.717443 0.119600 0.566203
882.000000 -19.545361 -2.322561 -33.078739 -0.387384 0.720304 0.121286 0.562482
883.000000 -19.906932 -2.595436 -32.897220 -0.389033 0.723867 0.120427 0.556926
884.000000 -20.200944 -2.952288 -32.742392 -0.391494 0.727002 0.118223 0.551564
885.000000 -20.378403 -3.266157 -32.657220 -0.393788 0.729063 0.115795 0.547713
886.000000 -20.474187 -3.571458 -32.619690 -0.396146 0.730408 0.112986 0.544800
887.000000 -20.527952 -3.909652 -32.600808 -0.398857 0.731446 0.109550 0.542124
888.000000 -20.579433 -4.321159 -32.569321 -0.402201 0.732571 0.105239 0.538980
889.000000 -20.651961 -4.799856 -32.509854 -0.406057 0.733939 0.100274 0.535160
890.000000 -20.731249 -5.236170 -32.446895 -0.409528 0.735246 0.095818 0.531525
891.000000 -20.779949 -5.574718 -32.415096 -0.412227 0.736122 0.092274 0.528847
892.000000 -20.752832 -5.747354 -32.458247 -0.413681 0.736122 0.090149 0.528078
893.000000 -20.667052 -5.649255 -32.585354 -0.413023 0.735270 0.090721 0.529679
894.000000 -20.630249 -5.453748 -32.696223 -0.411507 0.734696 0.092675 0.531315
895.000000 -20.704051 -5.304255 -32.728049 -0.410201 0.735087 0.094817 0.531406
896.000000 -20.866250 -5.182127 -32.698563 -0.408975 0.736227 0.097230 0.530335
897.000000 -21.089745 -5.056473 -32.629319 -0.407615 0.737849 0.100065 0.528598
898.000000 -21.346769 -4.897420 -32.541463 -0.405915 0.739680 0.103473 0.526687
899.000000 -21.626563 -4.727189 -32.437237 -0.404074 0.741663 0.107152 0.524575
900.000000 -21.952861 -4.669327 -32.281701 -0.403054 0.744191 0.109854 0.521210
901.000000 -22.326778 -4.754852 -32.067670 -0.403097 0.747339 0.111209 0.516361
902.000000 -22.722697 -4.894198 -31.823073 -0.403518 0.750760 0.112064 0.510857
903.000000 -23.071080 -5.021625 -31.606793 -0.403908 0.753786 0.112735 0.505921
904.000000 -23.276845 -5.098666 -31.497620 -0.404139 0.755590 0.113081 0.502959
905.000000 -23.236154 -5.114774 -31.577975 -0.404328 0.755330 0.112581 0.503310
906.000000 -22.956056 -5.052688 -31.843637 -0.404318 0.753039 0.111488 0.506981
907.000000 -22.567281 -4.881748 -32.197803 -0.403617 0.749709 0.110977 0.512556
908.000000 -22.183484 -4.572667 -32.560022 -0.401790 0.746188 0.112070 0.518854
909.000000 -21.810698 -4.112344 -32.924926 -0.398734 0.742471 0.114921 0.525872
910.000000 -21.426952 -3.493156 -33.302205 -0.394442 0.738322 0.119452 0.533879
911.000000 -21.054223 -2.733246 -33.666708 -0.389027 0.733907 0.125575 0.542467
912.000000 -20.759609 -1.877334 -33.964847 -0.382719 0.729815 0.133203 0.550594
913.000000 -20.614080 -0.972358 -34.147756 -0.375739 0.726687 0.142248 0.557235
914.000000 -20.696697 -0.054521 -34.167224 -0.368169 0.725228 0.152756 0.561392
915.000000 -21.096206 0.867249 -33.966126 -0.359782 0.726191 0.165088 0.562094
916.000000 -21.772865 1.776572 -33.555561 -0.350639 0.729323 0.178813 0.559613
917.000000 -22.548775 2.650721 -33.035632 -0.341245 0.733257 0.192707 0.555654
918.000000 -23.275692 3.473639 -32.505208 -0.332125 0.736832 0.205805 0.551738
919.000000 -23.925761 4.242804 -31.992278 -0.323440 0.739833 0.217955 0.548206
920.000000 -24.502223 4.959637 -31.503674 -0.315227 0.742286 0.229204 0.545077
921.000000 -25.008548 5.626336 -31.045107 -0.307512 0.744223 0.239595 0.542368
922.000000 -25.448178 6.245572 -30.621301 -0.300305 0.745673 0.249170 0.540095
923.000000 -25.824051 6.817243 -30.237086 -0.293644 0.746672 0.257934 0.538260
924.000000 -26.133214 7.301715 -29.911435 -0.287941 0.747376 0.265373 0.536747
925.000000 -26.368086 7.630430 -29.677118 -0.283898 0.748056 0.270558 0.535362
926.000000 -26.528670 7.761785 -29.554263 -0.281943 0.748946 0.272926 0.533947
927.000000 -26.635769 7.723939 -29.522027 -0.281751 0.750125 0.272913 0.532398
928.000000 -26.712728 7.554548 -29.550010 -0.282878 0.751624 0.271107 0.530605
929.000000 -26.782389 7.290871 -29.606679 -0.284879 0.753468 0.268079 0.528453
930.000000 -26.867564 6.970719 -29.660654 -0.287315 0.755681 0.264396 0.525825
931.000000 -26.991105 6.631920 -29.681263 -0.289752 0.758287 0.260637 0.522603
932.000000 -27.174059 6.309464 -29.640420 -0.291792 0.761311 0.257359 0.518681
933.000000 -27.420498 6.017476 -29.530176 -0.293297 0.764723 0.254779 0.514065
934.000000 -27.728682 5.793562 -29.342831 -0.293947 0.768351 0.253393 0.508944
935.000000 -28.100597 5.703949 -29.061187 -0.293148 0.771935 0.254102 0.503600
936.000000 -28.529813 5.787183 -28.679409 -0.290565 0.775248 0.257441 0.498283
937.000000 -28.988731 6.010205 -28.224264 -0.286562 0.778170 0.262909 0.493165
938.000000 -29.447748 6.330150 -27.728559 -0.281603 0.780610 0.269821 0.488409
939.000000 -29.879213 6.707016 -27.227179 -0.276143 0.782496 0.277488 0.484196
940.000000 -30.257482 7.103514 -26.757965 -0.270637 0.783777 0.285236 0.480719
941.000000 -30.558797 7.484346 -26.361937 -0.265555 0.784425 0.292401 0.478184
942.000000 -30.761898 7.817115 -26.080911 -0.261361 0.784429 0.298370 0.476799
943.000000 -30.860258 8.089901 -25.934553 -0.258266 0.783800 0.302914 0.476654
944.000000 -30.855716 8.303196 -25.926164 -0.256303 0.782553 0.306053 0.477756
945.000000 -30.748543 8.457631 -26.057034 -0.255488 0.780694 0.307801 0.480106
946.000000 -30.549858 8.551353 -26.312839 -0.255771 0.778352 0.308184 0.483500
947.000000 -30.388280 8.557144 -26.551102 -0.256640 0.776862 0.307460 0.485889
948.000000 -30.394343 8.457486 -26.630575 -0.257505 0.777497 0.306031 0.485318
949.000000 -30.554308 8.287205 -26.556620 -0.258131 0.779924 0.304306 0.482167
950.000000 -30.833634 8.087514 -26.351876 -0.258337 0.783590 0.302688 0.477104
951.000000 -31.197767 7.897951 -26.038193 -0.257959 0.787956 0.301588 0.470772
952.000000 -31.612327 7.754473 -25.636987 -0.256851 0.792522 0.301414 0.463774
953.000000 -32.063647 7.668504 -25.153513 -0.254967 0.797107 0.302337 0.456294
954.000000 -32.553362 7.635822 -24.581102 -0.252302 0.801741 0.304358 0.448242
955.000000 -33.082145 7.652899 -23.912340 -0.248836 0.806451 0.307453 0.439533
956.000000 -33.637723 7.719045 -23.155098 -0.244587 0.811140 0.311567 0.430297
957.000000 -34.110470 7.851910 -22.460036 -0.240093 0.814647 0.316480 0.422547
958.000000 -34.405226 8.059475 -21.984474 -0.236008 0.815951 0.321881 0.418230
959.000000 -34.547460 8.311628 -21.719220 -0.232530 0.815453 0.327342 0.416910
960.000000 -34.573035 8.575582 -21.629451 -0.229776 0.813717 0.332408 0.417820
961.000000 -34.513917 8.819218 -21.679814 -0.227855 0.811295 0.336624 0.420198
962.000000 -34.398527 9.011019 -21.837864 -0.226874 0.808713 0.339561 0.423332
963.000000 -34.237289 9.137146 -22.091565 -0.226890 0.806181 0.341051 0.426940
964.000000 -34.028651 9.195890 -22.441068 -0.227918 0.803700 0.341097 0.431013
965.000000 -33.770058 9.185721 -22.885810 -0.229960 0.801263 0.339694 0.435550
966.000000 -33.458247 9.104856 -23.424193 -0.233008 0.798857 0.336833 0.440544
967.000000 -33.089855 8.951324 -24.052712 -0.237042 0.796458 0.332513 0.445983
968.000000 -32.674174 8.743896 -24.741945 -0.241763 0.794003 0.327162 0.451746
969.000000 -32.238052 8.531111 -25.433328 -0.246513 0.791404 0.321729 0.457605
970.000000 -31.812797 8.368646 -26.069792 -0.250604 0.788602 0.317202 0.463344
971.000000 -31.424893 8.301297 -26.611738 -0.253524 0.785590 0.314305 0.468814
972.000000 -31.082290 8.336708 -27.055849 -0.255218 0.782412 0.313111 0.473980
973.000000 -30.789295 8.474453 -27.403158 -0.255708 0.779103 0.313595 0.478822
974.000000 -30.549355 8.712226 -27.653357 -0.255016 0.775686 0.315734 0.483311
975.000000 -30.365347 9.047245 -27.804690 -0.253152 0.772179 0.319501 0.487415
976.000000 -30.239660 9.476806 -27.854042 -0.250111 0.768592 0.324859 0.491099
977.000000 -30.173891 9.997505 -27.797910 -0.245891 0.764932 0.331749 0.494328
978.000000 -30.154399 10.579636 -27.657360 -0.240800 0.761226 0.339691 0.497151
979.000000 -30.149412 11.163099 -27.486851 -0.235548 0.757542 0.347718 0.499739
980.000000 -30.126580 11.688238 -27.347198 -0.230882 0.753977 0.354858 0.502283
981.000000 -30.062545 12.112658 -27.287001 -0.227370 0.750624 0.360421 0.504939
982.000000 -29.954540 12.431725 -27.316502 -0.225111 0.747518 0.364342 0.507737
983.000000 -29.802403 12.645598 -27.438833 -0.224127 0.744674 0.366645 0.510686
984.000000 -29.605345 12.753686 -27.655756 -0.224434 0.742096 0.367348 0.513789
985.000000 -29.361837 12.754685 -27.967706 -0.226041 0.739781 0.366458 0.517047
986.000000 -29.069588 12.646618 -28.373752 -0.228950 0.737719 0.363972 0.520458
987.000000 -28.725683 12.426675 -28.871483 -0.233155 0.735891 0.359877 0.524014
988.000000 -28.326929 12.091468 -29.456551 -0.238642 0.734271 0.354161 0.527700
989.000000 -27.880558 11.657990 -30.104720 -0.245144 0.732788 0.347114 0.531449
990.000000 -27.412344 11.179844 -30.763574 -0.251989 0.731333 0.339531 0.535137
991.000000 -26.952458 10.718555 -31.382755 -0.258469 0.729826 0.332266 0.538654
992.000000 -26.533860 10.340343 -31.917066 -0.263877 0.728218 0.326183 0.541915
993.000000 -26.181001 10.094520 -32.340237 -0.267736 0.726497 0.321890 0.544891
994.000000 -25.897166 9.989490 -32.656390 -0.270023 0.724669 0.319458 0.547622
995.000000 -25.681916 10.026600 -32.871089 -0.270770 0.722722 0.318890 0.550150
996.000000 -25.533980 10.206456 -32.987340 -0.269996 0.720637 0.320184 0.552509
997.000000 -25.451381 10.529329 -33.005560 -0.267703 0.718382 0.323331 0.554725
998.000000 -25.431432 10.994770 -32.924034 -0.263884 0.715916 0.328304 0.556818
999.000000 -25.459459 11.577817 -32.756407 -0.258788 0.713211 0.334764 0.558832
1000.000000 -25.501688 12.214679 -32.545585 -0.253101 0.710276 0.341876 0.560865
1001.000000 -25.523205 12.839987 -32.341283 -0.247555 0.707145 0.348785 0.563037
1002.000000 -25.489899 13.390726 -32.197849 -0.242900 0.703874 0.354662 0.565487
1003.000000 -25.378611 13.824511 -32.156489 -0.239671 0.700515 0.358955 0.568320
1004.000000 -25.187069 14.137544 -32.225122 -0.237951 0.697085 0.361631 0.571555
1005.000000 -24.914518 14.329887 -32.405847 -0.237763 0.693587 0.362713 0.575192
1006.000000 -24.558914 14.401022 -32.698836 -0.239113 0.690015 0.362208 0.579232
1007.000000 -24.116997 14.349688 -33.102301 -0.242001 0.686358 0.360111 0.583668
1008.000000 -23.591134 14.179658 -33.605206 -0.246330 0.682612 0.356504 0.588445
1009.000000 -23.021280 13.931188 -34.154402 -0.251489 0.678902 0.351977 0.593260
1010.000000 -22.463823 13.660566 -34.685457 -0.256676 0.675417 0.347313 0.597748
1011.000000 -21.974061 13.423413 -35.143732 -0.261145 0.672361 0.343238 0.601599
1012.000000 -21.570123 13.243481 -35.515818 -0.264641 0.669778 0.340022 0.604771
1013.000000 -21.250943 13.127762 -35.806293 -0.267151 0.667622 0.337711 0.607340
1014.000000 -21.014104 13.081978 -36.018832 -0.268664 0.665840 0.336357 0.609378
1015.000000 -20.856341 13.111620 -36.155885 -0.269162 0.664374 0.336005 0.610950
1016.000000 -20.773825 13.222430 -36.218620 -0.268617 0.663165 0.336694 0.612122
1017.000000 -20.762713 13.420628 -36.206987 -0.266993 0.662152 0.338460 0.612956
1018.000000 -20.811975 13.705160 -36.126443 -0.264343 0.661239 0.341244 0.613546
1019.000000 -20.870274 14.034372 -36.020442 -0.261255 0.660179 0.344472 0.614205
1020.000000 -20.872283 14.353036 -35.947766 -0.258511 0.658677 0.347398 0.615331
1021.000000 -20.758029 14.611171 -35.964104 -0.256836 0.656464 0.349342 0.617293
1022.000000 -20.507591 14.792752 -36.087581 -0.256475 0.653450 0.350092 0.620209
1023.000000 -20.119492 14.897320 -36.316587 -0.257440 0.649622 0.349655 0.624066
1024.000000 -19.605414 14.928574 -36.637819 -0.259625 0.645058 0.348124 0.628732
1025.000000 -19.004140 14.899024 -37.019050 -0.262713 0.640031 0.345763 0.633869
1026.000000 -18.358645 14.822613 -37.427680 -0.266361 0.634846 0.342850 0.639121
1027.000000 -17.713826 14.713687 -37.833856 -0.270224 0.629823 0.339665 0.644151
1028.000000 -17.116775 14.586995 -38.210865 -0.273965 0.625294 0.336500 0.648628
1029.000000 -16.616353 14.457615 -38.534942 -0.277256 0.621603 0.333654 0.652237
1030.000000 -16.260741 14.340947 -38.785057 -0.279781 0.619087 0.331429 0.654682
1031.000000 -16.069735 14.254813 -38.951795 -0.281330 0.617831 0.330044 0.655903
1032.000000 -16.037953 14.219046 -39.033598 -0.281779 0.617698 0.329640 0.656039
1033.000000 -16.158107 14.253551 -39.027040 -0.280999 0.618540 0.330349 0.655223
1034.000000 -16.406589 14.373178 -38.934721 -0.278959 0.620095 0.332204 0.653685
1035.000000 -16.729431 14.583055 -38.773937 -0.275826 0.621891 0.335047 0.651855
1036.000000 -17.069790 14.886793 -38.564231 -0.271795 0.623432 0.338704 0.650184
1037.000000 -17.372471 15.287190 -38.326108 -0.267073 0.624223 0.343014 0.649121
1038.000000 -17.581742 15.761447 -38.092172 -0.262103 0.623866 0.347618 0.649042
1039.000000 -17.631765 16.163328 -37.954652 -0.258444 0.622454 0.351090 0.649995
1040.000000 -17.465938 16.347363 -38.006600 -0.257623 0.620200 0.352029 0.651965
1041.000000 -17.100919 16.315675 -38.239295 -0.259550 0.617241 0.350529 0.654810
1042.000000 -16.589185 16.115905 -38.601006 -0.263551 0.613780 0.347208 0.658226
1043.000000 -15.992258 15.841012 -39.017298 -0.268522 0.609894 0.343059 0.661994
1044.000000 -15.375805 15.600327 -39.413446 -0.273239 0.605672 0.339139 0.665948
1045.000000 -14.790582 15.473545 -39.740971 -0.276821 0.601243 0.336170 0.669975
1046.000000 -14.232046 15.431406 -40.016595 -0.279539 0.596720 0.333875 0.674025
1047.000000 -13.684863 15.420940 -40.267629 -0.281916 0.592187 0.331814 0.678039
1048.000000 -13.137476 15.413478 -40.508953 -0.284248 0.587634 0.329781 0.682007
1049.000000 -12.709152 15.477917 -40.676799 -0.285469 0.583775 0.328716 0.685318
1050.000000 -12.546381 15.800672 -40.658183 -0.283407 0.581103 0.330446 0.687608
1051.000000 -12.497363 16.320392 -40.521981 -0.279185 0.578567 0.333987 0.689760
1052.000000 -12.393461 16.774890 -40.422146 -0.275716 0.575795 0.336878 0.692065
1053.000000 -12.225760 17.089156 -40.395558 -0.273698 0.573034 0.338548 0.694339
1054.000000 -12.052722 17.303268 -40.410291 -0.272564 0.570636 0.339490 0.696297
1055.000000 -11.834562 17.343386 -40.510635 -0.273106 0.568591 0.339060 0.697966
1056.000000 -11.592835 17.243857 -40.676002 -0.274946 0.566925 0.337578 0.699316
1057.000000 -11.358240 17.064528 -40.872228 -0.277458 0.565648 0.335544 0.700335
1058.000000 -11.151748 16.872612 -41.064282 -0.279958 0.564676 0.333490 0.701106
1059.000000 -10.870274 16.773376 -41.235802 -0.281946 0.562700 0.331811 0.702692
1060.000000 -10.377198 16.759765 -41.423513 -0.284051 0.558560 0.330018 0.705985
1061.000000 -9.787369 16.911536 -41.560548 -0.285120 0.552919 0.329018 0.710446
1062.000000 -9.248756 17.391386 -41.541104 -0.283148 0.546407 0.330343 0.715640
1063.000000 -9.142037 17.917222 -41.396129 -0.279026 0.543404 0.333415 0.718116
1064.000000 -9.131960 18.126480 -41.362224 -0.277250 0.542476 0.334746 0.718886
1065.000000 -8.972831 18.233296 -41.404575 -0.276952 0.540656 0.334906 0.720297
1066.000000 -8.711944 18.305866 -41.481903 -0.277350 0.538067 0.334512 0.722262
1067.000000 -8.389217 18.358887 -41.578054 -0.278162 0.534995 0.333799 0.724559
1068.000000 -8.043645 18.398640 -41.681683 -0.279174 0.531818 0.332931 0.726904
1069.000000 -7.724146 18.428752 -41.783243 -0.280185 0.528943 0.332058 0.729008
1070.000000 -7.489926 18.439018 -41.876826 -0.281037 0.526888 0.331324 0.730501
1071.000000 -7.450638 18.330222 -41.987338 -0.282157 0.526993 0.330488 0.730372
1072.000000 -7.554289 18.107972 -42.120928 -0.283687 0.528780 0.329409 0.728974
1073.000000 -7.308640 18.006468 -42.263134 -0.285531 0.527049 0.327926 0.730175
1074.000000 -6.870899 18.213816 -42.302721 -0.285438 0.522446 0.327726 0.733601
1075.000000 -6.426336 18.486337 -42.308754 -0.284768 0.517536 0.327882 0.737264
1076.000000 -5.863016 18.727792 -42.338515 -0.284796 0.511718 0.327427 0.741503
1077.000000 -5.156320 18.925239 -42.396766 -0.285740 0.504804 0.326210 0.746400
1078.000000 -4.490480 19.150682 -42.425454 -0.286278 0.498097 0.325298 0.751083
1079.000000 -3.977901 19.415543 -42.410615 -0.285895 0.492536 0.325143 0.754953
1080.000000 -3.571866 19.635868 -42.400087 -0.285515 0.488048 0.325082 0.758032
1081.000000 -3.160000 19.811976 -42.406121 -0.285564 0.483638 0.324729 0.760985
1082.000000 -2.715739 19.855128 -42.472278 -0.286930 0.479421 0.323484 0.763665
1083.000000 -2.175350 19.598137 -42.677401 -0.291313 0.475490 0.320210 0.765840
1084.000000 -1.631025 19.102686 -42.979404 -0.297766 0.472427 0.315612 0.767161
1085.000000 -1.200522 18.461343 -43.325877 -0.305002 0.470915 0.310628 0.767283
1086.000000 -1.005973 17.766970 -43.672810 -0.311759 0.471674 0.306197 0.765881
1087.000000 -1.094244 17.083579 -43.995543 -0.317357 0.474844 0.302831 0.762956
1088.000000 -1.269202 16.366313 -44.316988 -0.322935 0.478806 0.299593 0.759409
1089.000000 -1.331619 15.562857 -44.658885 -0.329608 0.482003 0.295493 0.756119
1090.000000 -1.222993 14.717445 -45.003367 -0.337140 0.483818 0.290551 0.753549
1091.000000 -0.914461 13.888492 -45.329100 -0.345093 0.483855 0.284963 0.752058
1092.000000 -0.480531 13.207999 -45.594137 -0.352113 0.482358 0.279702 0.751740
1093.000000 -0.077938 12.873085 -45.747283 -0.356101 0.480074 0.276377 0.752553
1094.000000 0.298628 12.838566 -45.810794 -0.357492 0.477117 0.274709 0.754383
1095.000000 0.677222 13.023974 -45.809043 -0.357054 0.473488 0.274157 0.757073
1096.000000 1.086029 13.348390 -45.762412 -0.355543 0.469179 0.274187 0.760449
1097.000000 1.553714 13.731411 -45.690248 -0.353709 0.464176 0.274275 0.764332
1098.000000 2.080711 14.119209 -45.605787 -0.352005 0.458618 0.274155 0.768506
1099.000000 2.593299 14.527239 -45.506067 -0.350085 0.453066 0.274199 0.772649
1100.000000 3.006449 14.982319 -45.387764 -0.347465 0.448161 0.274868 0.776446
1101.000000 3.254647 15.505276 -45.249626 -0.343750 0.444419 0.276506 0.779661
1102.000000 3.351063 16.077331 -45.097518 -0.339122 0.441806 0.278958 0.782295
1103.000000 3.419043 16.579421 -44.965225 -0.334982 0.439637 0.281168 0.784507
1104.000000 3.550070 16.912927 -44.885499 -0.332481 0.437438 0.282312 0.786387
1105.000000 3.720945 17.070907 -44.866362 -0.331629 0.435439 0.282455 0.787803
1106.000000 3.896211 17.056252 -44.911246 -0.332300 0.433941 0.281757 0.788597
1107.000000 4.059329 16.876340 -45.018521 -0.334376 0.433063 0.280323 0.788713
1108.000000 4.223736 16.547720 -45.179066 -0.337756 0.432624 0.278174 0.788274
1109.000000 4.406419 16.087021 -45.381922 -0.342337 0.432413 0.275320 0.787415
1110.000000 4.626024 15.509697 -45.615165 -0.348012 0.432219 0.271766 0.786268
1111.000000 4.901413 14.831587 -45.866224 -0.354670 0.431829 0.267517 0.784963
1112.000000 5.228407 14.091505 -46.117932 -0.361944 0.431161 0.262776 0.783611
1113.000000 5.500276 13.428356 -46.338881 -0.368340 0.430725 0.258608 0.782255
1114.000000 5.640687 12.962746 -46.509538 -0.372650 0.430845 0.255871 0.781047
1115.000000 5.689863 12.722928 -46.624873 -0.374788 0.431109 0.254540 0.780313
1116.000000 5.701646 12.726037 -46.677755 -0.374791 0.431018 0.254487 0.780379
1117.000000 5.710815 12.982019 -46.661270 -0.372679 0.430252 0.255618 0.781443
1118.000000 5.718540 13.462429 -46.579170 -0.368678 0.428869 0.257794 0.783384
1119.000000 5.720822 14.103622 -46.443909 -0.363288 0.427064 0.260731 0.785912
1120.000000 5.713513 14.840043 -46.269829 -0.357025 0.425041 0.264143 0.788734
1121.000000 5.692510 15.606664 -46.074405 -0.350414 0.423010 0.267746 0.791572
1122.000000 5.653795 16.339293 -45.879142 -0.343986 0.421190 0.271260 0.794160
1123.000000 5.593449 16.975061 -45.709531 -0.338280 0.419813 0.274411 0.796255
1124.000000 5.507558 17.452392 -45.594073 -0.333841 0.419115 0.276927 0.797624
1125.000000 5.393215 17.714192 -45.560770 -0.331182 0.419315 0.278551 0.798062
1126.000000 5.256073 17.733835 -45.623171 -0.330566 0.420456 0.279138 0.797511
1127.000000 5.105601 17.498207 -45.785115 -0.332134 0.422491 0.278593 0.795974
1128.000000 4.953010 17.019891 -46.035812 -0.335786 0.425266 0.276934 0.793539
1129.000000 4.811935 16.343921 -46.349185 -0.341141 0.428498 0.274323 0.790417
1130.000000 4.696518 15.518304 -46.698293 -0.347791 0.431900 0.270932 0.786829
1131.000000 4.618062 14.610513 -47.052637 -0.355168 0.435163 0.267031 0.783061
1132.000000 4.584400 13.711646 -47.380449 -0.362519 0.437962 0.263010 0.779484
1133.000000 4.603289 12.916633 -47.656414 -0.369093 0.439989 0.259273 0.776503
1134.000000 4.682509 12.320208 -47.861407 -0.374163 0.440955 0.256219 0.774540
1135.000000 4.830379 11.979610 -47.988265 -0.377320 0.440674 0.254067 0.773877
1136.000000 5.047495 11.890127 -48.043409 -0.378618 0.439178 0.252782 0.774514
1137.000000 5.330030 12.029836 -48.033334 -0.378222 0.436562 0.252269 0.776352
1138.000000 5.673868 12.376106 -47.961033 -0.376293 0.432910 0.252434 0.779275
1139.000000 6.074625 12.905868 -47.827070 -0.372985 0.428296 0.253189 0.783160
1140.000000 6.527729 13.595330 -47.630719 -0.368459 0.422793 0.254441 0.787873
1141.000000 7.031725 14.401601 -47.375992 -0.363041 0.416492 0.256001 0.793221
1142.000000 7.588502 15.260591 -47.074812 -0.357261 0.409512 0.257587 0.798946
1143.000000 8.200196 16.108300 -46.743206 -0.351667 0.401977 0.258918 0.804802
1144.000000 8.869880 16.883973 -46.400522 -0.346789 0.394022 0.259714 0.810575
1145.000000 9.607933 17.518754 -46.071687 -0.343261 0.385762 0.259628 0.816060
1146.000000 10.458959 17.771720 -45.843497 -0.343381 0.377488 0.257492 0.820543
1147.000000 11.380969 17.658443 -45.721937 -0.346982 0.369505 0.253581 0.823873
1148.000000 12.255512 17.459107 -45.626506 -0.351246 0.362086 0.249517 0.826596
1149.000000 13.004272 17.402178 -45.494642 -0.353865 0.355357 0.246483 0.829305
1150.000000 13.818414 17.323829 -45.337973 -0.356813 0.348063 0.243055 0.832142
1151.000000 14.655625 17.176335 -45.185410 -0.360430 0.340723 0.239189 0.834738
1152.000000 15.384268 17.011853 -45.060653 -0.363896 0.334412 0.235621 0.836798
1153.000000 15.996714 16.843468 -44.966142 -0.367069 0.329169 0.232482 0.838367
1154.000000 16.503109 16.679265 -44.899379 -0.369898 0.324879 0.229800 0.839536
1155.000000 16.903480 16.571630 -44.844658 -0.371922 0.321403 0.227754 0.840537
1156.000000 17.165450 16.767158 -44.726445 -0.370744 0.318440 0.227354 0.842291
1157.000000 17.338428 17.264358 -44.524440 -0.366472 0.315541 0.228391 0.844967
1158.000000 17.549937 17.800661 -44.284338 -0.361892 0.312154 0.229407 0.847919
1159.000000 17.887580 18.163342 -44.056207 -0.359264 0.307986 0.229288 0.850589
1160.000000 18.145089 18.407229 -43.904361 -0.357568 0.304868 0.229087 0.852479
1161.000000 18.318248 18.451389 -43.868788 -0.357602 0.303062 0.228552 0.853251
1162.000000 18.523148 18.304579 -43.898828 -0.359573 0.301436 0.227231 0.853352
1163.000000 18.756673 18.016995 -43.972696 -0.362970 0.299890 0.225309 0.852968
1164.000000 18.998021 17.643766 -44.073811 -0.367189 0.298480 0.223060 0.852248
1165.000000 19.226278 17.241779 -44.187242 -0.371634 0.297265 0.220762 0.851343
1166.000000 19.420594 16.868661 -44.300421 -0.375710 0.296312 0.218692 0.850420
1167.000000 19.559376 16.580262 -44.403048 -0.378829 0.295690 0.217132 0.849653
1168.000000 19.621172 16.430366 -44.486790 -0.380430 0.295471 0.216356 0.849211
1169.000000 19.592382 16.397891 -44.567009 -0.380688 0.295836 0.216353 0.848969
1170.000000 19.498911 16.478236 -44.633987 -0.379715 0.296540 0.217003 0.848993
1171.000000 19.392947 16.685393 -44.658715 -0.377506 0.297047 0.218133 0.849512
1172.000000 19.298286 16.836078 -44.698381 -0.375851 0.297577 0.219033 0.849829
1173.000000 19.291189 16.860078 -44.747084 -0.375590 0.297585 0.219148 0.849912
1174.000000 19.258390 16.874381 -44.809908 -0.375335 0.297861 0.219344 0.849877
1175.000000 19.152362 16.898946 -44.899693 -0.374796 0.298807 0.219878 0.849645
1176.000000 18.996207 16.874384 -45.028463 -0.374607 0.300346 0.220450 0.849037
1177.000000 18.811568 16.741107 -45.208681 -0.375398 0.302413 0.220767 0.847871
1178.000000 18.618493 16.439502 -45.454363 -0.377765 0.304947 0.220541 0.845968
1179.000000 18.431476 15.983495 -45.746073 -0.381558 0.307778 0.219772 0.843437
1180.000000 18.252115 15.491227 -46.041053 -0.385655 0.310603 0.218853 0.840773
1181.000000 18.069008 15.090338 -46.300943 -0.388867 0.313225 0.218260 0.838472
1182.000000 17.861895 14.912673 -46.494071 -0.389978 0.315523 0.218524 0.837024
1183.000000 17.555219 14.966215 -46.649168 -0.388767 0.318161 0.219987 0.836205
1184.000000 17.269080 15.064603 -46.779789 -0.387216 0.320487 0.221521 0.835632
1185.000000 17.056159 15.121896 -46.894650 -0.386211 0.322241 0.222609 0.835133
1186.000000 16.895638 15.134962 -47.003480 -0.385719 0.323630 0.223322 0.834633
1187.000000 16.767630 15.100741 -47.115025 -0.385717 0.324844 0.223730 0.834052
1188.000000 16.652857 15.016201 -47.237262 -0.386187 0.326060 0.223906 0.833313
1189.000000 16.536190 14.884181 -47.374398 -0.387068 0.327400 0.223925 0.832374
1190.000000 16.413184 14.721920 -47.522160 -0.388196 0.328861 0.223864 0.831288
1191.000000 16.292469 14.550931 -47.670654 -0.389401 0.330317 0.223765 0.830173
1192.000000 16.188123 14.394026 -47.808239 -0.390520 0.331591 0.223647 0.829171
1193.000000 16.114556 14.274233 -47.923628 -0.391388 0.332507 0.223534 0.828424
1194.000000 16.118411 14.182990 -48.004313 -0.392192 0.332687 0.223205 0.828060
1195.000000 16.243532 14.082087 -48.046918 -0.393359 0.331846 0.222348 0.828075
1196.000000 16.437907 13.984464 -48.064466 -0.394652 0.330402 0.221217 0.828340
1197.000000 16.642225 13.907285 -48.071650 -0.395786 0.328826 0.220115 0.828720
1198.000000 16.796980 13.867652 -48.084220 -0.396478 0.327588 0.219346 0.829083
1199.000000 16.857134 13.894641 -48.110016 -0.396377 0.327008 0.219191 0.829401
1200.000000 16.901500 14.124507 -48.081827 -0.394499 0.326091 0.219786 0.830500
1201.000000 16.914736 14.438937 -48.038021 -0.391821 0.325240 0.220791 0.831833
1202.000000 16.857831 14.712855 -48.029351 -0.389334 0.325086 0.221945 0.832754
1203.000000 16.738934 14.929571 -48.058848 -0.387202 0.325602 0.223159 0.833221
1204.000000 16.533695 15.103733 -48.130607 -0.385234 0.326971 0.224581 0.833216
1205.000000 16.218942 15.277874 -48.237214 -0.382991 0.329278 0.226439 0.832838
1206.000000 15.868829 15.445918 -48.354341 -0.380705 0.331898 0.228405 0.832309
1207.000000 15.565099 15.598016 -48.458707 -0.378663 0.334153 0.230121 0.831865
1208.000000 15.393430 15.727887 -48.526285 -0.377126 0.335327 0.231236 0.831782
1209.000000 15.480958 15.899998 -48.497263 -0.375844 0.334182 0.231485 0.832754
1210.000000 15.715475 15.976412 -48.451809 -0.375737 0.332000 0.230834 0.833854
1211.000000 16.024338 16.016109 -48.392747 -0.376128 0.329259 0.229771 0.835058
1212.000000 16.359258 16.085113 -48.313058 -0.376330 0.326212 0.228703 0.836455
1213.000000 16.624198 16.140108 -48.259572 -0.376489 0.323794 0.227854 0.837554
1214.000000 16.723143 16.137323 -48.280935 -0.376753 0.322935 0.227457 0.837874
1215.000000 16.628628 16.068191 -48.390374 -0.377131 0.323895 0.227591 0.837297
1216.000000 16.422190 15.980622 -48.543080 -0.377397 0.325856 0.228095 0.836278
1217.000000 16.194907 15.927905 -48.689980 -0.377308 0.327910 0.228792 0.835325
1218.000000 16.025398 15.954699 -48.791064 -0.376674 0.329285 0.229534 0.834867
1219.000000 15.839616 15.973044 -48.900402 -0.376079 0.330831 0.230313 0.834309
1220.000000 15.615717 15.950907 -49.035224 -0.375746 0.332808 0.231105 0.833453
1221.000000 15.386052 15.912692 -49.176217 -0.375535 0.334874 0.231861 0.832510
1222.000000 15.182890 15.882775 -49.304858 -0.375311 0.336688 0.232537 0.831690
1223.000000 15.040654 15.886438 -49.402464 -0.374940 0.337895 0.233085 0.831215
1224.000000 15.040894 15.962622 -49.432394 -0.374291 0.337717 0.233336 0.831510
1225.000000 15.250058 16.129889 -49.368113 -0.373370 0.335552 0.233107 0.832863
1226.000000 15.625241 16.349533 -49.232390 -0.372393 0.331850 0.232425 0.834971
1227.000000 16.103718 16.576485 -49.056229 -0.371581 0.327243 0.231367 0.837442
1228.000000 16.397976 16.735123 -48.959470 -0.370910 0.324358 0.230776 0.839024
1229.000000 16.367233 16.795492 -49.004103 -0.370323 0.324482 0.231099 0.839146
1230.000000 16.126869 16.777673 -49.144691 -0.369916 0.326575 0.231955 0.838277
1231.000000 15.795990 16.702136 -49.332110 -0.369782 0.329559 0.232947 0.836892
1232.000000 15.494434 16.589759 -49.519215 -0.370022 0.332354 0.233692 0.835471
1233.000000 15.344612 16.461861 -49.662360 -0.370745 0.333901 0.233815 0.834499
1234.000000 15.378916 16.315920 -49.754585 -0.372046 0.333959 0.233197 0.834070
1235.000000 15.467570 16.107687 -49.850148 -0.373987 0.333722 0.232170 0.833583
1236.000000 15.461714 15.788438 -50.009371 -0.376626 0.334534 0.231130 0.832357
1237.000000 15.272560 15.354090 -50.257531 -0.379784 0.337118 0.230395 0.830080
1238.000000 15.135813 14.909402 -50.487180 -0.383123 0.339264 0.229422 0.827938
1239.000000 15.243719 14.565958 -50.609175 -0.386179 0.339146 0.227861 0.826998
1240.000000 15.548523 14.377372 -50.624623 -0.388415 0.337058 0.226069 0.827296
1241.000000 15.950373 14.345934 -50.563154 -0.389584 0.333828 0.224423 0.828503
1242.000000 16.344760 14.468251 -50.457510 -0.389471 0.330323 0.223301 0.830262
1243.000000 16.622058 14.733724 -50.345513 -0.387912 0.327461 0.223093 0.832180
1244.000000 16.650356 15.039848 -50.301006 -0.385458 0.326553 0.223977 0.833438
1245.000000 16.474394 15.354844 -50.318667 -0.382473 0.327298 0.225677 0.834063
1246.000000 16.223701 15.721749 -50.341178 -0.378878 0.328531 0.227827 0.834634
1247.000000 15.977035 16.139887 -50.341615 -0.374851 0.329604 0.230122 0.835399
1248.000000 15.728703 16.537441 -50.344279 -0.370971 0.330730 0.232349 0.836069
1249.000000 15.463385 16.844883 -50.378402 -0.367793 0.332209 0.234338 0.836332
1250.000000 15.192521 17.027141 -50.454065 -0.365641 0.334031 0.235930 0.836102
1251.000000 14.974316 17.097204 -50.550580 -0.364543 0.335684 0.236954 0.835630
1252.000000 14.862473 17.068221 -50.648646 -0.364512 0.336695 0.237259 0.835150
1253.000000 14.852562 16.915490 -50.758151 -0.365736 0.337157 0.236783 0.834563
1254.000000 14.981814 16.694541 -50.848639 -0.367846 0.336629 0.235581 0.834189
1255.000000 15.256808 16.527982 -50.876448 -0.369850 0.334765 0.234039 0.834487
1256.000000 15.645752 16.556237 -50.803917 -0.370520 0.331501 0.232725 0.835860
1257.000000 16.011288 16.777767 -50.671632 -0.369533 0.327972 0.232111 0.837857
1258.000000 16.070472 16.864001 -50.678608 -0.368954 0.327279 0.232164 0.838368
1259.000000 16.002095 16.934432 -50.731230 -0.368222 0.327674 0.232627 0.838407
1260.000000 15.973888 17.105387 -50.737237 -0.366757 0.327502 0.233272 0.838938
1261.000000 15.956478 17.328334 -50.720957 -0.364876 0.327112 0.234050 0.839692
1262.000000 15.883175 17.521160 -50.731368 -0.363103 0.327256 0.234940 0.840157
1263.000000 15.739337 17.656127 -50.784825 -0.361654 0.328146 0.235900 0.840165
1264.000000 15.488478 17.787861 -50.871868 -0.359986 0.329935 0.237229 0.839807
1265.000000 15.267434 17.933887 -50.942590 -0.358259 0.331431 0.238488 0.839600
1266.000000 15.112680 18.057314 -50.999686 -0.356870 0.332420 0.239432 0.839532
1267.000000 15.085115 18.202638 -51.010537 -0.355604 0.332300 0.240000 0.839954
1268.000000 15.279804 18.444197 -50.920321 -0.354071 0.330124 0.240100 0.841430
1269.000000 15.531237 18.502075 -50.878449 -0.354186 0.327919 0.239404 0.842441
1270.000000 15.806640 18.398205 -50.886448 -0.355697 0.325888 0.238105 0.842960
1271.000000 15.993444 18.231894 -50.942337 -0.357517 0.324715 0.236930 0.842974
1272.000000 16.024828 18.140584 -51.018563 -0.358343 0.324640 0.236550 0.842759
1273.000000 15.853327 18.256118 -51.085049 -0.356986 0.325776 0.237533 0.842620
1274.000000 15.579534 18.585466 -51.105726 -0.353644 0.327265 0.239540 0.842884
1275.000000 15.183155 19.004609 -51.125953 -0.349285 0.329530 0.242249 0.843046
1276.000000 14.720508 19.354591 -51.184924 -0.345339 0.332484 0.244951 0.842730
1277.000000 14.331340 19.534991 -51.281680 -0.342944 0.335238 0.246838 0.842066
1278.000000 14.272080 19.746116 -51.272238 -0.341057 0.335231 0.247712 0.842579
1279.000000 14.504722 20.080149 -51.131949 -0.338841 0.332536 0.248025 0.844447
1280.000000 14.370388 20.321322 -51.129563 -0.336513 0.333070 0.249280 0.844798
1281.000000 14.151155 20.450836 -51.193761 -0.334933 0.334538 0.250482 0.844490
1282.000000 14.284065 20.462968 -51.206296 -0.335218 0.333346 0.250171 0.844940
1283.000000 14.924171 20.280044 -51.150266 -0.338380 0.328397 0.247575 0.846381
1284.000000 15.979024 19.848045 -51.054524 -0.344620 0.320551 0.242793 0.848255
1285.000000 17.268334 19.165600 -50.950563 -0.353471 0.311309 0.236401 0.849858
1286.000000 18.605806 18.231100 -50.878632 -0.364473 0.302183 0.229014 0.850528
1287.000000 19.844898 17.076765 -50.866322 -0.377002 0.294276 0.221254 0.849893
1288.000000 20.884432 15.772835 -50.925561 -0.390234 0.288271 0.213734 0.847901
1289.000000 21.713721 14.398568 -51.039452 -0.403485 0.284090 0.206771 0.844830
1290.000000 22.814010 13.045345 -50.976697 -0.416994 0.277551 0.198737 0.842369
1291.000000 24.007328 11.688925 -50.811122 -0.430558 0.270207 0.190181 0.839905
1292.000000 24.970291 10.284911 -50.704630 -0.443907 0.264834 0.182319 0.836403
1293.000000 25.652337 8.870091 -50.685917 -0.456691 0.261766 0.175556 0.831920
1294.000000 26.140291 7.521972 -50.709349 -0.468485 0.260125 0.169793 0.827059
1295.000000 26.521270 6.317917 -50.730704 -0.478857 0.259055 0.164882 0.822436
1296.000000 26.880348 5.333591 -50.709686 -0.487374 0.257753 0.160635 0.818673
1297.000000 27.261991 4.608889 -50.631928 -0.493811 0.255824 0.156935 0.816135
1298.000000 27.669509 4.126004 -50.507419 -0.498327 0.253292 0.153707 0.814793
1299.000000 28.106826 3.832648 -50.343900 -0.501351 0.250215 0.150792 0.814433
1300.000000 28.578201 3.673520 -50.145131 -0.503335 0.246642 0.148028 0.814806
1301.000000 29.087949 3.593722 -49.912417 -0.504730 0.242613 0.145258 0.815651
1302.000000 29.640391 3.538812 -49.645752 -0.505986 0.238160 0.142328 0.816701
1303.000000 30.239802 3.455051 -49.344342 -0.507552 0.233314 0.139087 0.817686
1304.000000 30.890344 3.289749 -49.006552 -0.509879 0.228102 0.135383 0.818330
1305.000000 31.595988 2.991229 -48.629294 -0.513410 0.222547 0.131066 0.818355
1306.000000 32.358900 2.512752 -48.207685 -0.518552 0.216678 0.126005 0.817482
1307.000000 33.168639 1.838673 -47.740183 -0.525435 0.210581 0.120203 0.815552
1308.000000 34.007101 0.986415 -47.227247 -0.533894 0.204366 0.113778 0.812556
1309.000000 34.853764 0.003066 -46.671349 -0.543502 0.198135 0.106927 0.808650
1310.000000 35.688154 -1.062837 -46.079023 -0.553814 0.192000 0.099851 0.804025
1311.000000 36.490337 -2.164372 -45.461920 -0.564393 0.186083 0.092752 0.798893
1312.000000 37.241373 -3.256510 -44.837210 -0.574824 0.180509 0.085839 0.793490
1313.000000 37.923576 -4.295995 -44.227394 -0.584707 0.175404 0.079328 0.788073
1314.000000 38.520616 -5.241376 -43.659625 -0.593662 0.170896 0.073440 0.782921
1315.000000 39.017407 -6.053118 -43.164618 -0.601328 0.167112 0.068397 0.778332
1316.000000 39.401025 -6.696208 -42.773545 -0.607380 0.164169 0.064401 0.774590
1317.000000 39.669623 -7.161624 -42.503369 -0.611742 0.162105 0.061530 0.771821
1318.000000 39.826194 -7.452249 -42.361259 -0.614451 0.160911 0.059796 0.770053
1319.000000 39.872671 -7.569624 -42.351378 -0.615532 0.160579 0.059208 0.769304
1320.000000 39.809643 -7.513687 -42.475204 -0.614997 0.161103 0.059771 0.769579
1321.000000 39.636267 -7.282655 -42.731624 -0.612843 0.162477 0.061493 0.770872
1322.000000 39.350301 -6.873000 -43.116859 -0.609052 0.164698 0.064381 0.773166
1323.000000 38.948107 -6.280570 -43.624225 -0.603592 0.167766 0.068431 0.776433
1324.000000 38.424669 -5.503244 -44.243749 -0.596415 0.171707 0.073605 0.780633
1325.000000 37.774876 -4.537764 -44.961718 -0.587468 0.176535 0.079862 0.785709
1326.000000 36.995164 -3.376019 -45.759810 -0.576717 0.182208 0.087203 0.791576
1327.000000 36.170450 -2.159043 -46.540644 -0.565499 0.188068 0.094793 0.797405
1328.000000 35.592092 -1.383821 -47.067733 -0.558290 0.192194 0.099843 0.800878
1329.000000 35.383289 -1.255225 -47.283454 -0.556879 0.193884 0.101274 0.801273
1330.000000 35.254447 -1.234983 -47.436135 -0.556466 0.195008 0.102027 0.801192
1331.000000 35.237125 -1.318287 -47.504024 -0.557059 0.195289 0.101954 0.800720
1332.000000 35.347829 -1.512280 -47.473789 -0.558761 0.194586 0.100951 0.799832
1333.000000 35.592499 -1.818751 -47.335777 -0.561631 0.192830 0.098935 0.798498
1334.000000 35.977814 -2.244786 -47.078406 -0.565705 0.189980 0.095789 0.796687
1335.000000 36.512638 -2.801520 -46.688353 -0.571002 0.185986 0.091423 0.794360
1336.000000 37.198074 -3.483576 -46.151777 -0.577510 0.180775 0.085826 0.791478
1337.000000 37.946431 -4.135647 -45.538606 -0.583857 0.174892 0.079845 0.788764
1338.000000 38.489734 -4.302655 -45.119789 -0.585802 0.170299 0.076032 0.788703
1339.000000 38.734700 -3.826430 -45.007822 -0.581774 0.167783 0.075284 0.792288
1340.000000 38.972065 -3.215417 -44.905499 -0.576510 0.165212 0.074827 0.796707
1341.000000 39.182020 -2.477424 -44.824389 -0.570055 0.162759 0.074782 0.801844
1342.000000 39.357901 -1.607214 -44.764760 -0.562354 0.160470 0.075207 0.807683
1343.000000 39.500001 -0.603504 -44.719146 -0.553373 0.158339 0.076098 0.814196
1344.000000 39.608458 0.531874 -44.678818 -0.543092 0.156368 0.077433 0.821343
1345.000000 39.687207 1.713989 -44.633833 -0.532255 0.154601 0.079020 0.828588
1346.000000 39.745892 2.733481 -44.585351 -0.522816 0.153137 0.080435 0.834711
1347.000000 39.792970 3.446119 -44.548448 -0.516173 0.152043 0.081386 0.838943
1348.000000 39.833681 3.865467 -44.532061 -0.512249 0.151267 0.081874 0.841437
1349.000000 39.872884 4.024539 -44.537198 -0.510759 0.150742 0.081932 0.842430
1350.000000 39.915415 3.955958 -44.559524 -0.511415 0.150393 0.081590 0.842128
1351.000000 39.966097 3.692201 -44.591181 -0.513930 0.150146 0.080870 0.840709
1352.000000 40.029861 3.263979 -44.622142 -0.518018 0.149924 0.079794 0.838340
1353.000000 40.111719 2.700491 -44.641291 -0.523386 0.149653 0.078377 0.835181
1354.000000 40.216543 2.034155 -44.637473 -0.529713 0.149254 0.076642 0.831416
1355.000000 40.345300 1.382257 -44.601460 -0.535895 0.148617 0.074776 0.827731
1356.000000 40.493436 0.985420 -44.532972 -0.539702 0.147586 0.073206 0.825579
1357.000000 40.657637 1.016868 -44.437809 -0.539534 0.146056 0.072235 0.826047
1358.000000 40.837665 1.493849 -44.314254 -0.535207 0.144018 0.071886 0.829244
1359.000000 41.033885 2.403667 -44.147692 -0.526768 0.141469 0.072127 0.835045
1360.000000 41.250671 3.625614 -43.916445 -0.515257 0.138441 0.072731 0.842648
1361.000000 41.494865 4.971729 -43.608167 -0.502383 0.134999 0.073360 0.850885
1362.000000 41.772798 6.254043 -43.230530 -0.489943 0.131216 0.073692 0.858667
1363.000000 42.089055 7.296999 -42.812460 -0.479720 0.127181 0.073451 0.865043
1364.000000 42.437954 8.035171 -42.387637 -0.472474 0.122996 0.072591 0.869696
1365.000000 42.809347 8.465679 -41.982126 -0.468348 0.118764 0.071180 0.872627
1366.000000 43.194439 8.586195 -41.615222 -0.467456 0.114584 0.069265 0.873818
1367.000000 43.585564 8.390685 -41.299777 -0.469914 0.110554 0.066874 0.873205
1368.000000 43.975377 7.869795 -41.042118 -0.475836 0.106772 0.064028 0.870678
1369.000000 44.355716 7.021767 -40.840173 -0.485220 0.103325 0.060773 0.866136
1370.000000 44.714166 5.947506 -40.673637 -0.496945 0.100262 0.057321 0.860063
1371.000000 45.036282 4.810814 -40.522514 -0.509228 0.097612 0.053971 0.853373
1372.000000 45.307965 3.771496 -40.383822 -0.520364 0.095417 0.051012 0.847062
1373.000000 45.516025 2.977133 -40.270557 -0.528816 0.093733 0.048713 0.842137
1374.000000 45.655794 2.480151 -40.200581 -0.534072 0.092585 0.047185 0.839029
1375.000000 45.727490 2.281345 -40.185612 -0.536162 0.091972 0.046447 0.837803
1376.000000 45.731492 2.380816 -40.230090 -0.535109 0.091889 0.046504 0.838482
1377.000000 45.683351 2.761619 -40.315216 -0.531100 0.092181 0.047234 0.840954
1378.000000 45.629041 3.372655 -40.385044 -0.524681 0.092395 0.048270 0.844892
1379.000000 45.615749 4.157160 -40.381857 -0.516433 0.092073 0.049233 0.849939
1380.000000 45.656938 5.055020 -40.287916 -0.506943 0.091106 0.049969 0.855693
1381.000000 45.743059 6.005033 -40.114935 -0.496813 0.089622 0.050476 0.861741
1382.000000 45.863621 6.947266 -39.880246 -0.486659 0.087756 0.050762 0.867690
1383.000000 46.007696 7.823483 -39.606644 -0.477116 0.085643 0.050835 0.873179
1384.000000 46.164614 8.576747 -39.321866 -0.468834 0.083428 0.050699 0.877875
1385.000000 46.324636 9.151162 -39.057291 -0.462474 0.081258 0.050353 0.881464
1386.000000 46.478608 9.492067 -38.845936 -0.458701 0.079282 0.049797 0.883645
1387.000000 46.602702 9.562619 -38.733081 -0.457975 0.077803 0.049143 0.884189
1388.000000 46.649809 9.369058 -38.776939 -0.460225 0.077360 0.048685 0.883085
1389.000000 46.649853 9.069685 -38.901286 -0.463628 0.077525 0.048394 0.881304
1390.000000 46.692013 8.880506 -38.948123 -0.465786 0.077156 0.047954 0.880222
1391.000000 46.789407 8.827539 -38.897885 -0.466442 0.076089 0.047315 0.880002
1392.000000 46.934523 8.893328 -38.763795 -0.465791 0.074421 0.046504 0.880533
1393.000000 47.119757 9.059426 -38.557691 -0.464026 0.072249 0.045540 0.881695
1394.000000 47.336652 9.306151 -38.290165 -0.461330 0.069659 0.044449 0.883372
1395.000000 47.576469 9.614672 -37.971287 -0.457877 0.066731 0.043264 0.885452
1396.000000 47.831861 9.968970 -37.611456 -0.453843 0.063543 0.042018 0.887819
1397.000000 48.095739 10.351702 -37.222409 -0.449416 0.060189 0.040734 0.890361
1398.000000 48.355701 10.733175 -36.827681 -0.444919 0.056844 0.039451 0.892894
1399.000000 48.541039 10.967380 -36.566060 -0.442104 0.054461 0.038486 0.894481
1400.000000 48.580081 10.905004 -36.585285 -0.442834 0.054011 0.038185 0.894160
1401.000000 48.492579 10.574570 -36.850301 -0.446759 0.055243 0.038453 0.892119
1402.000000 48.315858 10.038524 -37.283371 -0.453051 0.057654 0.039094 0.888759
1403.000000 48.087315 9.361110 -37.805954 -0.460875 0.060729 0.039924 0.884484
1404.000000 47.845432 8.610501 -38.342989 -0.469407 0.063953 0.040767 0.879719
1405.000000 47.630433 7.858134 -38.825376 -0.477844 0.066814 0.041445 0.874919
1406.000000 47.484456 7.178149 -39.190582 -0.485405 0.068812 0.041769 0.870576
1407.000000 47.450671 6.646651 -39.381269 -0.491324 0.069458 0.041544 0.867208
1408.000000 47.567571 6.336584 -39.347723 -0.494878 0.068313 0.040585 0.865322
1409.000000 47.661354 6.155785 -39.319133 -0.496970 0.067364 0.039868 0.864230
1410.000000 47.615822 6.056935 -39.445076 -0.498067 0.067907 0.040087 0.863546
1411.000000 47.424819 6.077147 -39.725510 -0.497779 0.069962 0.041317 0.863489
1412.000000 47.079575 6.254334 -40.158952 -0.495706 0.073565 0.043628 0.864269
1413.000000 46.568523 6.630148 -40.740712 -0.491426 0.078760 0.047100 0.866071
1414.000000 45.809073 7.033030 -41.576980 -0.486783 0.086449 0.052034 0.867676
1415.000000 44.786401 7.301020 -42.683931 -0.483454 0.096737 0.058261 0.868055
1416.000000 43.577402 7.451216 -43.945762 -0.481184 0.108682 0.065223 0.867408
1417.000000 42.268809 7.499409 -45.251851 -0.479736 0.121340 0.072355 0.865965
1418.000000 40.964119 7.468152 -46.495329 -0.478884 0.133697 0.079098 0.864025
1419.000000 39.941124 7.526851 -47.423129 -0.477351 0.143117 0.084344 0.862867
1420.000000 39.314426 7.722428 -47.970130 -0.474957 0.148676 0.087748 0.862909
1421.000000 39.053053 7.983016 -48.198905 -0.472337 0.150850 0.089426 0.863797
1422.000000 39.119834 8.233096 -48.160798 -0.470098 0.150100 0.089453 0.865145
1423.000000 39.473767 8.401073 -47.899133 -0.468841 0.146829 0.087931 0.866543
1424.000000 40.151245 8.675837 -47.339018 -0.466912 0.140446 0.084981 0.868934
1425.000000 41.094591 9.214022 -46.474014 -0.462742 0.131217 0.081073 0.872971
1426.000000 42.120058 9.837926 -45.470686 -0.457658 0.120930 0.076769 0.877515
1427.000000 43.015367 10.201591 -44.597166 -0.454802 0.111908 0.072663 0.880541
1428.000000 43.646078 10.295003 -44.011927 -0.454351 0.105557 0.069522 0.881810
1429.000000 43.962991 10.193729 -43.771838 -0.455625 0.102417 0.067772 0.881659
1430.000000 43.980444 9.984829 -43.854112 -0.457739 0.102358 0.067452 0.880595
1431.000000 43.719851 9.730623 -44.221811 -0.460024 0.105140 0.068493 0.878995
1432.000000 43.228800 9.437812 -44.817069 -0.462458 0.110228 0.070632 0.876923
1433.000000 42.557657 9.103129 -45.576661 -0.465131 0.117016 0.073614 0.874380
1434.000000 41.759448 8.719275 -46.437363 -0.468134 0.124907 0.077143 0.871377
1435.000000 40.892234 8.274827 -47.337756 -0.471557 0.133324 0.080878 0.867939
1436.000000 40.041837 7.867610 -48.182952 -0.474521 0.141404 0.084500 0.864693
1437.000000 39.341548 7.802409 -48.822563 -0.474477 0.147718 0.087828 0.863329
1438.000000 38.866589 8.055618 -49.216578 -0.471829 0.151678 0.090524 0.863815
1439.000000 38.665411 8.517727 -49.353243 -0.467618 0.153011 0.092229 0.865688
1440.000000 38.699656 9.054134 -49.286922 -0.462956 0.152208 0.092922 0.868257
1441.000000 38.876795 9.547620 -49.109883 -0.458760 0.150190 0.092858 0.870838
1442.000000 39.067689 9.954869 -48.932570 -0.455309 0.148120 0.092587 0.873030
1443.000000 39.136486 10.245631 -48.872113 -0.452776 0.147225 0.092709 0.874485
1444.000000 38.947053 10.388338 -49.046419 -0.451331 0.148754 0.093805 0.874856
1445.000000 38.430756 10.435318 -49.494164 -0.450432 0.153247 0.096243 0.874279
1446.000000 38.189560 10.533341 -49.711752 -0.449317 0.155252 0.097468 0.874363
1447.000000 38.162366 10.339570 -49.826046 -0.450956 0.155678 0.097255 0.873467
1448.000000 38.065696 9.917585 -50.039838 -0.454521 0.156947 0.097015 0.871416
1449.000000 37.827749 9.365088 -50.382455 -0.459064 0.159575 0.097231 0.868529
1450.000000 37.460486 8.798711 -50.816340 -0.463546 0.163328 0.098023 0.865356
1451.000000 37.008817 8.347247 -51.277686 -0.466891 0.167619 0.099347 0.862582
1452.000000 36.526449 8.151730 -51.707375 -0.468038 0.171850 0.101190 0.860911
1453.000000 36.103552 8.304974 -52.032726 -0.466366 0.175195 0.103335 0.860890
1454.000000 35.960166 8.697242 -52.121452 -0.463031 0.175956 0.104639 0.862376
1455.000000 36.275191 9.068861 -51.893144 -0.460308 0.172945 0.103865 0.864534
1456.000000 36.503403 9.072795 -51.786837 -0.460536 0.171025 0.102864 0.864914
1457.000000 36.518348 9.192561 -51.810404 -0.459572 0.170772 0.103019 0.865458
1458.000000 36.371775 9.573076 -51.900332 -0.456243 0.171619 0.104329 0.866894
1459.000000 36.124133 10.125684 -52.024069 -0.451356 0.173135 0.106356 0.868902
1460.000000 35.845149 10.754635 -52.145763 -0.445802 0.174817 0.108625 0.871149
1461.000000 35.605404 11.363245 -52.234643 -0.440487 0.176158 0.110671 0.873322
1462.000000 35.480120 11.847350 -52.265720 -0.436334 0.176666 0.112004 0.875132
1463.000000 35.545571 12.118684 -52.213137 -0.434132 0.175829 0.112165 0.876375
1464.000000 36.177448 11.730256 -51.921825 -0.438036 0.170956 0.108836 0.875816
1465.000000 36.458443 11.462001 -51.840612 -0.440619 0.168852 0.107240 0.875125
1466.000000 36.279457 11.530797 -52.006417 -0.439866 0.170283 0.108145 0.875115
1467.000000 35.852685 11.820828 -52.292036 -0.436970 0.173567 0.110436 0.875634
1468.000000 35.438740 12.131503 -52.557232 -0.433919 0.176691 0.112692 0.876239
1469.000000 35.073170 12.466822 -52.775372 -0.430777 0.179322 0.114746 0.876988
1470.000000 34.795266 12.827565 -52.926067 -0.427523 0.181200 0.116491 0.877964
1471.000000 34.634363 13.218116 -52.990231 -0.424141 0.182086 0.117816 0.879243
1472.000000 34.500658 13.569123 -53.044436 -0.421109 0.182797 0.118970 0.880397
1473.000000 34.096095 13.730606 -53.319991 -0.419340 0.185962 0.120872 0.880319
1474.000000 33.006502 14.220064 -53.929864 -0.414078 0.194342 0.125991 0.880282
1475.000000 32.552633 14.591631 -54.160997 -0.410494 0.197614 0.128390 0.880886
1476.000000 32.577292 14.840847 -54.132398 -0.408447 0.197133 0.128729 0.881895
1477.000000 32.850911 14.994404 -53.978192 -0.407469 0.194731 0.127956 0.882993
1478.000000 33.146779 15.080603 -53.828639 -0.407087 0.192231 0.126996 0.883855
1479.000000 33.255089 15.127585 -53.805790 -0.406834 0.191315 0.126688 0.884214
1480.000000 33.181264 15.177392 -53.892346 -0.406361 0.191856 0.127063 0.884261
1481.000000 33.081338 15.285603 -53.976769 -0.405381 0.192522 0.127626 0.884485
1482.000000 33.138567 15.260053 -54.002023 -0.405677 0.192055 0.127351 0.884490
1483.000000 33.473539 14.956544 -53.933904 -0.408571 0.189646 0.125543 0.883936
1484.000000 33.878007 14.753069 -53.792184 -0.410727 0.186553 0.123667 0.883860
1485.000000 33.719623 14.757543 -53.946054 -0.410490 0.187867 0.124286 0.883605
1486.000000 33.092839 14.919708 -54.342929 -0.408379 0.192824 0.126924 0.883140
1487.000000 32.136963 15.102005 -54.916864 -0.405721 0.200349 0.130780 0.882127
1488.000000 31.002027 15.171480 -55.599950 -0.403800 0.209311 0.135037 0.880284
1489.000000 29.913160 15.052148 -56.278930 -0.403428 0.217995 0.138720 0.877771
1490.000000 28.925464 14.687230 -56.941982 -0.405026 0.226085 0.141509 0.874537
1491.000000 27.943993 14.010680 -57.652606 -0.408916 0.234418 0.143602 0.870181
1492.000000 26.971570 13.307864 -58.333190 -0.412905 0.242608 0.145565 0.865714
1493.000000 26.274140 12.950631 -58.785867 -0.414646 0.248225 0.147283 0.862995
1494.000000 26.057759 12.651614 -59.003306 -0.416590 0.250181 0.147463 0.861462
1495.000000 26.102729 12.187033 -59.137791 -0.420068 0.250428 0.146379 0.859885
1496.000000 26.315090 11.598104 -59.218580 -0.424634 0.249612 0.144422 0.858209
1497.000000 26.701161 11.024234 -59.211158 -0.429274 0.247513 0.141849 0.856936
1498.000000 27.255602 10.599221 -59.090554 -0.433029 0.243992 0.138954 0.856531
1499.000000 27.880097 10.377142 -58.891308 -0.435396 0.239681 0.136198 0.856991
1500.000000 28.430087 10.364802 -58.683179 -0.436146 0.235646 0.134133 0.858054
1501.000000 28.762531 10.568356 -58.538279 -0.435063 0.232946 0.133311 0.859468
1502.000000 28.734062 10.994383 -58.527915 -0.431921 0.232646 0.134268 0.860983
1503.000000 28.190256 11.621207 -58.725476 -0.426692 0.235909 0.137507 0.862191
1504.000000 26.993533 12.291235 -59.204178 -0.420388 0.243845 0.143176 0.862157
1505.000000 25.404514 12.763024 -59.858694 -0.415063 0.254721 0.149777 0.860469
1506.000000 23.654238 12.840402 -60.609320 -0.412333 0.267053 0.156000 0.856930
1507.000000 22.471477 12.587865 -61.164234 -0.412545 0.275693 0.159429 0.853453
1508.000000 21.851342 12.086002 -61.543417 -0.415154 0.280686 0.160346 0.850383
1509.000000 21.658444 11.400979 -61.796692 -0.419567 0.282932 0.159425 0.847642
1510.000000 21.759301 10.593721 -61.960494 -0.425204 0.283297 0.157268 0.845110
1511.000000 22.023010 9.722086 -62.066787 -0.431486 0.282622 0.154424 0.842673
1512.000000 22.378994 8.822363 -62.129520 -0.438046 0.281325 0.151160 0.840311
1513.000000 22.876188 7.932867 -62.123112 -0.444668 0.279035 0.147376 0.838266
1514.000000 23.602349 7.231960 -61.990983 -0.450263 0.274943 0.143167 0.837361
1515.000000 24.652642 6.935969 -61.669055 -0.453496 0.268134 0.138671 0.838579
1516.000000 25.953736 7.199844 -61.156906 -0.453174 0.258907 0.134444 0.842333
1517.000000 26.810790 7.821591 -60.764133 -0.449778 0.252316 0.132528 0.846447
1518.000000 27.273657 8.598203 -60.507540 -0.444802 0.248275 0.132366 0.850288
1519.000000 27.503682 9.353794 -60.346049 -0.439696 0.245854 0.133040 0.853536
1520.000000 27.631857 9.978911 -60.242064 -0.435396 0.244261 0.133847 0.856068
1521.000000 27.772559 10.396683 -60.161172 -0.432572 0.242790 0.134200 0.857861
1522.000000 27.974063 10.551449 -60.095140 -0.431675 0.241177 0.133796 0.858830
1523.000000 28.178771 10.421838 -60.076346 -0.432806 0.239858 0.132800 0.858785
1524.000000 28.319038 9.988852 -60.138161 -0.436026 0.239337 0.131417 0.857513
1525.000000 28.326522 9.232044 -60.309645 -0.441390 0.240111 0.129863 0.854785
1526.000000 28.164380 8.166151 -60.593031 -0.448711 0.242400 0.128308 0.850551
1527.000000 27.882608 6.934262 -60.930332 -0.456987 0.245671 0.126854 0.845409
1528.000000 27.547640 5.713947 -61.262978 -0.465031 0.249257 0.125612 0.840142
1529.000000 27.230510 4.679076 -61.546615 -0.471750 0.252489 0.124681 0.835557
1530.000000 27.009197 3.914864 -61.752219 -0.476697 0.254765 0.123954 0.832160
1531.000000 26.793674 3.254364 -61.939634 -0.480932 0.256879 0.123430 0.829146
1532.000000 26.437890 2.454762 -62.184489 -0.485922 0.260053 0.123160 0.825278
1533.000000 26.103995 1.587766 -62.408710 -0.491329 0.263121 0.122655 0.821169
1534.000000 26.098587 0.872024 -62.479912 -0.496031 0.263847 0.121184 0.818323
1535.000000 26.714285 0.530098 -62.277488 -0.498912 0.260085 0.118082 0.818230
1536.000000 27.612346 0.627657 -61.938419 -0.499167 0.254016 0.114757 0.820450
1537.000000 28.224419 0.929626 -61.713857 -0.497757 0.249664 0.112941 0.822891
1538.000000 28.925700 1.035673 -61.442785 -0.497688 0.244909 0.110310 0.824717
1539.000000 29.809125 0.607112 -61.080359 -0.501302 0.239400 0.105787 0.824738
1540.000000 30.326889 -0.528783 -60.879207 -0.509378 0.236879 0.101378 0.821063
1541.000000 30.319445 -2.101257 -60.901794 -0.519914 0.238188 0.098339 0.814423
1542.000000 30.173055 -3.368038 -60.972031 -0.528192 0.240168 0.096491 0.808716
1543.000000 30.016381 -3.857167 -61.074386 -0.531278 0.241573 0.096215 0.806306
1544.000000 30.161023 -4.173081 -61.035130 -0.533497 0.240820 0.094976 0.805212
1545.000000 30.429337 -5.017511 -60.891479 -0.539305 0.239680 0.092132 0.802007
1546.000000 30.575124 -6.081185 -60.776415 -0.546455 0.239535 0.089394 0.797508
1547.000000 30.809167 -7.034753 -60.611569 -0.552931 0.238717 0.086497 0.793599
1548.000000 30.609864 -7.522751 -60.711364 -0.555950 0.240420 0.086447 0.790977
1549.000000 30.072185 -7.326745 -61.058424 -0.554211 0.243820 0.089215 0.790849
1550.000000 29.845853 -6.416284 -61.323509 -0.548157 0.244585 0.092021 0.794503
1551.000000 30.139761 -5.097578 -61.355484 -0.539823 0.241645 0.093306 0.800933
1552.000000 30.639136 -4.116169 -61.234979 -0.533668 0.237685 0.092900 0.806271
1553.000000 30.968630 -4.236705 -61.115977 -0.534476 0.235763 0.090978 0.806520
1554.000000 30.474938 -5.201423 -61.345260 -0.540173 0.239892 0.091006 0.801488
1555.000000 29.092074 -6.488061 -61.946990 -0.547148 0.249977 0.094241 0.793258
1556.000000 27.427629 -8.431779 -62.524651 -0.557779 0.262220 0.097214 0.781456
1557.000000 25.808073 -11.140409 -62.843513 -0.572810 0.274574 0.098221 0.766061
1558.000000 24.360486 -14.588610 -62.768578 -0.592041 0.286223 0.096706 0.747136
1559.000000 22.851829 -18.625916 -62.318533 -0.614256 0.298421 0.094011 0.724429
1560.000000 21.170712 -22.995499 -61.499681 -0.637773 0.311569 0.091241 0.698459
1561.000000 19.473436 -27.374146 -60.307725 -0.660908 0.324493 0.088480 0.670877
1562.000000 17.922451 -31.465720 -58.826568 0.682263 -0.336104 -0.085720 -0.643586
1563.000000 16.663199 -35.012235 -57.223805 0.700701 -0.345501 -0.082918 -0.618686
1564.000000 15.781904 -37.859778 -55.693738 0.715586 -0.352206 -0.079998 -0.597903
1565.000000 15.260240 -40.035167 -54.356347 0.727100 -0.356430 -0.076879 -0.581698
1566.000000 15.050500 -41.598644 -53.285652 0.735528 -0.358537 -0.073553 -0.570123
1567.000000 15.080902 -42.615368 -52.524272 0.741142 -0.358993 -0.070207 -0.562942
1568.000000 15.288211 -43.138961 -52.091656 0.744164 -0.358195 -0.067092 -0.559834
1569.000000 15.620961 -43.207162 -51.993009 0.744757 -0.356451 -0.064488 -0.560465
1570.000000 16.035186 -42.842031 -52.225108 0.743014 -0.354015 -0.062691 -0.564512
1571.000000 16.490540 -42.051512 -52.779098 0.738964 -0.351113 -0.062005 -0.571671
1572.000000 16.947046 -40.831844 -53.640918 0.732581 -0.347951 -0.062737 -0.581652
1573.000000 17.360661 -39.171488 -54.789856 0.723796 -0.344748 -0.065174 -0.594156
1574.000000 17.680757 -37.055631 -56.196181 0.712502 -0.341744 -0.069572 -0.608861
1575.000000 17.851556 -34.472840 -57.816997 0.698601 -0.339191 -0.076134 -0.625387
1576.000000 18.006945 -31.680257 -59.398887 0.683548 -0.336495 -0.083127 -0.642358
1577.000000 18.439480 -29.156405 -60.600571 0.670073 -0.332432 -0.087507 -0.657901
1578.000000 19.097524 -26.901205 -61.487957 -0.658140 0.327298 0.089801 0.672060
1579.000000 19.890949 -24.844520 -62.153879 -0.647324 0.321513 0.090862 0.685088
1580.000000 20.727276 -22.906082 -62.680116 -0.637139 0.315504 0.091475 0.697240
1581.000000 21.508322 -20.999558 -63.140444 -0.627047 0.309746 0.092347 0.708760
1582.000000 22.130526 -19.035192 -63.602005 -0.616468 0.304765 0.094126 0.719879
1583.000000 22.568639 -17.030602 -64.068650 -0.605456 0.300743 0.096823 0.730481
1584.000000 23.017809 -15.300217 -64.397627 -0.595922 0.296838 0.098731 0.739605
1585.000000 23.701067 -14.199365 -64.454704 -0.590093 0.292061 0.098042 0.746243
1586.000000 24.420548 -13.568632 -64.375341 -0.586992 0.287388 0.096173 0.750732
1587.000000 24.686961 -12.821900 -64.481408 -0.582885 0.285228 0.096708 0.754677
1588.000000 24.688070 -11.833769 -64.725488 -0.577121 0.284447 0.098963 0.759097
1589.000000 24.756401 -10.488527 -64.987164 -0.569261 0.283001 0.101649 0.765192
1590.000000 25.026184 -8.811424 -65.188062 -0.559556 0.280085 0.104119 0.773052
1591.000000 25.050464 -7.257504 -65.424536 -0.550356 0.278678 0.107348 0.779694
1592.000000 24.845164 -6.088499 -65.676278 -0.543253 0.278923 0.110710 0.784106
1593.000000 25.003688 -5.209992 -65.746134 -0.538124 0.277258 0.111871 0.788058
1594.000000 25.641634 -4.991629 -65.570979 -0.537303 0.273274 0.109638 0.790321
1595.000000 26.289787 -4.994959 -65.367155 -0.537855 0.269333 0.106972 0.791662
1596.000000 26.649485 -4.682054 -65.299339 -0.536278 0.266854 0.106204 0.793672
1597.000000 26.653673 -3.821393 -65.409734 -0.531056 0.266115 0.108004 0.797181
1598.000000 26.299716 -2.715382 -65.663439 -0.524012 0.267340 0.111717 0.800912
1599.000000 25.607389 -1.847449 -66.020193 -0.518177 0.270762 0.116269 0.802909
1600.000000 24.801562 -1.573632 -66.386928 -0.515887 0.275337 0.120026 0.802274
1601.000000 24.709817 -1.821475 -66.468068 -0.517311 0.276112 0.119828 0.801120
1602.000000 25.429277 -2.458456 -66.230578 -0.521763 0.272364 0.115659 0.800128
1603.000000 26.000917 -3.231756 -66.031283 -0.526941 0.269568 0.111877 0.798217
1604.000000 25.751227 -3.148246 -66.189640 -0.526195 0.271027 0.113072 0.798046
1605.000000 24.934054 -2.352528 -66.590362 -0.520647 0.275289 0.117909 0.799525
1606.000000 24.024365 -1.459914 -67.003328 -0.514501 0.279914 0.123301 0.801083
1607.000000 23.442505 -1.031106 -67.269498 -0.511467 0.282934 0.126436 0.801476
1608.000000 23.231631 -1.185042 -67.392451 -0.512217 0.284306 0.126885 0.800440
1609.000000 23.351612 -1.767493 -67.391865 -0.515767 0.284147 0.125158 0.798486
1610.000000 24.049041 -2.098768 -67.191774 -0.518372 0.280308 0.121811 0.798674
1611.000000 24.966835 -1.587758 -66.926559 -0.516176 0.274350 0.119417 0.802517
1612.000000 24.372802 -0.710518 -67.216706 -0.510355 0.277150 0.123506 0.804657
1613.000000 23.277522 0.080369 -67.663688 -0.504631 0.282948 0.129317 0.805336
1614.000000 22.555322 0.399366 -67.962005 -0.502086 0.286914 0.132702 0.804972
1615.000000 22.590766 0.237621 -68.003661 -0.503066 0.286859 0.132168 0.804468
1616.000000 23.377455 -0.168835 -67.788005 -0.506187 0.282562 0.128307 0.804655
1617.000000 24.462660 -0.453822 -67.457610 -0.508890 0.276360 0.123657 0.805832
1618.000000 25.333235 -0.254091 -67.193178 -0.508488 0.270974 0.120817 0.808341
1619.000000 25.557308 0.453284 -67.163765 -0.504412 0.269025 0.121404 0.811452
1620.000000 24.607537 0.515429 -67.572305 -0.503182 0.274691 0.125097 0.809755
1621.000000 22.575671 0.145206 -68.333133 -0.503489 0.287074 0.131862 0.804176
1622.000000 21.868938 0.030559 -68.615386 -0.503468 0.291313 0.134174 0.802280
1623.000000 22.378054 0.279056 -68.503702 -0.502492 0.288073 0.132800 0.804289
1624.000000 22.832038 0.224634 -68.408364 -0.503229 0.285455 0.131015 0.805054
1625.000000 22.684004 0.240967 -68.513062 -0.502999 0.286327 0.131600 0.804792
1626.000000 22.132067 0.807558 -68.745398 -0.499142 0.289054 0.134818 0.805686
1627.000000 21.317603 1.084813 -69.054186 -0.496711 0.293561 0.138361 0.804957
1628.000000 21.141746 1.076779 -69.162333 -0.496564 0.294585 0.138963 0.804570
1629.000000 22.108172 1.096534 -68.913689 -0.497413 0.288923 0.135515 0.806684
1630.000000 23.125740 1.713645 -68.621638 -0.494772 0.282358 0.133110 0.811022
1631.000000 23.886819 1.865004 -68.411864 -0.494581 0.277721 0.130661 0.813135
1632.000000 25.053967 1.672085 -68.054470 -0.496827 0.270957 0.126043 0.814775
1633.000000 25.327832 1.592639 -68.009219 -0.497570 0.269376 0.124900 0.815022
1634.000000 25.342869 2.135102 -68.040725 -0.494342 0.268735 0.125916 0.817039
1635.000000 25.725877 2.515806 -67.937129 -0.492405 0.266054 0.125274 0.819182
1636.000000 26.399048 2.201269 -67.745210 -0.494916 0.262305 0.122205 0.819341
1637.000000 27.188551 1.993334 -67.493024 -0.496889 0.257704 0.118891 0.820094
1638.000000 27.093791 1.895324 -67.588725 -0.497403 0.258361 0.119065 0.819551
1639.000000 26.571188 1.696472 -67.856731 -0.498127 0.261707 0.120623 0.817820
1640.000000 26.276596 1.376769 -68.033805 -0.499775 0.263773 0.121090 0.816080
1641.000000 26.614500 1.554904 -67.952594 -0.499018 0.261569 0.120196 0.817383
1642.000000 26.384908 1.922251 -68.086499 -0.496618 0.262610 0.121734 0.818283
1643.000000 26.272698 1.916848 -68.185225 -0.496558 0.263295 0.122137 0.818040
1644.000000 26.406306 1.651884 -68.194791 -0.498267 0.262723 0.121134 0.817333
1645.000000 26.466444 1.548012 -68.228694 -0.498946 0.262455 0.120714 0.817067
1646.000000 26.322752 1.597856 -68.337968 -0.498518 0.263274 0.121335 0.816973
1647.000000 26.436385 1.640925 -68.347809 -0.498355 0.262557 0.121003 0.817352
1648.000000 27.175329 1.414225 -68.117725 -0.500353 0.258333 0.117872 0.817935
1649.000000 27.571354 1.466948 -68.012946 -0.500366 0.255922 0.116521 0.818878
1650.000000 28.371313 1.558262 -67.736885 -0.500488 0.251026 0.113751 0.820706
1651.000000 29.199399 1.643555 -67.437472 -0.500661 0.245929 0.110848 0.822539
1652.000000 29.679724 1.749305 -67.279295 -0.500415 0.242905 0.109251 0.823800
1653.000000 29.731319 1.957861 -67.304556 -0.499198 0.242409 0.109422 0.824661
1654.000000 29.718796 2.075448 -67.360511 -0.498469 0.242379 0.109676 0.825077
1655.000000 29.779739 2.024993 -67.388132 -0.498832 0.242024 0.109346 0.825006
1656.000000 30.085744 1.852269 -67.310278 -0.500136 0.240268 0.107889 0.824921
1657.000000 30.769506 1.627508 -67.060865 -0.502054 0.236238 0.104948 0.825299
1658.000000 31.199772 1.910032 -66.910658 -0.500628 0.233387 0.103852 0.827114
1659.000000 31.082869 1.776257 -67.025756 -0.501346 0.234246 0.104075 0.826407
1660.000000 30.926530 1.722343 -67.156138 -0.501552 0.235278 0.104577 0.825926
1661.000000 30.830399 1.576054 -67.258891 -0.502386 0.235987 0.104678 0.825204
1662.000000 30.535087 1.031485 -67.455969 -0.505509 0.238186 0.104801 0.822645
1663.000000 30.963965 0.823687 -67.315506 -0.507117 0.235694 0.102816 0.822623
1664.000000 31.669949 0.874699 -67.040736 -0.507349 0.231324 0.100255 0.824036
1665.000000 32.008306 0.685921 -66.936909 -0.508760 0.229377 0.098648 0.823904
1666.000000 31.974601 0.623740 -67.008060 -0.509109 0.229630 0.098657 0.823617
1667.000000 31.577298 1.060393 -67.245773 -0.506136 0.231769 0.100907 0.824577
1668.000000 31.317893 1.167944 -67.420055 -0.505272 0.233281 0.102072 0.824537
1669.000000 31.629725 1.112670 -67.330320 -0.505828 0.231412 0.100808 0.824878
1670.000000 31.673671 1.010132 -67.367016 -0.506499 0.231229 0.100477 0.824559
1671.000000 31.751783 1.201578 -67.382462 -0.505396 0.230617 0.100516 0.825401
1672.000000 32.373350 1.627961 -67.131553 -0.503217 0.226487 0.098889 0.828068
1673.000000 32.538310 1.296106 -67.113164 -0.505373 0.225711 0.097700 0.827108
1674.000000 32.546951 0.718734 -67.171915 -0.508932 0.226072 0.096690 0.824943
1675.000000 33.119861 0.958639 -66.943037 -0.507881 0.222361 0.094933 0.826801
1676.000000 33.521666 1.545336 -66.786308 -0.504522 0.219454 0.094380 0.829693
1677.000000 33.452763 1.525799 -66.875630 -0.504588 0.219892 0.094603 0.829511
1678.000000 33.445382 1.175186 -66.941596 -0.506755 0.220199 0.094047 0.828171
1679.000000 33.756367 1.203294 -66.840479 -0.506810 0.218264 0.092915 0.828777
1680.000000 33.790609 1.650293 -66.868169 -0.504055 0.217735 0.093508 0.830528
1681.000000 33.753862 1.865948 -66.935075 -0.502669 0.217815 0.093994 0.831292
1682.000000 33.879335 2.128069 -66.919369 -0.501122 0.216861 0.093949 0.832479
1683.000000 34.382851 2.539029 -66.702557 -0.498918 0.213443 0.092712 0.834821
1684.000000 34.967138 2.850018 -66.439547 -0.497372 0.209557 0.091002 0.836914
1685.000000 35.068060 3.000574 -66.434977 -0.496495 0.208816 0.090882 0.837633
1686.000000 34.758970 2.676165 -66.666135 -0.498320 0.210979 0.091544 0.835933
1687.000000 34.458157 2.855966 -66.868810 -0.496974 0.212733 0.092948 0.836135
1688.000000 34.360643 3.591336 -66.937119 -0.492298 0.212818 0.094465 0.838706
1689.000000 34.533955 3.914052 -66.883166 -0.490396 0.211496 0.094314 0.840170
1690.000000 35.048174 3.518623 -66.691414 -0.493238 0.208536 0.091789 0.839526
1691.000000 35.397708 3.710321 -66.552846 -0.492291 0.206214 0.090821 0.840760
1692.000000 35.417992 4.323083 -66.562326 -0.488442 0.205686 0.091728 0.843033
1693.000000 35.256762 4.918283 -66.662256 -0.484561 0.206297 0.093258 0.844953
1694.000000 35.019526 5.187426 -66.820058 -0.482700 0.207592 0.094526 0.845560
1695.000000 34.717094 5.701578 -66.989031 -0.479253 0.209125 0.096391 0.846931
1696.000000 34.929800 6.355939 -66.872980 -0.475244 0.207302 0.096632 0.849606
1697.000000 35.310890 6.719496 -66.691042 -0.473178 0.204608 0.095843 0.851500
1698.000000 35.388254 7.076789 -66.667590 -0.470953 0.203842 0.096135 0.852883
1699.000000 35.006410 7.671395 -66.858092 -0.466907 0.205837 0.098402 0.854369
1700.000000 34.619302 8.461140 -67.019616 -0.461586 0.207717 0.100988 0.856500
1701.000000 34.188213 8.980397 -67.228523 -0.457959 0.210072 0.103290 0.857598
1702.000000 34.140540 9.047187 -67.298999 -0.457496 0.210336 0.103549 0.857749
1703.000000 34.070844 9.238464 -67.363189 -0.456211 0.210642 0.104076 0.858295
1704.000000 33.805357 10.021750 -67.439401 -0.450993 0.211733 0.106178 0.860523
1705.000000 33.750613 10.589007 -67.434640 -0.447316 0.211645 0.107226 0.862332
1706.000000 34.112200 10.967988 -67.246811 -0.445153 0.209043 0.106611 0.864161
1707.000000 34.695339 11.589241 -66.897453 -0.441605 0.204781 0.105643 0.867115
1708.000000 34.936655 12.158126 -66.725385 -0.438123 0.202746 0.105737 0.869346
1709.000000 34.398879 12.813939 -66.937417 -0.433455 0.205707 0.108528 0.870645
1710.000000 33.973124 13.668080 -67.041063 -0.427553 0.207775 0.111230 0.872729
1711.000000 34.024168 14.105695 -66.978451 -0.424736 0.207083 0.111716 0.874206
1712.000000 33.875990 14.257190 -67.073963 -0.423614 0.207908 0.112390 0.874468
1713.000000 34.146093 14.521503 -66.933722 -0.422094 0.205925 0.111926 0.875731
1714.000000 34.826401 15.160083 -66.496520 -0.418451 0.200946 0.110772 0.878777
1715.000000 34.907122 15.690063 -66.387315 -0.415012 0.199979 0.111347 0.880554
1716.000000 34.257425 16.355567 -66.620020 -0.410080 0.203699 0.114406 0.881619
1717.000000 33.579705 16.555884 -66.970091 -0.408214 0.207978 0.116812 0.881171
1718.000000 33.513125 16.448782 -67.083193 -0.408855 0.208505 0.116816 0.880748
1719.000000 33.921978 16.606254 -66.890292 -0.408144 0.205667 0.115776 0.881882
1720.000000 34.408835 16.629547 -66.689817 -0.408388 0.202437 0.114325 0.882705
1721.000000 34.744185 16.654379 -66.565810 -0.408505 0.200210 0.113357 0.883284
1722.000000 34.786488 17.097795 -66.487233 -0.405604 0.199561 0.113903 0.884696
1723.000000 34.031951 17.563967 -66.810499 -0.401887 0.204151 0.116902 0.884954
1724.000000 33.154768 17.618209 -67.290423 -0.400766 0.209878 0.119623 0.883758
1725.000000 33.518368 17.548076 -67.182400 -0.401533 0.207554 0.118408 0.884122
1726.000000 34.320601 17.576296 -66.822634 -0.402051 0.202222 0.116034 0.885436
1727.000000 34.505690 17.875108 -66.702663 -0.400229 0.200733 0.115931 0.886613
1728.000000 34.180882 18.274233 -66.818011 -0.397294 0.202559 0.117522 0.887308
1729.000000 34.450321 18.266490 -66.737508 -0.397569 0.200800 0.116712 0.887692
1730.000000 34.674842 18.244382 -66.680779 -0.397905 0.199315 0.116000 0.887969
1731.000000 34.622941 18.042293 -66.815879 -0.399205 0.199815 0.115847 0.887293
1732.000000 34.315400 17.913186 -67.063686 -0.399790 0.201965 0.116574 0.886447
1733.000000 34.681938 17.827152 -66.953533 -0.400676 0.199623 0.115361 0.886736
1734.000000 35.252952 17.780859 -66.721295 -0.401475 0.195865 0.113579 0.887443
1735.000000 35.002444 17.880266 -66.880266 -0.400603 0.197434 0.114468 0.887375
1736.000000 34.513598 17.742837 -67.224858 -0.401112 0.200777 0.115720 0.886232
1737.000000 34.702310 17.551679 -67.234212 -0.402537 0.199716 0.114879 0.885935
1738.000000 35.206404 17.389722 -67.069156 -0.404036 0.196530 0.113136 0.886189
1739.000000 34.916099 17.404838 -67.270644 -0.403682 0.198426 0.114024 0.885814
1740.000000 34.623899 17.445879 -67.465106 -0.403152 0.200310 0.114966 0.885510
1741.000000 34.822240 17.539078 -67.394187 -0.402715 0.198931 0.114521 0.886077
1742.000000 35.431920 17.587967 -67.117507 -0.402900 0.194877 0.112752 0.887120
1743.000000 35.627214 17.380528 -67.122345 -0.404434 0.193756 0.111855 0.886781
1744.000000 35.411036 16.766387 -67.447833 -0.408296 0.195696 0.111632 0.884611
1745.000000 35.548120 16.197180 -67.569528 -0.412136 0.195262 0.110403 0.883078
1746.000000 35.946514 16.161333 -67.420906 -0.412711 0.192662 0.109140 0.883538
1747.000000 36.107681 15.942428 -67.440849 -0.414270 0.191776 0.108331 0.883101
1748.000000 36.057211 15.645321 -67.592247 -0.416168 0.192349 0.108062 0.882116
1749.000000 36.258801 15.069179 -67.671308 -0.420095 0.191505 0.106622 0.880612
1750.000000 36.492589 14.552647 -67.713726 -0.423640 0.190391 0.105167 0.879330
1751.000000 36.488167 14.428732 -67.796570 -0.424425 0.190512 0.105006 0.878944
1752.000000 36.515110 14.156563 -67.893592 -0.426208 0.190541 0.104538 0.878130
1753.000000 36.544953 13.616277 -68.042630 -0.429720 0.190761 0.103687 0.876470
1754.000000 36.688628 13.461792 -68.051596 -0.430833 0.189958 0.103022 0.876177
1755.000000 36.867626 13.287109 -68.043940 -0.432097 0.188937 0.102211 0.875870
1756.000000 37.021029 12.756934 -68.116116 -0.435613 0.188339 0.100987 0.874398
1757.000000 36.925450 12.482287 -68.272882 -0.437292 0.189151 0.100911 0.873392
1758.000000 37.035960 12.207233 -68.318273 -0.439145 0.188651 0.100182 0.872654
1759.000000 37.250531 11.990437 -68.295491 -0.440695 0.187444 0.099198 0.872246
1760.000000 37.449377 11.609602 -68.307056 -0.443268 0.186446 0.098036 0.871286
1761.000000 37.520203 11.220028 -68.387424 -0.445801 0.186265 0.097273 0.870118
1762.000000 37.673783 10.808966 -68.424206 -0.448521 0.185581 0.096220 0.868982
1763.000000 37.851465 10.955086 -68.357570 -0.447719 0.184347 0.095838 0.869700
1764.000000 38.257921 10.485461 -68.259998 -0.450989 0.182093 0.093870 0.868700
1765.000000 38.212476 10.089806 -68.399514 -0.453474 0.182654 0.093483 0.867329
1766.000000 38.070693 9.913760 -68.558597 -0.454486 0.183671 0.093713 0.866560
1767.000000 38.218246 9.692633 -68.562344 -0.455984 0.182882 0.092928 0.866024
1768.000000 38.334853 9.378614 -68.595658 -0.458035 0.182358 0.092129 0.865137
1769.000000 38.509214 9.134944 -68.585243 -0.459705 0.181415 0.091216 0.864546
1770.000000 38.452351 9.203124 -68.663427 -0.459237 0.181737 0.091496 0.864697
1771.000000 38.418143 8.878747 -68.780385 -0.461248 0.182174 0.091185 0.863568
1772.000000 38.340179 8.473237 -68.929647 -0.463734 0.182929 0.090913 0.862104
1773.000000 38.438243 7.987761 -68.987530 -0.466839 0.182627 0.089944 0.860592
1774.000000 38.455234 8.132408 -69.015668 -0.465954 0.182421 0.090079 0.861101
1775.000000 38.804911 7.950246 -68.895698 -0.467312 0.180355 0.088660 0.860948
1776.000000 38.957339 7.415593 -68.924264 -0.470748 0.179748 0.087444 0.859326
1777.000000 39.099994 7.091169 -68.932728 -0.472865 0.179067 0.086535 0.858397
1778.000000 39.113919 7.076288 -68.981326 -0.472965 0.178992 0.086469 0.858364
1779.000000 39.293691 6.838823 -68.957413 -0.474554 0.178016 0.085545 0.857782
1780.000000 39.425994 6.370769 -68.980855 -0.477545 0.177476 0.084482 0.856339
1781.000000 39.597337 6.281575 -68.946041 -0.478211 0.176471 0.083774 0.856245
1782.000000 39.707731 6.227169 -68.942213 -0.478612 0.175820 0.083319 0.856199
1783.000000 39.713598 6.087015 -69.006261 -0.479475 0.175872 0.083121 0.855724
1784.000000 39.554948 5.633902 -69.189885 -0.482184 0.177122 0.083089 0.853945
1785.000000 39.614954 5.357715 -69.232193 -0.483929 0.176915 0.082527 0.853055
1786.000000 40.048733 5.397289 -69.033730 -0.483942 0.174208 0.081065 0.853745
1787.000000 40.039761 5.272730 -69.103528 -0.484701 0.174341 0.080938 0.853299
1788.000000 39.978336 4.977469 -69.216141 -0.486481 0.174900 0.080784 0.852186
1789.000000 40.147614 4.881581 -69.180620 -0.487179 0.173921 0.080071 0.852054
1790.000000 40.355036 4.759931 -69.122638 -0.488053 0.172709 0.079184 0.851884
1791.000000 40.359014 4.749937 -69.174358 -0.488116 0.172676 0.079149 0.851857
1792.000000 40.435579 4.432196 -69.206092 -0.490110 0.172391 0.078485 0.850831
1793.000000 40.672662 4.250936 -69.134198 -0.491356 0.171045 0.077426 0.850481
1794.000000 40.908977 4.170316 -69.053173 -0.491985 0.169627 0.076481 0.850487
1795.000000 40.832495 4.216878 -69.149923 -0.491655 0.170070 0.076803 0.850560
1796.000000 40.294578 3.922930 -69.536644 -0.493138 0.173536 0.078345 0.848860
1797.000000 40.261094 3.927792 -69.610634 -0.493096 0.173738 0.078468 0.848831
1798.000000 40.475873 4.098788 -69.530490 -0.492170 0.172331 0.077914 0.849706
1799.000000 40.153933 3.873598 -69.784280 -0.493372 0.174417 0.078771 0.848503
1800.000000 39.971258 3.582544 -69.959045 -0.495032 0.175687 0.079052 0.847248
1801.000000 40.219075 3.177225 -69.892422 -0.497637 0.174420 0.077679 0.846109
1802.000000 40.737978 3.426869 -69.634707 -0.496406 0.171132 0.076154 0.847641
1803.000000 41.058421 3.427725 -69.500936 -0.496559 0.169180 0.075014 0.848045
1804.000000 41.180659 3.329212 -69.489044 -0.497234 0.168495 0.074464 0.847834
1805.000000 41.183332 2.755903 -69.567972 -0.500745 0.168785 0.073768 0.845768
1806.000000 41.763408 2.685812 -69.278364 -0.501484 0.165277 0.071593 0.846210
1807.000000 42.365439 2.387691 -68.975923 -0.503607 0.161726 0.069047 0.845847
1808.000000 42.764778 1.820800 -68.800415 -0.507275 0.159546 0.066920 0.844239
1809.000000 43.056514 1.608313 -68.678801 -0.508720 0.157864 0.065596 0.843789
1810.000000 43.006819 1.615646 -68.765665 -0.508649 0.158189 0.065777 0.843757
1811.000000 42.878748 1.838630 -68.894388 -0.507216 0.158869 0.066498 0.844435
1812.000000 42.569186 1.648756 -69.144340 -0.508225 0.160841 0.067410 0.843382
1813.000000 42.377691 1.171542 -69.325247 -0.511039 0.162229 0.067551 0.841403
1814.000000 42.510625 0.988750 -69.301509 -0.512220 0.161510 0.066849 0.840878
1815.000000 42.894055 1.266907 -69.116662 -0.510717 0.159058 0.065767 0.842344
1816.000000 42.939888 1.267326 -69.143555 -0.510718 0.158787 0.065603 0.842407
1817.000000 42.645812 0.958922 -69.385101 -0.512439 0.160724 0.066334 0.840936
1818.000000 42.342504 0.972124 -69.625192 -0.512223 0.162553 0.067467 0.840626
1819.000000 42.399968 1.251347 -69.640028 -0.510575 0.162065 0.067579 0.841713
1820.000000 42.816549 1.258675 -69.438530 -0.510721 0.159538 0.066043 0.842229
1821.000000 43.035592 0.756669 -69.364530 -0.513865 0.158441 0.064656 0.840630
1822.000000 43.161246 0.218918 -69.345358 -0.517187 0.157932 0.063580 0.838769
1823.000000 43.271130 0.733931 -69.328839 -0.514118 0.157036 0.063764 0.840807
1824.000000 43.317920 1.055590 -69.350395 -0.512179 0.156606 0.063956 0.842055
1825.000000 43.183150 0.774757 -69.492580 -0.513819 0.157550 0.064135 0.840865
1826.000000 42.821983 0.446729 -69.772956 -0.515636 0.159878 0.065094 0.839239
1827.000000 42.869598 0.564871 -69.797224 -0.514961 0.159535 0.065048 0.839722
1828.000000 43.178158 0.732299 -69.659711 -0.514074 0.157598 0.064098 0.840704
1829.000000 43.390182 0.336904 -69.585362 -0.516548 0.156495 0.062869 0.839485
1830.000000 43.473101 0.155542 -69.589217 -0.517688 0.156077 0.062359 0.838898
1831.000000 43.632521 0.386873 -69.544739 -0.516372 0.155028 0.062033 0.839927
1832.000000 43.802484 0.591263 -69.491609 -0.515210 0.153916 0.061629 0.840875
1833.000000 43.822266 -0.283484 -69.535340 -0.520485 0.154179 0.060582 0.837648
1834.000000 43.833522 -0.554738 -69.580752 -0.522118 0.154229 0.060226 0.836647
1835.000000 43.885131 -0.335232 -69.604035 -0.520827 0.153818 0.060278 0.837523
1836.000000 43.738343 -0.263479 -69.750696 -0.520351 0.154643 0.060934 0.837620
1837.000000 42.612760 -0.511778 -70.495979 -0.521373 0.161425 0.064879 0.835406
1838.000000 41.188699 -0.779711 -71.388543 -0.522381 0.169851 0.069899 0.832696
1839.000000 39.340236 -0.412211 -72.479306 -0.519495 0.180201 0.077243 0.831677
1840.000000 36.619802 0.157990 -73.944064 -0.514954 0.195115 0.087842 0.830082
1841.000000 32.315826 0.632238 -75.973725 -0.509829 0.218372 0.103477 0.825640
1842.000000 25.941260 1.498547 -78.421435 -0.500724 0.251457 0.125940 0.818648
1843.000000 19.390897 2.911014 -80.306882 -0.488097 0.283568 0.149105 0.811861
1844.000000 12.556458 3.823296 -81.670439 -0.476966 0.316495 0.171372 0.801851
1845.000000 5.670643 4.620324 -82.447609 -0.465506 0.348928 0.192802 0.790177
1846.000000 -0.673521 5.658619 -82.628723 -0.452759 0.377826 0.212701 0.779112
1847.000000 -6.091711 6.827117 -82.372467 -0.439954 0.401774 0.230092 0.769465
