0.000000 0.000000 0.000000 -0.000000 -0.000000 0.000000 0.000000 1.000000
1.000000 -0.037837 -0.000623 -0.059950 -0.004254 0.069537 -0.000317 0.997570
2.000000 -0.039334 -0.002470 -0.102476 -0.009709 0.140835 -0.000868 0.989985
3.000000 -0.038309 -0.006160 -0.145998 -0.015448 0.209518 -0.001639 0.977681
4.000000 -0.046249 -0.009777 -0.191049 -0.020624 0.271476 -0.002328 0.962221
5.000000 -0.059587 -0.011877 -0.236213 -0.025063 0.325250 -0.002606 0.945292
6.000000 -0.078021 -0.012993 -0.281239 -0.029132 0.371859 -0.002368 0.927829
7.000000 -0.083687 -0.014677 -0.330742 -0.034261 0.387252 -0.003320 0.921331
8.000000 -0.082455 -0.017547 -0.382616 -0.039994 0.389283 -0.005183 0.920235
9.000000 -0.082089 -0.021100 -0.434765 -0.044946 0.389571 -0.007010 0.919872
10.000000 -0.080711 -0.024200 -0.487421 -0.048123 0.386982 -0.008351 0.920793
11.000000 -0.077446 -0.026641 -0.540389 -0.050086 0.382750 -0.009352 0.922446
12.000000 -0.072975 -0.028664 -0.593414 -0.051434 0.378166 -0.010176 0.924252
13.000000 -0.068879 -0.030826 -0.646257 -0.052776 0.374508 -0.010959 0.925656
14.000000 -0.067260 -0.033919 -0.698714 -0.054701 0.373013 -0.011833 0.926137
15.000000 -0.068539 -0.036167 -0.750909 -0.056035 0.373559 -0.012329 0.925830
16.000000 -0.070256 -0.026228 -0.803544 -0.050380 0.374463 -0.009962 0.925818
17.000000 -0.073707 -0.012301 -0.855912 -0.043491 0.376334 -0.007017 0.925436
18.000000 -0.079224 0.003462 -0.907829 -0.036708 0.379199 -0.004038 0.924578
19.000000 -0.086582 0.021344 -0.959249 -0.029897 0.382828 -0.000995 0.923335
20.000000 -0.095636 0.040144 -1.010148 -0.022920 0.386985 0.002132 0.921799
21.000000 -0.106674 0.053242 -1.060800 -0.015637 0.391432 0.005364 0.920059
22.000000 -0.118024 0.067679 -1.111140 -0.007917 0.395930 0.008737 0.918205
23.000000 -0.128980 0.085503 -1.161073 0.000355 0.400237 0.012322 0.916329
24.000000 -0.139043 0.107112 -1.210537 0.009287 0.404111 0.016195 0.914520
25.000000 -0.148106 0.129295 -1.259763 0.017664 0.407518 0.019837 0.912811
26.000000 -0.157417 0.134650 -1.310531 0.019535 0.411033 0.020564 0.911179
27.000000 -0.163535 0.138384 -1.361824 0.020743 0.413343 0.020975 0.910097
28.000000 -0.165401 0.144705 -1.413343 0.022728 0.414152 0.021770 0.909663
29.000000 -0.162683 0.153785 -1.465067 0.025474 0.413459 0.022985 0.909876
30.000000 -0.155047 0.165803 -1.516919 0.028972 0.411257 0.024640 0.910725
31.000000 -0.142270 0.180620 -1.568783 0.033134 0.407578 0.026675 0.912179
32.000000 -0.126847 0.190759 -1.621165 0.035840 0.403271 0.028084 0.913947
33.000000 -0.111699 0.190229 -1.674528 0.035632 0.399201 0.028208 0.915736
34.000000 -0.097897 0.180460 -1.728574 0.033181 0.395575 0.027350 0.917426
35.000000 -0.086529 0.163387 -1.782896 0.029214 0.392572 0.025820 0.918895
36.000000 -0.078746 0.141342 -1.837100 0.024452 0.390372 0.023910 0.920022
37.000000 -0.074934 0.119342 -1.890906 0.019618 0.389166 0.021906 0.920698
38.000000 -0.075416 0.100953 -1.944266 0.015187 0.389118 0.020011 0.920845
39.000000 -0.080855 0.085076 -1.997266 0.011066 0.390309 0.018214 0.920437
40.000000 -0.091889 0.070153 -2.049914 0.007080 0.392802 0.016465 0.919448
41.000000 -0.108998 0.054995 -2.102112 0.003158 0.396617 0.014735 0.917860
42.000000 -0.129067 0.048012 -2.153686 0.001271 0.400974 0.013883 0.915983
43.000000 -0.148673 0.055529 -2.204708 0.002701 0.405109 0.014498 0.914149
44.000000 -0.167037 0.074562 -2.255241 0.006606 0.408869 0.016226 0.912425
45.000000 -0.183413 0.101540 -2.305290 0.012089 0.412115 0.018674 0.910860
46.000000 -0.196998 0.132529 -2.354958 0.018265 0.414714 0.021442 0.909516
47.000000 -0.206923 0.163240 -2.404541 0.024258 0.416542 0.024125 0.908473
48.000000 -0.212463 0.190289 -2.454440 0.029431 0.417515 0.026439 0.907808
49.000000 -0.213355 0.213060 -2.504869 0.033694 0.417629 0.028361 0.907549
50.000000 -0.209405 0.231352 -2.555961 0.037041 0.416891 0.029907 0.907709
51.000000 -0.200418 0.244967 -2.607793 0.039467 0.415304 0.031088 0.908294
52.000000 -0.186192 0.253706 -2.660386 0.040968 0.412869 0.031911 0.909309
53.000000 -0.166415 0.257361 -2.713707 0.041543 0.409568 0.032378 0.910758
54.000000 -0.140254 0.255689 -2.767688 0.041181 0.405297 0.032490 0.912679
55.000000 -0.107571 0.248954 -2.822094 0.039960 0.400065 0.032280 0.915046
56.000000 -0.071520 0.239388 -2.876387 0.038282 0.394393 0.031896 0.917590
57.000000 -0.036268 0.229846 -2.930159 0.036622 0.388925 0.031511 0.920002
58.000000 -0.006330 0.223409 -2.983237 0.035463 0.384312 0.031289 0.921991
59.000000 0.013365 0.223381 -3.035625 0.035294 0.381215 0.031382 0.923279
60.000000 0.018051 0.232616 -3.087372 0.036517 0.380249 0.031915 0.923612
61.000000 0.009898 0.242234 -3.139155 0.037796 0.381109 0.032367 0.923190
62.000000 -0.005566 0.240540 -3.191748 0.037470 0.383057 0.032101 0.922406
63.000000 -0.027385 0.228671 -3.244875 0.035838 0.385987 0.031239 0.921278
64.000000 -0.055608 0.209143 -3.298074 0.033380 0.389928 0.029967 0.919752
65.000000 -0.089484 0.184163 -3.350910 0.030481 0.394794 0.028456 0.917823
66.000000 -0.125434 0.155735 -3.403253 0.027190 0.399983 0.026772 0.915728
67.000000 -0.159239 0.125710 -3.455231 0.023488 0.404786 0.024949 0.913769
68.000000 -0.185652 0.093933 -3.507169 0.019390 0.408508 0.023002 0.912259
69.000000 -0.201278 0.065070 -3.559293 0.015564 0.410729 0.021216 0.911378
70.000000 -0.205301 0.050187 -3.611709 0.013450 0.411366 0.020231 0.911147
71.000000 -0.201597 0.067567 -3.664106 0.015315 0.410903 0.021050 0.911307
72.000000 -0.187316 0.115732 -3.716193 0.020852 0.409010 0.023544 0.911988
73.000000 -0.159042 0.179428 -3.767575 0.028106 0.405338 0.026846 0.913340
74.000000 -0.123317 0.249796 -3.817465 0.036111 0.400768 0.030505 0.914959
75.000000 -0.087428 0.317922 -3.865720 0.044028 0.396275 0.034159 0.916439
76.000000 -0.055357 0.384037 -3.912313 0.052014 0.392326 0.037877 0.917573
77.000000 -0.028952 0.456847 -3.956661 0.060822 0.388920 0.041951 0.918304
78.000000 -0.000067 0.506879 -4.002610 0.066791 0.385200 0.044846 0.919320
79.000000 0.043849 0.481501 -4.057461 0.063934 0.380176 0.044114 0.921647
80.000000 0.087039 0.400957 -4.117503 0.054841 0.375642 0.040799 0.924241
81.000000 0.114656 0.290321 -4.178129 0.042661 0.373093 0.036118 0.926109
82.000000 0.125431 0.163424 -4.236759 0.029181 0.372479 0.030766 0.927071
83.000000 0.119098 0.036556 -4.291984 0.015804 0.373551 0.025307 0.927130
84.000000 0.101245 -0.078813 -4.343861 0.003100 0.375495 0.020056 0.926602
85.000000 0.082394 -0.182887 -4.393121 -0.008522 0.377461 0.015275 0.925860
86.000000 0.067918 -0.285273 -4.439984 -0.019624 0.379122 0.010750 0.925076
87.000000 0.055710 -0.396238 -4.483828 -0.031308 0.380578 0.005997 0.924199
88.000000 0.033785 -0.484327 -4.527713 -0.040375 0.382952 0.002314 0.922882
89.000000 -0.009394 -0.499632 -4.578531 -0.041875 0.387390 0.001811 0.920962
90.000000 -0.049646 -0.482724 -4.632450 -0.040159 0.391443 0.002724 0.919322
91.000000 -0.068962 -0.474589 -4.685417 -0.039365 0.393364 0.003218 0.918534
92.000000 -0.078633 -0.472596 -4.737851 -0.039179 0.394319 0.003400 0.918132
93.000000 -0.085970 -0.472762 -4.790101 -0.039193 0.395037 0.003452 0.917822
94.000000 -0.091156 -0.475002 -4.842185 -0.039396 0.395542 0.003387 0.917596
95.000000 -0.094122 -0.479363 -4.894106 -0.039797 0.395833 0.003225 0.917454
96.000000 -0.094814 -0.485891 -4.945860 -0.040396 0.395909 0.002970 0.917396
97.000000 -0.093187 -0.494630 -4.997438 -0.041195 0.395771 0.002621 0.917421
98.000000 -0.089191 -0.505625 -5.048824 -0.042192 0.395418 0.002179 0.917529
99.000000 -0.082778 -0.518921 -5.099997 -0.043388 0.394850 0.001641 0.917719
100.000000 -0.073902 -0.534561 -5.150930 -0.044783 0.394067 0.001009 0.917989
101.000000 -0.062717 -0.552385 -5.201606 -0.046357 0.393086 0.000289 0.918332
102.000000 -0.050150 -0.571456 -5.252086 -0.048026 0.391990 -0.000477 0.918715
103.000000 -0.037341 -0.590619 -5.302469 -0.049689 0.390879 -0.001243 0.919099
104.000000 -0.025475 -0.608676 -5.352884 -0.051244 0.389854 -0.001960 0.919448
105.000000 -0.015730 -0.624435 -5.403476 -0.052596 0.389011 -0.002582 0.919727
106.000000 -0.008812 -0.637195 -5.454354 -0.053693 0.388405 -0.003083 0.919918
107.000000 -0.005091 -0.646602 -5.505593 -0.054505 0.388066 -0.003448 0.920012
108.000000 -0.004933 -0.652309 -5.557261 -0.055005 0.388026 -0.003662 0.919998
109.000000 -0.008717 -0.653955 -5.609413 -0.055164 0.388315 -0.003711 0.919867
110.000000 -0.016842 -0.651159 -5.662087 -0.054956 0.388963 -0.003581 0.919606
111.000000 -0.029547 -0.643703 -5.715270 -0.054368 0.389983 -0.003266 0.919210
112.000000 -0.046272 -0.632178 -5.768838 -0.053458 0.391319 -0.002794 0.918697
113.000000 -0.066234 -0.617396 -5.822643 -0.052298 0.392900 -0.002199 0.918090
114.000000 -0.088620 -0.600204 -5.876544 -0.050959 0.394655 -0.001516 0.917414
115.000000 -0.112640 -0.581424 -5.930423 -0.049508 0.396520 -0.000779 0.916690
116.000000 -0.138014 -0.561348 -5.984223 -0.047971 0.398469 -0.000000 0.915927
117.000000 -0.164760 -0.539959 -6.037916 -0.046348 0.400502 0.000821 0.915123
118.000000 -0.192902 -0.517234 -6.091471 -0.044637 0.402619 0.001684 0.914277
119.000000 -0.222464 -0.493152 -6.144857 -0.042838 0.404819 0.002587 0.913389
120.000000 -0.253466 -0.467690 -6.198040 -0.040951 0.407103 0.003529 0.912457
121.000000 -0.285929 -0.440829 -6.250987 -0.038976 0.409469 0.004513 0.911480
122.000000 -0.314572 -0.416274 -6.303681 -0.037185 0.411537 0.005402 0.910618
123.000000 -0.327147 -0.402422 -6.356323 -0.036178 0.412442 0.005888 0.910246
124.000000 -0.324113 -0.398515 -6.409099 -0.035883 0.412248 0.006012 0.910345
125.000000 -0.306653 -0.403265 -6.462025 -0.036193 0.411067 0.005830 0.910868
126.000000 -0.275998 -0.415334 -6.514993 -0.036998 0.409007 0.005399 0.911765
127.000000 -0.233866 -0.433026 -6.567825 -0.038189 0.406174 0.004772 0.912985
128.000000 -0.182584 -0.454224 -6.620345 -0.039656 0.402675 0.003997 0.914475
129.000000 -0.123464 -0.477528 -6.672395 -0.041286 0.398617 0.003123 0.916183
130.000000 -0.057822 -0.501529 -6.723854 -0.042969 0.394107 0.002197 0.918057
131.000000 0.012968 -0.524765 -6.774660 -0.044595 0.389255 0.001274 0.920049
132.000000 0.081756 -0.541691 -6.825212 -0.045784 0.384558 0.000545 0.921964
133.000000 0.133867 -0.541668 -6.876773 -0.045822 0.381010 0.000351 0.923435
134.000000 0.168325 -0.523916 -6.929784 -0.044672 0.378664 0.000705 0.924455
135.000000 0.184872 -0.488157 -6.984369 -0.042333 0.377523 0.001604 0.925031
136.000000 0.185151 -0.437866 -7.040086 -0.039053 0.377458 0.002941 0.925198
137.000000 0.174847 -0.386834 -7.095731 -0.035744 0.378085 0.004325 0.925070
138.000000 0.155878 -0.338938 -7.151020 -0.032648 0.379273 0.005647 0.924692
139.000000 0.130093 -0.296447 -7.205833 -0.029893 0.380899 0.006841 0.924108
140.000000 0.099399 -0.261685 -7.260095 -0.027610 0.382844 0.007843 0.923367
141.000000 0.065618 -0.236745 -7.313747 -0.025930 0.384987 0.008594 0.922517
142.000000 0.030331 -0.223025 -7.366780 -0.024984 0.387209 0.009033 0.921609
143.000000 -0.004534 -0.222745 -7.419214 -0.024905 0.389390 0.009105 0.920691
144.000000 -0.037020 -0.238280 -7.471006 -0.025823 0.391411 0.008750 0.919812
145.000000 -0.066970 -0.270585 -7.522071 -0.027775 0.393266 0.007950 0.918971
146.000000 -0.098912 -0.314483 -7.572401 -0.030424 0.395229 0.006857 0.918053
147.000000 -0.142022 -0.353505 -7.622404 -0.032762 0.397841 0.005919 0.916850
148.000000 -0.201512 -0.381865 -7.672130 -0.034447 0.401395 0.005292 0.915242
149.000000 -0.282575 -0.395459 -7.721348 -0.035248 0.406175 0.005091 0.913101
150.000000 -0.390083 -0.390464 -7.769409 -0.034957 0.412443 0.005435 0.910296
151.000000 -0.496326 -0.379766 -7.816367 -0.034347 0.418571 0.005939 0.907515
152.000000 -0.582150 -0.379519 -7.862911 -0.034345 0.423486 0.006123 0.905231
153.000000 -0.671630 -0.387043 -7.907804 -0.034756 0.428611 0.006110 0.902800
154.000000 -0.761713 -0.401220 -7.951241 -0.035496 0.433786 0.005929 0.900297
155.000000 -0.847303 -0.422446 -7.993658 -0.036571 0.438741 0.005573 0.897852
156.000000 -0.922610 -0.452262 -8.035962 -0.038118 0.443056 0.004973 0.895669
157.000000 -0.980846 -0.492253 -8.079097 -0.040281 0.446300 0.004048 0.893967
158.000000 -1.012110 -0.545347 -8.124223 -0.043198 0.448041 0.002702 0.892964
159.000000 -1.008080 -0.614431 -8.172187 -0.047005 0.447843 0.000828 0.892876
160.000000 -0.960503 -0.702149 -8.223234 -0.051816 0.445274 -0.001671 0.893892
161.000000 -0.895508 -0.793624 -8.274623 -0.056800 0.441772 -0.004310 0.895317
162.000000 -0.829952 -0.870531 -8.326096 -0.060961 0.438251 -0.006555 0.896759
163.000000 -0.736031 -0.934169 -8.380388 -0.064368 0.433217 -0.008547 0.898947
164.000000 -0.621874 -0.983050 -8.436380 -0.066945 0.427119 -0.010240 0.901656
165.000000 -0.498336 -1.015278 -8.493081 -0.068601 0.420539 -0.011560 0.904603
166.000000 -0.376561 -1.028900 -8.550012 -0.069253 0.414071 -0.012420 0.907521
167.000000 -0.266095 -1.023224 -8.607131 -0.068886 0.408210 -0.012772 0.910196
168.000000 -0.169143 -1.002769 -8.664268 -0.067753 0.403059 -0.012723 0.912574
169.000000 -0.085655 -0.973509 -8.721121 -0.066175 0.398620 -0.012412 0.914641
170.000000 -0.015447 -0.941586 -8.777354 -0.064471 0.394896 -0.011978 0.916382
171.000000 0.041639 -0.913296 -8.832636 -0.062960 0.391891 -0.011562 0.917782
172.000000 0.085630 -0.895025 -8.886638 -0.061963 0.389608 -0.011301 0.918825
173.000000 0.117509 -0.893227 -8.938954 -0.061811 0.387979 -0.011343 0.919523
174.000000 0.145124 -0.914300 -8.988944 -0.062827 0.386579 -0.011855 0.920037
175.000000 0.174428 -0.957175 -9.036487 -0.064946 0.385090 -0.012836 0.920501
176.000000 0.209746 -1.017776 -9.081616 -0.067954 0.383285 -0.014213 0.921018
177.000000 0.253486 -1.090539 -9.124508 -0.071569 0.381036 -0.015881 0.921649
178.000000 0.300156 -1.164242 -9.166358 -0.075236 0.378625 -0.017586 0.922320
179.000000 0.342236 -1.226148 -9.209075 -0.078335 0.376435 -0.019042 0.922929
180.000000 0.372412 -1.263983 -9.254966 -0.080255 0.374851 -0.019970 0.923389
181.000000 0.386327 -1.274877 -9.305030 -0.080857 0.374102 -0.020289 0.923633
182.000000 0.384189 -1.265265 -9.358551 -0.080460 0.374170 -0.020126 0.923644
183.000000 0.368347 -1.232625 -9.415695 -0.078935 0.374942 -0.019437 0.923477
184.000000 0.342335 -1.173913 -9.476400 -0.076128 0.376244 -0.018180 0.923209
185.000000 0.314780 -1.094447 -9.539200 -0.072290 0.377651 -0.016499 0.922974
186.000000 0.296254 -1.002326 -9.602356 -0.067823 0.378644 -0.014606 0.922939
187.000000 0.297338 -0.905328 -9.664426 -0.063134 0.378706 -0.012707 0.923274
188.000000 0.328591 -0.811930 -9.724187 -0.058628 0.377332 -0.011002 0.924155
189.000000 0.392984 -0.730314 -9.780742 -0.054692 0.374385 -0.009643 0.925609
190.000000 0.481092 -0.667665 -9.833739 -0.051668 0.370312 -0.008717 0.927429
191.000000 0.579006 -0.621197 -9.883934 -0.049427 0.365766 -0.008108 0.929358
192.000000 0.667528 -0.578028 -9.933345 -0.047367 0.361641 -0.007520 0.931083
193.000000 0.731367 -0.535091 -9.983546 -0.045346 0.358635 -0.006871 0.932351
194.000000 0.766283 -0.492032 -10.035345 -0.043345 0.356934 -0.006158 0.933103
195.000000 0.769751 -0.448599 -10.089269 -0.041348 0.356675 -0.005374 0.933298
196.000000 0.739201 -0.404529 -10.145566 -0.039343 0.357990 -0.004511 0.932885
197.000000 0.671900 -0.359551 -10.204125 -0.037314 0.361013 -0.003561 0.931807
198.000000 0.564763 -0.313393 -10.264380 -0.035245 0.365869 -0.002520 0.929995
199.000000 0.422351 -0.266377 -10.324844 -0.033148 0.372306 -0.001412 0.927517
200.000000 0.262501 -0.219819 -10.383575 -0.031077 0.379482 -0.000299 0.924677
201.000000 0.104588 -0.175126 -10.439598 -0.029092 0.386515 0.000761 0.921824
202.000000 -0.031734 -0.133718 -10.493116 -0.027257 0.392542 0.001713 0.919329
203.000000 -0.133424 -0.096538 -10.545197 -0.025614 0.397011 0.002528 0.917453
204.000000 -0.199008 -0.063707 -10.596921 -0.024169 0.399885 0.003209 0.916241
205.000000 -0.228149 -0.035261 -10.648995 -0.022927 0.401170 0.003762 0.915709
206.000000 -0.220502 -0.011233 -10.701743 -0.021887 0.400871 0.004192 0.915864
207.000000 -0.175704 0.008344 -10.755101 -0.021051 0.398987 0.004503 0.916704
208.000000 -0.093367 0.023433 -10.808614 -0.020419 0.395513 0.004696 0.918221
209.000000 0.026889 0.033996 -10.861431 -0.019991 0.390442 0.004773 0.920398
210.000000 0.180019 0.040046 -10.912394 -0.019763 0.383991 0.004741 0.923113
211.000000 0.340782 0.042564 -10.960957 -0.019687 0.377224 0.004643 0.925901
212.000000 0.497334 0.043393 -11.007341 -0.019683 0.370632 0.004521 0.928560
213.000000 0.639566 0.044438 -11.052322 -0.019667 0.364632 0.004415 0.930933
214.000000 0.757842 0.047523 -11.097112 -0.019562 0.359618 0.004362 0.932885
215.000000 0.847685 0.053617 -11.142816 -0.019329 0.355773 0.004380 0.934362
216.000000 0.907938 0.063233 -11.190256 -0.018948 0.353180 0.004480 0.935353
217.000000 0.936740 0.076858 -11.240058 -0.018396 0.351921 0.004671 0.935837
218.000000 0.932057 0.094990 -11.292601 -0.017654 0.352075 0.004962 0.935792
219.000000 0.891764 0.118140 -11.347964 -0.016698 0.353721 0.005361 0.935187
220.000000 0.819138 0.146812 -11.405456 -0.015509 0.356699 0.005868 0.934072
221.000000 0.738464 0.180531 -11.462852 -0.014116 0.359993 0.006456 0.932826
222.000000 0.659901 0.217926 -11.519380 -0.012579 0.363183 0.007095 0.931606
223.000000 0.591732 0.257567 -11.574663 -0.010960 0.365935 0.007757 0.930543
224.000000 0.540940 0.297900 -11.628589 -0.009324 0.367973 0.008415 0.929752
225.000000 0.508459 0.338030 -11.681373 -0.007710 0.369269 0.009057 0.929246
226.000000 0.492641 0.377480 -11.733261 -0.006135 0.369896 0.009679 0.929002
227.000000 0.491782 0.415767 -11.784420 -0.004618 0.369927 0.010275 0.928993
228.000000 0.504147 0.452399 -11.834958 -0.003178 0.369433 0.010840 0.929189
229.000000 0.528003 0.486889 -11.884951 -0.001833 0.368489 0.011370 0.929561
230.000000 0.561629 0.518749 -11.934457 -0.000601 0.367165 0.011857 0.930080
231.000000 0.603273 0.547486 -11.983531 0.000500 0.365533 0.012295 0.930717
232.000000 0.651153 0.572597 -12.032239 0.001453 0.363666 0.012678 0.931442
233.000000 0.703483 0.593580 -12.080662 0.002239 0.361635 0.012998 0.932226
234.000000 0.759286 0.610140 -12.128843 0.002850 0.359478 0.013253 0.933055
235.000000 0.818532 0.622227 -12.176760 0.003283 0.357198 0.013443 0.933926
236.000000 0.881210 0.629791 -12.224383 0.003540 0.354796 0.013566 0.934839
237.000000 0.942376 0.630955 -12.272148 0.003554 0.352462 0.013592 0.935721
238.000000 0.986861 0.620073 -12.321588 0.003121 0.350774 0.013441 0.936358
239.000000 0.997965 0.590944 -12.374486 0.002017 0.350361 0.013033 0.936522
240.000000 0.963766 0.542099 -12.431755 0.000201 0.351655 0.012346 0.936048
241.000000 0.897543 0.496452 -12.490893 -0.001460 0.354122 0.011700 0.935125
242.000000 0.820949 0.485113 -12.548856 -0.001825 0.356930 0.011532 0.934058
243.000000 0.744731 0.513355 -12.604762 -0.000734 0.359696 0.011919 0.932993
244.000000 0.650366 0.522673 -12.661943 -0.000367 0.363156 0.012023 0.931651
245.000000 0.533018 0.496754 -12.720896 -0.001309 0.367498 0.011612 0.929951
246.000000 0.393382 0.436769 -12.780619 -0.003463 0.372657 0.010713 0.927901
247.000000 0.237020 0.345589 -12.839617 -0.006660 0.378377 0.009380 0.925580
248.000000 0.080679 0.231220 -12.896357 -0.010600 0.384023 0.007730 0.923230
249.000000 -0.056055 0.104929 -12.950375 -0.014967 0.388923 0.005897 0.921130
250.000000 -0.159096 -0.028790 -13.002190 -0.019629 0.392597 0.003938 0.919492
251.000000 -0.241074 -0.191737 -13.051857 -0.025339 0.395508 0.001525 0.918112
252.000000 -0.323140 -0.413994 -13.097272 -0.033131 0.398394 -0.001779 0.916614
253.000000 -0.414312 -0.698008 -13.135045 -0.043062 0.401545 -0.006001 0.914807
254.000000 -0.493232 -0.980021 -13.166761 -0.052894 0.404212 -0.010194 0.913078
255.000000 -0.553010 -1.240772 -13.194917 -0.061960 0.406172 -0.014073 0.911585
256.000000 -0.593541 -1.480215 -13.221051 -0.070263 0.407437 -0.017641 0.910355
257.000000 -0.614779 -1.698397 -13.246493 -0.077806 0.408021 -0.020911 0.909411
258.000000 -0.616719 -1.895407 -13.272363 -0.084589 0.407933 -0.023904 0.908770
259.000000 -0.599341 -2.071365 -13.299578 -0.090612 0.407184 -0.026637 0.908450
260.000000 -0.563184 -2.225458 -13.328988 -0.095852 0.405801 -0.029100 0.908455
261.000000 -0.520017 -2.340287 -13.363776 -0.099731 0.404213 -0.030992 0.908683
262.000000 -0.491206 -2.385072 -13.409573 -0.101237 0.403188 -0.031782 0.908945
263.000000 -0.492017 -2.359069 -13.466626 -0.100383 0.403241 -0.031419 0.909029
264.000000 -0.530376 -2.296585 -13.528277 -0.098358 0.404580 -0.030398 0.908689
265.000000 -0.614173 -2.234282 -13.587306 -0.096407 0.407408 -0.029239 0.907672
266.000000 -0.751107 -2.210404 -13.636506 -0.095783 0.411931 -0.028479 0.905720
267.000000 -0.944657 -2.250787 -13.670409 -0.097273 0.418236 -0.028492 0.902665
268.000000 -1.190286 -2.350007 -13.687497 -0.100654 0.426167 -0.029249 0.898552
269.000000 -1.482621 -2.496981 -13.686046 -0.105578 0.435533 -0.030633 0.893435
270.000000 -1.815429 -2.681612 -13.663988 -0.111757 0.446123 -0.032501 0.887372
271.000000 -2.170675 -2.911161 -13.617726 -0.119468 0.457332 -0.035013 0.880539
272.000000 -2.521183 -3.208306 -13.542480 -0.129453 0.468246 -0.038660 0.873209
273.000000 -2.848663 -3.570845 -13.438180 -0.141613 0.478259 -0.043529 0.865633
274.000000 -3.143777 -3.962532 -13.313644 -0.154758 0.487108 -0.049080 0.858118
275.000000 -3.398420 -4.346801 -13.182176 -0.167687 0.494593 -0.054720 0.851037
276.000000 -3.605079 -4.688903 -13.061292 -0.179239 0.500553 -0.059842 0.844831
277.000000 -3.760028 -4.967889 -12.966141 -0.188691 0.504939 -0.064060 0.839838
278.000000 -3.867304 -5.190564 -12.899372 -0.196234 0.507887 -0.067496 0.836055
279.000000 -3.931811 -5.366891 -12.859955 -0.202172 0.509544 -0.070348 0.833392
280.000000 -3.957959 -5.506377 -12.845326 -0.206806 0.510037 -0.072795 0.831742
281.000000 -3.949592 -5.618141 -12.851900 -0.210431 0.509475 -0.075002 0.830981
282.000000 -3.909528 -5.709642 -12.876200 -0.213294 0.507935 -0.077092 0.831002
283.000000 -3.838036 -5.782452 -12.917539 -0.215444 0.505432 -0.079091 0.831786
284.000000 -3.734682 -5.836564 -12.975737 -0.216879 0.501960 -0.080999 0.833330
285.000000 -3.598922 -5.871882 -13.050297 -0.217595 0.497511 -0.082817 0.835629
286.000000 -3.430104 -5.888234 -13.140394 -0.217585 0.492077 -0.084547 0.838671
287.000000 -3.227563 -5.885354 -13.244854 -0.216841 0.485645 -0.086192 0.842436
288.000000 -2.990602 -5.862947 -13.362139 -0.215355 0.478206 -0.087754 0.846901
289.000000 -2.727589 -5.827614 -13.485521 -0.213367 0.470010 -0.089277 0.851819
290.000000 -2.474739 -5.786775 -13.603588 -0.211238 0.462179 -0.090591 0.856482
291.000000 -2.264513 -5.727011 -13.717337 -0.208662 0.455771 -0.091219 0.860472
292.000000 -2.114249 -5.643941 -13.827779 -0.205568 0.451323 -0.090982 0.863581
293.000000 -2.023953 -5.544343 -13.933874 -0.202173 0.448785 -0.090023 0.865802
294.000000 -1.992213 -5.435494 -14.033799 -0.198706 0.448068 -0.088498 0.867133
295.000000 -2.016478 -5.324835 -14.125125 -0.195394 0.449079 -0.086557 0.867558
296.000000 -2.094332 -5.220803 -14.205001 -0.192462 0.451726 -0.084350 0.867057
297.000000 -2.223882 -5.131641 -14.270231 -0.190130 0.455914 -0.082034 0.865600
298.000000 -2.403526 -5.065328 -14.317292 -0.188621 0.461543 -0.079762 0.863156
299.000000 -2.621364 -5.022548 -14.346686 -0.187908 0.468229 -0.077633 0.859898
300.000000 -2.836052 -5.003185 -14.365208 -0.187872 0.474723 -0.075913 0.856492
301.000000 -3.011647 -5.029210 -14.372990 -0.189076 0.479906 -0.075195 0.853397
302.000000 -3.129218 -5.112674 -14.371039 -0.191830 0.483199 -0.075809 0.850866
303.000000 -3.193273 -5.249593 -14.360177 -0.196026 0.484757 -0.077665 0.848854
304.000000 -3.214332 -5.431175 -14.340496 -0.201431 0.484908 -0.080552 0.847231
305.000000 -3.203225 -5.648350 -14.311562 -0.207804 0.483983 -0.084259 0.845860
306.000000 -3.170869 -5.891944 -14.272934 -0.214905 0.482310 -0.088571 0.844600
307.000000 -3.128217 -6.152736 -14.224567 -0.222493 0.480221 -0.093275 0.843317
308.000000 -3.085975 -6.421694 -14.167062 -0.230336 0.478052 -0.098151 0.841890
309.000000 -3.054483 -6.690060 -14.101766 -0.238210 0.476140 -0.102967 0.840205
310.000000 -3.043815 -6.949260 -14.030747 -0.245903 0.474826 -0.107480 0.838165
311.000000 -3.063952 -7.190845 -13.956643 -0.253206 0.474454 -0.111445 0.835680
312.000000 -3.120487 -7.401694 -13.885941 -0.259747 0.475259 -0.114584 0.832785
313.000000 -3.170818 -7.523107 -13.861509 -0.263596 0.476232 -0.116258 0.830785
314.000000 -3.168695 -7.511421 -13.920282 -0.263260 0.476203 -0.116120 0.830928
315.000000 -3.115333 -7.394980 -14.045708 -0.259626 0.475100 -0.114684 0.832899
316.000000 -3.016301 -7.208693 -14.214049 -0.253804 0.472955 -0.112529 0.836202
317.000000 -2.876575 -6.987831 -14.402228 -0.246890 0.469782 -0.110210 0.840360
318.000000 -2.702530 -6.771331 -14.588925 -0.239999 0.465597 -0.108262 0.844926
319.000000 -2.501112 -6.600085 -14.754918 -0.234286 0.460437 -0.107208 0.849479
320.000000 -2.285037 -6.497697 -14.888637 -0.230475 0.454602 -0.107276 0.853645
321.000000 -2.079381 -6.458154 -14.990212 -0.228477 0.448838 -0.108195 0.857109
322.000000 -1.914705 -6.477239 -15.058531 -0.228270 0.444020 -0.109728 0.859476
323.000000 -1.845806 -6.606473 -15.065430 -0.231537 0.441505 -0.112251 0.859572
324.000000 -1.909620 -6.886804 -14.985414 -0.239630 0.442159 -0.116070 0.856505
325.000000 -2.090095 -7.277926 -14.828425 -0.251413 0.445641 -0.120711 0.850661
326.000000 -2.362958 -7.730871 -14.608546 -0.265462 0.451454 -0.125596 0.842582
327.000000 -2.702933 -8.198210 -14.343619 -0.280383 0.459110 -0.130138 0.832867
328.000000 -3.085745 -8.635715 -14.057493 -0.294838 0.468154 -0.133745 0.822201
329.000000 -3.489211 -9.003080 -13.780438 -0.307549 0.478183 -0.135833 0.811360
330.000000 -3.887918 -9.278027 -13.539776 -0.317684 0.488600 -0.136172 0.801127
331.000000 -4.249224 -9.465654 -13.350712 -0.325152 0.498420 -0.135166 0.792202
332.000000 -4.543272 -9.572114 -13.228361 -0.329912 0.506698 -0.133320 0.785265
333.000000 -4.759587 -9.599890 -13.183307 -0.331935 0.513065 -0.130893 0.780673
334.000000 -4.902741 -9.551906 -13.217123 -0.331321 0.517607 -0.127957 0.778419
335.000000 -4.987609 -9.448508 -13.311043 -0.328771 0.520650 -0.124752 0.777991
336.000000 -5.032370 -9.317164 -13.438117 -0.325207 0.522598 -0.121588 0.778684
337.000000 -5.055396 -9.186194 -13.571321 -0.321547 0.523861 -0.118792 0.779785
338.000000 -5.075536 -9.085098 -13.684353 -0.318706 0.524861 -0.116709 0.780594
339.000000 -5.095167 -9.023573 -13.771319 -0.316944 0.525630 -0.115481 0.780976
340.000000 -4.970620 -8.832474 -13.993302 -0.310935 0.522856 -0.113432 0.785541
341.000000 -4.715306 -8.529511 -14.319542 -0.301410 0.516917 -0.110729 0.793529
342.000000 -4.395231 -8.195024 -14.664657 -0.290981 0.509383 -0.108194 0.802592
343.000000 -4.077740 -7.913756 -14.957844 -0.282234 0.501818 -0.106606 0.810653
344.000000 -3.810553 -7.742848 -15.164321 -0.276823 0.495314 -0.106344 0.816532
345.000000 -3.598768 -7.674546 -15.301844 -0.274286 0.489892 -0.107087 0.820552
346.000000 -3.432132 -7.677354 -15.393630 -0.273703 0.485370 -0.108450 0.823251
347.000000 -3.297619 -7.715123 -15.460707 -0.274094 0.481547 -0.110089 0.825146
348.000000 -3.181467 -7.750968 -15.523204 -0.274476 0.478217 -0.111661 0.826743
349.000000 -3.088637 -7.772405 -15.585626 -0.274570 0.475579 -0.112987 0.828052
350.000000 -3.182866 -7.970422 -15.519404 -0.280089 0.477292 -0.115394 0.824879
351.000000 -3.450439 -8.317442 -15.330816 -0.290298 0.483057 -0.118521 0.817518
352.000000 -3.816897 -8.712823 -15.073549 -0.302275 0.491250 -0.121519 0.807798
353.000000 -4.213289 -9.066031 -14.808581 -0.313349 0.500401 -0.123562 0.797586
354.000000 -4.596869 -9.327601 -14.581617 -0.322005 0.509610 -0.124112 0.788166
355.000000 -4.952938 -9.505714 -14.400307 -0.328378 0.518478 -0.123310 0.779836
356.000000 -5.269415 -9.613395 -14.267443 -0.332718 0.526615 -0.121512 0.772794
357.000000 -5.535543 -9.662185 -14.185155 -0.335245 0.533654 -0.119127 0.767224
358.000000 -5.740151 -9.662845 -14.155136 -0.336181 0.539226 -0.116561 0.763302
359.000000 -5.870794 -9.625836 -14.178618 -0.335760 0.542947 -0.114196 0.761205
360.000000 -5.913832 -9.561338 -14.256093 -0.334226 0.544414 -0.112388 0.761101
361.000000 -5.854560 -9.479358 -14.386677 -0.331820 0.543216 -0.111485 0.763140
362.000000 -5.703782 -9.392326 -14.555331 -0.328937 0.539622 -0.111566 0.766917
363.000000 -5.547092 -9.319966 -14.713589 -0.326433 0.535830 -0.111985 0.770576
364.000000 -5.427959 -9.275563 -14.837861 -0.324814 0.532914 -0.112482 0.773205
365.000000 -5.348869 -9.258933 -14.929534 -0.324070 0.530910 -0.113035 0.774814
366.000000 -5.313441 -9.266891 -14.990786 -0.324118 0.529894 -0.113570 0.775411
367.000000 -5.324122 -9.295966 -15.023315 -0.324872 0.529939 -0.114010 0.775000
368.000000 -5.380602 -9.342414 -15.028204 -0.326250 0.531120 -0.114269 0.773573
369.000000 -5.484224 -9.402732 -15.005909 -0.328177 0.533514 -0.114254 0.771109
370.000000 -5.637954 -9.473569 -14.956337 -0.330575 0.537193 -0.113861 0.767581
371.000000 -5.844129 -9.551385 -14.879066 -0.333358 0.542215 -0.112989 0.762961
372.000000 -6.076658 -9.630049 -14.786300 -0.336265 0.547920 -0.111808 0.757766
373.000000 -6.234758 -9.697351 -14.727825 -0.338601 0.551764 -0.111231 0.754012
374.000000 -6.266753 -9.747374 -14.732814 -0.340023 0.552446 -0.111754 0.752794
375.000000 -6.177490 -9.779955 -14.800481 -0.340538 0.550099 -0.113336 0.754043
376.000000 -6.031817 -9.794704 -14.902278 -0.340372 0.546385 -0.115240 0.756525
377.000000 -5.892222 -9.792576 -15.011120 -0.339788 0.542888 -0.116777 0.759065
378.000000 -5.771994 -9.776701 -15.120117 -0.338925 0.539920 -0.117856 0.761397
379.000000 -5.680891 -9.750420 -15.224098 -0.337908 0.537699 -0.118432 0.763329
380.000000 -5.628540 -9.717092 -15.318079 -0.336863 0.536438 -0.118462 0.764672
381.000000 -5.622651 -9.680098 -15.397044 -0.335909 0.536351 -0.117912 0.765238
382.000000 -5.671289 -9.642810 -15.455597 -0.335163 0.537653 -0.116744 0.764831
383.000000 -5.784438 -9.608596 -15.487614 -0.334737 0.540558 -0.114920 0.763244
384.000000 -5.972036 -9.580907 -15.485921 -0.334741 0.545276 -0.112399 0.760256
385.000000 -6.236758 -9.563260 -15.444590 -0.335252 0.551839 -0.109211 0.755746
386.000000 -6.518859 -9.559096 -15.382679 -0.336130 0.558760 -0.106064 0.750703
387.000000 -6.763009 -9.570378 -15.322318 -0.337230 0.564684 -0.103602 0.746106
388.000000 -6.965799 -9.597198 -15.266828 -0.338554 0.569539 -0.101871 0.742044
389.000000 -7.127521 -9.639540 -15.217723 -0.340112 0.573338 -0.100872 0.738534
390.000000 -7.248503 -9.697398 -15.176113 -0.341911 0.576094 -0.100605 0.735589
391.000000 -7.329060 -9.770781 -15.142717 -0.343954 0.577817 -0.101073 0.733217
392.000000 -7.369452 -9.859719 -15.117880 -0.346244 0.578514 -0.102278 0.731421
393.000000 -7.369903 -9.964234 -15.101585 -0.348778 0.578188 -0.104224 0.730198
394.000000 -7.330672 -10.084277 -15.093461 -0.351549 0.576841 -0.106922 0.729544
395.000000 -7.252060 -10.219736 -15.092791 -0.354543 0.574473 -0.110383 0.729448
396.000000 -7.134480 -10.368431 -15.099862 -0.357698 0.571094 -0.114571 0.729916
397.000000 -6.981370 -10.503756 -15.130297 -0.360373 0.566885 -0.118931 0.731182
398.000000 -6.797927 -10.583222 -15.210578 -0.361564 0.562153 -0.122593 0.733639
399.000000 -6.591515 -10.570653 -15.361513 -0.360439 0.557244 -0.124817 0.737552
400.000000 -6.383390 -10.479217 -15.562371 -0.357437 0.552630 -0.125649 0.742329
401.000000 -6.200770 -10.342427 -15.777301 -0.353501 0.548818 -0.125414 0.747066
402.000000 -6.071327 -10.195464 -15.973126 -0.349579 0.546313 -0.124405 0.750907
403.000000 -6.008785 -10.056352 -16.136082 -0.346116 0.545349 -0.122753 0.753479
404.000000 -6.013164 -9.924848 -16.268933 -0.343061 0.545907 -0.120465 0.754840
405.000000 -6.083442 -9.797779 -16.374246 -0.340322 0.547957 -0.117556 0.755053
406.000000 -6.217402 -9.673689 -16.452445 -0.337865 0.551438 -0.114075 0.754155
407.000000 -6.408051 -9.578370 -16.489165 -0.336268 0.556098 -0.110536 0.751971
408.000000 -6.645767 -9.555747 -16.461226 -0.336496 0.561578 -0.107760 0.748190
409.000000 -6.918429 -9.641711 -16.350636 -0.339313 0.567496 -0.106478 0.742615
410.000000 -7.199071 -9.815925 -16.176688 -0.344171 0.573311 -0.106656 0.735857
411.000000 -7.455999 -10.036937 -15.975062 -0.350044 0.578433 -0.107927 0.728860
412.000000 -7.659608 -10.266381 -15.783430 -0.355974 0.582310 -0.109916 0.722576
413.000000 -7.796445 -10.486724 -15.622487 -0.361515 0.584688 -0.112440 0.717499
414.000000 -7.867555 -10.698007 -15.494887 -0.366656 0.585578 -0.115510 0.713666
415.000000 -7.874734 -10.900490 -15.401741 -0.371380 0.585009 -0.119158 0.711086
416.000000 -7.825892 -11.093952 -15.340342 -0.375683 0.583151 -0.123335 0.709638
417.000000 -7.749444 -11.276921 -15.297702 -0.379623 0.580657 -0.127697 0.708814
418.000000 -7.677568 -11.447678 -15.259183 -0.383283 0.578279 -0.131823 0.708032
419.000000 -7.639882 -11.604657 -15.211747 -0.386758 0.576711 -0.135308 0.706763
420.000000 -7.643096 -11.748704 -15.152055 -0.390109 0.576109 -0.138067 0.704876
421.000000 -7.680777 -11.882076 -15.081818 -0.393371 0.576320 -0.140202 0.702466
422.000000 -7.745820 -12.007016 -15.002497 -0.396571 0.577189 -0.141825 0.699621
423.000000 -7.831173 -12.125708 -14.915379 -0.399733 0.578567 -0.143048 0.696427
424.000000 -7.929961 -12.240289 -14.821721 -0.402878 0.580303 -0.143983 0.692969
425.000000 -8.036060 -12.352807 -14.722839 -0.406028 0.582247 -0.144743 0.689332
426.000000 -8.137638 -12.465631 -14.623262 -0.409181 0.584103 -0.145536 0.685721
427.000000 -8.203243 -12.582341 -14.537928 -0.412262 0.585104 -0.146883 0.682728
428.000000 -8.198267 -12.706683 -14.484019 -0.415174 0.584404 -0.149384 0.681019
429.000000 -8.118562 -12.841663 -14.461452 -0.417943 0.581871 -0.153193 0.680648
430.000000 -8.057001 -12.986447 -14.418260 -0.421025 0.579677 -0.156976 0.679758
431.000000 -8.114572 -13.135607 -14.302512 -0.424854 0.580219 -0.159163 0.676397
432.000000 -8.206594 -13.263665 -14.184289 -0.428391 0.581647 -0.160424 0.672631
433.000000 -8.137781 -13.334287 -14.211685 -0.429689 0.579562 -0.162842 0.673022
434.000000 -7.847331 -13.347810 -14.414998 -0.428370 0.572567 -0.167374 0.678713
435.000000 -7.530121 -13.377060 -14.607556 -0.427237 0.564933 -0.172621 0.684486
436.000000 -7.283655 -13.455532 -14.707981 -0.427662 0.558811 -0.177711 0.687935
437.000000 -7.115629 -13.577726 -14.724866 -0.429557 0.554317 -0.182397 0.689163
438.000000 -7.033541 -13.736217 -14.668662 -0.432757 0.551490 -0.186469 0.688338
439.000000 -7.010510 -13.921994 -14.561702 -0.436900 0.549689 -0.190186 0.686141
440.000000 -6.933945 -14.124835 -14.460557 -0.441121 0.546453 -0.195030 0.684664
441.000000 -6.701852 -14.338045 -14.415504 -0.444560 0.539430 -0.202502 0.685839
442.000000 -6.407281 -14.576582 -14.363171 -0.448111 0.530649 -0.211551 0.687644
443.000000 -6.264668 -14.865939 -14.179457 -0.453968 0.525006 -0.219310 0.685700
444.000000 -6.353185 -15.184802 -13.848381 -0.462395 0.524603 -0.224059 0.678808
445.000000 -6.490560 -15.444654 -13.543895 -0.469906 0.525809 -0.226922 0.671729
446.000000 -6.601287 -15.607043 -13.353030 -0.474893 0.527158 -0.228283 0.666684
447.000000 -6.702994 -15.675005 -13.272908 -0.477502 0.529088 -0.227861 0.663428
448.000000 -6.791058 -15.715392 -13.230977 -0.479325 0.530921 -0.227062 0.660918
449.000000 -6.848185 -15.799103 -13.152816 -0.481960 0.531615 -0.227666 0.658231
450.000000 -6.865864 -15.876317 -13.102872 -0.484063 0.531385 -0.228862 0.656457
451.000000 -6.859653 -15.930055 -13.094713 -0.485331 0.530786 -0.230005 0.655605
452.000000 -6.845474 -15.962679 -13.117678 -0.485960 0.530214 -0.230825 0.655313
453.000000 -6.827318 -15.977876 -13.162796 -0.486138 0.529705 -0.231373 0.655399
454.000000 -6.808042 -15.979584 -13.221242 -0.486045 0.529247 -0.231747 0.655707
455.000000 -6.790164 -15.976606 -13.284022 -0.485861 0.528823 -0.232048 0.656079
456.000000 -6.774818 -15.976952 -13.341954 -0.485775 0.528407 -0.232385 0.656358
457.000000 -6.756860 -15.989725 -13.386912 -0.485964 0.527809 -0.233009 0.656478
458.000000 -6.745644 -15.967635 -13.470605 -0.485350 0.527682 -0.232807 0.657106
459.000000 -6.763830 -15.856158 -13.644595 -0.482811 0.529036 -0.230335 0.658756
460.000000 -6.825385 -15.723838 -13.818837 -0.480147 0.531589 -0.226718 0.659902
461.000000 -6.917883 -15.608783 -13.955862 -0.478153 0.534716 -0.222900 0.660125
462.000000 -7.021949 -15.531000 -14.044020 -0.477124 0.537806 -0.219586 0.659469
463.000000 -7.118231 -15.510113 -14.072414 -0.477356 0.540260 -0.217492 0.657987
464.000000 -7.188489 -15.562026 -14.033163 -0.479074 0.541537 -0.217254 0.655763
465.000000 -7.226860 -15.668497 -13.948449 -0.481821 0.541641 -0.218628 0.653205
466.000000 -7.235614 -15.790597 -13.859340 -0.484719 0.540913 -0.220825 0.650921
467.000000 -7.226156 -15.881050 -13.813552 -0.486756 0.539988 -0.222733 0.649516
468.000000 -7.213969 -15.910564 -13.837380 -0.487371 0.539464 -0.223530 0.649217
469.000000 -7.204414 -15.896607 -13.907857 -0.487026 0.539318 -0.223486 0.649612
470.000000 -7.201199 -15.862248 -13.997064 -0.486283 0.539460 -0.222972 0.650227
471.000000 -7.207922 -15.830768 -14.078168 -0.485679 0.539811 -0.222330 0.650607
472.000000 -7.231505 -15.807113 -14.143883 -0.485345 0.540513 -0.221500 0.650556
473.000000 -7.282702 -15.775619 -14.206858 -0.484984 0.541937 -0.220000 0.650149
474.000000 -7.371771 -15.720856 -14.277285 -0.484339 0.544408 -0.217411 0.649437
475.000000 -7.495579 -15.661776 -14.333672 -0.483843 0.547678 -0.214175 0.648131
476.000000 -7.642583 -15.638844 -14.336017 -0.484347 0.551170 -0.211266 0.645744
477.000000 -7.800849 -15.693271 -14.244405 -0.486697 0.554323 -0.209677 0.641784
478.000000 -7.964294 -15.837180 -14.045580 -0.491131 0.556921 -0.209772 0.636102
479.000000 -8.137242 -16.032708 -13.773633 -0.496856 0.559335 -0.210764 0.629172
480.000000 -8.324694 -16.238894 -13.468046 -0.503012 0.561987 -0.211743 0.621542
481.000000 -8.528196 -16.420341 -13.168715 -0.508808 0.565211 -0.211894 0.613802
482.000000 -8.740219 -16.565166 -12.896864 -0.513900 0.568956 -0.211020 0.606355
483.000000 -8.950508 -16.680016 -12.653706 -0.518341 0.572950 -0.209401 0.599335
484.000000 -9.149978 -16.771522 -12.439710 -0.522187 0.576927 -0.207356 0.592857
485.000000 -9.330309 -16.845711 -12.255626 -0.525489 0.580633 -0.205213 0.587038
486.000000 -9.483577 -16.908195 -12.102493 -0.528297 0.583822 -0.203306 0.581997
487.000000 -9.601946 -16.964343 -11.981544 -0.530669 0.586244 -0.201966 0.577857
488.000000 -9.677434 -17.019408 -11.894019 -0.532660 0.587651 -0.201522 0.574741
489.000000 -9.702014 -17.078455 -11.840917 -0.534322 0.587797 -0.202308 0.572770
490.000000 -9.667561 -17.146378 -11.822652 -0.535691 0.586432 -0.204658 0.572055
491.000000 -9.576456 -17.226341 -11.832333 -0.536847 0.583575 -0.208615 0.572465
492.000000 -9.475278 -17.316020 -11.834735 -0.538125 0.580361 -0.213065 0.572892
493.000000 -9.386679 -17.402695 -11.830295 -0.539420 0.577446 -0.217181 0.573075
494.000000 -9.313296 -17.468816 -11.843348 -0.540338 0.575052 -0.220473 0.573360
495.000000 -9.257673 -17.496622 -11.898782 -0.540484 0.573410 -0.222460 0.574099
496.000000 -9.221972 -17.469594 -12.018798 -0.539496 0.572730 -0.222715 0.575606
497.000000 -9.204218 -17.397497 -12.187652 -0.537630 0.572899 -0.221513 0.577644
498.000000 -9.201995 -17.311082 -12.361657 -0.535603 0.573575 -0.219650 0.579564
499.000000 -9.213836 -17.243224 -12.497244 -0.534145 0.574420 -0.217933 0.580720
500.000000 -9.215960 -17.183335 -12.628831 -0.532773 0.574979 -0.216602 0.581924
501.000000 -9.145445 -17.042328 -12.921162 -0.528925 0.574589 -0.214893 0.586436
502.000000 -8.991065 -16.846440 -13.333999 -0.523229 0.572778 -0.213642 0.593728
503.000000 -8.795380 -16.669387 -13.734036 -0.517758 0.569919 -0.213623 0.601236
504.000000 -8.611698 -16.579596 -14.006887 -0.514410 0.566668 -0.215179 0.606603
505.000000 -8.449369 -16.591239 -14.141116 -0.513461 0.563100 -0.218359 0.609586
506.000000 -8.309687 -16.706150 -14.143849 -0.514821 0.559173 -0.223116 0.610331
507.000000 -8.193041 -16.886535 -14.056276 -0.517704 0.555160 -0.228727 0.609478
508.000000 -8.100776 -17.068990 -13.947286 -0.520824 0.551596 -0.233989 0.608057
509.000000 -8.034795 -17.192178 -13.888681 -0.522904 0.549061 -0.237717 0.607120
510.000000 -8.021664 -17.248110 -13.878149 -0.523987 0.548238 -0.239246 0.606328
511.000000 -8.117298 -17.314107 -13.788820 -0.526257 0.549705 -0.238967 0.603136
512.000000 -8.327661 -17.421838 -13.573666 -0.530486 0.553347 -0.237240 0.596748
513.000000 -8.622843 -17.604584 -13.196491 -0.537170 0.558237 -0.235257 0.586919
514.000000 -8.880827 -17.743188 -12.886589 -0.542586 0.562731 -0.232990 0.578490
515.000000 -9.093307 -17.838407 -12.658779 -0.546617 0.566631 -0.230605 0.571805
516.000000 -9.259876 -17.900302 -12.508017 -0.549446 0.569833 -0.228308 0.566811
517.000000 -9.378200 -17.934207 -12.428796 -0.551226 0.572244 -0.226321 0.563441
518.000000 -9.445960 -17.942691 -12.415555 -0.552087 0.573772 -0.224868 0.561622
519.000000 -9.464770 -17.934376 -12.461769 -0.552141 0.574328 -0.224176 0.561278
520.000000 -9.431967 -17.916234 -12.560072 -0.551518 0.573794 -0.224452 0.562326
521.000000 -9.363936 -17.906434 -12.672117 -0.550763 0.572388 -0.225728 0.563985
522.000000 -9.338646 -17.909169 -12.735325 -0.550647 0.571806 -0.226392 0.564422
523.000000 -9.405465 -17.883201 -12.773235 -0.550675 0.573490 -0.224451 0.563461
524.000000 -9.573744 -17.893199 -12.687739 -0.552342 0.577065 -0.221090 0.559493
525.000000 -9.780838 -17.940128 -12.520938 -0.555096 0.581145 -0.217657 0.553863
526.000000 -9.967077 -18.024901 -12.314088 -0.558447 0.584417 -0.215505 0.547860
527.000000 -10.052439 -18.126610 -12.155453 -0.561350 0.585370 -0.215941 0.543689
528.000000 -9.977464 -18.190265 -12.174545 -0.562114 0.583217 -0.219003 0.543989
529.000000 -9.804757 -18.236622 -12.290078 -0.561694 0.579129 -0.223818 0.546823
530.000000 -9.603593 -18.293500 -12.404374 -0.561261 0.574335 -0.229551 0.549938
531.000000 -9.420881 -18.378221 -12.458091 -0.561580 0.569639 -0.235598 0.551935
532.000000 -9.188024 -18.446936 -12.572190 -0.560980 0.563876 -0.242474 0.555474
533.000000 -8.848813 -18.458116 -12.847407 -0.557940 0.556248 -0.250303 0.562707
534.000000 -8.451911 -18.413295 -13.230642 -0.553031 0.547930 -0.257922 0.572194
535.000000 -8.057916 -18.318840 -13.660775 -0.547061 0.540238 -0.264227 0.582281
536.000000 -7.729236 -18.182781 -14.086009 -0.540881 0.534433 -0.268262 0.591494
537.000000 -7.552710 -18.040313 -14.418802 -0.536122 0.531977 -0.269137 0.597611
538.000000 -7.602794 -17.973112 -14.530439 -0.535158 0.533599 -0.267020 0.597978
539.000000 -7.821327 -17.976226 -14.462826 -0.537228 0.538077 -0.262992 0.593881
540.000000 -8.133862 -18.033139 -14.269750 -0.541234 0.544005 -0.258186 0.586911
541.000000 -8.467252 -18.127350 -14.005283 -0.546166 0.550032 -0.253670 0.578636
542.000000 -8.752491 -18.244319 -13.726685 -0.551138 0.554877 -0.250474 0.570632
543.000000 -8.945429 -18.376822 -13.474869 -0.555645 0.557693 -0.249324 0.563981
544.000000 -9.061855 -18.527745 -13.240125 0.559896 -0.558751 0.250044 -0.558384
545.000000 -9.201744 -18.697804 -12.953344 0.564833 -0.560113 0.250649 -0.551735
546.000000 -9.422439 -18.861290 -12.605213 0.570466 -0.563232 0.249401 -0.543266
547.000000 -9.583406 -18.942961 -12.412791 0.573809 -0.565871 0.247617 -0.537791
548.000000 -9.666928 -18.948525 -12.392423 0.574771 -0.567582 0.245822 -0.535780
549.000000 -9.692311 -18.901713 -12.495510 0.574053 -0.568534 0.244179 -0.536291
550.000000 -9.674280 -18.824608 -12.672243 0.572324 -0.568885 0.242842 -0.538371
551.000000 -9.628073 -18.740670 -12.873372 0.570243 -0.568782 0.241954 -0.541080
552.000000 -9.576369 -18.677568 -13.050446 0.568493 -0.568360 0.241658 -0.543492
553.000000 -9.540438 -18.660371 -13.154377 -0.567778 0.567819 -0.242021 0.544642
554.000000 -9.592797 -18.686637 -13.136079 0.568730 -0.568687 0.241401 -0.543016
555.000000 -9.693126 -18.726245 -13.065134 -0.570365 0.570390 -0.240058 0.540103
556.000000 -9.749094 -18.773890 -13.014839 0.571746 -0.571064 0.239920 -0.537988
557.000000 -9.862600 -18.879631 -12.833385 0.574898 -0.572363 0.239813 -0.533275
558.000000 -10.015391 -19.009198 -12.576532 0.578991 -0.574224 0.239403 -0.526994
559.000000 -10.149073 -19.109422 -12.365786 0.582397 -0.575997 0.238736 -0.521580
560.000000 -10.239909 -19.157268 -12.261203 0.584377 -0.577457 0.237752 -0.518190
561.000000 -10.298778 -19.153798 -12.259434 0.584995 -0.578788 0.236272 -0.516683
562.000000 -10.337006 -19.098425 -12.355593 0.584301 -0.580185 0.234093 -0.516892
563.000000 -10.353865 -18.979348 -12.568532 0.582025 -0.581687 0.231041 -0.519141
564.000000 -10.274139 -18.799934 -12.948856 -0.577604 0.581679 -0.228914 0.524997
565.000000 -10.046880 -18.588583 -13.477514 -0.571310 0.578934 -0.229357 0.534637
566.000000 -9.706536 -18.375736 -14.064018 -0.564178 0.574008 -0.232041 0.546237
567.000000 -9.296426 -18.196054 -14.621184 -0.557277 0.567554 -0.236583 0.557991
568.000000 -8.866428 -18.089139 -15.070126 -0.551722 0.560250 -0.242618 0.568208
569.000000 -8.471791 -18.096680 -15.340496 -0.548665 0.552782 -0.249808 0.575322
570.000000 -8.148391 -18.206553 -15.439334 -0.548105 0.545846 -0.257334 0.579147
571.000000 -7.916518 -18.336647 -15.459439 -0.548653 0.540433 -0.263523 0.580920
572.000000 -7.760618 -18.453381 -15.452476 -0.549550 0.536512 -0.268196 0.581567
573.000000 -7.670627 -18.540220 -15.445598 -0.550421 0.534044 -0.271280 0.581585
574.000000 -7.644669 -18.593039 -15.446064 -0.551205 0.533044 -0.272711 0.581090
575.000000 -7.680324 -18.609024 -15.459547 -0.551854 0.533517 -0.272411 0.580180
576.000000 -7.775354 -18.586142 -15.490872 -0.552299 0.535470 -0.270307 0.578940
577.000000 -7.930543 -18.519756 -15.543749 -0.552441 0.538929 -0.266338 0.577432
578.000000 -8.147312 -18.404700 -15.620816 -0.552168 0.543915 -0.260442 0.575706
579.000000 -8.426364 -18.235934 -15.723423 -0.551367 0.550418 -0.252538 0.573810
580.000000 -8.746555 -18.041972 -15.825158 -0.550379 0.557765 -0.243475 0.571578
581.000000 -9.046904 -17.917232 -15.851126 -0.550419 0.564125 -0.235982 0.568432
582.000000 -9.306482 -17.882013 -15.793707 -0.551693 0.569041 -0.230806 0.564407
583.000000 -9.520945 -17.914596 -15.681957 -0.553802 0.572646 -0.227649 0.559961
584.000000 -9.687323 -17.990674 -15.546024 -0.556316 0.575086 -0.226121 0.555569
585.000000 -9.803107 -18.086270 -15.415548 -0.558817 0.576492 -0.225830 0.551707
586.000000 -9.793231 -18.169999 -15.375752 -0.560222 0.575731 -0.227568 0.550362
587.000000 -9.642998 -18.218763 -15.463403 -0.560007 0.572708 -0.231171 0.552230
588.000000 -9.461234 -18.222512 -15.619707 -0.558767 0.569459 -0.234495 0.555435
589.000000 -9.328494 -18.179193 -15.797484 -0.557059 0.567437 -0.236107 0.558529
590.000000 -9.229801 -18.106595 -15.986209 -0.555093 0.566236 -0.236605 0.561485
591.000000 -9.148770 -18.000151 -16.202560 -0.552648 0.565556 -0.236231 0.564731
592.000000 -9.059059 -17.878103 -16.440802 -0.549848 0.564790 -0.235760 0.568416
593.000000 -8.935702 -17.776750 -16.672492 -0.547168 0.563320 -0.236158 0.572283
594.000000 -8.792959 -17.694991 -16.889768 -0.544708 0.561457 -0.237090 0.576061
595.000000 -8.653630 -17.626045 -17.087767 -0.542522 0.559625 -0.238087 0.579486
596.000000 -8.623953 -17.570939 -17.213032 -0.541370 0.559576 -0.237530 0.580838
597.000000 -8.744869 -17.522514 -17.253927 -0.541392 0.561987 -0.234754 0.579617
598.000000 -8.915379 -17.460232 -17.281119 -0.541526 0.565260 -0.231054 0.577793
599.000000 -9.040390 -17.439090 -17.288166 -0.542039 0.567448 -0.228802 0.576061
600.000000 -9.109680 -17.464906 -17.276327 -0.542955 0.568376 -0.228232 0.574508
601.000000 -9.138060 -17.493814 -17.283275 -0.543634 0.568608 -0.228356 0.573585
602.000000 -9.139919 -17.482170 -17.346256 -0.543444 0.568692 -0.228199 0.573744
603.000000 -9.106255 -17.409065 -17.490648 -0.541984 0.568634 -0.227529 0.575448
604.000000 -8.988593 -17.293229 -17.718406 -0.539302 0.567504 -0.227410 0.579117
605.000000 -8.818238 -17.147009 -17.996224 -0.535838 0.565721 -0.227591 0.583986
606.000000 -8.722686 -16.972884 -18.257501 -0.532439 0.565318 -0.226236 0.587998
607.000000 -8.741281 -16.808187 -18.451345 -0.529936 0.566651 -0.223389 0.590060
608.000000 -8.787857 -16.731688 -18.550468 -0.529015 0.567836 -0.221552 0.590441
609.000000 -8.817939 -16.717377 -18.602352 -0.528956 0.568324 -0.220985 0.590236
610.000000 -8.854172 -16.726443 -18.631500 -0.529277 0.568740 -0.220733 0.589642
611.000000 -8.918801 -16.763565 -18.621965 -0.530195 0.569483 -0.220468 0.588197
612.000000 -9.036476 -16.832428 -18.557030 -0.531933 0.570945 -0.219848 0.585436
613.000000 -9.235771 -16.934856 -18.418305 -0.534697 0.573523 -0.218531 0.580874
614.000000 -9.544993 -17.065240 -18.191053 -0.538563 0.577666 -0.216044 0.574088
615.000000 -9.938683 -17.172240 -17.929186 -0.542562 0.583270 -0.211910 0.566143
616.000000 -10.309099 -17.199955 -17.743677 -0.545173 0.588961 -0.206746 0.559614
617.000000 -10.506547 -17.228103 -17.651043 -0.546799 0.591907 -0.204150 0.555859
618.000000 -10.585341 -17.266881 -17.616212 -0.547920 0.592908 -0.203565 0.553900
619.000000 -10.637833 -17.291910 -17.609763 -0.548675 0.593562 -0.203191 0.552588
620.000000 -10.695961 -17.310460 -17.606763 -0.549338 0.594355 -0.202614 0.551288
621.000000 -10.747160 -17.335570 -17.603645 -0.550012 0.595048 -0.202177 0.550026
622.000000 -10.787312 -17.364323 -17.605286 -0.550654 0.595540 -0.201970 0.548927
623.000000 -10.832570 -17.367146 -17.629643 -0.550919 0.596234 -0.201274 0.548161
624.000000 -10.896515 -17.318772 -17.692017 -0.550505 0.597501 -0.199444 0.547869
625.000000 -10.958153 -17.249699 -17.774154 -0.549776 0.598841 -0.197316 0.547908
626.000000 -10.987378 -17.212927 -17.843184 -0.549388 0.599488 -0.196259 0.547969
627.000000 -11.088909 -17.171209 -17.871096 -0.549341 0.601254 -0.194022 0.546876
628.000000 -11.272404 -17.180103 -17.797903 -0.550506 0.603983 -0.191398 0.543613
629.000000 -11.424493 -17.206665 -17.726166 -0.551735 0.606133 -0.189588 0.540599
630.000000 -11.427310 -17.167199 -17.814881 -0.551141 0.606374 -0.188920 0.541168
631.000000 -11.286355 -17.027958 -18.090335 -0.548265 0.604995 -0.188688 0.545696
632.000000 -11.144732 -16.852193 -18.393929 -0.544849 0.603823 -0.187863 0.550676
633.000000 -11.132718 -16.741100 -18.552448 -0.543127 0.604264 -0.186216 0.552451
634.000000 -11.260996 -16.749958 -18.516607 -0.543934 0.606165 -0.184443 0.550164
635.000000 -11.458535 -16.873898 -18.334931 -0.546763 0.608465 -0.183544 0.545098
636.000000 -11.688046 -17.054059 -18.079124 -0.550530 0.610898 -0.183168 0.538675
637.000000 -11.884213 -17.228268 -17.842987 -0.554033 0.612846 -0.183249 0.532811
638.000000 -11.989813 -17.287692 -17.769739 -0.555422 0.614069 -0.182709 0.530135
639.000000 -12.017737 -17.262699 -17.825077 -0.555230 0.614616 -0.181852 0.529997
640.000000 -12.010756 -17.237035 -17.900905 -0.554893 0.614677 -0.181499 0.530400
641.000000 -12.037952 -17.289366 -17.878245 -0.555878 0.614879 -0.181918 0.528988
642.000000 -12.141092 -17.451782 -17.697188 -0.558844 0.615647 -0.183077 0.524551
643.000000 -12.262533 -17.586633 -17.529348 -0.561440 0.616798 -0.183587 0.520231
644.000000 -12.232524 -17.405008 -17.783738 -0.558554 0.617307 -0.180929 0.523655
645.000000 -12.076631 -17.082140 -18.254482 -0.552999 0.616588 -0.177840 0.531399
646.000000 -11.849993 -16.747117 -18.763756 -0.547012 0.614822 -0.175770 0.540257
647.000000 -11.636501 -16.455149 -19.202171 -0.541846 0.613041 -0.174327 0.547900
648.000000 -11.534158 -16.256982 -19.477456 -0.538656 0.612466 -0.172695 0.552188
649.000000 -11.653079 -16.210540 -19.497647 -0.538579 0.614374 -0.170104 0.550947
650.000000 -12.083780 -16.287793 -19.224329 -0.541540 0.620128 -0.165123 0.543057
651.000000 -12.606334 -16.340761 -18.897998 -0.544419 0.627270 -0.158572 0.533850
652.000000 -12.812232 -16.241226 -18.902511 -0.543774 0.630567 -0.154023 0.531951
653.000000 -12.783725 -16.101518 -19.094976 -0.541653 0.630731 -0.152132 0.534458
654.000000 -12.750851 -16.176419 -19.103430 -0.542588 0.630007 -0.153810 0.533884
655.000000 -12.720618 -16.237974 -19.116722 -0.543393 0.629416 -0.155195 0.533361
656.000000 -12.680773 -16.247065 -19.181210 -0.543419 0.628900 -0.155864 0.533748
657.000000 -12.669514 -16.267209 -19.222583 -0.543676 0.628650 -0.156388 0.533628
658.000000 -12.718224 -16.365844 -19.158766 -0.545260 0.628878 -0.157388 0.531445
659.000000 -12.728278 -16.474056 -19.112538 -0.546802 0.628526 -0.159084 0.529768
660.000000 -12.616055 -16.427732 -19.282574 -0.545664 0.627124 -0.159916 0.532348
661.000000 -12.562919 -16.353794 -19.437973 -0.544357 0.626661 -0.159445 0.534367
662.000000 -12.731101 -16.310699 -19.421414 -0.544391 0.629126 -0.156376 0.532340
663.000000 -12.872463 -16.262880 -19.419726 -0.544306 0.631261 -0.153619 0.530699
664.000000 -12.865115 -16.233697 -19.496639 -0.543930 0.631298 -0.153282 0.531137
665.000000 -12.810427 -16.168015 -19.635980 -0.542851 0.630849 -0.152975 0.532861
666.000000 -12.768335 -16.051113 -19.807517 -0.541131 0.630788 -0.151642 0.535059
667.000000 -12.731027 -15.894671 -20.005675 -0.538913 0.630925 -0.149639 0.537693
668.000000 -12.687471 -15.708779 -20.229046 -0.536292 0.631035 -0.147329 0.540813
669.000000 -12.686609 -15.561647 -20.395070 -0.534348 0.631506 -0.145130 0.542780
670.000000 -12.671237 -15.516373 -20.495194 -0.533659 0.631399 -0.144679 0.543701
671.000000 -12.610573 -15.485951 -20.614265 -0.532963 0.630654 -0.144983 0.545166
672.000000 -12.578791 -15.389570 -20.763445 -0.531492 0.630548 -0.143914 0.547004
673.000000 -12.629754 -15.204700 -20.921800 -0.529187 0.631861 -0.140520 0.548605
674.000000 -12.834839 -15.014217 -20.983216 -0.527405 0.635201 -0.135079 0.547830
675.000000 -13.181518 -15.032464 -20.802827 -0.528827 0.639679 -0.130891 0.542236
676.000000 -13.626867 -15.303449 -20.362916 -0.533822 0.644638 -0.129326 0.531743
677.000000 -14.036267 -15.563033 -19.935088 -0.538486 0.649168 -0.128184 0.521712
678.000000 -14.307944 -15.595412 -19.770498 -0.539691 0.652613 -0.125216 0.516867
679.000000 -14.324745 -15.474033 -19.908723 -0.538117 0.653195 -0.123020 0.518297
680.000000 -14.161179 -15.368311 -20.159246 -0.536254 0.651392 -0.123421 0.522387
681.000000 -13.963416 -15.204785 -20.467589 -0.533590 0.649361 -0.123385 0.527625
682.000000 -13.747524 -15.005332 -20.805967 -0.530412 0.647230 -0.123070 0.533488
683.000000 -13.674320 -14.984840 -20.918362 -0.529940 0.646411 -0.123635 0.534819
684.000000 -13.692044 -15.078804 -20.891350 -0.531192 0.646370 -0.124832 0.533346
685.000000 -13.655860 -15.120874 -20.939202 -0.531609 0.645734 -0.126001 0.533426
686.000000 -13.512461 -15.008075 -21.168531 -0.529714 0.644199 -0.126106 0.537129
687.000000 -13.330434 -14.821246 -21.471081 -0.526756 0.642405 -0.125532 0.542296
688.000000 -13.151643 -14.745261 -21.685874 -0.525269 0.640366 -0.126583 0.545895
689.000000 -13.118240 -14.606556 -21.849283 -0.523464 0.640360 -0.124963 0.548004
690.000000 -13.231067 -14.320839 -22.019347 -0.520257 0.642574 -0.119437 0.549696
691.000000 -13.409822 -14.150847 -22.071276 -0.518670 0.645254 -0.114789 0.549047
692.000000 -13.759619 -14.244796 -21.846252 -0.520769 0.649357 -0.111937 0.542775
693.000000 -14.011998 -14.279069 -21.715750 -0.521828 0.652400 -0.109438 0.538603
694.000000 -14.182535 -14.193208 -21.715438 -0.521147 0.654723 -0.106136 0.537102
695.000000 -14.359326 -14.045379 -21.751924 -0.519670 0.657244 -0.101816 0.536289
696.000000 -14.537992 -13.844312 -21.817587 -0.517555 0.659886 -0.096654 0.536046
697.000000 -14.709757 -13.709961 -21.837785 -0.516304 0.662297 -0.092572 0.534998
698.000000 -14.920814 -13.749406 -21.718735 -0.517278 0.664808 -0.090660 0.531257
699.000000 -15.052624 -13.856937 -21.608992 -0.518896 0.666205 -0.090778 0.527899
700.000000 -15.247837 -14.054348 -21.394642 -0.521720 0.668183 -0.091517 0.522460
701.000000 -15.375035 -14.219499 -21.247307 -0.523965 0.669396 -0.092574 0.518459
702.000000 -15.269330 -14.230222 -21.370385 -0.523827 0.668095 -0.093981 0.520021
703.000000 -15.116239 -14.182540 -21.560917 -0.522925 0.666358 -0.095092 0.522947
704.000000 -14.969997 -14.086853 -21.776463 -0.521443 0.664801 -0.095455 0.526332
705.000000 -14.810324 -13.955790 -22.020063 -0.519500 0.663178 -0.095465 0.530284
706.000000 -14.604912 -13.835887 -22.282965 -0.517605 0.660980 -0.096177 0.534734
707.000000 -14.349874 -13.670429 -22.601059 -0.515083 0.658271 -0.096740 0.540379
708.000000 -14.035841 -13.299660 -23.066593 -0.510027 0.655292 -0.094974 0.549041
709.000000 -13.837531 -12.946223 -23.436146 -0.505448 0.653646 -0.092195 0.555671
710.000000 -13.700080 -12.692272 -23.706682 -0.502181 0.652512 -0.090138 0.560284
711.000000 -13.735428 -12.581138 -23.799221 -0.500934 0.653125 -0.088158 0.561000
712.000000 -14.002107 -12.636632 -23.669720 -0.502057 0.656133 -0.086004 0.556805
713.000000 -14.163425 -12.564864 -23.668537 -0.501443 0.658131 -0.083295 0.555410
714.000000 -14.340786 -12.495923 -23.654013 -0.500883 0.660312 -0.080492 0.553737
715.000000 -14.549308 -12.490989 -23.582731 -0.501142 0.662757 -0.078264 0.550895
716.000000 -14.818364 -12.565909 -23.424883 -0.502472 0.665792 -0.076493 0.546253
717.000000 -15.149129 -12.716169 -23.177143 -0.504832 0.669437 -0.075084 0.539778
718.000000 -15.499725 -12.910155 -22.886947 -0.507685 0.673203 -0.074075 0.532509
719.000000 -15.816206 -13.107514 -22.608371 -0.510485 0.676569 -0.073512 0.525600
720.000000 -16.043734 -13.222087 -22.433293 -0.512156 0.679036 -0.072718 0.520882
721.000000 -16.120879 -13.008523 -22.555604 -0.509786 0.680269 -0.068612 0.522154
722.000000 -16.094292 -12.528712 -22.896358 -0.504208 0.680651 -0.061701 0.527903
723.000000 -16.114370 -12.167224 -23.127745 -0.500080 0.681352 -0.056164 0.531531
724.000000 -15.943107 -11.850565 -23.459362 -0.496262 0.679773 -0.053449 0.537378
725.000000 -15.809916 -11.475099 -23.784279 -0.491854 0.678671 -0.049511 0.543171
726.000000 -15.748475 -11.137732 -24.036451 -0.487943 0.678312 -0.045332 0.547494
727.000000 -15.713443 -10.895461 -24.222237 -0.485135 0.678152 -0.042212 0.550429
728.000000 -15.670125 -10.648383 -24.412676 -0.482280 0.677866 -0.039168 0.553507
729.000000 -15.625251 -10.274340 -24.655887 -0.477998 0.677594 -0.034458 0.557850
730.000000 -15.580561 -9.737723 -24.955001 -0.471884 0.677398 -0.027542 0.563648
731.000000 -15.549268 -9.382704 -25.162610 -0.467860 0.677219 -0.023015 0.567408
732.000000 -15.501579 -9.143541 -25.330771 -0.465177 0.676787 -0.020240 0.570228
733.000000 -15.594758 -8.908584 -25.408071 -0.462632 0.677903 -0.016173 0.571102
734.000000 -15.943803 -8.718773 -25.308676 -0.460653 0.681840 -0.010305 0.568143
735.000000 -16.293435 -8.650129 -25.162375 -0.459940 0.685751 -0.006096 0.564059
736.000000 -16.580719 -8.490741 -25.082643 -0.458150 0.688969 -0.001281 0.561622
737.000000 -16.823192 -8.085707 -25.108659 -0.453581 0.691653 0.006477 0.561995
738.000000 -17.048865 -7.555629 -25.174414 -0.447595 0.694054 0.015797 0.563647
739.000000 -17.247077 -7.074750 -25.230826 -0.442157 0.696081 0.024182 0.565140
740.000000 -17.409846 -6.783607 -25.249570 -0.438846 0.697761 0.029611 0.565390
741.000000 -17.524921 -6.612521 -25.265843 -0.436874 0.698973 0.032932 0.565238
742.000000 -17.480030 -6.516140 -25.373128 -0.435794 0.698449 0.033818 0.566664
743.000000 -17.248051 -6.444271 -25.601314 -0.435094 0.695849 0.032808 0.570448
744.000000 -16.934944 -6.373225 -25.879003 -0.434452 0.692342 0.031166 0.575276
745.000000 -16.671035 -6.312928 -26.116399 -0.433905 0.689391 0.029814 0.579291
746.000000 -16.559132 -6.335120 -26.234230 -0.434206 0.688167 0.028626 0.580579
747.000000 -16.543388 -6.445748 -26.270647 -0.435448 0.688026 0.027037 0.579891
748.000000 -16.524137 -6.524060 -26.318288 -0.436339 0.687799 0.025814 0.579547
749.000000 -16.486373 -6.518165 -26.398090 -0.436321 0.687323 0.025541 0.580137
750.000000 -16.531430 -6.507407 -26.425568 -0.436219 0.687780 0.026037 0.579650
751.000000 -16.627071 -6.417654 -26.438228 -0.435233 0.688784 0.028022 0.579106
752.000000 -16.857075 -6.252687 -26.382004 -0.433332 0.691225 0.032129 0.577408
753.000000 -17.226482 -6.049776 -26.241424 -0.430871 0.695138 0.037908 0.574192
754.000000 -17.611247 -5.803975 -26.093765 -0.427855 0.699148 0.044398 0.571105
755.000000 -17.884735 -5.506044 -26.024665 -0.424325 0.701873 0.050663 0.569873
756.000000 -17.991890 -5.172579 -26.071781 -0.420552 0.702709 0.056022 0.571137
757.000000 -18.040852 -4.877317 -26.147367 -0.417263 0.702915 0.060383 0.572849
758.000000 -18.201173 -4.727127 -26.116359 -0.415445 0.704473 0.063723 0.571894
759.000000 -18.551240 -4.726913 -25.921964 -0.415025 0.708277 0.066568 0.567156
760.000000 -18.885589 -4.647543 -25.747251 -0.413714 0.711821 0.070316 0.563212
761.000000 -19.155958 -4.470828 -25.631772 -0.411390 0.714528 0.074885 0.560892
762.000000 -19.356607 -4.259141 -25.570206 -0.408764 0.716402 0.079412 0.559797
763.000000 -19.472472 -4.066865 -25.565621 -0.406477 0.717371 0.083022 0.559698
764.000000 -19.488230 -3.947070 -25.622130 -0.405146 0.717386 0.084826 0.560374
765.000000 -19.411873 -3.927644 -25.732355 -0.405049 0.716570 0.084494 0.561537
766.000000 -19.303302 -3.964431 -25.858811 -0.405602 0.715477 0.083156 0.562729
767.000000 -19.224402 -3.994997 -25.964531 -0.406036 0.714677 0.082162 0.563578
768.000000 -19.192979 -3.933849 -26.049922 -0.405405 0.714232 0.082787 0.564505
769.000000 -19.148244 -3.765391 -26.161490 -0.403652 0.713455 0.084731 0.566451
770.000000 -19.141450 -3.633170 -26.239739 -0.402257 0.713132 0.086423 0.567594
771.000000 -19.209329 -3.627133 -26.245635 -0.402118 0.713813 0.086978 0.566751
772.000000 -19.347336 -3.699700 -26.187971 -0.402708 0.715380 0.087047 0.564341
773.000000 -19.569862 -3.773728 -26.064204 -0.403147 0.717875 0.087805 0.560730
774.000000 -19.892291 -3.770318 -25.871032 -0.402544 0.721339 0.090427 0.556283
775.000000 -20.308883 -3.640546 -25.615373 -0.400373 0.725605 0.095549 0.551426
776.000000 -20.760750 -3.411962 -25.334099 -0.397024 0.730041 0.102383 0.546744
777.000000 -21.181895 -3.134333 -25.071621 -0.393154 0.734000 0.109755 0.542796
778.000000 -21.507381 -2.912635 -24.872595 -0.390044 0.737013 0.115595 0.539736
779.000000 -21.742614 -2.803494 -24.732658 -0.388324 0.739304 0.119043 0.537087
780.000000 -21.945529 -2.801093 -24.605939 -0.387811 0.741508 0.120627 0.534058
781.000000 -22.159862 -2.841944 -24.461307 -0.387713 0.743944 0.121661 0.530495
782.000000 -22.383682 -2.896478 -24.303163 -0.387710 0.746516 0.122591 0.526656
783.000000 -22.596441 -2.959588 -24.150609 -0.387813 0.748987 0.123329 0.522886
784.000000 -22.778146 -3.026124 -24.023423 -0.388035 0.751129 0.123778 0.519532
785.000000 -22.916153 -3.100582 -23.934109 -0.388475 0.752818 0.123743 0.516759
786.000000 -23.010454 -3.205482 -23.881012 -0.389373 0.754115 0.122857 0.514398
787.000000 -23.063089 -3.355220 -23.860858 -0.390867 0.755076 0.120905 0.512314
788.000000 -23.081518 -3.504469 -23.873006 -0.392440 0.755660 0.118672 0.510770
789.000000 -23.075061 -3.586432 -23.918973 -0.393348 0.755799 0.117306 0.510181
790.000000 -23.054122 -3.544799 -23.997799 -0.392969 0.755470 0.117789 0.510849
791.000000 -23.036767 -3.385356 -24.090263 -0.391326 0.754878 0.120164 0.512428
792.000000 -23.044012 -3.135675 -24.170130 -0.388662 0.754308 0.124146 0.514344
793.000000 -23.097011 -2.824137 -24.211082 -0.385215 0.754037 0.129449 0.516024
794.000000 -23.218407 -2.493824 -24.184329 -0.381368 0.754408 0.135586 0.516763
795.000000 -23.429475 -2.233048 -24.058935 -0.377982 0.755893 0.141367 0.515529
796.000000 -23.718100 -2.081370 -23.841695 -0.375494 0.758512 0.146070 0.512179
797.000000 -24.045922 -2.023292 -23.569673 -0.373840 0.761844 0.149601 0.507402
798.000000 -24.374548 -2.040899 -23.281645 -0.372948 0.765444 0.151915 0.501924
799.000000 -24.667215 -2.117384 -23.017559 -0.372774 0.768863 0.152981 0.496474
800.000000 -24.888407 -2.236012 -22.818971 -0.373285 0.771662 0.152772 0.491789
801.000000 -25.003760 -2.380881 -22.728568 -0.374446 0.773412 0.151256 0.488616
802.000000 -25.000215 -2.545250 -22.764551 -0.376219 0.773943 0.148433 0.487276
803.000000 -24.996171 -2.734681 -22.796767 -0.378261 0.774538 0.145182 0.485728
804.000000 -25.055940 -2.924146 -22.757957 -0.380095 0.775796 0.142442 0.483093
805.000000 -25.140520 -3.053890 -22.699390 -0.381218 0.777106 0.140908 0.480545
806.000000 -25.224651 -3.094190 -22.654643 -0.381397 0.778106 0.140894 0.478787
807.000000 -25.306580 -3.063283 -22.623973 -0.380833 0.778832 0.142082 0.477703
808.000000 -25.382942 -2.981395 -22.605160 -0.379744 0.779340 0.144117 0.477131
809.000000 -25.451472 -2.868804 -22.595952 -0.378341 0.779687 0.146641 0.476910
810.000000 -25.511940 -2.745480 -22.594413 -0.376837 0.779928 0.149295 0.476883
811.000000 -25.564054 -2.631753 -22.599118 -0.375454 0.780119 0.151717 0.476896
812.000000 -25.586646 -2.540105 -22.633531 -0.374398 0.780076 0.153512 0.477222
813.000000 -25.530016 -2.467076 -22.754840 -0.373806 0.779263 0.154320 0.478753
814.000000 -25.418056 -2.428251 -22.933867 -0.373764 0.777981 0.154082 0.480943
815.000000 -25.286212 -2.428211 -23.130164 -0.374194 0.776613 0.153022 0.483151
816.000000 -25.176182 -2.470568 -23.298290 -0.374995 0.775599 0.151425 0.484661
817.000000 -25.119858 -2.553304 -23.405646 -0.376042 0.775248 0.149578 0.484985
818.000000 -25.120852 -2.661007 -23.449171 -0.377161 0.775558 0.147774 0.484171
819.000000 -25.178189 -2.776202 -23.429661 -0.378172 0.776483 0.146307 0.482343
820.000000 -25.292861 -2.881252 -23.347195 -0.378896 0.777976 0.145476 0.479612
821.000000 -25.465594 -2.958248 -23.201539 -0.379146 0.779994 0.145581 0.476092
822.000000 -25.696166 -2.989632 -22.992943 -0.378738 0.782481 0.146925 0.471905
823.000000 -25.880009 -2.963058 -22.839402 -0.377874 0.784309 0.148893 0.468936
824.000000 -25.926264 -2.885681 -22.846329 -0.376933 0.784555 0.150616 0.468731
825.000000 -25.911065 -2.810983 -22.922397 -0.376221 0.784180 0.151775 0.469557
826.000000 -25.832355 -2.734593 -23.070389 -0.375699 0.783147 0.152427 0.471484
827.000000 -25.691158 -2.651817 -23.288413 -0.375315 0.781446 0.152673 0.474523
828.000000 -25.514108 -2.571093 -23.544315 -0.375062 0.779374 0.152599 0.478141
829.000000 -25.331828 -2.502349 -23.802382 -0.374942 0.777277 0.152292 0.481733
830.000000 -25.174176 -2.454295 -24.028158 -0.374951 0.775511 0.151836 0.484706
831.000000 -25.073776 -2.437553 -24.188084 -0.375096 0.774436 0.151315 0.486472
832.000000 -25.064045 -2.463301 -24.248573 -0.375385 0.774414 0.150818 0.486439
833.000000 -25.178029 -2.542343 -24.174804 -0.375826 0.775799 0.150430 0.484006
834.000000 -25.408906 -2.661056 -23.971951 -0.376295 0.778480 0.150304 0.479353
835.000000 -25.649584 -2.751692 -23.756766 -0.376443 0.781177 0.150697 0.474704
836.000000 -25.872252 -2.810239 -23.559948 -0.376317 0.783592 0.151482 0.470555
837.000000 -26.056806 -2.838547 -23.404855 -0.376005 0.785530 0.152480 0.467240
838.000000 -26.183394 -2.837891 -23.315454 -0.375586 0.786795 0.153511 0.465105
839.000000 -26.231896 -2.809016 -23.316039 -0.375137 0.787195 0.154392 0.464500
840.000000 -26.181362 -2.752398 -23.430665 -0.374736 0.786523 0.154934 0.465779
841.000000 -26.010237 -2.668391 -23.680874 -0.374459 0.784572 0.154964 0.469269
842.000000 -25.778849 -2.563368 -23.994613 -0.374165 0.781967 0.154859 0.473864
843.000000 -25.554022 -2.455239 -24.295914 -0.373813 0.779424 0.154851 0.478312
844.000000 -25.335249 -2.349795 -24.585698 -0.373467 0.776950 0.154847 0.482591
845.000000 -25.132375 -2.250939 -24.854614 -0.373134 0.774646 0.154859 0.486532
846.000000 -24.958949 -2.162363 -25.090379 -0.372812 0.772650 0.154929 0.489919
847.000000 -24.827014 -2.087614 -25.282293 -0.372494 0.771102 0.155096 0.492539
848.000000 -24.748762 -2.030045 -25.417548 -0.372177 0.770145 0.155400 0.494178
849.000000 -24.739029 -1.993776 -25.482860 -0.371854 0.769932 0.155882 0.494601
850.000000 -24.814726 -1.983906 -25.462234 -0.371525 0.770636 0.156589 0.493528
851.000000 -24.991188 -2.005677 -25.339361 -0.371188 0.772416 0.157554 0.490683
852.000000 -25.193467 -2.056806 -25.186084 -0.371047 0.774540 0.158259 0.487203
853.000000 -25.343862 -2.123852 -25.081108 -0.371217 0.776211 0.158336 0.484381
854.000000 -25.441690 -2.207141 -25.026658 -0.371709 0.777421 0.157775 0.482241
855.000000 -25.489820 -2.308092 -25.020549 -0.372528 0.778201 0.156577 0.480739
856.000000 -25.491459 -2.427631 -25.059606 -0.373669 0.778587 0.154749 0.479820
857.000000 -25.454865 -2.562431 -25.135411 -0.375069 0.778647 0.152405 0.479380
858.000000 -25.391261 -2.706722 -25.236625 -0.376633 0.778472 0.149720 0.479284
859.000000 -25.311365 -2.854351 -25.352644 -0.378267 0.778145 0.146867 0.479410
860.000000 -25.224244 -2.998223 -25.474984 -0.379874 0.777734 0.144022 0.479670
861.000000 -25.138794 -3.130984 -25.595770 -0.381363 0.777301 0.141363 0.479981
862.000000 -25.063958 -3.245266 -25.707393 -0.382639 0.776912 0.139066 0.480266
863.000000 -25.008758 -3.333666 -25.802444 -0.383615 0.776634 0.137310 0.480443
864.000000 -24.982315 -3.388698 -25.873587 -0.384201 0.776532 0.136274 0.480434
865.000000 -24.993279 -3.403246 -25.913831 -0.384312 0.776670 0.136126 0.480164
866.000000 -25.043276 -3.375858 -25.921874 -0.383932 0.777057 0.136899 0.479621
867.000000 -25.124042 -3.313127 -25.904477 -0.383144 0.777633 0.138435 0.478877
868.000000 -25.224073 -3.224253 -25.871033 -0.382059 0.778313 0.140511 0.478034
869.000000 -25.331839 -3.118420 -25.831108 -0.380790 0.779014 0.142905 0.477193
870.000000 -25.435867 -3.004758 -25.794545 -0.379451 0.779657 0.145393 0.476459
871.000000 -25.524866 -2.892296 -25.771514 -0.378157 0.780161 0.147753 0.475935
872.000000 -25.587652 -2.790018 -25.772476 -0.377027 0.780450 0.149766 0.475729
873.000000 -25.612988 -2.706930 -25.808074 -0.376181 0.780447 0.151212 0.475946
874.000000 -25.589541 -2.651961 -25.888870 -0.375737 0.780077 0.151873 0.476693
875.000000 -25.508862 -2.628933 -26.022506 -0.375755 0.779274 0.151638 0.478065
876.000000 -25.371792 -2.630809 -26.207739 -0.376163 0.778028 0.150626 0.480089
877.000000 -25.183550 -2.646572 -26.438852 -0.376838 0.776357 0.149051 0.482749
878.000000 -24.949352 -2.665016 -26.709911 -0.377657 0.774277 0.147126 0.486029
879.000000 -24.674453 -2.674543 -27.014977 -0.378494 0.771806 0.145063 0.489914
880.000000 -24.364216 -2.662905 -27.348177 -0.379216 0.768965 0.143072 0.494387
881.000000 -24.037220 -2.626806 -27.691488 -0.379739 0.765922 0.141314 0.499191
882.000000 -23.776741 -2.609721 -27.969271 -0.380245 0.763538 0.139754 0.502884
883.000000 -23.637766 -2.638209 -28.136773 -0.380847 0.762360 0.138412 0.504583
884.000000 -23.599030 -2.689235 -28.217627 -0.381400 0.762129 0.137456 0.504776
885.000000 -23.628935 -2.740338 -28.241533 -0.381782 0.762503 0.136969 0.504055
886.000000 -23.691595 -2.775220 -28.239957 -0.381936 0.763123 0.136922 0.503011
887.000000 -23.749462 -2.777280 -28.244723 -0.381809 0.763629 0.137285 0.502240
888.000000 -23.774757 -2.738392 -28.279285 -0.381404 0.763763 0.137981 0.502154
889.000000 -23.779804 -2.684630 -28.331156 -0.380920 0.763692 0.138739 0.502421
890.000000 -23.787101 -2.650979 -28.378683 -0.380611 0.763695 0.139241 0.502512
891.000000 -23.805800 -2.662892 -28.412517 -0.380676 0.763908 0.139209 0.502147
892.000000 -23.780303 -2.698417 -28.481833 -0.381053 0.763780 0.138566 0.502233
893.000000 -23.682226 -2.748324 -28.611013 -0.381724 0.763036 0.137250 0.503215
894.000000 -23.531301 -2.807424 -28.782611 -0.382591 0.761841 0.135470 0.504846
895.000000 -23.340886 -2.853916 -28.986028 -0.383432 0.760267 0.133610 0.507073
896.000000 -23.124373 -2.865005 -29.211166 -0.384017 0.758386 0.132052 0.509847
897.000000 -22.897337 -2.818930 -29.446614 -0.384124 0.756297 0.131161 0.513089
898.000000 -22.724187 -2.748236 -29.639056 -0.383899 0.754640 0.130919 0.515752
899.000000 -22.693947 -2.724453 -29.716037 -0.383773 0.754338 0.130998 0.516267
900.000000 -22.761364 -2.747197 -29.714153 -0.383835 0.754985 0.131115 0.515245
901.000000 -22.773999 -2.753377 -29.756227 -0.383865 0.755116 0.131088 0.515037
902.000000 -22.688744 -2.709351 -29.878376 -0.383665 0.754278 0.131083 0.516414
903.000000 -22.500764 -2.596253 -30.083312 -0.383085 0.752396 0.131312 0.519522
904.000000 -22.232907 -2.440918 -30.346361 -0.382314 0.749751 0.131568 0.523832
905.000000 -21.921701 -2.292173 -30.633851 -0.381691 0.746768 0.131454 0.528554
906.000000 -21.600219 -2.198761 -30.919124 -0.381563 0.743816 0.130590 0.533004
907.000000 -21.297623 -2.208383 -31.179433 -0.382276 0.741236 0.128616 0.536556
908.000000 -20.982083 -2.302648 -31.438237 -0.383732 0.738708 0.125586 0.539711
909.000000 -20.552980 -2.385551 -31.766901 -0.385294 0.735174 0.122033 0.544220
910.000000 -20.039795 -2.426250 -32.142611 -0.386620 0.730841 0.118491 0.549869
911.000000 -19.588744 -2.460238 -32.469415 -0.387733 0.727037 0.115414 0.554761
912.000000 -19.230917 -2.492796 -32.732656 -0.388637 0.724037 0.112913 0.558554
913.000000 -18.957890 -2.518726 -32.942086 -0.389321 0.721754 0.110995 0.561409
914.000000 -18.760534 -2.532743 -33.106360 -0.389769 0.720096 0.109667 0.563485
915.000000 -18.631539 -2.530285 -33.231900 -0.389962 0.718992 0.108930 0.564902
916.000000 -18.570259 -2.510398 -33.320305 -0.389895 0.718435 0.108783 0.565685
917.000000 -18.577139 -2.473020 -33.371907 -0.389570 0.718427 0.109225 0.565834
918.000000 -18.652413 -2.417952 -33.386603 -0.388983 0.718969 0.110255 0.565349
919.000000 -18.796101 -2.344757 -33.363847 -0.388121 0.720065 0.111864 0.564230
920.000000 -19.007898 -2.253566 -33.302666 -0.386983 0.721708 0.114050 0.562472
921.000000 -19.285989 -2.159389 -33.201414 -0.385698 0.723897 0.116663 0.560000
922.000000 -19.619506 -2.187042 -33.056394 -0.385338 0.726754 0.118292 0.556193
923.000000 -19.980332 -2.457752 -32.873235 -0.386961 0.730264 0.117414 0.550627
924.000000 -20.277250 -2.817165 -32.714678 -0.389420 0.733386 0.115153 0.545195
925.000000 -20.457916 -3.136501 -32.625363 -0.391734 0.735451 0.112646 0.541264
926.000000 -20.552827 -3.443923 -32.586714 -0.394091 0.736768 0.109773 0.538345
927.000000 -20.598544 -3.777066 -32.572340 -0.396749 0.737707 0.106309 0.535795
928.000000 -20.631750 -4.173052 -32.553685 -0.399961 0.738631 0.102022 0.532961
929.000000 -20.681766 -4.648969 -32.508601 -0.403790 0.739779 0.096904 0.529424
930.000000 -20.740990 -5.118503 -32.452727 -0.407526 0.740942 0.091905 0.525815
931.000000 -20.783949 -5.488027 -32.418128 -0.410455 0.741790 0.087940 0.523011
932.000000 -20.769006 -5.671531 -32.449666 -0.411958 0.741896 0.085750 0.522041
933.000000 -20.691488 -5.587056 -32.566814 -0.411397 0.741143 0.086232 0.523473
934.000000 -20.648828 -5.396565 -32.678104 -0.409943 0.740543 0.088113 0.525147
935.000000 -20.704963 -5.243413 -32.719145 -0.408653 0.740790 0.090191 0.525452
936.000000 -20.840999 -5.114577 -32.704730 -0.407436 0.741705 0.092520 0.524700
937.000000 -21.031967 -4.982177 -32.654828 -0.406099 0.743047 0.095236 0.523350
938.000000 -21.252565 -4.818293 -32.589074 -0.404450 0.744570 0.098481 0.521859
939.000000 -21.485228 -4.620245 -32.518084 -0.402495 0.746126 0.102184 0.520435
940.000000 -21.748537 -4.488607 -32.414486 -0.401013 0.748016 0.105323 0.518236
941.000000 -22.072923 -4.511606 -32.244770 -0.400659 0.750633 0.107068 0.514352
942.000000 -22.461578 -4.635314 -32.011072 -0.400989 0.753927 0.108041 0.509047
943.000000 -22.869362 -4.785604 -31.752034 -0.401478 0.757420 0.108804 0.503282
944.000000 -23.214803 -4.915306 -31.533211 -0.401893 0.760388 0.109402 0.498320
945.000000 -23.410289 -4.992082 -31.428135 -0.402145 0.762086 0.109679 0.495455
946.000000 -23.360632 -5.007567 -31.513086 -0.402343 0.761755 0.109134 0.495922
947.000000 -23.070889 -4.945733 -31.784854 -0.402341 0.759419 0.107986 0.499743
948.000000 -22.659307 -4.777750 -32.154005 -0.401693 0.755962 0.107316 0.505616
949.000000 -22.236373 -4.474806 -32.540645 -0.399982 0.752196 0.108129 0.512370
950.000000 -21.817654 -4.022914 -32.932238 -0.397086 0.748195 0.110651 0.519889
951.000000 -21.386820 -3.416869 -33.334363 -0.393004 0.743777 0.114808 0.528359
952.000000 -20.978725 -2.680587 -33.713983 -0.387875 0.739218 0.120521 0.537200
953.000000 -20.657182 -1.855585 -34.021947 -0.381912 0.735071 0.127710 0.545439
954.000000 -20.487928 -0.984611 -34.214471 -0.375316 0.731919 0.136300 0.552137
955.000000 -20.544692 -0.098685 -34.247727 -0.368147 0.730405 0.146355 0.556378
956.000000 -20.909955 0.795565 -34.069579 -0.360186 0.731218 0.158225 0.557271
957.000000 -21.549109 1.682931 -33.688918 -0.351479 0.734141 0.171524 0.555048
958.000000 -22.298941 2.540886 -33.195423 -0.342478 0.737933 0.185114 0.551269
959.000000 -23.014463 3.352212 -32.683029 -0.333679 0.741473 0.198038 0.547410
960.000000 -23.658966 4.112914 -32.184204 -0.325267 0.744479 0.210076 0.543894
961.000000 -24.235169 4.823962 -31.705363 -0.317281 0.746975 0.221273 0.540740
962.000000 -24.746130 5.487098 -31.251889 -0.309747 0.748988 0.231666 0.537964
963.000000 -25.194892 6.104801 -30.828284 -0.302675 0.750547 0.241291 0.535580
964.000000 -25.584379 6.679767 -30.438287 -0.296070 0.751680 0.250180 0.533601
965.000000 -25.916637 7.208851 -30.086975 -0.289990 0.752425 0.258296 0.532020
966.000000 -26.187793 7.646971 -29.795114 -0.284892 0.752958 0.265043 0.530701
967.000000 -26.391099 7.930993 -29.593229 -0.281415 0.753533 0.269559 0.529463
968.000000 -26.528061 8.027581 -29.496787 -0.279894 0.754353 0.271394 0.528163
969.000000 -26.618036 7.964755 -29.484594 -0.280007 0.755477 0.270984 0.526705
970.000000 -26.681958 7.776831 -29.528332 -0.281350 0.756928 0.268866 0.524989
971.000000 -26.740398 7.497979 -29.598817 -0.283520 0.758722 0.265566 0.522908
972.000000 -26.813944 7.162766 -29.667075 -0.286118 0.760875 0.261605 0.520355
973.000000 -26.923254 6.805716 -29.704859 -0.288751 0.763406 0.257513 0.517224
974.000000 -27.088342 6.460214 -29.685289 -0.291046 0.766337 0.253826 0.513412
975.000000 -27.317624 6.148438 -29.594948 -0.292778 0.769642 0.250884 0.508910
976.000000 -27.611109 5.914615 -29.423481 -0.293571 0.773138 0.249275 0.503920
977.000000 -27.970217 5.820000 -29.155455 -0.292887 0.776588 0.249839 0.498706
978.000000 -28.387253 5.894901 -28.788065 -0.290476 0.779793 0.252998 0.493496
979.000000 -28.836187 6.106143 -28.346797 -0.286693 0.782649 0.258250 0.488441
980.000000 -29.289781 6.414014 -27.861203 -0.281956 0.785074 0.264963 0.483689
981.000000 -29.722522 6.781396 -27.362608 -0.276674 0.787000 0.272502 0.479401
982.000000 -30.110705 7.173483 -26.884981 -0.271258 0.788382 0.280242 0.475750
983.000000 -30.432427 7.557266 -26.465227 -0.266131 0.789191 0.287571 0.472921
984.000000 -30.667477 7.901516 -26.142396 -0.261728 0.789418 0.293898 0.471106
985.000000 -30.806440 8.190261 -25.940524 -0.258303 0.789072 0.298914 0.470420
986.000000 -30.851059 8.423533 -25.864005 -0.255898 0.788170 0.302625 0.470874
987.000000 -30.802436 8.601804 -25.914710 -0.254536 0.786720 0.305048 0.472471
988.000000 -30.660080 8.725709 -26.093113 -0.254224 0.784725 0.306191 0.475209
989.000000 -30.442778 8.791825 -26.375581 -0.254871 0.782393 0.306094 0.478758
990.000000 -30.286507 8.772468 -26.612792 -0.255932 0.781109 0.305036 0.480958
991.000000 -30.299410 8.656765 -26.688300 -0.256892 0.781891 0.303395 0.480213
992.000000 -30.463559 8.478254 -26.612083 -0.257558 0.784376 0.301548 0.476956
993.000000 -30.746939 8.274416 -26.404559 -0.257772 0.788060 0.299865 0.471801
994.000000 -31.117183 8.081315 -26.085384 -0.257390 0.792450 0.298720 0.465339
995.000000 -31.541193 7.932551 -25.674398 -0.256282 0.797076 0.298496 0.458138
996.000000 -32.003406 7.841508 -25.178609 -0.254396 0.801728 0.299383 0.450426
997.000000 -32.504592 7.804570 -24.592027 -0.251726 0.806426 0.301385 0.442130
998.000000 -33.044691 7.818437 -23.907728 -0.248253 0.811188 0.304481 0.433169
999.000000 -33.603751 7.883719 -23.143835 -0.244033 0.815841 0.308600 0.423813
1000.000000 -34.066911 8.018223 -22.459922 -0.239640 0.819187 0.313507 0.416196
1001.000000 -34.358316 8.224979 -21.986680 -0.235638 0.820433 0.318899 0.411908
1002.000000 -34.506035 8.475137 -21.709643 -0.232186 0.819994 0.324381 0.410459
1003.000000 -34.543390 8.738810 -21.596869 -0.229387 0.818382 0.329538 0.411142
1004.000000 -34.500145 8.986807 -21.615909 -0.227334 0.816098 0.333956 0.413252
1005.000000 -34.403321 9.190047 -21.736257 -0.226121 0.813627 0.337233 0.416119
1006.000000 -34.265147 9.333624 -21.944242 -0.225804 0.811206 0.339180 0.419422
1007.000000 -34.084773 9.415883 -22.239990 -0.226400 0.808843 0.339796 0.423149
1008.000000 -33.860266 9.435453 -22.623378 -0.227915 0.806533 0.339081 0.427298
1009.000000 -33.589046 9.390824 -23.093468 -0.230348 0.804266 0.337029 0.431866
1010.000000 -33.268000 9.280166 -23.648408 -0.233688 0.802026 0.333630 0.436846
1011.000000 -32.894753 9.102592 -24.283227 -0.237902 0.799790 0.328907 0.442220
1012.000000 -32.481895 8.882469 -24.963228 -0.242630 0.797486 0.323386 0.447848
1013.000000 -32.055079 8.666582 -25.634193 -0.247260 0.795033 0.317964 0.453523
1014.000000 -31.643355 8.507025 -26.244612 -0.251169 0.792381 0.313552 0.459055
1015.000000 -31.270312 8.443733 -26.760395 -0.253916 0.789525 0.310786 0.464315
1016.000000 -30.942909 8.482850 -27.179477 -0.255462 0.786506 0.309721 0.469276
1017.000000 -30.665120 8.623826 -27.502791 -0.255828 0.783356 0.310336 0.473918
1018.000000 -30.440171 8.864588 -27.729919 -0.255032 0.780095 0.312608 0.478212
1019.000000 -30.270722 9.202631 -27.859015 -0.253083 0.776737 0.316511 0.482131
1020.000000 -30.158934 9.635427 -27.886910 -0.249973 0.773290 0.322009 0.485640
1021.000000 -30.105353 10.158180 -27.811407 -0.245716 0.769760 0.329022 0.488711
1022.000000 -30.093032 10.735504 -27.659253 -0.240686 0.766177 0.336979 0.491414
1023.000000 -30.092484 11.311008 -27.481554 -0.235539 0.762612 0.344966 0.493906
1024.000000 -30.074488 11.830017 -27.334012 -0.230953 0.759157 0.352092 0.496360
1025.000000 -30.018905 12.255410 -27.259390 -0.227419 0.755901 0.357746 0.498911
1026.000000 -29.923764 12.583943 -27.266242 -0.225016 0.752875 0.361884 0.501584
1027.000000 -29.789025 12.816025 -27.357582 -0.223763 0.750094 0.364528 0.504389
1028.000000 -29.614122 12.951464 -27.535268 -0.223675 0.747565 0.365695 0.507329
1029.000000 -29.397916 12.989369 -27.800062 -0.224761 0.745288 0.365393 0.510407
1030.000000 -29.138674 12.928134 -28.151619 -0.227027 0.743255 0.363624 0.513622
1031.000000 -28.834095 12.765455 -28.588416 -0.230471 0.741453 0.360381 0.516968
1032.000000 -28.481398 12.498364 -29.107624 -0.235088 0.739861 0.355650 0.520435
1033.000000 -28.078284 12.124736 -29.703564 -0.240847 0.738448 0.349435 0.524006
1034.000000 -27.636296 11.670268 -30.345533 -0.247392 0.737136 0.342148 0.527600
1035.000000 -27.180470 11.187520 -30.984728 -0.254087 0.735824 0.334555 0.531108
1036.000000 -26.738822 10.734212 -31.576298 -0.260291 0.734441 0.327445 0.534438
1037.000000 -26.341673 10.371924 -32.080125 -0.265367 0.732950 0.321617 0.537520
1038.000000 -26.010123 10.143775 -32.474747 -0.268913 0.731339 0.317600 0.540333
1039.000000 -25.746594 10.056312 -32.764743 -0.270920 0.729613 0.315446 0.542919
1040.000000 -25.550654 10.110774 -32.955035 -0.271416 0.727764 0.315160 0.545314
1041.000000 -25.421098 10.307748 -33.048037 -0.270418 0.725770 0.316738 0.547548
1042.000000 -25.356029 10.647391 -33.043655 -0.267924 0.723602 0.320168 0.549645
1043.000000 -25.352162 11.127560 -32.940761 -0.263941 0.721221 0.325406 0.551622
1044.000000 -25.390729 11.713961 -32.759216 -0.258815 0.718609 0.331992 0.553532
1045.000000 -25.439961 12.345634 -32.540019 -0.253191 0.715782 0.339129 0.555465
1046.000000 -25.468293 12.962663 -32.328839 -0.247734 0.712777 0.346029 0.557531
1047.000000 -25.444988 13.507382 -32.175506 -0.243121 0.709649 0.351929 0.559854
1048.000000 -25.350505 13.943411 -32.115824 -0.239812 0.706449 0.356351 0.562525
1049.000000 -25.183443 14.268375 -32.156413 -0.237870 0.703193 0.359279 0.565558
1050.000000 -24.943393 14.482494 -32.299481 -0.237316 0.699886 0.360733 0.568957
1051.000000 -24.628872 14.585485 -32.545648 -0.238160 0.696525 0.360724 0.572722
1052.000000 -24.237290 14.576508 -32.893930 -0.240403 0.693101 0.359251 0.576850
1053.000000 -23.765349 14.453961 -33.341509 -0.244037 0.689597 0.356308 0.581332
1054.000000 -23.225550 14.231272 -33.865792 -0.248830 0.686043 0.352111 0.586043
1055.000000 -22.663627 13.954759 -34.409474 -0.254106 0.682579 0.347328 0.590660
1056.000000 -22.132342 13.677557 -34.915307 -0.259133 0.679386 0.342681 0.594856
1057.000000 -21.677970 13.447330 -35.339980 -0.263299 0.676631 0.338784 0.598389
1058.000000 -21.309535 13.279314 -35.679314 -0.266474 0.674319 0.335794 0.601272
1059.000000 -21.025789 13.179568 -35.937650 -0.268648 0.672408 0.333755 0.603575
1060.000000 -20.824346 13.153254 -36.118219 -0.269812 0.670849 0.332714 0.605363
1061.000000 -20.702113 13.205521 -36.222995 -0.269947 0.669590 0.332712 0.606697
1062.000000 -20.655498 13.341733 -36.252682 -0.269026 0.668575 0.333782 0.607636
1063.000000 -20.680712 13.567381 -36.206923 -0.267016 0.667747 0.335954 0.608236
1064.000000 -20.756191 13.869733 -36.101034 -0.264114 0.666976 0.339024 0.608646
1065.000000 -20.826028 14.201177 -35.983620 -0.260975 0.666007 0.342344 0.609202
1066.000000 -20.830869 14.511065 -35.908950 -0.258312 0.664578 0.345227 0.610270
1067.000000 -20.721635 14.758032 -35.923394 -0.256722 0.662475 0.347108 0.612158
1068.000000 -20.488288 14.934070 -36.036260 -0.256332 0.659652 0.347884 0.614922
1069.000000 -20.129585 15.038837 -36.246226 -0.257153 0.656097 0.347564 0.618553
1070.000000 -19.648440 15.073334 -36.546688 -0.259148 0.651828 0.346182 0.622993
1071.000000 -19.074226 15.047309 -36.911841 -0.262071 0.647048 0.343942 0.627974
1072.000000 -18.445775 14.973648 -37.311153 -0.265606 0.642030 0.341102 0.633167
1073.000000 -17.803544 14.865578 -37.716396 -0.269438 0.637057 0.337921 0.638256
1074.000000 -17.189931 14.736729 -38.102147 -0.273259 0.632427 0.334667 0.642934
1075.000000 -16.649145 14.601098 -38.445807 -0.276764 0.628448 0.331613 0.646906
1076.000000 -16.226506 14.472887 -38.727074 -0.279658 0.625435 0.329042 0.649887
1077.000000 -15.961316 14.367002 -38.929422 -0.281673 0.623652 0.327221 0.651648
1078.000000 -15.858985 14.300872 -39.048682 -0.282664 0.623062 0.326312 0.652239
1079.000000 -15.913385 14.292738 -39.082716 -0.282518 0.623534 0.326441 0.651786
1080.000000 -16.111748 14.358915 -39.030191 -0.281154 0.624890 0.327693 0.650448
1081.000000 -16.411296 14.505870 -38.903625 -0.278685 0.626744 0.329965 0.648575
1082.000000 -16.759406 14.736860 -38.720425 -0.275287 0.628648 0.333091 0.646583
1083.000000 -17.104374 15.054797 -38.498825 -0.271138 0.630154 0.336909 0.644889
1084.000000 -17.396055 15.461902 -38.258072 -0.266433 0.630814 0.341274 0.643909
1085.000000 -17.583830 15.935792 -38.029060 -0.261589 0.630274 0.345844 0.643986
1086.000000 -17.608167 16.341112 -37.897509 -0.258038 0.628633 0.349293 0.645160
1087.000000 -17.421014 16.537523 -37.950603 -0.257217 0.626149 0.350279 0.647365
1088.000000 -17.048264 16.517373 -38.179503 -0.259080 0.623082 0.348850 0.650347
1089.000000 -16.538017 16.319048 -38.538587 -0.263051 0.619640 0.345533 0.653802
1090.000000 -15.943011 16.024233 -38.961348 -0.268167 0.615877 0.341209 0.657540
1091.000000 -15.319562 15.735134 -39.378151 -0.273302 0.611827 0.336867 0.661434
1092.000000 -14.721441 15.545989 -39.732280 -0.277439 0.607576 0.333367 0.665391
1093.000000 -14.161398 15.449634 -40.025985 -0.280593 0.603293 0.330655 0.669308
1094.000000 -13.633107 15.390521 -40.285669 -0.283268 0.599150 0.328293 0.673054
1095.000000 -13.131982 15.336675 -40.526357 -0.285766 0.595215 0.326064 0.676564
1096.000000 -12.679743 15.385188 -40.705444 -0.287198 0.591256 0.324790 0.680033
1097.000000 -12.396525 15.680018 -40.732987 -0.285873 0.587711 0.325919 0.683117
1098.000000 -12.297484 16.180407 -40.619155 -0.282054 0.584868 0.329180 0.685576
1099.000000 -12.295079 16.745642 -40.442051 -0.277262 0.582536 0.333252 0.687547
1100.000000 -12.293260 17.191904 -40.306781 -0.273452 0.580660 0.336473 0.689089
1101.000000 -12.218137 17.408240 -40.288558 -0.271900 0.579100 0.337781 0.690375
1102.000000 -12.032819 17.409619 -40.395089 -0.272640 0.577501 0.337175 0.691718
1103.000000 -11.746600 17.318692 -40.569222 -0.274586 0.575425 0.335583 0.693450
1104.000000 -11.393239 17.296178 -40.730733 -0.276225 0.572495 0.334254 0.695862
1105.000000 -11.102476 17.204862 -40.901757 -0.278197 0.570394 0.332634 0.697576
1106.000000 -10.893409 17.029233 -41.084520 -0.280546 0.569356 0.330667 0.698418
1107.000000 -10.625411 16.842633 -41.284941 -0.283204 0.567869 0.328406 0.699622
1108.000000 -10.219560 16.756531 -41.475400 -0.285547 0.564785 0.326393 0.702103
1109.000000 -9.684078 16.929749 -41.585749 -0.286191 0.559538 0.325738 0.706333
1110.000000 -9.055759 17.447186 -41.565687 -0.284250 0.552133 0.327055 0.712311
1111.000000 -8.815798 18.042651 -41.415369 -0.280066 0.547738 0.330161 0.715919
1112.000000 -8.812626 18.364070 -41.327431 -0.277300 0.546437 0.332265 0.717015
1113.000000 -8.746861 18.493154 -41.336366 -0.276444 0.545348 0.332892 0.717884
1114.000000 -8.618438 18.421950 -41.446830 -0.277565 0.544498 0.332001 0.718509
1115.000000 -8.369328 18.358084 -41.576923 -0.279090 0.542546 0.330771 0.719961
1116.000000 -8.031745 18.372585 -41.687610 -0.280280 0.539550 0.329768 0.722206
1117.000000 -7.700863 18.406678 -41.786932 -0.281287 0.536577 0.328886 0.724429
1118.000000 -7.474838 18.395145 -41.885889 -0.282281 0.534694 0.328038 0.725818
1119.000000 -7.435908 18.268489 -42.001321 -0.283538 0.534872 0.327076 0.725631
1120.000000 -7.572352 18.016021 -42.139054 -0.285186 0.537041 0.325896 0.723911
1121.000000 -7.379567 17.884486 -42.282202 -0.287066 0.535890 0.324386 0.724699
1122.000000 -6.961785 18.087262 -42.319655 -0.286941 0.531509 0.324246 0.728030
1123.000000 -6.568204 18.391842 -42.303867 -0.285814 0.526957 0.324802 0.731526
1124.000000 -6.141407 18.664293 -42.300879 -0.285055 0.522251 0.325020 0.735091
1125.000000 -5.587168 18.863365 -42.341357 -0.285396 0.516718 0.324339 0.739159
1126.000000 -4.919523 19.015460 -42.407922 -0.286573 0.510342 0.322991 0.743709
1127.000000 -4.287653 19.219537 -42.436300 -0.287166 0.504026 0.322089 0.748166
1128.000000 -3.732290 19.482918 -42.420651 -0.286953 0.498107 0.321794 0.752327
1129.000000 -3.207793 19.735739 -42.399061 -0.286720 0.492459 0.321520 0.756241
1130.000000 -2.730325 19.928412 -42.395313 -0.286850 0.487419 0.321029 0.759658
1131.000000 -2.288037 19.964180 -42.457837 -0.288247 0.483267 0.319735 0.762323
1132.000000 -1.805992 19.696798 -42.658151 -0.292470 0.479906 0.316578 0.764153
1133.000000 -1.356356 19.193983 -42.954759 -0.298608 0.477713 0.312229 0.764942
1134.000000 -1.033924 18.551315 -43.295867 -0.305437 0.477156 0.307565 0.764483
1135.000000 -0.933856 17.863629 -43.636810 -0.311779 0.478707 0.303446 0.762597
1136.000000 -1.041253 17.167516 -43.963706 -0.317409 0.482060 0.300023 0.759510
1137.000000 -1.186492 16.414181 -44.298755 -0.323381 0.485856 0.296424 0.755977
1138.000000 -1.241080 15.585243 -44.648429 -0.330266 0.489040 0.292093 0.752626
1139.000000 -1.156636 14.727484 -44.994141 -0.337784 0.491072 0.287102 0.749882
1140.000000 -0.892711 13.892389 -45.318250 -0.345599 0.491481 0.281577 0.748146
1141.000000 -0.504342 13.202978 -45.582940 -0.352508 0.490380 0.276379 0.747584
1142.000000 -0.138289 12.843662 -45.740753 -0.356559 0.488471 0.273032 0.748141
1143.000000 0.210355 12.772645 -45.812758 -0.358154 0.485862 0.271276 0.749715
1144.000000 0.566949 12.916296 -45.821725 -0.357993 0.482560 0.270610 0.752162
1145.000000 0.956869 13.200404 -45.786524 -0.356763 0.478559 0.270537 0.755322
1146.000000 1.405890 13.551151 -45.724755 -0.355146 0.473850 0.270568 0.759033
1147.000000 1.926722 13.907463 -45.651113 -0.353686 0.468491 0.270342 0.763111
1148.000000 2.463100 14.273273 -45.564759 -0.352188 0.462926 0.270105 0.767272
1149.000000 2.936880 14.673591 -45.461859 -0.350212 0.457732 0.270293 0.771216
1150.000000 3.275831 15.131811 -45.340792 -0.347339 0.453463 0.271298 0.774677
1151.000000 3.455356 15.655908 -45.201777 -0.343407 0.450327 0.273240 0.777571
1152.000000 3.506312 16.216177 -45.052533 -0.338747 0.448164 0.275846 0.779941
1153.000000 3.548964 16.694869 -44.926593 -0.334736 0.446307 0.278071 0.781945
1154.000000 3.659602 17.006776 -44.852996 -0.332362 0.444369 0.279209 0.783654
1155.000000 3.814416 17.147712 -44.838576 -0.331606 0.442574 0.279340 0.784942
1156.000000 3.980800 17.120442 -44.886360 -0.332353 0.441199 0.278611 0.785659
1157.000000 4.140966 16.931106 -44.995135 -0.334494 0.440375 0.277124 0.785739
1158.000000 4.306325 16.594410 -45.156449 -0.337935 0.439945 0.274903 0.785288
1159.000000 4.492726 16.125225 -45.359873 -0.342583 0.439716 0.271954 0.784428
1160.000000 4.717429 15.537416 -45.593981 -0.348340 0.439495 0.268281 0.783281
1161.000000 4.997817 14.845272 -45.846626 -0.355103 0.439086 0.263889 0.781964
1162.000000 5.320623 14.093817 -46.099525 -0.362426 0.438466 0.259048 0.780570
1163.000000 5.580442 13.419138 -46.322428 -0.368853 0.438147 0.254817 0.779130
1164.000000 5.714757 12.926604 -46.498632 -0.373348 0.438378 0.251937 0.777794
1165.000000 5.762975 12.639869 -46.624181 -0.375864 0.438767 0.250370 0.776868
1166.000000 5.774581 12.574487 -46.693177 -0.376435 0.438862 0.249996 0.776659
1167.000000 5.784215 12.741185 -46.699543 -0.375076 0.438344 0.250728 0.777373
1168.000000 5.795266 13.134628 -46.641814 -0.371833 0.437196 0.252522 0.778995
1169.000000 5.804623 13.709237 -46.527755 -0.367056 0.435555 0.255171 0.781313
1170.000000 5.808102 14.404850 -46.369386 -0.361215 0.433604 0.258409 0.784051
1171.000000 5.801532 15.161600 -46.180919 -0.354783 0.431530 0.261972 0.786944
1172.000000 5.780823 15.920258 -45.979940 -0.348240 0.429532 0.265598 0.789740
1173.000000 5.741988 16.622542 -45.787810 -0.342074 0.427814 0.269031 0.792201
1174.000000 5.681128 17.211531 -45.629284 -0.336776 0.426593 0.272016 0.794108
1175.000000 5.594307 17.631190 -45.531391 -0.332844 0.426087 0.274303 0.795250
1176.000000 5.478899 17.830698 -45.519461 -0.330734 0.426491 0.275659 0.795445
1177.000000 5.340592 17.787902 -45.604363 -0.330665 0.427831 0.275958 0.794650
1178.000000 5.188322 17.495718 -45.786509 -0.332718 0.430041 0.275134 0.792884
1179.000000 5.033686 16.983178 -46.048042 -0.336649 0.432912 0.273281 0.790299
1180.000000 4.889537 16.293170 -46.364032 -0.342095 0.436180 0.270560 0.787093
1181.000000 4.769160 15.469201 -46.709985 -0.348691 0.439581 0.267129 0.783470
1182.000000 4.684037 14.568759 -47.059466 -0.355957 0.442837 0.263215 0.779684
1183.000000 4.642100 13.674010 -47.383741 -0.363220 0.445655 0.259173 0.776075
1184.000000 4.651042 12.871780 -47.659569 -0.369795 0.447750 0.255376 0.773017
1185.000000 4.718495 12.250460 -47.869047 -0.375010 0.448853 0.252203 0.770903
1186.000000 4.851287 11.875391 -48.002939 -0.378384 0.448772 0.249923 0.770044
1187.000000 5.048977 11.743400 -48.067828 -0.379959 0.447543 0.248512 0.770440
1188.000000 5.307924 11.834524 -48.070401 -0.379889 0.445257 0.247880 0.772001
1189.000000 5.624258 12.128156 -48.013947 -0.378319 0.441992 0.247943 0.774624
1190.000000 5.993878 12.603266 -47.899327 -0.375392 0.437817 0.248617 0.778195
1191.000000 6.412469 13.238439 -47.725903 -0.371249 0.432798 0.249817 0.782593
1192.000000 6.877829 13.998709 -47.495933 -0.366146 0.427015 0.251391 0.787653
1193.000000 7.391545 14.826127 -47.219142 -0.360550 0.420578 0.253068 0.793142
1194.000000 7.955105 15.661649 -46.909049 -0.354958 0.413599 0.254590 0.798827
1195.000000 8.570256 16.447763 -46.582758 -0.349874 0.406197 0.255704 0.804492
1196.000000 9.238884 17.145746 -46.254374 -0.345644 0.398460 0.256227 0.810005
1197.000000 9.974780 17.684874 -45.949814 -0.342928 0.390482 0.255786 0.815167
1198.000000 10.818154 17.831872 -45.754012 -0.343949 0.382562 0.253249 0.819274
1199.000000 11.714920 17.655777 -45.653456 -0.348015 0.374964 0.249161 0.822317
1200.000000 12.557271 17.417375 -45.572841 -0.352508 0.367936 0.245033 0.824815
1201.000000 13.275452 17.324746 -45.455939 -0.355331 0.361589 0.241952 0.827316
1202.000000 14.052194 17.218969 -45.313866 -0.358388 0.354725 0.238534 0.829958
1203.000000 14.860449 17.046438 -45.173287 -0.362114 0.347733 0.234651 0.832403
1204.000000 15.568194 16.858507 -45.058349 -0.365697 0.341689 0.231048 0.834345
1205.000000 16.160701 16.669645 -44.973110 -0.368969 0.336694 0.227888 0.835803
1206.000000 16.647211 16.487371 -44.915520 -0.371883 0.332641 0.225198 0.836862
1207.000000 17.022861 16.388351 -44.862993 -0.373739 0.329383 0.223270 0.837840
1208.000000 17.258251 16.612285 -44.742316 -0.372219 0.326621 0.223095 0.839643
1209.000000 17.414546 17.103921 -44.548049 -0.367963 0.323925 0.224221 0.842259
1210.000000 17.608612 17.617603 -44.323225 -0.363562 0.320795 0.225272 0.845083
1211.000000 17.918698 17.959601 -44.113634 -0.361062 0.316974 0.225222 0.847607
1212.000000 18.168543 18.268505 -43.936803 -0.358719 0.313784 0.225306 0.849763
1213.000000 18.339170 18.418639 -43.855723 -0.357716 0.311739 0.225160 0.850977
1214.000000 18.537552 18.358544 -43.849886 -0.358820 0.309955 0.224156 0.851428
1215.000000 18.767955 18.132410 -43.897955 -0.361608 0.308279 0.222433 0.851309
1216.000000 19.011197 17.790751 -43.984501 -0.365526 0.306765 0.220251 0.850750
1217.000000 19.247899 17.384158 -44.095028 -0.370030 0.305466 0.217867 0.849883
1218.000000 19.459066 16.965397 -44.216947 -0.374575 0.304447 0.215539 0.848851
1219.000000 19.624904 16.586204 -44.339761 -0.378618 0.303772 0.213529 0.847807
1220.000000 19.725067 16.298799 -44.454674 -0.381615 0.303507 0.212108 0.846914
1221.000000 19.739734 16.151930 -44.554883 -0.383063 0.303725 0.211529 0.846327
1222.000000 19.666451 16.135348 -44.646518 -0.383062 0.304471 0.211770 0.845999
1223.000000 19.561140 16.323453 -44.677581 -0.381047 0.305029 0.212850 0.846437
1224.000000 19.457656 16.605631 -44.671687 -0.378143 0.305336 0.214248 0.847275
1225.000000 19.378975 16.810772 -44.681604 -0.376015 0.305588 0.215284 0.847869
1226.000000 19.354545 16.868652 -44.722116 -0.375391 0.305679 0.215591 0.848035
1227.000000 19.355085 16.886913 -44.766162 -0.375180 0.305632 0.215660 0.848127
1228.000000 19.276268 16.897689 -44.847180 -0.374843 0.306355 0.216034 0.847920
1229.000000 19.139349 16.847426 -44.976145 -0.374952 0.307773 0.216436 0.847256
1230.000000 18.966327 16.681390 -45.163423 -0.376084 0.309801 0.216582 0.845976
1231.000000 18.779090 16.346077 -45.416218 -0.378780 0.312349 0.216194 0.843934
1232.000000 18.589591 15.871792 -45.714408 -0.382736 0.315220 0.215335 0.841297
1233.000000 18.399866 15.374658 -46.013005 -0.386853 0.318124 0.214403 0.838554
1234.000000 18.201091 14.975678 -46.275693 -0.390012 0.320861 0.213851 0.836186
1235.000000 17.972720 14.792162 -46.476223 -0.391133 0.323351 0.214172 0.834620
1236.000000 17.686790 14.838188 -46.623604 -0.390056 0.325815 0.215533 0.833815
1237.000000 17.375628 14.943199 -46.759399 -0.388403 0.328347 0.217207 0.833158
1238.000000 17.149906 15.014604 -46.872161 -0.387254 0.330181 0.218407 0.832654
1239.000000 16.990097 15.048347 -46.971797 -0.386589 0.331513 0.219194 0.832227
1240.000000 16.875354 15.040780 -47.067810 -0.386388 0.332544 0.219641 0.831791
1241.000000 16.784167 14.988553 -47.169282 -0.386632 0.333471 0.219828 0.831257
1242.000000 16.694822 14.888554 -47.284843 -0.387298 0.334491 0.219838 0.830534
1243.000000 16.591557 14.746082 -47.417992 -0.388303 0.335727 0.219755 0.829588
1244.000000 16.475388 14.579075 -47.562288 -0.389489 0.337127 0.219638 0.828495
1245.000000 16.359685 14.408226 -47.706476 -0.390704 0.338526 0.219505 0.827386
1246.000000 16.258729 14.254612 -47.839417 -0.391802 0.339752 0.219373 0.826399
1247.000000 16.187050 14.139424 -47.950341 -0.392635 0.340634 0.219259 0.825670
1248.000000 16.188250 14.054588 -48.027474 -0.393374 0.340819 0.218956 0.825323
1249.000000 16.307672 13.961798 -48.066831 -0.394449 0.340006 0.218141 0.825361
1250.000000 16.499801 13.872400 -48.079862 -0.395654 0.338565 0.217039 0.825667
1251.000000 16.711203 13.802458 -48.079645 -0.396730 0.336914 0.215924 0.826118
1252.000000 16.888137 13.767920 -48.080266 -0.397420 0.335476 0.215076 0.826593
1253.000000 16.976315 13.781548 -48.097607 -0.397495 0.334688 0.214761 0.826958
1254.000000 17.017207 13.943704 -48.088424 -0.396193 0.333966 0.215153 0.827772
1255.000000 17.053702 14.260469 -48.034485 -0.393554 0.332926 0.216096 0.829203
1256.000000 17.018091 14.543053 -48.014446 -0.391049 0.332581 0.217217 0.830233
1257.000000 16.914713 14.770623 -48.033868 -0.388868 0.332945 0.218425 0.830795
1258.000000 16.721225 14.956860 -48.096719 -0.386838 0.334187 0.219858 0.830866
1259.000000 16.412312 15.144189 -48.196922 -0.384520 0.336418 0.221758 0.830536
1260.000000 16.053727 15.326176 -48.311958 -0.382115 0.339078 0.223827 0.830010
1261.000000 15.720408 15.494140 -48.420010 -0.379887 0.341548 0.225734 0.829503
1262.000000 15.487070 15.637473 -48.501385 -0.378102 0.343217 0.227153 0.829242
1263.000000 15.440680 15.762207 -48.528270 -0.376913 0.343334 0.227771 0.829566
1264.000000 15.600729 15.846834 -48.502140 -0.376552 0.341782 0.227442 0.830460
1265.000000 15.861179 15.850260 -48.469307 -0.377126 0.339557 0.226439 0.831386
1266.000000 16.208893 15.908234 -48.388072 -0.377442 0.336445 0.225289 0.832819
1267.000000 16.558283 15.987095 -48.296636 -0.377581 0.333258 0.224199 0.834330
1268.000000 16.821057 16.047469 -48.238597 -0.377675 0.330852 0.223377 0.835465
1269.000000 16.909801 16.050085 -48.258753 -0.377861 0.330068 0.223035 0.835782
1270.000000 16.806437 15.991179 -48.365756 -0.378131 0.331077 0.223234 0.835207
1271.000000 16.587727 15.915165 -48.517257 -0.378276 0.333112 0.223821 0.834175
1272.000000 16.337172 15.870227 -48.667969 -0.378076 0.335344 0.224635 0.833152
1273.000000 16.116213 15.880408 -48.789817 -0.377472 0.337197 0.225522 0.832438
1274.000000 15.871630 15.862001 -48.928284 -0.377063 0.339325 0.226404 0.831518
1275.000000 15.616501 15.818401 -49.077615 -0.376848 0.341608 0.227241 0.830453
1276.000000 15.380700 15.771798 -49.220575 -0.376701 0.343732 0.227989 0.829437
1277.000000 15.194119 15.744469 -49.340680 -0.376500 0.345391 0.228609 0.828668
1278.000000 15.087235 15.759157 -49.421662 -0.376125 0.346270 0.229064 0.828346
1279.000000 15.111629 15.844500 -49.439191 -0.375459 0.345871 0.229263 0.828759
1280.000000 15.312308 16.011066 -49.375599 -0.374521 0.343795 0.229076 0.830099
1281.000000 15.647651 16.222658 -49.252964 -0.373510 0.340469 0.228531 0.832072
1282.000000 16.069312 16.439822 -49.096777 -0.372639 0.336389 0.227671 0.834355
1283.000000 16.460710 16.615445 -48.959978 -0.372041 0.332652 0.226778 0.836361
1284.000000 16.556118 16.703304 -48.950511 -0.371512 0.331637 0.226718 0.837015
1285.000000 16.399140 16.713163 -49.052589 -0.371070 0.332955 0.227356 0.836515
1286.000000 16.099039 16.663173 -49.221186 -0.370805 0.335619 0.228323 0.835304
1287.000000 15.765016 16.571637 -49.411769 -0.370806 0.338645 0.229262 0.833823
1288.000000 15.508136 16.457414 -49.582392 -0.371172 0.341051 0.229823 0.832524
1289.000000 15.420934 16.333885 -49.702294 -0.372004 0.342061 0.229721 0.831767
1290.000000 15.471232 16.182423 -49.788744 -0.373380 0.341998 0.229014 0.831371
1291.000000 15.529089 15.960497 -49.895259 -0.375354 0.342044 0.228039 0.830731
1292.000000 15.458018 15.624590 -50.076446 -0.377973 0.343419 0.227161 0.829215
1293.000000 15.248851 15.186011 -50.327791 -0.381112 0.346146 0.226453 0.826835
1294.000000 15.199937 14.754544 -50.522957 -0.384533 0.347512 0.225159 0.825029
1295.000000 15.358762 14.415309 -50.624698 -0.387655 0.346954 0.223392 0.824283
1296.000000 15.681817 14.220909 -50.632557 -0.389959 0.344732 0.221491 0.824642
1297.000000 16.078991 14.175338 -50.573069 -0.391211 0.341584 0.219804 0.825809
1298.000000 16.454486 14.276078 -50.476748 -0.391215 0.338300 0.218685 0.827455
1299.000000 16.712465 14.519487 -50.375585 -0.389788 0.335665 0.218494 0.829249
1300.000000 16.767498 14.844019 -50.315669 -0.387248 0.334512 0.219360 0.830675
1301.000000 16.631086 15.185973 -50.311464 -0.384142 0.334883 0.221025 0.831526
1302.000000 16.417090 15.578916 -50.313703 -0.380434 0.335769 0.223154 0.832305
1303.000000 16.191619 16.016625 -50.300987 -0.376313 0.336638 0.225471 0.833202
1304.000000 15.947496 16.431360 -50.296489 -0.372321 0.337705 0.227774 0.833937
1305.000000 15.671360 16.755371 -50.327783 -0.368998 0.339242 0.229886 0.834211
1306.000000 15.370272 16.952094 -50.406762 -0.366672 0.341281 0.231655 0.833916
1307.000000 15.096055 17.031664 -50.515254 -0.365375 0.343372 0.232921 0.833273
1308.000000 14.906036 17.009510 -50.631887 -0.365112 0.345003 0.233532 0.832544
1309.000000 14.834036 16.889271 -50.746179 -0.365924 0.345892 0.233378 0.831861
1310.000000 14.905926 16.700559 -50.840504 -0.367626 0.345757 0.232471 0.831421
1311.000000 15.133861 16.503106 -50.890506 -0.369757 0.344357 0.230976 0.831474
1312.000000 15.477429 16.383608 -50.878430 -0.371517 0.341820 0.229329 0.832191
1313.000000 15.908332 16.472233 -50.769100 -0.371768 0.338082 0.228057 0.833954
1314.000000 16.254104 16.702888 -50.636053 -0.370645 0.334711 0.227552 0.835949
1315.000000 16.288423 16.792715 -50.647350 -0.369981 0.334220 0.227713 0.836396
1316.000000 16.196809 16.869006 -50.703577 -0.369155 0.334796 0.228288 0.836374
1317.000000 16.131618 17.035379 -50.720819 -0.367647 0.334945 0.229067 0.836765
1318.000000 16.064290 17.246365 -50.722340 -0.365756 0.335003 0.230005 0.837313
1319.000000 15.950222 17.436981 -50.744657 -0.363915 0.335498 0.231050 0.837630
1320.000000 15.797300 17.595361 -50.790942 -0.362261 0.336413 0.232130 0.837681
1321.000000 15.556657 17.747818 -50.865653 -0.360458 0.338068 0.233503 0.837411
1322.000000 15.314259 17.865784 -50.950691 -0.358926 0.339803 0.234756 0.837016
1323.000000 15.133729 17.907817 -51.042034 -0.358153 0.341192 0.235529 0.836565
1324.000000 15.136195 18.021757 -51.053163 -0.357218 0.340905 0.235898 0.836978
1325.000000 15.407133 18.337675 -50.911543 -0.355247 0.337945 0.235996 0.838987
1326.000000 15.631738 18.462473 -50.850709 -0.354741 0.335811 0.235618 0.840163
1327.000000 15.864255 18.377351 -50.862422 -0.355985 0.334096 0.234520 0.840628
1328.000000 16.057987 18.199632 -50.917836 -0.357904 0.332898 0.233261 0.840638
1329.000000 16.152240 18.055148 -50.990834 -0.359311 0.332427 0.232475 0.840442
1330.000000 16.093525 18.069408 -51.055701 -0.359055 0.332858 0.232746 0.840306
1331.000000 15.911075 18.304537 -51.081765 -0.356708 0.333823 0.234161 0.840530
1332.000000 15.578653 18.675242 -51.102809 -0.352917 0.335693 0.236532 0.840721
1333.000000 15.115123 19.040444 -51.159887 -0.348875 0.338631 0.239329 0.840439
1334.000000 14.628936 19.265836 -51.269309 -0.345917 0.342069 0.241723 0.839584
1335.000000 14.323634 19.452046 -51.337659 -0.343676 0.344128 0.243357 0.839190
1336.000000 14.391072 19.804421 -51.236460 -0.340931 0.342760 0.244301 0.840594
1337.000000 14.540791 20.165329 -51.105813 -0.338296 0.340694 0.245011 0.842291
1338.000000 14.361752 20.401403 -51.115305 -0.335919 0.341604 0.246422 0.842461
1339.000000 14.172657 20.501917 -51.180131 -0.334668 0.342885 0.247440 0.842141
1340.000000 14.373288 20.458438 -51.193453 -0.335571 0.341272 0.246718 0.842648
1341.000000 15.079773 20.211656 -51.139614 -0.339391 0.335937 0.243664 0.844149
1342.000000 16.154494 19.743417 -51.045587 -0.345927 0.328022 0.238648 0.846039
1343.000000 17.429708 19.054858 -50.940610 -0.354728 0.318916 0.232213 0.847666
1344.000000 18.733582 18.144321 -50.863805 -0.365376 0.310011 0.224921 0.848413
1345.000000 19.921532 17.032510 -50.849853 -0.377359 0.302426 0.217362 0.847875
1346.000000 20.898291 15.781850 -50.913421 -0.389946 0.296812 0.210115 0.845989
1347.000000 21.711778 14.468583 -51.014542 -0.402607 0.292610 0.203270 0.843189
1348.000000 22.812120 13.166651 -50.938102 -0.415641 0.285941 0.195272 0.841041
1349.000000 23.979019 11.847123 -50.777206 -0.428799 0.278713 0.186823 0.838777
1350.000000 24.917729 10.471661 -50.679199 -0.441832 0.273448 0.179040 0.835437
1351.000000 25.584631 9.074837 -50.668415 -0.454416 0.270428 0.172288 0.831078
1352.000000 26.059651 7.727059 -50.702135 -0.466165 0.268848 0.166485 0.826253
1353.000000 26.422920 6.498635 -50.738912 -0.476685 0.267922 0.161499 0.821527
1354.000000 26.753839 5.459337 -50.740507 -0.485576 0.266904 0.157164 0.817483
1355.000000 27.104104 4.655410 -50.687301 -0.492573 0.265329 0.153350 0.814528
1356.000000 27.478254 4.088970 -50.587250 -0.497681 0.263182 0.150031 0.812736
1357.000000 27.878207 3.730137 -50.448654 -0.501150 0.260505 0.147111 0.812000
1358.000000 28.307497 3.528596 -50.276535 -0.503388 0.257348 0.144437 0.812103
1359.000000 28.769774 3.433825 -50.073034 -0.504808 0.253751 0.141861 0.812807
1360.000000 29.268722 3.395670 -49.838684 -0.505818 0.249748 0.139237 0.813871
1361.000000 29.808021 3.364435 -49.573201 -0.506831 0.245368 0.136422 0.815050
1362.000000 30.391288 3.291260 -49.275772 -0.508255 0.240638 0.133276 0.816093
1363.000000 31.022049 3.128136 -48.944852 -0.510500 0.235580 0.129657 0.816750
1364.000000 31.703669 2.827951 -48.577509 -0.513972 0.230218 0.125428 0.816762
1365.000000 32.438229 2.347255 -48.168864 -0.519048 0.224572 0.120460 0.815871
1366.000000 33.216865 1.671293 -47.716586 -0.525853 0.218715 0.114754 0.813925
1367.000000 34.022272 0.826942 -47.220799 -0.534143 0.212741 0.108447 0.810970
1368.000000 34.835687 -0.140361 -46.683698 -0.543508 0.206741 0.101727 0.807161
1369.000000 35.638548 -1.186018 -46.111131 -0.553539 0.200818 0.094781 0.802673
1370.000000 36.412747 -2.266807 -45.513529 -0.563839 0.195082 0.087798 0.797697
1371.000000 37.141036 -3.341126 -44.906269 -0.574023 0.189649 0.080971 0.792448
1372.000000 37.807284 -4.368958 -44.309529 -0.583727 0.184633 0.074503 0.787161
1373.000000 38.396567 -5.311992 -43.747735 -0.592602 0.180152 0.068597 0.782089
1374.000000 38.895113 -6.133734 -43.248642 -0.600313 0.176323 0.063458 0.777500
1375.000000 39.290877 -6.801255 -42.840998 -0.606561 0.173257 0.059278 0.773662
1376.000000 39.581453 -7.304542 -42.541635 -0.611255 0.170996 0.056135 0.770699
1377.000000 39.769736 -7.646603 -42.357720 -0.614432 0.169532 0.054040 0.768643
1378.000000 39.857842 -7.829482 -42.293776 -0.616119 0.168861 0.053000 0.767511
1379.000000 39.846797 -7.853883 -42.352053 -0.616333 0.168977 0.053020 0.767313
1380.000000 39.736422 -7.719029 -42.532661 -0.615076 0.169874 0.054104 0.768048
1381.000000 39.525331 -7.422578 -42.833577 -0.612338 0.171550 0.056258 0.769707
1382.000000 39.211005 -6.960638 -43.250512 -0.608097 0.174001 0.059491 0.772271
1383.000000 38.789793 -6.328904 -43.776654 -0.602321 0.177228 0.063799 0.775712
1384.000000 38.256948 -5.525072 -44.402318 -0.594961 0.181255 0.069148 0.779991
1385.000000 37.607729 -4.546372 -45.114544 -0.585967 0.186094 0.075496 0.785055
1386.000000 36.838999 -3.385347 -45.896353 -0.575307 0.191707 0.082848 0.790826
1387.000000 36.028576 -2.172568 -46.658993 -0.564212 0.197487 0.090428 0.796547
1388.000000 35.441794 -1.366173 -47.188262 -0.556780 0.201673 0.095652 0.800109
1389.000000 35.237061 -1.236337 -47.397428 -0.555377 0.203327 0.097067 0.800495
1390.000000 35.123663 -1.244254 -47.534798 -0.555226 0.204346 0.097667 0.800268
1391.000000 35.116073 -1.357157 -47.591946 -0.556082 0.204568 0.097466 0.799641
1392.000000 35.233992 -1.583663 -47.552947 -0.558060 0.203827 0.096335 0.798588
1393.000000 35.483004 -1.925660 -47.408491 -0.561214 0.202060 0.094197 0.797081
1394.000000 35.868607 -2.388809 -47.147304 -0.565573 0.199228 0.090943 0.795088
1395.000000 36.398797 -2.983740 -46.756189 -0.571151 0.195291 0.086482 0.792571
1396.000000 37.074442 -3.705481 -46.221712 -0.577930 0.190182 0.080805 0.789492
1397.000000 37.815039 -4.409725 -45.607378 -0.584651 0.184401 0.074702 0.786511
1398.000000 38.376507 -4.676652 -45.161734 -0.587441 0.179739 0.070555 0.785894
1399.000000 38.631065 -4.287242 -45.035686 -0.584182 0.177247 0.069619 0.788967
1400.000000 38.869518 -3.749852 -44.930885 -0.579574 0.174773 0.069068 0.792955
1401.000000 39.087686 -3.098394 -44.843730 -0.573911 0.172374 0.068871 0.797603
1402.000000 39.275286 -2.326339 -44.779002 -0.567122 0.170128 0.069114 0.802903
1403.000000 39.432670 -1.432132 -44.730679 -0.559180 0.168027 0.069796 0.808834
1404.000000 39.559978 -0.415572 -44.691679 -0.550054 0.166070 0.070903 0.815373
1405.000000 39.657478 0.717506 -44.653785 -0.539758 0.164264 0.072405 0.822457
1406.000000 39.729464 1.860972 -44.609046 -0.529249 0.162655 0.074071 0.829429
1407.000000 39.783790 2.817455 -44.562669 -0.520377 0.161341 0.075493 0.835151
1408.000000 39.827149 3.471057 -44.529967 -0.514276 0.160370 0.076427 0.839023
1409.000000 39.864319 3.840248 -44.518473 -0.510818 0.159695 0.076886 0.841220
1410.000000 39.899917 3.955142 -44.528498 -0.509741 0.159251 0.076902 0.841956
1411.000000 39.938524 3.845671 -44.555435 -0.510780 0.158971 0.076501 0.841415
1412.000000 39.984729 3.541327 -44.591356 -0.513673 0.158787 0.075709 0.839759
1413.000000 40.043205 3.069849 -44.626241 -0.518156 0.158627 0.074544 0.837135
1414.000000 40.118685 2.457905 -44.648972 -0.523960 0.158423 0.073023 0.833688
1415.000000 40.215620 1.739129 -44.648314 -0.530750 0.158101 0.071177 0.829604
1416.000000 40.334400 1.049928 -44.615529 -0.537247 0.157546 0.069242 0.825682
1417.000000 40.471970 0.615718 -44.551890 -0.541371 0.156618 0.067631 0.823295
1418.000000 40.626476 0.579199 -44.464540 -0.541815 0.155234 0.066602 0.823348
1419.000000 40.797925 0.950648 -44.353836 -0.538468 0.153392 0.066168 0.825921
1420.000000 40.986429 1.727546 -44.209031 -0.531300 0.151083 0.066317 0.830961
1421.000000 41.193459 2.857827 -44.010052 -0.520713 0.148312 0.066947 0.838081
1422.000000 41.423853 4.181934 -43.739382 -0.508127 0.145127 0.067756 0.846259
1423.000000 41.682529 5.527332 -43.395073 -0.495146 0.141591 0.068433 0.854459
1424.000000 41.973885 6.722372 -42.995650 -0.483459 0.137779 0.068682 0.861723
1425.000000 42.298798 7.632185 -42.574997 -0.474491 0.133780 0.068297 0.867350
1426.000000 42.649128 8.232389 -42.163156 -0.468603 0.129691 0.067305 0.871241
1427.000000 43.016120 8.521841 -41.782476 -0.465913 0.125605 0.065758 0.873398
1428.000000 43.392256 8.497259 -41.448580 -0.466526 0.121613 0.063692 0.873789
1429.000000 43.770728 8.151881 -41.170525 -0.470550 0.117805 0.061128 0.872335
1430.000000 44.144642 7.477047 -40.950407 -0.478077 0.114266 0.058088 0.868914
1431.000000 44.505099 6.509667 -40.776815 -0.488677 0.111059 0.054681 0.863638
1432.000000 44.839960 5.388808 -40.625037 -0.500826 0.108207 0.051179 0.857231
1433.000000 45.136947 4.263445 -40.481510 -0.512912 0.105743 0.047862 0.850558
1434.000000 45.383938 3.279072 -40.348889 -0.523399 0.103712 0.045004 0.844554
1435.000000 45.571321 2.549662 -40.242407 -0.531117 0.102160 0.042827 0.840026
1436.000000 45.697668 2.093763 -40.177688 -0.535912 0.101100 0.041382 0.837177
1437.000000 45.763299 1.911539 -40.164483 -0.537819 0.100527 0.040684 0.836056
1438.000000 45.768483 2.002981 -40.206585 -0.536857 0.100438 0.040740 0.836682
1439.000000 45.720560 2.359919 -40.294164 -0.533112 0.100763 0.041487 0.838998
1440.000000 45.656787 2.940417 -40.380719 -0.527027 0.101131 0.042618 0.842733
1441.000000 45.622298 3.692807 -40.410438 -0.519131 0.101100 0.043766 0.847565
1442.000000 45.644037 4.563119 -40.349617 -0.509958 0.100412 0.044692 0.853149
1443.000000 45.716023 5.495346 -40.204625 -0.500052 0.099154 0.045371 0.859103
1444.000000 45.828441 6.434183 -39.990065 -0.489976 0.097445 0.045806 0.865060
1445.000000 45.970951 7.325829 -39.725464 -0.480306 0.095410 0.046003 0.870682
1446.000000 46.133267 8.117755 -39.435016 -0.471632 0.093176 0.045964 0.875653
1447.000000 46.305717 8.758547 -39.146668 -0.464557 0.090878 0.045687 0.879682
1448.000000 46.479516 9.197671 -38.890552 -0.459690 0.088651 0.045166 0.882489
1449.000000 46.639150 9.393770 -38.703240 -0.457546 0.086706 0.044448 0.883832
1450.000000 46.740518 9.339121 -38.645198 -0.458237 0.085556 0.043798 0.883618
1451.000000 46.745755 9.056690 -38.757063 -0.461478 0.085627 0.043471 0.881939
1452.000000 46.718077 8.729504 -38.916486 -0.465172 0.086108 0.043278 0.879959
1453.000000 46.745287 8.533977 -38.978839 -0.467385 0.085905 0.042897 0.878824
1454.000000 46.832099 8.478704 -38.939227 -0.468053 0.084962 0.042311 0.878588
1455.000000 46.971539 8.547487 -38.809859 -0.467358 0.083369 0.041541 0.879148
1456.000000 47.156405 8.723002 -38.601338 -0.465474 0.081214 0.040604 0.880392
1457.000000 47.378505 8.986673 -38.322896 -0.462566 0.078578 0.039520 0.882211
1458.000000 47.629716 9.321725 -37.983113 -0.458792 0.075528 0.038322 0.884498
1459.000000 47.903038 9.713408 -37.590812 -0.454310 0.072138 0.037040 0.887145
1460.000000 48.191527 10.145049 -37.156109 -0.449291 0.068494 0.035694 0.890041
1461.000000 48.475645 10.573675 -36.714451 -0.444207 0.064858 0.034346 0.892913
1462.000000 48.665867 10.821222 -36.439695 -0.441214 0.062418 0.033390 0.894606
1463.000000 48.704892 10.769757 -36.453118 -0.441820 0.061956 0.033096 0.894350
1464.000000 48.618486 10.459188 -36.708688 -0.445530 0.063148 0.033340 0.892415
1465.000000 48.441015 9.945892 -37.134723 -0.451584 0.065531 0.033947 0.889171
1466.000000 48.206602 9.287774 -37.658512 -0.459217 0.068637 0.034752 0.884986
1467.000000 47.950297 8.546578 -38.210144 -0.467673 0.071990 0.035604 0.880245
1468.000000 47.708773 7.787024 -38.724908 -0.476213 0.075119 0.036350 0.875361
1469.000000 47.520741 7.075965 -39.144159 -0.484119 0.077567 0.036821 0.870779
1470.000000 47.426214 6.482564 -39.414581 -0.490688 0.078883 0.036843 0.866975
1471.000000 47.465436 6.077077 -39.485791 -0.495228 0.078621 0.036233 0.864439
1472.000000 47.637559 5.891471 -39.360183 -0.497415 0.076799 0.035009 0.863397
1473.000000 47.717836 5.782365 -39.332644 -0.498687 0.075961 0.034414 0.862761
1474.000000 47.656400 5.750274 -39.464448 -0.499042 0.076638 0.034786 0.862481
1475.000000 47.447507 5.829031 -39.755104 -0.498124 0.078853 0.036190 0.862754
1476.000000 47.082834 6.053379 -40.202414 -0.495560 0.082643 0.038688 0.863767
1477.000000 46.550873 6.460224 -40.802191 -0.490979 0.088058 0.042358 0.865674
1478.000000 45.764386 6.860824 -41.667344 -0.486404 0.096043 0.047487 0.867140
1479.000000 44.716189 7.122250 -42.798104 -0.483193 0.106583 0.053867 0.867331
1480.000000 43.475579 7.257985 -44.087022 -0.481109 0.118819 0.060978 0.866428
1481.000000 42.121231 7.280396 -45.430825 -0.479931 0.131885 0.068294 0.864644
1482.000000 40.782122 7.232603 -46.695700 -0.479253 0.144512 0.075153 0.862430
1483.000000 39.783485 7.306463 -47.591050 -0.477652 0.153645 0.080288 0.861276
1484.000000 39.166944 7.491377 -48.125924 -0.475407 0.159093 0.083640 0.861210
1485.000000 38.904226 7.720766 -48.357963 -0.473096 0.161297 0.085301 0.861909
1486.000000 38.961382 7.924646 -48.334463 -0.471274 0.160682 0.085327 0.863019
1487.000000 39.301738 8.038897 -48.093869 -0.470470 0.157613 0.083795 0.864173
1488.000000 39.970564 8.276373 -47.552284 -0.468840 0.151406 0.080849 0.866446
1489.000000 40.903475 8.762760 -46.716364 -0.465128 0.142415 0.076970 0.870316
1490.000000 41.946585 9.414519 -45.704935 -0.459801 0.132044 0.072699 0.875135
1491.000000 42.908208 9.932004 -44.743648 -0.455483 0.122336 0.068519 0.879133
1492.000000 43.629449 10.146103 -44.043500 -0.453860 0.115036 0.065080 0.881216
1493.000000 44.052206 10.122069 -43.677218 -0.454415 0.110780 0.062866 0.881636
1494.000000 44.190229 9.942400 -43.629018 -0.456345 0.109470 0.061942 0.880868
1495.000000 44.056663 9.682513 -43.871239 -0.458835 0.110969 0.062312 0.879360
1496.000000 43.677524 9.383599 -44.362598 -0.461465 0.114965 0.063866 0.877356
1497.000000 43.097473 9.045815 -45.046320 -0.464289 0.120923 0.066370 0.874876
1498.000000 42.362547 8.664434 -45.863606 -0.467387 0.128284 0.069582 0.871924
1499.000000 41.522551 8.230452 -46.756325 -0.470841 0.136512 0.073210 0.868512
1500.000000 40.636305 7.750871 -47.661859 -0.474560 0.145033 0.076932 0.864777
1501.000000 39.817137 7.470577 -48.445404 -0.476410 0.152636 0.080548 0.862118
1502.000000 39.165606 7.537452 -49.016622 -0.475276 0.158351 0.083844 0.861399
1503.000000 38.738553 7.865654 -49.356999 -0.472055 0.161807 0.086459 0.862269
1504.000000 38.581877 8.353117 -49.453185 -0.467686 0.162741 0.088034 0.864312
1505.000000 38.664601 8.878923 -49.350379 -0.463164 0.161552 0.088524 0.866916
1506.000000 38.890458 9.357876 -49.137262 -0.459132 0.159150 0.088245 0.869530
1507.000000 39.136397 9.759709 -48.916256 -0.455771 0.156620 0.087740 0.871805
1508.000000 39.278104 10.057560 -48.794451 -0.453239 0.155084 0.087559 0.873417
1509.000000 39.191637 10.223223 -48.880722 -0.451690 0.155684 0.088229 0.874045
1510.000000 38.758004 10.236751 -49.272488 -0.451188 0.159493 0.090249 0.873411
1511.000000 38.301125 10.349317 -49.654765 -0.449772 0.163390 0.092504 0.873185
1512.000000 38.228377 10.255859 -49.780424 -0.450491 0.164111 0.092647 0.872664
1513.000000 38.119750 9.902818 -49.986498 -0.453445 0.165398 0.092532 0.870901
1514.000000 37.894004 9.379670 -50.311700 -0.457753 0.167865 0.092683 0.868155
1515.000000 37.557485 8.792302 -50.724649 -0.462469 0.171343 0.093245 0.864910
1516.000000 37.154877 8.255686 -51.164888 -0.466611 0.175296 0.094180 0.861786
1517.000000 36.731553 7.896033 -51.577699 -0.469208 0.179181 0.095470 0.859432
1518.000000 36.344703 7.840745 -51.910632 -0.469308 0.182436 0.097109 0.858508
1519.000000 36.111151 8.121319 -52.081508 -0.466807 0.184077 0.098651 0.859346
1520.000000 36.245121 8.590925 -51.964330 -0.463102 0.182493 0.098885 0.861658
1521.000000 36.494789 8.793973 -51.807207 -0.461687 0.180210 0.098125 0.862984
1522.000000 36.505716 8.894278 -51.834827 -0.460888 0.180015 0.098260 0.863436
1523.000000 36.484551 9.124539 -51.862705 -0.458959 0.179970 0.098777 0.864414
1524.000000 36.328658 9.560703 -51.946939 -0.455161 0.180857 0.100252 0.866065
1525.000000 36.097319 10.117599 -52.055887 -0.450271 0.182253 0.102255 0.868092
1526.000000 35.854090 10.706956 -52.158495 -0.445106 0.183696 0.104348 0.870200
1527.000000 35.663704 11.238526 -52.228434 -0.440501 0.184727 0.106092 0.872112
1528.000000 35.594254 11.616893 -52.244184 -0.437291 0.184904 0.107038 0.873573
1529.000000 35.654683 11.841692 -52.204351 -0.435474 0.184169 0.107163 0.874620
1530.000000 36.219930 11.527521 -51.937316 -0.438661 0.179765 0.104214 0.874300
1531.000000 36.525055 11.269597 -51.833209 -0.441159 0.177443 0.102504 0.873719
1532.000000 36.368519 11.351334 -51.978595 -0.440324 0.178678 0.103337 0.873791
1533.000000 35.999586 11.604918 -52.232001 -0.437815 0.181524 0.105348 0.874225
1534.000000 35.627237 11.870230 -52.479823 -0.435205 0.184364 0.107383 0.874686
1535.000000 35.278894 12.154700 -52.699435 -0.432513 0.186927 0.109313 0.875238
1536.000000 34.989183 12.460375 -52.871664 -0.429719 0.188973 0.111038 0.875958
1537.000000 34.787935 12.791599 -52.977346 -0.426800 0.190269 0.112452 0.876923
1538.000000 34.677205 13.138425 -53.018114 -0.423844 0.190805 0.113537 0.878100
1539.000000 34.475412 13.379265 -53.143028 -0.421664 0.192211 0.114801 0.878678
1540.000000 33.449427 13.910314 -53.713116 -0.416192 0.200060 0.119823 0.878864
1541.000000 32.670050 14.346318 -54.129593 -0.411761 0.205919 0.123648 0.879069
1542.000000 32.475259 14.641221 -54.219871 -0.409109 0.207175 0.124932 0.879829
1543.000000 32.655982 14.819413 -54.114058 -0.407816 0.205517 0.124564 0.880870
1544.000000 33.002346 14.908007 -53.931098 -0.407446 0.202609 0.123409 0.881877
1545.000000 33.307479 14.934085 -53.790323 -0.407566 0.200114 0.122313 0.882544
1546.000000 33.388056 14.923871 -53.797274 -0.407754 0.199481 0.122005 0.882643
1547.000000 33.281974 14.917533 -53.916878 -0.407708 0.200345 0.122397 0.882414
1548.000000 33.158290 14.981039 -54.026489 -0.407071 0.201257 0.122974 0.882421
1549.000000 33.279973 14.987392 -54.000721 -0.407174 0.200230 0.122514 0.882670
1550.000000 33.752311 14.783933 -53.814771 -0.409385 0.196576 0.120345 0.882768
1551.000000 34.040219 14.604360 -53.735261 -0.411193 0.194408 0.118936 0.882599
1552.000000 33.823540 14.593220 -53.928216 -0.411027 0.196215 0.119752 0.882165
1553.000000 33.205404 14.743714 -54.322409 -0.409056 0.201109 0.122358 0.881622
1554.000000 32.312834 14.930206 -54.858405 -0.406482 0.208116 0.126013 0.880670
1555.000000 31.277439 15.025296 -55.480737 -0.404516 0.216263 0.129971 0.879036
1556.000000 30.265776 14.935330 -56.114431 -0.404048 0.224314 0.133438 0.876711
1557.000000 29.292002 14.603017 -56.766814 -0.405460 0.232257 0.136235 0.873555
1558.000000 28.265413 13.967085 -57.494709 -0.409036 0.240870 0.138542 0.869182
1559.000000 27.189439 13.299660 -58.219737 -0.412673 0.249777 0.140903 0.864557
1560.000000 26.310924 12.967294 -58.749006 -0.414023 0.256689 0.143277 0.861491
1561.000000 25.867549 12.703670 -59.056428 -0.415431 0.260244 0.144305 0.859573
1562.000000 25.883885 12.265655 -59.195824 -0.418679 0.260643 0.143348 0.858035
1563.000000 26.090067 11.675702 -59.278690 -0.423234 0.259854 0.141374 0.856366
1564.000000 26.468668 11.062505 -59.282138 -0.428131 0.257847 0.138710 0.854972
1565.000000 27.022742 10.554230 -59.177521 -0.432459 0.254434 0.135616 0.854313
1566.000000 27.691641 10.226390 -58.976976 -0.435610 0.249947 0.132462 0.854531
1567.000000 28.343401 10.089646 -58.740974 -0.437349 0.245334 0.129748 0.855396
1568.000000 28.847382 10.150678 -58.535754 -0.437479 0.241559 0.127994 0.856667
1569.000000 29.072856 10.416760 -58.428899 -0.435805 0.239584 0.127711 0.858116
1570.000000 28.887546 10.895500 -58.485483 -0.432112 0.240395 0.129395 0.859504
1571.000000 28.147029 11.563402 -58.769970 -0.426400 0.245064 0.133494 0.860410
1572.000000 26.875303 12.254638 -59.275522 -0.419917 0.253512 0.139530 0.860193
1573.000000 25.331084 12.744924 -59.901288 -0.414569 0.264026 0.146033 0.858543
1574.000000 23.590714 12.854569 -60.636317 -0.411673 0.276221 0.152282 0.855007
1575.000000 22.357850 12.624400 -61.201209 -0.411696 0.285153 0.155902 0.851404
1576.000000 21.690459 12.133636 -61.591435 -0.414176 0.290431 0.156958 0.848217
1577.000000 21.465737 11.444250 -61.854004 -0.418571 0.292874 0.156078 0.845377
1578.000000 21.560870 10.613401 -62.022117 -0.424342 0.293281 0.153823 0.842768
1579.000000 21.855188 9.695256 -62.123589 -0.430951 0.292430 0.150703 0.840271
1580.000000 22.248676 8.734777 -62.179789 -0.437937 0.290927 0.147109 0.837814
1581.000000 22.766109 7.778895 -62.171892 -0.444992 0.288558 0.143043 0.835617
1582.000000 23.490344 6.996475 -62.047141 -0.451086 0.284568 0.138603 0.834465
1583.000000 24.509904 6.586070 -61.748497 -0.455002 0.278119 0.133929 0.835276
1584.000000 25.805575 6.717766 -61.256090 -0.455531 0.269129 0.129435 0.838635
1585.000000 26.710667 7.264501 -60.856511 -0.452694 0.262343 0.127216 0.842651
1586.000000 27.210730 8.035489 -60.589923 -0.447804 0.258104 0.126953 0.846603
1587.000000 27.455714 8.861225 -60.416607 -0.442236 0.255551 0.127768 0.850174
1588.000000 27.583718 9.593341 -60.298897 -0.437194 0.253883 0.128840 0.853115
1589.000000 27.705288 10.148092 -60.204588 -0.433388 0.252425 0.129578 0.855375
1590.000000 27.899061 10.462701 -60.113250 -0.431347 0.250704 0.129550 0.856916
1591.000000 28.132423 10.511685 -60.047850 -0.431231 0.248984 0.128820 0.857585
1592.000000 28.343480 10.278773 -60.040837 -0.433099 0.247727 0.127576 0.857194
1593.000000 28.469978 9.746570 -60.121649 -0.437003 0.247392 0.126007 0.855540
1594.000000 28.449278 8.897696 -60.314783 -0.442975 0.248431 0.124311 0.852410
1595.000000 28.256823 7.780258 -60.611094 -0.450608 0.250937 0.122685 0.847898
1596.000000 27.944229 6.544292 -60.953224 -0.458860 0.254366 0.121252 0.842641
1597.000000 27.573298 5.352389 -61.289749 -0.466656 0.258108 0.120124 0.837366
1598.000000 27.215354 4.349616 -61.580806 -0.473105 0.261532 0.119348 0.832784
1599.000000 26.959367 3.608049 -61.793644 -0.477858 0.263977 0.118752 0.829377
1600.000000 26.756502 3.016147 -61.966340 -0.481641 0.265904 0.118283 0.826635
1601.000000 26.448347 2.329506 -62.181054 -0.485929 0.268610 0.118019 0.823282
1602.000000 26.098615 1.527025 -62.406316 -0.490898 0.271680 0.117658 0.819369
1603.000000 25.981411 0.798750 -62.521254 -0.495559 0.273128 0.116541 0.816236
1604.000000 26.381879 0.348189 -62.409572 -0.498895 0.270897 0.114007 0.815305
1605.000000 27.333293 0.314657 -62.051212 -0.500030 0.264630 0.110198 0.817189
1606.000000 28.087958 0.582450 -61.764431 -0.498959 0.259388 0.107765 0.819844
1607.000000 28.673206 0.832498 -61.545793 -0.497822 0.255290 0.105934 0.822057
1608.000000 29.454882 0.694888 -61.230720 -0.499390 0.250212 0.102438 0.823110
1609.000000 30.192272 -0.057638 -60.926530 -0.505022 0.245897 0.097819 0.821535
1610.000000 30.486500 -1.393543 -60.814296 -0.514228 0.244946 0.093877 0.816553
1611.000000 30.465959 -2.817949 -60.826800 -0.523707 0.246153 0.091091 0.810458
1612.000000 30.326066 -3.816167 -60.894548 -0.530182 0.247825 0.089670 0.805884
1613.000000 30.089780 -4.133206 -61.042102 -0.532078 0.249599 0.090045 0.804043
1614.000000 30.104355 -4.629582 -61.049768 -0.535381 0.249828 0.088975 0.801896
1615.000000 30.198924 -5.659213 -60.967716 -0.542250 0.249935 0.086461 0.797510
1616.000000 30.526934 -6.811275 -60.739121 -0.550075 0.248602 0.082666 0.792957
1617.000000 30.759136 -7.706158 -60.569127 -0.556121 0.247707 0.079830 0.789302
1618.000000 30.400128 -8.021228 -60.764211 -0.557863 0.250316 0.080798 0.787148
1619.000000 29.875455 -7.612784 -61.128153 -0.554792 0.253472 0.083953 0.787978
1620.000000 29.831465 -6.487236 -61.328798 -0.547519 0.252937 0.086462 0.792951
1621.000000 30.259811 -5.098357 -61.299902 -0.538810 0.249147 0.087373 0.799985
1622.000000 30.827316 -4.154328 -61.139260 -0.532918 0.244821 0.086654 0.805327
1623.000000 31.165201 -4.289216 -61.011312 -0.533833 0.242831 0.084689 0.805533
1624.000000 30.593849 -4.995475 -61.299765 -0.537854 0.247215 0.085570 0.801421
1625.000000 29.244521 -6.073084 -61.911518 -0.543607 0.256868 0.089028 0.794093
1626.000000 27.662096 -7.835556 -62.490893 -0.553274 0.268384 0.091910 0.783205
1627.000000 26.115125 -10.362006 -62.839624 -0.567371 0.280060 0.092835 0.768790
1628.000000 24.711604 -13.630335 -62.834343 -0.585683 0.291196 0.091328 0.750893
1629.000000 23.229687 -17.503530 -62.489439 -0.607078 0.302990 0.088645 0.729243
1630.000000 21.553361 -21.750214 -61.802302 -0.630020 0.315879 0.085875 0.704216
1631.000000 19.825329 -26.071875 -60.749403 -0.652918 0.328778 0.083126 0.677269
1632.000000 18.200836 -30.187999 -59.386371 0.674421 -0.340645 -0.080402 -0.650118
1633.000000 16.821364 -33.850289 -57.848955 0.693421 -0.350612 -0.077676 -0.624664
1634.000000 15.790692 -36.876880 -56.320146 0.709148 -0.358096 -0.074884 -0.602718
1635.000000 15.108265 -39.264204 -54.928295 0.721653 -0.363199 -0.071953 -0.584916
1636.000000 14.741382 -41.062980 -53.752864 0.731200 -0.366201 -0.068813 -0.571409
1637.000000 14.641548 -42.329442 -52.843499 0.738044 -0.367443 -0.065505 -0.562126
1638.000000 14.746148 -43.118445 -52.226884 0.742418 -0.367316 -0.062232 -0.556796
1639.000000 15.002600 -43.472381 -51.913794 0.744503 -0.366140 -0.059236 -0.555111
1640.000000 15.367042 -43.419850 -51.905520 0.744421 -0.364171 -0.056777 -0.556770
1641.000000 15.800697 -42.976470 -52.197679 0.742237 -0.361630 -0.055124 -0.561488
1642.000000 16.267200 -42.146290 -52.781857 0.737963 -0.358715 -0.054555 -0.568997
1643.000000 16.730017 -40.923860 -53.645500 0.731568 -0.355614 -0.055349 -0.579037
1644.000000 17.148784 -39.297474 -54.770512 0.722984 -0.352521 -0.057774 -0.591342
1645.000000 17.476678 -37.253089 -56.131210 0.712115 -0.349657 -0.062070 -0.605623
1646.000000 17.660915 -34.778186 -57.691998 0.698861 -0.347260 -0.068440 -0.621547
1647.000000 17.757617 -32.001158 -59.299002 0.683926 -0.345055 -0.075979 -0.638286
1648.000000 18.094223 -29.438612 -60.563016 0.670243 -0.341624 -0.081233 -0.653811
1649.000000 18.679049 -27.172926 -61.489407 -0.658247 0.337007 0.084134 0.667876
1650.000000 19.431081 -25.145088 -62.168267 -0.647588 0.331594 0.085476 0.680712
1651.000000 20.266865 -23.283786 -62.678536 -0.637844 0.325770 0.086002 0.692555
1652.000000 21.099534 -21.511912 -63.090676 -0.628547 0.319949 0.086384 0.703633
1653.000000 21.836191 -19.747027 -63.469540 -0.619185 0.314594 0.087236 0.714164
1654.000000 22.393742 -17.921489 -63.867774 -0.609303 0.310149 0.089072 0.724309
1655.000000 22.847083 -16.184635 -64.221003 -0.599775 0.306321 0.091122 0.733577
1656.000000 23.403555 -14.865383 -64.389892 -0.592623 0.302183 0.091633 0.741004
1657.000000 24.131180 -14.096331 -64.345042 -0.588708 0.297426 0.090064 0.746223
1658.000000 24.571916 -13.349430 -64.389219 -0.584725 0.294303 0.089830 0.750608
1659.000000 24.616890 -12.490097 -64.597140 -0.579783 0.293401 0.091666 0.754563
1660.000000 24.526221 -11.432746 -64.880661 -0.573536 0.293162 0.094516 0.759065
1661.000000 24.604708 -10.071381 -65.129751 -0.565590 0.291706 0.097250 0.765217
1662.000000 24.902079 -8.483977 -65.295360 -0.556439 0.288767 0.099492 0.772717
1663.000000 24.975605 -7.112743 -65.483035 -0.548376 0.287275 0.102199 0.778660
1664.000000 24.884920 -6.160290 -65.666183 -0.542667 0.287063 0.104669 0.782401
1665.000000 25.085251 -5.389301 -65.709832 -0.538218 0.285273 0.105486 0.786011
1666.000000 25.669770 -5.120214 -65.556857 -0.537035 0.281573 0.103615 0.788400
1667.000000 26.253284 -5.024857 -65.384063 -0.536912 0.277954 0.101428 0.790050
1668.000000 26.667512 -4.704982 -65.292610 -0.535318 0.275165 0.100464 0.792228
1669.000000 26.768666 -3.937908 -65.355711 -0.530749 0.273949 0.101724 0.795556
1670.000000 26.434810 -2.937657 -65.597110 -0.524392 0.275186 0.105206 0.798885
1671.000000 25.685151 -2.142803 -65.976340 -0.518993 0.279054 0.109891 0.800437
1672.000000 24.801516 -1.823857 -66.373587 -0.516404 0.284062 0.114070 0.799765
1673.000000 24.582987 -1.895897 -66.503602 -0.516670 0.285428 0.114735 0.799011
1674.000000 25.212964 -2.419605 -66.302573 -0.520322 0.282116 0.111106 0.798330
1675.000000 25.853665 -3.264778 -66.072737 -0.525948 0.278950 0.106832 0.796337
1676.000000 25.782057 -3.450270 -66.145456 -0.526996 0.279541 0.106774 0.795444
1677.000000 25.029438 -2.865182 -66.515290 -0.522817 0.283614 0.110981 0.796184
1678.000000 24.074434 -2.029025 -66.949659 -0.517007 0.288603 0.116496 0.797396
1679.000000 23.406383 -1.468254 -67.251206 -0.513143 0.292029 0.120296 0.798080
1680.000000 23.206608 -1.352755 -67.372743 -0.512333 0.293064 0.121302 0.798069
1681.000000 23.463369 -1.621796 -67.328701 -0.514166 0.291776 0.119708 0.797603
1682.000000 23.937143 -2.114133 -67.200612 -0.517502 0.289403 0.116838 0.796735
1683.000000 23.877860 -2.460998 -67.263482 -0.519509 0.290054 0.116369 0.795259
1684.000000 22.748869 -2.366585 -67.710664 -0.517918 0.296650 0.120911 0.793184
1685.000000 21.195719 -1.973278 -68.278275 -0.514166 0.305365 0.127659 0.791257
1686.000000 20.173009 -1.548338 -68.650124 -0.510751 0.310847 0.132458 0.790545
1687.000000 20.336865 -1.189668 -68.659855 -0.508871 0.309521 0.132659 0.792243
1688.000000 20.864858 -0.958973 -68.556369 -0.508057 0.306243 0.131195 0.794281
1689.000000 21.316800 -0.964127 -68.470229 -0.508527 0.303648 0.129503 0.795253
1690.000000 21.626510 -1.128624 -68.424392 -0.509793 0.302024 0.128019 0.795301
1691.000000 21.679661 -1.363886 -68.456578 -0.511218 0.301943 0.127331 0.794527
1692.000000 21.069940 -1.225612 -68.700785 -0.509813 0.305345 0.129878 0.793717
1693.000000 19.812284 -0.797084 -69.131382 -0.506079 0.312183 0.135415 0.792520
1694.000000 19.147993 -0.463941 -69.372910 -0.503419 0.315713 0.138469 0.792288
1695.000000 19.001050 -0.799612 -69.461882 -0.504949 0.317075 0.137913 0.790867
1696.000000 18.360522 -1.932570 -69.662949 -0.510380 0.322120 0.137139 0.785458
1697.000000 16.259644 -3.926602 -70.151432 -0.519012 0.336142 0.139613 0.773397
1698.000000 13.326396 -6.543619 -70.626239 -0.529739 0.355185 0.143357 0.756749
1699.000000 9.908869 -9.434188 -70.913877 -0.540826 0.376755 0.147830 0.737366
1700.000000 5.992273 -12.419780 -70.945463 -0.551338 0.400515 0.153687 0.715538
1701.000000 1.636968 -15.336191 -70.660305 -0.560557 0.425779 0.161461 0.691678
1702.000000 -2.548183 -18.519031 -69.917713 -0.570835 0.449893 0.167981 0.665978
1703.000000 -5.874280 -21.960339 -68.761841 -0.582961 0.469792 0.170330 0.640655
1704.000000 -9.051807 -25.314122 -67.298582 -0.594443 0.488680 0.172283 0.614937
1705.000000 -12.199399 -28.068671 -65.741419 0.602823 -0.506545 -0.176203 -0.590736
1706.000000 -14.724917 -30.201415 -64.314379 0.608975 -0.520659 -0.179813 -0.570728
1707.000000 -16.145385 -31.659427 -63.315896 0.613589 -0.528801 -0.181208 -0.557712
1708.000000 -16.624517 -32.344495 -62.896044 0.616115 -0.531654 -0.181354 -0.552138
1709.000000 -16.458404 -32.473871 -62.924968 0.617080 -0.530932 -0.180527 -0.552027
1710.000000 -15.917909 -32.283637 -63.213070 0.617098 -0.528206 -0.178941 -0.555129
1711.000000 -15.259948 -32.015737 -63.562316 0.616867 -0.524928 -0.176889 -0.559138
1712.000000 -14.740129 -31.921124 -63.784498 0.617159 -0.522524 -0.174694 -0.561753
1713.000000 -14.545620 -32.174101 -63.756161 0.618517 -0.522014 -0.172656 -0.561363
1714.000000 -14.652986 -32.695774 -63.520972 0.620644 -0.523181 -0.170998 -0.558429
1715.000000 -15.004808 -33.361101 -63.147217 0.623061 -0.525615 -0.169923 -0.553759
1716.000000 -15.552830 -34.053278 -62.698190 0.625320 -0.528954 -0.169681 -0.548079
1717.000000 -16.192220 -34.750277 -62.204757 0.627475 -0.532701 -0.169889 -0.541889
1718.000000 -16.660358 -35.502923 -61.704450 0.630113 -0.535776 -0.169029 -0.536032
1719.000000 -16.940030 -36.583043 -61.042530 0.634435 -0.538476 -0.165771 -0.529203
1720.000000 -17.139795 -37.798640 -60.289854 0.639447 -0.540999 -0.161437 -0.521887
1721.000000 -17.343311 -38.603606 -59.768610 0.642664 -0.542973 -0.158896 -0.516638
1722.000000 -17.492627 -38.703261 -59.711826 0.642895 -0.543764 -0.159235 -0.515414
1723.000000 -17.060184 -38.782219 -59.839256 0.643814 -0.541979 -0.156589 -0.516954
1724.000000 -16.196591 -38.891672 -60.061488 0.645415 -0.538352 -0.151490 -0.520256
1725.000000 -15.278284 -38.785343 -60.422687 0.646102 -0.534223 -0.147033 -0.524918
1726.000000 -14.644388 -38.288785 -60.947051 0.644694 -0.530877 -0.145804 -0.530359
1727.000000 -14.257240 -38.056749 -61.237609 0.644111 -0.528935 -0.144748 -0.533289
1728.000000 -14.217955 -38.419221 -61.072834 0.645720 -0.529205 -0.142932 -0.531562
1729.000000 -14.549025 -38.798254 -60.805809 0.646981 -0.531096 -0.142989 -0.528116
1730.000000 -15.151641 -39.055136 -60.545242 0.647384 -0.534012 -0.145048 -0.524105
1731.000000 -15.834618 -39.480007 -60.147244 0.648383 -0.537474 -0.146834 -0.518807
1732.000000 -15.993930 -40.439089 -59.518177 0.652303 -0.539335 -0.143341 -0.512906
1733.000000 -16.294929 -41.057404 -59.063961 0.654584 -0.541393 -0.142106 -0.508153
1734.000000 -17.065874 -41.238764 -58.770881 0.654410 -0.544942 -0.145483 -0.503607
1735.000000 -17.930832 -41.492459 -58.384808 0.654413 -0.548960 -0.149142 -0.498139
1736.000000 -18.456826 -42.608840 -57.460928 0.658499 -0.552633 -0.146847 -0.489298
1737.000000 -18.948972 -43.190633 -56.915883 0.660342 -0.555472 -0.146861 -0.483561
1738.000000 -19.457965 -43.160816 -56.819043 0.659557 -0.557585 -0.149952 -0.481246
1739.000000 -19.788523 -43.206298 -56.722412 0.659317 -0.559036 -0.151688 -0.479343
1740.000000 -19.789537 -43.762147 -56.346468 0.661672 -0.559773 -0.149004 -0.476070
1741.000000 -19.549407 -44.413590 -55.968431 0.664765 -0.559601 -0.144380 -0.473380
1742.000000 -19.672787 -44.439974 -55.956998 0.664713 -0.560159 -0.144988 -0.472607
1743.000000 -19.757502 -44.392273 -56.020006 0.664388 -0.560449 -0.145760 -0.472482
1744.000000 -19.500889 -44.696488 -55.921491 0.665998 -0.559752 -0.142735 -0.471964
1745.000000 -19.272235 -45.084920 -55.738907 0.667940 -0.559278 -0.139402 -0.470778
1746.000000 -19.236261 -45.043783 -55.834797 0.667822 -0.559078 -0.139365 -0.471193
1747.000000 -19.103802 -45.610638 -55.472379 0.670366 -0.559224 -0.135711 -0.468466
1748.000000 -19.239192 -46.440286 -54.787284 0.673694 -0.560799 -0.132328 -0.462742
1749.000000 -19.394183 -47.202102 -54.130892 0.676725 -0.562361 -0.129360 -0.457230
1750.000000 -19.539332 -47.566778 -53.811099 0.678097 -0.563400 -0.128400 -0.454179
1751.000000 -19.368057 -48.103496 -53.447017 0.680577 -0.563296 -0.124568 -0.451659
1752.000000 -18.800219 -48.800535 -53.068087 0.684199 -0.561659 -0.117345 -0.450157
1753.000000 -18.376489 -49.129685 -52.964018 0.686065 -0.560217 -0.112939 -0.450241
1754.000000 -18.109081 -49.537426 -52.725996 0.688091 -0.559511 -0.109090 -0.448974
1755.000000 -17.671274 -49.906614 -52.576175 0.690127 -0.558016 -0.104327 -0.448841
1756.000000 -16.836100 -50.499161 -52.333098 0.693483 -0.554999 -0.095695 -0.449333
1757.000000 -16.280509 -50.925093 -52.149023 0.695808 -0.552976 -0.089722 -0.449464
1758.000000 -15.703133 -51.425579 -51.891098 0.698437 -0.550884 -0.083228 -0.449205
1759.000000 -14.956627 -51.881514 -51.711223 0.701002 -0.547977 -0.075849 -0.450072
1760.000000 -14.208710 -52.034523 -51.821729 0.702205 -0.544813 -0.070038 -0.452970
1761.000000 -13.513322 -51.979071 -52.114270 0.702427 -0.541722 -0.065621 -0.456977
1762.000000 -13.072302 -52.173169 -52.083731 0.703547 -0.539911 -0.061605 -0.457955
1763.000000 -11.836539 -52.715819 -51.882407 0.706604 -0.534766 -0.050398 -0.460648
1764.000000 -10.730964 -52.930333 -51.954098 0.708052 -0.529950 -0.041747 -0.464837
1765.000000 -10.084744 -53.351403 -51.704250 0.710169 -0.527222 -0.035162 -0.465253
1766.000000 -9.165839 -53.290038 -51.990782 0.710166 -0.523064 -0.029156 -0.470338
1767.000000 -7.922901 -53.125231 -52.415073 0.709688 -0.517401 -0.021452 -0.477681
1768.000000 -6.492554 -52.863981 -52.927289 0.708680 -0.510811 -0.012938 -0.486494
1769.000000 -4.808122 -52.629686 -53.391617 0.707682 -0.503022 -0.002720 -0.496133
1770.000000 -3.060809 -52.251357 -53.938775 0.705868 -0.494899 0.007067 -0.506729
1771.000000 -1.478968 -51.913660 -54.381490 0.704119 -0.487464 0.015809 -0.516086
1772.000000 -0.055892 -51.723331 -54.634936 0.702967 -0.480706 0.024108 -0.523620
1773.000000 0.342067 -51.530050 -54.868857 0.701982 -0.478834 0.025724 -0.526571
1774.000000 1.377316 -51.920699 -54.534650 0.703556 -0.473735 0.034164 -0.528599
1775.000000 2.894425 -52.466054 -54.005413 0.705643 -0.466110 0.046374 -0.531656
1776.000000 4.021770 -52.919129 -53.544187 0.707387 -0.460286 0.055620 -0.533523
1777.000000 5.362979 -52.565969 -53.828320 0.704929 -0.453750 0.062799 -0.541519
1778.000000 6.842262 -52.038471 -54.226246 0.701337 -0.446619 0.070210 -0.551115
1779.000000 7.723835 -51.728115 -54.452893 0.699109 -0.442360 0.074789 -0.556750
1780.000000 8.450905 -51.788887 -54.331157 0.698858 -0.438616 0.079908 -0.559311
1781.000000 9.161604 -51.783638 -54.267743 0.698231 -0.434971 0.084648 -0.562235
1782.000000 10.129986 -51.621495 -54.304753 0.696539 -0.430067 0.090318 -0.567202
1783.000000 11.529402 -51.423318 -54.270491 0.694274 -0.422870 0.098454 -0.573996
1784.000000 12.720804 -50.662948 -54.770991 0.689155 -0.417243 0.103036 -0.583402
1785.000000 14.068652 -49.603263 -55.460181 0.682158 -0.411069 0.107506 -0.595084
1786.000000 15.245420 -48.925591 -55.802907 0.677268 -0.405430 0.112330 -0.603586
1787.000000 15.905695 -48.994255 -55.610826 0.676964 -0.401784 0.116582 -0.605556
1788.000000 16.255716 -49.280912 -55.308665 0.678207 -0.399555 0.119664 -0.605038
1789.000000 16.825991 -49.374358 -55.107033 0.678146 -0.396302 0.123415 -0.606491
1790.000000 17.472028 -49.433326 -54.903288 0.677783 -0.392639 0.127552 -0.608420
1791.000000 18.167755 -49.701214 -54.484368 0.678468 -0.388428 0.132811 -0.609234
1792.000000 18.622472 -49.832439 -54.263327 0.678631 -0.385715 0.136123 -0.610045
1793.000000 18.908334 -49.820528 -54.229225 0.678191 -0.384133 0.137867 -0.611140
1794.000000 19.262476 -50.001760 -53.989397 0.678765 -0.381905 0.140721 -0.611248
1795.000000 19.368853 -49.831038 -54.161160 0.677658 -0.381530 0.140793 -0.612693
1796.000000 19.407127 -49.537381 -54.466137 0.675950 -0.381690 0.140028 -0.614651
1797.000000 19.289569 -49.586383 -54.515308 0.676367 -0.382295 0.139491 -0.613939
1798.000000 19.422796 -49.425719 -54.667379 0.675279 -0.381756 0.139757 -0.615410
1799.000000 19.807379 -48.848458 -55.097254 0.671556 -0.380312 0.140111 -0.620278
1800.000000 19.966390 -48.363703 -55.518314 0.668645 -0.380019 0.139386 -0.623755
1801.000000 19.740797 -47.605851 -56.301102 0.664709 -0.382200 0.135419 -0.627493
1802.000000 19.629488 -46.873418 -57.001815 0.660823 -0.383680 0.132233 -0.631361
1803.000000 19.410234 -46.328486 -57.572837 0.658140 -0.385498 0.129031 -0.633715
1804.000000 18.637972 -45.851457 -58.258144 0.656438 -0.390208 0.122946 -0.633807
1805.000000 17.937908 -45.107181 -59.104665 0.653167 -0.394731 0.116499 -0.635601
1806.000000 17.300234 -44.454336 -59.837889 0.650301 -0.398761 0.110798 -0.637042
1807.000000 16.931188 -42.970785 -61.067885 -0.642803 0.402020 -0.103856 0.643738
1808.000000 16.005689 -41.637976 -62.281353 -0.636654 0.407907 -0.094560 0.647566
1809.000000 15.036234 -40.707070 -63.182117 -0.632644 0.413564 -0.086494 0.649034
1810.000000 14.095296 -39.847187 -63.994571 -0.628925 0.418908 -0.078921 0.650185
1811.000000 12.920840 -39.095633 -64.753146 -0.625838 0.425261 -0.070712 0.649984
1812.000000 12.235153 -38.408025 -65.349492 -0.622693 0.429065 -0.065232 0.651077
1813.000000 11.394034 -37.570450 -66.039870 -0.618887 0.433659 -0.058535 0.652298
1814.000000 10.284871 -36.363318 -66.944699 -0.613409 0.439588 -0.049420 0.654255
1815.000000 9.680742 -36.040647 -67.260437 -0.612045 0.442645 -0.045621 0.653747
1816.000000 9.318788 -35.760349 -67.513027 -0.610800 0.444512 -0.043063 0.653818
1817.000000 8.489806 -35.809742 -67.648220 -0.611297 0.448488 -0.039477 0.650858
1818.000000 7.982853 -35.637282 -67.853623 -0.610598 0.450974 -0.036629 0.649962
1819.000000 7.415529 -35.252078 -68.171771 -0.608896 0.453804 -0.032789 0.649794
1820.000000 6.645146 -34.663447 -68.602993 -0.606297 0.457579 -0.027386 0.649827
1821.000000 5.649177 -34.036481 -69.055089 -0.603550 0.462357 -0.020903 0.649242
1822.000000 4.080281 -33.566283 -69.446718 -0.601544 0.469747 -0.012502 0.646009
1823.000000 3.630758 -33.273231 -69.665570 -0.600170 0.471882 -0.009637 0.645779
1824.000000 4.547814 -32.293272 -70.124386 -0.595551 0.467680 -0.010264 0.653062
1825.000000 4.593012 -30.902073 -70.797766 -0.589088 0.467542 -0.005801 0.659049
1826.000000 3.980539 -29.393564 -71.525957 -0.582125 0.470420 0.001770 0.663199
1827.000000 3.600967 -28.232745 -72.063578 -0.576767 0.472158 0.007168 0.666600
1828.000000 3.229879 -27.302587 -72.489614 -0.572461 0.473808 0.011682 0.669073
1829.000000 2.883671 -26.249545 -72.944371 -0.567547 0.475284 0.016427 0.672105
1830.000000 2.846604 -25.106631 -73.399500 -0.562243 0.475310 0.020222 0.676428
1831.000000 2.904505 -24.033092 -73.808180 -0.557281 0.474889 0.023430 0.680713
1832.000000 3.328622 -23.242007 -74.095731 -0.553674 0.472820 0.024341 0.685050
1833.000000 3.737865 -22.735662 -74.285732 -0.551394 0.470857 0.024436 0.688230
1834.000000 2.744436 -22.729856 -74.383632 -0.551225 0.475415 0.028209 0.685081
1835.000000 2.153121 -22.412405 -74.552225 -0.549634 0.478070 0.031409 0.684372
1836.000000 2.299156 -21.918621 -74.747250 -0.547377 0.477325 0.032450 0.686649
1837.000000 2.711587 -21.420670 -74.929484 -0.545170 0.475341 0.032513 0.689771
1838.000000 2.858796 -21.096954 -75.066797 -0.543722 0.474581 0.032968 0.691413
1839.000000 2.258608 -21.056110 -75.150406 -0.543410 0.477331 0.035267 0.689649
1840.000000 2.011596 -21.165790 -75.179005 -0.543832 0.478501 0.035776 0.688479
1841.000000 3.453517 -21.215490 -75.165281 -0.544372 0.471873 0.030400 0.692871
1842.000000 4.356012 -20.802573 -75.286635 -0.542643 0.467608 0.028448 0.697188
1843.000000 4.463801 -19.992644 -75.552240 -0.538906 0.466961 0.030579 0.700423
1844.000000 5.396450 -19.476517 -75.678780 -0.536678 0.462560 0.028843 0.705113
1845.000000 5.667995 -19.334674 -75.747535 -0.536071 0.461284 0.028321 0.706430
1846.000000 5.806609 -19.245814 -75.811287 -0.535684 0.460610 0.028083 0.707173
1847.000000 6.321597 -19.382414 -75.787497 -0.536401 0.458232 0.025824 0.708259
1848.000000 7.540307 -19.831941 -75.611891 -0.538698 0.452577 0.020157 0.710332
1849.000000 8.857724 -19.755044 -75.541323 -0.538522 0.446327 0.015734 0.714520
1850.000000 9.716702 -19.192731 -75.633362 -0.535949 0.442204 0.014358 0.719033
1851.000000 9.886712 -18.784141 -75.766613 -0.534014 0.441363 0.014950 0.720974
1852.000000 10.542993 -18.873099 -75.708158 -0.534476 0.438256 0.012338 0.722575
1853.000000 10.899573 -19.228841 -75.619292 -0.536202 0.436580 0.010013 0.722347
1854.000000 11.565375 -19.607266 -75.475365 -0.538051 0.433417 0.006560 0.722917
1855.000000 12.811493 -19.495712 -75.356337 -0.537560 0.427420 0.002485 0.726867
1856.000000 13.847722 -19.222906 -75.296108 -0.536248 0.422405 -0.000416 0.730762
1857.000000 14.658097 -19.036304 -75.242215 -0.535325 0.418470 -0.002796 0.733691
1858.000000 15.283678 -18.870495 -75.211551 -0.534492 0.415438 -0.004587 0.736009
1859.000000 15.997008 -18.847675 -75.120115 -0.534345 0.411946 -0.007101 0.738055
1860.000000 17.060115 -18.955764 -74.910936 -0.534796 0.406703 -0.011204 0.740581
1861.000000 18.400262 -18.961255 -74.644677 -0.534700 0.400040 -0.015988 0.744183
1862.000000 18.968478 -18.750712 -74.608026 -0.533592 0.397218 -0.017445 0.746454
1863.000000 19.962480 -18.392602 -74.489449 -0.531686 0.392270 -0.020048 0.750355
1864.000000 20.758222 -17.826239 -74.462247 -0.528699 0.388349 -0.021417 0.754456
1865.000000 21.232854 -17.973512 -74.345731 -0.529350 0.385934 -0.023506 0.755176
1866.000000 21.961613 -18.242095 -74.120046 -0.530588 0.382167 -0.026808 0.756112
1867.000000 22.595730 -18.264917 -73.976395 -0.530608 0.378915 -0.029104 0.757648
1868.000000 23.658795 -17.860321 -73.794955 -0.528324 0.373527 -0.031865 0.761798
1869.000000 24.707895 -17.558025 -73.575363 -0.526500 0.368163 -0.034884 0.765531
1870.000000 25.141542 -17.864567 -73.406973 -0.527981 0.365845 -0.037221 0.765511
1871.000000 25.347140 -18.416376 -73.251974 -0.530799 0.364629 -0.039344 0.764035
1872.000000 26.272492 -18.319439 -73.002227 -0.530050 0.359804 -0.042436 0.766673
1873.000000 26.942623 -17.919181 -72.908687 -0.527746 0.356379 -0.043886 0.769774
1874.000000 26.951703 -18.054919 -72.924012 -0.528445 0.356289 -0.044261 0.769315
1875.000000 27.431020 -17.912900 -72.833170 -0.527546 0.353815 -0.045654 0.770990
1876.000000 27.972092 -17.840162 -72.696761 -0.526995 0.350974 -0.047454 0.772555
1877.000000 28.617452 -17.509221 -72.577949 -0.525005 0.347647 -0.049009 0.775313
1878.000000 28.630542 -17.568774 -72.611090 -0.525306 0.347555 -0.049197 0.775138
1879.000000 28.500000 -17.951976 -72.621659 -0.527398 0.348129 -0.049635 0.773430
1880.000000 29.226641 -17.821217 -72.417429 -0.526460 0.344292 -0.051943 0.775632
1881.000000 29.936054 -17.285724 -72.309307 -0.523315 0.340673 -0.053261 0.779260
1882.000000 30.181152 -17.347783 -72.244670 -0.523539 0.339325 -0.054304 0.779626
1883.000000 30.073958 -18.022573 -72.176320 -0.527226 0.339642 -0.055494 0.776915
1884.000000 30.759973 -18.446339 -71.832210 -0.529262 0.335777 -0.058983 0.776953
1885.000000 31.313922 -18.265347 -71.691087 -0.528060 0.332843 -0.060590 0.778908
1886.000000 31.477410 -18.254554 -71.673895 -0.527931 0.331945 -0.061166 0.779333
1887.000000 31.613575 -19.093320 -71.447463 -0.532435 0.330833 -0.063602 0.776542
1888.000000 32.316896 -19.578645 -71.053362 -0.534780 0.326784 -0.067333 0.776330
1889.000000 33.010592 -19.683018 -70.756536 -0.535035 0.322928 -0.070186 0.777515
1890.000000 33.367629 -20.148119 -70.510749 -0.537395 0.320731 -0.072597 0.776574
1891.000000 33.536225 -20.803166 -70.293417 -0.540895 0.319466 -0.074731 0.774461
1892.000000 33.946067 -21.254098 -70.013154 -0.543168 0.316961 -0.077339 0.773642
1893.000000 34.304362 -21.509310 -69.810993 -0.544388 0.314822 -0.079319 0.773458
1894.000000 34.427772 -21.392321 -69.838708 -0.543661 0.314209 -0.079543 0.774195
1895.000000 34.762204 -21.676912 -69.636827 -0.545047 0.312188 -0.081496 0.773835
1896.000000 35.106006 -21.887388 -69.449853 -0.546019 0.310147 -0.083322 0.773776
1897.000000 35.259707 -21.633813 -69.503369 -0.544512 0.309439 -0.083367 0.775116
1898.000000 35.047708 -21.437000 -69.724227 -0.543551 0.310750 -0.082097 0.775401
1899.000000 35.241046 -21.490978 -69.662830 -0.543735 0.309647 -0.082970 0.775620
1900.000000 35.306684 -21.510472 -69.676047 -0.543792 0.309267 -0.083271 0.775700
1901.000000 35.124729 -21.607713 -69.790410 -0.544435 0.310214 -0.082771 0.774924
1902.000000 35.015028 -21.736005 -69.858386 -0.545215 0.310744 -0.082617 0.774180
1903.000000 35.302208 -21.717091 -69.772186 -0.544940 0.309161 -0.083691 0.774891
1904.000000 35.559750 -21.934371 -69.625378 -0.545989 0.307596 -0.085183 0.774613
1905.000000 35.883650 -22.494184 -69.332064 -0.548902 0.305446 -0.087702 0.773122
1906.000000 35.839221 -23.058128 -69.222356 -0.552075 0.305344 -0.088770 0.770778
1907.000000 35.742273 -23.420483 -69.203422 -0.554152 0.305654 -0.089183 0.769115
1908.000000 35.701790 -23.766758 -69.158970 -0.556103 0.305657 -0.089781 0.767634
1909.000000 35.563488 -24.397615 -69.062509 -0.559690 0.306007 -0.090619 0.764784
1910.000000 35.818689 -24.496720 -68.945983 -0.560084 0.304503 -0.091870 0.764947
1911.000000 36.398860 -24.713145 -68.616364 -0.560901 0.301127 -0.094704 0.765339
1912.000000 36.416723 -25.010803 -68.552571 -0.562535 0.300837 -0.095434 0.764162
1913.000000 36.447117 -25.155452 -68.536691 -0.563307 0.300580 -0.095882 0.763638
1914.000000 36.287188 -25.513705 -68.541364 -0.565414 0.301229 -0.096021 0.761806
1915.000000 35.875281 -25.807830 -68.699902 -0.567320 0.303300 -0.094975 0.759695
1916.000000 35.869100 -26.163966 -68.618917 -0.569296 0.303068 -0.095745 0.758211
1917.000000 35.825865 -26.543912 -68.548047 -0.571428 0.303042 -0.096401 0.756533
1918.000000 35.862886 -27.007031 -68.400734 -0.573951 0.302513 -0.097573 0.754682
1919.000000 35.871185 -27.328658 -68.321222 -0.575719 0.302240 -0.098317 0.753347
1920.000000 35.716788 -27.601435 -68.344804 -0.577329 0.302896 -0.098274 0.751856
1921.000000 35.550482 -27.745006 -68.425455 -0.578241 0.303705 -0.097890 0.750878
1922.000000 35.652054 -28.122387 -68.271484 -0.580244 0.302882 -0.099147 0.749500
1923.000000 35.718086 -28.473840 -68.143450 -0.582130 0.302265 -0.100206 0.748144
1924.000000 35.712194 -28.852705 -68.038937 -0.584222 0.302021 -0.101025 0.746500
1925.000000 35.590073 -29.047089 -68.072867 -0.585365 0.302544 -0.100935 0.745404
1926.000000 35.422608 -29.133682 -68.174838 -0.585955 0.303385 -0.100415 0.744668
1927.000000 35.482917 -29.675335 -67.961204 -0.588874 0.302649 -0.101883 0.742463
1928.000000 35.489357 -29.919066 -67.903558 -0.590194 0.302429 -0.102453 0.741425
1929.000000 35.455290 -29.896651 -67.983390 -0.590100 0.302634 -0.102258 0.741443
1930.000000 35.326224 -30.412931 -67.874435 -0.593006 0.302953 -0.102845 0.738909
1931.000000 35.198823 -30.768814 -67.833512 -0.595031 0.303382 -0.103078 0.737070
1932.000000 35.166789 -31.038445 -67.779079 -0.596531 0.303352 -0.103541 0.735804
1933.000000 35.094811 -31.294104 -67.751006 -0.597975 0.303547 -0.103796 0.734514
1934.000000 35.067098 -31.671612 -67.642633 -0.600041 0.303410 -0.104517 0.732783
1935.000000 35.109936 -31.916083 -67.557612 -0.601332 0.302986 -0.105256 0.731793
1936.000000 35.019759 -32.395922 -67.427751 -0.603992 0.303093 -0.105940 0.729455
1937.000000 34.788024 -32.377662 -67.608045 -0.604072 0.304356 -0.104871 0.729017
1938.000000 34.608482 -32.557584 -67.666464 -0.605177 0.305181 -0.104470 0.727813
1939.000000 34.798875 -32.797314 -67.504353 -0.606333 0.303966 -0.105861 0.727158
1940.000000 34.736493 -33.206966 -67.388753 -0.608583 0.303980 -0.106502 0.725176
1941.000000 34.603447 -33.197998 -67.514133 -0.608642 0.304707 -0.105880 0.724912
1942.000000 34.629998 -32.929879 -67.685079 -0.607185 0.304785 -0.105384 0.726172
1943.000000 34.636134 -33.247771 -67.579139 -0.608891 0.304508 -0.106120 0.724752
1944.000000 34.618457 -33.528588 -67.501075 -0.610411 0.304373 -0.106677 0.723447
1945.000000 34.787574 -34.010989 -67.223592 -0.612887 0.303073 -0.108518 0.721623
1946.000000 34.790729 -34.105296 -67.227281 -0.613448 0.302949 -0.108659 0.721177
1947.000000 35.052611 -34.445956 -66.970367 -0.615271 0.301170 -0.110354 0.720112
1948.000000 34.756560 -34.201673 -67.301385 -0.614575 0.302800 -0.108002 0.720379
1949.000000 33.563249 -32.982699 -68.554930 -0.609427 0.309894 -0.099402 0.722969
1950.000000 32.131492 -30.260775 -70.518018 -0.596607 0.318984 -0.086535 0.731315
1951.000000 30.487618 -26.433724 -72.799704 -0.578214 0.329349 -0.070718 0.743100
1952.000000 28.949423 -20.769238 -75.269895 -0.550420 0.339328 -0.051762 0.761062
1953.000000 28.016096 -12.429497 -77.479370 -0.508813 0.346063 -0.029453 0.787707
1954.000000 27.075462 -2.975007 -78.794893 -0.460868 0.351719 -0.005073 0.814781
1955.000000 25.815314 6.755388 -79.037714 -0.410088 0.357743 0.020440 0.838707
1956.000000 24.971099 16.247819 -77.973671 -0.358585 0.360404 0.044172 0.859985
1957.000000 24.040640 25.452486 -75.826411 -0.306239 0.362334 0.067796 0.877688
1958.000000 23.710242 33.476620 -72.799297 -0.257939 0.360342 0.087679 0.892151
