0.000000 0.000000 0.000000 0.000000 0.000000 -0.000000 -0.000000 1.000000
1.000000 -0.026072 0.000449 -0.045140 0.000512 0.068915 -0.000298 0.997622
2.000000 -0.037504 0.000467 -0.074798 -0.000570 0.141936 -0.000664 0.989875
3.000000 -0.041144 -0.000271 -0.099615 -0.002955 0.215743 -0.001274 0.976445
4.000000 -0.046217 -0.001956 -0.125080 -0.006207 0.286589 -0.002160 0.958031
5.000000 -0.057975 -0.004301 -0.151200 -0.009872 0.351278 -0.003177 0.936214
6.000000 -0.074023 -0.006391 -0.176777 -0.013604 0.407851 -0.004086 0.912938
7.000000 -0.087385 -0.008318 -0.203990 -0.017938 0.444585 -0.005240 0.895542
8.000000 -0.092984 -0.010411 -0.234949 -0.022870 0.458676 -0.007049 0.888281
9.000000 -0.093957 -0.012804 -0.267906 -0.028111 0.462847 -0.009347 0.885943
10.000000 -0.094190 -0.015483 -0.301191 -0.033313 0.465533 -0.011790 0.884325
11.000000 -0.093218 -0.017845 -0.334968 -0.037457 0.466080 -0.013845 0.883841
12.000000 -0.090928 -0.019666 -0.369220 -0.040363 0.464501 -0.015388 0.884518
13.000000 -0.087694 -0.021030 -0.403788 -0.042261 0.461332 -0.016510 0.886067
14.000000 -0.083959 -0.022062 -0.438525 -0.043380 0.457097 -0.017311 0.888190
15.000000 -0.079802 -0.022807 -0.473325 -0.043952 0.452321 -0.017885 0.890592
16.000000 -0.075268 -0.023325 -0.508096 -0.044214 0.447523 -0.018314 0.892991
17.000000 -0.070742 -0.023769 -0.542744 -0.044402 0.443229 -0.018680 0.895113
18.000000 -0.066988 -0.024389 -0.577188 -0.044751 0.439967 -0.019062 0.896696
19.000000 -0.064793 -0.025462 -0.611377 -0.045462 0.438159 -0.019529 0.897535
20.000000 -0.064067 -0.027041 -0.645370 -0.046527 0.437529 -0.020093 0.897775
21.000000 -0.064246 -0.029066 -0.679249 -0.047854 0.437547 -0.020742 0.897682
22.000000 -0.064973 -0.031507 -0.713057 -0.049394 0.437910 -0.021471 0.897404
23.000000 -0.066275 -0.034392 -0.746792 -0.051147 0.438602 -0.022272 0.896948
24.000000 -0.068201 -0.037751 -0.780445 -0.053112 0.439620 -0.023147 0.896313
25.000000 -0.070801 -0.041608 -0.814009 -0.055282 0.440964 -0.024103 0.895496
26.000000 -0.073292 -0.040383 -0.847830 -0.054686 0.442274 -0.023702 0.894897
27.000000 -0.075038 -0.028405 -0.882111 -0.048772 0.443309 -0.020683 0.894802
28.000000 -0.077413 -0.012307 -0.916201 -0.041396 0.444676 -0.016903 0.894575
29.000000 -0.080934 0.005226 -0.949880 -0.033987 0.446555 -0.013062 0.894015
30.000000 -0.085499 0.024270 -0.983105 -0.026514 0.448854 -0.009157 0.893165
31.000000 -0.091297 0.042708 -1.015890 -0.018922 0.451475 -0.005183 0.892068
32.000000 -0.098372 0.058737 -1.048374 -0.011157 0.454319 -0.001137 0.890769
33.000000 -0.105967 0.075439 -1.080529 -0.003170 0.457283 0.002995 0.889310
34.000000 -0.113679 0.094083 -1.112272 0.005078 0.460267 0.007243 0.887736
35.000000 -0.121314 0.114804 -1.143548 0.013617 0.463168 0.011642 0.886090
36.000000 -0.129845 0.130076 -1.175037 0.019598 0.466381 0.014712 0.884245
37.000000 -0.139923 0.132524 -1.207667 0.020549 0.470170 0.015109 0.882207
38.000000 -0.149427 0.131835 -1.240655 0.020334 0.473669 0.014852 0.880343
39.000000 -0.157463 0.131973 -1.273687 0.020411 0.476554 0.014749 0.878785
40.000000 -0.163935 0.133024 -1.306793 0.020788 0.478822 0.014832 0.877541
41.000000 -0.168755 0.135029 -1.339995 0.021455 0.480476 0.015117 0.876615
42.000000 -0.171828 0.138039 -1.373307 0.022414 0.481517 0.015602 0.876011
43.000000 -0.173055 0.142106 -1.406735 0.023673 0.481944 0.016273 0.875731
44.000000 -0.172341 0.147283 -1.440273 0.025234 0.481757 0.017127 0.875774
45.000000 -0.169590 0.153618 -1.473905 0.027098 0.480954 0.018165 0.876139
46.000000 -0.164706 0.161161 -1.507605 0.029264 0.479531 0.019388 0.876822
47.000000 -0.157595 0.169959 -1.541335 0.031730 0.477487 0.020798 0.877819
48.000000 -0.148164 0.180057 -1.575046 0.034492 0.474818 0.022404 0.879123
49.000000 -0.136324 0.191500 -1.608676 0.037544 0.471519 0.024212 0.880724
50.000000 -0.121993 0.204315 -1.642153 0.040883 0.467588 0.026218 0.882611
51.000000 -0.105979 0.216244 -1.675634 0.043908 0.463276 0.028086 0.884680
52.000000 -0.090646 0.221261 -1.709758 0.045102 0.459258 0.028985 0.886684
53.000000 -0.077014 0.218091 -1.744680 0.044257 0.455780 0.028805 0.888525
54.000000 -0.065548 0.207422 -1.780254 0.041670 0.452913 0.027702 0.890149
55.000000 -0.056730 0.190030 -1.816258 0.037641 0.450721 0.025820 0.891497
56.000000 -0.050888 0.167234 -1.852421 0.032470 0.449264 0.023302 0.892504
57.000000 -0.048095 0.141151 -1.888482 0.026451 0.448608 0.020291 0.893107
58.000000 -0.048757 0.112975 -1.924252 0.019872 0.448818 0.016946 0.893241
59.000000 -0.053419 0.083624 -1.959577 0.013025 0.449964 0.013432 0.892851
60.000000 -0.062625 0.054120 -1.994340 0.006201 0.452111 0.009910 0.891885
61.000000 -0.075726 0.027520 -2.028468 0.000117 0.455058 0.006762 0.890436
62.000000 -0.090124 0.010568 -2.062106 -0.003768 0.458205 0.004757 0.888826
63.000000 -0.104893 0.004185 -2.095510 -0.005319 0.461360 0.003980 0.887188
64.000000 -0.119783 0.006915 -2.128778 -0.004902 0.464480 0.004248 0.885560
65.000000 -0.134531 0.017188 -2.161889 -0.002881 0.467516 0.005368 0.883964
66.000000 -0.148880 0.033459 -2.194778 0.000382 0.470415 0.007145 0.882416
67.000000 -0.162572 0.054210 -2.227390 0.004528 0.473125 0.009382 0.880934
68.000000 -0.175334 0.077823 -2.259705 0.009196 0.475593 0.011890 0.879537
69.000000 -0.186875 0.102577 -2.291767 0.014026 0.477771 0.014477 0.878253
70.000000 -0.196894 0.126688 -2.323694 0.018667 0.479615 0.016959 0.877117
71.000000 -0.205212 0.149210 -2.355610 0.022943 0.481107 0.019243 0.876150
72.000000 -0.211768 0.170050 -2.387594 0.026845 0.482249 0.021328 0.875363
73.000000 -0.216514 0.189150 -2.419712 0.030371 0.483045 0.023219 0.874760
74.000000 -0.219397 0.206458 -2.452023 0.033519 0.483498 0.024918 0.874349
75.000000 -0.220369 0.221919 -2.484576 0.036289 0.483610 0.026427 0.874132
76.000000 -0.219379 0.235481 -2.517410 0.038679 0.483383 0.027747 0.874114
77.000000 -0.216375 0.247093 -2.550554 0.040690 0.482819 0.028882 0.874297
78.000000 -0.211304 0.256700 -2.584027 0.042321 0.481920 0.029831 0.874684
79.000000 -0.204113 0.264250 -2.617841 0.043571 0.480685 0.030596 0.875276
80.000000 -0.194747 0.269687 -2.651994 0.044441 0.479115 0.031180 0.876072
81.000000 -0.183149 0.272956 -2.686475 0.044928 0.477209 0.031583 0.877072
82.000000 -0.169260 0.274000 -2.721262 0.045034 0.474967 0.031806 0.878275
83.000000 -0.153024 0.272760 -2.756324 0.044756 0.472386 0.031851 0.879678
84.000000 -0.134325 0.269172 -2.791619 0.044093 0.469456 0.031719 0.881284
85.000000 -0.112826 0.263153 -2.827104 0.043040 0.466131 0.031409 0.883110
86.000000 -0.088124 0.254613 -2.862717 0.041590 0.462358 0.030920 0.885178
87.000000 -0.060231 0.243726 -2.898334 0.039780 0.458145 0.030270 0.887471
88.000000 -0.030550 0.231533 -2.933744 0.037783 0.453708 0.029532 0.889859
89.000000 -0.000839 0.219298 -2.968794 0.035799 0.449304 0.028793 0.892197
90.000000 0.027034 0.208349 -3.003422 0.034031 0.445196 0.028137 0.894344
91.000000 0.051105 0.200075 -3.037652 0.032678 0.441648 0.027651 0.896167
92.000000 0.069379 0.195895 -3.071563 0.031941 0.438928 0.027427 0.897535
93.000000 0.079942 0.197189 -3.105239 0.032021 0.437305 0.027550 0.898321
94.000000 0.080773 0.205376 -3.138706 0.033125 0.437052 0.028101 0.898387
95.000000 0.069705 0.221634 -3.171882 0.035415 0.438451 0.029139 0.897584
96.000000 0.047339 0.241787 -3.204827 0.038284 0.441402 0.030375 0.895977
97.000000 0.016976 0.257386 -3.237896 0.040547 0.445457 0.031249 0.893839
98.000000 -0.018507 0.265062 -3.271209 0.041772 0.450223 0.031553 0.891380
99.000000 -0.056906 0.264404 -3.304709 0.041950 0.455403 0.031283 0.888746
100.000000 -0.095975 0.255076 -3.338366 0.041070 0.460705 0.030444 0.886080
101.000000 -0.133707 0.237308 -3.372176 0.039119 0.465838 0.029053 0.883527
102.000000 -0.168245 0.211714 -3.406157 0.036080 0.470515 0.027128 0.881237
103.000000 -0.197400 0.178221 -3.440371 0.031938 0.474447 0.024681 0.879358
104.000000 -0.218763 0.136420 -3.474885 0.026684 0.477342 0.021709 0.878044
105.000000 -0.230016 0.086274 -3.509686 0.020362 0.478929 0.018227 0.877428
106.000000 -0.232020 0.033759 -3.544400 0.013768 0.479327 0.014641 0.877406
107.000000 -0.228130 -0.010754 -3.578773 0.008210 0.478954 0.011635 0.877725
108.000000 -0.219970 -0.042316 -3.613052 0.004281 0.478028 0.009516 0.878283
109.000000 -0.209264 -0.056420 -3.647521 0.002498 0.476772 0.008556 0.878982
110.000000 -0.197988 -0.047951 -3.682315 0.003432 0.475424 0.009052 0.879703
111.000000 -0.188098 -0.011848 -3.717186 0.007626 0.474203 0.011284 0.880310
112.000000 -0.178684 0.050226 -3.751407 0.014809 0.472971 0.015104 0.880824
113.000000 -0.165423 0.128734 -3.784233 0.023811 0.471213 0.019894 0.881474
114.000000 -0.144309 0.213819 -3.815309 0.033494 0.468493 0.025073 0.882476
115.000000 -0.116406 0.299918 -3.844457 0.043262 0.464974 0.030340 0.883746
116.000000 -0.085034 0.383275 -3.871749 0.052752 0.461076 0.035507 0.885079
117.000000 -0.053911 0.460681 -3.897648 0.061606 0.457230 0.040373 0.886293
118.000000 -0.026459 0.528435 -3.923079 0.069349 0.453806 0.044661 0.887275
119.000000 -0.002926 0.583041 -3.949204 0.075530 0.450822 0.048140 0.888109
120.000000 0.018675 0.622940 -3.976888 0.079960 0.448087 0.050738 0.888960
121.000000 0.040570 0.646350 -4.006859 0.082453 0.445407 0.052385 0.889983
122.000000 0.064524 0.646271 -4.040468 0.082260 0.442673 0.052712 0.891345
123.000000 0.093022 0.604203 -4.080337 0.077405 0.439764 0.050746 0.893331
124.000000 0.125397 0.509746 -4.126226 0.066905 0.436796 0.046007 0.895888
125.000000 0.153336 0.382502 -4.172850 0.053104 0.434477 0.039587 0.898244
126.000000 0.168223 0.246794 -4.216295 0.038770 0.433537 0.032756 0.899705
127.000000 0.166714 0.120285 -4.255641 0.025714 0.434199 0.026381 0.900064
128.000000 0.156050 0.006115 -4.291500 0.013933 0.435617 0.020563 0.899790
129.000000 0.143098 -0.099069 -4.324545 0.002844 0.437058 0.015102 0.899302
130.000000 0.130564 -0.202901 -4.355054 -0.008225 0.438341 0.009687 0.898719
131.000000 0.119099 -0.312261 -4.382694 -0.019774 0.439502 0.004059 0.898015
132.000000 0.105921 -0.419903 -4.407890 -0.030928 0.440866 -0.001372 0.897039
133.000000 0.082659 -0.496334 -4.434360 -0.038719 0.443256 -0.005146 0.895544
134.000000 0.044751 -0.520716 -4.466057 -0.041164 0.447112 -0.006233 0.893508
135.000000 0.002063 -0.510820 -4.501373 -0.040186 0.451410 -0.005535 0.891394
136.000000 -0.032890 -0.492164 -4.537277 -0.038379 0.454889 -0.004391 0.889710
137.000000 -0.053622 -0.480805 -4.572245 -0.037303 0.456930 -0.003676 0.888713
138.000000 -0.065142 -0.475083 -4.606645 -0.036765 0.458052 -0.003312 0.888159
139.000000 -0.073538 -0.471511 -4.640843 -0.036424 0.458863 -0.003096 0.887755
140.000000 -0.081072 -0.468790 -4.674956 -0.036164 0.459584 -0.002934 0.887393
141.000000 -0.087752 -0.466917 -4.708989 -0.035985 0.460218 -0.002817 0.887072
142.000000 -0.093563 -0.465906 -4.742949 -0.035889 0.460767 -0.002746 0.886791
143.000000 -0.098493 -0.465769 -4.776838 -0.035875 0.461228 -0.002719 0.886552
144.000000 -0.102531 -0.466517 -4.810658 -0.035943 0.461604 -0.002739 0.886353
145.000000 -0.105663 -0.468163 -4.844411 -0.036092 0.461894 -0.002805 0.886196
146.000000 -0.107876 -0.470719 -4.878098 -0.036323 0.462097 -0.002917 0.886080
147.000000 -0.109158 -0.474198 -4.911718 -0.036636 0.462215 -0.003075 0.886006
148.000000 -0.109497 -0.478613 -4.945269 -0.037031 0.462246 -0.003279 0.885972
149.000000 -0.108878 -0.483975 -4.978747 -0.037507 0.462192 -0.003529 0.885979
150.000000 -0.107289 -0.490296 -5.012151 -0.038065 0.462051 -0.003826 0.886028
151.000000 -0.104717 -0.497591 -5.045474 -0.038705 0.461824 -0.004169 0.886117
152.000000 -0.101149 -0.505871 -5.078710 -0.039426 0.461511 -0.004558 0.886246
153.000000 -0.096572 -0.515148 -5.111852 -0.040229 0.461111 -0.004993 0.886416
154.000000 -0.090974 -0.525435 -5.144893 -0.041114 0.460624 -0.005474 0.886626
155.000000 -0.084340 -0.536745 -5.177822 -0.042080 0.460051 -0.006002 0.886875
156.000000 -0.076659 -0.549089 -5.210629 -0.043128 0.459390 -0.006577 0.887163
157.000000 -0.067918 -0.562480 -5.243302 -0.044258 0.458641 -0.007198 0.887489
158.000000 -0.058218 -0.576810 -5.275840 -0.045459 0.457815 -0.007861 0.887850
159.000000 -0.047974 -0.591644 -5.308277 -0.046694 0.456946 -0.008544 0.888227
160.000000 -0.037663 -0.606481 -5.340659 -0.047923 0.456075 -0.009224 0.888602
161.000000 -0.027773 -0.620810 -5.373043 -0.049103 0.455242 -0.009878 0.888958
162.000000 -0.018804 -0.634104 -5.405494 -0.050193 0.454488 -0.010482 0.889276
163.000000 -0.011260 -0.645834 -5.438086 -0.051152 0.453853 -0.011012 0.889539
164.000000 -0.005631 -0.655487 -5.470896 -0.051940 0.453377 -0.011445 0.889731
165.000000 -0.002254 -0.662712 -5.503982 -0.052530 0.453088 -0.011765 0.889839
166.000000 -0.001302 -0.667336 -5.537379 -0.052909 0.452998 -0.011965 0.889860
167.000000 -0.002949 -0.669188 -5.571112 -0.053067 0.453121 -0.012037 0.889787
168.000000 -0.007248 -0.668221 -5.605186 -0.053001 0.453458 -0.011981 0.889620
169.000000 -0.013927 -0.664730 -5.639556 -0.052738 0.453985 -0.011811 0.889369
170.000000 -0.022662 -0.659066 -5.674165 -0.052305 0.454675 -0.011543 0.889045
171.000000 -0.033130 -0.651576 -5.708957 -0.051733 0.455498 -0.011195 0.888662
172.000000 -0.045001 -0.642618 -5.743872 -0.051052 0.456426 -0.010784 0.888230
173.000000 -0.057936 -0.632557 -5.778856 -0.050290 0.457432 -0.010327 0.887762
174.000000 -0.071595 -0.621761 -5.813860 -0.049477 0.458486 -0.009840 0.887269
175.000000 -0.085800 -0.610422 -5.848855 -0.048629 0.459575 -0.009332 0.886758
176.000000 -0.100549 -0.598542 -5.883834 -0.047744 0.460698 -0.008805 0.886228
177.000000 -0.115847 -0.586117 -5.918791 -0.046825 0.461854 -0.008256 0.885681
178.000000 -0.131701 -0.573139 -5.953717 -0.045869 0.463045 -0.007687 0.885114
179.000000 -0.148117 -0.559603 -5.988606 -0.044878 0.464268 -0.007098 0.884528
180.000000 -0.165101 -0.545503 -6.023448 -0.043852 0.465526 -0.006488 0.883923
181.000000 -0.182658 -0.530832 -6.058237 -0.042790 0.466817 -0.005857 0.883299
182.000000 -0.200796 -0.515584 -6.092963 -0.041692 0.468141 -0.005205 0.882654
183.000000 -0.219519 -0.499754 -6.127619 -0.040559 0.469498 -0.004533 0.881990
184.000000 -0.238833 -0.483335 -6.162194 -0.039390 0.470889 -0.003839 0.881304
185.000000 -0.258746 -0.466322 -6.196680 -0.038185 0.472312 -0.003125 0.880598
186.000000 -0.279261 -0.448709 -6.231067 -0.036944 0.473768 -0.002390 0.879871
187.000000 -0.300385 -0.430489 -6.265346 -0.035667 0.475257 -0.001635 0.879122
188.000000 -0.322125 -0.411657 -6.299506 -0.034354 0.476779 -0.000861 0.878351
189.000000 -0.344486 -0.392208 -6.333537 -0.033003 0.478333 -0.000067 0.877558
190.000000 -0.366741 -0.372670 -6.367439 -0.031654 0.479868 0.000726 0.876769
191.000000 -0.380283 -0.359315 -6.401382 -0.030735 0.480798 0.001262 0.876291
192.000000 -0.382613 -0.353813 -6.435516 -0.030354 0.480964 0.001476 0.876214
193.000000 -0.374210 -0.355625 -6.469871 -0.030467 0.480410 0.001397 0.876513
194.000000 -0.355567 -0.364200 -6.504399 -0.031030 0.479182 0.001054 0.877166
195.000000 -0.327232 -0.378938 -6.538991 -0.031997 0.477321 0.000475 0.878146
196.000000 -0.290184 -0.398926 -6.573489 -0.033322 0.474870 -0.000315 0.879425
197.000000 -0.245086 -0.423479 -6.607722 -0.034960 0.471871 -0.001292 0.880973
198.000000 -0.192464 -0.452017 -6.641503 -0.036862 0.468366 -0.002433 0.882762
199.000000 -0.132861 -0.483947 -6.674645 -0.038981 0.464397 -0.003713 0.884761
200.000000 -0.067612 -0.518090 -6.707000 -0.041234 0.460056 -0.005085 0.886917
201.000000 -0.006348 -0.547228 -6.738973 -0.043145 0.455988 -0.006272 0.888918
202.000000 0.047738 -0.568983 -6.770966 -0.044560 0.452404 -0.007188 0.890670
203.000000 0.094574 -0.583285 -6.803229 -0.045480 0.449309 -0.007832 0.892183
204.000000 0.134101 -0.590068 -6.835963 -0.045906 0.446707 -0.008203 0.893464
205.000000 0.166260 -0.589262 -6.869317 -0.045839 0.444599 -0.008300 0.894517
206.000000 0.190994 -0.580794 -6.903393 -0.045281 0.442986 -0.008121 0.895347
207.000000 0.208238 -0.564587 -6.938240 -0.044231 0.441869 -0.007668 0.895956
208.000000 0.217925 -0.540561 -6.973859 -0.042689 0.441248 -0.006939 0.896343
209.000000 0.219979 -0.508631 -7.010196 -0.040655 0.441121 -0.005938 0.896507
210.000000 0.214321 -0.468712 -7.047151 -0.038125 0.441486 -0.004667 0.896445
211.000000 0.200868 -0.420716 -7.084567 -0.035100 0.442343 -0.003127 0.896153
212.000000 0.181365 -0.367076 -7.122063 -0.031735 0.443572 -0.001405 0.895676
213.000000 0.159905 -0.316604 -7.158987 -0.028583 0.444911 0.000214 0.895118
214.000000 0.136012 -0.271395 -7.195327 -0.025767 0.446393 0.001668 0.894464
215.000000 0.110497 -0.232489 -7.231124 -0.023344 0.447968 0.002925 0.893740
216.000000 0.084224 -0.200928 -7.266430 -0.021370 0.449586 0.003954 0.892973
217.000000 0.057984 -0.177648 -7.301288 -0.019899 0.451197 0.004724 0.892190
218.000000 0.032476 -0.163303 -7.335735 -0.018988 0.452750 0.005209 0.891420
219.000000 0.008633 -0.158888 -7.369849 -0.018694 0.454195 0.005377 0.890690
220.000000 -0.012657 -0.165468 -7.403648 -0.019073 0.455481 0.005200 0.890026
221.000000 -0.030490 -0.184121 -7.437107 -0.020179 0.456557 0.004646 0.889453
222.000000 -0.045870 -0.213296 -7.470204 -0.021911 0.457483 0.003768 0.888941
223.000000 -0.062239 -0.244772 -7.503081 -0.023772 0.458462 0.002826 0.888392
224.000000 -0.078223 -0.277421 -7.535763 -0.025694 0.459411 0.001852 0.887850
225.000000 -0.093968 -0.311085 -7.568244 -0.027667 0.460340 0.000851 0.887311
226.000000 -0.110993 -0.344552 -7.600550 -0.029621 0.461337 -0.000136 0.886731
227.000000 -0.131420 -0.376136 -7.632723 -0.031458 0.462523 -0.001056 0.886048
228.000000 -0.157412 -0.404119 -7.664810 -0.033081 0.464022 -0.001852 0.885204
229.000000 -0.191176 -0.426755 -7.696837 -0.034395 0.465956 -0.002465 0.884135
230.000000 -0.234953 -0.442273 -7.728783 -0.035304 0.468448 -0.002835 0.882781
231.000000 -0.290970 -0.448918 -7.760536 -0.035712 0.471619 -0.002903 0.881074
232.000000 -0.361470 -0.444924 -7.791842 -0.035521 0.475589 -0.002615 0.878946
233.000000 -0.448718 -0.428499 -7.822258 -0.034632 0.480474 -0.001914 0.876323
234.000000 -0.554131 -0.398395 -7.851111 -0.032983 0.486338 -0.000757 0.873148
235.000000 -0.659613 -0.363460 -7.878654 -0.031070 0.492164 0.000549 0.869948
236.000000 -0.737483 -0.338278 -7.906845 -0.029692 0.496440 0.001490 0.867562
237.000000 -0.810364 -0.321269 -7.934357 -0.028750 0.500436 0.002161 0.865293
238.000000 -0.879872 -0.313619 -7.961153 -0.028299 0.504252 0.002531 0.863089
239.000000 -0.942571 -0.316586 -7.987695 -0.028401 0.507708 0.002563 0.861057
240.000000 -0.995813 -0.331035 -8.014506 -0.029119 0.510629 0.002217 0.859305
241.000000 -1.037232 -0.357668 -8.042129 -0.030517 0.512835 0.001455 0.857944
242.000000 -1.062213 -0.397927 -8.071001 -0.032652 0.514148 0.000230 0.857080
243.000000 -1.066993 -0.453149 -8.101475 -0.035582 0.514388 -0.001508 0.856818
244.000000 -1.048870 -0.524094 -8.133567 -0.039333 0.513417 -0.003790 0.857229
245.000000 -1.025188 -0.601222 -8.165246 -0.043393 0.512153 -0.006271 0.857774
246.000000 -1.021713 -0.670204 -8.194310 -0.047015 0.511950 -0.008438 0.857686
247.000000 -1.011366 -0.733964 -8.224135 -0.050349 0.511385 -0.010448 0.857812
248.000000 -0.988828 -0.792572 -8.255442 -0.053397 0.510182 -0.012323 0.858319
249.000000 -0.954001 -0.846012 -8.288240 -0.056156 0.508343 -0.014068 0.859207
250.000000 -0.906775 -0.894258 -8.322473 -0.058624 0.505867 -0.015689 0.860474
251.000000 -0.847031 -0.937284 -8.358019 -0.060798 0.502751 -0.017191 0.862119
252.000000 -0.774642 -0.975056 -8.394695 -0.062677 0.498993 -0.018579 0.864137
253.000000 -0.689502 -1.007533 -8.432245 -0.064257 0.494588 -0.019856 0.866521
254.000000 -0.593212 -1.034366 -8.470266 -0.065524 0.489623 -0.021009 0.869215
255.000000 -0.490075 -1.054723 -8.508286 -0.066439 0.484317 -0.022002 0.872089
256.000000 -0.384709 -1.067715 -8.546009 -0.066966 0.478910 -0.022795 0.875009
257.000000 -0.281816 -1.072439 -8.583352 -0.067069 0.473640 -0.023346 0.877851
258.000000 -0.186175 -1.067979 -8.620437 -0.066711 0.468750 -0.023616 0.880492
259.000000 -0.102550 -1.053434 -8.657549 -0.065857 0.464485 -0.023564 0.882815
260.000000 -0.033950 -1.029168 -8.694935 -0.064534 0.460999 -0.023192 0.884747
261.000000 0.019259 -0.997511 -8.732604 -0.062862 0.458310 -0.022565 0.886279
262.000000 0.056929 -0.960998 -8.770479 -0.060972 0.456423 -0.021752 0.887405
263.000000 0.078933 -0.922212 -8.808433 -0.058992 0.455339 -0.020823 0.888118
264.000000 0.086919 -0.884099 -8.846246 -0.057066 0.454970 -0.019863 0.888454
265.000000 0.085286 -0.850108 -8.883594 -0.055358 0.455088 -0.018977 0.888521
266.000000 0.078656 -0.823710 -8.920156 -0.054037 0.455452 -0.018271 0.888431
267.000000 0.071719 -0.808426 -8.955633 -0.053272 0.455820 -0.017848 0.888297
268.000000 0.069242 -0.807828 -8.989729 -0.053232 0.455954 -0.017811 0.888232
269.000000 0.076029 -0.825514 -9.022088 -0.054086 0.455612 -0.018262 0.888346
270.000000 0.095143 -0.863788 -9.052339 -0.055937 0.454643 -0.019262 0.888707
271.000000 0.125833 -0.921014 -9.080331 -0.058702 0.453086 -0.020767 0.889290
272.000000 0.165386 -0.992279 -9.106187 -0.062135 0.451076 -0.022644 0.890032
273.000000 0.210893 -1.072323 -9.130157 -0.065982 0.448759 -0.024754 0.890870
274.000000 0.259403 -1.155824 -9.152685 -0.069985 0.446281 -0.026960 0.891745
275.000000 0.307931 -1.237403 -9.174457 -0.073889 0.443794 -0.029125 0.892603
276.000000 0.353507 -1.311698 -9.196410 -0.077438 0.441450 -0.031109 0.893397
277.000000 0.393205 -1.373412 -9.219694 -0.080380 0.439406 -0.032770 0.894085
278.000000 0.424081 -1.417196 -9.245600 -0.082464 0.437818 -0.033964 0.894629
279.000000 0.443155 -1.437630 -9.275450 -0.083437 0.436845 -0.034550 0.894992
280.000000 0.447419 -1.429292 -9.310428 -0.083051 0.436642 -0.034387 0.895134
281.000000 0.435255 -1.392458 -9.350470 -0.081332 0.437279 -0.033479 0.895015
282.000000 0.407354 -1.336521 -9.393767 -0.078739 0.438696 -0.032052 0.894605
283.000000 0.366273 -1.269058 -9.438696 -0.075629 0.440747 -0.030300 0.893926
284.000000 0.317029 -1.193715 -9.484209 -0.072166 0.443180 -0.028334 0.893074
285.000000 0.264925 -1.113884 -9.529458 -0.068494 0.445736 -0.026259 0.892154
286.000000 0.215356 -1.032872 -9.573812 -0.064764 0.448157 -0.024178 0.891278
287.000000 0.173801 -0.953829 -9.616861 -0.061125 0.450190 -0.022186 0.890562
288.000000 0.145776 -0.880045 -9.658373 -0.057730 0.451582 -0.020379 0.890127
289.000000 0.136800 -0.815011 -9.698229 -0.054732 0.452082 -0.018851 0.890096
290.000000 0.152466 -0.762218 -9.736307 -0.052283 0.451437 -0.017689 0.890594
291.000000 0.198054 -0.721181 -9.772629 -0.050355 0.449416 -0.016886 0.891743
292.000000 0.278247 -0.685147 -9.807279 -0.048633 0.445815 -0.016285 0.893655
293.000000 0.387275 -0.651702 -9.839862 -0.047012 0.440900 -0.015809 0.896185
294.000000 0.506881 -0.623191 -9.870266 -0.045615 0.435497 -0.015461 0.898901
295.000000 0.628783 -0.598541 -9.898757 -0.044395 0.429977 -0.015199 0.901619
296.000000 0.744759 -0.576614 -9.925971 -0.043305 0.424710 -0.014979 0.904169
297.000000 0.846502 -0.556254 -9.952911 -0.042298 0.420068 -0.014757 0.906386
298.000000 0.925926 -0.536216 -9.980847 -0.041327 0.416426 -0.014494 0.908114
299.000000 0.975528 -0.515301 -10.011127 -0.040347 0.414148 -0.014151 0.909205
300.000000 0.990733 -0.493249 -10.044642 -0.039347 0.413438 -0.013716 0.909578
301.000000 0.968851 -0.470282 -10.081768 -0.038339 0.414413 -0.013188 0.909186
302.000000 0.907142 -0.446634 -10.122467 -0.037332 0.417179 -0.012571 0.907970
303.000000 0.811809 -0.420393 -10.165562 -0.036231 0.421440 -0.011840 0.906055
304.000000 0.699365 -0.389026 -10.209051 -0.034913 0.426444 -0.010975 0.903773
305.000000 0.575652 -0.353858 -10.251948 -0.033434 0.431919 -0.010016 0.901237
306.000000 0.446380 -0.316276 -10.293525 -0.031854 0.437604 -0.009002 0.898558
307.000000 0.317363 -0.277687 -10.333344 -0.030233 0.443239 -0.007973 0.895858
308.000000 0.194504 -0.239522 -10.371280 -0.028631 0.448570 -0.006969 0.893262
309.000000 0.083445 -0.203148 -10.407502 -0.027103 0.453357 -0.006027 0.890896
310.000000 -0.013626 -0.169087 -10.442415 -0.025673 0.457518 -0.005161 0.888815
311.000000 -0.096585 -0.137364 -10.476442 -0.024342 0.461055 -0.004369 0.887027
312.000000 -0.165350 -0.107991 -10.509946 -0.023111 0.463973 -0.003648 0.885540
313.000000 -0.219850 -0.080978 -10.543226 -0.021980 0.466277 -0.002997 0.884361
314.000000 -0.260015 -0.056334 -10.576523 -0.020949 0.467969 -0.002416 0.883493
315.000000 -0.285775 -0.034066 -10.610016 -0.020020 0.469054 -0.001903 0.882941
316.000000 -0.297055 -0.014183 -10.643819 -0.019191 0.469532 -0.001458 0.882706
317.000000 -0.293770 0.003308 -10.677990 -0.018463 0.469406 -0.001079 0.882789
318.000000 -0.275827 0.018397 -10.712523 -0.017836 0.468674 -0.000766 0.883191
319.000000 -0.243124 0.031072 -10.747349 -0.017311 0.467336 -0.000518 0.883910
320.000000 -0.195549 0.041321 -10.782340 -0.016886 0.465390 -0.000335 0.884945
321.000000 -0.132987 0.049129 -10.817303 -0.016564 0.462833 -0.000215 0.886291
322.000000 -0.055319 0.054481 -10.851981 -0.016343 0.459662 -0.000159 0.887944
323.000000 0.037568 0.057360 -10.886054 -0.016224 0.455871 -0.000165 0.889898
324.000000 0.145780 0.057751 -10.919137 -0.016207 0.451458 -0.000234 0.892145
325.000000 0.269400 0.055637 -10.950780 -0.016292 0.446416 -0.000365 0.894677
326.000000 0.406960 0.051062 -10.980523 -0.016476 0.440803 -0.000557 0.897452
327.000000 0.544278 0.044796 -11.008562 -0.016729 0.435197 -0.000782 0.900179
328.000000 0.674550 0.037781 -11.035326 -0.017010 0.429873 -0.001016 0.902729
329.000000 0.793622 0.030912 -11.061367 -0.017285 0.424998 -0.001240 0.905028
330.000000 0.897305 0.025093 -11.087384 -0.017517 0.420743 -0.001433 0.907010
331.000000 0.981433 0.021234 -11.114178 -0.017671 0.417277 -0.001575 0.908606
332.000000 1.042268 0.020221 -11.142557 -0.017710 0.414766 -0.001644 0.909754
333.000000 1.077417 0.022641 -11.173133 -0.017612 0.413312 -0.001629 0.910418
334.000000 1.085978 0.028784 -11.206219 -0.017365 0.412948 -0.001523 0.910588
335.000000 1.067092 0.038934 -11.241934 -0.016960 0.413702 -0.001320 0.910254
336.000000 1.021460 0.053318 -11.280048 -0.016386 0.415537 -0.001018 0.909428
337.000000 0.962830 0.071420 -11.319044 -0.015664 0.417891 -0.000639 0.908362
338.000000 0.897311 0.092558 -11.358221 -0.014823 0.420514 -0.000199 0.907165
339.000000 0.828247 0.116110 -11.397203 -0.013888 0.423267 0.000286 0.905898
340.000000 0.759029 0.141448 -11.435694 -0.012884 0.426015 0.000801 0.904624
341.000000 0.693093 0.167934 -11.473485 -0.011837 0.428620 0.001334 0.903407
342.000000 0.633846 0.194935 -11.510451 -0.010773 0.430949 0.001869 0.902310
343.000000 0.583063 0.222128 -11.546615 -0.009705 0.432937 0.002401 0.901369
344.000000 0.540871 0.249499 -11.582087 -0.008634 0.434582 0.002930 0.900586
345.000000 0.507324 0.277049 -11.616961 -0.007559 0.435884 0.003458 0.899964
346.000000 0.482473 0.304778 -11.651311 -0.006482 0.436845 0.003983 0.899505
347.000000 0.466196 0.332634 -11.685199 -0.005405 0.437472 0.004507 0.899205
348.000000 0.457889 0.360414 -11.718694 -0.004334 0.437789 0.005026 0.899053
349.000000 0.456853 0.387887 -11.751847 -0.003280 0.437827 0.005536 0.899036
350.000000 0.462385 0.414819 -11.784700 -0.002252 0.437612 0.006034 0.899141
351.000000 0.473769 0.440972 -11.817285 -0.001257 0.437175 0.006516 0.899352
352.000000 0.490290 0.466108 -11.849630 -0.000304 0.436541 0.006978 0.899657
353.000000 0.511235 0.489991 -11.881761 0.000597 0.435741 0.007416 0.900041
354.000000 0.535888 0.512384 -11.913708 0.001438 0.434802 0.007826 0.900491
355.000000 0.563524 0.533044 -11.945502 0.002210 0.433753 0.008203 0.900992
356.000000 0.593409 0.551727 -11.977180 0.002905 0.432621 0.008545 0.901531
357.000000 0.624978 0.568244 -12.008775 0.003516 0.431429 0.008846 0.902097
358.000000 0.658153 0.582554 -12.040288 0.004041 0.430179 0.009108 0.902688
359.000000 0.692943 0.594646 -12.071716 0.004482 0.428873 0.009330 0.903306
360.000000 0.729355 0.604508 -12.103051 0.004837 0.427508 0.009513 0.903948
361.000000 0.767395 0.612127 -12.134286 0.005107 0.426087 0.009656 0.904616
362.000000 0.807070 0.617491 -12.165410 0.005292 0.424608 0.009759 0.905309
363.000000 0.848387 0.620589 -12.196412 0.005391 0.423071 0.009823 0.906027
364.000000 0.891351 0.621410 -12.227277 0.005404 0.421477 0.009849 0.906770
365.000000 0.935970 0.619942 -12.257991 0.005332 0.419825 0.009835 0.907536
366.000000 0.982247 0.616174 -12.288535 0.005175 0.418115 0.009783 0.908326
367.000000 1.029675 0.610002 -12.318937 0.004928 0.416367 0.009689 0.909132
368.000000 1.073101 0.600489 -12.349677 0.004562 0.414770 0.009538 0.909865
369.000000 1.104868 0.586244 -12.381538 0.004028 0.413605 0.009302 0.910400
370.000000 1.117201 0.565858 -12.415350 0.003280 0.413156 0.008960 0.910610
371.000000 1.102221 0.537904 -12.451888 0.002269 0.413705 0.008487 0.910368
372.000000 1.052889 0.501320 -12.491618 0.000958 0.415500 0.007871 0.909559
373.000000 0.973939 0.459868 -12.533530 -0.000516 0.418356 0.007177 0.908255
374.000000 0.878312 0.420686 -12.575876 -0.001899 0.421798 0.006524 0.906664
375.000000 0.779276 0.391077 -12.617268 -0.002936 0.425347 0.006034 0.905006
376.000000 0.690224 0.378367 -12.656774 -0.003373 0.428530 0.005829 0.903503
377.000000 0.619020 0.384233 -12.694250 -0.003162 0.431079 0.005936 0.902289
378.000000 0.568058 0.401741 -12.730095 -0.002549 0.432915 0.006236 0.901410
379.000000 0.541161 0.423458 -12.764581 -0.001794 0.433899 0.006600 0.900936
380.000000 0.543035 0.445133 -12.797779 -0.001042 0.433863 0.006960 0.900951
381.000000 0.579834 0.468038 -12.829341 -0.000244 0.432585 0.007342 0.901563
382.000000 0.657123 0.493766 -12.858617 0.000651 0.429870 0.007778 0.902857
383.000000 0.768633 0.519192 -12.885382 0.001527 0.425944 0.008216 0.904711
384.000000 0.899696 0.537773 -12.910078 0.002151 0.421328 0.008541 0.906866
385.000000 1.035364 0.542772 -12.933645 0.002289 0.416552 0.008643 0.909068
386.000000 1.160656 0.527343 -12.957594 0.001705 0.412146 0.008414 0.911077
387.000000 1.266816 0.490502 -12.983048 0.000372 0.408420 0.007845 0.912760
388.000000 1.355212 0.440773 -13.009860 -0.001408 0.405322 0.007074 0.914146
389.000000 1.428127 0.387552 -13.037712 -0.003301 0.402769 0.006249 0.915274
390.000000 1.487028 0.337003 -13.066492 -0.005091 0.400708 0.005465 0.916175
391.000000 1.531990 0.289683 -13.096396 -0.006758 0.399137 0.004730 0.916854
392.000000 1.562952 0.245605 -13.127604 -0.008304 0.398057 0.004047 0.917314
393.000000 1.579850 0.204786 -13.160249 -0.009729 0.397467 0.003417 0.917558
394.000000 1.582617 0.167238 -13.194416 -0.011035 0.397370 0.002844 0.917588
395.000000 1.571182 0.132974 -13.230139 -0.012222 0.397765 0.002328 0.917403
396.000000 1.545466 0.102007 -13.267408 -0.013290 0.398653 0.001870 0.917004
397.000000 1.505386 0.074354 -13.306161 -0.014242 0.400032 0.001472 0.916389
398.000000 1.450851 0.050034 -13.346290 -0.015076 0.401902 0.001135 0.915558
399.000000 1.381838 0.029693 -13.387627 -0.015774 0.404259 0.000873 0.914508
400.000000 1.298721 0.017805 -13.429918 -0.016184 0.407087 0.000752 0.913246
401.000000 1.202029 0.020336 -13.472862 -0.016108 0.410361 0.000866 0.911781
402.000000 1.092298 0.043326 -13.516095 -0.015347 0.414058 0.001306 0.910120
403.000000 0.970081 0.092868 -13.559118 -0.013702 0.418154 0.002160 0.908270
404.000000 0.838776 0.174885 -13.601022 -0.010977 0.422527 0.003510 0.906277
405.000000 0.715273 0.294418 -13.639983 -0.007012 0.426609 0.005423 0.904393
406.000000 0.619329 0.455841 -13.674222 -0.001669 0.429745 0.007960 0.902913
407.000000 0.557710 0.658112 -13.702644 0.005010 0.431715 0.011110 0.901928
408.000000 0.529993 0.897078 -13.724223 0.012882 0.432534 0.014816 0.901404
409.000000 0.535438 1.167723 -13.737719 0.021780 0.432223 0.019010 0.901303
410.000000 0.572451 1.460957 -13.742189 0.031404 0.430818 0.023566 0.901584
411.000000 0.639106 1.766086 -13.737307 0.041404 0.428369 0.028333 0.902210
412.000000 0.733696 2.072463 -13.723524 0.051423 0.424932 0.033166 0.903155
413.000000 0.854576 2.369522 -13.702112 0.061108 0.420570 0.037920 0.904405
414.000000 0.997170 2.647013 -13.675295 0.070116 0.415447 0.042450 0.905917
415.000000 1.143410 2.895831 -13.647046 0.078160 0.410183 0.046591 0.907453
416.000000 1.272829 3.107755 -13.622643 0.084994 0.405486 0.050168 0.908757
417.000000 1.378323 3.279881 -13.605763 0.090535 0.401623 0.053102 0.909771
418.000000 1.460001 3.412270 -13.598505 0.094790 0.398611 0.055378 0.910526
419.000000 1.518072 3.505063 -13.602441 0.097768 0.396460 0.056986 0.911051
420.000000 1.552707 3.558405 -13.618647 0.099477 0.395175 0.057923 0.911365
421.000000 1.564224 3.572315 -13.647705 0.099922 0.394748 0.058190 0.911484
422.000000 1.556371 3.545426 -13.689670 0.099052 0.395058 0.057785 0.911471
423.000000 1.535645 3.475114 -13.744120 0.096775 0.395885 0.056702 0.911424
424.000000 1.508638 3.358412 -13.810216 0.092986 0.397009 0.054933 0.911438
425.000000 1.482046 3.192001 -13.886665 0.087574 0.398204 0.052469 0.911598
426.000000 1.462738 2.972203 -13.971614 0.080421 0.399237 0.049296 0.911982
427.000000 1.457745 2.695057 -14.062457 0.071401 0.399870 0.045394 0.912658
428.000000 1.474320 2.356417 -14.155626 0.060389 0.399852 0.040732 0.913681
429.000000 1.519966 1.952126 -14.246343 0.047267 0.398926 0.035264 0.915085
430.000000 1.600106 1.483593 -14.328031 0.032102 0.396887 0.029002 0.916847
431.000000 1.712313 0.970929 -14.392898 0.015559 0.393764 0.022193 0.918812
432.000000 1.848515 0.440304 -14.435943 -0.001513 0.389769 0.015149 0.920787
433.000000 1.997283 -0.080321 -14.456428 -0.018226 0.385240 0.008210 0.922600
434.000000 2.146832 -0.562634 -14.457984 -0.033688 0.380548 0.001728 0.924146
435.000000 2.285630 -0.979313 -14.448116 -0.047041 0.376084 -0.003942 0.925382
436.000000 2.405787 -1.313781 -14.435678 -0.057756 0.372143 -0.008560 0.926337
437.000000 2.502001 -1.556827 -14.428822 -0.065542 0.368947 -0.011974 0.927059
438.000000 2.569111 -1.699324 -14.434711 -0.070108 0.366705 -0.014031 0.927586
439.000000 2.601837 -1.731722 -14.458864 -0.071156 0.365620 -0.014580 0.927926
440.000000 2.596892 -1.649319 -14.503338 -0.068547 0.365806 -0.013549 0.928064
441.000000 2.558384 -1.465395 -14.563921 -0.062729 0.367108 -0.011125 0.927994
442.000000 2.491908 -1.197088 -14.633957 -0.054267 0.369303 -0.007564 0.927692
443.000000 2.403048 -0.861636 -14.706384 -0.043721 0.372170 -0.003128 0.927129
444.000000 2.299932 -0.478699 -14.774283 -0.031717 0.375417 0.001894 0.926311
445.000000 2.208197 -0.083764 -14.829768 -0.019365 0.378226 0.007009 0.925484
446.000000 2.158212 0.289904 -14.868521 -0.007700 0.379667 0.011779 0.925016
447.000000 2.152909 0.616217 -14.893353 0.002473 0.379691 0.015903 0.924973
448.000000 2.141244 0.873964 -14.916146 0.010507 0.379920 0.019169 0.924761
449.000000 2.111988 1.058846 -14.942317 0.016291 0.380725 0.021521 0.924294
450.000000 2.070907 1.172847 -14.973456 0.019892 0.381926 0.022969 0.923693
451.000000 2.023644 1.218079 -15.010072 0.021373 0.383336 0.023527 0.923062
452.000000 1.976429 1.196494 -15.051754 0.020791 0.384765 0.023221 0.922488
453.000000 1.936743 1.109805 -15.097286 0.018198 0.386016 0.022076 0.922048
454.000000 1.908730 0.961656 -15.144865 0.013715 0.386963 0.020148 0.921773
455.000000 1.878221 0.772504 -15.193444 0.007992 0.388011 0.017700 0.921450
456.000000 1.823109 0.570411 -15.243083 0.001903 0.389800 0.015090 0.920774
457.000000 1.746969 0.383193 -15.291889 -0.003710 0.392196 0.012678 0.919787
458.000000 1.708452 0.234261 -15.333315 -0.008182 0.393425 0.010774 0.919257
459.000000 1.725275 0.129923 -15.366762 -0.011336 0.392971 0.009448 0.919432
460.000000 1.770402 0.073370 -15.396101 -0.013064 0.391653 0.008723 0.919979
461.000000 1.811771 0.064318 -15.425408 -0.013362 0.390431 0.008590 0.920495
462.000000 1.846076 0.096241 -15.455210 -0.012431 0.389403 0.008971 0.920940
463.000000 1.870687 0.162444 -15.485661 -0.010479 0.388641 0.009785 0.921278
464.000000 1.882987 0.256186 -15.516774 -0.007710 0.388219 0.010953 0.921470
465.000000 1.880936 0.370621 -15.548547 -0.004327 0.388209 0.012388 0.921478
466.000000 1.862569 0.498924 -15.581055 -0.000531 0.388684 0.014004 0.921265
467.000000 1.825242 0.634349 -15.614471 0.003479 0.389718 0.015709 0.920794
468.000000 1.766257 0.770075 -15.649106 0.007502 0.391385 0.017411 0.920032
469.000000 1.683227 0.899157 -15.685347 0.011338 0.393754 0.019018 0.918949
470.000000 1.601331 1.011574 -15.721064 0.014682 0.396086 0.020403 0.917869
471.000000 1.550766 1.100771 -15.754143 0.017326 0.397510 0.021496 0.917182
472.000000 1.532342 1.166524 -15.785228 0.019264 0.398009 0.022306 0.916908
473.000000 1.546171 1.208758 -15.814722 0.020492 0.397586 0.022838 0.917052
474.000000 1.592364 1.227393 -15.842726 0.021010 0.396243 0.023096 0.917615
475.000000 1.671015 1.222364 -15.869038 0.020817 0.393979 0.023081 0.918594
476.000000 1.776933 1.198945 -15.893338 0.020071 0.390939 0.022859 0.919914
477.000000 1.891426 1.176073 -15.915848 0.019331 0.387648 0.022654 0.921326
478.000000 1.993838 1.174558 -15.937463 0.019214 0.384689 0.022702 0.922567
479.000000 2.072502 1.203165 -15.959280 0.019979 0.382390 0.023095 0.923496
480.000000 2.126168 1.256787 -15.982048 0.021476 0.380787 0.023766 0.924108
481.000000 2.154282 1.329426 -16.006337 0.023529 0.379898 0.024643 0.924401
482.000000 2.156554 1.414784 -16.032621 0.025963 0.379742 0.025655 0.924372
483.000000 2.132706 1.506504 -16.061348 0.028604 0.380336 0.026730 0.924019
484.000000 2.082246 1.598439 -16.092967 0.031281 0.381700 0.027791 0.923339
485.000000 2.004493 1.686710 -16.127717 0.033881 0.383849 0.028784 0.922325
486.000000 1.904251 1.777100 -16.164057 0.036562 0.386631 0.029775 0.921028
487.000000 1.800128 1.868388 -16.199626 0.039268 0.389512 0.030763 0.919669
488.000000 1.712751 1.957647 -16.232544 0.041896 0.391909 0.031732 0.918501
489.000000 1.653652 2.054364 -16.260783 0.044699 0.393492 0.032805 0.917655
490.000000 1.623792 2.182282 -16.281289 0.048341 0.394212 0.034271 0.917107
491.000000 1.623550 2.365457 -16.289956 0.053499 0.394033 0.036426 0.916815
492.000000 1.663516 2.604755 -16.283650 0.060189 0.392644 0.039310 0.916876
493.000000 1.763372 2.863614 -16.263862 0.067362 0.389522 0.042535 0.917565
494.000000 1.905485 3.131182 -16.232602 0.074735 0.385162 0.045968 0.918669
495.000000 2.064065 3.400877 -16.192877 0.082161 0.380289 0.049495 0.919881
496.000000 2.213224 3.650887 -16.152473 0.089064 0.375665 0.052810 0.920953
497.000000 2.326989 3.853289 -16.123023 0.094688 0.372081 0.055510 0.921688
498.000000 2.387070 3.986089 -16.115424 0.098411 0.370108 0.057264 0.921985
499.000000 2.396895 4.040195 -16.133924 0.099969 0.369691 0.057952 0.921942
500.000000 2.363281 4.008132 -16.180298 0.099147 0.370663 0.057496 0.921669
501.000000 2.292515 3.881846 -16.254693 0.095721 0.372858 0.055820 0.921248
502.000000 2.180297 3.675851 -16.351502 0.090128 0.376352 0.053091 0.920553
503.000000 2.012902 3.442717 -16.457345 0.083883 0.381414 0.049899 0.919237
504.000000 1.813748 3.209655 -16.561393 0.077709 0.387311 0.046643 0.917484
505.000000 1.615007 2.997860 -16.655597 0.072135 0.393104 0.043670 0.915619
506.000000 1.449542 2.828807 -16.734456 0.067697 0.397876 0.041309 0.914005
507.000000 1.350744 2.724240 -16.794237 0.064937 0.400715 0.039880 0.913028
508.000000 1.344277 2.701211 -16.832702 0.064276 0.400937 0.039629 0.912988
509.000000 1.404874 2.770585 -16.850723 0.066044 0.399231 0.040600 0.913567
510.000000 1.502156 2.885180 -16.857318 0.069017 0.396472 0.042133 0.914479
511.000000 1.622175 2.971612 -16.865329 0.071216 0.393121 0.043350 0.915699
512.000000 1.750508 2.956516 -16.889151 0.070656 0.389659 0.043415 0.917218
513.000000 1.869875 2.944210 -16.912285 0.070184 0.386416 0.043535 0.918620
514.000000 1.980483 3.170616 -16.892337 0.076223 0.383081 0.046386 0.919395
515.000000 2.065784 3.352992 -16.880544 0.081104 0.380481 0.048667 0.919939
516.000000 2.115225 3.486432 -16.881282 0.084671 0.378925 0.050285 0.920173
517.000000 2.118267 3.569489 -16.897860 0.086860 0.378713 0.051196 0.920006
518.000000 2.064387 3.596863 -16.933107 0.087599 0.380135 0.051358 0.919340
519.000000 1.972401 3.552199 -16.986927 0.086571 0.382684 0.050671 0.918418
520.000000 1.862919 3.485280 -17.046709 0.084975 0.385731 0.049649 0.917347
521.000000 1.739043 3.467430 -17.097155 0.084719 0.389082 0.049123 0.915983
522.000000 1.604225 3.570256 -17.123063 0.087684 0.392537 0.049945 0.914184
523.000000 1.464952 3.685279 -17.145207 0.090941 0.396076 0.050920 0.912283
524.000000 1.310691 3.569693 -17.216163 0.088071 0.400332 0.049201 0.910800
525.000000 1.149601 3.506805 -17.274649 0.086622 0.404669 0.048062 0.909082
526.000000 0.991203 3.493093 -17.321314 0.086473 0.408846 0.047490 0.907255
527.000000 0.847558 3.519208 -17.357730 0.087349 0.412567 0.047420 0.905489
528.000000 0.730738 3.575629 -17.385577 0.088969 0.415535 0.047790 0.903953
529.000000 0.648607 3.654890 -17.406392 0.091127 0.417563 0.048541 0.902763
530.000000 0.595335 3.756545 -17.420651 0.093831 0.418812 0.049627 0.901848
531.000000 0.561852 3.881727 -17.428287 0.097120 0.419513 0.051044 0.901094
532.000000 0.538973 4.031586 -17.428949 0.101028 0.419894 0.052786 0.900387
533.000000 0.498672 4.184957 -17.427973 0.105045 0.420703 0.054523 0.899445
534.000000 0.363495 4.244143 -17.450985 0.106767 0.424081 0.054855 0.897634
535.000000 0.231264 4.263970 -17.482324 0.107481 0.427422 0.054702 0.895972
536.000000 0.156387 4.294330 -17.509555 0.108391 0.429263 0.054840 0.894973
537.000000 0.095937 4.324197 -17.536357 0.109277 0.430732 0.055019 0.894148
538.000000 0.026260 4.350490 -17.563771 0.110088 0.432451 0.055129 0.893212
539.000000 -0.057890 4.375365 -17.591566 0.110842 0.434589 0.055157 0.892079
540.000000 -0.150978 4.390896 -17.621311 0.111359 0.436964 0.055040 0.890860
541.000000 -0.243899 4.387909 -17.655071 0.111418 0.439328 0.054702 0.889710
542.000000 -0.325669 4.358405 -17.695045 0.110801 0.441433 0.054070 0.888784
543.000000 -0.366583 4.316835 -17.738367 0.109826 0.442520 0.053417 0.888404
544.000000 -0.286725 4.355528 -17.764304 0.110677 0.440458 0.054150 0.889278
545.000000 -0.185312 4.412732 -17.785465 0.111956 0.437830 0.055176 0.890352
546.000000 -0.126141 4.439556 -17.813247 0.112540 0.436309 0.055690 0.890993
547.000000 -0.077108 4.452413 -17.844265 0.112788 0.435064 0.055999 0.891550
548.000000 -0.025420 4.460146 -17.876444 0.112903 0.433762 0.056255 0.892154
549.000000 0.028394 4.465535 -17.909076 0.112953 0.432412 0.056492 0.892788
550.000000 0.083729 4.471328 -17.941468 0.113009 0.431025 0.056736 0.893436
551.000000 0.139964 4.480262 -17.972928 0.113141 0.429611 0.057018 0.894082
552.000000 0.196460 4.495076 -18.002760 0.113418 0.428183 0.057369 0.894709
553.000000 0.252577 4.518526 -18.030262 0.113910 0.426752 0.057820 0.895301
554.000000 0.307674 4.553387 -18.054716 0.114685 0.425329 0.058401 0.895842
555.000000 0.361128 4.602352 -18.075393 0.115812 0.423924 0.059141 0.896314
556.000000 0.412658 4.666658 -18.091882 0.117321 0.422541 0.060053 0.896710
557.000000 0.462253 4.746372 -18.104021 0.119213 0.421179 0.061136 0.897028
558.000000 0.509908 4.841517 -18.111612 0.121488 0.419837 0.062392 0.897265
559.000000 0.555617 4.952111 -18.114418 0.124148 0.418513 0.063819 0.897419
560.000000 0.599375 5.078158 -18.112161 0.127193 0.417204 0.065417 0.897487
561.000000 0.641172 5.219647 -18.104522 0.130623 0.415910 0.067186 0.897464
562.000000 0.681000 5.376549 -18.091145 0.134438 0.414628 0.069124 0.897347
563.000000 0.718847 5.548810 -18.071635 0.138638 0.413355 0.071232 0.897130
564.000000 0.754666 5.735950 -18.045686 0.143213 0.412091 0.073505 0.896810
565.000000 0.788181 5.934743 -18.013883 0.148085 0.410847 0.075903 0.896390
566.000000 0.819017 6.140807 -17.977327 0.153149 0.409638 0.078377 0.895879
567.000000 0.846806 6.349774 -17.937302 0.158297 0.408481 0.080876 0.895290
568.000000 0.871185 6.557309 -17.895295 0.163424 0.407396 0.083348 0.894636
569.000000 0.891802 6.759120 -17.852990 0.168425 0.406402 0.085743 0.893934
570.000000 0.908316 6.951015 -17.812256 0.173195 0.405519 0.088011 0.893203
571.000000 0.920394 7.128871 -17.775129 0.177629 0.404769 0.090101 0.892464
572.000000 0.927707 7.288603 -17.743776 0.181626 0.404173 0.091963 0.891739
573.000000 0.929926 7.426155 -17.720461 0.185081 0.403755 0.093548 0.891053
574.000000 0.926747 7.537865 -17.707328 0.187901 0.403536 0.094810 0.890429
575.000000 0.918087 7.622727 -17.705343 0.190062 0.403523 0.095737 0.889877
576.000000 0.903771 7.681380 -17.714639 0.191578 0.403721 0.096332 0.889397
577.000000 0.882667 7.717419 -17.733955 0.192544 0.404151 0.096632 0.888961
578.000000 0.853313 7.735410 -17.761474 0.193079 0.404835 0.096680 0.888528
579.000000 0.814224 7.739916 -17.795273 0.193302 0.405797 0.096521 0.888058
580.000000 0.763940 7.735524 -17.833357 0.193331 0.407060 0.096200 0.887509
581.000000 0.704255 7.727972 -17.873060 0.193303 0.408560 0.095791 0.886869
582.000000 0.642666 7.724956 -17.910686 0.193390 0.410091 0.095424 0.886183
583.000000 0.587317 7.734412 -17.942533 0.193767 0.411432 0.095232 0.885499
584.000000 0.545402 7.763455 -17.965369 0.194590 0.412389 0.095335 0.884862
585.000000 0.518776 7.814611 -17.978066 0.195914 0.412914 0.095772 0.884278
586.000000 0.507626 7.888277 -17.980320 0.197751 0.413001 0.096547 0.883744
587.000000 0.512960 7.981736 -17.973020 0.200031 0.412630 0.097635 0.883285
588.000000 0.536056 8.091225 -17.957440 0.202661 0.411774 0.099004 0.882932
589.000000 0.578170 8.212980 -17.934840 0.205545 0.410408 0.100620 0.882719
590.000000 0.640576 8.343309 -17.906486 0.208587 0.408507 0.102453 0.882676
591.000000 0.721294 8.477420 -17.874316 0.211673 0.406131 0.104439 0.882805
592.000000 0.812697 8.608591 -17.841586 0.214655 0.403485 0.106461 0.883057
593.000000 0.906652 8.729962 -17.811985 0.217386 0.400792 0.108393 0.883380
594.000000 0.996102 8.835584 -17.789057 0.219737 0.398247 0.110128 0.883735
595.000000 1.079370 8.924067 -17.773990 0.221679 0.395899 0.111636 0.884115
596.000000 1.156542 8.995499 -17.767111 0.223213 0.393750 0.112920 0.884526
597.000000 1.227703 9.049945 -17.768689 0.224341 0.391802 0.113978 0.884970
598.000000 1.292923 9.087447 -17.778939 0.225065 0.390054 0.114811 0.885450
599.000000 1.352254 9.108014 -17.798023 0.225385 0.388507 0.115419 0.885970
600.000000 1.405735 9.111628 -17.826050 0.225302 0.387162 0.115805 0.886529
601.000000 1.453392 9.098236 -17.863080 0.224815 0.386018 0.115967 0.887130
602.000000 1.495237 9.067751 -17.909122 0.223923 0.385076 0.115908 0.887772
603.000000 1.531275 9.020053 -17.964135 0.222628 0.384336 0.115626 0.888456
604.000000 1.561493 8.954989 -18.028024 0.220926 0.383796 0.115122 0.889179
605.000000 1.585869 8.872373 -18.100645 0.218817 0.383456 0.114396 0.889940
606.000000 1.604370 8.771989 -18.181798 0.216299 0.383316 0.113448 0.890738
607.000000 1.616947 8.653597 -18.271226 0.213370 0.383374 0.112278 0.891567
608.000000 1.623544 8.516931 -18.368614 0.210027 0.383628 0.110884 0.892425
609.000000 1.624092 8.361710 -18.473582 0.206270 0.384078 0.109267 0.893307
610.000000 1.618515 8.187639 -18.585689 0.202095 0.384721 0.107425 0.894207
611.000000 1.606726 7.994420 -18.704421 0.197501 0.385555 0.105359 0.895120
612.000000 1.588634 7.781757 -18.829196 0.192486 0.386578 0.103069 0.896038
613.000000 1.564133 7.549508 -18.959300 0.187052 0.387786 0.100556 0.896952
614.000000 1.532879 7.301193 -19.092580 0.181287 0.389171 0.097857 0.897833
615.000000 1.494271 7.044313 -19.225627 0.175373 0.390723 0.095050 0.898635
616.000000 1.447690 6.786770 -19.355350 0.169495 0.392435 0.092214 0.899312
617.000000 1.392515 6.536669 -19.479073 0.163838 0.394298 0.089430 0.899827
618.000000 1.328130 6.302293 -19.594512 0.158587 0.396310 0.086780 0.900143
619.000000 1.253931 6.092012 -19.699724 0.153929 0.398468 0.084347 0.900230
620.000000 1.169332 5.914243 -19.793016 0.150050 0.400771 0.082213 0.900060
621.000000 1.076254 5.775337 -19.873311 0.147080 0.403166 0.080452 0.899640
622.000000 0.984904 5.674613 -19.941114 0.144975 0.405430 0.079095 0.899084
623.000000 0.907341 5.609685 -19.997242 0.143653 0.407303 0.078160 0.898532
624.000000 0.856006 5.574230 -20.043497 0.142945 0.408525 0.077624 0.898136
625.000000 0.843686 5.557765 -20.082639 0.142591 0.408837 0.077422 0.898068
626.000000 0.882845 5.549723 -20.117176 0.142332 0.407987 0.077488 0.898490
627.000000 0.978877 5.543310 -20.148458 0.142006 0.405869 0.077769 0.899476
628.000000 1.130402 5.535353 -20.176649 0.141538 0.402517 0.078229 0.901015
629.000000 1.335805 5.522804 -20.201467 0.140862 0.397967 0.078829 0.903087
630.000000 1.593506 5.502591 -20.222246 0.139907 0.392252 0.079531 0.905671
631.000000 1.899362 5.473792 -20.237630 0.138657 0.385457 0.080311 0.908706
632.000000 2.240875 5.442597 -20.245127 0.137271 0.377841 0.081182 0.912032
633.000000 2.603823 5.416539 -20.242721 0.135947 0.369701 0.082164 0.915472
634.000000 2.973329 5.400961 -20.230010 0.134837 0.361357 0.083254 0.918863
635.000000 3.333864 5.399071 -20.208321 0.134047 0.353151 0.084425 0.922057
636.000000 3.670189 5.413777 -20.180076 0.133679 0.345428 0.085650 0.924918
637.000000 3.974313 5.444536 -20.148117 0.133743 0.338375 0.086900 0.927396
638.000000 4.247692 5.489897 -20.113874 0.134205 0.331969 0.088167 0.929523
639.000000 4.493573 5.549801 -20.077804 0.135060 0.326141 0.089462 0.931336
640.000000 4.715233 5.624234 -20.040080 0.136303 0.320821 0.090794 0.932873
641.000000 4.915941 5.713189 -20.000606 0.137929 0.315936 0.092170 0.934165
642.000000 5.098944 5.816663 -19.959045 0.139934 0.311415 0.093600 0.935243
643.000000 5.267449 5.934726 -19.914768 0.142315 0.307183 0.095090 0.936132
644.000000 5.425230 6.069613 -19.866106 0.145121 0.303147 0.096669 0.936855
645.000000 5.576717 6.225649 -19.810284 0.148448 0.299190 0.098384 0.937427
646.000000 5.726447 6.407262 -19.744082 0.152394 0.295190 0.100282 0.937860
647.000000 5.878708 6.618590 -19.664004 0.157054 0.291030 0.102409 0.938162
648.000000 6.035164 6.861086 -19.567786 0.162467 0.286656 0.104781 0.938325
649.000000 6.195985 7.134701 -19.453831 0.168642 0.282056 0.107399 0.938334
650.000000 6.361286 7.439325 -19.320350 0.175587 0.277213 0.110263 0.938171
651.000000 6.531130 7.774751 -19.165350 0.183312 0.272113 0.113375 0.937815
652.000000 6.705521 8.140625 -18.986646 0.191826 0.266740 0.116734 0.937244
653.000000 6.884380 8.536406 -18.781879 0.201138 0.261080 0.120340 0.936429
654.000000 7.067513 8.961310 -18.548539 0.211251 0.255119 0.124192 0.935342
655.000000 7.254588 9.414261 -18.284005 0.222167 0.248842 0.128291 0.933949
656.000000 7.444983 9.893605 -17.985769 0.233877 0.242244 0.132633 0.932217
657.000000 7.635417 10.393075 -17.654920 0.246264 0.235403 0.137170 0.930120
658.000000 7.820394 10.902567 -17.296640 0.259117 0.228476 0.141809 0.927657
659.000000 7.994633 11.412281 -16.917513 0.272218 0.221628 0.146457 0.924840
660.000000 8.153258 11.913031 -16.525395 0.285357 0.215029 0.151018 0.921698
661.000000 8.291879 12.396388 -16.129316 0.298325 0.208852 0.155395 0.918278
662.000000 8.406673 12.854840 -15.739320 0.310925 0.203268 0.159490 0.914642
663.000000 8.494363 13.281813 -15.366247 0.322963 0.198450 0.163203 0.910866
664.000000 8.552084 13.671567 -15.021495 0.334256 0.194569 0.166434 0.907037
665.000000 8.577244 14.019088 -14.716780 0.344628 0.191795 0.169080 0.903249
666.000000 8.567446 14.320073 -14.463657 0.353915 0.190292 0.171042 0.899599
667.000000 8.522267 14.573924 -14.268731 0.362051 0.190135 0.172265 0.896154
668.000000 8.444470 14.784674 -14.130871 0.369108 0.191259 0.172770 0.892933
669.000000 8.338681 14.958370 -14.044098 0.375214 0.193503 0.172628 0.889927
670.000000 8.209150 15.100740 -14.001568 0.380498 0.196703 0.171921 0.887114
671.000000 8.059753 15.217102 -13.996095 0.385085 0.200698 0.170733 0.884466
672.000000 7.894195 15.312446 -14.020330 0.389092 0.205328 0.169151 0.881950
673.000000 7.716131 15.391472 -14.066897 0.392636 0.210435 0.167264 0.879532
674.000000 7.529265 15.458658 -14.128491 0.395830 0.215860 0.165161 0.877180
675.000000 7.337474 15.518389 -14.197923 0.398786 0.221446 0.162932 0.874862
676.000000 7.144841 15.575025 -14.268153 0.401617 0.227038 0.160671 0.872549
677.000000 6.955628 15.632907 -14.332348 0.404433 0.232481 0.158473 0.870214
678.000000 6.772569 15.694657 -14.386545 0.407300 0.237681 0.156396 0.867845
679.000000 6.596707 15.760014 -14.430828 0.410208 0.242617 0.154452 0.865454
680.000000 6.430327 15.827578 -14.465997 0.413107 0.247234 0.152661 0.863083
681.000000 6.275905 15.895801 -14.493020 0.415943 0.251473 0.151042 0.860778
682.000000 6.135889 15.963135 -14.512964 0.418664 0.255277 0.149616 0.858586
683.000000 6.012674 16.028037 -14.526977 0.421216 0.258588 0.148403 0.856554
684.000000 5.908584 16.088988 -14.536261 0.423548 0.261352 0.147426 0.854733
685.000000 5.825866 16.144498 -14.542039 0.425607 0.263511 0.146706 0.853169
686.000000 5.766728 16.193088 -14.545516 0.427340 0.265012 0.146266 0.851913
687.000000 5.733352 16.233287 -14.547839 0.428696 0.265799 0.146127 0.851010
688.000000 5.727883 16.263633 -14.550044 0.429620 0.265817 0.146313 0.850506
689.000000 5.751813 16.283082 -14.552810 0.430073 0.265028 0.146840 0.850433
690.000000 5.805706 16.290359 -14.557238 0.430011 0.263420 0.147710 0.850813
691.000000 5.890840 16.282312 -14.566024 0.429330 0.260971 0.148918 0.851701
692.000000 6.008708 16.255538 -14.581770 0.427916 0.257651 0.150458 0.853151
693.000000 6.161003 16.206529 -14.606737 0.425653 0.253430 0.152325 0.855213
694.000000 6.349669 16.131640 -14.642761 0.422417 0.248270 0.154513 0.857935
695.000000 6.576667 16.027275 -14.691020 0.418085 0.242136 0.157012 0.861349
696.000000 6.839545 15.893650 -14.749929 0.412672 0.235104 0.159777 0.865390
697.000000 7.131495 15.734675 -14.815815 0.406324 0.227357 0.162728 0.869902
698.000000 7.445416 15.554453 -14.885355 0.399202 0.219086 0.165781 0.874732
699.000000 7.773999 15.357175 -14.955872 0.391471 0.210488 0.168852 0.879736
700.000000 8.109143 15.148351 -15.024565 0.383342 0.201772 0.171859 0.884761
701.000000 8.441610 14.935627 -15.088152 0.375100 0.193168 0.174729 0.889638
702.000000 8.761799 14.726987 -15.144495 0.367043 0.184915 0.177395 0.894213
703.000000 9.059812 14.530614 -15.192687 0.359475 0.177255 0.179796 0.898349
704.000000 9.325553 14.354865 -15.232879 0.352708 0.170437 0.181875 0.901925
705.000000 9.549030 14.208044 -15.266048 0.347051 0.164704 0.183582 0.904835
706.000000 9.724922 14.094537 -15.294255 0.342665 0.160184 0.184903 0.907046
707.000000 9.852533 14.014867 -15.319864 0.339567 0.156891 0.185854 0.908591
708.000000 9.931498 13.969325 -15.344579 0.337763 0.154831 0.186452 0.909494
709.000000 9.961766 13.957980 -15.369415 0.337256 0.154002 0.186700 0.909772
710.000000 9.943435 13.980786 -15.394701 0.338048 0.154401 0.186595 0.909432
711.000000 9.876102 14.038040 -15.420082 0.340134 0.156030 0.186143 0.908468
712.000000 9.759092 14.130142 -15.444586 0.343505 0.158894 0.185357 0.906863
713.000000 9.592220 14.153366 -15.561539 0.345103 0.163594 0.183710 0.905755
714.000000 9.325422 14.138529 -15.769682 0.346152 0.171342 0.180787 0.904509
715.000000 8.943485 14.180003 -15.985631 0.349442 0.181929 0.176910 0.901939
716.000000 8.482563 14.264127 -16.193630 0.354282 0.194321 0.172421 0.898329
717.000000 7.981179 14.374078 -16.382700 0.359915 0.207486 0.167669 0.894035
718.000000 7.479562 14.494527 -16.546572 0.365616 0.220408 0.163009 0.889479
719.000000 7.011149 14.609405 -16.685573 0.370833 0.232327 0.158688 0.885057
720.000000 6.584661 14.708741 -16.806819 0.375384 0.243118 0.154692 0.880937
721.000000 6.202794 14.786574 -16.918278 0.379142 0.252766 0.150985 0.877248
722.000000 5.867052 14.837445 -17.027635 0.381981 0.261269 0.147541 0.874106
723.000000 5.577301 14.970848 -17.042309 0.386704 0.268171 0.145232 0.870317
724.000000 5.388145 15.145889 -16.982236 0.392017 0.272284 0.144416 0.866792
725.000000 5.314480 15.253965 -16.942476 0.395114 0.273716 0.144404 0.864935
726.000000 5.315978 15.305958 -16.928900 0.396457 0.273459 0.144816 0.864332
727.000000 5.350915 15.315528 -16.943018 0.396570 0.272526 0.145282 0.864497
728.000000 5.378199 15.295962 -16.985787 0.395968 0.271910 0.145429 0.864942
729.000000 5.367647 15.256780 -17.058001 0.395028 0.272340 0.144987 0.865311
730.000000 5.315193 15.198903 -17.159589 0.393796 0.273905 0.143911 0.865558
731.000000 5.220216 15.122029 -17.289976 0.392270 0.276606 0.142203 0.865674
732.000000 5.089147 15.028093 -17.444089 0.390471 0.280248 0.139966 0.865680
733.000000 4.962188 14.929474 -17.598513 0.388543 0.283769 0.137761 0.865755
734.000000 4.881542 14.839200 -17.730855 0.386641 0.286091 0.136156 0.866096
735.000000 4.854889 14.759392 -17.838577 0.384788 0.287047 0.135239 0.866748
736.000000 4.881068 14.689314 -17.923483 0.382974 0.286692 0.134971 0.867710
737.000000 4.958538 14.628103 -17.986884 0.381184 0.285080 0.135314 0.868976
738.000000 5.084878 14.574673 -18.029621 0.379402 0.282261 0.136229 0.870531
739.000000 5.257391 14.527954 -18.052148 0.377605 0.278286 0.137687 0.872361
740.000000 5.473850 14.487089 -18.054619 0.375773 0.273205 0.139654 0.874443
741.000000 5.732082 14.451197 -18.036974 0.373882 0.267067 0.142096 0.876753
742.000000 6.022287 14.416901 -18.003447 0.371884 0.260117 0.144871 0.879235
743.000000 6.300415 14.370050 -17.979314 0.369610 0.253488 0.147412 0.881704
744.000000 6.522060 14.296428 -17.992625 0.366897 0.248339 0.149169 0.884004
745.000000 6.679934 14.195426 -18.048306 0.363769 0.244870 0.150078 0.886108
746.000000 6.782284 14.081334 -18.133083 0.360555 0.242822 0.150333 0.887940
747.000000 6.839261 13.971841 -18.229969 0.357650 0.241872 0.150164 0.889401
748.000000 6.858283 13.875852 -18.329841 0.355241 0.241796 0.149707 0.890464
749.000000 6.845015 13.796594 -18.428538 0.353375 0.242438 0.149047 0.891143
750.000000 6.805116 13.737234 -18.521831 0.352096 0.243641 0.148266 0.891451
751.000000 6.744272 13.700724 -18.605425 0.351448 0.245251 0.147444 0.891401
752.000000 6.668326 13.689946 -18.674966 0.351476 0.247111 0.146659 0.891006
753.000000 6.583337 13.707936 -18.726039 0.352225 0.249063 0.145986 0.890277
754.000000 6.495507 13.757821 -18.754153 0.353741 0.250952 0.145503 0.889224
755.000000 6.409744 13.840205 -18.757002 0.356016 0.252660 0.145258 0.887872
756.000000 6.323808 13.942800 -18.744108 0.358768 0.254292 0.145144 0.886315
757.000000 6.233257 14.049983 -18.728319 0.361648 0.256014 0.145011 0.884669
758.000000 6.136926 14.155452 -18.714639 0.364506 0.257877 0.144808 0.882987
759.000000 6.068032 14.249456 -18.699702 0.366984 0.259134 0.144794 0.881593
760.000000 6.106172 14.308758 -18.675954 0.368231 0.258006 0.145587 0.881274
761.000000 6.289592 14.319141 -18.641104 0.367759 0.253642 0.147469 0.882424
762.000000 6.571245 14.285914 -18.603482 0.365849 0.247115 0.150029 0.884636
763.000000 6.896256 14.216177 -18.573399 0.362863 0.239688 0.152780 0.887433
764.000000 7.210195 14.116718 -18.564164 0.359178 0.232624 0.155232 0.890382
765.000000 7.469425 13.994371 -18.588080 0.355142 0.226924 0.157005 0.893157
766.000000 7.678870 13.855824 -18.639777 0.350909 0.222444 0.158191 0.895744
767.000000 7.857005 13.707562 -18.708120 0.346573 0.218736 0.159007 0.898198
768.000000 8.021688 13.556431 -18.781351 0.342228 0.215363 0.159665 0.900559
769.000000 8.158330 13.418760 -18.854716 0.338331 0.212627 0.160129 0.902596
770.000000 8.204045 13.323349 -18.936451 0.335850 0.211926 0.159993 0.903711
771.000000 8.121377 13.284887 -19.033388 0.335288 0.214069 0.159018 0.903587
772.000000 7.952666 13.296484 -19.131008 0.336265 0.218039 0.157574 0.902527
773.000000 7.750695 13.348509 -19.212215 0.338307 0.222600 0.156088 0.900907
774.000000 7.568852 13.430948 -19.261721 0.340958 0.226537 0.154970 0.899118
775.000000 7.448958 13.533631 -19.270791 0.343824 0.228926 0.154522 0.897497
776.000000 7.383052 13.646562 -19.250447 0.346716 0.230008 0.154609 0.896092
777.000000 7.349988 13.759961 -19.216143 0.349493 0.230318 0.154989 0.894867
778.000000 7.328400 13.864193 -19.183170 0.352014 0.230394 0.155418 0.893784
779.000000 7.297023 13.949726 -19.166835 0.354139 0.230771 0.155644 0.892807
780.000000 7.236482 14.007900 -19.181094 0.355743 0.231937 0.155439 0.891903
781.000000 7.140714 14.036052 -19.230108 0.356786 0.234039 0.154726 0.891061
782.000000 7.009397 14.034039 -19.313500 0.357268 0.237074 0.153502 0.890276
783.000000 6.847863 14.004556 -19.426333 0.357234 0.240895 0.151831 0.889551
784.000000 6.698825 13.969675 -19.536940 0.357025 0.244428 0.150242 0.888941
785.000000 6.590649 13.945100 -19.625023 0.356888 0.246977 0.149094 0.888484
786.000000 6.522832 13.932404 -19.690710 0.356860 0.248564 0.148392 0.888170
787.000000 6.493663 13.932495 -19.734642 0.356969 0.249238 0.148119 0.887983
788.000000 6.501241 13.946170 -19.757186 0.357242 0.249044 0.148257 0.887905
789.000000 6.542890 13.973870 -19.758457 0.357706 0.248029 0.148789 0.887913
790.000000 6.615992 14.016180 -19.738353 0.358384 0.246237 0.149701 0.887985
791.000000 6.718273 14.073919 -19.696604 0.359300 0.243716 0.150980 0.888094
792.000000 6.847391 14.147834 -19.632821 0.360477 0.240510 0.152611 0.888212
793.000000 6.995119 14.235526 -19.550825 0.361891 0.236809 0.154506 0.888304
794.000000 7.116017 14.315289 -19.482479 0.363229 0.233731 0.156112 0.888292
795.000000 7.181473 14.372715 -19.449836 0.364276 0.231996 0.157076 0.888149
796.000000 7.203119 14.408164 -19.449324 0.364995 0.231346 0.157502 0.887947
797.000000 7.199417 14.422768 -19.473620 0.365340 0.231361 0.157567 0.887790
798.000000 7.188807 14.417605 -19.515149 0.365264 0.231616 0.157447 0.887776
799.000000 7.189554 14.393809 -19.566299 0.364720 0.231693 0.157318 0.888002
800.000000 7.214351 14.354355 -19.620140 0.363727 0.231295 0.157319 0.888513
801.000000 7.269584 14.304237 -19.670455 0.362371 0.230258 0.157538 0.889297
802.000000 7.360959 14.248556 -19.711055 0.360745 0.228431 0.158056 0.890337
803.000000 7.486285 14.191974 -19.738872 0.358961 0.225840 0.158877 0.891572
804.000000 7.635487 14.138709 -19.754122 0.357151 0.222693 0.159930 0.892901
805.000000 7.796855 14.092885 -19.757945 0.355455 0.219233 0.161130 0.894218
806.000000 7.949564 14.057688 -19.756173 0.354030 0.215915 0.162307 0.895377
807.000000 8.078613 14.034769 -19.753983 0.352975 0.213073 0.163337 0.896286
808.000000 8.173045 14.025394 -19.755540 0.352367 0.210953 0.164132 0.896882
809.000000 8.222260 14.030770 -19.765008 0.352280 0.209796 0.164604 0.897101
810.000000 8.221297 14.050282 -19.785296 0.352720 0.209721 0.164705 0.896927
811.000000 8.171362 14.081298 -19.817778 0.353624 0.210713 0.164433 0.896388
812.000000 8.074068 14.121104 -19.863253 0.354918 0.212741 0.163787 0.895516
813.000000 7.938930 14.167452 -19.918681 0.356508 0.215590 0.162838 0.894375
814.000000 7.783466 14.218545 -19.977610 0.358279 0.218865 0.161732 0.893072
815.000000 7.625504 14.272448 -20.034089 0.360114 0.222172 0.160616 0.891717
816.000000 7.478695 14.325923 -20.085272 0.361886 0.225222 0.159596 0.890417
817.000000 7.343538 14.376022 -20.133354 0.363529 0.228016 0.158659 0.889203
818.000000 7.216476 14.420166 -20.181719 0.365002 0.230646 0.157760 0.888081
819.000000 7.093896 14.455754 -20.233665 0.366264 0.233201 0.156852 0.887054
820.000000 6.972130 14.480172 -20.292407 0.367273 0.235771 0.155887 0.886127
821.000000 6.847483 14.490798 -20.361068 0.367987 0.238445 0.154818 0.885303
822.000000 6.716221 14.484984 -20.442659 0.368363 0.241312 0.153596 0.884582
823.000000 6.575617 14.462770 -20.537769 0.368413 0.244426 0.152200 0.883947
824.000000 6.426181 14.432447 -20.640050 0.368316 0.247742 0.150681 0.883325
825.000000 6.269328 14.404136 -20.741755 0.368285 0.251189 0.149113 0.882630
826.000000 6.108742 14.389709 -20.833495 0.368555 0.254648 0.147596 0.881781
827.000000 5.948976 14.400171 -20.906512 0.369339 0.257986 0.146240 0.880708
828.000000 5.789446 14.423820 -20.969198 0.370385 0.261261 0.144971 0.879512
829.000000 5.626175 14.434146 -21.040772 0.371154 0.264646 0.143590 0.878402
830.000000 5.455975 14.409827 -21.136322 0.371219 0.268274 0.141934 0.877542
831.000000 5.280117 14.357863 -21.250066 0.370732 0.272088 0.140059 0.876875
832.000000 5.101240 14.294208 -21.369976 0.370024 0.275973 0.138089 0.876272
833.000000 4.920965 14.232623 -21.486455 0.369367 0.279850 0.136129 0.875626
834.000000 4.737604 14.178686 -21.596582 0.368866 0.283740 0.134201 0.874883
835.000000 4.548820 14.136351 -21.698616 0.368596 0.287682 0.132313 0.873996
836.000000 4.352284 14.106122 -21.792684 0.368571 0.291720 0.130450 0.872948
837.000000 4.146292 14.076032 -21.886602 0.368560 0.295924 0.128518 0.871823
838.000000 3.934596 14.053504 -21.974541 0.368705 0.300195 0.126595 0.870582
839.000000 3.724397 14.061281 -22.040574 0.369439 0.304328 0.124893 0.869081
840.000000 3.522067 14.116521 -22.072779 0.371081 0.308154 0.123589 0.867217
841.000000 3.329348 14.206492 -22.078982 0.373373 0.311683 0.122613 0.865108
842.000000 3.146472 14.309531 -22.073083 0.375890 0.314974 0.121815 0.862936
843.000000 2.970589 14.412598 -22.064116 0.378386 0.318122 0.121072 0.860793
844.000000 2.794344 14.514791 -22.053841 0.380862 0.321275 0.120309 0.858634
845.000000 2.609995 14.616116 -22.043247 0.383338 0.324583 0.119462 0.856404
846.000000 2.442338 14.703459 -22.038231 0.385488 0.327599 0.118648 0.854400
847.000000 2.324013 14.757194 -22.049147 0.386847 0.329746 0.118007 0.853048
848.000000 2.208733 14.792492 -22.071515 0.387832 0.331881 0.117255 0.851876
849.000000 2.094917 14.820440 -22.098024 0.388667 0.334005 0.116461 0.850773
850.000000 1.981594 14.852040 -22.121278 0.389573 0.336110 0.115701 0.849633
851.000000 1.867331 14.898584 -22.133789 0.390767 0.338186 0.115050 0.848348
852.000000 1.750685 14.971441 -22.128085 0.392462 0.340224 0.114583 0.846813
853.000000 1.635374 15.070736 -22.103483 0.394653 0.342167 0.114333 0.845044
854.000000 1.529789 15.182057 -22.068882 0.397045 0.343891 0.114263 0.843231
855.000000 1.442582 15.290037 -22.034255 0.399323 0.345273 0.114333 0.841579
856.000000 1.349782 15.395552 -22.000696 0.401569 0.346769 0.114332 0.839894
857.000000 1.219718 15.520352 -21.954555 0.404281 0.348926 0.114140 0.837723
858.000000 1.099304 15.655592 -21.898760 0.407170 0.350871 0.114114 0.835512
859.000000 0.989680 15.796681 -21.836479 0.410144 0.352594 0.114234 0.833312
860.000000 0.885749 15.940675 -21.770081 0.413162 0.354200 0.114430 0.831111
861.000000 0.780820 16.085101 -21.701635 0.416192 0.355822 0.114621 0.828877
862.000000 0.668253 16.227588 -21.633094 0.419207 0.357594 0.114722 0.826578
863.000000 0.543197 16.367132 -21.565269 0.422200 0.359609 0.114675 0.824183
864.000000 0.411610 16.501810 -21.499377 0.425120 0.361760 0.114518 0.821759
865.000000 0.282740 16.628881 -21.437401 0.427890 0.363879 0.114317 0.819411
866.000000 0.165739 16.745622 -21.381606 0.430433 0.365800 0.114139 0.817246
867.000000 0.069677 16.849329 -21.334499 0.432674 0.367359 0.114054 0.815372
868.000000 0.001205 16.938036 -21.298169 0.434559 0.368437 0.114114 0.813874
869.000000 -0.050481 17.015217 -21.270358 0.436179 0.369227 0.114244 0.812630
870.000000 -0.099374 17.085589 -21.247545 0.437661 0.369982 0.114347 0.811474
871.000000 -0.153355 17.152353 -21.227243 0.439086 0.370841 0.114368 0.810309
872.000000 -0.205813 17.215209 -21.209809 0.440428 0.371674 0.114374 0.809197
873.000000 -0.249709 17.273853 -21.195669 0.441662 0.372347 0.114435 0.808206
874.000000 -0.289244 17.331176 -21.182460 0.442856 0.372935 0.114534 0.807267
875.000000 -0.331767 17.390963 -21.166922 0.444103 0.373573 0.114625 0.806273
876.000000 -0.384651 17.457005 -21.145694 0.445498 0.374395 0.114663 0.805117
877.000000 -0.455436 17.533126 -21.115273 0.447133 0.375533 0.114601 0.803687
878.000000 -0.549332 17.622413 -21.072613 0.449083 0.377078 0.114408 0.801902
879.000000 -0.653287 17.722271 -21.019761 0.451264 0.378788 0.114197 0.799900
880.000000 -0.745728 17.827444 -20.961586 0.453516 0.380264 0.114152 0.797930
881.000000 -0.809652 17.933769 -20.902357 0.455715 0.381195 0.114423 0.796192
882.000000 -0.842416 18.040538 -20.843025 0.457840 0.381530 0.115038 0.794722
883.000000 -0.853014 18.145616 -20.785229 0.459873 0.381444 0.115885 0.793466
884.000000 -0.997649 18.212674 -20.754044 0.461549 0.384015 0.114916 0.791391
885.000000 -1.133778 18.279244 -20.722390 0.463192 0.386419 0.114025 0.789387
886.000000 -1.237579 18.342813 -20.694100 0.464690 0.388210 0.113462 0.787707
887.000000 -1.320048 18.391208 -20.679835 0.465840 0.389630 0.112998 0.786392
888.000000 -1.391947 18.412310 -20.690076 0.466443 0.390917 0.112397 0.785482
889.000000 -1.456624 18.417426 -20.715045 0.466717 0.392154 0.111698 0.784802
890.000000 -1.520720 18.456572 -20.709462 0.467634 0.393284 0.111332 0.783742
891.000000 -1.614837 18.498443 -20.698829 0.468680 0.394962 0.110665 0.782367
892.000000 -1.766096 18.510315 -20.709873 0.469302 0.397787 0.109070 0.780785
893.000000 -1.944999 18.510815 -20.727690 0.469772 0.401149 0.107045 0.779060
894.000000 -1.971949 18.560011 -20.715564 0.470755 0.401519 0.107217 0.778252
895.000000 -1.992775 18.618190 -20.695206 0.471902 0.401746 0.107558 0.777393
896.000000 -2.037091 18.685350 -20.664049 0.473281 0.402394 0.107719 0.776196
897.000000 -2.099732 18.771122 -20.614005 0.475051 0.403351 0.107842 0.774600
898.000000 -2.175702 18.884379 -20.536701 0.477370 0.404491 0.108075 0.772544
899.000000 -2.260133 19.012517 -20.443180 0.480000 0.405748 0.108356 0.770213
900.000000 -2.346867 19.105096 -20.380960 0.481974 0.407139 0.108255 0.768258
901.000000 -2.404281 19.192792 -20.325660 0.483783 0.407989 0.108446 0.766641
902.000000 -2.395486 19.300938 -20.257972 0.485808 0.407535 0.109625 0.765434
903.000000 -2.328963 19.371915 -20.231740 0.486977 0.406089 0.111121 0.765243
904.000000 -2.332221 19.405905 -20.232507 0.487633 0.406061 0.111425 0.764796
905.000000 -2.341233 19.419079 -20.252442 0.487912 0.406196 0.111454 0.764542
906.000000 -2.360866 19.457763 -20.246550 0.488704 0.406459 0.111613 0.763873
907.000000 -2.400156 19.506849 -20.228280 0.489743 0.407056 0.111643 0.762884
908.000000 -2.456787 19.527685 -20.235762 0.490281 0.408046 0.111182 0.762077
909.000000 -2.523850 19.534971 -20.255019 0.490587 0.409286 0.110449 0.761322
910.000000 -2.599392 19.543353 -20.271992 0.490933 0.410678 0.109627 0.760467
911.000000 -2.680173 19.567052 -20.272558 0.491592 0.412124 0.108900 0.759363
912.000000 -2.771392 19.627611 -20.235278 0.492977 0.413671 0.108413 0.757692
913.000000 -2.909521 19.755892 -20.124680 0.495749 0.415919 0.108038 0.754699
914.000000 -3.053524 19.870050 -20.024917 0.498266 0.418317 0.107451 0.751795
915.000000 -3.190763 19.933515 -19.974631 0.499811 0.420722 0.106422 0.749571
916.000000 -3.295207 19.931619 -19.993536 0.500050 0.422681 0.105105 0.748495
917.000000 -3.369880 19.918145 -20.027856 0.500007 0.424104 0.104034 0.747868
918.000000 -3.429215 19.971133 -19.997852 0.501175 0.425067 0.103856 0.746563
919.000000 -3.490093 20.086956 -19.904364 0.503510 0.425916 0.104313 0.744440
920.000000 -3.554036 20.205179 -19.807540 0.505882 0.426814 0.104759 0.742253
921.000000 -3.619505 20.297838 -19.735907 0.507768 0.427798 0.104916 0.740374
922.000000 -3.684209 20.338830 -19.716801 0.508686 0.428900 0.104523 0.739160
923.000000 -3.717297 20.326653 -19.757404 0.508544 0.429552 0.103951 0.738960
924.000000 -3.659746 20.313667 -19.814628 0.508168 0.428514 0.104541 0.739738
925.000000 -3.604013 20.349226 -19.821262 0.508703 0.427384 0.105645 0.739867
926.000000 -3.574047 20.434977 -19.771387 0.510239 0.426598 0.106963 0.739073
927.000000 -3.552633 20.574452 -19.663726 0.512798 0.425819 0.108753 0.737488
928.000000 -3.560468 20.706763 -19.557365 0.515298 0.425597 0.110088 0.735674
929.000000 -3.622372 20.781946 -19.501240 0.516864 0.426540 0.110099 0.734025
930.000000 -3.722594 20.829270 -19.467027 0.518009 0.428280 0.109300 0.732323
931.000000 -3.832006 20.852729 -19.455522 0.518737 0.430256 0.108114 0.730823
932.000000 -3.921760 20.854514 -19.469434 0.519024 0.431917 0.106953 0.729810
933.000000 -3.979502 20.846273 -19.499380 0.519049 0.433009 0.106105 0.729268
934.000000 -4.056136 20.877179 -19.483139 0.519859 0.434367 0.105426 0.727982
935.000000 -4.129664 20.955022 -19.416851 0.521531 0.435553 0.105300 0.726093
936.000000 -4.189178 21.056165 -19.327930 0.523591 0.436415 0.105623 0.724043
937.000000 -4.256995 21.120223 -19.277573 0.524965 0.437523 0.105419 0.722407
938.000000 -4.319422 21.148675 -19.267891 0.525641 0.438611 0.104888 0.721332
939.000000 -4.361308 21.157935 -19.283558 0.525906 0.439364 0.104416 0.720749
940.000000 -4.381955 21.161020 -19.309985 0.526011 0.439732 0.104173 0.720483
941.000000 -4.395138 21.187559 -19.311537 0.526547 0.439889 0.104318 0.719975
942.000000 -4.435071 21.264836 -19.250512 0.528109 0.440407 0.104680 0.718459
943.000000 -4.525024 21.391456 -19.121927 0.530733 0.441733 0.104913 0.715673
944.000000 -4.577762 21.472685 -19.051641 0.532403 0.442503 0.105124 0.713924
945.000000 -4.643201 21.597580 -18.928112 0.534922 0.443397 0.105655 0.711404
946.000000 -4.693316 21.643672 -18.897335 0.535920 0.444223 0.105473 0.710163
947.000000 -4.732327 21.686528 -18.872710 0.536834 0.444848 0.105405 0.709091
948.000000 -4.743503 21.729025 -18.854933 0.537667 0.444950 0.105730 0.708347
949.000000 -4.710373 21.781424 -18.837626 0.538546 0.444180 0.106806 0.708001
950.000000 -4.656763 21.830099 -18.827741 0.539323 0.443034 0.108147 0.707923
951.000000 -4.622134 21.843337 -18.854789 0.539474 0.442339 0.108805 0.708143
952.000000 -4.639500 21.807300 -18.925587 0.538854 0.442757 0.108161 0.708452
953.000000 -4.688161 21.763088 -18.997662 0.538173 0.443777 0.106984 0.708509
954.000000 -4.781841 21.804894 -18.959763 0.539222 0.445393 0.106167 0.706819
955.000000 -4.859313 21.843913 -18.929145 0.540161 0.446714 0.105544 0.705360
956.000000 -4.972320 21.962388 -18.797065 0.542670 0.448483 0.105335 0.702337
957.000000 -5.090918 22.074847 -18.668692 0.545074 0.450391 0.104958 0.699304
958.000000 -5.200139 22.174704 -18.555428 0.547222 0.452170 0.104556 0.696534
959.000000 -5.285833 22.248977 -18.476816 0.548845 0.453583 0.104177 0.694391
960.000000 -5.335484 22.287714 -18.448970 0.549729 0.454415 0.103898 0.693189
961.000000 -5.340139 22.322162 -18.438089 0.550424 0.454415 0.104235 0.692586
962.000000 -5.288786 22.394784 -18.396563 0.551678 0.453252 0.105895 0.692098
963.000000 -5.215621 22.513624 -18.304319 0.553732 0.451533 0.108462 0.691184
964.000000 -5.123402 22.610579 -18.244013 0.555301 0.449505 0.111043 0.690836
965.000000 -5.055560 22.628128 -18.276051 0.555414 0.448167 0.112281 0.691415
966.000000 -5.047816 22.600496 -18.348165 0.554834 0.448094 0.112077 0.691961
967.000000 -5.097362 22.573718 -18.403027 0.554446 0.449089 0.111035 0.691795
968.000000 -5.163433 22.592639 -18.395695 0.554986 0.450254 0.110309 0.690720
969.000000 -5.246555 22.674304 -18.305354 0.556767 0.451546 0.110090 0.688475
970.000000 -5.351452 22.827696 -18.117453 0.559969 0.453038 0.110416 0.684835
971.000000 -5.465902 23.020748 -17.871414 0.563972 0.454613 0.111083 0.680385
972.000000 -5.567790 23.194174 -17.648128 0.567593 0.456029 0.111692 0.676314
973.000000 -5.652138 23.297749 -17.517708 0.569851 0.457335 0.111673 0.673530
974.000000 -5.763890 23.357144 -17.434916 0.571360 0.459307 0.110630 0.671078
975.000000 -5.896315 23.397262 -17.369504 0.572564 0.461733 0.108993 0.668651
976.000000 -5.953565 23.412637 -17.362240 0.573055 0.462784 0.108256 0.667622
977.000000 -5.921090 23.388899 -17.438596 0.572509 0.462225 0.108484 0.668440
978.000000 -5.849931 23.311881 -17.598816 0.570820 0.461091 0.108656 0.670637
979.000000 -5.751631 23.194356 -17.819028 0.568285 0.459580 0.108735 0.673806
980.000000 -5.632012 23.053804 -18.071635 0.565273 0.457763 0.108848 0.677548
981.000000 -5.496402 22.912638 -18.325176 0.562221 0.455663 0.109204 0.681434
982.000000 -5.348025 22.796416 -18.547052 0.559611 0.453261 0.110062 0.685037
983.000000 -5.177650 22.720829 -18.721921 0.557695 0.450346 0.111725 0.688245
984.000000 -4.984158 22.660779 -18.881290 0.556001 0.446977 0.113878 0.691453
985.000000 -4.779478 22.579212 -19.065807 0.553885 0.443486 0.115897 0.695054
986.000000 -4.613763 22.481746 -19.255394 0.551609 0.440768 0.117145 0.698375
987.000000 -4.495249 22.390769 -19.422710 0.549610 0.438891 0.117793 0.701020
988.000000 -4.412977 22.314798 -19.561871 0.548008 0.437621 0.118110 0.703012
989.000000 -4.363011 22.254612 -19.674566 0.546794 0.436888 0.118147 0.704405
990.000000 -4.341731 22.210410 -19.762876 0.545947 0.436636 0.117947 0.705251
991.000000 -4.348533 22.177160 -19.833057 0.545370 0.436863 0.117472 0.705636
992.000000 -4.384185 22.146906 -19.893588 0.544928 0.437594 0.116635 0.705664
993.000000 -4.445274 22.117210 -19.947632 0.544571 0.438771 0.115457 0.705402
994.000000 -4.502757 22.122933 -19.962903 0.544831 0.439777 0.114718 0.704695
995.000000 -4.520143 22.210447 -19.896054 0.546422 0.439838 0.115429 0.703308
996.000000 -4.487292 22.356687 -19.773585 0.548911 0.438832 0.117486 0.701655
997.000000 -4.341785 22.283078 -19.922747 0.547168 0.436474 0.118698 0.704278
998.000000 -4.307144 22.415758 -19.814609 0.549413 0.435461 0.120654 0.702825
999.000000 -4.369540 22.718880 -19.486136 0.555013 0.435631 0.123152 0.697868
1000.000000 -4.410366 22.924418 -19.268072 0.558844 0.435699 0.124901 0.694449
1001.000000 -4.421855 23.027335 -19.175749 0.560748 0.435559 0.125918 0.692816
1002.000000 -4.414426 23.064368 -19.171226 0.561325 0.435276 0.126436 0.692433
1003.000000 -4.393258 23.059554 -19.215732 0.561170 0.434907 0.126687 0.692744
1004.000000 -4.365651 23.034192 -19.282410 0.560683 0.434509 0.126819 0.693363
1005.000000 -4.330630 22.963381 -19.406229 0.559328 0.434125 0.126550 0.694747
1006.000000 -4.290494 22.828074 -19.607319 0.556787 0.433853 0.125632 0.697120
1007.000000 -4.326968 22.853990 -19.603477 0.557351 0.434419 0.125415 0.696355
1008.000000 -4.254751 22.651657 -19.886797 0.553531 0.433778 0.124222 0.700006
1009.000000 -4.124910 22.307956 -20.331725 0.547096 0.432540 0.122410 0.706124
1010.000000 -4.096538 22.163663 -20.527950 0.544485 0.432453 0.121388 0.708368
1011.000000 -4.217332 22.302538 -20.387077 0.547235 0.434118 0.121248 0.705248
1012.000000 -4.475955 22.696672 -19.928201 0.554844 0.437418 0.121920 0.697101
1013.000000 -4.729990 23.131715 -19.400120 0.563211 0.440498 0.123235 0.688163
1014.000000 -4.813725 23.384306 -19.112336 0.567895 0.441143 0.124969 0.683572
1015.000000 -4.775253 23.469193 -19.053381 0.569257 0.440173 0.126526 0.682777
1016.000000 -4.820666 23.585963 -18.928468 0.571523 0.440614 0.127245 0.680463
1017.000000 -4.954406 23.786779 -18.667236 0.575684 0.442387 0.127603 0.675721
1018.000000 -5.138902 24.044821 -18.309491 0.581111 0.444885 0.127838 0.669361
1019.000000 -5.331226 24.307543 -17.935263 0.586637 0.447471 0.128033 0.662748
1020.000000 -5.483319 24.504578 -17.656230 0.590780 0.449520 0.128076 0.657653
1021.000000 -5.543471 24.562161 -17.595071 0.592024 0.450402 0.127791 0.655984
1022.000000 -5.501481 24.455506 -17.792850 0.589868 0.450008 0.127065 0.658334
1023.000000 -5.467908 24.320490 -18.022428 0.587243 0.449870 0.125908 0.660991
1024.000000 -5.573241 24.330769 -18.010248 0.587805 0.451783 0.124284 0.659493
1025.000000 -5.762867 24.488323 -17.768424 0.591375 0.454745 0.123111 0.654467
1026.000000 -5.844229 24.629839 -17.578011 0.594269 0.455754 0.123639 0.651034
1027.000000 -5.798622 24.717559 -17.502585 0.595712 0.454580 0.125701 0.650141
1028.000000 -5.620063 24.725110 -17.582825 0.595179 0.451217 0.128995 0.652323
1029.000000 -5.302103 24.632492 -17.842601 0.592261 0.445658 0.133324 0.657906
1030.000000 -4.844450 24.436223 -18.270494 0.586896 0.437972 0.138608 0.666724
1031.000000 -4.330608 24.165711 -18.785150 0.579973 0.429644 0.143796 0.677023
1032.000000 -3.846693 23.856120 -19.312089 0.572514 0.422122 0.147906 0.687142
1033.000000 -3.406918 23.521047 -19.832418 0.564867 0.415593 0.150873 0.696739
1034.000000 -3.023552 23.173581 -20.331790 0.557333 0.410186 0.152713 0.705554
1035.000000 -2.710548 22.827543 -20.797438 0.550196 0.406044 0.153463 0.713345
1036.000000 -2.481449 22.497102 -21.217455 0.543738 0.403321 0.153177 0.719873
1037.000000 -2.350145 22.197471 -21.579990 0.538243 0.402172 0.151900 0.724899
1038.000000 -2.331656 21.945333 -21.872555 0.534001 0.402752 0.149665 0.728172
1039.000000 -2.440306 21.757988 -22.081208 0.531299 0.405206 0.146505 0.729428
1040.000000 -2.681275 21.649727 -22.193519 0.530334 0.409547 0.142525 0.728494
1041.000000 -2.953489 21.593035 -22.248187 0.530274 0.414194 0.138724 0.726642
1042.000000 -3.158825 21.556598 -22.289341 0.530302 0.417657 0.135964 0.725160
1043.000000 -3.290608 21.539236 -22.321110 0.530405 0.419853 0.134266 0.724132
1044.000000 -3.347662 21.541164 -22.344832 0.530601 0.420777 0.133617 0.723571
1045.000000 -3.331212 21.563790 -22.359543 0.530921 0.420453 0.134008 0.723453
1046.000000 -3.254320 21.617674 -22.352916 0.531568 0.419058 0.135397 0.723528
1047.000000 -3.134997 21.717265 -22.307486 0.532824 0.416831 0.137720 0.723453
1048.000000 -2.991229 21.876800 -22.205268 0.534969 0.414005 0.140908 0.722879
1049.000000 -2.841295 22.106459 -22.031118 0.538234 0.410821 0.144844 0.721492
1050.000000 -2.710875 22.329168 -21.856762 0.541451 0.407937 0.148505 0.719976
1051.000000 -2.609724 22.508976 -21.718690 0.544062 0.405644 0.151439 0.718690
1052.000000 -2.539783 22.651986 -21.612161 0.546178 0.403970 0.153670 0.717553
1053.000000 -2.502772 22.764134 -21.531909 0.547909 0.402938 0.155220 0.716480
1054.000000 -2.500347 22.851217 -21.472281 0.549364 0.402565 0.156108 0.715382
1055.000000 -2.532655 22.918924 -21.428885 0.550625 0.402845 0.156357 0.714199
1056.000000 -2.589928 22.963301 -21.407853 0.551580 0.403635 0.156050 0.713083
1057.000000 -2.658186 22.975855 -21.419926 0.552037 0.404727 0.155291 0.712275
1058.000000 -2.723274 22.947899 -21.475966 0.551804 0.405914 0.154181 0.712021
1059.000000 -2.770443 22.873800 -21.583250 0.550744 0.406968 0.152859 0.712526
1060.000000 -2.777387 22.833387 -21.659561 0.550099 0.407234 0.152369 0.712976
1061.000000 -2.736848 22.868205 -21.662475 0.550523 0.406451 0.153200 0.712918
1062.000000 -2.653120 22.964929 -21.604916 0.551811 0.404734 0.155165 0.712474
1063.000000 -2.549026 23.054675 -21.556148 0.552912 0.402699 0.157322 0.712300
1064.000000 -2.443551 23.102794 -21.550959 0.553323 0.400785 0.159107 0.712664
1065.000000 -2.346898 23.122543 -21.574211 0.553298 0.399114 0.160525 0.713303
1066.000000 -2.268827 23.129056 -21.608678 0.553125 0.397792 0.161601 0.713932
1067.000000 -2.218884 23.137719 -21.637202 0.553094 0.396919 0.162355 0.714271
1068.000000 -2.206172 23.164889 -21.642591 0.553499 0.396591 0.162800 0.714038
1069.000000 -2.239867 23.226353 -21.607392 0.554630 0.396905 0.162950 0.712951
1070.000000 -2.327652 23.333659 -21.517184 0.556715 0.397944 0.162812 0.710775
1071.000000 -2.457009 23.454709 -21.406173 0.559181 0.399621 0.162256 0.708020
1072.000000 -2.596716 23.539724 -21.331530 0.561087 0.401608 0.161231 0.705618
1073.000000 -2.696641 23.593159 -21.294934 0.562325 0.403057 0.160436 0.703985
1074.000000 -2.710414 23.585156 -21.335976 0.562236 0.403317 0.160200 0.703961
1075.000000 -2.621283 23.491206 -21.482845 0.560366 0.402206 0.160525 0.706012
1076.000000 -2.453418 23.367703 -21.668071 0.557726 0.399916 0.161637 0.709142
1077.000000 -2.215866 23.211064 -21.892241 0.554282 0.396618 0.163359 0.713287
1078.000000 -1.915376 23.013643 -22.159581 0.549938 0.392465 0.165481 0.718439
1079.000000 -1.558421 22.767222 -22.473806 0.544593 0.387608 0.167786 0.724587
1080.000000 -1.154205 22.465818 -22.834223 0.538208 0.382230 0.170079 0.731646
1081.000000 -0.736166 22.149006 -23.193969 0.531564 0.376723 0.172327 0.738798
1082.000000 -0.356238 21.894043 -23.478872 0.526065 0.371620 0.174608 0.744759
1083.000000 -0.067556 21.781781 -23.620819 0.523169 0.367447 0.176980 0.748301
1084.000000 0.077028 21.893337 -23.552603 0.524361 0.364718 0.179476 0.748208
1085.000000 0.057055 22.228144 -23.272188 0.529751 0.363733 0.181863 0.744303
1086.000000 -0.085667 22.657199 -22.889805 0.537170 0.364309 0.183640 0.738243
1087.000000 -0.322104 23.116678 -22.458522 0.545510 0.366246 0.184634 0.730885
1088.000000 -0.623066 23.549822 -22.031928 0.553761 0.369329 0.184668 0.723079
1089.000000 -0.883380 23.867770 -21.711562 0.560048 0.372246 0.184182 0.716838
1090.000000 -1.058225 24.073675 -21.507509 0.564207 0.374255 0.183732 0.712633
1091.000000 -1.359766 24.340814 -21.219452 0.569961 0.378120 0.182111 0.706404
1092.000000 -1.725539 24.621159 -20.898706 0.576246 0.383030 0.179658 0.699251
1093.000000 -2.091150 24.863385 -20.609184 0.581900 0.388132 0.176791 0.692453
1094.000000 -2.397101 25.019979 -20.420465 0.585823 0.392602 0.173926 0.687332
1095.000000 -2.589908 25.059733 -20.385044 0.587274 0.395656 0.171504 0.684947
1096.000000 -2.625352 24.977036 -20.516442 0.586062 0.396615 0.170083 0.685784
1097.000000 -2.537942 24.834560 -20.732462 0.583365 0.395776 0.169884 0.688612
1098.000000 -2.468978 24.792336 -20.823323 0.582407 0.394831 0.170452 0.689823
1099.000000 -2.499156 24.922721 -20.695850 0.584723 0.394824 0.171253 0.687667
1100.000000 -2.642348 25.195265 -20.378863 0.589888 0.396095 0.171785 0.682371
1101.000000 -2.675421 25.416885 -20.133270 0.593733 0.395700 0.173450 0.678835
1102.000000 -2.627907 25.604832 -19.937329 0.596666 0.394055 0.175988 0.676564
1103.000000 -2.534926 25.778385 -19.760587 0.599187 0.391684 0.179082 0.674899
1104.000000 -2.439768 25.942340 -19.591586 0.601554 0.389298 0.182157 0.673349
1105.000000 -2.390118 26.089906 -19.434337 0.603865 0.387747 0.184416 0.671558
1106.000000 -2.432767 26.214835 -19.292795 0.606239 0.387887 0.185040 0.669162
1107.000000 -2.555212 26.322521 -19.161691 0.608708 0.389490 0.184247 0.666202
1108.000000 -2.634480 26.356218 -19.136119 0.609699 0.390700 0.183359 0.664831
1109.000000 -2.659419 26.326538 -19.205179 0.609332 0.391270 0.182672 0.665022
1110.000000 -2.634391 26.255146 -19.338862 0.607996 0.391173 0.182344 0.666390
1111.000000 -2.575395 26.155523 -19.516095 0.605997 0.390628 0.182258 0.668550
1112.000000 -2.502296 26.037182 -19.718944 0.603612 0.389936 0.182198 0.671124
1113.000000 -2.435007 25.910476 -19.928795 0.601133 0.389385 0.181963 0.673727
1114.000000 -2.383079 25.801818 -20.110279 0.599053 0.389010 0.181673 0.675871
1115.000000 -2.340912 25.748452 -20.217808 0.597964 0.388545 0.181777 0.677074
1116.000000 -2.300897 25.787526 -20.206600 0.598439 0.387696 0.182740 0.676882
1117.000000 -2.246378 25.879713 -20.128482 0.599740 0.386358 0.184436 0.676035
1118.000000 -2.169932 25.959911 -20.067140 0.600741 0.384700 0.186347 0.675567
1119.000000 -2.075804 26.012284 -20.042797 0.601190 0.382871 0.188259 0.675677
1120.000000 -1.966092 26.022545 -20.074010 0.600851 0.380976 0.190006 0.676560
1121.000000 -1.833502 25.987214 -20.165618 0.599629 0.378913 0.191666 0.678332
1122.000000 -1.679682 25.915503 -20.304365 0.597692 0.376672 0.193295 0.680823
1123.000000 -1.509391 25.818967 -20.473651 0.595263 0.374282 0.194920 0.683798
1124.000000 -1.331605 25.710219 -20.655840 0.592602 0.371836 0.196520 0.686979
1125.000000 -1.165874 25.604483 -20.830561 0.590055 0.369585 0.197949 0.689970
1126.000000 -1.034220 25.517818 -20.977804 0.587987 0.367813 0.199051 0.692361
1127.000000 -0.959178 25.466529 -21.078163 0.586769 0.366808 0.199670 0.693747
1128.000000 -0.963058 25.466848 -21.112382 0.586768 0.366853 0.199654 0.693730
1129.000000 -1.056019 25.528162 -21.068642 0.588179 0.368069 0.198950 0.692091
1130.000000 -1.230701 25.649945 -20.945595 0.590960 0.370339 0.197651 0.688875
1131.000000 -1.473664 25.827588 -20.745176 0.594981 0.373474 0.195881 0.684211
1132.000000 -1.756694 26.045626 -20.483124 0.599874 0.377096 0.193868 0.678502
1133.000000 -2.048580 26.286413 -20.180017 0.605224 0.380786 0.191868 0.672230
1134.000000 -2.319638 26.533149 -19.858637 0.610629 0.384137 0.190146 0.665895
1135.000000 -2.542516 26.770140 -19.543971 0.615700 0.386760 0.188979 0.660013
1136.000000 -2.692029 26.982672 -19.262716 0.620058 0.388283 0.188661 0.655112
1137.000000 -2.744501 27.156832 -19.042366 0.623325 0.388348 0.189494 0.651724
1138.000000 -2.677158 27.279262 -18.909620 0.625123 0.386608 0.191772 0.650368
1139.000000 -2.496822 27.341937 -18.876950 0.625306 0.383205 0.195343 0.651143
1140.000000 -2.250264 27.343998 -18.938150 0.624062 0.378951 0.199441 0.653580
1141.000000 -1.983285 27.285108 -19.085721 0.621619 0.374655 0.203293 0.657188
1142.000000 -1.716945 27.172003 -19.305107 0.618226 0.370664 0.206595 0.661607
1143.000000 -1.458477 27.015689 -19.577432 0.614141 0.367054 0.209317 0.666550
1144.000000 -1.215433 26.827403 -19.884340 0.609623 0.363899 0.211437 0.671738
1145.000000 -0.995972 26.618852 -20.208217 0.604934 0.361280 0.212937 0.676897
1146.000000 -0.809363 26.402407 -20.532230 0.600340 0.359287 0.213803 0.681757
1147.000000 -0.666194 26.191115 -20.840236 0.596110 0.358013 0.214023 0.686057
1148.000000 -0.577856 25.998779 -21.116543 0.592512 0.357554 0.213603 0.689535
1149.000000 -0.533847 25.840241 -21.345751 0.589704 0.357641 0.212877 0.692117
1150.000000 -0.492936 25.731248 -21.512414 0.587697 0.357514 0.212605 0.693970
1151.000000 -0.543496 25.771059 -21.498137 0.588530 0.358118 0.212358 0.693028
1152.000000 -0.755103 25.999756 -21.249636 0.593220 0.360388 0.211448 0.688114
1153.000000 -1.062693 26.345144 -20.842210 0.600310 0.363633 0.210163 0.680610
1154.000000 -1.407043 26.741423 -20.346768 0.608488 0.367230 0.208749 0.671795
1155.000000 -1.734552 27.128459 -19.838825 0.616522 0.370607 0.207448 0.662960
1156.000000 -1.991891 27.447311 -19.406176 0.623169 0.373200 0.206544 0.655532
1157.000000 -2.122779 27.639414 -19.150395 0.627127 0.374384 0.206349 0.651129
1158.000000 -2.069647 27.645652 -19.178026 0.627024 0.373489 0.207215 0.651467
1159.000000 -1.777691 27.406438 -19.576457 0.621546 0.369917 0.209458 0.658004
1160.000000 -1.403519 27.041725 -20.135701 0.613549 0.365653 0.211900 0.667048
1161.000000 -1.163240 26.768391 -20.542358 0.607807 0.363138 0.213166 0.673247
1162.000000 -0.952021 26.528638 -20.893344 0.602803 0.360932 0.214229 0.678574
1163.000000 -0.786730 26.339486 -21.172706 0.598869 0.359205 0.214980 0.682723
1164.000000 -0.680146 26.211052 -21.373899 0.596171 0.358083 0.215388 0.685540
1165.000000 -0.643439 26.150160 -21.489997 0.594863 0.357715 0.215443 0.686850
1166.000000 -0.686894 26.165658 -21.506596 0.595230 0.358280 0.215061 0.686357
1167.000000 -0.830937 26.279189 -21.396518 0.597740 0.360001 0.214050 0.683585
1168.000000 -1.102428 26.515153 -21.122951 0.602909 0.363184 0.212224 0.677908
1169.000000 -1.514330 26.882669 -20.658187 0.610941 0.367991 0.209507 0.668910
1170.000000 -1.843347 27.180216 -20.268694 0.617466 0.371838 0.207368 0.661415
1171.000000 -1.812333 27.188423 -20.291291 0.617539 0.371345 0.207806 0.661487
1172.000000 -1.709961 27.196065 -20.321480 0.617229 0.369690 0.209310 0.662229
1173.000000 -1.624295 27.189609 -20.370193 0.616726 0.368356 0.210490 0.663066
1174.000000 -1.567965 27.172727 -20.432441 0.616140 0.367520 0.211201 0.663848
1175.000000 -1.555272 27.169003 -20.476760 0.615921 0.367284 0.211432 0.664109
1176.000000 -1.596151 27.197515 -20.475726 0.616454 0.367719 0.211198 0.663447
1177.000000 -1.698146 27.273991 -20.401985 0.618117 0.368907 0.210523 0.661452
1178.000000 -1.870961 27.421084 -20.222603 0.621345 0.370916 0.209363 0.657661
1179.000000 -2.127809 27.661918 -19.898734 0.626605 0.373852 0.207664 0.651518
1180.000000 -2.480357 28.013716 -19.390487 0.634263 0.377821 0.205415 0.642469
1181.000000 -2.859186 28.377391 -18.832582 0.642332 0.382197 0.202834 0.632608
1182.000000 -3.169506 28.522384 -18.593929 0.646420 0.386638 0.199107 0.626904
1183.000000 -3.218783 28.521134 -18.619404 0.646729 0.387518 0.198114 0.626357
1184.000000 -3.106977 28.445103 -18.786546 0.644942 0.386093 0.199078 0.628768
1185.000000 -2.968526 28.342633 -18.996049 0.642538 0.384338 0.200319 0.631903
1186.000000 -2.846584 28.233780 -19.210138 0.640083 0.382871 0.201294 0.634968
1187.000000 -2.747891 28.127391 -19.414728 0.637797 0.381805 0.201879 0.637718
1188.000000 -2.685478 28.031923 -19.596800 0.635883 0.381261 0.201973 0.639922
1189.000000 -2.670235 27.955462 -19.743590 0.634533 0.381378 0.201490 0.641343
1190.000000 -2.712868 27.906626 -19.841590 0.633947 0.382302 0.200338 0.641732
1191.000000 -2.801721 27.896430 -19.877479 0.634233 0.383789 0.198811 0.641037
1192.000000 -2.797848 27.935231 -19.856806 0.634842 0.383538 0.199262 0.640445
1193.000000 -2.877232 28.033215 -19.740042 0.636835 0.384343 0.198928 0.638083
1194.000000 -2.988266 28.170672 -19.560223 0.639630 0.385461 0.198466 0.634748
1195.000000 -3.061606 28.279379 -19.425292 0.641769 0.386110 0.198336 0.632230
1196.000000 -3.124756 28.315444 -19.397084 0.642672 0.386956 0.197651 0.631009
1197.000000 -3.181496 28.318316 -19.418207 0.642999 0.387859 0.196742 0.630405
1198.000000 -3.210274 28.294808 -19.481755 0.642764 0.388432 0.196034 0.630512
1199.000000 -3.217673 28.254655 -19.571791 0.642162 0.388733 0.195527 0.631097
1200.000000 -3.222777 28.213105 -19.663676 0.641530 0.389006 0.195046 0.631720
1201.000000 -3.240972 28.181847 -19.739149 0.641124 0.389456 0.194435 0.632044
1202.000000 -3.271022 28.152397 -19.809950 0.640806 0.390096 0.193641 0.632216
1203.000000 -3.306794 28.111042 -19.896678 0.640323 0.390881 0.192640 0.632525
1204.000000 -3.340255 28.046160 -20.016693 0.639454 0.391735 0.191454 0.633236
1205.000000 -3.335170 27.997853 -20.119391 0.638662 0.391892 0.191056 0.634058
1206.000000 -3.255178 28.007919 -20.152928 0.638431 0.390585 0.192428 0.634681
1207.000000 -3.131427 28.028269 -20.178679 0.638150 0.388540 0.194586 0.635561
1208.000000 -3.022771 28.042203 -20.210184 0.637842 0.386763 0.196429 0.636387
1209.000000 -2.956496 28.033791 -20.265630 0.637390 0.385760 0.197384 0.637152
1210.000000 -2.931568 28.001446 -20.347420 0.636768 0.385519 0.197469 0.637893
1211.000000 -2.942295 27.949231 -20.450594 0.636013 0.385927 0.196817 0.638600
1212.000000 -2.982699 27.881463 -20.570004 0.635163 0.386868 0.195561 0.639263
1213.000000 -3.047021 27.802492 -20.700446 0.634253 0.388229 0.193832 0.639868
1214.000000 -3.129562 27.716671 -20.836736 0.633316 0.389898 0.191766 0.640403
1215.000000 -3.224519 27.628268 -20.973652 0.632391 0.391760 0.189496 0.640857
1216.000000 -3.322076 27.550409 -21.095202 0.631634 0.393603 0.187295 0.641121
1217.000000 -3.409556 27.513295 -21.164372 0.631449 0.395103 0.185629 0.640865
1218.000000 -3.475404 27.545994 -21.145910 0.632222 0.395965 0.184943 0.639768
1219.000000 -3.514489 27.644331 -21.045607 0.633871 0.396132 0.185278 0.637934
1220.000000 -3.538744 27.769244 -20.911262 0.635863 0.395951 0.186091 0.635823
1221.000000 -3.564134 27.877562 -20.796826 0.637618 0.395853 0.186735 0.633935
1222.000000 -3.597434 27.948804 -20.729089 0.638855 0.396035 0.186909 0.632523
1223.000000 -3.637638 27.981498 -20.710806 0.639548 0.396492 0.186613 0.631624
1224.000000 -3.683546 27.975006 -20.743725 0.639676 0.397209 0.185854 0.631267
1225.000000 -3.734145 27.928574 -20.829442 0.639217 0.398176 0.184640 0.631480
1226.000000 -3.786600 27.840681 -20.970229 0.638130 0.399352 0.183005 0.632311
1227.000000 -3.830335 27.707699 -21.171353 0.636322 0.400586 0.181085 0.633903
1228.000000 -3.852104 27.528238 -21.434347 0.633732 0.401675 0.179074 0.636375
1229.000000 -3.834977 27.329828 -21.724122 0.630717 0.402248 0.177483 0.639446
1230.000000 -3.765178 27.151976 -21.992528 0.627810 0.401952 0.176867 0.642656
1231.000000 -3.644698 27.021426 -22.207350 0.625408 0.400725 0.177409 0.645609
1232.000000 -3.488173 26.939747 -22.365812 0.623583 0.398786 0.178881 0.648163
1233.000000 -3.319001 26.888148 -22.487771 0.622153 0.396548 0.180769 0.650383
1234.000000 -3.155470 26.853222 -22.586984 0.620992 0.394327 0.182706 0.652299
1235.000000 -3.010425 26.827418 -22.671100 0.620039 0.392334 0.184460 0.653911
1236.000000 -2.896118 26.803528 -22.747743 0.619238 0.390775 0.185809 0.655221
1237.000000 -2.824575 26.774327 -22.824622 0.618536 0.389855 0.186525 0.656228
1238.000000 -2.807895 26.732494 -22.909344 0.617877 0.389779 0.186382 0.656934
1239.000000 -2.858560 26.670474 -23.009141 0.617203 0.390752 0.185153 0.657336
1240.000000 -2.983750 26.585270 -23.125692 0.616498 0.392876 0.182727 0.657411
1241.000000 -3.174111 26.487750 -23.246144 0.615870 0.395956 0.179334 0.657086
1242.000000 -3.403963 26.384095 -23.365422 0.615292 0.399590 0.175386 0.656493
1243.000000 -3.624532 26.267350 -23.497616 0.614472 0.403109 0.171493 0.656138
1244.000000 -3.790146 26.121852 -23.667194 0.613028 0.405934 0.168132 0.656617
1245.000000 -3.859656 25.925191 -23.904947 0.610529 0.407581 0.165635 0.658557
1246.000000 -3.813694 25.668464 -24.220906 0.606820 0.407830 0.164143 0.662194
1247.000000 -3.665193 25.362912 -24.596114 0.602131 0.406840 0.163547 0.667212
1248.000000 -3.429727 25.021863 -25.009144 0.596715 0.404791 0.163722 0.673253
1249.000000 -3.123039 24.659446 -25.439028 0.590826 0.401864 0.164543 0.679968
1250.000000 -2.761980 24.290842 -25.865769 0.584724 0.398242 0.165888 0.687010
1251.000000 -2.365313 23.932343 -26.270594 0.578682 0.394130 0.167641 0.694036
1252.000000 -1.968662 23.609476 -26.627877 0.573144 0.389921 0.169584 0.700506
1253.000000 -1.627486 23.359847 -26.904651 0.568775 0.386224 0.171390 0.705657
1254.000000 -1.335417 23.196286 -27.096596 0.565698 0.382908 0.173264 0.709470
1255.000000 -1.120712 23.093524 -27.228706 0.563649 0.380417 0.174782 0.712063
1256.000000 -1.159327 23.049805 -27.298698 0.563181 0.381052 0.174106 0.712259
1257.000000 -1.372488 23.190190 -27.203977 0.565653 0.383377 0.172966 0.709325
1258.000000 -1.717772 23.487097 -26.962381 0.570567 0.386929 0.171597 0.703771
1259.000000 -2.157352 23.899072 -26.600072 0.577277 0.391342 0.170076 0.696188
1260.000000 -2.652934 24.385092 -26.144647 0.585141 0.396253 0.168475 0.687175
1261.000000 -3.165165 24.905093 -25.627470 0.593545 0.401307 0.166870 0.677356
1262.000000 -3.658751 25.419720 -25.084934 0.601905 0.406157 0.165333 0.667392
1263.000000 -4.108279 25.897573 -24.554363 0.609737 0.410571 0.163881 0.657872
1264.000000 -4.552316 26.333203 -24.040183 0.617082 0.415083 0.161998 0.648592
1265.000000 -4.996348 26.753970 -23.514143 0.624309 0.419680 0.159855 0.639182
1266.000000 -5.294951 27.152440 -23.019252 0.630822 0.422404 0.159326 0.631074
1267.000000 -5.498935 27.397338 -22.711773 0.634948 0.424371 0.158657 0.625762
1268.000000 -5.622235 27.499003 -22.591159 0.636828 0.425731 0.157778 0.623145
1269.000000 -5.674250 27.481443 -22.632455 0.636804 0.426520 0.156809 0.622875
1270.000000 -5.662629 27.366235 -22.807520 0.635203 0.426763 0.155863 0.624577
1271.000000 -5.593521 27.173734 -23.086618 0.632345 0.426474 0.155051 0.627869
1272.000000 -5.471931 26.924139 -23.439528 0.628544 0.425654 0.154474 0.632367
1273.000000 -5.302131 26.638141 -23.836352 0.624123 0.424303 0.154228 0.637692
1274.000000 -5.088749 26.337427 -24.248036 0.619404 0.422422 0.154412 0.643471
1275.000000 -4.837234 26.045024 -24.646697 0.614718 0.420020 0.155125 0.649339
1276.000000 -4.559118 25.782780 -25.007402 0.610383 0.417190 0.156381 0.654927
1277.000000 -4.274490 25.567962 -25.310930 0.606678 0.414144 0.158057 0.659882
1278.000000 -4.000767 25.402986 -25.555083 0.603676 0.411100 0.159958 0.664067
1279.000000 -3.753692 25.282165 -25.746063 0.601340 0.408274 0.161862 0.667460
1280.000000 -3.549224 25.199188 -25.890300 0.599631 0.405887 0.163549 0.670037
1281.000000 -3.403164 25.147376 -25.994276 0.598509 0.404159 0.164800 0.671776
1282.000000 -3.330761 25.119858 -26.064297 0.597934 0.403305 0.165392 0.672655
1283.000000 -3.346667 25.109620 -26.106181 0.597865 0.403536 0.165098 0.672650
1284.000000 -3.465619 25.109487 -26.124847 0.598253 0.405061 0.163695 0.671731
1285.000000 -3.684431 25.099007 -26.139022 0.598805 0.407895 0.161092 0.670152
1286.000000 -3.927029 25.013033 -26.220010 0.598433 0.411250 0.157681 0.669244
1287.000000 -4.090576 24.778236 -26.450816 0.595917 0.414018 0.154040 0.670629
1288.000000 -4.114579 24.366621 -26.859859 0.590792 0.415498 0.150598 0.675016
1289.000000 -4.046410 23.858105 -27.355115 0.584258 0.416055 0.147451 0.681028
1290.000000 -3.949222 23.351309 -27.834883 0.577739 0.416213 0.144665 0.687064
1291.000000 -3.889826 22.954369 -28.203724 0.572723 0.416521 0.142320 0.691551
1292.000000 -3.922658 22.759933 -28.390183 0.570437 0.417418 0.140514 0.693267
1293.000000 -3.979991 22.690161 -28.473786 0.569707 0.418280 0.139395 0.693574
1294.000000 -3.967165 22.630576 -28.559691 0.568903 0.418250 0.139090 0.694313
1295.000000 -3.882164 22.579172 -28.648574 0.568015 0.417322 0.139595 0.695496
1296.000000 -3.808041 22.599923 -28.677501 0.568041 0.416359 0.140542 0.695861
1297.000000 -3.845137 22.769969 -28.571088 0.570185 0.416393 0.141469 0.693896
1298.000000 -4.043908 23.114337 -28.297943 0.574883 0.417961 0.142023 0.688946
1299.000000 -4.338841 23.536925 -27.935982 0.580791 0.420496 0.142174 0.682386
1300.000000 -4.650938 23.930371 -27.582154 0.586396 0.423310 0.141940 0.675871
1301.000000 -4.903474 24.193734 -27.341025 0.590268 0.425727 0.141315 0.671096
1302.000000 -5.036324 24.248479 -27.302174 0.591292 0.427215 0.140284 0.669464
1303.000000 -5.092768 24.180870 -27.385529 0.590627 0.428078 0.139091 0.669748
1304.000000 -5.073153 24.137485 -27.461348 0.590063 0.427948 0.138918 0.670364
1305.000000 -4.973570 24.140401 -27.511002 0.589851 0.426728 0.139989 0.671106
1306.000000 -4.905077 24.139082 -27.558535 0.589659 0.425902 0.140705 0.671649
1307.000000 -4.864712 24.133678 -27.604588 0.589487 0.425434 0.141083 0.672017
1308.000000 -4.846629 24.125742 -27.648909 0.589342 0.425245 0.141201 0.672239
1309.000000 -4.845909 24.116425 -27.691144 0.589227 0.425258 0.141138 0.672345
1310.000000 -4.856631 24.107289 -27.730924 0.589146 0.425396 0.140969 0.672363
1311.000000 -4.871216 24.100638 -27.767917 0.589106 0.425579 0.140772 0.672324
1312.000000 -4.883544 24.098133 -27.801771 0.589111 0.425728 0.140622 0.672257
1313.000000 -4.904682 24.093367 -27.836094 0.589112 0.425993 0.140351 0.672144
1314.000000 -5.012127 24.048905 -27.889352 0.588850 0.427401 0.138859 0.671790
1315.000000 -5.215501 23.957994 -27.964239 0.588261 0.430072 0.136008 0.671185
1316.000000 -5.391285 23.864007 -28.045186 0.587557 0.432406 0.133438 0.670818
1317.000000 -5.512669 23.716704 -28.180248 0.586082 0.434203 0.131043 0.671419
1318.000000 -5.555811 23.475559 -28.406734 0.583314 0.435272 0.128755 0.673577
1319.000000 -5.527618 23.236364 -28.641686 0.580420 0.435478 0.127232 0.676227
1320.000000 -5.445668 23.051137 -28.839924 0.578057 0.434927 0.126675 0.678706
1321.000000 -5.327384 22.915031 -29.003511 0.576200 0.433842 0.126849 0.680943
1322.000000 -5.190822 22.822602 -29.134861 0.574814 0.432448 0.127518 0.682874
1323.000000 -5.055803 22.758921 -29.243185 0.573759 0.431010 0.128362 0.684510
1324.000000 -4.944989 22.690684 -29.350001 0.572707 0.429862 0.128926 0.686005
1325.000000 -4.881559 22.582926 -29.478045 0.571305 0.429352 0.128747 0.687526
1326.000000 -4.861579 22.438460 -29.625446 0.569581 0.429424 0.127890 0.689070
1327.000000 -4.828423 22.370456 -29.715867 0.568724 0.429175 0.127727 0.689962
1328.000000 -4.797305 22.432070 -29.707891 0.569381 0.428674 0.128480 0.689592
1329.000000 -4.776481 22.514438 -29.682432 0.570299 0.428252 0.129278 0.688946
1330.000000 -4.763175 22.556893 -29.686183 0.570764 0.428012 0.129704 0.688630
1331.000000 -4.755701 22.558266 -29.720548 0.570760 0.427937 0.129769 0.688668
1332.000000 -4.753179 22.517291 -29.786184 0.570276 0.428006 0.129488 0.689078
1333.000000 -4.752426 22.442367 -29.876838 0.569407 0.428162 0.128956 0.689800
1334.000000 -4.747347 22.358758 -29.974192 0.568431 0.428279 0.128411 0.690632
1335.000000 -4.731543 22.293785 -30.058899 0.567650 0.428229 0.128107 0.691362
1336.000000 -4.722168 22.248078 -30.128047 0.567106 0.428211 0.127882 0.691861
1337.000000 -4.697656 22.168936 -30.223957 0.566147 0.428090 0.127562 0.692780
1338.000000 -4.643278 22.055064 -30.349302 0.564731 0.427702 0.127273 0.694227
1339.000000 -4.579123 21.920696 -30.489961 0.563064 0.427251 0.126924 0.695921
1340.000000 -4.525557 21.780232 -30.632185 0.561354 0.426939 0.126429 0.697582
1341.000000 -4.503356 21.648335 -30.762613 0.559810 0.426973 0.125698 0.698933
1342.000000 -4.534898 21.539808 -30.868105 0.558642 0.427559 0.124647 0.699696
1343.000000 -4.633714 21.468207 -30.937532 0.558028 0.428818 0.123250 0.699663
1344.000000 -4.760963 21.437911 -30.973590 0.557932 0.430306 0.121899 0.699063
1345.000000 -4.856812 21.449621 -30.984994 0.558239 0.431351 0.121145 0.698304
1346.000000 -4.869012 21.502573 -30.980675 0.558846 0.431375 0.121436 0.697754
1347.000000 -4.748395 21.422084 -31.089061 0.557700 0.430172 0.121970 0.699318
1348.000000 -4.488971 21.103883 -31.377563 0.553632 0.427887 0.122072 0.703920
1349.000000 -4.379018 20.848150 -31.596429 0.550574 0.427166 0.121276 0.706887
1350.000000 -4.468402 20.688923 -31.721150 0.548996 0.428483 0.119384 0.707639
1351.000000 -4.685794 20.528447 -31.826621 0.547645 0.431211 0.116388 0.707528
1352.000000 -4.952750 20.334335 -31.944639 0.545977 0.434509 0.112772 0.707385
1353.000000 -5.193371 20.128071 -32.072733 0.544080 0.437491 0.109337 0.707548
1354.000000 -5.381080 19.938840 -32.195056 0.542286 0.439849 0.106480 0.707899
1355.000000 -5.512037 19.804818 -32.289864 0.541022 0.441497 0.104474 0.708139
1356.000000 -5.398137 19.748571 -32.377635 0.540205 0.440351 0.105081 0.709385
1357.000000 -5.250872 19.884392 -32.352887 0.541436 0.438541 0.107258 0.709242
1358.000000 -5.548634 20.243293 -32.113677 0.545868 0.441236 0.107161 0.704171
1359.000000 -5.733298 20.480520 -31.964089 0.548772 0.442891 0.107213 0.700859
1360.000000 -5.759484 20.568022 -31.936028 0.549781 0.443050 0.107579 0.699911
1361.000000 -5.706040 20.607756 -31.953288 0.550141 0.442382 0.108315 0.699936
1362.000000 -5.656202 20.636108 -31.977331 0.550381 0.441748 0.108959 0.700048
1363.000000 -5.691593 20.636212 -32.004573 0.550454 0.442121 0.108660 0.699802
1364.000000 -5.898398 20.588937 -32.031560 0.550287 0.444444 0.106568 0.698783
1365.000000 -6.244354 20.503967 -32.054742 0.549924 0.448337 0.103017 0.697112
1366.000000 -6.553466 20.406734 -32.089457 0.549353 0.451837 0.099682 0.695786
1367.000000 -6.830607 20.326314 -32.117070 0.548905 0.454960 0.096723 0.694521
1368.000000 -6.739197 20.307975 -32.182158 0.548560 0.454017 0.097366 0.695321
1369.000000 -6.606425 20.354856 -32.213987 0.548856 0.452551 0.098803 0.695840
1370.000000 -6.497342 20.439656 -32.215759 0.549603 0.451293 0.100290 0.695855
1371.000000 -6.480776 20.534554 -32.192132 0.550605 0.450980 0.101085 0.695149
1372.000000 -6.556138 20.621485 -32.155140 0.551665 0.451642 0.101064 0.693882
1373.000000 -6.631738 20.695545 -32.126225 0.552585 0.452307 0.100966 0.692729
1374.000000 -6.610530 20.752865 -32.127966 0.553176 0.451947 0.101572 0.692404
1375.000000 -6.514102 20.758245 -32.178468 0.553095 0.450865 0.102430 0.693047
1376.000000 -6.696951 20.677673 -32.226865 0.552527 0.452942 0.100278 0.692460
1377.000000 -7.052586 20.547323 -32.268167 0.551683 0.456959 0.096276 0.691061
1378.000000 -7.490647 20.380255 -32.309029 0.550546 0.461898 0.091298 0.689358
1379.000000 -7.960457 20.183462 -32.353792 0.549105 0.467190 0.085839 0.687641
1380.000000 -8.400002 19.968319 -32.409749 0.547393 0.472147 0.080525 0.686261
1381.000000 -8.711029 19.759095 -32.489558 0.545556 0.475700 0.076376 0.685744
1382.000000 -8.852307 19.573361 -32.597608 0.543755 0.477406 0.073859 0.686265
1383.000000 -8.872189 19.416087 -32.720184 0.542115 0.477786 0.072580 0.687433
1384.000000 -8.826393 19.291280 -32.840407 0.540748 0.477435 0.072078 0.688805
1385.000000 -8.771454 19.202828 -32.941066 0.539755 0.476951 0.071902 0.689936
1386.000000 -8.764873 19.154417 -33.005175 0.539238 0.476933 0.071606 0.690384
1387.000000 -8.855965 19.142595 -33.021915 0.539211 0.477897 0.070768 0.689825
1388.000000 -9.021153 19.153118 -33.005258 0.539493 0.479611 0.069489 0.688543
1389.000000 -9.198511 19.173918 -32.978323 0.539890 0.481440 0.068191 0.687083
1390.000000 -9.340291 19.188045 -32.964257 0.540180 0.482904 0.067137 0.685931
1391.000000 -9.481588 19.200039 -32.950768 0.540447 0.484363 0.066072 0.684794
1392.000000 -9.664295 19.239225 -32.908471 0.541040 0.486223 0.064864 0.683122
1393.000000 -9.846494 19.296012 -32.854833 0.541812 0.488057 0.063787 0.681301
1394.000000 -9.983556 19.359347 -32.810013 0.542604 0.489414 0.063129 0.679757
1395.000000 -10.030584 19.418416 -32.794907 0.543261 0.489840 0.063176 0.678921
1396.000000 -9.941113 19.462257 -32.830442 0.543630 0.488869 0.064219 0.679228
1397.000000 -9.668635 19.487595 -32.930730 0.543631 0.486030 0.066606 0.681032
1398.000000 -9.172273 19.512178 -33.091672 0.543385 0.480881 0.070802 0.684452
1399.000000 -8.472691 19.562385 -33.281727 0.543145 0.473600 0.076816 0.689055
1400.000000 -7.658268 19.671005 -33.448274 0.543306 0.465044 0.084145 0.693882
1401.000000 -6.775598 19.836255 -33.574515 0.543875 0.455669 0.092389 0.698592
1402.000000 -5.872439 20.028407 -33.664189 0.544588 0.445983 0.100955 0.703086
1403.000000 -5.085764 20.256668 -33.689640 0.545755 0.437388 0.108806 0.706403
1404.000000 -4.552253 20.470251 -33.671116 0.547107 0.431410 0.114527 0.708127
1405.000000 -4.304807 20.601498 -33.658002 0.548042 0.428552 0.117433 0.708662
1406.000000 -4.279034 20.675602 -33.650162 0.548753 0.428122 0.118189 0.708246
1407.000000 -4.411905 20.721051 -33.639084 0.549450 0.429414 0.117456 0.707045
1408.000000 -4.638162 20.765634 -33.614720 0.550316 0.431695 0.115913 0.705234
1409.000000 -4.823806 20.833073 -33.580228 0.551363 0.433527 0.114795 0.703474
1410.000000 -4.765354 20.942131 -33.554429 0.552426 0.432751 0.115914 0.702934
1411.000000 -4.336318 21.095855 -33.550263 0.553301 0.428020 0.120351 0.704395
1412.000000 -3.620486 21.254843 -33.568855 0.553673 0.420240 0.127165 0.707583
1413.000000 -2.724304 21.373804 -33.612039 0.553195 0.410578 0.135202 0.712125
1414.000000 -1.761810 21.468033 -33.650115 0.552206 0.400181 0.143639 0.717141
1415.000000 -0.973859 21.567292 -33.652363 0.551541 0.391542 0.150689 0.720965
1416.000000 -0.595335 21.624958 -33.657614 0.551302 0.387307 0.154154 0.722700
1417.000000 -0.633601 21.628328 -33.687969 0.551449 0.387636 0.153858 0.722475
1418.000000 -1.076281 21.569136 -33.747718 0.551868 0.392419 0.149823 0.720418
1419.000000 -1.939498 21.435059 -33.827470 0.552379 0.401807 0.141859 0.716453
1420.000000 -3.261002 21.209485 -33.900941 0.552712 0.416132 0.129593 0.710316
1421.000000 -4.991289 20.891340 -33.920858 0.552537 0.434711 0.113401 0.702047
1422.000000 -6.810987 20.530413 -33.857666 0.551669 0.454011 0.096097 0.693037
1423.000000 -8.149577 20.202036 -33.792654 0.550113 0.468128 0.082855 0.686562
1424.000000 -8.566734 19.996942 -33.844904 0.548499 0.472665 0.078090 0.685302
1425.000000 -8.554469 19.975219 -33.894401 0.548217 0.472641 0.078138 0.685539
1426.000000 -8.417470 20.049263 -33.918716 0.548774 0.471236 0.079801 0.685868
1427.000000 -8.602762 20.075052 -33.890901 0.549252 0.473117 0.078421 0.684348
1428.000000 -8.562001 20.111909 -33.913751 0.549587 0.472648 0.078956 0.684342
1429.000000 -7.902484 20.239164 -34.032802 0.550078 0.465749 0.085208 0.687918
1430.000000 -6.951867 20.415963 -34.168899 0.550628 0.455807 0.094129 0.692956
1431.000000 -6.037151 20.603919 -34.263514 0.551245 0.446205 0.102724 0.697479
1432.000000 -5.508188 20.762769 -34.289395 0.552080 0.440612 0.107908 0.699589
1433.000000 -5.908617 20.833776 -34.212457 0.553414 0.444642 0.105129 0.696401
1434.000000 -7.189738 20.777157 -34.035109 0.554668 0.457736 0.094483 0.688400
1435.000000 -8.110935 20.615106 -33.961091 0.554250 0.467213 0.085907 0.683476
1436.000000 -8.321598 20.460629 -34.038110 0.552973 0.469482 0.083114 0.683300
1437.000000 -7.807253 20.421641 -34.216983 0.551946 0.464357 0.087006 0.687137
1438.000000 -7.558354 20.401147 -34.317950 0.551433 0.461921 0.088808 0.688958
1439.000000 -7.922542 20.321323 -34.315922 0.551107 0.465720 0.085271 0.687106
1440.000000 -8.368511 20.219807 -34.303809 0.550634 0.470305 0.080987 0.684877
1441.000000 -8.734391 20.085523 -34.326123 0.549711 0.474076 0.077167 0.683458
1442.000000 -8.870337 19.909134 -34.428564 0.548102 0.475590 0.074905 0.683950
1443.000000 -8.606038 19.736448 -34.628440 0.546093 0.473158 0.075839 0.687134
1444.000000 -8.245456 19.609421 -34.821237 0.544429 0.469744 0.077823 0.690565
1445.000000 -8.303955 19.548877 -34.874957 0.543903 0.470396 0.076941 0.690635
1446.000000 -8.652811 19.560468 -34.817554 0.544405 0.473830 0.074268 0.688181
1447.000000 -8.870788 19.604596 -34.772207 0.545065 0.475934 0.072858 0.686354
1448.000000 -8.558118 19.637501 -34.866433 0.545044 0.472819 0.075527 0.688234
1449.000000 -7.952029 19.603827 -35.062665 0.544028 0.466883 0.080011 0.692569
1450.000000 -8.052500 19.589140 -35.081673 0.543997 0.467903 0.079127 0.692007
1451.000000 -8.561584 19.617427 -34.978566 0.544847 0.472889 0.075357 0.688360
1452.000000 -8.896548 19.662256 -34.903366 0.545653 0.476122 0.073062 0.685736
1453.000000 -9.063726 19.695729 -34.875820 0.546158 0.477695 0.072011 0.684349
1454.000000 -9.165194 19.652678 -34.908591 0.545834 0.478689 0.070957 0.684023
1455.000000 -9.277037 19.489554 -35.003878 0.544351 0.479955 0.068965 0.684521
1456.000000 -9.447918 19.283446 -35.104784 0.542513 0.481860 0.066195 0.684915
1457.000000 -9.743106 19.156608 -35.126786 0.541558 0.484872 0.063007 0.683845
1458.000000 -10.224690 19.139253 -35.033143 0.541814 0.489573 0.059133 0.680632
1459.000000 -10.812435 19.211805 -34.850934 0.542985 0.495218 0.055092 0.675937
1460.000000 -10.817895 19.220108 -34.879457 0.543044 0.495267 0.055151 0.675849
1461.000000 -10.453144 19.125844 -35.076476 0.541824 0.491812 0.057330 0.679162
1462.000000 -10.161143 18.984393 -35.272396 0.540215 0.489106 0.058604 0.682282
1463.000000 -9.893094 18.846132 -35.455585 0.538660 0.486635 0.059719 0.685175
1464.000000 -9.604900 18.738852 -35.624426 0.537386 0.483950 0.061197 0.687942
1465.000000 -9.274035 18.668583 -35.781913 0.536426 0.480824 0.063227 0.690693
1466.000000 -8.937812 18.583349 -35.945186 0.535307 0.477662 0.065164 0.693570
1467.000000 -8.644224 18.451380 -36.118824 0.533763 0.474952 0.066457 0.696492
1468.000000 -8.431074 18.331865 -36.264386 0.532408 0.473002 0.067234 0.698778
1469.000000 -8.256389 18.252979 -36.378958 0.531476 0.471384 0.067995 0.700505
1470.000000 -8.035622 18.216175 -36.481439 0.530903 0.469284 0.069368 0.702213
1471.000000 -7.687341 18.224419 -36.586740 0.530636 0.465918 0.071958 0.704392
1472.000000 -7.248879 18.263441 -36.690716 0.530567 0.461659 0.075386 0.706885
1473.000000 -6.782360 18.292699 -36.798668 0.530363 0.457145 0.078943 0.709579
1474.000000 -6.293287 18.291112 -36.919240 0.529817 0.452449 0.082467 0.712589
1475.000000 -5.786553 18.237623 -37.061416 0.528725 0.447638 0.085797 0.716037
1476.000000 -5.266403 18.110660 -37.234282 0.526881 0.442772 0.088769 0.720048
1477.000000 -4.736516 17.887673 -37.446538 0.524078 0.437916 0.091216 0.724743
1478.000000 -4.193688 17.558695 -37.700312 0.520218 0.433057 0.093108 0.730182
1479.000000 -3.662956 17.191167 -37.958488 0.515986 0.428361 0.094681 0.735731
1480.000000 -3.201397 16.886950 -38.170632 0.512444 0.424259 0.096124 0.740382
1481.000000 -2.868780 16.739870 -38.296117 0.510588 0.421209 0.097542 0.743215
1482.000000 -2.703627 16.741664 -38.341772 0.510395 0.419596 0.098627 0.744116
1483.000000 -2.710866 16.820784 -38.341044 0.511176 0.419561 0.098972 0.743553
1484.000000 -2.855703 16.908105 -38.326412 0.512209 0.420855 0.098457 0.742179
1485.000000 -3.064104 16.974278 -38.315122 0.513113 0.422790 0.097421 0.740590
1486.000000 -3.270743 17.022070 -38.310551 0.513841 0.424723 0.096305 0.739124
1487.000000 -3.411287 17.055866 -38.316730 0.514357 0.426029 0.095550 0.738110
1488.000000 -3.476940 17.064326 -38.340476 0.514540 0.426644 0.095142 0.737680
1489.000000 -3.568150 16.999593 -38.394409 0.514050 0.427596 0.094145 0.737598
1490.000000 -3.773466 16.816604 -38.489098 0.512554 0.429786 0.091734 0.737671
1491.000000 -4.089463 16.505943 -38.625099 0.509953 0.433168 0.087891 0.737962
1492.000000 -4.442204 16.131671 -38.778117 0.506778 0.436939 0.083460 0.738441
1493.000000 -4.730086 15.793680 -38.917159 0.503870 0.440020 0.079669 0.739020
1494.000000 -4.888732 15.589086 -39.014150 0.502085 0.441727 0.077488 0.739448
1495.000000 -4.918417 15.552905 -39.059058 0.501758 0.442053 0.077104 0.739516
1496.000000 -4.891724 15.617911 -39.070674 0.502332 0.441751 0.077647 0.739249
1497.000000 -4.896116 15.702245 -39.070467 0.503128 0.441721 0.078078 0.738680
1498.000000 -4.960202 15.741624 -39.080564 0.503569 0.442293 0.077853 0.738060
1499.000000 -4.846521 15.782088 -39.112327 0.503853 0.441176 0.078777 0.738438
1500.000000 -4.287104 15.902704 -39.162364 0.504431 0.435758 0.083042 0.740789
1501.000000 -3.415339 16.077327 -39.210290 0.505138 0.427301 0.089620 0.744458
1502.000000 -2.462052 16.253603 -39.242688 0.505698 0.418024 0.096695 0.748449
1503.000000 -1.660629 16.378357 -39.266848 0.505888 0.410220 0.102471 0.751862
1504.000000 -1.248653 16.397192 -39.308381 0.505525 0.406260 0.105195 0.753878
1505.000000 -1.288316 16.285077 -39.387777 0.504488 0.406782 0.104390 0.754402
1506.000000 -1.580705 16.095891 -39.488818 0.503049 0.409795 0.101583 0.754116
1507.000000 -1.903675 15.897755 -39.588640 0.501571 0.413084 0.098519 0.753713
1508.000000 -2.055766 15.749937 -39.673828 0.500363 0.414675 0.096782 0.753866
1509.000000 -2.048209 15.611699 -39.762431 0.499060 0.414757 0.096077 0.754775
1510.000000 -2.296876 15.421601 -39.856502 0.497583 0.417348 0.093459 0.754650
1511.000000 -3.780550 15.258555 -39.839736 0.497729 0.431523 0.083224 0.747748
1512.000000 -5.859854 15.131428 -39.670106 0.498562 0.451060 0.069421 0.736995
1513.000000 -7.611511 15.024953 -39.446806 0.498983 0.467347 0.057757 0.727507
1514.000000 -8.354161 14.938079 -39.364318 0.498682 0.474214 0.052599 0.723651
1515.000000 -8.138058 14.886351 -39.463974 0.498035 0.472226 0.053726 0.725311
1516.000000 -7.272697 14.879231 -39.667979 0.497350 0.464310 0.059110 0.730456
1517.000000 -6.076673 14.926233 -39.882533 0.496853 0.453326 0.066777 0.737003
1518.000000 -4.860806 15.038118 -40.038495 0.496835 0.442041 0.074874 0.743067
1519.000000 -3.936161 15.226171 -40.101455 0.497703 0.433285 0.081571 0.746928
1520.000000 -3.260469 15.478513 -40.098859 0.499360 0.426700 0.087090 0.748987
1521.000000 -1.894192 15.718513 -40.127382 0.500057 0.413574 0.096832 0.754667
1522.000000 -0.372471 15.916149 -40.126969 0.500005 0.398891 0.107285 0.761164
1523.000000 0.884727 15.988276 -40.125013 0.498955 0.386765 0.115460 0.766894
1524.000000 1.445403 15.969897 -40.150781 0.497944 0.381389 0.118903 0.769711
1525.000000 1.379945 15.879526 -40.223337 0.497161 0.382131 0.118119 0.769971
1526.000000 0.860804 15.732614 -40.329323 0.496515 0.387299 0.114221 0.768392
1527.000000 0.061994 15.547103 -40.443681 0.495884 0.395155 0.108376 0.765641
1528.000000 -0.856980 15.342688 -40.546270 0.495171 0.404101 0.101698 0.762342
1529.000000 -1.744077 15.137412 -40.628843 0.494332 0.412672 0.095229 0.759124
1530.000000 -2.447398 14.947771 -40.696873 0.493360 0.419451 0.089984 0.756677
1531.000000 -2.806129 14.785127 -40.767355 0.492222 0.422967 0.086993 0.755810
1532.000000 -2.800833 14.650161 -40.850689 0.490943 0.423071 0.086357 0.756656
1533.000000 -2.777296 14.588865 -40.908476 0.490334 0.422924 0.086199 0.757151
1534.000000 -2.801454 14.540874 -40.958063 0.489909 0.423200 0.085811 0.757316
1535.000000 -2.897920 14.534459 -40.987616 0.489950 0.424096 0.085203 0.756857
1536.000000 -3.090261 14.624111 -40.975443 0.490982 0.425773 0.084522 0.755321
1537.000000 -3.070746 14.626100 -41.009856 0.490987 0.425586 0.084660 0.755408
1538.000000 -3.061626 14.634406 -41.041315 0.491060 0.425490 0.084763 0.755403
1539.000000 -3.187023 14.690808 -41.045596 0.491707 0.426586 0.084304 0.754415
1540.000000 -3.422483 14.743622 -41.041746 0.492429 0.428699 0.083164 0.752871
1541.000000 -3.742143 14.745052 -41.047188 0.492763 0.431637 0.081248 0.751181
1542.000000 -4.106880 14.705697 -41.060774 0.492752 0.434999 0.078850 0.749502
1543.000000 -4.461898 14.674241 -41.069309 0.492795 0.438253 0.076552 0.747815
1544.000000 -4.753695 14.674748 -41.070420 0.493068 0.440902 0.074804 0.746253
1545.000000 -4.933668 14.627441 -41.099895 0.492805 0.442579 0.073471 0.745567
1546.000000 -4.989840 14.467272 -41.183432 0.491411 0.443234 0.072270 0.746215
1547.000000 -5.314685 14.450042 -41.182476 0.491547 0.446192 0.070227 0.744555
1548.000000 -5.690395 14.459630 -41.162627 0.491957 0.449581 0.068028 0.742447
1549.000000 -5.986877 14.418516 -41.168912 0.491829 0.452287 0.066031 0.741067
1550.000000 -6.222806 14.342068 -41.194805 0.491323 0.454468 0.064203 0.740229
1551.000000 -6.416601 14.245336 -41.233002 0.490594 0.456277 0.062516 0.739744
1552.000000 -6.586832 14.140759 -41.276359 0.489781 0.457876 0.060920 0.739427
1553.000000 -6.755324 14.036235 -41.318836 0.488970 0.459457 0.059333 0.739112
1554.000000 -6.944357 13.939021 -41.354312 0.488239 0.461214 0.057666 0.738633
1555.000000 -7.176281 13.856520 -41.376262 0.487668 0.463341 0.055831 0.737820
1556.000000 -7.436933 13.764522 -41.394716 0.487026 0.465725 0.053781 0.736894
1557.000000 -7.637686 13.598365 -41.446823 0.485679 0.467619 0.051672 0.736735
1558.000000 -7.767342 13.397696 -41.521818 0.483979 0.468896 0.049787 0.737172
1559.000000 -7.826181 13.216176 -41.602740 0.482404 0.469528 0.048425 0.737892
1560.000000 -7.814379 13.108055 -41.673107 0.481435 0.469490 0.047888 0.738584
1561.000000 -7.760318 13.033527 -41.740697 0.480737 0.469057 0.047780 0.739321
1562.000000 -7.712147 12.888338 -41.828872 0.479416 0.468716 0.047237 0.740429
1563.000000 -7.676449 12.706484 -41.925187 0.477781 0.468503 0.046418 0.741671
1564.000000 -7.658995 12.524649 -42.017067 0.476162 0.468447 0.045501 0.742804
1565.000000 -7.665549 12.379808 -42.092552 0.474892 0.468578 0.044659 0.743584
1566.000000 -7.702115 12.299914 -42.142972 0.474219 0.468935 0.044007 0.743828
1567.000000 -7.776752 12.271717 -42.171351 0.474020 0.469599 0.043414 0.743570
1568.000000 -7.952169 12.250278 -42.178885 0.473928 0.471149 0.042290 0.742713
1569.000000 -8.358764 12.147529 -42.164097 0.473220 0.474771 0.039424 0.741013
1570.000000 -8.878332 11.933068 -42.153315 0.471564 0.479424 0.035301 0.739279
1571.000000 -9.332740 11.680123 -42.160191 0.469526 0.483500 0.031318 0.738101
1572.000000 -9.534074 11.525624 -42.191776 0.468245 0.485313 0.029318 0.737807
1573.000000 -9.479904 11.441477 -42.260766 0.467485 0.484875 0.029158 0.738583
1574.000000 -9.267076 11.377863 -42.358624 0.466846 0.483060 0.029984 0.740141
1575.000000 -8.995430 11.283948 -42.475571 0.465923 0.480747 0.030942 0.742186
1576.000000 -8.747092 11.120891 -42.603740 0.464406 0.478657 0.031371 0.744466
1577.000000 -8.536213 10.896790 -42.737982 0.462373 0.476902 0.031262 0.746859
1578.000000 -8.305480 10.650949 -42.879258 0.460143 0.474967 0.031151 0.749469
1579.000000 -7.927446 10.467330 -43.030026 0.458398 0.471716 0.032186 0.752542
1580.000000 -7.527458 10.371762 -43.159136 0.457404 0.468242 0.033814 0.755240
1581.000000 -7.261336 10.369841 -43.239435 0.457275 0.465906 0.035223 0.756697
1582.000000 -7.268412 10.426546 -43.258875 0.457765 0.465942 0.035491 0.756366
1583.000000 -7.537075 10.528542 -43.222381 0.458754 0.468248 0.034620 0.754381
1584.000000 -7.951737 10.683757 -43.144033 0.460258 0.471806 0.033266 0.751302
1585.000000 -8.395402 10.900251 -43.039680 0.462301 0.475588 0.032089 0.747706
1586.000000 -8.771394 11.173100 -42.928412 0.464805 0.478754 0.031581 0.744146
1587.000000 -9.053320 11.450150 -42.830491 0.467312 0.481097 0.031602 0.741058
1588.000000 -9.230991 11.669159 -42.767089 0.469278 0.482554 0.031860 0.738853
1589.000000 -9.319567 11.837729 -42.735212 0.470776 0.483257 0.032318 0.737420
1590.000000 -9.349340 11.942213 -42.733348 0.471698 0.483475 0.032738 0.736669
1591.000000 -9.341519 11.924568 -42.773755 0.471550 0.483414 0.032675 0.736807
1592.000000 -9.322728 11.772515 -42.853803 0.470237 0.483309 0.031917 0.737747
1593.000000 -9.308886 11.514365 -42.960870 0.468010 0.483282 0.030535 0.739238
1594.000000 -9.310289 11.191751 -43.079765 0.465235 0.483400 0.028713 0.740983
1595.000000 -9.337173 10.846869 -43.196081 0.462281 0.483737 0.026634 0.742688
1596.000000 -9.399951 10.522827 -43.296557 0.459519 0.484367 0.024483 0.744064
1597.000000 -9.509150 10.263150 -43.369039 0.457320 0.485372 0.022446 0.744828
1598.000000 -9.675337 10.111117 -43.402041 0.456055 0.486834 0.020713 0.744699
1599.000000 -9.883519 10.037554 -43.406276 0.455468 0.488637 0.019204 0.743918
1600.000000 -10.104910 10.011482 -43.395391 0.455286 0.490541 0.017898 0.742808
1601.000000 -10.323069 10.041347 -43.371194 0.455577 0.492404 0.016928 0.741418
1602.000000 -10.523332 10.130855 -43.336263 0.456374 0.494101 0.016389 0.739810
1603.000000 -10.703212 10.253216 -43.297393 0.457448 0.495615 0.016144 0.738137
1604.000000 -10.861577 10.379867 -43.261668 0.458556 0.496942 0.016036 0.736558
1605.000000 -10.994669 10.490082 -43.235300 0.459521 0.498054 0.015967 0.735206
1606.000000 -11.098697 10.563436 -43.224680 0.460168 0.498925 0.015840 0.734213
1607.000000 -11.169869 10.579483 -43.236246 0.460322 0.499526 0.015555 0.733713
1608.000000 -11.206335 10.522165 -43.274636 0.459846 0.499847 0.015031 0.733804
1609.000000 -11.212815 10.392087 -43.338237 0.458747 0.499925 0.014245 0.734455
1610.000000 -11.193521 10.215826 -43.418985 0.457251 0.499791 0.013331 0.735495
1611.000000 -11.151238 10.037106 -43.505428 0.455731 0.499461 0.012525 0.736676
1612.000000 -11.088735 9.900356 -43.586681 0.454563 0.498953 0.012068 0.737749
1613.000000 -11.010005 9.838576 -43.654655 0.454025 0.498296 0.012123 0.738523
1614.000000 -10.925587 9.843533 -43.708829 0.454051 0.497581 0.012588 0.738981
1615.000000 -10.849173 9.894223 -43.750519 0.454464 0.496926 0.013269 0.739156
1616.000000 -10.794572 9.969382 -43.781045 0.455087 0.496452 0.013976 0.739078
1617.000000 -10.775634 10.047639 -43.801846 0.455744 0.496278 0.014516 0.738779
1618.000000 -10.801237 10.110211 -43.815091 0.456278 0.496482 0.014739 0.738308
1619.000000 -10.863807 10.146103 -43.825220 0.456596 0.497000 0.014619 0.737765
1620.000000 -10.952378 10.145724 -43.837134 0.456613 0.497744 0.014159 0.737262
1621.000000 -11.056006 10.099442 -43.855682 0.456245 0.498620 0.013358 0.736912
1622.000000 -11.163752 9.997561 -43.885625 0.455409 0.499539 0.012218 0.736827
1623.000000 -11.263835 9.840923 -43.929379 0.454108 0.500399 0.010806 0.737068
1624.000000 -11.343205 9.656224 -43.983884 0.452567 0.501088 0.009343 0.737568
1625.000000 -11.392638 9.462020 -44.047262 0.450941 0.501524 0.007982 0.738284
1626.000000 -11.403973 9.273456 -44.118375 0.449358 0.501638 0.006852 0.739182
1627.000000 -11.368964 9.105783 -44.196265 0.447947 0.501360 0.006081 0.740232
1628.000000 -11.282246 8.967202 -44.280728 0.446778 0.500647 0.005740 0.741424
1629.000000 -11.148398 8.842821 -44.373515 0.445727 0.499537 0.005717 0.742804
1630.000000 -10.993594 8.720624 -44.470173 0.444695 0.498251 0.005808 0.744284
1631.000000 -10.871021 8.599914 -44.557685 0.443679 0.497232 0.005744 0.745571
1632.000000 -10.802871 8.479055 -44.631340 0.442667 0.496668 0.005406 0.746551
1633.000000 -10.790367 8.355224 -44.691703 0.441634 0.496566 0.004777 0.747234
1634.000000 -10.833339 8.228718 -44.738849 0.440580 0.496927 0.003861 0.747622
1635.000000 -10.927095 8.113121 -44.771291 0.439617 0.497709 0.002758 0.747673
1636.000000 -11.065530 8.025511 -44.787183 0.438886 0.498864 0.001595 0.747336
1637.000000 -11.242700 7.983016 -44.784696 0.438530 0.500343 0.000495 0.746558
1638.000000 -11.452714 8.002808 -44.761936 0.438690 0.502095 -0.000419 0.745286
1639.000000 -11.689292 8.101813 -44.716905 0.439508 0.504067 -0.001019 0.743471
1640.000000 -11.926416 8.289087 -44.653866 0.441056 0.506043 -0.001125 0.741208
1641.000000 -12.134470 8.541120 -44.584201 0.443138 0.507776 -0.000718 0.738777
1642.000000 -12.408001 8.734913 -44.505241 0.444735 0.510046 -0.000965 0.736249
1643.000000 -12.708972 8.860928 -44.429290 0.445770 0.512538 -0.001740 0.733888
1644.000000 -12.971875 8.933011 -44.372800 0.446360 0.514709 -0.002639 0.732005
1645.000000 -13.128832 8.964129 -44.354314 0.446617 0.516000 -0.003243 0.730936
1646.000000 -13.096211 8.953305 -44.400022 0.446537 0.515727 -0.003134 0.731177
1647.000000 -12.908366 8.888944 -44.501576 0.446016 0.514185 -0.002558 0.732582
1648.000000 -12.639554 8.758795 -44.637956 0.444950 0.511982 -0.001964 0.734772
1649.000000 -12.364534 8.550031 -44.788824 0.443235 0.509727 -0.001797 0.737372
1650.000000 -12.159215 8.249551 -44.934897 0.440765 0.508038 -0.002496 0.740012
1651.000000 -12.077569 7.865793 -45.059608 0.437607 0.507350 -0.004262 0.742346
1652.000000 -12.068962 7.511600 -45.156551 0.434690 0.507249 -0.006209 0.744113
1653.000000 -12.008813 7.239764 -45.251326 0.432455 0.506720 -0.007434 0.745763
1654.000000 -11.830270 7.076888 -45.358428 0.431125 0.505225 -0.007476 0.747545
1655.000000 -11.643698 6.990863 -45.454226 0.430428 0.503674 -0.007061 0.748995
1656.000000 -11.587842 6.958937 -45.507367 0.430168 0.503211 -0.006981 0.749457
1657.000000 -11.679820 6.969541 -45.515860 0.430244 0.503980 -0.007373 0.748893
1658.000000 -11.897733 7.010250 -45.486756 0.430554 0.505788 -0.008188 0.747486
1659.000000 -12.219072 7.068808 -45.426304 0.431001 0.508437 -0.009383 0.745414
1660.000000 -12.582940 7.142172 -45.349465 0.431563 0.511425 -0.010695 0.743023
1661.000000 -12.857316 7.244014 -45.290477 0.432366 0.513676 -0.011420 0.740990
1662.000000 -12.926765 7.384108 -45.282281 0.433507 0.514252 -0.010953 0.739930
1663.000000 -12.954216 7.505912 -45.288521 0.434503 0.514483 -0.010394 0.739193
1664.000000 -13.083353 7.552444 -45.277593 0.434870 0.515540 -0.010752 0.738235
1665.000000 -13.283319 7.526495 -45.257441 0.434635 0.517170 -0.011866 0.737215
1666.000000 -13.512403 7.435437 -45.238387 0.433862 0.519028 -0.013495 0.736336
1667.000000 -13.729085 7.286541 -45.231168 0.432618 0.520771 -0.015393 0.735801
1668.000000 -13.891596 7.086989 -45.247135 0.430967 0.522059 -0.017318 0.735814
1669.000000 -13.958171 6.843846 -45.298001 0.428976 0.522553 -0.019030 0.736583
1670.000000 -13.923019 6.557132 -45.385141 0.426652 0.522207 -0.020506 0.738137
1671.000000 -13.844327 6.230820 -45.489075 0.424016 0.521493 -0.022002 0.740116
1672.000000 -13.769397 5.885621 -45.591682 0.421226 0.520798 -0.023623 0.742146
1673.000000 -13.696070 5.556052 -45.689024 0.418563 0.520113 -0.025161 0.744080
1674.000000 -13.611317 5.279800 -45.781022 0.416336 0.519346 -0.026343 0.745822
1675.000000 -13.502033 5.094791 -45.868271 0.414857 0.518403 -0.026895 0.747281
1676.000000 -13.402078 5.012931 -45.940558 0.414214 0.517567 -0.026909 0.748216
1677.000000 -13.392950 4.996045 -45.979061 0.414074 0.517488 -0.026971 0.748346
1678.000000 -13.455751 5.039992 -45.989974 0.414408 0.518010 -0.027011 0.747798
1679.000000 -13.567507 5.142330 -45.979901 0.415203 0.518946 -0.026939 0.746710
1680.000000 -13.705703 5.299074 -45.955255 0.416434 0.520109 -0.026672 0.745224
1681.000000 -13.854368 5.485426 -45.922922 0.417903 0.521362 -0.026283 0.743537
1682.000000 -13.996665 5.660948 -45.892425 0.419286 0.522561 -0.025930 0.741928
1683.000000 -14.135607 5.791349 -45.867411 0.420304 0.523721 -0.025822 0.740536
1684.000000 -14.282082 5.844738 -45.849045 0.420697 0.524921 -0.026191 0.739450
1685.000000 -14.446991 5.789166 -45.838198 0.420204 0.526238 -0.027266 0.738755
1686.000000 -14.594271 5.618864 -45.846535 0.418788 0.527377 -0.028919 0.738684
1687.000000 -14.640862 5.378041 -45.894418 0.416835 0.527676 -0.030518 0.739510
1688.000000 -14.618285 5.090599 -45.968285 0.414528 0.527397 -0.032067 0.740939
1689.000000 -14.583573 4.801248 -46.044370 0.412208 0.527014 -0.033567 0.742438
1690.000000 -14.569187 4.548614 -46.108560 0.410176 0.526804 -0.034946 0.743648
1691.000000 -14.580389 4.362833 -46.157025 0.408672 0.526821 -0.036056 0.744411
1692.000000 -14.626927 4.274822 -46.184662 0.407941 0.527157 -0.036766 0.744538
1693.000000 -14.699385 4.308607 -46.192681 0.408180 0.527750 -0.036897 0.743981
1694.000000 -14.781404 4.474245 -46.184863 0.409475 0.528474 -0.036315 0.742783
1695.000000 -14.869149 4.659605 -46.172370 0.410924 0.529252 -0.035645 0.741460
1696.000000 -14.964842 4.756701 -46.165474 0.411663 0.530061 -0.035514 0.740478
1697.000000 -15.067757 4.788729 -46.162536 0.411879 0.530902 -0.035788 0.739742
1698.000000 -15.162292 4.776778 -46.166608 0.411752 0.531657 -0.036275 0.739246
1699.000000 -15.211108 4.719582 -46.190172 0.411287 0.532027 -0.036815 0.739213
1700.000000 -15.201598 4.623065 -46.236834 0.410529 0.531913 -0.037320 0.739690
1701.000000 -15.148731 4.501896 -46.300015 0.409584 0.531442 -0.037777 0.740529
1702.000000 -15.068753 4.369415 -46.372758 0.408555 0.530749 -0.038183 0.741573
1703.000000 -14.977953 4.215094 -46.450460 0.407353 0.529959 -0.038670 0.742773
1704.000000 -14.891545 4.014412 -46.530043 0.405777 0.529183 -0.039440 0.744147
1705.000000 -14.812367 3.864693 -46.602025 0.404607 0.528486 -0.039950 0.745252
1706.000000 -14.737275 3.859580 -46.660282 0.404593 0.527883 -0.039657 0.745702
1707.000000 -14.666032 3.959883 -46.708320 0.405422 0.527356 -0.038783 0.745671
1708.000000 -14.606907 4.089278 -46.749656 0.406480 0.526936 -0.037797 0.745442
1709.000000 -14.571182 4.168883 -46.787708 0.407133 0.526683 -0.037193 0.745295
1710.000000 -14.552604 4.184640 -46.826006 0.407270 0.526541 -0.037021 0.745329
1711.000000 -14.542679 4.130628 -46.867806 0.406850 0.526440 -0.037276 0.745617
1712.000000 -14.532894 4.001759 -46.915947 0.405834 0.526311 -0.037951 0.746227
1713.000000 -14.514731 3.817134 -46.970886 0.404377 0.526091 -0.038903 0.747124
1714.000000 -14.479681 3.621493 -47.031128 0.402835 0.525731 -0.039846 0.748160
1715.000000 -14.421972 3.454093 -47.095384 0.401524 0.525202 -0.040536 0.749199
1716.000000 -14.347431 3.325789 -47.161320 0.400530 0.524555 -0.040937 0.750161
1717.000000 -14.264927 3.240123 -47.226247 0.399879 0.523862 -0.041069 0.750985
1718.000000 -14.175014 3.225325 -47.288279 0.399796 0.523141 -0.040777 0.751547
1719.000000 -14.075237 3.312236 -47.346034 0.400527 0.522386 -0.039879 0.751732
1720.000000 -13.980878 3.466165 -47.396951 0.401787 0.521699 -0.038633 0.751601
1721.000000 -13.901200 3.644249 -47.441021 0.403232 0.521137 -0.037315 0.751284
1722.000000 -13.824423 3.803697 -47.484934 0.404526 0.520590 -0.036110 0.751026
1723.000000 -13.735373 3.901679 -47.536804 0.405337 0.519922 -0.035189 0.751095
1724.000000 -13.618787 3.895238 -47.604810 0.405332 0.518999 -0.034723 0.751758
1725.000000 -13.476062 3.759173 -47.690227 0.404314 0.517824 -0.034856 0.753110
1726.000000 -13.354201 3.530768 -47.775772 0.402558 0.516780 -0.035577 0.754732
1727.000000 -13.304622 3.261827 -47.842551 0.400454 0.516290 -0.036819 0.756126
1728.000000 -13.322681 3.004529 -47.888280 0.398414 0.516333 -0.038283 0.757100
1729.000000 -13.356516 2.810974 -47.924636 0.396871 0.516518 -0.039471 0.757723
1730.000000 -13.352523 2.733139 -47.964405 0.396253 0.516449 -0.039875 0.758072
1731.000000 -13.271419 2.804691 -48.016943 0.396844 0.515834 -0.039153 0.758219
1732.000000 -13.134842 2.949768 -48.079833 0.398036 0.514814 -0.037814 0.758356
1733.000000 -12.983128 3.051135 -48.148585 0.398888 0.513659 -0.036654 0.758748
1734.000000 -12.855279 3.037850 -48.217503 0.398831 0.512650 -0.036205 0.759482
1735.000000 -12.764227 2.977742 -48.279191 0.398396 0.511915 -0.036151 0.760209
1736.000000 -12.663405 2.934317 -48.342176 0.398103 0.511107 -0.035959 0.760914
1737.000000 -12.498490 2.964924 -48.417052 0.398416 0.509822 -0.035106 0.761652
1738.000000 -12.276341 3.077121 -48.500789 0.399383 0.508115 -0.033593 0.762354
1739.000000 -12.058805 3.197472 -48.581581 0.400401 0.506443 -0.032073 0.762998
1740.000000 -11.910353 3.243404 -48.649239 0.400801 0.505288 -0.031233 0.763589
1741.000000 -11.890482 3.130032 -48.695645 0.399906 0.505092 -0.031745 0.764165
1742.000000 -11.936807 2.967070 -48.728619 0.398606 0.505399 -0.032783 0.764598
1743.000000 -11.895394 3.046416 -48.767893 0.399241 0.505099 -0.032199 0.764490
1744.000000 -11.893384 3.212623 -48.791686 0.400547 0.505137 -0.031327 0.763818
1745.000000 -11.793842 3.256663 -48.846775 0.400929 0.504373 -0.030690 0.764148
1746.000000 -11.796752 3.304560 -48.876607 0.401306 0.504416 -0.030457 0.763931
1747.000000 -11.835353 3.297384 -48.901516 0.401239 0.504722 -0.030654 0.763756
1748.000000 -11.868491 3.173751 -48.935555 0.400274 0.504940 -0.031421 0.764087
1749.000000 -11.863830 2.974495 -48.983134 0.398728 0.504836 -0.032431 0.764921
1750.000000 -11.916745 2.728353 -49.018874 0.396785 0.505156 -0.033921 0.765656
1751.000000 -12.006170 2.491922 -49.043617 0.394903 0.505766 -0.035506 0.766154
1752.000000 -12.047290 2.098796 -49.085964 0.391813 0.505939 -0.037699 0.767520
1753.000000 -12.173610 1.465574 -49.111866 0.386807 0.506670 -0.041466 0.769380
1754.000000 -12.242956 0.976494 -49.140799 0.382946 0.506998 -0.044256 0.770939
1755.000000 -12.384695 0.917597 -49.140328 0.382427 0.508081 -0.045121 0.770433
1756.000000 -12.404648 1.176962 -49.163460 0.384448 0.508366 -0.043850 0.769312
1757.000000 -12.473031 1.505273 -49.171018 0.386973 0.509052 -0.042422 0.767671
1758.000000 -12.573195 1.812551 -49.169096 0.389310 0.509966 -0.041232 0.765946
1759.000000 -12.638745 2.068796 -49.176235 0.391263 0.510580 -0.040173 0.764596
1760.000000 -12.588433 2.340103 -49.211077 0.393388 0.510291 -0.038575 0.763781
1761.000000 -12.435538 2.587709 -49.271600 0.395379 0.509192 -0.036681 0.763579
1762.000000 -12.290234 2.865305 -49.326530 0.397594 0.508167 -0.034661 0.763206
1763.000000 -12.258172 3.141083 -49.351477 0.399747 0.508017 -0.033107 0.762250
1764.000000 -12.380221 3.318234 -49.343268 0.401074 0.509024 -0.032670 0.760899
1765.000000 -12.537982 3.244049 -49.342271 0.400446 0.510225 -0.033663 0.760382
1766.000000 -12.591092 2.790029 -49.390547 0.396925 0.510479 -0.036201 0.761939
1767.000000 -12.400789 2.177938 -49.503590 0.392270 0.508777 -0.038590 0.765364
1768.000000 -12.158703 1.560045 -49.620555 0.387581 0.506659 -0.040799 0.769034
1769.000000 -12.070007 1.005792 -49.690141 0.383319 0.505743 -0.043288 0.771632
1770.000000 -12.041268 0.453032 -49.739044 0.379038 0.505275 -0.046004 0.773893
1771.000000 -12.056174 -0.058938 -49.771496 0.375047 0.505142 -0.048678 0.775759
1772.000000 -12.174113 -0.434017 -49.775135 0.372065 0.505858 -0.051039 0.776576
1773.000000 -12.303335 -0.691101 -49.774684 0.369989 0.506721 -0.052829 0.776886
1774.000000 -12.256454 -1.019979 -49.814680 0.367441 0.506179 -0.054314 0.778345
1775.000000 -12.205091 -1.295760 -49.854771 0.365310 0.505629 -0.055514 0.779620
1776.000000 -12.263016 -1.400886 -49.871556 0.364457 0.506023 -0.056259 0.779709
1777.000000 -12.407418 -1.301111 -49.872497 0.365158 0.507207 -0.056291 0.778609
1778.000000 -12.505910 -1.065082 -49.887392 0.366946 0.508112 -0.055460 0.777236
1779.000000 -12.468403 -0.773128 -49.935920 0.369233 0.507982 -0.053846 0.776352
1780.000000 -12.387742 -0.449737 -49.993759 0.371781 0.507526 -0.051919 0.775565
1781.000000 -12.276844 -0.108002 -50.056901 0.374483 0.506837 -0.049791 0.774855
1782.000000 -12.114638 0.241072 -50.129927 0.377264 0.505746 -0.047429 0.774366
1783.000000 -11.891638 0.559733 -50.214793 0.379830 0.504168 -0.044984 0.774287
1784.000000 -11.755553 0.982725 -50.274399 0.383151 0.503301 -0.042339 0.773363
1785.000000 -11.654612 1.384596 -50.322487 0.386284 0.502688 -0.039936 0.772331
1786.000000 -11.604106 1.652304 -50.360106 0.388360 0.502403 -0.038404 0.771552
1787.000000 -11.658765 1.733629 -50.378756 0.388965 0.502851 -0.038207 0.770965
1788.000000 -11.806141 1.637242 -50.381652 0.388175 0.503940 -0.039258 0.770600
1789.000000 -12.012267 1.393508 -50.374238 0.386235 0.505414 -0.041280 0.770503
1790.000000 -12.245952 1.050000 -50.360272 0.383518 0.507048 -0.043916 0.770641
1791.000000 -12.497491 0.647509 -50.339219 0.380333 0.508783 -0.046920 0.770899
1792.000000 -12.766028 0.219493 -50.309466 0.376933 0.510625 -0.050114 0.771150
1793.000000 -13.050681 -0.200613 -50.270443 0.373569 0.512588 -0.053322 0.771270
1794.000000 -13.322254 -0.596217 -50.230001 0.370382 0.514458 -0.056344 0.771347
1795.000000 -13.457059 -1.007411 -50.221442 0.367136 0.515265 -0.058931 0.772166
1796.000000 -13.415696 -1.441407 -50.255825 0.363812 0.514699 -0.060988 0.773955
1797.000000 -13.298087 -1.845641 -50.307683 0.360761 0.513555 -0.062618 0.776010
1798.000000 -13.213789 -2.163204 -50.350993 0.358361 0.512714 -0.063932 0.777570
1799.000000 -13.273152 -2.338431 -50.361287 0.356975 0.513062 -0.065049 0.777885
1800.000000 -13.423552 -2.340583 -50.355269 0.356868 0.514212 -0.065615 0.777127
1801.000000 -13.412746 -2.187176 -50.399251 0.358058 0.514214 -0.064805 0.776646
1802.000000 -13.248642 -1.925968 -50.487537 0.360171 0.513100 -0.062902 0.776562
1803.000000 -12.958965 -1.606528 -50.607907 0.362801 0.511056 -0.060265 0.776895
1804.000000 -12.599910 -1.261906 -50.741966 0.365650 0.508503 -0.057257 0.777462
1805.000000 -12.325072 -0.868159 -50.851152 0.368812 0.506628 -0.054305 0.777404
1806.000000 -12.205320 -0.434414 -50.919273 0.372184 0.505950 -0.051705 0.776415
1807.000000 -12.168133 -0.030487 -50.963920 0.375279 0.505874 -0.049550 0.775114
1808.000000 -12.130826 0.269806 -51.006169 0.377581 0.505735 -0.047910 0.774190
1809.000000 -12.007677 0.395169 -51.068633 0.378597 0.504851 -0.046833 0.774336
1810.000000 -11.843715 0.314166 -51.141644 0.378070 0.503558 -0.046635 0.775447
1811.000000 -11.861691 0.056538 -51.172584 0.376116 0.503567 -0.047968 0.776309
1812.000000 -12.019150 -0.315759 -51.169025 0.373222 0.504576 -0.050379 0.776898
1813.000000 -12.252899 -0.738866 -51.143254 0.369896 0.506130 -0.053324 0.777281
1814.000000 -12.504440 -1.152256 -51.108628 0.366620 0.507817 -0.056291 0.777523
1815.000000 -12.721483 -1.499833 -51.079844 0.363850 0.509274 -0.058806 0.777685
1816.000000 -12.868035 -1.743108 -51.069167 0.361904 0.510255 -0.060543 0.777817
1817.000000 -12.948411 -1.887447 -51.077472 0.360747 0.510790 -0.061547 0.777925
1818.000000 -12.973122 -1.944907 -51.102834 0.360286 0.510951 -0.061919 0.778003
1819.000000 -12.955212 -1.930088 -51.141802 0.360404 0.510829 -0.061780 0.778040
1820.000000 -12.929143 -1.882386 -51.184151 0.360781 0.510659 -0.061448 0.778003
1821.000000 -12.900870 -1.824654 -51.227473 0.361240 0.510476 -0.061056 0.777941
1822.000000 -12.863992 -1.770152 -51.272814 0.361682 0.510223 -0.060648 0.777933
1823.000000 -12.811862 -1.731948 -51.321306 0.362008 0.509846 -0.060268 0.778059
1824.000000 -12.743390 -1.723829 -51.372665 0.362113 0.509330 -0.059984 0.778370
1825.000000 -12.686850 -1.769024 -51.419019 0.361804 0.508877 -0.060009 0.778807
1826.000000 -12.662363 -1.876546 -51.455051 0.361002 0.508633 -0.060458 0.779304
1827.000000 -12.649648 -2.011083 -51.486883 0.359987 0.508462 -0.061083 0.779836
1828.000000 -12.621906 -2.130205 -51.522734 0.359099 0.508184 -0.061578 0.780388
1829.000000 -12.552168 -2.191414 -51.571120 0.358675 0.507620 -0.061640 0.780945
1830.000000 -12.427179 -2.163024 -51.636563 0.358963 0.506689 -0.061065 0.781462
1831.000000 -12.282088 -2.059900 -51.709501 0.359827 0.505650 -0.060055 0.781815
1832.000000 -12.156683 -1.914919 -51.778734 0.360995 0.504783 -0.058910 0.781925
1833.000000 -12.090173 -1.761887 -51.833779 0.362188 0.504364 -0.057933 0.781716
1834.000000 -12.111285 -1.630804 -51.867180 0.363164 0.504594 -0.057368 0.781157
1835.000000 -12.209154 -1.537738 -51.881101 0.363811 0.505380 -0.057256 0.780355
1836.000000 -12.356706 -1.494451 -51.881432 0.364057 0.506512 -0.057562 0.779483
1837.000000 -12.525749 -1.512480 -51.874348 0.363830 0.507771 -0.058243 0.778720
1838.000000 -12.688087 -1.603388 -51.866122 0.363058 0.508938 -0.059257 0.778241
1839.000000 -12.815535 -1.778732 -51.863008 0.361671 0.509795 -0.060561 0.778226
1840.000000 -12.880286 -2.048732 -51.870920 0.359607 0.510125 -0.062109 0.778844
1841.000000 -12.865829 -2.389624 -51.893824 0.357055 0.509814 -0.063730 0.780089
1842.000000 -12.769943 -2.740316 -51.934062 0.354476 0.508881 -0.065116 0.781759
1843.000000 -12.591295 -3.037457 -51.995024 0.352348 0.507354 -0.065955 0.783640
1844.000000 -12.328493 -3.217311 -52.081027 0.351155 0.505265 -0.065936 0.785525
1845.000000 -12.026635 -3.278867 -52.181596 0.350874 0.502953 -0.065216 0.787193
1846.000000 -11.790762 -3.279272 -52.269267 0.351012 0.501172 -0.064433 0.788331
1847.000000 -11.543606 -3.178150 -52.364574 0.351922 0.499364 -0.063133 0.789177
1848.000000 -11.367279 -3.116014 -52.440854 0.352495 0.498066 -0.062255 0.789811
1849.000000 -11.375440 -3.235260 -52.465957 0.351591 0.498054 -0.062841 0.790175
1850.000000 -11.554709 -3.425854 -52.448841 0.350051 0.499286 -0.064333 0.789961
1851.000000 -11.826458 -3.488552 -52.418244 0.349420 0.501289 -0.065534 0.788873
1852.000000 -12.049063 -3.220210 -52.418914 0.351309 0.503124 -0.064985 0.786908
1853.000000 -12.271945 -2.829757 -52.423828 0.354102 0.505033 -0.063851 0.784523
1854.000000 -12.610200 -2.558194 -52.391274 0.355912 0.507732 -0.063681 0.781971
1855.000000 -13.002619 -2.420568 -52.335421 0.356675 0.510755 -0.064345 0.779597
1856.000000 -13.337717 -2.375166 -52.286713 0.356789 0.513286 -0.065272 0.777804
1857.000000 -13.688254 -2.479491 -52.225145 0.355796 0.515825 -0.066986 0.776432
1858.000000 -13.966613 -2.607653 -52.179328 0.354680 0.517801 -0.068574 0.775488
1859.000000 -14.060700 -2.607598 -52.188143 0.354632 0.518496 -0.068892 0.775017
1860.000000 -13.999492 -2.526167 -52.242583 0.355285 0.518097 -0.068274 0.775040
1861.000000 -13.872666 -2.520727 -52.310567 0.355414 0.517162 -0.067816 0.775645
1862.000000 -13.827290 -2.784467 -52.343075 0.353489 0.516655 -0.068966 0.776760
1863.000000 -13.818271 -3.099038 -52.361645 0.351157 0.516381 -0.070488 0.777863
1864.000000 -13.734795 -3.217200 -52.410355 0.350326 0.515685 -0.070788 0.778672
1865.000000 -13.587108 -3.180544 -52.484949 0.350685 0.514616 -0.070112 0.779278
1866.000000 -13.369088 -3.190783 -52.574169 0.350742 0.512992 -0.069436 0.780383
1867.000000 -13.095854 -3.324496 -52.668516 0.349924 0.510874 -0.069182 0.782160
1868.000000 -12.808044 -3.500951 -52.761749 0.348803 0.508621 -0.069083 0.784136
1869.000000 -12.540649 -3.656415 -52.849375 0.347831 0.506534 -0.068940 0.785929
1870.000000 -12.314118 -3.779998 -52.927933 0.347074 0.504773 -0.068774 0.787409
1871.000000 -12.147322 -3.866322 -52.994246 0.346552 0.503477 -0.068632 0.788481
1872.000000 -12.059177 -3.910729 -53.045126 0.346281 0.502789 -0.068556 0.789045
1873.000000 -12.068508 -3.909697 -53.077085 0.346277 0.502855 -0.068585 0.789003
1874.000000 -12.187183 -3.904983 -53.084315 0.346224 0.503736 -0.068953 0.788432
1875.000000 -12.422126 -3.932133 -53.061836 0.345856 0.505459 -0.069849 0.787411
1876.000000 -12.794045 -3.882698 -53.011065 0.345964 0.508247 -0.070825 0.785480
1877.000000 -13.301985 -3.771669 -52.927981 0.346435 0.512081 -0.071943 0.782675
1878.000000 -13.910232 -3.676954 -52.812160 0.346714 0.516643 -0.073461 0.779406
1879.000000 -14.573787 -3.588578 -52.673126 0.346904 0.521602 -0.075189 0.775845
1880.000000 -15.248294 -3.491478 -52.522488 0.347143 0.526639 -0.076918 0.772157
1881.000000 -15.890036 -3.370700 -52.373869 0.347568 0.531441 -0.078433 0.768515
1882.000000 -16.464159 -3.232672 -52.238883 0.348152 0.535754 -0.079643 0.765124
1883.000000 -16.969393 -3.165050 -52.114912 0.348253 0.539505 -0.080986 0.762296
1884.000000 -17.419412 -3.227289 -51.996162 0.347433 0.542750 -0.082820 0.760167
1885.000000 -17.845452 -3.360947 -51.876804 0.346102 0.545758 -0.084950 0.758383
1886.000000 -18.281371 -3.490631 -51.750146 0.344786 0.548835 -0.087096 0.756516
1887.000000 -18.751273 -3.534781 -51.612865 0.344065 0.552227 -0.088900 0.754163
1888.000000 -19.242750 -3.456661 -51.471221 0.344214 0.555879 -0.090119 0.751261
1889.000000 -19.739005 -3.298723 -51.327657 0.344934 0.559636 -0.090915 0.748040
1890.000000 -20.224958 -3.107680 -51.184332 0.345896 0.563345 -0.091492 0.744733
1891.000000 -20.708889 -2.950327 -51.033900 0.346606 0.567008 -0.092250 0.741523
1892.000000 -21.213385 -2.893240 -50.863446 0.346558 0.570728 -0.093643 0.738511
1893.000000 -21.729318 -2.925223 -50.677128 0.345842 0.574447 -0.095587 0.735709
1894.000000 -22.239984 -3.016366 -50.483520 0.344690 0.578068 -0.097860 0.733109
1895.000000 -22.727525 -3.135639 -50.292506 0.343346 0.581489 -0.100222 0.730712
1896.000000 -23.154138 -3.232048 -50.125422 0.342217 0.584488 -0.102248 0.728565
1897.000000 -23.477042 -3.250659 -50.007873 0.341753 0.586813 -0.103463 0.726740
1898.000000 -23.695760 -3.183453 -49.943009 0.342016 0.588469 -0.103817 0.725225
1899.000000 -23.821714 -3.035851 -49.926240 0.342957 0.589536 -0.103379 0.723976
1900.000000 -23.864968 -2.812239 -49.952518 0.344529 0.590082 -0.102207 0.722950
1901.000000 -23.715099 -2.521015 -50.073033 0.346781 0.589298 -0.099974 0.722825
1902.000000 -23.337612 -2.318349 -50.293357 0.348611 0.586776 -0.097494 0.724333
1903.000000 -22.998963 -2.297871 -50.483537 0.349082 0.584363 -0.096213 0.726226
1904.000000 -22.705783 -2.410165 -50.644406 0.348553 0.582155 -0.095848 0.728299
1905.000000 -22.465124 -2.605872 -50.775676 0.347378 0.580247 -0.096135 0.730343
1906.000000 -22.305050 -2.855460 -50.867049 0.345747 0.578855 -0.097001 0.732104
1907.000000 -22.267791 -3.143048 -50.901235 0.343727 0.578292 -0.098509 0.733298
1908.000000 -22.393783 -3.453938 -50.860441 0.341372 0.578876 -0.100711 0.733638
1909.000000 -22.724686 -3.774129 -50.725181 0.338730 0.580928 -0.103659 0.732830
1910.000000 -23.261752 -4.087443 -50.491166 0.335903 0.584472 -0.107268 0.730791
1911.000000 -23.677398 -4.339391 -50.310678 0.333623 0.587207 -0.110117 0.729218
1912.000000 -23.868245 -4.379240 -50.250786 0.333108 0.588560 -0.110963 0.728233
1913.000000 -24.089784 -4.208258 -50.192995 0.334086 0.590372 -0.110679 0.726359
1914.000000 -24.471515 -3.922943 -50.064135 0.335716 0.593467 -0.110265 0.723141
1915.000000 -24.910392 -3.592492 -49.904722 0.337607 0.597025 -0.109769 0.719398
1916.000000 -25.305018 -3.284295 -49.760895 0.339389 0.600219 -0.109233 0.715975
1917.000000 -25.553109 -3.063824 -49.683461 0.340708 0.602235 -0.108709 0.713732
1918.000000 -25.547790 -2.995458 -49.725497 0.341215 0.602260 -0.108254 0.713538
1919.000000 -25.219561 -3.122546 -49.919202 0.340673 0.599757 -0.107909 0.715954
1920.000000 -24.661978 -3.416782 -50.211358 0.339178 0.595433 -0.107805 0.720275
1921.000000 -24.421666 -3.850298 -50.330566 0.336331 0.593246 -0.109574 0.723142
1922.000000 -24.682067 -4.357591 -50.195198 0.332395 0.594564 -0.113447 0.723282
1923.000000 -24.909591 -4.832304 -50.072781 0.328707 0.595660 -0.117029 0.723495
1924.000000 -24.954942 -5.222119 -50.045169 0.325827 0.595523 -0.119496 0.724506
1925.000000 -24.900488 -5.502828 -50.076609 0.323847 0.594790 -0.120973 0.725750
1926.000000 -24.830492 -5.650146 -50.129339 0.322851 0.594107 -0.121600 0.726648
1927.000000 -24.829570 -5.638906 -50.165301 0.322925 0.594118 -0.121512 0.726621
1928.000000 -24.983237 -5.443308 -50.144708 0.324151 0.595469 -0.120839 0.725080
1929.000000 -25.338426 -5.062163 -50.040287 0.326476 0.598492 -0.119717 0.721726
1930.000000 -25.747102 -4.633663 -49.906934 0.329072 0.601953 -0.118471 0.717864
1931.000000 -26.089018 -4.291168 -49.793732 0.331126 0.604822 -0.117517 0.714657
1932.000000 -26.337927 -4.094037 -49.713031 0.332248 0.606843 -0.117144 0.712482
1933.000000 -26.520698 -4.056002 -49.652653 0.332311 0.608197 -0.117531 0.711233
1934.000000 -26.666134 -4.187597 -49.597409 0.331203 0.609083 -0.118833 0.710775
1935.000000 -26.780026 -4.463704 -49.545732 0.329094 0.609566 -0.120912 0.710990
1936.000000 -26.842028 -4.820247 -49.512829 0.326462 0.609571 -0.123309 0.711787
1937.000000 -26.830039 -5.191494 -49.515980 0.323809 0.609018 -0.125548 0.713080
1938.000000 -26.721748 -5.511631 -49.574058 0.321638 0.607831 -0.127152 0.714789
1939.000000 -26.505309 -5.741204 -49.697996 0.320253 0.605981 -0.127847 0.716855
1940.000000 -26.265581 -5.863303 -49.844513 0.319669 0.604100 -0.127819 0.718705
1941.000000 -26.042172 -5.894147 -49.991484 0.319723 0.602452 -0.127300 0.720156
1942.000000 -25.826929 -5.883659 -50.137806 0.320065 0.600914 -0.126565 0.721417
1943.000000 -25.611783 -5.882340 -50.281942 0.320345 0.599365 -0.125884 0.722699
1944.000000 -25.389707 -5.931959 -50.422645 0.320271 0.597704 -0.125476 0.724177
1945.000000 -25.179082 -5.982014 -50.556467 0.320182 0.596129 -0.125096 0.725578
1946.000000 -25.025414 -5.936583 -50.672366 0.320707 0.595084 -0.124329 0.726337
1947.000000 -24.932788 -5.791725 -50.769051 0.321864 0.594597 -0.123175 0.726420
1948.000000 -24.831047 -5.702457 -50.863159 0.322626 0.593975 -0.122327 0.726734
1949.000000 -24.661547 -5.781571 -50.970574 0.322260 0.592664 -0.122260 0.727977
1950.000000 -24.429445 -5.959401 -51.095463 0.321258 0.590792 -0.122569 0.729887
1951.000000 -24.153308 -6.130394 -51.239880 0.320358 0.588622 -0.122688 0.732012
1952.000000 -23.852305 -6.187081 -51.407301 0.320309 0.586418 -0.122067 0.733904
1953.000000 -23.587842 -6.107337 -51.572244 0.321193 0.584631 -0.120794 0.735154
1954.000000 -23.534961 -6.123633 -51.628391 0.321143 0.584230 -0.120733 0.735504
1955.000000 -23.689125 -6.348910 -51.564922 0.319359 0.585056 -0.122488 0.735334
1956.000000 -23.823976 -6.651727 -51.499210 0.317043 0.585646 -0.124618 0.735509
1957.000000 -23.824701 -6.919471 -51.498494 0.315140 0.585313 -0.126132 0.736333
1958.000000 -23.796656 -7.113791 -51.519810 0.313800 0.584862 -0.127144 0.737089
1959.000000 -23.839010 -7.236142 -51.517063 0.312876 0.585006 -0.127983 0.737223
1960.000000 -23.957137 -7.389668 -51.473312 0.311616 0.585664 -0.129239 0.737015
1961.000000 -24.138599 -7.699037 -51.375904 0.309154 0.586581 -0.131567 0.736910
1962.000000 -24.362781 -8.244918 -51.218537 0.304937 0.587486 -0.135370 0.737257
1963.000000 -24.528605 -8.816819 -51.077885 0.300598 0.587911 -0.139154 0.737995
1964.000000 -24.433286 -8.938587 -51.136678 0.299853 0.587065 -0.139550 0.738897
1965.000000 -24.241265 -8.657444 -51.310507 0.302143 0.586066 -0.137355 0.739169
1966.000000 -24.275164 -8.387471 -51.373464 0.304042 0.586661 -0.135920 0.738182
1967.000000 -24.594582 -8.308453 -51.268245 0.304175 0.589057 -0.136413 0.736126
1968.000000 -25.103233 -8.355906 -51.047662 0.303136 0.592650 -0.138175 0.733336
1969.000000 -25.690033 -8.437246 -50.776273 0.301748 0.596749 -0.140377 0.730159
1970.000000 -26.243913 -8.459587 -50.523178 0.300828 0.600682 -0.142175 0.726960
1971.000000 -26.654372 -8.333836 -50.362761 0.301162 0.603802 -0.142673 0.724134
1972.000000 -26.820240 -8.012176 -50.360208 0.303237 0.605456 -0.141242 0.722164
1973.000000 -26.679975 -7.641151 -50.525092 0.306085 0.604978 -0.138607 0.721874
1974.000000 -26.717972 -7.806067 -50.512655 0.304848 0.605043 -0.139707 0.722131
1975.000000 -26.878297 -8.320825 -50.378380 0.300931 0.605493 -0.143256 0.722701
1976.000000 -26.644581 -8.597751 -50.489694 0.299272 0.603444 -0.144183 0.724916
1977.000000 -26.107679 -8.723349 -50.782354 0.299126 0.599439 -0.143274 0.728470
1978.000000 -25.417801 -8.853486 -51.144050 0.299159 0.594320 -0.141945 0.732898
1979.000000 -24.714079 -9.117320 -51.475967 0.298235 0.588907 -0.141413 0.737731
1980.000000 -24.092836 -9.518674 -51.730354 0.296200 0.583892 -0.141948 0.742420
1981.000000 -23.640762 -10.024080 -51.876963 0.293193 0.579940 -0.143524 0.746397
1982.000000 -23.443835 -10.592949 -51.887454 0.289377 0.577721 -0.146151 0.749092
1983.000000 -23.586496 -11.180693 -51.733569 0.284940 0.577895 -0.149849 0.749928
1984.000000 -23.575992 -11.337509 -51.738470 0.283825 0.577584 -0.150700 0.750420
1985.000000 -23.286641 -11.143777 -51.945237 0.285639 0.575775 -0.148813 0.751497
1986.000000 -23.129353 -11.086875 -52.061366 0.286269 0.574715 -0.148076 0.752214
1987.000000 -23.088792 -11.098759 -52.110526 0.286235 0.574400 -0.148044 0.752474
1988.000000 -23.098824 -11.043936 -52.151452 0.286611 0.574546 -0.147781 0.752271
1989.000000 -23.102908 -10.813619 -52.231699 0.288262 0.574898 -0.146531 0.751616
1990.000000 -23.095446 -10.454701 -52.341932 0.290850 0.575343 -0.144539 0.750663
1991.000000 -23.098088 -10.266169 -52.412092 0.292199 0.575622 -0.143506 0.750123
1992.000000 -22.853539 -10.130328 -52.579594 0.293505 0.574063 -0.142070 0.751080
1993.000000 -22.360072 -9.981295 -52.853679 0.295233 0.570748 -0.139873 0.753339
1994.000000 -21.792821 -9.949860 -53.129846 0.296207 0.566756 -0.138115 0.756289
1995.000000 -21.323726 -10.138093 -53.318135 0.295481 0.563183 -0.137803 0.759293
1996.000000 -21.028358 -10.555165 -53.387857 0.292886 0.560549 -0.139183 0.761991
1997.000000 -20.870830 -11.143535 -53.363998 0.288882 0.558650 -0.141833 0.764421
1998.000000 -20.806120 -11.840968 -53.273618 0.283966 0.557238 -0.145298 0.766641
1999.000000 -20.787901 -12.584199 -53.145030 0.278637 0.556063 -0.149131 0.768711
2000.000000 -20.767148 -13.288126 -53.016166 0.273567 0.554900 -0.152757 0.770657
2001.000000 -20.682561 -13.657184 -52.989429 0.270999 0.553750 -0.154464 0.772050
2002.000000 -20.759176 -13.820235 -52.950726 0.269695 0.554067 -0.155527 0.772066
2003.000000 -20.995619 -13.904265 -52.868729 0.268730 0.555663 -0.156593 0.771040
2004.000000 -21.237998 -13.877596 -52.812135 0.268558 0.557469 -0.157087 0.769694
2005.000000 -21.338106 -13.710788 -52.848694 0.269615 0.558451 -0.156469 0.768737
2006.000000 -21.242248 -13.428166 -52.993271 0.271804 0.558175 -0.154736 0.768518
2007.000000 -21.007150 -13.119178 -53.197914 0.274383 0.556919 -0.152515 0.768956
2008.000000 -20.695896 -12.877702 -53.412705 0.276576 0.555010 -0.150459 0.769956
2009.000000 -20.359951 -12.750135 -53.606462 0.277976 0.552763 -0.148930 0.771364
2010.000000 -20.030183 -12.698158 -53.777215 0.278812 0.550464 -0.147797 0.772922
2011.000000 -19.736013 -12.673916 -53.925904 0.279393 0.548388 -0.146894 0.774359
2012.000000 -19.503363 -12.629679 -54.055035 0.280028 0.546780 -0.146059 0.775424
2013.000000 -19.337998 -12.669429 -54.139090 0.279966 0.545535 -0.145840 0.776364
2014.000000 -19.306830 -12.986355 -54.108868 0.277730 0.544875 -0.147372 0.777341
2015.000000 -19.389325 -13.526973 -53.980461 0.273722 0.544718 -0.150321 0.778307
2016.000000 -19.539818 -14.182696 -53.791398 0.268774 0.544874 -0.154025 0.779198
2017.000000 -19.712904 -14.845967 -53.583038 0.263719 0.545162 -0.157824 0.779963
2018.000000 -19.863642 -15.410460 -53.402271 0.259393 0.545415 -0.161065 0.780574
2019.000000 -19.958878 -15.818759 -53.281472 0.256264 0.545494 -0.163373 0.781072
2020.000000 -19.987208 -16.098699 -53.220770 0.254161 0.545279 -0.164865 0.781596
2021.000000 -19.941683 -16.291986 -53.212524 0.252800 0.544651 -0.165743 0.782289
2022.000000 -19.841240 -16.501913 -53.218712 0.251402 0.543588 -0.166586 0.783300
2023.000000 -19.704511 -16.672537 -53.249643 0.250350 0.542313 -0.167147 0.784400
2024.000000 -19.463113 -16.624149 -53.386840 0.251075 0.540613 -0.166342 0.785512
2025.000000 -19.133598 -16.415879 -53.603672 0.253111 0.538513 -0.164522 0.786684
2026.000000 -18.757683 -16.161646 -53.847293 0.255549 0.536141 -0.162368 0.787962
2027.000000 -18.373845 -15.961733 -54.073139 0.257594 0.533629 -0.160470 0.789389
2028.000000 -18.001334 -15.837495 -54.269106 0.259060 0.531091 -0.158970 0.790923
2029.000000 -17.653396 -15.784567 -54.433087 0.259960 0.528635 -0.157871 0.792491
2030.000000 -17.347513 -15.811798 -54.557779 0.260209 0.526373 -0.157259 0.794035
2031.000000 -17.112080 -15.968704 -54.620548 0.259407 0.524436 -0.157445 0.795541
2032.000000 -16.953197 -16.246814 -54.621922 0.257606 0.522878 -0.158398 0.796961
2033.000000 -16.860952 -16.595056 -54.579461 0.255191 0.521698 -0.159849 0.798221
2034.000000 -16.825058 -16.962001 -54.511454 0.252552 0.520893 -0.161523 0.799248
2035.000000 -16.835307 -17.296530 -54.437108 0.250079 0.520467 -0.163151 0.799973
2036.000000 -16.881613 -17.547554 -54.376577 0.248165 0.520425 -0.164463 0.800327
2037.000000 -16.957972 -17.679767 -54.344265 0.247079 0.520782 -0.165276 0.800264
2038.000000 -17.069178 -17.745923 -54.322172 0.246425 0.521496 -0.165848 0.799882
2039.000000 -17.139527 -17.896491 -54.284825 0.245210 0.521782 -0.166731 0.799885
2040.000000 -17.201017 -18.167387 -54.209403 0.243121 0.521816 -0.168172 0.800199
2041.000000 -17.307352 -18.520190 -54.089901 0.240351 0.522050 -0.170110 0.800473
2042.000000 -17.469709 -18.898115 -53.940382 0.237297 0.522656 -0.172296 0.800522
2043.000000 -17.551653 -19.222304 -53.832464 0.234760 0.522748 -0.174044 0.800831
2044.000000 -17.542745 -19.480896 -53.776098 0.232846 0.522266 -0.175276 0.801436
2045.000000 -17.459196 -19.673790 -53.767017 0.231538 0.521330 -0.176028 0.802259
2046.000000 -17.316481 -19.800816 -53.800314 0.230816 0.520058 -0.176339 0.803223
2047.000000 -17.129739 -19.861612 -53.871064 0.230660 0.518567 -0.176239 0.804253
2048.000000 -16.923562 -19.847781 -53.974894 0.231096 0.517052 -0.175737 0.805214
2049.000000 -16.803802 -19.680488 -54.107357 0.232537 0.516427 -0.174684 0.805428
2050.000000 -16.687454 -19.421745 -54.270755 0.234647 0.515976 -0.173200 0.805426
2051.000000 -16.423104 -19.187405 -54.468636 0.236805 0.514385 -0.171516 0.806172
2052.000000 -16.044631 -19.063223 -54.658963 0.238322 0.511773 -0.170115 0.807683
2053.000000 -15.774435 -19.146928 -54.742488 0.238129 0.509646 -0.169918 0.809125
2054.000000 -15.639159 -19.416772 -54.720400 0.236347 0.508236 -0.170867 0.810334
2055.000000 -15.566577 -19.785301 -54.643225 0.233730 0.507132 -0.172406 0.811458
2056.000000 -15.481848 -20.163219 -54.563404 0.231057 0.505908 -0.173965 0.812654
2057.000000 -15.348594 -20.522625 -54.501191 0.228589 0.504339 -0.175340 0.814030
2058.000000 -15.189230 -20.946455 -54.418234 0.225670 0.502462 -0.176963 0.815652
2059.000000 -15.010621 -21.197199 -54.404016 0.224071 0.500716 -0.177751 0.816995
2060.000000 -14.808588 -21.345320 -54.434822 0.223278 0.498958 -0.178021 0.818228
2061.000000 -14.710735 -21.421015 -54.465474 0.222865 0.498094 -0.178178 0.818832
2062.000000 -14.756259 -21.473716 -54.466222 0.222395 0.498342 -0.178522 0.818734
2063.000000 -14.914388 -21.540997 -54.430485 0.221629 0.499413 -0.179162 0.818150
2064.000000 -15.007429 -21.542850 -54.438371 0.221469 0.500106 -0.179359 0.817726
2065.000000 -15.052877 -21.472779 -54.488231 0.221934 0.500555 -0.179131 0.817375
2066.000000 -15.368643 -21.469159 -54.436052 0.221457 0.502916 -0.179764 0.815915
2067.000000 -15.936446 -21.556623 -54.272156 0.219867 0.507017 -0.181329 0.813457
2068.000000 -16.504982 -21.613188 -54.113196 0.218488 0.511175 -0.182757 0.810902
2069.000000 -16.928803 -21.863160 -53.915200 0.215894 0.513915 -0.184813 0.809398
2070.000000 -17.375819 -22.201661 -53.668099 0.212582 0.516672 -0.187340 0.807937
2071.000000 -17.729959 -22.481379 -53.469218 0.209854 0.518843 -0.189404 0.806777
2072.000000 -18.097049 -22.969096 -53.171552 0.205508 0.520750 -0.192509 0.805932
2073.000000 -18.327406 -23.370249 -52.950855 0.202043 0.521771 -0.194930 0.805565
2074.000000 -18.594260 -23.697382 -52.745792 0.199061 0.523198 -0.197055 0.804865
2075.000000 -18.974279 -23.991770 -52.511169 0.196103 0.525545 -0.199235 0.803524
2076.000000 -19.184634 -24.200642 -52.373441 0.194108 0.526761 -0.200656 0.802859
2077.000000 -19.177098 -24.349341 -52.340969 0.192969 0.526428 -0.201372 0.803172
2078.000000 -19.078616 -24.499224 -52.340513 0.191995 0.525388 -0.201938 0.803944
2079.000000 -18.992259 -24.659567 -52.330123 0.190923 0.524411 -0.202590 0.804673
2080.000000 -18.839686 -24.806127 -52.349552 0.190089 0.522953 -0.203054 0.805701
2081.000000 -18.702214 -24.972709 -52.353285 0.189074 0.521576 -0.203642 0.806684
2082.000000 -18.332278 -24.805422 -52.596914 0.191071 0.519072 -0.202129 0.808208
2083.000000 -18.154576 -24.427144 -52.868812 0.194308 0.518437 -0.199941 0.808388
2084.000000 -17.937007 -24.165526 -53.096831 0.196711 0.517271 -0.198257 0.808968
2085.000000 -17.558446 -24.103178 -53.285482 0.197889 0.514503 -0.197251 0.810691
2086.000000 -17.047435 -24.218851 -53.432994 0.197952 0.510398 -0.196855 0.813362
2087.000000 -16.484386 -24.460432 -53.534016 0.197146 0.505668 -0.196941 0.816485
2088.000000 -15.948676 -24.775459 -53.585853 0.195725 0.501023 -0.197405 0.819572
2089.000000 -15.485448 -25.127341 -53.592072 0.193881 0.496850 -0.198175 0.822361
2090.000000 -15.107138 -25.494824 -53.560474 0.191756 0.493272 -0.199182 0.824766
2091.000000 -14.846501 -25.854422 -53.494782 0.189469 0.490589 -0.200374 0.826604
2092.000000 -14.778685 -26.188450 -53.384718 0.187012 0.489425 -0.201799 0.827506
2093.000000 -14.532473 -26.595129 -53.284891 0.184317 0.486735 -0.203233 0.829345
2094.000000 -14.322914 -26.843131 -53.251001 0.182778 0.484625 -0.204001 0.830731
2095.000000 -14.229426 -26.897732 -53.282265 0.182526 0.483786 -0.204089 0.831253
2096.000000 -14.253034 -26.785041 -53.366450 0.183357 0.484180 -0.203623 0.830956
2097.000000 -14.395138 -26.530709 -53.489073 0.185063 0.485763 -0.202720 0.829874
2098.000000 -14.651516 -26.167375 -53.632228 0.187390 0.488433 -0.201513 0.828077
2099.000000 -14.936038 -25.889512 -53.722579 0.188995 0.491151 -0.200736 0.826291
2100.000000 -15.179091 -25.774395 -53.743941 0.189425 0.493240 -0.200627 0.824973
2101.000000 -15.337562 -25.814186 -53.714073 0.188826 0.494386 -0.201083 0.824313
2102.000000 -15.384059 -25.998005 -53.646397 0.187334 0.494403 -0.202006 0.824418
2103.000000 -15.341068 -26.293880 -53.548805 0.185146 0.493525 -0.203284 0.825124
2104.000000 -15.201365 -26.657359 -53.442947 0.182608 0.491769 -0.204702 0.826387
2105.000000 -14.953514 -27.044429 -53.352111 0.180079 0.489118 -0.206046 0.828179
2106.000000 -14.585546 -27.411957 -53.299963 0.177924 0.485555 -0.207099 0.830475
2107.000000 -14.084827 -27.717152 -53.310270 0.176503 0.481066 -0.207640 0.833251
2108.000000 -13.667242 -27.925387 -53.343734 0.175676 0.477398 -0.207883 0.835472
2109.000000 -13.766257 -27.915534 -53.356979 0.175565 0.478166 -0.208037 0.835018
2110.000000 -13.773815 -27.721318 -53.489907 0.177069 0.478584 -0.207196 0.834670
2111.000000 -13.644320 -27.492834 -53.674773 0.179099 0.478000 -0.205968 0.834875
2112.000000 -13.500913 -27.345187 -53.820715 0.180526 0.477151 -0.205074 0.835274
2113.000000 -13.340302 -27.314495 -53.910842 0.181078 0.475957 -0.204666 0.835935
2114.000000 -13.199381 -27.329435 -53.971916 0.181235 0.474859 -0.204492 0.836568
2115.000000 -13.129604 -27.299557 -54.038295 0.181604 0.474397 -0.204232 0.836813
2116.000000 -13.127935 -27.241266 -54.102388 0.182059 0.474509 -0.203958 0.836718
2117.000000 -13.069066 -27.445417 -54.047309 0.180586 0.473674 -0.204748 0.837317
2118.000000 -12.863564 -27.713586 -53.993239 0.178890 0.471564 -0.205586 0.838666
2119.000000 -12.155420 -27.969443 -54.058781 0.178238 0.465566 -0.205528 0.842163
2120.000000 -11.591212 -28.143423 -54.126065 0.177946 0.460841 -0.205340 0.844865
2121.000000 -11.225993 -28.130035 -54.243913 0.178743 0.458017 -0.204684 0.846390
2122.000000 -10.944456 -27.857908 -54.475053 0.181389 0.456320 -0.203086 0.847128
2123.000000 -10.755843 -27.337563 -54.809014 0.185773 0.455803 -0.200614 0.847045
2124.000000 -10.628486 -26.686556 -55.187357 0.191016 0.455992 -0.197707 0.846461
2125.000000 -10.522704 -26.043522 -55.547712 0.196116 0.456323 -0.194871 0.845774
2126.000000 -10.451496 -25.439398 -55.874292 0.200819 0.456839 -0.192259 0.844989
2127.000000 -10.554364 -24.621450 -56.254290 0.206796 0.459014 -0.189092 0.843081
2128.000000 -10.702889 -23.864145 -56.585821 0.212200 0.461386 -0.186272 0.841069
2129.000000 -10.897408 -23.376609 -56.786063 0.215497 0.463625 -0.184649 0.839356
2130.000000 -11.153431 -23.292036 -56.805371 0.215711 0.465649 -0.184792 0.838148
2131.000000 -11.449709 -23.549008 -56.674729 0.213343 0.467407 -0.186418 0.837415
2132.000000 -11.758211 -24.047919 -56.436160 0.209160 0.468847 -0.189075 0.837069
2133.000000 -12.050894 -24.690051 -56.131052 0.203914 0.469920 -0.192306 0.837026
2134.000000 -12.299861 -25.377348 -55.803984 0.198359 0.470582 -0.195649 0.837214
2135.000000 -12.477880 -26.012989 -55.504707 0.193261 0.470798 -0.198650 0.837579
2136.000000 -12.528995 -26.595006 -55.249987 0.188750 0.470144 -0.201203 0.838364
2137.000000 -12.446689 -27.194601 -55.009116 0.184316 0.468433 -0.203606 0.839728
2138.000000 -12.348680 -27.681547 -54.820923 0.180752 0.466789 -0.205509 0.840953
2139.000000 -12.330983 -27.809612 -54.793266 0.179790 0.466415 -0.206031 0.841239
2140.000000 -12.381221 -27.537231 -54.952900 0.181781 0.467305 -0.204965 0.840578
2141.000000 -12.441366 -27.126173 -55.177328 0.184805 0.468520 -0.203322 0.839641
2142.000000 -12.478317 -26.796480 -55.363926 0.187240 0.469396 -0.201983 0.838935
2143.000000 -12.502382 -26.585067 -55.494657 0.188800 0.469955 -0.201124 0.838479
2144.000000 -12.529964 -26.502884 -55.562432 0.189382 0.470312 -0.200816 0.838221
2145.000000 -12.578451 -26.559991 -55.559046 0.188879 0.470581 -0.201132 0.838107
2146.000000 -12.695709 -26.672991 -55.512714 0.187824 0.471269 -0.201805 0.837796
2147.000000 -12.880737 -26.685509 -55.497952 0.187395 0.472646 -0.202173 0.837028
2148.000000 -13.012793 -26.646613 -55.519248 0.187441 0.473712 -0.202237 0.836399
2149.000000 -12.997760 -26.685362 -55.537324 0.187165 0.473525 -0.202387 0.836530
2150.000000 -12.860583 -26.766903 -55.563168 0.186788 0.472342 -0.202509 0.837253
2151.000000 -12.708878 -26.732739 -55.647827 0.187309 0.471264 -0.202109 0.837841
2152.000000 -12.631580 -26.503285 -55.808730 0.189167 0.471099 -0.201005 0.837782
2153.000000 -12.652436 -26.161131 -55.999372 0.191695 0.471867 -0.199593 0.837112
2154.000000 -12.766678 -25.788883 -56.180359 0.194277 0.473375 -0.198218 0.835992
2155.000000 -12.968110 -25.468447 -56.314880 0.196314 0.475427 -0.197217 0.834587
2156.000000 -13.250338 -25.282168 -56.367662 0.197212 0.477831 -0.196929 0.833069
2157.000000 -13.606577 -25.312510 -56.303496 0.196378 0.480397 -0.197693 0.831608
2158.000000 -14.018313 -25.602711 -56.105037 0.193516 0.482914 -0.199669 0.830348
2159.000000 -14.442327 -26.109650 -55.796972 0.189005 0.485134 -0.202608 0.829381
2160.000000 -14.831639 -26.774662 -55.412226 0.183340 0.486804 -0.206184 0.828792
2161.000000 -15.133592 -27.505090 -55.005146 0.177292 0.487691 -0.209907 0.828652
2162.000000 -15.304549 -28.216271 -54.630125 0.171581 0.487622 -0.213333 0.829020
2163.000000 -15.324943 -28.853574 -54.324404 0.166677 0.486542 -0.216189 0.829914
2164.000000 -15.197865 -29.388202 -54.106724 0.162821 0.484523 -0.218363 0.831291
2165.000000 -14.927543 -29.793357 -53.993788 0.160234 0.481644 -0.219746 0.833100
2166.000000 -14.521696 -30.049088 -53.996108 0.159071 0.478004 -0.220267 0.835279
2167.000000 -14.106082 -30.169235 -54.072564 0.158982 0.474546 -0.220186 0.837287
2168.000000 -13.810910 -30.166508 -54.183635 0.159605 0.472254 -0.219759 0.838575
2169.000000 -13.667963 -30.110824 -54.284550 0.160333 0.471239 -0.219332 0.839119
2170.000000 -13.709770 -30.077557 -54.326757 0.160517 0.471604 -0.219273 0.838894
2171.000000 -13.959365 -30.157807 -54.253557 0.159408 0.473340 -0.220010 0.837934
2172.000000 -14.348302 -30.343998 -54.082497 0.157199 0.475931 -0.221421 0.836511
2173.000000 -14.780397 -30.595889 -53.858520 0.154391 0.478714 -0.223200 0.834972
2174.000000 -15.197964 -30.911944 -53.595874 0.151099 0.481253 -0.225256 0.833562
2175.000000 -15.719573 -31.461142 -53.158247 0.145728 0.484127 -0.228502 0.831968
2176.000000 -16.366521 -32.244661 -52.523188 0.138161 0.487497 -0.232994 0.830044
2177.000000 -16.960528 -33.106358 -51.827243 0.129974 0.490273 -0.237808 0.828364
2178.000000 -17.324288 -33.897346 -51.225591 0.122766 0.491367 -0.242014 0.827596
2179.000000 -17.386390 -34.434610 -50.878972 0.118242 0.490636 -0.244617 0.827924
2180.000000 -17.184796 -34.722862 -50.784800 0.116344 0.488356 -0.245707 0.829217
2181.000000 -16.852333 -34.924691 -50.790373 0.115471 0.485179 -0.246270 0.831034
2182.000000 -16.600955 -35.295803 -50.648908 0.113028 0.482208 -0.247774 0.832651
2183.000000 -16.611051 -36.000289 -50.180893 0.107186 0.480531 -0.251172 0.833375
2184.000000 -16.426158 -36.279768 -50.075401 0.105334 0.478291 -0.252302 0.834557
2185.000000 -16.253794 -36.340355 -50.123762 0.105285 0.476695 -0.252399 0.835447
2186.000000 -16.204229 -36.291732 -50.210577 0.105843 0.476375 -0.252134 0.835639
2187.000000 -16.270834 -36.292064 -50.222515 0.105688 0.476892 -0.252246 0.835330
2188.000000 -16.446933 -36.502131 -50.043795 0.103477 0.477814 -0.253467 0.834710
2189.000000 -16.722718 -37.072155 -49.565111 0.097996 0.478665 -0.256476 0.833965
2190.000000 -16.981325 -37.950189 -48.841952 0.089883 0.478550 -0.260982 0.833546
2191.000000 -17.084630 -38.891423 -48.094270 0.081515 0.476890 -0.265703 0.833866
2192.000000 -16.976468 -39.574050 -47.607658 0.075862 0.474076 -0.268974 0.834955
2193.000000 -16.656545 -39.784532 -47.579339 0.074899 0.470730 -0.269712 0.836695
2194.000000 -16.696366 -40.140048 -47.299427 0.071655 0.470056 -0.271527 0.836771
2195.000000 -16.872419 -40.193193 -47.224746 0.070682 0.471428 -0.271963 0.835940
2196.000000 -17.029158 -39.973664 -47.387070 0.072158 0.473416 -0.271007 0.835000
2197.000000 -17.082030 -39.801040 -47.545488 0.073503 0.474360 -0.270191 0.834612
2198.000000 -17.090487 -39.631157 -47.716857 0.074948 0.474910 -0.269347 0.834443
2199.000000 -17.116886 -39.411991 -47.922192 0.076776 0.475762 -0.268266 0.834140
2200.000000 -17.223849 -39.091695 -48.180620 0.079266 0.477598 -0.266746 0.833345
2201.000000 -17.422821 -38.673963 -48.481138 0.082338 0.480484 -0.264823 0.832000
2202.000000 -17.643919 -38.250592 -48.771266 0.085365 0.483547 -0.262895 0.830531
2203.000000 -17.809192 -37.925777 -48.998714 0.087674 0.485849 -0.261404 0.829417
2204.000000 -17.839762 -37.830632 -49.094908 0.088386 0.486383 -0.260937 0.829175
2205.000000 -17.655179 -38.120665 -48.970673 0.086415 0.484057 -0.262199 0.830345
2206.000000 -17.285829 -38.692314 -48.686783 0.082531 0.479387 -0.264682 0.832658
2207.000000 -16.883906 -39.207828 -48.448499 0.079186 0.474563 -0.266840 0.835054
2208.000000 -16.454548 -39.707229 -48.222915 0.076040 0.469498 -0.268898 0.837546
2209.000000 -16.023519 -40.218405 -47.978007 0.072789 0.464321 -0.271029 0.840030
2210.000000 -15.709716 -40.696145 -47.712506 0.069495 0.460189 -0.273120 0.841904
2211.000000 -15.652433 -41.078200 -47.437454 0.066305 0.458536 -0.274969 0.842461
2212.000000 -15.860037 -41.343623 -47.171359 0.063364 0.459556 -0.276450 0.841646
2213.000000 -16.039450 -41.589406 -46.927926 0.060650 0.460399 -0.277798 0.840942
2214.000000 -16.191984 -41.882338 -46.647728 0.057566 0.460868 -0.279353 0.840386
2215.000000 -16.391609 -42.246181 -46.281797 0.053673 0.461556 -0.281289 0.839620
2216.000000 -16.636691 -42.637438 -45.867027 0.049357 0.462585 -0.283395 0.838609
2217.000000 -16.904889 -42.994451 -45.467609 0.045249 0.463945 -0.285351 0.837426
2218.000000 -17.176257 -43.257003 -45.150045 0.041976 0.465628 -0.286831 0.836156
2219.000000 -17.406614 -43.383951 -44.974061 0.040070 0.467365 -0.287590 0.835019
2220.000000 -17.464276 -43.402426 -44.967727 0.039708 0.467854 -0.287701 0.834724
2221.000000 -17.213672 -43.371229 -45.127489 0.040786 0.465641 -0.287421 0.836005
2222.000000 -16.680096 -43.352530 -45.378128 0.042644 0.460763 -0.287087 0.838725
2223.000000 -16.185603 -43.302705 -45.636972 0.044657 0.456347 -0.286615 0.841192
2224.000000 -15.776539 -43.181591 -45.927257 0.047044 0.452957 -0.285820 0.843163
2225.000000 -15.428248 -42.968552 -46.277820 0.050068 0.450426 -0.284594 0.844758
2226.000000 -15.186442 -42.707228 -46.632791 0.053188 0.449020 -0.283193 0.845786
2227.000000 -15.072752 -42.446227 -46.941834 0.055898 0.448773 -0.281871 0.846184
2228.000000 -15.079751 -42.225442 -47.173186 0.057872 0.449487 -0.280818 0.846022
2229.000000 -15.199176 -42.085176 -47.295025 0.058783 0.450964 -0.280221 0.845371
2230.000000 -15.422065 -42.065918 -47.274695 0.058303 0.453006 -0.280266 0.844297
2231.000000 -15.720295 -42.190343 -47.099511 0.056310 0.455299 -0.281047 0.842938
2232.000000 -16.024178 -42.433564 -46.811585 0.053220 0.457293 -0.282412 0.841602
2233.000000 -16.281507 -42.749034 -46.468129 0.049595 0.458657 -0.284109 0.840509
2234.000000 -16.449093 -43.086653 -46.129567 0.046015 0.459144 -0.285872 0.839849
2235.000000 -16.485129 -43.397771 -45.857743 0.043058 0.458512 -0.287441 0.839816
2236.000000 -16.352589 -43.636105 -45.712289 0.041284 0.456552 -0.288572 0.840584
2237.000000 -16.060034 -43.770577 -45.720939 0.040973 0.453420 -0.289129 0.842102
2238.000000 -15.641183 -43.779285 -45.891003 0.042227 0.449499 -0.289024 0.844176
2239.000000 -15.126144 -43.640102 -46.228524 0.045127 0.445174 -0.288141 0.846616
2240.000000 -14.544851 -43.328642 -46.738814 0.049760 0.440829 -0.286366 0.849228
2241.000000 -14.113458 -42.669826 -47.504542 0.056999 0.438925 -0.283051 0.850869
2242.000000 -13.984412 -41.661101 -48.462052 0.066318 0.440714 -0.278361 0.850816
2243.000000 -13.876274 -40.749969 -49.294331 0.074550 0.442332 -0.274178 0.850653
2244.000000 -13.675097 -40.152194 -49.871553 0.080236 0.442226 -0.271373 0.851091
2245.000000 -13.435415 -39.841310 -50.219159 0.083538 0.441003 -0.269819 0.851901
2246.000000 -13.218055 -39.775998 -50.363905 0.084693 0.439336 -0.269346 0.852797
2247.000000 -13.085625 -39.910823 -50.328278 0.083937 0.437875 -0.269810 0.853477
2248.000000 -13.103681 -40.196568 -50.131608 0.081493 0.437259 -0.271078 0.853627
2249.000000 -13.327364 -40.589569 -49.789397 0.077554 0.438072 -0.273007 0.852963
2250.000000 -13.744945 -41.086697 -49.299330 0.072130 0.440262 -0.275547 0.851493
2251.000000 -14.118300 -41.858031 -48.572577 0.064361 0.441298 -0.279295 0.850358
2252.000000 -14.286794 -42.879170 -47.656689 0.054837 0.439776 -0.284086 0.850226
2253.000000 -14.505246 -43.710682 -46.861487 0.046694 0.439201 -0.288086 0.849664
2254.000000 -14.841728 -44.190631 -46.336132 0.041283 0.440744 -0.290543 0.848307
2255.000000 -15.199464 -44.385684 -46.066265 0.038370 0.443395 -0.291653 0.846680
2256.000000 -15.479541 -44.364920 -46.026462 0.037663 0.446054 -0.291656 0.845313
2257.000000 -15.588654 -44.193467 -46.187870 0.038866 0.447647 -0.290830 0.844701
2258.000000 -15.476592 -43.956701 -46.484172 0.041354 0.447414 -0.289602 0.845128
2259.000000 -15.132635 -43.759283 -46.816195 0.044200 0.444931 -0.288487 0.846675
2260.000000 -14.601675 -43.673379 -47.098021 0.046607 0.440402 -0.287833 0.849132
2261.000000 -13.969487 -43.737445 -47.264160 0.047962 0.434508 -0.287818 0.852093
2262.000000 -13.352230 -43.904979 -47.321790 0.048331 0.428440 -0.288254 0.854993
2263.000000 -12.875407 -44.096549 -47.310744 0.048052 0.423558 -0.288849 0.857238
2264.000000 -12.589110 -44.280076 -47.251267 0.047268 0.420400 -0.289510 0.858612
2265.000000 -12.475012 -44.466528 -47.140816 0.045932 0.418769 -0.290287 0.859218
2266.000000 -12.511238 -44.668750 -46.973518 0.043981 0.418443 -0.291222 0.859163
2267.000000 -12.673197 -44.898647 -46.743640 0.041373 0.419183 -0.292341 0.858551
2268.000000 -12.893780 -45.143748 -46.479716 0.038422 0.420430 -0.293551 0.857666
2269.000000 -13.086869 -45.370532 -46.237686 0.035710 0.421499 -0.294663 0.856877
2270.000000 -13.253802 -45.548557 -46.048300 0.033520 0.422491 -0.295540 0.856174
2271.000000 -13.409221 -45.653276 -45.933234 0.032043 0.423615 -0.296075 0.855490
2272.000000 -13.496377 -45.701384 -45.893804 0.031314 0.424283 -0.296327 0.855099
2273.000000 -13.437927 -45.726382 -45.920157 0.031276 0.423654 -0.296431 0.855376
2274.000000 -13.228327 -45.714910 -46.026531 0.032069 0.421720 -0.296323 0.856339
2275.000000 -12.924010 -45.612097 -46.248527 0.034008 0.419202 -0.295760 0.857694
2276.000000 -12.583316 -45.360229 -46.622349 0.037415 0.416846 -0.294498 0.859134
2277.000000 -12.267749 -44.902234 -47.179804 0.042588 0.415386 -0.292330 0.860339
2278.000000 -12.068039 -44.289999 -47.838588 0.048735 0.415446 -0.289563 0.860920
2279.000000 -12.092672 -43.718854 -48.387804 0.053759 0.417376 -0.287106 0.860510
2280.000000 -12.357438 -43.382926 -48.656143 0.055940 0.420728 -0.285788 0.859176
2281.000000 -12.789587 -43.290420 -48.661361 0.055484 0.424825 -0.285614 0.857245
2282.000000 -13.321983 -43.371305 -48.481974 0.053226 0.429274 -0.286262 0.854953
2283.000000 -13.901792 -43.567439 -48.179147 0.049816 0.433789 -0.287458 0.852475
2284.000000 -14.475903 -43.822143 -47.814060 0.045875 0.438087 -0.288920 0.850000
2285.000000 -14.992711 -44.079203 -47.451762 0.042034 0.441886 -0.290369 0.847735
2286.000000 -15.401115 -44.282833 -47.163281 0.038952 0.444905 -0.291518 0.845908
2287.000000 -15.650137 -44.374222 -47.026821 0.037336 0.446864 -0.292059 0.844761
2288.000000 -15.687560 -44.253404 -47.159082 0.038266 0.447596 -0.291494 0.844526
2289.000000 -15.622472 -44.265181 -47.200717 0.038324 0.446999 -0.291519 0.844831
2290.000000 -15.447328 -44.338802 -47.221194 0.038179 0.445223 -0.291788 0.845682
2291.000000 -15.163240 -44.403134 -47.286312 0.038468 0.442503 -0.291958 0.847037
2292.000000 -14.810577 -44.498611 -47.344139 0.038709 0.439076 -0.292224 0.848716
2293.000000 -14.429800 -44.665526 -47.342967 0.038421 0.435174 -0.292789 0.850542
2294.000000 -14.060611 -44.939298 -47.231991 0.037127 0.431017 -0.293863 0.852344
2295.000000 -13.743512 -45.359518 -46.957886 0.034329 0.426823 -0.295655 0.853950
2296.000000 -13.518786 -45.967872 -46.462366 0.029486 0.422812 -0.298365 0.855184
2297.000000 -13.427342 -46.805811 -45.678066 0.022001 0.419208 -0.302194 0.855838
2298.000000 -13.499130 -47.879627 -44.562221 0.011569 0.416237 -0.307208 0.855708
2299.000000 -13.581846 -48.682418 -43.690822 0.003490 0.414203 -0.311019 0.855389
2300.000000 -13.644107 -49.133879 -43.195684 -0.001189 0.413184 -0.313182 0.855099
2301.000000 -13.709412 -49.319032 -42.996542 -0.003276 0.413160 -0.314068 0.854780
2302.000000 -13.800905 -49.316092 -43.004375 -0.003590 0.414089 -0.314041 0.854339
2303.000000 -13.938766 -49.195537 -43.132130 -0.002903 0.415910 -0.313439 0.853678
2304.000000 -14.126321 -49.002421 -43.325156 -0.001680 0.418478 -0.312480 0.852777
2305.000000 -14.360181 -48.771802 -43.542674 -0.000262 0.421622 -0.311338 0.851647
2306.000000 -14.636915 -48.538952 -43.744840 0.001016 0.425174 -0.310182 0.850302
2307.000000 -14.951716 -48.335680 -43.897475 0.001865 0.428969 -0.309171 0.848761
2308.000000 -15.286610 -48.150658 -44.019182 0.002465 0.432867 -0.308255 0.847112
2309.000000 -15.616021 -47.947262 -44.158926 0.003262 0.436742 -0.307262 0.845480
2310.000000 -15.913451 -47.688026 -44.366399 0.004704 0.440470 -0.306002 0.843994
2311.000000 -16.151360 -47.341589 -44.683712 0.007167 0.443904 -0.304308 0.842790
2312.000000 -16.303410 -46.981069 -45.041026 0.010031 0.446553 -0.302536 0.841999
2313.000000 -16.347302 -46.769185 -45.278639 0.011854 0.447678 -0.301489 0.841753
2314.000000 -16.284997 -46.828808 -45.273540 0.011507 0.446905 -0.301774 0.842067
2315.000000 -16.142726 -47.099799 -45.077812 0.009465 0.444678 -0.303090 0.842798
2316.000000 -15.949229 -47.489760 -44.772411 0.006475 0.441560 -0.304978 0.843784
2317.000000 -15.733207 -47.907484 -44.438865 0.003276 0.438110 -0.306996 0.844868
2318.000000 -15.524367 -48.262433 -44.162673 0.000622 0.434902 -0.308720 0.845903
2319.000000 -15.352811 -48.468473 -44.030138 -0.000753 0.432519 -0.309746 0.846749
2320.000000 -15.288356 -48.633099 -43.902716 -0.002115 0.431277 -0.310594 0.847070
2321.000000 -15.390208 -48.986268 -43.503902 -0.005910 0.430965 -0.312367 0.846558
2322.000000 -15.613123 -49.429570 -42.951172 -0.011065 0.431505 -0.314586 0.845409
2323.000000 -15.904993 -49.770609 -42.480716 -0.015508 0.433094 -0.316295 0.843887
2324.000000 -16.209572 -49.886921 -42.263871 -0.017780 0.435662 -0.316850 0.842312
2325.000000 -16.460846 -49.849909 -42.246768 -0.018332 0.438306 -0.316596 0.841023
2326.000000 -16.622612 -49.834721 -42.236496 -0.018786 0.440004 -0.316455 0.840178
2327.000000 -16.706157 -49.951134 -42.099927 -0.020266 0.440433 -0.317021 0.839706
2328.000000 -16.758233 -50.217745 -41.794532 -0.023137 0.439966 -0.318398 0.839355
2329.000000 -16.823752 -50.646042 -41.281805 -0.027717 0.438992 -0.320643 0.838872
2330.000000 -16.886131 -51.111226 -40.712968 -0.032717 0.437805 -0.323109 0.838365
2331.000000 -16.903328 -51.444739 -40.317394 -0.036238 0.436643 -0.324904 0.838133
2332.000000 -16.916964 -51.687121 -40.033543 -0.038828 0.435787 -0.326220 0.837952
2333.000000 -16.939237 -51.871416 -39.817930 -0.040860 0.435247 -0.327222 0.837745
2334.000000 -16.973240 -52.023772 -39.637532 -0.042609 0.434959 -0.328047 0.837484
2335.000000 -17.029537 -52.156866 -39.472138 -0.044249 0.434996 -0.328751 0.837104
2336.000000 -17.187287 -52.233067 -39.337091 -0.045713 0.436357 -0.329081 0.836187
2337.000000 -17.525241 -52.285755 -39.151780 -0.047688 0.439741 -0.329172 0.834266
2338.000000 -18.018244 -52.360777 -38.860898 -0.050563 0.444689 -0.329290 0.831422
2339.000000 -18.404876 -52.317247 -38.772749 -0.051731 0.449011 -0.328783 0.829225
2340.000000 -18.633675 -52.231306 -38.813980 -0.051781 0.451823 -0.328121 0.827956
2341.000000 -18.709236 -52.138640 -38.936081 -0.051116 0.453020 -0.327525 0.827579
2342.000000 -18.645689 -52.074547 -39.084460 -0.050183 0.452615 -0.327198 0.827987
2343.000000 -18.493712 -52.097735 -39.156640 -0.049817 0.450918 -0.327438 0.828840
2344.000000 -18.474237 -52.166502 -39.107308 -0.050472 0.450439 -0.327844 0.828901
2345.000000 -18.655940 -52.156874 -39.068741 -0.051126 0.452412 -0.327664 0.827856
2346.000000 -18.787001 -52.051677 -39.181862 -0.050550 0.454245 -0.326957 0.827167
2347.000000 -18.755669 -51.949382 -39.367894 -0.049331 0.454337 -0.326377 0.827419
2348.000000 -18.551319 -51.998361 -39.434682 -0.048988 0.451960 -0.326798 0.828574
2349.000000 -18.449270 -52.277315 -39.146247 -0.051507 0.449720 -0.328463 0.828982
2350.000000 -18.560742 -52.491459 -38.839757 -0.054254 0.450018 -0.329615 0.828187
2351.000000 -18.889934 -52.480438 -38.730774 -0.055519 0.453565 -0.329329 0.826280
2352.000000 -19.262643 -52.456525 -38.613668 -0.056840 0.457622 -0.328934 0.824108
2353.000000 -19.655525 -52.380283 -38.551161 -0.057716 0.462123 -0.328195 0.821827
2354.000000 -19.902840 -52.301495 -38.562318 -0.057964 0.465102 -0.327522 0.820396
2355.000000 -19.978751 -52.343922 -38.497974 -0.058754 0.465740 -0.327714 0.819901
2356.000000 -20.073863 -52.502238 -38.267409 -0.060838 0.466094 -0.328596 0.819195
2357.000000 -20.176616 -52.573968 -38.150169 -0.062031 0.466891 -0.328953 0.818508
2358.000000 -20.188703 -52.260265 -38.607298 -0.058726 0.468363 -0.327034 0.818680
2359.000000 -20.253225 -52.317038 -38.530932 -0.059597 0.468810 -0.327328 0.818243
2360.000000 -20.360191 -52.517522 -38.234602 -0.062189 0.469096 -0.328466 0.817430
2361.000000 -20.463878 -52.802643 -37.817807 -0.065701 0.468967 -0.330144 0.816553
2362.000000 -20.671593 -52.959819 -37.517928 -0.068305 0.470496 -0.330961 0.815127
2363.000000 -20.940875 -53.027513 -37.309414 -0.070195 0.473080 -0.331159 0.813389
2364.000000 -21.214459 -53.054356 -37.147686 -0.071718 0.475903 -0.331102 0.811631
2365.000000 -21.436846 -53.097610 -36.988958 -0.073211 0.478147 -0.331161 0.810153
2366.000000 -21.572331 -53.195584 -36.801750 -0.074915 0.479232 -0.331633 0.809162
2367.000000 -21.704198 -53.363757 -36.513661 -0.077370 0.479958 -0.332577 0.808113
2368.000000 -21.998596 -53.698702 -35.875714 -0.082440 0.481690 -0.334494 0.805787
2369.000000 -22.342612 -53.552069 -35.917762 -0.082369 0.486205 -0.333138 0.803641
2370.000000 -22.685883 -53.353235 -36.033222 -0.081733 0.490966 -0.331383 0.801534
2371.000000 -22.849796 -53.414617 -35.872188 -0.083183 0.492522 -0.331594 0.800343
2372.000000 -22.896086 -53.633971 -35.547126 -0.085865 0.492007 -0.333050 0.799771
2373.000000 -22.968354 -53.835844 -35.227109 -0.088491 0.491856 -0.334369 0.799027
2374.000000 -23.137858 -54.019106 -34.867443 -0.091383 0.492891 -0.335457 0.797607
2375.000000 -23.393847 -54.170500 -34.493965 -0.094346 0.495084 -0.336214 0.795582
2376.000000 -23.714470 -54.227465 -34.217995 -0.096562 0.498478 -0.336216 0.793192
2377.000000 -23.987679 -54.212165 -34.084914 -0.097727 0.501705 -0.335731 0.791218
2378.000000 -24.103810 -54.187342 -34.076591 -0.098008 0.503172 -0.335385 0.790399
2379.000000 -24.205006 -54.322182 -33.822958 -0.100072 0.503675 -0.336250 0.789451
2380.000000 -24.477125 -54.721041 -33.007627 -0.106148 0.504870 -0.338847 0.786780
2381.000000 -24.787240 -55.050820 -32.253319 -0.111718 0.506859 -0.340909 0.783833
2382.000000 -25.043270 -55.284890 -31.685809 -0.115928 0.508708 -0.342332 0.781400
2383.000000 -25.186549 -55.506889 -31.217972 -0.119441 0.509256 -0.343852 0.779845
2384.000000 -25.220404 -55.644333 -30.980253 -0.121358 0.508958 -0.344864 0.779296
2385.000000 -25.219939 -55.635545 -31.025721 -0.121302 0.509096 -0.344731 0.779274
2386.000000 -25.265554 -55.473113 -31.307146 -0.119578 0.510638 -0.343270 0.779176
2387.000000 -25.428023 -55.165675 -31.746123 -0.116696 0.514336 -0.340459 0.778414
2388.000000 -25.720776 -54.783913 -32.199887 -0.113616 0.519892 -0.336874 0.776737
2389.000000 -25.908567 -54.314786 -32.870370 -0.108980 0.524496 -0.332833 0.776047
2390.000000 -25.752525 -53.744001 -33.948242 -0.101548 0.525435 -0.328658 0.778197
2391.000000 -25.571987 -53.242465 -34.897564 -0.094988 0.525724 -0.325128 0.780310
2392.000000 -25.476673 -52.837232 -35.612806 -0.090039 0.526526 -0.322227 0.781558
2393.000000 -25.468248 -52.503500 -36.145700 -0.086343 0.527945 -0.319765 0.782029
2394.000000 -25.569147 -52.279839 -36.434087 -0.084361 0.530034 -0.317993 0.781554
2395.000000 -25.798363 -52.280584 -36.306258 -0.085370 0.532515 -0.317704 0.779874
2396.000000 -26.047342 -52.532136 -35.795587 -0.089190 0.534094 -0.319257 0.777730
2397.000000 -26.207959 -53.004823 -35.006338 -0.095097 0.533678 -0.322642 0.775917
2398.000000 -26.316935 -53.546959 -34.122453 -0.101672 0.532312 -0.326702 0.774321
2399.000000 -26.456446 -53.984695 -33.350448 -0.107351 0.531743 -0.329972 0.772557
2400.000000 -26.696769 -54.169920 -32.888261 -0.110695 0.533571 -0.331119 0.770330
2401.000000 -26.944525 -54.191059 -32.682366 -0.112204 0.536360 -0.330893 0.768270
2402.000000 -27.082162 -54.207690 -32.572047 -0.113128 0.537928 -0.330767 0.767091
2403.000000 -27.170301 -54.223588 -32.503695 -0.113794 0.538920 -0.330714 0.766319
2404.000000 -27.255900 -54.275590 -32.377718 -0.114864 0.539696 -0.330967 0.765503
2405.000000 -27.369798 -54.342806 -32.203083 -0.116243 0.540730 -0.331300 0.764420
2406.000000 -27.544343 -54.379986 -32.026978 -0.117569 0.542623 -0.331286 0.762881
2407.000000 -27.766349 -54.321416 -31.970931 -0.118000 0.545551 -0.330385 0.761115
2408.000000 -27.930698 -54.154192 -32.147632 -0.116845 0.548354 -0.328648 0.760030
2409.000000 -27.981807 -53.998054 -32.399979 -0.115263 0.549750 -0.327218 0.759880
2410.000000 -27.912166 -54.027383 -32.443086 -0.115262 0.548767 -0.327617 0.760419
2411.000000 -27.848671 -54.263335 -32.132515 -0.117734 0.546803 -0.329768 0.760525
2412.000000 -27.986147 -54.474786 -31.683262 -0.120976 0.547345 -0.331341 0.758941
2413.000000 -28.231647 -54.651117 -31.192369 -0.124384 0.549358 -0.332416 0.756461
2414.000000 -28.435139 -54.827812 -30.730934 -0.127607 0.550871 -0.333578 0.754310
2415.000000 -28.521935 -54.949220 -30.469560 -0.129556 0.551272 -0.334478 0.753286
2416.000000 -28.527598 -55.049844 -30.316771 -0.130832 0.550773 -0.335380 0.753029
2417.000000 -28.535999 -55.208672 -30.052223 -0.132858 0.549969 -0.336831 0.752614
2418.000000 -28.622050 -55.484995 -29.489698 -0.136827 0.549460 -0.339218 0.751202
2419.000000 -28.795378 -55.806253 -28.738203 -0.141967 0.549768 -0.341884 0.748810
2420.000000 -29.025854 -56.065492 -28.025871 -0.146760 0.551185 -0.343865 0.745931
2421.000000 -29.268247 -56.219787 -27.492612 -0.150330 0.553456 -0.344777 0.743113
2422.000000 -29.420940 -56.409423 -26.969245 -0.153894 0.554359 -0.346256 0.741019
2423.000000 -29.461228 -56.652290 -26.444372 -0.157538 0.553384 -0.348613 0.739876
2424.000000 -29.450180 -56.836806 -26.092334 -0.160069 0.552032 -0.350558 0.739424
2425.000000 -29.486500 -56.924318 -25.894229 -0.161549 0.551942 -0.351389 0.738774
2426.000000 -29.559954 -56.977372 -25.726963 -0.162796 0.552588 -0.351770 0.737836
2427.000000 -29.625763 -57.086580 -25.439949 -0.164820 0.552739 -0.352785 0.736788
2428.000000 -29.720629 -57.327444 -24.812457 -0.169019 0.552411 -0.355137 0.734950
2429.000000 -29.923758 -57.654833 -23.824507 -0.175436 0.553055 -0.358145 0.731495
2430.000000 -30.140372 -57.958186 -22.831670 -0.181807 0.554030 -0.360971 0.727803
2431.000000 -30.289843 -58.104721 -22.293101 -0.185319 0.555198 -0.362210 0.725407
2432.000000 -30.301722 -57.971981 -22.655917 -0.183272 0.556509 -0.360465 0.725792
2433.000000 -30.244232 -57.681756 -23.488455 -0.178297 0.557912 -0.357148 0.727592
2434.000000 -30.248080 -57.636414 -23.618539 -0.177695 0.558335 -0.356612 0.727678
2435.000000 -30.211428 -57.581948 -23.821488 -0.176643 0.558170 -0.356157 0.728283
2436.000000 -30.233842 -57.582623 -23.820577 -0.176836 0.558460 -0.356148 0.728018
2437.000000 -30.224669 -57.450825 -24.187293 -0.174712 0.559224 -0.354699 0.728651
2438.000000 -30.142606 -57.111392 -25.120595 -0.169022 0.560395 -0.351136 0.730816
2439.000000 -29.938467 -56.639402 -26.434726 -0.160922 0.560645 -0.346687 0.734567
2440.000000 -29.739840 -56.164321 -27.679066 -0.153172 0.560899 -0.342397 0.738034
2441.000000 -29.629375 -55.807116 -28.538085 -0.147820 0.561595 -0.339156 0.740090
2442.000000 -29.556739 -55.786790 -28.685492 -0.147141 0.560796 -0.339128 0.740844
2443.000000 -29.538040 -55.978438 -28.364417 -0.149526 0.559465 -0.341001 0.740512
2444.000000 -29.496603 -55.928679 -28.540701 -0.148630 0.559260 -0.340582 0.741041
2445.000000 -29.492550 -55.990110 -28.459039 -0.149403 0.558871 -0.341168 0.740909
2446.000000 -29.408443 -56.003109 -28.555041 -0.149063 0.557722 -0.341502 0.741689
2447.000000 -29.390417 -56.074162 -28.469169 -0.149869 0.557054 -0.342247 0.741685
2448.000000 -29.420815 -56.178023 -28.267250 -0.151402 0.556805 -0.343194 0.741123
2449.000000 -29.450449 -56.258701 -28.109414 -0.152643 0.556689 -0.343917 0.740620
2450.000000 -29.556486 -56.421572 -27.701408 -0.155468 0.557093 -0.345244 0.739110
2451.000000 -29.476928 -56.670057 -27.308677 -0.158316 0.554460 -0.347982 0.739201
2452.000000 -29.413314 -56.903446 -26.922324 -0.161092 0.552095 -0.350548 0.739159
2453.000000 -29.431049 -57.078818 -26.563865 -0.163621 0.551179 -0.352311 0.738449
2454.000000 -29.533562 -57.177205 -26.272871 -0.165657 0.551935 -0.353034 0.737084
2455.000000 -29.604524 -57.244819 -26.077446 -0.167093 0.552496 -0.353521 0.736105
2456.000000 -29.647245 -57.300667 -25.938685 -0.168183 0.552727 -0.353974 0.735466
2457.000000 -29.680981 -57.356327 -25.810436 -0.169209 0.552812 -0.354461 0.734932
2458.000000 -29.721939 -57.423476 -25.647304 -0.170452 0.552918 -0.355052 0.734279
2459.000000 -29.692003 -57.505140 -25.532184 -0.171421 0.551930 -0.356027 0.734325
2460.000000 -29.341102 -57.505927 -25.965742 -0.169018 0.546952 -0.357160 0.738047
2461.000000 -29.160774 -57.491540 -26.232243 -0.167586 0.544503 -0.357594 0.739971
2462.000000 -29.169507 -57.497843 -26.241564 -0.167737 0.544580 -0.357645 0.739856
2463.000000 -29.192457 -57.529493 -26.180007 -0.168338 0.544686 -0.357911 0.739513
2464.000000 -29.082512 -57.580296 -26.225686 -0.168293 0.542783 -0.358795 0.740493
2465.000000 -28.871060 -57.589993 -26.474847 -0.166967 0.539732 -0.359553 0.742652
2466.000000 -28.677091 -57.544820 -26.817324 -0.165022 0.537327 -0.359692 0.744761
2467.000000 -28.591983 -57.464276 -27.111929 -0.163351 0.536684 -0.359156 0.745851
2468.000000 -28.503725 -57.408898 -27.352554 -0.162026 0.535835 -0.358888 0.746879
2469.000000 -28.345357 -57.435588 -27.492750 -0.161363 0.533490 -0.359631 0.748342
2470.000000 -28.264999 -57.500189 -27.474518 -0.161719 0.531971 -0.360489 0.748934
2471.000000 -28.156679 -57.527504 -27.563712 -0.161375 0.530323 -0.361060 0.749901
2472.000000 -27.993739 -57.583163 -27.648214 -0.161061 0.527777 -0.362047 0.751287
2473.000000 -27.793819 -57.661085 -27.722060 -0.160810 0.524595 -0.363340 0.752944
2474.000000 -27.603620 -57.711145 -27.842458 -0.160245 0.521716 -0.364335 0.754582
2475.000000 -27.512459 -57.655947 -28.081578 -0.158906 0.520861 -0.364054 0.755591
2476.000000 -27.393164 -57.682331 -28.178505 -0.158500 0.519126 -0.364589 0.756611
2477.000000 -27.018833 -57.731048 -28.470679 -0.156758 0.513813 -0.366068 0.759880
2478.000000 -26.619723 -57.844991 -28.645622 -0.155724 0.507725 -0.368216 0.763140
2479.000000 -26.428404 -58.067043 -28.404464 -0.157468 0.503717 -0.370723 0.764224
2480.000000 -26.364967 -58.353382 -27.908089 -0.160924 0.500995 -0.373430 0.763975
2481.000000 -26.205369 -58.628671 -27.514605 -0.163647 0.497013 -0.376306 0.764586
2482.000000 -25.982669 -58.711791 -27.587041 -0.163281 0.493460 -0.377606 0.766322
2483.000000 -25.721297 -58.695797 -27.901155 -0.161289 0.490037 -0.378147 0.768670
2484.000000 -25.409211 -58.745680 -28.112972 -0.159884 0.485421 -0.379473 0.771235
2485.000000 -25.073941 -58.994400 -27.921663 -0.161048 0.479060 -0.382628 0.773408
2486.000000 -24.787918 -59.283986 -27.591735 -0.163124 0.473035 -0.385980 0.775015
2487.000000 -24.651638 -59.627454 -27.000983 -0.167040 0.468686 -0.389335 0.775145
2488.000000 -24.484917 -59.881150 -26.625021 -0.169496 0.464492 -0.392007 0.775789
2489.000000 -24.219304 -59.959762 -26.727875 -0.168690 0.460119 -0.393461 0.777832
2490.000000 -23.966649 -60.030451 -26.832417 -0.167851 0.455931 -0.394846 0.779775
2491.000000 -23.840711 -60.069235 -26.891027 -0.167483 0.453783 -0.395596 0.780727
2492.000000 -23.656337 -60.183769 -26.829790 -0.167784 0.450209 -0.397178 0.781927
2493.000000 -23.475796 -60.380157 -26.579257 -0.169303 0.446053 -0.399433 0.782832
2494.000000 -23.426415 -60.644315 -26.050731 -0.172846 0.443298 -0.401831 0.782396
2495.000000 -23.463912 -60.941404 -25.346986 -0.177660 0.441527 -0.404269 0.781062
2496.000000 -23.346031 -61.093279 -25.123101 -0.179082 0.438541 -0.405969 0.781538
2497.000000 -23.104766 -61.143792 -25.258975 -0.177910 0.434402 -0.407245 0.783450
2498.000000 -22.873676 -61.193075 -25.385235 -0.176769 0.430328 -0.408546 0.785278
2499.000000 -22.712598 -61.230433 -25.471397 -0.176009 0.427372 -0.409553 0.786537
2500.000000 -22.488938 -61.220435 -25.720638 -0.174072 0.423920 -0.410322 0.788433
2501.000000 -22.286763 -60.816828 -26.860618 -0.166426 0.423935 -0.407797 0.791381
2502.000000 -22.106382 -60.106438 -28.587084 -0.154909 0.426409 -0.402977 0.794851
2503.000000 -21.933469 -59.336559 -30.309463 -0.143281 0.429133 -0.397955 0.798090
2504.000000 -21.771656 -58.515676 -32.005825 -0.131696 0.432115 -0.392763 0.801043
2505.000000 -21.495377 -57.610974 -33.812228 -0.119025 0.433988 -0.387436 0.804600
2506.000000 -21.276913 -56.770986 -35.371556 -0.108023 0.436155 -0.382481 0.807346
2507.000000 -21.153122 -55.923346 -36.808311 -0.097868 0.439344 -0.377409 0.809297
2508.000000 -21.186316 -54.992945 -38.204068 -0.087996 0.444464 -0.371775 0.810242
2509.000000 -21.175087 -54.184664 -39.382889 -0.079503 0.448246 -0.367093 0.811171
2510.000000 -21.134505 -53.514978 -40.342547 -0.072504 0.450905 -0.363355 0.812035
2511.000000 -21.045307 -53.329781 -40.666686 -0.070242 0.450813 -0.362427 0.812699
2512.000000 -21.050870 -53.235807 -40.821139 -0.069329 0.451289 -0.361894 0.812751
2513.000000 -21.139610 -53.415907 -40.574089 -0.071511 0.451369 -0.362820 0.812104
2514.000000 -21.090258 -53.317104 -40.762983 -0.070298 0.451298 -0.362335 0.812466
2515.000000 -20.970596 -52.689205 -41.662946 -0.063600 0.452851 -0.359001 0.813634
2516.000000 -20.887539 -51.742094 -42.905464 -0.054149 0.456038 -0.353977 0.814738
2517.000000 -20.860376 -50.675721 -44.206903 -0.044059 0.460094 -0.348375 0.815480
2518.000000 -20.759295 -49.612139 -45.473818 -0.034025 0.463281 -0.342944 0.816457
2519.000000 -20.746619 -48.472581 -46.722863 -0.023923 0.467402 -0.337172 0.816871
2520.000000 -21.001405 -47.286732 -47.845424 -0.014611 0.473850 -0.331151 0.815838
2521.000000 -21.200681 -46.416345 -48.639903 -0.007917 0.478506 -0.326817 0.814960
2522.000000 -21.193228 -46.016156 -49.059160 -0.004504 0.479738 -0.324888 0.815033
2523.000000 -21.026074 -45.024912 -50.077765 0.004233 0.481567 -0.320099 0.815851
2524.000000 -20.976422 -43.804755 -51.203899 0.014228 0.484998 -0.314262 0.815974
2525.000000 -21.100846 -42.858304 -51.980922 0.021309 0.488879 -0.309786 0.815215
2526.000000 -21.311104 -42.203099 -52.460505 0.025760 0.492486 -0.306730 0.814071
2527.000000 -21.513729 -41.835981 -52.702924 0.027991 0.495107 -0.305077 0.813028
2528.000000 -21.609614 -41.756213 -52.759954 0.028343 0.496016 -0.304794 0.812567
2529.000000 -21.529226 -41.578944 -52.967143 0.029961 0.495874 -0.303979 0.812901
2530.000000 -21.312892 -40.467443 -53.942215 0.039029 0.497389 -0.298710 0.813543
2531.000000 -21.137348 -38.703284 -55.323670 0.052628 0.500882 -0.290524 0.813599
2532.000000 -21.260832 -36.730116 -56.640169 0.066611 0.506866 -0.281653 0.811986
2533.000000 -21.630923 -35.132366 -57.539039 0.076996 0.513448 -0.274662 0.809323
2534.000000 -22.011436 -34.230519 -57.968771 0.082362 0.518270 -0.270849 0.807003
2535.000000 -22.292640 -33.650549 -58.234810 0.085748 0.521544 -0.268481 0.805330
2536.000000 -22.382575 -32.975631 -58.621111 0.090243 0.523655 -0.265596 0.804425
2537.000000 -22.327859 -32.200346 -59.107067 0.095707 0.524987 -0.262144 0.804058
2538.000000 -22.261715 -31.179643 -59.711121 0.102775 0.526768 -0.257585 0.803494
2539.000000 -22.284389 -30.018022 -60.328047 0.110488 0.529398 -0.252495 0.802357
2540.000000 -22.280743 -29.520241 -60.607196 0.113786 0.530414 -0.250318 0.801907
2541.000000 -22.136480 -29.568228 -60.670271 0.113770 0.529349 -0.250415 0.802582
2542.000000 -21.889199 -29.808623 -60.676386 0.112693 0.527206 -0.251241 0.803886
2543.000000 -21.577354 -29.892547 -60.780823 0.112778 0.524968 -0.251304 0.805317
2544.000000 -21.297902 -29.660920 -61.026711 0.114881 0.523607 -0.250024 0.806304
2545.000000 -21.208186 -29.363110 -61.236105 0.117031 0.523628 -0.248651 0.806406
2546.000000 -21.235409 -29.305309 -61.288735 0.117358 0.523923 -0.248424 0.806237
2547.000000 -21.322469 -29.203370 -61.341435 0.117852 0.524700 -0.248066 0.805770
2548.000000 -21.483347 -28.800444 -61.509658 0.120168 0.526564 -0.246495 0.804693
2549.000000 -21.648298 -28.263281 -61.734298 0.123339 0.528712 -0.244358 0.803455
2550.000000 -21.788215 -27.812847 -61.922667 0.125980 0.530516 -0.242569 0.802398
2551.000000 -21.944152 -27.486667 -62.046368 0.127775 0.532167 -0.241331 0.801394
2552.000000 -22.066199 -27.315569 -62.112167 0.128637 0.533283 -0.240730 0.800694
2553.000000 -22.115386 -27.290504 -62.139860 0.128711 0.533642 -0.240682 0.800457
2554.000000 -22.154357 -26.900116 -62.330636 0.131163 0.534642 -0.239053 0.799880
2555.000000 -22.037673 -26.151867 -62.723963 0.136183 0.535314 -0.235729 0.799578
2556.000000 -21.834908 -25.637462 -63.040774 0.139837 0.534978 -0.233325 0.799877
2557.000000 -21.798438 -25.201847 -63.262418 0.142658 0.535542 -0.231445 0.799548
2558.000000 -21.784067 -24.735702 -63.484067 0.145613 0.536288 -0.229474 0.799083
2559.000000 -21.718492 -24.176080 -63.755054 0.149242 0.536879 -0.227046 0.798710
2560.000000 -21.513867 -23.723085 -64.028472 0.152440 0.536410 -0.224890 0.799031
2561.000000 -21.357957 -22.955461 -64.393254 0.157473 0.536785 -0.221473 0.798757
2562.000000 -21.398217 -21.764109 -64.825704 0.164737 0.539075 -0.216529 0.797105
2563.000000 -21.658179 -20.465736 -65.195154 0.172231 0.542835 -0.211407 0.794339
2564.000000 -21.998313 -19.769670 -65.330280 0.175903 0.546049 -0.208905 0.791990
2565.000000 -22.344283 -19.241773 -65.404882 0.178548 0.548978 -0.207156 0.789829
2566.000000 -22.594451 -17.744788 -65.775762 0.187165 0.552795 -0.201232 0.786697
2567.000000 -22.592001 -15.991425 -66.258937 0.197606 0.555397 -0.193875 0.784154
2568.000000 -22.655646 -14.325000 -66.651049 0.207316 0.558174 -0.186970 0.781348
2569.000000 -22.944552 -13.102052 -66.836493 0.214019 0.561590 -0.182243 0.778203
2570.000000 -23.738133 -12.221448 -66.759137 0.218006 0.567448 -0.179703 0.773423
2571.000000 -24.641477 -11.706622 -66.557970 0.219762 0.573382 -0.178938 0.768712
2572.000000 -25.245461 -11.234154 -66.447882 0.221711 0.577465 -0.177946 0.765319
2573.000000 -25.670749 -10.913921 -66.373441 0.223025 0.580309 -0.177308 0.762931
2574.000000 -26.025468 -10.708622 -66.303280 0.223758 0.582604 -0.177028 0.761029
2575.000000 -26.538019 -10.757227 -66.125244 0.222793 0.585485 -0.178108 0.758846
2576.000000 -27.437003 -11.168334 -65.722431 0.219201 0.590091 -0.181454 0.755525
2577.000000 -28.180321 -10.828328 -65.498361 0.220132 0.594823 -0.181177 0.751600
2578.000000 -28.891007 -10.685680 -65.245369 0.219963 0.599085 -0.181744 0.748119
2579.000000 -29.202318 -10.450182 -65.178094 0.220863 0.601190 -0.181208 0.746293
2580.000000 -29.176844 -9.697705 -65.338482 0.225167 0.602093 -0.177685 0.745125
2581.000000 -29.256357 -8.551366 -65.495632 0.231554 0.604098 -0.172523 0.742754
2582.000000 -29.598075 -7.647286 -65.488134 0.236234 0.607215 -0.168935 0.739556
2583.000000 -29.763145 -6.740848 -65.546978 0.241144 0.609300 -0.165028 0.737136
2584.000000 -29.869234 -5.323169 -65.663657 0.248974 0.611633 -0.158638 0.733997
2585.000000 -29.788728 -4.045594 -65.825745 0.256208 0.612678 -0.152562 0.731921
2586.000000 -29.447198 -3.174503 -66.060826 0.261454 0.611756 -0.147898 0.731794
2587.000000 -29.293884 -3.149624 -66.163753 0.261767 0.610940 -0.147479 0.732448
2588.000000 -29.275513 -2.953040 -66.214839 0.262866 0.611064 -0.146518 0.732144
2589.000000 -29.371228 -2.566782 -66.222246 0.264888 0.612030 -0.144902 0.730929
2590.000000 -29.482509 -2.501631 -66.209001 0.265117 0.612722 -0.144814 0.730284
2591.000000 -29.522293 -2.881827 -66.209807 0.262968 0.612522 -0.146654 0.730861
2592.000000 -29.648501 -3.383995 -66.164000 0.260052 0.612653 -0.149223 0.731274
2593.000000 -29.910609 -3.297256 -66.084258 0.260244 0.614195 -0.149345 0.729887
2594.000000 -29.954286 -2.984506 -66.113654 0.261931 0.614787 -0.147966 0.729065
2595.000000 -30.049875 -2.534711 -66.123390 0.264304 0.615811 -0.146057 0.727727
2596.000000 -30.241222 -1.893462 -66.091557 0.267610 0.617565 -0.143453 0.725548
2597.000000 -30.218682 -1.530617 -66.144610 0.269613 0.617831 -0.141737 0.724917
2598.000000 -29.784473 -1.466437 -66.376067 0.270428 0.615518 -0.140584 0.726803
2599.000000 -29.568779 -1.445221 -66.506542 0.270776 0.614367 -0.140036 0.727752
2600.000000 -29.546431 -0.977441 -66.558504 0.273357 0.614742 -0.137819 0.726893
2601.000000 -29.551433 -0.088225 -66.597086 0.278203 0.615683 -0.133713 0.725023
2602.000000 -29.318124 0.723227 -66.730666 0.282847 0.615205 -0.129488 0.724398
2603.000000 -28.912277 0.807394 -66.941249 0.283701 0.613064 -0.128270 0.726095
2604.000000 -28.606132 0.724532 -67.107975 0.283545 0.611318 -0.127998 0.727674
2605.000000 -28.398165 0.803823 -67.229273 0.284171 0.610274 -0.127173 0.728450
2606.000000 -28.385843 0.792243 -67.268183 0.284122 0.610210 -0.127173 0.728523
2607.000000 -28.797378 0.929971 -67.124984 0.284476 0.612574 -0.127410 0.726356
2608.000000 -29.349912 1.166054 -66.915766 0.285215 0.615786 -0.127498 0.723329
2609.000000 -29.614525 1.218209 -66.832498 0.285238 0.617265 -0.127809 0.722003
2610.000000 -29.486289 1.033817 -66.926297 0.284367 0.616394 -0.128389 0.722987
2611.000000 -28.991528 0.677530 -67.180158 0.282921 0.613379 -0.128990 0.726005
2612.000000 -28.616627 0.465166 -67.375828 0.282139 0.611151 -0.129190 0.728149
2613.000000 -28.968803 0.380529 -67.259255 0.281350 0.612971 -0.130333 0.726720
2614.000000 -29.704698 -0.011372 -66.972660 0.278514 0.616560 -0.133669 0.724166
2615.000000 -30.222948 -0.420848 -66.773687 0.275781 0.618942 -0.136630 0.722626
2616.000000 -30.353957 -0.879864 -66.744877 0.273164 0.619167 -0.139012 0.722973
2617.000000 -30.378714 -1.194931 -66.763603 0.271432 0.618962 -0.140509 0.723511
2618.000000 -30.507121 -1.425761 -66.734114 0.270038 0.619418 -0.141842 0.723382
2619.000000 -30.830560 -1.638148 -66.613265 0.268534 0.620953 -0.143498 0.722298
2620.000000 -31.237417 -1.649275 -66.456312 0.268030 0.623154 -0.144382 0.720412
2621.000000 -31.868798 -1.517247 -66.192868 0.268049 0.626722 -0.145033 0.717171
2622.000000 -32.488804 -1.406754 -65.927382 0.267955 0.630212 -0.145732 0.713999
2623.000000 -31.950189 -1.486363 -66.222300 0.268115 0.627212 -0.145008 0.716723
2624.000000 -31.231006 -1.682086 -66.593509 0.267845 0.623106 -0.144490 0.720501
2625.000000 -30.856591 -2.033445 -66.791899 0.266360 0.620698 -0.145381 0.722946
2626.000000 -30.901050 -2.343971 -66.794979 0.264643 0.620600 -0.146910 0.723351
2627.000000 -31.126205 -2.753888 -66.708383 0.262183 0.621367 -0.149265 0.723107
2628.000000 -31.340028 -3.165891 -66.624959 0.259710 0.622044 -0.151612 0.722929
2629.000000 -31.463537 -3.490539 -66.585126 0.257803 0.622331 -0.153373 0.722993
2630.000000 -31.644075 -3.892620 -66.511331 0.255402 0.622841 -0.155605 0.722928
2631.000000 -31.874842 -4.326995 -66.407879 0.252760 0.623586 -0.158086 0.722677
2632.000000 -31.857535 -4.707297 -66.423691 0.250700 0.623048 -0.159827 0.723475
2633.000000 -32.195683 -4.764194 -66.289837 0.249982 0.624823 -0.160745 0.721988
2634.000000 -32.478387 -4.555286 -66.200174 0.250777 0.626618 -0.160293 0.720255
2635.000000 -32.768239 -4.244720 -66.111759 0.252116 0.628574 -0.159361 0.718287
2636.000000 -33.060805 -4.006496 -66.014638 0.253058 0.630457 -0.158770 0.716434
2637.000000 -33.189274 -3.866755 -65.992691 0.253661 0.631323 -0.158339 0.715553
2638.000000 -33.080225 -3.824568 -66.084683 0.254022 0.630770 -0.157932 0.716003
2639.000000 -32.951590 -3.870739 -66.180726 0.253929 0.630010 -0.157909 0.716709
2640.000000 -33.007947 -3.999148 -66.178840 0.253170 0.630161 -0.158634 0.716685
2641.000000 -33.068083 -4.183875 -66.170686 0.252100 0.630267 -0.159644 0.716745
2642.000000 -33.347421 -4.093705 -66.069451 0.252251 0.631889 -0.159760 0.715236
2643.000000 -33.840346 -4.131714 -65.850120 0.251442 0.634513 -0.160875 0.712944
2644.000000 -34.154380 -4.703841 -65.683741 0.247951 0.635508 -0.164219 0.712518
2645.000000 -34.295217 -5.123307 -65.613047 0.245495 0.635748 -0.166500 0.712625
2646.000000 -34.124488 -5.514380 -65.704248 0.243585 0.634330 -0.168054 0.714178
2647.000000 -33.734791 -5.900545 -65.905475 0.241989 0.631728 -0.169168 0.716759
2648.000000 -33.392311 -6.254786 -66.080753 0.240501 0.629418 -0.170220 0.719039
2649.000000 -33.156862 -6.543834 -66.204840 0.239222 0.627765 -0.171172 0.720683
2650.000000 -32.950207 -6.766053 -66.319034 0.238278 0.626357 -0.171857 0.722057
2651.000000 -32.652975 -6.938582 -66.481704 0.237720 0.624518 -0.172141 0.723764
2652.000000 -32.218514 -7.281894 -66.690731 0.236411 0.621703 -0.172976 0.726412
2653.000000 -31.773420 -7.570161 -66.906246 0.235416 0.618899 -0.173525 0.728994
2654.000000 -31.405100 -7.495841 -67.122669 0.236297 0.616985 -0.172533 0.730565
2655.000000 -31.046563 -7.596717 -67.312022 0.236211 0.614905 -0.172368 0.732383
2656.000000 -30.931033 -7.560390 -67.403062 0.236564 0.614321 -0.172008 0.732844
2657.000000 -31.170616 -7.382322 -67.346550 0.237233 0.615846 -0.171622 0.731437
2658.000000 -31.385511 -7.420816 -67.276684 0.236749 0.616959 -0.172178 0.730524
2659.000000 -31.509761 -7.671373 -67.224613 0.235227 0.617308 -0.173549 0.730397
2660.000000 -31.603688 -7.924492 -67.185087 0.233729 0.617488 -0.174880 0.730408
2661.000000 -31.751002 -8.232667 -67.112254 0.231863 0.617887 -0.176557 0.730262
2662.000000 -32.223640 -8.515077 -66.884958 0.229707 0.620086 -0.178687 0.728560
2663.000000 -32.533073 -8.599148 -66.758366 0.228835 0.621655 -0.179611 0.727268
2664.000000 -32.417032 -8.608625 -66.847730 0.228933 0.621011 -0.179447 0.727828
2665.000000 -32.367702 -8.642937 -66.901067 0.228809 0.620699 -0.179518 0.728116
2666.000000 -32.350675 -8.702616 -66.935337 0.228504 0.620529 -0.179765 0.728296
2667.000000 -32.307312 -8.783048 -66.978969 0.228122 0.620194 -0.180065 0.728627
2668.000000 -32.349076 -8.771246 -66.994097 0.228130 0.620439 -0.180081 0.728411
2669.000000 -32.254367 -8.821083 -67.067892 0.227987 0.619851 -0.180144 0.728941
2670.000000 -32.059981 -8.955512 -67.177481 0.227517 0.618613 -0.180428 0.730068
2671.000000 -31.920997 -9.008225 -67.270461 0.227418 0.617791 -0.180429 0.730795
2672.000000 -31.511147 -9.078420 -67.487663 0.227588 0.615477 -0.180055 0.732784
2673.000000 -31.188589 -9.302102 -67.640725 0.226805 0.613430 -0.180529 0.734624
2674.000000 -31.199100 -9.561090 -67.633863 0.225382 0.613137 -0.181723 0.735012
2675.000000 -31.066594 -9.711032 -67.707479 0.224743 0.612213 -0.182183 0.735864
2676.000000 -30.807462 -9.889826 -67.833731 0.224118 0.610567 -0.182558 0.737327
2677.000000 -30.591600 -10.122161 -67.930970 0.223146 0.609085 -0.183241 0.738677
2678.000000 -30.573104 -10.182335 -67.964344 0.222843 0.608900 -0.183483 0.738861
2679.000000 -30.613883 -9.916835 -68.019371 0.224227 0.609475 -0.182362 0.738246
2680.000000 -30.738497 -9.592919 -68.043809 0.225814 0.610583 -0.181109 0.737154
2681.000000 -30.587027 -9.558452 -68.150959 0.226201 0.609807 -0.180702 0.737777
2682.000000 -30.260178 -10.040463 -68.261302 0.224026 0.607395 -0.182318 0.740030
2683.000000 -29.987912 -10.356897 -68.367750 0.222674 0.605503 -0.183273 0.741750
2684.000000 -29.804200 -10.479285 -68.463350 0.222261 0.604348 -0.183505 0.742758
2685.000000 -29.835889 -10.828704 -68.429230 0.220328 0.604060 -0.185088 0.743176
2686.000000 -29.816699 -11.026824 -68.439636 0.219280 0.603692 -0.185921 0.743577
2687.000000 -29.620060 -11.121182 -68.543841 0.219024 0.602492 -0.186020 0.744600
2688.000000 -29.217578 -11.209420 -68.735907 0.219083 0.600179 -0.185769 0.746510
2689.000000 -29.001608 -11.679120 -68.783442 0.216823 0.598362 -0.187476 0.748200
2690.000000 -28.657723 -12.044655 -68.898053 0.215296 0.595994 -0.188524 0.750265
2691.000000 -28.581612 -12.254391 -68.926382 0.214259 0.595294 -0.189315 0.750918
2692.000000 -28.507782 -12.236156 -68.994152 0.214464 0.594919 -0.189121 0.751205
2693.000000 -28.496299 -12.192819 -69.040831 0.214723 0.594914 -0.188916 0.751187
2694.000000 -28.610195 -12.228487 -69.021351 0.214374 0.595482 -0.189252 0.750752
2695.000000 -28.516976 -12.050178 -69.125318 0.215473 0.595220 -0.188334 0.750876
2696.000000 -28.190519 -11.857635 -69.326082 0.216961 0.593713 -0.186997 0.751974
2697.000000 -27.985019 -11.741376 -69.462924 0.217862 0.592751 -0.186183 0.752674
2698.000000 -27.602960 -11.987583 -69.607566 0.217038 0.590344 -0.186645 0.754687
2699.000000 -27.381046 -12.024822 -69.722411 0.217131 0.589092 -0.186463 0.755683
2700.000000 -27.100525 -12.265198 -69.823735 0.216203 0.587254 -0.187041 0.757235
2701.000000 -26.332925 -12.295860 -70.145557 0.217059 0.583062 -0.185956 0.760490
2702.000000 -25.985902 -11.981478 -70.363067 0.219223 0.581603 -0.184104 0.761436
2703.000000 -25.949339 -11.816496 -70.438709 0.220162 0.581615 -0.183366 0.761334
2704.000000 -25.698483 -11.620754 -70.596809 0.221542 0.580513 -0.182174 0.762061
2705.000000 -25.095981 -11.635999 -70.844510 0.222237 0.577232 -0.181315 0.764551
2706.000000 -24.909811 -11.961782 -70.888261 0.220718 0.575802 -0.182345 0.765824
2707.000000 -24.782526 -12.297678 -70.909447 0.219068 0.574681 -0.183502 0.766862
2708.000000 -24.987865 -12.345701 -70.863967 0.218542 0.575735 -0.184013 0.766099
2709.000000 -24.973498 -12.542972 -70.869188 0.217496 0.575405 -0.184789 0.766458
2710.000000 -24.772745 -12.805005 -70.926957 0.216345 0.573971 -0.185545 0.767675
2711.000000 -24.993124 -13.124333 -70.825289 0.214325 0.574744 -0.187173 0.767268
2712.000000 -25.166087 -13.621277 -70.704181 0.211400 0.575025 -0.189446 0.767311
2713.000000 -25.002151 -14.170272 -70.688267 0.208638 0.573402 -0.191423 0.768790
2714.000000 -24.757457 -14.610581 -70.718417 0.206569 0.571478 -0.192841 0.770425
2715.000000 -24.935928 -14.889672 -70.631452 0.204803 0.572062 -0.194236 0.770112
2716.000000 -24.881881 -15.332283 -70.589965 0.202463 0.571154 -0.195947 0.770971
2717.000000 -24.596928 -15.730403 -70.635998 0.200678 0.569049 -0.197140 0.772688
2718.000000 -24.234475 -15.984211 -70.737914 0.199787 0.566717 -0.197639 0.774504
2719.000000 -23.899793 -15.988556 -70.884790 0.200230 0.564880 -0.197178 0.775847
2720.000000 -23.828002 -15.841286 -70.975898 0.201140 0.564692 -0.196496 0.775922
2721.000000 -23.706982 -15.941639 -71.027658 0.200756 0.563888 -0.196733 0.776546
2722.000000 -23.509557 -16.094253 -71.092822 0.200196 0.562592 -0.197067 0.777545
2723.000000 -23.287382 -16.137030 -71.190379 0.200273 0.561314 -0.196926 0.778484
2724.000000 -23.129894 -16.367439 -71.223280 0.199234 0.560134 -0.197608 0.779427
2725.000000 -22.788100 -16.456559 -71.347008 0.199222 0.558145 -0.197468 0.780891
2726.000000 -22.494067 -16.148101 -71.544574 0.201314 0.556962 -0.195852 0.781606
2727.000000 -22.355940 -16.004287 -71.653746 0.202284 0.556405 -0.195105 0.781939
2728.000000 -22.338779 -16.208854 -71.646788 0.201186 0.556033 -0.195878 0.782294
2729.000000 -22.262168 -16.457068 -71.647898 0.199933 0.555271 -0.196739 0.782940
2730.000000 -22.040374 -16.595226 -71.718735 0.199486 0.553867 -0.196965 0.783991
2731.000000 -21.772187 -16.838731 -71.778182 0.198528 0.552067 -0.197524 0.785362
2732.000000 -21.493705 -17.004781 -71.857070 0.198002 0.550320 -0.197763 0.786659
2733.000000 -21.413901 -16.581250 -72.013500 0.200424 0.550465 -0.196035 0.786377
2734.000000 -21.340578 -16.012994 -72.197415 0.203619 0.550832 -0.193770 0.785860
2735.000000 -21.212553 -15.924772 -72.288672 0.204274 0.550249 -0.193259 0.786225
2736.000000 -20.928998 -16.297436 -72.322165 0.202623 0.548199 -0.194286 0.787829
2737.000000 -20.693018 -16.420645 -72.395812 0.202261 0.546747 -0.194425 0.788896
2738.000000 -20.488381 -16.196038 -72.538477 0.203761 0.545941 -0.193284 0.789349
2739.000000 -20.239416 -16.172024 -72.647937 0.204231 0.544626 -0.192832 0.790246
2740.000000 -20.112603 -16.040913 -72.746277 0.205115 0.544110 -0.192161 0.790535
2741.000000 -20.011830 -15.750789 -72.871301 0.206819 0.543937 -0.190941 0.790506
2742.000000 -19.787092 -15.499375 -73.020398 0.208475 0.543042 -0.189693 0.790987
2743.000000 -19.485789 -15.593874 -73.115184 0.208356 0.541287 -0.189618 0.792238
2744.000000 -19.302148 -15.719970 -73.170665 0.207906 0.540128 -0.189824 0.793097
2745.000000 -19.245475 -15.534272 -73.259267 0.208988 0.540062 -0.189057 0.793041
2746.000000 -19.284795 -14.999014 -73.394365 0.211833 0.540958 -0.187147 0.792129
2747.000000 -19.034588 -14.545314 -73.584632 0.214592 0.540179 -0.185123 0.792393
2748.000000 -18.685394 -14.168225 -73.781392 0.217059 0.538769 -0.183238 0.793119
2749.000000 -18.640374 -13.602078 -73.933136 0.220154 0.539228 -0.181105 0.792443
2750.000000 -18.419928 -13.286902 -74.079485 0.222114 0.538431 -0.179636 0.792773
2751.000000 -18.151341 -13.206722 -74.194002 0.222871 0.537089 -0.178948 0.793625
2752.000000 -17.902872 -13.041990 -74.317616 0.224054 0.535956 -0.177977 0.794277
2753.000000 -17.713227 -12.895910 -74.422683 0.225063 0.535117 -0.177158 0.794740
2754.000000 -17.382208 -12.487165 -74.604139 0.227635 0.533841 -0.175185 0.795303
2755.000000 -16.941776 -12.081537 -74.806032 0.230314 0.531965 -0.173069 0.796251
2756.000000 -16.655856 -11.971849 -74.921605 0.231225 0.530563 -0.172253 0.797099
2757.000000 -16.938200 -12.146503 -74.863936 0.229956 0.531867 -0.173296 0.796371
2758.000000 -17.108316 -12.442084 -74.810535 0.228182 0.532430 -0.174605 0.796219
2759.000000 -16.862769 -12.748626 -74.848980 0.226844 0.530766 -0.175310 0.797556
2760.000000 -16.888133 -13.089664 -74.818832 0.225008 0.530498 -0.176552 0.797981
2761.000000 -16.954092 -12.697553 -74.905604 0.227024 0.531306 -0.175263 0.797156
2762.000000 -16.886268 -11.893859 -75.086235 0.231367 0.531882 -0.172316 0.796165
2763.000000 -16.798586 -11.495814 -75.201411 0.233570 0.531872 -0.170783 0.795859
2764.000000 -16.894916 -11.710964 -75.180371 0.232315 0.532133 -0.171701 0.795853
2765.000000 -17.085011 -12.005272 -75.124644 0.230538 0.532795 -0.173056 0.795634
2766.000000 -17.080706 -11.903020 -75.175921 0.231097 0.532880 -0.172706 0.795491
2767.000000 -16.493147 -11.351526 -75.426438 0.234688 0.530404 -0.169836 0.796711
2768.000000 -16.014247 -10.655496 -75.664916 0.238897 0.528654 -0.166642 0.797298
2769.000000 -15.869138 -10.023802 -75.815483 0.242379 0.528581 -0.164215 0.796799
2770.000000 -15.731708 -9.489868 -75.946477 0.245327 0.528432 -0.162146 0.796419
2771.000000 -15.678456 -9.493138 -75.990960 0.245363 0.528149 -0.162073 0.796610
2772.000000 -15.717706 -10.018777 -75.949565 0.242567 0.527788 -0.163957 0.797320
2773.000000 -15.661749 -10.191909 -75.972368 0.241726 0.527304 -0.164464 0.797792
2774.000000 -15.496500 -9.641617 -76.112073 0.244791 0.527030 -0.162284 0.797484
2775.000000 -15.269756 -8.869021 -76.285579 0.249070 0.526662 -0.159245 0.797015
2776.000000 -15.353545 -8.449721 -76.350101 0.251165 0.527536 -0.157937 0.796039
2777.000000 -15.577618 -8.195782 -76.366104 0.252244 0.528967 -0.157428 0.794848
2778.000000 -15.661312 -8.082422 -76.394859 0.252741 0.529518 -0.157179 0.794372
2779.000000 -15.527472 -8.099542 -76.454428 0.252798 0.528803 -0.157020 0.794862
2780.000000 -15.518739 -8.076406 -76.492813 0.252937 0.528781 -0.156920 0.794852
2781.000000 -15.486218 -7.942384 -76.547325 0.253668 0.528753 -0.156400 0.794740
2782.000000 -15.371349 -7.656895 -76.633540 0.255271 0.528449 -0.155221 0.794660
2783.000000 -15.179337 -7.517170 -76.719715 0.256194 0.527592 -0.154422 0.795088
2784.000000 -15.008415 -7.875755 -76.751422 0.254507 0.526340 -0.155372 0.796274
2785.000000 -14.965926 -8.227930 -76.756557 0.252718 0.525764 -0.156509 0.797001
2786.000000 -14.817391 -8.083178 -76.834536 0.253614 0.525145 -0.155766 0.797270
2787.000000 -14.797801 -7.904484 -76.890798 0.254558 0.525222 -0.155128 0.797043
2788.000000 -14.931932 -7.692033 -76.920381 0.255527 0.526121 -0.154642 0.796234
2789.000000 -15.099966 -7.397798 -76.950430 0.256890 0.527269 -0.153946 0.795170
2790.000000 -14.827408 -6.765007 -77.095544 0.260435 0.526478 -0.151347 0.795040
2791.000000 -14.255443 -5.729269 -77.321011 0.266328 0.524530 -0.146859 0.795217
2792.000000 -13.879008 -4.813000 -77.485693 0.271392 0.523456 -0.143111 0.794896
2793.000000 -13.672608 -3.868777 -77.609021 0.276416 0.523264 -0.139561 0.793922
2794.000000 -13.566531 -2.860784 -77.705070 0.281649 0.523622 -0.135971 0.792468
2795.000000 -13.474792 -2.009763 -77.781662 0.286059 0.523892 -0.132932 0.791224
2796.000000 -13.351884 -1.472058 -77.849054 0.288902 0.523718 -0.130888 0.790647
2797.000000 -13.205362 -1.181023 -77.913130 0.290505 0.523213 -0.129634 0.790601
2798.000000 -13.049805 -0.980389 -77.976176 0.291653 0.522588 -0.128667 0.790750
2799.000000 -12.911275 -0.685385 -78.036366 0.293264 0.522129 -0.127414 0.790660
2800.000000 -12.970871 -0.616274 -78.060994 0.293565 0.522491 -0.127286 0.790329
2801.000000 -13.411982 -0.850825 -78.018136 0.292015 0.524536 -0.128892 0.789288
2802.000000 -13.932173 -0.873188 -77.960614 0.291470 0.527148 -0.129942 0.787576
2803.000000 -13.978342 -0.819726 -77.986858 0.291699 0.527425 -0.129851 0.787320
2804.000000 -13.662145 -0.838575 -78.076584 0.291863 0.525812 -0.129329 0.788423
2805.000000 -13.363495 -0.992135 -78.160370 0.291331 0.524178 -0.129288 0.789714
2806.000000 -13.329324 -1.212422 -78.196956 0.290244 0.523826 -0.129962 0.790237
2807.000000 -13.445233 -1.107290 -78.212424 0.290679 0.524505 -0.129827 0.789649
2808.000000 -13.553303 -0.641727 -78.233017 0.292938 0.525434 -0.128457 0.788419
2809.000000 -13.509924 -0.244278 -78.277010 0.294975 0.525535 -0.127028 0.787824
2810.000000 -13.224726 -0.259494 -78.359803 0.295132 0.524079 -0.126546 0.788812
2811.000000 -12.721044 -0.602463 -78.475150 0.293811 0.521262 -0.126755 0.791134
2812.000000 -12.110662 -1.075071 -78.600344 0.291915 0.517812 -0.127168 0.794031
2813.000000 -12.022360 -1.339146 -78.643570 0.290654 0.517165 -0.127860 0.794804
2814.000000 -12.309432 -0.863893 -78.639643 0.292830 0.518999 -0.126836 0.792972
2815.000000 -12.372893 -0.427522 -78.667253 0.294976 0.519663 -0.125520 0.791950
2816.000000 -12.168513 -0.064632 -78.734334 0.296956 0.518914 -0.123945 0.791949
2817.000000 -11.669298 0.330497 -78.843270 0.299319 0.516707 -0.121704 0.792849
2818.000000 -11.566189 0.500098 -78.891553 0.300234 0.516327 -0.120933 0.792869
2819.000000 -11.926092 0.751746 -78.869795 0.301223 0.518336 -0.120769 0.791206
2820.000000 -12.346753 1.490057 -78.828556 0.304605 0.521004 -0.119137 0.788402
2821.000000 -12.635396 2.427413 -78.793553 0.309067 0.523145 -0.116590 0.785623
2822.000000 -12.979685 3.200318 -78.744063 0.312661 0.525426 -0.114682 0.782955
2823.000000 -13.225614 3.560526 -78.721507 0.314270 0.526914 -0.113962 0.781415
2824.000000 -13.237550 3.210936 -78.768172 0.312530 0.526724 -0.115169 0.782063
2825.000000 -13.327439 3.354362 -78.780817 0.313183 0.527276 -0.114876 0.781472
2826.000000 -13.528099 3.646190 -78.767649 0.314488 0.528480 -0.114300 0.780219
2827.000000 -13.897839 3.602014 -78.739312 0.313997 0.530278 -0.115186 0.779066
2828.000000 -13.581318 3.551296 -78.830806 0.313974 0.528673 -0.114732 0.780232
2829.000000 -12.935696 3.514217 -78.974994 0.314254 0.525447 -0.113575 0.782464
2830.000000 -12.331501 3.455215 -79.108133 0.314396 0.522410 -0.112563 0.784584
2831.000000 -12.093745 3.451171 -79.178843 0.314545 0.521233 -0.112100 0.785373
2832.000000 -12.136014 3.558671 -79.201437 0.315048 0.521522 -0.111832 0.785018
2833.000000 -12.366119 3.672495 -79.194683 0.315449 0.522740 -0.111914 0.784034
2834.000000 -12.563921 3.821523 -79.190581 0.316046 0.523821 -0.111813 0.783086
2835.000000 -12.897789 3.787299 -79.172747 0.315642 0.525439 -0.112589 0.782053
2836.000000 -13.072822 3.921016 -79.171675 0.316181 0.526392 -0.112493 0.781208
2837.000000 -12.861662 4.156925 -79.228105 0.317494 0.525517 -0.111292 0.781437
2838.000000 -12.821098 4.422454 -79.254044 0.318828 0.525508 -0.110340 0.781034
2839.000000 -13.073695 4.749821 -79.227703 0.320260 0.526984 -0.109761 0.779535
2840.000000 -13.630874 4.795405 -79.164841 0.320089 0.529763 -0.110723 0.777583
2841.000000 -14.021273 4.463086 -79.149904 0.318185 0.531448 -0.112625 0.776941
2842.000000 -13.825424 4.305595 -79.227101 0.317557 0.530370 -0.112760 0.777914
2843.000000 -13.783603 4.604610 -79.251697 0.319059 0.530370 -0.111673 0.777456
2844.000000 -13.974757 4.954354 -79.231080 0.320645 0.531551 -0.110886 0.776109
2845.000000 -13.805788 5.033098 -79.289636 0.321147 0.530780 -0.110281 0.776514
2846.000000 -13.641717 5.112101 -79.346973 0.321638 0.530032 -0.109687 0.776906
2847.000000 -13.936440 5.382175 -79.312016 0.322748 0.531657 -0.109381 0.775378
2848.000000 -14.316692 5.645083 -79.259812 0.323769 0.533699 -0.109274 0.773562
2849.000000 -14.299587 5.843107 -79.282342 0.324748 0.533757 -0.108571 0.773211
2850.000000 -13.996263 6.310987 -79.334641 0.327228 0.532598 -0.106363 0.773271
2851.000000 -14.181719 7.100759 -79.268905 0.330944 0.534027 -0.104080 0.771011
2852.000000 -14.929113 7.763963 -79.103172 0.333670 0.538097 -0.103386 0.767090
2853.000000 -14.948087 8.235059 -79.085907 0.335946 0.538492 -0.101829 0.766027
2854.000000 -14.670690 8.688188 -79.123445 0.338322 0.537431 -0.099706 0.766006
2855.000000 -15.036088 9.055339 -79.047790 0.339867 0.539426 -0.099227 0.763980
2856.000000 -15.226597 9.466853 -78.996973 0.341735 0.540604 -0.098235 0.762440
2857.000000 -15.288612 9.815295 -78.976139 0.343375 0.541125 -0.097185 0.761467
2858.000000 -15.442706 10.096120 -78.944651 0.344634 0.542041 -0.096558 0.760326
2859.000000 -15.765455 10.238187 -78.896593 0.345121 0.543679 -0.096766 0.758908
2860.000000 -16.028319 10.138620 -78.890379 0.344478 0.544885 -0.097686 0.758217
2861.000000 -15.779630 9.987442 -78.993699 0.343911 0.543592 -0.097673 0.759403
2862.000000 -15.592016 9.900058 -79.075778 0.343613 0.542635 -0.097569 0.760235
2863.000000 -15.900368 9.692901 -79.073875 0.342433 0.543987 -0.098955 0.759622
2864.000000 -16.328817 9.455307 -79.049247 0.341028 0.545891 -0.100711 0.758657
2865.000000 -16.295964 9.447879 -79.091076 0.341017 0.545721 -0.100677 0.758788
2866.000000 -16.585002 9.183751 -79.096373 0.339565 0.546929 -0.102218 0.758364
2867.000000 -17.162255 8.640809 -79.068364 0.336583 0.549339 -0.105339 0.757524
2868.000000 -17.709961 8.089077 -79.039806 0.333572 0.551590 -0.108428 0.756783
2869.000000 -17.972946 7.767552 -79.046631 0.331853 0.552627 -0.110103 0.756541
2870.000000 -18.343795 7.581853 -79.013472 0.330711 0.554267 -0.111533 0.755631
2871.000000 -18.740221 7.557209 -78.956709 0.330314 0.556144 -0.112450 0.754289
2872.000000 -18.709268 7.749651 -78.979118 0.331246 0.556142 -0.111698 0.753993
2873.000000 -18.566663 7.972216 -79.024322 0.332401 0.555626 -0.110613 0.754025
2874.000000 -18.635340 8.068456 -79.032308 0.332808 0.556023 -0.110416 0.753582
2875.000000 -18.962243 8.060041 -78.989584 0.332535 0.557574 -0.111133 0.752450
2876.000000 -19.276516 8.066219 -78.946950 0.332342 0.559070 -0.111775 0.751330
2877.000000 -19.194403 8.469644 -78.958818 0.334322 0.558959 -0.110169 0.750771
2878.000000 -19.253855 8.762156 -78.946496 0.335675 0.559442 -0.109256 0.749940
2879.000000 -19.588993 8.757786 -78.898501 0.335425 0.561028 -0.109983 0.748760
2880.000000 -19.779900 8.975218 -78.860312 0.336327 0.562083 -0.109625 0.747616
2881.000000 -20.137061 9.148075 -78.783835 0.336896 0.563897 -0.109776 0.745969
2882.000000 -20.624534 8.933600 -78.716166 0.335540 0.566056 -0.111579 0.744677
2883.000000 -20.994505 8.516483 -78.698371 0.333303 0.567509 -0.113868 0.744229
2884.000000 -21.277320 8.022766 -78.708167 0.330760 0.568486 -0.116255 0.744248
2885.000000 -21.084980 7.650434 -78.830978 0.329144 0.567300 -0.117189 0.745723
2886.000000 -20.727547 7.613559 -78.963150 0.329232 0.565586 -0.116561 0.747082
2887.000000 -20.743537 7.582773 -78.995740 0.329075 0.565640 -0.116710 0.747087
2888.000000 -20.763750 7.814213 -79.001853 0.330153 0.565906 -0.115930 0.746532
2889.000000 -20.841197 8.239743 -78.972206 0.332099 0.566582 -0.114573 0.745364
2890.000000 -21.145564 8.315240 -78.917702 0.332226 0.568069 -0.114936 0.744119
2891.000000 -21.203437 8.096798 -78.959206 0.331152 0.568177 -0.115837 0.744376
2892.000000 -21.327905 8.122675 -78.956940 0.331187 0.568783 -0.115999 0.743872
2893.000000 -21.727162 8.450928 -78.847236 0.332447 0.570903 -0.115656 0.741736
2894.000000 -21.927549 8.802478 -78.786942 0.333960 0.572104 -0.114808 0.740261
2895.000000 -22.309003 9.077884 -78.682339 0.334974 0.574100 -0.114609 0.738286
2896.000000 -22.816953 9.158677 -78.561390 0.334969 0.576544 -0.115378 0.736261
2897.000000 -22.927528 8.801214 -78.604011 0.333212 0.576797 -0.116931 0.736616
2898.000000 -22.753668 8.275346 -78.745166 0.330881 0.575591 -0.118499 0.738357
2899.000000 -22.502121 7.954420 -78.884272 0.329564 0.574173 -0.119137 0.739945
2900.000000 -22.342496 8.063529 -78.952556 0.330194 0.573508 -0.118402 0.740298
2901.000000 -22.413606 8.550988 -78.914954 0.332427 0.574205 -0.116782 0.739015
2902.000000 -22.387914 8.831095 -78.925519 0.333754 0.574288 -0.115713 0.738520
2903.000000 -22.234794 8.614295 -79.026995 0.332849 0.573407 -0.116185 0.739538
2904.000000 -22.127426 8.277720 -79.127229 0.331352 0.572654 -0.117177 0.740637
2905.000000 -22.229977 7.852912 -79.175724 0.329291 0.572818 -0.118919 0.741151
2906.000000 -22.259056 7.735115 -79.212949 0.328725 0.572867 -0.119397 0.741288
2907.000000 -22.673121 8.099870 -79.092712 0.330127 0.575077 -0.118940 0.739024
2908.000000 -23.319393 8.266490 -78.921225 0.330411 0.578224 -0.119675 0.736317
2909.000000 -22.986312 8.498534 -79.028418 0.331738 0.576842 -0.118135 0.737053
2910.000000 -22.787292 8.247838 -79.146650 0.330710 0.575724 -0.118643 0.738306
2911.000000 -22.798530 7.741220 -79.228406 0.328338 0.575395 -0.120510 0.739319
2912.000000 -22.782686 7.382641 -79.300619 0.326681 0.575054 -0.121778 0.740110
2913.000000 -22.610623 7.485910 -79.373598 0.327291 0.574342 -0.121045 0.740513
2914.000000 -22.556058 7.892736 -79.384180 0.329236 0.574386 -0.119451 0.739876
2915.000000 -22.487711 8.419593 -79.383762 0.331742 0.574454 -0.117401 0.739031
2916.000000 -22.517576 8.503901 -79.400378 0.332109 0.574655 -0.117160 0.738748
2917.000000 -22.346821 8.261463 -79.508144 0.331106 0.573680 -0.117688 0.739871
2918.000000 -21.894552 8.190460 -79.675151 0.331112 0.571521 -0.117010 0.741645
2919.000000 -22.289475 7.738495 -79.644761 0.328717 0.573023 -0.119447 0.741162
2920.000000 -22.624911 7.577513 -79.599539 0.327721 0.574461 -0.120722 0.740284
2921.000000 -22.779747 7.663359 -79.580962 0.328003 0.575248 -0.120730 0.739546
2922.000000 -22.639031 7.596934 -79.661224 0.327800 0.574548 -0.120678 0.740188
2923.000000 -22.677881 7.490716 -79.694218 0.327276 0.574648 -0.121140 0.740267
2924.000000 -22.860949 7.432980 -79.681529 0.326865 0.575451 -0.121725 0.739729
2925.000000 -22.778019 7.427418 -79.739782 0.326900 0.575062 -0.121574 0.740040
2926.000000 -22.405350 7.488507 -79.873364 0.327465 0.573382 -0.120591 0.741254
2927.000000 -22.052373 7.529937 -80.001729 0.327922 0.571773 -0.119722 0.742435
2928.000000 -21.849471 7.427322 -80.100864 0.327597 0.570755 -0.119676 0.743368
2929.000000 -21.657468 7.331793 -80.195458 0.327299 0.569797 -0.119623 0.744243
2930.000000 -21.411330 7.387174 -80.290057 0.327742 0.568697 -0.118921 0.745001
2931.000000 -21.158693 7.517223 -80.378811 0.328534 0.567619 -0.117941 0.745630
2932.000000 -21.311473 7.520926 -80.372589 0.328441 0.568330 -0.118238 0.745082
2933.000000 -21.199547 7.625360 -80.426293 0.329004 0.567886 -0.117642 0.745267
2934.000000 -20.863842 7.687543 -80.542419 0.329533 0.566370 -0.116743 0.746327
2935.000000 -20.727240 7.623940 -80.617751 0.329337 0.565690 -0.116688 0.746938
2936.000000 -20.799151 7.444389 -80.649850 0.328455 0.565895 -0.117462 0.747050
2937.000000 -20.851497 7.264817 -80.686470 0.327582 0.566010 -0.118202 0.747229
2938.000000 -20.873590 7.361962 -80.705826 0.328018 0.566184 -0.117905 0.746952
2939.000000 -20.911788 7.690283 -80.699280 0.329512 0.566600 -0.116827 0.746149
2940.000000 -20.825054 7.684128 -80.756292 0.329546 0.566194 -0.116667 0.746467
2941.000000 -20.524993 7.546877 -80.879966 0.329128 0.564708 -0.116537 0.747796
2942.000000 -20.147105 7.749267 -80.989700 0.330333 0.563106 -0.115069 0.748700
2943.000000 -20.043447 7.509976 -81.071848 0.329298 0.562458 -0.115689 0.749546
2944.000000 -19.962977 7.123305 -81.160539 0.327568 0.561810 -0.116860 0.750608
2945.000000 -19.864990 7.047867 -81.225166 0.327288 0.561303 -0.116919 0.751100
2946.000000 -19.816287 7.237867 -81.254402 0.328202 0.561212 -0.116162 0.750887
2947.000000 -19.584479 7.134859 -81.353691 0.327895 0.560066 -0.116049 0.751894
2948.000000 -19.228420 6.719348 -81.507802 0.326226 0.558124 -0.116764 0.753950
2949.000000 -19.007170 6.545100 -81.607824 0.325575 0.556977 -0.116917 0.755055
2950.000000 -18.834732 6.713661 -81.667996 0.326479 0.556301 -0.115995 0.755305
2951.000000 -18.781527 6.924593 -81.696397 0.327496 0.556207 -0.115169 0.755060
2952.000000 -18.645080 6.949624 -81.759480 0.327706 0.555594 -0.114815 0.755475
2953.000000 -18.502640 6.869217 -81.832797 0.327428 0.554875 -0.114811 0.756124
2954.000000 -18.476439 6.968030 -81.864434 0.327903 0.554820 -0.114426 0.756017
2955.000000 -18.361334 7.140537 -81.909448 0.328783 0.554408 -0.113608 0.756060
2956.000000 -18.099136 7.122007 -82.003313 0.328883 0.553185 -0.113140 0.756982
2957.000000 -17.899202 7.345230 -82.061418 0.330053 0.552416 -0.111984 0.757206
2958.000000 -17.838449 7.720652 -82.074120 0.331820 0.552392 -0.110602 0.756654
2959.000000 -17.808355 7.672509 -82.119045 0.331616 0.552223 -0.110706 0.756852
2960.000000 -17.883987 7.359332 -82.165140 0.330123 0.552361 -0.111905 0.757227
2961.000000 -17.778571 7.008321 -82.252599 0.328579 0.551637 -0.112866 0.758283
2962.000000 -17.573387 6.681571 -82.357824 0.327214 0.550466 -0.113545 0.759622
2963.000000 -17.229343 6.773434 -82.456994 0.327872 0.548942 -0.112551 0.760588
2964.000000 -16.936226 6.549906 -82.569708 0.327037 0.547439 -0.112708 0.762007
2965.000000 -16.729293 6.145699 -82.676791 0.325303 0.546217 -0.113620 0.763489
2966.000000 -16.296516 6.299649 -82.785538 0.326296 0.544333 -0.112232 0.764615
2967.000000 -15.607270 6.398602 -82.944651 0.327221 0.541210 -0.110565 0.766677
2968.000000 -14.588381 5.908119 -83.200107 0.325645 0.536157 -0.110193 0.770940
2969.000000 -13.074418 5.205930 -83.531920 0.323286 0.528739 -0.109288 0.777160
2970.000000 -10.879556 4.886675 -83.898854 0.322999 0.518453 -0.105607 0.784681
2971.000000 -8.195806 5.397847 -84.205720 0.326752 0.506382 -0.098275 0.791930
2972.000000 -4.478740 5.695471 -84.499101 0.329967 0.489168 -0.089636 0.802373
2973.000000 0.991246 3.276542 -84.773895 0.320971 0.461814 -0.085527 0.822430
2974.000000 6.696089 1.020493 -84.606285 0.312346 0.432903 -0.080271 0.841779
2975.000000 12.429807 -1.390756 -83.984827 0.302551 0.403029 -0.075365 0.860437
2976.000000 17.852713 -4.315229 -82.935530 0.289466 0.373677 -0.072137 0.878277
2977.000000 22.866387 -7.010729 -81.542293 0.276911 0.345640 -0.069094 0.893912
2978.000000 27.409920 -8.943062 -79.967882 0.267981 0.319500 -0.065368 0.906550
