0.000000 0.000000 0.000000 -0.000000 0.000000 0.000000 0.000000 1.000000
1.000000 -0.023112 0.000350 -0.046844 -0.001883 0.061354 -0.000326 0.998114
2.000000 -0.034971 -0.001213 -0.084665 -0.005233 0.125390 -0.000776 0.992093
3.000000 -0.040721 -0.003951 -0.119564 -0.009560 0.189476 -0.001478 0.981838
4.000000 -0.046098 -0.007001 -0.154691 -0.014297 0.250764 -0.002324 0.967940
5.000000 -0.055994 -0.009468 -0.190168 -0.018944 0.306814 -0.003033 0.951576
6.000000 -0.070809 -0.011109 -0.225405 -0.023146 0.356060 -0.003309 0.934170
7.000000 -0.082593 -0.013239 -0.262387 -0.028857 0.386345 -0.004354 0.921893
8.000000 -0.087793 -0.015932 -0.302030 -0.035086 0.398889 -0.006154 0.916307
9.000000 -0.087624 -0.018763 -0.343580 -0.040630 0.400996 -0.008148 0.915142
10.000000 -0.085342 -0.021222 -0.385894 -0.044737 0.399344 -0.009814 0.915656
11.000000 -0.082468 -0.023233 -0.428584 -0.047429 0.396169 -0.011048 0.916885
12.000000 -0.079156 -0.024861 -0.471528 -0.049062 0.392055 -0.011939 0.918555
13.000000 -0.075237 -0.026084 -0.514553 -0.049997 0.387593 -0.012596 0.920388
14.000000 -0.071003 -0.027058 -0.557511 -0.050607 0.383374 -0.013123 0.922112
15.000000 -0.067242 -0.028129 -0.600295 -0.051265 0.379998 -0.013624 0.923465
16.000000 -0.064944 -0.029771 -0.642821 -0.052337 0.378042 -0.014205 0.924199
17.000000 -0.064497 -0.032255 -0.685089 -0.053962 0.377537 -0.014904 0.924301
18.000000 -0.065359 -0.035515 -0.727187 -0.056017 0.377920 -0.015707 0.924009
19.000000 -0.067212 -0.039522 -0.769151 -0.058429 0.378883 -0.016612 0.923449
20.000000 -0.069470 -0.038612 -0.811319 -0.057932 0.380091 -0.016307 0.922989
21.000000 -0.071703 -0.026435 -0.853894 -0.051545 0.381352 -0.013558 0.922892
22.000000 -0.075363 -0.011233 -0.896169 -0.044374 0.383342 -0.010421 0.922481
23.000000 -0.080618 0.005578 -0.938013 -0.037234 0.386055 -0.007235 0.921696
24.000000 -0.087291 0.024191 -0.979382 -0.030036 0.389334 -0.003988 0.920598
25.000000 -0.095493 0.041848 -1.020305 -0.022688 0.393021 -0.000670 0.919249
26.000000 -0.105124 0.056055 -1.060967 -0.015098 0.396956 0.002727 0.917709
27.000000 -0.115116 0.071801 -1.101287 -0.007181 0.400975 0.006228 0.916040
28.000000 -0.125047 0.090152 -1.141187 0.001133 0.404915 0.009885 0.914300
29.000000 -0.134587 0.111350 -1.180605 0.009910 0.408613 0.013751 0.912550
30.000000 -0.144417 0.127168 -1.220256 0.016051 0.412360 0.016447 0.910731
31.000000 -0.154819 0.128892 -1.261203 0.016693 0.416300 0.016637 0.908922
32.000000 -0.163298 0.129689 -1.302439 0.016970 0.419438 0.016636 0.907473
33.000000 -0.169272 0.132055 -1.343809 0.017766 0.421606 0.016885 0.906448
34.000000 -0.172564 0.136083 -1.385340 0.019072 0.422805 0.017404 0.905853
35.000000 -0.173001 0.141869 -1.427037 0.020882 0.423035 0.018207 0.905690
36.000000 -0.170398 0.149515 -1.468878 0.023201 0.422293 0.019286 0.905957
37.000000 -0.164574 0.159123 -1.510818 0.026030 0.420577 0.020637 0.906649
38.000000 -0.155354 0.170789 -1.552783 0.029365 0.417880 0.022272 0.907754
39.000000 -0.142562 0.184607 -1.594673 0.033202 0.414198 0.024191 0.909259
40.000000 -0.126772 0.198557 -1.636558 0.036960 0.409748 0.026112 0.911076
41.000000 -0.110827 0.204646 -1.679159 0.038508 0.405396 0.027041 0.912929
42.000000 -0.096063 0.201386 -1.722606 0.037631 0.401486 0.026887 0.914697
43.000000 -0.083207 0.189866 -1.766664 0.034801 0.398142 0.025858 0.916299
44.000000 -0.073027 0.171334 -1.811030 0.030492 0.395485 0.024154 0.917648
45.000000 -0.066157 0.147739 -1.855379 0.025176 0.393635 0.021963 0.918660
46.000000 -0.062745 0.122644 -1.899454 0.019317 0.392718 0.019476 0.919250
47.000000 -0.063455 0.098002 -1.943115 0.013378 0.392867 0.016904 0.919343
48.000000 -0.069035 0.074574 -1.986310 0.007645 0.394185 0.014392 0.918887
49.000000 -0.079978 0.051670 -2.029035 0.002051 0.396719 0.011931 0.917860
50.000000 -0.095784 0.031045 -2.071217 -0.002921 0.400283 0.009741 0.916335
51.000000 -0.113149 0.021786 -2.112914 -0.005251 0.404088 0.008724 0.914663
52.000000 -0.130767 0.024648 -2.154294 -0.004839 0.407857 0.008941 0.912989
53.000000 -0.148144 0.037290 -2.195370 -0.002267 0.411495 0.010139 0.911353
54.000000 -0.164808 0.057474 -2.236093 0.001883 0.414903 0.012059 0.909784
55.000000 -0.180259 0.082801 -2.276428 0.007038 0.417981 0.014432 0.908314
56.000000 -0.193961 0.110682 -2.316428 0.012626 0.420636 0.016991 0.906982
57.000000 -0.205342 0.138335 -2.356271 0.018076 0.422779 0.019477 0.905843
58.000000 -0.213952 0.163690 -2.396193 0.022990 0.424352 0.021713 0.904945
59.000000 -0.219649 0.186424 -2.436336 0.027322 0.425354 0.023686 0.904304
60.000000 -0.222331 0.206432 -2.476805 0.031067 0.425789 0.025404 0.903932
61.000000 -0.221897 0.223613 -2.517684 0.034223 0.425662 0.026871 0.903836
62.000000 -0.218245 0.237865 -2.559031 0.036788 0.424974 0.028095 0.904021
63.000000 -0.211269 0.249087 -2.600882 0.038760 0.423729 0.029077 0.904492
64.000000 -0.200863 0.257178 -2.643250 0.040139 0.421926 0.029822 0.905250
65.000000 -0.186914 0.262034 -2.686120 0.040924 0.419565 0.030331 0.906295
66.000000 -0.169306 0.263548 -2.729454 0.041114 0.416644 0.030608 0.907624
67.000000 -0.147723 0.261601 -2.773197 0.040706 0.413128 0.030651 0.909246
68.000000 -0.121553 0.256055 -2.817276 0.039692 0.408934 0.030463 0.911191
69.000000 -0.090680 0.247085 -2.861519 0.038118 0.404062 0.030061 0.913443
70.000000 -0.057175 0.236137 -2.905585 0.036239 0.398846 0.029540 0.915825
71.000000 -0.023786 0.225062 -2.949211 0.034360 0.393708 0.029007 0.918135
72.000000 0.006532 0.215829 -2.992290 0.032789 0.389077 0.028575 0.920178
73.000000 0.030615 0.210523 -3.034846 0.031833 0.385386 0.028355 0.921770
74.000000 0.045211 0.211293 -3.076972 0.031805 0.383070 0.028449 0.922733
75.000000 0.047252 0.220188 -3.118700 0.033013 0.382562 0.028960 0.922886
76.000000 0.036026 0.235144 -3.160143 0.035143 0.383951 0.029755 0.922204
77.000000 0.016016 0.244912 -3.201929 0.036549 0.386616 0.030188 0.921022
78.000000 -0.011124 0.245851 -3.244189 0.036770 0.390333 0.030066 0.919448
79.000000 -0.045042 0.239179 -3.286630 0.036058 0.395050 0.029484 0.917478
80.000000 -0.082896 0.224847 -3.329046 0.034462 0.400377 0.028475 0.915260
81.000000 -0.121429 0.203026 -3.371334 0.031976 0.405846 0.027063 0.912981
82.000000 -0.157954 0.175083 -3.413487 0.028591 0.410994 0.025282 0.910839
83.000000 -0.189242 0.141288 -3.455627 0.024298 0.415361 0.023153 0.909037
84.000000 -0.211603 0.101218 -3.497958 0.019098 0.418485 0.020675 0.907788
85.000000 -0.221175 0.054498 -3.540677 0.013003 0.419903 0.017839 0.907300
86.000000 -0.217680 0.007625 -3.583617 0.006901 0.419613 0.015041 0.907552
87.000000 -0.209136 -0.017944 -3.626442 0.003531 0.418627 0.013508 0.908051
88.000000 -0.201035 -0.008428 -3.669323 0.004551 0.417627 0.013967 0.908500
89.000000 -0.193551 0.037344 -3.711968 0.009985 0.416616 0.016416 0.908879
90.000000 -0.180141 0.106279 -3.753770 0.018108 0.414793 0.020092 0.909514
91.000000 -0.156088 0.185431 -3.794247 0.027323 0.411629 0.024290 0.910618
92.000000 -0.124666 0.267847 -3.832886 0.036893 0.407589 0.028677 0.911969
93.000000 -0.090787 0.347427 -3.869680 0.046221 0.403323 0.032992 0.913294
94.000000 -0.059711 0.419280 -3.905201 0.054783 0.399464 0.036999 0.914362
95.000000 -0.034615 0.486249 -3.939705 0.062779 0.396273 0.040778 0.915076
96.000000 -0.015568 0.552544 -3.973100 0.070570 0.393664 0.044473 0.915462
97.000000 0.003554 0.605030 -4.007588 0.076598 0.391048 0.047426 0.915950
98.000000 0.037846 0.595436 -4.051000 0.075363 0.387085 0.047369 0.917737
99.000000 0.089227 0.503857 -4.104726 0.064812 0.381756 0.043493 0.920962
100.000000 0.132873 0.372396 -4.159642 0.050052 0.377564 0.037827 0.923856
101.000000 0.148899 0.239581 -4.210928 0.035636 0.376433 0.032075 0.925202
102.000000 0.144891 0.111970 -4.258459 0.022185 0.377389 0.026527 0.925409
103.000000 0.132510 -0.006990 -4.302365 0.009536 0.378993 0.021240 0.925107
104.000000 0.118139 -0.113593 -4.343291 -0.002165 0.380536 0.016362 0.924619
105.000000 0.105343 -0.215080 -4.381801 -0.013379 0.381851 0.011729 0.924052
106.000000 0.095368 -0.322443 -4.417531 -0.024957 0.382975 0.006964 0.923395
107.000000 0.084214 -0.431067 -4.450674 -0.036393 0.384261 0.002255 0.922504
108.000000 0.058246 -0.499073 -4.486250 -0.043418 0.387023 -0.000610 0.921047
109.000000 0.015249 -0.507339 -4.527969 -0.044227 0.391468 -0.000802 0.919128
110.000000 -0.025646 -0.490216 -4.572099 -0.042490 0.395628 0.000157 0.917427
111.000000 -0.049302 -0.478721 -4.615417 -0.041359 0.398005 0.000828 0.916450
112.000000 -0.061174 -0.474056 -4.658058 -0.040913 0.399187 0.001136 0.915956
113.000000 -0.069924 -0.471617 -4.700492 -0.040677 0.400049 0.001300 0.915590
114.000000 -0.077314 -0.470466 -4.742807 -0.040559 0.400771 0.001383 0.915279
115.000000 -0.083301 -0.470627 -4.785012 -0.040568 0.401351 0.001402 0.915024
116.000000 -0.087855 -0.472125 -4.827110 -0.040705 0.401790 0.001360 0.914826
117.000000 -0.090952 -0.474983 -4.869103 -0.040969 0.402088 0.001257 0.914683
118.000000 -0.092567 -0.479224 -4.910991 -0.041361 0.402245 0.001091 0.914597
119.000000 -0.092674 -0.484871 -4.952771 -0.041880 0.402260 0.000864 0.914567
120.000000 -0.091247 -0.491947 -4.994436 -0.042527 0.402135 0.000575 0.914592
121.000000 -0.088261 -0.500476 -5.035980 -0.043300 0.401868 0.000225 0.914673
122.000000 -0.083690 -0.510481 -5.077391 -0.044202 0.401460 -0.000188 0.914809
123.000000 -0.077508 -0.521986 -5.118655 -0.045230 0.400910 -0.000664 0.915000
124.000000 -0.069690 -0.535013 -5.159756 -0.046386 0.400217 -0.001201 0.915245
125.000000 -0.060210 -0.549585 -5.200676 -0.047669 0.399383 -0.001802 0.915542
126.000000 -0.049189 -0.565582 -5.241407 -0.049066 0.398418 -0.002459 0.915887
127.000000 -0.037255 -0.582382 -5.281992 -0.050522 0.397379 -0.003147 0.916257
128.000000 -0.025165 -0.599236 -5.322500 -0.051973 0.396332 -0.003834 0.916627
129.000000 -0.013700 -0.615370 -5.363017 -0.053352 0.395343 -0.004487 0.916972
130.000000 -0.003665 -0.629990 -5.403642 -0.054597 0.394478 -0.005076 0.917268
131.000000 0.004158 -0.642323 -5.444487 -0.055645 0.393801 -0.005570 0.917493
132.000000 0.009332 -0.651944 -5.485627 -0.056463 0.393348 -0.005951 0.917635
133.000000 0.011604 -0.658616 -5.527114 -0.057032 0.393140 -0.006209 0.917687
134.000000 0.010713 -0.662098 -5.568991 -0.057334 0.393197 -0.006336 0.917643
135.000000 0.006392 -0.662139 -5.611290 -0.057352 0.393540 -0.006321 0.917495
136.000000 -0.001481 -0.658634 -5.654014 -0.057080 0.394175 -0.006161 0.917241
137.000000 -0.012515 -0.651986 -5.697089 -0.056555 0.395065 -0.005875 0.916892
138.000000 -0.026203 -0.642710 -5.740420 -0.055823 0.396163 -0.005486 0.916465
139.000000 -0.042020 -0.631340 -5.783916 -0.054929 0.397424 -0.005016 0.915976
140.000000 -0.059426 -0.618428 -5.827489 -0.053922 0.398800 -0.004489 0.915440
141.000000 -0.077896 -0.604505 -5.871065 -0.052842 0.400249 -0.003926 0.914873
142.000000 -0.097246 -0.589762 -5.914609 -0.051708 0.401753 -0.003336 0.914281
143.000000 -0.117484 -0.574190 -5.958107 -0.050517 0.403313 -0.002718 0.913662
144.000000 -0.138622 -0.557777 -6.001544 -0.049271 0.404929 -0.002072 0.913017
145.000000 -0.160672 -0.540513 -6.044905 -0.047970 0.406601 -0.001398 0.912345
146.000000 -0.183647 -0.522385 -6.088174 -0.046612 0.408328 -0.000697 0.911644
147.000000 -0.207558 -0.503384 -6.131334 -0.045200 0.410110 0.000033 0.910915
148.000000 -0.232417 -0.483496 -6.174369 -0.043731 0.411947 0.000791 0.910157
149.000000 -0.258236 -0.462712 -6.217259 -0.042205 0.413839 0.001575 0.909370
150.000000 -0.285028 -0.441019 -6.259986 -0.040622 0.415786 0.002385 0.908552
151.000000 -0.312801 -0.418408 -6.302531 -0.038983 0.417787 0.003222 0.907703
152.000000 -0.337501 -0.397596 -6.344921 -0.037484 0.419552 0.003985 0.906948
153.000000 -0.348472 -0.385614 -6.387380 -0.036624 0.420334 0.004412 0.906619
154.000000 -0.345772 -0.382175 -6.430041 -0.036370 0.420159 0.004522 0.906710
155.000000 -0.330240 -0.386455 -6.472900 -0.036655 0.419104 0.004353 0.907188
156.000000 -0.302737 -0.397606 -6.515858 -0.037407 0.417245 0.003944 0.908015
157.000000 -0.264425 -0.414574 -6.558750 -0.038559 0.414657 0.003329 0.909155
158.000000 -0.216920 -0.435996 -6.601389 -0.040037 0.411414 0.002543 0.910565
159.000000 -0.161152 -0.460978 -6.643580 -0.041770 0.407589 0.001615 0.912208
160.000000 -0.098031 -0.488635 -6.685135 -0.043685 0.403258 0.000577 0.914043
161.000000 -0.028509 -0.518050 -6.725894 -0.045713 0.398496 -0.000538 0.916030
162.000000 0.042103 -0.545376 -6.765997 -0.047586 0.393672 -0.001592 0.918017
163.000000 0.101478 -0.562164 -6.806345 -0.048732 0.389627 -0.002300 0.919680
164.000000 0.148688 -0.567748 -6.847378 -0.049117 0.386421 -0.002646 0.921010
165.000000 0.183606 -0.561990 -6.889376 -0.048740 0.384058 -0.002627 0.922018
166.000000 0.206099 -0.544742 -6.932495 -0.047602 0.382538 -0.002242 0.922710
167.000000 0.216021 -0.515846 -6.976763 -0.045703 0.381861 -0.001491 0.923088
168.000000 0.213209 -0.475135 -7.022084 -0.043041 0.382028 -0.000374 0.923148
169.000000 0.198587 -0.423075 -7.068163 -0.039654 0.382963 0.001081 0.922911
170.000000 0.181131 -0.369340 -7.113944 -0.036177 0.384073 0.002583 0.922590
171.000000 0.158552 -0.319779 -7.159165 -0.032983 0.385508 0.003979 0.922106
172.000000 0.131888 -0.275988 -7.203794 -0.030163 0.387202 0.005224 0.921487
173.000000 0.102586 -0.239482 -7.247828 -0.027801 0.389064 0.006277 0.920770
174.000000 0.072065 -0.211771 -7.291314 -0.025981 0.391005 0.007096 0.919995
175.000000 0.041305 -0.193848 -7.334404 -0.024790 0.392934 0.007644 0.919201
176.000000 0.011999 -0.186976 -7.377024 -0.024312 0.394762 0.007881 0.918428
177.000000 -0.014320 -0.192717 -7.419186 -0.024635 0.396398 0.007770 0.917715
178.000000 -0.036102 -0.212670 -7.460869 -0.025844 0.397751 0.007270 0.917101
179.000000 -0.052928 -0.247780 -7.501981 -0.027981 0.398799 0.006357 0.916590
180.000000 -0.073459 -0.288829 -7.542638 -0.030467 0.400067 0.005300 0.915964
181.000000 -0.096573 -0.329113 -7.583034 -0.032894 0.401479 0.004273 0.915267
182.000000 -0.125250 -0.366048 -7.623241 -0.035106 0.403213 0.003353 0.914427
183.000000 -0.162949 -0.397109 -7.663313 -0.036960 0.405466 0.002617 0.913359
184.000000 -0.213217 -0.419710 -7.703237 -0.038307 0.408439 0.002139 0.911979
185.000000 -0.279659 -0.431233 -7.742865 -0.038998 0.412332 0.001993 0.910196
186.000000 -0.365821 -0.429096 -7.781794 -0.038888 0.417341 0.002255 0.907915
187.000000 -0.473453 -0.411327 -7.819350 -0.037869 0.423551 0.002987 0.905075
188.000000 -0.576221 -0.390935 -7.855881 -0.036704 0.429434 0.003784 0.902344
189.000000 -0.654984 -0.379087 -7.892632 -0.036028 0.433920 0.004290 0.900221
190.000000 -0.736703 -0.373781 -7.927967 -0.035703 0.438574 0.004622 0.897974
191.000000 -0.817385 -0.376587 -7.962142 -0.035806 0.443181 0.004732 0.895704
192.000000 -0.891694 -0.389238 -7.995713 -0.036424 0.447449 0.004570 0.893556
193.000000 -0.955721 -0.412706 -8.029334 -0.037649 0.451088 0.004087 0.891676
194.000000 -1.005029 -0.448122 -8.063854 -0.039570 0.453808 0.003228 0.890215
195.000000 -1.032548 -0.497389 -8.099922 -0.042273 0.455318 0.001932 0.889323
196.000000 -1.032632 -0.562338 -8.138064 -0.045841 0.455323 0.000130 0.889146
197.000000 -1.001468 -0.644165 -8.178260 -0.050317 0.453626 -0.002224 0.889768
198.000000 -0.964691 -0.728411 -8.217953 -0.054902 0.451630 -0.004649 0.890502
199.000000 -0.940239 -0.802537 -8.256215 -0.058919 0.450306 -0.006747 0.890903
200.000000 -0.897112 -0.868210 -8.296687 -0.062455 0.447976 -0.008666 0.891819
201.000000 -0.834266 -0.925103 -8.339395 -0.065491 0.444595 -0.010415 0.893274
202.000000 -0.751483 -0.973133 -8.384078 -0.068021 0.440159 -0.012003 0.895259
203.000000 -0.650323 -1.011966 -8.430193 -0.070027 0.434759 -0.013428 0.897720
204.000000 -0.537131 -1.040595 -8.476916 -0.071464 0.428736 -0.014643 0.900480
205.000000 -0.419174 -1.057881 -8.523655 -0.072281 0.422478 -0.015595 0.903352
206.000000 -0.303882 -1.062658 -8.570172 -0.072431 0.416376 -0.016227 0.906158
207.000000 -0.198807 -1.053761 -8.616575 -0.071866 0.410824 -0.016484 0.908728
208.000000 -0.108868 -1.031845 -8.663066 -0.070635 0.406077 -0.016368 0.910958
209.000000 -0.034521 -1.000529 -8.709602 -0.068933 0.402158 -0.015966 0.912832
210.000000 0.024187 -0.963766 -8.756051 -0.066968 0.399073 -0.015370 0.914341
211.000000 0.067194 -0.925591 -8.802242 -0.064949 0.396825 -0.014676 0.915476
212.000000 0.094436 -0.890127 -8.847982 -0.063085 0.395418 -0.013977 0.916226
213.000000 0.107606 -0.861769 -8.893007 -0.061596 0.394757 -0.013378 0.916621
214.000000 0.113263 -0.845562 -8.936882 -0.060738 0.394489 -0.013019 0.916799
215.000000 0.118908 -0.846744 -8.979096 -0.060770 0.394218 -0.013039 0.916913
216.000000 0.132081 -0.870480 -9.019042 -0.061945 0.393550 -0.013574 0.917113
217.000000 0.158164 -0.918223 -9.056280 -0.064323 0.392210 -0.014672 0.917507
218.000000 0.197448 -0.985584 -9.090806 -0.067676 0.390186 -0.016236 0.918102
219.000000 0.245584 -1.064850 -9.123046 -0.071613 0.387700 -0.018085 0.918822
220.000000 0.297739 -1.147910 -9.153736 -0.075732 0.385000 -0.020032 0.919586
221.000000 0.349011 -1.226538 -9.183992 -0.079629 0.382335 -0.021891 0.920326
222.000000 0.394538 -1.292569 -9.215310 -0.082904 0.379960 -0.023472 0.920981
223.000000 0.429512 -1.337907 -9.249464 -0.085157 0.378134 -0.024583 0.921498
224.000000 0.449096 -1.354600 -9.288277 -0.086003 0.377111 -0.025038 0.921826
225.000000 0.449296 -1.341887 -9.332275 -0.085418 0.377091 -0.024804 0.921895
226.000000 0.427848 -1.305934 -9.380545 -0.083719 0.378168 -0.023996 0.921632
227.000000 0.388919 -1.249915 -9.432049 -0.081060 0.380120 -0.022700 0.921099
228.000000 0.340674 -1.178510 -9.485323 -0.077661 0.382533 -0.021051 0.920431
229.000000 0.291565 -1.096679 -9.539057 -0.073749 0.384988 -0.019193 0.919770
230.000000 0.250202 -1.009149 -9.592240 -0.069553 0.387068 -0.017263 0.919262
231.000000 0.225318 -0.920439 -9.644155 -0.065306 0.388358 -0.015391 0.919063
232.000000 0.225640 -0.835483 -9.694267 -0.061243 0.388444 -0.013704 0.919333
233.000000 0.259981 -0.759445 -9.742049 -0.057600 0.386916 -0.012323 0.920232
234.000000 0.334235 -0.698173 -9.786752 -0.054648 0.383499 -0.011363 0.921853
235.000000 0.431756 -0.654223 -9.828345 -0.052513 0.378982 -0.010800 0.923850
236.000000 0.542810 -0.617434 -9.867572 -0.050719 0.373822 -0.010396 0.926054
237.000000 0.656227 -0.583688 -9.905056 -0.049074 0.368536 -0.010043 0.928263
238.000000 0.759088 -0.551599 -9.941821 -0.047518 0.363718 -0.009688 0.930246
239.000000 0.838628 -0.519763 -9.979358 -0.045988 0.359956 -0.009280 0.931789
240.000000 0.887213 -0.487470 -10.018975 -0.044465 0.357637 -0.008795 0.932760
241.000000 0.900965 -0.455114 -10.061450 -0.042968 0.356947 -0.008234 0.933100
242.000000 0.875919 -0.423187 -10.107232 -0.041520 0.358063 -0.007596 0.932743
243.000000 0.807960 -0.392199 -10.156325 -0.040140 0.361161 -0.006886 0.931614
244.000000 0.696021 -0.361788 -10.207936 -0.038803 0.366267 -0.006103 0.929680
245.000000 0.561535 -0.326975 -10.259611 -0.037272 0.372375 -0.005205 0.927319
246.000000 0.416654 -0.288422 -10.309913 -0.035576 0.378916 -0.004229 0.924737
247.000000 0.270426 -0.247996 -10.358103 -0.033800 0.385471 -0.003224 0.922095
248.000000 0.132067 -0.207599 -10.403974 -0.032026 0.391629 -0.002241 0.919563
249.000000 0.010744 -0.169122 -10.447829 -0.030340 0.396993 -0.001330 0.917319
250.000000 -0.088773 -0.133543 -10.490330 -0.028783 0.401367 -0.000514 0.915465
251.000000 -0.166123 -0.100922 -10.532140 -0.027358 0.404750 0.000207 0.914018
252.000000 -0.221152 -0.071276 -10.573779 -0.026067 0.407148 0.000839 0.912990
253.000000 -0.253709 -0.044619 -10.615618 -0.024910 0.408566 0.001382 0.912388
254.000000 -0.263638 -0.020967 -10.657882 -0.023889 0.409007 0.001840 0.912217
255.000000 -0.250768 -0.000332 -10.700648 -0.023003 0.408471 0.002214 0.912478
256.000000 -0.214911 0.017268 -10.743843 -0.022253 0.406960 0.002506 0.913172
257.000000 -0.155864 0.031816 -10.787243 -0.021639 0.404469 0.002716 0.914292
258.000000 -0.073413 0.043290 -10.830476 -0.021160 0.400994 0.002847 0.915832
259.000000 0.032650 0.051667 -10.873014 -0.020817 0.396528 0.002899 0.917782
260.000000 0.162513 0.056924 -10.914175 -0.020611 0.391067 0.002872 0.920127
261.000000 0.312283 0.059083 -10.953238 -0.020537 0.384771 0.002771 0.922779
262.000000 0.463041 0.058816 -10.990216 -0.020566 0.378436 0.002629 0.925395
263.000000 0.606834 0.057286 -11.025520 -0.020646 0.372391 0.002471 0.927843
264.000000 0.737177 0.055683 -11.059857 -0.020728 0.366903 0.002325 0.930025
265.000000 0.847518 0.055213 -11.094203 -0.020759 0.362241 0.002214 0.931851
266.000000 0.931946 0.057012 -11.129645 -0.020695 0.358654 0.002164 0.933239
267.000000 0.988458 0.061671 -11.166971 -0.020510 0.356245 0.002185 0.934165
268.000000 1.015884 0.069570 -11.206699 -0.020189 0.355064 0.002285 0.934621
269.000000 1.012954 0.081095 -11.249134 -0.019716 0.355159 0.002472 0.934595
270.000000 0.978362 0.096639 -11.294334 -0.019075 0.356575 0.002752 0.934068
271.000000 0.914963 0.116552 -11.341735 -0.018251 0.359181 0.003125 0.933084
272.000000 0.841039 0.140541 -11.389474 -0.017261 0.362211 0.003570 0.931929
273.000000 0.763424 0.167818 -11.436870 -0.016139 0.365379 0.004067 0.930710
274.000000 0.687427 0.197568 -11.483523 -0.014920 0.368465 0.004599 0.929510
275.000000 0.618444 0.228964 -11.529178 -0.013639 0.371252 0.005149 0.928418
276.000000 0.561387 0.261255 -11.573735 -0.012329 0.373544 0.005701 0.927513
277.000000 0.517702 0.294232 -11.617311 -0.010999 0.375291 0.006254 0.926821
278.000000 0.487086 0.327758 -11.660074 -0.009654 0.376508 0.006806 0.926338
279.000000 0.468567 0.361469 -11.702176 -0.008311 0.377241 0.007353 0.926049
280.000000 0.461090 0.394971 -11.743732 -0.006983 0.377533 0.007891 0.925936
281.000000 0.463582 0.427864 -11.784822 -0.005688 0.377430 0.008414 0.925982
282.000000 0.474958 0.459746 -11.825504 -0.004439 0.376978 0.008917 0.926169
283.000000 0.494127 0.490212 -11.865825 -0.003252 0.376220 0.009396 0.926477
284.000000 0.520008 0.518860 -11.905826 -0.002143 0.375202 0.009843 0.926888
285.000000 0.551507 0.545282 -11.945549 -0.001126 0.373968 0.010255 0.927384
286.000000 0.587515 0.569066 -11.985042 -0.000217 0.372564 0.010624 0.927946
287.000000 0.626910 0.589797 -12.024361 0.000569 0.371033 0.010945 0.928555
288.000000 0.668971 0.607196 -12.063544 0.001222 0.369404 0.011215 0.929200
289.000000 0.713648 0.621218 -12.102585 0.001743 0.367681 0.011432 0.929880
290.000000 0.760956 0.631839 -12.141467 0.002129 0.365862 0.011598 0.930594
291.000000 0.810907 0.639038 -12.180172 0.002382 0.363948 0.011713 0.931343
292.000000 0.863516 0.642794 -12.218674 0.002501 0.361938 0.011777 0.932124
293.000000 0.918794 0.643083 -12.256946 0.002487 0.359833 0.011790 0.932939
294.000000 0.975094 0.639531 -12.295103 0.002326 0.357696 0.011746 0.933761
295.000000 1.022948 0.630114 -12.334022 0.001950 0.355886 0.011612 0.934455
296.000000 1.050470 0.612297 -12.374921 0.001268 0.354850 0.011354 0.934853
297.000000 1.045578 0.583508 -12.419024 0.000191 0.355038 0.010937 0.934788
298.000000 0.999339 0.542620 -12.466951 -0.001316 0.356771 0.010353 0.934134
299.000000 0.923424 0.497720 -12.516911 -0.002952 0.359590 0.009714 0.933055
300.000000 0.837863 0.460623 -12.566570 -0.004288 0.362744 0.009190 0.931834
301.000000 0.762883 0.443142 -12.614209 -0.004905 0.365493 0.008949 0.930758
302.000000 0.708624 0.446888 -12.659524 -0.004758 0.367484 0.009012 0.929974
303.000000 0.671068 0.459365 -12.703472 -0.004315 0.368891 0.009196 0.929417
304.000000 0.646614 0.469101 -12.746774 -0.003983 0.369839 0.009333 0.929040
305.000000 0.641512 0.475794 -12.789176 -0.003760 0.370083 0.009422 0.928943
306.000000 0.665081 0.482431 -12.830080 -0.003528 0.369267 0.009512 0.929268
307.000000 0.727157 0.492407 -12.868641 -0.003168 0.367030 0.009658 0.930153
308.000000 0.834717 0.508080 -12.903784 -0.002618 0.363134 0.009886 0.931681
309.000000 0.973311 0.522197 -12.935780 -0.002145 0.358115 0.010085 0.933621
310.000000 1.120049 0.523453 -12.966129 -0.002148 0.352807 0.010096 0.935639
311.000000 1.252086 0.500599 -12.997233 -0.003021 0.348040 0.009778 0.937424
312.000000 1.357076 0.452937 -13.030729 -0.004781 0.344262 0.009133 0.938817
313.000000 1.437080 0.394177 -13.066352 -0.006928 0.341391 0.008350 0.939859
314.000000 1.494724 0.336975 -13.103780 -0.009005 0.339326 0.007592 0.940595
315.000000 1.530491 0.284142 -13.143202 -0.010910 0.338048 0.006894 0.941040
316.000000 1.544250 0.235698 -13.184849 -0.012644 0.337558 0.006258 0.941199
317.000000 1.535861 0.191672 -13.228840 -0.014209 0.337856 0.005690 0.941073
318.000000 1.505176 0.152100 -13.275175 -0.015607 0.338943 0.005196 0.940663
319.000000 1.452039 0.117083 -13.323736 -0.016838 0.340818 0.004781 0.939967
320.000000 1.376552 0.090231 -13.374239 -0.017778 0.343468 0.004497 0.938985
321.000000 1.279196 0.080355 -13.426243 -0.018123 0.346867 0.004457 0.937729
322.000000 1.160487 0.096801 -13.479192 -0.017552 0.350987 0.004780 0.936204
323.000000 1.021320 0.149010 -13.532253 -0.015747 0.355785 0.005580 0.934418
324.000000 0.875752 0.246048 -13.583329 -0.012407 0.360765 0.006957 0.932548
325.000000 0.753593 0.396009 -13.629429 -0.007275 0.364900 0.009003 0.930975
326.000000 0.667698 0.598654 -13.668870 -0.000372 0.367757 0.011716 0.929848
327.000000 0.617726 0.847579 -13.700452 0.008082 0.369356 0.015016 0.929132
328.000000 0.602899 1.135971 -13.722691 0.017855 0.369725 0.018825 0.928779
329.000000 0.621908 1.456697 -13.733979 0.028705 0.368894 0.023063 0.928742
330.000000 0.672560 1.798802 -13.733290 0.040267 0.366910 0.027610 0.928974
331.000000 0.752659 2.146153 -13.721270 0.051992 0.363844 0.032273 0.929448
332.000000 0.860250 2.482378 -13.700126 0.063316 0.359779 0.036860 0.930157
333.000000 0.992942 2.791292 -13.673529 0.073682 0.354822 0.041175 0.931116
334.000000 1.135074 3.057616 -13.647370 0.082577 0.349542 0.045004 0.932189
335.000000 1.255677 3.267551 -13.630115 0.089566 0.345040 0.048091 0.933066
336.000000 1.341481 3.415284 -13.627802 0.094472 0.341811 0.050306 0.933654
337.000000 1.392666 3.500725 -13.643177 0.097302 0.339873 0.051623 0.933999
338.000000 1.414424 3.522270 -13.677670 0.098002 0.339064 0.052026 0.934197
339.000000 1.416960 3.476257 -13.731511 0.096442 0.339045 0.051509 0.934395
340.000000 1.410711 3.358369 -13.803850 0.092467 0.339458 0.050075 0.934725
341.000000 1.406318 3.163590 -13.892684 0.085909 0.339939 0.047730 0.935298
342.000000 1.414841 2.886213 -13.994604 0.076585 0.340107 0.044465 0.936208
343.000000 1.447698 2.520093 -14.104353 0.064312 0.339567 0.040252 0.937517
344.000000 1.515804 2.060753 -14.214139 0.048972 0.337930 0.035058 0.939242
345.000000 1.619857 1.526943 -14.312340 0.031226 0.335115 0.029086 0.941211
346.000000 1.752805 0.955082 -14.388537 0.012295 0.331283 0.022719 0.943178
347.000000 1.906761 0.383488 -14.437754 -0.006567 0.326644 0.016349 0.944983
348.000000 2.068216 -0.146874 -14.461960 -0.024037 0.321614 0.010389 0.946509
349.000000 2.221153 -0.602014 -14.469412 -0.039025 0.316720 0.005192 0.947702
350.000000 2.355807 -0.965591 -14.470237 -0.051008 0.312321 0.000954 0.948606
351.000000 2.463662 -1.224015 -14.474566 -0.059538 0.308744 -0.002132 0.949278
352.000000 2.536320 -1.363476 -14.491514 -0.064166 0.306311 -0.003862 0.949759
353.000000 2.565068 -1.369312 -14.528033 -0.064412 0.305340 -0.004045 0.950054
354.000000 2.541287 -1.227268 -14.587166 -0.059825 0.306114 -0.002527 0.950110
355.000000 2.466593 -0.945827 -14.663242 -0.050721 0.308539 0.000570 0.949858
356.000000 2.362472 -0.561466 -14.742436 -0.038333 0.311859 0.004802 0.949343
357.000000 2.279021 -0.136322 -14.807966 -0.024689 0.314435 0.009428 0.948911
358.000000 2.241002 0.262279 -14.854445 -0.011934 0.315503 0.013698 0.948751
359.000000 2.191335 0.583410 -14.895087 -0.001658 0.316939 0.017138 0.948290
360.000000 2.122929 0.821430 -14.936102 0.005989 0.318996 0.019692 0.947533
361.000000 2.045034 0.979505 -14.979673 0.011124 0.321384 0.021383 0.946642
362.000000 1.966137 1.061482 -15.026692 0.013857 0.323809 0.022242 0.945760
363.000000 1.895504 1.071066 -15.076961 0.014286 0.325972 0.022313 0.945008
364.000000 1.844744 1.011499 -15.129395 0.012499 0.327570 0.021635 0.944496
365.000000 1.824008 0.885184 -15.182033 0.008588 0.328296 0.020244 0.944319
366.000000 1.830708 0.705518 -15.232985 0.002995 0.328214 0.018290 0.944422
367.000000 1.833334 0.511652 -15.282854 -0.003028 0.328267 0.016193 0.944441
368.000000 1.818246 0.347699 -15.331753 -0.008101 0.328844 0.014423 0.944239
369.000000 1.806738 0.251386 -15.377490 -0.011082 0.329269 0.013383 0.944076
370.000000 1.801949 0.221007 -15.420981 -0.012037 0.329446 0.013053 0.944007
371.000000 1.800201 0.246178 -15.463188 -0.011294 0.329490 0.013318 0.943997
372.000000 1.797766 0.316347 -15.504455 -0.009180 0.329512 0.014063 0.944002
373.000000 1.791140 0.420847 -15.544865 -0.006019 0.329620 0.015174 0.943973
374.000000 1.778057 0.548906 -15.584541 -0.002139 0.329922 0.016540 0.943861
375.000000 1.755122 0.689954 -15.623774 0.002138 0.330528 0.018044 0.943621
376.000000 1.718586 0.833360 -15.663140 0.006488 0.331547 0.019569 0.943213
377.000000 1.664641 0.968356 -15.703539 0.010589 0.333095 0.020996 0.942600
378.000000 1.598350 1.083240 -15.745283 0.014086 0.335018 0.022200 0.941845
379.000000 1.571723 1.165234 -15.784486 0.016571 0.335772 0.023054 0.941515
380.000000 1.596270 1.212227 -15.820872 0.017975 0.335025 0.023549 0.941743
381.000000 1.669641 1.226509 -15.854591 0.018367 0.332850 0.023724 0.942502
382.000000 1.768784 1.230088 -15.885952 0.018415 0.329918 0.023814 0.943530
383.000000 1.861579 1.253244 -15.915917 0.019037 0.327157 0.024113 0.944470
384.000000 1.933304 1.304308 -15.945616 0.020491 0.324993 0.024685 0.945172
385.000000 1.982860 1.374553 -15.975946 0.022514 0.323456 0.025431 0.945633
386.000000 2.009585 1.454714 -16.007772 0.024828 0.322569 0.026254 0.945856
387.000000 2.013329 1.534990 -16.042025 0.027156 0.322353 0.027064 0.945843
388.000000 1.994134 1.605425 -16.079720 0.029224 0.322831 0.027770 0.945598
389.000000 1.951308 1.668544 -16.120731 0.031113 0.324022 0.028394 0.945111
390.000000 1.883322 1.749797 -16.162405 0.033565 0.325941 0.029178 0.944343
391.000000 1.791258 1.874908 -16.201102 0.037320 0.328521 0.030361 0.943271
392.000000 1.697409 2.049939 -16.232371 0.042519 0.331095 0.032018 0.942095
393.000000 1.633281 2.272767 -16.251805 0.049050 0.332745 0.034165 0.941121
394.000000 1.621141 2.544759 -16.255385 0.056920 0.332819 0.036863 0.940549
395.000000 1.687621 2.821452 -16.245677 0.064825 0.330593 0.039727 0.940706
396.000000 1.807934 3.083850 -16.227708 0.072254 0.326802 0.042560 0.941365
397.000000 1.944455 3.322339 -16.207334 0.078982 0.322542 0.045221 0.942170
398.000000 2.059329 3.526814 -16.192113 0.084782 0.318929 0.047540 0.942781
399.000000 2.124295 3.683346 -16.190637 0.089298 0.316807 0.049299 0.942989
400.000000 2.141076 3.782076 -16.207163 0.092212 0.316129 0.050366 0.942880
401.000000 2.118380 3.814751 -16.243890 0.093262 0.316676 0.050661 0.942577
402.000000 2.064788 3.772101 -16.302215 0.092165 0.318230 0.050110 0.942191
403.000000 1.988470 3.643902 -16.382541 0.088619 0.320579 0.048644 0.941812
404.000000 1.888612 3.438069 -16.480838 0.082869 0.323729 0.046344 0.941374
405.000000 1.745468 3.226478 -16.581667 0.077029 0.328111 0.043873 0.940471
406.000000 1.591138 3.056665 -16.671859 0.072407 0.332726 0.041787 0.939311
407.000000 1.470916 2.966800 -16.741800 0.069992 0.336252 0.040601 0.938289
408.000000 1.419929 2.964879 -16.789302 0.069949 0.337717 0.040474 0.937772
409.000000 1.442669 2.990066 -16.825642 0.070578 0.337086 0.040777 0.937939
410.000000 1.510100 2.947478 -16.869839 0.069290 0.335288 0.040488 0.938692
411.000000 1.589412 2.949830 -16.904505 0.069270 0.333093 0.040679 0.939466
412.000000 1.677189 3.173529 -16.897559 0.075421 0.330367 0.043077 0.939848
413.000000 1.761276 3.358163 -16.895178 0.080506 0.327757 0.045081 0.940246
414.000000 1.828367 3.498774 -16.901545 0.084352 0.325663 0.046601 0.940562
415.000000 1.865220 3.590762 -16.920800 0.086791 0.324484 0.047546 0.940700
416.000000 1.858220 3.624098 -16.957091 0.087649 0.324619 0.047843 0.940559
417.000000 1.793005 3.586962 -17.013689 0.086765 0.326462 0.047384 0.940026
418.000000 1.666517 3.508912 -17.084719 0.084829 0.330048 0.046336 0.939002
419.000000 1.497215 3.475751 -17.149267 0.084183 0.334732 0.045580 0.937438
420.000000 1.306660 3.582371 -17.185216 0.087355 0.339784 0.046137 0.935301
421.000000 1.119477 3.702536 -17.215433 0.090843 0.344699 0.046867 0.933131
422.000000 0.942185 3.635661 -17.282778 0.089233 0.349574 0.045759 0.931526
423.000000 0.792206 3.626131 -17.334798 0.089146 0.353619 0.045284 0.930030
424.000000 0.680533 3.663886 -17.374076 0.090288 0.356568 0.045370 0.928789
425.000000 0.596745 3.748671 -17.401488 0.092658 0.358711 0.046007 0.927698
426.000000 0.526781 3.881772 -17.416919 0.096293 0.360420 0.047195 0.926605
427.000000 0.435789 4.038645 -17.426089 0.100578 0.362641 0.048589 0.925211
428.000000 0.244930 4.104133 -17.456818 0.102569 0.367606 0.048751 0.923022
429.000000 0.097389 4.165649 -17.485947 0.104401 0.371391 0.048974 0.921288
430.000000 0.010462 4.235407 -17.511622 0.106376 0.373544 0.049451 0.920165
431.000000 -0.051332 4.290617 -17.540129 0.107946 0.375051 0.049852 0.919347
432.000000 -0.104254 4.333338 -17.571346 0.109180 0.376360 0.050149 0.918650
433.000000 -0.163504 4.369715 -17.604362 0.110194 0.377914 0.050332 0.917881
434.000000 -0.241048 4.396906 -17.639200 0.110991 0.379935 0.050367 0.916948
435.000000 -0.324214 4.403687 -17.678551 0.111278 0.382096 0.050172 0.916025
436.000000 -0.395807 4.378128 -17.725750 0.110718 0.383989 0.049663 0.915329
437.000000 -0.418567 4.334811 -17.778120 0.109640 0.384635 0.049117 0.915217
438.000000 -0.310871 4.383561 -17.810626 0.110750 0.381793 0.049979 0.916226
439.000000 -0.217459 4.428577 -17.843146 0.111782 0.379329 0.050750 0.917082
440.000000 -0.154384 4.450283 -17.880700 0.112254 0.377680 0.051174 0.917681
441.000000 -0.089807 4.469136 -17.918775 0.112649 0.375998 0.051569 0.918301
442.000000 -0.023285 4.490153 -17.956120 0.113091 0.374265 0.051992 0.918930
443.000000 0.044049 4.517545 -17.991641 0.113691 0.372504 0.052485 0.919544
444.000000 0.111124 4.555543 -18.024230 0.114560 0.370735 0.053083 0.920116
445.000000 0.176818 4.608410 -18.052739 0.115808 0.368981 0.053826 0.920622
446.000000 0.239992 4.680434 -18.075956 0.117546 0.367263 0.054754 0.921034
447.000000 0.299655 4.775360 -18.092708 0.119870 0.365599 0.055901 0.921327
448.000000 0.355563 4.894119 -18.102417 0.122803 0.363991 0.057274 0.921493
449.000000 0.407701 5.036735 -18.104634 0.126347 0.362435 0.058873 0.921526
450.000000 0.456053 5.203201 -18.098811 0.130501 0.360930 0.060697 0.921420
451.000000 0.500599 5.393466 -18.084307 0.135267 0.359472 0.062745 0.921165
452.000000 0.541283 5.606728 -18.060605 0.140625 0.358059 0.065009 0.920756
453.000000 0.577820 5.837820 -18.028541 0.146448 0.356703 0.067437 0.920200
454.000000 0.609840 6.079929 -17.989703 0.152565 0.355423 0.069960 0.919513
455.000000 0.636984 6.326258 -17.946014 0.158808 0.354240 0.072509 0.918715
456.000000 0.658902 6.570063 -17.899755 0.165007 0.353175 0.075016 0.917830
457.000000 0.675260 6.804680 -17.853567 0.170994 0.352253 0.077413 0.916889
458.000000 0.685738 7.023626 -17.810421 0.176602 0.351498 0.079633 0.915925
459.000000 0.690025 7.220527 -17.773569 0.181664 0.350938 0.081609 0.914976
460.000000 0.687808 7.389063 -17.746469 0.186017 0.350600 0.083272 0.914081
461.000000 0.678749 7.522958 -17.732687 0.189495 0.350512 0.084557 0.913281
462.000000 0.661698 7.618982 -17.734496 0.192016 0.350717 0.085424 0.912595
463.000000 0.634253 7.682232 -17.750399 0.193717 0.351266 0.085908 0.911979
464.000000 0.593927 7.719779 -17.777711 0.194785 0.352206 0.086067 0.911374
465.000000 0.538696 7.738865 -17.813408 0.195413 0.353570 0.085959 0.910721
466.000000 0.474272 7.749723 -17.852807 0.195847 0.355183 0.085716 0.910023
467.000000 0.412600 7.764968 -17.890075 0.196381 0.356712 0.085527 0.909327
468.000000 0.364584 7.796041 -17.920029 0.197279 0.357855 0.085568 0.908680
469.000000 0.333207 7.847137 -17.940825 0.198640 0.358532 0.085897 0.908085
470.000000 0.318514 7.919761 -17.951719 0.200503 0.358741 0.086528 0.907533
471.000000 0.320359 8.015293 -17.951836 0.202904 0.358481 0.087474 0.907011
472.000000 0.339262 8.132607 -17.941212 0.205819 0.357734 0.088731 0.906527
473.000000 0.377190 8.266360 -17.921692 0.209108 0.356455 0.090261 0.906127
474.000000 0.436395 8.410943 -17.895338 0.212625 0.354597 0.092024 0.905860
475.000000 0.518662 8.560627 -17.864367 0.216215 0.352128 0.093979 0.905773
476.000000 0.618008 8.706746 -17.832777 0.219671 0.349219 0.096009 0.905855
477.000000 0.722338 8.838358 -17.806324 0.222743 0.346208 0.097935 0.906054
478.000000 0.820827 8.945749 -17.790683 0.225211 0.343400 0.099598 0.906332
479.000000 0.910680 9.026422 -17.787856 0.227017 0.340879 0.100954 0.906683
480.000000 0.992033 9.080468 -17.798316 0.228164 0.338646 0.102004 0.907114
481.000000 1.065013 9.107918 -17.822404 0.228655 0.336703 0.102747 0.907629
482.000000 1.129719 9.108725 -17.860332 0.228490 0.335048 0.103184 0.908233
483.000000 1.186209 9.082768 -17.912191 0.227670 0.333683 0.103314 0.908927
484.000000 1.234507 9.029849 -17.977947 0.226194 0.332607 0.103140 0.909709
485.000000 1.274609 8.949689 -18.057441 0.224058 0.331819 0.102660 0.910579
486.000000 1.306481 8.841935 -18.150387 0.221262 0.331318 0.101875 0.911533
487.000000 1.330066 8.706167 -18.256364 0.217802 0.331102 0.100785 0.912566
488.000000 1.345281 8.541908 -18.374812 0.213674 0.331169 0.099390 0.913670
489.000000 1.352018 8.348635 -18.505022 0.208874 0.331517 0.097688 0.914836
490.000000 1.350148 8.125801 -18.646130 0.203400 0.332143 0.095679 0.916054
491.000000 1.339519 7.872878 -18.797091 0.197247 0.333041 0.093365 0.917311
492.000000 1.319609 7.593101 -18.955218 0.190508 0.334208 0.090775 0.918570
493.000000 1.289159 7.297256 -19.115121 0.183451 0.335639 0.088005 0.919754
494.000000 1.246798 6.997380 -19.271713 0.176371 0.337331 0.085158 0.920787
495.000000 1.191137 6.705904 -19.420631 0.169562 0.339288 0.082340 0.921603
496.000000 1.120778 6.435618 -19.558213 0.163319 0.341514 0.079658 0.922144
497.000000 1.034423 6.199461 -19.681404 0.157935 0.344015 0.077224 0.922359
498.000000 0.937558 6.004992 -19.788868 0.153563 0.346652 0.075131 0.922283
499.000000 0.847524 5.850377 -19.881668 0.150116 0.349032 0.073431 0.922090
500.000000 0.783169 5.732686 -19.961067 0.147486 0.350734 0.072169 0.921968
501.000000 0.763616 5.648802 -20.028212 0.145565 0.351339 0.071377 0.922105
502.000000 0.806329 5.592570 -20.084731 0.144183 0.350468 0.071056 0.922678
503.000000 0.914990 5.557146 -20.132236 0.143176 0.348058 0.071149 0.923739
504.000000 1.087212 5.537828 -20.171273 0.142435 0.344169 0.071598 0.925275
505.000000 1.320584 5.529903 -20.201788 0.141847 0.338856 0.072351 0.927266
506.000000 1.612723 5.528630 -20.223226 0.141301 0.332169 0.073355 0.929686
507.000000 1.961180 5.529280 -20.234621 0.140685 0.324160 0.074561 0.932507
508.000000 2.356239 5.530440 -20.234563 0.139980 0.315042 0.075922 0.935623
509.000000 2.774997 5.535816 -20.222404 0.139313 0.305329 0.077386 0.938817
510.000000 3.193023 5.549460 -20.199350 0.138824 0.295572 0.078902 0.941881
511.000000 3.587703 5.577299 -20.167731 0.138700 0.286289 0.080436 0.944633
512.000000 3.943103 5.628752 -20.129258 0.139200 0.277837 0.081995 0.946946
513.000000 4.258511 5.706730 -20.085118 0.140402 0.270235 0.083593 0.948827
514.000000 4.539133 5.811342 -20.035763 0.142305 0.263368 0.085244 0.950326
515.000000 4.790180 5.942759 -19.981039 0.144905 0.257118 0.086962 0.951489
516.000000 5.016789 6.101175 -19.920216 0.148203 0.251365 0.088761 0.952351
517.000000 5.223966 6.286754 -19.851985 0.152198 0.245989 0.090656 0.952946
518.000000 5.417171 6.501712 -19.773797 0.156941 0.240853 0.092674 0.953295
519.000000 5.603010 6.752574 -19.680770 0.162586 0.235778 0.094876 0.953401
520.000000 5.788331 7.046365 -19.566870 0.169301 0.230571 0.097326 0.953259
521.000000 5.978239 7.388097 -19.426222 0.177214 0.225081 0.100073 0.952848
522.000000 6.173591 7.778104 -19.255045 0.186355 0.219268 0.103120 0.952134
523.000000 6.374470 8.215824 -19.049495 0.196740 0.213105 0.106469 0.951075
524.000000 6.580753 8.700340 -18.805301 0.208382 0.206569 0.110122 0.949621
525.000000 6.792067 9.230208 -18.517833 0.221286 0.199639 0.114079 0.947714
526.000000 7.007179 9.802240 -18.182985 0.235426 0.192314 0.118334 0.945297
527.000000 7.220004 10.404190 -17.803402 0.250561 0.184748 0.122802 0.942341
528.000000 7.422409 11.019922 -17.386728 0.266344 0.177176 0.127361 0.938855
529.000000 7.606772 11.634080 -16.942962 0.282431 0.169841 0.131885 0.934876
530.000000 7.766192 12.232435 -16.484401 0.298485 0.162991 0.136246 0.930472
531.000000 7.894640 12.802156 -16.025425 0.314177 0.156874 0.140312 0.925741
532.000000 7.987093 13.332108 -15.582138 0.329191 0.151742 0.143943 0.920808
533.000000 8.039338 13.812754 -15.171893 0.343226 0.147840 0.146999 0.915822
534.000000 8.047638 14.235906 -14.812809 0.355990 0.145415 0.149335 0.910947
535.000000 8.008957 14.594983 -14.522321 0.367222 0.144688 0.150812 0.906349
536.000000 7.924640 14.889071 -14.309499 0.376808 0.145707 0.151371 0.902149
537.000000 7.800804 15.125448 -14.170185 0.384879 0.148294 0.151069 0.898362
538.000000 7.644354 15.313804 -14.094400 0.391655 0.152201 0.150012 0.894951
539.000000 7.461365 15.463051 -14.071250 0.397345 0.157182 0.148319 0.891859
540.000000 7.257420 15.581458 -14.089408 0.402154 0.162998 0.146117 0.889018
541.000000 7.037892 15.676670 -14.137475 0.406278 0.169411 0.143536 0.886361
542.000000 6.808315 15.755933 -14.204171 0.409908 0.176187 0.140707 0.883819
543.000000 6.574559 15.826312 -14.278450 0.413235 0.183094 0.137762 0.881326
544.000000 6.343190 15.894624 -14.349632 0.416440 0.189889 0.134843 0.878827
545.000000 6.122823 15.965702 -14.408859 0.419635 0.196291 0.132107 0.876313
546.000000 5.919153 16.039309 -14.454633 0.422791 0.202139 0.129635 0.873832
547.000000 5.736150 16.113174 -14.488664 0.425834 0.207337 0.127467 0.871452
548.000000 5.577752 16.184993 -14.512829 0.428686 0.211789 0.125640 0.869246
549.000000 5.447798 16.252477 -14.529100 0.431273 0.215400 0.124195 0.867284
550.000000 5.349931 16.313404 -14.539476 0.433521 0.218079 0.123170 0.865639
551.000000 5.287618 16.365604 -14.545884 0.435353 0.219733 0.122608 0.864379
552.000000 5.264204 16.406938 -14.550090 0.436693 0.220274 0.122553 0.863574
553.000000 5.283472 16.434185 -14.554647 0.437425 0.219602 0.123047 0.863304
554.000000 5.350536 16.440911 -14.564861 0.437331 0.217589 0.124130 0.863706
555.000000 5.468818 16.421324 -14.585330 0.436218 0.214157 0.125816 0.864882
556.000000 5.641235 16.370008 -14.619613 0.433903 0.209246 0.128109 0.866910
557.000000 5.870955 16.281462 -14.670214 0.430201 0.202791 0.131009 0.869850
558.000000 6.154873 16.155268 -14.735389 0.425103 0.194898 0.134453 0.873627
559.000000 6.482293 15.997123 -14.809445 0.418814 0.185867 0.138303 0.878021
560.000000 6.841965 15.813124 -14.887116 0.411563 0.176015 0.142409 0.882811
561.000000 7.222345 15.609451 -14.964246 0.403587 0.165664 0.146618 0.887793
562.000000 7.611456 15.392419 -15.038133 0.395136 0.155142 0.150780 0.892785
563.000000 7.996444 15.169535 -15.106859 0.386504 0.144797 0.154753 0.897608
564.000000 8.362471 14.951936 -15.167743 0.378109 0.135015 0.158404 0.902060
565.000000 8.693907 14.751737 -15.219646 0.370404 0.126196 0.161610 0.905957
566.000000 8.974781 14.581345 -15.263127 0.363850 0.118743 0.164254 0.909139
567.000000 9.189072 14.453268 -15.299834 0.358911 0.113058 0.166227 0.911465
568.000000 9.327632 14.374655 -15.332512 0.355856 0.109367 0.167476 0.912884
569.000000 9.389320 14.346358 -15.363870 0.354713 0.107691 0.168015 0.913429
570.000000 9.373137 14.369090 -15.395039 0.355485 0.108039 0.167872 0.913114
571.000000 9.279866 14.422719 -15.443876 0.357537 0.110475 0.167021 0.912177
572.000000 9.088173 14.381374 -15.637693 0.357271 0.116265 0.164765 0.911972
573.000000 8.735899 14.397218 -15.864225 0.359492 0.126313 0.160916 0.910448
574.000000 8.268351 14.473331 -16.085395 0.363943 0.139175 0.156023 0.907652
575.000000 7.745749 14.585604 -16.283711 0.369540 0.153195 0.150697 0.904025
576.000000 7.227741 14.710358 -16.449574 0.375293 0.166825 0.145518 0.900083
577.000000 6.741073 14.836088 -16.586753 0.380690 0.179457 0.140708 0.896142
578.000000 6.293174 14.949031 -16.705031 0.385508 0.191035 0.136242 0.892372
579.000000 5.887427 15.039774 -16.814812 0.389534 0.201523 0.132076 0.888936
580.000000 5.525485 15.100006 -16.926438 0.392557 0.210901 0.128186 0.885996
581.000000 5.206194 15.144514 -17.030123 0.394972 0.219129 0.124673 0.883423
582.000000 4.953903 15.303151 -17.005574 0.400049 0.225125 0.122700 0.879900
583.000000 4.836675 15.398883 -16.994829 0.402976 0.227819 0.121921 0.877977
584.000000 4.804479 15.421242 -17.025585 0.403694 0.228567 0.121662 0.877489
585.000000 4.791967 15.388996 -17.100061 0.402930 0.228994 0.121279 0.877782
586.000000 4.737873 15.319356 -17.219205 0.401352 0.230609 0.120175 0.878234
587.000000 4.635586 15.223898 -17.373004 0.399291 0.233521 0.118350 0.878651
588.000000 4.549634 15.124849 -17.523630 0.397093 0.236007 0.116707 0.879203
589.000000 4.516137 15.034462 -17.651832 0.394941 0.237136 0.115734 0.879996
590.000000 4.534355 14.951988 -17.759457 0.392819 0.236960 0.115401 0.881037
591.000000 4.601972 14.876014 -17.848717 0.390698 0.235562 0.115652 0.882321
592.000000 4.716120 14.804927 -17.921383 0.388549 0.233025 0.116431 0.883840
593.000000 4.872575 14.736717 -17.978852 0.386336 0.229429 0.117689 0.885583
594.000000 5.067710 14.669637 -18.022277 0.384025 0.224852 0.119378 0.887533
595.000000 5.298782 14.602183 -18.052670 0.381581 0.219371 0.121449 0.889675
596.000000 5.562875 14.532767 -18.071038 0.378969 0.213070 0.123844 0.891990
597.000000 5.840004 14.454856 -18.087786 0.376091 0.206467 0.126304 0.894413
598.000000 6.068314 14.360510 -18.129479 0.372968 0.201129 0.128140 0.896673
599.000000 6.222663 14.262452 -18.196324 0.370012 0.197642 0.129177 0.898522
600.000000 6.312072 14.171647 -18.278395 0.367466 0.195744 0.129584 0.899923
601.000000 6.345286 14.093059 -18.369865 0.365420 0.195196 0.129485 0.900889
602.000000 6.331069 14.031713 -18.464356 0.363958 0.195758 0.129005 0.901427
603.000000 6.278076 13.992342 -18.555186 0.363163 0.197188 0.128267 0.901542
604.000000 6.195043 13.979492 -18.635510 0.363117 0.199246 0.127389 0.901232
605.000000 6.091157 13.998047 -18.698367 0.363904 0.201689 0.126484 0.900498
606.000000 5.975870 14.053049 -18.736710 0.365608 0.204273 0.125664 0.899340
607.000000 5.857998 14.148353 -18.744510 0.368283 0.206777 0.125037 0.897762
608.000000 5.746544 14.268589 -18.730111 0.371526 0.209039 0.124617 0.895959
609.000000 5.724548 14.367871 -18.703184 0.373967 0.209231 0.124970 0.894849
610.000000 5.878690 14.413478 -18.662535 0.374548 0.205397 0.126760 0.895242
611.000000 6.151748 14.408097 -18.621027 0.373499 0.198885 0.129451 0.896764
612.000000 6.457989 14.360191 -18.596828 0.371287 0.191717 0.132255 0.898832
613.000000 6.717487 14.277739 -18.610928 0.368381 0.185798 0.134427 0.900946
614.000000 6.910628 14.170771 -18.664041 0.365101 0.181543 0.135828 0.902936
615.000000 7.061988 14.050700 -18.739383 0.361636 0.178276 0.136765 0.904838
616.000000 7.200223 13.928605 -18.818767 0.358161 0.175296 0.137563 0.906680
617.000000 7.354054 13.815527 -18.883777 0.354843 0.171913 0.138537 0.908482
618.000000 7.528372 13.717816 -18.928361 0.351817 0.168028 0.139755 0.910198
619.000000 7.631132 13.653923 -18.976317 0.349875 0.165794 0.140429 0.911251
620.000000 7.567698 13.645010 -19.051416 0.349887 0.167380 0.139779 0.911057
621.000000 7.388686 13.684911 -19.136301 0.351488 0.171542 0.138281 0.909894
622.000000 7.176296 13.760889 -19.205519 0.354047 0.176330 0.136662 0.908230
623.000000 7.008887 13.859962 -19.238529 0.356972 0.179935 0.135585 0.906538
624.000000 6.901720 13.967190 -19.241821 0.359872 0.182073 0.135106 0.905035
625.000000 6.823868 14.066393 -19.239240 0.362483 0.183544 0.134855 0.903732
626.000000 6.742738 14.141643 -19.254539 0.364541 0.185171 0.134456 0.902631
627.000000 6.626083 14.177298 -19.310624 0.365787 0.187762 0.133535 0.901728
628.000000 6.474071 14.174550 -19.405905 0.366252 0.191298 0.132093 0.901008
629.000000 6.348459 14.168339 -19.493756 0.366545 0.194220 0.130876 0.900442
630.000000 6.262266 14.168388 -19.563694 0.366844 0.196207 0.130056 0.900007
631.000000 6.212668 14.176021 -19.616482 0.367188 0.197334 0.129616 0.899684
632.000000 6.196812 14.192479 -19.652640 0.367611 0.197673 0.129532 0.899449
633.000000 6.211472 14.218745 -19.672467 0.368152 0.197294 0.129775 0.899276
634.000000 6.252369 14.255256 -19.676087 0.368846 0.196265 0.130321 0.899138
635.000000 6.316141 14.303068 -19.663480 0.369727 0.194656 0.131147 0.899006
636.000000 6.399696 14.363392 -19.634549 0.370831 0.192536 0.132230 0.898849
637.000000 6.500063 14.437364 -19.589119 0.372192 0.189971 0.133545 0.898638
638.000000 6.606157 14.517009 -19.536460 0.373664 0.187243 0.134946 0.898390
639.000000 6.676332 14.570162 -19.514841 0.374648 0.185426 0.135882 0.898216
640.000000 6.720605 14.591118 -19.525904 0.374978 0.184319 0.136420 0.898225
641.000000 6.765086 14.583194 -19.558509 0.374641 0.183316 0.136823 0.898509
642.000000 6.837190 14.553849 -19.597548 0.373717 0.181767 0.137382 0.899123
643.000000 6.954753 14.511584 -19.630029 0.372337 0.179238 0.138306 0.900062
644.000000 7.078718 14.462168 -19.664859 0.370767 0.176596 0.139251 0.901085
645.000000 7.197377 14.411711 -19.701566 0.369190 0.174081 0.140137 0.902084
646.000000 7.306553 14.366506 -19.737079 0.367764 0.171758 0.140954 0.902984
647.000000 7.410227 14.331497 -19.766289 0.366586 0.169508 0.141767 0.903761
648.000000 7.508619 14.309781 -19.786866 0.365726 0.167308 0.142596 0.904389
649.000000 7.588567 14.303013 -19.803171 0.365274 0.165474 0.143317 0.904795
650.000000 7.635073 14.312714 -19.820279 0.365318 0.164352 0.143797 0.904905
651.000000 7.632698 14.339593 -19.843905 0.365932 0.164293 0.143897 0.904652
652.000000 7.564443 14.380149 -19.882965 0.367095 0.165694 0.143446 0.903997
653.000000 7.422517 14.429879 -19.942748 0.368726 0.168734 0.142354 0.902943
654.000000 7.255290 14.485727 -20.006146 0.370575 0.172314 0.141053 0.901713
655.000000 7.081015 14.541745 -20.070300 0.372441 0.176038 0.139687 0.900436
656.000000 6.909996 14.591524 -20.136106 0.374146 0.179696 0.138320 0.899217
657.000000 6.743920 14.629973 -20.206780 0.375572 0.183266 0.136947 0.898112
658.000000 6.578454 14.652887 -20.286880 0.376642 0.186857 0.135512 0.897141
659.000000 6.409097 14.656040 -20.380823 0.377279 0.190579 0.133956 0.896324
660.000000 6.233037 14.640060 -20.488805 0.377509 0.194487 0.132255 0.895640
661.000000 6.051724 14.618276 -20.600581 0.377624 0.198504 0.130480 0.894970
662.000000 5.867323 14.606327 -20.704365 0.377956 0.202535 0.128722 0.894181
663.000000 5.681567 14.618026 -20.790102 0.378789 0.206501 0.127069 0.893157
664.000000 5.491297 14.635748 -20.871210 0.379744 0.210527 0.125411 0.892045
665.000000 5.291112 14.619152 -20.977130 0.379977 0.214847 0.123500 0.891182
666.000000 5.079092 14.554178 -21.117067 0.379209 0.219528 0.121248 0.890678
667.000000 4.857857 14.462710 -21.273848 0.377917 0.224437 0.118788 0.890335
668.000000 4.630438 14.369654 -21.428931 0.376626 0.229431 0.116277 0.889940
669.000000 4.400056 14.301290 -21.564343 0.375860 0.234376 0.113885 0.889285
670.000000 4.168426 14.278654 -21.667038 0.376016 0.239192 0.111743 0.888207
671.000000 3.933521 14.291130 -21.745178 0.376861 0.243960 0.109780 0.886796
672.000000 3.693080 14.310797 -21.817327 0.377831 0.248800 0.107826 0.885277
673.000000 3.445309 14.311188 -21.900649 0.378406 0.253811 0.105708 0.883863
674.000000 3.194972 14.300248 -21.988626 0.378752 0.258874 0.103506 0.882507
675.000000 2.951863 14.312475 -22.057171 0.379548 0.263713 0.101499 0.880963
676.000000 2.717640 14.366671 -22.094199 0.381165 0.268258 0.099817 0.879083
677.000000 2.481431 14.463407 -22.100826 0.383625 0.272734 0.098375 0.876796
678.000000 2.244465 14.596306 -22.080686 0.386789 0.277133 0.097154 0.874158
679.000000 2.069212 14.717259 -22.059561 0.389566 0.280331 0.096396 0.871987
680.000000 1.905684 14.806956 -22.056605 0.391687 0.283363 0.095536 0.870149
681.000000 1.747887 14.868757 -22.070670 0.393234 0.286340 0.094538 0.868585
682.000000 1.593743 14.919237 -22.090802 0.394547 0.289269 0.093493 0.867130
683.000000 1.440973 14.975419 -22.105559 0.395972 0.292157 0.092495 0.865618
684.000000 1.287361 15.052376 -22.105072 0.397795 0.294995 0.091633 0.863910
685.000000 1.134742 15.160269 -22.082083 0.400211 0.297745 0.090988 0.861917
686.000000 0.989049 15.296808 -22.037325 0.403164 0.300300 0.090601 0.859692
687.000000 0.863846 15.440263 -21.984937 0.406207 0.302442 0.090450 0.857522
688.000000 0.760082 15.573317 -21.937267 0.409003 0.304189 0.090427 0.855575
689.000000 0.614807 15.720868 -21.878787 0.412171 0.306716 0.090118 0.853182
690.000000 0.468147 15.882481 -21.807791 0.415618 0.309243 0.089889 0.850618
691.000000 0.314193 16.053308 -21.727501 0.419263 0.311893 0.089651 0.847882
692.000000 0.146455 16.228240 -21.641335 0.423018 0.314803 0.089303 0.844973
693.000000 -0.023260 16.397694 -21.556128 0.426674 0.317762 0.088888 0.842066
694.000000 -0.178678 16.553477 -21.478438 0.430036 0.320470 0.088503 0.839366
695.000000 -0.305365 16.691509 -21.412323 0.432996 0.322656 0.088260 0.837029
696.000000 -0.392685 16.809025 -21.361088 0.435478 0.324122 0.088253 0.835173
697.000000 -0.458911 16.911204 -21.321157 0.437621 0.325217 0.088342 0.833617
698.000000 -0.535293 17.006892 -21.285252 0.439657 0.326526 0.088281 0.832039
699.000000 -0.631608 17.100395 -21.249713 0.441689 0.328227 0.088001 0.830321
700.000000 -0.734805 17.191048 -21.215389 0.443675 0.330060 0.087629 0.828573
701.000000 -0.830052 17.277751 -21.183785 0.445561 0.331732 0.087313 0.826926
702.000000 -0.905599 17.360141 -21.155803 0.447318 0.333020 0.087171 0.825473
703.000000 -0.967355 17.442293 -21.127951 0.449042 0.334044 0.087172 0.824122
704.000000 -1.027131 17.529758 -21.095109 0.450866 0.335024 0.087235 0.822721
705.000000 -1.096912 17.628108 -21.051917 0.452924 0.336182 0.087276 0.821111
706.000000 -1.185209 17.741888 -20.993735 0.455324 0.337673 0.087241 0.819174
707.000000 -1.272209 17.867785 -20.923998 0.457959 0.339114 0.087318 0.817099
708.000000 -1.341032 17.994722 -20.853039 0.460579 0.340198 0.087600 0.815143
709.000000 -1.535909 18.078938 -20.808947 0.462626 0.343829 0.086152 0.812611
710.000000 -1.686776 18.166464 -20.763169 0.464646 0.346588 0.085204 0.810383
711.000000 -1.795668 18.242307 -20.729640 0.466354 0.348546 0.084621 0.808622
712.000000 -1.879106 18.287064 -20.724853 0.467405 0.350063 0.084063 0.807417
713.000000 -1.946173 18.323588 -20.728352 0.468262 0.351272 0.083625 0.806440
714.000000 -2.013691 18.392447 -20.703161 0.469736 0.352481 0.083425 0.805075
715.000000 -2.130591 18.436923 -20.694063 0.470834 0.354683 0.082475 0.803563
716.000000 -2.289606 18.457427 -20.701113 0.471542 0.357731 0.080849 0.801960
717.000000 -2.455829 18.490104 -20.695654 0.472485 0.360880 0.079238 0.800153
718.000000 -2.620422 18.536232 -20.676984 0.473681 0.363959 0.077758 0.798194
719.000000 -2.635912 18.630382 -20.632421 0.475532 0.364064 0.078422 0.796980
720.000000 -2.677792 18.723381 -20.585114 0.477406 0.364696 0.078763 0.795535
721.000000 -2.746139 18.827752 -20.523432 0.479544 0.365830 0.078888 0.793714
722.000000 -2.822662 18.961161 -20.432388 0.482269 0.367061 0.079182 0.791463
723.000000 -2.893163 19.098764 -20.336345 0.485072 0.368163 0.079589 0.789193
724.000000 -2.912845 19.154441 -20.323293 0.486196 0.368440 0.079853 0.788346
725.000000 -2.948900 19.197874 -20.319057 0.487116 0.369058 0.079813 0.787492
726.000000 -2.954874 19.263762 -20.297612 0.488416 0.369048 0.080337 0.786638
727.000000 -2.987773 19.356013 -20.246678 0.490279 0.369503 0.080787 0.785218
728.000000 -3.050760 19.408413 -20.228861 0.491429 0.370611 0.080522 0.784003
729.000000 -3.129212 19.438309 -20.230914 0.492154 0.372043 0.079865 0.782937
730.000000 -3.205543 19.472650 -20.229068 0.492952 0.373448 0.079251 0.781828
731.000000 -3.272562 19.535521 -20.200614 0.494284 0.374615 0.079013 0.780451
732.000000 -3.350851 19.626424 -20.141549 0.496197 0.375948 0.078911 0.778604
733.000000 -3.517099 19.669907 -20.113199 0.497350 0.379077 0.077284 0.776512
734.000000 -3.708225 19.694514 -20.097403 0.498176 0.382719 0.075161 0.774401
735.000000 -3.818058 19.735504 -20.078971 0.499168 0.384759 0.074191 0.772844
736.000000 -3.928417 19.813416 -20.022533 0.500883 0.386733 0.073571 0.770805
737.000000 -4.037130 19.906218 -19.949712 0.502896 0.388648 0.073116 0.768572
738.000000 -4.125653 20.026438 -19.852755 0.505384 0.390152 0.073160 0.766170
739.000000 -4.191246 20.143612 -19.763553 0.507746 0.391212 0.073463 0.764036
740.000000 -4.230117 20.216657 -19.724424 0.509203 0.391828 0.073670 0.762729
741.000000 -4.249213 20.216218 -19.763579 0.509223 0.392199 0.073407 0.762551
742.000000 -4.260586 20.178798 -19.840523 0.508544 0.392493 0.072889 0.762902
743.000000 -4.201945 20.238381 -19.833294 0.509601 0.391261 0.074246 0.762698
744.000000 -4.192823 20.416595 -19.693383 0.513031 0.390753 0.076134 0.760470
745.000000 -4.287191 20.597712 -19.526197 0.516712 0.392222 0.076713 0.757157
746.000000 -4.424886 20.706292 -19.424119 0.519055 0.394658 0.076013 0.754354
747.000000 -4.526744 20.718250 -19.431797 0.519453 0.396586 0.074796 0.753189
748.000000 -4.557479 20.680100 -19.507757 0.518773 0.397231 0.074006 0.753396
749.000000 -4.590622 20.651789 -19.570856 0.518319 0.397910 0.073290 0.753420
750.000000 -4.634200 20.711528 -19.537994 0.519581 0.398657 0.073310 0.752153
751.000000 -4.700446 20.853866 -19.411381 0.522466 0.399702 0.073860 0.749541
752.000000 -4.796113 21.004442 -19.267287 0.525553 0.401289 0.074115 0.746504
753.000000 -4.947058 21.073807 -19.197081 0.527149 0.404072 0.072799 0.744002
754.000000 -5.086056 21.062688 -19.217029 0.527161 0.406770 0.070784 0.742717
755.000000 -5.144490 21.059765 -19.247398 0.527211 0.407888 0.069946 0.742148
756.000000 -5.160835 21.102723 -19.237576 0.528088 0.408105 0.070184 0.741382
757.000000 -5.152730 21.152408 -19.226419 0.529051 0.407846 0.070838 0.740776
758.000000 -5.207206 21.317026 -19.070855 0.532339 0.408602 0.071832 0.737902
759.000000 -5.241758 21.461903 -18.940726 0.535205 0.409014 0.072892 0.735493
760.000000 -5.285838 21.564829 -18.853952 0.537280 0.409688 0.073371 0.733555
761.000000 -5.333175 21.608655 -18.832773 0.538221 0.410539 0.073165 0.732409
762.000000 -5.358791 21.609638 -18.867588 0.538275 0.411035 0.072802 0.732127
763.000000 -5.370241 21.583794 -18.935102 0.537814 0.411303 0.072372 0.732358
764.000000 -5.413687 21.566023 -18.984752 0.537563 0.412160 0.071586 0.732138
765.000000 -5.470741 21.597625 -18.973820 0.538296 0.413183 0.071147 0.731064
766.000000 -5.521179 21.703943 -18.879379 0.540451 0.413937 0.071614 0.729000
767.000000 -5.622974 21.878298 -18.689941 0.544010 0.415555 0.072086 0.725376
768.000000 -5.716800 21.980605 -18.585456 0.546140 0.417175 0.071860 0.722864
769.000000 -5.806979 22.062016 -18.505463 0.547853 0.418786 0.071432 0.720675
770.000000 -5.854675 22.056964 -18.539707 0.547829 0.419744 0.070636 0.720214
771.000000 -5.874962 22.032297 -18.603238 0.547417 0.420201 0.070039 0.720319
772.000000 -5.894858 22.083373 -18.575749 0.548491 0.420509 0.070312 0.719295
773.000000 -5.869994 22.226450 -18.452079 0.551259 0.419765 0.072310 0.717413
774.000000 -5.824194 22.379514 -18.322207 0.554165 0.418573 0.074747 0.715619
775.000000 -5.856196 22.482628 -18.229186 0.556222 0.418974 0.075457 0.713712
776.000000 -5.926515 22.530900 -18.191756 0.557268 0.420224 0.074963 0.712211
777.000000 -5.982067 22.574683 -18.163066 0.558216 0.421194 0.074644 0.710929
778.000000 -6.031631 22.634736 -18.114618 0.559488 0.422009 0.074610 0.709447
779.000000 -6.085260 22.730468 -18.019355 0.561470 0.422842 0.074912 0.707351
780.000000 -6.157917 22.874113 -17.854435 0.564442 0.423988 0.075451 0.704235
781.000000 -6.268896 23.019833 -17.668897 0.567562 0.425899 0.075422 0.700568
782.000000 -6.414006 23.094517 -17.559702 0.569364 0.428633 0.074012 0.697582
783.000000 -6.538080 23.097086 -17.551099 0.569693 0.431093 0.072061 0.696000
784.000000 -6.596084 23.078101 -17.595166 0.569457 0.432274 0.070911 0.695578
785.000000 -6.528952 23.041453 -17.709410 0.568615 0.431014 0.071558 0.696982
786.000000 -6.392140 22.961738 -17.903727 0.566780 0.428488 0.072802 0.699899
787.000000 -6.219459 22.853200 -18.143832 0.564310 0.425363 0.074253 0.703638
788.000000 -6.019003 22.752862 -18.378695 0.561944 0.421710 0.076207 0.707511
789.000000 -5.823892 22.659121 -18.599287 0.559721 0.418171 0.078113 0.711157
790.000000 -5.679602 22.532133 -18.840152 0.556984 0.415692 0.078847 0.714669
791.000000 -5.548144 22.384011 -19.097580 0.553901 0.413511 0.079151 0.718287
792.000000 -5.379814 22.251562 -19.341839 0.551067 0.410615 0.080168 0.722007
793.000000 -5.239644 22.151624 -19.535930 0.548931 0.408186 0.081126 0.724899
794.000000 -5.142714 22.087482 -19.675246 0.547564 0.406499 0.081835 0.726798
795.000000 -5.083153 22.060824 -19.762759 0.546955 0.405451 0.082374 0.727780
796.000000 -5.056547 22.070523 -19.801852 0.547069 0.404952 0.082809 0.727923
797.000000 -5.062296 22.107238 -19.802752 0.547739 0.404993 0.083078 0.727365
798.000000 -5.099390 22.160382 -19.777137 0.548775 0.405573 0.083090 0.726259
799.000000 -5.101438 22.160332 -19.819800 0.548763 0.405618 0.083051 0.726247
800.000000 -5.031558 22.095788 -19.951987 0.547426 0.404478 0.083375 0.727854
801.000000 -5.101952 22.382041 -19.654681 0.552822 0.405164 0.085314 0.723154
802.000000 -5.145736 22.593170 -19.442269 0.556820 0.405504 0.086891 0.719700
803.000000 -5.147867 22.701742 -19.356236 0.558855 0.405292 0.088011 0.718104
804.000000 -5.124765 22.759385 -19.337444 0.559865 0.404708 0.088970 0.717528
805.000000 -5.089702 22.809440 -19.333380 0.560656 0.403910 0.090008 0.717231
806.000000 -5.035524 22.814554 -19.379021 0.560699 0.402919 0.090859 0.717647
807.000000 -4.955286 22.715349 -19.555164 0.558722 0.401693 0.090986 0.719857
808.000000 -4.864812 22.500115 -19.866309 0.554572 0.400537 0.090105 0.723810
809.000000 -4.859096 22.354551 -20.073550 0.551901 0.400754 0.088778 0.725892
810.000000 -4.986899 22.460152 -19.966089 0.554097 0.402832 0.088067 0.723150
811.000000 -5.099198 22.496039 -19.940061 0.554986 0.404772 0.086880 0.721528
812.000000 -5.313920 22.785364 -19.597467 0.560674 0.408010 0.086822 0.715286
813.000000 -5.407289 23.054660 -19.302547 0.565725 0.409064 0.088349 0.710505
814.000000 -5.345788 23.149913 -19.253262 0.567248 0.407675 0.090297 0.709844
815.000000 -5.377075 23.219017 -19.204908 0.568544 0.408070 0.090680 0.708530
816.000000 -5.506815 23.323958 -19.076987 0.570830 0.410242 0.090002 0.705516
817.000000 -5.726942 23.546817 -18.767438 0.575616 0.413864 0.089146 0.699597
818.000000 -6.005067 23.880654 -18.289302 0.582614 0.418283 0.088592 0.691196
819.000000 -6.267844 24.217629 -17.796643 0.589613 0.422371 0.088378 0.682751
820.000000 -6.433323 24.446420 -17.468176 0.594367 0.424928 0.088426 0.677012
821.000000 -6.427251 24.464854 -17.490514 0.594681 0.424774 0.088631 0.676805
822.000000 -6.298259 24.314836 -17.788040 0.591478 0.422712 0.088849 0.680863
823.000000 -6.251945 24.238399 -17.949586 0.589911 0.422041 0.088722 0.682653
824.000000 -6.283429 24.310359 -17.881418 0.591360 0.422467 0.089175 0.681075
825.000000 -6.131553 24.331752 -17.944973 0.591374 0.419511 0.092134 0.682494
826.000000 -5.770676 24.249650 -18.213879 0.588874 0.412887 0.097233 0.687966
827.000000 -5.315208 24.066783 -18.630572 0.584210 0.404834 0.102573 0.695907
828.000000 -4.866153 23.812746 -19.114165 0.578239 0.397193 0.106959 0.704583
829.000000 -4.440451 23.504888 -19.633367 0.571379 0.390226 0.110356 0.713493
830.000000 -4.051593 23.161887 -20.160828 0.564065 0.384118 0.112721 0.722204
831.000000 -3.715875 22.803262 -20.672225 0.556720 0.379071 0.114048 0.730316
832.000000 -3.449601 22.448818 -21.145576 0.549755 0.375314 0.114356 0.737449
833.000000 -3.271773 22.120142 -21.560114 0.543588 0.373095 0.113667 0.743230
834.000000 -3.204422 21.841378 -21.895171 0.538654 0.372676 0.111994 0.747276
835.000000 -3.269547 21.638206 -22.128896 0.535392 0.374321 0.109345 0.749188
836.000000 -3.476953 21.532999 -22.242190 0.534146 0.378108 0.105836 0.748680
837.000000 -3.684596 21.492504 -22.290363 0.533959 0.381712 0.102954 0.747385
838.000000 -3.783768 21.486445 -22.322059 0.534078 0.383400 0.101718 0.746605
839.000000 -3.788432 21.528840 -22.322914 0.534790 0.383394 0.102031 0.746055
840.000000 -3.725589 21.641522 -22.266990 0.536524 0.382097 0.103746 0.745239
841.000000 -3.623411 21.845482 -22.126881 0.539697 0.379913 0.106714 0.743643
842.000000 -3.515637 22.075160 -21.958554 0.543295 0.377541 0.109983 0.741752
843.000000 -3.420421 22.257766 -21.832006 0.546133 0.375465 0.112717 0.740310
844.000000 -3.341790 22.402104 -21.739250 0.548369 0.373742 0.114946 0.739186
845.000000 -3.283281 22.516877 -21.671524 0.550166 0.372421 0.116697 0.738242
846.000000 -3.248233 22.610603 -21.619724 0.551690 0.371546 0.117992 0.737339
847.000000 -3.239803 22.693281 -21.574569 0.553104 0.371160 0.118850 0.736336
848.000000 -3.260109 22.773712 -21.528065 0.554545 0.371280 0.119300 0.735118
849.000000 -3.295947 22.846645 -21.487532 0.555888 0.371694 0.119469 0.733865
850.000000 -3.325007 22.899532 -21.469627 0.556863 0.372053 0.119540 0.732932
851.000000 -3.324866 22.919712 -21.491345 0.557194 0.372008 0.119698 0.732678
852.000000 -3.278475 22.941768 -21.518211 0.557427 0.371169 0.120468 0.732800
853.000000 -3.204981 22.949530 -21.564051 0.557343 0.369909 0.121466 0.733336
854.000000 -3.124044 22.940214 -21.628373 0.556953 0.368567 0.122421 0.734148
855.000000 -3.051428 22.936851 -21.684129 0.556696 0.367344 0.123336 0.734804
856.000000 -3.002883 22.962697 -21.704497 0.557012 0.366434 0.124209 0.734871
857.000000 -2.993665 23.041796 -21.662496 0.558347 0.366029 0.125032 0.733920
858.000000 -3.037305 23.196597 -21.532890 0.561101 0.366303 0.125793 0.731549
859.000000 -3.119960 23.391017 -21.353497 0.564627 0.367125 0.126385 0.728315
860.000000 -3.198013 23.530340 -21.232796 0.567194 0.368032 0.126581 0.725824
861.000000 -3.225372 23.518020 -21.286367 0.567028 0.368531 0.126132 0.725779
862.000000 -3.160177 23.327560 -21.546981 0.563594 0.367991 0.125360 0.728855
863.000000 -3.011937 23.136976 -21.812527 0.559975 0.366061 0.125703 0.732548
864.000000 -2.793827 22.973758 -22.051406 0.556651 0.362897 0.127201 0.736386
865.000000 -2.518755 22.828390 -22.273165 0.553467 0.358752 0.129547 0.740398
866.000000 -2.199323 22.690956 -22.487230 0.550268 0.353868 0.132422 0.744612
867.000000 -1.850087 22.550406 -22.702952 0.546895 0.348517 0.135532 0.749048
868.000000 -1.489403 22.395117 -22.926946 0.543225 0.343035 0.138628 0.753668
869.000000 -1.167086 22.274817 -23.107096 0.540217 0.338086 0.141556 0.757513
870.000000 -0.956085 22.291150 -23.145716 0.539773 0.334544 0.144192 0.758903
871.000000 -0.902165 22.490790 -22.998490 0.542830 0.332999 0.146317 0.756993
872.000000 -1.027829 22.862567 -22.667828 0.549323 0.333845 0.147601 0.751668
873.000000 -1.254271 23.228212 -22.324847 0.556083 0.336370 0.147698 0.745528
874.000000 -1.401959 23.472240 -22.101121 0.560605 0.337987 0.147887 0.741361
875.000000 -1.726380 23.810607 -21.753028 0.567374 0.342286 0.146499 0.734483
876.000000 -2.164768 24.197982 -21.320839 0.575439 0.348404 0.143885 0.725797
877.000000 -2.610946 24.555326 -20.897501 0.583071 0.354826 0.140800 0.717148
878.000000 -2.965963 24.809906 -20.588728 0.588646 0.360084 0.137996 0.710488
879.000000 -3.134836 24.892479 -20.509427 0.590608 0.362708 0.136215 0.707863
880.000000 -3.152316 24.847870 -20.603757 0.589928 0.363190 0.135413 0.708337
881.000000 -3.175329 24.843867 -20.645886 0.589980 0.363649 0.134951 0.708147
882.000000 -3.204660 24.916340 -20.594189 0.591357 0.363964 0.135122 0.706802
883.000000 -3.253888 25.102741 -20.400461 0.594741 0.364222 0.136046 0.703645
884.000000 -3.434359 25.445620 -19.985965 0.601262 0.366182 0.136475 0.696971
885.000000 -3.470132 25.697538 -19.701278 0.605740 0.365897 0.138269 0.692879
886.000000 -3.389924 25.843839 -19.567088 0.608025 0.363955 0.140825 0.691383
887.000000 -3.277023 25.903286 -19.549383 0.608687 0.361749 0.143095 0.691493
888.000000 -3.208953 25.912802 -19.588166 0.608633 0.360516 0.144257 0.691942
889.000000 -3.252715 25.967365 -19.547866 0.609790 0.361087 0.144126 0.690652
890.000000 -3.350162 26.063438 -19.442481 0.611880 0.362450 0.143534 0.688209
891.000000 -3.367218 26.098829 -19.432356 0.612593 0.362617 0.143615 0.687469
892.000000 -3.329655 26.082603 -19.502678 0.612170 0.362015 0.144053 0.688071
893.000000 -3.268810 26.028033 -19.629792 0.610960 0.361155 0.144481 0.689507
894.000000 -3.204963 25.949008 -19.789377 0.609307 0.360335 0.144727 0.691345
895.000000 -3.145399 25.862575 -19.955669 0.607559 0.359615 0.144850 0.693230
896.000000 -3.078852 25.793682 -20.097687 0.606115 0.358705 0.145249 0.694880
897.000000 -2.988809 25.770485 -20.182872 0.605389 0.357226 0.146419 0.696028
898.000000 -2.861656 25.800691 -20.204167 0.605452 0.354919 0.148614 0.696688
899.000000 -2.696437 25.833562 -20.226193 0.605419 0.351953 0.151379 0.697626
900.000000 -2.514477 25.823461 -20.303781 0.604578 0.348867 0.153992 0.699331
901.000000 -2.335349 25.765575 -20.439859 0.602918 0.346020 0.156135 0.701699
902.000000 -2.170447 25.684674 -20.601132 0.600909 0.343512 0.157872 0.704261
903.000000 -2.031974 25.607044 -20.753733 0.599049 0.341444 0.159257 0.706536
904.000000 -1.944235 25.557463 -20.866016 0.597850 0.340127 0.160149 0.707984
905.000000 -1.938449 25.557477 -20.910041 0.597797 0.340002 0.160279 0.708059
906.000000 -2.018478 25.613903 -20.877158 0.599020 0.341108 0.159654 0.706634
907.000000 -2.171456 25.724770 -20.768922 0.601435 0.343238 0.158442 0.703818
908.000000 -2.383438 25.887678 -20.585851 0.604962 0.346180 0.156797 0.699710
909.000000 -2.636369 26.097539 -20.331281 0.609467 0.349666 0.154902 0.694470
910.000000 -2.891148 26.334859 -20.030404 0.614492 0.353122 0.153143 0.688659
911.000000 -3.102970 26.575709 -19.719482 0.619469 0.355870 0.151994 0.683017
912.000000 -3.230248 26.797726 -19.437467 0.623847 0.357253 0.151948 0.678304
913.000000 -3.238014 26.979774 -19.223922 0.627100 0.356711 0.153429 0.675250
914.000000 -3.137794 27.099442 -19.112686 0.628838 0.354506 0.156107 0.674181
915.000000 -2.966895 27.134443 -19.131234 0.628776 0.351376 0.159208 0.675151
916.000000 -2.753798 27.085221 -19.273427 0.627023 0.347834 0.162278 0.677879
917.000000 -2.511764 26.968883 -19.509537 0.623949 0.344061 0.165239 0.681913
918.000000 -2.252778 26.802818 -19.809413 0.619936 0.340209 0.168023 0.686808
919.000000 -1.987969 26.604921 -20.143868 0.615374 0.336425 0.170559 0.692130
920.000000 -1.729539 26.393930 -20.485113 0.610655 0.332863 0.172783 0.697459
921.000000 -1.493711 26.189372 -20.806894 0.606174 0.329711 0.174660 0.702380
922.000000 -1.299058 26.011813 -21.084311 0.602329 0.327168 0.176165 0.706489
923.000000 -1.251211 25.939752 -21.219100 0.600875 0.326659 0.176380 0.707907
924.000000 -1.483674 26.079994 -21.075384 0.604169 0.329972 0.174117 0.704117
925.000000 -1.843226 26.359848 -20.740254 0.610323 0.334843 0.171083 0.697221
926.000000 -2.211729 26.695767 -20.314868 0.617448 0.339635 0.168429 0.689230
927.000000 -2.504185 26.998300 -19.922503 0.623707 0.343274 0.166713 0.682173
928.000000 -2.623634 27.174463 -19.710414 0.627175 0.344526 0.166478 0.678409
929.000000 -2.465194 27.124994 -19.838235 0.625758 0.342073 0.168374 0.680488
930.000000 -2.008473 26.808236 -20.350361 0.618575 0.335733 0.172588 0.689102
931.000000 -1.754401 26.625504 -20.646803 0.614504 0.332287 0.174984 0.693794
932.000000 -1.801867 26.653212 -20.643245 0.615260 0.333031 0.174488 0.692892
933.000000 -1.987534 26.758054 -20.530210 0.617835 0.335731 0.172533 0.689780
934.000000 -2.067634 26.779955 -20.539685 0.618450 0.336923 0.171565 0.688889
935.000000 -2.061443 26.738184 -20.647006 0.617517 0.336846 0.171431 0.689796
936.000000 -1.981687 26.643783 -20.824860 0.615485 0.335818 0.171913 0.691990
937.000000 -1.847586 26.510811 -21.048996 0.612689 0.334119 0.172879 0.695046
938.000000 -1.684859 26.359835 -21.290240 0.609538 0.332069 0.174172 0.698468
939.000000 -1.597594 26.295099 -21.413622 0.608159 0.330944 0.175048 0.699983
940.000000 -1.952697 26.688037 -20.928861 0.616206 0.335256 0.172871 0.691382
941.000000 -2.328153 27.061893 -20.442903 0.624024 0.339985 0.170321 0.682638
942.000000 -2.578818 27.291056 -20.147700 0.628888 0.343221 0.168485 0.676987
943.000000 -2.735497 27.421852 -19.995331 0.631664 0.345259 0.167224 0.673671
944.000000 -2.827881 27.495155 -19.932613 0.633156 0.346414 0.166430 0.671872
945.000000 -2.873852 27.538224 -19.913238 0.634018 0.346945 0.166074 0.670873
946.000000 -2.893182 27.581900 -19.892390 0.634824 0.347069 0.166170 0.670021
947.000000 -2.915990 27.659952 -19.820317 0.636255 0.347143 0.166515 0.668539
948.000000 -3.156607 27.826462 -19.587181 0.640130 0.350559 0.164065 0.663644
949.000000 -3.472917 28.094611 -19.184559 0.646065 0.354860 0.161270 0.656252
950.000000 -3.662949 28.214095 -19.011884 0.648942 0.357644 0.159184 0.652400
951.000000 -3.748730 28.239346 -18.997987 0.649761 0.359026 0.157943 0.651126
952.000000 -3.766909 28.213931 -19.074455 0.649410 0.359431 0.157374 0.651391
953.000000 -3.733337 28.150758 -19.218023 0.648187 0.359126 0.157302 0.652792
954.000000 -3.669122 28.061567 -19.405516 0.646379 0.358370 0.157556 0.654936
955.000000 -3.590118 27.958622 -19.612737 0.644291 0.357415 0.157961 0.657413
956.000000 -3.534776 27.878479 -19.779232 0.642716 0.356799 0.158165 0.659238
957.000000 -3.553812 27.877937 -19.818256 0.642794 0.357133 0.157834 0.659061
958.000000 -3.528138 27.979547 -19.720585 0.644396 0.356322 0.159153 0.657616
959.000000 -3.669685 28.085713 -19.584841 0.646752 0.358283 0.157765 0.654565
960.000000 -3.884231 28.155644 -19.485140 0.648769 0.361594 0.154874 0.651431
961.000000 -4.011326 28.170459 -19.480820 0.649506 0.363646 0.152922 0.650014
962.000000 -4.053653 28.142957 -19.553888 0.649216 0.364438 0.151973 0.650083
963.000000 -4.042470 28.094586 -19.666397 0.648391 0.364415 0.151722 0.650977
964.000000 -4.008136 28.048919 -19.780004 0.647515 0.364019 0.151863 0.652037
965.000000 -3.980325 28.026772 -19.858933 0.647049 0.363665 0.152096 0.652642
966.000000 -3.967386 28.025999 -19.905051 0.646987 0.363476 0.152278 0.652767
967.000000 -3.961120 28.022631 -19.953972 0.646901 0.363402 0.152331 0.652880
968.000000 -3.959434 27.983917 -20.051636 0.646253 0.363532 0.151997 0.653528
969.000000 -3.921061 27.956341 -20.140575 0.645650 0.363015 0.152361 0.654326
970.000000 -3.855074 27.909777 -20.260335 0.644641 0.362119 0.152997 0.655667
971.000000 -3.815114 27.845057 -20.398643 0.643449 0.361708 0.153063 0.657048
972.000000 -3.811540 27.774608 -20.536237 0.642317 0.361896 0.152515 0.658179
973.000000 -3.835495 27.705684 -20.665509 0.641320 0.362513 0.151557 0.659032
974.000000 -3.877798 27.645903 -20.778871 0.640533 0.363390 0.150394 0.659580
975.000000 -3.929677 27.602908 -20.868571 0.640038 0.364366 0.149221 0.659790
976.000000 -3.991873 27.585234 -20.923292 0.639970 0.365419 0.148102 0.659525
977.000000 -4.070964 27.600829 -20.931146 0.640479 0.366624 0.147010 0.658606
978.000000 -4.161287 27.638815 -20.907056 0.641374 0.367925 0.145941 0.657245
979.000000 -4.251998 27.677195 -20.881661 0.642276 0.369227 0.144876 0.655869
980.000000 -4.333597 27.701092 -20.876293 0.642922 0.370427 0.143830 0.654788
981.000000 -4.402765 27.707594 -20.895216 0.643264 0.371481 0.142832 0.654073
982.000000 -4.457557 27.694716 -20.941147 0.643270 0.372367 0.141896 0.653767
983.000000 -4.496041 27.661245 -21.016776 0.642908 0.373065 0.141036 0.653911
984.000000 -4.516182 27.606271 -21.124768 0.642144 0.373552 0.140267 0.654549
985.000000 -4.515250 27.528285 -21.267933 0.640940 0.373796 0.139611 0.655729
986.000000 -4.481309 27.423013 -21.453099 0.639203 0.373627 0.139206 0.657605
987.000000 -4.408729 27.276486 -21.697037 0.636715 0.373004 0.139011 0.660408
988.000000 -4.306935 27.102937 -21.976887 0.633741 0.372028 0.139011 0.663810
989.000000 -4.184558 26.940026 -22.242804 0.630886 0.370710 0.139397 0.667177
990.000000 -4.048624 26.818014 -22.457520 0.628624 0.369062 0.140311 0.670028
991.000000 -3.915296 26.731823 -22.625822 0.626922 0.367342 0.141471 0.672321
992.000000 -3.803019 26.670191 -22.759295 0.625665 0.365856 0.142525 0.674077
993.000000 -3.730249 26.621755 -22.869597 0.624736 0.364917 0.143124 0.675319
994.000000 -3.715645 26.574909 -22.968261 0.624016 0.364837 0.142923 0.676070
995.000000 -3.778402 26.517621 -23.066361 0.623383 0.365930 0.141581 0.676346
996.000000 -3.930017 26.433583 -23.179783 0.622620 0.368398 0.138847 0.676276
997.000000 -4.125418 26.299720 -23.340242 0.621243 0.371627 0.135181 0.676518
998.000000 -4.284625 26.103867 -23.572917 0.618853 0.374475 0.131572 0.677848
999.000000 -4.330659 25.837711 -23.897884 0.615150 0.375860 0.128952 0.680949
1000.000000 -4.252115 25.514888 -24.297383 0.610345 0.375611 0.127531 0.685662
1001.000000 -4.073688 25.155523 -24.739925 0.604822 0.374055 0.127093 0.691462
1002.000000 -3.821862 24.780932 -25.195109 0.598960 0.371529 0.127422 0.697837
1003.000000 -3.525076 24.414108 -25.634288 0.593140 0.368374 0.128311 0.704288
1004.000000 -3.213311 24.080007 -26.030847 0.587771 0.364941 0.129549 0.710324
1005.000000 -2.909868 23.801401 -26.364163 0.583210 0.361493 0.131009 0.715560
1006.000000 -2.553497 23.570200 -26.651260 0.579168 0.357221 0.133351 0.720538
1007.000000 -2.256351 23.327097 -26.934569 0.575110 0.353796 0.134979 0.725160
1008.000000 -2.174794 23.228734 -27.069684 0.573541 0.352922 0.135277 0.726771
1009.000000 -2.316486 23.367548 -26.981450 0.575711 0.354457 0.134787 0.724396
1010.000000 -2.655703 23.702316 -26.699203 0.581004 0.358164 0.133507 0.718561
1011.000000 -3.133983 24.171040 -26.266015 0.588448 0.363411 0.131643 0.710163
1012.000000 -3.689855 24.713373 -25.727310 0.597093 0.369557 0.129386 0.700119
1013.000000 -4.263006 25.269076 -25.135194 0.606034 0.375971 0.126918 0.689391
1014.000000 -4.798343 25.783930 -24.550686 0.614433 0.382036 0.124421 0.678999
1015.000000 -5.254647 26.212796 -24.038414 0.621551 0.387291 0.122029 0.669917
1016.000000 -5.683675 26.544637 -23.612898 0.627316 0.392466 0.119053 0.662021
1017.000000 -6.025800 26.848386 -23.221137 0.632506 0.396535 0.116891 0.655006
1018.000000 -6.208095 27.030178 -23.001109 0.635596 0.398678 0.115811 0.650892
1019.000000 -6.279959 27.049845 -22.998872 0.636105 0.399666 0.114886 0.649953
1020.000000 -6.254922 26.942267 -23.172340 0.634556 0.399593 0.114256 0.651621
1021.000000 -6.143986 26.740546 -23.475572 0.631464 0.398538 0.114054 0.655296
1022.000000 -5.956444 26.477541 -23.861532 0.627339 0.396566 0.114403 0.660373
1023.000000 -5.701942 26.186422 -24.284377 0.622693 0.393751 0.115401 0.666255
1024.000000 -5.401906 25.894809 -24.705382 0.617969 0.390341 0.116938 0.672364
1025.000000 -5.087077 25.627160 -25.091645 0.613573 0.386705 0.118782 0.678144
1026.000000 -4.790599 25.408786 -25.413272 0.609916 0.383228 0.120710 0.683057
1027.000000 -4.541992 25.249531 -25.659518 0.607190 0.380273 0.122451 0.686818
1028.000000 -4.364638 25.138802 -25.841212 0.605297 0.378163 0.123673 0.689429
1029.000000 -4.281105 25.064062 -25.970106 0.604119 0.377221 0.124042 0.690911
1030.000000 -4.313694 25.012116 -26.057168 0.603523 0.377766 0.123235 0.691278
1031.000000 -4.446923 24.948198 -26.138366 0.602995 0.379665 0.121223 0.691055
1032.000000 -4.579133 24.789601 -26.308247 0.601202 0.381756 0.118585 0.691922
1033.000000 -4.617347 24.468578 -26.642108 0.597084 0.382958 0.115858 0.695277
1034.000000 -4.589085 24.043604 -27.072049 0.591517 0.383500 0.113148 0.700167
1035.000000 -4.558439 23.619115 -27.488648 0.586007 0.383995 0.110499 0.704935
1036.000000 -4.590360 23.305097 -27.790399 0.582080 0.385055 0.107969 0.707996
1037.000000 -4.717963 23.166695 -27.926233 0.580576 0.386966 0.105648 0.708539
1038.000000 -4.933238 23.209200 -27.897833 0.581492 0.389611 0.103680 0.706626
1039.000000 -5.181788 23.381234 -27.754460 0.584072 0.392416 0.102305 0.703139
1040.000000 -5.390753 23.611149 -27.565328 0.587302 0.394607 0.101779 0.699288
1041.000000 -5.529069 23.852290 -27.374414 0.590573 0.395890 0.102071 0.695756
1042.000000 -5.656351 24.107294 -27.166903 0.594044 0.397022 0.102566 0.692073
1043.000000 -5.816749 24.358973 -26.948120 0.597575 0.398599 0.102685 0.688098
1044.000000 -5.915353 24.468258 -26.866505 0.599203 0.399672 0.102410 0.686098
1045.000000 -5.823124 24.269170 -27.104542 0.596560 0.398905 0.101925 0.688914
1046.000000 -5.646090 23.970742 -27.443821 0.592503 0.397249 0.101696 0.693391
1047.000000 -5.882250 24.387135 -27.064051 0.598255 0.399482 0.102159 0.687072
1048.000000 -5.934783 24.512612 -26.981479 0.599933 0.399913 0.102545 0.685299
1049.000000 -5.848243 24.415954 -27.133695 0.598484 0.398978 0.102805 0.687069
1050.000000 -5.685151 24.181944 -27.426843 0.595106 0.397309 0.102874 0.690950
1051.000000 -5.505258 23.887567 -27.768946 0.590961 0.395545 0.102718 0.695527
1052.000000 -5.364737 23.605392 -28.071955 0.587243 0.394335 0.102296 0.699415
1053.000000 -5.335549 23.444248 -28.249557 0.585250 0.394284 0.101484 0.701230
1054.000000 -5.486588 23.498533 -28.214631 0.586257 0.396076 0.100226 0.699558
1055.000000 -5.881356 23.847907 -27.880692 0.591319 0.400362 0.098544 0.693067
1056.000000 -6.327875 24.172153 -27.544112 0.596086 0.405341 0.096310 0.686370
1057.000000 -6.226622 23.627157 -28.078834 0.589143 0.405007 0.093417 0.692930
1058.000000 -6.142455 23.244104 -28.458312 0.584281 0.404594 0.091549 0.697523
1059.000000 -6.066809 23.006984 -28.709716 0.581247 0.404046 0.090642 0.700488
1060.000000 -6.007711 22.883144 -28.864030 0.579631 0.403526 0.090364 0.702160
1061.000000 -5.972976 22.837842 -28.949946 0.579016 0.403186 0.090382 0.702860
1062.000000 -5.970786 22.835245 -28.994982 0.578980 0.403175 0.090357 0.702899
1063.000000 -6.010825 22.838790 -29.026083 0.579089 0.403656 0.089973 0.702583
1064.000000 -6.086679 22.830692 -29.058536 0.579116 0.404579 0.089166 0.702132
1065.000000 -6.135053 22.862718 -29.064975 0.579587 0.405102 0.088922 0.701473
1066.000000 -6.123438 22.936881 -29.050864 0.580471 0.404836 0.089571 0.700813
1067.000000 -6.081549 23.006743 -29.046565 0.581252 0.404216 0.090484 0.700406
1068.000000 -6.043043 23.027963 -29.080327 0.581444 0.403722 0.091010 0.700463
1069.000000 -5.998423 22.985668 -29.165821 0.580856 0.403264 0.091143 0.701197
1070.000000 -5.948722 22.885757 -29.296876 0.579575 0.402837 0.090930 0.702529
1071.000000 -5.968047 22.760973 -29.431940 0.578116 0.403269 0.089871 0.703619
1072.000000 -6.128570 22.653733 -29.523401 0.577092 0.405346 0.087540 0.703559
1073.000000 -6.293457 22.660385 -29.525558 0.577429 0.407289 0.085956 0.702356
1074.000000 -6.389294 22.662647 -29.545678 0.577603 0.408405 0.085021 0.701677
1075.000000 -6.514604 22.488194 -29.694223 0.575716 0.410112 0.082584 0.702523
1076.000000 -6.676568 22.151370 -29.953177 0.571967 0.412463 0.078680 0.704654
1077.000000 -6.859642 21.707845 -30.276874 0.567016 0.415179 0.073847 0.707577
1078.000000 -7.050708 21.214363 -30.621617 0.561534 0.417991 0.068636 0.710811
1079.000000 -7.276974 20.743158 -30.930913 0.556365 0.421117 0.063307 0.713520
1080.000000 -7.613604 20.362308 -31.144292 0.552327 0.425367 0.057652 0.714614
1081.000000 -7.903717 20.027090 -31.331797 0.548731 0.428992 0.052817 0.715591
1082.000000 -7.955362 19.666763 -31.589495 0.544627 0.429883 0.049987 0.718389
1083.000000 -7.883715 19.191331 -31.941666 0.539136 0.429439 0.047470 0.722953
1084.000000 -8.009709 18.835638 -32.164553 0.535190 0.431111 0.044044 0.725103
1085.000000 -8.570885 18.838567 -32.060309 0.535611 0.437419 0.039272 0.721279
1086.000000 -9.287645 19.029007 -31.789364 0.538176 0.445359 0.034517 0.714724
1087.000000 -9.672375 19.154316 -31.642408 0.539760 0.449600 0.032228 0.710971
1088.000000 -9.853882 19.233663 -31.582575 0.540707 0.451567 0.031352 0.709041
1089.000000 -9.959864 19.291791 -31.556842 0.541397 0.452717 0.030906 0.707800
1090.000000 -10.036000 19.347209 -31.537800 0.542081 0.453596 0.030614 0.706726
1091.000000 -10.237298 19.440271 -31.453500 0.543255 0.455881 0.029499 0.704398
1092.000000 -10.601804 19.486154 -31.345267 0.543936 0.459961 0.026680 0.701325
1093.000000 -11.047532 19.495402 -31.228801 0.544199 0.464923 0.022924 0.697974
1094.000000 -11.242802 19.432072 -31.242916 0.543544 0.467089 0.020798 0.697105
1095.000000 -10.836612 19.238215 -31.548532 0.541247 0.462600 0.022860 0.701805
1096.000000 -10.518730 19.004602 -31.838325 0.538549 0.459153 0.023857 0.706097
1097.000000 -10.780217 18.894219 -31.858370 0.537431 0.462097 0.020789 0.705126
1098.000000 -11.253301 18.823608 -31.778903 0.536788 0.467355 0.016228 0.702265
1099.000000 -11.650687 18.720289 -31.739676 0.535728 0.471756 0.012111 0.700211
1100.000000 -11.909161 18.568577 -31.776024 0.534096 0.474599 0.008854 0.699585
1101.000000 -12.035367 18.419110 -31.857125 0.532473 0.476009 0.006703 0.699888
1102.000000 -12.146720 18.404078 -31.864405 0.532325 0.477266 0.005631 0.699153
1103.000000 -12.358446 18.475295 -31.783180 0.533122 0.479609 0.004357 0.696948
1104.000000 -12.774367 18.520897 -31.634733 0.533627 0.484166 0.001207 0.693415
1105.000000 -13.383556 18.468802 -31.456346 0.533025 0.490822 -0.004304 0.689173
1106.000000 -13.700991 18.372177 -31.419499 0.531934 0.494265 -0.007721 0.687524
1107.000000 -13.742757 18.315785 -31.476630 0.531321 0.494699 -0.008505 0.687676
1108.000000 -13.771016 18.338749 -31.492675 0.531579 0.495010 -0.008564 0.687252
1109.000000 -13.918549 18.427044 -31.417469 0.532527 0.496649 -0.009132 0.685326
1110.000000 -14.100267 18.510607 -31.328571 0.533406 0.498668 -0.010024 0.683160
1111.000000 -14.213151 18.520199 -31.313827 0.533484 0.499916 -0.010920 0.682172
1112.000000 -14.199040 18.448228 -31.404789 0.532702 0.499757 -0.011398 0.682892
1113.000000 -14.055824 18.337791 -31.575660 0.531531 0.498184 -0.011081 0.684956
1114.000000 -13.896737 18.351774 -31.680013 0.531713 0.496462 -0.009637 0.686086
1115.000000 -13.617293 18.472676 -31.773372 0.533057 0.493451 -0.006334 0.687253
1116.000000 -13.373277 18.648767 -31.816824 0.534976 0.490819 -0.002918 0.687669
1117.000000 -13.242155 18.812519 -31.818418 0.536741 0.489396 -0.000552 0.687314
1118.000000 -13.286705 18.919715 -31.779778 0.537880 0.489867 -0.000075 0.686087
1119.000000 -13.514660 18.978688 -31.690701 0.538501 0.492336 -0.001489 0.683827
1120.000000 -13.880128 19.032228 -31.542619 0.539061 0.496274 -0.004111 0.680521
1121.000000 -14.332348 19.123801 -31.326553 0.540016 0.501146 -0.007223 0.676154
1122.000000 -14.821774 19.295054 -31.034649 0.541808 0.506438 -0.010073 0.670718
1123.000000 -15.271798 19.560719 -30.690327 0.544603 0.511350 -0.011839 0.664672
1124.000000 -15.498174 19.768780 -30.484835 0.546805 0.513855 -0.012130 0.660916
1125.000000 -15.624375 19.903586 -30.374266 0.548232 0.515272 -0.012167 0.658627
1126.000000 -15.637216 19.988552 -30.353336 0.549145 0.515452 -0.011624 0.657734
1127.000000 -15.559469 20.059630 -30.387518 0.549931 0.514647 -0.010374 0.657728
1128.000000 -15.414986 20.151635 -30.441153 0.550957 0.513118 -0.008318 0.658094
1129.000000 -15.282148 20.270899 -30.470312 0.552273 0.511702 -0.006113 0.658117
1130.000000 -15.195571 20.388100 -30.477979 0.553555 0.510761 -0.004341 0.657785
1131.000000 -14.717538 20.448743 -30.714564 0.554237 0.505576 0.000451 0.661221
1132.000000 -13.981335 20.460595 -31.091854 0.554320 0.497641 0.007165 0.667106
1133.000000 -13.293220 20.459986 -31.434920 0.554161 0.490287 0.013495 0.672564
1134.000000 -12.981809 20.544284 -31.551244 0.554893 0.487008 0.017386 0.674251
1135.000000 -13.389360 20.827628 -31.234075 0.557916 0.491389 0.016581 0.668574
1136.000000 -14.587686 21.351773 -30.375983 0.563694 0.504164 0.010492 0.654185
1137.000000 -15.880755 22.037325 -29.265317 0.571153 0.518038 0.004798 0.636708
1138.000000 -17.063109 22.841405 -28.004963 0.579893 0.530896 0.001167 0.617958
1139.000000 -18.046823 23.730864 -26.663592 0.589685 0.541796 0.000359 0.598939
1140.000000 -18.844174 24.679069 -25.255796 0.600366 0.550844 0.002240 0.579764
1141.000000 -19.848311 25.666137 -23.473906 0.611844 0.562597 0.002030 0.555993
1142.000000 -20.925341 26.617715 -21.422117 0.623341 0.575662 0.000036 0.529206
1143.000000 -21.856653 27.480961 -19.334577 0.634253 0.587515 -0.001820 0.502540
1144.000000 -22.501640 28.232192 -17.457090 0.644256 0.596211 -0.001572 0.479025
1145.000000 -22.757835 28.859227 -16.083590 0.653049 0.599902 0.003098 0.462206
1146.000000 -22.611725 29.349076 -15.429599 0.660111 0.597819 0.013351 0.454628
1147.000000 -22.425597 29.726357 -15.013456 0.665598 0.594948 0.023489 0.449959
1148.000000 -22.256302 30.008107 -14.742746 0.669695 0.592184 0.032414 0.446963
1149.000000 -22.095087 30.205927 -14.621334 0.672516 0.589492 0.040076 0.445663
1150.000000 -21.933667 30.328353 -14.651753 0.674155 0.586832 0.046442 0.446080
1151.000000 -21.766531 30.379863 -14.834250 0.674670 0.584187 0.051504 0.448211
1152.000000 -21.595691 30.366304 -15.149693 0.674172 0.581623 0.055302 0.451828
1153.000000 -21.426969 30.296688 -15.564570 0.672840 0.579233 0.057891 0.456535
1154.000000 -21.267164 30.180097 -16.044830 0.670856 0.577108 0.059320 0.461930
1155.000000 -21.124465 30.026152 -16.556554 0.668404 0.575341 0.059638 0.467612
1156.000000 -21.008691 29.845382 -17.066191 0.665672 0.574031 0.058890 0.473183
1157.000000 -20.931011 29.649336 -17.540722 0.662844 0.573284 0.057132 0.478246
1158.000000 -20.897449 29.454935 -17.947787 0.660156 0.573129 0.054595 0.482428
1159.000000 -20.901010 29.289647 -18.255795 0.657946 0.573413 0.051887 0.485400
1160.000000 -20.931704 29.183782 -18.433497 0.656578 0.573960 0.049662 0.486836
1161.000000 -20.977922 29.167567 -18.450629 0.656415 0.574588 0.048572 0.486425
1162.000000 -21.023093 29.260326 -18.295533 0.657685 0.575062 0.049204 0.484080
1163.000000 -21.058530 29.448879 -17.993428 0.660220 0.575278 0.051536 0.480112
1164.000000 -21.084556 29.700890 -17.587568 0.663622 0.575262 0.055105 0.475020
1165.000000 -21.101979 29.984469 -17.122286 0.667491 0.575043 0.059441 0.469305
1166.000000 -21.111846 30.269730 -16.643645 0.671441 0.574667 0.064078 0.463485
1167.000000 -21.114948 30.530844 -16.197675 0.675117 0.574184 0.068578 0.458068
1168.000000 -21.111925 30.758468 -15.805961 0.678369 0.573631 0.072748 0.453288
1169.000000 -21.110886 30.947955 -15.473143 0.681125 0.573151 0.076291 0.449162
1170.000000 -21.120613 31.094235 -15.203538 0.683307 0.572907 0.078870 0.445700
1171.000000 -21.149518 31.192107 -15.001613 0.684840 0.573059 0.080140 0.442917
1172.000000 -21.205268 31.237266 -14.869882 0.685662 0.573750 0.079794 0.440807
1173.000000 -21.285742 31.244273 -14.782758 0.685975 0.574918 0.078116 0.439096
1174.000000 -21.381734 31.241397 -14.693628 0.686172 0.576351 0.075836 0.437305
1175.000000 -21.484371 31.256275 -14.555533 0.686643 0.577848 0.073701 0.434949
1176.000000 -21.585286 31.314822 -14.322438 0.687763 0.579218 0.072453 0.431555
1177.000000 -21.682204 31.412482 -14.002353 0.689475 0.580438 0.072106 0.427220
1178.000000 -21.780238 31.507068 -13.677281 0.691169 0.581693 0.071686 0.422823
1179.000000 -21.874861 31.594027 -13.364575 0.692766 0.582929 0.071187 0.418571
1180.000000 -21.960423 31.674956 -13.070463 0.694276 0.584053 0.070771 0.414552
1181.000000 -22.031917 31.751253 -12.801168 0.695709 0.584980 0.070601 0.410855
1182.000000 -22.084887 31.824798 -12.562946 0.697071 0.585629 0.070846 0.407568
1183.000000 -22.115248 31.897932 -12.362069 0.698363 0.585925 0.071671 0.404777
1184.000000 -22.119200 31.971681 -12.204823 0.699587 0.585790 0.073244 0.402572
1185.000000 -22.094090 32.046133 -12.097195 0.700732 0.585167 0.075680 0.401032
1186.000000 -22.057094 32.109798 -12.039181 0.701656 0.584367 0.078247 0.400089
1187.000000 -22.038311 32.164273 -11.971698 0.702485 0.583880 0.080133 0.398971
1188.000000 -22.057597 32.233452 -11.792490 0.703694 0.583959 0.081330 0.396474
1189.000000 -22.108100 32.314531 -11.516556 0.705236 0.584507 0.081936 0.392786
1190.000000 -22.173604 32.402969 -11.181063 0.706995 0.585274 0.082302 0.388380
1191.000000 -22.238333 32.494680 -10.824020 0.708854 0.586019 0.082788 0.383737
1192.000000 -22.288103 32.586088 -10.483362 0.710695 0.586518 0.083742 0.379337
1193.000000 -22.311841 32.673616 -10.195949 0.712397 0.586587 0.085460 0.375637
1194.000000 -22.303362 32.753024 -9.995408 0.713836 0.586092 0.088155 0.373045
1195.000000 -22.351339 32.833270 -9.656115 0.715566 0.586621 0.089040 0.368663
1196.000000 -22.476452 32.913105 -9.117052 0.717701 0.588645 0.087083 0.361689
1197.000000 -22.626392 32.996073 -8.465006 0.720107 0.591241 0.084034 0.353297
1198.000000 -22.763442 33.083144 -7.778678 0.722653 0.593668 0.081391 0.344537
1199.000000 -22.882710 33.166838 -7.101519 0.725173 0.595824 0.079232 0.335917
1200.000000 -22.983324 33.239062 -6.458662 0.727504 0.597792 0.077183 0.327757
1201.000000 -23.068278 33.294415 -5.883650 0.729492 0.599674 0.074850 0.320359
1202.000000 -23.142012 33.329318 -5.407173 0.730985 0.601556 0.071858 0.314049
1203.000000 -23.206544 33.342219 -5.063963 0.731847 0.603474 0.067889 0.309210
1204.000000 -23.263332 33.331298 -4.893308 0.731931 0.605415 0.062742 0.306290
1205.000000 -23.285825 33.315658 -4.914784 0.731624 0.606344 0.059714 0.305791
1206.000000 -23.278150 33.318149 -4.961376 0.731687 0.606173 0.060241 0.305876
1207.000000 -23.238531 33.302960 -5.276535 0.731001 0.605121 0.062060 0.309217
1208.000000 -23.176190 33.271607 -5.774672 0.729732 0.603554 0.064404 0.314748
1209.000000 -23.107201 33.236309 -6.293823 0.728364 0.601890 0.066866 0.320536
1210.000000 -23.052332 33.206620 -6.697461 0.727302 0.600599 0.068808 0.324928
1211.000000 -23.033969 33.192501 -6.869401 0.726898 0.600173 0.069380 0.326492
1212.000000 -23.072110 33.208181 -6.708913 0.727462 0.601022 0.067820 0.323994
1213.000000 -23.159316 33.242744 -6.273544 0.728730 0.603006 0.064335 0.318115
1214.000000 -23.269097 33.276210 -5.716940 0.730156 0.605618 0.059663 0.310709
1215.000000 -23.352445 33.264838 -5.487278 0.730272 0.607853 0.054144 0.307060
1216.000000 -23.394498 33.195149 -5.760784 0.728580 0.609305 0.047801 0.309247
1217.000000 -23.486960 33.162976 -5.586917 0.728112 0.612046 0.039831 0.306051
1218.000000 -23.609099 33.166823 -5.034958 0.728654 0.615716 0.030912 0.298332
1219.000000 -23.735526 33.183783 -4.300010 0.729532 0.619787 0.021561 0.288412
1220.000000 -23.849860 33.198271 -3.554191 0.730272 0.623744 0.012519 0.278371
1221.000000 -23.938887 33.204962 -2.951261 0.730644 0.627041 0.004705 0.270105
1222.000000 -23.987755 33.203769 -2.630380 0.730590 0.629156 -0.001060 0.265330
1223.000000 -24.007641 33.197756 -2.563979 0.730242 0.630218 -0.004854 0.263722
1224.000000 -24.014233 33.188860 -2.622180 0.729808 0.630707 -0.007305 0.263697
1225.000000 -24.024467 33.182413 -2.595486 0.729609 0.631326 -0.009360 0.262700
1226.000000 -24.040865 33.176453 -2.498809 0.729575 0.632082 -0.011073 0.260902
1227.000000 -24.026058 33.152931 -2.910465 0.728768 0.631181 -0.010221 0.265338
1228.000000 -23.973517 33.111267 -3.720485 0.727334 0.628884 -0.007288 0.274656
1229.000000 -23.878941 33.049690 -4.768650 0.725453 0.625619 -0.002949 0.286896
1230.000000 -23.746810 32.971202 -5.893796 0.723343 0.621864 0.002113 0.300095
1231.000000 -23.594167 32.887929 -6.938602 0.721311 0.618143 0.007218 0.312343
1232.000000 -23.449367 32.822260 -7.751832 0.719772 0.615004 0.011681 0.321811
1233.000000 -23.355403 32.794421 -8.197935 0.719073 0.613121 0.014481 0.326814
1234.000000 -23.368083 32.805686 -8.172170 0.719239 0.613406 0.013683 0.325948
1235.000000 -23.449247 32.817814 -7.941367 0.719494 0.615034 0.010162 0.322425
1236.000000 -23.506923 32.798741 -7.899404 0.719124 0.616185 0.006797 0.321140
1237.000000 -23.547935 32.758065 -7.987026 0.718332 0.617010 0.003434 0.321381
1238.000000 -23.581734 32.704388 -8.135630 0.717306 0.617722 -0.000162 0.322322
1239.000000 -23.623557 32.649798 -8.249633 0.716270 0.618654 -0.004378 0.322809
1240.000000 -23.732700 32.626436 -8.045788 0.715763 0.620945 -0.010701 0.319370
1241.000000 -23.895295 32.619398 -7.623046 0.715420 0.624284 -0.018941 0.313186
1242.000000 -24.074815 32.601920 -7.178800 0.714712 0.627971 -0.028479 0.306640
1243.000000 -24.236503 32.558131 -6.898985 0.713342 0.631238 -0.038398 0.302006
1244.000000 -24.341069 32.486341 -6.941958 0.711421 0.633168 -0.046851 0.301302
1245.000000 -24.412262 32.398330 -7.150549 0.709264 0.634350 -0.054457 0.302620
1246.000000 -24.517772 32.320992 -7.169614 0.707175 0.636329 -0.063544 0.301581
1247.000000 -24.661724 32.277791 -6.884029 0.705509 0.639313 -0.073443 0.296887
1248.000000 -24.825849 32.261566 -6.367872 0.704157 0.642968 -0.083426 0.289475
1249.000000 -24.981361 32.250737 -5.814797 0.702843 0.646580 -0.092697 0.281696
1250.000000 -25.077451 32.220081 -5.610215 0.701399 0.648632 -0.099543 0.278222
1251.000000 -25.113579 32.177561 -5.751146 0.700085 0.649057 -0.103651 0.279038
1252.000000 -25.096692 32.130553 -6.132158 0.699110 0.648205 -0.105111 0.282892
1253.000000 -25.034070 32.085586 -6.649695 0.698597 0.646435 -0.104000 0.288562
1254.000000 -24.934449 32.053014 -7.199540 0.698659 0.644109 -0.100394 0.294824
1255.000000 -24.820649 32.054942 -7.609709 0.699468 0.641861 -0.094821 0.299613
1256.000000 -24.717679 32.101773 -7.781792 0.700991 0.640160 -0.088266 0.301688
1257.000000 -24.625202 32.164763 -7.852911 0.702683 0.638747 -0.081796 0.302570
1258.000000 -24.560956 32.196567 -7.965637 0.703584 0.637690 -0.077932 0.303723
1259.000000 -24.529787 32.182975 -8.162465 0.703461 0.637014 -0.077234 0.305600
1260.000000 -24.528292 32.129017 -8.426586 0.702471 0.636684 -0.079245 0.308040
1261.000000 -24.551796 32.039824 -8.740510 0.700763 0.636640 -0.083526 0.310875
1262.000000 -24.596609 31.920215 -9.086280 0.698469 0.636827 -0.089654 0.313933
1263.000000 -24.660857 31.776671 -9.445776 0.695702 0.637208 -0.097205 0.317041
1264.000000 -24.743762 31.614518 -9.804050 0.692571 0.637751 -0.105719 0.320066
1265.000000 -24.824207 31.433049 -10.214232 0.689207 0.638077 -0.114280 0.323714
1266.000000 -24.868759 31.225778 -10.766587 0.685737 0.637636 -0.121908 0.329125
1267.000000 -24.861907 30.989095 -11.483581 0.682244 0.636236 -0.128277 0.336589
1268.000000 -24.795158 30.782277 -12.203925 0.679650 0.634170 -0.131678 0.344334
1269.000000 -24.687045 30.640886 -12.807927 0.678260 0.631937 -0.132156 0.350933
1270.000000 -24.550864 30.561077 -13.297333 0.677859 0.629685 -0.130482 0.356341
1271.000000 -24.400596 30.533055 -13.681192 0.678192 0.627526 -0.127390 0.360608
1272.000000 -24.251530 30.543365 -13.968706 0.678989 0.625584 -0.123593 0.363789
1273.000000 -24.120216 30.576217 -14.169196 0.679973 0.623995 -0.119791 0.365946
1274.000000 -24.023169 30.615554 -14.291924 0.680881 0.622897 -0.116684 0.367132
1275.000000 -23.977164 30.645430 -14.346122 0.681454 0.622428 -0.114979 0.367402
1276.000000 -23.982573 30.648065 -14.371232 0.681477 0.622516 -0.115035 0.367192
1277.000000 -24.005906 30.604491 -14.464212 0.680842 0.622652 -0.116468 0.367687
1278.000000 -24.012291 30.509131 -14.692784 0.679626 0.622362 -0.118580 0.369746
1279.000000 -23.979990 30.369415 -15.070181 0.678026 0.621411 -0.120689 0.373583
1280.000000 -23.909996 30.205754 -15.543731 0.676305 0.619914 -0.122379 0.378606
1281.000000 -23.806235 30.041084 -16.055770 0.674727 0.618031 -0.123314 0.384156
1282.000000 -23.677552 29.890817 -16.562229 0.673427 0.615939 -0.123459 0.389709
1283.000000 -23.536225 29.766969 -17.025157 0.672486 0.613832 -0.122903 0.394802
1284.000000 -23.396646 29.681732 -17.407392 0.671983 0.611913 -0.121734 0.398977
1285.000000 -23.274629 29.647542 -17.672333 0.671999 0.610393 -0.120038 0.401783
1286.000000 -23.186389 29.676700 -17.783514 0.672616 0.609478 -0.117901 0.402769
1287.000000 -23.142287 29.770384 -17.728112 0.673819 0.609276 -0.115473 0.401768
1288.000000 -23.121723 29.869752 -17.630842 0.675014 0.609358 -0.113324 0.400245
1289.000000 -23.091806 29.894243 -17.671113 0.675396 0.609097 -0.112229 0.400307
1290.000000 -23.020570 29.769649 -18.012419 0.674232 0.607907 -0.112906 0.403871
1291.000000 -22.910570 29.493289 -18.635607 0.671528 0.605842 -0.115357 0.410730
1292.000000 -22.780500 29.114820 -19.410654 0.667834 0.603292 -0.118933 0.419394
1293.000000 -22.648575 28.696956 -20.207260 0.663801 0.600647 -0.122889 0.428358
1294.000000 -22.533172 28.310849 -20.907686 0.660111 0.598294 -0.126512 0.436226
1295.000000 -22.406468 27.936883 -21.580081 0.656613 0.595861 -0.129717 0.443827
1296.000000 -22.238975 27.536616 -22.303670 0.652999 0.592940 -0.132619 0.452135
1297.000000 -22.029764 27.117277 -23.061295 0.649362 0.589573 -0.135100 0.460956
1298.000000 -21.813628 26.741028 -23.743550 0.646226 0.586315 -0.136854 0.468934
1299.000000 -21.639971 26.495793 -24.216647 0.644302 0.583900 -0.137523 0.474366
1300.000000 -21.557246 26.468734 -24.361521 0.644274 0.583009 -0.136811 0.475705
1301.000000 -21.566467 26.635430 -24.212913 0.645881 0.583553 -0.135022 0.473363
1302.000000 -21.639731 26.899189 -23.895725 0.648264 0.584997 -0.132849 0.468918
1303.000000 -21.769277 27.068593 -23.627423 0.649570 0.586743 -0.132500 0.465011
1304.000000 -21.915466 27.077498 -23.524140 0.649249 0.588208 -0.134351 0.463073
1305.000000 -22.076485 27.035302 -23.464033 0.648377 0.589667 -0.137088 0.461635
1306.000000 -22.189313 27.055302 -23.375887 0.648253 0.590825 -0.138443 0.459921
1307.000000 -22.145608 27.136786 -23.363862 0.649196 0.590621 -0.136903 0.459314
1308.000000 -22.137036 27.189395 -23.352766 0.649731 0.590680 -0.136264 0.458671
1309.000000 -22.393781 27.107096 -23.246185 0.648139 0.592971 -0.140881 0.456567
1310.000000 -22.690240 26.784160 -23.375223 0.644037 0.594901 -0.149010 0.457280
1311.000000 -22.701264 26.276757 -23.974592 0.639074 0.593382 -0.155498 0.464007
1312.000000 -22.654332 25.773562 -24.599263 0.634422 0.591281 -0.160908 0.471174
1313.000000 -22.620628 25.396303 -25.059164 0.630975 0.589722 -0.164844 0.476367
1314.000000 -22.558468 25.079859 -25.468354 0.628191 0.588137 -0.167706 0.480984
1315.000000 -22.430701 24.780877 -25.910475 0.625771 0.585992 -0.169581 0.486072
1316.000000 -22.264516 24.462984 -26.398260 0.623308 0.583376 -0.171223 0.491775
1317.000000 -22.107282 24.164176 -26.847891 0.621021 0.580903 -0.172807 0.497013
1318.000000 -21.739092 23.981858 -27.350938 0.620492 0.576916 -0.170615 0.503039
1319.000000 -20.973477 23.981382 -27.984602 0.622764 0.569946 -0.161891 0.510997
1320.000000 -20.149148 24.250888 -28.396994 0.627478 0.563213 -0.150019 0.516292
1321.000000 -19.756322 24.661685 -28.361006 0.632219 0.560676 -0.141795 0.515593
1322.000000 -19.635573 24.903052 -28.276286 0.634726 0.560140 -0.138195 0.514071
1323.000000 -19.768751 24.899205 -28.229979 0.634390 0.561311 -0.139690 0.512802
1324.000000 -20.048180 24.754028 -28.203971 0.632408 0.563447 -0.144182 0.511664
1325.000000 -20.235477 24.600772 -28.247493 0.630581 0.564689 -0.147831 0.511508
1326.000000 -20.502758 24.464121 -28.215970 0.628673 0.566682 -0.152302 0.510338
1327.000000 -20.926080 24.270163 -28.114111 0.625767 0.569928 -0.159158 0.508199
1328.000000 -21.502885 23.989537 -27.959677 0.621526 0.574314 -0.168648 0.505398
1329.000000 -22.141551 23.648130 -27.792196 0.616401 0.579038 -0.179449 0.502555
1330.000000 -22.752492 23.271015 -27.659174 0.610924 0.583310 -0.190245 0.500327
1331.000000 -23.243095 22.883432 -27.616661 0.605679 0.586384 -0.199770 0.499399
1332.000000 -23.514345 22.528876 -27.720189 0.601486 0.587547 -0.206439 0.500386
1333.000000 -23.440726 22.323931 -27.988734 0.599927 0.586167 -0.207615 0.503380
1334.000000 -23.126345 22.330606 -28.284965 0.601150 0.583405 -0.204050 0.506577
1335.000000 -22.845976 22.460644 -28.451116 0.603318 0.581326 -0.199887 0.508047
1336.000000 -22.703748 22.511760 -28.566734 0.604269 0.580156 -0.198197 0.508916
1337.000000 -23.081904 22.203757 -28.548020 0.600178 0.582404 -0.205442 0.508317
1338.000000 -23.832233 21.623422 -28.420700 0.592206 0.586907 -0.219259 0.506713
1339.000000 -24.580003 21.019552 -28.280954 0.583849 0.591086 -0.233449 0.505212
1340.000000 -24.954326 20.628618 -28.285383 0.578835 0.592710 -0.241452 0.505318
1341.000000 -24.644420 20.630173 -28.597118 0.580207 0.590022 -0.237912 0.508559
1342.000000 -23.995452 20.741327 -29.103457 0.583799 0.584836 -0.230012 0.514042
1343.000000 -23.262134 20.841965 -29.658347 0.587420 0.578832 -0.221911 0.520238
1344.000000 -22.661517 20.851318 -30.149234 0.589617 0.573613 -0.216359 0.525841
1345.000000 -22.427525 20.691914 -30.471099 0.589027 0.570957 -0.215999 0.529527
1346.000000 -22.484766 20.521722 -30.586935 0.587392 0.570719 -0.218435 0.530600
1347.000000 -21.618430 20.765884 -31.088850 0.592549 0.564024 -0.207735 0.536292
1348.000000 -19.900454 21.337213 -31.885676 0.602862 0.551017 -0.186173 0.546148
1349.000000 -18.101394 21.898908 -32.613711 0.612594 0.537051 -0.164784 0.556013
1350.000000 -16.834952 22.153496 -33.157529 0.617837 0.526788 -0.151310 0.563806
1351.000000 -16.490961 21.935909 -33.511217 0.616737 0.523454 -0.149876 0.568479
1352.000000 -16.645456 21.661955 -33.652731 0.614038 0.524238 -0.153191 0.569793
1353.000000 -16.973686 21.467973 -33.656136 0.611645 0.526584 -0.157490 0.569031
1354.000000 -17.247049 21.367052 -33.625500 0.610162 0.528628 -0.160677 0.567836
1355.000000 -17.256778 21.281018 -33.719027 0.609418 0.528479 -0.161412 0.568565
1356.000000 -16.866026 21.103707 -34.070056 0.608850 0.524742 -0.159328 0.573203
1357.000000 -16.940697 20.701413 -34.321738 0.605292 0.524406 -0.163137 0.576200
1358.000000 -17.518201 20.220186 -34.360678 0.599853 0.528059 -0.171976 0.575981
1359.000000 -18.137476 19.880074 -34.279105 0.595432 0.532353 -0.180095 0.574131
1360.000000 -18.578018 19.746785 -34.161354 0.593151 0.535685 -0.184986 0.571834
1361.000000 -18.847623 19.695313 -34.085207 0.591976 0.537823 -0.187682 0.570163
1362.000000 -18.963232 19.602047 -34.117410 0.590854 0.538561 -0.189356 0.570076
1363.000000 -18.935115 19.437165 -34.269718 0.589537 0.537884 -0.190398 0.571731
1364.000000 -18.768393 19.227585 -34.520962 0.588245 0.535919 -0.190623 0.574823
1365.000000 -18.449988 19.089446 -34.809655 0.587970 0.532909 -0.188963 0.578440
1366.000000 -17.959784 19.167479 -35.063788 0.589926 0.529076 -0.184176 0.581502
1367.000000 -17.365125 19.443079 -35.253274 0.593734 0.524863 -0.177110 0.583635
1368.000000 -16.926031 19.578881 -35.434031 0.595945 0.521542 -0.172506 0.585735
1369.000000 -16.704092 19.472665 -35.640408 0.595609 0.519419 -0.171522 0.588246
1370.000000 -16.711609 19.138479 -35.860291 0.592846 0.518643 -0.174061 0.590970
1371.000000 -16.946007 18.707308 -36.020113 0.588751 0.519474 -0.179127 0.592817
1372.000000 -17.403533 18.309851 -36.048448 0.584375 0.522169 -0.185781 0.592732
1373.000000 -18.086549 17.978188 -35.921519 0.579885 0.526842 -0.193835 0.590422
1374.000000 -18.966915 17.695943 -35.649451 0.575137 0.533256 -0.203109 0.586177
1375.000000 -19.797726 17.436950 -35.367228 0.570568 0.539334 -0.211758 0.582005
1376.000000 -20.407779 17.158704 -35.198917 0.566391 0.543536 -0.218760 0.579581
1377.000000 -20.841377 16.883272 -35.119990 0.562727 0.546270 -0.224365 0.578436
1378.000000 -21.008455 16.833319 -35.085254 0.561749 0.547526 -0.226099 0.577522
1379.000000 -21.012948 16.989453 -35.046859 0.562991 0.548110 -0.224950 0.576207
1380.000000 -20.969806 17.291083 -34.965271 0.565595 0.548732 -0.222309 0.574086
1381.000000 -20.856129 17.696751 -34.872437 0.569291 0.549044 -0.218279 0.571675
1382.000000 -20.604142 18.171871 -34.821560 0.573984 0.548389 -0.212552 0.569766
1383.000000 -20.145351 18.681790 -34.864386 0.579547 0.546116 -0.204778 0.569164
1384.000000 -19.452713 19.192306 -35.023854 0.585690 0.541946 -0.194891 0.570332
1385.000000 -19.056131 19.701220 -35.001812 0.590868 0.540248 -0.187172 0.569187
1386.000000 -19.551976 20.240873 -34.457903 0.593842 0.545972 -0.186433 0.560811
1387.000000 -20.657907 20.848119 -33.478657 0.595645 0.556920 -0.190354 0.546638
1388.000000 -22.030929 21.563778 -32.167669 0.597411 0.570465 -0.195921 0.528474
1389.000000 -23.408111 22.397893 -30.634241 0.599921 0.584586 -0.200719 0.508002
1390.000000 -24.641861 23.305650 -28.991648 0.603303 0.598038 -0.203613 0.486742
1391.000000 -25.722289 24.221719 -27.295088 0.607119 0.610598 -0.204975 0.465362
1392.000000 -26.678860 25.083628 -25.583704 0.610806 0.622274 -0.205652 0.444296
1393.000000 -27.535371 25.839919 -23.904666 0.613864 0.633011 -0.206547 0.424035
1394.000000 -28.300040 26.453199 -22.323037 0.615924 0.642645 -0.208378 0.405245
1395.000000 -28.816808 26.962920 -21.049816 0.618087 0.649784 -0.208605 0.390171
1396.000000 -29.171012 27.383493 -20.029045 0.620189 0.655152 -0.207839 0.378079
1397.000000 -29.288120 27.669193 -19.495396 0.622243 0.657659 -0.205580 0.371531
1398.000000 -29.315355 27.838393 -19.252470 0.623688 0.658738 -0.203568 0.368290
1399.000000 -29.352186 27.923975 -19.117275 0.624308 0.659492 -0.202838 0.366286
1400.000000 -29.448974 27.986978 -18.924406 0.624411 0.660708 -0.203308 0.363651
1401.000000 -29.635981 28.078318 -18.536885 0.624274 0.663003 -0.204789 0.358846
1402.000000 -29.892338 28.177945 -18.011973 0.623798 0.666057 -0.207284 0.352531
1403.000000 -30.172185 28.238677 -17.488158 0.622757 0.669183 -0.210884 0.346260
1404.000000 -30.458020 28.240408 -17.027517 0.621029 0.672075 -0.215751 0.340720
1405.000000 -30.832093 28.261769 -16.344706 0.618817 0.676036 -0.222055 0.332766
1406.000000 -31.130309 28.357051 -15.633211 0.617739 0.679832 -0.225613 0.324539
1407.000000 -31.471020 28.535330 -14.627010 0.617087 0.684820 -0.228406 0.313139
1408.000000 -31.809874 28.743023 -13.481018 0.616616 0.690254 -0.230575 0.300283
1409.000000 -32.110083 28.936928 -12.358343 0.616170 0.695406 -0.232268 0.287744
1410.000000 -32.340457 29.085350 -11.427464 0.615705 0.699575 -0.233675 0.277306
1411.000000 -32.483556 29.172638 -10.829113 0.615255 0.702225 -0.234961 0.270433
1412.000000 -32.563675 29.221243 -10.490064 0.614923 0.703742 -0.235981 0.266329
1413.000000 -32.621404 29.270785 -10.200400 0.614838 0.705041 -0.236321 0.262762
1414.000000 -32.686877 29.356072 -9.764972 0.615143 0.706931 -0.235489 0.257668
1415.000000 -32.712461 29.428894 -9.485098 0.615794 0.708207 -0.233650 0.254259
1416.000000 -32.661453 29.459565 -9.597630 0.616811 0.707933 -0.230922 0.255050
1417.000000 -32.553322 29.460003 -9.993988 0.618047 0.706519 -0.227664 0.258879
1418.000000 -32.457341 29.402669 -10.506253 0.618361 0.704649 -0.226817 0.263918
1419.000000 -32.382366 29.311214 -11.028039 0.618030 0.702749 -0.227592 0.269044
1420.000000 -32.325442 29.224672 -11.465490 0.617593 0.701177 -0.228587 0.273273
1421.000000 -32.283389 29.187160 -11.726397 0.617608 0.700299 -0.228409 0.275628
1422.000000 -32.262783 29.229330 -11.727289 0.618355 0.700455 -0.226397 0.275218
1423.000000 -32.286219 29.332292 -11.449277 0.619367 0.701737 -0.223739 0.271828
1424.000000 -32.371532 29.449501 -10.940953 0.619974 0.703982 -0.222036 0.265974
1425.000000 -32.529048 29.538065 -10.256480 0.619532 0.706971 -0.222921 0.258222
1426.000000 -32.756664 29.595727 -9.368317 0.617836 0.710703 -0.227045 0.248255
1427.000000 -33.022787 29.675120 -8.141949 0.615584 0.715497 -0.232495 0.234661
1428.000000 -33.246446 29.787977 -6.738338 0.613879 0.720707 -0.235944 0.219234
1429.000000 -33.419217 29.889892 -5.326871 0.612385 0.725756 -0.238202 0.203771
1430.000000 -33.546390 29.953513 -4.069470 0.610677 0.730086 -0.240767 0.189946
1431.000000 -33.635135 29.978076 -3.084755 0.608509 0.733266 -0.244979 0.178953
1432.000000 -33.692112 29.985669 -2.310499 0.606016 0.735493 -0.250716 0.170104
1433.000000 -33.721128 29.996512 -1.625124 0.603790 0.737330 -0.255890 0.162181
1434.000000 -33.729957 30.011770 -0.979967 0.602375 0.739194 -0.258421 0.154775
1435.000000 -33.727804 30.025171 -0.423319 0.602268 0.741167 -0.256697 0.148494
1436.000000 -33.724301 30.031941 -0.147376 0.602547 0.742314 -0.254603 0.145206
1437.000000 -33.720487 30.037243 -0.219027 0.603198 0.742392 -0.252603 0.145597
1438.000000 -33.714467 30.042602 -0.449880 0.604824 0.742245 -0.247823 0.147801
1439.000000 -33.702385 30.047263 -0.873838 0.607220 0.741679 -0.240931 0.152144
1440.000000 -33.676942 30.049005 -1.552958 0.610047 0.740366 -0.233121 0.159232
1441.000000 -33.627913 30.051866 -2.386550 0.613089 0.738535 -0.224657 0.167977
1442.000000 -33.546399 30.055524 -3.335622 0.616198 0.736213 -0.215931 0.177942
1443.000000 -33.430922 30.048863 -4.400610 0.619156 0.733370 -0.207472 0.189128
1444.000000 -33.289625 30.028435 -5.496249 0.621741 0.730273 -0.199720 0.200629
1445.000000 -33.170165 30.002264 -6.337956 0.623373 0.727824 -0.194559 0.209346
1446.000000 -33.095629 30.025040 -6.667551 0.624870 0.726922 -0.189572 0.212564
1447.000000 -33.062037 30.065509 -6.718185 0.625959 0.726862 -0.185972 0.212746
1448.000000 -33.075294 30.063437 -6.734217 0.625747 0.726938 -0.186736 0.212441
1449.000000 -33.134931 30.029314 -6.663361 0.624458 0.727326 -0.190989 0.211120
1450.000000 -33.233565 29.991708 -6.392017 0.622493 0.728323 -0.197359 0.207598
1451.000000 -33.368832 29.976569 -5.761349 0.619940 0.730314 -0.205547 0.200164
1452.000000 -33.533376 29.996926 -4.602688 0.616597 0.733677 -0.215766 0.187005
1453.000000 -33.695429 30.026113 -2.941966 0.612060 0.738236 -0.228079 0.168434
1454.000000 -33.803383 30.027114 -1.197212 0.606280 0.742605 -0.242462 0.148914
1455.000000 -33.838562 30.014909 0.063868 0.600434 0.745122 -0.257270 0.134478
1456.000000 -33.834177 30.019935 0.421575 0.596031 0.744771 -0.270683 0.129593
1457.000000 -33.820320 30.033552 0.452486 0.592740 0.743531 -0.281745 0.128222
1458.000000 -33.803724 30.044577 0.482090 0.590084 0.742503 -0.290464 0.126966
1459.000000 -33.789062 30.050950 0.569000 0.587833 0.741892 -0.297270 0.125212
1460.000000 -33.777988 30.052835 0.806360 0.585766 0.742003 -0.302371 0.121988
1461.000000 -33.774052 30.049632 1.115981 0.583973 0.742612 -0.305858 0.118124
1462.000000 -33.778177 30.048790 1.100740 0.582978 0.742319 -0.308616 0.117708
1463.000000 -33.786661 30.056211 0.532499 0.582914 0.740163 -0.311825 0.123024
1464.000000 -33.790578 30.055819 -0.305235 0.582866 0.736849 -0.316459 0.131051
1465.000000 -33.787522 30.041934 -1.072336 0.583385 0.734083 -0.318763 0.138471
1466.000000 -33.780827 30.035666 -1.376763 0.584046 0.733289 -0.318169 0.141231
1467.000000 -33.774388 30.034186 -1.529461 0.584436 0.732982 -0.317639 0.142400
1468.000000 -33.772271 30.032513 -1.622000 0.584217 0.732646 -0.318607 0.142861
1469.000000 -33.770546 30.032780 -1.710116 0.584147 0.732420 -0.319054 0.143314
1470.000000 -33.759253 30.029186 -2.059718 0.584988 0.731499 -0.318151 0.146555
1471.000000 -33.740003 30.016594 -2.586950 0.586044 0.729906 -0.317489 0.151624
1472.000000 -33.725896 30.002461 -2.969147 0.586575 0.728697 -0.317583 0.155149
1473.000000 -33.703074 29.979209 -3.452363 0.587152 0.727073 -0.317980 0.159707
1474.000000 -33.671714 29.961942 -3.897689 0.588152 0.725765 -0.316964 0.163939
1475.000000 -33.647221 29.958073 -4.169386 0.589074 0.725138 -0.315408 0.166389
1476.000000 -33.644320 29.943947 -4.334464 0.588927 0.724554 -0.316373 0.167616
1477.000000 -33.651865 29.919660 -4.469596 0.588192 0.723887 -0.318803 0.168472
1478.000000 -33.647599 29.892493 -4.727151 0.587844 0.722844 -0.320662 0.170625
1479.000000 -33.610441 29.855318 -5.256955 0.588382 0.720945 -0.321233 0.175655
1480.000000 -33.559093 29.815666 -5.832671 0.589254 0.718941 -0.321052 0.181189
1481.000000 -33.506384 29.795204 -6.269624 0.590314 0.717574 -0.319800 0.185324
1482.000000 -33.428626 29.784118 -6.753588 0.592007 0.716204 -0.316976 0.190014
1483.000000 -33.368601 29.811647 -6.954691 0.593623 0.715976 -0.313384 0.191783
1484.000000 -33.311410 29.890848 -6.930068 0.595843 0.716848 -0.307425 0.191284
1485.000000 -33.267121 29.972441 -6.847402 0.597859 0.717879 -0.301742 0.190173
1486.000000 -33.212532 30.043080 -6.856139 0.599967 0.718547 -0.296005 0.190029
1487.000000 -33.106690 30.178785 -6.819546 0.603996 0.719848 -0.284685 0.189637
1488.000000 -32.933419 30.307767 -7.125639 0.608981 0.719863 -0.271518 0.192917
1489.000000 -32.808022 30.338197 -7.597464 0.611578 0.718716 -0.265207 0.197700
1490.000000 -32.748152 30.357567 -7.808207 0.612891 0.718348 -0.261699 0.199636
1491.000000 -32.682876 30.404933 -7.931072 0.614602 0.718365 -0.256777 0.200703
1492.000000 -32.598573 30.464870 -8.072066 0.616793 0.718366 -0.250399 0.202032
1493.000000 -32.488441 30.546286 -8.246339 0.619562 0.718266 -0.242296 0.203788
1494.000000 -32.390463 30.615952 -8.430375 0.621793 0.717994 -0.235789 0.205578
1495.000000 -32.331845 30.661448 -8.547103 0.623112 0.717850 -0.231865 0.206544
1496.000000 -32.240486 30.678004 -8.875291 0.624497 0.716951 -0.227996 0.209768
1497.000000 -32.162377 30.599550 -9.454141 0.624607 0.715105 -0.228134 0.215512
1498.000000 -32.169667 30.573332 -9.554686 0.624276 0.714910 -0.229088 0.216105
1499.000000 -32.194205 30.689463 -9.127135 0.625337 0.716634 -0.225313 0.211243
1500.000000 -32.222807 30.806763 -8.651365 0.626366 0.718486 -0.221491 0.205875
1501.000000 -32.259023 30.862904 -8.358709 0.626580 0.719643 -0.220380 0.202347
1502.000000 -32.306591 30.883540 -8.149671 0.626213 0.720469 -0.221205 0.199623
1503.000000 -32.400864 30.922559 -7.657375 0.625414 0.722201 -0.222962 0.193833
1504.000000 -32.453962 30.937475 -7.408231 0.624818 0.723099 -0.224462 0.190648
1505.000000 -32.446855 30.910391 -7.588986 0.624545 0.722588 -0.225663 0.192059
1506.000000 -32.459600 30.872004 -7.728132 0.623855 0.722180 -0.228084 0.192972
1507.000000 -32.471053 30.848609 -7.811471 0.623376 0.721978 -0.229730 0.193327
1508.000000 -32.440804 30.865473 -7.892990 0.624007 0.721913 -0.227779 0.193840
1509.000000 -32.405090 30.885870 -7.990699 0.624756 0.721804 -0.225460 0.194543
1510.000000 -32.374614 30.924991 -8.009899 0.625634 0.721958 -0.222612 0.194431
1511.000000 -32.355819 30.980156 -7.930810 0.626509 0.722422 -0.219631 0.193277
1512.000000 -32.331036 31.027307 -7.908240 0.627396 0.722702 -0.216634 0.192733
1513.000000 -32.270967 31.038489 -8.156290 0.628422 0.722149 -0.213353 0.195110
1514.000000 -32.252223 31.090562 -8.074234 0.629388 0.722662 -0.209771 0.193975
1515.000000 -32.297805 31.228150 -7.366539 0.630516 0.725107 -0.204937 0.186199
1516.000000 -32.369228 31.411293 -6.220449 0.631937 0.728817 -0.198134 0.173852
1517.000000 -32.425698 31.530123 -5.303947 0.632810 0.731700 -0.193157 0.163880
1518.000000 -32.446443 31.547230 -5.126108 0.632673 0.732298 -0.193337 0.161510
1519.000000 -32.413170 31.539080 -5.419820 0.632966 0.731529 -0.193024 0.164197
1520.000000 -32.332729 31.526934 -5.957851 0.633991 0.730133 -0.190204 0.169655
1521.000000 -32.218193 31.526218 -6.549865 0.635688 0.728663 -0.184425 0.175891
1522.000000 -32.101042 31.561899 -6.955496 0.637746 0.727701 -0.176754 0.180249
1523.000000 -31.995513 31.633113 -7.161738 0.639900 0.727197 -0.168555 0.182487
1524.000000 -31.912241 31.713294 -7.244054 0.641796 0.726968 -0.161254 0.183339
1525.000000 -31.859981 31.772374 -7.287037 0.643077 0.726857 -0.156229 0.183641
1526.000000 -31.831370 31.809758 -7.318527 0.643865 0.726815 -0.153056 0.183715
1527.000000 -31.816723 31.867152 -7.193857 0.644783 0.727172 -0.149341 0.182137
1528.000000 -31.788545 31.950906 -6.995612 0.646180 0.727646 -0.143607 0.179888
1529.000000 -31.702254 32.010224 -7.149663 0.647801 0.727135 -0.136666 0.181525
1530.000000 -31.635510 32.055958 -7.252642 0.648998 0.726788 -0.131416 0.182511
1531.000000 -31.598621 32.079028 -7.310769 0.649614 0.726650 -0.128619 0.182862
1532.000000 -31.583018 32.073162 -7.409415 0.649684 0.726517 -0.128083 0.183514
1533.000000 -31.578304 32.033228 -7.631432 0.649252 0.726165 -0.129583 0.185378
1534.000000 -31.568241 31.955495 -8.056790 0.648427 0.725337 -0.132560 0.189356
1535.000000 -31.514010 31.847056 -8.739373 0.647640 0.723789 -0.134952 0.196164
1536.000000 -31.416034 31.738323 -9.513998 0.647219 0.721884 -0.135402 0.204102
1537.000000 -31.320146 31.681662 -10.055756 0.647312 0.720471 -0.134038 0.209625
1538.000000 -31.295377 31.699424 -10.122619 0.647644 0.720303 -0.132804 0.209961
1539.000000 -31.394691 31.775374 -9.605808 0.647727 0.721833 -0.133662 0.203817
1540.000000 -31.494123 31.792160 -9.258267 0.647175 0.723036 -0.136444 0.199416
1541.000000 -31.521739 31.720063 -9.445374 0.646191 0.722828 -0.140173 0.200768
1542.000000 -31.512931 31.626906 -9.809734 0.645287 0.722089 -0.143327 0.204083
1543.000000 -31.497855 31.555729 -10.110423 0.644696 0.721470 -0.145213 0.206787
1544.000000 -31.461785 31.512676 -10.384635 0.644561 0.720857 -0.145234 0.209317
1545.000000 -31.407905 31.480370 -10.681607 0.644640 0.720138 -0.144336 0.212149
1546.000000 -31.331170 31.420908 -11.129538 0.644568 0.718975 -0.143843 0.216603
1547.000000 -31.113310 31.243609 -12.242472 0.644207 0.715774 -0.143295 0.228322
1548.000000 -30.850218 31.067993 -13.352881 0.644062 0.712399 -0.141449 0.240134
1549.000000 -30.589451 30.939938 -14.259852 0.644251 0.709481 -0.138442 0.249823
1550.000000 -30.378273 30.905971 -14.809960 0.644945 0.707528 -0.134509 0.255651
1551.000000 -30.326104 30.998378 -14.758790 0.645962 0.707494 -0.131419 0.254782
1552.000000 -30.392037 31.094273 -14.469313 0.646481 0.708443 -0.130757 0.251145
1553.000000 -30.328456 31.105997 -14.627966 0.646873 0.707899 -0.129101 0.252522
1554.000000 -30.153148 31.059559 -15.128617 0.647243 0.706161 -0.126407 0.257748
1555.000000 -29.958435 30.990504 -15.689734 0.647466 0.704214 -0.123939 0.263647
1556.000000 -29.869054 30.956943 -15.961373 0.647541 0.703321 -0.123065 0.266242
1557.000000 -30.087713 31.026166 -15.440683 0.647247 0.705445 -0.126186 0.259800
1558.000000 -30.320275 30.908987 -15.262160 0.645275 0.706923 -0.133662 0.256933
1559.000000 -30.474221 30.618475 -15.587094 0.642160 0.706895 -0.143395 0.259551
1560.000000 -30.550551 30.256138 -16.181880 0.638826 0.705819 -0.152910 0.265217
1561.000000 -30.546989 29.929945 -16.821938 0.636206 0.704259 -0.159746 0.271558
1562.000000 -30.461334 29.715319 -17.379677 0.634896 0.702615 -0.162498 0.277187
1563.000000 -30.490500 29.610009 -17.545433 0.633907 0.702365 -0.165244 0.278460
1564.000000 -30.601863 29.520155 -17.550447 0.632638 0.702815 -0.169069 0.277914
1565.000000 -30.667113 29.333420 -17.799168 0.630826 0.702428 -0.173832 0.280065
1566.000000 -30.558708 28.949543 -18.642393 0.628347 0.699727 -0.179249 0.288846
1567.000000 -30.323041 28.477000 -19.762548 0.625848 0.695728 -0.183784 0.300833
1568.000000 -30.190201 28.196624 -20.394782 0.624361 0.693469 -0.186429 0.307438
1569.000000 -30.171190 28.134801 -20.544891 0.624004 0.693050 -0.187198 0.308639
1570.000000 -30.158665 28.171659 -20.554149 0.624347 0.693118 -0.186394 0.308279
1571.000000 -30.037394 28.184950 -20.760556 0.624978 0.692264 -0.184282 0.310183
1572.000000 -29.705431 28.118803 -21.367425 0.625897 0.689504 -0.180422 0.316676
1573.000000 -29.167375 28.033287 -22.246899 0.627428 0.685194 -0.174105 0.326389
1574.000000 -28.858644 27.926276 -22.817486 0.627809 0.682555 -0.171442 0.332540
1575.000000 -28.594046 27.673699 -23.488171 0.626945 0.679732 -0.171538 0.339822
1576.000000 -28.393635 27.439767 -24.039333 0.625989 0.677465 -0.172164 0.345742
1577.000000 -28.168411 27.192685 -24.620082 0.625042 0.674983 -0.172567 0.352052
1578.000000 -27.885792 26.920471 -25.276263 0.624123 0.672022 -0.172497 0.359307
1579.000000 -27.620508 26.741695 -25.791570 0.623776 0.669545 -0.171551 0.364941
1580.000000 -27.442397 26.614459 -26.154638 0.623467 0.667833 -0.171174 0.368765
1581.000000 -27.353956 26.312035 -26.596156 0.621611 0.666176 -0.174124 0.373484
1582.000000 -27.403327 25.753630 -27.133308 0.617511 0.664638 -0.181744 0.379349
1583.000000 -27.667905 25.190656 -27.436253 0.612664 0.664523 -0.191724 0.382484
1584.000000 -27.636315 24.743583 -27.911572 0.609663 0.662760 -0.196680 0.387784
1585.000000 -27.560166 24.684769 -28.076490 0.609532 0.662075 -0.196433 0.389284
1586.000000 -27.438421 24.791354 -28.142060 0.610691 0.661639 -0.193765 0.389546
1587.000000 -27.259988 24.797335 -28.353659 0.611326 0.660422 -0.191776 0.391593
1588.000000 -26.979148 24.686787 -28.759355 0.611499 0.658097 -0.190115 0.396022
1589.000000 -26.547949 24.447691 -29.400004 0.611262 0.654355 -0.188292 0.403393
1590.000000 -25.945647 24.266981 -30.119581 0.611909 0.649703 -0.183964 0.411837
1591.000000 -25.402226 24.332790 -30.567605 0.613977 0.646217 -0.177691 0.416966
1592.000000 -25.200621 24.431287 -30.699212 0.615221 0.645113 -0.174693 0.418109
1593.000000 -25.144052 24.322109 -30.876792 0.614628 0.644392 -0.175345 0.419815
1594.000000 -25.122463 24.018475 -31.175600 0.612627 0.643354 -0.178315 0.423069
1595.000000 -25.041077 23.559563 -31.631364 0.609773 0.641466 -0.182175 0.428382
1596.000000 -25.015894 23.161158 -31.984829 0.607185 0.640136 -0.185871 0.432440
1597.000000 -24.813513 23.061109 -32.254339 0.607097 0.638503 -0.184900 0.435383
1598.000000 -24.482808 23.151945 -32.482024 0.608634 0.636545 -0.180939 0.437762
1599.000000 -24.656192 23.217318 -32.345520 0.608574 0.637895 -0.182021 0.435427
1600.000000 -24.851562 22.856959 -32.495623 0.605572 0.638184 -0.187434 0.436890
1601.000000 -24.845902 22.367117 -32.881307 0.602284 0.636724 -0.192192 0.441473
1602.000000 -24.722723 22.117692 -33.185067 0.600974 0.635161 -0.193452 0.444946
1603.000000 -24.881272 21.847357 -33.289544 0.598727 0.635389 -0.197462 0.445888
1604.000000 -25.042283 21.668309 -33.325751 0.597071 0.635922 -0.200665 0.445919
1605.000000 -25.553053 21.693131 -32.962867 0.595687 0.639375 -0.205104 0.440782
1606.000000 -25.733757 21.644459 -32.899486 0.594808 0.640402 -0.207180 0.439505
1607.000000 -26.142119 21.500462 -32.714931 0.592548 0.642665 -0.212231 0.436837
1608.000000 -26.741660 21.240819 -32.440312 0.588802 0.645829 -0.220239 0.433257
1609.000000 -26.813623 20.877536 -32.657452 0.586112 0.645084 -0.224512 0.435814
1610.000000 -26.874073 20.748480 -32.727269 0.585030 0.645075 -0.226373 0.436317
1611.000000 -27.210007 20.775326 -32.472982 0.584038 0.647398 -0.229162 0.432736
1612.000000 -27.325648 20.615565 -32.519089 0.582563 0.647605 -0.231793 0.433012
1613.000000 -27.045891 20.604318 -32.801434 0.583470 0.645729 -0.229359 0.435881
1614.000000 -26.686884 20.725968 -33.061241 0.585509 0.643772 -0.224951 0.438332
1615.000000 -25.921275 20.823658 -33.648068 0.588697 0.639005 -0.217294 0.444850
1616.000000 -25.387891 20.853198 -34.075155 0.590599 0.635561 -0.212424 0.449590
1617.000000 -24.820458 20.800644 -34.564662 0.591993 0.631638 -0.208087 0.455277
1618.000000 -24.257422 20.704263 -35.061000 0.593017 0.627652 -0.204188 0.461185
1619.000000 -23.615366 20.826634 -35.465984 0.595652 0.623785 -0.197708 0.465835
1620.000000 -22.877808 21.013871 -35.878238 0.598909 0.619428 -0.189964 0.470670
1621.000000 -22.064896 21.112162 -36.369148 0.601666 0.614316 -0.182458 0.476784
1622.000000 -21.465210 21.230793 -36.700504 0.603930 0.610637 -0.176634 0.480824
1623.000000 -20.467913 21.563151 -37.117016 0.608428 0.604837 -0.165851 0.486293
1624.000000 -19.422923 21.941531 -37.497682 0.613174 0.598754 -0.154380 0.491608
1625.000000 -18.659926 22.166143 -37.795112 0.616200 0.594151 -0.146465 0.495813
1626.000000 -17.950662 22.509596 -37.977483 0.619810 0.590111 -0.138074 0.498538
1627.000000 -17.077248 23.044017 -38.101816 0.624836 0.585304 -0.126867 0.500903
1628.000000 -16.278212 23.652418 -38.121604 0.630120 0.580996 -0.115661 0.502012
1629.000000 -15.757001 24.156068 -38.066931 0.634216 0.578284 -0.107501 0.501797
1630.000000 -15.427486 24.664875 -37.917412 0.638022 0.576812 -0.100863 0.500042
1631.000000 -14.959856 24.970718 -37.947158 0.640638 0.574122 -0.094596 0.501017
1632.000000 -14.373926 25.532759 -37.842123 0.645055 0.570905 -0.085376 0.500683
1633.000000 -14.163011 25.892536 -37.719288 0.647656 0.569915 -0.080816 0.499206
1634.000000 -13.946265 25.819620 -37.891429 0.647401 0.568414 -0.079491 0.501456
1635.000000 -13.545678 25.921929 -38.007802 0.648487 0.565881 -0.075268 0.503566
1636.000000 -13.238638 26.285642 -37.908474 0.651182 0.564201 -0.069902 0.502746
1637.000000 -13.115990 26.486999 -37.852545 0.652628 0.563577 -0.067330 0.501920
1638.000000 -12.946124 26.696723 -37.805532 0.654171 0.562634 -0.064313 0.501365
1639.000000 -12.655937 26.700306 -37.945437 0.654424 0.560701 -0.061816 0.503509
1640.000000 -12.282855 26.718835 -38.098177 0.654838 0.558229 -0.058475 0.506110
1641.000000 -12.071483 27.052566 -37.971257 0.657220 0.557074 -0.054188 0.504772
1642.000000 -11.870236 27.058211 -38.072521 0.657399 0.555743 -0.052396 0.506192
1643.000000 -11.638721 27.038707 -38.199146 0.657427 0.554200 -0.050530 0.508034
1644.000000 -11.427665 27.539909 -37.946823 0.660888 0.553110 -0.045072 0.505237
1645.000000 -11.036678 27.624168 -38.043888 0.661682 0.550538 -0.041089 0.507342
1646.000000 -10.761322 27.433045 -38.301107 0.660568 0.548602 -0.040067 0.510961
1647.000000 -10.585811 27.532017 -38.321334 0.661312 0.547489 -0.037849 0.511361
1648.000000 -10.360370 27.521426 -38.433162 0.661340 0.545987 -0.035987 0.513062
1649.000000 -10.105882 27.636901 -38.458939 0.662233 0.544343 -0.032952 0.513859
1650.000000 -9.867469 27.764446 -38.472919 0.663179 0.542781 -0.029993 0.514473
1651.000000 -9.565703 27.745548 -38.606186 0.663161 0.540747 -0.027555 0.516770
1652.000000 -9.337432 27.897536 -38.594058 0.664263 0.539274 -0.024539 0.517046
1653.000000 -8.982667 28.053913 -38.607143 0.665414 0.536948 -0.020410 0.518165
1654.000000 -8.645415 28.041766 -38.735455 0.665405 0.534687 -0.017586 0.520611
1655.000000 -8.812524 28.393198 -38.482906 0.667736 0.535879 -0.016594 0.516417
1656.000000 -8.693565 28.649019 -38.362066 0.669488 0.535122 -0.013783 0.515015
1657.000000 -8.497791 28.812040 -38.326039 0.670616 0.533836 -0.010950 0.514950
1658.000000 -8.263078 29.134535 -38.176258 0.672806 0.532290 -0.006641 0.513766
1659.000000 -8.171309 29.552367 -37.916584 0.675623 0.531688 -0.002895 0.510718
1660.000000 -8.148097 29.741631 -37.815117 0.676898 0.531547 -0.001359 0.509181
1661.000000 -8.050007 29.758837 -37.865678 0.677009 0.530886 -0.000370 0.509724
1662.000000 -7.793547 29.748397 -37.969326 0.676940 0.529162 0.001842 0.511602
1663.000000 -7.647193 29.964589 -37.870200 0.678395 0.528170 0.004675 0.510681
1664.000000 -7.632909 30.056966 -37.840496 0.679024 0.528075 0.005467 0.509934
1665.000000 -7.324446 29.994422 -37.992597 0.678582 0.526002 0.007790 0.512628
1666.000000 -7.080201 30.008593 -38.070520 0.678642 0.524352 0.010065 0.514196
1667.000000 -6.782670 29.990363 -38.182615 0.678464 0.522342 0.012579 0.516417
1668.000000 -6.589987 29.987965 -38.260203 0.678416 0.521036 0.014285 0.517754
1669.000000 -6.379182 29.918436 -38.392363 0.677904 0.519626 0.015679 0.519797
1670.000000 -6.136182 29.850072 -38.527721 0.677383 0.517996 0.017363 0.522046
1671.000000 -6.028151 29.989051 -38.479924 0.678290 0.517228 0.019248 0.521562
1672.000000 -6.109381 30.166971 -38.370491 0.679518 0.517726 0.019726 0.519448
1673.000000 -6.140063 30.175126 -38.400869 0.679590 0.517928 0.019508 0.519160
1674.000000 -5.990643 30.306866 -38.362306 0.680447 0.516883 0.021724 0.518992
1675.000000 -5.898366 30.609494 -38.178656 0.682463 0.516163 0.024588 0.516930
1676.000000 -5.871974 30.918744 -37.975232 0.684547 0.515881 0.026920 0.514333
1677.000000 -5.874860 30.924530 -38.012625 0.684581 0.515911 0.026916 0.514256
1678.000000 -5.855228 30.840079 -38.126666 0.684001 0.515813 0.026512 0.515147
1679.000000 -5.763728 30.699106 -38.295928 0.683022 0.515239 0.026389 0.517023
1680.000000 -5.797563 30.732574 -38.304853 0.683271 0.515452 0.026334 0.516485
1681.000000 -5.854149 30.677407 -38.381570 0.682928 0.515848 0.025474 0.516586
1682.000000 -5.701576 30.664251 -38.457983 0.682779 0.514825 0.026749 0.517738
1683.000000 -5.850731 30.744720 -38.414140 0.683368 0.515800 0.025956 0.516029
1684.000000 -5.991640 30.864686 -38.339589 0.684211 0.516700 0.025504 0.514029
1685.000000 -5.961261 30.948739 -38.319527 0.684760 0.516467 0.026338 0.513491
1686.000000 -5.948551 30.917018 -38.389905 0.684537 0.516398 0.026226 0.513862
1687.000000 -5.957637 31.144574 -38.247263 0.686057 0.516379 0.027672 0.511775
1688.000000 -5.934663 31.317178 -38.151547 0.687204 0.516176 0.029026 0.510363
1689.000000 -5.941392 31.429275 -38.099262 0.687965 0.516183 0.029728 0.509290
1690.000000 -5.964342 31.536398 -38.047950 0.688700 0.516287 0.030275 0.508157
1691.000000 -5.990831 31.870001 -37.807305 0.690936 0.516322 0.032319 0.504950
1692.000000 -5.898055 32.133621 -37.640448 0.692661 0.515579 0.034970 0.503166
1693.000000 -5.645545 32.037926 -37.803098 0.691911 0.513928 0.036604 0.505764
1694.000000 -5.592404 31.789096 -38.063782 0.690211 0.513691 0.035404 0.508406
1695.000000 -5.717403 31.679693 -38.178903 0.689534 0.514577 0.033533 0.508555
1696.000000 -5.642372 31.769852 -38.155540 0.690110 0.514048 0.034831 0.508222
1697.000000 -5.496547 31.712195 -38.266003 0.689655 0.513105 0.035803 0.509723
1698.000000 -5.430879 31.748574 -38.288426 0.689851 0.512653 0.036640 0.509852
1699.000000 -5.181929 31.886953 -38.251767 0.690670 0.510914 0.039707 0.510260
1700.000000 -4.974215 31.751196 -38.434020 0.689730 0.509568 0.040493 0.512809
1701.000000 -5.115481 30.336208 -39.583166 0.680441 0.511118 0.029919 0.524274
1702.000000 -5.456478 28.941277 -40.609832 0.671408 0.513742 0.018033 0.533812
1703.000000 -5.761939 27.773932 -41.414513 0.663871 0.515900 0.008163 0.541347
1704.000000 -6.004483 26.606336 -42.178927 0.656316 0.517500 -0.000951 0.549038
1705.000000 -6.248196 25.181785 -43.049338 0.647074 0.518962 -0.011440 0.558429
1706.000000 -6.680343 23.679320 -43.872739 0.637251 0.521446 -0.023738 0.566958
