0.000000 0.000000 0.000000 -0.000000 -0.000000 0.000000 -0.000000 1.000000
1.000000 0.000403 -0.002381 -0.055705 -0.006559 -0.001073 0.000012 0.999978
2.000000 0.000739 -0.004564 -0.111257 -0.013921 -0.002242 0.000029 0.999901
3.000000 0.001069 -0.006945 -0.166700 -0.021914 -0.003465 0.000049 0.999754
4.000000 0.001438 -0.009844 -0.222065 -0.030364 -0.004702 0.000067 0.999528
5.000000 0.001873 -0.013505 -0.277375 -0.039098 -0.005912 0.000079 0.999218
6.000000 0.002381 -0.018097 -0.332640 -0.047940 -0.007055 0.000085 0.998825
7.000000 0.002728 -0.022443 -0.387939 -0.055083 -0.007798 0.000092 0.998451
8.000000 0.002823 -0.026165 -0.443309 -0.060524 -0.008140 0.000104 0.998134
9.000000 0.002579 -0.028887 -0.498779 -0.064261 -0.008081 0.000128 0.997900
10.000000 0.001906 -0.030229 -0.554365 -0.066296 -0.007623 0.000171 0.997771
11.000000 0.000715 -0.029814 -0.610066 -0.066629 -0.006765 0.000236 0.997755
12.000000 -0.001085 -0.027262 -0.665861 -0.065263 -0.005507 0.000324 0.997853
13.000000 -0.003584 -0.022192 -0.721707 -0.062195 -0.003848 0.000429 0.998056
14.000000 -0.006851 -0.014264 -0.777534 -0.057452 -0.001802 0.000547 0.998347
15.000000 -0.010385 -0.004120 -0.833247 -0.051638 0.000281 0.000664 0.998666
16.000000 -0.012907 0.006252 -0.888812 -0.045964 0.001701 0.000742 0.998941
17.000000 -0.012792 0.014260 -0.944311 -0.041677 0.001741 0.000743 0.999129
18.000000 -0.010073 0.018855 -0.999822 -0.038974 0.000670 0.000685 0.999240
19.000000 -0.007167 0.018679 -1.055377 -0.038172 -0.000178 0.000644 0.999271
20.000000 -0.004659 0.013357 -1.110985 -0.039372 -0.000732 0.000622 0.999224
21.000000 -0.003381 0.003783 -1.166593 -0.042405 -0.000988 0.000612 0.999100
22.000000 -0.004188 -0.009050 -1.222126 -0.047100 -0.000948 0.000608 0.998890
23.000000 -0.006839 -0.025239 -1.277476 -0.053290 -0.000610 0.000610 0.998579
24.000000 -0.009948 -0.044596 -1.332497 -0.060779 0.000044 0.000619 0.998151
25.000000 -0.014450 -0.065517 -1.387158 -0.068807 0.001355 0.000659 0.997629
26.000000 -0.022229 -0.085365 -1.441554 -0.076271 0.003915 0.000779 0.997079
27.000000 -0.035336 -0.101331 -1.495856 -0.082169 0.008285 0.001039 0.996583
28.000000 -0.052992 -0.113408 -1.550088 -0.086544 0.014035 0.001439 0.996148
29.000000 -0.070820 -0.121237 -1.604421 -0.089323 0.019680 0.001890 0.995806
30.000000 -0.087998 -0.125083 -1.658917 -0.090642 0.024991 0.002367 0.995567
31.000000 -0.103955 -0.125941 -1.713569 -0.090910 0.029814 0.002834 0.995409
32.000000 -0.118110 -0.124836 -1.768367 -0.090538 0.033996 0.003259 0.995307
33.000000 -0.129810 -0.122972 -1.823304 -0.089933 0.037381 0.003611 0.995240
34.000000 -0.138327 -0.121728 -1.878379 -0.089504 0.039815 0.003863 0.995183
35.000000 -0.142904 -0.122553 -1.933590 -0.089629 0.041153 0.003988 0.995117
36.000000 -0.143106 -0.126066 -1.988944 -0.090437 0.041345 0.003979 0.995036
37.000000 -0.139047 -0.132205 -2.044415 -0.091876 0.040483 0.003849 0.994940
38.000000 -0.131421 -0.140560 -2.099930 -0.093815 0.038783 0.003624 0.994827
39.000000 -0.121065 -0.150637 -2.155411 -0.096118 0.036472 0.003329 0.994696
40.000000 -0.108917 -0.161881 -2.210793 -0.098648 0.033778 0.002988 0.994544
41.000000 -0.096019 -0.173678 -2.266042 -0.101271 0.030930 0.002626 0.994375
42.000000 -0.083410 -0.185411 -2.321161 -0.103849 0.028155 0.002266 0.994192
43.000000 -0.072092 -0.196492 -2.376189 -0.106249 0.025681 0.001937 0.994006
44.000000 -0.063540 -0.206388 -2.431172 -0.108358 0.023814 0.001674 0.993825
45.000000 -0.060600 -0.214872 -2.486114 -0.110134 0.023109 0.001544 0.993647
46.000000 -0.066608 -0.221775 -2.540988 -0.111552 0.024167 0.001621 0.993463
47.000000 -0.084712 -0.227188 -2.595645 -0.112635 0.027500 0.001967 0.993254
48.000000 -0.114814 -0.230659 -2.649911 -0.113304 0.032973 0.002564 0.993010
49.000000 -0.142177 -0.227478 -2.704620 -0.112715 0.037785 0.003136 0.992904
50.000000 -0.163835 -0.218239 -2.759870 -0.111058 0.041531 0.003634 0.992939
51.000000 -0.179389 -0.204643 -2.815526 -0.108706 0.044299 0.004052 0.993078
52.000000 -0.188485 -0.188552 -2.871428 -0.106028 0.046181 0.004385 0.993280
53.000000 -0.191390 -0.172184 -2.927434 -0.103395 0.047268 0.004625 0.993506
54.000000 -0.190902 -0.158647 -2.983575 -0.101151 0.047571 0.004759 0.993722
55.000000 -0.185607 -0.149583 -3.039908 -0.099568 0.046850 0.004759 0.993916
56.000000 -0.172834 -0.145231 -3.096532 -0.098705 0.044769 0.004593 0.994099
57.000000 -0.149397 -0.144333 -3.153529 -0.098379 0.040933 0.004233 0.994298
58.000000 -0.115332 -0.146616 -3.210619 -0.098570 0.035474 0.003686 0.994491
59.000000 -0.088163 -0.156867 -3.266761 -0.100022 0.031180 0.003211 0.994491
60.000000 -0.070634 -0.173314 -3.322092 -0.102454 0.028433 0.002861 0.994327
61.000000 -0.062374 -0.193032 -3.376865 -0.105406 0.027128 0.002642 0.994056
62.000000 -0.063017 -0.213162 -3.431305 -0.108415 0.027154 0.002561 0.993731
63.000000 -0.072155 -0.230663 -3.485633 -0.111021 0.028405 0.002627 0.993409
64.000000 -0.089335 -0.242299 -3.540066 -0.112764 0.030773 0.002851 0.993141
65.000000 -0.114075 -0.244677 -3.594792 -0.113189 0.034154 0.003237 0.992981
66.000000 -0.145436 -0.235328 -3.649865 -0.111997 0.038386 0.003773 0.992960
67.000000 -0.175727 -0.210344 -3.705612 -0.108714 0.042411 0.004361 0.993158
68.000000 -0.196908 -0.168041 -3.762227 -0.103192 0.045188 0.004909 0.993622
69.000000 -0.208485 -0.114692 -3.819093 -0.096322 0.046723 0.005380 0.994238
70.000000 -0.210899 -0.057895 -3.875704 -0.089114 0.047145 0.005740 0.994889
71.000000 -0.204634 -0.004493 -3.931919 -0.082418 0.046566 0.005970 0.995491
72.000000 -0.190616 0.046070 -3.987823 -0.076059 0.045007 0.006096 0.996068
73.000000 -0.169613 0.096235 -4.043382 -0.069678 0.042472 0.006153 0.996646
74.000000 -0.141720 0.141961 -4.098653 -0.063867 0.039025 0.006137 0.997176
75.000000 -0.106468 0.179585 -4.153823 -0.059159 0.034680 0.006034 0.997628
76.000000 -0.063518 0.208023 -4.208976 -0.055731 0.029461 0.005840 0.997994
77.000000 -0.020723 0.221661 -4.264307 -0.054140 0.024338 0.005610 0.998221
78.000000 0.013750 0.217082 -4.320145 -0.054641 0.020267 0.005405 0.998286
79.000000 0.040548 0.200999 -4.376325 -0.056443 0.017152 0.005233 0.998245
80.000000 0.061384 0.181471 -4.432517 -0.058636 0.014773 0.005090 0.998157
81.000000 0.077820 0.165044 -4.488496 -0.060477 0.012927 0.004972 0.998074
82.000000 0.090708 0.149152 -4.544415 -0.062253 0.011504 0.004868 0.997982
83.000000 0.100776 0.129459 -4.600418 -0.064431 0.010411 0.004773 0.997856
84.000000 0.109349 0.110295 -4.656339 -0.066528 0.009493 0.004690 0.997728
85.000000 0.117291 0.095628 -4.712092 -0.068121 0.008651 0.004616 0.997629
86.000000 0.124639 0.085811 -4.767718 -0.069184 0.007880 0.004552 0.997562
87.000000 0.131378 0.080961 -4.823250 -0.069717 0.007178 0.004497 0.997531
88.000000 0.137492 0.081195 -4.878705 -0.069722 0.006546 0.004451 0.997535
89.000000 0.142964 0.086633 -4.934082 -0.069197 0.005984 0.004413 0.997575
90.000000 0.147779 0.097392 -4.989366 -0.068142 0.005492 0.004383 0.997651
91.000000 0.151922 0.113590 -5.044522 -0.066558 0.005070 0.004362 0.997760
92.000000 0.155403 0.135023 -5.099506 -0.064476 0.004715 0.004348 0.997899
93.000000 0.158363 0.159995 -5.154307 -0.062070 0.004413 0.004340 0.998053
94.000000 0.160986 0.186310 -5.208950 -0.059554 0.004147 0.004335 0.998207
95.000000 0.163464 0.211675 -5.263505 -0.057144 0.003899 0.004330 0.998349
96.000000 0.165982 0.233894 -5.318077 -0.055038 0.003652 0.004325 0.998468
97.000000 0.168656 0.251763 -5.372758 -0.053336 0.003396 0.004317 0.998562
98.000000 0.171569 0.264560 -5.427627 -0.052104 0.003125 0.004308 0.998627
99.000000 0.174801 0.271576 -5.482758 -0.051410 0.002829 0.004296 0.998664
100.000000 0.178438 0.272070 -5.538209 -0.051321 0.002502 0.004281 0.998670
101.000000 0.182569 0.265253 -5.594014 -0.051904 0.002136 0.004262 0.998641
102.000000 0.187265 0.250547 -5.650160 -0.053193 0.001726 0.004240 0.998574
103.000000 0.192463 0.228960 -5.706534 -0.055083 0.001277 0.004215 0.998472
104.000000 0.198053 0.202014 -5.762997 -0.057424 0.000800 0.004188 0.998341
105.000000 0.203921 0.171300 -5.819426 -0.060067 0.000306 0.004160 0.998186
106.000000 0.209966 0.138263 -5.875729 -0.062883 -0.000198 0.004131 0.998012
107.000000 0.216161 0.103255 -5.931863 -0.065839 -0.000710 0.004101 0.997822
108.000000 0.222510 0.066241 -5.987794 -0.068934 -0.001228 0.004071 0.997612
109.000000 0.229013 0.027188 -6.043488 -0.072168 -0.001754 0.004038 0.997383
110.000000 0.235673 -0.013937 -6.098909 -0.075542 -0.002287 0.004005 0.997132
111.000000 0.242492 -0.057164 -6.154017 -0.079056 -0.002828 0.003971 0.996858
112.000000 0.247110 -0.092743 -6.209023 -0.081925 -0.003189 0.003950 0.996626
113.000000 0.246340 -0.108477 -6.264410 -0.083194 -0.003127 0.003960 0.996521
114.000000 0.240200 -0.106145 -6.320282 -0.083050 -0.002653 0.004002 0.996534
115.000000 0.228749 -0.087760 -6.376556 -0.081687 -0.001783 0.004079 0.996648
116.000000 0.212047 -0.055415 -6.433035 -0.079300 -0.000531 0.004192 0.996842
117.000000 0.190371 -0.012154 -6.489472 -0.076083 0.001089 0.004340 0.997091
118.000000 0.164066 0.038713 -6.545641 -0.072228 0.003062 0.004518 0.997373
119.000000 0.133199 0.095047 -6.601345 -0.067930 0.005375 0.004717 0.997664
120.000000 0.097846 0.154625 -6.656438 -0.063383 0.008013 0.004933 0.997945
121.000000 0.058099 0.215120 -6.710851 -0.058782 0.010962 0.005161 0.998197
122.000000 0.016613 0.263483 -6.765007 -0.055110 0.014021 0.005382 0.998367
123.000000 -0.023077 0.283984 -6.819823 -0.053515 0.016936 0.005559 0.998408
124.000000 -0.060912 0.275999 -6.875583 -0.054009 0.019703 0.005686 0.998330
125.000000 -0.096234 0.244172 -6.932039 -0.056225 0.022277 0.005764 0.998153
126.000000 -0.123973 0.203600 -6.988550 -0.059062 0.024291 0.005796 0.997942
127.000000 -0.142548 0.157901 -7.044998 -0.062264 0.025644 0.005787 0.997713
128.000000 -0.151887 0.110411 -7.101302 -0.065606 0.026344 0.005745 0.997481
129.000000 -0.151925 0.064566 -7.157433 -0.068862 0.026401 0.005668 0.997261
130.000000 -0.142654 0.023483 -7.213445 -0.071804 0.025822 0.005558 0.997069
131.000000 -0.124424 -0.010442 -7.269399 -0.074209 0.024617 0.005415 0.996924
132.000000 -0.097298 -0.033764 -7.325321 -0.075851 0.022794 0.005246 0.996845
133.000000 -0.061097 -0.043544 -7.381240 -0.076547 0.020354 0.005057 0.996845
134.000000 -0.014821 -0.041074 -7.437080 -0.076404 0.017244 0.004841 0.996916
135.000000 0.042202 -0.035003 -7.492611 -0.076014 0.013437 0.004578 0.997006
136.000000 0.105927 -0.045417 -7.547560 -0.076707 0.009221 0.004261 0.997002
137.000000 0.176151 -0.080074 -7.601638 -0.078965 0.004619 0.003896 0.996859
138.000000 0.254231 -0.146368 -7.654175 -0.083238 -0.000450 0.003492 0.996523
139.000000 0.331445 -0.225727 -7.705055 -0.088304 -0.005424 0.003113 0.996074
140.000000 0.396462 -0.279980 -7.755940 -0.091725 -0.009590 0.002797 0.995734
141.000000 0.469896 -0.330654 -7.805507 -0.094942 -0.014281 0.002416 0.995377
142.000000 0.549016 -0.376823 -7.853793 -0.097932 -0.019322 0.001979 0.995004
143.000000 0.630185 -0.416499 -7.901064 -0.100602 -0.024482 0.001503 0.994624
144.000000 0.709575 -0.444894 -7.948147 -0.102574 -0.029483 0.001018 0.994288
145.000000 0.783089 -0.456523 -7.996151 -0.103351 -0.034023 0.000551 0.994063
146.000000 0.844188 -0.441321 -8.046373 -0.102433 -0.037801 0.000114 0.994021
147.000000 0.887855 -0.390563 -8.099908 -0.099315 -0.040508 -0.000289 0.994231
148.000000 0.909005 -0.295377 -8.157204 -0.093498 -0.041840 -0.000657 0.994740
149.000000 0.913231 -0.174249 -8.215821 -0.086151 -0.042148 -0.000976 0.995390
150.000000 0.908909 -0.066467 -8.273482 -0.079664 -0.041943 -0.001195 0.995938
151.000000 0.873548 0.048164 -8.333007 -0.072812 -0.039877 -0.001265 0.996547
152.000000 0.813849 0.160681 -8.393213 -0.066127 -0.036371 -0.001221 0.997147
153.000000 0.737746 0.261167 -8.453276 -0.060187 -0.031908 -0.001097 0.997676
154.000000 0.653148 0.340558 -8.512949 -0.055502 -0.026956 -0.000923 0.998094
155.000000 0.565883 0.398813 -8.572193 -0.052047 -0.021850 -0.000725 0.998405
156.000000 0.480555 0.440704 -8.630875 -0.049534 -0.016860 -0.000530 0.998630
157.000000 0.401582 0.471493 -8.688829 -0.047674 -0.012254 -0.000354 0.998788
158.000000 0.333496 0.496579 -8.745903 -0.046180 -0.008301 -0.000207 0.998899
159.000000 0.280991 0.521408 -8.801958 -0.044763 -0.005271 -0.000102 0.998984
160.000000 0.248929 0.551098 -8.856823 -0.043128 -0.003427 -0.000049 0.999064
161.000000 0.237969 0.592168 -8.910208 -0.040892 -0.002790 -0.000045 0.999160
162.000000 0.242187 0.646291 -8.962068 -0.037949 -0.003009 -0.000074 0.999275
163.000000 0.254794 0.713241 -9.012350 -0.034303 -0.003697 -0.000117 0.999405
164.000000 0.269146 0.791587 -9.061050 -0.030021 -0.004483 -0.000163 0.999539
165.000000 0.280868 0.870011 -9.109082 -0.025712 -0.005130 -0.000203 0.999656
166.000000 0.286706 0.932324 -9.158212 -0.022250 -0.005463 -0.000228 0.999737
167.000000 0.285690 0.965826 -9.210174 -0.020332 -0.005430 -0.000235 0.999779
168.000000 0.286015 0.972433 -9.264840 -0.019862 -0.005471 -0.000241 0.999788
169.000000 0.286446 0.954202 -9.322100 -0.020734 -0.005511 -0.000246 0.999770
170.000000 0.278869 0.910795 -9.382096 -0.022972 -0.005112 -0.000239 0.999723
171.000000 0.255514 0.844963 -9.444430 -0.026435 -0.003864 -0.000207 0.999643
172.000000 0.210449 0.770442 -9.507542 -0.030397 -0.001471 -0.000144 0.999537
173.000000 0.137527 0.702886 -9.569820 -0.034003 0.002338 -0.000042 0.999419
174.000000 0.032918 0.657399 -9.629736 -0.036451 0.007736 0.000114 0.999305
175.000000 -0.080919 0.634156 -9.686773 -0.037733 0.013558 0.000304 0.999196
176.000000 -0.188554 0.631303 -9.741198 -0.037947 0.019027 0.000513 0.999098
177.000000 -0.282767 0.645951 -9.793633 -0.037239 0.023806 0.000725 0.999023
178.000000 -0.366109 0.659761 -9.845517 -0.036536 0.028058 0.000918 0.998938
179.000000 -0.435880 0.660393 -9.898049 -0.036445 0.031674 0.001068 0.998833
180.000000 -0.487736 0.644264 -9.952049 -0.037165 0.034387 0.001160 0.998717
181.000000 -0.516892 0.608040 -10.008214 -0.038882 0.035936 0.001182 0.998597
182.000000 -0.518003 0.548105 -10.067005 -0.041787 0.036056 0.001118 0.998475
183.000000 -0.485456 0.460659 -10.128448 -0.046071 0.034477 0.000941 0.998343
184.000000 -0.415129 0.342400 -10.191756 -0.051879 0.031022 0.000623 0.998171
185.000000 -0.330272 0.206000 -10.254071 -0.058556 0.026864 0.000235 0.997923
186.000000 -0.246693 0.066635 -10.313866 -0.065344 0.022784 -0.000163 0.997603
187.000000 -0.173886 -0.062714 -10.371017 -0.071612 0.019244 -0.000531 0.997247
188.000000 -0.121267 -0.169190 -10.426264 -0.076747 0.016691 -0.000826 0.996911
189.000000 -0.093434 -0.246545 -10.480735 -0.080466 0.015335 -0.001016 0.996639
190.000000 -0.090779 -0.294297 -10.535278 -0.082762 0.015180 -0.001084 0.996453
191.000000 -0.113552 -0.312155 -10.590305 -0.083637 0.016227 -0.001013 0.996364
192.000000 -0.162024 -0.299821 -10.645786 -0.083092 0.018474 -0.000800 0.996370
193.000000 -0.236484 -0.256991 -10.701248 -0.081127 0.021923 -0.000445 0.996463
194.000000 -0.337211 -0.183366 -10.755771 -0.077740 0.026573 0.000045 0.996620
195.000000 -0.455609 -0.086968 -10.808295 -0.073312 0.032015 0.000628 0.996795
196.000000 -0.574829 0.014944 -10.858593 -0.068643 0.037474 0.001215 0.996936
197.000000 -0.688020 0.113458 -10.907032 -0.064135 0.042642 0.001763 0.997028
198.000000 -0.788324 0.199623 -10.954564 -0.060188 0.047221 0.002231 0.997067
199.000000 -0.870711 0.266745 -11.002392 -0.057091 0.050997 0.002594 0.997062
200.000000 -0.933974 0.312732 -11.051443 -0.054941 0.053915 0.002851 0.997029
201.000000 -0.977659 0.336348 -11.102429 -0.053813 0.055930 0.003006 0.996979
202.000000 -1.000735 0.335852 -11.155870 -0.053785 0.057002 0.003054 0.996920
203.000000 -1.002113 0.309441 -11.212034 -0.054934 0.057086 0.002989 0.996852
204.000000 -0.980575 0.255151 -11.270873 -0.057336 0.056140 0.002799 0.996771
205.000000 -0.944037 0.179520 -11.331046 -0.060680 0.054529 0.002522 0.996664
206.000000 -0.909033 0.098737 -11.390517 -0.064238 0.052988 0.002238 0.996524
207.000000 -0.881493 0.020150 -11.448726 -0.067682 0.051778 0.001978 0.996361
208.000000 -0.866445 -0.049327 -11.505433 -0.070712 0.051115 0.001771 0.996185
209.000000 -0.866107 -0.105626 -11.560735 -0.073157 0.051090 0.001635 0.996010
210.000000 -0.879102 -0.149121 -11.614935 -0.075038 0.051638 0.001571 0.995842
211.000000 -0.903650 -0.180664 -11.668261 -0.076397 0.052679 0.001573 0.995684
212.000000 -0.937938 -0.201121 -11.720869 -0.077275 0.054132 0.001636 0.995538
213.000000 -0.980158 -0.211357 -11.772870 -0.077713 0.055918 0.001753 0.995405
214.000000 -1.028515 -0.212229 -11.824356 -0.077752 0.057956 0.001914 0.995285
215.000000 -1.081180 -0.204611 -11.875414 -0.077432 0.060167 0.002111 0.995178
216.000000 -1.136291 -0.189393 -11.926138 -0.076796 0.062470 0.002336 0.995085
217.000000 -1.191993 -0.167462 -11.976643 -0.075882 0.064786 0.002578 0.995007
218.000000 -1.247321 -0.139249 -12.026984 -0.074711 0.067077 0.002834 0.994943
219.000000 -1.302225 -0.104721 -12.077129 -0.073284 0.069339 0.003101 0.994893
220.000000 -1.353223 -0.065176 -12.127416 -0.071657 0.071431 0.003369 0.994863
221.000000 -1.384724 -0.026592 -12.179614 -0.070077 0.072718 0.003577 0.994881
222.000000 -1.378225 0.003938 -12.235963 -0.068835 0.072459 0.003653 0.994986
223.000000 -1.322934 0.018855 -12.297585 -0.068232 0.070241 0.003542 0.995187
224.000000 -1.247203 0.008727 -12.360986 -0.068635 0.067234 0.003305 0.995368
225.000000 -1.191584 -0.036334 -12.421871 -0.070420 0.065067 0.003043 0.995388
226.000000 -1.154605 -0.106215 -12.480450 -0.073175 0.063640 0.002779 0.995283
227.000000 -1.081849 -0.168586 -12.541865 -0.075621 0.060747 0.002429 0.995282
228.000000 -0.967344 -0.218936 -12.606140 -0.077596 0.056154 0.001977 0.995400
229.000000 -0.812414 -0.257724 -12.672032 -0.079137 0.049989 0.001416 0.995609
230.000000 -0.621615 -0.284054 -12.737783 -0.080228 0.042526 0.000754 0.995869
231.000000 -0.414214 -0.293073 -12.801371 -0.080665 0.034527 0.000051 0.996143
232.000000 -0.214946 -0.279730 -12.861972 -0.080204 0.026862 -0.000616 0.996416
233.000000 -0.038295 -0.237158 -12.920043 -0.078584 0.020073 -0.001202 0.996705
234.000000 0.142870 -0.156369 -12.976076 -0.075475 0.013114 -0.001782 0.997060
235.000000 0.368142 -0.027976 -13.028147 -0.070532 0.004477 -0.002463 0.997496
236.000000 0.631932 0.136503 -13.073000 -0.064210 -0.005603 -0.003239 0.997915
237.000000 0.873561 0.302544 -13.112036 -0.057842 -0.014806 -0.003948 0.998208
238.000000 1.083451 0.464977 -13.147428 -0.051627 -0.022777 -0.004552 0.998396
239.000000 1.261467 0.623911 -13.180847 -0.045564 -0.029520 -0.005047 0.998512
240.000000 1.407559 0.779478 -13.213703 -0.039649 -0.035041 -0.005445 0.998584
241.000000 1.521732 0.931786 -13.247149 -0.033877 -0.039343 -0.005776 0.998635
242.000000 1.603606 1.077877 -13.282385 -0.028360 -0.042418 -0.006060 0.998679
243.000000 1.649388 1.188278 -13.323310 -0.024202 -0.044137 -0.006254 0.998713
244.000000 1.656393 1.224721 -13.375000 -0.022824 -0.044418 -0.006283 0.998733
245.000000 1.645866 1.191071 -13.435047 -0.024044 -0.044061 -0.006181 0.998720
246.000000 1.651174 1.112065 -13.496700 -0.026908 -0.044299 -0.006024 0.998638
247.000000 1.706593 1.013084 -13.552985 -0.030456 -0.046375 -0.005878 0.998442
248.000000 1.843849 0.919227 -13.597203 -0.033803 -0.051417 -0.005806 0.998088
249.000000 2.066068 0.837530 -13.626478 -0.036752 -0.059500 -0.005846 0.997534
250.000000 2.361211 0.763637 -13.639163 -0.039459 -0.070188 -0.006031 0.996735
251.000000 2.716604 0.692085 -13.633145 -0.042087 -0.083053 -0.006372 0.995636
252.000000 3.119936 0.620822 -13.606278 -0.044675 -0.097698 -0.006840 0.994189
253.000000 3.563443 0.576068 -13.554786 -0.046236 -0.113892 -0.007485 0.992388
254.000000 4.044922 0.596567 -13.473640 -0.045343 -0.131568 -0.008472 0.990233
255.000000 4.540114 0.678162 -13.366467 -0.042141 -0.149842 -0.009809 0.987763
256.000000 5.014204 0.795278 -13.244854 -0.037568 -0.167431 -0.011358 0.985102
257.000000 5.434247 0.923462 -13.125270 -0.032546 -0.183098 -0.012918 0.982471
258.000000 5.771791 1.041731 -13.027108 -0.027903 -0.195747 -0.014263 0.980154
259.000000 6.025385 1.147167 -12.958588 -0.023780 -0.205283 -0.015343 0.978293
260.000000 6.206417 1.244877 -12.919552 -0.019991 -0.212101 -0.016238 0.976908
261.000000 6.325731 1.339680 -12.907758 -0.016350 -0.216589 -0.017040 0.975977
262.000000 6.393404 1.436391 -12.919608 -0.012672 -0.219117 -0.017825 0.975454
263.000000 6.417892 1.539445 -12.951160 -0.008790 -0.220004 -0.018644 0.975281
264.000000 6.401243 1.650333 -13.001236 -0.004655 -0.219333 -0.019509 0.975444
265.000000 6.342977 1.769428 -13.069519 -0.000267 -0.217101 -0.020418 0.975936
266.000000 6.242479 1.896974 -13.155273 0.004375 -0.213298 -0.021377 0.976743
267.000000 6.099150 2.032750 -13.257332 0.009261 -0.207920 -0.022430 0.977845
268.000000 5.912223 2.176943 -13.374072 0.014387 -0.200959 -0.023590 0.979210
269.000000 5.678526 2.344914 -13.501772 0.020291 -0.192317 -0.024950 0.980806
270.000000 5.442464 2.507617 -13.624624 0.025943 -0.183651 -0.026247 0.982299
271.000000 5.297878 2.529859 -13.732584 0.026613 -0.178439 -0.026564 0.983232
272.000000 5.181292 2.494100 -13.838909 0.025264 -0.174282 -0.026507 0.984015
273.000000 5.076025 2.434523 -13.944116 0.023125 -0.170536 -0.026299 0.984729
274.000000 4.989990 2.353622 -14.044930 0.020322 -0.167461 -0.025944 0.985328
275.000000 4.929365 2.255858 -14.138144 0.016986 -0.165317 -0.025445 0.985766
276.000000 4.898670 2.149931 -14.220705 0.013244 -0.164367 -0.024818 0.985998
277.000000 4.909087 2.035541 -14.289404 0.009219 -0.164872 -0.024117 0.985977
278.000000 4.969667 1.914839 -14.340777 0.005042 -0.167090 -0.023379 0.985651
279.000000 5.090561 1.775941 -14.372023 0.000314 -0.171365 -0.022529 0.984950
280.000000 5.231099 1.654032 -14.391995 -0.003793 -0.176266 -0.021776 0.984094
281.000000 5.301565 1.692292 -14.417706 -0.002453 -0.178624 -0.022053 0.983667
282.000000 5.376768 1.804992 -14.432112 0.001433 -0.181076 -0.022816 0.983203
283.000000 5.479687 1.951646 -14.430181 0.006500 -0.184436 -0.023805 0.982535
284.000000 5.607582 2.123371 -14.412578 0.012451 -0.188618 -0.024965 0.981654
285.000000 5.757577 2.311329 -14.380181 0.018992 -0.193534 -0.026227 0.980559
286.000000 5.926688 2.506743 -14.334254 0.025829 -0.199099 -0.027514 0.979252
287.000000 6.111981 2.700785 -14.276557 0.032668 -0.205228 -0.028765 0.977746
288.000000 6.310548 2.885016 -14.209375 0.039214 -0.211836 -0.029907 0.976060
289.000000 6.519555 3.051104 -14.135512 0.045176 -0.218842 -0.030875 0.974225
290.000000 6.736340 3.190681 -14.058224 0.050257 -0.226168 -0.031613 0.972277
291.000000 6.943190 3.292467 -13.989360 0.054040 -0.233214 -0.032064 0.970393
292.000000 7.047459 3.333215 -13.982983 0.055590 -0.236796 -0.032169 0.969434
293.000000 7.012823 3.315001 -14.059686 0.054937 -0.235665 -0.032019 0.969752
294.000000 6.870531 3.261440 -14.196410 0.052962 -0.230926 -0.031791 0.971008
295.000000 6.652592 3.196813 -14.367708 0.050557 -0.223719 -0.031645 0.972827
296.000000 6.391617 3.146575 -14.549367 0.048617 -0.215157 -0.031713 0.974853
297.000000 6.125007 3.138504 -14.719248 0.048053 -0.206372 -0.032102 0.976766
298.000000 5.888018 3.193635 -14.859739 0.049556 -0.198455 -0.032858 0.978305
299.000000 5.701566 3.295039 -14.967460 0.052587 -0.192115 -0.033829 0.979378
300.000000 5.582523 3.413033 -15.043835 0.056216 -0.187935 -0.034823 0.979953
301.000000 5.550954 3.533862 -15.085672 0.060054 -0.186585 -0.035744 0.979950
302.000000 5.690160 3.678223 -15.056755 0.064912 -0.190760 -0.036526 0.978807
303.000000 6.023271 3.845884 -14.941308 0.070848 -0.201268 -0.037042 0.976268
304.000000 6.496811 4.013783 -14.753028 0.077043 -0.216505 -0.037172 0.972527
305.000000 7.054084 4.159241 -14.509369 0.082651 -0.234763 -0.036837 0.967832
306.000000 7.641116 4.260687 -14.233937 0.086848 -0.254368 -0.035973 0.962528
307.000000 8.208483 4.297857 -13.957781 0.088836 -0.273702 -0.034491 0.957082
308.000000 8.713432 4.258298 -13.715273 0.088064 -0.291261 -0.032338 0.952033
309.000000 9.128573 4.162642 -13.527047 0.085167 -0.305952 -0.029796 0.947761
310.000000 9.431683 4.039461 -13.409929 0.081131 -0.316834 -0.027289 0.944611
311.000000 9.610771 3.904097 -13.377118 0.076527 -0.323365 -0.025074 0.942842
312.000000 9.680118 3.760550 -13.422731 0.071553 -0.326006 -0.023154 0.942372
313.000000 9.674510 3.618594 -13.520281 0.066605 -0.325987 -0.021505 0.942780
314.000000 9.630487 3.489169 -13.640408 0.062098 -0.324601 -0.020122 0.943596
315.000000 9.585652 3.383692 -13.753879 0.058439 -0.323146 -0.019023 0.944351
316.000000 9.572909 3.312913 -13.836416 0.055993 -0.322728 -0.018245 0.944658
317.000000 9.391790 3.245272 -14.032774 0.053555 -0.316557 -0.017856 0.946892
318.000000 9.005759 3.175114 -14.355513 0.050937 -0.303651 -0.017811 0.951254
319.000000 8.530342 3.122745 -14.708920 0.048904 -0.288112 -0.018088 0.956176
320.000000 8.084615 3.110007 -15.013897 0.048216 -0.273881 -0.018679 0.960373
321.000000 7.752150 3.149626 -15.230642 0.049288 -0.263532 -0.019529 0.963193
322.000000 7.545512 3.234863 -15.370029 0.051832 -0.257048 -0.020542 0.964789
323.000000 7.437002 3.348057 -15.456693 0.055260 -0.253424 -0.021627 0.965533
324.000000 7.387847 3.469281 -15.513551 0.058957 -0.251549 -0.022703 0.965780
325.000000 7.357860 3.578734 -15.562549 0.062307 -0.250301 -0.023677 0.965871
326.000000 7.314721 3.658380 -15.622168 0.064741 -0.248771 -0.024437 0.966087
327.000000 7.489154 3.737912 -15.576810 0.067361 -0.254061 -0.024739 0.964523
328.000000 7.920252 3.815852 -15.398668 0.070157 -0.267404 -0.024449 0.960716
329.000000 8.469383 3.862493 -15.147219 0.072085 -0.284625 -0.023585 0.955634
330.000000 9.010610 3.852287 -14.889698 0.072204 -0.301846 -0.022158 0.950360
331.000000 9.472112 3.781517 -14.674303 0.070287 -0.316744 -0.020246 0.945687
332.000000 9.847940 3.669515 -14.508987 0.066924 -0.329024 -0.018042 0.941774
333.000000 10.137064 3.535742 -14.397373 0.062748 -0.338558 -0.015778 0.938718
334.000000 10.337808 3.399160 -14.342267 0.058396 -0.345228 -0.013693 0.936600
335.000000 10.447480 3.278872 -14.345750 0.054509 -0.348909 -0.012019 0.935493
336.000000 10.462359 3.194009 -14.408938 0.051728 -0.349477 -0.010986 0.935451
337.000000 10.377800 3.163952 -14.531280 0.050687 -0.346804 -0.010811 0.936505
338.000000 10.218483 3.187211 -14.693314 0.051324 -0.341738 -0.011378 0.938324
339.000000 10.072226 3.216829 -14.842291 0.052154 -0.337124 -0.011947 0.939939
340.000000 9.971948 3.242213 -14.959549 0.052875 -0.333970 -0.012374 0.941018
341.000000 9.917038 3.267115 -15.046555 0.053631 -0.332210 -0.012735 0.941593
342.000000 9.907852 3.286789 -15.105324 0.054289 -0.331821 -0.012985 0.941690
343.000000 9.943398 3.297121 -15.137465 0.054712 -0.332781 -0.013067 0.941325
344.000000 10.020396 3.295492 -15.144062 0.054753 -0.335078 -0.012921 0.940509
345.000000 10.137985 3.277266 -15.125655 0.054254 -0.338708 -0.012503 0.939243
346.000000 10.296446 3.236941 -15.082358 0.053055 -0.343664 -0.011765 0.937519
347.000000 10.495076 3.169924 -15.014175 0.051015 -0.349916 -0.010635 0.935331
348.000000 10.700969 3.095087 -14.938758 0.048704 -0.356425 -0.009360 0.933007
349.000000 10.819726 3.075784 -14.911773 0.048090 -0.360205 -0.008885 0.931590
350.000000 10.819083 3.133053 -14.955004 0.049838 -0.360228 -0.009563 0.931483
351.000000 10.746042 3.226368 -15.042449 0.052680 -0.357983 -0.010801 0.932178
352.000000 10.657363 3.308180 -15.142509 0.055149 -0.355257 -0.011912 0.933064
353.000000 10.567732 3.370143 -15.246751 0.057010 -0.352499 -0.012787 0.933987
354.000000 10.488083 3.407499 -15.349125 0.058144 -0.350030 -0.013371 0.934837
355.000000 10.429221 3.415864 -15.443856 0.058441 -0.348165 -0.013605 0.935511
356.000000 10.400295 3.392594 -15.525239 0.057797 -0.347216 -0.013415 0.935906
357.000000 10.410357 3.335093 -15.587282 0.056104 -0.347494 -0.012733 0.935916
358.000000 10.470390 3.238853 -15.623298 0.053242 -0.349314 -0.011503 0.935421
359.000000 10.591572 3.099247 -15.625544 0.049087 -0.352990 -0.009675 0.934288
360.000000 10.781578 2.914861 -15.586421 0.043595 -0.358736 -0.007228 0.932393
361.000000 11.000308 2.725747 -15.523013 0.037943 -0.365336 -0.004678 0.930090
362.000000 11.199072 2.576982 -15.461565 0.033478 -0.371327 -0.002640 0.927895
363.000000 11.374121 2.471673 -15.406337 0.030308 -0.376600 -0.001180 0.925879
364.000000 11.525703 2.409479 -15.358987 0.028431 -0.381166 -0.000297 0.924069
365.000000 11.654052 2.390334 -15.320663 0.027849 -0.385034 0.000015 0.922482
366.000000 11.759377 2.414365 -15.292021 0.028566 -0.388211 -0.000232 0.921128
367.000000 11.841865 2.481683 -15.273244 0.030583 -0.390702 -0.001033 0.920009
368.000000 11.901675 2.592338 -15.264055 0.033901 -0.392506 -0.002389 0.919121
369.000000 11.938913 2.746363 -15.263724 0.038518 -0.393622 -0.004307 0.918455
370.000000 11.951691 2.940728 -15.273188 0.044337 -0.393985 -0.006760 0.918022
371.000000 11.921524 3.147207 -15.311215 0.050500 -0.393041 -0.009419 0.918085
372.000000 11.820993 3.324871 -15.406850 0.055756 -0.389996 -0.011804 0.919051
373.000000 11.638379 3.442883 -15.574289 0.059179 -0.384558 -0.013564 0.921102
374.000000 11.412195 3.503132 -15.781566 0.060879 -0.377922 -0.014716 0.923717
375.000000 11.191859 3.513923 -15.989738 0.061164 -0.371550 -0.015314 0.926269
376.000000 11.021467 3.483718 -16.168014 0.060306 -0.366683 -0.015370 0.928262
377.000000 10.909879 3.415258 -16.313209 0.058363 -0.363508 -0.014864 0.929642
378.000000 10.854987 3.308768 -16.428765 0.055327 -0.361918 -0.013790 0.930465
379.000000 10.852542 3.162872 -16.517232 0.051180 -0.361800 -0.012166 0.930770
380.000000 10.899785 2.979305 -16.578302 0.045994 -0.363095 -0.010044 0.930562
381.000000 11.011734 2.787927 -16.594643 0.040620 -0.366233 -0.007751 0.929604
382.000000 11.213336 2.633509 -16.540730 0.036301 -0.371903 -0.005752 0.927544
383.000000 11.510787 2.548829 -16.404319 0.033941 -0.380288 -0.004429 0.924234
384.000000 11.855389 2.528290 -16.215840 0.033389 -0.390053 -0.003835 0.920179
385.000000 12.190399 2.559252 -16.016137 0.034311 -0.399611 -0.003927 0.916034
386.000000 12.470179 2.632007 -15.842859 0.036444 -0.407646 -0.004630 0.912401
387.000000 12.686547 2.744924 -15.706267 0.039744 -0.413892 -0.005914 0.909439
388.000000 12.841182 2.897940 -15.607840 0.044211 -0.418366 -0.007780 0.907169
389.000000 12.944411 3.081952 -15.542288 0.049584 -0.421340 -0.010120 0.905490
390.000000 13.021568 3.272834 -15.493924 0.055167 -0.423541 -0.012596 0.904108
391.000000 13.099124 3.444939 -15.446486 0.060224 -0.425742 -0.014826 0.902716
392.000000 13.196118 3.580277 -15.388610 0.064244 -0.428508 -0.016531 0.901099
393.000000 13.312082 3.681848 -15.320586 0.067320 -0.431826 -0.017740 0.899266
394.000000 13.443040 3.756433 -15.244292 0.069641 -0.435584 -0.018541 0.897258
395.000000 13.584614 3.811091 -15.161382 0.071391 -0.439675 -0.019029 0.895113
396.000000 13.732493 3.852672 -15.073428 0.072747 -0.443989 -0.019305 0.892866
397.000000 13.882627 3.887753 -14.982042 0.073888 -0.448419 -0.019468 0.890552
398.000000 14.031456 3.922513 -14.889005 0.074997 -0.452849 -0.019611 0.888211
399.000000 14.167076 3.971280 -14.802099 0.076504 -0.456906 -0.019979 0.885993
400.000000 14.263443 4.062059 -14.739414 0.079244 -0.459775 -0.021098 0.884241
401.000000 14.316039 4.203683 -14.703336 0.083494 -0.461288 -0.023156 0.883010
402.000000 14.391990 4.339680 -14.644381 0.087614 -0.463490 -0.025078 0.881403
403.000000 14.561346 4.400720 -14.513431 0.089584 -0.468559 -0.025516 0.878508
404.000000 14.707948 4.445333 -14.407827 0.091048 -0.472954 -0.025655 0.875994
405.000000 14.643772 4.580585 -14.487878 0.095112 -0.470836 -0.027952 0.876633
406.000000 14.406431 4.810619 -14.706833 0.101856 -0.463400 -0.032413 0.879679
407.000000 14.210866 5.057222 -14.868013 0.109000 -0.457319 -0.036940 0.881824
408.000000 14.103661 5.295891 -14.937300 0.115846 -0.454021 -0.040961 0.882477
409.000000 14.085050 5.514508 -14.926244 0.122165 -0.453347 -0.044362 0.881807
410.000000 14.155563 5.700835 -14.845926 0.127751 -0.455104 -0.047003 0.879972
411.000000 14.282654 5.869166 -14.719883 0.132994 -0.458374 -0.049140 0.877377
412.000000 14.362255 6.095138 -14.610680 0.139910 -0.460184 -0.052326 0.875167
413.000000 14.315494 6.439197 -14.566813 0.150158 -0.458046 -0.057981 0.874234
414.000000 14.263877 6.819618 -14.499658 0.161497 -0.455688 -0.064244 0.873006
415.000000 14.406741 7.094802 -14.278355 0.170207 -0.459389 -0.067958 0.869122
416.000000 14.705253 7.229863 -13.955526 0.175167 -0.468213 -0.068644 0.863355
417.000000 14.947525 7.290707 -13.717423 0.177713 -0.475634 -0.068223 0.858799
418.000000 15.105703 7.285014 -13.599922 0.177946 -0.480676 -0.066985 0.856037
419.000000 15.229627 7.275927 -13.519911 0.177982 -0.484663 -0.065864 0.853866
420.000000 15.346474 7.322956 -13.416235 0.179781 -0.488274 -0.065850 0.851429
421.000000 15.414094 7.384986 -13.360117 0.181925 -0.490265 -0.066497 0.849777
422.000000 15.442253 7.441927 -13.353121 0.183756 -0.491000 -0.067321 0.848893
423.000000 15.448273 7.481075 -13.382912 0.184892 -0.491074 -0.067936 0.848555
424.000000 15.439857 7.499710 -13.439175 0.185355 -0.490780 -0.068268 0.848598
425.000000 15.422956 7.499313 -13.512109 0.185298 -0.490314 -0.068356 0.848872
426.000000 15.406502 7.485540 -13.591682 0.184875 -0.489871 -0.068240 0.849229
427.000000 15.396872 7.469235 -13.665285 0.184418 -0.489620 -0.068060 0.849488
428.000000 15.395010 7.472178 -13.720202 0.184585 -0.489540 -0.068185 0.849488
429.000000 15.371566 7.443151 -13.817229 0.183698 -0.488862 -0.067873 0.850095
430.000000 15.316941 7.332532 -13.991909 0.180222 -0.487433 -0.066309 0.851782
431.000000 15.292898 7.194959 -14.145189 0.176011 -0.487001 -0.064091 0.853078
432.000000 15.307734 7.067909 -14.249686 0.172198 -0.487713 -0.061809 0.853618
433.000000 15.359261 6.983454 -14.292985 0.169723 -0.489425 -0.060014 0.853262
434.000000 15.443339 6.968941 -14.266710 0.169386 -0.491962 -0.059200 0.851926
435.000000 15.541140 7.010537 -14.197144 0.170753 -0.494794 -0.059287 0.850004
436.000000 15.625737 7.072566 -14.130197 0.172730 -0.497192 -0.059845 0.848164
437.000000 15.671473 7.116049 -14.113721 0.174104 -0.498472 -0.060337 0.847097
438.000000 15.676576 7.122291 -14.159371 0.174323 -0.498631 -0.060430 0.846952
439.000000 15.660531 7.105791 -14.237724 0.173884 -0.498228 -0.060275 0.847290
440.000000 15.644215 7.083787 -14.317927 0.173322 -0.497838 -0.060044 0.847651
441.000000 15.645734 7.069397 -14.375704 0.173005 -0.497946 -0.059826 0.847668
442.000000 15.667272 7.049735 -14.417094 0.172497 -0.498616 -0.059358 0.847410
443.000000 15.705322 7.002009 -14.457076 0.171119 -0.499787 -0.058270 0.847075
444.000000 15.757133 6.905855 -14.506420 0.168319 -0.501432 -0.056259 0.846800
445.000000 15.834791 6.781578 -14.539736 0.164760 -0.503874 -0.053624 0.846221
446.000000 15.958600 6.673134 -14.512246 0.161777 -0.507640 -0.051003 0.844706
447.000000 16.147936 6.624220 -14.380803 0.160654 -0.513244 -0.049023 0.841646
448.000000 16.398400 6.634953 -14.145665 0.161391 -0.520602 -0.047748 0.837046
449.000000 16.684183 6.665383 -13.848681 0.162800 -0.529071 -0.046663 0.831506
450.000000 16.978687 6.680703 -13.534233 0.163799 -0.537952 -0.045264 0.825669
451.000000 17.257592 6.662460 -13.241747 0.163743 -0.546548 -0.043254 0.820124
452.000000 17.512745 6.618093 -12.980923 0.162795 -0.554578 -0.040755 0.815034
453.000000 17.741181 6.560455 -12.752505 0.161331 -0.561895 -0.038045 0.810431
454.000000 17.940246 6.501023 -12.557532 0.159714 -0.568360 -0.035420 0.806352
455.000000 18.107234 6.450803 -12.397347 0.158304 -0.573838 -0.033178 0.802838
456.000000 18.239283 6.420654 -12.273479 0.157473 -0.578194 -0.031609 0.799934
457.000000 18.333310 6.421444 -12.187408 0.157588 -0.581292 -0.031000 0.797687
458.000000 18.386061 6.463850 -12.140233 0.159013 -0.582995 -0.031651 0.796134
459.000000 18.395141 6.557593 -12.131065 0.162066 -0.583195 -0.033826 0.795282
460.000000 18.384914 6.685457 -12.131699 0.166208 -0.582702 -0.036943 0.794650
461.000000 18.381049 6.812362 -12.122062 0.170331 -0.582395 -0.039995 0.793854
462.000000 18.374892 6.919444 -12.126257 0.173818 -0.582015 -0.042606 0.793241
463.000000 18.355278 6.989376 -12.171794 0.176088 -0.581230 -0.044441 0.793215
464.000000 18.311361 7.005502 -12.284611 0.176595 -0.579732 -0.045188 0.794156
465.000000 18.246941 6.973529 -12.453113 0.175544 -0.577685 -0.044975 0.795891
466.000000 18.182005 6.922001 -12.629495 0.173884 -0.575718 -0.044330 0.797714
467.000000 18.139044 6.881527 -12.766030 0.172601 -0.574464 -0.043773 0.798927
468.000000 18.076066 6.855818 -12.922540 0.171699 -0.572581 -0.043622 0.800480
469.000000 17.898460 6.810496 -13.245994 0.169948 -0.567237 -0.043726 0.804642
470.000000 17.650863 6.766551 -13.651794 0.168123 -0.559902 -0.044275 0.810114
471.000000 17.409259 6.764614 -14.014270 0.167587 -0.552851 -0.045645 0.814976
472.000000 17.239944 6.819476 -14.248540 0.168855 -0.547946 -0.047694 0.817905
473.000000 17.149087 6.933801 -14.356389 0.171975 -0.545195 -0.050421 0.818929
474.000000 17.137963 7.108753 -14.344081 0.176940 -0.544450 -0.053828 0.818150
475.000000 17.180439 7.315702 -14.251766 0.182932 -0.545073 -0.057552 0.816161
476.000000 17.230141 7.501116 -14.155942 0.188368 -0.545965 -0.060846 0.814087
477.000000 17.243167 7.613953 -14.136503 0.191664 -0.546051 -0.062940 0.813100
478.000000 17.250880 7.633391 -14.169839 0.192272 -0.546274 -0.063221 0.812785
479.000000 17.401696 7.593573 -14.057360 0.191515 -0.550777 -0.061422 0.810058
480.000000 17.766947 7.555539 -13.666062 0.191247 -0.561565 -0.058133 0.802926
481.000000 18.114748 7.510442 -13.281396 0.190650 -0.572034 -0.054649 0.795892
482.000000 18.383279 7.454443 -12.996837 0.189485 -0.580246 -0.051418 0.790421
483.000000 18.578167 7.394564 -12.813142 0.187984 -0.586221 -0.048624 0.786538
484.000000 18.703733 7.338732 -12.724722 0.186420 -0.590065 -0.046410 0.784167
485.000000 18.757771 7.292405 -12.725714 0.185055 -0.591864 -0.044918 0.783220
486.000000 18.747753 7.262968 -12.808795 0.184131 -0.591696 -0.044305 0.783600
487.000000 18.676456 7.258925 -12.964921 0.183896 -0.589643 -0.044706 0.785178
488.000000 18.611648 7.276201 -13.098158 0.184311 -0.587777 -0.045490 0.786434
489.000000 18.694826 7.267701 -13.035717 0.184220 -0.590371 -0.044686 0.784556
490.000000 18.806771 7.188929 -12.972631 0.182074 -0.593878 -0.042145 0.782548
491.000000 18.987154 7.089534 -12.822278 0.179390 -0.599401 -0.038639 0.779130
492.000000 19.186143 7.018092 -12.628291 0.177513 -0.605378 -0.035545 0.775076
493.000000 19.343513 7.019216 -12.454313 0.177736 -0.609973 -0.034376 0.771467
494.000000 19.342577 7.102895 -12.469454 0.180248 -0.609736 -0.036348 0.770981
495.000000 19.220280 7.245902 -12.626741 0.184329 -0.605896 -0.040541 0.772832
496.000000 19.056084 7.424627 -12.815108 0.189319 -0.600900 -0.045699 0.775235
497.000000 18.929430 7.613768 -12.932797 0.194629 -0.597096 -0.050700 0.776547
498.000000 18.855387 7.799646 -12.972664 0.199975 -0.594806 -0.055255 0.776636
499.000000 18.699319 8.006955 -13.123167 0.205811 -0.589775 -0.061027 0.778513
500.000000 18.423486 8.228698 -13.432208 0.211716 -0.581023 -0.068055 0.782916
501.000000 18.083719 8.427852 -13.828320 0.216635 -0.570515 -0.074953 0.788647
502.000000 17.740204 8.567625 -14.245319 0.219681 -0.560248 -0.080455 0.794600
503.000000 17.470438 8.608020 -14.611472 0.220069 -0.552543 -0.083320 0.799577
504.000000 17.424114 8.540771 -14.763547 0.218147 -0.551384 -0.082560 0.800981
505.000000 17.578986 8.406564 -14.712587 0.214951 -0.555922 -0.079049 0.799060
506.000000 17.855652 8.252759 -14.519897 0.211462 -0.563888 -0.074085 0.794875
507.000000 18.177141 8.121539 -14.246864 0.208584 -0.573123 -0.068986 0.789470
508.000000 18.474506 8.047659 -13.957933 0.207158 -0.581650 -0.065105 0.783920
509.000000 18.709449 8.049567 -13.696237 0.207713 -0.588316 -0.063319 0.778929
510.000000 18.941039 8.078325 -13.413017 0.209055 -0.594890 -0.062200 0.773649
511.000000 19.240868 8.055832 -13.050125 0.209100 -0.603650 -0.059430 0.767041
512.000000 19.456731 8.004682 -12.815344 0.208106 -0.610110 -0.056604 0.762400
513.000000 19.547664 7.948848 -12.767703 0.206697 -0.612899 -0.054613 0.760690
514.000000 19.549309 7.894826 -12.853770 0.205188 -0.613026 -0.053388 0.761082
515.000000 19.492485 7.850559 -13.018035 0.203866 -0.611475 -0.052863 0.762721
516.000000 19.406501 7.827073 -13.205380 0.203027 -0.609200 -0.052952 0.764756
517.000000 19.331248 7.832625 -13.361470 0.202986 -0.607160 -0.053562 0.766345
518.000000 19.309086 7.865927 -13.430000 0.203808 -0.606490 -0.054386 0.766599
519.000000 19.412144 7.844688 -13.354166 0.203321 -0.609417 -0.053067 0.764497
520.000000 19.572351 7.780204 -13.220592 0.201713 -0.614015 -0.050344 0.761421
521.000000 19.666699 7.753424 -13.160098 0.201089 -0.616632 -0.049009 0.759557
522.000000 19.796053 7.746685 -13.031472 0.201160 -0.620243 -0.047902 0.756663
523.000000 19.950001 7.738494 -12.858327 0.201302 -0.624645 -0.046608 0.753076
524.000000 20.056506 7.725998 -12.750999 0.201224 -0.627822 -0.045552 0.750515
525.000000 20.111675 7.704786 -12.722955 0.200749 -0.629635 -0.044619 0.749179
526.000000 20.125178 7.668763 -12.767477 0.199717 -0.630308 -0.043568 0.748951
527.000000 20.095590 7.609299 -12.894814 0.197885 -0.629754 -0.042192 0.749981
528.000000 19.996566 7.521658 -13.148429 0.195113 -0.627180 -0.040598 0.752946
529.000000 19.760354 7.479935 -13.579620 0.193478 -0.620596 -0.041125 0.758772
530.000000 19.396417 7.519978 -14.132035 0.193940 -0.610475 -0.044406 0.766639
531.000000 18.964590 7.640014 -14.703730 0.196381 -0.598677 -0.049730 0.774950
532.000000 18.533438 7.837510 -15.201343 0.200703 -0.587062 -0.056386 0.782239
533.000000 18.181280 8.107111 -15.540208 0.206847 -0.577528 -0.063692 0.787159
534.000000 17.962611 8.396826 -15.697512 0.213658 -0.571372 -0.070428 0.789255
535.000000 17.849294 8.637285 -15.753093 0.219431 -0.567940 -0.075607 0.789669
536.000000 17.801175 8.817628 -15.763786 0.223856 -0.566256 -0.079292 0.789275
537.000000 17.788986 8.931269 -15.768820 0.226719 -0.565630 -0.081523 0.788679
538.000000 17.806298 8.975170 -15.778369 0.227941 -0.565931 -0.082269 0.788034
539.000000 17.849704 8.947668 -15.798589 0.227446 -0.567081 -0.081497 0.787429
540.000000 17.916340 8.846840 -15.834592 0.225144 -0.569001 -0.079179 0.786942
541.000000 18.003331 8.668029 -15.890228 0.220931 -0.571602 -0.075288 0.786633
542.000000 18.107703 8.406376 -15.968099 0.214700 -0.574782 -0.069790 0.786549
543.000000 18.227246 8.064384 -16.064573 0.206531 -0.578432 -0.062762 0.786653
544.000000 18.371751 7.728974 -16.121210 0.198576 -0.582586 -0.055706 0.786166
545.000000 18.548522 7.495720 -16.085407 0.193148 -0.587284 -0.050302 0.784386
546.000000 18.739020 7.352348 -15.987193 0.189895 -0.592147 -0.046471 0.781756
547.000000 18.922723 7.279319 -15.860685 0.188315 -0.596741 -0.043996 0.778782
548.000000 19.079263 7.257582 -15.739638 0.187931 -0.600613 -0.042653 0.775968
549.000000 19.113643 7.319189 -15.725319 0.189458 -0.601378 -0.043679 0.774946
550.000000 19.023234 7.436643 -15.833312 0.192212 -0.599027 -0.046500 0.775925
551.000000 18.894387 7.522188 -15.998493 0.194119 -0.595825 -0.048869 0.777767
552.000000 18.778747 7.540777 -16.176242 0.194421 -0.593081 -0.049884 0.779722
553.000000 18.669005 7.540418 -16.353921 0.194281 -0.590524 -0.050526 0.781654
554.000000 18.548922 7.536274 -16.546052 0.194072 -0.587661 -0.051225 0.783816
555.000000 18.405778 7.549114 -16.756955 0.194240 -0.584169 -0.052405 0.786303
556.000000 18.245813 7.588310 -16.972331 0.194928 -0.580276 -0.054076 0.788897
557.000000 18.081095 7.634663 -17.185704 0.195670 -0.576349 -0.055761 0.791471
558.000000 17.927067 7.663674 -17.391210 0.195976 -0.572773 -0.056996 0.793899
559.000000 17.884742 7.589380 -17.523682 0.194132 -0.571950 -0.055933 0.795020
560.000000 17.952244 7.397240 -17.591829 0.189874 -0.573793 -0.052423 0.794960
561.000000 18.056373 7.214987 -17.614912 0.185961 -0.576420 -0.048906 0.794208
562.000000 18.148192 7.147849 -17.601546 0.184653 -0.578588 -0.047353 0.793030
563.000000 18.202694 7.153969 -17.596843 0.184943 -0.579805 -0.047223 0.792081
564.000000 18.200173 7.183706 -17.642420 0.185654 -0.579695 -0.047800 0.791961
565.000000 18.119020 7.197119 -17.776704 0.185824 -0.577844 -0.048488 0.793231
566.000000 17.936538 7.216371 -18.009297 0.185928 -0.573778 -0.049706 0.796077
567.000000 17.708123 7.206821 -18.292470 0.185327 -0.568822 -0.050630 0.799707
568.000000 17.544320 7.080860 -18.552375 0.182314 -0.565487 -0.049445 0.802833
569.000000 17.475654 6.894055 -18.741219 0.178189 -0.564282 -0.046942 0.804756
570.000000 17.482664 6.784635 -18.829795 0.175890 -0.564554 -0.045294 0.805164
571.000000 17.523422 6.761316 -18.857243 0.175529 -0.565375 -0.044821 0.804694
572.000000 17.578303 6.759300 -18.865009 0.175637 -0.566443 -0.044590 0.803931
573.000000 17.669594 6.766340 -18.835172 0.175896 -0.568323 -0.044209 0.802567
574.000000 17.822824 6.763953 -18.748623 0.175956 -0.571590 -0.043327 0.800279
575.000000 18.064212 6.727703 -18.585973 0.175385 -0.576811 -0.041549 0.796745
576.000000 18.401604 6.583401 -18.360361 0.172598 -0.584242 -0.037670 0.792118
577.000000 18.750007 6.300186 -18.160588 0.166777 -0.592076 -0.031433 0.787809
578.000000 18.983389 6.106605 -18.037741 0.162764 -0.597336 -0.027121 0.784833
579.000000 19.108747 6.062844 -17.973326 0.161944 -0.600129 -0.025840 0.782913
580.000000 19.193677 6.053869 -17.938576 0.161879 -0.602017 -0.025380 0.781490
581.000000 19.274563 6.039314 -17.909956 0.161675 -0.603816 -0.024846 0.780161
582.000000 19.349264 6.040501 -17.884593 0.161716 -0.605450 -0.024532 0.778894
583.000000 19.411962 6.050991 -17.870904 0.161924 -0.606782 -0.024400 0.777818
584.000000 19.454794 6.029069 -17.890076 0.161440 -0.607685 -0.023824 0.777231
585.000000 19.469671 5.936002 -17.962514 0.159410 -0.608035 -0.022168 0.777425
586.000000 19.457659 5.790642 -18.078704 0.156260 -0.607856 -0.019759 0.778269
587.000000 19.444207 5.683020 -18.181583 0.153967 -0.607640 -0.018021 0.778937
588.000000 19.532779 5.593839 -18.167780 0.152151 -0.609606 -0.016170 0.777798
589.000000 19.697093 5.512025 -18.068660 0.150523 -0.613183 -0.014121 0.775339
590.000000 19.762604 5.469072 -18.064853 0.149669 -0.614609 -0.013174 0.774391
591.000000 19.618672 5.469713 -18.276633 0.149625 -0.611527 -0.013818 0.776824
592.000000 19.398393 5.460137 -18.569755 0.149264 -0.606867 -0.014488 0.780527
593.000000 19.292056 5.394862 -18.753877 0.147773 -0.604703 -0.013749 0.782501
594.000000 19.377528 5.298065 -18.746045 0.145740 -0.606590 -0.011781 0.781453
595.000000 19.594289 5.221337 -18.596517 0.144197 -0.611149 -0.009659 0.778210
596.000000 19.870729 5.150765 -18.381857 0.142813 -0.616854 -0.007432 0.773977
597.000000 20.146851 5.133636 -18.146826 0.142552 -0.622532 -0.006113 0.769477
598.000000 20.290820 5.133124 -18.045444 0.142610 -0.625501 -0.005611 0.767059
599.000000 20.254177 5.129118 -18.141091 0.142549 -0.624757 -0.005736 0.767675
600.000000 20.143495 5.156563 -18.305248 0.143122 -0.622532 -0.006636 0.769367
601.000000 20.194324 5.207308 -18.283646 0.144162 -0.623726 -0.007245 0.768200
602.000000 20.483186 5.261949 -17.994674 0.145320 -0.629914 -0.007059 0.762916
603.000000 20.632176 5.191022 -17.898571 0.143790 -0.633131 -0.005254 0.760554
604.000000 20.450239 5.044238 -18.204664 0.140645 -0.629275 -0.003417 0.764343
605.000000 20.099274 4.878217 -18.695520 0.137211 -0.621875 -0.002036 0.771000
606.000000 19.716337 4.758106 -19.187270 0.134835 -0.613963 -0.001590 0.777732
607.000000 19.417159 4.673475 -19.561228 0.133223 -0.607998 -0.001304 0.782680
608.000000 19.332341 4.592769 -19.716125 0.131617 -0.606374 -0.000187 0.784211
609.000000 19.564836 4.445413 -19.577553 0.128627 -0.610972 0.003005 0.781127
610.000000 19.982181 4.194761 -19.268714 0.123497 -0.619216 0.008415 0.775403
611.000000 20.198523 4.006170 -19.143573 0.119598 -0.623429 0.012189 0.772582
612.000000 20.137568 3.876579 -19.292881 0.116987 -0.622101 0.014042 0.774020
613.000000 20.059062 3.864563 -19.431009 0.116752 -0.620553 0.013963 0.775299
614.000000 20.044339 3.864312 -19.494995 0.116712 -0.620392 0.013956 0.775434
615.000000 20.012775 3.879836 -19.572389 0.116983 -0.619916 0.013668 0.775778
616.000000 20.062200 3.918455 -19.567720 0.117761 -0.620937 0.013190 0.774852
617.000000 20.263549 3.981955 -19.402107 0.119034 -0.624937 0.012716 0.771442
618.000000 20.376560 4.044078 -19.327594 0.120290 -0.627167 0.011994 0.769446
619.000000 20.284388 4.036706 -19.485794 0.120166 -0.625250 0.011836 0.771027
620.000000 20.182527 4.024662 -19.655528 0.119944 -0.623117 0.011726 0.772788
621.000000 20.239154 3.926248 -19.676475 0.117987 -0.624127 0.013438 0.772246
622.000000 20.248903 3.850406 -19.734027 0.116505 -0.624344 0.014650 0.772274
623.000000 20.118806 3.814086 -19.924410 0.115854 -0.621878 0.014822 0.774355
624.000000 19.945849 3.764873 -20.158540 0.114925 -0.618588 0.015125 0.777118
625.000000 19.853948 3.660557 -20.319315 0.112910 -0.616870 0.016513 0.778749
626.000000 19.838016 3.540516 -20.408229 0.110611 -0.616580 0.018312 0.779268
627.000000 19.802487 3.435677 -20.515062 0.108690 -0.615863 0.019744 0.780070
628.000000 19.738809 3.340685 -20.650464 0.106990 -0.614536 0.020908 0.781320
629.000000 19.686485 3.333820 -20.763700 0.106896 -0.613406 0.020839 0.782223
630.000000 19.561841 3.315791 -20.945912 0.106587 -0.610928 0.020822 0.784202
631.000000 19.424780 3.201446 -21.148052 0.104485 -0.608274 0.022237 0.786505
632.000000 19.422397 2.943952 -21.239357 0.099692 -0.608157 0.026031 0.787102
633.000000 19.703447 2.688299 -21.064921 0.094759 -0.613280 0.030471 0.783568
634.000000 20.239722 2.584340 -20.617191 0.092406 -0.623277 0.033345 0.775806
635.000000 20.710161 2.464281 -20.216224 0.089736 -0.632065 0.036283 0.768847
636.000000 20.912685 2.337453 -20.080720 0.087139 -0.635752 0.038640 0.765985
637.000000 20.779990 2.329233 -20.276795 0.087119 -0.633183 0.038324 0.768128
638.000000 20.526245 2.360435 -20.584055 0.087938 -0.628454 0.037235 0.771962
639.000000 20.209666 2.308086 -20.950597 0.087243 -0.622604 0.037355 0.776761
640.000000 20.033630 2.287434 -21.172257 0.086971 -0.619418 0.037342 0.779335
641.000000 20.106637 2.333813 -21.151911 0.087708 -0.620835 0.036876 0.778146
642.000000 20.169328 2.404558 -21.141181 0.088985 -0.622019 0.035935 0.777099
643.000000 20.087649 2.433057 -21.274604 0.089631 -0.620471 0.035270 0.778292
644.000000 19.812427 2.367023 -21.598898 0.088665 -0.615302 0.035617 0.782479
645.000000 19.573485 2.389497 -21.870940 0.089268 -0.610960 0.034804 0.785842
646.000000 19.380011 2.364753 -22.098171 0.088990 -0.607525 0.034782 0.788533
647.000000 19.220884 2.122937 -22.313381 0.084841 -0.604557 0.037810 0.791128
648.000000 19.273314 1.836581 -22.346686 0.079737 -0.605275 0.041841 0.790907
649.000000 19.629636 1.685013 -22.102016 0.076691 -0.611452 0.044637 0.786290
650.000000 19.913060 1.552026 -21.913258 0.074025 -0.616354 0.046985 0.782573
651.000000 19.981622 1.363637 -21.921457 0.070573 -0.617325 0.049712 0.781957
652.000000 19.990786 1.093076 -21.988536 0.065724 -0.617080 0.053487 0.782324
653.000000 19.959964 0.792426 -22.086939 0.060416 -0.616113 0.057613 0.783221
654.000000 20.081302 0.621200 -22.035096 0.057220 -0.618089 0.060194 0.781709
655.000000 20.244653 0.579252 -21.939069 0.056267 -0.620986 0.061010 0.779415
656.000000 20.433611 0.561635 -21.817369 0.055697 -0.624361 0.061506 0.776717
657.000000 20.703695 0.602817 -21.615809 0.056030 -0.629240 0.061272 0.772764
658.000000 20.813853 0.690262 -21.564853 0.057391 -0.631295 0.060136 0.771075
659.000000 20.704737 0.787963 -21.721581 0.059248 -0.629484 0.058590 0.772533
660.000000 20.473969 0.764709 -21.993831 0.059160 -0.625393 0.058619 0.775852
661.000000 20.242542 0.741297 -22.261931 0.059059 -0.621321 0.058614 0.779125
662.000000 19.984907 0.764401 -22.546751 0.059807 -0.616890 0.057899 0.782635
663.000000 19.693478 0.817908 -22.854540 0.061132 -0.611938 0.056728 0.786496
664.000000 19.276962 0.797097 -23.261441 0.061330 -0.604812 0.056428 0.791995
665.000000 18.875679 0.640563 -23.648291 0.059173 -0.597821 0.057939 0.797340
666.000000 18.654994 0.532298 -23.880638 0.057625 -0.593981 0.059038 0.800238
667.000000 18.699572 0.436847 -23.904607 0.055967 -0.594581 0.060297 0.799816
668.000000 18.864130 0.316234 -23.836361 0.053726 -0.597105 0.062016 0.797955
669.000000 18.904497 0.106895 -23.866349 0.050157 -0.597411 0.064717 0.797745
670.000000 19.044371 -0.045590 -23.814202 0.047404 -0.599467 0.066814 0.796196
671.000000 19.199799 -0.205490 -23.744504 0.044504 -0.601822 0.069017 0.794397
672.000000 19.438825 -0.353922 -23.599178 0.041667 -0.605675 0.071183 0.791426
673.000000 19.798771 -0.458530 -23.347690 0.039376 -0.611645 0.072901 0.786782
674.000000 20.207869 -0.517773 -23.048400 0.037740 -0.618485 0.074004 0.781393
675.000000 20.559265 -0.561967 -22.790451 0.036421 -0.624396 0.074769 0.776668
676.000000 20.629659 -0.759613 -22.777124 0.032932 -0.625269 0.077393 0.775864
677.000000 20.400382 -1.081081 -23.025303 0.027871 -0.620828 0.081498 0.779201
678.000000 20.063897 -1.379227 -23.357878 0.023461 -0.614651 0.085157 0.783838
679.000000 19.708632 -1.546374 -23.701500 0.021340 -0.608460 0.087053 0.788506
680.000000 19.368863 -1.781362 -24.016416 0.018106 -0.602457 0.089823 0.792875
681.000000 19.134147 -2.000369 -24.241571 0.014929 -0.598188 0.092463 0.795863
682.000000 18.948100 -2.172998 -24.428207 0.012415 -0.594797 0.094547 0.798200
683.000000 18.733828 -2.364600 -24.631445 0.009698 -0.590912 0.096798 0.800849
684.000000 18.434914 -2.644732 -24.886121 0.005787 -0.585453 0.100022 0.804492
685.000000 18.038265 -3.029076 -25.189123 0.000404 -0.578234 0.104439 0.809158
686.000000 17.761064 -3.311671 -25.405166 -0.003544 -0.573202 0.107684 0.812300
687.000000 17.606868 -3.496534 -25.541786 -0.006150 -0.570370 0.109842 0.813987
688.000000 17.588267 -3.754853 -25.572359 -0.010204 -0.569529 0.112821 0.814128
689.000000 17.803794 -4.134126 -25.419500 -0.016724 -0.572108 0.117064 0.811609
690.000000 18.004099 -4.459174 -25.279801 -0.022395 -0.574521 0.120629 0.809242
691.000000 17.999015 -4.879483 -25.263086 -0.029122 -0.573386 0.125329 0.809119
692.000000 17.841816 -5.412375 -25.322599 -0.037254 -0.569510 0.131376 0.810562
693.000000 17.643111 -5.948970 -25.396662 -0.045301 -0.564936 0.137466 0.812341
694.000000 17.494645 -6.371533 -25.450722 -0.051634 -0.561454 0.142254 0.813552
695.000000 17.454658 -6.579724 -25.478703 -0.054847 -0.560269 0.144634 0.813739
696.000000 17.367392 -6.576346 -25.593272 -0.054577 -0.558895 0.144738 0.814683
697.000000 17.166351 -6.461635 -25.812298 -0.052249 -0.556007 0.143749 0.816984
698.000000 16.928362 -6.328467 -26.056768 -0.049554 -0.552584 0.142638 0.819664
699.000000 16.755734 -6.253982 -26.241220 -0.047963 -0.550047 0.142087 0.821559
700.000000 16.700981 -6.229541 -26.337449 -0.047446 -0.549248 0.141901 0.822155
701.000000 16.717569 -6.197688 -26.391683 -0.046951 -0.549573 0.141521 0.822032
702.000000 16.686565 -6.173310 -26.475407 -0.046409 -0.549121 0.141245 0.822413
703.000000 16.640607 -6.165826 -26.563759 -0.046090 -0.548407 0.141173 0.822919
704.000000 16.631008 -6.198698 -26.617467 -0.046529 -0.548193 0.141517 0.822978
705.000000 16.630737 -6.344360 -26.636626 -0.048779 -0.547852 0.143047 0.822810
706.000000 16.728488 -6.654095 -26.552933 -0.053859 -0.548562 0.146172 0.821470
707.000000 16.904290 -7.079403 -26.385986 -0.060978 -0.550084 0.150419 0.819184
708.000000 17.036884 -7.531806 -26.231057 -0.068425 -0.550797 0.155009 0.817259
709.000000 17.013598 -7.929647 -26.185085 -0.074569 -0.549222 0.159202 0.816976
710.000000 16.871191 -8.248846 -26.234633 -0.079109 -0.546016 0.162726 0.818003
711.000000 16.827923 -8.521178 -26.231148 -0.083208 -0.544479 0.165663 0.818031
712.000000 17.055194 -8.784212 -26.052630 -0.088024 -0.547173 0.168112 0.815225
713.000000 17.294153 -9.070835 -25.852046 -0.093279 -0.549976 0.170740 0.812203
714.000000 17.401585 -9.376879 -25.726795 -0.098435 -0.550640 0.173776 0.810499
715.000000 17.406574 -9.649569 -25.678984 -0.102739 -0.549787 0.176642 0.809924
716.000000 17.345258 -9.831449 -25.706562 -0.105401 -0.548213 0.178669 0.810204
717.000000 17.253232 -9.871009 -25.805682 -0.105744 -0.546686 0.179259 0.811061
718.000000 17.163958 -9.804948 -25.942836 -0.104453 -0.545547 0.178761 0.812104
719.000000 17.103116 -9.732638 -26.064086 -0.103165 -0.544840 0.178168 0.812873
720.000000 17.083755 -9.755229 -26.123660 -0.103483 -0.544437 0.178477 0.813035
721.000000 17.042874 -9.890309 -26.156251 -0.105442 -0.543309 0.179975 0.813208
722.000000 16.918756 -10.028176 -26.242142 -0.107104 -0.540885 0.181632 0.814237
723.000000 16.886034 -10.094046 -26.296294 -0.107930 -0.540134 0.182358 0.814464
724.000000 16.986236 -10.110399 -26.283293 -0.108455 -0.541608 0.182343 0.813418
725.000000 17.175099 -10.153590 -26.200102 -0.109750 -0.544358 0.182455 0.811382
726.000000 17.407905 -10.302282 -26.042523 -0.112899 -0.547428 0.183573 0.808627
727.000000 17.641243 -10.628018 -25.807334 -0.118853 -0.549890 0.186543 0.805418
728.000000 17.840127 -11.110368 -25.519879 -0.127170 -0.551229 0.191277 0.802115
729.000000 17.989626 -11.649508 -25.227502 -0.136248 -0.551532 0.196778 0.799079
730.000000 18.117552 -12.089693 -24.982911 -0.143729 -0.551830 0.201278 0.796438
731.000000 18.265956 -12.338480 -24.808267 -0.148280 -0.553196 0.203621 0.794057
732.000000 18.460928 -12.451324 -24.662969 -0.150874 -0.555853 0.204308 0.791532
733.000000 18.679015 -12.533775 -24.512378 -0.153109 -0.559004 0.204562 0.788814
734.000000 18.896268 -12.622515 -24.355583 -0.155476 -0.562107 0.204880 0.786058
735.000000 19.091668 -12.707268 -24.214234 -0.157708 -0.564876 0.205227 0.783533
736.000000 19.249524 -12.776361 -24.107721 -0.159527 -0.567125 0.205519 0.781462
737.000000 19.380254 -12.812107 -24.038437 -0.160677 -0.569105 0.205500 0.779790
738.000000 19.503035 -12.794101 -24.002987 -0.160910 -0.571206 0.204860 0.778372
739.000000 19.624245 -12.719724 -23.998113 -0.160212 -0.573530 0.203537 0.777154
740.000000 19.710309 -12.642925 -24.022994 -0.159323 -0.575291 0.202280 0.776363
741.000000 19.720090 -12.628011 -24.078311 -0.159112 -0.575543 0.202011 0.776289
742.000000 19.638140 -12.715195 -24.155408 -0.160159 -0.573871 0.203283 0.776979
743.000000 19.497617 -12.900629 -24.227233 -0.162532 -0.570829 0.205932 0.778029
744.000000 19.337439 -13.175460 -24.264190 -0.166243 -0.567070 0.209706 0.778985
745.000000 19.216352 -13.512538 -24.231456 -0.171115 -0.563636 0.214079 0.779233
746.000000 19.226537 -13.846610 -24.090739 -0.176528 -0.562279 0.217987 0.777922
747.000000 19.369247 -14.143333 -23.859242 -0.181974 -0.563189 0.221015 0.775149
748.000000 19.596661 -14.389778 -23.580796 -0.187052 -0.565693 0.223140 0.771499
749.000000 19.861917 -14.574170 -23.300016 -0.191355 -0.569119 0.224356 0.767562
750.000000 20.120076 -14.685267 -23.063084 -0.194465 -0.572808 0.224676 0.763934
751.000000 20.327236 -14.712739 -22.917719 -0.195963 -0.576111 0.224127 0.761224
752.000000 20.447971 -14.645792 -22.906287 -0.195474 -0.578482 0.222724 0.759963
753.000000 20.558824 -14.525684 -22.936055 -0.194050 -0.580953 0.220695 0.759034
754.000000 20.733846 -14.440721 -22.884893 -0.193504 -0.584310 0.218840 0.757131
755.000000 20.937211 -14.391685 -22.784574 -0.193665 -0.587951 0.217307 0.754708
756.000000 21.087893 -14.398663 -22.697626 -0.194474 -0.590426 0.216723 0.752734
757.000000 21.164747 -14.459388 -22.647173 -0.195790 -0.591381 0.217163 0.751515
758.000000 21.180947 -14.555011 -22.630674 -0.197389 -0.591155 0.218323 0.750938
759.000000 21.149840 -14.665430 -22.645633 -0.199047 -0.590093 0.219890 0.750879
760.000000 21.086851 -14.772332 -22.689638 -0.200523 -0.588536 0.221557 0.751218
761.000000 21.007494 -14.857265 -22.760884 -0.201576 -0.586827 0.223017 0.751841
762.000000 20.928264 -14.907106 -22.853490 -0.202058 -0.585299 0.224029 0.752601
763.000000 20.865781 -14.955064 -22.931542 -0.202590 -0.584057 0.224944 0.753150
764.000000 20.790495 -14.942553 -23.060949 -0.202055 -0.582900 0.225134 0.754132
765.000000 20.729558 -14.882190 -23.209155 -0.200793 -0.582203 0.224649 0.755153
766.000000 20.718574 -14.801848 -23.327144 -0.199421 -0.582393 0.223692 0.755653
767.000000 20.764410 -14.721737 -23.397029 -0.198289 -0.583472 0.222485 0.755475
768.000000 20.853377 -14.654660 -23.419946 -0.197575 -0.585180 0.221261 0.754700
769.000000 20.972601 -14.614776 -23.396809 -0.197461 -0.587259 0.220252 0.753409
770.000000 21.110012 -14.617098 -23.328310 -0.198132 -0.589452 0.219695 0.751681
771.000000 21.253120 -14.676388 -23.215509 -0.199771 -0.591495 0.219833 0.749599
772.000000 21.382314 -14.800233 -23.070924 -0.202411 -0.593026 0.220861 0.747376
773.000000 21.403243 -14.907357 -23.035012 -0.204276 -0.592890 0.222155 0.746592
774.000000 21.382286 -14.976822 -23.061851 -0.205330 -0.592257 0.223145 0.746510
775.000000 21.316852 -15.002302 -23.158765 -0.205449 -0.591110 0.223763 0.747201
776.000000 21.194687 -14.986185 -23.335079 -0.204615 -0.589235 0.224097 0.748809
777.000000 21.031724 -14.938470 -23.568321 -0.203069 -0.586838 0.224217 0.751073
778.000000 20.861038 -14.874192 -23.817895 -0.201222 -0.584381 0.224169 0.753496
779.000000 20.714055 -14.808614 -24.044220 -0.199484 -0.582330 0.224006 0.755592
780.000000 20.625735 -14.757928 -24.208037 -0.198266 -0.581155 0.223775 0.756884
781.000000 20.632396 -14.738588 -24.270515 -0.197984 -0.581336 0.223527 0.756893
782.000000 20.770230 -14.766796 -24.191509 -0.199051 -0.583354 0.223301 0.755125
783.000000 21.027850 -14.837429 -23.980327 -0.201342 -0.587058 0.223084 0.751703
784.000000 21.267354 -14.924202 -23.769818 -0.203817 -0.590415 0.223142 0.748383
785.000000 21.459927 -15.019372 -23.591526 -0.206221 -0.593005 0.223504 0.745563
786.000000 21.589400 -15.106729 -23.472546 -0.208220 -0.594643 0.224042 0.743539
787.000000 21.639245 -15.170129 -23.440629 -0.209472 -0.595141 0.224625 0.742612
788.000000 21.592078 -15.193078 -23.523666 -0.209627 -0.594304 0.225123 0.743087
789.000000 21.429414 -15.158647 -23.747912 -0.208332 -0.591930 0.225406 0.745257
790.000000 21.201023 -15.099722 -24.042873 -0.206357 -0.588658 0.225680 0.748310
791.000000 20.976175 -15.050064 -24.323995 -0.204556 -0.585415 0.226054 0.751229
792.000000 20.755715 -15.002367 -24.596051 -0.202810 -0.582247 0.226420 0.754050
793.000000 20.544836 -14.955202 -24.856428 -0.201115 -0.579234 0.226730 0.756726
794.000000 20.357115 -14.914835 -25.091421 -0.199620 -0.576544 0.227005 0.759090
795.000000 20.205348 -14.886542 -25.289173 -0.198475 -0.574351 0.227271 0.760971
796.000000 20.102194 -14.875814 -25.434979 -0.197832 -0.572830 0.227552 0.762200
797.000000 20.063919 -14.890220 -25.513007 -0.197871 -0.572183 0.227866 0.762582
798.000000 20.108979 -14.938187 -25.504872 -0.198793 -0.572641 0.228230 0.761889
799.000000 20.255356 -15.027373 -25.391207 -0.200792 -0.574433 0.228660 0.759884
800.000000 20.445667 -15.110378 -25.243665 -0.202905 -0.576912 0.228852 0.757383
801.000000 20.604375 -15.141998 -25.150335 -0.204108 -0.579152 0.228582 0.755429
802.000000 20.730830 -15.121800 -25.113565 -0.204388 -0.581145 0.227836 0.754047
803.000000 20.828458 -15.050907 -25.130535 -0.203774 -0.582934 0.226613 0.753200
804.000000 20.901812 -14.936217 -25.193262 -0.202396 -0.584551 0.224979 0.752809
805.000000 20.956498 -14.790461 -25.289016 -0.200472 -0.586016 0.223067 0.752753
806.000000 20.998023 -14.626864 -25.404933 -0.198230 -0.587351 0.221009 0.752913
807.000000 21.030288 -14.458507 -25.529922 -0.195883 -0.588557 0.218941 0.753190
808.000000 21.055592 -14.298246 -25.654821 -0.193630 -0.589613 0.216999 0.753509
809.000000 21.076165 -14.159033 -25.770854 -0.191670 -0.590501 0.215322 0.753796
810.000000 21.094244 -14.053910 -25.869486 -0.190202 -0.591203 0.214048 0.753980
811.000000 21.112098 -13.996062 -25.942278 -0.189423 -0.591703 0.213318 0.753991
812.000000 21.131544 -13.996222 -25.982406 -0.189495 -0.591986 0.213243 0.753772
813.000000 21.152299 -14.053887 -25.990416 -0.190405 -0.592052 0.213818 0.753328
814.000000 21.172387 -14.159126 -25.972874 -0.192004 -0.591910 0.214938 0.752714
815.000000 21.188732 -14.295763 -25.940486 -0.194045 -0.591581 0.216430 0.752022
816.000000 21.198225 -14.447357 -25.904322 -0.196280 -0.591085 0.218120 0.751343
817.000000 21.197800 -14.597570 -25.875785 -0.198461 -0.590445 0.219835 0.750773
818.000000 21.184454 -14.730342 -25.866633 -0.200338 -0.589686 0.221405 0.750410
819.000000 21.155176 -14.829681 -25.888907 -0.201663 -0.588836 0.222658 0.750352
820.000000 21.106875 -14.879536 -25.954724 -0.202188 -0.587920 0.223426 0.750701
821.000000 21.035323 -14.868443 -26.074024 -0.201731 -0.586931 0.223600 0.751545
822.000000 20.934818 -14.795446 -26.251040 -0.200262 -0.585791 0.223197 0.752946
823.000000 20.801242 -14.671076 -26.481316 -0.197926 -0.584398 0.222359 0.754891
824.000000 20.630668 -14.509035 -26.758006 -0.194919 -0.582642 0.221252 0.757352
825.000000 20.418874 -14.323395 -27.074190 -0.191435 -0.580412 0.220040 0.760300
826.000000 20.161587 -14.128539 -27.422896 -0.187672 -0.577599 0.218885 0.763707
827.000000 19.890140 -13.941974 -27.770266 -0.184006 -0.574577 0.217858 0.767164
828.000000 19.715011 -13.787852 -28.026883 -0.181196 -0.572774 0.216831 0.769469
829.000000 19.658906 -13.678133 -28.175930 -0.179471 -0.572432 0.215862 0.770399
830.000000 19.679151 -13.615595 -28.248781 -0.178684 -0.572942 0.215134 0.770407
831.000000 19.732029 -13.597325 -28.278135 -0.178621 -0.573708 0.214766 0.769954
832.000000 19.774402 -13.611177 -28.299568 -0.178954 -0.574199 0.214771 0.769509
833.000000 19.764930 -13.644059 -28.346681 -0.179358 -0.573933 0.215137 0.769512
834.000000 19.712107 -13.682828 -28.419431 -0.179689 -0.573085 0.215695 0.769910
835.000000 19.660123 -13.714018 -28.494096 -0.179929 -0.572295 0.216166 0.770309
836.000000 19.654303 -13.723763 -28.546913 -0.180055 -0.572214 0.216279 0.770308
837.000000 19.703431 -13.695254 -28.580772 -0.179870 -0.573005 0.215847 0.769884
838.000000 19.730387 -13.608483 -28.658780 -0.178812 -0.573691 0.214910 0.769882
839.000000 19.693813 -13.474107 -28.803464 -0.176875 -0.573679 0.213701 0.770675
840.000000 19.588109 -13.320606 -29.003214 -0.174434 -0.572803 0.212520 0.772208
841.000000 19.407794 -13.177087 -29.245956 -0.171867 -0.570902 0.211669 0.774421
842.000000 19.155983 -13.072551 -29.514128 -0.169573 -0.567939 0.211407 0.777173
843.000000 18.954200 -13.022683 -29.721276 -0.168190 -0.565481 0.211497 0.779238
844.000000 18.934784 -13.026023 -29.787058 -0.168158 -0.565249 0.211549 0.779399
845.000000 18.986242 -13.032457 -29.806541 -0.168416 -0.565928 0.211440 0.778881
846.000000 18.969459 -13.003062 -29.885680 -0.167962 -0.565821 0.211206 0.779120
847.000000 18.851132 -12.948979 -30.040262 -0.166833 -0.564448 0.211050 0.780399
848.000000 18.610572 -12.883874 -30.273769 -0.165151 -0.561525 0.211149 0.782835
849.000000 18.283152 -12.802484 -30.561042 -0.162986 -0.557580 0.211332 0.786053
850.000000 17.932598 -12.688529 -30.868757 -0.160343 -0.553485 0.211267 0.789500
851.000000 17.621446 -12.523829 -31.168687 -0.157195 -0.550081 0.210632 0.792676
852.000000 17.402944 -12.289632 -31.439202 -0.153490 -0.548090 0.209152 0.795169
853.000000 17.201327 -11.982822 -31.723534 -0.148946 -0.546546 0.207011 0.797652
854.000000 16.877027 -11.618237 -32.087701 -0.143318 -0.543645 0.204673 0.801261
855.000000 16.512650 -11.261993 -32.458539 -0.137722 -0.540223 0.202504 0.805099
856.000000 16.221273 -10.971171 -32.759909 -0.133216 -0.537512 0.200712 0.808114
857.000000 16.002138 -10.749417 -32.996485 -0.129817 -0.535491 0.199323 0.810351
858.000000 15.843725 -10.594829 -33.178507 -0.127444 -0.534016 0.198350 0.811937
859.000000 15.734792 -10.505228 -33.314600 -0.126024 -0.532955 0.197809 0.812987
860.000000 15.671491 -10.480037 -33.408244 -0.125525 -0.532259 0.197708 0.813545
861.000000 15.654143 -10.519625 -33.459863 -0.125950 -0.531929 0.198049 0.813612
862.000000 15.682803 -10.624307 -33.469293 -0.127300 -0.531963 0.198828 0.813190
863.000000 15.757273 -10.794225 -33.435818 -0.129579 -0.532359 0.200034 0.812274
864.000000 15.878158 -11.027808 -33.358160 -0.132775 -0.533123 0.201653 0.810855
865.000000 16.091112 -11.260568 -33.233930 -0.136247 -0.535003 0.203085 0.808681
866.000000 16.493499 -11.346556 -33.062750 -0.138519 -0.539627 0.202965 0.805245
867.000000 16.975202 -11.289957 -32.893623 -0.139309 -0.545654 0.201496 0.801408
868.000000 17.346484 -11.182985 -32.791939 -0.139162 -0.550493 0.199788 0.798546
869.000000 17.632833 -11.032140 -32.745611 -0.138233 -0.554426 0.197870 0.796461
870.000000 17.894527 -10.830331 -32.725782 -0.136609 -0.558214 0.195569 0.794662
871.000000 18.190366 -10.572174 -32.701019 -0.134377 -0.562604 0.192706 0.792644
872.000000 18.555085 -10.266295 -32.647557 -0.131739 -0.567962 0.189277 0.790088
873.000000 18.917609 -9.982120 -32.583002 -0.129335 -0.573179 0.186038 0.787482
874.000000 19.203636 -9.755059 -32.540915 -0.127388 -0.577270 0.183456 0.785414
875.000000 19.354823 -9.573240 -32.562201 -0.125598 -0.579586 0.181550 0.784439
876.000000 19.281572 -9.536831 -32.672649 -0.124929 -0.578795 0.181400 0.785165
877.000000 19.105540 -9.641961 -32.800474 -0.125678 -0.576401 0.182689 0.786506
878.000000 19.034424 -9.795939 -32.850989 -0.127316 -0.575139 0.184181 0.786818
879.000000 19.064315 -9.987400 -32.830765 -0.129703 -0.574966 0.185813 0.786171
880.000000 19.153633 -10.221256 -32.762005 -0.132767 -0.575364 0.187709 0.784916
881.000000 19.260275 -10.502112 -32.666438 -0.136443 -0.575815 0.189991 0.783405
882.000000 19.368902 -10.818353 -32.555169 -0.140551 -0.576169 0.192585 0.781784
883.000000 19.568759 -11.096260 -32.398266 -0.144476 -0.577716 0.194653 0.779410
884.000000 19.898430 -11.288258 -32.186968 -0.147772 -0.581081 0.195664 0.776031
885.000000 20.283316 -11.442410 -31.947726 -0.150799 -0.585236 0.196186 0.772185
886.000000 20.627603 -11.573492 -31.735251 -0.153444 -0.588988 0.196574 0.768705
887.000000 20.830609 -11.648266 -31.630238 -0.154985 -0.591222 0.196760 0.766630
888.000000 20.803759 -11.606368 -31.717085 -0.154415 -0.591061 0.196391 0.766964
889.000000 20.546017 -11.470517 -31.986095 -0.152017 -0.588426 0.195695 0.769642
890.000000 20.141008 -11.352945 -32.336062 -0.149414 -0.583986 0.195520 0.773568
891.000000 19.653911 -11.349213 -32.688144 -0.147938 -0.578244 0.196532 0.777897
892.000000 19.075687 -11.470653 -33.040980 -0.147669 -0.571062 0.198777 0.782669
893.000000 18.382516 -11.709452 -33.405069 -0.148404 -0.562181 0.202171 0.788071
894.000000 17.599779 -12.065388 -33.756851 -0.150197 -0.551897 0.206633 0.793822
895.000000 16.809744 -12.547393 -34.041412 -0.153399 -0.541136 0.212089 0.799161
896.000000 16.100177 -13.165325 -34.208272 -0.158396 -0.530854 0.218471 0.803352
897.000000 15.557370 -13.944062 -34.207348 -0.165770 -0.521925 0.225773 0.805693
898.000000 15.255412 -14.935732 -33.979585 -0.176445 -0.514987 0.234160 0.805496
899.000000 15.169604 -16.093913 -33.541500 -0.189918 -0.509843 0.243286 0.802997
900.000000 15.177432 -17.278626 -32.999234 -0.204200 -0.505502 0.252382 0.799420
901.000000 15.179751 -18.382896 -32.452075 -0.217667 -0.501192 0.260900 0.795839
902.000000 15.160373 -19.391878 -31.924872 -0.230044 -0.496806 0.268777 0.792479
903.000000 15.120504 -20.309650 -31.424581 -0.241347 -0.492373 0.276059 0.789374
904.000000 15.061428 -21.140549 -30.956986 -0.251593 -0.487916 0.282790 0.786554
905.000000 14.984013 -21.889221 -30.526845 -0.260808 -0.483453 0.289010 0.784044
906.000000 14.893922 -22.552138 -30.141621 -0.268939 -0.479104 0.294658 0.781862
907.000000 14.823992 -23.083280 -29.828047 -0.275515 -0.475558 0.299217 0.780003
908.000000 14.813923 -23.425837 -29.620837 -0.279958 -0.473679 0.302032 0.778478
909.000000 14.879205 -23.574462 -29.525350 -0.282253 -0.473754 0.302955 0.777244
910.000000 15.012041 -23.574169 -29.513192 -0.282948 -0.475476 0.302351 0.776175
911.000000 15.204784 -23.469915 -29.551962 -0.282592 -0.478512 0.300604 0.775116
912.000000 15.450223 -23.306128 -29.608684 -0.281720 -0.482534 0.298101 0.773906
913.000000 15.741398 -23.127303 -29.650787 -0.280858 -0.487222 0.295240 0.772378
914.000000 16.071355 -22.977591 -29.646479 -0.280534 -0.492259 0.292431 0.770367
915.000000 16.433531 -22.888802 -29.573469 -0.281130 -0.497403 0.289982 0.767768
916.000000 16.818161 -22.867205 -29.430816 -0.282691 -0.502505 0.287986 0.764617
917.000000 17.189334 -22.954177 -29.204925 -0.285599 -0.506909 0.286962 0.761005
918.000000 17.504532 -23.200806 -28.877680 -0.290345 -0.509810 0.287583 0.757027
919.000000 17.744764 -23.605759 -28.455727 -0.296863 -0.510934 0.289981 0.752815
920.000000 17.914701 -24.116449 -27.971909 -0.304529 -0.510554 0.293712 0.748552
921.000000 18.020601 -24.680536 -27.461556 -0.312699 -0.508973 0.298306 0.744432
922.000000 18.068986 -25.248841 -26.962598 -0.320740 -0.506506 0.303300 0.740666
923.000000 18.066480 -25.775474 -26.516178 -0.328030 -0.503481 0.308246 0.737488
924.000000 18.019479 -26.217371 -26.166596 -0.333957 -0.500240 0.312708 0.735150
925.000000 17.932601 -26.543652 -25.950583 -0.338056 -0.497062 0.316360 0.733869
926.000000 17.806552 -26.752689 -25.876951 -0.340265 -0.494006 0.319166 0.733697
927.000000 17.640759 -26.846412 -25.947860 -0.340589 -0.491083 0.321140 0.734647
928.000000 17.436170 -26.825860 -26.161213 -0.339052 -0.488319 0.322291 0.736693
929.000000 17.268205 -26.732192 -26.422055 -0.336715 -0.486517 0.322550 0.738841
930.000000 17.281126 -26.651799 -26.549720 -0.335667 -0.487152 0.321799 0.739227
931.000000 17.472873 -26.615313 -26.516918 -0.336304 -0.490002 0.320310 0.737698
932.000000 17.790200 -26.631032 -26.347246 -0.338405 -0.494276 0.318493 0.734667
933.000000 18.180327 -26.706123 -26.063126 -0.341752 -0.499198 0.316759 0.730528
934.000000 18.590490 -26.846598 -25.687135 -0.346147 -0.504017 0.315518 0.725670
935.000000 18.990288 -27.054668 -25.229928 -0.351513 -0.508335 0.314987 0.720290
936.000000 19.380320 -27.329764 -24.685676 -0.357896 -0.512168 0.315149 0.714336
937.000000 19.763653 -27.670293 -24.046901 -0.365343 -0.515556 0.315971 0.707735
938.000000 20.141418 -28.071858 -23.308593 -0.373858 -0.518515 0.317426 0.700438
939.000000 20.451782 -28.493264 -22.567377 -0.382444 -0.520348 0.319604 0.693418
940.000000 20.583698 -28.864775 -22.021837 -0.389191 -0.519783 0.322685 0.688644
941.000000 20.553374 -29.168751 -21.701211 -0.393791 -0.517133 0.326400 0.686269
942.000000 20.414601 -29.402556 -21.570726 -0.396486 -0.513228 0.330311 0.685777
943.000000 20.216165 -29.562214 -21.594121 -0.397525 -0.508874 0.333963 0.686651
944.000000 20.002862 -29.642874 -21.736612 -0.397163 -0.504848 0.336892 0.688400
945.000000 19.798120 -29.641380 -21.979737 -0.395554 -0.501580 0.338824 0.690762
946.000000 19.601290 -29.556459 -22.322920 -0.392711 -0.499093 0.339734 0.693733
947.000000 19.410859 -29.385586 -22.765692 -0.388631 -0.497380 0.339617 0.697309
948.000000 19.225855 -29.124905 -23.306493 -0.383304 -0.496433 0.338464 0.701480
949.000000 19.045680 -28.770115 -23.941739 -0.376727 -0.496235 0.336280 0.706218
950.000000 18.865078 -28.342006 -24.640524 -0.369233 -0.496510 0.333372 0.711342
951.000000 18.672251 -27.896304 -25.341562 -0.361583 -0.496683 0.330419 0.716510
952.000000 18.454344 -27.497114 -25.985143 -0.354588 -0.496171 0.328122 0.721399
953.000000 18.202456 -27.194676 -26.531824 -0.348841 -0.494587 0.326963 0.725802
954.000000 17.917153 -26.999552 -26.979034 -0.344429 -0.491929 0.326962 0.729705
955.000000 17.600947 -26.914967 -27.327770 -0.341368 -0.488241 0.328085 0.733109
956.000000 17.257303 -26.941838 -27.577677 -0.339662 -0.483560 0.330302 0.736003
957.000000 16.890446 -27.079704 -27.726950 -0.339307 -0.477922 0.333589 0.738362
958.000000 16.504969 -27.327370 -27.772427 -0.340299 -0.471356 0.337922 0.740155
959.000000 16.105540 -27.682463 -27.710644 -0.342621 -0.463893 0.343257 0.741343
960.000000 15.702297 -28.112043 -27.564142 -0.345893 -0.455826 0.349253 0.742026
961.000000 15.311643 -28.547729 -27.390318 -0.349305 -0.447780 0.355245 0.742483
962.000000 14.949419 -28.921227 -27.253021 -0.352030 -0.440415 0.360581 0.743028
963.000000 14.625901 -29.186298 -27.200856 -0.353501 -0.434214 0.364830 0.743905
964.000000 14.340844 -29.339171 -27.243221 -0.353666 -0.429249 0.367962 0.745165
965.000000 14.092324 -29.380555 -27.383164 -0.352536 -0.425525 0.369985 0.746832
966.000000 13.878529 -29.309973 -27.622280 -0.350120 -0.423042 0.370901 0.748922
967.000000 13.698279 -29.125478 -27.960749 -0.346415 -0.421797 0.370707 0.751439
968.000000 13.551289 -28.823586 -28.397279 -0.341412 -0.421783 0.369400 0.754374
969.000000 13.438195 -28.399381 -28.928960 -0.335094 -0.422994 0.366977 0.757705
970.000000 13.359497 -27.849796 -29.548601 -0.327470 -0.425388 0.363459 0.761384
971.000000 13.305988 -27.209004 -30.217708 -0.318970 -0.428565 0.359189 0.765228
972.000000 13.260987 -26.540420 -30.880453 -0.310317 -0.431895 0.354728 0.768985
973.000000 13.206494 -25.913905 -31.485831 -0.302266 -0.434756 0.350657 0.772439
974.000000 13.124038 -25.401698 -31.990005 -0.295557 -0.436567 0.347538 0.775417
975.000000 13.003705 -25.037853 -32.380694 -0.290499 -0.437088 0.345605 0.777895
976.000000 12.842286 -24.826032 -32.664630 -0.287082 -0.436310 0.344859 0.779929
977.000000 12.637266 -24.767097 -32.846563 -0.285283 -0.434221 0.345293 0.781562
978.000000 12.386718 -24.860543 -32.928619 -0.285073 -0.430798 0.346901 0.782819
979.000000 12.089328 -25.104641 -32.910368 -0.286419 -0.426014 0.349684 0.783707
980.000000 11.745107 -25.493518 -32.791403 -0.289246 -0.419861 0.353607 0.784229
981.000000 11.365207 -25.978966 -32.598706 -0.293036 -0.412689 0.358314 0.784493
982.000000 10.967820 -26.485474 -32.381271 -0.296979 -0.405097 0.363248 0.784697
983.000000 10.570417 -26.939355 -32.193195 -0.300273 -0.397705 0.367877 0.785069
984.000000 10.188784 -27.272058 -32.090779 -0.302155 -0.391120 0.371715 0.785847
985.000000 9.828439 -27.456331 -32.100994 -0.302312 -0.385607 0.374579 0.787150
986.000000 9.487519 -27.492415 -32.227518 -0.300745 -0.381179 0.376479 0.788999
987.000000 9.163654 -27.379631 -32.471516 -0.297455 -0.377834 0.377414 0.791404
988.000000 8.854700 -27.115560 -32.832090 -0.292440 -0.375565 0.377379 0.794364
989.000000 8.559330 -26.697859 -33.304663 -0.285712 -0.374354 0.376380 0.797851
990.000000 8.279861 -26.163243 -33.850481 -0.277772 -0.373986 0.374634 0.801640
991.000000 8.022147 -25.589900 -34.401792 -0.269605 -0.374069 0.372570 0.805343
992.000000 7.792797 -25.061526 -34.895648 -0.262218 -0.374220 0.370620 0.808605
993.000000 7.593120 -24.627458 -35.302539 -0.256152 -0.374203 0.369041 0.811275
994.000000 7.417861 -24.294857 -35.625746 -0.251419 -0.373934 0.367889 0.813400
995.000000 7.261015 -24.067167 -35.869310 -0.248000 -0.373338 0.367209 0.815029
996.000000 7.116152 -23.946654 -36.036110 -0.245875 -0.372330 0.367041 0.816209
997.000000 6.976505 -23.935210 -36.127746 -0.245026 -0.370825 0.367422 0.816978
998.000000 6.835188 -24.034889 -36.144572 -0.245438 -0.368731 0.368388 0.817367
999.000000 6.685196 -24.245655 -36.087208 -0.247068 -0.365962 0.369957 0.817411
1000.000000 6.516489 -24.523150 -35.985483 -0.249360 -0.362623 0.371937 0.817305
1001.000000 6.316012 -24.781519 -35.899086 -0.251268 -0.359001 0.373938 0.817406
1002.000000 6.070473 -24.935784 -35.889610 -0.251750 -0.355392 0.375586 0.818079
1003.000000 5.772180 -24.940476 -35.990479 -0.250241 -0.351956 0.376686 0.819520
1004.000000 5.419533 -24.792500 -36.202038 -0.246707 -0.348701 0.377237 0.821727
1005.000000 5.016598 -24.499743 -36.513240 -0.241285 -0.345634 0.377260 0.824617
1006.000000 4.583502 -24.096570 -36.891709 -0.234501 -0.342804 0.376847 0.827938
1007.000000 4.143811 -23.622673 -37.303209 -0.226952 -0.340270 0.376096 0.831421
1008.000000 3.722582 -23.119237 -37.716238 -0.219240 -0.338098 0.375112 0.834814
1009.000000 3.346584 -22.629233 -38.102508 -0.211970 -0.336365 0.374013 0.837879
1010.000000 3.043874 -22.197197 -38.436818 -0.205750 -0.335154 0.372931 0.840394
1011.000000 2.841838 -21.867608 -38.696860 -0.201174 -0.334545 0.372004 0.842153
1012.000000 2.744538 -21.668015 -38.872414 -0.198532 -0.334448 0.371361 0.843102
1013.000000 2.734585 -21.610273 -38.961801 -0.197847 -0.334618 0.371113 0.843305
1014.000000 2.792825 -21.705114 -38.961457 -0.199136 -0.334796 0.371356 0.842823
1015.000000 2.892785 -21.951699 -38.872155 -0.202272 -0.334703 0.372146 0.841764
1016.000000 2.990290 -22.319286 -38.710988 -0.206724 -0.334001 0.373461 0.840378
1017.000000 3.039230 -22.772169 -38.498332 -0.211893 -0.332350 0.375272 0.838937
1018.000000 2.994824 -23.275184 -38.255496 -0.217178 -0.329412 0.377559 0.837718
1019.000000 2.834206 -23.765042 -38.020997 -0.221770 -0.325230 0.380118 0.836991
1020.000000 2.611347 -24.075036 -37.896820 -0.224083 -0.321230 0.382090 0.837022
1021.000000 2.374520 -24.070489 -37.970151 -0.222848 -0.318640 0.382784 0.838024
1022.000000 2.128731 -23.776849 -38.223456 -0.218386 -0.317391 0.382312 0.839886
1023.000000 1.877348 -23.272686 -38.599073 -0.211618 -0.317103 0.381003 0.842318
1024.000000 1.601610 -22.676676 -39.017584 -0.203786 -0.316966 0.379397 0.845022
1025.000000 1.279093 -22.118910 -39.402142 -0.196190 -0.316125 0.378057 0.847731
1026.000000 0.902642 -21.670384 -39.716604 -0.189545 -0.314205 0.377242 0.850315
1027.000000 0.491786 -21.291773 -39.985024 -0.183521 -0.311623 0.376716 0.852817
1028.000000 0.069629 -20.931123 -40.235552 -0.177674 -0.308865 0.376226 0.855271
1029.000000 -0.351131 -20.570713 -40.477003 -0.171871 -0.306126 0.375710 0.857665
1030.000000 -0.685091 -20.383520 -40.624015 -0.168341 -0.303493 0.375662 0.859320
1031.000000 -1.024721 -20.516161 -40.605776 -0.168181 -0.299294 0.376840 0.860308
1032.000000 -1.401535 -20.843516 -40.482586 -0.169917 -0.293762 0.378814 0.861006
1033.000000 -1.776553 -21.182712 -40.346258 -0.171794 -0.288157 0.380808 0.861648
1034.000000 -2.103652 -21.379000 -40.281655 -0.172365 -0.283709 0.382178 0.862403
1035.000000 -2.358105 -21.366005 -40.329334 -0.171037 -0.281032 0.382667 0.863327
1036.000000 -2.529182 -21.147245 -40.488453 -0.167906 -0.280220 0.382288 0.864373
1037.000000 -2.631616 -20.835372 -40.697543 -0.164110 -0.280577 0.381454 0.865354
1038.000000 -2.688140 -20.522686 -40.907372 -0.160525 -0.281430 0.380518 0.866161
1039.000000 -2.738696 -20.261725 -41.089889 -0.157517 -0.282114 0.379729 0.866837
1040.000000 -2.981722 -20.022819 -41.246590 -0.153857 -0.280674 0.379371 0.868117
1041.000000 -3.427664 -19.773615 -41.388901 -0.149162 -0.277149 0.379350 0.870076
1042.000000 -4.086671 -19.587614 -41.474155 -0.144158 -0.271088 0.379924 0.872575
1043.000000 -4.679478 -19.625175 -41.449998 -0.141824 -0.264688 0.381075 0.874419
1044.000000 -4.912471 -19.802423 -41.394558 -0.142637 -0.261427 0.382012 0.874858
1045.000000 -5.078320 -19.879284 -41.393123 -0.142694 -0.259315 0.382523 0.875254
1046.000000 -5.309887 -19.878853 -41.419098 -0.141623 -0.256839 0.382915 0.875986
1047.000000 -5.588644 -19.792508 -41.477921 -0.139415 -0.254232 0.383131 0.877007
1048.000000 -5.890457 -19.628648 -41.567612 -0.136299 -0.251749 0.383151 0.878203
1049.000000 -6.184774 -19.433692 -41.671041 -0.132917 -0.249547 0.383054 0.879391
1050.000000 -6.431988 -19.256952 -41.771654 -0.129931 -0.247787 0.382916 0.880395
1051.000000 -6.513686 -19.131675 -41.873079 -0.128237 -0.247534 0.382660 0.880825
1052.000000 -6.334108 -19.036806 -42.000464 -0.128044 -0.249876 0.382095 0.880437
1053.000000 -6.242500 -18.855921 -42.152152 -0.126531 -0.251659 0.381433 0.880435
1054.000000 -6.587214 -18.650654 -42.247126 -0.122783 -0.248975 0.381375 0.881753
1055.000000 -7.098037 -18.545041 -42.266487 -0.119339 -0.244095 0.381837 0.883389
1056.000000 -7.667662 -18.387776 -42.290837 -0.115117 -0.238832 0.382199 0.885230
1057.000000 -8.325641 -18.094391 -42.347924 -0.109091 -0.233261 0.382269 0.887445
1058.000000 -9.001020 -17.800181 -42.389382 -0.102979 -0.227507 0.382341 0.889635
1059.000000 -9.600192 -17.646927 -42.377082 -0.098677 -0.221908 0.382681 0.891389
1060.000000 -10.084111 -17.561933 -42.355434 -0.095594 -0.217202 0.383041 0.892729
1061.000000 -10.505897 -17.447224 -42.356275 -0.092463 -0.213279 0.383215 0.893929
1062.000000 -10.888247 -17.235598 -42.402812 -0.088477 -0.210205 0.383056 0.895128
1063.000000 -11.160025 -16.732802 -42.589407 -0.081936 -0.209600 0.382038 0.896327
1064.000000 -11.287598 -16.009257 -42.888110 -0.073787 -0.211471 0.380334 0.897319
1065.000000 -11.243665 -15.215051 -43.241675 -0.065758 -0.215405 0.378282 0.897875
1066.000000 -10.997171 -14.503935 -43.601828 -0.059578 -0.221026 0.376233 0.897801
1067.000000 -10.531023 -14.002919 -43.933435 -0.056562 -0.227947 0.374531 0.896977
1068.000000 -9.940532 -13.603284 -44.250685 -0.055066 -0.235651 0.373034 0.895702
1069.000000 -9.358835 -13.078178 -44.590914 -0.052198 -0.243724 0.371264 0.894448
1070.000000 -8.868407 -12.395958 -44.941618 -0.047358 -0.251459 0.369141 0.893454
1071.000000 -8.534038 -11.578618 -45.280173 -0.040575 -0.258121 0.366707 0.892890
1072.000000 -8.388140 -10.740181 -45.569883 -0.032885 -0.262945 0.364274 0.892795
1073.000000 -8.447363 -10.164339 -45.746784 -0.026995 -0.264668 0.362676 0.893134
1074.000000 -8.690096 -9.854345 -45.824743 -0.022992 -0.263530 0.361905 0.893895
1075.000000 -9.084779 -9.728253 -45.830627 -0.020195 -0.260177 0.361680 0.895035
1076.000000 -9.599217 -9.703209 -45.786559 -0.017924 -0.255249 0.361719 0.896485
1077.000000 -10.201497 -9.696652 -45.713235 -0.015499 -0.249373 0.361775 0.898160
1078.000000 -10.856421 -9.655531 -45.626649 -0.012523 -0.243094 0.361715 0.899950
1079.000000 -11.517442 -9.634105 -45.524673 -0.009698 -0.236649 0.361707 0.901705
1080.000000 -12.136203 -9.710954 -45.403136 -0.007992 -0.230202 0.361955 0.903290
1081.000000 -12.673854 -9.949645 -45.260039 -0.008212 -0.223887 0.362600 0.904615
1082.000000 -13.127551 -10.317440 -45.103798 -0.010066 -0.217864 0.363537 0.905690
1083.000000 -13.513435 -10.628931 -44.972980 -0.011640 -0.212724 0.364314 0.906581
1084.000000 -13.831595 -10.768561 -44.898532 -0.011764 -0.208945 0.364671 0.907314
1085.000000 -14.057987 -10.753843 -44.887085 -0.010704 -0.206709 0.364665 0.907842
1086.000000 -14.167947 -10.610076 -44.941697 -0.008824 -0.206169 0.364352 0.908110
1087.000000 -14.160511 -10.350662 -45.059068 -0.006274 -0.207277 0.363757 0.908118
1088.000000 -14.058985 -9.978656 -45.229290 -0.002978 -0.209780 0.362879 0.907911
1089.000000 -13.887537 -9.495728 -45.441000 0.001150 -0.213416 0.361726 0.907528
1090.000000 -13.670794 -8.901856 -45.681936 0.006197 -0.217923 0.360305 0.907002
1091.000000 -13.434108 -8.197005 -45.939245 0.012246 -0.223032 0.358614 0.906368
1092.000000 -13.199661 -7.426050 -46.193670 0.018922 -0.228338 0.356753 0.905666
1093.000000 -12.977767 -6.779482 -46.411592 0.024395 -0.233003 0.355185 0.904963
1094.000000 -12.794979 -6.380294 -46.574809 0.027586 -0.236315 0.354222 0.904390
1095.000000 -12.703459 -6.215245 -46.678199 0.028844 -0.237842 0.353827 0.904105
1096.000000 -12.756255 -6.260862 -46.713770 0.028606 -0.237170 0.353920 0.904253
1097.000000 -12.977286 -6.500789 -46.676106 0.027116 -0.234133 0.354439 0.904886
1098.000000 -13.334517 -6.900517 -46.573836 0.024577 -0.229157 0.355295 0.905896
1099.000000 -13.780225 -7.412026 -46.421044 0.021272 -0.222869 0.356380 0.907122
1100.000000 -14.266654 -7.987590 -46.233890 0.017484 -0.215897 0.357598 0.908409
1101.000000 -14.746488 -8.579929 -46.032181 0.013495 -0.208874 0.358854 0.909623
1102.000000 -15.173199 -9.142302 -45.839974 0.009588 -0.202441 0.360053 0.910652
1103.000000 -15.501477 -9.628799 -45.685181 0.006041 -0.197243 0.361100 0.911409
1104.000000 -15.686962 -9.994139 -45.598153 0.003131 -0.193924 0.361892 0.911821
1105.000000 -15.699511 -10.202325 -45.602572 0.001099 -0.192952 0.362347 0.911852
1106.000000 -15.535226 -10.234416 -45.706446 0.000114 -0.194446 0.362411 0.911509
1107.000000 -15.195232 -10.075995 -45.910541 0.000316 -0.198439 0.362043 0.910794
1108.000000 -14.708214 -9.740623 -46.195885 0.001676 -0.204559 0.361266 0.909747
1109.000000 -14.116625 -9.255742 -46.534413 0.004082 -0.212243 0.360134 0.908427
1110.000000 -13.467402 -8.655342 -46.896759 0.007377 -0.220864 0.358728 0.906906
1111.000000 -12.823902 -7.999261 -47.248285 0.011218 -0.229559 0.357184 0.905316
1112.000000 -12.255479 -7.355510 -47.558788 0.015213 -0.237412 0.355664 0.903829
1113.000000 -11.833172 -6.793669 -47.804789 0.018971 -0.243513 0.354335 0.902656
1114.000000 -11.617636 -6.369882 -47.971854 0.022191 -0.247121 0.353328 0.901997
1115.000000 -11.628175 -6.096319 -48.060932 0.024829 -0.248044 0.352656 0.901938
1116.000000 -11.850700 -5.960551 -48.079751 0.026941 -0.246472 0.352266 0.902460
1117.000000 -12.266998 -5.947670 -48.032971 0.028593 -0.242626 0.352107 0.903513
1118.000000 -12.858187 -6.042743 -47.922256 0.029854 -0.236721 0.352136 0.905026
1119.000000 -13.604905 -6.230997 -47.747358 0.030797 -0.228966 0.352319 0.906916
1120.000000 -14.483728 -6.491600 -47.509104 0.031539 -0.219628 0.352610 0.909085
1121.000000 -15.455642 -6.778670 -47.217346 0.032388 -0.209219 0.352922 0.911386
1122.000000 -16.478545 -7.040460 -46.887418 0.033699 -0.198314 0.353157 0.913683
1123.000000 -17.512224 -7.225092 -46.538799 0.035823 -0.187490 0.353197 0.915869
1124.000000 -18.519371 -7.278583 -46.194772 0.039142 -0.177325 0.352924 0.917861
1125.000000 -19.387823 -7.010127 -45.934695 0.045158 -0.169687 0.352056 0.919360
1126.000000 -20.054654 -6.368516 -45.796980 0.054190 -0.165446 0.350599 0.920202
1127.000000 -20.610286 -5.634449 -45.701470 0.063756 -0.162645 0.349026 0.920686
1128.000000 -21.150910 -5.075420 -45.574534 0.071509 -0.159301 0.347730 0.921191
1129.000000 -21.727602 -4.503205 -45.417613 0.079530 -0.155618 0.346320 0.921694
1130.000000 -22.287692 -3.839697 -45.261998 0.088429 -0.152446 0.344690 0.922025
1131.000000 -22.756612 -3.225943 -45.132563 0.096493 -0.150021 0.343163 0.922183
1132.000000 -23.132227 -2.685035 -45.033444 0.103458 -0.148264 0.341815 0.922213
1133.000000 -23.427927 -2.215527 -44.962152 0.109365 -0.147025 0.340662 0.922156
1134.000000 -23.666701 -1.836972 -44.909484 0.114132 -0.146003 0.339717 0.922090
1135.000000 -23.970850 -1.735943 -44.807078 0.116325 -0.143250 0.339151 0.922456
1136.000000 -24.418060 -1.966705 -44.610796 0.115647 -0.137754 0.338933 0.923458
1137.000000 -24.937432 -2.252057 -44.364757 0.114649 -0.131273 0.338672 0.924621
1138.000000 -25.450834 -2.331875 -44.124107 0.115747 -0.125603 0.338085 0.925486
1139.000000 -25.819272 -2.321985 -43.966112 0.117236 -0.121772 0.337559 0.926003
1140.000000 -25.975842 -2.234088 -43.934189 0.118753 -0.120460 0.337228 0.926102
1141.000000 -26.026941 -1.988444 -43.971177 0.121532 -0.120858 0.336830 0.925834
1142.000000 -26.010017 -1.617753 -44.051256 0.125356 -0.122436 0.336344 0.925294
1143.000000 -25.946423 -1.178570 -44.156857 0.129704 -0.124747 0.335816 0.924577
1144.000000 -25.858758 -0.729222 -44.272261 0.134058 -0.127342 0.335300 0.923789
1145.000000 -25.770804 -0.329500 -44.383783 0.137892 -0.129764 0.334850 0.923051
1146.000000 -25.705797 -0.039989 -44.479007 0.140667 -0.131542 0.334525 0.922498
1147.000000 -25.685413 0.080612 -44.547554 0.141861 -0.132229 0.334383 0.922269
1148.000000 -25.668230 0.058725 -44.614424 0.141592 -0.132352 0.334445 0.922270
1149.000000 -25.655096 -0.068139 -44.678615 0.140251 -0.132038 0.334655 0.922443
1150.000000 -25.681129 -0.262789 -44.718949 0.138354 -0.131058 0.334903 0.922780
1151.000000 -25.661454 -0.385001 -44.784316 0.137024 -0.130807 0.335113 0.922937
1152.000000 -25.675213 -0.379006 -44.830072 0.137125 -0.130669 0.335084 0.922952
1153.000000 -25.635099 -0.433181 -44.905399 0.136392 -0.130844 0.335225 0.922985
1154.000000 -25.555252 -0.533082 -45.003551 0.135037 -0.131255 0.335486 0.923031
1155.000000 -25.407028 -0.621924 -45.142472 0.133550 -0.132420 0.335826 0.922957
1156.000000 -25.161039 -0.638541 -45.338719 0.132465 -0.134872 0.336204 0.922621
1157.000000 -24.787563 -0.519307 -45.600046 0.132324 -0.139115 0.336568 0.921878
1158.000000 -24.324200 -0.281540 -45.909708 0.133038 -0.144673 0.336873 0.920808
1159.000000 -23.867649 -0.033037 -46.206302 0.133853 -0.150154 0.337127 0.919719
1160.000000 -23.504517 0.107717 -46.447261 0.133919 -0.154275 0.337407 0.918924
1161.000000 -23.285036 0.043653 -46.612192 0.132484 -0.156213 0.337829 0.918650
1162.000000 -23.085045 -0.230602 -46.765008 0.129061 -0.157189 0.338578 0.918695
1163.000000 -22.953259 -0.467060 -46.882154 0.126268 -0.157626 0.339169 0.918790
1164.000000 -22.833618 -0.628848 -46.993167 0.124254 -0.158211 0.339609 0.918801
1165.000000 -22.713713 -0.722834 -47.104831 0.122905 -0.159040 0.339928 0.918722
1166.000000 -22.579512 -0.758532 -47.224043 0.122072 -0.160216 0.340162 0.918542
1167.000000 -22.416731 -0.747815 -47.357273 0.121588 -0.161832 0.340350 0.918253
1168.000000 -22.224911 -0.708070 -47.503975 0.121281 -0.163828 0.340524 0.917875
1169.000000 -22.017751 -0.657031 -47.656972 0.121029 -0.166005 0.340695 0.917454
1170.000000 -21.819849 -0.603939 -47.804570 0.120831 -0.168095 0.340849 0.917042
1171.000000 -21.657784 -0.556586 -47.934775 0.120707 -0.169816 0.340970 0.916696
1172.000000 -21.559181 -0.511595 -48.035694 0.120788 -0.170922 0.341018 0.916462
1173.000000 -21.549970 -0.389795 -48.096950 0.121917 -0.171449 0.340817 0.916289
1174.000000 -21.609946 -0.201598 -48.127151 0.123919 -0.171552 0.340407 0.916153
1175.000000 -21.704250 0.000072 -48.141033 0.126165 -0.171374 0.339927 0.916058
1176.000000 -21.798064 0.162130 -48.154175 0.128030 -0.171057 0.339515 0.916012
1177.000000 -21.859385 0.231424 -48.181734 0.128894 -0.170716 0.339306 0.916032
1178.000000 -21.976735 0.150738 -48.183978 0.128542 -0.169311 0.339287 0.916349
1179.000000 -22.212888 -0.064884 -48.130967 0.127337 -0.166299 0.339346 0.917047
1180.000000 -22.380229 -0.306269 -48.107725 0.125645 -0.163851 0.339534 0.917651
1181.000000 -22.466483 -0.551817 -48.120837 0.123626 -0.162166 0.339838 0.918112
1182.000000 -22.465509 -0.794190 -48.173839 0.121324 -0.161329 0.340254 0.918412
1183.000000 -22.370978 -1.101480 -48.267493 0.118066 -0.161147 0.340894 0.918631
1184.000000 -22.222782 -1.452694 -48.381629 0.114199 -0.161301 0.341664 0.918807
1185.000000 -22.078699 -1.785338 -48.491693 0.110528 -0.161483 0.342392 0.918953
1186.000000 -21.995605 -2.035478 -48.575101 0.107859 -0.161383 0.342907 0.919096
1187.000000 -22.113472 -2.158504 -48.572017 0.107097 -0.159834 0.342974 0.919430
1188.000000 -22.376411 -2.124293 -48.508997 0.108333 -0.157469 0.342617 0.919826
1189.000000 -22.612834 -1.962237 -48.462282 0.110697 -0.155808 0.342091 0.920024
1190.000000 -22.902558 -1.794397 -48.388881 0.113313 -0.153661 0.341497 0.920287
1191.000000 -23.148704 -1.655479 -48.332912 0.115509 -0.151824 0.340998 0.920504
1192.000000 -23.246077 -1.576168 -48.344529 0.116617 -0.151180 0.340761 0.920558
1193.000000 -23.146991 -1.573178 -48.446900 0.116308 -0.152119 0.340869 0.920402
1194.000000 -22.939406 -1.631188 -48.597816 0.115044 -0.153859 0.341199 0.920150
1195.000000 -22.730481 -1.730313 -48.746572 0.113393 -0.155460 0.341598 0.919937
1196.000000 -22.620593 -1.852049 -48.847725 0.111875 -0.156050 0.341920 0.919904
1197.000000 -22.528558 -1.984324 -48.940477 0.110311 -0.156452 0.342241 0.919905
1198.000000 -22.365397 -2.113907 -49.066286 0.108513 -0.157549 0.342638 0.919784
1199.000000 -22.171642 -2.237924 -49.205588 0.106658 -0.158957 0.343056 0.919603
1200.000000 -21.988843 -2.353847 -49.338966 0.104922 -0.160284 0.343446 0.919427
1201.000000 -21.860690 -2.458373 -49.446945 0.103498 -0.161125 0.343756 0.919325
1202.000000 -21.878005 -2.525954 -49.491346 0.102934 -0.160727 0.343849 0.919423
1203.000000 -22.125805 -2.520407 -49.436456 0.103851 -0.158433 0.343573 0.919821
1204.000000 -22.552776 -2.439074 -49.302305 0.106098 -0.154724 0.342982 0.920417
1205.000000 -23.075082 -2.292965 -49.122376 0.109293 -0.150338 0.342189 0.921065
1206.000000 -23.399537 -2.227030 -49.027373 0.111050 -0.147521 0.341739 0.921477
1207.000000 -23.409982 -2.298702 -49.074959 0.110409 -0.147177 0.341839 0.921572
1208.000000 -23.211045 -2.445238 -49.218010 0.108335 -0.148535 0.342276 0.921438
1209.000000 -22.909434 -2.603141 -49.406280 0.105817 -0.150799 0.342841 0.921153
1210.000000 -22.612904 -2.707579 -49.591654 0.103840 -0.153180 0.343315 0.920808
1211.000000 -22.430946 -2.691641 -49.729900 0.103372 -0.154910 0.343477 0.920511
1212.000000 -22.369373 -2.540210 -49.821204 0.104546 -0.156002 0.343294 0.920262
1213.000000 -22.289667 -2.310783 -49.924192 0.106359 -0.157534 0.343004 0.919901
1214.000000 -22.046030 -2.066242 -50.099194 0.107739 -0.160623 0.342864 0.919259
1215.000000 -21.600138 -1.861138 -50.357035 0.108070 -0.165407 0.343006 0.918318
1216.000000 -21.228972 -1.608885 -50.578765 0.109102 -0.169637 0.342994 0.917429
1217.000000 -21.131306 -1.281310 -50.684077 0.111754 -0.171620 0.342560 0.916903
1218.000000 -21.281430 -0.951328 -50.683696 0.115265 -0.171370 0.341843 0.916782
1219.000000 -21.597979 -0.688250 -50.609677 0.118730 -0.169398 0.341043 0.917004
1220.000000 -21.996827 -0.560572 -50.495596 0.121246 -0.166230 0.340368 0.917506
1221.000000 -22.363123 -0.627397 -50.390243 0.121880 -0.162696 0.340042 0.918176
1222.000000 -22.527422 -0.876459 -50.369506 0.120162 -0.160372 0.340232 0.918741
1223.000000 -22.569397 -1.254540 -50.398335 0.116853 -0.158714 0.340765 0.919258
1224.000000 -22.616570 -1.708492 -50.418909 0.112875 -0.156738 0.341411 0.919854
1225.000000 -22.699950 -2.184781 -50.417619 0.108817 -0.154342 0.342049 0.920511
1226.000000 -22.760383 -2.633171 -50.423268 0.104932 -0.152242 0.342665 0.921082
1227.000000 -22.743150 -3.013127 -50.464717 0.101403 -0.151093 0.343259 0.921446
1228.000000 -22.655512 -3.291361 -50.542323 0.098561 -0.150943 0.343770 0.921588
1229.000000 -22.556191 -3.438976 -50.632903 0.096869 -0.151352 0.344093 0.921579
1230.000000 -22.468229 -3.434796 -50.728515 0.096597 -0.152177 0.344176 0.921441
1231.000000 -22.363640 -3.265934 -50.842119 0.097764 -0.153711 0.344027 0.921119
1232.000000 -22.357409 -2.980233 -50.918565 0.100318 -0.154743 0.343599 0.920831
1233.000000 -22.539082 -2.698899 -50.910077 0.103470 -0.154055 0.342993 0.920824
1234.000000 -22.963308 -2.551990 -50.783446 0.106241 -0.150708 0.342351 0.921301
1235.000000 -23.200470 -2.535984 -50.731661 0.107197 -0.148604 0.342079 0.921633
1236.000000 -23.209789 -2.599519 -50.779403 0.106659 -0.148302 0.342147 0.921719
1237.000000 -23.258728 -2.721248 -50.806033 0.105733 -0.147448 0.342260 0.921921
1238.000000 -23.401842 -2.881155 -50.786601 0.104780 -0.145605 0.342335 0.922294
1239.000000 -23.524907 -3.062566 -50.773436 0.103559 -0.143852 0.342465 0.922659
1240.000000 -23.550985 -3.244370 -50.805586 0.101988 -0.143000 0.342700 0.922879
1241.000000 -23.463660 -3.470993 -50.887756 0.099618 -0.143048 0.343113 0.922977
1242.000000 -23.376516 -3.741899 -50.965074 0.096852 -0.142939 0.343583 0.923114
1243.000000 -23.351518 -3.975461 -51.014490 0.094645 -0.142377 0.343937 0.923298
1244.000000 -23.352164 -4.149904 -51.055556 0.093072 -0.141775 0.344183 0.923458
1245.000000 -23.578886 -4.245202 -50.998783 0.092975 -0.139397 0.344099 0.923861
1246.000000 -23.811882 -4.187944 -50.951121 0.094281 -0.137487 0.343800 0.924127
1247.000000 -24.013060 -3.951983 -50.931679 0.097102 -0.136469 0.343296 0.924173
1248.000000 -24.087142 -3.683357 -50.972406 0.099795 -0.136701 0.342872 0.924009
1249.000000 -24.070046 -3.533738 -51.045611 0.101094 -0.137337 0.342691 0.923841
1250.000000 -24.006334 -3.654979 -51.121635 0.099775 -0.137484 0.342916 0.923879
1251.000000 -23.989577 -4.047496 -51.155880 0.096170 -0.136325 0.343460 0.924230
1252.000000 -23.993596 -4.599410 -51.163338 0.091216 -0.134445 0.344189 0.924737
1253.000000 -23.919065 -5.191422 -51.197486 0.085646 -0.133136 0.345026 0.925147
1254.000000 -23.756810 -5.631218 -51.282329 0.081158 -0.133128 0.345732 0.925289
1255.000000 -23.750284 -5.852579 -51.316344 0.079139 -0.132446 0.346013 0.925457
1256.000000 -24.136262 -5.920294 -51.184087 0.079797 -0.128736 0.345783 0.926010
1257.000000 -24.270741 -6.144347 -51.149896 0.078202 -0.126762 0.345982 0.926344
1258.000000 -24.244805 -6.407205 -51.185567 0.075734 -0.126102 0.346378 0.926490
1259.000000 -24.398867 -6.456151 -51.161456 0.075822 -0.124531 0.346377 0.926696
1260.000000 -24.896699 -6.175515 -51.010848 0.080063 -0.120951 0.345679 0.927074
1261.000000 -25.601733 -5.624122 -50.779659 0.087500 -0.116384 0.344462 0.927440
1262.000000 -26.318276 -4.994584 -50.534660 0.095719 -0.111972 0.343134 0.927663
1263.000000 -26.867636 -4.458686 -50.352507 0.102528 -0.108770 0.342047 0.927718
1264.000000 -27.152296 -4.078817 -50.288525 0.107002 -0.107455 0.341348 0.927624
1265.000000 -27.121232 -3.907449 -50.373795 0.108472 -0.108316 0.341158 0.927423
1266.000000 -26.835282 -4.011450 -50.572350 0.106547 -0.110567 0.341522 0.927246
1267.000000 -26.743581 -4.145961 -50.663727 0.105024 -0.110925 0.341749 0.927294
1268.000000 -26.839815 -4.302769 -50.654104 0.103925 -0.109494 0.341822 0.927560
1269.000000 -26.908402 -4.596945 -50.647253 0.101459 -0.107868 0.342071 0.927932
1270.000000 -26.906928 -5.010507 -50.665277 0.097655 -0.106497 0.342515 0.928335
1271.000000 -27.007829 -5.429518 -50.625515 0.094143 -0.104179 0.342864 0.928832
1272.000000 -27.215987 -5.694357 -50.542185 0.092401 -0.101399 0.342946 0.929284
1273.000000 -27.487442 -5.676655 -50.454255 0.093471 -0.098986 0.342684 0.929534
1274.000000 -27.819630 -5.444193 -50.354007 0.096734 -0.096725 0.342153 0.929633
1275.000000 -28.224250 -5.119403 -50.217768 0.101111 -0.094081 0.341460 0.929694
1276.000000 -28.637396 -4.787668 -50.070011 0.105604 -0.091348 0.340746 0.929729
1277.000000 -28.985270 -4.527159 -49.947163 0.109232 -0.088964 0.340157 0.929756
1278.000000 -29.195632 -4.415142 -49.888636 0.111023 -0.087363 0.339843 0.929811
1279.000000 -29.199849 -4.505271 -49.933076 0.110235 -0.087011 0.339934 0.929904
1280.000000 -28.946964 -4.759299 -50.112155 0.107055 -0.088503 0.340449 0.929947
1281.000000 -28.437907 -5.128921 -50.422364 0.101947 -0.091970 0.341324 0.929863
1282.000000 -27.857203 -5.610601 -50.750496 0.095583 -0.095692 0.342347 0.929788
1283.000000 -27.421209 -6.199067 -50.975300 0.088742 -0.097705 0.343304 0.929904
1284.000000 -27.226504 -6.795693 -51.059844 0.082631 -0.097480 0.344033 0.930221
1285.000000 -27.307177 -7.256485 -51.009584 0.078665 -0.095199 0.344390 0.930669
1286.000000 -27.683944 -7.459865 -50.833043 0.078031 -0.091074 0.344266 0.931181
1287.000000 -28.245118 -7.500135 -50.573833 0.079524 -0.085790 0.343858 0.931707
1288.000000 -28.864229 -7.382311 -50.296764 0.082698 -0.080475 0.343274 0.932120
1289.000000 -29.426355 -7.088675 -50.068330 0.087345 -0.076258 0.342591 0.932302
1290.000000 -29.811135 -6.692815 -49.950054 0.092371 -0.074020 0.341970 0.932226
1291.000000 -30.005096 -6.273352 -49.942536 0.096985 -0.073629 0.341482 0.931967
1292.000000 -30.046049 -5.898334 -50.017283 0.100658 -0.074504 0.341162 0.931625
1293.000000 -29.970829 -5.636973 -50.146246 0.102862 -0.076070 0.341038 0.931303
1294.000000 -29.814858 -5.560812 -50.302037 0.103060 -0.077760 0.341138 0.931105
1295.000000 -29.613111 -5.743619 -50.456163 0.100697 -0.079008 0.341487 0.931131
1296.000000 -29.377020 -6.233659 -50.592545 0.095382 -0.079544 0.342104 0.931418
1297.000000 -29.168150 -6.851861 -50.690577 0.088983 -0.079400 0.342783 0.931814
1298.000000 -29.052490 -7.502971 -50.722065 0.082592 -0.078287 0.343381 0.932276
1299.000000 -29.080660 -8.137105 -50.665015 0.076830 -0.075900 0.343822 0.932804
1300.000000 -29.288521 -8.706539 -50.506493 0.072255 -0.072058 0.344056 0.933388
1301.000000 -29.599135 -9.181243 -50.296086 0.068895 -0.067555 0.344142 0.933947
1302.000000 -29.885865 -9.540276 -50.113929 0.066529 -0.063641 0.344175 0.934381
1303.000000 -30.024180 -9.763298 -50.042499 0.064935 -0.061562 0.344238 0.934609
1304.000000 -29.911464 -9.841387 -50.148774 0.063845 -0.062319 0.344393 0.934577
1305.000000 -29.550859 -9.826445 -50.419046 0.062775 -0.065695 0.344645 0.934325
1306.000000 -29.010607 -9.796574 -50.791786 0.061227 -0.070763 0.344975 0.933936
1307.000000 -28.429909 -9.839642 -51.165508 0.058875 -0.075924 0.345357 0.933540
1308.000000 -27.866853 -9.985635 -51.501796 0.055667 -0.080555 0.345795 0.933187
1309.000000 -27.333351 -10.233930 -51.795120 0.051660 -0.084563 0.346292 0.932878
1310.000000 -26.839717 -10.582158 -52.040240 0.046914 -0.087866 0.346842 0.932619
1311.000000 -26.396149 -11.027577 -52.231572 0.041480 -0.090376 0.347436 0.932416
1312.000000 -26.013369 -11.567780 -52.362967 0.035411 -0.092002 0.348068 0.932271
1313.000000 -25.703325 -12.201005 -52.427769 0.028761 -0.092650 0.348741 0.932185
1314.000000 -25.457240 -12.912729 -52.432240 0.021632 -0.092453 0.349453 0.932130
1315.000000 -25.181283 -13.638974 -52.436213 0.014280 -0.092461 0.350178 0.931999
1316.000000 -24.780539 -14.316748 -52.501008 0.006956 -0.093732 0.350871 0.931695
1317.000000 -24.173730 -14.892601 -52.678201 -0.000129 -0.097160 0.351474 0.931142
1318.000000 -23.378619 -15.375286 -52.952781 -0.006995 -0.102540 0.351956 0.930357
1319.000000 -22.497531 -15.777850 -53.270636 -0.013420 -0.108911 0.352301 0.929431
1320.000000 -21.653566 -16.098001 -53.579717 -0.018986 -0.115197 0.352510 0.928497
1321.000000 -20.901575 -16.380816 -53.848250 -0.023912 -0.120778 0.352648 0.927621
1322.000000 -20.292925 -16.674951 -54.046814 -0.028458 -0.125067 0.352796 0.926868
1323.000000 -19.879815 -17.029401 -54.146103 -0.032885 -0.127474 0.353032 0.926303
1324.000000 -19.713487 -17.493164 -54.115409 -0.037456 -0.127413 0.353439 0.925983
1325.000000 -19.814633 -18.097535 -53.935859 -0.042380 -0.124598 0.354063 0.925915
1326.000000 -20.166283 -18.850893 -53.602910 -0.047807 -0.119122 0.354905 0.926049
1327.000000 -20.747212 -19.759667 -53.108033 -0.053882 -0.111093 0.355967 0.926306
1328.000000 -21.533807 -20.829270 -52.438260 -0.060744 -0.100618 0.357258 0.926581
1329.000000 -22.463897 -22.082233 -51.584599 -0.068832 -0.088064 0.358776 0.926708
1330.000000 -23.449244 -23.477526 -50.576006 -0.078132 -0.074257 0.360419 0.926542
1331.000000 -24.466141 -24.880387 -49.467134 -0.087562 -0.059817 0.362037 0.926112
1332.000000 -25.496277 -26.160358 -48.328681 -0.095988 -0.045361 0.363514 0.925519
1333.000000 -26.520690 -27.199015 -47.246414 -0.102281 -0.031527 0.364820 0.924906
1334.000000 -27.511059 -27.960739 -46.279102 -0.106050 -0.018777 0.366018 0.924355
1335.000000 -28.407368 -28.708528 -45.322642 -0.110039 -0.006730 0.367177 0.923595
1336.000000 -29.150163 -29.738258 -44.226514 -0.117578 0.005186 0.368190 0.922271
1337.000000 -29.732917 -31.052495 -42.971245 -0.128961 0.016924 0.368900 0.920323
1338.000000 -30.177352 -32.508296 -41.619292 -0.142794 0.028111 0.369245 0.917866
1339.000000 -30.503706 -33.981430 -40.240239 -0.157741 0.038397 0.369246 0.915041
1340.000000 -30.737868 -35.419770 -38.856771 -0.173174 0.047798 0.368960 0.911918
1341.000000 -30.909853 -36.813913 -37.455523 -0.188915 0.056580 0.368432 0.908497
1342.000000 -31.047632 -38.155837 -36.024439 -0.204778 0.065006 0.367703 0.904784
1343.000000 -31.175863 -39.435184 -34.557009 -0.220513 0.073314 0.366838 0.900793
1344.000000 -31.313077 -40.622134 -33.076060 -0.235604 0.081582 0.365939 0.896618
1345.000000 -31.486306 -41.555188 -31.776605 -0.247571 0.089249 0.365350 0.892896
1346.000000 -31.723782 -42.070290 -30.900970 -0.253584 0.095646 0.365532 0.890468
1347.000000 -32.017759 -42.187866 -30.486542 -0.253562 0.100636 0.366582 0.889492
1348.000000 -32.343938 -42.014861 -30.434952 -0.249010 0.104404 0.368305 0.889632
1349.000000 -32.681402 -41.647278 -30.634946 -0.241479 0.107163 0.370432 0.890496
1350.000000 -33.010811 -41.174312 -30.976431 -0.232504 0.109133 0.372664 0.891714
1351.000000 -33.310712 -40.685400 -31.356908 -0.223593 0.110533 0.374715 0.892960
1352.000000 -33.555441 -40.274521 -31.682675 -0.216238 0.111571 0.376341 0.893958
1353.000000 -33.716333 -40.040275 -31.866023 -0.211936 0.112455 0.377323 0.894463
1354.000000 -33.771952 -40.052349 -31.849405 -0.211715 0.113319 0.377522 0.894323
1355.000000 -33.717101 -40.320716 -31.625206 -0.215712 0.114171 0.376937 0.893505
1356.000000 -33.553193 -40.837345 -31.190334 -0.223853 0.114997 0.375576 0.891969
1357.000000 -33.295164 -41.559278 -30.563219 -0.235564 0.115750 0.373506 0.889722
1358.000000 -32.963780 -42.431144 -29.769890 -0.250105 0.116381 0.370804 0.886796
1359.000000 -32.581213 -43.397158 -28.839032 -0.266730 0.116842 0.367541 0.883242
1360.000000 -32.169575 -44.403816 -27.804391 -0.284690 0.117096 0.363801 0.879141
1361.000000 -31.749677 -45.402194 -26.706120 -0.303239 0.117112 0.359688 0.874617
1362.000000 -31.339682 -46.350148 -25.591005 -0.321645 0.116868 0.355336 0.869841
1363.000000 -30.954347 -47.213005 -24.511810 -0.339197 0.116346 0.350907 0.865028
1364.000000 -30.604902 -47.963287 -23.526038 -0.355209 0.115533 0.346589 0.860438
1365.000000 -30.299458 -48.579551 -22.694364 -0.369027 0.114420 0.342589 0.856364
1366.000000 -30.042294 -49.048310 -22.072001 -0.380107 0.113001 0.339094 0.853092
1367.000000 -29.828982 -49.376985 -21.678001 -0.388368 0.111277 0.336180 0.850747
1368.000000 -29.653334 -49.576147 -21.517341 -0.393872 0.109253 0.333874 0.849386
1369.000000 -29.510539 -49.651912 -21.592784 -0.396668 0.106925 0.332189 0.849042
1370.000000 -29.397440 -49.605593 -21.905601 -0.396783 0.104289 0.331129 0.849730
1371.000000 -29.312794 -49.433482 -22.455862 -0.394222 0.101338 0.330683 0.851451
1372.000000 -29.257408 -49.126786 -23.242286 -0.388966 0.098064 0.330830 0.854190
1373.000000 -29.233087 -48.673212 -24.259966 -0.381008 0.094456 0.331526 0.857905
1374.000000 -29.231752 -48.073728 -25.481349 -0.370698 0.090422 0.332601 0.862429
1375.000000 -29.236735 -47.341609 -26.864096 -0.358639 0.085821 0.333813 0.867515
1376.000000 -29.228063 -46.495026 -28.365583 -0.345456 0.080516 0.334935 0.872924
1377.000000 -29.181429 -45.558942 -29.944362 -0.331795 0.074375 0.335773 0.878429
1378.000000 -29.067785 -44.566369 -31.561242 -0.318318 0.067269 0.336175 0.883818
1379.000000 -28.856433 -43.564004 -33.170426 -0.305763 0.059136 0.336039 0.888870
1380.000000 -28.531499 -42.652219 -34.660157 -0.295369 0.050367 0.335344 0.893176
1381.000000 -28.085693 -41.968499 -35.894533 -0.288659 0.041539 0.334103 0.896284
1382.000000 -27.515045 -41.667699 -36.735468 -0.287263 0.033240 0.332324 0.897739
1383.000000 -26.822075 -41.911548 -37.029057 -0.292892 0.026095 0.330009 0.897010
1384.000000 -26.031389 -42.800064 -36.636446 -0.306601 0.020709 0.327217 0.893586
1385.000000 -25.180067 -44.256378 -35.547671 -0.327622 0.017122 0.324006 0.887350
1386.000000 -24.309234 -46.131638 -33.788658 -0.354642 0.015178 0.320350 0.878279
1387.000000 -23.464460 -48.259949 -31.388490 -0.386314 0.014757 0.316184 0.866355
1388.000000 -22.691892 -50.469532 -28.395731 -0.421245 0.015773 0.311474 0.851638
1389.000000 -22.029034 -52.590685 -24.904764 -0.457918 0.018078 0.306257 0.834380
1390.000000 -21.486769 -54.455049 -21.131119 -0.494385 0.021080 0.300568 0.815352
1391.000000 -21.060671 -55.949837 -17.358918 -0.528685 0.024027 0.294477 0.795737
1392.000000 -20.738825 -57.039625 -13.889499 -0.559112 0.026205 0.288119 0.776978
1393.000000 -20.503351 -57.752684 -11.031783 -0.584156 0.026913 0.281645 0.760732
1394.000000 -20.333261 -58.159959 -9.061870 -0.602616 0.025551 0.275195 0.748645
1395.000000 -20.209045 -58.360693 -8.018609 -0.614661 0.022178 0.268911 0.741206
1396.000000 -20.109291 -58.425135 -7.828256 -0.620955 0.017102 0.262929 0.738235
1397.000000 -20.013418 -58.382848 -8.402794 -0.622086 0.010617 0.257352 0.739369
1398.000000 -19.907107 -58.231957 -9.650733 -0.618549 0.003020 0.252248 0.744150
1399.000000 -19.786525 -57.962863 -11.407201 -0.611185 -0.005174 0.247706 0.751710
1400.000000 -19.664461 -57.618915 -13.263610 -0.602297 -0.012752 0.243991 0.759963
1401.000000 -19.557623 -57.267354 -14.901456 -0.593845 -0.018845 0.241291 0.767314
1402.000000 -19.472183 -56.944363 -16.253401 -0.586480 -0.023467 0.239459 0.773401
1403.000000 -19.409760 -56.682015 -17.282252 -0.580689 -0.026727 0.238312 0.778006
1404.000000 -19.365601 -56.511472 -17.951972 -0.576943 -0.028750 0.237690 0.780906
1405.000000 -19.323583 -56.449792 -18.259877 -0.575519 -0.029832 0.237389 0.782007
1406.000000 -19.186770 -56.493414 -18.331696 -0.576919 -0.032114 0.235855 0.781349
1407.000000 -18.798496 -56.631082 -18.364696 -0.581928 -0.039094 0.230470 0.778919
1408.000000 -18.208143 -56.879377 -18.241668 -0.590420 -0.049574 0.222070 0.774359
1409.000000 -17.485481 -57.230865 -17.891995 -0.601743 -0.062217 0.211661 0.767616
1410.000000 -16.693013 -57.599344 -17.506249 -0.613743 -0.076402 0.199887 0.759952
1411.000000 -15.907515 -57.924153 -17.209612 -0.624803 -0.091111 0.187499 0.752439
1412.000000 -15.225630 -58.215250 -16.895744 -0.634756 -0.104446 0.175885 0.745145
1413.000000 -14.727357 -58.490676 -16.440707 -0.643649 -0.114480 0.166735 0.738112
1414.000000 -14.442550 -58.748874 -15.825824 -0.651299 -0.120247 0.161144 0.731699
1415.000000 -14.245905 -58.909343 -15.469718 -0.656266 -0.124504 0.157031 0.727430
1416.000000 -14.064354 -58.887087 -15.780913 -0.656709 -0.129046 0.152917 0.727115
1417.000000 -14.007248 -58.684661 -16.618359 -0.652502 -0.131398 0.150825 0.730909
1418.000000 -14.059273 -58.336830 -17.799085 -0.644933 -0.131767 0.150527 0.737591
1419.000000 -14.189482 -57.880391 -19.163417 -0.635291 -0.130782 0.151439 0.745901
1420.000000 -14.371454 -57.364511 -20.560107 -0.624855 -0.129041 0.152971 0.754655
1421.000000 -14.574970 -56.852775 -21.846153 -0.614939 -0.127116 0.154556 0.762760
1422.000000 -14.738051 -56.378375 -22.999379 -0.606251 -0.126005 0.155366 0.769704
1423.000000 -14.763729 -55.927857 -24.127444 -0.598779 -0.127215 0.154251 0.775556
1424.000000 -14.591933 -55.511233 -25.243012 -0.592805 -0.131457 0.150686 0.780125
1425.000000 -14.374576 -55.273928 -25.950307 -0.589905 -0.135723 0.147125 0.782269
1426.000000 -14.320220 -55.395537 -25.785724 -0.591891 -0.136297 0.146686 0.780750
1427.000000 -14.493744 -55.864176 -24.714071 -0.598530 -0.132211 0.150079 0.775731
1428.000000 -14.856111 -56.531573 -22.974287 -0.608173 -0.124219 0.156444 0.768258
1429.000000 -15.086970 -56.980479 -21.732796 -0.615140 -0.118770 0.160652 0.762685
1430.000000 -14.868345 -57.012316 -21.847450 -0.616413 -0.122297 0.157949 0.761663
1431.000000 -14.642509 -57.089230 -21.840659 -0.618563 -0.125804 0.155178 0.759916
1432.000000 -14.401886 -57.144212 -21.892959 -0.620462 -0.129688 0.151995 0.758357
1433.000000 -14.148525 -57.153749 -22.063897 -0.621674 -0.133963 0.148389 0.757335
1434.000000 -13.885204 -57.104907 -22.405028 -0.621806 -0.138649 0.144405 0.757153
1435.000000 -13.613469 -56.979774 -22.965866 -0.620471 -0.143757 0.140101 0.758104
1436.000000 -13.329442 -56.738123 -23.788616 -0.617331 -0.149208 0.135455 0.760455
1437.000000 -13.036473 -56.379757 -24.843784 -0.612546 -0.154920 0.130442 0.764050
1438.000000 -12.732570 -55.931601 -26.042888 -0.606704 -0.160824 0.125059 0.768379
1439.000000 -12.693278 -55.774021 -26.449387 -0.604571 -0.161853 0.123986 0.770016
1440.000000 -13.227493 -56.147326 -25.429173 -0.608639 -0.152814 0.131790 0.767358
1441.000000 -13.677017 -56.530122 -24.375369 -0.613273 -0.144825 0.138533 0.764023
1442.000000 -14.160042 -56.802546 -23.507985 -0.616247 -0.136422 0.145340 0.761909
1443.000000 -14.782471 -56.797788 -23.193165 -0.614352 -0.126504 0.153078 0.763633
1444.000000 -15.190626 -56.626613 -23.405096 -0.610221 -0.120433 0.157854 0.766947
1445.000000 -15.307942 -56.366491 -24.003313 -0.605549 -0.119297 0.158854 0.770613
1446.000000 -15.216897 -56.060318 -24.809718 -0.601067 -0.121700 0.157000 0.774118
1447.000000 -14.980112 -55.734193 -25.714209 -0.596937 -0.126362 0.153283 0.777306
1448.000000 -14.652853 -55.393494 -26.669796 -0.592891 -0.132180 0.148652 0.780328
1449.000000 -14.293500 -55.036512 -27.641836 -0.588711 -0.138274 0.143868 0.783327
1450.000000 -13.975501 -54.656418 -28.602663 -0.584144 -0.143644 0.139677 0.786532
1451.000000 -13.947481 -54.121247 -29.677192 -0.576877 -0.145293 0.138171 0.791841
1452.000000 -14.063086 -53.610603 -30.598758 -0.569800 -0.144954 0.138128 0.797018
1453.000000 -14.085526 -53.367480 -31.072014 -0.566560 -0.145256 0.137772 0.799330
1454.000000 -14.334918 -53.277170 -31.173150 -0.564774 -0.142255 0.139919 0.800760
1455.000000 -14.815199 -53.235610 -31.077280 -0.563097 -0.136159 0.144245 0.802232
1456.000000 -15.322784 -53.168320 -31.000533 -0.561044 -0.129751 0.148678 0.803921
1457.000000 -15.650183 -53.005895 -31.165510 -0.558186 -0.125871 0.151281 0.806039
1458.000000 -15.863054 -52.812315 -31.434323 -0.555193 -0.123521 0.152837 0.808173
1459.000000 -16.086726 -52.608475 -31.710265 -0.552058 -0.121076 0.154448 0.810382
1460.000000 -16.266092 -52.292258 -32.189281 -0.547633 -0.119521 0.155401 0.813427
1461.000000 -16.332903 -51.815994 -32.970947 -0.541535 -0.119822 0.155058 0.817521
1462.000000 -16.282999 -51.253880 -33.920341 -0.534775 -0.121796 0.153570 0.821948
1463.000000 -16.202979 -50.734511 -34.788813 -0.528738 -0.123992 0.151946 0.825818
1464.000000 -16.188444 -50.401973 -35.333145 -0.524845 -0.124927 0.151226 0.828288
1465.000000 -16.239302 -50.324115 -35.479207 -0.523789 -0.124506 0.151497 0.828970
1466.000000 -16.100793 -50.035828 -36.006065 -0.520680 -0.126710 0.150024 0.830861
1467.000000 -16.607320 -49.961239 -35.938027 -0.518662 -0.120958 0.153675 0.832312
1468.000000 -17.310652 -49.878745 -35.776375 -0.516162 -0.112948 0.158614 0.834063
1469.000000 -17.708622 -49.614128 -36.000393 -0.512244 -0.108891 0.161017 0.836554
1470.000000 -17.648941 -49.216132 -36.617787 -0.507871 -0.110441 0.159960 0.839216
1471.000000 -17.520502 -48.979408 -37.050820 -0.505510 -0.112485 0.158608 0.840625
1472.000000 -17.507384 -48.897702 -37.217086 -0.504660 -0.112804 0.158346 0.841142
1473.000000 -17.478548 -48.684751 -37.561288 -0.502368 -0.113568 0.157770 0.842518
1474.000000 -17.276865 -48.028270 -38.544356 -0.495515 -0.117177 0.155393 0.846515
1475.000000 -16.883969 -46.821065 -40.229226 -0.483270 -0.123846 0.150989 0.853413
1476.000000 -16.781937 -46.159778 -41.085457 -0.476539 -0.126201 0.149272 0.857148
1477.000000 -16.217642 -45.610678 -41.969288 -0.471968 -0.133045 0.145028 0.859367
1478.000000 -15.536951 -45.159155 -42.760119 -0.468578 -0.140698 0.140480 0.860758
1479.000000 -15.118891 -44.787792 -43.352181 -0.465462 -0.145411 0.137747 0.862106
1480.000000 -15.202728 -44.377025 -43.803584 -0.461136 -0.145187 0.137664 0.864478
1481.000000 -15.363360 -43.632872 -44.546642 -0.453546 -0.144768 0.137333 0.868607
1482.000000 -15.383927 -42.744321 -45.446758 -0.444936 -0.145936 0.136005 0.873062
1483.000000 -15.452827 -42.271616 -45.916626 -0.440341 -0.145997 0.135589 0.875443
1484.000000 -15.649434 -42.592727 -45.606748 -0.443121 -0.143649 0.137076 0.874196
1485.000000 -15.492971 -43.004566 -45.330915 -0.447302 -0.144553 0.136925 0.871938
1486.000000 -15.502548 -43.107438 -45.290742 -0.448224 -0.144310 0.137125 0.871474
1487.000000 -15.940468 -43.072990 -45.231081 -0.447186 -0.140140 0.139206 0.872357
1488.000000 -16.631882 -42.987273 -45.118097 -0.445271 -0.133560 0.142505 0.873835
1489.000000 -17.389836 -42.929930 -44.935110 -0.443525 -0.126238 0.146234 0.875195
1490.000000 -18.044415 -42.979961 -44.683750 -0.442973 -0.119811 0.149494 0.875826
1491.000000 -18.423543 -42.990986 -44.574859 -0.442518 -0.116149 0.151254 0.876247
1492.000000 -18.374174 -42.583129 -45.038492 -0.438663 -0.117340 0.150417 0.878169
1493.000000 -17.948258 -41.507224 -46.250939 -0.429013 -0.123176 0.146976 0.882708
1494.000000 -17.383191 -40.333311 -47.539363 -0.418868 -0.130293 0.142782 0.887235
1495.000000 -17.472309 -39.926388 -47.901602 -0.414961 -0.130031 0.142627 0.889133
1496.000000 -17.573502 -39.710479 -48.099882 -0.412829 -0.129410 0.142700 0.890203
1497.000000 -17.323850 -39.360165 -48.537804 -0.409963 -0.132265 0.141046 0.891371
1498.000000 -16.837269 -38.723802 -49.273971 -0.404794 -0.137652 0.138090 0.893378
1499.000000 -16.045744 -37.451897 -50.560526 -0.394456 -0.146510 0.133074 0.897346
1500.000000 -15.421877 -36.429983 -51.547187 -0.386344 -0.153338 0.129099 0.900310
1501.000000 -15.178191 -35.937367 -52.021660 -0.382434 -0.156068 0.127449 0.901745
1502.000000 -15.353450 -36.111524 -51.906130 -0.383737 -0.154308 0.128472 0.901349
1503.000000 -15.728943 -36.848174 -51.322626 -0.389668 -0.150091 0.131049 0.899143
1504.000000 -16.023134 -37.317374 -50.951039 -0.393367 -0.146936 0.132812 0.897794
1505.000000 -16.070804 -37.331801 -50.988928 -0.393385 -0.146518 0.132978 0.897829
1506.000000 -16.022636 -36.921924 -51.358782 -0.389811 -0.147461 0.132211 0.899346
1507.000000 -16.003041 -36.011438 -52.059854 -0.381892 -0.148765 0.130849 0.902721
1508.000000 -15.996736 -35.111562 -52.722842 -0.374155 -0.149913 0.129554 0.905952
1509.000000 -16.175955 -35.088493 -52.733367 -0.373775 -0.148385 0.130183 0.906270
1510.000000 -16.139449 -35.367854 -52.609217 -0.376303 -0.148367 0.130397 0.905196
1511.000000 -15.664664 -35.150121 -52.952047 -0.375087 -0.152733 0.128302 0.905274
1512.000000 -14.681152 -34.995176 -53.392423 -0.374936 -0.161299 0.124552 0.904374
1513.000000 -13.674624 -34.913358 -53.770977 -0.375332 -0.169871 0.120933 0.903130
1514.000000 -12.997735 -34.388499 -54.332157 -0.371646 -0.176092 0.117773 0.903881
1515.000000 -12.680711 -33.569284 -54.970953 -0.365203 -0.179574 0.115373 0.906129
1516.000000 -12.572022 -32.846787 -55.486937 -0.359353 -0.181213 0.113861 0.908330
1517.000000 -12.545812 -32.502397 -55.750465 -0.356571 -0.181804 0.113234 0.909386
1518.000000 -12.603649 -32.254481 -55.934249 -0.354527 -0.181609 0.113039 0.910248
1519.000000 -12.781172 -31.672514 -56.279852 -0.349641 -0.180766 0.112684 0.912347
1520.000000 -13.111115 -30.549897 -56.876677 -0.340244 -0.179218 0.111941 0.916288
1521.000000 -13.558467 -30.287370 -56.967914 -0.337667 -0.175867 0.112924 0.917769
1522.000000 -14.299273 -30.178010 -56.901355 -0.336001 -0.169989 0.115019 0.919227
1523.000000 -15.009174 -29.906237 -56.919342 -0.333047 -0.164517 0.116717 0.921082
1524.000000 -15.527173 -29.731430 -56.929787 -0.331073 -0.160498 0.117928 0.922347
1525.000000 -15.907480 -29.355031 -57.077761 -0.327597 -0.157799 0.118455 0.923985
1526.000000 -16.184333 -28.538045 -57.468371 -0.320688 -0.156393 0.118164 0.926681
1527.000000 -16.113666 -27.979459 -57.815232 -0.316293 -0.157524 0.117244 0.928116
1528.000000 -15.586886 -28.125134 -57.941397 -0.318084 -0.161604 0.115922 0.926967
1529.000000 -14.730553 -28.769351 -57.902277 -0.324173 -0.167811 0.114358 0.923945
1530.000000 -13.695107 -29.599420 -57.793022 -0.331794 -0.175236 0.112681 0.920059
1531.000000 -12.816117 -29.678978 -58.011384 -0.333158 -0.182107 0.110418 0.918505
1532.000000 -12.217770 -28.915288 -58.581405 -0.327615 -0.187524 0.107590 0.919743
1533.000000 -11.894507 -27.602278 -59.332649 -0.317655 -0.191243 0.104573 0.922814
1534.000000 -11.807471 -26.394776 -59.951088 -0.308427 -0.192989 0.102344 0.925826
1535.000000 -11.263992 -26.171312 -60.207423 -0.307255 -0.197396 0.100458 0.925493
1536.000000 -10.385093 -26.863445 -60.115422 -0.313342 -0.203588 0.099289 0.922231
1537.000000 -9.775120 -27.294191 -60.079901 -0.317089 -0.207899 0.098540 0.920066
1538.000000 -9.863605 -26.625557 -60.421768 -0.311840 -0.207749 0.097690 0.921983
1539.000000 -10.102020 -25.709364 -60.834302 -0.304625 -0.206638 0.096771 0.924738
1540.000000 -10.177272 -25.071682 -61.142154 -0.299737 -0.206569 0.095887 0.926441
1541.000000 -9.979432 -24.942724 -61.281837 -0.298962 -0.208186 0.095153 0.926405
1542.000000 -9.562160 -25.221293 -61.289398 -0.301417 -0.211134 0.094576 0.925000
1543.000000 -9.114810 -25.495503 -61.300627 -0.303790 -0.214282 0.093969 0.923561
1544.000000 -8.778864 -25.237781 -61.512633 -0.302061 -0.216989 0.092736 0.923620
1545.000000 -8.947043 -24.582921 -61.808735 -0.297023 -0.216219 0.092003 0.925506
1546.000000 -9.211028 -23.898201 -62.092594 -0.291739 -0.214768 0.091430 0.927579
1547.000000 -9.005462 -23.553469 -62.308508 -0.289373 -0.216574 0.090298 0.928011
1548.000000 -8.153943 -23.776965 -62.396086 -0.291672 -0.222751 0.088654 0.925986
1549.000000 -7.459063 -23.695162 -62.570554 -0.291508 -0.227934 0.086920 0.924940
1550.000000 -7.209230 -23.034281 -62.901786 -0.286767 -0.230200 0.085192 0.926021
1551.000000 -7.168130 -22.118785 -63.289274 -0.280063 -0.231096 0.083450 0.928006
1552.000000 -6.926580 -21.581430 -63.556246 -0.276315 -0.233222 0.081901 0.928736
1553.000000 -6.172535 -21.807095 -63.612247 -0.278490 -0.238603 0.080578 0.926833
1554.000000 -5.019545 -22.139460 -63.654978 -0.281624 -0.246788 0.078659 0.923903
1555.000000 -4.080340 -21.802038 -63.894821 -0.279704 -0.253781 0.075993 0.922814
1556.000000 -3.311863 -21.377053 -64.138684 -0.277057 -0.259552 0.073520 0.922208
1557.000000 -2.894608 -20.882519 -64.376358 -0.273756 -0.262823 0.071628 0.922416
1558.000000 -2.869182 -20.694982 -64.491860 -0.272471 -0.263123 0.071184 0.922745
1559.000000 -2.786107 -20.842201 -64.503211 -0.273583 -0.263656 0.071297 0.922255
1560.000000 -2.395676 -20.945400 -64.541977 -0.274511 -0.266390 0.070679 0.921241
1561.000000 -2.149414 -20.998799 -64.589575 -0.275007 -0.268118 0.070275 0.920622
1562.000000 -2.181777 -20.754215 -64.723565 -0.273235 -0.268024 0.069837 0.921210
1563.000000 -2.180304 -20.430384 -64.881786 -0.270940 -0.268204 0.069165 0.921886
1564.000000 -1.887689 -20.474596 -64.932100 -0.271428 -0.270249 0.068623 0.921186
1565.000000 -1.230965 -20.635926 -64.952744 -0.272912 -0.274814 0.067567 0.919473
1566.000000 -0.800059 -20.554069 -65.041205 -0.272544 -0.277888 0.066507 0.918736
1567.000000 -0.768468 -20.349848 -65.161182 -0.271119 -0.278197 0.066011 0.919099
1568.000000 -0.566159 -19.226699 -65.557757 -0.263337 -0.280178 0.063211 0.920955
1569.000000 -0.421995 -17.761585 -66.025066 -0.253170 -0.281894 0.059776 0.923508
1570.000000 -0.725582 -16.784738 -66.332607 -0.246236 -0.280235 0.058222 0.925984
1571.000000 -0.666562 -15.750831 -66.641540 -0.239084 -0.281105 0.055863 0.927738
1572.000000 0.073965 -14.345058 -67.016519 -0.229654 -0.286803 0.051506 0.928628
1573.000000 0.765560 -12.743793 -67.391024 -0.218832 -0.292162 0.046855 0.929816
1574.000000 1.101323 -11.712243 -67.629581 -0.211800 -0.294809 0.044103 0.930743
1575.000000 1.086271 -11.615789 -67.702232 -0.211084 -0.294707 0.044031 0.930942
1576.000000 1.079149 -11.425153 -67.790494 -0.209731 -0.294702 0.043719 0.931264
1577.000000 1.654898 -11.809268 -67.769265 -0.212533 -0.298542 0.043628 0.929408
1578.000000 2.476651 -13.062500 -67.570063 -0.221364 -0.303791 0.045091 0.925568
1579.000000 3.611670 -14.002889 -67.385860 -0.228149 -0.311268 0.045432 0.921410
1580.000000 5.150819 -14.064452 -67.327790 -0.229059 -0.321755 0.043112 0.917686
1581.000000 6.348539 -13.784512 -67.338864 -0.227531 -0.329972 0.040431 0.915267
1582.000000 6.667896 -13.690247 -67.381482 -0.227046 -0.332152 0.039593 0.914635
1583.000000 6.703043 -13.793649 -67.410521 -0.227841 -0.332358 0.039673 0.914359
1584.000000 7.222402 -14.113294 -67.345296 -0.230209 -0.335792 0.039455 0.912519
1585.000000 8.068524 -14.192502 -67.288517 -0.230981 -0.341509 0.038132 0.910256
1586.000000 9.144946 -14.549802 -67.131186 -0.233641 -0.348689 0.037226 0.906886
1587.000000 10.193147 -13.085667 -67.338593 -0.223977 -0.356121 0.031657 0.906648
1588.000000 10.688107 -11.471809 -67.612124 -0.213225 -0.359777 0.026529 0.907960
1589.000000 10.872808 -10.484054 -67.797383 -0.206673 -0.361202 0.023559 0.908991
1590.000000 11.021914 -10.111327 -67.883813 -0.204267 -0.362265 0.022265 0.909144
1591.000000 11.435154 -9.974661 -67.889389 -0.203500 -0.365051 0.021156 0.908228
1592.000000 12.370425 -9.695659 -67.821203 -0.201770 -0.371355 0.018911 0.906105
1593.000000 13.648589 -8.863272 -67.745806 -0.196344 -0.379992 0.014793 0.903790
1594.000000 14.206415 -7.386671 -67.864436 -0.186539 -0.383832 0.009871 0.904311
1595.000000 14.548466 -5.513684 -68.026117 -0.174090 -0.386186 0.004073 0.905835
1596.000000 14.894913 -3.497198 -68.140565 -0.160690 -0.388487 -0.002187 0.907332
1597.000000 15.248116 -2.753064 -68.151900 -0.155752 -0.390810 -0.004856 0.907186
1598.000000 16.263154 -1.954607 -67.999270 -0.150409 -0.397529 -0.008483 0.905139
1599.000000 17.959053 -1.137513 -67.645605 -0.144850 -0.408745 -0.012853 0.900989
1600.000000 19.708635 -0.342056 -67.222149 -0.139347 -0.420303 -0.017109 0.896457
1601.000000 20.933637 0.357593 -66.907641 -0.134490 -0.428367 -0.020483 0.893305
1602.000000 21.684178 0.766063 -66.721206 -0.131635 -0.433300 -0.022527 0.891300
1603.000000 22.113910 0.739085 -66.635666 -0.131734 -0.436182 -0.022833 0.889871
1604.000000 23.066841 0.448303 -66.368323 -0.133506 -0.442627 -0.022818 0.886418
1605.000000 24.840680 0.441787 -65.779305 -0.133220 -0.454518 -0.024558 0.880377
1606.000000 26.555116 1.107016 -65.154253 -0.128408 -0.465871 -0.028623 0.875018
1607.000000 28.070724 1.259848 -64.570151 -0.127042 -0.475996 -0.030737 0.869680
1608.000000 29.219454 1.357395 -64.113894 -0.126123 -0.483681 -0.032300 0.865507
1609.000000 30.157964 1.956459 -63.718892 -0.121870 -0.489828 -0.035627 0.862523
1610.000000 31.230117 2.636425 -63.230154 -0.116976 -0.496870 -0.039556 0.858995
1611.000000 32.780934 3.180108 -62.469905 -0.112752 -0.507217 -0.043435 0.853306
1612.000000 34.576517 3.714527 -61.520472 -0.108442 -0.519305 -0.047381 0.846355
1613.000000 36.356355 4.916431 -60.456914 -0.099410 -0.531086 -0.054127 0.839724
1614.000000 37.993169 6.778856 -59.314485 -0.085589 -0.541574 -0.063889 0.833841
1615.000000 39.127989 8.015069 -58.471324 -0.076209 -0.548842 -0.070609 0.829445
1616.000000 40.467735 8.396002 -57.553535 -0.072670 -0.558110 -0.073497 0.823305
1617.000000 41.922992 9.184931 -56.435699 -0.066041 -0.568039 -0.078351 0.816597
1618.000000 43.305750 10.159755 -55.267380 -0.057930 -0.577404 -0.084080 0.810049
1619.000000 44.271711 10.963664 -54.395800 -0.051222 -0.583911 -0.088705 0.805330
1620.000000 45.246785 11.728873 -53.481060 -0.044700 -0.590536 -0.093246 0.800359
1621.000000 46.235707 12.508994 -52.504104 -0.037942 -0.597272 -0.098046 0.795119
1622.000000 47.096938 13.223396 -51.610205 -0.031683 -0.603138 -0.102511 0.790388
1623.000000 47.717594 13.322413 -51.066715 -0.030302 -0.607798 -0.103329 0.786757
1624.000000 48.299411 13.228303 -50.597909 -0.030425 -0.612371 -0.102971 0.783246
1625.000000 49.109268 13.783540 -49.716632 -0.025244 -0.618111 -0.106549 0.778427
1626.000000 49.882416 14.713582 -48.724161 -0.017049 -0.623197 -0.112514 0.773741
1627.000000 50.497335 15.681310 -47.836171 -0.008587 -0.626952 -0.118863 0.769889
1628.000000 51.058537 16.396749 -47.053105 -0.002107 -0.630537 -0.123716 0.766233
1629.000000 51.695334 16.641913 -46.324238 0.000737 -0.635366 -0.125511 0.761942
1630.000000 52.180506 16.515322 -45.877013 0.000367 -0.639540 -0.124662 0.758583
1631.000000 52.534024 16.494546 -45.531051 0.000710 -0.642522 -0.124504 0.756085
1632.000000 52.938890 16.753409 -45.016333 0.003465 -0.645556 -0.126329 0.753184
1633.000000 53.577204 17.368810 -44.071413 0.009595 -0.650056 -0.130746 0.748492
1634.000000 54.256786 18.033709 -43.015977 0.016332 -0.654841 -0.135674 0.743310
1635.000000 54.790469 18.515740 -42.184620 0.021356 -0.658680 -0.139324 0.739103
1636.000000 55.102871 18.775894 -41.718991 0.024126 -0.660985 -0.141264 0.736588
1637.000000 55.251615 18.847312 -41.547805 0.024976 -0.662192 -0.141708 0.735389
1638.000000 55.348932 18.850459 -41.472593 0.025157 -0.663068 -0.141636 0.734606
1639.000000 55.418113 18.896662 -41.411415 0.025701 -0.663626 -0.141960 0.734021
1640.000000 55.485295 19.053809 -41.297669 0.027253 -0.663983 -0.143208 0.733400
1641.000000 55.556432 19.413108 -41.084286 0.030614 -0.664002 -0.146100 0.732679
1642.000000 55.543804 20.167725 -40.791399 0.037362 -0.662502 -0.152261 0.732469
1643.000000 55.428031 20.783829 -40.697445 0.042672 -0.660274 -0.157334 0.733119
1644.000000 55.166068 20.967786 -41.017501 0.043768 -0.657582 -0.158859 0.735142
1645.000000 54.720179 20.713011 -41.796419 0.040579 -0.654143 -0.156913 0.738802
1646.000000 54.271162 20.218313 -42.671400 0.035405 -0.651110 -0.153313 0.742494
1647.000000 53.892313 19.837361 -43.377160 0.031517 -0.648445 -0.150798 0.745510
1648.000000 53.829341 20.105649 -43.383922 0.033776 -0.647408 -0.152929 0.745879
1649.000000 53.953936 20.767155 -42.969641 0.039726 -0.647299 -0.157822 0.744660
1650.000000 54.083747 21.456890 -42.522046 0.045956 -0.647132 -0.162969 0.743336
1651.000000 54.164946 21.610351 -42.400928 0.047408 -0.647534 -0.164081 0.742651
1652.000000 54.206606 20.932428 -42.748272 0.041526 -0.649160 -0.158877 0.742714
1653.000000 54.138860 19.998181 -43.332530 0.033358 -0.650251 -0.151885 0.743634
1654.000000 54.159303 19.727997 -43.481300 0.031132 -0.650902 -0.149894 0.743566
1655.000000 54.340832 20.135772 -43.117140 0.034979 -0.651773 -0.152872 0.742023
1656.000000 54.641326 20.579343 -42.578067 0.039359 -0.653578 -0.156137 0.739532
1657.000000 54.986863 20.851089 -42.055077 0.042360 -0.656041 -0.158202 0.736742
1658.000000 54.899589 20.601336 -42.352476 0.039961 -0.655725 -0.156297 0.737563
1659.000000 54.521069 20.013906 -43.172387 0.034187 -0.653526 -0.151901 0.740717
1660.000000 54.226498 19.260004 -43.931316 0.027313 -0.652300 -0.146426 0.743181
1661.000000 53.756336 18.867111 -44.723995 0.023295 -0.648958 -0.143861 0.746736
1662.000000 53.603846 18.993538 -44.905737 0.024128 -0.647476 -0.144898 0.747795
1663.000000 53.531731 19.343707 -44.898525 0.026935 -0.646284 -0.147493 0.748223
1664.000000 53.101535 19.156722 -45.543863 0.024674 -0.643006 -0.146277 0.751358
1665.000000 52.241826 18.498085 -46.849202 0.017919 -0.637032 -0.141855 0.757461
1666.000000 51.343136 18.041272 -48.063528 0.012915 -0.630484 -0.138991 0.763547
1667.000000 50.703589 17.657086 -48.930154 0.008995 -0.625975 -0.136671 0.767721
1668.000000 50.411588 17.379437 -49.381895 0.006444 -0.624073 -0.135004 0.769587
1669.000000 50.240943 17.189159 -49.677839 0.004738 -0.622991 -0.133846 0.770678
1670.000000 49.692548 17.073771 -50.324486 0.003114 -0.618872 -0.133181 0.774112
1671.000000 48.789163 16.812233 -51.344598 -0.000058 -0.612282 -0.131643 0.779603
1672.000000 47.510351 16.294669 -52.746944 -0.005550 -0.603310 -0.128601 0.787050
1673.000000 46.477738 15.930261 -53.820062 -0.009477 -0.596118 -0.126477 0.792816
1674.000000 46.115453 15.784888 -54.225314 -0.010961 -0.593663 -0.125607 0.794774
1675.000000 46.482312 15.333970 -54.096127 -0.013857 -0.596890 -0.123129 0.792698
1676.000000 46.792383 14.960701 -53.993701 -0.016259 -0.599539 -0.121119 0.790961
1677.000000 46.163035 15.484653 -54.447063 -0.013155 -0.594289 -0.123962 0.794532
1678.000000 45.241416 15.149737 -55.365570 -0.016620 -0.587966 -0.121984 0.799462
1679.000000 44.276433 14.371741 -56.397898 -0.023224 -0.581887 -0.117744 0.804366
1680.000000 43.516092 13.916588 -57.150164 -0.027238 -0.576988 -0.115305 0.808114
1681.000000 43.401217 14.084197 -57.246909 -0.026165 -0.576053 -0.116120 0.808699
1682.000000 43.459457 14.502963 -57.151386 -0.023093 -0.576016 -0.118308 0.808502
1683.000000 43.583991 15.109830 -56.956377 -0.018674 -0.576217 -0.121494 0.808000
1684.000000 42.786232 15.245961 -57.581299 -0.018608 -0.570414 -0.122030 0.812029
1685.000000 40.966050 15.217456 -58.955484 -0.020751 -0.557736 -0.121368 0.820835
1686.000000 39.497619 14.808897 -60.106682 -0.025060 -0.547996 -0.119137 0.827574
1687.000000 39.397591 13.469111 -60.539912 -0.034324 -0.548573 -0.113163 0.827698
1688.000000 39.792787 13.173880 -60.396760 -0.035915 -0.551569 -0.111971 0.825799
1689.000000 40.280702 13.720306 -60.005688 -0.031685 -0.554401 -0.114560 0.823718
1690.000000 40.542911 14.649154 -59.669206 -0.025060 -0.555247 -0.118923 0.822758
1691.000000 40.302822 15.491364 -59.678428 -0.019535 -0.552689 -0.122855 0.824051
1692.000000 39.536811 16.250699 -60.043394 -0.015134 -0.546633 -0.126202 0.827669
1693.000000 38.194140 16.339780 -60.934910 -0.015946 -0.537420 -0.126206 0.833665
1694.000000 37.362366 15.961027 -61.599352 -0.019387 -0.532189 -0.124413 0.837210
1695.000000 37.335083 14.624360 -61.999035 -0.028452 -0.533307 -0.118821 0.837052
1696.000000 37.193828 13.561713 -62.379134 -0.035685 -0.533306 -0.114421 0.837388
1697.000000 36.524100 13.357840 -62.873758 -0.037594 -0.528928 -0.113583 0.840191
1698.000000 35.719980 12.247493 -63.615288 -0.045639 -0.524482 -0.108851 0.843201
1699.000000 35.055815 11.586760 -64.163753 -0.050558 -0.520606 -0.105939 0.845689
1700.000000 34.544362 10.677638 -64.653592 -0.057014 -0.517984 -0.101951 0.847377
1701.000000 34.187377 8.805852 -65.179297 -0.069561 -0.517089 -0.094205 0.847883
1702.000000 34.025381 6.241435 -65.614514 -0.086285 -0.517800 -0.083922 0.846992
1703.000000 33.892806 4.013001 -65.910749 -0.100735 -0.518320 -0.075010 0.845914
1704.000000 33.608989 3.088472 -66.158440 -0.106798 -0.517033 -0.071228 0.846285
1705.000000 33.136525 4.039557 -66.398531 -0.100949 -0.513501 -0.074639 0.848855
1706.000000 32.666442 4.885282 -66.629413 -0.095803 -0.510027 -0.077502 0.851286
1707.000000 32.517896 4.516934 -66.784306 -0.098252 -0.509299 -0.075892 0.851588
1708.000000 32.356417 4.837888 -66.897396 -0.096315 -0.508077 -0.076931 0.852445
1709.000000 31.876107 4.549270 -67.205279 -0.098423 -0.505159 -0.075472 0.854067
1710.000000 31.233684 4.271382 -67.581470 -0.100532 -0.501205 -0.074000 0.856278
1711.000000 30.774700 4.361575 -67.841862 -0.100203 -0.498238 -0.074016 0.858044
1712.000000 30.467316 4.622849 -68.017468 -0.098723 -0.496172 -0.074726 0.859350
1713.000000 30.368518 4.336541 -68.134028 -0.100591 -0.495739 -0.073578 0.859483
1714.000000 30.748262 3.756817 -68.052172 -0.104032 -0.498477 -0.071666 0.857649
1715.000000 30.572809 3.740200 -68.187242 -0.104208 -0.497394 -0.071427 0.858276
1716.000000 29.779442 4.365459 -68.556165 -0.100685 -0.492067 -0.073119 0.861619
1717.000000 28.758708 5.496077 -68.965648 -0.094143 -0.485038 -0.076390 0.866048
1718.000000 28.310882 6.534937 -69.116242 -0.087902 -0.481653 -0.079628 0.868299
1719.000000 28.034612 6.998481 -69.238496 -0.085178 -0.479680 -0.080960 0.869538
1720.000000 27.024429 7.335382 -69.660384 -0.083645 -0.473147 -0.081424 0.873216
1721.000000 26.105590 8.032510 -69.989945 -0.079799 -0.466944 -0.083274 0.876733
1722.000000 25.445661 8.838171 -70.191353 -0.075129 -0.462298 -0.085658 0.879374
1723.000000 25.573054 9.811232 -70.068984 -0.068941 -0.462505 -0.089012 0.879439
1724.000000 25.268839 11.193498 -70.025791 -0.060459 -0.459730 -0.093408 0.881061
1725.000000 25.574810 10.890647 -70.019264 -0.062181 -0.461814 -0.092638 0.879931
1726.000000 25.203274 9.705213 -70.384108 -0.069836 -0.460227 -0.088557 0.880609
1727.000000 24.944821 8.491078 -70.688724 -0.077572 -0.459328 -0.084523 0.880827
1728.000000 23.952694 7.800680 -71.164550 -0.082463 -0.453565 -0.081842 0.883618
1729.000000 22.750902 7.792240 -71.612277 -0.083181 -0.446126 -0.081172 0.887392
1730.000000 22.507639 7.550930 -71.769258 -0.084813 -0.444798 -0.080196 0.887992
1731.000000 22.805221 6.100880 -71.870167 -0.093622 -0.447415 -0.075779 0.886178
1732.000000 23.068168 5.227956 -71.911256 -0.098867 -0.449491 -0.073159 0.884778
1733.000000 22.368030 5.174348 -72.191679 -0.099556 -0.445202 -0.072549 0.886916
1734.000000 21.537780 4.692060 -72.532277 -0.102917 -0.440327 -0.070548 0.889125
1735.000000 20.514849 5.022128 -72.861930 -0.101387 -0.433883 -0.070865 0.892437
1736.000000 20.676872 5.553279 -72.832706 -0.098071 -0.434639 -0.072487 0.892310
1737.000000 20.360565 5.894200 -72.949883 -0.096147 -0.432555 -0.073250 0.893469
1738.000000 20.182246 5.878755 -73.055785 -0.096320 -0.431482 -0.073074 0.893983
1739.000000 20.175685 5.694137 -73.127855 -0.097441 -0.431528 -0.072531 0.893883
1740.000000 20.133242 5.174134 -73.234108 -0.100632 -0.431508 -0.070991 0.893663
1741.000000 19.533742 5.377761 -73.437329 -0.099681 -0.427744 -0.071201 0.895561
1742.000000 18.826602 5.688422 -73.654229 -0.098128 -0.423277 -0.071619 0.897819
1743.000000 18.370805 5.196323 -73.860802 -0.101342 -0.420745 -0.069897 0.898787
1744.000000 18.216962 4.577065 -73.994960 -0.105171 -0.420105 -0.068043 0.898789
1745.000000 18.318992 4.592007 -74.024409 -0.105046 -0.420716 -0.068171 0.898508
1746.000000 17.716536 4.322696 -74.242884 -0.106973 -0.417180 -0.066984 0.900017
1747.000000 16.994925 3.724092 -74.499269 -0.110911 -0.413071 -0.064796 0.901595
1748.000000 16.362519 3.225091 -74.719400 -0.114206 -0.409463 -0.062955 0.902958
1749.000000 16.190754 2.871009 -74.826639 -0.116420 -0.408580 -0.061853 0.903152
1750.000000 16.387790 3.259180 -74.822727 -0.113971 -0.409618 -0.063065 0.902910
1751.000000 16.453228 3.902380 -74.833668 -0.110064 -0.409721 -0.064879 0.903220
1752.000000 15.894805 3.793443 -75.016434 -0.110978 -0.406377 -0.064145 0.904669
1753.000000 15.327661 3.305850 -75.213343 -0.114169 -0.403158 -0.062393 0.905834
1754.000000 14.779817 3.314992 -75.377537 -0.114342 -0.399870 -0.062014 0.907295
1755.000000 14.114344 3.011213 -75.572148 -0.116430 -0.396012 -0.060743 0.908806
1756.000000 14.225173 2.925062 -75.609580 -0.116885 -0.396725 -0.060623 0.908445
1757.000000 14.963507 3.153040 -75.513698 -0.115205 -0.401055 -0.061773 0.906679
1758.000000 15.668430 3.417068 -75.415318 -0.113359 -0.405161 -0.063009 0.904999
1759.000000 15.775550 3.576167 -75.441668 -0.112369 -0.405720 -0.063525 0.904836
1760.000000 15.269258 3.558040 -75.602631 -0.112681 -0.402680 -0.063081 0.906186
1761.000000 15.080656 2.903818 -75.724222 -0.116677 -0.401815 -0.061191 0.906193
1762.000000 15.342646 2.107102 -75.753152 -0.121333 -0.403712 -0.059264 0.904866
1763.000000 15.071076 2.183155 -75.860126 -0.120983 -0.402083 -0.059266 0.905638
1764.000000 14.662840 2.218895 -75.993777 -0.120922 -0.399648 -0.059069 0.906736
1765.000000 14.572537 2.689091 -76.051286 -0.118139 -0.398926 -0.060252 0.907343
1766.000000 14.652333 3.602256 -76.053615 -0.112672 -0.399035 -0.062726 0.907822
1767.000000 14.538797 3.895111 -76.116738 -0.111002 -0.398235 -0.063399 0.908333
1768.000000 13.999879 3.137078 -76.308933 -0.115759 -0.395316 -0.060979 0.909179
1769.000000 12.798374 2.395479 -76.602508 -0.120643 -0.388429 -0.058143 0.911695
1770.000000 11.401141 1.991337 -76.889714 -0.123555 -0.380248 -0.056108 0.914876
1771.000000 10.112029 2.206754 -77.118577 -0.122717 -0.372501 -0.055697 0.918195
1772.000000 9.888926 2.532625 -77.191991 -0.120834 -0.371089 -0.056274 0.918981
1773.000000 10.489426 2.861559 -77.156163 -0.118679 -0.374569 -0.057496 0.917773
1774.000000 10.885062 3.022214 -77.151158 -0.117601 -0.376848 -0.058182 0.916935
1775.000000 10.879123 2.237422 -77.235245 -0.122258 -0.377069 -0.056222 0.916357
1776.000000 10.492960 0.764542 -77.373466 -0.131113 -0.375267 -0.052305 0.916105
1777.000000 9.600936 0.061872 -77.548048 -0.135585 -0.370217 -0.049915 0.917641
1778.000000 8.310311 0.908404 -77.746401 -0.131007 -0.362315 -0.050885 0.921399
1779.000000 7.534496 1.647106 -77.868513 -0.126860 -0.357494 -0.051921 0.923801
1780.000000 7.670608 1.387098 -77.915723 -0.128338 -0.358410 -0.051382 0.923272
1781.000000 8.447132 1.197530 -77.893986 -0.129214 -0.363086 -0.051557 0.921311
1782.000000 8.093725 1.804052 -77.975360 -0.125759 -0.360792 -0.052666 0.922627
1783.000000 7.399718 1.790719 -78.100281 -0.126057 -0.356672 -0.052050 0.924222
1784.000000 6.843164 1.214513 -78.217897 -0.129632 -0.353538 -0.050277 0.925029
1785.000000 6.239419 0.828227 -78.329105 -0.132115 -0.350075 -0.048906 0.926068
1786.000000 5.920020 0.616840 -78.411102 -0.133463 -0.348270 -0.048179 0.926593
1787.000000 5.325963 0.969336 -78.505401 -0.131547 -0.344657 -0.048490 0.928200
1788.000000 5.144666 1.269180 -78.568614 -0.129829 -0.343506 -0.048992 0.928842
1789.000000 5.299982 1.352991 -78.612483 -0.129296 -0.344403 -0.049297 0.928568
1790.000000 5.305954 1.225139 -78.669794 -0.130062 -0.344478 -0.049015 0.928448
1791.000000 4.599939 0.818517 -78.774814 -0.132700 -0.340451 -0.047527 0.929637
1792.000000 4.104025 0.367696 -78.861292 -0.135507 -0.337647 -0.046146 0.930324
1793.000000 3.597121 0.491937 -78.941000 -0.134900 -0.334604 -0.045994 0.931518
1794.000000 3.368056 0.605951 -79.005864 -0.134271 -0.333210 -0.046042 0.932107
1795.000000 3.965536 0.268761 -79.035479 -0.136092 -0.336827 -0.045829 0.930552
1796.000000 3.844394 0.306194 -79.096856 -0.135919 -0.336103 -0.045797 0.930840
1797.000000 3.497898 0.533629 -79.167359 -0.134671 -0.333999 -0.045967 0.931770
1798.000000 3.286356 0.060921 -79.233857 -0.137501 -0.332890 -0.044784 0.931811
1799.000000 2.831962 -0.560428 -79.305018 -0.141283 -0.330394 -0.043095 0.932213
1800.000000 2.187736 -0.069003 -79.382465 -0.138593 -0.326506 -0.043555 0.933964
1801.000000 1.052683 0.441889 -79.459539 -0.135909 -0.319706 -0.043592 0.936705
1802.000000 1.060305 0.262697 -79.515776 -0.136946 -0.319789 -0.043234 0.936542
1803.000000 1.814032 -0.196985 -79.557912 -0.139434 -0.324336 -0.042948 0.934623
1804.000000 2.091844 -0.219521 -79.606605 -0.139492 -0.325952 -0.043136 0.934043
1805.000000 2.013096 -0.048977 -79.664385 -0.138502 -0.325420 -0.043421 0.934363
1806.000000 2.084442 0.086954 -79.718087 -0.137675 -0.325762 -0.043748 0.934350
1807.000000 2.934387 -0.055790 -79.746818 -0.138272 -0.330782 -0.044175 0.932477
1808.000000 3.864534 0.256089 -79.761900 -0.136198 -0.336156 -0.045634 0.930788
1809.000000 4.948748 0.249738 -79.757495 -0.135928 -0.342485 -0.046557 0.928472
1810.000000 5.739942 -0.123622 -79.759984 -0.137876 -0.347218 -0.046402 0.926432
1811.000000 6.265119 -0.558280 -79.774072 -0.140245 -0.350403 -0.045861 0.924903
1812.000000 5.568656 -0.133994 -79.882979 -0.137981 -0.346242 -0.046209 0.926792
1813.000000 4.546987 1.147751 -79.994937 -0.130818 -0.339942 -0.048105 0.930060
1814.000000 4.001623 1.224432 -80.078377 -0.130538 -0.336763 -0.047806 0.931271
1815.000000 3.427257 1.143105 -80.161790 -0.131181 -0.333454 -0.047145 0.932404
1816.000000 3.165296 1.021457 -80.229882 -0.131981 -0.331944 -0.046674 0.932854
1817.000000 2.930005 0.314781 -80.300053 -0.136148 -0.330747 -0.045040 0.932760
1818.000000 2.593743 -0.672417 -80.364570 -0.141935 -0.329051 -0.042759 0.932605
1819.000000 2.302608 -1.075055 -80.424673 -0.144346 -0.327462 -0.041689 0.932842
1820.000000 2.305184 -1.478823 -80.473805 -0.146697 -0.327591 -0.040859 0.932467
