0.000000 0.000000 -0.000000 -0.000000 -0.000000 0.000000 -0.000000 1.000000
1.000000 -0.001623 0.001280 -0.054527 0.002181 0.004186 -0.000014 0.999989
2.000000 -0.002769 0.001182 -0.109040 0.003241 0.008513 -0.000027 0.999959
3.000000 -0.003664 -0.000260 -0.163559 0.002666 0.012752 -0.000056 0.999915
4.000000 -0.004528 -0.003023 -0.218067 0.000443 0.016893 -0.000117 0.999857
5.000000 -0.005759 -0.006684 -0.272534 -0.002704 0.021259 -0.000205 0.999770
6.000000 -0.007912 -0.010466 -0.326937 -0.005992 0.026198 -0.000298 0.999639
7.000000 -0.010651 -0.014444 -0.381258 -0.010201 0.030694 -0.000406 0.999477
8.000000 -0.014189 -0.017731 -0.435509 -0.014608 0.034875 -0.000508 0.999285
9.000000 -0.018428 -0.019841 -0.489728 -0.018672 0.038734 -0.000590 0.999075
10.000000 -0.022904 -0.020867 -0.543957 -0.021855 0.042266 -0.000633 0.998867
11.000000 -0.027124 -0.020735 -0.598229 -0.023621 0.045464 -0.000619 0.998686
12.000000 -0.030667 -0.019044 -0.652566 -0.023435 0.048325 -0.000523 0.998557
13.000000 -0.033521 -0.014621 -0.706982 -0.020765 0.050840 -0.000324 0.998491
14.000000 -0.035622 -0.006739 -0.761445 -0.015654 0.052873 -0.000030 0.998479
15.000000 -0.038890 0.001930 -0.815791 -0.010211 0.055532 0.000271 0.998405
16.000000 -0.047896 0.005791 -0.869840 -0.007695 0.061175 0.000457 0.998097
17.000000 -0.063761 0.001546 -0.923492 -0.009357 0.069742 0.000427 0.997521
18.000000 -0.082492 -0.009087 -0.976758 -0.013617 0.078577 0.000171 0.996815
19.000000 -0.100219 -0.023891 -1.029791 -0.019029 0.085688 -0.000250 0.996140
20.000000 -0.114846 -0.041143 -1.082575 -0.025333 0.091095 -0.000779 0.995520
21.000000 -0.123841 -0.058376 -1.135135 -0.032500 0.095219 -0.001380 0.994925
22.000000 -0.127554 -0.075176 -1.187577 -0.040496 0.098489 -0.002044 0.994312
23.000000 -0.129802 -0.093639 -1.239826 -0.049284 0.101335 -0.002782 0.993627
24.000000 -0.133813 -0.115347 -1.291653 -0.058742 0.104093 -0.003593 0.992825
25.000000 -0.136495 -0.137014 -1.343607 -0.067459 0.105553 -0.004397 0.992113
26.000000 -0.130215 -0.151549 -1.397183 -0.072971 0.103248 -0.005069 0.991962
27.000000 -0.113373 -0.156105 -1.452717 -0.074638 0.097135 -0.005601 0.992453
28.000000 -0.093507 -0.154690 -1.508862 -0.074192 0.090177 -0.006057 0.993140
29.000000 -0.077765 -0.151234 -1.564697 -0.073101 0.084796 -0.006404 0.993693
30.000000 -0.067747 -0.146348 -1.620227 -0.071612 0.081390 -0.006579 0.994085
31.000000 -0.063899 -0.139942 -1.675551 -0.069727 0.079963 -0.006544 0.994335
32.000000 -0.066657 -0.131927 -1.730689 -0.067448 0.080513 -0.006306 0.994449
33.000000 -0.075898 -0.122459 -1.785587 -0.064839 0.082885 -0.005905 0.994430
34.000000 -0.090670 -0.112055 -1.840148 -0.062055 0.086714 -0.005392 0.994284
35.000000 -0.109799 -0.101326 -1.894274 -0.059255 0.091622 -0.004814 0.994018
36.000000 -0.131943 -0.090955 -1.947914 -0.056600 0.097233 -0.004216 0.993642
37.000000 -0.155599 -0.081694 -2.001085 -0.054251 0.103168 -0.003641 0.993177
38.000000 -0.179267 -0.074289 -2.053886 -0.052371 0.109052 -0.003128 0.992651
39.000000 -0.201513 -0.069463 -2.106486 -0.051122 0.114508 -0.002715 0.992102
40.000000 -0.220761 -0.067999 -2.159109 -0.050668 0.119160 -0.002435 0.991578
41.000000 -0.235276 -0.070755 -2.212003 -0.051173 0.122636 -0.002325 0.991129
42.000000 -0.243178 -0.078653 -2.265405 -0.052799 0.124565 -0.002425 0.990803
43.000000 -0.243417 -0.092116 -2.319394 -0.055586 0.124787 -0.002753 0.990621
44.000000 -0.237010 -0.110091 -2.373789 -0.059261 0.123593 -0.003262 0.990557
45.000000 -0.225482 -0.131167 -2.428351 -0.063505 0.121346 -0.003898 0.990569
46.000000 -0.210600 -0.154187 -2.482843 -0.068075 0.118431 -0.004618 0.990615
47.000000 -0.194327 -0.178012 -2.537092 -0.072756 0.115235 -0.005378 0.990656
48.000000 -0.178735 -0.201468 -2.591014 -0.077331 0.112146 -0.006131 0.990659
49.000000 -0.165796 -0.223534 -2.644608 -0.081587 0.109556 -0.006821 0.990603
50.000000 -0.157572 -0.243146 -2.697932 -0.085312 0.107852 -0.007387 0.990472
51.000000 -0.156271 -0.259060 -2.751085 -0.088295 0.107424 -0.007761 0.990255
52.000000 -0.164248 -0.269909 -2.804139 -0.090323 0.108656 -0.007878 0.989936
53.000000 -0.182163 -0.274166 -2.857181 -0.091170 0.111613 -0.007698 0.989531
54.000000 -0.205742 -0.270606 -2.910474 -0.090669 0.115512 -0.007275 0.989133
55.000000 -0.229475 -0.258037 -2.964371 -0.088671 0.119420 -0.006680 0.988854
56.000000 -0.247320 -0.234716 -3.019357 -0.084947 0.122385 -0.005964 0.988823
57.000000 -0.252793 -0.198675 -3.075898 -0.079254 0.123449 -0.005168 0.989167
58.000000 -0.246485 -0.155604 -3.133225 -0.072568 0.122791 -0.004404 0.989766
59.000000 -0.245407 -0.128180 -3.188889 -0.068420 0.123011 -0.003896 0.990036
60.000000 -0.254163 -0.122818 -3.242828 -0.067604 0.124642 -0.003699 0.989889
61.000000 -0.271074 -0.137853 -3.295403 -0.069647 0.127241 -0.003810 0.989416
62.000000 -0.294183 -0.171279 -3.346594 -0.074058 0.130352 -0.004228 0.988689
63.000000 -0.321921 -0.220066 -3.396044 -0.080428 0.133785 -0.004933 0.987729
64.000000 -0.354224 -0.279413 -3.443064 -0.088526 0.137960 -0.005855 0.986456
65.000000 -0.394173 -0.347732 -3.486809 -0.098163 0.143387 -0.006881 0.984762
66.000000 -0.446091 -0.424634 -3.526183 -0.109147 0.150577 -0.007883 0.982523
67.000000 -0.514292 -0.509288 -3.559817 -0.121239 0.160020 -0.008754 0.979601
68.000000 -0.594697 -0.591620 -3.588820 -0.132949 0.171055 -0.009352 0.976205
69.000000 -0.665638 -0.643491 -3.621883 -0.140404 0.180724 -0.009345 0.973416
70.000000 -0.719428 -0.656725 -3.663800 -0.142580 0.188033 -0.008630 0.971720
71.000000 -0.752299 -0.636824 -3.715309 -0.140325 0.192531 -0.007425 0.971178
72.000000 -0.763368 -0.591546 -3.775058 -0.134755 0.194166 -0.005994 0.971651
73.000000 -0.756072 -0.529622 -3.840126 -0.127063 0.193451 -0.004545 0.972837
74.000000 -0.734133 -0.460440 -3.907592 -0.118450 0.190916 -0.003231 0.974428
75.000000 -0.701106 -0.392222 -3.975342 -0.109918 0.187035 -0.002128 0.976182
76.000000 -0.659322 -0.325657 -4.042870 -0.101588 0.182053 -0.001174 0.978026
77.000000 -0.610864 -0.261345 -4.109706 -0.093602 0.176227 -0.000340 0.979889
78.000000 -0.559116 -0.206788 -4.174829 -0.086910 0.170026 0.000258 0.981600
79.000000 -0.506838 -0.168851 -4.237857 -0.082341 0.163828 0.000514 0.983046
80.000000 -0.456546 -0.151027 -4.298822 -0.080264 0.157955 0.000400 0.984179
81.000000 -0.414498 -0.151591 -4.357616 -0.080334 0.153104 0.000045 0.984939
82.000000 -0.383646 -0.166072 -4.414496 -0.081922 0.149569 -0.000431 0.985352
83.000000 -0.361540 -0.188042 -4.470061 -0.084313 0.147062 -0.000958 0.985527
84.000000 -0.345413 -0.210894 -4.524875 -0.086793 0.145261 -0.001456 0.985578
85.000000 -0.333049 -0.230021 -4.579410 -0.088859 0.143906 -0.001872 0.985592
86.000000 -0.324319 -0.248899 -4.633580 -0.090890 0.142964 -0.002253 0.985543
87.000000 -0.318994 -0.270871 -4.687247 -0.093234 0.142397 -0.002649 0.985405
88.000000 -0.314764 -0.291569 -4.740823 -0.095421 0.141950 -0.003009 0.985259
89.000000 -0.310161 -0.307766 -4.794636 -0.097117 0.141471 -0.003301 0.985162
90.000000 -0.305109 -0.319210 -4.848748 -0.098309 0.140953 -0.003523 0.985117
91.000000 -0.299599 -0.325790 -4.903190 -0.098995 0.140396 -0.003678 0.985127
92.000000 -0.293622 -0.327395 -4.957979 -0.099177 0.139800 -0.003767 0.985193
93.000000 -0.287168 -0.323913 -5.013118 -0.098854 0.139165 -0.003788 0.985315
94.000000 -0.280226 -0.315230 -5.068592 -0.098025 0.138492 -0.003742 0.985493
95.000000 -0.272787 -0.301233 -5.124372 -0.096692 0.137780 -0.003630 0.985725
96.000000 -0.264854 -0.281918 -5.180404 -0.094864 0.137029 -0.003452 0.986008
97.000000 -0.256600 -0.258543 -5.236551 -0.092670 0.136257 -0.003226 0.986324
98.000000 -0.248305 -0.233209 -5.292650 -0.090311 0.135489 -0.002975 0.986650
99.000000 -0.240265 -0.208122 -5.348578 -0.087993 0.134750 -0.002727 0.986961
100.000000 -0.232782 -0.185539 -5.404257 -0.085913 0.134067 -0.002505 0.987238
101.000000 -0.226056 -0.167013 -5.459674 -0.084203 0.133455 -0.002326 0.987469
102.000000 -0.220169 -0.153318 -5.514854 -0.082927 0.132922 -0.002198 0.987649
103.000000 -0.215194 -0.145149 -5.569819 -0.082149 0.132473 -0.002130 0.987774
104.000000 -0.211207 -0.143228 -5.624577 -0.081934 0.132115 -0.002129 0.987840
105.000000 -0.208284 -0.148311 -5.679117 -0.082344 0.131853 -0.002205 0.987841
106.000000 -0.206502 -0.161132 -5.733402 -0.083434 0.131693 -0.002363 0.987770
107.000000 -0.205766 -0.181131 -5.787405 -0.085137 0.131624 -0.002596 0.987634
108.000000 -0.205863 -0.206855 -5.841118 -0.087314 0.131625 -0.002886 0.987442
109.000000 -0.206569 -0.236774 -5.894538 -0.089826 0.131676 -0.003216 0.987209
110.000000 -0.207657 -0.269344 -5.947683 -0.092536 0.131757 -0.003570 0.986947
111.000000 -0.209019 -0.303822 -6.000557 -0.095379 0.131858 -0.003940 0.986662
112.000000 -0.210654 -0.340208 -6.053129 -0.098352 0.131978 -0.004326 0.986352
113.000000 -0.212569 -0.378534 -6.105366 -0.101456 0.132118 -0.004727 0.986017
114.000000 -0.214766 -0.418827 -6.157235 -0.104691 0.132278 -0.005143 0.985655
115.000000 -0.217251 -0.461116 -6.208700 -0.108057 0.132457 -0.005574 0.985265
116.000000 -0.220043 -0.504641 -6.259787 -0.111493 0.132657 -0.006011 0.984853
117.000000 -0.223524 -0.533632 -6.311815 -0.113767 0.132914 -0.006285 0.984556
118.000000 -0.228123 -0.542836 -6.365389 -0.114505 0.133265 -0.006341 0.984423
119.000000 -0.234186 -0.534069 -6.420385 -0.113885 0.133733 -0.006198 0.984432
120.000000 -0.242074 -0.509217 -6.476526 -0.112088 0.134341 -0.005877 0.984558
121.000000 -0.252159 -0.470291 -6.533436 -0.109291 0.135113 -0.005398 0.984770
122.000000 -0.264795 -0.420663 -6.590722 -0.105669 0.136070 -0.004782 0.985036
123.000000 -0.280346 -0.362832 -6.648003 -0.101398 0.137236 -0.004054 0.985326
124.000000 -0.299196 -0.298772 -6.704920 -0.096655 0.138635 -0.003238 0.985610
125.000000 -0.321736 -0.230558 -6.761171 -0.091615 0.140289 -0.002359 0.985860
126.000000 -0.348345 -0.161220 -6.816498 -0.086521 0.142222 -0.001451 0.986045
127.000000 -0.379034 -0.110168 -6.870540 -0.082781 0.144427 -0.000717 0.986046
128.000000 -0.413775 -0.085432 -6.923563 -0.080950 0.146903 -0.000245 0.985833
129.000000 -0.452641 -0.087435 -6.975780 -0.081028 0.149650 -0.000040 0.985413
130.000000 -0.493840 -0.113062 -7.027273 -0.082768 0.152541 -0.000081 0.984825
131.000000 -0.529256 -0.149105 -7.078642 -0.085227 0.155008 -0.000274 0.984230
132.000000 -0.556718 -0.191004 -7.130089 -0.088090 0.156914 -0.000574 0.983676
133.000000 -0.575478 -0.235800 -7.181738 -0.091160 0.158222 -0.000949 0.983186
134.000000 -0.584778 -0.280452 -7.233755 -0.094239 0.158895 -0.001377 0.982787
135.000000 -0.583993 -0.322109 -7.286466 -0.097130 0.158899 -0.001835 0.982504
136.000000 -0.572965 -0.358611 -7.340099 -0.099636 0.158199 -0.002299 0.982365
137.000000 -0.551039 -0.387016 -7.394806 -0.101561 0.156759 -0.002743 0.982397
138.000000 -0.517437 -0.404602 -7.450772 -0.102737 0.154545 -0.003142 0.982625
139.000000 -0.471502 -0.412486 -7.507879 -0.103252 0.151530 -0.003515 0.983039
140.000000 -0.414645 -0.417638 -7.565460 -0.103572 0.147822 -0.003931 0.983568
141.000000 -0.355080 -0.438059 -7.621884 -0.104863 0.143959 -0.004518 0.984002
142.000000 -0.294585 -0.482580 -7.676386 -0.107671 0.140054 -0.005334 0.984258
143.000000 -0.233407 -0.558342 -7.728053 -0.112420 0.136116 -0.006422 0.984273
144.000000 -0.173690 -0.657751 -7.776565 -0.118613 0.132278 -0.007683 0.984060
145.000000 -0.122508 -0.729480 -7.825882 -0.123027 0.129008 -0.008634 0.983945
146.000000 -0.063545 -0.797577 -7.874586 -0.127218 0.125265 -0.009624 0.983886
147.000000 0.002198 -0.862554 -7.922478 -0.131252 0.121121 -0.010662 0.983864
148.000000 0.071769 -0.921914 -7.969720 -0.135006 0.116766 -0.011714 0.983871
149.000000 0.142467 -0.969943 -8.017151 -0.138103 0.112384 -0.012706 0.983939
150.000000 0.211987 -1.001648 -8.066169 -0.140036 0.108153 -0.013550 0.984129
151.000000 0.276309 -1.006436 -8.118158 -0.140293 0.104255 -0.014164 0.984504
152.000000 0.332544 -0.975063 -8.174440 -0.138357 0.100872 -0.014473 0.985126
153.000000 0.377810 -0.898146 -8.235842 -0.133706 0.098190 -0.014405 0.986039
154.000000 0.411173 -0.781655 -8.300651 -0.126746 0.096254 -0.014000 0.987155
155.000000 0.437033 -0.678086 -8.362955 -0.120615 0.094757 -0.013593 0.988073
156.000000 0.435371 -0.561174 -8.426206 -0.113766 0.094895 -0.012893 0.988881
157.000000 0.408350 -0.437057 -8.489394 -0.106559 0.096515 -0.011971 0.989539
158.000000 0.361209 -0.316573 -8.551352 -0.099616 0.099288 -0.010948 0.989999
159.000000 0.299372 -0.210845 -8.611474 -0.093556 0.102883 -0.009937 0.990234
160.000000 0.228355 -0.126366 -8.669786 -0.088723 0.106981 -0.009020 0.990253
161.000000 0.153570 -0.060671 -8.726639 -0.084950 0.111276 -0.008217 0.990118
162.000000 0.080294 -0.009787 -8.782344 -0.082015 0.115466 -0.007534 0.989891
163.000000 0.013874 0.030460 -8.837190 -0.079701 0.119247 -0.006968 0.989636
164.000000 -0.040204 0.064335 -8.891486 -0.077790 0.122314 -0.006513 0.989417
165.000000 -0.076299 0.095887 -8.945538 -0.076066 0.124363 -0.006164 0.989298
166.000000 -0.089714 0.130513 -8.999553 -0.074210 0.125149 -0.005896 0.989341
167.000000 -0.082279 0.175325 -9.053435 -0.071819 0.124790 -0.005644 0.989564
168.000000 -0.060150 0.231939 -9.106894 -0.068797 0.123631 -0.005364 0.989926
169.000000 -0.029817 0.301505 -9.159544 -0.065077 0.122030 -0.005022 0.990378
170.000000 0.002176 0.379965 -9.211185 -0.060869 0.120336 -0.004622 0.990855
171.000000 0.029316 0.453615 -9.262284 -0.056898 0.118888 -0.004232 0.991267
172.000000 0.045151 0.507820 -9.313854 -0.053942 0.118025 -0.003926 0.991537
173.000000 0.048865 0.533258 -9.366842 -0.052503 0.117791 -0.003764 0.991642
174.000000 0.049083 0.531786 -9.421347 -0.052481 0.117736 -0.003767 0.991650
175.000000 0.041989 0.505247 -9.477272 -0.053783 0.118069 -0.003911 0.991540
176.000000 0.019733 0.455189 -9.534333 -0.056333 0.119203 -0.004162 0.991262
177.000000 -0.022908 0.389623 -9.591720 -0.059722 0.121406 -0.004451 0.990795
178.000000 -0.088088 0.324530 -9.648316 -0.063124 0.124768 -0.004672 0.990165
179.000000 -0.178316 0.276107 -9.703197 -0.065692 0.129366 -0.004709 0.989407
180.000000 -0.292591 0.258582 -9.755573 -0.066693 0.135137 -0.004463 0.988570
181.000000 -0.407773 0.265235 -9.805937 -0.066470 0.140908 -0.004034 0.987781
182.000000 -0.511064 0.291964 -9.854989 -0.065222 0.146054 -0.003489 0.987118
183.000000 -0.599125 0.331786 -9.903349 -0.063292 0.150436 -0.002891 0.986588
184.000000 -0.678698 0.365948 -9.951478 -0.061599 0.154412 -0.002361 0.986082
185.000000 -0.746809 0.382867 -10.000287 -0.060697 0.157852 -0.001996 0.985593
186.000000 -0.800101 0.378352 -10.050640 -0.060821 0.160547 -0.001844 0.985151
187.000000 -0.834627 0.348128 -10.103250 -0.062200 0.162294 -0.001949 0.984778
188.000000 -0.846065 0.287600 -10.158563 -0.065064 0.162883 -0.002363 0.984495
189.000000 -0.829882 0.191945 -10.216560 -0.069645 0.162104 -0.003144 0.984308
190.000000 -0.784190 0.058232 -10.276250 -0.076058 0.159882 -0.004330 0.984192
191.000000 -0.730166 -0.094360 -10.334445 -0.083352 0.157252 -0.005692 0.984018
192.000000 -0.678050 -0.249080 -10.389950 -0.090713 0.154712 -0.007066 0.983761
193.000000 -0.634167 -0.391635 -10.442897 -0.097461 0.152569 -0.008319 0.983440
194.000000 -0.604746 -0.507960 -10.494246 -0.102945 0.151121 -0.009321 0.983096
195.000000 -0.592700 -0.591520 -10.545206 -0.106876 0.150502 -0.010005 0.982765
196.000000 -0.598258 -0.641852 -10.596624 -0.109251 0.150718 -0.010354 0.982467
197.000000 -0.621583 -0.658662 -10.648933 -0.110074 0.151770 -0.010358 0.982213
198.000000 -0.662858 -0.641634 -10.702161 -0.109346 0.153658 -0.010012 0.982004
199.000000 -0.722291 -0.590430 -10.755921 -0.107066 0.156381 -0.009317 0.981833
200.000000 -0.800093 -0.504703 -10.809409 -0.103232 0.159937 -0.008278 0.981679
201.000000 -0.893526 -0.388344 -10.861493 -0.098031 0.164190 -0.006942 0.981521
202.000000 -0.988753 -0.262605 -10.911573 -0.092422 0.168502 -0.005536 0.981343
203.000000 -1.080081 -0.138789 -10.959720 -0.086907 0.172617 -0.004176 0.981139
204.000000 -1.162913 -0.026764 -11.006578 -0.081916 0.176339 -0.002959 0.980911
205.000000 -1.233073 0.064445 -11.053226 -0.077835 0.179493 -0.001969 0.980673
206.000000 -1.289064 0.131123 -11.100642 -0.074818 0.182020 -0.001234 0.980443
207.000000 -1.330768 0.172064 -11.149563 -0.072947 0.183899 -0.000763 0.980234
208.000000 -1.357630 0.185490 -11.200536 -0.072303 0.185107 -0.000567 0.980055
209.000000 -1.369001 0.169478 -11.253866 -0.072964 0.185620 -0.000662 0.979909
210.000000 -1.364182 0.122009 -11.309564 -0.075010 0.185413 -0.001069 0.979793
211.000000 -1.345418 0.045218 -11.366904 -0.078329 0.184592 -0.001761 0.979687
212.000000 -1.326544 -0.040657 -11.423683 -0.082029 0.183764 -0.002523 0.979539
213.000000 -1.312794 -0.125878 -11.479210 -0.085686 0.183154 -0.003260 0.979338
214.000000 -1.308000 -0.202450 -11.533234 -0.088958 0.182927 -0.003894 0.979086
215.000000 -1.314518 -0.264132 -11.585827 -0.091586 0.183181 -0.004367 0.978794
216.000000 -1.331748 -0.310314 -11.637302 -0.093550 0.183887 -0.004673 0.978474
217.000000 -1.358201 -0.342161 -11.687939 -0.094904 0.184981 -0.004825 0.978137
218.000000 -1.392356 -0.360867 -11.737939 -0.095703 0.186396 -0.004837 0.977790
219.000000 -1.432676 -0.367635 -11.787446 -0.096001 0.188067 -0.004725 0.977442
220.000000 -1.477649 -0.363653 -11.836575 -0.095852 0.189927 -0.004506 0.977098
221.000000 -1.525746 -0.350117 -11.885431 -0.095309 0.191910 -0.004198 0.976765
222.000000 -1.575416 -0.328244 -11.934120 -0.094426 0.193951 -0.003816 0.976449
223.000000 -1.625076 -0.299274 -11.982764 -0.093256 0.195984 -0.003379 0.976157
224.000000 -1.673354 -0.264274 -12.031482 -0.091845 0.197952 -0.002901 0.975895
225.000000 -1.719930 -0.223443 -12.080280 -0.090202 0.199842 -0.002387 0.975664
226.000000 -1.764740 -0.176769 -12.129130 -0.088329 0.201653 -0.001835 0.975464
227.000000 -1.802690 -0.127588 -12.178705 -0.086363 0.203181 -0.001289 0.975324
228.000000 -1.819106 -0.085597 -12.231159 -0.084688 0.203843 -0.000879 0.975333
229.000000 -1.797974 -0.061359 -12.288922 -0.083720 0.203016 -0.000747 0.975590
230.000000 -1.734997 -0.063517 -12.352397 -0.083791 0.200548 -0.000978 0.976094
231.000000 -1.663077 -0.094366 -12.416467 -0.084975 0.197756 -0.001461 0.976560
232.000000 -1.621934 -0.154559 -12.475675 -0.087291 0.196187 -0.002051 0.976671
233.000000 -1.598838 -0.232828 -12.531887 -0.090301 0.195302 -0.002707 0.976573
234.000000 -1.537525 -0.310808 -12.592447 -0.093293 0.192885 -0.003497 0.976770
235.000000 -1.433574 -0.386235 -12.657325 -0.096188 0.188778 -0.004430 0.977288
236.000000 -1.288219 -0.459262 -12.725146 -0.098994 0.183108 -0.005509 0.978080
237.000000 -1.107802 -0.526658 -12.793869 -0.101583 0.176205 -0.006692 0.979075
238.000000 -0.911142 -0.579047 -12.861263 -0.103585 0.168780 -0.007845 0.980164
239.000000 -0.720411 -0.606399 -12.926334 -0.104599 0.161591 -0.008827 0.981259
240.000000 -0.543208 -0.599938 -12.989641 -0.104307 0.154919 -0.009562 0.982359
241.000000 -0.347588 -0.557585 -13.052671 -0.102636 0.147561 -0.010168 0.983661
242.000000 -0.094883 -0.478867 -13.114588 -0.099567 0.138076 -0.010794 0.985345
243.000000 0.197606 -0.375549 -13.171393 -0.095558 0.127130 -0.011441 0.987206
244.000000 0.467245 -0.266777 -13.221903 -0.091357 0.117069 -0.011971 0.988840
245.000000 0.706297 -0.154736 -13.267818 -0.087055 0.108174 -0.012353 0.990236
246.000000 0.914605 -0.039324 -13.310744 -0.082653 0.100444 -0.012589 0.991424
247.000000 1.092090 0.079593 -13.352045 -0.078148 0.093876 -0.012683 0.992431
248.000000 1.238716 0.202141 -13.392850 -0.073536 0.088469 -0.012658 0.993280
249.000000 1.354106 0.327472 -13.434112 -0.068846 0.084231 -0.012538 0.993986
250.000000 1.430773 0.434922 -13.478012 -0.064845 0.081426 -0.012379 0.994491
251.000000 1.455571 0.486259 -13.528435 -0.062940 0.080511 -0.012258 0.994689
252.000000 1.439619 0.469721 -13.585445 -0.063537 0.081057 -0.012231 0.994607
253.000000 1.418769 0.400819 -13.644422 -0.066019 0.081751 -0.012339 0.994387
254.000000 1.430618 0.296298 -13.700285 -0.069742 0.081240 -0.012615 0.994171
255.000000 1.513433 0.174012 -13.747921 -0.074061 0.078175 -0.013090 0.994099
256.000000 1.684413 0.044857 -13.783770 -0.078625 0.071987 -0.013784 0.994206
257.000000 1.933183 -0.091559 -13.805897 -0.083462 0.063060 -0.014711 0.994405
258.000000 2.246642 -0.237621 -13.811784 -0.088629 0.051825 -0.015884 0.994589
259.000000 2.612029 -0.394703 -13.798844 -0.094150 0.038687 -0.017284 0.994656
260.000000 3.024075 -0.543438 -13.764174 -0.099308 0.023781 -0.018857 0.994594
261.000000 3.488083 -0.644976 -13.704082 -0.102683 0.006899 -0.020594 0.994477
262.000000 3.989889 -0.686689 -13.618834 -0.103810 -0.011448 -0.022498 0.994277
263.000000 4.491341 -0.684654 -13.516298 -0.103279 -0.029883 -0.024492 0.993902
264.000000 4.955135 -0.655681 -13.409197 -0.101728 -0.047035 -0.026435 0.993348
265.000000 5.346184 -0.615414 -13.314683 -0.099788 -0.061575 -0.028135 0.992703
266.000000 5.650493 -0.570902 -13.245110 -0.097768 -0.072935 -0.029476 0.992095
267.000000 5.878745 -0.519792 -13.202233 -0.095586 -0.081468 -0.030500 0.991613
268.000000 6.042579 -0.459498 -13.185005 -0.093137 -0.087581 -0.031284 0.991300
269.000000 6.152959 -0.387438 -13.190832 -0.090311 -0.091669 -0.031898 0.991173
270.000000 6.220109 -0.300938 -13.216144 -0.087002 -0.094111 -0.032403 0.991223
271.000000 6.249581 -0.198272 -13.258675 -0.083145 -0.095116 -0.032828 0.991444
272.000000 6.241414 -0.078998 -13.318181 -0.078733 -0.094693 -0.033176 0.991833
273.000000 6.195155 0.057263 -13.394191 -0.073766 -0.092836 -0.033450 0.992382
274.000000 6.110219 0.210809 -13.485840 -0.068240 -0.089541 -0.033663 0.993072
275.000000 5.985932 0.381833 -13.591849 -0.062158 -0.084800 -0.033836 0.993882
276.000000 5.821597 0.570545 -13.710508 -0.055519 -0.078612 -0.033987 0.994778
277.000000 5.631970 0.772207 -13.833665 -0.048489 -0.071538 -0.034141 0.995673
278.000000 5.443112 0.956785 -13.951619 -0.042115 -0.064561 -0.034270 0.996436
279.000000 5.264733 1.087446 -14.064525 -0.037678 -0.058059 -0.034310 0.997012
280.000000 5.104350 1.152508 -14.172697 -0.035541 -0.052298 -0.034261 0.997411
281.000000 4.967866 1.157655 -14.275292 -0.035455 -0.047457 -0.034148 0.997660
282.000000 4.860558 1.109392 -14.370725 -0.037162 -0.043713 -0.033982 0.997774
283.000000 4.787396 1.015356 -14.456825 -0.040406 -0.041242 -0.033769 0.997761
284.000000 4.754192 0.883458 -14.531031 -0.044935 -0.040222 -0.033528 0.997617
285.000000 4.766956 0.720710 -14.590448 -0.050498 -0.040832 -0.033293 0.997334
286.000000 4.831667 0.533819 -14.631849 -0.056835 -0.043246 -0.033110 0.996897
287.000000 4.937559 0.335335 -14.657082 -0.063518 -0.047070 -0.032993 0.996324
288.000000 5.062220 0.164245 -14.672191 -0.069239 -0.051491 -0.032974 0.995725
289.000000 5.201367 0.065478 -14.679031 -0.072478 -0.056316 -0.033136 0.995227
290.000000 5.353093 0.053160 -14.679270 -0.072760 -0.061463 -0.033523 0.994889
291.000000 5.516616 0.113754 -14.673097 -0.070544 -0.066924 -0.034123 0.994676
292.000000 5.691105 0.231846 -14.659737 -0.066348 -0.072687 -0.034904 0.994533
293.000000 5.875687 0.392025 -14.638113 -0.060687 -0.078744 -0.035822 0.994401
294.000000 6.069413 0.578858 -14.607389 -0.054079 -0.085084 -0.036822 0.994223
295.000000 6.271272 0.777011 -14.567345 -0.047039 -0.091695 -0.037851 0.993955
296.000000 6.480232 0.971510 -14.518563 -0.040081 -0.098568 -0.038853 0.993563
297.000000 6.695270 1.147470 -14.462449 -0.033722 -0.105693 -0.039775 0.993031
298.000000 6.915420 1.290067 -14.401121 -0.028477 -0.113061 -0.040562 0.992351
299.000000 7.131880 1.385258 -14.341009 -0.024853 -0.120394 -0.041146 0.991562
300.000000 7.261981 1.428792 -14.325871 -0.023145 -0.124840 -0.041396 0.991043
301.000000 7.244283 1.432153 -14.388621 -0.023053 -0.124263 -0.041315 0.991121
302.000000 7.108166 1.412977 -14.511669 -0.023904 -0.119698 -0.041051 0.991673
303.000000 6.889039 1.389498 -14.671830 -0.025008 -0.112408 -0.040730 0.992512
304.000000 6.622403 1.380734 -14.846804 -0.025676 -0.103624 -0.040454 0.993462
305.000000 6.348166 1.406669 -15.016290 -0.025208 -0.094582 -0.040304 0.994381
306.000000 6.106960 1.486203 -15.162739 -0.022957 -0.086517 -0.040345 0.995168
307.000000 5.921051 1.611831 -15.279203 -0.019156 -0.080170 -0.040553 0.995772
308.000000 5.799708 1.754590 -15.366443 -0.014732 -0.075881 -0.040861 0.996170
309.000000 5.756164 1.890176 -15.423433 -0.010432 -0.074117 -0.041214 0.996343
310.000000 5.867025 2.014029 -15.422391 -0.006272 -0.077370 -0.041613 0.996114
311.000000 6.183322 2.120417 -15.339941 -0.002339 -0.087344 -0.042002 0.995290
312.000000 6.655204 2.198542 -15.185413 0.000935 -0.102545 -0.042256 0.993830
313.000000 7.223449 2.238559 -14.972296 0.003101 -0.121184 -0.042289 0.991724
314.000000 7.830518 2.231051 -14.719263 0.003718 -0.141482 -0.042057 0.989040
315.000000 8.422967 2.166372 -14.452166 0.002348 -0.161698 -0.041515 0.985964
316.000000 8.952580 2.036844 -14.203144 -0.001392 -0.180161 -0.040591 0.982798
317.000000 9.389861 1.858881 -13.996441 -0.007018 -0.195718 -0.039346 0.979845
318.000000 9.718619 1.665816 -13.848523 -0.013382 -0.207623 -0.037996 0.977379
319.000000 9.925822 1.483877 -13.775304 -0.019536 -0.215266 -0.036738 0.975669
320.000000 10.012871 1.317308 -13.782758 -0.025286 -0.218626 -0.035584 0.974832
321.000000 10.005682 1.167564 -13.855046 -0.030535 -0.218619 -0.034504 0.974722
322.000000 9.941584 1.037388 -13.965129 -0.035146 -0.216583 -0.033497 0.975056
323.000000 9.858663 0.929592 -14.085394 -0.038987 -0.213863 -0.032594 0.975541
324.000000 9.796206 0.847046 -14.188814 -0.041928 -0.211807 -0.031859 0.975892
325.000000 9.748726 0.794521 -14.280149 -0.043829 -0.210196 -0.031322 0.976174
326.000000 9.479565 0.784044 -14.516426 -0.044511 -0.201010 -0.030794 0.978093
327.000000 9.043944 0.813457 -14.844807 -0.044021 -0.186421 -0.030292 0.981016
328.000000 8.558508 0.878291 -15.179320 -0.042430 -0.170530 -0.029925 0.983984
329.000000 8.142375 0.973986 -15.451954 -0.039802 -0.157223 -0.029823 0.986310
330.000000 7.858096 1.093633 -15.640475 -0.036308 -0.148320 -0.030031 0.987816
331.000000 7.699234 1.226923 -15.763564 -0.032275 -0.143186 -0.030474 0.988700
332.000000 7.628699 1.363338 -15.844075 -0.028067 -0.140650 -0.031036 0.989175
333.000000 7.604544 1.492634 -15.902699 -0.024046 -0.139509 -0.031605 0.989424
334.000000 7.583986 1.604674 -15.959425 -0.020573 -0.138558 -0.032068 0.989621
335.000000 7.577172 1.687172 -16.010334 -0.018026 -0.138175 -0.032354 0.989715
336.000000 7.851911 1.717744 -15.929257 -0.016792 -0.146640 -0.032588 0.988510
337.000000 8.340123 1.692223 -15.736553 -0.017080 -0.161918 -0.032663 0.986116
338.000000 8.904301 1.612202 -15.487348 -0.019020 -0.179841 -0.032458 0.982976
339.000000 9.424227 1.479522 -15.244482 -0.022730 -0.196639 -0.031878 0.979694
340.000000 9.851516 1.305487 -15.042449 -0.027923 -0.210675 -0.030957 0.976667
341.000000 10.188132 1.109356 -14.886835 -0.033972 -0.221894 -0.029831 0.974022
342.000000 10.436868 0.910465 -14.781435 -0.040234 -0.230291 -0.028626 0.971868
343.000000 10.599850 0.728265 -14.729352 -0.046059 -0.235867 -0.027463 0.970305
344.000000 10.678413 0.582267 -14.733056 -0.050794 -0.238625 -0.026467 0.969421
345.000000 10.673010 0.491794 -14.794146 -0.053790 -0.238566 -0.025781 0.969293
346.000000 10.583221 0.476509 -14.912716 -0.054403 -0.235688 -0.025545 0.969969
347.000000 10.426904 0.535935 -15.074004 -0.052666 -0.230618 -0.025748 0.971277
348.000000 10.277918 0.607177 -15.226969 -0.050574 -0.225815 -0.026004 0.972509
349.000000 10.174260 0.663819 -15.348141 -0.048909 -0.222484 -0.026214 0.973356
350.000000 10.116881 0.708175 -15.438800 -0.047559 -0.220610 -0.026426 0.973843
351.000000 10.105172 0.735522 -15.500913 -0.046650 -0.220144 -0.026609 0.973988
352.000000 10.137558 0.741927 -15.536010 -0.046314 -0.221037 -0.026714 0.973799
353.000000 10.210450 0.725502 -15.545060 -0.046689 -0.223248 -0.026698 0.973277
354.000000 10.321752 0.682242 -15.528447 -0.047926 -0.226740 -0.026534 0.972413
355.000000 10.470565 0.606672 -15.486052 -0.050179 -0.231478 -0.026200 0.971192
356.000000 10.655400 0.494216 -15.417491 -0.053591 -0.237413 -0.025647 0.969590
357.000000 10.854320 0.363618 -15.335632 -0.057598 -0.243836 -0.024945 0.967783
358.000000 10.990128 0.295455 -15.293879 -0.059703 -0.248232 -0.024611 0.966546
359.000000 11.025618 0.328411 -15.321354 -0.058681 -0.249375 -0.024940 0.966306
360.000000 10.980156 0.436611 -15.404913 -0.055351 -0.247902 -0.025747 0.966860
361.000000 10.907119 0.549354 -15.506833 -0.051919 -0.245562 -0.026521 0.967626
362.000000 10.827011 0.643657 -15.613243 -0.049075 -0.243015 -0.027120 0.968401
363.000000 10.749355 0.712480 -15.718296 -0.047002 -0.240552 -0.027527 0.969107
364.000000 10.683708 0.749016 -15.816463 -0.045873 -0.238460 -0.027719 0.969672
365.000000 10.638964 0.747795 -15.902347 -0.045856 -0.237023 -0.027660 0.970027
366.000000 10.622972 0.704945 -15.970384 -0.047117 -0.236522 -0.027307 0.970099
367.000000 10.644998 0.614400 -16.014429 -0.049832 -0.237242 -0.026631 0.969806
368.000000 10.714830 0.469322 -16.027400 -0.054181 -0.239468 -0.025612 0.969053
369.000000 10.841896 0.263498 -16.001003 -0.060339 -0.243476 -0.024230 0.967725
370.000000 11.013794 0.020283 -15.939905 -0.067615 -0.248867 -0.022638 0.965909
371.000000 11.183517 -0.191836 -15.874744 -0.073971 -0.254171 -0.021285 0.964091
372.000000 11.339525 -0.356736 -15.815465 -0.078909 -0.259029 -0.020301 0.962427
373.000000 11.481958 -0.474970 -15.763927 -0.082435 -0.263447 -0.019696 0.960943
374.000000 11.611019 -0.546845 -15.721492 -0.084552 -0.267432 -0.019466 0.959662
375.000000 11.726939 -0.572427 -15.689045 -0.085263 -0.270991 -0.019606 0.958598
376.000000 11.829950 -0.551682 -15.667015 -0.084566 -0.274129 -0.020108 0.957757
377.000000 11.920246 -0.484592 -15.655392 -0.082463 -0.276849 -0.020970 0.957139
378.000000 11.997978 -0.371015 -15.653733 -0.078951 -0.279152 -0.022192 0.956739
379.000000 12.063238 -0.210758 -15.661168 -0.074030 -0.281034 -0.023775 0.956543
380.000000 12.109964 -0.009702 -15.681110 -0.067887 -0.282310 -0.025658 0.956574
381.000000 12.108917 0.203716 -15.735072 -0.061422 -0.282109 -0.027528 0.957018
382.000000 12.024971 0.395720 -15.849807 -0.055707 -0.279414 -0.029020 0.958114
383.000000 11.851589 0.543305 -16.029128 -0.051444 -0.274099 -0.029953 0.959857
384.000000 11.632085 0.642228 -16.238499 -0.048682 -0.267524 -0.030422 0.961840
385.000000 11.416422 0.689986 -16.441505 -0.047409 -0.261190 -0.030524 0.963639
386.000000 11.245092 0.685519 -16.612422 -0.047610 -0.256236 -0.030309 0.964965
387.000000 11.123472 0.629614 -16.750816 -0.049271 -0.252749 -0.029760 0.965818
388.000000 11.049075 0.522877 -16.859826 -0.052378 -0.250621 -0.028862 0.966236
389.000000 11.017315 0.365111 -16.941674 -0.056922 -0.249736 -0.027618 0.966245
390.000000 11.029794 0.162677 -16.993368 -0.062704 -0.250160 -0.026096 0.965819
391.000000 11.113233 -0.053055 -16.995352 -0.068807 -0.252644 -0.024594 0.964796
392.000000 11.300866 -0.244331 -16.924497 -0.074154 -0.258101 -0.023473 0.962982
393.000000 11.592852 -0.386081 -16.777811 -0.078040 -0.266542 -0.022960 0.960384
394.000000 11.935218 -0.476030 -16.588167 -0.080417 -0.276462 -0.023018 0.957378
395.000000 12.271160 -0.514458 -16.394533 -0.081298 -0.286244 -0.023553 0.954411
396.000000 12.559313 -0.501266 -16.229738 -0.080690 -0.294669 -0.024469 0.951872
397.000000 12.795095 -0.436410 -16.100861 -0.078587 -0.301569 -0.025732 0.949852
398.000000 12.979997 -0.320050 -16.009352 -0.074989 -0.306955 -0.027342 0.948371
399.000000 13.120602 -0.160727 -15.951111 -0.070141 -0.311002 -0.029246 0.947366
400.000000 13.235579 0.014087 -15.911032 -0.064841 -0.314271 -0.031235 0.946601
401.000000 13.344992 0.174174 -15.872922 -0.059966 -0.317378 -0.033061 0.945823
402.000000 13.465356 0.294784 -15.823905 -0.056230 -0.320841 -0.034515 0.944832
403.000000 13.598484 0.376009 -15.763081 -0.053623 -0.324716 -0.035592 0.943619
404.000000 13.742010 0.425063 -15.692448 -0.051937 -0.328931 -0.036352 0.942224
405.000000 13.893224 0.449577 -15.613738 -0.050970 -0.333413 -0.036864 0.940680
406.000000 14.049415 0.456989 -15.528558 -0.050524 -0.338092 -0.037200 0.939019
407.000000 14.208004 0.454488 -15.438534 -0.050401 -0.342895 -0.037433 0.937273
408.000000 14.366851 0.448785 -15.345396 -0.050401 -0.347747 -0.037628 0.935476
409.000000 14.518764 0.454481 -15.255690 -0.050082 -0.352406 -0.037924 0.933736
410.000000 14.644943 0.503757 -15.186990 -0.048468 -0.356244 -0.038672 0.932333
411.000000 14.731136 0.622304 -15.152830 -0.044762 -0.358770 -0.040193 0.931485
412.000000 14.813899 0.764532 -15.119337 -0.040305 -0.361148 -0.042022 0.930689
413.000000 14.963679 0.831600 -15.022023 -0.038039 -0.365684 -0.043044 0.928965
414.000000 15.148664 0.831510 -14.890815 -0.037795 -0.371414 -0.043207 0.926691
415.000000 15.209559 0.907321 -14.880141 -0.035347 -0.373164 -0.044103 0.926042
416.000000 15.060659 1.146214 -15.070359 -0.028098 -0.368136 -0.046880 0.928164
417.000000 14.880492 1.440869 -15.277454 -0.019303 -0.362141 -0.050288 0.930565
418.000000 14.784553 1.713213 -15.393091 -0.011254 -0.358888 -0.053436 0.931782
419.000000 14.774448 1.949853 -15.423446 -0.004257 -0.358350 -0.056211 0.931884
420.000000 14.848744 2.137832 -15.379465 0.001500 -0.360301 -0.058513 0.930998
421.000000 14.995666 2.277622 -15.275499 0.006101 -0.364306 -0.060280 0.929306
422.000000 15.145280 2.445301 -15.161762 0.011601 -0.368322 -0.062299 0.927536
423.000000 15.210911 2.741692 -15.103076 0.020868 -0.369586 -0.065876 0.926624
424.000000 15.220045 3.143452 -15.071037 0.033246 -0.368921 -0.070782 0.926165
425.000000 15.336118 3.476296 -14.933095 0.043822 -0.371707 -0.074807 0.924293
426.000000 15.642856 3.615147 -14.631147 0.049037 -0.380932 -0.076334 0.920141
427.000000 15.953007 3.654192 -14.335618 0.051153 -0.390695 -0.076442 0.915914
428.000000 16.159266 3.649078 -14.157068 0.051522 -0.397400 -0.075900 0.913049
429.000000 16.284786 3.600245 -14.078064 0.050249 -0.401661 -0.074808 0.911344
430.000000 16.401769 3.576998 -14.000858 0.049810 -0.405565 -0.074154 0.909691
431.000000 16.514122 3.605473 -13.914886 0.051060 -0.409162 -0.074334 0.907994
432.000000 16.579989 3.651684 -13.879397 0.052746 -0.411173 -0.074889 0.906943
433.000000 16.611749 3.696266 -13.886074 0.054225 -0.412052 -0.075471 0.906409
434.000000 16.621187 3.727871 -13.923622 0.055158 -0.412232 -0.075876 0.906237
435.000000 16.613611 3.745267 -13.982647 0.055621 -0.411958 -0.076109 0.906314
436.000000 16.596609 3.749803 -14.053732 0.055725 -0.411461 -0.076203 0.906525
437.000000 16.579707 3.745286 -14.127305 0.055585 -0.410971 -0.076193 0.906757
438.000000 16.571542 3.743381 -14.190385 0.055580 -0.410731 -0.076227 0.906863
439.000000 16.568073 3.751765 -14.245872 0.055924 -0.410594 -0.076411 0.906888
440.000000 16.517920 3.707931 -14.369521 0.054468 -0.409107 -0.075916 0.907690
441.000000 16.436281 3.593285 -14.546146 0.050694 -0.406825 -0.074458 0.909054
442.000000 16.387077 3.452569 -14.690352 0.046204 -0.405629 -0.072592 0.909978
443.000000 16.378736 3.318172 -14.786041 0.042007 -0.405677 -0.070748 0.910306
444.000000 16.415917 3.221860 -14.822018 0.039077 -0.407026 -0.069344 0.909942
445.000000 16.500352 3.191285 -14.790851 0.038254 -0.409672 -0.068755 0.908833
446.000000 16.610680 3.216924 -14.717546 0.039220 -0.412988 -0.068919 0.907278
447.000000 16.713060 3.269580 -14.645458 0.041030 -0.416007 -0.069509 0.905772
448.000000 16.773383 3.313467 -14.621476 0.042508 -0.417762 -0.070061 0.904853
449.000000 16.782891 3.325923 -14.661231 0.042935 -0.418047 -0.070242 0.904687
450.000000 16.763198 3.316517 -14.737424 0.042675 -0.417521 -0.070166 0.904948
451.000000 16.738240 3.297446 -14.820640 0.042145 -0.416874 -0.069974 0.905286
452.000000 16.729927 3.279004 -14.885545 0.041661 -0.416719 -0.069761 0.905397
453.000000 16.740129 3.250764 -14.934230 0.040860 -0.417099 -0.069358 0.905289
454.000000 16.760672 3.191627 -14.980630 0.039076 -0.417807 -0.068477 0.905108
455.000000 16.784579 3.082631 -15.034703 0.035762 -0.418699 -0.066881 0.904952
456.000000 16.828091 2.941030 -15.072381 0.031520 -0.420246 -0.064805 0.904544
457.000000 16.920448 2.805152 -15.051520 0.027578 -0.423265 -0.062748 0.903410
458.000000 17.090388 2.713868 -14.930977 0.025135 -0.428561 -0.061206 0.901087
459.000000 17.336729 2.671725 -14.707114 0.024325 -0.436136 -0.060278 0.897530
460.000000 17.626253 2.645649 -14.418543 0.024110 -0.445105 -0.059580 0.893169
461.000000 17.925646 2.604618 -14.107029 0.023469 -0.454550 -0.058680 0.888476
462.000000 18.205637 2.532055 -13.812076 0.021778 -0.463596 -0.057280 0.883925
463.000000 18.457308 2.434492 -13.546561 0.019172 -0.471920 -0.055426 0.879689
464.000000 18.680390 2.325379 -13.311455 0.016062 -0.479446 -0.053328 0.875802
465.000000 18.874663 2.216820 -13.107955 0.012849 -0.486104 -0.051219 0.872304
466.000000 19.039790 2.120446 -12.937586 0.009935 -0.491828 -0.049334 0.869237
467.000000 19.175296 2.047623 -12.802121 0.007721 -0.496552 -0.047901 0.866650
468.000000 19.280525 2.009778 -12.703386 0.006614 -0.500211 -0.047148 0.864594
469.000000 19.354636 2.018183 -12.642967 0.007016 -0.502740 -0.047307 0.863114
470.000000 19.396555 2.084125 -12.621823 0.009323 -0.504065 -0.048618 0.862246
471.000000 19.412475 2.207373 -12.630261 0.013534 -0.504384 -0.051077 0.861861
472.000000 19.431691 2.344070 -12.630038 0.018208 -0.504773 -0.053788 0.861382
473.000000 19.452809 2.468334 -12.628099 0.022475 -0.505230 -0.056253 0.860856
474.000000 19.461257 2.565473 -12.650405 0.025811 -0.505291 -0.058196 0.860597
475.000000 19.442216 2.620936 -12.723317 0.027693 -0.504494 -0.059339 0.860928
476.000000 19.385465 2.624767 -12.863635 0.027774 -0.502546 -0.059510 0.862052
477.000000 19.307677 2.592891 -13.039665 0.026623 -0.500035 -0.059021 0.863581
478.000000 19.236734 2.549620 -13.204609 0.025109 -0.497833 -0.058314 0.864946
479.000000 19.194362 2.519164 -13.324232 0.024045 -0.496561 -0.057788 0.865742
480.000000 19.090459 2.503070 -13.529000 0.023260 -0.493272 -0.057532 0.867659
481.000000 18.871442 2.493361 -13.889086 0.022397 -0.486352 -0.057464 0.871584
482.000000 18.597874 2.518731 -14.303207 0.022517 -0.477827 -0.058054 0.876244
483.000000 18.370834 2.587349 -14.634694 0.024057 -0.470837 -0.059327 0.879894
484.000000 18.236216 2.698280 -14.833445 0.027071 -0.466666 -0.061212 0.881898
485.000000 18.198658 2.853150 -14.904904 0.031605 -0.465222 -0.063710 0.882332
486.000000 18.251358 3.047771 -14.861777 0.037525 -0.466207 -0.066749 0.881356
487.000000 18.347528 3.247674 -14.761956 0.043736 -0.468414 -0.069836 0.879658
488.000000 18.430080 3.411129 -14.680458 0.048852 -0.470370 -0.072340 0.878142
489.000000 18.454702 3.499627 -14.683341 0.051559 -0.470885 -0.073645 0.877602
490.000000 18.502138 3.496170 -14.676167 0.051566 -0.472388 -0.073400 0.876814
491.000000 18.692523 3.407664 -14.504714 0.049395 -0.478422 -0.071570 0.873813
492.000000 19.055287 3.283501 -14.105852 0.046513 -0.489863 -0.068802 0.867835
493.000000 19.373614 3.159797 -13.748063 0.043412 -0.500106 -0.065976 0.862355
494.000000 19.613944 3.043565 -13.486448 0.040279 -0.507955 -0.063381 0.858104
495.000000 19.785580 2.940256 -13.317389 0.037347 -0.513560 -0.061159 0.855056
496.000000 19.892939 2.856755 -13.235557 0.034866 -0.517077 -0.059422 0.853162
497.000000 19.936171 2.799254 -13.235363 0.033089 -0.518643 -0.058272 0.852361
498.000000 19.923750 2.774131 -13.309930 0.032251 -0.518383 -0.057829 0.852581
499.000000 19.860108 2.789275 -13.450975 0.032592 -0.516431 -0.058202 0.853727
500.000000 19.803740 2.829278 -13.574899 0.033709 -0.514681 -0.058971 0.854687
501.000000 19.855906 2.815388 -13.552328 0.033377 -0.516439 -0.058600 0.853665
502.000000 19.932937 2.716136 -13.512830 0.030443 -0.519094 -0.056624 0.852296
503.000000 20.083854 2.573647 -13.373687 0.026308 -0.524083 -0.053752 0.849562
504.000000 20.268141 2.447123 -13.180471 0.022688 -0.530023 -0.051068 0.846140
505.000000 20.442418 2.393473 -12.985859 0.021304 -0.535489 -0.049740 0.842807
506.000000 20.492398 2.456070 -12.955787 0.023386 -0.536865 -0.050928 0.841805
507.000000 20.424895 2.610966 -13.082791 0.028132 -0.534456 -0.054110 0.842993
508.000000 20.312576 2.818601 -13.258172 0.034331 -0.530661 -0.058258 0.844882
509.000000 20.227548 3.038226 -13.380482 0.040863 -0.527795 -0.062458 0.846086
510.000000 20.187768 3.251112 -13.431979 0.047294 -0.526347 -0.066406 0.846352
511.000000 20.076084 3.502940 -13.584563 0.054831 -0.522337 -0.071281 0.847984
512.000000 19.846740 3.797412 -13.896251 0.063351 -0.514392 -0.077226 0.851718
513.000000 19.545269 4.086457 -14.297493 0.071337 -0.504277 -0.083140 0.856565
514.000000 19.220826 4.322234 -14.724443 0.077439 -0.493802 -0.087994 0.861638
515.000000 18.932514 4.451235 -15.115470 0.080355 -0.484937 -0.090820 0.866101
516.000000 18.825570 4.422274 -15.313873 0.079272 -0.481892 -0.090734 0.867908
517.000000 18.916724 4.268192 -15.300281 0.075229 -0.484882 -0.088230 0.866859
518.000000 19.139869 4.052759 -15.134203 0.069733 -0.491841 -0.084288 0.863785
519.000000 19.427886 3.836164 -14.874863 0.064221 -0.500746 -0.079927 0.859500
520.000000 19.719316 3.669568 -14.584046 0.060023 -0.509723 -0.076224 0.854851
521.000000 19.967830 3.589649 -14.317050 0.058221 -0.517301 -0.074151 0.850595
522.000000 20.187637 3.577443 -14.063473 0.058394 -0.523919 -0.073465 0.846583
523.000000 20.454634 3.533349 -13.739101 0.057764 -0.532132 -0.072149 0.841602
524.000000 20.725866 3.432487 -13.408711 0.055398 -0.540750 -0.069707 0.836458
525.000000 20.865636 3.346135 -13.268088 0.053121 -0.545314 -0.067767 0.833798
526.000000 20.897652 3.279733 -13.289153 0.051214 -0.546456 -0.066434 0.833276
527.000000 20.855993 3.232954 -13.418745 0.049775 -0.545270 -0.065661 0.834201
528.000000 20.770871 3.209503 -13.603228 0.048897 -0.542815 -0.065391 0.835874
529.000000 20.677404 3.212074 -13.789734 0.048691 -0.540142 -0.065550 0.837603
530.000000 20.616647 3.238840 -13.925878 0.049262 -0.538315 -0.066088 0.838703
531.000000 20.634516 3.255720 -13.952498 0.049719 -0.538784 -0.066302 0.838358
532.000000 20.756279 3.180872 -13.849096 0.047688 -0.542520 -0.064597 0.836197
533.000000 20.869435 3.109432 -13.757079 0.045754 -0.545959 -0.062971 0.834188
534.000000 20.965469 3.082583 -13.678682 0.045171 -0.548784 -0.062275 0.832416
535.000000 21.131588 3.043207 -13.489896 0.044419 -0.553832 -0.061239 0.829184
536.000000 21.291971 2.999347 -13.301049 0.043552 -0.558841 -0.060145 0.825943
537.000000 21.391839 2.960523 -13.197723 0.042640 -0.562127 -0.059225 0.823825
538.000000 21.434911 2.920973 -13.181358 0.041501 -0.563745 -0.058314 0.822842
539.000000 21.428641 2.872916 -13.245875 0.039918 -0.563876 -0.057201 0.822908
540.000000 21.365035 2.808200 -13.407779 0.037650 -0.562245 -0.055719 0.824232
541.000000 21.208520 2.749815 -13.716393 0.035399 -0.557705 -0.054456 0.827494
542.000000 20.919318 2.791376 -14.200881 0.035945 -0.549018 -0.055430 0.833196
543.000000 20.537652 2.936641 -14.776995 0.039299 -0.537652 -0.058480 0.840218
544.000000 20.123575 3.170420 -15.347286 0.044937 -0.525521 -0.063035 0.847252
545.000000 19.745622 3.473848 -15.823665 0.052351 -0.514531 -0.068550 0.853123
546.000000 19.480312 3.822758 -16.126390 0.061055 -0.506620 -0.074521 0.856770
547.000000 19.350622 4.154406 -16.256257 0.069534 -0.502357 -0.080000 0.858139
548.000000 19.305163 4.414039 -16.297467 0.076303 -0.500461 -0.084226 0.858267
549.000000 19.302625 4.601015 -16.303756 0.081270 -0.499867 -0.087224 0.857858
550.000000 19.318266 4.714620 -16.306937 0.084362 -0.499954 -0.089011 0.857325
551.000000 19.346853 4.752424 -16.315097 0.085516 -0.500603 -0.089574 0.856773
552.000000 19.384921 4.712965 -16.334134 0.084663 -0.501722 -0.088898 0.856273
553.000000 19.429226 4.594726 -16.368879 0.081726 -0.503209 -0.086964 0.855885
554.000000 19.475843 4.394250 -16.422913 0.076627 -0.504952 -0.083743 0.855651
555.000000 19.520738 4.107855 -16.498560 0.069287 -0.506829 -0.079201 0.855600
556.000000 19.561322 3.735892 -16.593907 0.059744 -0.508735 -0.073359 0.855709
557.000000 19.625597 3.359946 -16.653611 0.050179 -0.511185 -0.067418 0.855352
558.000000 19.744840 3.076890 -16.622672 0.043103 -0.514800 -0.062798 0.853920
559.000000 19.901171 2.882964 -16.526222 0.038354 -0.519171 -0.059507 0.851733
560.000000 20.070479 2.763305 -16.397122 0.035508 -0.523741 -0.057375 0.849201
561.000000 20.229257 2.703241 -16.267314 0.034157 -0.527947 -0.056210 0.846726
562.000000 20.313954 2.730475 -16.212172 0.034967 -0.530098 -0.056582 0.845323
563.000000 20.271800 2.864540 -16.294834 0.038373 -0.528790 -0.058866 0.845839
564.000000 20.165719 3.005151 -16.451978 0.041814 -0.525856 -0.061263 0.847333
565.000000 20.050154 3.075514 -16.629900 0.043405 -0.522851 -0.062495 0.849021
566.000000 19.936068 3.107675 -16.810617 0.044020 -0.519981 -0.063117 0.850705
567.000000 19.812030 3.124909 -17.005531 0.044273 -0.516859 -0.063559 0.852559
568.000000 19.667882 3.146786 -17.223850 0.044660 -0.513160 -0.064160 0.854725
569.000000 19.513464 3.204770 -17.445514 0.045881 -0.509145 -0.065300 0.856973
570.000000 19.356674 3.282909 -17.662382 0.047471 -0.505098 -0.066640 0.859175
571.000000 19.206583 3.356137 -17.868568 0.048861 -0.501294 -0.067803 0.861231
572.000000 19.118136 3.347579 -18.020471 0.048382 -0.499183 -0.067719 0.862490
573.000000 19.136288 3.189415 -18.084376 0.044594 -0.499918 -0.065492 0.862441
574.000000 19.187169 2.971829 -18.120849 0.039531 -0.501535 -0.062444 0.861975
575.000000 19.260486 2.849020 -18.115552 0.036806 -0.503512 -0.060687 0.861068
576.000000 19.327568 2.816563 -18.102057 0.036226 -0.505180 -0.060195 0.860149
577.000000 19.358914 2.830056 -18.120072 0.036661 -0.505908 -0.060390 0.859689
578.000000 19.324738 2.846992 -18.208549 0.037024 -0.505059 -0.060704 0.860151
579.000000 19.200552 2.871066 -18.391259 0.037334 -0.502077 -0.061168 0.861849
580.000000 18.987894 2.930630 -18.655762 0.038286 -0.497040 -0.062140 0.864653
581.000000 18.761827 2.933044 -18.935980 0.037884 -0.491871 -0.062324 0.867608
582.000000 18.600985 2.806407 -19.165978 0.034690 -0.488452 -0.060810 0.869778
583.000000 18.527711 2.657440 -19.311441 0.031214 -0.487046 -0.058998 0.870822
584.000000 18.538545 2.597270 -19.364059 0.029943 -0.487355 -0.058269 0.870743
585.000000 18.571848 2.573924 -19.391715 0.029585 -0.488062 -0.058002 0.870377
586.000000 18.634239 2.558955 -19.390875 0.029415 -0.489406 -0.057757 0.869644
587.000000 18.745326 2.533871 -19.343550 0.028979 -0.491898 -0.057245 0.868285
588.000000 18.926429 2.473041 -19.230319 0.027790 -0.496054 -0.056208 0.866025
589.000000 19.194993 2.343344 -19.033880 0.025176 -0.502316 -0.054268 0.862612
590.000000 19.518947 2.082704 -18.786887 0.019647 -0.510065 -0.050552 0.858424
591.000000 19.785798 1.738127 -18.595097 0.012062 -0.516652 -0.045638 0.854893
592.000000 19.949849 1.559239 -18.488201 0.008145 -0.520677 -0.043059 0.852628
593.000000 20.047512 1.511336 -18.438757 0.007200 -0.523026 -0.042404 0.851231
594.000000 20.119494 1.481859 -18.414590 0.006678 -0.524766 -0.042054 0.850181
595.000000 20.188613 1.448156 -18.394228 0.006023 -0.526432 -0.041625 0.849176
596.000000 20.256073 1.432100 -18.376318 0.005677 -0.528000 -0.041380 0.848217
597.000000 20.313547 1.423469 -18.370291 0.005491 -0.529292 -0.041231 0.847419
598.000000 20.344474 1.383833 -18.396171 0.004589 -0.529998 -0.040652 0.847012
599.000000 20.334839 1.282689 -18.470286 0.002242 -0.529853 -0.039191 0.847181
600.000000 20.296960 1.156593 -18.574791 -0.000686 -0.529115 -0.037382 0.847726
601.000000 20.272913 1.075291 -18.659163 -0.002538 -0.528672 -0.036231 0.848049
602.000000 20.343974 0.955310 -18.640873 -0.005151 -0.530439 -0.034548 0.847003
603.000000 20.489577 0.830482 -18.539750 -0.007811 -0.533898 -0.032791 0.844877
604.000000 20.549877 0.767647 -18.529441 -0.009150 -0.535339 -0.031933 0.843984
605.000000 20.412119 0.792196 -18.734814 -0.008707 -0.532181 -0.032298 0.845970
606.000000 20.181877 0.828273 -19.036597 -0.008169 -0.526958 -0.032701 0.849223
607.000000 20.035514 0.795670 -19.245614 -0.009120 -0.523757 -0.032107 0.851213
608.000000 20.076770 0.689174 -19.258383 -0.011508 -0.524823 -0.030591 0.850584
609.000000 20.266635 0.575488 -19.116158 -0.013887 -0.529132 -0.029064 0.847928
610.000000 20.530672 0.458390 -18.894828 -0.016248 -0.534998 -0.027533 0.844248
611.000000 20.813844 0.383944 -18.645980 -0.017640 -0.541253 -0.026609 0.840253
612.000000 20.980694 0.343964 -18.517920 -0.018359 -0.544954 -0.026152 0.837857
613.000000 20.974294 0.327203 -18.578715 -0.018708 -0.544845 -0.025960 0.837926
614.000000 20.889946 0.352464 -18.721790 -0.018197 -0.543040 -0.026307 0.839098
615.000000 20.916392 0.385675 -18.739534 -0.017488 -0.543740 -0.026765 0.838645
616.000000 21.154776 0.394500 -18.519480 -0.017195 -0.549193 -0.026987 0.835083
617.000000 21.376529 0.338504 -18.316709 -0.018371 -0.554298 -0.026250 0.831701
618.000000 21.218363 0.232186 -18.556581 -0.020917 -0.550778 -0.024563 0.834028
619.000000 20.855010 0.142917 -19.023051 -0.023080 -0.542652 -0.023143 0.839322
620.000000 20.435512 0.103304 -19.531320 -0.024077 -0.533414 -0.022453 0.845213
621.000000 20.074108 0.092508 -19.954778 -0.024422 -0.525695 -0.022075 0.850036
622.000000 19.884340 0.051299 -20.193022 -0.025393 -0.521806 -0.021276 0.852421
623.000000 19.984890 -0.092408 -20.148787 -0.028426 -0.523991 -0.019364 0.851029
624.000000 20.334962 -0.421041 -19.849980 -0.035278 -0.531484 -0.015264 0.846196
625.000000 20.636276 -0.750144 -19.586914 -0.042259 -0.537936 -0.011005 0.841854
626.000000 20.612165 -0.902182 -19.664577 -0.045532 -0.537369 -0.008933 0.842070
627.000000 20.488196 -0.930283 -19.847360 -0.046166 -0.534713 -0.008482 0.843729
628.000000 20.505234 -0.896315 -19.881193 -0.045491 -0.535155 -0.008936 0.843481
629.000000 20.487797 -0.885553 -19.946395 -0.045354 -0.534932 -0.009017 0.843629
630.000000 20.485698 -0.853800 -19.999617 -0.044720 -0.534974 -0.009416 0.843632
631.000000 20.594029 -0.826886 -19.943978 -0.044051 -0.537252 -0.009944 0.842212
632.000000 20.789314 -0.790896 -19.797064 -0.043157 -0.541366 -0.010708 0.839610
633.000000 20.779488 -0.755787 -19.865710 -0.042381 -0.541096 -0.011196 0.839817
634.000000 20.655224 -0.725974 -20.055806 -0.041787 -0.538357 -0.011443 0.841602
635.000000 20.619605 -0.781586 -20.150250 -0.042955 -0.537514 -0.010656 0.842092
636.000000 20.687952 -0.939764 -20.129089 -0.046240 -0.538955 -0.008628 0.841021
637.000000 20.645275 -0.979891 -20.220954 -0.047083 -0.538160 -0.008067 0.841488
638.000000 20.497773 -0.963112 -20.421810 -0.046786 -0.535174 -0.008129 0.843406
639.000000 20.348646 -0.990838 -20.619586 -0.047450 -0.532186 -0.007561 0.845263
640.000000 20.239340 -1.086242 -20.772504 -0.049475 -0.530046 -0.006168 0.846502
641.000000 20.169051 -1.194608 -20.886571 -0.051687 -0.528685 -0.004702 0.847230
642.000000 20.063890 -1.281983 -21.036830 -0.053383 -0.526569 -0.003538 0.848447
643.000000 20.003136 -1.319167 -21.150840 -0.054060 -0.525263 -0.003061 0.849216
644.000000 19.934433 -1.300775 -21.277861 -0.053674 -0.523738 -0.003214 0.850181
645.000000 19.812103 -1.336986 -21.449385 -0.054425 -0.521182 -0.002555 0.851704
646.000000 19.672716 -1.473649 -21.623132 -0.057183 -0.518417 -0.000598 0.853214
647.000000 19.658469 -1.756052 -21.665705 -0.062784 -0.518209 0.002922 0.852941
648.000000 19.947954 -2.040912 -21.425409 -0.068454 -0.523972 0.006018 0.848959
649.000000 20.477829 -2.238919 -20.952316 -0.072511 -0.534553 0.007731 0.841983
650.000000 20.890777 -2.449692 -20.571983 -0.076879 -0.542842 0.009798 0.836251
651.000000 21.004435 -2.611836 -20.493430 -0.080189 -0.545057 0.011660 0.834474
652.000000 20.859695 -2.598848 -20.699033 -0.079844 -0.542084 0.011605 0.836442
653.000000 20.619760 -2.523115 -21.000134 -0.078250 -0.537311 0.011002 0.839674
654.000000 20.302013 -2.500900 -21.358984 -0.077747 -0.531104 0.011308 0.843657
655.000000 20.107741 -2.447174 -21.598297 -0.076710 -0.527371 0.011058 0.846093
656.000000 20.187099 -2.408869 -21.581496 -0.076040 -0.528958 0.010499 0.845169
657.000000 20.262485 -2.359206 -21.572176 -0.075050 -0.530421 0.009738 0.844350
658.000000 20.184410 -2.314366 -21.707933 -0.074087 -0.528841 0.009271 0.845430
659.000000 19.901782 -2.312500 -22.026543 -0.073959 -0.523262 0.009700 0.848901
660.000000 19.674866 -2.234083 -22.294435 -0.072390 -0.518868 0.009144 0.851735
661.000000 19.500805 -2.207909 -22.501418 -0.071859 -0.515611 0.009142 0.853756
662.000000 19.331274 -2.427358 -22.676211 -0.075965 -0.512418 0.011949 0.855286
663.000000 19.279013 -2.719185 -22.739708 -0.081439 -0.511398 0.015355 0.855338
664.000000 19.471172 -2.922278 -22.604119 -0.085345 -0.514954 0.017348 0.852782
665.000000 19.724221 -3.114609 -22.412818 -0.089088 -0.519654 0.019089 0.849505
666.000000 19.800964 -3.315462 -22.372423 -0.092931 -0.520982 0.021246 0.848227
667.000000 19.807711 -3.577510 -22.384080 -0.097907 -0.520899 0.024256 0.847638
668.000000 19.725039 -3.869899 -22.465833 -0.103382 -0.519103 0.027802 0.847981
669.000000 19.744312 -4.093012 -22.463884 -0.107597 -0.519322 0.030339 0.847235
670.000000 19.922059 -4.193453 -22.339877 -0.109615 -0.522663 0.031114 0.844890
671.000000 20.078406 -4.259604 -22.238421 -0.110980 -0.525642 0.031510 0.842847
672.000000 20.325857 -4.277380 -22.062177 -0.111513 -0.530358 0.031124 0.839831
673.000000 20.512147 -4.249969 -21.950503 -0.111160 -0.533889 0.030340 0.837666
674.000000 20.549306 -4.158245 -21.988993 -0.109477 -0.534625 0.029154 0.837461
675.000000 20.391214 -4.095156 -22.199969 -0.108177 -0.531703 0.028795 0.839500
676.000000 20.111126 -4.065337 -22.512981 -0.107436 -0.526467 0.029127 0.842877
677.000000 19.854395 -3.990114 -22.805956 -0.105870 -0.521759 0.028850 0.846006
678.000000 19.606958 -3.871663 -23.092666 -0.103511 -0.517286 0.028044 0.849067
679.000000 19.259164 -3.774471 -23.452658 -0.101484 -0.511014 0.027708 0.853111
680.000000 18.761978 -3.807025 -23.900539 -0.101756 -0.502027 0.029146 0.858350
681.000000 18.431321 -3.858206 -24.202604 -0.102470 -0.496083 0.030392 0.861672
682.000000 18.286486 -3.936341 -24.354287 -0.103765 -0.493457 0.031492 0.862984
683.000000 18.450663 -4.085803 -24.262594 -0.106519 -0.496216 0.032642 0.861021
684.000000 18.484226 -4.270364 -24.263958 -0.109815 -0.496593 0.034482 0.860318
685.000000 18.536679 -4.466151 -24.247210 -0.113326 -0.497291 0.036417 0.859379
686.000000 18.661651 -4.638213 -24.175606 -0.116478 -0.499321 0.037948 0.857713
687.000000 18.810655 -4.834360 -24.074689 -0.120091 -0.501826 0.039672 0.855672
688.000000 19.083474 -5.026689 -23.868134 -0.123765 -0.506636 0.041059 0.852242
689.000000 19.452741 -5.197016 -23.584211 -0.127128 -0.513146 0.041941 0.847798
690.000000 19.838189 -5.327812 -23.285796 -0.129826 -0.519995 0.042288 0.843185
691.000000 20.096829 -5.454931 -23.088314 -0.132362 -0.524572 0.042883 0.839920
692.000000 19.992011 -5.683020 -23.179191 -0.136394 -0.522448 0.045635 0.840453
693.000000 19.588912 -5.954528 -23.507645 -0.140867 -0.514912 0.049709 0.844128
694.000000 19.260760 -6.145526 -23.781859 -0.143911 -0.508870 0.052665 0.847094
695.000000 18.867996 -6.230370 -24.125044 -0.144951 -0.501871 0.054671 0.850956
696.000000 18.493198 -6.388583 -24.424691 -0.147281 -0.495162 0.057388 0.854300
697.000000 18.233174 -6.541833 -24.633453 -0.149669 -0.490435 0.059727 0.856449
698.000000 18.028363 -6.651458 -24.808946 -0.151362 -0.486731 0.061449 0.858141
699.000000 17.770875 -6.794911 -25.011124 -0.153501 -0.482081 0.063605 0.860226
700.000000 17.357531 -7.056129 -25.285369 -0.157394 -0.474605 0.067311 0.863392
701.000000 16.886828 -7.351985 -25.574649 -0.161776 -0.466158 0.071490 0.866841
702.000000 16.618365 -7.523738 -25.754080 -0.164301 -0.461389 0.073909 0.868713
703.000000 16.429947 -7.661526 -25.887160 -0.166337 -0.458058 0.075783 0.869926
704.000000 16.376720 -7.966939 -25.882025 -0.171379 -0.456740 0.078708 0.869381
705.000000 16.517916 -8.371761 -25.718687 -0.178412 -0.458476 0.081833 0.866760
706.000000 16.639965 -8.718220 -25.580367 -0.184456 -0.459940 0.084444 0.864465
707.000000 16.530502 -9.132874 -25.562574 -0.191266 -0.457365 0.088466 0.863949
708.000000 16.243054 -9.643656 -25.614611 -0.199366 -0.451596 0.094003 0.864568
709.000000 15.929296 -10.137876 -25.675050 -0.207097 -0.445400 0.099493 0.865350
710.000000 15.735793 -10.490200 -25.705745 -0.212643 -0.441496 0.103321 0.865557
711.000000 15.669278 -10.685423 -25.718457 -0.215805 -0.440019 0.105342 0.865283
712.000000 15.571740 -10.706889 -25.821791 -0.216000 -0.438338 0.105999 0.866007
713.000000 15.389062 -10.565615 -26.042552 -0.213318 -0.435543 0.105620 0.868126
714.000000 15.172846 -10.368040 -26.301870 -0.209662 -0.432304 0.104928 0.870716
715.000000 14.996591 -10.226050 -26.512115 -0.207018 -0.429637 0.104534 0.872713
716.000000 14.942846 -10.166872 -26.619489 -0.205958 -0.428858 0.104286 0.873376
717.000000 14.980165 -10.122785 -26.671165 -0.205270 -0.429546 0.103762 0.873263
718.000000 14.968700 -10.077313 -26.752079 -0.204422 -0.429424 0.103402 0.873564
719.000000 14.942021 -10.060432 -26.830247 -0.204010 -0.429010 0.103336 0.873872
720.000000 14.972596 -10.098763 -26.853667 -0.204644 -0.429460 0.103497 0.873483
721.000000 14.957682 -10.229496 -26.865063 -0.206744 -0.429022 0.104592 0.873074
722.000000 14.967646 -10.526688 -26.796769 -0.211626 -0.428644 0.106926 0.871806
723.000000 15.029655 -10.963201 -26.640290 -0.218897 -0.428760 0.110175 0.869546
724.000000 15.054686 -11.432262 -26.483212 -0.226643 -0.428149 0.113847 0.867387
725.000000 14.953074 -11.830776 -26.420129 -0.232968 -0.425605 0.117467 0.866480
726.000000 14.734185 -12.119036 -26.467182 -0.237201 -0.421369 0.120711 0.866956
727.000000 14.575008 -12.360486 -26.498429 -0.240779 -0.418199 0.123377 0.867129
728.000000 14.682526 -12.639030 -26.362100 -0.245583 -0.419290 0.125171 0.864996
729.000000 14.890394 -12.960608 -26.143493 -0.251352 -0.421922 0.126804 0.861815
730.000000 14.934032 -13.282157 -26.012284 -0.256745 -0.421846 0.129175 0.859908
731.000000 14.895565 -13.580886 -25.935462 -0.261571 -0.420454 0.131755 0.858743
732.000000 14.813327 -13.807594 -25.917596 -0.265108 -0.418519 0.133973 0.858261
733.000000 14.724394 -13.912416 -25.964655 -0.266640 -0.416813 0.135252 0.858415
734.000000 14.659637 -13.876542 -26.071489 -0.265936 -0.415879 0.135307 0.859078
735.000000 14.621356 -13.779194 -26.196721 -0.264292 -0.415504 0.134759 0.859852
736.000000 14.601553 -13.718872 -26.292902 -0.263295 -0.415313 0.134414 0.860304
737.000000 14.559037 -13.772536 -26.343275 -0.264079 -0.414450 0.135072 0.860377
738.000000 14.429104 -13.881191 -26.413821 -0.265490 -0.412027 0.136580 0.860869
739.000000 14.301157 -13.964273 -26.496636 -0.266442 -0.409722 0.137854 0.861471
740.000000 14.326248 -14.011177 -26.515479 -0.267188 -0.410007 0.138094 0.861066
741.000000 14.464445 -14.065209 -26.468056 -0.268367 -0.412106 0.137842 0.859737
742.000000 14.657491 -14.190643 -26.349154 -0.270908 -0.414904 0.137871 0.857587
743.000000 14.847300 -14.452756 -26.152764 -0.275724 -0.417295 0.138983 0.854708
744.000000 14.986291 -14.884326 -25.882708 -0.283222 -0.418400 0.141721 0.851259
745.000000 15.058188 -15.419675 -25.578963 -0.292284 -0.418096 0.145682 0.847669
746.000000 15.080655 -15.951769 -25.291644 -0.301196 -0.416941 0.149916 0.844373
747.000000 15.116776 -16.343961 -25.073107 -0.307852 -0.416386 0.152946 0.841699
748.000000 15.218409 -16.573327 -24.915250 -0.311999 -0.417398 0.154260 0.839428
749.000000 15.386324 -16.713983 -24.772522 -0.314881 -0.419786 0.154423 0.837128
750.000000 15.576705 -16.849456 -24.616002 -0.317773 -0.422561 0.154376 0.834644
751.000000 15.766009 -16.985318 -24.456196 -0.320699 -0.425308 0.154326 0.832135
752.000000 15.936605 -17.106981 -24.314749 -0.323340 -0.427791 0.154270 0.829847
753.000000 16.077310 -17.200330 -24.209920 -0.325405 -0.429882 0.154155 0.827979
754.000000 16.203429 -17.250608 -24.143410 -0.326678 -0.431895 0.153742 0.826505
755.000000 16.337161 -17.242621 -24.112245 -0.326969 -0.434245 0.152745 0.825343
756.000000 16.474819 -17.184588 -24.113433 -0.326408 -0.436828 0.151253 0.824477
757.000000 16.568234 -17.125352 -24.145439 -0.325680 -0.438652 0.150028 0.824020
758.000000 16.566009 -17.116655 -24.207630 -0.325514 -0.438673 0.149900 0.824097
759.000000 16.455540 -17.187359 -24.287832 -0.326360 -0.436594 0.151230 0.824624
760.000000 16.272143 -17.338860 -24.358952 -0.328340 -0.433015 0.153787 0.825252
761.000000 16.054607 -17.570703 -24.392557 -0.331558 -0.428590 0.157297 0.825613
762.000000 15.858996 -17.872029 -24.356939 -0.336007 -0.424284 0.161287 0.825269
763.000000 15.783424 -18.201243 -24.217096 -0.341327 -0.421876 0.164725 0.823639
764.000000 15.845818 -18.523862 -23.985803 -0.347034 -0.421795 0.167179 0.820797
765.000000 16.005866 -18.817596 -23.704345 -0.352637 -0.423464 0.168693 0.817232
766.000000 16.222853 -19.061810 -23.414872 -0.357646 -0.426291 0.169330 0.813445
767.000000 16.457812 -19.236701 -23.160974 -0.361565 -0.429701 0.169174 0.809943
768.000000 16.672286 -19.323532 -22.988101 -0.363898 -0.433124 0.168314 0.807250
769.000000 16.830017 -19.303172 -22.942627 -0.364148 -0.435991 0.166841 0.805898
770.000000 16.955067 -19.199262 -22.989528 -0.362810 -0.438605 0.164818 0.805500
771.000000 17.126489 -19.127096 -22.974457 -0.362184 -0.441915 0.162730 0.804396
772.000000 17.329465 -19.101612 -22.896106 -0.362464 -0.445605 0.160833 0.802614
773.000000 17.483910 -19.124532 -22.814085 -0.363391 -0.448257 0.159795 0.800923
774.000000 17.559631 -19.191325 -22.757146 -0.364778 -0.449342 0.159831 0.799677
775.000000 17.571632 -19.287487 -22.725790 -0.366436 -0.449187 0.160671 0.798837
776.000000 17.534489 -19.396092 -22.719135 -0.368174 -0.448134 0.162032 0.798354
777.000000 17.464680 -19.502344 -22.736404 -0.369792 -0.446529 0.163639 0.798178
778.000000 17.379249 -19.592183 -22.777204 -0.371090 -0.444717 0.165218 0.798262
779.000000 17.295413 -19.651564 -22.841313 -0.371873 -0.443048 0.166492 0.798561
780.000000 17.216021 -19.683889 -22.924557 -0.372200 -0.441560 0.167467 0.799028
781.000000 17.137193 -19.666448 -23.049988 -0.371655 -0.440266 0.167952 0.799894
782.000000 17.069063 -19.594423 -23.214250 -0.370191 -0.439354 0.167825 0.801100
783.000000 17.042208 -19.502191 -23.366025 -0.368507 -0.439214 0.167176 0.802088
784.000000 17.076481 -19.419365 -23.467372 -0.367169 -0.440068 0.166130 0.802451
785.000000 17.161640 -19.359019 -23.514440 -0.366371 -0.441694 0.164896 0.802177
786.000000 17.281226 -19.330142 -23.508709 -0.366248 -0.443802 0.163694 0.801315
787.000000 17.420107 -19.344057 -23.451114 -0.366942 -0.446104 0.162743 0.799912
788.000000 17.563374 -19.412069 -23.342206 -0.368599 -0.448315 0.162266 0.798009
789.000000 17.696588 -19.545067 -23.182443 -0.371360 -0.450153 0.162493 0.795644
790.000000 17.762477 -19.691573 -23.058994 -0.374142 -0.450801 0.163395 0.793787
791.000000 17.733461 -19.777990 -23.058345 -0.375561 -0.450035 0.164470 0.793330
792.000000 17.677475 -19.816074 -23.119933 -0.376049 -0.448973 0.165293 0.793529
793.000000 17.580564 -19.800826 -23.259063 -0.375465 -0.447391 0.165930 0.794566
794.000000 17.438470 -19.736082 -23.474619 -0.373865 -0.445201 0.166460 0.796437
795.000000 17.275839 -19.640730 -23.730695 -0.371664 -0.442755 0.166869 0.798742
796.000000 17.120899 -19.535903 -23.985525 -0.369340 -0.440476 0.167130 0.801022
797.000000 17.002395 -19.443604 -24.200223 -0.367375 -0.438791 0.167220 0.802830
798.000000 16.951605 -19.387040 -24.336563 -0.366250 -0.438126 0.167115 0.803729
799.000000 16.999691 -19.389597 -24.356136 -0.366447 -0.438903 0.166787 0.803283
800.000000 17.175556 -19.472838 -24.220747 -0.368417 -0.441523 0.166208 0.801063
801.000000 17.416925 -19.601734 -23.998045 -0.371377 -0.445083 0.165545 0.797857
802.000000 17.623432 -19.741041 -23.786798 -0.374408 -0.448041 0.165248 0.794840
803.000000 17.781719 -19.875414 -23.610947 -0.377207 -0.450224 0.165278 0.792273
804.000000 17.879684 -19.985921 -23.497585 -0.379411 -0.451487 0.165554 0.790442
805.000000 17.905087 -20.053767 -23.474065 -0.380654 -0.451686 0.166000 0.789637
806.000000 17.845272 -20.059989 -23.567285 -0.380567 -0.450676 0.166540 0.790142
807.000000 17.687091 -19.985689 -23.801444 -0.378794 -0.448313 0.167103 0.792217
808.000000 17.472479 -19.874433 -24.104119 -0.376227 -0.445158 0.167775 0.795072
809.000000 17.259215 -19.771866 -24.393627 -0.373823 -0.442017 0.168517 0.797796
810.000000 17.049309 -19.671366 -24.674953 -0.371473 -0.438944 0.169232 0.800435
811.000000 16.849422 -19.574895 -24.942930 -0.369221 -0.436036 0.169880 0.802925
812.000000 16.671818 -19.491820 -25.183363 -0.367251 -0.433449 0.170457 0.805104
813.000000 16.528195 -19.430219 -25.382474 -0.365746 -0.431342 0.170962 0.806812
814.000000 16.430145 -19.398495 -25.526308 -0.364892 -0.429877 0.171396 0.807888
815.000000 16.391532 -19.407299 -25.599530 -0.364896 -0.429229 0.171747 0.808156
816.000000 16.427664 -19.468089 -25.584588 -0.365980 -0.429594 0.171999 0.807418
817.000000 16.552714 -19.590659 -25.464050 -0.368346 -0.431159 0.172132 0.805477
818.000000 16.719970 -19.715698 -25.311615 -0.370903 -0.433386 0.171987 0.803136
819.000000 16.867606 -19.785425 -25.212972 -0.372521 -0.435493 0.171510 0.801348
820.000000 16.995181 -19.799666 -25.170116 -0.373189 -0.437473 0.170690 0.800133
821.000000 17.105739 -19.760105 -25.180438 -0.372942 -0.439366 0.169518 0.799460
822.000000 17.202228 -19.671912 -25.237896 -0.371874 -0.441195 0.168020 0.799266
823.000000 17.287328 -19.547489 -25.330516 -0.370196 -0.442956 0.166295 0.799432
824.000000 17.363485 -19.400192 -25.445744 -0.368130 -0.444637 0.164446 0.799834
825.000000 17.431893 -19.243094 -25.572403 -0.365889 -0.446216 0.162577 0.800366
826.000000 17.492156 -19.088743 -25.701247 -0.363669 -0.447645 0.160800 0.800938
827.000000 17.543722 -18.949830 -25.823445 -0.361664 -0.448881 0.159227 0.801469
828.000000 17.586012 -18.839142 -25.930407 -0.360071 -0.449877 0.157969 0.801876
829.000000 17.618448 -18.769628 -26.013677 -0.359087 -0.450591 0.157139 0.802079
830.000000 17.640482 -18.753860 -26.065077 -0.358901 -0.450981 0.156848 0.802001
831.000000 17.651831 -18.796137 -26.081909 -0.359575 -0.451031 0.157130 0.801615
832.000000 17.652587 -18.889347 -26.068963 -0.361000 -0.450765 0.157925 0.800968
833.000000 17.643162 -19.018211 -26.036433 -0.362944 -0.450232 0.159097 0.800157
834.000000 17.624036 -19.166531 -25.995227 -0.365160 -0.449485 0.160506 0.799286
835.000000 17.595715 -19.318163 -25.956532 -0.367405 -0.448581 0.162013 0.798461
836.000000 17.558696 -19.457224 -25.931885 -0.369434 -0.447576 0.163477 0.797790
837.000000 17.513442 -19.568051 -25.933143 -0.371004 -0.446528 0.164761 0.797384
838.000000 17.460366 -19.634952 -25.972350 -0.371874 -0.445497 0.165727 0.797356
839.000000 17.399503 -19.642749 -26.061188 -0.371810 -0.444535 0.166246 0.797814
840.000000 17.327451 -19.583863 -26.207204 -0.370692 -0.443616 0.166283 0.798838
841.000000 17.238459 -19.462885 -26.409418 -0.368583 -0.442638 0.165922 0.800430
842.000000 17.126249 -19.291537 -26.661229 -0.365653 -0.441469 0.165311 0.802543
843.000000 16.984108 -19.082042 -26.955711 -0.362080 -0.439977 0.164590 0.805126
844.000000 16.805053 -18.846893 -27.285935 -0.358043 -0.438024 0.163902 0.808131
845.000000 16.584033 -18.599359 -27.643406 -0.353733 -0.435506 0.163382 0.811489
846.000000 16.372763 -18.370440 -27.975251 -0.349764 -0.433095 0.162933 0.814584
847.000000 16.265988 -18.204007 -28.200389 -0.347033 -0.432035 0.162292 0.816441
848.000000 16.255293 -18.106030 -28.324667 -0.345577 -0.432164 0.161576 0.817132
849.000000 16.299046 -18.069014 -28.378964 -0.345154 -0.432890 0.161002 0.817040
850.000000 16.358293 -18.076878 -28.396367 -0.345413 -0.433693 0.160694 0.816564
851.000000 16.394532 -18.108379 -28.411766 -0.345948 -0.434096 0.160720 0.816119
852.000000 16.374842 -18.143458 -28.455532 -0.346392 -0.433709 0.161112 0.816059
853.000000 16.319777 -18.173574 -28.521286 -0.346679 -0.432854 0.161671 0.816280
854.000000 16.274464 -18.195194 -28.585968 -0.346880 -0.432177 0.162100 0.816469
855.000000 16.282503 -18.203982 -28.628330 -0.347049 -0.432297 0.162112 0.816331
856.000000 16.329243 -18.178041 -28.671362 -0.346827 -0.433053 0.161639 0.816118
857.000000 16.349739 -18.085135 -28.772674 -0.345571 -0.433598 0.160831 0.816522
858.000000 16.326631 -17.937080 -28.933444 -0.343408 -0.433657 0.159879 0.817589
859.000000 16.249394 -17.760006 -29.141291 -0.340694 -0.433024 0.159035 0.819223
860.000000 16.106900 -17.580323 -29.384172 -0.337781 -0.431488 0.158555 0.821330
861.000000 15.895727 -17.425973 -29.645260 -0.335056 -0.428949 0.158653 0.823754
862.000000 15.721475 -17.335932 -29.844735 -0.333337 -0.426789 0.158981 0.825507
863.000000 15.703991 -17.336492 -29.907432 -0.333295 -0.426581 0.159049 0.825619
864.000000 15.758000 -17.361631 -29.918450 -0.333779 -0.427289 0.158904 0.825085
865.000000 15.751748 -17.339106 -29.989383 -0.333443 -0.427271 0.158783 0.825254
866.000000 15.648099 -17.270215 -30.138565 -0.332213 -0.426007 0.158900 0.826380
867.000000 15.426520 -17.163537 -30.368249 -0.330171 -0.423224 0.159410 0.828527
868.000000 15.125958 -17.021035 -30.651948 -0.327470 -0.419500 0.160091 0.831357
869.000000 14.811066 -16.840838 -30.956668 -0.324243 -0.415719 0.160574 0.834422
870.000000 14.544671 -16.618899 -31.255266 -0.320589 -0.412717 0.160506 0.837332
871.000000 14.381537 -16.348664 -31.526662 -0.316565 -0.411225 0.159586 0.839770
872.000000 14.253858 -16.011679 -31.811419 -0.311762 -0.410368 0.158061 0.842270
873.000000 14.022309 -15.590650 -32.176725 -0.305628 -0.408339 0.156513 0.845786
874.000000 13.740167 -15.159836 -32.557368 -0.299296 -0.405674 0.155150 0.849576
875.000000 13.511435 -14.803427 -32.870764 -0.294111 -0.403536 0.153991 0.852610
876.000000 13.338223 -14.527541 -33.118727 -0.290133 -0.401937 0.153062 0.854893
877.000000 13.210066 -14.328181 -33.311385 -0.287266 -0.400746 0.152388 0.856539
878.000000 13.116461 -14.200932 -33.457507 -0.285415 -0.399836 0.151999 0.857651
879.000000 13.052619 -14.143909 -33.561396 -0.284536 -0.399148 0.151911 0.858279
880.000000 13.018691 -14.157523 -33.623669 -0.284627 -0.398683 0.152126 0.858427
881.000000 13.014817 -14.242041 -33.644325 -0.285690 -0.398441 0.152643 0.858095
882.000000 13.040947 -14.397514 -33.622844 -0.287724 -0.398418 0.153459 0.857280
883.000000 13.096866 -14.623725 -33.558198 -0.290729 -0.398609 0.154567 0.855977
884.000000 13.199840 -14.904370 -33.448941 -0.294541 -0.399271 0.155793 0.854141
885.000000 13.461757 -15.138093 -33.293936 -0.298132 -0.402066 0.156048 0.851533
886.000000 13.928163 -15.238280 -33.110546 -0.300501 -0.407788 0.154590 0.848240
887.000000 14.374914 -15.244293 -32.971153 -0.301623 -0.413482 0.152598 0.845441
888.000000 14.719429 -15.185654 -32.900542 -0.301686 -0.418016 0.150620 0.843541
889.000000 15.017815 -15.068235 -32.873666 -0.300894 -0.422090 0.148463 0.842176
890.000000 15.327331 -14.898546 -32.861441 -0.299446 -0.426442 0.145910 0.840945
891.000000 15.703782 -14.683891 -32.833050 -0.297541 -0.431775 0.142746 0.839442
892.000000 16.135540 -14.453060 -32.779726 -0.295516 -0.437824 0.139226 0.837614
893.000000 16.521007 -14.259653 -32.727329 -0.293842 -0.443159 0.136170 0.835897
894.000000 16.799736 -14.096874 -32.711628 -0.292319 -0.447042 0.133810 0.834744
895.000000 16.873876 -13.988283 -32.775755 -0.291063 -0.448196 0.132750 0.834734
896.000000 16.711519 -14.001608 -32.908046 -0.290881 -0.446109 0.133589 0.835781
897.000000 16.549002 -14.102489 -33.001097 -0.291817 -0.443865 0.134995 0.836423
898.000000 16.489267 -14.262632 -33.015849 -0.293728 -0.442798 0.136333 0.836102
899.000000 16.496346 -14.476595 -32.972975 -0.296466 -0.442447 0.137744 0.835090
900.000000 16.529740 -14.740422 -32.893689 -0.299886 -0.442306 0.139383 0.833670
901.000000 16.550733 -15.048762 -32.798362 -0.303840 -0.441896 0.141391 0.832117
902.000000 16.591648 -15.373218 -32.682333 -0.308040 -0.441688 0.143430 0.830332
903.000000 16.767391 -15.659090 -32.511910 -0.312051 -0.443268 0.144583 0.827788
904.000000 17.077996 -15.903054 -32.286410 -0.315843 -0.446661 0.144794 0.824483
905.000000 17.432621 -16.135691 -32.035624 -0.319607 -0.450657 0.144685 0.820869
906.000000 17.737278 -16.331239 -31.823281 -0.322801 -0.454114 0.144550 0.817731
907.000000 17.905781 -16.433789 -31.729869 -0.324508 -0.456053 0.144426 0.815997
908.000000 17.869273 -16.369207 -31.836312 -0.323618 -0.455759 0.144120 0.816569
909.000000 17.629700 -16.170743 -32.121666 -0.320576 -0.453188 0.143878 0.819238
910.000000 17.243536 -15.962896 -32.484601 -0.317112 -0.448791 0.144313 0.822922
911.000000 16.750962 -15.847081 -32.849096 -0.314588 -0.442869 0.145883 0.826813
912.000000 16.139539 -15.830836 -33.214729 -0.313037 -0.435262 0.148612 0.830944
913.000000 15.390390 -15.903605 -33.589469 -0.312241 -0.425771 0.152439 0.835456
914.000000 14.540051 -16.076633 -33.941774 -0.312402 -0.414834 0.157228 0.839998
915.000000 13.666341 -16.376313 -34.218076 -0.314020 -0.403346 0.162812 0.843917
916.000000 12.850372 -16.830105 -34.370190 -0.317623 -0.392200 0.169034 0.846595
917.000000 12.167054 -17.482168 -34.348722 -0.323942 -0.382146 0.175807 0.847418
918.000000 11.673391 -18.395207 -34.096779 -0.333947 -0.373650 0.183168 0.845763
919.000000 11.347324 -19.506076 -33.640444 -0.346898 -0.366528 0.190829 0.841964
920.000000 11.101699 -20.655434 -33.085706 -0.360659 -0.360095 0.198337 0.837209
921.000000 10.867574 -21.724266 -32.528254 -0.373556 -0.353839 0.205399 0.832505
922.000000 10.634329 -22.697098 -31.990821 -0.385339 -0.347704 0.211999 0.828054
923.000000 10.402294 -23.578209 -31.480070 -0.396034 -0.341707 0.218170 0.823890
924.000000 10.171423 -24.372264 -31.001546 -0.405673 -0.335863 0.223943 0.820046
925.000000 9.941146 -25.084103 -30.559822 -0.414292 -0.330178 0.229340 0.816546
926.000000 9.712803 -25.716132 -30.159896 -0.421904 -0.324691 0.234351 0.813420
927.000000 9.517327 -26.241224 -29.822635 -0.428240 -0.319960 0.238606 0.810742
928.000000 9.404805 -26.612865 -29.582577 -0.432846 -0.316902 0.241483 0.808643
929.000000 9.406331 -26.808765 -29.459277 -0.435529 -0.316087 0.242605 0.807184
930.000000 9.509463 -26.863682 -29.430048 -0.436709 -0.317238 0.242209 0.806213
931.000000 9.697263 -26.818584 -29.463291 -0.436878 -0.319954 0.240621 0.805524
932.000000 9.953842 -26.713531 -29.526378 -0.436507 -0.323849 0.238169 0.804897
933.000000 10.263692 -26.588613 -29.586872 -0.436060 -0.328546 0.235195 0.804110
934.000000 10.611316 -26.483936 -29.613047 -0.436004 -0.333675 0.232049 0.802941
935.000000 10.981529 -26.436724 -29.575921 -0.436782 -0.338882 0.229064 0.801193
936.000000 11.364268 -26.458994 -29.467290 -0.438527 -0.343993 0.226375 0.798822
937.000000 11.725854 -26.573784 -29.277825 -0.441438 -0.348476 0.224354 0.795840
938.000000 12.014374 -26.822121 -28.988780 -0.445904 -0.351473 0.223642 0.792225
939.000000 12.196880 -27.219490 -28.594700 -0.452050 -0.352450 0.224628 0.788018
940.000000 12.283845 -27.723188 -28.124017 -0.459372 -0.351670 0.227018 0.783434
941.000000 12.292392 -28.283915 -27.610822 -0.467278 -0.349509 0.230420 0.778718
942.000000 12.239507 -28.855297 -27.091287 -0.475186 -0.346352 0.234444 0.774128
943.000000 12.141623 -29.394184 -26.604507 -0.482529 -0.342591 0.238709 0.769945
944.000000 12.014214 -29.860530 -26.192715 -0.488758 -0.338625 0.242843 0.766470
945.000000 11.870804 -30.218682 -25.898717 -0.493365 -0.334840 0.246494 0.764011
946.000000 11.715782 -30.457564 -25.742201 -0.496167 -0.331397 0.249530 0.762712
947.000000 11.547902 -30.579892 -25.726405 -0.497175 -0.328304 0.251956 0.762595
948.000000 11.365945 -30.586677 -25.852614 -0.496395 -0.325568 0.253778 0.763671
949.000000 11.177230 -30.484045 -26.108563 -0.493969 -0.323277 0.254980 0.765815
950.000000 11.075044 -30.353982 -26.356360 -0.491570 -0.322387 0.255217 0.767652
951.000000 11.153771 -30.293649 -26.446775 -0.491065 -0.323790 0.254192 0.767725
952.000000 11.381706 -30.314429 -26.381185 -0.492438 -0.326963 0.252265 0.766135
953.000000 11.707741 -30.412591 -26.181851 -0.495376 -0.331186 0.249902 0.763195
954.000000 12.080884 -30.583767 -25.870158 -0.499583 -0.335751 0.247558 0.759213
955.000000 12.450482 -30.822390 -25.467326 -0.504792 -0.339978 0.245667 0.754485
956.000000 12.794018 -31.125237 -24.979753 -0.510926 -0.343584 0.244396 0.749117
957.000000 13.113527 -31.491855 -24.400937 -0.518033 -0.346594 0.243711 0.743047
958.000000 13.412546 -31.920475 -23.723507 -0.526151 -0.349046 0.243583 0.736206
959.000000 13.687942 -32.401008 -22.953113 -0.535162 -0.350902 0.244019 0.728645
960.000000 13.865242 -32.859667 -22.234755 -0.543520 -0.351318 0.245380 0.721769
961.000000 13.876404 -33.223418 -21.733882 -0.549578 -0.349530 0.247980 0.717146
962.000000 13.760444 -33.492300 -21.446012 -0.553408 -0.346123 0.251451 0.714640
963.000000 13.567452 -33.674420 -21.336959 -0.555338 -0.341865 0.255302 0.713827
964.000000 13.342629 -33.775999 -21.371862 -0.555697 -0.337494 0.259023 0.714286
965.000000 13.126364 -33.801849 -21.518269 -0.554815 -0.333696 0.262101 0.715633
966.000000 12.934560 -33.753543 -21.762806 -0.552843 -0.330764 0.264294 0.717711
967.000000 12.765925 -33.629627 -22.105561 -0.549787 -0.328700 0.265586 0.720523
968.000000 12.619875 -33.427271 -22.546078 -0.545642 -0.327503 0.265975 0.724067
969.000000 12.496782 -33.142466 -23.082901 -0.540394 -0.327173 0.265459 0.728330
970.000000 12.397639 -32.770448 -23.713160 -0.534026 -0.327704 0.264045 0.733284
971.000000 12.315700 -32.324475 -24.411997 -0.526761 -0.328866 0.261953 0.738749
972.000000 12.229515 -31.852084 -25.120412 -0.519236 -0.330042 0.259770 0.744302
973.000000 12.114309 -31.409797 -25.779238 -0.512156 -0.330583 0.258115 0.749525
974.000000 11.948530 -31.048931 -26.342915 -0.506118 -0.329968 0.257484 0.754100
975.000000 11.728161 -30.784061 -26.805006 -0.501262 -0.328129 0.257932 0.757983
976.000000 11.454141 -30.619475 -27.166717 -0.497610 -0.325099 0.259414 0.761182
977.000000 11.128866 -30.557301 -27.427955 -0.495174 -0.320910 0.261893 0.763696
978.000000 10.756056 -30.598291 -27.587184 -0.493958 -0.315594 0.265340 0.765506
979.000000 10.340354 -30.742255 -27.641496 -0.493958 -0.309183 0.269732 0.766587
980.000000 9.886700 -30.988360 -27.587124 -0.495165 -0.301710 0.275033 0.766903
981.000000 9.409189 -31.313371 -27.440663 -0.497311 -0.293442 0.280998 0.766560
982.000000 8.936838 -31.657957 -27.256252 -0.499714 -0.285054 0.287049 0.765920
983.000000 8.498925 -31.961079 -27.095784 -0.501671 -0.277273 0.292612 0.765392
984.000000 8.118104 -32.174667 -27.013479 -0.502624 -0.270710 0.297240 0.765332
985.000000 7.796842 -32.291195 -27.023049 -0.502491 -0.265484 0.300868 0.765832
986.000000 7.532793 -32.311347 -27.127769 -0.501290 -0.261596 0.303499 0.766918
987.000000 7.323820 -32.234774 -27.329571 -0.499031 -0.259042 0.305133 0.768609
988.000000 7.168752 -32.059884 -27.629095 -0.495716 -0.257815 0.305766 0.770911
989.000000 7.067707 -31.783792 -28.025667 -0.491337 -0.257916 0.305397 0.773822
990.000000 7.022169 -31.402386 -28.517199 -0.485876 -0.259344 0.304028 0.777324
991.000000 7.034685 -30.910540 -29.099987 -0.479310 -0.262101 0.301664 0.781386
992.000000 7.101514 -30.315828 -29.756457 -0.471753 -0.266024 0.298422 0.785891
993.000000 7.198537 -29.665464 -30.435379 -0.463731 -0.270499 0.294747 0.790511
994.000000 7.295976 -29.018215 -31.083897 -0.455863 -0.274833 0.291145 0.794916
995.000000 7.361543 -28.438247 -31.654193 -0.448794 -0.278339 0.288129 0.798807
996.000000 7.366342 -27.982216 -32.111757 -0.443073 -0.280455 0.286121 0.801976
997.000000 7.301115 -27.664036 -32.456795 -0.438797 -0.281066 0.285195 0.804439
998.000000 7.162215 -27.485291 -32.695374 -0.435952 -0.280160 0.285338 0.806250
999.000000 6.947094 -27.445959 -32.831060 -0.434513 -0.277719 0.286543 0.807443
1000.000000 6.654348 -27.544776 -32.864820 -0.434447 -0.273724 0.288811 0.808034
1001.000000 6.283624 -27.779374 -32.795207 -0.435711 -0.268154 0.292146 0.808022
1002.000000 5.842821 -28.131661 -32.630208 -0.438105 -0.261148 0.296431 0.807462
1003.000000 5.361586 -28.540791 -32.410613 -0.441001 -0.253311 0.301229 0.806606
1004.000000 4.872440 -28.940013 -32.186719 -0.443711 -0.245336 0.306070 0.805762
1005.000000 4.406490 -29.264724 -32.013518 -0.445565 -0.237927 0.310504 0.805264
1006.000000 3.987946 -29.463364 -31.939926 -0.446024 -0.231671 0.314183 0.805407
1007.000000 3.619461 -29.527325 -31.978669 -0.444999 -0.226682 0.317053 0.806268
1008.000000 3.298504 -29.456652 -32.132258 -0.442498 -0.222961 0.319116 0.807867
1009.000000 3.022973 -29.249841 -32.401317 -0.438523 -0.220501 0.320370 0.810210
1010.000000 2.791753 -28.903787 -32.784576 -0.433066 -0.219300 0.320813 0.813290
1011.000000 2.604485 -28.416806 -33.276301 -0.426145 -0.219334 0.320458 0.817068
1012.000000 2.455340 -27.829114 -33.833969 -0.418262 -0.220301 0.319500 0.821245
1013.000000 2.333811 -27.216293 -34.390912 -0.410302 -0.221689 0.318270 0.825355
1014.000000 2.229099 -26.658357 -34.885986 -0.403161 -0.222992 0.317101 0.828965
1015.000000 2.132472 -26.200168 -35.291964 -0.397297 -0.223917 0.316190 0.831889
1016.000000 2.037347 -25.847154 -35.612373 -0.392709 -0.224382 0.315591 0.834167
1017.000000 1.937056 -25.601375 -35.851159 -0.389371 -0.224312 0.315346 0.835842
1018.000000 1.824818 -25.463740 -36.011085 -0.387255 -0.223627 0.315497 0.836950
1019.000000 1.693810 -25.434685 -36.093633 -0.386334 -0.222247 0.316085 0.837522
1020.000000 1.537241 -25.514713 -36.099039 -0.386578 -0.220087 0.317149 0.837577
1021.000000 1.348846 -25.700992 -36.028666 -0.387919 -0.217081 0.318715 0.837147
1022.000000 1.129219 -25.943875 -35.915961 -0.389779 -0.213446 0.320626 0.836488
1023.000000 0.883921 -26.159425 -35.820260 -0.391203 -0.209617 0.322602 0.836032
1024.000000 0.618101 -26.265633 -35.802041 -0.391248 -0.206028 0.324381 0.836214
1025.000000 0.333850 -26.220463 -35.892815 -0.389431 -0.202905 0.325837 0.837260
1026.000000 0.030163 -26.021153 -36.092898 -0.385724 -0.200259 0.326968 0.839169
1027.000000 -0.292582 -25.671183 -36.395170 -0.380196 -0.198082 0.327778 0.841889
1028.000000 -0.624199 -25.202416 -36.770816 -0.373291 -0.196346 0.328287 0.845180
1029.000000 -0.950792 -24.656600 -37.185742 -0.365580 -0.195017 0.328528 0.848758
1030.000000 -1.257368 -24.077140 -37.608326 -0.357637 -0.194068 0.328534 0.852349
1031.000000 -1.527739 -23.509482 -38.009984 -0.350048 -0.193477 0.328352 0.855697
1032.000000 -1.744820 -23.000981 -38.365181 -0.343404 -0.193226 0.328038 0.858562
1033.000000 -1.891182 -22.600052 -38.650849 -0.338299 -0.193301 0.327655 0.860715
1034.000000 -1.959805 -22.343757 -38.851464 -0.335151 -0.193623 0.327284 0.862014
1035.000000 -1.966897 -22.242732 -38.964474 -0.333989 -0.193971 0.327039 0.862480
1036.000000 -1.932530 -22.303380 -38.986983 -0.334791 -0.194099 0.327025 0.862146
1037.000000 -1.879555 -22.524926 -38.917387 -0.337454 -0.193758 0.327331 0.861067
1038.000000 -1.841604 -22.874203 -38.770111 -0.341480 -0.192711 0.328015 0.859453
1039.000000 -1.854910 -23.307924 -38.565146 -0.346247 -0.190731 0.329129 0.857560
1040.000000 -1.954488 -23.783509 -38.323371 -0.351130 -0.187593 0.330736 0.855646
1041.000000 -2.170993 -24.255894 -38.068919 -0.355490 -0.183131 0.332871 0.853983
1042.000000 -2.463422 -24.618219 -37.872083 -0.358295 -0.178264 0.335091 0.852972
1043.000000 -2.732809 -24.716419 -37.843606 -0.358221 -0.174800 0.336593 0.853128
1044.000000 -2.944754 -24.508479 -38.016275 -0.354946 -0.173331 0.337142 0.854579
1045.000000 -3.102561 -24.053284 -38.346277 -0.349149 -0.173547 0.336892 0.857018
1046.000000 -3.233909 -23.441233 -38.764850 -0.341764 -0.174712 0.336170 0.860037
1047.000000 -3.384918 -22.785760 -39.193172 -0.333865 -0.175818 0.335426 0.863198
1048.000000 -3.599694 -22.199372 -39.562899 -0.326493 -0.175929 0.335083 0.866124
1049.000000 -3.876865 -21.701499 -39.867411 -0.319853 -0.175008 0.335146 0.868760
1050.000000 -4.185496 -21.250142 -40.135052 -0.313620 -0.173575 0.335377 0.871227
1051.000000 -4.496780 -20.804260 -40.391044 -0.307470 -0.172106 0.335579 0.873629
1052.000000 -4.823351 -20.413957 -40.608302 -0.301888 -0.170238 0.335943 0.875800
1053.000000 -5.129681 -20.299695 -40.683184 -0.299391 -0.167429 0.336811 0.876864
1054.000000 -5.534808 -20.462278 -40.602755 -0.299467 -0.162381 0.338634 0.877085
1055.000000 -5.994528 -20.751379 -40.444185 -0.300683 -0.156179 0.340895 0.876920
1056.000000 -6.421528 -20.990954 -40.308511 -0.301499 -0.150507 0.342908 0.876847
1057.000000 -6.749238 -21.066623 -40.269359 -0.300939 -0.146593 0.344241 0.877180
1058.000000 -6.945962 -20.932426 -40.359234 -0.298654 -0.145009 0.344726 0.878033
1059.000000 -7.023325 -20.639969 -40.549373 -0.295162 -0.145395 0.344508 0.879235
1060.000000 -7.022439 -20.298876 -40.774786 -0.291485 -0.146834 0.343918 0.880453
1061.000000 -6.983572 -19.984756 -40.990565 -0.288260 -0.148572 0.343235 0.881489
1062.000000 -6.980894 -19.720727 -41.173796 -0.285419 -0.149716 0.342763 0.882403
1063.000000 -7.202872 -19.410531 -41.338385 -0.281154 -0.148652 0.342974 0.883869
1064.000000 -7.600069 -19.072641 -41.480106 -0.275875 -0.145834 0.343720 0.885710
1065.000000 -8.225926 -18.770920 -41.553783 -0.270030 -0.140423 0.345293 0.887771
1066.000000 -8.820714 -18.728086 -41.506157 -0.267081 -0.134258 0.347168 0.888885
1067.000000 -9.088055 -18.874904 -41.436646 -0.267547 -0.130787 0.348239 0.888844
1068.000000 -9.267778 -18.927982 -41.426955 -0.267371 -0.128628 0.348879 0.888961
1069.000000 -9.488042 -18.882222 -41.451742 -0.265952 -0.126427 0.349508 0.889455
1070.000000 -9.731187 -18.736537 -41.514664 -0.263348 -0.124376 0.350073 0.890296
1071.000000 -9.976409 -18.510495 -41.610268 -0.259895 -0.122653 0.350527 0.891371
1072.000000 -10.203288 -18.253995 -41.722113 -0.256227 -0.121309 0.350861 0.892484
1073.000000 -10.383365 -18.019943 -41.834310 -0.252989 -0.120400 0.351066 0.893450
1074.000000 -10.426676 -17.863585 -41.945998 -0.251146 -0.120626 0.350956 0.893983
1075.000000 -10.221221 -17.803190 -42.077714 -0.251351 -0.123089 0.350245 0.893868
1076.000000 -10.097927 -17.638917 -42.231937 -0.250085 -0.125090 0.349664 0.894173
1077.000000 -10.389121 -17.382480 -42.322708 -0.246118 -0.123069 0.350197 0.895345
1078.000000 -10.849943 -17.199902 -42.336323 -0.242236 -0.118937 0.351320 0.896521
1079.000000 -11.349581 -16.970956 -42.351896 -0.237719 -0.114580 0.352458 0.897850
1080.000000 -11.902993 -16.587568 -42.405804 -0.231357 -0.110300 0.353509 0.899633
1081.000000 -12.485762 -16.137084 -42.465879 -0.224163 -0.105993 0.354529 0.901568
1082.000000 -13.039085 -15.811180 -42.476127 -0.218401 -0.101480 0.355609 0.903075
1083.000000 -13.509801 -15.595429 -42.463026 -0.214139 -0.097383 0.356579 0.904164
1084.000000 -13.911764 -15.386126 -42.464324 -0.210219 -0.093989 0.357340 0.905142
1085.000000 -14.279433 -15.130840 -42.489330 -0.205938 -0.091152 0.357913 0.906189
1086.000000 -14.504636 -14.680704 -42.626145 -0.200181 -0.090646 0.357903 0.907533
1087.000000 -14.536278 -14.009905 -42.894791 -0.192928 -0.093098 0.357201 0.909131
1088.000000 -14.379655 -13.262483 -43.237381 -0.185718 -0.097816 0.355970 0.910619
1089.000000 -14.038074 -12.588485 -43.602530 -0.180121 -0.104117 0.354378 0.911665
1090.000000 -13.515880 -12.130547 -43.948735 -0.177563 -0.111363 0.352633 0.911987
1091.000000 -12.867034 -11.845013 -44.273859 -0.177271 -0.119188 0.350863 0.911737
1092.000000 -12.174752 -11.495941 -44.615293 -0.176425 -0.127669 0.348975 0.911477
1093.000000 -11.511184 -10.991718 -44.972805 -0.173838 -0.136404 0.346962 0.911478
1094.000000 -10.946452 -10.326405 -45.326122 -0.169239 -0.144686 0.344890 0.911852
1095.000000 -10.538094 -9.543137 -45.649280 -0.162900 -0.151770 0.342890 0.912610
1096.000000 -10.363047 -8.882878 -45.877328 -0.156952 -0.156005 0.341504 0.913457
1097.000000 -10.437377 -8.459435 -45.995092 -0.152448 -0.156852 0.340971 0.914274
1098.000000 -10.715940 -8.205205 -46.031522 -0.148872 -0.155035 0.341068 0.915136
1099.000000 -11.151465 -8.048663 -46.010102 -0.145688 -0.151288 0.341552 0.916094
1100.000000 -11.696710 -7.918396 -45.951751 -0.142362 -0.146339 0.342201 0.917179
1101.000000 -12.305106 -7.748337 -45.876329 -0.138400 -0.140891 0.342840 0.918399
1102.000000 -12.938948 -7.554334 -45.788808 -0.134088 -0.135262 0.343460 0.919652
1103.000000 -13.568275 -7.418948 -45.683292 -0.130358 -0.129439 0.344159 0.920764
1104.000000 -14.164694 -7.424034 -45.555894 -0.128146 -0.123400 0.345011 0.921585
1105.000000 -14.714286 -7.608021 -45.405731 -0.127914 -0.117132 0.346025 0.922054
1106.000000 -15.206563 -7.891549 -45.249498 -0.128915 -0.111041 0.347062 0.922279
1107.000000 -15.615973 -8.085975 -45.130153 -0.129331 -0.106112 0.347856 0.922502
1108.000000 -15.920092 -8.125862 -45.071136 -0.128574 -0.102842 0.348319 0.922803
1109.000000 -16.100172 -8.039730 -45.076808 -0.127009 -0.101321 0.348470 0.923131
1110.000000 -16.139493 -7.855129 -45.149065 -0.124994 -0.101613 0.348312 0.923434
1111.000000 -16.045827 -7.580532 -45.282796 -0.122590 -0.103601 0.347854 0.923708
1112.000000 -15.842314 -7.213516 -45.467903 -0.119669 -0.107055 0.347120 0.923973
1113.000000 -15.551898 -6.750173 -45.693064 -0.116098 -0.111746 0.346147 0.924238
1114.000000 -15.197799 -6.185262 -45.946114 -0.111742 -0.117441 0.344967 0.924510
1115.000000 -14.804248 -5.514806 -46.214070 -0.106485 -0.123896 0.343600 0.924797
1116.000000 -14.406709 -4.814965 -46.472221 -0.100971 -0.130459 0.342177 0.925041
1117.000000 -14.056852 -4.275338 -46.686713 -0.096893 -0.135922 0.341025 0.925116
1118.000000 -13.803980 -3.962704 -46.844552 -0.094715 -0.139575 0.340308 0.925061
1119.000000 -13.694431 -3.846009 -46.941372 -0.093952 -0.141092 0.340032 0.925010
1120.000000 -13.772060 -3.892885 -46.969773 -0.094127 -0.140171 0.340182 0.925077
1121.000000 -14.050176 -4.087774 -46.925736 -0.095043 -0.136735 0.340731 0.925296
1122.000000 -14.491399 -4.405932 -46.817458 -0.096594 -0.131228 0.341596 0.925614
1123.000000 -15.040624 -4.811997 -46.658701 -0.098628 -0.124307 0.342672 0.925957
1124.000000 -15.642774 -5.270804 -46.465296 -0.100993 -0.116630 0.343863 0.926259
1125.000000 -16.243318 -5.747519 -46.256597 -0.103539 -0.108858 0.345074 0.926474
1126.000000 -16.788597 -6.207701 -46.056074 -0.106121 -0.101655 0.346209 0.926576
1127.000000 -17.226294 -6.617478 -45.890958 -0.108597 -0.095687 0.347172 0.926565
1128.000000 -17.505046 -6.943348 -45.791005 -0.110826 -0.091620 0.347860 0.926454
1129.000000 -17.583756 -7.155689 -45.781953 -0.112669 -0.089999 0.348187 0.926268
1130.000000 -17.452138 -7.236444 -45.873399 -0.113988 -0.091002 0.348108 0.926038
1131.000000 -17.108092 -7.171554 -46.066771 -0.114651 -0.094692 0.347597 0.925778
1132.000000 -16.580694 -6.967236 -46.344294 -0.114613 -0.100722 0.346684 0.925488
1133.000000 -15.915568 -6.640442 -46.678651 -0.113871 -0.108538 0.345442 0.925161
1134.000000 -15.160892 -6.210290 -47.042332 -0.112436 -0.117559 0.343954 0.924789
1135.000000 -14.383496 -5.714679 -47.402744 -0.110435 -0.126968 0.342348 0.924381
1136.000000 -13.662291 -5.202994 -47.728855 -0.108069 -0.135815 0.340788 0.923980
1137.000000 -13.078486 -4.726013 -47.996270 -0.105540 -0.143154 0.339443 0.923659
1138.000000 -12.709804 -4.331468 -48.187206 -0.103038 -0.148101 0.338473 0.923518
1139.000000 -12.591512 -4.036496 -48.298817 -0.100607 -0.150289 0.337932 0.923630
1140.000000 -12.711172 -3.833761 -48.339045 -0.098228 -0.149880 0.337777 0.924010
1141.000000 -13.048733 -3.713060 -48.313525 -0.095878 -0.147096 0.337952 0.924640
1142.000000 -13.583451 -3.664213 -48.224670 -0.093531 -0.142160 0.338409 0.925485
1143.000000 -14.294050 -3.677171 -48.072740 -0.091156 -0.135290 0.339106 0.926496
1144.000000 -15.157187 -3.740192 -47.857523 -0.088713 -0.126728 0.340001 0.927615
1145.000000 -16.131519 -3.822810 -47.586144 -0.086039 -0.116958 0.341008 0.928780
1146.000000 -17.166258 -3.884782 -47.272445 -0.082906 -0.106600 0.342041 0.929931
1147.000000 -18.211988 -3.885564 -46.934236 -0.079087 -0.096273 0.342997 0.931037
1148.000000 -19.225541 -3.788094 -46.591102 -0.074376 -0.086539 0.343777 0.932093
1149.000000 -20.141078 -3.522275 -46.278522 -0.068312 -0.078328 0.344260 0.933104
1150.000000 -20.787717 -2.910775 -46.089062 -0.059709 -0.074069 0.344237 0.934050
1151.000000 -21.212541 -2.073594 -45.994852 -0.049603 -0.072884 0.343880 0.934866
1152.000000 -21.572838 -1.275934 -45.910120 -0.040114 -0.072192 0.343492 0.935517
1153.000000 -21.984382 -0.650999 -45.781380 -0.032175 -0.070316 0.343223 0.936065
1154.000000 -22.402993 0.082395 -45.636339 -0.023084 -0.068763 0.342817 0.936598
1155.000000 -22.769836 0.838728 -45.501505 -0.013917 -0.067846 0.342319 0.937028
1156.000000 -23.056991 1.507739 -45.394892 -0.005925 -0.067433 0.341826 0.937322
1157.000000 -23.273857 2.086115 -45.316640 0.000866 -0.067391 0.341370 0.937509
1158.000000 -23.433134 2.576882 -45.264006 0.006523 -0.067587 0.340970 0.937619
1159.000000 -23.602664 2.919962 -45.209172 0.010717 -0.067114 0.340684 0.937718
1160.000000 -23.966242 2.940213 -45.070331 0.012321 -0.063412 0.340638 0.937973
1161.000000 -24.493580 2.758514 -44.851976 0.012433 -0.057221 0.340693 0.938349
1162.000000 -25.046222 2.640685 -44.607644 0.013287 -0.050970 0.340660 0.938710
1163.000000 -25.522942 2.716812 -44.386961 0.015890 -0.046226 0.340507 0.938971
1164.000000 -25.834837 2.772536 -44.257628 0.017656 -0.043132 0.340397 0.939126
1165.000000 -25.948729 2.909583 -44.236826 0.019535 -0.042447 0.340300 0.939155
1166.000000 -25.936364 3.188177 -44.279155 0.022432 -0.043638 0.340163 0.939086
1167.000000 -25.832330 3.566235 -44.364854 0.026024 -0.046167 0.339989 0.938935
1168.000000 -25.668064 3.993588 -44.476828 0.029899 -0.049503 0.339798 0.938719
1169.000000 -25.476828 4.418925 -44.599831 0.033647 -0.053114 0.339611 0.938462
1170.000000 -25.291933 4.790609 -44.720880 0.036852 -0.056467 0.339450 0.938204
1171.000000 -25.145712 5.056935 -44.828891 0.039099 -0.059024 0.339340 0.937996
1172.000000 -25.067703 5.168884 -44.915142 0.039990 -0.060289 0.339307 0.937890
1173.000000 -25.022305 5.141319 -44.999125 0.039548 -0.060690 0.339352 0.937866
1174.000000 -25.054026 4.991635 -45.053790 0.038124 -0.059824 0.339446 0.937947
1175.000000 -25.165716 4.780056 -45.069667 0.036352 -0.057885 0.339540 0.938105
1176.000000 -25.228519 4.634686 -45.104387 0.035077 -0.056688 0.339607 0.938202
1177.000000 -25.239312 4.620782 -45.153621 0.034965 -0.056505 0.339613 0.938215
1178.000000 -25.238261 4.581417 -45.211432 0.034535 -0.056332 0.339640 0.938232
1179.000000 -25.191322 4.481218 -45.300762 0.033301 -0.056403 0.339719 0.938244
1180.000000 -25.065401 4.373837 -45.434612 0.031704 -0.057275 0.339825 0.938208
1181.000000 -24.826415 4.313451 -45.625858 0.030191 -0.059510 0.339941 0.938076
1182.000000 -24.440918 4.353027 -45.884390 0.029191 -0.063631 0.340046 0.937799
1183.000000 -23.943624 4.483947 -46.188022 0.028713 -0.069200 0.340117 0.937394
1184.000000 -23.435969 4.630628 -46.487998 0.028339 -0.074884 0.340154 0.936955
1185.000000 -23.013548 4.701429 -46.746192 0.027500 -0.079390 0.340207 0.936590
1186.000000 -22.760903 4.603134 -46.934191 0.025591 -0.081560 0.340357 0.936403
1187.000000 -22.631413 4.308530 -47.079383 0.022184 -0.081785 0.340653 0.936362
1188.000000 -22.532543 4.022397 -47.206697 0.018984 -0.081735 0.340932 0.936335
1189.000000 -22.449522 3.822679 -47.317344 0.016706 -0.081837 0.341127 0.936299
1190.000000 -22.366414 3.694521 -47.421304 0.015140 -0.082195 0.341255 0.936248
1191.000000 -22.267151 3.622724 -47.527927 0.014075 -0.082913 0.341333 0.936173
1192.000000 -22.135553 3.591929 -47.646061 0.013300 -0.084093 0.341377 0.936062
1193.000000 -21.963516 3.586143 -47.780396 0.012628 -0.085756 0.341404 0.935911
1194.000000 -21.761567 3.590100 -47.926767 0.011945 -0.087742 0.341424 0.935729
1195.000000 -21.553114 3.598553 -48.074624 0.011285 -0.089800 0.341438 0.935537
1196.000000 -21.365635 3.609740 -48.211863 0.010728 -0.091660 0.341447 0.935359
1197.000000 -21.226865 3.622208 -48.326784 0.010357 -0.093052 0.341451 0.935225
1198.000000 -21.157427 3.682691 -48.407416 0.010696 -0.093942 0.341402 0.935150
1199.000000 -21.151907 3.845487 -48.452043 0.012245 -0.094577 0.341246 0.935124
1200.000000 -21.189832 4.060028 -48.472874 0.014443 -0.094972 0.341032 0.935131
1201.000000 -21.249925 4.268934 -48.483470 0.016661 -0.095131 0.340817 0.935156
1202.000000 -21.310770 4.414745 -48.498410 0.018271 -0.095055 0.340660 0.935190
1203.000000 -21.369953 4.444425 -48.524079 0.018760 -0.094583 0.340614 0.935246
1204.000000 -21.585683 4.340348 -48.492130 0.018525 -0.092135 0.340671 0.935474
1205.000000 -21.847395 4.161982 -48.444626 0.017740 -0.088981 0.340785 0.935753
1206.000000 -22.033561 3.951879 -48.432176 0.016381 -0.086448 0.340937 0.935960
1207.000000 -22.135418 3.725909 -48.458262 0.014569 -0.084678 0.341121 0.936084
1208.000000 -22.150848 3.451917 -48.526449 0.011982 -0.083577 0.341361 0.936132
1209.000000 -22.101415 3.089991 -48.627639 0.008319 -0.082774 0.341682 0.936126
1210.000000 -22.026770 2.704438 -48.738462 0.004346 -0.082124 0.342019 0.936087
1211.000000 -21.967734 2.366851 -48.836926 0.000895 -0.081498 0.342310 0.936046
1212.000000 -21.969676 2.149911 -48.900587 -0.001182 -0.080716 0.342495 0.936045
1213.000000 -22.157572 2.117850 -48.871902 -0.000844 -0.078803 0.342515 0.936201
1214.000000 -22.355455 2.261947 -48.830204 0.001220 -0.077416 0.342398 0.936359
1215.000000 -22.573285 2.488005 -48.773993 0.004146 -0.076129 0.342220 0.936522
1216.000000 -22.832646 2.718414 -48.696020 0.007268 -0.074459 0.342037 0.936704
1217.000000 -23.041439 2.901963 -48.642173 0.009770 -0.073110 0.341891 0.936840
1218.000000 -23.106813 2.988123 -48.660393 0.010838 -0.072786 0.341822 0.936879
1219.000000 -23.000166 2.957252 -48.766389 0.010182 -0.073689 0.341849 0.936806
1220.000000 -22.806915 2.844580 -48.916907 0.008446 -0.075127 0.341948 0.936673
1221.000000 -22.624200 2.691167 -49.063475 0.006364 -0.076317 0.342082 0.936544
1222.000000 -22.537263 2.534858 -49.165372 0.004587 -0.076589 0.342214 0.936484
1223.000000 -22.437723 2.371693 -49.273469 0.002690 -0.076969 0.342350 0.936411
1224.000000 -22.283353 2.202960 -49.406684 0.000536 -0.077865 0.342489 0.936290
1225.000000 -22.113121 2.039898 -49.545905 -0.001620 -0.078933 0.342619 0.936151
1226.000000 -21.965902 1.893519 -49.672818 -0.003530 -0.079837 0.342736 0.936027
1227.000000 -21.881985 1.775691 -49.769224 -0.004934 -0.080232 0.342833 0.935951
1228.000000 -21.936860 1.725686 -49.801217 -0.005209 -0.079543 0.342881 0.935990
1229.000000 -22.189395 1.788273 -49.741063 -0.003743 -0.077375 0.342839 0.936195
1230.000000 -22.584895 1.952474 -49.610562 -0.000822 -0.074203 0.342717 0.936503
1231.000000 -23.053185 2.197066 -49.438656 0.003123 -0.070615 0.342542 0.936840
1232.000000 -23.379424 2.355056 -49.332504 0.005762 -0.068070 0.342436 0.937054
1233.000000 -23.427950 2.307882 -49.366513 0.005478 -0.067449 0.342470 0.937089
1234.000000 -23.280830 2.132545 -49.498624 0.003296 -0.068236 0.342588 0.936998
1235.000000 -23.025784 1.911003 -49.681068 0.000324 -0.069877 0.342742 0.936827
1236.000000 -22.750995 1.726471 -49.867852 -0.002336 -0.071818 0.342874 0.936629
1237.000000 -22.546820 1.665380 -50.016217 -0.003589 -0.073513 0.342916 0.936478
1238.000000 -22.444170 1.766823 -50.113302 -0.002998 -0.074817 0.342830 0.936409
1239.000000 -22.337000 1.958406 -50.208993 -0.001600 -0.076472 0.342668 0.936338
1240.000000 -22.096752 2.149695 -50.362520 -0.000671 -0.079361 0.342498 0.936160
1241.000000 -21.648538 2.264752 -50.606752 -0.001152 -0.083907 0.342387 0.935804
1242.000000 -21.190673 2.408198 -50.848113 -0.001380 -0.088612 0.342265 0.935415
1243.000000 -20.949675 2.691552 -50.987775 0.000427 -0.091773 0.342029 0.935197
1244.000000 -20.953619 3.049569 -51.020037 0.003741 -0.092933 0.341717 0.935189
1245.000000 -21.149294 3.400918 -50.971475 0.007632 -0.092321 0.341393 0.935345
1246.000000 -21.471882 3.663051 -50.873366 0.011128 -0.090255 0.341135 0.935605
1247.000000 -21.852248 3.754092 -50.759972 0.013247 -0.087083 0.341018 0.935921
1248.000000 -22.139931 3.620802 -50.700186 0.012980 -0.083999 0.341086 0.936182
1249.000000 -22.300513 3.309028 -50.705887 0.010636 -0.081471 0.341300 0.936356
1250.000000 -22.444263 2.895745 -50.721987 0.007303 -0.078745 0.341594 0.936514
1251.000000 -22.633240 2.447504 -50.715364 0.003806 -0.075474 0.341912 0.936689
1252.000000 -22.812392 2.004304 -50.707871 0.000324 -0.072300 0.342226 0.936832
1253.000000 -22.915188 1.596753 -50.729542 -0.003087 -0.069955 0.342517 0.936899
1254.000000 -22.909911 1.253936 -50.795782 -0.006269 -0.068840 0.342760 0.936876
1255.000000 -22.837409 1.014356 -50.888479 -0.008727 -0.068702 0.342926 0.936806
1256.000000 -22.744989 0.915608 -50.986750 -0.009958 -0.069226 0.342991 0.936731
1257.000000 -22.621140 0.972547 -51.095922 -0.009862 -0.070564 0.342947 0.936649
1258.000000 -22.509508 1.186311 -51.195814 -0.008290 -0.072313 0.342791 0.936587
1259.000000 -22.512310 1.503513 -51.241233 -0.005391 -0.073355 0.342565 0.936611
1260.000000 -22.720630 1.816292 -51.193822 -0.001836 -0.072500 0.342353 0.936768
1261.000000 -23.140771 2.012669 -51.052407 0.001384 -0.069310 0.342236 0.937053
1262.000000 -23.297107 2.036306 -51.034516 0.002136 -0.067951 0.342215 0.937159
1263.000000 -23.309594 1.950294 -51.086434 0.001398 -0.067547 0.342257 0.937174
1264.000000 -23.404556 1.826744 -51.101934 0.000598 -0.066265 0.342326 0.937241
1265.000000 -23.570665 1.681873 -51.084435 -0.000159 -0.064249 0.342412 0.937351
1266.000000 -23.697044 1.508890 -51.084640 -0.001311 -0.062488 0.342520 0.937429
1267.000000 -23.738892 1.318144 -51.125396 -0.002934 -0.061468 0.342639 0.937450
1268.000000 -23.702196 1.051958 -51.204278 -0.005520 -0.060929 0.342800 0.937414
1269.000000 -23.676599 0.772606 -51.276221 -0.008177 -0.060236 0.342967 0.937378
1270.000000 -23.675492 0.560662 -51.333920 -0.010121 -0.059534 0.343095 0.937357
1271.000000 -23.721433 0.430378 -51.368121 -0.011151 -0.058672 0.343179 0.937369
1272.000000 -24.041520 0.421875 -51.273572 -0.010158 -0.055716 0.343204 0.937552
1273.000000 -24.261468 0.544443 -51.223696 -0.008301 -0.054124 0.343155 0.937681
1274.000000 -24.372270 0.814504 -51.222550 -0.005455 -0.054026 0.343024 0.937756
1275.000000 -24.365761 1.085245 -51.275049 -0.002996 -0.054991 0.342883 0.937762
1276.000000 -24.311314 1.221276 -51.351257 -0.001936 -0.055918 0.342802 0.937740
1277.000000 -24.283237 1.090197 -51.421060 -0.003233 -0.055714 0.342866 0.937725
1278.000000 -24.363041 0.717105 -51.444763 -0.006372 -0.053749 0.343071 0.937749
1279.000000 -24.473522 0.177389 -51.451938 -0.010907 -0.050957 0.343356 0.937759
1280.000000 -24.504234 -0.420033 -51.490755 -0.016223 -0.048699 0.343646 0.937695
1281.000000 -24.417571 -0.895721 -51.580561 -0.020816 -0.047915 0.343854 0.937569
1282.000000 -24.458464 -1.144382 -51.610965 -0.022938 -0.046720 0.343967 0.937538
1283.000000 -24.860916 -1.163333 -51.472731 -0.021795 -0.042993 0.344045 0.937715
1284.000000 -25.065579 -1.352990 -51.423522 -0.022863 -0.040490 0.344183 0.937750
1285.000000 -25.049174 -1.644969 -51.477529 -0.025586 -0.039661 0.344339 0.937658
1286.000000 -25.087599 -1.669654 -51.512191 -0.025675 -0.039224 0.344413 0.937647
1287.000000 -25.289780 -1.187667 -51.480410 -0.020601 -0.038983 0.344301 0.937823
1288.000000 -25.570307 -0.188257 -51.408434 -0.010541 -0.039748 0.343948 0.938088
1289.000000 -25.820576 1.193447 -51.324267 0.002885 -0.042075 0.343360 0.938257
1290.000000 -25.927282 2.809383 -51.263138 0.017938 -0.046494 0.342559 0.938174
1291.000000 -25.803210 4.517576 -51.259095 0.033040 -0.053298 0.341601 0.937751
1292.000000 -25.435305 6.190737 -51.322633 0.046990 -0.062166 0.340603 0.936972
1293.000000 -24.835272 7.715028 -51.463550 0.058807 -0.072614 0.339734 0.935868
1294.000000 -24.330460 9.360286 -51.485051 0.072056 -0.082575 0.338719 0.934483
1295.000000 -23.950157 11.153401 -51.359357 0.087067 -0.091889 0.337425 0.932802
1296.000000 -23.447186 12.843350 -51.250352 0.100724 -0.101969 0.336187 0.930825
1297.000000 -22.742640 14.308972 -51.233842 0.111657 -0.113125 0.335254 0.928623
1298.000000 -21.942984 15.567840 -51.270012 0.120396 -0.124453 0.334612 0.926311
1299.000000 -21.163463 16.644344 -51.314173 0.127564 -0.135001 0.334189 0.924023
1300.000000 -20.517696 17.563737 -51.324723 0.133768 -0.143839 0.333842 0.921936
1301.000000 -20.088407 18.344956 -51.276019 0.139439 -0.150285 0.333413 0.920221
1302.000000 -19.879283 18.996091 -51.175173 0.144655 -0.154332 0.332853 0.918948
1303.000000 -19.855547 19.546693 -51.031736 0.149569 -0.156383 0.332148 0.918069
1304.000000 -19.974622 20.033245 -50.851193 0.154372 -0.156930 0.331296 0.917488
1305.000000 -20.194292 20.492139 -50.636066 0.159258 -0.156467 0.330300 0.917092
1306.000000 -20.472637 20.959681 -50.387248 0.164424 -0.155482 0.329166 0.916755
1307.000000 -20.768051 21.471997 -50.104751 0.170066 -0.154467 0.327901 0.916351
1308.000000 -21.039547 22.064668 -49.787834 0.176383 -0.153910 0.326512 0.915746
1309.000000 -21.246819 22.772501 -49.434592 0.183574 -0.154300 0.325007 0.914802
1310.000000 -21.350799 23.628612 -49.041084 0.191830 -0.156118 0.323399 0.913368
1311.000000 -21.324388 24.646606 -48.604095 0.201210 -0.159679 0.321718 0.911326
1312.000000 -21.161738 25.809640 -48.123493 0.211559 -0.165008 0.320002 0.908633
1313.000000 -20.884429 27.076274 -47.599990 0.222578 -0.171793 0.318278 0.905343
1314.000000 -20.521472 28.399113 -47.037680 0.233935 -0.179630 0.316572 0.901548
1315.000000 -20.101509 29.731993 -46.445464 0.245298 -0.188117 0.314916 0.897368
1316.000000 -19.652317 31.030818 -45.837722 0.256339 -0.196856 0.313344 0.892947
1317.000000 -19.200255 32.254227 -45.234335 0.266742 -0.205458 0.311891 0.888459
1318.000000 -18.770052 33.363603 -44.660193 0.276194 -0.213542 0.310593 0.884109
1319.000000 -18.384815 34.322856 -44.144261 0.284393 -0.220736 0.309484 0.880122
1320.000000 -18.066049 35.098202 -43.718059 0.291049 -0.226682 0.308599 0.876740
1321.000000 -17.824728 35.672649 -43.405139 0.295995 -0.231178 0.307958 0.874131
1322.000000 -17.658594 36.050391 -43.214819 0.299240 -0.234231 0.307567 0.872350
1323.000000 -17.565177 36.235490 -43.152473 0.300797 -0.235861 0.307424 0.871425
1324.000000 -17.543019 36.229882 -43.220691 0.300674 -0.236079 0.307527 0.871372
1325.000000 -17.591756 36.033232 -43.419441 0.298871 -0.234887 0.307871 0.872192
1326.000000 -17.712061 35.642975 -43.746065 0.295378 -0.232280 0.308449 0.873875
1327.000000 -17.905656 35.054483 -44.195109 0.290180 -0.228245 0.309251 0.876393
1328.000000 -18.176500 34.260734 -44.758002 0.283260 -0.222758 0.310278 0.879699
1329.000000 -18.530450 33.252799 -45.422634 0.274606 -0.215788 0.311550 0.883721
1330.000000 -18.970486 32.022978 -46.172907 0.264201 -0.207320 0.313042 0.888381
1331.000000 -19.480779 30.604458 -46.969951 0.252344 -0.197645 0.314663 0.893446
1332.000000 -19.898254 29.378009 -47.627835 0.242123 -0.189598 0.316056 0.897517
1333.000000 -19.995861 28.882277 -47.943757 0.237813 -0.187070 0.316864 0.898914
1334.000000 -19.957422 28.704953 -48.121351 0.236041 -0.186865 0.317390 0.899238
1335.000000 -19.891604 28.663633 -48.229542 0.235417 -0.187327 0.317678 0.899204
1336.000000 -19.804538 28.792730 -48.245911 0.236277 -0.188514 0.317648 0.898741
1337.000000 -19.699269 29.100027 -48.161283 0.238741 -0.190459 0.317288 0.897806
1338.000000 -19.580158 29.589257 -47.965038 0.242918 -0.193192 0.316589 0.896348
1339.000000 -19.446634 30.272862 -47.644562 0.248901 -0.196731 0.315528 0.894308
1340.000000 -19.298929 31.156658 -47.185827 0.256751 -0.201080 0.314061 0.891634
1341.000000 -19.156186 32.198886 -46.594146 0.266174 -0.205926 0.312179 0.888420
1342.000000 -19.181535 33.028504 -46.053991 0.274208 -0.208477 0.310241 0.886058
1343.000000 -19.591726 33.160783 -45.840363 0.276888 -0.204998 0.308765 0.886551
1344.000000 -20.194062 33.022771 -45.733188 0.277580 -0.198703 0.307245 0.888295
1345.000000 -20.879712 32.805724 -45.636100 0.277733 -0.191257 0.305525 0.890471
1346.000000 -21.646471 32.487220 -45.561311 0.277120 -0.182620 0.303682 0.893102
1347.000000 -22.500044 32.063365 -45.502626 0.275736 -0.172753 0.301761 0.896140
1348.000000 -23.444878 31.531364 -45.451913 0.273575 -0.161627 0.299793 0.899532
1349.000000 -24.463825 30.904794 -45.399705 0.270690 -0.149436 0.297759 0.903181
1350.000000 -25.429935 30.285336 -45.340651 0.267660 -0.137763 0.295838 0.906565
1351.000000 -26.181819 29.802472 -45.286970 0.265275 -0.128661 0.294339 0.909087
1352.000000 -26.676887 29.495291 -45.253398 0.263813 -0.122702 0.293362 0.910651
1353.000000 -26.942593 29.350064 -45.244555 0.263231 -0.119562 0.292839 0.911405
1354.000000 -27.006688 29.353038 -45.258449 0.263474 -0.118906 0.292686 0.911470
1355.000000 -26.897491 29.489856 -45.288622 0.264485 -0.120408 0.292824 0.910936
1356.000000 -26.644163 29.745203 -45.325742 0.266211 -0.123742 0.293194 0.909867
1357.000000 -26.275331 30.104071 -45.358794 0.268598 -0.128582 0.293752 0.908313
1358.000000 -25.819280 30.551889 -45.376146 0.271590 -0.134595 0.294439 0.906327
1359.000000 -25.320523 31.061232 -45.366419 0.275046 -0.141232 0.295147 0.904042
1360.000000 -24.933995 31.516244 -45.321752 0.278306 -0.146565 0.295566 0.902056
1361.000000 -24.850174 31.772349 -45.243998 0.280567 -0.148232 0.295360 0.901150
1362.000000 -25.139910 31.775964 -45.136305 0.281531 -0.145349 0.294401 0.901633
1363.000000 -25.801968 31.528125 -44.991186 0.281183 -0.137902 0.292662 0.903476
1364.000000 -26.800407 31.056900 -44.789562 0.279643 -0.126290 0.290158 0.906454
1365.000000 -28.001742 30.467397 -44.513188 0.277487 -0.112135 0.287092 0.909948
1366.000000 -29.257242 29.876217 -44.159321 0.275403 -0.097287 0.283772 0.913325
1367.000000 -30.419269 29.397891 -43.747344 0.274124 -0.083634 0.280572 0.916046
1368.000000 -31.373005 29.117249 -43.313141 0.274226 -0.072682 0.277831 0.917784
1369.000000 -32.091361 29.043377 -42.887911 0.275762 -0.064787 0.275654 0.918571
1370.000000 -32.563777 29.173509 -42.495088 0.278687 -0.060096 0.274065 0.918483
1371.000000 -32.780152 29.505665 -42.151396 0.282957 -0.058761 0.273085 0.917555
1372.000000 -32.730203 30.037582 -41.867062 0.288529 -0.060942 0.272769 0.915770
1373.000000 -32.403649 30.765756 -41.645429 0.295349 -0.066799 0.273198 0.913055
1374.000000 -31.820086 31.662394 -41.476876 0.303174 -0.076062 0.274366 0.909408
1375.000000 -31.091260 32.628137 -41.334886 0.311268 -0.087188 0.275979 0.905177
1376.000000 -30.343885 33.553016 -41.203773 0.318844 -0.098430 0.277702 0.900851
1377.000000 -29.701640 34.330138 -41.085648 0.325161 -0.108082 0.279224 0.897007
1378.000000 -29.256471 34.880107 -40.996113 0.329682 -0.114863 0.280313 0.894170
1379.000000 -29.017980 35.194871 -40.951084 0.332349 -0.118609 0.280920 0.892502
1380.000000 -28.981988 35.278073 -40.959589 0.333173 -0.119343 0.281015 0.892067
1381.000000 -29.145486 35.134383 -41.021703 0.332185 -0.117095 0.280574 0.892872
1382.000000 -29.498892 34.806373 -41.103313 0.329806 -0.112117 0.279558 0.894710
1383.000000 -30.027561 34.366229 -41.145533 0.326761 -0.104822 0.277925 0.897217
1384.000000 -30.710482 33.879264 -41.100090 0.323679 -0.095660 0.275689 0.900043
1385.000000 -31.500383 33.379740 -40.965810 0.320771 -0.085253 0.273018 0.902939
1386.000000 -32.342858 32.893960 -40.757128 0.318143 -0.074273 0.270119 0.905706
1387.000000 -33.183013 32.448008 -40.493899 0.315913 -0.063401 0.267192 0.908178
1388.000000 -33.966033 32.068054 -40.201394 0.314205 -0.053327 0.264426 0.910225
1389.000000 -34.638258 31.780316 -39.909505 0.313157 -0.044746 0.262008 0.911747
1390.000000 -35.148254 31.610595 -39.651149 0.312911 -0.038351 0.260135 0.912659
1391.000000 -35.446825 31.581363 -39.461408 0.313586 -0.034821 0.259015 0.912887
1392.000000 -35.493334 31.677300 -39.395733 0.314882 -0.034605 0.258833 0.912500
1393.000000 -35.293908 31.848908 -39.489561 0.316234 -0.037472 0.259580 0.911707
1394.000000 -35.062657 32.021366 -39.609239 0.317468 -0.040688 0.260421 0.910900
1395.000000 -34.975337 32.157501 -39.629963 0.318748 -0.042130 0.260698 0.910308
1396.000000 -35.029231 32.258023 -39.555393 0.320086 -0.041853 0.260438 0.909926
1397.000000 -35.205084 32.327468 -39.398518 0.321469 -0.040095 0.259710 0.909726
1398.000000 -35.482788 32.370855 -39.170858 0.322885 -0.037083 0.258576 0.909675
1399.000000 -35.840438 32.393222 -38.882833 0.324322 -0.033037 0.257099 0.909738
1400.000000 -36.257962 32.398953 -38.544568 0.325769 -0.028165 0.255349 0.909878
1401.000000 -36.717572 32.392158 -38.166806 0.327214 -0.022681 0.253392 0.910060
1402.000000 -37.200439 32.377500 -37.761933 0.328644 -0.016814 0.251296 0.910253
1403.000000 -37.649476 32.366194 -37.376587 0.329994 -0.011289 0.249298 0.910399
1404.000000 -37.863489 32.394057 -37.187800 0.331030 -0.008710 0.248295 0.910326
1405.000000 -37.739890 32.481872 -37.289070 0.331667 -0.010451 0.248776 0.909944
1406.000000 -37.341859 32.623912 -37.617219 0.332035 -0.015695 0.250449 0.909275
1407.000000 -36.743124 32.812779 -38.093136 0.332276 -0.023451 0.252956 0.908326
1408.000000 -36.019383 33.040433 -38.638317 0.332530 -0.032723 0.255940 0.907110
1409.000000 -35.250018 33.297855 -39.178666 0.332950 -0.042514 0.259057 0.905663
1410.000000 -34.518432 33.575389 -39.646467 0.333703 -0.051834 0.261971 0.904061
1411.000000 -33.910833 33.863700 -39.980460 0.334966 -0.059705 0.264338 0.902418
1412.000000 -33.514986 34.153286 -40.123913 0.336926 -0.065158 0.265810 0.900878
1413.000000 -33.386537 34.424231 -40.055520 0.339559 -0.067546 0.266180 0.899603
1414.000000 -33.292528 34.572561 -40.061914 0.340925 -0.069133 0.266493 0.898873
1415.000000 -33.187916 34.551644 -40.221623 0.340356 -0.070259 0.266979 0.898857
1416.000000 -33.099515 34.333614 -40.533831 0.337661 -0.070540 0.267567 0.899676
1417.000000 -33.054986 33.886311 -40.995934 0.332632 -0.069587 0.268193 0.901436
1418.000000 -33.070035 33.176933 -41.609456 0.325035 -0.067163 0.268837 0.904194
1419.000000 -32.889174 32.270487 -42.507878 0.314815 -0.066289 0.270408 0.907401
1420.000000 -32.450761 31.240636 -43.652679 0.302684 -0.067769 0.272967 0.910647
1421.000000 -31.816843 30.141301 -44.928595 0.289492 -0.070977 0.276111 0.913739
1422.000000 -31.056495 29.034829 -46.225924 0.276118 -0.075284 0.279462 0.916511
1423.000000 -30.277862 27.999882 -47.420786 0.263639 -0.079797 0.282586 0.918843
1424.000000 -29.806584 27.174850 -48.248653 0.254245 -0.081840 0.284483 0.920723
1425.000000 -29.662531 26.601525 -48.712512 0.248279 -0.081488 0.285228 0.922151
1426.000000 -29.769561 26.291178 -48.873644 0.245578 -0.079556 0.285134 0.923071
1427.000000 -30.045508 26.253545 -48.782629 0.245988 -0.076857 0.284459 0.923399
1428.000000 -30.421607 26.493611 -48.475106 0.249380 -0.074034 0.283383 0.923051
1429.000000 -31.137687 26.901625 -47.846470 0.255430 -0.068417 0.281293 0.922469
1430.000000 -32.186122 27.355179 -46.940778 0.262989 -0.059599 0.278210 0.921892
1431.000000 -33.295313 27.823354 -45.934448 0.270981 -0.050015 0.274807 0.921167
1432.000000 -34.069008 28.331370 -45.102034 0.278463 -0.043718 0.272223 0.920023
1433.000000 -34.447697 28.770987 -44.585773 0.284112 -0.041137 0.270791 0.918836
1434.000000 -34.484393 29.068962 -44.415870 0.287283 -0.041613 0.270480 0.917920
1435.000000 -34.267802 29.180019 -44.561731 0.287764 -0.044127 0.271086 0.917473
1436.000000 -33.863608 29.087709 -44.980663 0.285606 -0.047948 0.272424 0.917559
1437.000000 -33.304653 28.830935 -45.612049 0.281360 -0.052849 0.274363 0.918024
1438.000000 -32.615619 28.457110 -46.392499 0.275625 -0.058661 0.276762 0.918691
1439.000000 -31.820604 28.017574 -47.259373 0.269009 -0.065224 0.279458 0.919393
1440.000000 -30.944622 27.567641 -48.153092 0.262124 -0.072391 0.282277 0.919984
1441.000000 -30.140942 27.103536 -48.975416 0.255373 -0.078667 0.284777 0.920597
1442.000000 -29.728601 26.562495 -49.576310 0.249085 -0.080943 0.286221 0.921674
1443.000000 -29.704230 26.034101 -49.926024 0.244068 -0.079626 0.286641 0.922999
1444.000000 -30.000524 25.618520 -50.019683 0.241024 -0.075672 0.286173 0.924276
1445.000000 -30.476632 25.354632 -49.922012 0.239899 -0.070494 0.285165 0.925289
1446.000000 -30.988063 25.223196 -49.728913 0.240116 -0.065364 0.284005 0.925966
1447.000000 -31.425412 25.139724 -49.551475 0.240591 -0.061056 0.283026 0.926436
1448.000000 -31.681471 25.014621 -49.505958 0.240174 -0.058314 0.282520 0.926876
1449.000000 -31.648670 24.758265 -49.708491 0.237712 -0.057885 0.282766 0.927462
1450.000000 -31.377302 24.292874 -50.160354 0.232651 -0.059071 0.283683 0.928390
1451.000000 -31.320047 24.086955 -50.347096 0.230612 -0.058997 0.283925 0.928829
1452.000000 -31.119899 24.188520 -50.475187 0.231007 -0.061118 0.284329 0.928471
1453.000000 -30.694340 24.356672 -50.708906 0.231359 -0.065499 0.285216 0.927812
1454.000000 -30.083461 24.480973 -51.070783 0.230749 -0.071428 0.286531 0.927121
1455.000000 -29.397075 24.508898 -51.514138 0.229011 -0.077716 0.288038 0.926579
1456.000000 -28.769474 24.397454 -51.974952 0.226230 -0.083004 0.289483 0.926353
1457.000000 -28.348768 24.107104 -52.393831 0.222499 -0.085934 0.290626 0.926632
1458.000000 -28.256304 23.671418 -52.695133 0.218431 -0.085561 0.291187 0.927457
1459.000000 -28.526050 23.348574 -52.747271 0.216357 -0.082311 0.290868 0.928337
1460.000000 -29.004969 23.422957 -52.506293 0.218343 -0.078302 0.289789 0.928557
1461.000000 -29.119203 23.576073 -52.428896 0.220020 -0.077727 0.289431 0.928321
1462.000000 -29.236555 23.496776 -52.454235 0.219627 -0.076466 0.289235 0.928580
1463.000000 -29.467183 23.136315 -52.540906 0.217039 -0.073412 0.289008 0.929505
1464.000000 -29.774573 22.600070 -52.656373 0.213104 -0.069193 0.288736 0.930822
1465.000000 -30.122100 22.001540 -52.766856 0.208748 -0.064464 0.288414 0.932248
1466.000000 -30.471829 21.456923 -52.843795 0.204902 -0.059886 0.288033 0.933523
1467.000000 -30.784775 21.087567 -52.864369 0.202513 -0.056124 0.287614 0.934407
1468.000000 -31.038460 21.007957 -52.801688 0.202514 -0.053675 0.287165 0.934689
1469.000000 -31.092923 21.757144 -52.520133 0.209322 -0.055251 0.286701 0.933238
1470.000000 -31.039535 22.125998 -52.452860 0.212449 -0.056738 0.286629 0.932465
1471.000000 -30.991395 21.914758 -52.625237 0.210422 -0.056580 0.286841 0.932868
1472.000000 -30.974554 21.396295 -52.903050 0.205766 -0.055300 0.287146 0.933889
1473.000000 -30.981272 20.879955 -53.159325 0.201217 -0.053817 0.287391 0.934891
1474.000000 -31.036099 20.388752 -53.369307 0.197099 -0.052017 0.287519 0.935831
1475.000000 -31.162780 19.954105 -53.512874 0.193658 -0.049748 0.287481 0.936684
1476.000000 -31.383225 19.595381 -53.571186 0.191122 -0.046871 0.287247 0.937424
1477.000000 -31.587536 19.280109 -53.621017 0.188919 -0.044260 0.287044 0.938060
1478.000000 -31.479161 18.840648 -53.896270 0.184791 -0.044048 0.287436 0.938772
1479.000000 -31.235108 17.649004 -54.494123 0.173810 -0.043006 0.288341 0.940638
1480.000000 -31.269194 17.059888 -54.716508 0.168814 -0.041145 0.288509 0.941579
1481.000000 -31.487164 16.934146 -54.684277 0.168287 -0.038907 0.288186 0.941867
1482.000000 -31.775489 17.069014 -54.528804 0.170195 -0.036746 0.287669 0.941770
1483.000000 -32.023301 17.263704 -54.377622 0.172513 -0.035114 0.287227 0.941545
1484.000000 -32.127635 17.331013 -54.351584 0.173352 -0.034413 0.287070 0.941465
1485.000000 -32.120441 17.246226 -54.437648 0.172607 -0.034266 0.287119 0.941592
1486.000000 -32.139104 17.101440 -54.525736 0.171432 -0.033730 0.287133 0.941822
1487.000000 -32.162292 17.150723 -54.549560 0.171953 -0.033664 0.287080 0.941745
1488.000000 -32.121424 17.597570 -54.484697 0.175733 -0.035199 0.287015 0.941011
1489.000000 -32.199097 18.055908 -54.343432 0.179917 -0.035749 0.286779 0.940271
1490.000000 -32.110803 17.937691 -54.490190 0.178662 -0.036209 0.287008 0.940423
1491.000000 -31.878498 17.338510 -54.873808 0.172896 -0.036624 0.287622 0.941296
1492.000000 -31.472203 16.453812 -55.431323 0.164308 -0.037773 0.288590 0.942492
1493.000000 -30.870196 15.483703 -56.099182 0.154612 -0.040378 0.289876 0.943630
1494.000000 -30.137514 14.655068 -56.770216 0.145882 -0.044417 0.291274 0.944407
1495.000000 -29.264444 14.052991 -57.429455 0.138728 -0.050122 0.292686 0.944763
1496.000000 -28.141725 13.640493 -58.139894 0.132519 -0.058249 0.294215 0.944713
1497.000000 -26.974300 13.259810 -58.831890 0.126474 -0.066694 0.295671 0.944529
1498.000000 -26.243103 12.885921 -59.299247 0.121594 -0.071579 0.296581 0.944527
1499.000000 -25.852205 12.864921 -59.531177 0.120387 -0.074620 0.296922 0.944339
1500.000000 -25.500801 13.173437 -59.671564 0.121903 -0.078174 0.297045 0.943818
1501.000000 -25.142746 13.693860 -59.762582 0.125088 -0.082306 0.297057 0.943046
1502.000000 -24.894056 14.350102 -59.768346 0.129626 -0.085907 0.296857 0.942174
1503.000000 -24.862221 15.060786 -59.661100 0.135154 -0.087930 0.296375 0.941363
1504.000000 -25.041329 15.716602 -59.469694 0.140811 -0.088146 0.295684 0.940730
1505.000000 -25.351790 16.196416 -59.261876 0.145420 -0.086881 0.294959 0.940374
1506.000000 -25.714515 16.380264 -59.108250 0.147818 -0.084463 0.294396 0.940397
1507.000000 -26.051364 16.146469 -59.078979 0.146836 -0.081216 0.294193 0.940900
1508.000000 -26.262364 15.379622 -59.244269 0.141303 -0.077651 0.294525 0.941944
1509.000000 -26.140448 14.046604 -59.682206 0.130466 -0.075326 0.295573 0.943367
1510.000000 -25.632737 12.479627 -60.302027 0.116914 -0.075463 0.297134 0.944642
1511.000000 -24.685478 10.960341 -61.042426 0.102807 -0.079123 0.299062 0.945374
1512.000000 -23.760522 10.056578 -61.616559 0.093614 -0.084042 0.300478 0.945456
1513.000000 -22.968334 9.780284 -62.014304 0.089556 -0.089398 0.301238 0.945116
1514.000000 -22.282085 9.985528 -62.285915 0.089385 -0.095069 0.301480 0.944501
1515.000000 -21.672540 10.525795 -62.467156 0.091907 -0.100955 0.301376 0.943681
1516.000000 -21.110530 11.256754 -62.588458 0.095972 -0.106952 0.301098 0.942704
1517.000000 -20.579573 12.078055 -62.667771 0.100838 -0.112933 0.300763 0.941605
1518.000000 -20.127633 13.003391 -62.684043 0.106718 -0.118566 0.300302 0.940410
1519.000000 -19.937368 14.007207 -62.582505 0.113840 -0.122420 0.299547 0.939322
1520.000000 -20.239206 15.041479 -62.298660 0.122395 -0.122649 0.298302 0.938612
1521.000000 -21.176799 15.993137 -61.801835 0.131904 -0.117870 0.296517 0.938502
1522.000000 -22.206100 16.389101 -61.389780 0.137434 -0.111003 0.295099 0.938993
1523.000000 -23.135215 16.337440 -61.114466 0.139274 -0.103762 0.294101 0.939862
1524.000000 -23.912005 16.078489 -60.938624 0.139120 -0.097143 0.293372 0.940820
1525.000000 -24.518884 15.794688 -60.826189 0.138345 -0.091746 0.292822 0.941647
1526.000000 -24.963777 15.624175 -60.743536 0.138058 -0.087861 0.292378 0.942197
1527.000000 -25.238017 15.655949 -60.676091 0.138941 -0.085782 0.292006 0.942374
1528.000000 -25.292704 15.864973 -60.653029 0.140678 -0.085834 0.291767 0.942186
1529.000000 -25.072470 16.209160 -60.707474 0.142804 -0.088347 0.291740 0.941642
1530.000000 -24.520625 16.646154 -60.868529 0.144846 -0.093646 0.292015 0.940733
1531.000000 -23.607428 17.135985 -61.147177 0.146415 -0.101835 0.292653 0.939439
1532.000000 -22.453776 17.634432 -61.493239 0.147459 -0.111839 0.293545 0.937859
1533.000000 -21.237532 18.088690 -61.846683 0.148003 -0.122150 0.294530 0.936177
1534.000000 -20.138345 18.448407 -62.161806 0.148101 -0.131295 0.295458 0.934630
1535.000000 -19.299748 18.714140 -62.402713 0.148104 -0.138222 0.296172 0.933404
1536.000000 -18.646990 18.928523 -62.591398 0.148153 -0.143617 0.296709 0.932410
1537.000000 -17.861648 19.137936 -62.811730 0.147843 -0.149967 0.297401 0.931239
1538.000000 -16.967227 19.413361 -63.030055 0.147767 -0.157252 0.298151 0.929808
1539.000000 -16.316958 19.851589 -63.120052 0.149470 -0.163091 0.298416 0.928444
1540.000000 -16.280346 20.548531 -62.960591 0.154534 -0.165013 0.297625 0.927529
1541.000000 -16.820815 21.291895 -62.624823 0.161326 -0.162784 0.296062 0.927266
1542.000000 -17.271554 21.555886 -62.466644 0.164364 -0.160088 0.295209 0.927474
1543.000000 -18.031512 22.105939 -62.114176 0.170260 -0.155767 0.293539 0.927676
1544.000000 -19.047304 23.069529 -61.512713 0.179895 -0.150459 0.290934 0.927554
1545.000000 -19.437908 23.763045 -61.179252 0.186071 -0.149156 0.289492 0.926997
1546.000000 -19.717833 24.413069 -60.885930 0.191680 -0.148550 0.288237 0.926343
1547.000000 -20.645007 24.938021 -60.419623 0.197869 -0.142712 0.286145 0.926608
1548.000000 -22.136482 25.251752 -59.812310 0.203842 -0.131962 0.283361 0.927761
1549.000000 -23.721742 25.307432 -59.229969 0.208067 -0.119718 0.280568 0.929332
1550.000000 -24.948423 25.063110 -58.883746 0.209019 -0.109477 0.278570 0.930980
1551.000000 -25.723988 24.740402 -58.741675 0.208251 -0.102566 0.277374 0.932296
1552.000000 -26.549817 24.825063 -58.391661 0.210848 -0.096173 0.275746 0.932876
1553.000000 -27.037166 24.575486 -58.327228 0.209986 -0.091660 0.275015 0.933740
1554.000000 -27.220872 23.841994 -58.598955 0.204532 -0.088420 0.275179 0.935214
1555.000000 -27.938020 23.247577 -58.553552 0.201440 -0.081250 0.274287 0.936796
1556.000000 -28.879297 22.554425 -58.421869 0.198057 -0.072050 0.273060 0.938627
1557.000000 -29.725539 21.813143 -58.333876 0.194037 -0.063498 0.272004 0.940389
1558.000000 -30.534093 21.086580 -58.238978 0.190034 -0.055284 0.271008 0.942011
1559.000000 -31.336586 20.440412 -58.098758 0.186653 -0.047298 0.269983 0.943416
1560.000000 -32.161687 19.938424 -57.877574 0.184469 -0.039431 0.268837 0.944533
1561.000000 -33.083531 19.577412 -57.535407 0.183643 -0.031053 0.267470 0.945395
1562.000000 -34.123592 19.318490 -57.068007 0.183919 -0.021865 0.265863 0.946051
1563.000000 -35.182377 19.132136 -56.539092 0.184837 -0.012598 0.264189 0.946510
1564.000000 -36.155005 18.989845 -56.024388 0.185928 -0.004073 0.262626 0.946806
1565.000000 -36.940974 18.863905 -55.605797 0.186726 0.002897 0.261352 0.947006
1566.000000 -37.441926 18.727960 -55.369433 0.186774 0.007492 0.260542 0.947194
1567.000000 -37.561003 18.555599 -55.400218 0.185610 0.008913 0.260361 0.947461
1568.000000 -37.314238 18.323746 -55.696936 0.183077 0.007352 0.260771 0.947854
1569.000000 -36.901327 18.063990 -56.109119 0.179930 0.004457 0.261438 0.948291
1570.000000 -36.540758 17.827434 -56.473646 0.177116 0.001966 0.262018 0.948669
1571.000000 -36.397883 17.716988 -56.655063 0.175870 0.001016 0.262260 0.948835
1572.000000 -36.517065 17.766754 -56.618494 0.176566 0.001881 0.262107 0.948747
1573.000000 -36.898659 17.958973 -56.366749 0.179066 0.004606 0.261571 0.948417
1574.000000 -37.539839 18.274179 -55.897330 0.183235 0.009241 0.260652 0.947840
1575.000000 -38.435335 18.694450 -55.202114 0.188951 0.015842 0.259319 0.946995
1576.000000 -39.576674 19.203773 -54.268186 0.196094 0.024463 0.257511 0.945852
1577.000000 -40.951514 19.786582 -53.079699 0.204538 0.035156 0.255154 0.944365
1578.000000 -42.508626 20.385367 -51.663131 0.213703 0.047738 0.252258 0.942559
1579.000000 -44.117778 20.852851 -50.158246 0.221956 0.061499 0.248983 0.940724
1580.000000 -45.653112 21.043257 -48.737289 0.227544 0.075665 0.245494 0.939272
1581.000000 -47.015077 20.836958 -47.569897 0.228879 0.089539 0.241898 0.938660
1582.000000 -48.188181 20.213188 -46.710290 0.225515 0.102903 0.238188 0.939053
1583.000000 -49.193992 19.246936 -46.119233 0.218139 0.115643 0.234383 0.940270
1584.000000 -50.053302 18.054130 -45.728446 0.207957 0.127551 0.230585 0.941974
1585.000000 -50.781493 16.747671 -45.475300 0.196193 0.138410 0.226924 0.943852
1586.000000 -51.389265 15.441704 -45.308034 0.184082 0.147996 0.223542 0.945643
1587.000000 -51.884380 14.253471 -45.187069 0.172881 0.156089 0.220592 0.947147
1588.000000 -52.273441 13.301137 -45.083481 0.163857 0.162477 0.218251 0.948219
1589.000000 -52.562734 12.694739 -44.976702 0.158202 0.166973 0.216706 0.948752
1590.000000 -52.755941 12.448160 -44.874311 0.156088 0.169594 0.215982 0.948802
1591.000000 -52.854689 12.508264 -44.796310 0.156975 0.170487 0.215981 0.948496
1592.000000 -52.859950 12.819552 -44.756825 0.160282 0.169791 0.216593 0.947928
1593.000000 -52.769124 13.264984 -44.788475 0.164765 0.167757 0.217599 0.947291
1594.000000 -52.595848 13.723399 -44.907617 0.169182 0.164821 0.218756 0.946761
1595.000000 -52.395104 14.177978 -45.053899 0.173495 0.161604 0.219956 0.946257
1596.000000 -52.227744 14.627169 -45.157583 0.177841 0.158742 0.221097 0.945669
1597.000000 -52.155055 15.070733 -45.149436 0.182364 0.156872 0.222062 0.944893
1598.000000 -52.237909 15.509286 -44.959744 0.187214 0.156630 0.222713 0.943831
1599.000000 -52.518247 15.939353 -44.537389 0.192464 0.158483 0.222924 0.942415
1600.000000 -52.870250 16.352240 -44.025913 0.197725 0.161162 0.222917 0.940872
1601.000000 -53.082410 16.750106 -43.677270 0.202487 0.162416 0.223156 0.939586
1602.000000 -53.118276 17.086164 -43.559589 0.206145 0.161951 0.223663 0.938750
1603.000000 -53.133595 17.266720 -43.523144 0.208104 0.161675 0.223932 0.938301
1604.000000 -53.207856 17.312350 -43.463949 0.208804 0.162394 0.223825 0.938047
1605.000000 -53.331166 17.267141 -43.378834 0.208678 0.163877 0.223436 0.937910
1606.000000 -53.488208 17.164421 -43.276573 0.208019 0.165849 0.222859 0.937846
1607.000000 -53.661681 17.036283 -43.166619 0.207107 0.168041 0.222193 0.937816
1608.000000 -53.829864 16.911697 -43.062973 0.206185 0.170164 0.221544 0.937790
1609.000000 -53.927054 16.744486 -43.064973 0.204583 0.171632 0.220975 0.938008
1610.000000 -53.983425 16.487799 -43.151737 0.201887 0.172890 0.220323 0.938514
1611.000000 -54.116298 16.146547 -43.171812 0.198468 0.175202 0.219320 0.939049
1612.000000 -54.294604 15.785401 -43.137036 0.194955 0.178067 0.218165 0.939515
1613.000000 -54.434065 15.578319 -43.089251 0.193047 0.180129 0.217415 0.939690
1614.000000 -54.562087 15.569125 -42.980800 0.193294 0.181576 0.217107 0.939432
1615.000000 -54.756933 15.680547 -42.741709 0.195043 0.183452 0.216904 0.938752
1616.000000 -55.092604 15.830581 -42.304479 0.197601 0.186773 0.216484 0.937659
1617.000000 -55.412966 15.931135 -41.901809 0.199610 0.190038 0.216035 0.936681
1618.000000 -55.306785 15.891710 -42.114791 0.198924 0.188909 0.216249 0.937005
1619.000000 -54.849730 15.654241 -42.853312 0.195098 0.184458 0.216754 0.938579
1620.000000 -54.424086 15.217120 -43.602606 0.189225 0.180947 0.216711 0.940472
1621.000000 -54.323367 14.615265 -43.983785 0.182469 0.181399 0.215613 0.941971
1622.000000 -54.550717 13.947588 -43.968670 0.175844 0.185522 0.213694 0.942865
1623.000000 -54.926613 13.252568 -43.769516 0.169277 0.191249 0.211438 0.943432
1624.000000 -55.211274 12.536578 -43.680850 0.162267 0.195989 0.209356 0.944155
1625.000000 -55.238733 11.806894 -43.907254 0.154526 0.197962 0.207752 0.945395
1626.000000 -54.969064 11.073028 -44.487969 0.146094 0.196773 0.206648 0.947224
1627.000000 -54.614944 10.353884 -45.144751 0.137687 0.194700 0.205657 0.949126
1628.000000 -54.678160 9.691336 -45.266640 0.130809 0.196918 0.204047 0.949988
1629.000000 -55.193440 9.171674 -44.800209 0.126374 0.203576 0.202013 0.949619
1630.000000 -55.767866 8.873281 -44.200876 0.124415 0.210387 0.200435 0.948728
1631.000000 -55.675249 8.799949 -44.389726 0.123495 0.209507 0.200518 0.949025
1632.000000 -54.993555 8.836358 -45.280611 0.122432 0.202159 0.201665 0.950512
1633.000000 -54.195232 8.805767 -46.292259 0.120345 0.193941 0.202654 0.952279
1634.000000 -53.742760 8.577541 -46.908753 0.117009 0.189859 0.202715 0.953503
1635.000000 -53.544343 8.182807 -47.252556 0.112603 0.188755 0.202143 0.954374
1636.000000 -53.443557 7.870545 -47.472291 0.109282 0.188402 0.201654 0.954933
1637.000000 -53.299313 7.774629 -47.708616 0.108056 0.187101 0.201668 0.955326
1638.000000 -53.033114 7.778879 -48.063304 0.107555 0.184378 0.202009 0.955839
1639.000000 -52.564240 7.765713 -48.633923 0.106407 0.179763 0.202485 0.956746
1640.000000 -51.998348 7.620090 -49.315565 0.103729 0.174559 0.202763 0.957944
1641.000000 -51.962503 7.257804 -49.461857 0.100101 0.174973 0.202140 0.958386
1642.000000 -52.484845 6.721066 -49.038383 0.095939 0.181157 0.200640 0.957978
1643.000000 -53.142219 6.344741 -48.431160 0.093558 0.188395 0.199221 0.957113
1644.000000 -53.531324 6.447163 -48.042363 0.095380 0.192036 0.199016 0.956252
1645.000000 -53.776838 6.833721 -47.768779 0.099789 0.193664 0.199579 0.955356
1646.000000 -53.924237 7.082201 -47.620712 0.102640 0.194601 0.200000 0.954775
1647.000000 -53.977206 6.897936 -47.641654 0.100933 0.195516 0.199624 0.954849
1648.000000 -53.878058 6.274733 -47.892526 0.094485 0.195840 0.198454 0.955686
1649.000000 -53.622361 5.457587 -48.330203 0.085845 0.194997 0.197024 0.956968
1650.000000 -53.223421 4.792898 -48.890957 0.078541 0.192419 0.196068 0.958313
1651.000000 -52.715298 4.516887 -49.516724 0.074907 0.188016 0.195992 0.959493
1652.000000 -52.163913 4.686800 -50.134996 0.075483 0.182370 0.196755 0.960381
1653.000000 -51.680641 5.096604 -50.648359 0.078392 0.176968 0.197824 0.960939
1654.000000 -51.428607 5.425162 -50.926718 0.080937 0.173942 0.198553 0.961130
1655.000000 -51.553935 5.717263 -50.825482 0.083903 0.174535 0.198955 0.960685
1656.000000 -52.022094 6.059692 -50.364666 0.088059 0.178272 0.199162 0.959583
1657.000000 -52.466217 6.553669 -49.897702 0.093657 0.181507 0.199633 0.958348
1658.000000 -52.508834 7.248107 -49.813197 0.100412 0.180503 0.200830 0.957603
1659.000000 -52.195449 7.922084 -50.092711 0.106234 0.176152 0.202316 0.957472
1660.000000 -51.849244 8.272691 -50.443589 0.108886 0.172194 0.203258 0.957695
1661.000000 -51.618367 8.240191 -50.730704 0.108161 0.170141 0.203460 0.958101
1662.000000 -51.559781 8.011444 -50.874093 0.105967 0.170086 0.203210 0.958409
1663.000000 -51.312463 7.548760 -51.247434 0.101196 0.168668 0.202777 0.959266
1664.000000 -50.814332 6.932032 -51.886309 0.094522 0.165183 0.202338 0.960645
1665.000000 -50.367861 6.439681 -52.442293 0.089145 0.161961 0.202036 0.961771
1666.000000 -49.600622 5.858105 -53.293643 0.082379 0.156049 0.201812 0.963397
1667.000000 -48.754300 5.155939 -54.195215 0.074461 0.149776 0.201393 0.965124
1668.000000 -48.631435 4.647972 -54.406493 0.069635 0.149640 0.200654 0.965659
1669.000000 -49.245380 4.005961 -53.958689 0.064962 0.156308 0.199240 0.965221
1670.000000 -49.960707 3.339626 -53.395189 0.060268 0.164002 0.197751 0.964555
1671.000000 -50.465898 2.914526 -52.996294 0.057360 0.169381 0.196794 0.963998
1672.000000 -50.623341 2.589135 -52.918501 0.054724 0.171400 0.196239 0.963908
1673.000000 -50.724701 2.465058 -52.881757 0.053824 0.172544 0.196035 0.963796
1674.000000 -50.764803 2.453593 -52.896422 0.053813 0.172944 0.196041 0.963723
1675.000000 -50.376649 2.243185 -53.328115 0.051174 0.169829 0.195914 0.964447
1676.000000 -50.059226 2.015015 -53.688756 0.048517 0.167398 0.195696 0.965053
1677.000000 -50.039575 1.746809 -53.771022 0.046068 0.167710 0.195284 0.965202
1678.000000 -49.951816 1.158347 -53.923804 0.040652 0.167975 0.194413 0.965575
1679.000000 -49.548808 0.775953 -54.356714 0.036568 0.165042 0.194017 0.966324
1680.000000 -48.923054 0.750487 -54.976073 0.035281 0.159534 0.194230 0.967253
1681.000000 -48.489675 0.749732 -55.413180 0.034515 0.155734 0.194352 0.967875
1682.000000 -48.335069 0.586280 -55.603717 0.032793 0.154686 0.194131 0.968148
1683.000000 -48.321725 0.126233 -55.671420 0.028730 0.155392 0.193462 0.968298
1684.000000 -48.326676 -0.629652 -55.717884 0.022138 0.156753 0.192391 0.968465
1685.000000 -48.351924 -1.417813 -55.737836 0.015325 0.158311 0.191275 0.968564
1686.000000 -48.423376 -1.921787 -55.716508 0.011076 0.159780 0.190544 0.968525
1687.000000 -48.546655 -1.863240 -55.665727 0.011802 0.160751 0.190603 0.968344
1688.000000 -48.627830 -1.341206 -55.664184 0.016483 0.160564 0.191347 0.968160
1689.000000 -48.649530 -0.761902 -55.710821 0.021539 0.159756 0.192183 0.968029
1690.000000 -48.579098 -0.593078 -55.828860 0.022853 0.158858 0.192434 0.968097
1691.000000 -48.511288 -0.622461 -55.941369 0.022463 0.158330 0.192399 0.968199
1692.000000 -48.486801 -0.633584 -56.015328 0.022337 0.158153 0.192385 0.968234
1693.000000 -48.557795 -0.621604 -56.006737 0.022601 0.158757 0.192399 0.968126
1694.000000 -48.736839 -0.653250 -55.904999 0.022687 0.160352 0.192361 0.967869
1695.000000 -48.899038 -1.031110 -55.814736 0.019731 0.162370 0.191848 0.967699
1696.000000 -48.781109 -1.873134 -55.952867 0.012267 0.162761 0.190681 0.967987
1697.000000 -48.149971 -2.771047 -56.514749 0.003509 0.158835 0.189482 0.968946
1698.000000 -47.451398 -3.597646 -57.109485 -0.004655 0.154257 0.188394 0.969892
1699.000000 -47.243311 -4.115766 -57.298994 -0.009404 0.153370 0.187657 0.970141
1700.000000 -47.764024 -4.182905 -56.912948 -0.009215 0.157938 0.187489 0.969442
1701.000000 -48.327270 -4.247349 -56.484559 -0.008919 0.162872 0.187390 0.968648
1702.000000 -48.571597 -4.513026 -56.311628 -0.010830 0.165381 0.187023 0.968274
1703.000000 -48.510710 -4.826445 -56.396487 -0.013625 0.165338 0.186572 0.968333
1704.000000 -48.217740 -4.972535 -56.690289 -0.015326 0.163051 0.186350 0.968738
1705.000000 -47.768015 -4.727881 -57.142931 -0.013935 0.158835 0.186657 0.969400
1706.000000 -47.363684 -4.144719 -57.574558 -0.009653 0.154499 0.187381 0.970013
1707.000000 -47.318553 -4.010957 -57.672994 -0.008611 0.153931 0.187516 0.970087
1708.000000 -47.846846 -4.273219 -57.270125 -0.009951 0.158825 0.187222 0.969342
1709.000000 -48.505412 -4.716295 -56.733837 -0.012632 0.165141 0.186678 0.968360
1710.000000 -48.779068 -5.133852 -56.519430 -0.015766 0.168143 0.186089 0.967910
1711.000000 -48.594804 -5.384682 -56.712790 -0.018220 0.166941 0.185692 0.968151
1712.000000 -48.193492 -5.661058 -57.085267 -0.021231 0.163940 0.185239 0.968690
1713.000000 -47.822772 -5.929305 -57.422350 -0.024106 0.161246 0.184795 0.969159
1714.000000 -47.667407 -5.989105 -57.594887 -0.024866 0.160081 0.184665 0.969358
1715.000000 -47.691227 -5.981232 -57.626026 -0.024757 0.160314 0.184665 0.969322
1716.000000 -47.816708 -6.043384 -57.568506 -0.025063 0.161484 0.184597 0.969133
1717.000000 -48.007806 -6.225790 -57.445378 -0.026295 0.163376 0.184376 0.968825
1718.000000 -47.907722 -6.498113 -57.555231 -0.028757 0.162949 0.183969 0.968905
1719.000000 -47.405316 -6.230546 -58.054898 -0.027305 0.158294 0.184234 0.969668
1720.000000 -47.031061 -6.051649 -58.432825 -0.026410 0.154883 0.184380 0.970215
1721.000000 -46.879751 -6.197618 -58.594854 -0.027864 0.153845 0.184145 0.970384
1722.000000 -46.923118 -6.329503 -58.601242 -0.028910 0.154405 0.183977 0.970297
1723.000000 -47.096105 -6.347074 -58.513632 -0.028817 0.155879 0.183986 0.970062
1724.000000 -47.347866 -6.390720 -58.359187 -0.028768 0.158044 0.183987 0.969713
1725.000000 -47.845477 -6.249083 -58.020719 -0.026776 0.161977 0.184301 0.969061
1726.000000 -48.343449 -6.190957 -57.667287 -0.025469 0.166053 0.184526 0.968364
1727.000000 -48.439984 -6.375689 -57.621649 -0.026863 0.167148 0.184296 0.968181
1728.000000 -48.170629 -6.578320 -57.879729 -0.029005 0.165205 0.183930 0.968523
1729.000000 -47.970167 -7.266155 -58.018300 -0.035069 0.164619 0.182893 0.968618
1730.000000 -47.993002 -7.591638 -58.010362 -0.037723 0.165339 0.182436 0.968482
1731.000000 -48.205950 -7.809113 -57.857563 -0.039190 0.167474 0.182189 0.968103
1732.000000 -48.307009 -7.945111 -57.809958 -0.040182 0.168524 0.182039 0.967908
1733.000000 -48.369490 -8.108308 -57.791262 -0.041477 0.169286 0.181837 0.967759
1734.000000 -48.260417 -8.411473 -57.894813 -0.044204 0.168838 0.181358 0.967806
1735.000000 -47.774867 -9.021191 -58.258337 -0.050009 0.165751 0.180307 0.968254
1736.000000 -47.315052 -9.709071 -58.574706 -0.056359 0.163016 0.179199 0.968575
1737.000000 -47.354099 -9.521329 -58.628128 -0.054741 0.163056 0.179473 0.968610
1738.000000 -47.644479 -8.572109 -58.593775 -0.046464 0.163998 0.180900 0.968618
1739.000000 -47.815080 -7.651867 -58.636999 -0.038596 0.163979 0.182268 0.968710
1740.000000 -47.518045 -7.500382 -58.952801 -0.037843 0.161288 0.182356 0.969175
1741.000000 -46.983313 -7.781762 -59.398464 -0.041028 0.157336 0.181756 0.969808
1742.000000 -46.650239 -8.131462 -59.667844 -0.044382 0.155157 0.181191 0.970117
1743.000000 -46.434265 -8.219503 -59.877860 -0.045364 0.153541 0.181036 0.970357
1744.000000 -46.203128 -8.580799 -60.059711 -0.048576 0.152219 0.180507 0.970509
1745.000000 -46.209912 -9.031732 -60.042746 -0.052201 0.152953 0.179904 0.970317
1746.000000 -46.591180 -8.866509 -59.827343 -0.050340 0.155786 0.180210 0.969908
1747.000000 -47.094121 -8.830283 -59.493444 -0.049328 0.159808 0.180433 0.969264
1748.000000 -47.639625 -9.326132 -59.037363 -0.052565 0.165008 0.179978 0.968306
1749.000000 -48.266201 -10.073668 -58.458607 -0.057805 0.171292 0.179177 0.967064
1750.000000 -49.007172 -10.734968 -57.775707 -0.062220 0.178457 0.178522 0.965615
1751.000000 -49.817553 -11.047878 -57.073586 -0.063611 0.185752 0.178430 0.964164
1752.000000 -50.504266 -11.229529 -56.484976 -0.064051 0.191873 0.178516 0.962920
1753.000000 -50.873879 -11.519347 -56.146695 -0.065888 0.195507 0.178276 0.962109
1754.000000 -51.034550 -11.308131 -56.095976 -0.063770 0.196571 0.178793 0.961939
1755.000000 -51.310006 -10.506075 -56.052396 -0.056427 0.197674 0.180390 0.961873
1756.000000 -51.505495 -10.034849 -56.011650 -0.052058 0.198611 0.181363 0.961744
1757.000000 -51.394313 -10.344233 -56.111002 -0.054919 0.198165 0.180756 0.961791
1758.000000 -51.142715 -10.919565 -56.287360 -0.060273 0.196922 0.179600 0.961942
1759.000000 -50.854781 -11.397734 -56.511293 -0.064806 0.195189 0.178616 0.962184
1760.000000 -50.569067 -11.640758 -56.774504 -0.067264 0.193122 0.178067 0.962534
1761.000000 -50.330946 -11.678694 -57.032517 -0.067898 0.191165 0.177889 0.962913
1762.000000 -50.189708 -11.566518 -57.233727 -0.067177 0.189803 0.177986 0.963215
1763.000000 -50.217379 -11.341037 -57.308059 -0.065266 0.189694 0.178357 0.963299
1764.000000 -50.551465 -10.969332 -57.139501 -0.061641 0.191937 0.179156 0.962945
1765.000000 -50.681028 -10.866562 -57.097578 -0.060594 0.192878 0.179397 0.962779
1766.000000 -50.575949 -10.845539 -57.248241 -0.060608 0.191968 0.179364 0.962966
1767.000000 -50.621117 -10.716871 -57.286925 -0.059468 0.192147 0.179602 0.962957
1768.000000 -50.639339 -11.026616 -57.267438 -0.062041 0.192777 0.179092 0.962764
1769.000000 -50.633226 -11.440158 -57.247384 -0.065493 0.193360 0.178400 0.962547
1770.000000 -50.668856 -11.497139 -57.260241 -0.065871 0.193736 0.178328 0.962459
1771.000000 -50.769441 -11.187765 -57.288130 -0.063079 0.194087 0.178902 0.962468
1772.000000 -50.926973 -10.834855 -57.270347 -0.059863 0.194859 0.179587 0.962390
1773.000000 -51.108342 -10.802125 -57.167971 -0.059336 0.196341 0.179755 0.962090
1774.000000 -51.154885 -11.538485 -57.035184 -0.065515 0.197900 0.178510 0.961602
1775.000000 -51.104159 -12.837067 -56.856333 -0.076565 0.199502 0.176221 0.960876
1776.000000 -51.076189 -13.995276 -56.662096 -0.086369 0.201056 0.174184 0.960092
1777.000000 -51.109878 -14.078021 -56.666087 -0.086974 0.201468 0.174074 0.959971
1778.000000 -51.301237 -12.956965 -56.815451 -0.077188 0.201354 0.176174 0.960448
1779.000000 -51.533417 -11.727854 -56.927102 -0.066456 0.201394 0.178505 0.960812
1780.000000 -51.717112 -11.315531 -56.898583 -0.062720 0.202290 0.179369 0.960714
1781.000000 -51.916883 -11.551882 -56.723467 -0.064427 0.204345 0.179088 0.960219
1782.000000 -52.242098 -11.799282 -56.427926 -0.065992 0.207489 0.178852 0.959482
1783.000000 -52.552342 -11.889276 -56.175286 -0.066228 0.210270 0.178858 0.958859
1784.000000 -52.754569 -11.804413 -56.058213 -0.065145 0.211861 0.179126 0.958533
1785.000000 -53.232693 -11.305177 -55.762442 -0.060097 0.215159 0.180337 0.957901
1786.000000 -53.865228 -10.678749 -55.330381 -0.053656 0.219594 0.181923 0.956976
1787.000000 -53.795230 -10.510107 -55.483737 -0.052318 0.218725 0.182225 0.957192
1788.000000 -53.527408 -10.611405 -55.776424 -0.053635 0.216594 0.181892 0.957667
1789.000000 -53.204753 -10.655874 -56.130413 -0.054561 0.213902 0.181652 0.958265
1790.000000 -52.687173 -10.720577 -56.656605 -0.055960 0.209624 0.181276 0.959200
1791.000000 -52.100063 -10.877011 -57.217958 -0.058203 0.204957 0.180703 0.960183
1792.000000 -51.604186 -11.265558 -57.646513 -0.062213 0.201409 0.179768 0.960858
1793.000000 -51.570556 -11.547646 -57.677203 -0.064583 0.201550 0.179261 0.960766
1794.000000 -51.435999 -11.409759 -57.880831 -0.063604 0.200199 0.179440 0.961081
1795.000000 -51.153255 -11.058060 -58.255550 -0.061141 0.197291 0.179879 0.961760
1796.000000 -50.582198 -11.160636 -58.788580 -0.062916 0.192739 0.179354 0.962666
1797.000000 -50.766463 -11.451021 -58.627766 -0.065046 0.194695 0.178971 0.962202
1798.000000 -51.350669 -11.829940 -58.092521 -0.067282 0.200116 0.178667 0.960992
1799.000000 -51.819138 -12.182961 -57.656531 -0.069501 0.204546 0.178309 0.959967
1800.000000 -52.131707 -12.110234 -57.444714 -0.068401 0.207034 0.178615 0.959456
1801.000000 -52.321817 -11.752268 -57.401853 -0.065111 0.208054 0.179379 0.959321
1802.000000 -52.412218 -11.310582 -57.462321 -0.061276 0.208120 0.180246 0.959397
1803.000000 -52.412696 -10.976687 -57.578052 -0.058474 0.207626 0.180863 0.959563
1804.000000 -52.722967 -10.745563 -57.390606 -0.056042 0.209868 0.181448 0.959110
1805.000000 -52.602884 -10.643654 -57.575228 -0.055390 0.208695 0.181562 0.959382
1806.000000 -52.444727 -10.267152 -57.843990 -0.052520 0.206768 0.182156 0.959848
1807.000000 -52.297507 -9.850772 -58.104641 -0.049316 0.204886 0.182822 0.960295
1808.000000 -51.957216 -9.726548 -58.482345 -0.048840 0.201906 0.182877 0.960939
1809.000000 -51.781446 -9.865100 -58.667230 -0.050245 0.200699 0.182571 0.961178
1810.000000 -51.888833 -9.928485 -58.617333 -0.050589 0.201666 0.182512 0.960969
1811.000000 -51.956757 -9.652197 -58.660276 -0.048212 0.201770 0.183015 0.960974
1812.000000 -51.880283 -8.952517 -58.894017 -0.042603 0.200043 0.184183 0.961376
1813.000000 -51.570358 -8.283454 -59.316494 -0.037660 0.196485 0.185179 0.962125
1814.000000 -51.401034 -8.178660 -59.530324 -0.037105 0.194969 0.185281 0.962435
1815.000000 -51.491448 -8.280072 -59.491438 -0.037798 0.195869 0.185149 0.962251
1816.000000 -51.648179 -8.428115 -59.389983 -0.038755 0.197361 0.184949 0.961946
1817.000000 -51.629175 -8.523629 -59.448997 -0.039538 0.197341 0.184768 0.961953
1818.000000 -51.354445 -8.424955 -59.755614 -0.039133 0.194962 0.184848 0.962439
1819.000000 -50.896477 -7.965199 -60.261609 -0.036147 0.190590 0.185455 0.963315
1820.000000 -50.410762 -7.372203 -60.796912 -0.032197 0.185823 0.186217 0.964239
1821.000000 -50.128047 -7.053736 -61.121573 -0.030140 0.183108 0.186599 0.964751
1822.000000 -50.034002 -7.258039 -61.228450 -0.031910 0.182686 0.186264 0.964839
1823.000000 -50.075942 -7.599390 -61.207310 -0.034542 0.183535 0.185766 0.964683
1824.000000 -49.982734 -7.425124 -61.360375 -0.033307 0.182526 0.186005 0.964872
1825.000000 -49.813519 -6.976419 -61.606618 -0.030029 0.180499 0.186629 0.965240
1826.000000 -49.585469 -6.439371 -61.904512 -0.026168 0.177888 0.187356 0.965696
1827.000000 -49.446086 -6.018468 -62.112705 -0.023102 0.176165 0.187922 0.965980
1828.000000 -49.543532 -5.684293 -62.119369 -0.020362 0.176433 0.188413 0.965897
1829.000000 -49.363338 -5.470976 -62.334378 -0.018995 0.174731 0.188669 0.966184
1830.000000 -49.135976 -5.276366 -62.584562 -0.017839 0.172682 0.188893 0.966531
1831.000000 -49.031886 -5.069488 -62.738190 -0.016401 0.171563 0.189154 0.966705
1832.000000 -48.975054 -4.744911 -62.862148 -0.013997 0.170640 0.189573 0.966824
1833.000000 -48.603906 -4.180180 -63.242365 -0.010237 0.166960 0.190272 0.967376
1834.000000 -48.008247 -3.616148 -63.785517 -0.006858 0.161569 0.190929 0.968191
1835.000000 -47.595557 -3.271958 -64.168563 -0.004883 0.157916 0.191318 0.968729
1836.000000 -47.241875 -2.996895 -64.497640 -0.003341 0.154839 0.191634 0.969170
1837.000000 -46.903083 -2.620076 -64.814079 -0.001013 0.151751 0.192077 0.969576
1838.000000 -46.287777 -2.303771 -65.320345 0.000447 0.146705 0.192448 0.970279
1839.000000 -46.099392 -1.908614 -65.520802 0.003113 0.144721 0.192910 0.970480
1840.000000 -46.179384 -1.511099 -65.529688 0.006178 0.144724 0.193356 0.970376
1841.000000 -46.076031 -1.175609 -65.664480 0.008497 0.143459 0.193716 0.970475
1842.000000 -45.586155 -1.006700 -66.062534 0.009008 0.139604 0.193906 0.970994
1843.000000 -45.061231 -0.939280 -66.477337 0.008724 0.135658 0.194003 0.971537
1844.000000 -44.756722 -0.639390 -66.740748 0.010469 0.132999 0.194330 0.971822
1845.000000 -44.542820 -0.061167 -66.940478 0.014366 0.130609 0.194914 0.971979
1846.000000 -44.274944 0.226154 -67.171398 0.016055 0.128258 0.195205 0.972207
1847.000000 -43.747600 0.614926 -67.568037 0.018081 0.123892 0.195619 0.972655
1848.000000 -43.494189 1.127564 -67.779776 0.021382 0.121327 0.196108 0.972813
1849.000000 -43.119462 1.632295 -68.063195 0.024449 0.117913 0.196602 0.973060
1850.000000 -42.560878 2.100864 -68.455097 0.026990 0.113258 0.197092 0.973447
1851.000000 -42.425147 2.464185 -68.581876 0.029368 0.111770 0.197413 0.973485
1852.000000 -42.017436 2.880394 -68.871394 0.031724 0.108277 0.197827 0.973722
1853.000000 -41.562322 3.345567 -69.180238 0.034353 0.104402 0.198293 0.973961
1854.000000 -41.309219 3.758587 -69.365128 0.036899 0.102028 0.198670 0.974043
1855.000000 -41.157298 4.428942 -69.470717 0.041389 0.099996 0.199199 0.973965
1856.000000 -40.975732 4.951386 -69.595641 0.044784 0.097995 0.199615 0.973933
1857.000000 -40.569638 5.413943 -69.853729 0.047410 0.094497 0.200042 0.974067
1858.000000 -40.198410 5.895835 -70.084730 0.050209 0.091218 0.200465 0.974152
1859.000000 -39.868577 6.301039 -70.292137 0.052539 0.088354 0.200826 0.974219
1860.000000 -39.378321 6.671659 -70.586876 0.054425 0.084444 0.201233 0.974378
1861.000000 -38.572734 7.298733 -71.022352 0.057594 0.078015 0.201915 0.974591
1862.000000 -38.304865 7.945117 -71.153199 0.061647 0.075249 0.202393 0.974461
1863.000000 -38.223828 8.422322 -71.196332 0.064806 0.074013 0.202699 0.974287
1864.000000 -38.027167 8.689819 -71.324118 0.066354 0.072287 0.202930 0.974264
1865.000000 -37.542569 8.470441 -71.661960 0.064165 0.069285 0.203028 0.974609
1866.000000 -37.341133 8.444208 -71.824913 0.063715 0.067945 0.203114 0.974715
1867.000000 -37.327166 8.143471 -71.921308 0.061665 0.068272 0.202984 0.974851
1868.000000 -36.954301 8.226110 -72.158569 0.061709 0.065630 0.203204 0.974984
1869.000000 -36.920025 8.944413 -72.144629 0.066510 0.064395 0.203534 0.974681
1870.000000 -37.096787 9.616806 -72.021881 0.071294 0.064645 0.203733 0.974285
1871.000000 -36.931563 10.174969 -72.084379 0.074810 0.062752 0.204046 0.974080
1872.000000 -36.311179 10.857624 -72.354630 0.078490 0.057615 0.204622 0.973986
1873.000000 -35.735117 11.403450 -72.612278 0.081321 0.052973 0.205124 0.973912
1874.000000 -35.519438 11.479437 -72.759353 0.081556 0.051423 0.205293 0.973940
1875.000000 -35.685085 11.409893 -72.742559 0.081356 0.052629 0.205198 0.973912
1876.000000 -35.700469 11.909542 -72.709129 0.084751 0.052015 0.205386 0.973616
1877.000000 -35.633933 13.295400 -72.556931 0.093960 0.049577 0.205927 0.972783
1878.000000 -35.442484 14.038332 -72.566590 0.098661 0.047220 0.206297 0.972357
1879.000000 -34.802530 13.802844 -72.975215 0.096136 0.043299 0.206598 0.972728
1880.000000 -34.135341 13.433157 -73.411868 0.092707 0.039418 0.206902 0.973161
1881.000000 -33.798511 13.185822 -73.665327 0.090599 0.037558 0.207067 0.973398
1882.000000 -33.909360 13.146349 -73.674529 0.090518 0.038351 0.206982 0.973393
1883.000000 -33.858639 13.573844 -73.674840 0.093280 0.037409 0.207117 0.973140
1884.000000 -33.179576 14.530457 -73.856853 0.098632 0.031572 0.207800 0.972674
1885.000000 -32.325027 15.381202 -74.118811 0.102996 0.024756 0.208517 0.972265
1886.000000 -31.637438 16.052189 -74.327535 0.106394 0.019319 0.209051 0.971908
1887.000000 -31.171238 15.525825 -74.689308 0.102304 0.017022 0.209299 0.972336
1888.000000 -30.914342 14.748599 -75.007820 0.096921 0.016431 0.209416 0.972873
1889.000000 -30.608338 14.319903 -75.270119 0.093751 0.015029 0.209610 0.973164
1890.000000 -30.187774 14.378064 -75.483041 0.093564 0.012223 0.209917 0.973155
1891.000000 -30.305102 14.590287 -75.449206 0.095115 0.012688 0.209865 0.973010
1892.000000 -30.710793 14.780667 -75.302609 0.096899 0.015047 0.209619 0.972854
1893.000000 -31.068046 14.975660 -75.172743 0.098630 0.017087 0.209419 0.972689
1894.000000 -31.490509 15.193801 -75.009059 0.100604 0.019507 0.209181 0.972492
1895.000000 -32.172267 15.578892 -74.696405 0.104040 0.023373 0.208777 0.972132
1896.000000 -32.394268 15.857954 -74.595999 0.106170 0.024429 0.208671 0.971899
1897.000000 -32.414707 16.456272 -74.510504 0.110114 0.023738 0.208761 0.971458
1898.000000 -32.638790 17.163032 -74.306241 0.115061 0.024214 0.208711 0.970883
1899.000000 -32.955641 18.030732 -74.013781 0.121206 0.025064 0.208623 0.970133
1900.000000 -33.513600 19.050493 -73.558945 0.128735 0.027289 0.208408 0.969148
1901.000000 -33.522643 19.272310 -73.551418 0.130230 0.027027 0.208477 0.968941
1902.000000 -32.857123 18.654508 -74.064360 0.125213 0.023533 0.208901 0.969602
1903.000000 -32.120396 17.582341 -74.702377 0.117172 0.020240 0.209335 0.970587
1904.000000 -31.362084 16.526882 -75.317836 0.109298 0.016795 0.209822 0.971466
1905.000000 -30.228261 15.978224 -75.950171 0.104264 0.010254 0.210672 0.971927
1906.000000 -29.745673 15.744076 -76.242205 0.102115 0.007505 0.210991 0.972111
1907.000000 -29.596302 16.010032 -76.300171 0.103568 0.006197 0.211054 0.971953
1908.000000 -29.479508 16.345079 -76.330804 0.105485 0.004997 0.211088 0.971746
1909.000000 -29.216128 16.344384 -76.488741 0.105068 0.003323 0.211219 0.971770
1910.000000 -28.729192 15.916971 -76.818407 0.101673 0.000815 0.211530 0.972068
1911.000000 -28.180038 16.194582 -77.017517 0.102691 -0.003040 0.211917 0.971873
1912.000000 -27.849181 17.360058 -76.937057 0.109616 -0.006730 0.212116 0.971054
1913.000000 -27.640764 18.490604 -76.802029 0.116470 -0.009588 0.212197 0.970214
1914.000000 -27.637375 18.806936 -76.780868 0.118459 -0.010041 0.212175 0.969974
1915.000000 -27.798055 18.427300 -76.870043 0.116288 -0.008507 0.212086 0.970270
1916.000000 -27.812185 17.974272 -77.026266 0.113462 -0.007799 0.212099 0.970608
1917.000000 -27.911766 17.574214 -77.136146 0.111103 -0.006635 0.212044 0.970901
1918.000000 -27.867557 17.204755 -77.289688 0.108727 -0.006420 0.212088 0.971162
1919.000000 -28.144824 16.998095 -77.290499 0.107785 -0.004397 0.211888 0.971322
1920.000000 -28.620824 17.029095 -77.164517 0.108602 -0.001444 0.211548 0.971314
1921.000000 -28.949072 17.087122 -77.084053 0.109408 0.000548 0.211325 0.971273
1922.000000 -29.233026 16.808166 -77.092128 0.108047 0.002725 0.211131 0.971464
1923.000000 -29.622444 16.595140 -77.043935 0.107234 0.005479 0.210857 0.971602
1924.000000 -30.046345 16.790954 -76.891474 0.109048 0.007893 0.210572 0.971445
1925.000000 -30.437297 17.037293 -76.736938 0.111156 0.010031 0.210313 0.971243
1926.000000 -30.717316 17.060340 -76.673983 0.111707 0.011767 0.210116 0.971203
1927.000000 -30.917816 17.408891 -76.569453 0.114204 0.012547 0.210000 0.970927
1928.000000 -31.156586 18.181520 -76.347735 0.119436 0.012992 0.209885 0.970317
1929.000000 -31.270577 18.952820 -76.168630 0.124482 0.012653 0.209862 0.969692
1930.000000 -31.272475 19.044748 -76.200333 0.125044 0.012545 0.209864 0.969620
1931.000000 -31.151684 18.437729 -76.453763 0.120998 0.012623 0.209900 0.970125
1932.000000 -31.334155 17.721786 -76.601826 0.116724 0.014767 0.209692 0.970663
1933.000000 -31.272733 17.307869 -76.774321 0.114049 0.014947 0.209703 0.970976
1934.000000 -30.991291 17.247383 -76.954968 0.113318 0.013247 0.209929 0.971037
1935.000000 -31.022342 17.648638 -76.905199 0.115910 0.012895 0.209952 0.970731
1936.000000 -30.895941 17.956762 -76.940128 0.117671 0.011670 0.210081 0.970507
1937.000000 -30.516231 17.178332 -77.323698 0.112231 0.010348 0.210291 0.971120
1938.000000 -30.260556 16.163415 -77.697655 0.105510 0.010117 0.210406 0.971851
1939.000000 -30.036198 15.279120 -78.018610 0.099684 0.009897 0.210514 0.972445
1940.000000 -29.996184 14.931577 -78.154917 0.097479 0.010120 0.210522 0.972664
1941.000000 -30.342436 15.242504 -78.015029 0.099883 0.011864 0.210295 0.972450
1942.000000 -30.218157 15.770060 -78.013530 0.102993 0.010375 0.210416 0.972116
1943.000000 -30.383802 15.871245 -77.983422 0.103836 0.011275 0.210317 0.972038
1944.000000 -30.810363 15.781403 -77.889050 0.103848 0.014054 0.210038 0.972061
1945.000000 -31.044545 15.527061 -77.901372 0.102582 0.015860 0.209858 0.972206
1946.000000 -31.456093 15.462784 -77.802602 0.102746 0.018521 0.209570 0.972204
1947.000000 -31.656620 15.556908 -77.757126 0.103614 0.019637 0.209443 0.972117
1948.000000 -31.577944 15.513935 -77.852760 0.103234 0.019197 0.209487 0.972157
1949.000000 -31.796357 15.358262 -77.849568 0.102549 0.020771 0.209325 0.972232
1950.000000 -31.916498 15.051036 -77.914354 0.100794 0.021943 0.209205 0.972416
1951.000000 -31.722426 14.713840 -78.111137 0.098441 0.021199 0.209277 0.972658
1952.000000 -32.069351 14.070108 -78.142817 0.094893 0.024218 0.208960 0.973008
1953.000000 -32.352426 13.818725 -78.126320 0.093695 0.026310 0.208741 0.973117
1954.000000 -32.450723 13.799147 -78.143671 0.093701 0.026949 0.208682 0.973111
1955.000000 -32.440704 13.644678 -78.229386 0.092728 0.027093 0.208666 0.973204
1956.000000 -32.456692 13.399183 -78.319960 0.091230 0.027511 0.208619 0.973344
1957.000000 -32.467024 13.091112 -78.422261 0.089327 0.027988 0.208560 0.973519
1958.000000 -32.561689 13.014130 -78.450352 0.088972 0.028679 0.208491 0.973546
1959.000000 -32.478758 13.210063 -78.506481 0.090079 0.027904 0.208574 0.973450
1960.000000 -32.396995 12.919689 -78.642588 0.088173 0.027789 0.208566 0.973629
1961.000000 -32.506480 12.608394 -78.701450 0.086400 0.028891 0.208446 0.973782
1962.000000 -32.603503 12.370117 -78.754127 0.085048 0.029802 0.208347 0.973894
1963.000000 -32.828489 12.116554 -78.755183 0.083772 0.031522 0.208176 0.973987
1964.000000 -33.019395 12.059108 -78.738799 0.083680 0.032770 0.208065 0.973978
1965.000000 -32.921242 11.891702 -78.860252 0.082512 0.032380 0.208088 0.974086
1966.000000 -32.750060 11.554096 -79.036318 0.080206 0.031764 0.208116 0.974292
1967.000000 -33.194095 11.734723 -78.878687 0.081895 0.034272 0.207917 0.974109
1968.000000 -33.578470 12.059311 -78.721096 0.084402 0.036228 0.207789 0.973852
1969.000000 -33.751757 11.685352 -78.757603 0.082324 0.037794 0.207612 0.974008
1970.000000 -34.020524 11.933201 -78.659518 0.084212 0.039126 0.207535 0.973810
1971.000000 -34.159222 11.908803 -78.657912 0.084242 0.040014 0.207460 0.973788
1972.000000 -33.952684 11.882020 -78.805260 0.083808 0.038779 0.207559 0.973854
1973.000000 -33.816871 11.724077 -78.941065 0.082667 0.038150 0.207590 0.973970
1974.000000 -33.833164 11.255966 -79.056953 0.079801 0.038863 0.207469 0.974206
1975.000000 -33.787166 10.968131 -79.171076 0.077979 0.038959 0.207422 0.974360
1976.000000 -33.989587 10.885699 -79.150413 0.077739 0.040309 0.207301 0.974350
1977.000000 -33.813674 10.683546 -79.308457 0.076258 0.039484 0.207337 0.974493
1978.000000 -33.727873 10.117815 -79.473817 0.072665 0.039698 0.207237 0.974780
1979.000000 -34.044297 9.945803 -79.415049 0.072013 0.041869 0.207040 0.974780
1980.000000 -34.254722 9.852147 -79.391314 0.071706 0.043276 0.206920 0.974766
1981.000000 -34.406414 9.760373 -79.391193 0.071343 0.044332 0.206827 0.974765
1982.000000 -34.744920 9.851404 -79.287050 0.072346 0.046290 0.206696 0.974628
1983.000000 -34.613348 10.102264 -79.367808 0.073715 0.045151 0.206837 0.974549
1984.000000 -34.602599 10.514370 -79.373033 0.076228 0.044556 0.206959 0.974357
1985.000000 -34.918070 10.704809 -79.263060 0.077823 0.046251 0.206871 0.974171
1986.000000 -34.723688 10.477300 -79.433248 0.076172 0.045354 0.206895 0.974338
1987.000000 -34.540709 10.245902 -79.597259 0.074516 0.044537 0.206915 0.974500
1988.000000 -34.775882 10.243529 -79.550612 0.074808 0.045969 0.206807 0.974434
1989.000000 -34.590392 10.215349 -79.689219 0.074402 0.044868 0.206884 0.974500
1990.000000 -34.428225 9.849400 -79.859587 0.071959 0.044357 0.206849 0.974714
1991.000000 -34.623171 9.589466 -79.861869 0.070614 0.045882 0.206682 0.974777
1992.000000 -34.734431 9.306620 -79.902345 0.069025 0.046917 0.206549 0.974870
1993.000000 -35.031576 8.890150 -79.874130 0.066866 0.049276 0.206286 0.974960
1994.000000 -35.102193 8.217017 -79.969826 0.062829 0.050581 0.205982 0.975226
1995.000000 -34.956770 7.604638 -80.148363 0.058841 0.050508 0.205637 0.975551
1996.000000 -34.633114 7.214901 -80.378537 0.055894 0.049105 0.205151 0.975898
1997.000000 -35.550731 3.672252 -80.271924 0.035442 0.059219 0.203408 0.976659
1998.000000 -36.462193 -1.973249 -79.976861 0.002064 0.071913 0.200596 0.977029
1999.000000 -37.588657 -7.757379 -79.153690 -0.032151 0.086059 0.197357 0.976018
2000.000000 -38.677776 -13.586476 -77.888400 -0.067026 0.100051 0.193946 0.973593
2001.000000 -39.599042 -19.350754 -76.248532 -0.102179 0.112981 0.190339 0.969828
2002.000000 -40.535386 -24.919614 -74.161621 -0.136836 0.125984 0.186633 0.964662
2003.000000 -41.537869 -30.181693 -71.654801 -0.170386 0.139284 0.182789 0.958205
