0.000000 0.000000 0.000000 -0.000000 0.000000 -0.000000 0.000000 1.000000
1.000000 0.000326 -0.000908 -0.057246 0.001954 -0.001278 -0.000011 0.999997
2.000000 0.000981 0.002143 -0.114459 0.005553 -0.002834 -0.000025 0.999981
3.000000 0.001867 0.007509 -0.171584 0.010252 -0.004553 -0.000046 0.999937
4.000000 0.002833 0.013349 -0.228617 0.015618 -0.006317 -0.000070 0.999858
5.000000 0.003687 0.017796 -0.285645 0.021217 -0.008011 -0.000091 0.999743
6.000000 0.004353 0.020559 -0.342728 0.026615 -0.009517 -0.000101 0.999600
7.000000 0.004777 0.024345 -0.399736 0.034111 -0.010689 -0.000137 0.999361
8.000000 0.004746 0.028472 -0.456746 0.041485 -0.011273 -0.000200 0.999076
9.000000 0.003935 0.031148 -0.513891 0.046546 -0.011020 -0.000280 0.998855
10.000000 0.001920 0.029745 -0.571302 0.047256 -0.009693 -0.000363 0.998836
11.000000 -0.001638 0.022719 -0.628913 0.043180 -0.007213 -0.000452 0.999041
12.000000 -0.006311 0.011904 -0.686430 0.036493 -0.004080 -0.000559 0.999325
13.000000 -0.010290 -0.002011 -0.743684 0.027919 -0.001571 -0.000643 0.999609
14.000000 -0.012934 -0.018951 -0.800558 0.017594 0.000135 -0.000686 0.999845
15.000000 -0.013949 -0.038097 -0.856978 0.006045 0.001108 -0.000691 0.999981
16.000000 -0.013096 -0.058468 -0.912959 -0.006199 0.001419 -0.000673 0.999980
17.000000 -0.010739 -0.080831 -0.968480 -0.018612 0.001138 -0.000650 0.999826
18.000000 -0.008153 -0.104370 -1.023502 -0.030664 0.000336 -0.000636 0.999529
19.000000 -0.005378 -0.127469 -1.078188 -0.041831 -0.000919 -0.000640 0.999124
20.000000 -0.002204 -0.148738 -1.132798 -0.051585 -0.002560 -0.000675 0.998665
21.000000 0.001508 -0.166723 -1.187645 -0.059471 -0.004499 -0.000755 0.998220
22.000000 0.004612 -0.184090 -1.242451 -0.066770 -0.006152 -0.000851 0.997749
23.000000 0.003731 -0.201013 -1.297237 -0.073585 -0.006175 -0.000863 0.997269
24.000000 -0.002125 -0.216369 -1.352193 -0.079525 -0.004324 -0.000732 0.996823
25.000000 -0.013367 -0.229973 -1.407308 -0.084594 -0.000599 -0.000437 0.996415
26.000000 -0.029181 -0.240160 -1.462772 -0.088287 0.004578 -0.000015 0.996085
27.000000 -0.043503 -0.239603 -1.519822 -0.088324 0.009127 0.000392 0.996050
28.000000 -0.054333 -0.228251 -1.578379 -0.085054 0.012547 0.000751 0.996297
29.000000 -0.061231 -0.208815 -1.637786 -0.079625 0.014884 0.001048 0.996713
30.000000 -0.063757 -0.184485 -1.697386 -0.073170 0.016184 0.001265 0.997187
31.000000 -0.061945 -0.159552 -1.756665 -0.066815 0.016484 0.001384 0.997628
32.000000 -0.057582 -0.139647 -1.815512 -0.061351 0.015776 0.001402 0.997991
33.000000 -0.050286 -0.124949 -1.874104 -0.056820 0.013958 0.001340 0.998286
34.000000 -0.038974 -0.114346 -1.932530 -0.053166 0.010919 0.001215 0.998525
35.000000 -0.022522 -0.106690 -1.990771 -0.050325 0.006548 0.001025 0.998711
36.000000 -0.001502 -0.102869 -2.048593 -0.048741 0.001160 0.000769 0.998810
37.000000 0.016355 -0.111861 -2.105446 -0.050627 -0.003278 0.000561 0.998712
38.000000 0.029135 -0.133182 -2.161378 -0.055584 -0.006378 0.000438 0.998434
39.000000 0.037139 -0.162645 -2.216508 -0.062396 -0.008294 0.000392 0.998017
40.000000 0.040753 -0.195546 -2.271043 -0.069857 -0.009179 0.000404 0.997515
41.000000 0.040422 -0.226704 -2.325413 -0.076773 -0.009185 0.000457 0.997006
42.000000 0.036443 -0.252080 -2.380138 -0.082302 -0.008418 0.000548 0.996572
43.000000 0.028704 -0.270902 -2.435455 -0.086346 -0.006892 0.000693 0.996241
44.000000 0.017037 -0.282840 -2.491488 -0.088904 -0.004606 0.000907 0.996029
45.000000 0.001263 -0.287563 -2.548280 -0.089978 -0.001561 0.001195 0.995942
46.000000 -0.019084 -0.284921 -2.605769 -0.089601 0.002298 0.001565 0.995974
47.000000 -0.045034 -0.275194 -2.663744 -0.087888 0.007126 0.002024 0.996103
48.000000 -0.075765 -0.260205 -2.721793 -0.085224 0.012725 0.002556 0.996277
49.000000 -0.107816 -0.243797 -2.779478 -0.082327 0.018446 0.003103 0.996430
50.000000 -0.137248 -0.230274 -2.836604 -0.079939 0.023606 0.003595 0.996514
51.000000 -0.159727 -0.224253 -2.893214 -0.078805 0.027524 0.003943 0.996502
52.000000 -0.170599 -0.230198 -2.949457 -0.079605 0.029534 0.004061 0.996381
53.000000 -0.168654 -0.240161 -3.006106 -0.080960 0.029515 0.003987 0.996272
54.000000 -0.156345 -0.240563 -3.064024 -0.080735 0.027864 0.003835 0.996339
55.000000 -0.135357 -0.232333 -3.122852 -0.079272 0.024830 0.003612 0.996537
56.000000 -0.107029 -0.217763 -3.182071 -0.077104 0.020591 0.003306 0.996805
57.000000 -0.072089 -0.198954 -3.241213 -0.074684 0.015221 0.002917 0.997087
58.000000 -0.033008 -0.178753 -3.299931 -0.072188 0.009146 0.002486 0.997346
59.000000 0.005064 -0.158715 -3.358161 -0.069458 0.003250 0.002080 0.997577
60.000000 0.036590 -0.140125 -3.415967 -0.066726 -0.001614 0.001741 0.997769
61.000000 0.056877 -0.133138 -3.473256 -0.065518 -0.004770 0.001502 0.997839
62.000000 0.060610 -0.146056 -3.530061 -0.067001 -0.005499 0.001425 0.997737
63.000000 0.042034 -0.173523 -3.586558 -0.070368 -0.003069 0.001560 0.997515
64.000000 0.002859 -0.213999 -3.642161 -0.075384 0.002185 0.001877 0.997150
65.000000 -0.046870 -0.261686 -3.696305 -0.081321 0.008817 0.002307 0.996646
66.000000 -0.096833 -0.309770 -3.748953 -0.087559 0.015407 0.002779 0.996036
67.000000 -0.144673 -0.361157 -3.799734 -0.094721 0.021670 0.003241 0.995263
68.000000 -0.190970 -0.417797 -3.848581 -0.102678 0.027802 0.003652 0.994319
69.000000 -0.233574 -0.423817 -3.902225 -0.103911 0.033525 0.004168 0.994013
70.000000 -0.264228 -0.370358 -3.962372 -0.097519 0.037641 0.004779 0.994510
71.000000 -0.272664 -0.297211 -4.024728 -0.088733 0.038807 0.005206 0.995286
72.000000 -0.263479 -0.195156 -4.088428 -0.076684 0.037711 0.005525 0.996327
73.000000 -0.238083 -0.073671 -4.150860 -0.062688 0.034694 0.005711 0.997414
74.000000 -0.195475 0.038897 -4.210385 -0.049209 0.029736 0.005711 0.998329
75.000000 -0.146054 0.137563 -4.267122 -0.036765 0.024001 0.005688 0.999019
76.000000 -0.100956 0.229138 -4.321396 -0.025516 0.018623 0.005743 0.999484
77.000000 -0.059272 0.323603 -4.373159 -0.014389 0.013592 0.005856 0.999787
78.000000 -0.015698 0.422432 -4.422277 -0.003074 0.008432 0.005958 0.999942
79.000000 0.030571 0.462942 -4.475409 0.001434 0.003114 0.005977 0.999976
80.000000 0.070385 0.440978 -4.534448 -0.001073 -0.001340 0.006017 0.999980
81.000000 0.091480 0.423353 -4.593025 -0.003045 -0.003667 0.006104 0.999970
82.000000 0.100925 0.418582 -4.650551 -0.003587 -0.004703 0.006172 0.999963
83.000000 0.107953 0.417515 -4.707787 -0.003723 -0.005466 0.006206 0.999959
84.000000 0.113226 0.419513 -4.764791 -0.003532 -0.006035 0.006209 0.999956
85.000000 0.116683 0.424653 -4.821564 -0.003015 -0.006409 0.006202 0.999956
86.000000 0.118271 0.433013 -4.878098 -0.002171 -0.006587 0.006196 0.999957
87.000000 0.117947 0.444664 -4.934375 -0.000999 -0.006571 0.006189 0.999959
88.000000 0.115666 0.459680 -4.990370 0.000499 -0.006361 0.006182 0.999961
89.000000 0.111394 0.478118 -5.046050 0.002323 -0.005956 0.006173 0.999961
90.000000 0.105472 0.499344 -5.101433 0.004403 -0.005395 0.006161 0.999957
91.000000 0.098746 0.521793 -5.156627 0.006582 -0.004761 0.006148 0.999948
92.000000 0.092135 0.543771 -5.211773 0.008698 -0.004141 0.006135 0.999935
93.000000 0.086585 0.563528 -5.267047 0.010590 -0.003622 0.006122 0.999919
94.000000 0.082787 0.579806 -5.322594 0.012149 -0.003263 0.006112 0.999902
95.000000 0.081086 0.592001 -5.378509 0.013326 -0.003092 0.006104 0.999888
96.000000 0.081768 0.599623 -5.434877 0.014074 -0.003137 0.006102 0.999877
97.000000 0.085129 0.602166 -5.491774 0.014346 -0.003424 0.006106 0.999873
98.000000 0.091478 0.599096 -5.549257 0.014096 -0.003981 0.006117 0.999874
99.000000 0.101164 0.589817 -5.607353 0.013279 -0.004834 0.006137 0.999881
100.000000 0.114166 0.574405 -5.665989 0.011917 -0.005973 0.006165 0.999892
101.000000 0.129918 0.553942 -5.724980 0.010120 -0.007341 0.006199 0.999903
102.000000 0.147793 0.529629 -5.784144 0.008004 -0.008878 0.006239 0.999909
103.000000 0.167144 0.502697 -5.843319 0.005684 -0.010525 0.006282 0.999909
104.000000 0.187623 0.473816 -5.902408 0.003220 -0.012251 0.006327 0.999900
105.000000 0.209233 0.442985 -5.961372 0.000615 -0.014053 0.006372 0.999881
106.000000 0.231994 0.410168 -6.020171 -0.002130 -0.015932 0.006416 0.999850
107.000000 0.255926 0.375329 -6.078764 -0.005016 -0.017888 0.006459 0.999807
108.000000 0.281044 0.338438 -6.137106 -0.008043 -0.019921 0.006503 0.999748
109.000000 0.300567 0.307865 -6.195074 -0.010529 -0.021487 0.006539 0.999692
110.000000 0.306606 0.292958 -6.252780 -0.011740 -0.021974 0.006558 0.999668
111.000000 0.299974 0.292052 -6.310419 -0.011844 -0.021476 0.006565 0.999678
112.000000 0.281596 0.303319 -6.368001 -0.011016 -0.020092 0.006569 0.999716
113.000000 0.252429 0.324860 -6.425420 -0.009431 -0.017920 0.006575 0.999773
114.000000 0.214101 0.353930 -6.482532 -0.007262 -0.015059 0.006584 0.999839
115.000000 0.168357 0.387645 -6.539217 -0.004682 -0.011603 0.006591 0.999900
116.000000 0.116182 0.424070 -6.595365 -0.001865 -0.007651 0.006590 0.999947
117.000000 0.058608 0.461189 -6.650927 0.001016 -0.003299 0.006580 0.999972
118.000000 -0.003281 0.496893 -6.705922 0.003784 0.001352 0.006565 0.999970
119.000000 -0.060961 0.519834 -6.761232 0.005583 0.005662 0.006550 0.999947
120.000000 -0.104710 0.517567 -6.818196 0.005505 0.008923 0.006525 0.999924
121.000000 -0.134253 0.489607 -6.877053 0.003544 0.011131 0.006484 0.999911
122.000000 -0.150800 0.445137 -6.937013 0.000397 0.012387 0.006435 0.999902
123.000000 -0.155750 0.397473 -6.997047 -0.002971 0.012799 0.006389 0.999893
124.000000 -0.150351 0.350043 -7.056913 -0.006325 0.012466 0.006351 0.999882
125.000000 -0.135935 0.305930 -7.116435 -0.009463 0.011492 0.006314 0.999869
126.000000 -0.113885 0.268299 -7.175491 -0.012185 0.009979 0.006275 0.999856
127.000000 -0.085518 0.239611 -7.234242 -0.014291 0.008030 0.006231 0.999846
128.000000 -0.052191 0.222098 -7.292435 -0.015580 0.005747 0.006185 0.999843
129.000000 -0.015256 0.218836 -7.349982 -0.015858 0.003227 0.006140 0.999850
130.000000 0.025808 0.230380 -7.406855 -0.015112 0.000442 0.006098 0.999867
131.000000 0.073616 0.254397 -7.463001 -0.013519 -0.002779 0.006056 0.999886
132.000000 0.132534 0.277875 -7.518618 -0.011966 -0.006710 0.006000 0.999888
133.000000 0.207254 0.283249 -7.574025 -0.011611 -0.011638 0.005932 0.999847
134.000000 0.302367 0.263660 -7.628876 -0.012878 -0.017840 0.005867 0.999741
135.000000 0.409934 0.224644 -7.682485 -0.015383 -0.024786 0.005832 0.999557
136.000000 0.494320 0.202678 -7.735507 -0.016756 -0.030191 0.005805 0.999387
137.000000 0.583042 0.188265 -7.787027 -0.017669 -0.035872 0.005750 0.999184
138.000000 0.675477 0.180649 -7.836990 -0.018206 -0.041803 0.005659 0.998944
139.000000 0.767553 0.179752 -7.885664 -0.018406 -0.047743 0.005537 0.998675
140.000000 0.853979 0.187479 -7.933736 -0.018125 -0.053323 0.005398 0.998398
141.000000 0.929158 0.206597 -7.982233 -0.017029 -0.058037 0.005251 0.998155
142.000000 0.982411 0.243618 -8.032334 -0.014774 -0.061371 0.005081 0.997993
143.000000 1.004886 0.304568 -8.084891 -0.011012 -0.062806 0.004862 0.997953
144.000000 0.987674 0.395577 -8.140388 -0.005400 -0.061818 0.004560 0.998062
145.000000 0.935082 0.510208 -8.197449 0.001627 -0.058697 0.004192 0.998266
146.000000 0.881270 0.609154 -8.253825 0.007652 -0.055528 0.003882 0.998420
147.000000 0.798931 0.699190 -8.312190 0.013105 -0.050656 0.003591 0.998624
148.000000 0.696151 0.775267 -8.371772 0.017693 -0.044581 0.003313 0.998844
149.000000 0.584997 0.831485 -8.431953 0.021077 -0.038027 0.003057 0.999050
150.000000 0.476082 0.864031 -8.492609 0.023054 -0.031612 0.002832 0.999230
151.000000 0.373464 0.877381 -8.553474 0.023910 -0.025558 0.002642 0.999384
152.000000 0.279264 0.878291 -8.614121 0.024043 -0.019996 0.002477 0.999508
153.000000 0.195314 0.873858 -8.674091 0.023855 -0.015054 0.002339 0.999599
154.000000 0.123511 0.871379 -8.732948 0.023745 -0.010861 0.002224 0.999657
155.000000 0.065944 0.878204 -8.790265 0.024114 -0.007548 0.002133 0.999678
156.000000 0.024863 0.901178 -8.845589 0.025355 -0.005222 0.002067 0.999663
157.000000 -0.002255 0.942564 -8.898773 0.027605 -0.003717 0.002021 0.999610
158.000000 -0.021583 0.999303 -8.950007 0.030697 -0.002666 0.001986 0.999523
159.000000 -0.039504 1.068001 -8.999413 0.034454 -0.001697 0.001950 0.999403
160.000000 -0.060610 1.142793 -9.047421 0.038563 -0.000549 0.001907 0.999254
161.000000 -0.082354 1.208777 -9.095853 0.042223 0.000643 0.001862 0.999106
162.000000 -0.100417 1.250041 -9.147140 0.044567 0.001644 0.001822 0.999003
163.000000 -0.108174 1.265789 -9.201856 0.045539 0.002090 0.001801 0.998959
164.000000 -0.103680 1.261146 -9.259501 0.045407 0.001879 0.001803 0.998965
165.000000 -0.093952 1.232813 -9.320419 0.043982 0.001392 0.001810 0.999030
166.000000 -0.086868 1.177080 -9.384789 0.041057 0.001046 0.001804 0.999155
167.000000 -0.092633 1.098340 -9.451528 0.036867 0.001371 0.001764 0.999318
168.000000 -0.124017 1.008646 -9.518543 0.032089 0.003007 0.001671 0.999479
169.000000 -0.193215 0.920394 -9.583768 0.027419 0.006562 0.001510 0.999601
170.000000 -0.284295 0.844566 -9.645935 0.023432 0.011204 0.001322 0.999662
171.000000 -0.379054 0.786654 -9.705006 0.020405 0.016005 0.001153 0.999663
172.000000 -0.468688 0.750455 -9.761326 0.018522 0.020544 0.001028 0.999617
173.000000 -0.546923 0.724088 -9.816501 0.017167 0.024537 0.000941 0.999551
174.000000 -0.609361 0.692895 -9.872158 0.015597 0.027802 0.000871 0.999491
175.000000 -0.650482 0.654753 -9.929130 0.013710 0.030019 0.000815 0.999455
176.000000 -0.664424 0.608625 -9.988130 0.011446 0.030851 0.000773 0.999458
177.000000 -0.644514 0.553477 -10.049662 0.008740 0.029959 0.000747 0.999513
178.000000 -0.583732 0.488214 -10.113843 0.005531 0.026997 0.000731 0.999620
179.000000 -0.475079 0.411513 -10.180093 0.001755 0.021649 0.000710 0.999764
180.000000 -0.340760 0.324155 -10.245838 -0.002534 0.015052 0.000668 0.999883
181.000000 -0.205570 0.233091 -10.309181 -0.006984 0.008441 0.000607 0.999940
182.000000 -0.084524 0.146430 -10.369794 -0.011196 0.002549 0.000535 0.999934
183.000000 0.007380 0.072267 -10.428283 -0.014784 -0.001910 0.000462 0.999889
184.000000 0.062362 0.014777 -10.485743 -0.017553 -0.004578 0.000402 0.999835
185.000000 0.079721 -0.025701 -10.543032 -0.019496 -0.005444 0.000370 0.999795
186.000000 0.059051 -0.048988 -10.600521 -0.020616 -0.004508 0.000378 0.999777
187.000000 -0.000064 -0.054907 -10.658083 -0.020912 -0.001769 0.000433 0.999780
188.000000 -0.098041 -0.043285 -10.715090 -0.020385 0.002773 0.000536 0.999788
189.000000 -0.233669 -0.014454 -10.770443 -0.019058 0.009042 0.000683 0.999777
190.000000 -0.384181 0.023921 -10.823449 -0.017293 0.015971 0.000851 0.999723
191.000000 -0.534008 0.065021 -10.874226 -0.015406 0.022846 0.001019 0.999620
192.000000 -0.672597 0.103389 -10.923493 -0.013644 0.029196 0.001169 0.999480
193.000000 -0.790047 0.133879 -10.972491 -0.012237 0.034588 0.001284 0.999326
194.000000 -0.881978 0.154021 -11.022341 -0.011289 0.038842 0.001362 0.999181
195.000000 -0.947407 0.162814 -11.073880 -0.010852 0.041884 0.001405 0.999063
196.000000 -0.984898 0.159168 -11.127774 -0.010982 0.043640 0.001414 0.998986
197.000000 -0.992652 0.141876 -11.184470 -0.011732 0.044034 0.001388 0.998960
198.000000 -0.968753 0.109679 -11.244133 -0.013155 0.042988 0.001321 0.998988
199.000000 -0.912651 0.061681 -11.306438 -0.015281 0.040500 0.001206 0.999062
200.000000 -0.846353 0.004624 -11.369036 -0.017801 0.037566 0.001068 0.999135
201.000000 -0.784200 -0.055668 -11.430652 -0.020451 0.034824 0.000926 0.999184
202.000000 -0.734425 -0.114850 -11.490826 -0.023039 0.032635 0.000792 0.999201
203.000000 -0.703261 -0.168953 -11.549429 -0.025392 0.031264 0.000678 0.999188
204.000000 -0.691069 -0.216809 -11.606693 -0.027464 0.030719 0.000590 0.999151
205.000000 -0.695786 -0.258423 -11.662886 -0.029257 0.030905 0.000530 0.999094
206.000000 -0.715290 -0.293801 -11.718187 -0.030774 0.031727 0.000499 0.999023
207.000000 -0.747453 -0.322955 -11.772719 -0.032019 0.033087 0.000496 0.998939
208.000000 -0.790170 -0.345892 -11.826575 -0.032994 0.034891 0.000519 0.998846
209.000000 -0.841299 -0.362621 -11.879837 -0.033703 0.037043 0.000565 0.998745
210.000000 -0.898659 -0.373153 -11.932596 -0.034149 0.039447 0.000632 0.998638
211.000000 -0.960035 -0.377500 -11.984963 -0.034333 0.042008 0.000716 0.998527
212.000000 -1.023975 -0.375649 -12.037012 -0.034260 0.044663 0.000814 0.998414
213.000000 -1.090332 -0.367543 -12.088718 -0.033927 0.047407 0.000926 0.998299
214.000000 -1.153107 -0.352695 -12.140620 -0.033318 0.049992 0.001042 0.998193
215.000000 -1.193298 -0.329692 -12.194657 -0.032378 0.051642 0.001145 0.998140
216.000000 -1.189910 -0.297003 -12.253074 -0.031049 0.051514 0.001214 0.998189
217.000000 -1.136972 -0.261130 -12.316109 -0.029601 0.049394 0.001221 0.998340
218.000000 -1.063801 -0.247342 -12.380068 -0.029052 0.046493 0.001153 0.998495
219.000000 -1.001716 -0.279510 -12.441678 -0.030343 0.044071 0.001012 0.998567
220.000000 -0.932071 -0.321588 -12.503231 -0.032005 0.041338 0.000843 0.998632
221.000000 -0.828513 -0.334552 -12.567433 -0.032479 0.037212 0.000675 0.998779
222.000000 -0.692197 -0.318426 -12.633447 -0.031792 0.031751 0.000500 0.998990
223.000000 -0.523922 -0.274127 -12.699899 -0.030043 0.025061 0.000306 0.999234
224.000000 -0.330786 -0.203221 -12.764890 -0.027348 0.017494 0.000088 0.999473
225.000000 -0.135923 -0.111088 -12.826680 -0.023862 0.009931 -0.000133 0.999666
226.000000 0.035042 -0.003331 -12.884977 -0.019741 0.003314 -0.000329 0.999800
227.000000 0.173514 0.124782 -12.940445 -0.014812 -0.002034 -0.000492 0.999888
228.000000 0.308160 0.297688 -12.992355 -0.008147 -0.007228 -0.000650 0.999940
229.000000 0.469130 0.537934 -13.037109 0.001096 -0.013420 -0.000826 0.999909
230.000000 0.633366 0.805036 -13.073772 0.011344 -0.019718 -0.001009 0.999741
231.000000 0.770048 1.056007 -13.106013 0.020947 -0.024945 -0.001168 0.999469
232.000000 0.877762 1.289139 -13.135897 0.029842 -0.029057 -0.001298 0.999131
233.000000 0.956411 1.504519 -13.165077 0.038038 -0.032057 -0.001408 0.998761
234.000000 1.005970 1.702261 -13.194919 0.045542 -0.033948 -0.001524 0.998384
235.000000 1.026858 1.881168 -13.226658 0.052313 -0.034750 -0.001669 0.998025
236.000000 1.026855 2.017291 -13.264222 0.057453 -0.034764 -0.001810 0.997741
237.000000 1.020339 2.070770 -13.314025 0.059484 -0.034534 -0.001869 0.997630
238.000000 1.025329 2.047339 -13.374647 0.058652 -0.034730 -0.001826 0.997673
239.000000 1.062445 1.985202 -13.438305 0.056412 -0.036105 -0.001686 0.997753
240.000000 1.152971 1.923907 -13.496773 0.054240 -0.039424 -0.001450 0.997748
241.000000 1.316109 1.901609 -13.542114 0.053497 -0.045377 -0.001129 0.997536
242.000000 1.551988 1.926885 -13.571163 0.054417 -0.053962 -0.000768 0.997059
243.000000 1.851122 1.990329 -13.582550 0.056647 -0.064834 -0.000427 0.996287
244.000000 2.203843 2.080886 -13.574455 0.059836 -0.077661 -0.000130 0.995183
245.000000 2.599821 2.189174 -13.545185 0.063698 -0.092101 0.000164 0.993710
246.000000 3.022071 2.331302 -13.491012 0.068873 -0.107577 0.000427 0.991808
247.000000 3.451981 2.546450 -13.405439 0.076812 -0.123430 0.000477 0.989376
248.000000 3.868670 2.827749 -13.291244 0.087275 -0.138894 0.000224 0.986454
249.000000 4.250218 3.135738 -13.161379 0.098812 -0.153150 -0.000258 0.983250
250.000000 4.576113 3.432360 -13.033995 0.109993 -0.165407 -0.000840 0.980072
251.000000 4.828622 3.684637 -12.930358 0.119543 -0.174964 -0.001366 0.977290
252.000000 5.007621 3.888554 -12.859327 0.127273 -0.181783 -0.001811 0.975066
253.000000 5.121868 4.053888 -12.820324 0.133538 -0.186162 -0.002258 0.973399
254.000000 5.179647 4.189964 -12.810555 0.138690 -0.188398 -0.002792 0.972247
255.000000 5.188394 4.305844 -12.825814 0.143070 -0.188766 -0.003475 0.971538
256.000000 5.153732 4.409098 -12.861894 0.146962 -0.187484 -0.004338 0.971202
257.000000 5.076353 4.501453 -12.917775 0.150423 -0.184593 -0.005385 0.971220
258.000000 4.955544 4.583082 -12.992961 0.153454 -0.180085 -0.006610 0.971585
259.000000 4.790682 4.653815 -13.086480 0.156047 -0.173957 -0.008035 0.972278
260.000000 4.580992 4.713497 -13.196866 0.158193 -0.166205 -0.009675 0.973271
261.000000 4.323199 4.764664 -13.321962 0.159980 -0.156744 -0.011550 0.974528
262.000000 4.023150 4.825854 -13.450384 0.162073 -0.145816 -0.013695 0.975850
263.000000 3.828203 4.820124 -13.565952 0.161772 -0.138788 -0.014847 0.976907
264.000000 3.728159 4.747839 -13.676137 0.159143 -0.135215 -0.015117 0.977835
265.000000 3.645714 4.656219 -13.786952 0.155864 -0.132257 -0.015187 0.978767
266.000000 3.587033 4.551429 -13.894764 0.152171 -0.130107 -0.015058 0.979637
267.000000 3.558103 4.439154 -13.996015 0.148297 -0.128962 -0.014730 0.980388
268.000000 3.559084 4.329347 -14.087332 0.144479 -0.129016 -0.014205 0.980958
269.000000 3.597237 4.228718 -14.165300 0.140951 -0.130469 -0.013509 0.981289
270.000000 3.682367 4.142302 -14.226242 0.137949 -0.133516 -0.012665 0.981317
271.000000 3.822659 4.074530 -14.266254 0.135623 -0.138420 -0.011652 0.980974
272.000000 4.015741 4.013172 -14.288173 0.133544 -0.145099 -0.010402 0.980308
273.000000 4.112155 4.044874 -14.309454 0.134630 -0.148391 -0.010119 0.979670
274.000000 4.131131 4.173172 -14.324787 0.138999 -0.148981 -0.010740 0.978963
275.000000 4.161106 4.346710 -14.322080 0.144912 -0.149925 -0.011541 0.977952
276.000000 4.203474 4.555735 -14.302219 0.152045 -0.151271 -0.012470 0.976649
277.000000 4.259575 4.790390 -14.266291 0.160072 -0.153064 -0.013472 0.975073
278.000000 4.330654 5.040808 -14.215778 0.168669 -0.155353 -0.014485 0.973245
279.000000 4.417833 5.297282 -14.152684 0.177517 -0.158183 -0.015440 0.971199
280.000000 4.522044 5.550531 -14.079573 0.186297 -0.161600 -0.016257 0.968976
281.000000 4.644281 5.791389 -13.999557 0.194693 -0.165653 -0.016863 0.966628
282.000000 4.785745 6.010648 -13.916261 0.202386 -0.170394 -0.017203 0.964215
283.000000 4.921836 6.180155 -13.851443 0.208378 -0.174990 -0.017288 0.962111
284.000000 4.971546 6.235654 -13.865815 0.210365 -0.176682 -0.017258 0.961370
285.000000 4.923673 6.185175 -13.961824 0.208636 -0.175095 -0.017259 0.962037
286.000000 4.798782 6.066367 -14.112595 0.204558 -0.170959 -0.017415 0.963652
287.000000 4.616339 5.916722 -14.290960 0.199468 -0.164974 -0.017834 0.965753
288.000000 4.396746 5.776183 -14.471398 0.194710 -0.157819 -0.018584 0.967903
289.000000 4.164018 5.688598 -14.630705 0.191649 -0.150190 -0.019693 0.969704
290.000000 3.943472 5.672986 -14.755891 0.190889 -0.142896 -0.021046 0.970927
291.000000 3.763978 5.711666 -14.847275 0.191881 -0.136897 -0.022389 0.971566
292.000000 3.650464 5.785165 -14.907187 0.194044 -0.133002 -0.023539 0.971650
293.000000 3.625638 5.905190 -14.926036 0.197824 -0.131929 -0.024448 0.971011
294.000000 3.760814 6.130145 -14.860665 0.205228 -0.135961 -0.024847 0.968906
295.000000 4.051071 6.445386 -14.707922 0.215826 -0.145011 -0.024621 0.965290
296.000000 4.453283 6.803377 -14.485369 0.228053 -0.157833 -0.023764 0.960477
297.000000 4.923832 7.158084 -14.215337 0.240360 -0.173161 -0.022280 0.954854
298.000000 5.422063 7.466768 -13.927510 0.251261 -0.189752 -0.020141 0.948924
299.000000 5.910903 7.690989 -13.659040 0.259342 -0.206400 -0.017292 0.943314
300.000000 6.355240 7.816343 -13.441757 0.263977 -0.221846 -0.013881 0.938567
301.000000 6.720391 7.859301 -13.293649 0.265648 -0.234749 -0.010391 0.934995
302.000000 6.977356 7.834181 -13.231617 0.264839 -0.243944 -0.007311 0.932898
303.000000 7.129236 7.750155 -13.256103 0.261912 -0.249436 -0.004785 0.932288
304.000000 7.204804 7.629674 -13.341155 0.257712 -0.252199 -0.002778 0.932723
305.000000 7.234621 7.498524 -13.455571 0.253173 -0.253305 -0.001239 0.933669
306.000000 7.249358 7.383870 -13.567869 0.249238 -0.253829 -0.000114 0.934586
307.000000 7.276327 7.311209 -13.650769 0.246752 -0.254709 0.000635 0.935006
308.000000 7.147767 7.170210 -13.851339 0.241933 -0.250252 0.000613 0.937466
309.000000 6.829422 6.938848 -14.184964 0.234148 -0.239531 -0.000172 0.942231
310.000000 6.422348 6.686655 -14.549253 0.225849 -0.226167 -0.001475 0.947543
311.000000 6.029293 6.486666 -14.860038 0.219426 -0.213592 -0.003033 0.951957
312.000000 5.716849 6.383342 -15.079360 0.216226 -0.203868 -0.004585 0.954810
313.000000 5.501438 6.378006 -15.216867 0.216042 -0.197157 -0.005990 0.956253
314.000000 5.366532 6.442576 -15.297860 0.217917 -0.192798 -0.007237 0.956707
315.000000 5.284712 6.539969 -15.347097 0.220772 -0.190004 -0.008375 0.956602
316.000000 5.227114 6.632853 -15.388434 0.223525 -0.187976 -0.009430 0.956354
317.000000 5.170452 6.688810 -15.442859 0.225209 -0.186055 -0.010369 0.956325
318.000000 5.309042 6.831651 -15.390976 0.229707 -0.190225 -0.010415 0.954432
319.000000 5.681506 7.078618 -15.201737 0.237568 -0.201713 -0.009297 0.950151
320.000000 6.170025 7.339748 -14.941208 0.245982 -0.216982 -0.007347 0.944647
321.000000 6.666554 7.538128 -14.682794 0.252469 -0.232718 -0.004837 0.939190
322.000000 7.107681 7.649461 -14.472797 0.256165 -0.246886 -0.001989 0.934571
323.000000 7.479786 7.691957 -14.318070 0.257586 -0.258978 0.001018 0.930902
324.000000 7.773487 7.683520 -14.222139 0.257295 -0.268608 0.003906 0.928242
325.000000 7.979620 7.640436 -14.187591 0.255843 -0.275405 0.006343 0.926637
326.000000 8.087566 7.578834 -14.216041 0.253786 -0.278992 0.008024 0.926117
327.000000 8.085120 7.514900 -14.307727 0.251685 -0.278976 0.008683 0.926689
328.000000 7.969763 7.462992 -14.455564 0.250017 -0.275322 0.008196 0.928236
329.000000 7.824291 7.421347 -14.612392 0.248695 -0.270736 0.007353 0.929945
330.000000 7.719818 7.389398 -14.740593 0.247679 -0.267468 0.006783 0.931166
331.000000 7.654074 7.376599 -14.838527 0.247271 -0.265396 0.006361 0.931870
332.000000 7.627090 7.381967 -14.908035 0.247442 -0.264478 0.006076 0.932087
333.000000 7.640953 7.400806 -14.950997 0.248046 -0.264752 0.005978 0.931849
334.000000 7.694345 7.429000 -14.968844 0.248936 -0.266267 0.006120 0.931179
335.000000 7.786755 7.462242 -14.962516 0.249963 -0.269080 0.006560 0.930092
336.000000 7.920693 7.495636 -14.932514 0.250974 -0.273252 0.007361 0.928596
337.000000 8.098297 7.524322 -14.879118 0.251815 -0.278832 0.008592 0.926697
338.000000 8.308873 7.545874 -14.808030 0.252410 -0.285476 0.010199 0.924494
339.000000 8.454124 7.575059 -14.766980 0.253253 -0.290104 0.011200 0.922809
340.000000 8.455692 7.624289 -14.797004 0.254773 -0.290253 0.010775 0.922349
341.000000 8.368393 7.677039 -14.875585 0.256429 -0.287633 0.009548 0.922724
342.000000 8.267342 7.712858 -14.969910 0.257559 -0.284577 0.008362 0.923368
343.000000 8.170139 7.730388 -15.070941 0.258127 -0.281617 0.007372 0.924126
344.000000 8.089071 7.730150 -15.172116 0.258156 -0.279109 0.006669 0.924883
345.000000 8.036272 7.712823 -15.267166 0.257676 -0.277402 0.006344 0.925533
346.000000 8.021700 7.679828 -15.349945 0.256716 -0.276840 0.006490 0.925967
347.000000 8.055073 7.632618 -15.414061 0.255300 -0.277768 0.007197 0.926075
348.000000 8.148784 7.571759 -15.452450 0.253447 -0.280539 0.008545 0.925737
349.000000 8.315464 7.497822 -15.457000 0.251169 -0.285510 0.010615 0.924817
350.000000 8.563806 7.412645 -15.419501 0.248505 -0.292927 0.013454 0.923178
351.000000 8.841524 7.335567 -15.356493 0.246042 -0.301233 0.016458 0.921114
352.000000 9.082491 7.288070 -15.295418 0.244462 -0.308458 0.018868 0.919095
353.000000 9.281555 7.271690 -15.240745 0.243830 -0.314449 0.020616 0.917193
354.000000 9.439037 7.286329 -15.194161 0.244152 -0.319215 0.021705 0.915434
355.000000 9.555192 7.332029 -15.156786 0.245436 -0.322764 0.022143 0.913835
356.000000 9.630212 7.408917 -15.129197 0.247685 -0.325100 0.021935 0.912404
357.000000 9.664322 7.517020 -15.111445 0.250901 -0.326228 0.021080 0.911142
358.000000 9.657825 7.656190 -15.103073 0.255078 -0.326149 0.019563 0.910044
359.000000 9.610944 7.826053 -15.103260 0.260200 -0.324865 0.017370 0.909097
360.000000 9.521144 8.008824 -15.121642 0.265725 -0.322284 0.014661 0.908465
361.000000 9.381036 8.156711 -15.187284 0.270207 -0.318173 0.011890 0.908632
362.000000 9.185259 8.222747 -15.327731 0.272245 -0.312389 0.009499 0.910058
363.000000 8.958291 8.207708 -15.525409 0.271899 -0.305707 0.007647 0.912445
364.000000 8.742448 8.140722 -15.738171 0.270071 -0.299401 0.006367 0.915085
365.000000 8.579730 8.051793 -15.927956 0.267636 -0.294678 0.005736 0.917335
366.000000 8.486161 7.953715 -16.083127 0.264919 -0.291953 0.005803 0.918993
367.000000 8.460486 7.846394 -16.207379 0.261872 -0.291138 0.006560 0.920119
368.000000 8.500024 7.726982 -16.303784 0.258425 -0.292139 0.007967 0.920765
369.000000 8.601108 7.591763 -16.374383 0.254512 -0.294860 0.009979 0.920968
370.000000 8.762059 7.456789 -16.410300 0.250608 -0.299276 0.012422 0.920584
371.000000 8.986087 7.372322 -16.385303 0.248114 -0.305507 0.014878 0.919176
372.000000 9.273534 7.387080 -16.275187 0.248376 -0.313600 0.016900 0.916340
373.000000 9.592097 7.494736 -16.096900 0.251244 -0.322676 0.018254 0.912373
374.000000 9.892628 7.658320 -15.893097 0.255734 -0.331342 0.018884 0.907996
375.000000 10.130475 7.844565 -15.707771 0.260943 -0.338293 0.018780 0.903943
376.000000 10.289666 8.041726 -15.560428 0.266540 -0.343031 0.017953 0.900535
377.000000 10.371976 8.250004 -15.453000 0.272522 -0.345571 0.016392 0.897800
378.000000 10.393626 8.464180 -15.379155 0.278725 -0.346347 0.014240 0.895630
379.000000 10.390401 8.671867 -15.322317 0.284768 -0.346375 0.011905 0.893750
380.000000 10.398789 8.860338 -15.265645 0.290268 -0.346703 0.009848 0.891877
381.000000 10.440042 9.022958 -15.199327 0.295026 -0.347948 0.008351 0.889844
382.000000 10.510072 9.163469 -15.124501 0.299155 -0.349992 0.007356 0.887670
383.000000 10.601968 9.286720 -15.043036 0.302793 -0.352648 0.006765 0.885387
384.000000 10.708337 9.397633 -14.956627 0.306073 -0.355736 0.006472 0.883023
385.000000 10.821930 9.500988 -14.866926 0.309124 -0.359075 0.006366 0.880606
386.000000 10.936074 9.601307 -14.775653 0.312075 -0.362487 0.006336 0.878164
387.000000 11.044774 9.702752 -14.684772 0.315054 -0.365783 0.006265 0.875731
388.000000 11.128876 9.814064 -14.603357 0.318334 -0.368375 0.005823 0.873458
389.000000 11.154260 9.949538 -14.548433 0.322356 -0.369223 0.004433 0.871631
390.000000 11.153150 10.103342 -14.499487 0.326941 -0.369268 0.002501 0.869910
391.000000 11.230898 10.244896 -14.396332 0.331172 -0.371654 0.001593 0.867292
392.000000 11.385895 10.355146 -14.252244 0.334479 -0.376347 0.002000 0.863992
393.000000 11.400215 10.452548 -14.228057 0.337414 -0.376757 0.001020 0.862673
394.000000 11.144529 10.556657 -14.411755 0.340552 -0.368974 -0.003229 0.864796
395.000000 10.836496 10.688083 -14.606303 0.344453 -0.359709 -0.008484 0.867116
396.000000 10.606013 10.854069 -14.706668 0.349305 -0.352939 -0.013205 0.867897
397.000000 10.457545 11.045767 -14.721399 0.354858 -0.348724 -0.017192 0.867278
398.000000 10.397731 11.251831 -14.662490 0.360835 -0.346967 -0.020308 0.865447
399.000000 10.424555 11.461912 -14.542651 0.366987 -0.347456 -0.022486 0.862606
400.000000 10.454022 11.686763 -14.405346 0.373628 -0.347949 -0.024796 0.859488
401.000000 10.349862 11.954797 -14.321058 0.381502 -0.344473 -0.029358 0.857282
402.000000 10.125011 12.264876 -14.277600 0.390532 -0.337347 -0.036088 0.855792
403.000000 10.017839 12.577195 -14.136615 0.399813 -0.333701 -0.041357 0.852692
404.000000 10.177867 12.841897 -13.835598 0.408180 -0.338136 -0.042521 0.846903
405.000000 10.396310 13.018222 -13.559939 0.414045 -0.344564 -0.041713 0.841488
406.000000 10.563198 13.094363 -13.411403 0.416749 -0.349640 -0.040206 0.838126
407.000000 10.693005 13.147478 -13.311106 0.418664 -0.353640 -0.038821 0.835555
408.000000 10.786161 13.248419 -13.190940 0.422014 -0.356438 -0.038599 0.832686
409.000000 10.822982 13.341278 -13.124013 0.425004 -0.357471 -0.039189 0.830693
410.000000 10.822798 13.410998 -13.111824 0.427155 -0.357372 -0.040077 0.829589
411.000000 10.809131 13.452304 -13.141238 0.428315 -0.356913 -0.040778 0.829154
412.000000 10.793368 13.464178 -13.200901 0.428568 -0.356461 -0.041117 0.829201
413.000000 10.780489 13.450363 -13.280357 0.428140 -0.356140 -0.041116 0.829560
414.000000 10.776306 13.420268 -13.368842 0.427259 -0.356072 -0.040800 0.830059
415.000000 10.780243 13.390143 -13.451094 0.426407 -0.356218 -0.040379 0.830455
416.000000 10.782335 13.385432 -13.510094 0.426334 -0.356246 -0.040332 0.830483
417.000000 10.777085 13.351086 -13.604887 0.425324 -0.356088 -0.040002 0.831084
418.000000 10.776749 13.233507 -13.776665 0.421778 -0.356204 -0.038508 0.832910
419.000000 10.814322 13.109824 -13.922937 0.418103 -0.357479 -0.036357 0.834312
420.000000 10.880759 13.019019 -14.014846 0.415432 -0.359580 -0.034174 0.834836
421.000000 10.960128 12.990046 -14.038922 0.414596 -0.361996 -0.032572 0.834271
422.000000 11.037957 13.033658 -13.996584 0.415903 -0.364285 -0.031932 0.832647
423.000000 11.103681 13.112207 -13.930042 0.418245 -0.366173 -0.031952 0.830643
424.000000 11.147035 13.180395 -13.889407 0.420277 -0.367405 -0.032190 0.829063
425.000000 11.163705 13.201551 -13.913121 0.420917 -0.367893 -0.032215 0.828521
426.000000 11.163702 13.186387 -13.982580 0.420522 -0.367920 -0.032032 0.828716
427.000000 11.159254 13.159240 -14.064699 0.419840 -0.367819 -0.031791 0.829116
428.000000 11.162293 13.145515 -14.128026 0.419576 -0.367914 -0.031621 0.829214
429.000000 11.182020 13.147362 -14.165737 0.419729 -0.368475 -0.031379 0.828896
430.000000 11.225315 13.143979 -14.193246 0.419650 -0.369724 -0.030684 0.828406
431.000000 11.299093 13.110619 -14.226556 0.418662 -0.371880 -0.029149 0.827996
432.000000 11.408549 13.039548 -14.266067 0.416600 -0.375094 -0.026626 0.827671
433.000000 11.554339 12.972502 -14.270252 0.414716 -0.379346 -0.023649 0.826769
434.000000 11.736116 12.961044 -14.190667 0.414503 -0.384604 -0.020883 0.824519
435.000000 11.952024 13.038933 -13.994935 0.416938 -0.390828 -0.018816 0.820404
436.000000 12.195610 13.171197 -13.714495 0.421035 -0.397902 -0.017106 0.814930
437.000000 12.457536 13.310943 -13.396498 0.425431 -0.405621 -0.015236 0.808856
438.000000 12.722498 13.423120 -13.087975 0.429045 -0.413580 -0.012860 0.802936
439.000000 12.977588 13.499041 -12.812558 0.431551 -0.421399 -0.009956 0.797551
440.000000 13.213654 13.549615 -12.571701 0.433237 -0.428775 -0.006803 0.792724
441.000000 13.422969 13.584907 -12.366315 0.434400 -0.435427 -0.003724 0.788471
442.000000 13.598331 13.614134 -12.197614 0.435332 -0.441085 -0.001052 0.784812
443.000000 13.732651 13.646051 -12.067011 0.436329 -0.445477 0.000881 0.781771
444.000000 13.818602 13.689304 -11.975874 0.437690 -0.448332 0.001749 0.779373
445.000000 13.848642 13.752392 -11.925178 0.439703 -0.449377 0.001217 0.777637
446.000000 13.818062 13.842766 -11.912538 0.442615 -0.448439 -0.000970 0.776526
447.000000 13.762816 13.953073 -11.904331 0.446175 -0.446677 -0.004012 0.775494
448.000000 13.713167 14.062063 -11.890141 0.449693 -0.445068 -0.006952 0.774366
449.000000 13.667302 14.148432 -11.897706 0.452482 -0.443551 -0.009427 0.773585
450.000000 13.622283 14.190863 -11.956404 0.453858 -0.442039 -0.011101 0.773622
451.000000 13.575891 14.171989 -12.088925 0.453286 -0.440475 -0.011718 0.774840
452.000000 13.530949 14.110855 -12.266372 0.451407 -0.438998 -0.011574 0.776774
453.000000 13.494192 14.045020 -12.436433 0.449417 -0.437836 -0.011208 0.778587
454.000000 13.467548 14.007058 -12.562486 0.448295 -0.437019 -0.011126 0.779694
455.000000 13.374256 13.940430 -12.790614 0.446211 -0.434201 -0.011649 0.782451
456.000000 13.199337 13.813071 -13.163522 0.442217 -0.429022 -0.012462 0.787546
457.000000 12.990947 13.682813 -13.559663 0.438180 -0.422990 -0.013743 0.793025
458.000000 12.802919 13.615293 -13.860126 0.436071 -0.417656 -0.015648 0.796969
459.000000 12.656557 13.627753 -14.035595 0.436351 -0.413551 -0.018077 0.798903
460.000000 12.553698 13.723932 -14.092212 0.438998 -0.410552 -0.021056 0.798927
461.000000 12.491306 13.898578 -14.040335 0.443821 -0.408504 -0.024566 0.797210
462.000000 12.453620 14.098234 -13.939015 0.449387 -0.407079 -0.028106 0.794700
463.000000 12.421067 14.251362 -13.872827 0.453708 -0.405879 -0.030951 0.792750
464.000000 12.383755 14.298494 -13.914081 0.455064 -0.404718 -0.032369 0.792510
465.000000 12.432230 14.289909 -13.932961 0.454979 -0.406106 -0.031618 0.791879
466.000000 12.732693 14.391144 -13.605286 0.458311 -0.414633 -0.028247 0.785642
467.000000 13.087017 14.515679 -13.183140 0.462365 -0.424878 -0.024159 0.777890
468.000000 13.385200 14.600286 -12.842025 0.465162 -0.433671 -0.020287 0.771455
469.000000 13.610262 14.642651 -12.615982 0.466558 -0.440377 -0.016932 0.766880
470.000000 13.764949 14.654336 -12.499618 0.466871 -0.444987 -0.014236 0.764078
471.000000 13.844062 14.639375 -12.486884 0.466395 -0.447484 -0.012348 0.762943
472.000000 13.852568 14.605771 -12.570164 0.465375 -0.447869 -0.011468 0.763353
473.000000 13.790771 14.561788 -12.740138 0.464061 -0.446134 -0.011765 0.765163
474.000000 13.718309 14.530983 -12.904116 0.463174 -0.444080 -0.012533 0.766881
475.000000 13.820473 14.562142 -12.812083 0.464210 -0.447172 -0.011233 0.764474
476.000000 13.976336 14.554674 -12.706640 0.464092 -0.451826 -0.008319 0.761841
477.000000 14.183425 14.548691 -12.543113 0.463971 -0.457961 -0.004471 0.758276
478.000000 14.386794 14.573895 -12.347102 0.464707 -0.463924 -0.001204 0.754202
479.000000 14.505045 14.642840 -12.196730 0.466710 -0.467289 -0.000288 0.750881
480.000000 14.434503 14.715633 -12.255828 0.468819 -0.465078 -0.002882 0.750935
481.000000 14.235942 14.790376 -12.449200 0.470962 -0.459233 -0.007782 0.753153
482.000000 13.996445 14.877427 -12.660711 0.473440 -0.452355 -0.013558 0.755675
483.000000 13.802978 14.987583 -12.784799 0.476622 -0.446905 -0.018868 0.756804
484.000000 13.681353 15.116702 -12.807645 0.480430 -0.443448 -0.023286 0.756306
485.000000 13.478557 15.231588 -12.940399 0.483668 -0.437359 -0.029091 0.757586
486.000000 13.155656 15.310425 -13.238766 0.485572 -0.427722 -0.036444 0.761542
487.000000 12.783258 15.342093 -13.627467 0.485912 -0.416844 -0.043771 0.766952
488.000000 12.437890 15.317588 -14.034698 0.484638 -0.407039 -0.049619 0.772646
489.000000 12.216648 15.237656 -14.374890 0.482064 -0.400978 -0.052459 0.777225
490.000000 12.246199 15.165094 -14.485220 0.480169 -0.401829 -0.051128 0.778047
491.000000 12.469287 15.121197 -14.397517 0.479363 -0.407903 -0.046862 0.775648
492.000000 12.792962 15.112752 -14.176927 0.479618 -0.416712 -0.041291 0.771112
493.000000 13.129154 15.144327 -13.889031 0.480924 -0.425913 -0.035986 0.765516
494.000000 13.399504 15.219963 -13.601450 0.483342 -0.433351 -0.032440 0.759957
495.000000 13.604485 15.333163 -13.324491 0.486750 -0.439007 -0.030607 0.754593
496.000000 13.868392 15.446368 -12.973759 0.490268 -0.446427 -0.027667 0.748048
497.000000 14.130962 15.511170 -12.666760 0.492423 -0.453963 -0.023878 0.742204
498.000000 14.272788 15.514679 -12.560732 0.492669 -0.458091 -0.021207 0.739581
499.000000 14.320686 15.478055 -12.608598 0.491674 -0.459486 -0.019598 0.739422
500.000000 14.303156 15.421681 -12.751882 0.490098 -0.458989 -0.018926 0.740793
501.000000 14.243217 15.367467 -12.932064 0.488582 -0.457416 -0.019060 0.742762
502.000000 14.171264 15.340220 -13.091340 0.487791 -0.455556 -0.019849 0.744402
503.000000 14.125397 15.362102 -13.171148 0.488332 -0.454318 -0.021011 0.744772
504.000000 14.203656 15.397549 -13.106897 0.489298 -0.456500 -0.020114 0.742826
505.000000 14.397297 15.408849 -12.946274 0.489642 -0.461914 -0.016675 0.739329
506.000000 14.534927 15.412330 -12.854368 0.489731 -0.465710 -0.014170 0.736938
507.000000 14.628401 15.437584 -12.782704 0.490465 -0.468221 -0.012922 0.734878
508.000000 14.747618 15.479972 -12.654444 0.491789 -0.471491 -0.011523 0.731920
509.000000 14.831642 15.506644 -12.576912 0.492697 -0.473889 -0.010462 0.729773
510.000000 14.878221 15.511141 -12.563770 0.492953 -0.475361 -0.009635 0.728654
511.000000 14.899764 15.490751 -12.608398 0.492467 -0.476185 -0.008797 0.728455
512.000000 14.897671 15.435123 -12.725177 0.490934 -0.476334 -0.007760 0.729404
513.000000 14.852915 15.325201 -12.960116 0.487810 -0.475214 -0.006545 0.732237
514.000000 14.676236 15.193251 -13.369380 0.484033 -0.470340 -0.007387 0.737860
515.000000 14.342153 15.082360 -13.909704 0.480836 -0.461248 -0.011396 0.745599
516.000000 13.908072 15.016507 -14.473889 0.478815 -0.449748 -0.017724 0.753756
517.000000 13.439763 15.023465 -14.962961 0.478604 -0.437645 -0.025477 0.760760
518.000000 13.012761 15.130999 -15.289097 0.480850 -0.426755 -0.033710 0.765197
519.000000 12.705306 15.290864 -15.447237 0.484417 -0.418910 -0.040573 0.766947
520.000000 12.513739 15.449838 -15.503857 0.488064 -0.413948 -0.045598 0.767047
521.000000 12.406478 15.579340 -15.518121 0.491105 -0.411085 -0.048981 0.766437
522.000000 12.361519 15.661242 -15.528118 0.493093 -0.409811 -0.050816 0.765723
523.000000 12.374388 15.690776 -15.543234 0.493918 -0.410036 -0.051063 0.765055
524.000000 12.441697 15.666294 -15.569713 0.493486 -0.411704 -0.049669 0.764529
525.000000 12.562058 15.583618 -15.612570 0.491673 -0.414776 -0.046613 0.764229
526.000000 12.735094 15.436751 -15.675552 0.488335 -0.419213 -0.041872 0.764223
527.000000 12.959714 15.220789 -15.760333 0.483351 -0.424945 -0.035430 0.764551
528.000000 13.224635 14.962094 -15.845920 0.477338 -0.431623 -0.027805 0.764903
529.000000 13.491368 14.775685 -15.854212 0.473022 -0.438211 -0.021148 0.764051
530.000000 13.737519 14.687778 -15.782746 0.471014 -0.444206 -0.016193 0.761948
531.000000 13.951951 14.670960 -15.668520 0.470663 -0.449404 -0.012746 0.759177
532.000000 14.123875 14.698232 -15.547313 0.471334 -0.453575 -0.010587 0.756308
533.000000 14.186389 14.752651 -15.497052 0.472631 -0.455097 -0.010493 0.754584
534.000000 14.085779 14.816805 -15.583591 0.474142 -0.452669 -0.012980 0.755057
535.000000 13.940015 14.844447 -15.741652 0.474772 -0.449201 -0.015556 0.756683
536.000000 13.833695 14.811922 -15.917953 0.473998 -0.446737 -0.016678 0.758600
537.000000 13.745601 14.762702 -16.091714 0.472856 -0.444727 -0.017316 0.760477
538.000000 13.646459 14.723712 -16.265869 0.471955 -0.442404 -0.018302 0.762366
539.000000 13.517298 14.694586 -16.458276 0.471255 -0.439290 -0.019908 0.764557
540.000000 13.358443 14.675933 -16.664655 0.470722 -0.435518 -0.022013 0.766981
541.000000 13.188743 14.655205 -16.877994 0.470059 -0.431619 -0.024089 0.769526
542.000000 13.032695 14.615778 -17.092446 0.468948 -0.428142 -0.025630 0.772092
543.000000 12.980051 14.528125 -17.265246 0.466857 -0.427074 -0.025154 0.773963
544.000000 13.106770 14.365820 -17.362015 0.463301 -0.430046 -0.021401 0.774568
545.000000 13.290672 14.228240 -17.391043 0.460386 -0.434219 -0.017229 0.774082
546.000000 13.413402 14.196489 -17.377901 0.459816 -0.436938 -0.015248 0.772931
547.000000 13.459499 14.225900 -17.373813 0.460567 -0.437911 -0.015109 0.771935
548.000000 13.430998 14.261515 -17.423397 0.461385 -0.437232 -0.016041 0.771813
549.000000 13.325202 14.254347 -17.568426 0.461145 -0.434901 -0.017373 0.773243
550.000000 13.128476 14.202650 -17.815093 0.459845 -0.430672 -0.019216 0.776334
551.000000 12.945342 14.081160 -18.100322 0.457064 -0.426848 -0.020005 0.780060
552.000000 12.895876 13.872770 -18.351127 0.452548 -0.425964 -0.018138 0.783215
553.000000 12.938366 13.676057 -18.524439 0.448392 -0.426984 -0.015324 0.785108
554.000000 13.002052 13.601792 -18.591782 0.446881 -0.428316 -0.013728 0.785273
555.000000 13.057415 13.611107 -18.605277 0.447153 -0.429353 -0.013277 0.784559
556.000000 13.116892 13.646115 -18.597820 0.447943 -0.430466 -0.013058 0.783502
557.000000 13.207553 13.704617 -18.550209 0.449170 -0.432319 -0.012617 0.781785
558.000000 13.363034 13.779120 -18.441982 0.450728 -0.435599 -0.011531 0.779080
559.000000 13.623886 13.838435 -18.263236 0.452009 -0.441143 -0.009012 0.775242
560.000000 14.026233 13.781175 -18.057241 0.450839 -0.449750 -0.003339 0.771011
561.000000 14.431387 13.633548 -17.905169 0.447682 -0.458448 0.003626 0.767720
562.000000 14.647291 13.601869 -17.808775 0.447001 -0.463101 0.006796 0.765298
563.000000 14.751679 13.634240 -17.752212 0.447737 -0.465366 0.007685 0.763484
564.000000 14.840302 13.665945 -17.708150 0.448475 -0.467286 0.008349 0.761869
565.000000 14.919051 13.703129 -17.669099 0.449273 -0.469007 0.008840 0.760335
566.000000 14.978379 13.752672 -17.639294 0.450250 -0.470316 0.008986 0.758945
567.000000 15.028302 13.774917 -17.639592 0.450654 -0.471377 0.009355 0.758042
568.000000 15.079228 13.726300 -17.693823 0.449557 -0.472428 0.010662 0.758022
569.000000 15.135095 13.584861 -17.813275 0.446499 -0.473566 0.013259 0.759077
570.000000 15.180807 13.423051 -17.953139 0.443062 -0.474475 0.015976 0.760470
571.000000 15.265261 13.376438 -17.971511 0.442091 -0.476246 0.017622 0.759892
572.000000 15.439663 13.377113 -17.876726 0.442080 -0.479935 0.019733 0.757521
573.000000 15.533636 13.373309 -17.854104 0.441998 -0.481913 0.020871 0.756282
574.000000 15.417742 13.325165 -18.047158 0.441050 -0.479436 0.020056 0.758428
575.000000 15.227573 13.239816 -18.328379 0.439304 -0.475432 0.018916 0.761983
576.000000 15.167873 13.145888 -18.501958 0.437324 -0.474204 0.019470 0.763871
577.000000 15.295187 13.094095 -18.488272 0.436168 -0.476885 0.021696 0.762802
578.000000 15.529927 13.101287 -18.343307 0.436169 -0.481755 0.024418 0.759653
579.000000 15.812085 13.127327 -18.144624 0.436499 -0.487510 0.027403 0.755679
580.000000 16.066143 13.208263 -17.925598 0.437983 -0.492707 0.029271 0.751368
581.000000 16.184783 13.271180 -17.832928 0.439219 -0.495152 0.029760 0.749016
582.000000 16.114770 13.258592 -17.960082 0.439052 -0.493706 0.029063 0.750096
583.000000 15.965973 13.247680 -18.150625 0.438994 -0.490713 0.027434 0.752152
584.000000 16.015248 13.341888 -18.088258 0.440922 -0.491950 0.026835 0.750235
585.000000 16.301730 13.509810 -17.756729 0.444196 -0.498166 0.027989 0.744135
586.000000 16.426593 13.430508 -17.757934 0.442410 -0.500764 0.030560 0.743354
587.000000 16.291992 13.212575 -18.102580 0.437966 -0.497736 0.031919 0.747948
588.000000 16.030682 12.926654 -18.598933 0.432349 -0.492004 0.032580 0.754947
589.000000 15.751284 12.678123 -19.062481 0.427666 -0.486068 0.032452 0.761437
590.000000 15.578402 12.490669 -19.377370 0.424216 -0.482516 0.032826 0.765599
591.000000 15.655260 12.382826 -19.440979 0.422005 -0.483963 0.035179 0.765803
592.000000 16.012623 12.338373 -19.237394 0.420716 -0.490939 0.039820 0.761834
593.000000 16.407175 12.307154 -18.985440 0.419596 -0.498668 0.044580 0.757154
594.000000 16.555648 12.232652 -18.966795 0.417877 -0.501469 0.047130 0.756099
595.000000 16.499441 12.077732 -19.173080 0.414830 -0.500152 0.048513 0.758558
596.000000 16.453292 12.032979 -19.293920 0.413985 -0.499282 0.048620 0.759585
597.000000 16.414910 11.993972 -19.399633 0.413275 -0.498652 0.048770 0.760376
598.000000 16.426342 12.005766 -19.434455 0.413528 -0.498983 0.048757 0.760022
599.000000 16.579407 12.121667 -19.288914 0.415669 -0.502086 0.048849 0.756798
600.000000 16.728522 12.285676 -19.113133 0.418768 -0.505171 0.048223 0.753067
601.000000 16.711852 12.318582 -19.167286 0.419426 -0.504814 0.047576 0.752981
602.000000 16.603787 12.273838 -19.353201 0.418623 -0.502535 0.046991 0.754987
603.000000 16.581398 12.208830 -19.475775 0.417340 -0.501933 0.047567 0.756061
604.000000 16.641173 12.154146 -19.515133 0.416215 -0.503043 0.048885 0.755859
605.000000 16.547825 12.051607 -19.709505 0.414399 -0.501194 0.049207 0.758061
606.000000 16.390796 11.896647 -19.986593 0.411627 -0.498081 0.049563 0.761592
607.000000 16.338731 11.760124 -20.162127 0.409088 -0.497026 0.050789 0.763565
608.000000 16.412316 11.666990 -20.209876 0.407243 -0.498374 0.052731 0.763542
609.000000 16.476231 11.598148 -20.253319 0.405914 -0.499485 0.054181 0.763421
610.000000 16.444248 11.478017 -20.407390 0.403743 -0.498633 0.055243 0.765052
611.000000 16.406178 11.431032 -20.528461 0.402874 -0.497722 0.055394 0.766092
612.000000 16.319553 11.341293 -20.710938 0.401245 -0.495875 0.055619 0.768126
613.000000 16.235202 11.177970 -20.924561 0.398299 -0.494070 0.056752 0.770735
614.000000 16.319915 10.959494 -21.027487 0.394188 -0.495393 0.060154 0.771740
615.000000 16.688569 10.853325 -20.845436 0.391715 -0.502074 0.064995 0.768282
616.000000 17.217073 10.964752 -20.406904 0.392942 -0.512082 0.068748 0.760685
617.000000 17.682810 11.017381 -20.033832 0.393118 -0.520898 0.072518 0.754231
618.000000 17.871967 11.003464 -19.933374 0.392501 -0.524395 0.074405 0.751942
619.000000 17.708978 10.960137 -20.161176 0.391974 -0.521221 0.073325 0.754526
620.000000 17.469216 10.834424 -20.491133 0.390073 -0.516574 0.072640 0.758760
621.000000 17.202426 10.651739 -20.861212 0.387214 -0.511444 0.072386 0.763708
622.000000 17.123273 10.633578 -20.988795 0.386995 -0.510059 0.071912 0.764790
623.000000 17.169326 10.727052 -20.960064 0.388593 -0.511085 0.071233 0.763357
624.000000 17.190608 10.790396 -20.969564 0.389742 -0.511517 0.070580 0.762542
625.000000 17.067908 10.714847 -21.169446 0.388579 -0.509073 0.070296 0.764793
626.000000 16.838541 10.535741 -21.503464 0.385703 -0.504554 0.070322 0.769229
627.000000 16.615034 10.459126 -21.770458 0.384707 -0.500448 0.069216 0.772503
628.000000 16.454834 10.272125 -22.034048 0.381698 -0.497366 0.069943 0.775914
629.000000 16.495801 9.981269 -22.190847 0.376562 -0.497656 0.073615 0.777895
630.000000 16.810918 9.877972 -22.055770 0.374216 -0.503024 0.077612 0.775181
631.000000 17.208347 9.919098 -21.786485 0.374211 -0.510094 0.080594 0.770243
632.000000 17.420594 9.846969 -21.708919 0.372525 -0.513693 0.083212 0.768388
633.000000 17.544467 9.635532 -21.765441 0.368495 -0.515409 0.086715 0.768795
634.000000 17.640884 9.331080 -21.881220 0.362893 -0.516426 0.091075 0.770272
635.000000 17.784347 9.142207 -21.900404 0.359274 -0.518578 0.094503 0.770109
636.000000 17.967488 9.175848 -21.790508 0.359502 -0.521922 0.095633 0.767600
637.000000 18.125843 9.188228 -21.708634 0.359401 -0.524780 0.096780 0.765553
638.000000 18.333287 9.318868 -21.534197 0.361243 -0.528758 0.096894 0.761925
639.000000 18.462415 9.470314 -21.416203 0.363587 -0.531379 0.096070 0.759086
640.000000 18.369296 9.550165 -21.518688 0.365161 -0.529913 0.094309 0.759576
641.000000 18.171066 9.437548 -21.790667 0.363636 -0.526211 0.094013 0.762910
642.000000 17.969879 9.304805 -22.069270 0.361769 -0.522444 0.093873 0.766396
643.000000 17.719399 9.186252 -22.375506 0.360273 -0.517896 0.093135 0.770268
644.000000 17.424330 9.098050 -22.697846 0.359406 -0.512668 0.091709 0.774331
645.000000 17.084820 8.939919 -23.071816 0.357455 -0.506602 0.090769 0.779321
646.000000 16.782662 8.640436 -23.462369 0.353020 -0.500931 0.091714 0.784878
647.000000 16.658477 8.468939 -23.669863 0.350400 -0.498521 0.092643 0.787473
648.000000 16.779154 8.433498 -23.656019 0.349552 -0.500423 0.093982 0.786484
649.000000 16.924905 8.372294 -23.635259 0.348198 -0.502648 0.095744 0.785453
650.000000 17.050741 8.182374 -23.673336 0.344738 -0.504266 0.098693 0.785577
651.000000 17.244170 8.088364 -23.626004 0.342737 -0.507223 0.101089 0.784244
652.000000 17.455017 8.001770 -23.557692 0.340839 -0.510536 0.103538 0.782599
653.000000 17.738736 7.970094 -23.407724 0.339720 -0.515266 0.105988 0.779653
654.000000 18.114939 8.037201 -23.148970 0.340017 -0.521745 0.108030 0.774920
655.000000 18.509801 8.168208 -22.844919 0.341302 -0.528702 0.109395 0.769428
656.000000 18.812071 8.206112 -22.640625 0.341216 -0.533913 0.111073 0.765618
657.000000 18.904212 7.966725 -22.706970 0.336942 -0.534885 0.114476 0.766331
658.000000 18.783857 7.551316 -23.004284 0.330266 -0.531814 0.118399 0.770766
659.000000 18.535739 7.206555 -23.369690 0.325179 -0.526816 0.120518 0.776015
660.000000 18.300711 6.854662 -23.713484 0.320018 -0.522070 0.122743 0.781003
661.000000 18.146408 6.511122 -23.982859 0.314814 -0.518684 0.125411 0.784940
662.000000 18.058768 6.277622 -24.168421 0.311195 -0.516642 0.127366 0.787411
663.000000 17.960424 6.063726 -24.353157 0.307934 -0.514485 0.129038 0.789830
664.000000 17.822741 5.725820 -24.594892 0.302843 -0.511303 0.131690 0.793419
665.000000 17.622947 5.195122 -24.915077 0.294841 -0.506594 0.135924 0.798721
666.000000 17.442822 4.718364 -25.193541 0.287702 -0.502385 0.139689 0.803320
667.000000 17.375577 4.453645 -25.343937 0.283697 -0.500588 0.142001 0.805458
668.000000 17.368966 4.238949 -25.440906 0.280340 -0.499882 0.144198 0.806681
669.000000 17.653253 3.965835 -25.345745 0.275189 -0.503582 0.148615 0.805351
670.000000 18.010792 3.737704 -25.186772 0.270462 -0.508554 0.152886 0.803025
671.000000 18.232943 3.403414 -25.133086 0.264429 -0.511041 0.157405 0.802582
672.000000 18.317717 2.859963 -25.197542 0.255480 -0.510648 0.163310 0.804549
673.000000 18.354503 2.255377 -25.289307 0.245723 -0.509252 0.169558 0.807175
674.000000 18.387655 1.793375 -25.357852 0.238272 -0.508255 0.174329 0.809020
675.000000 18.436077 1.603199 -25.390440 0.235095 -0.508420 0.176459 0.809384
676.000000 18.353037 1.540019 -25.510009 0.234361 -0.506924 0.176673 0.810488
677.000000 18.135013 1.552630 -25.720964 0.235252 -0.503534 0.175543 0.812585
678.000000 17.894205 1.585838 -25.943729 0.236515 -0.499849 0.174178 0.814784
679.000000 17.745635 1.579265 -26.102935 0.236847 -0.497488 0.173633 0.816248
680.000000 17.697281 1.547263 -26.194959 0.236492 -0.496619 0.173742 0.816857
681.000000 17.680795 1.537198 -26.265729 0.236424 -0.496288 0.173736 0.817079
682.000000 17.620373 1.517064 -26.367607 0.236376 -0.495215 0.173607 0.817771
683.000000 17.575654 1.508052 -26.457199 0.236453 -0.494441 0.173466 0.818247
684.000000 17.586268 1.484377 -26.508148 0.236099 -0.494531 0.173758 0.818232
685.000000 17.653218 1.357083 -26.525246 0.233930 -0.495187 0.175311 0.818128
686.000000 17.881235 1.115870 -26.438672 0.229427 -0.497933 0.178639 0.817015
687.000000 18.223919 0.797899 -26.272575 0.223284 -0.502134 0.183185 0.815137
688.000000 18.525395 0.433941 -26.127662 0.216521 -0.505500 0.187993 0.813785
689.000000 18.649003 0.053846 -26.101119 0.210131 -0.506022 0.192198 0.814154
690.000000 18.670110 -0.294847 -26.142061 0.204615 -0.505047 0.195661 0.815339
691.000000 18.832282 -0.540868 -26.079131 0.200171 -0.506631 0.198719 0.814719
692.000000 19.175570 -0.695388 -25.881987 0.196442 -0.511388 0.201585 0.811946
693.000000 19.459414 -0.892852 -25.721369 0.192239 -0.515066 0.204589 0.809873
694.000000 19.629487 -1.135400 -25.640590 0.187750 -0.516770 0.207600 0.809074
695.000000 19.694329 -1.353652 -25.637983 0.184050 -0.516912 0.209987 0.809218
696.000000 19.662543 -1.476981 -25.710846 0.182231 -0.515957 0.211082 0.809953
697.000000 19.564571 -1.484837 -25.838632 0.182481 -0.514461 0.210810 0.810919
698.000000 19.467819 -1.450734 -25.968423 0.183359 -0.513118 0.210162 0.811739
699.000000 19.440746 -1.462523 -26.044405 0.183236 -0.512648 0.210226 0.812048
700.000000 19.494818 -1.585410 -26.054648 0.181077 -0.512971 0.211643 0.811960
701.000000 19.500143 -1.769590 -26.098046 0.178209 -0.512265 0.213457 0.812565
702.000000 19.459974 -1.893874 -26.179350 0.176508 -0.511088 0.214496 0.813404
703.000000 19.515409 -1.890131 -26.198229 0.176410 -0.511912 0.214646 0.812867
704.000000 19.668624 -1.841852 -26.145612 0.176564 -0.514436 0.214753 0.811210
705.000000 19.911194 -1.843995 -26.018201 0.175503 -0.518166 0.215690 0.808814
706.000000 20.235448 -1.992897 -25.811767 0.171773 -0.522598 0.218338 0.806049
707.000000 20.614123 -2.328019 -25.538148 0.164857 -0.527108 0.223034 0.803265
708.000000 20.990898 -2.768080 -25.241759 0.156225 -0.531104 0.228854 0.800717
709.000000 21.322484 -3.150123 -24.974403 0.148631 -0.534610 0.233976 0.798346
710.000000 21.589107 -3.336587 -24.777605 0.144408 -0.537993 0.236796 0.796014
711.000000 21.828101 -3.356640 -24.622507 0.142959 -0.541745 0.237686 0.793461
712.000000 22.065000 -3.326617 -24.472511 0.142294 -0.545719 0.237990 0.790761
713.000000 22.300079 -3.309293 -24.318758 0.141393 -0.549606 0.238434 0.788093
714.000000 22.509492 -3.306198 -24.183069 0.140367 -0.553012 0.238986 0.785723
715.000000 22.676049 -3.310608 -24.083331 0.139436 -0.555698 0.239521 0.783829
716.000000 22.804862 -3.298745 -24.019341 0.138981 -0.557870 0.239763 0.782291
717.000000 22.905329 -3.242722 -23.987210 0.139405 -0.559816 0.239397 0.780936
718.000000 22.982761 -3.135458 -23.983414 0.140790 -0.561646 0.238349 0.779693
719.000000 23.029013 -3.042018 -24.007621 0.142104 -0.562892 0.237360 0.778858
720.000000 23.033004 -3.042220 -24.061044 0.142102 -0.562968 0.237354 0.778805
721.000000 22.999340 -3.177988 -24.133484 0.140087 -0.561747 0.238842 0.779596
722.000000 22.958909 -3.429835 -24.195596 0.136232 -0.559824 0.241668 0.780791
723.000000 22.946769 -3.768444 -24.214976 0.130836 -0.557900 0.245567 0.781873
724.000000 23.019314 -4.112164 -24.148273 0.124913 -0.557284 0.249756 0.781955
725.000000 23.215792 -4.374471 -23.971525 0.119627 -0.559062 0.253357 0.780352
726.000000 23.496580 -4.550971 -23.721805 0.115235 -0.562661 0.256182 0.777499
727.000000 23.811267 -4.650450 -23.445007 0.111865 -0.567259 0.258160 0.773988
728.000000 24.111562 -4.680936 -23.188199 0.109664 -0.572042 0.259242 0.770412
729.000000 24.350672 -4.650480 -23.000353 0.108795 -0.576199 0.259403 0.767377
730.000000 24.483060 -4.566615 -22.931766 0.109427 -0.578923 0.258623 0.765498
731.000000 24.531978 -4.433204 -22.959995 0.111364 -0.580550 0.257021 0.764526
732.000000 24.640575 -4.296096 -22.923896 0.113035 -0.583183 0.255529 0.762775
733.000000 24.813594 -4.165704 -22.816138 0.114251 -0.586839 0.254266 0.760208
734.000000 24.989009 -4.075307 -22.697802 0.114805 -0.590287 0.253505 0.757705
735.000000 25.114319 -4.066379 -22.621095 0.114295 -0.592398 0.253676 0.756075
736.000000 25.187859 -4.122832 -22.591303 0.112992 -0.593243 0.254578 0.755305
737.000000 25.211756 -4.220108 -22.606621 0.111258 -0.593055 0.255907 0.755261
738.000000 25.190890 -4.334629 -22.665274 0.109461 -0.592057 0.257362 0.755812
739.000000 25.130958 -4.442970 -22.765765 0.107973 -0.590473 0.258642 0.756828
740.000000 25.044525 -4.523163 -22.898851 0.107095 -0.588628 0.259491 0.758098
741.000000 25.022172 -4.599174 -22.961788 0.105923 -0.587869 0.260446 0.758524
742.000000 24.982080 -4.634871 -23.052601 0.105527 -0.587039 0.260833 0.759089
743.000000 24.925981 -4.616575 -23.172829 0.106126 -0.586234 0.260481 0.759747
744.000000 24.900042 -4.555065 -23.271267 0.107283 -0.586135 0.259643 0.759949
745.000000 24.917832 -4.466987 -23.331014 0.108655 -0.586850 0.258556 0.759572
746.000000 24.971522 -4.370826 -23.353741 0.109958 -0.588188 0.257453 0.758724
747.000000 25.054367 -4.285747 -23.341089 0.110906 -0.589958 0.256564 0.757512
748.000000 25.161027 -4.231505 -23.294515 0.111210 -0.591974 0.256122 0.756043
749.000000 25.286223 -4.227779 -23.215493 0.110580 -0.594049 0.256367 0.754423
750.000000 25.418515 -4.291395 -23.113403 0.108802 -0.595893 0.257498 0.752840
751.000000 25.480114 -4.380628 -23.082414 0.106991 -0.596452 0.258804 0.752209
752.000000 25.495688 -4.445550 -23.106550 0.105834 -0.596394 0.259686 0.752115
753.000000 25.450989 -4.490130 -23.201810 0.105351 -0.595458 0.260157 0.752761
754.000000 25.335618 -4.522136 -23.377864 0.105471 -0.593426 0.260301 0.754297
755.000000 25.171579 -4.543760 -23.609050 0.106030 -0.590639 0.260205 0.756437
756.000000 24.997162 -4.554853 -23.851473 0.106808 -0.587739 0.259959 0.758667
757.000000 24.850761 -4.556234 -24.062735 0.107582 -0.585374 0.259651 0.760490
758.000000 24.774225 -4.547598 -24.201529 0.108135 -0.584192 0.259374 0.761414
759.000000 24.809994 -4.528410 -24.226408 0.108252 -0.584846 0.259220 0.760948
760.000000 24.995055 -4.496898 -24.099168 0.107763 -0.587921 0.259249 0.758634
761.000000 25.265886 -4.459085 -23.880045 0.106905 -0.592399 0.259381 0.755219
762.000000 25.504988 -4.449667 -23.684070 0.105757 -0.596244 0.259785 0.752210
763.000000 25.690653 -4.464519 -23.537264 0.104503 -0.599123 0.260378 0.749889
764.000000 25.799946 -4.495046 -23.468606 0.103409 -0.600709 0.261007 0.748552
765.000000 25.809120 -4.533063 -23.507505 0.102745 -0.600667 0.261512 0.748501
766.000000 25.692857 -4.570518 -23.682953 0.102783 -0.598645 0.261731 0.750038
767.000000 25.474594 -4.610542 -23.965106 0.103337 -0.595018 0.261755 0.752834
768.000000 25.258032 -4.661260 -24.238798 0.103706 -0.591386 0.261912 0.755586
769.000000 25.048085 -4.714613 -24.501271 0.103999 -0.587857 0.262109 0.758227
770.000000 24.841413 -4.764009 -24.758097 0.104339 -0.584406 0.262255 0.760792
771.000000 24.650583 -4.808385 -24.997811 0.104681 -0.581220 0.262366 0.763144
772.000000 24.490869 -4.847614 -25.207064 0.104942 -0.578534 0.262478 0.765109
773.000000 24.376034 -4.881459 -25.371155 0.105038 -0.576585 0.262626 0.766514
774.000000 24.324473 -4.910004 -25.473273 0.104877 -0.575644 0.262847 0.767168
775.000000 24.357521 -4.933090 -25.494456 0.104355 -0.576020 0.263178 0.766843
776.000000 24.496892 -4.950438 -25.413965 0.103366 -0.578034 0.263660 0.765294
777.000000 24.708733 -4.949445 -25.264937 0.102270 -0.581241 0.264084 0.762863
778.000000 24.875537 -4.912901 -25.164623 0.101941 -0.583959 0.264004 0.760856
779.000000 24.988165 -4.840452 -25.123680 0.102438 -0.586047 0.263394 0.759394
780.000000 25.050608 -4.731868 -25.138974 0.103743 -0.587561 0.262262 0.758438
781.000000 25.071081 -4.593077 -25.201148 0.105719 -0.588592 0.260692 0.757907
782.000000 25.060676 -4.434256 -25.296784 0.108149 -0.589254 0.258830 0.757688
783.000000 25.030557 -4.265875 -25.412432 0.110812 -0.589660 0.256819 0.757672
784.000000 24.990455 -4.098868 -25.536376 0.113495 -0.589901 0.254804 0.757767
785.000000 24.948335 -3.944626 -25.659061 0.115990 -0.590042 0.252932 0.757906
786.000000 24.912093 -3.814594 -25.771369 0.118092 -0.590145 0.251352 0.758027
787.000000 24.889682 -3.720278 -25.864413 0.119596 -0.590273 0.250214 0.758069
788.000000 24.889055 -3.673188 -25.929457 0.120299 -0.590489 0.249666 0.757969
789.000000 24.914217 -3.679267 -25.962174 0.120101 -0.590825 0.249786 0.757700
790.000000 24.963061 -3.735812 -25.964881 0.119052 -0.591262 0.250537 0.757276
791.000000 25.028434 -3.832890 -25.945382 0.117329 -0.591742 0.251790 0.756754
792.000000 25.100112 -3.956185 -25.915036 0.115188 -0.592185 0.253359 0.756213
793.000000 25.167830 -4.091338 -25.885525 0.112884 -0.592510 0.255057 0.755735
794.000000 25.221452 -4.224132 -25.868906 0.110675 -0.592639 0.256698 0.755405
795.000000 25.250988 -4.340511 -25.877584 0.108820 -0.592496 0.258098 0.755310
796.000000 25.246398 -4.426377 -25.924185 0.107580 -0.592005 0.259076 0.755537
797.000000 25.197933 -4.469523 -26.020486 0.107182 -0.591090 0.259475 0.756173
798.000000 25.097906 -4.467506 -26.173849 0.107696 -0.589654 0.259258 0.757295
799.000000 24.942878 -4.426238 -26.385094 0.109044 -0.587623 0.258492 0.758941
800.000000 24.734817 -4.359658 -26.647748 0.111000 -0.584964 0.257346 0.761097
801.000000 24.475945 -4.282817 -26.954637 0.113327 -0.581648 0.255993 0.763747
802.000000 24.168368 -4.211488 -27.298571 0.115781 -0.577643 0.254601 0.766878
803.000000 23.836042 -4.153878 -27.654762 0.118128 -0.573265 0.253294 0.770231
804.000000 23.589632 -4.086463 -27.932309 0.120192 -0.570158 0.252060 0.772619
805.000000 23.474229 -4.004911 -28.098743 0.121844 -0.568932 0.250963 0.773620
806.000000 23.452023 -3.930556 -28.186062 0.122973 -0.568946 0.250147 0.773695
807.000000 23.480516 -3.883690 -28.227902 0.123496 -0.569516 0.249726 0.773329
808.000000 23.513675 -3.873944 -28.261156 0.123487 -0.569973 0.249695 0.773003
809.000000 23.506187 -3.906664 -28.321152 0.123075 -0.569707 0.250009 0.773164
810.000000 23.460700 -3.965141 -28.407146 0.122478 -0.568843 0.250497 0.773736
811.000000 23.413859 -4.016881 -28.493820 0.121979 -0.568015 0.250909 0.774290
812.000000 23.403382 -4.028415 -28.555840 0.121866 -0.567863 0.251001 0.774389
813.000000 23.444573 -3.974451 -28.585211 0.122411 -0.568685 0.250560 0.773842
814.000000 23.456102 -3.871262 -28.646746 0.123747 -0.569295 0.249567 0.773503
815.000000 23.377001 -3.759756 -28.784053 0.125582 -0.568693 0.248299 0.774058
816.000000 23.212356 -3.670331 -28.986842 0.127476 -0.566836 0.247077 0.775500
817.000000 22.969475 -3.633904 -29.242469 0.128984 -0.563719 0.246210 0.777794
818.000000 22.679981 -3.667974 -29.520925 0.129747 -0.559727 0.245903 0.780643
819.000000 22.504447 -3.711110 -29.706364 0.129922 -0.557251 0.245900 0.782384
820.000000 22.516714 -3.712958 -29.753367 0.129869 -0.557436 0.245914 0.782257
821.000000 22.536849 -3.688706 -29.797937 0.130125 -0.557823 0.245706 0.782004
822.000000 22.472253 -3.663035 -29.907295 0.130737 -0.557084 0.245312 0.782552
823.000000 22.305306 -3.661265 -30.090367 0.131435 -0.554886 0.244941 0.784111
824.000000 22.025247 -3.702231 -30.348150 0.132016 -0.551061 0.244739 0.786770
825.000000 21.669917 -3.758618 -30.651263 0.132686 -0.546259 0.244510 0.790070
826.000000 21.291896 -3.786642 -30.967072 0.133807 -0.541312 0.243960 0.793449
827.000000 20.942954 -3.740310 -31.266139 0.135757 -0.537043 0.242816 0.796364
828.000000 20.649216 -3.588108 -31.535800 0.138823 -0.533890 0.240900 0.798534
829.000000 20.296852 -3.384889 -31.843561 0.142725 -0.530193 0.238442 0.801043
830.000000 19.813682 -3.196046 -32.223266 0.146888 -0.524815 0.235829 0.804598
831.000000 19.363532 -3.035371 -32.568628 0.150525 -0.519780 0.233523 0.807860
832.000000 19.018369 -2.907377 -32.840450 0.153341 -0.515960 0.231704 0.810300
833.000000 18.767851 -2.815555 -33.049714 0.155355 -0.513198 0.230377 0.812046
834.000000 18.599702 -2.762940 -33.206594 0.156588 -0.511320 0.229549 0.813228
835.000000 18.504835 -2.751827 -33.318044 0.157055 -0.510196 0.229225 0.813934
836.000000 18.482628 -2.782809 -33.385403 0.156759 -0.509814 0.229403 0.814181
837.000000 18.533356 -2.856409 -33.408689 0.155693 -0.510175 0.230076 0.813969
838.000000 18.656968 -2.972977 -33.387299 0.153851 -0.511279 0.231233 0.813299
839.000000 18.853319 -3.131279 -33.320004 0.151243 -0.513123 0.232870 0.812159
840.000000 19.135671 -3.260457 -33.203953 0.148680 -0.516111 0.234490 0.810271
841.000000 19.533735 -3.178936 -33.037107 0.148266 -0.521249 0.234747 0.806976
842.000000 19.948476 -2.930077 -32.869295 0.149824 -0.527194 0.233696 0.803123
843.000000 20.240982 -2.682092 -32.768811 0.151791 -0.531649 0.232336 0.800206
844.000000 20.440022 -2.428390 -32.722028 0.154147 -0.534980 0.230709 0.798003
845.000000 20.600440 -2.135793 -32.698266 0.157110 -0.537974 0.228680 0.795994
846.000000 20.776356 -1.773686 -32.664134 0.160895 -0.541411 0.226103 0.793640
847.000000 20.996322 -1.347673 -32.599405 0.165329 -0.545588 0.223083 0.790717
848.000000 21.216073 -0.963459 -32.527791 0.169255 -0.549570 0.220396 0.787878
849.000000 21.381534 -0.658770 -32.485230 0.172398 -0.552585 0.218236 0.785685
850.000000 21.437749 -0.430955 -32.510546 0.174978 -0.553999 0.216456 0.784611
851.000000 21.352603 -0.426852 -32.624509 0.175332 -0.552964 0.216225 0.785325
852.000000 21.237209 -0.598904 -32.753916 0.173672 -0.551010 0.217389 0.786745
853.000000 21.247719 -0.768809 -32.799942 0.171609 -0.550586 0.218853 0.787089
854.000000 21.373900 -0.929331 -32.770268 0.169252 -0.551569 0.220556 0.786435
855.000000 21.577783 -1.104184 -32.688229 0.166451 -0.553419 0.222581 0.785162
856.000000 21.820673 -1.316407 -32.576687 0.163059 -0.555594 0.225015 0.783642
857.000000 22.091127 -1.549143 -32.442033 0.159311 -0.558018 0.227691 0.781916
858.000000 22.435272 -1.687426 -32.256718 0.156425 -0.561654 0.229746 0.779290
859.000000 22.830709 -1.704828 -32.035798 0.154798 -0.566350 0.230868 0.775877
860.000000 23.220536 -1.686087 -31.813729 0.153613 -0.571131 0.231632 0.772372
861.000000 23.509311 -1.672686 -31.659251 0.152719 -0.574695 0.232172 0.769739
862.000000 23.581708 -1.655304 -31.662533 0.152661 -0.575673 0.232130 0.769033
863.000000 23.377726 -1.629647 -31.869215 0.153708 -0.573359 0.231341 0.770788
864.000000 23.004383 -1.657370 -32.191715 0.154709 -0.568841 0.230620 0.774144
865.000000 22.587234 -1.810061 -32.531136 0.154353 -0.563385 0.230864 0.778122
866.000000 22.153345 -2.115021 -32.864742 0.152241 -0.557211 0.232327 0.782536
867.000000 21.675608 -2.574643 -33.206345 0.148476 -0.549962 0.234928 0.787595
868.000000 21.140324 -3.186199 -33.556573 0.143164 -0.541461 0.238599 0.793344
869.000000 20.609282 -3.927556 -33.867700 0.136348 -0.532507 0.243314 0.799152
870.000000 20.169962 -4.770225 -34.083184 0.128036 -0.524205 0.249064 0.804228
871.000000 19.913811 -5.690001 -34.151175 0.118151 -0.517674 0.255836 0.807838
872.000000 19.938970 -6.694931 -34.011542 0.106165 -0.514009 0.263812 0.809276
873.000000 20.279270 -7.782138 -33.633763 0.091842 -0.513621 0.272931 0.808249
874.000000 20.779607 -8.880193 -33.108962 0.076502 -0.514981 0.282329 0.805750
875.000000 21.271119 -9.919559 -32.553831 0.061630 -0.516385 0.291196 0.802965
876.000000 21.698724 -10.879495 -32.017413 0.047754 -0.517278 0.299312 0.800347
877.000000 22.064696 -11.762899 -31.507885 0.034886 -0.517680 0.306731 0.797939
878.000000 22.372197 -12.573005 -31.031731 0.023028 -0.517617 0.313512 0.795772
879.000000 22.624461 -13.313172 -30.594274 0.012172 -0.517114 0.319715 0.793868
880.000000 22.826552 -13.971755 -30.205315 0.002498 -0.516301 0.325259 0.792233
881.000000 22.990548 -14.484327 -29.895205 -0.005159 -0.515707 0.329591 0.790816
882.000000 23.129421 -14.783026 -29.698412 -0.009908 -0.515922 0.332106 0.789577
883.000000 23.256208 -14.873750 -29.610854 -0.011850 -0.517124 0.332830 0.788458
884.000000 23.384001 -14.804505 -29.601306 -0.011681 -0.519230 0.332166 0.787356
885.000000 23.525654 -14.621779 -29.635817 -0.010090 -0.522141 0.330507 0.786150
886.000000 23.693859 -14.372127 -29.680075 -0.007755 -0.525762 0.328248 0.784709
887.000000 23.901358 -14.102336 -29.700280 -0.005347 -0.529998 0.325790 0.782901
888.000000 24.160364 -13.857283 -29.664225 -0.003519 -0.534757 0.323543 0.780603
889.000000 24.473606 -13.656412 -29.559200 -0.002547 -0.539969 0.321700 0.777776
890.000000 24.832248 -13.509293 -29.386166 -0.002520 -0.545475 0.320353 0.774483
891.000000 25.219590 -13.476225 -29.129135 -0.004161 -0.550743 0.320069 0.770857
892.000000 25.617435 -13.620520 -28.770844 -0.008249 -0.555190 0.321473 0.767040
893.000000 26.006955 -13.931062 -28.326518 -0.014595 -0.558610 0.324514 0.763173
894.000000 26.369811 -14.353841 -27.831997 -0.022435 -0.561025 0.328707 0.759407
895.000000 26.689088 -14.837298 -27.325290 -0.031001 -0.562472 0.333560 0.755911
896.000000 26.949253 -15.333297 -26.847452 -0.039537 -0.563005 0.338587 0.752875
897.000000 27.136166 -15.796649 -26.442986 -0.047286 -0.562691 0.343322 0.750515
898.000000 27.236965 -16.184997 -26.158593 -0.053501 -0.561617 0.347328 0.749058
899.000000 27.246381 -16.478316 -26.021108 -0.057792 -0.559839 0.350404 0.748637
900.000000 27.165553 -16.677451 -26.034757 -0.060129 -0.557379 0.352570 0.749272
901.000000 26.994395 -16.783239 -26.200480 -0.060509 -0.554246 0.353841 0.750964
902.000000 26.790843 -16.799793 -26.453957 -0.059395 -0.551253 0.354220 0.753074
903.000000 26.736177 -16.742961 -26.601563 -0.058238 -0.550849 0.353711 0.753699
904.000000 26.872113 -16.641606 -26.585700 -0.057711 -0.553420 0.352543 0.752402
905.000000 27.151209 -16.528775 -26.431074 -0.057957 -0.558082 0.351077 0.749620
906.000000 27.525385 -16.435773 -26.161795 -0.059101 -0.563958 0.349683 0.745775
907.000000 27.947243 -16.391888 -25.802051 -0.061265 -0.570203 0.348746 0.741277
908.000000 28.387727 -16.412580 -25.364341 -0.064531 -0.576352 0.348501 0.736343
909.000000 28.847315 -16.496176 -24.842979 -0.068929 -0.582443 0.348952 0.730918
910.000000 29.328900 -16.639920 -24.230225 -0.074490 -0.588540 0.350069 0.724930
911.000000 29.833640 -16.840694 -23.518302 -0.081243 -0.594695 0.351812 0.718308
912.000000 30.311036 -17.089941 -22.769733 -0.088746 -0.600193 0.354177 0.711654
913.000000 30.617169 -17.369984 -22.195538 -0.095598 -0.602848 0.357266 0.706962
914.000000 30.734018 -17.658242 -21.859459 -0.101181 -0.602430 0.360871 0.704708
915.000000 30.711311 -17.929676 -21.726010 -0.105390 -0.599868 0.364574 0.704370
916.000000 30.594258 -18.159325 -21.756732 -0.108139 -0.596089 0.367942 0.705410
917.000000 30.424641 -18.321627 -21.914451 -0.109346 -0.591993 0.370546 0.707307
918.000000 30.226080 -18.400404 -22.178247 -0.108958 -0.588118 0.372132 0.709762
919.000000 29.998262 -18.393327 -22.547085 -0.106969 -0.584500 0.372684 0.712758
920.000000 29.738528 -18.298393 -23.020241 -0.103379 -0.581132 0.372193 0.716290
921.000000 29.443790 -18.112614 -23.595718 -0.098188 -0.577999 0.370643 0.720347
922.000000 29.112378 -17.837154 -24.264262 -0.091489 -0.575061 0.368089 0.724876
923.000000 28.752919 -17.513221 -24.975462 -0.084045 -0.572115 0.365043 0.729633
924.000000 28.379954 -17.204574 -25.664323 -0.076915 -0.568910 0.362217 0.734319
925.000000 28.009417 -16.977777 -26.272941 -0.071122 -0.565229 0.360277 0.738687
926.000000 27.650336 -16.861211 -26.782014 -0.067043 -0.561037 0.359451 0.742656
927.000000 27.307163 -16.857739 -27.192854 -0.064674 -0.556388 0.359717 0.746226
928.000000 26.984109 -16.967004 -27.505844 -0.063994 -0.551328 0.361055 0.749387
929.000000 26.685192 -17.187026 -27.719937 -0.064984 -0.545897 0.363446 0.752117
930.000000 26.414143 -17.515212 -27.832640 -0.067631 -0.540125 0.366866 0.754388
931.000000 26.174411 -17.949183 -27.840214 -0.071926 -0.534037 0.371278 0.756164
932.000000 25.967429 -18.479291 -27.743859 -0.077761 -0.527681 0.376571 0.757430
933.000000 25.782852 -19.049200 -27.586534 -0.084317 -0.521264 0.382212 0.758346
934.000000 25.605201 -19.584794 -27.432892 -0.090478 -0.515079 0.387521 0.759167
935.000000 25.419811 -20.018639 -27.348492 -0.095193 -0.509424 0.391888 0.760164
936.000000 25.221142 -20.327290 -27.361398 -0.098071 -0.504429 0.395120 0.761455
937.000000 25.008559 -20.511255 -27.475789 -0.099106 -0.500111 0.397239 0.763065
938.000000 24.780988 -20.570295 -27.693900 -0.098292 -0.496479 0.398266 0.765005
939.000000 24.536829 -20.503012 -28.016341 -0.095629 -0.493530 0.398205 0.767278
940.000000 24.274059 -20.306722 -28.442066 -0.091112 -0.491256 0.397052 0.769880
941.000000 23.990494 -19.977296 -28.968225 -0.084735 -0.489641 0.394795 0.772793
942.000000 23.684544 -19.512397 -29.587406 -0.076539 -0.488648 0.391441 0.775976
943.000000 23.362032 -18.949423 -30.259278 -0.067132 -0.488066 0.387324 0.779272
944.000000 23.034771 -18.357273 -30.925137 -0.057519 -0.487578 0.383001 0.782476
945.000000 22.716259 -17.811674 -31.531374 -0.048729 -0.486890 0.379048 0.785421
946.000000 22.420308 -17.388565 -32.033409 -0.041728 -0.485746 0.376010 0.787989
947.000000 22.151519 -17.118180 -32.422524 -0.036832 -0.484059 0.374083 0.790185
948.000000 21.908986 -17.003662 -32.705796 -0.034017 -0.481816 0.373280 0.792060
949.000000 21.691216 -17.045851 -32.887995 -0.033252 -0.478994 0.373606 0.793648
950.000000 21.496301 -17.244710 -32.971217 -0.034516 -0.475560 0.375061 0.794972
951.000000 21.321996 -17.599471 -32.954980 -0.037792 -0.471469 0.377638 0.796039
952.000000 21.165303 -18.105289 -32.838912 -0.043017 -0.466685 0.381289 0.796852
953.000000 21.015272 -18.711439 -32.651543 -0.049532 -0.461335 0.385650 0.797490
954.000000 20.855554 -19.337547 -32.444856 -0.056274 -0.455668 0.390157 0.798109
955.000000 20.669792 -19.905311 -32.276283 -0.062174 -0.449952 0.394275 0.798890
956.000000 20.442738 -20.343895 -32.203815 -0.066237 -0.444451 0.397535 0.800026
957.000000 20.168949 -20.630186 -32.250896 -0.068115 -0.439269 0.399802 0.801599
958.000000 19.847229 -20.764538 -32.420556 -0.067798 -0.434413 0.401101 0.803621
959.000000 19.475247 -20.746313 -32.713325 -0.065285 -0.429882 0.401439 0.806093
960.000000 19.049794 -20.573384 -33.127351 -0.060573 -0.425665 0.400810 0.809007
961.000000 18.575982 -20.257295 -33.644161 -0.053897 -0.421756 0.399296 0.812268
962.000000 18.087945 -19.860679 -34.199007 -0.046274 -0.418183 0.397280 0.815567
963.000000 17.628269 -19.460714 -34.722190 -0.038887 -0.414997 0.395207 0.818582
964.000000 17.231290 -19.122205 -35.164341 -0.032671 -0.412233 0.393432 0.821102
965.000000 16.899792 -18.861567 -35.522486 -0.027786 -0.409828 0.392044 0.823147
966.000000 16.630086 -18.685022 -35.801105 -0.024241 -0.407694 0.391089 0.824771
967.000000 16.417498 -18.597419 -36.003621 -0.022048 -0.405744 0.390613 0.826019
968.000000 16.256617 -18.603389 -36.132213 -0.021223 -0.403883 0.390655 0.826932
969.000000 16.141596 -18.707847 -36.187794 -0.021789 -0.402015 0.391245 0.827548
970.000000 16.066623 -18.916175 -36.170105 -0.023770 -0.400042 0.392407 0.827900
971.000000 16.016426 -19.216141 -36.090955 -0.026946 -0.397845 0.394072 0.828071
972.000000 15.945393 -19.540070 -36.004984 -0.030292 -0.395261 0.395881 0.828329
973.000000 15.801794 -19.810263 -35.977225 -0.032625 -0.392124 0.397426 0.828992
974.000000 15.545105 -19.967066 -36.058934 -0.033026 -0.388303 0.398402 0.830305
975.000000 15.167935 -20.000962 -36.256954 -0.031346 -0.383776 0.398771 0.832295
976.000000 14.678317 -19.917569 -36.559890 -0.027716 -0.378612 0.398571 0.834881
977.000000 14.111446 -19.740895 -36.933820 -0.022633 -0.373093 0.397917 0.837826
978.000000 13.507836 -19.498731 -37.342815 -0.016663 -0.367538 0.396928 0.840884
979.000000 12.909805 -19.219816 -37.753823 -0.010372 -0.362277 0.395726 0.843830
980.000000 12.362052 -18.933856 -38.137206 -0.004329 -0.357649 0.394446 0.846452
981.000000 11.911251 -18.671430 -38.466588 0.000903 -0.354001 0.393237 0.848556
982.000000 11.601034 -18.462758 -38.719543 0.004790 -0.351643 0.392255 0.849977
983.000000 11.439047 -18.330757 -38.888475 0.007070 -0.350528 0.391625 0.850711
984.000000 11.412861 -18.294320 -38.971607 0.007618 -0.350415 0.391446 0.850836
985.000000 11.508744 -18.372187 -38.964983 0.006306 -0.351057 0.391804 0.850417
986.000000 11.700732 -18.575243 -38.869317 0.003137 -0.352120 0.392738 0.849564
987.000000 11.932502 -18.893530 -38.702567 -0.001514 -0.353043 0.394190 0.848512
988.000000 12.143930 -19.313185 -38.486173 -0.007205 -0.353229 0.396098 0.847516
989.000000 12.277248 -19.817174 -38.243793 -0.013460 -0.352104 0.398402 0.846828
990.000000 12.293930 -20.298861 -38.042050 -0.018896 -0.349778 0.400626 0.846639
991.000000 12.176316 -20.558587 -37.997058 -0.021175 -0.347111 0.401855 0.847100
992.000000 11.913259 -20.532177 -38.150833 -0.019512 -0.344334 0.401807 0.848295
993.000000 11.528504 -20.271894 -38.462893 -0.014640 -0.341428 0.400746 0.850068
994.000000 11.059288 -19.880121 -38.858449 -0.007932 -0.338250 0.399151 0.852175
995.000000 10.541002 -19.488733 -39.254100 -0.001036 -0.334520 0.397584 0.854413
996.000000 10.005650 -19.213719 -39.585170 0.004650 -0.330045 0.396483 0.856650
997.000000 9.460105 -19.042168 -39.859736 0.009249 -0.325002 0.395736 0.858884
998.000000 8.903608 -18.914437 -40.107482 0.013412 -0.319680 0.395093 0.861119
999.000000 8.337486 -18.771534 -40.355256 0.017764 -0.314356 0.394362 0.863333
1000.000000 7.875963 -18.649553 -40.563055 0.021348 -0.310054 0.393741 0.865089
1001.000000 7.604588 -18.814629 -40.596363 0.020910 -0.306380 0.394270 0.866167
1002.000000 7.388826 -19.209216 -40.508165 0.017729 -0.302162 0.395682 0.867075
1003.000000 7.133968 -19.528664 -40.457543 0.015529 -0.297863 0.396803 0.868092
1004.000000 6.875059 -19.782742 -40.435336 0.014048 -0.293816 0.397678 0.869096
1005.000000 6.638964 -19.968861 -40.439539 0.013187 -0.290344 0.398312 0.869985
1006.000000 6.411406 -19.982628 -40.524840 0.014122 -0.287821 0.398339 0.870796
1007.000000 6.208546 -19.852785 -40.675821 0.016481 -0.286269 0.397868 0.871481
1008.000000 6.038094 -19.653480 -40.855724 0.019457 -0.285415 0.397143 0.872030
1009.000000 5.883317 -19.455116 -41.031501 0.022345 -0.284741 0.396397 0.872521
1010.000000 5.591653 -19.328926 -41.189987 0.025108 -0.282270 0.395856 0.873494
1011.000000 5.016913 -19.220284 -41.372563 0.029035 -0.276711 0.395307 0.875397
1012.000000 4.255240 -19.258155 -41.497964 0.032291 -0.268474 0.395183 0.877901
1013.000000 3.830414 -19.642034 -41.416944 0.030249 -0.262168 0.396237 0.879403
1014.000000 3.754752 -19.924531 -41.346379 0.027603 -0.260033 0.397079 0.879744
1015.000000 3.604767 -20.016618 -41.372509 0.027338 -0.257994 0.397303 0.880251
1016.000000 3.339194 -20.033770 -41.443203 0.028421 -0.255057 0.397258 0.881093
1017.000000 2.985997 -20.008414 -41.538354 0.030371 -0.251357 0.397062 0.882179
1018.000000 2.582374 -19.964439 -41.641585 0.032730 -0.247244 0.396802 0.883373
1019.000000 2.191741 -19.929032 -41.737411 0.034943 -0.243299 0.396555 0.884493
1020.000000 1.894509 -19.920032 -41.814088 0.036452 -0.240234 0.396398 0.885340
1021.000000 1.849007 -19.879903 -41.893520 0.037109 -0.239974 0.396252 0.885449
1022.000000 2.052547 -19.745890 -42.005761 0.037586 -0.242769 0.395945 0.884804
1023.000000 1.980229 -19.528091 -42.169018 0.040239 -0.243030 0.395274 0.884915
1024.000000 1.500281 -19.512317 -42.253780 0.042672 -0.238049 0.395003 0.886276
1025.000000 0.927491 -19.609199 -42.282432 0.044328 -0.231570 0.394974 0.887922
1026.000000 0.238168 -19.652119 -42.328694 0.047067 -0.224137 0.394702 0.889808
1027.000000 -0.542625 -19.650581 -42.383165 0.050681 -0.215957 0.394236 0.891836
1028.000000 -1.234008 -19.739466 -42.384001 0.052930 -0.208284 0.394042 0.893614
1029.000000 -1.773447 -19.900738 -42.346320 0.053730 -0.201847 0.394124 0.895007
1030.000000 -2.189818 -20.020970 -42.327514 0.054419 -0.196872 0.394181 0.896048
1031.000000 -2.599428 -20.053344 -42.346955 0.056030 -0.192355 0.394015 0.897002
1032.000000 -3.048318 -19.813290 -42.487953 0.060705 -0.188684 0.393171 0.897847
1033.000000 -3.504233 -19.259911 -42.763694 0.068654 -0.186395 0.391605 0.898437
1034.000000 -3.875642 -18.523310 -43.111919 0.078031 -0.185835 0.389690 0.898620
1035.000000 -4.066111 -17.736945 -43.479125 0.086986 -0.187385 0.387793 0.898297
1036.000000 -3.976656 -17.035536 -43.821971 0.093713 -0.191438 0.386307 0.897405
1037.000000 -3.634592 -16.450636 -44.130519 0.098114 -0.197523 0.385325 0.896037
1038.000000 -3.287288 -15.797756 -44.452916 0.103211 -0.203878 0.384231 0.894510
1039.000000 -3.085095 -15.011468 -44.797138 0.110270 -0.209273 0.382687 0.893082
1040.000000 -3.084421 -14.137813 -45.138952 0.119000 -0.212976 0.380682 0.891942
1041.000000 -3.282393 -13.268670 -45.446367 0.128435 -0.214663 0.378404 0.891198
1042.000000 -3.587357 -12.661335 -45.654030 0.135663 -0.214198 0.376570 0.891016
1043.000000 -3.944362 -12.408656 -45.751263 0.139592 -0.211768 0.375460 0.891458
1044.000000 -4.358344 -12.420182 -45.767748 0.141157 -0.207706 0.374838 0.892429
1045.000000 -4.834465 -12.602059 -45.727370 0.141304 -0.202340 0.374464 0.893794
1046.000000 -5.378286 -12.860716 -45.651801 0.140967 -0.195986 0.374118 0.895407
1047.000000 -5.985902 -13.118828 -45.559940 0.140896 -0.188982 0.373655 0.897116
1048.000000 -6.596457 -13.394712 -45.452574 0.140669 -0.181837 0.373232 0.898802
1049.000000 -7.128767 -13.742391 -45.325603 0.139418 -0.175130 0.373084 0.900389
1050.000000 -7.514852 -14.206821 -45.177171 0.136401 -0.169361 0.373386 0.901828
1051.000000 -7.781102 -14.725989 -45.022949 0.132325 -0.164537 0.373958 0.903091
1052.000000 -8.028243 -15.121393 -44.905654 0.129390 -0.160401 0.374317 0.904111
1053.000000 -8.275270 -15.328159 -44.847847 0.128338 -0.157043 0.374331 0.904844
1054.000000 -8.486416 -15.359389 -44.854623 0.128896 -0.154775 0.374094 0.905254
1055.000000 -8.631789 -15.228225 -44.928085 0.130803 -0.153845 0.373680 0.905310
1056.000000 -8.719980 -14.947404 -45.061460 0.133965 -0.154112 0.373094 0.905043
1057.000000 -8.773254 -14.530327 -45.243759 0.138347 -0.155286 0.372318 0.904503
1058.000000 -8.814910 -13.988676 -45.462882 0.143918 -0.157075 0.371332 0.903730
1059.000000 -8.869237 -13.333288 -45.705992 0.150645 -0.159190 0.370114 0.902763
1060.000000 -8.960243 -12.576712 -45.959636 0.158475 -0.161338 0.368641 0.901643
1061.000000 -9.070860 -11.804549 -46.199924 0.166482 -0.163340 0.367088 0.900472
1062.000000 -9.123346 -11.212657 -46.394477 0.172454 -0.165181 0.365935 0.899481
1063.000000 -9.122219 -10.883936 -46.530631 0.175633 -0.166501 0.365332 0.898867
1064.000000 -9.128615 -10.821310 -46.601740 0.176265 -0.166702 0.365187 0.898766
1065.000000 -9.197767 -11.024448 -46.598269 0.174579 -0.165254 0.365400 0.899275
1066.000000 -9.333476 -11.461580 -46.523405 0.170891 -0.162243 0.365897 0.900329
1067.000000 -9.512053 -12.066907 -46.391519 0.165725 -0.158141 0.366595 0.901740
1068.000000 -9.709012 -12.773073 -46.218722 0.159622 -0.153438 0.367416 0.903318
1069.000000 -9.899978 -13.513258 -46.024485 0.153127 -0.148623 0.368291 0.904890
1070.000000 -10.060943 -14.221428 -45.832673 0.146788 -0.144191 0.369155 0.906304
1071.000000 -10.168532 -14.832815 -45.671453 0.141157 -0.140643 0.369944 0.907434
1072.000000 -10.199929 -15.283902 -45.572077 0.136786 -0.138484 0.370594 0.908170
1073.000000 -10.140094 -15.523837 -45.560772 0.134136 -0.138088 0.371049 0.908439
1074.000000 -9.992723 -15.531695 -45.647083 0.133434 -0.139513 0.371266 0.908236
1075.000000 -9.763865 -15.290619 -45.834262 0.134867 -0.142760 0.371205 0.907545
1076.000000 -9.469722 -14.811819 -46.109229 0.138370 -0.147598 0.370850 0.906388
1077.000000 -9.138524 -14.138904 -46.443227 0.143598 -0.153543 0.370222 0.904843
1078.000000 -8.800713 -13.326674 -46.804669 0.150111 -0.160053 0.369358 0.903009
1079.000000 -8.490946 -12.461936 -47.156439 0.157187 -0.166433 0.368346 0.901063
1080.000000 -8.245792 -11.640748 -47.466542 0.164048 -0.171965 0.367294 0.899228
1081.000000 -8.102538 -10.961012 -47.710232 0.169925 -0.175942 0.366317 0.897765
1082.000000 -8.092662 -10.495394 -47.874179 0.174278 -0.177823 0.365493 0.896895
1083.000000 -8.230361 -10.263856 -47.958707 0.176990 -0.177428 0.364821 0.896716
1084.000000 -8.508398 -10.249605 -47.971078 0.178189 -0.174904 0.364264 0.897201
1085.000000 -8.915811 -10.430194 -47.915871 0.178037 -0.170436 0.363784 0.898285
1086.000000 -9.441061 -10.782834 -47.794603 0.176692 -0.164200 0.363353 0.899885
1087.000000 -10.072125 -11.284753 -47.606890 0.174311 -0.156368 0.362948 0.901906
1088.000000 -10.795459 -11.904181 -47.354033 0.171136 -0.147158 0.362539 0.904225
1089.000000 -11.593580 -12.578691 -47.047118 0.167697 -0.136934 0.362072 0.906659
1090.000000 -12.449265 -13.239930 -46.702871 0.164583 -0.126100 0.361474 0.909037
1091.000000 -13.347187 -13.820545 -46.342386 0.162383 -0.115063 0.360653 0.911220
1092.000000 -14.269920 -14.184634 -46.013375 0.162376 -0.104531 0.359463 0.912959
1093.000000 -15.184014 -14.080659 -45.809372 0.166988 -0.095830 0.357742 0.913757
1094.000000 -16.050330 -13.689483 -45.689311 0.174312 -0.088662 0.355826 0.913861
1095.000000 -16.831553 -13.346363 -45.566093 0.180844 -0.082113 0.354113 0.913869
1096.000000 -17.585417 -13.123873 -45.401930 0.186048 -0.075347 0.352508 0.914028
1097.000000 -18.405643 -12.788342 -45.228525 0.192636 -0.068339 0.350588 0.913953
1098.000000 -19.153705 -12.429910 -45.074959 0.199192 -0.062155 0.348712 0.913707
1099.000000 -19.781171 -12.094548 -44.953168 0.205049 -0.057106 0.347053 0.913372
1100.000000 -20.300817 -11.787193 -44.861069 0.210181 -0.053033 0.345632 0.912990
1101.000000 -20.725105 -11.515232 -44.794933 0.214562 -0.049771 0.344446 0.912602
1102.000000 -21.075096 -11.382089 -44.722331 0.217259 -0.046710 0.343506 0.912480
1103.000000 -21.396728 -11.640663 -44.559487 0.215848 -0.042422 0.342839 0.913275
1104.000000 -21.742378 -12.124812 -44.319417 0.212193 -0.037005 0.342206 0.914603
1105.000000 -22.165546 -12.514306 -44.058028 0.209777 -0.031129 0.341319 0.915711
1106.000000 -22.571270 -12.657756 -43.868115 0.209831 -0.026363 0.340370 0.916201
1107.000000 -22.777388 -12.649779 -43.821314 0.210710 -0.024244 0.339880 0.916240
1108.000000 -22.922010 -12.468884 -43.854899 0.213164 -0.023425 0.339506 0.915832
1109.000000 -23.060797 -12.140329 -43.930912 0.217125 -0.023230 0.339100 0.915056
1110.000000 -23.189169 -11.727663 -44.031315 0.221896 -0.023459 0.338681 0.914060
1111.000000 -23.302070 -11.296829 -44.140085 0.226780 -0.023918 0.338281 0.912998
1112.000000 -23.394921 -10.915558 -44.243628 0.231076 -0.024409 0.337937 0.912034
1113.000000 -23.461994 -10.649836 -44.330401 0.234084 -0.024737 0.337686 0.911351
1114.000000 -23.495756 -10.555161 -44.393238 0.235209 -0.024765 0.337567 0.911105
1115.000000 -23.468788 -10.568264 -44.462703 0.234997 -0.025012 0.337636 0.911127
1116.000000 -23.393609 -10.642127 -44.542963 0.233981 -0.025519 0.337851 0.911295
1117.000000 -23.335297 -10.781825 -44.597916 0.232350 -0.025596 0.338045 0.911638
1118.000000 -23.287194 -10.824495 -44.670075 0.231734 -0.025926 0.338185 0.911734
1119.000000 -23.284355 -10.802764 -44.733338 0.231920 -0.026025 0.338185 0.911683
1120.000000 -23.218896 -10.852964 -44.811132 0.231117 -0.026483 0.338363 0.911808
1121.000000 -23.087453 -10.922500 -44.917971 0.229868 -0.027539 0.338709 0.911964
1122.000000 -22.896162 -10.942676 -45.067156 0.228915 -0.029394 0.339189 0.911968
1123.000000 -22.650273 -10.843375 -45.272292 0.229001 -0.032253 0.339768 0.911634
1124.000000 -22.356160 -10.561102 -45.541988 0.230765 -0.036264 0.340401 0.910802
1125.000000 -22.042077 -10.151582 -45.844779 0.233693 -0.040926 0.341021 0.909625
1126.000000 -21.735847 -9.752349 -46.134513 0.236506 -0.045444 0.341606 0.908463
1127.000000 -21.456307 -9.507443 -46.373710 0.237870 -0.049103 0.342188 0.907697
1128.000000 -21.199066 -9.528079 -46.545294 0.236714 -0.051547 0.342855 0.907612
1129.000000 -20.911102 -9.710768 -46.695317 0.233874 -0.053680 0.343694 0.907908
1130.000000 -20.687556 -9.843997 -46.824396 0.231764 -0.055357 0.344345 0.908101
1131.000000 -20.515641 -9.913469 -46.942625 0.230464 -0.056762 0.344823 0.908164
1132.000000 -20.372053 -9.921887 -47.060508 0.229856 -0.058115 0.345183 0.908096
1133.000000 -20.233544 -9.872336 -47.187715 0.229822 -0.059628 0.345486 0.907891
1134.000000 -20.085469 -9.775476 -47.328101 0.230206 -0.061403 0.345779 0.907564
1135.000000 -19.926499 -9.652550 -47.477462 0.230799 -0.063371 0.346080 0.907163
1136.000000 -19.769025 -9.524129 -47.626202 0.231447 -0.065339 0.346373 0.906746
1137.000000 -19.635341 -9.409859 -47.761319 0.232048 -0.067025 0.346619 0.906376
1138.000000 -19.551476 -9.323912 -47.869898 0.232561 -0.068133 0.346767 0.906105
1139.000000 -19.576551 -9.209931 -47.939266 0.233734 -0.068314 0.346631 0.905841
1140.000000 -19.697227 -9.059186 -47.976238 0.235596 -0.067727 0.346233 0.905555
1141.000000 -19.857187 -8.907422 -47.996410 0.237603 -0.066774 0.345735 0.905292
1142.000000 -19.999802 -8.790645 -48.016325 0.239212 -0.065857 0.345302 0.905101
1143.000000 -20.072430 -8.746941 -48.051367 0.239876 -0.065333 0.345089 0.905044
1144.000000 -20.144533 -8.876830 -48.054362 0.238911 -0.064182 0.344994 0.905418
1145.000000 -20.263779 -9.172509 -48.005430 0.236565 -0.061985 0.344891 0.906226
1146.000000 -20.310494 -9.462222 -47.986298 0.234016 -0.060492 0.344959 0.906962
1147.000000 -20.285151 -9.722717 -48.002090 0.231485 -0.059789 0.345189 0.907571
1148.000000 -20.187661 -9.939343 -48.056427 0.229106 -0.059933 0.345569 0.908020
1149.000000 -19.983105 -10.167064 -48.151606 0.226224 -0.061045 0.346208 0.908425
1150.000000 -19.709316 -10.413754 -48.268370 0.222903 -0.062726 0.347009 0.908826
1151.000000 -19.449344 -10.644896 -48.380328 0.219780 -0.064337 0.347757 0.909188
1152.000000 -19.293646 -10.829675 -48.458872 0.217472 -0.065137 0.348229 0.909505
1153.000000 -19.412727 -11.007964 -48.428581 0.216209 -0.063388 0.348071 0.909990
1154.000000 -19.697049 -11.089298 -48.352825 0.216452 -0.060437 0.347477 0.910360
1155.000000 -19.987874 -11.046980 -48.300991 0.217890 -0.057865 0.346796 0.910444
1156.000000 -20.295328 -11.017443 -48.237412 0.219275 -0.055085 0.346088 0.910553
1157.000000 -20.508032 -10.987797 -48.212080 0.220326 -0.053195 0.345594 0.910600
1158.000000 -20.520824 -10.942829 -48.273853 0.220807 -0.053227 0.345543 0.910501
1159.000000 -20.357798 -10.892699 -48.410236 0.220705 -0.054915 0.345882 0.910296
1160.000000 -20.129350 -10.865128 -48.567529 0.220154 -0.057125 0.346376 0.910106
1161.000000 -19.947715 -10.888514 -48.692994 0.219291 -0.058712 0.346794 0.910054
1162.000000 -19.864890 -10.977359 -48.763421 0.218169 -0.059154 0.347032 0.910204
1163.000000 -19.732381 -11.054308 -48.857472 0.216978 -0.060126 0.347380 0.910292
1164.000000 -19.532047 -11.101145 -48.985819 0.215826 -0.061853 0.347862 0.910266
1165.000000 -19.304961 -11.133648 -49.127094 0.214713 -0.063879 0.348390 0.910188
1166.000000 -19.092330 -11.167660 -49.260635 0.213638 -0.065751 0.348877 0.910121
1167.000000 -18.968169 -11.219101 -49.354294 0.212720 -0.066721 0.349173 0.910152
1168.000000 -19.074231 -11.301547 -49.351427 0.212333 -0.065443 0.348990 0.910405
1169.000000 -19.432079 -11.402846 -49.244938 0.212663 -0.061766 0.348275 0.910859
1170.000000 -19.968491 -11.494473 -49.065333 0.213711 -0.056460 0.347160 0.911383
1171.000000 -20.384581 -11.577790 -48.931488 0.214406 -0.052291 0.346297 0.911797
1172.000000 -20.435757 -11.656573 -48.948938 0.213851 -0.051539 0.346231 0.911995
1173.000000 -20.232427 -11.715273 -49.076775 0.212586 -0.053227 0.346710 0.912012
1174.000000 -19.905670 -11.739465 -49.261440 0.211213 -0.056166 0.347431 0.911881
1175.000000 -19.587485 -11.714454 -49.451030 0.210335 -0.059171 0.348093 0.911641
1176.000000 -19.413173 -11.624892 -49.597157 0.210553 -0.061071 0.348403 0.911347
1177.000000 -19.416486 -11.458747 -49.691723 0.212080 -0.061628 0.348284 0.911001
1178.000000 -19.446297 -11.209761 -49.794619 0.214444 -0.062244 0.348058 0.910492
1179.000000 -19.337727 -10.875196 -49.968898 0.217097 -0.064424 0.348077 0.909704
1180.000000 -19.033046 -10.497887 -50.223862 0.219444 -0.068515 0.348489 0.908683
1181.000000 -18.781208 -10.125181 -50.452034 0.221926 -0.072078 0.348779 0.907693
1182.000000 -18.831213 -9.808250 -50.552714 0.224952 -0.072709 0.348446 0.907026
1183.000000 -19.116355 -9.596645 -50.543144 0.227849 -0.070864 0.347668 0.906747
1184.000000 -19.526700 -9.519859 -50.458155 0.229971 -0.067443 0.346699 0.906843
1185.000000 -19.950951 -9.605832 -50.333744 0.230674 -0.063345 0.345796 0.907305
1186.000000 -20.219657 -9.832894 -50.240716 0.229563 -0.060159 0.345324 0.907983
1187.000000 -20.210004 -10.125913 -50.244158 0.226892 -0.059249 0.345519 0.908640
1188.000000 -20.052110 -10.485716 -50.290759 0.223105 -0.059434 0.346086 0.909349
1189.000000 -19.889324 -10.915758 -50.320457 0.218663 -0.059407 0.346701 0.910196
1190.000000 -19.761319 -11.372097 -50.325874 0.214091 -0.058965 0.347245 0.911103
1191.000000 -19.631771 -11.783963 -50.337869 0.209906 -0.058692 0.347757 0.911899
1192.000000 -19.470122 -12.092437 -50.384321 0.206545 -0.059083 0.348274 0.912444
1193.000000 -19.312653 -12.277078 -50.457700 0.204320 -0.059875 0.348707 0.912728
1194.000000 -19.219780 -12.335248 -50.536795 0.203462 -0.060528 0.348929 0.912791
1195.000000 -19.172887 -12.236860 -50.636503 0.204177 -0.061311 0.348962 0.912567
1196.000000 -19.180790 -11.986776 -50.751241 0.206445 -0.062119 0.348791 0.912067
1197.000000 -19.360589 -11.756535 -50.794597 0.209126 -0.061307 0.348285 0.911705
1198.000000 -19.733385 -11.711384 -50.718920 0.210815 -0.058114 0.347499 0.911825
1199.000000 -20.053777 -11.808029 -50.627758 0.211050 -0.054892 0.346890 0.912202
1200.000000 -20.073437 -11.856596 -50.665434 0.210685 -0.054541 0.346863 0.912317
1201.000000 -20.059042 -11.958075 -50.704264 0.209736 -0.054317 0.346935 0.912522
1202.000000 -20.139199 -12.147507 -50.684365 0.208323 -0.052937 0.346864 0.912954
1203.000000 -20.224026 -12.363658 -50.654501 0.206673 -0.051410 0.346799 0.913440
1204.000000 -20.218916 -12.542001 -50.669229 0.205043 -0.050831 0.346905 0.913800
1205.000000 -20.069431 -12.690021 -50.750088 0.203190 -0.051694 0.347293 0.914018
1206.000000 -19.871199 -12.886366 -50.836918 0.200734 -0.052830 0.347796 0.914305
1207.000000 -19.762054 -13.120915 -50.876930 0.198241 -0.053015 0.348133 0.914709
1208.000000 -19.707436 -13.348821 -50.895810 0.196001 -0.052721 0.348358 0.915123
1209.000000 -19.748035 -13.499602 -50.897273 0.194787 -0.051833 0.348356 0.915434
1210.000000 -19.946762 -13.534361 -50.868010 0.195158 -0.049932 0.347985 0.915602
1211.000000 -20.264565 -13.416425 -50.831423 0.197308 -0.047486 0.347310 0.915527
1212.000000 -20.470267 -13.214859 -50.859081 0.199835 -0.046317 0.346827 0.915222
1213.000000 -20.518037 -13.085756 -50.929412 0.201160 -0.046301 0.346693 0.914983
1214.000000 -20.385176 -13.192372 -51.011455 0.199740 -0.047111 0.347012 0.915132
1215.000000 -20.174597 -13.568224 -51.054226 0.195654 -0.047727 0.347598 0.915761
1216.000000 -19.949983 -14.090006 -51.058796 0.190234 -0.047964 0.348272 0.916634
1217.000000 -19.659599 -14.605164 -51.084219 0.184658 -0.048805 0.349060 0.917430
1218.000000 -19.375936 -14.922471 -51.158356 0.180872 -0.050262 0.349727 0.917851
1219.000000 -19.355113 -15.076089 -51.178678 0.179418 -0.049934 0.349823 0.918117
1220.000000 -19.661308 -15.259283 -51.065023 0.178786 -0.046578 0.349356 0.918595
1221.000000 -19.606289 -15.500802 -51.070922 0.176397 -0.046259 0.349576 0.918989
1222.000000 -19.520589 -15.701601 -51.099621 0.174276 -0.046343 0.349842 0.919288
1223.000000 -19.801278 -15.795313 -51.019462 0.174379 -0.043489 0.349421 0.919568
1224.000000 -20.487525 -15.734233 -50.823327 0.177275 -0.037487 0.348210 0.919738
1225.000000 -21.386078 -15.529290 -50.572087 0.182226 -0.030024 0.346546 0.919673
1226.000000 -22.225224 -15.280054 -50.344018 0.187386 -0.023248 0.344962 0.919427
1227.000000 -22.821790 -15.037587 -50.208779 0.191664 -0.018648 0.343812 0.919081
1228.000000 -23.083955 -14.811935 -50.213518 0.194647 -0.017021 0.343274 0.918687
1229.000000 -22.974857 -14.674605 -50.359689 0.195540 -0.018464 0.343440 0.918407
1230.000000 -22.655729 -14.698670 -50.552222 0.194235 -0.021256 0.344028 0.918404
1231.000000 -22.616780 -14.827301 -50.587622 0.192941 -0.021139 0.344123 0.918644
1232.000000 -22.672866 -15.076939 -50.545189 0.190864 -0.019764 0.344073 0.919127
1233.000000 -22.606767 -15.437875 -50.523549 0.187350 -0.019145 0.344271 0.919788
1234.000000 -22.531188 -15.871529 -50.481580 0.183139 -0.018380 0.344500 0.920566
1235.000000 -22.557267 -16.254437 -50.407116 0.179731 -0.016869 0.344528 0.921256
1236.000000 -22.724490 -16.418086 -50.337907 0.178798 -0.014816 0.344256 0.921574
1237.000000 -23.042637 -16.363634 -50.269292 0.180371 -0.012115 0.343674 0.921525
1238.000000 -23.485864 -16.229684 -50.164604 0.183101 -0.008512 0.342856 0.921331
1239.000000 -23.975929 -16.096800 -50.030945 0.185990 -0.004433 0.341954 0.921116
1240.000000 -24.406587 -16.007716 -49.905908 0.188284 -0.000723 0.341161 0.920955
1241.000000 -24.673996 -16.004515 -49.830724 0.189239 0.001773 0.340665 0.920941
1242.000000 -24.687806 -16.110081 -49.846262 0.188336 0.002285 0.340645 0.921133
1243.000000 -24.415488 -16.266992 -49.986468 0.185999 0.000324 0.341173 0.921415
1244.000000 -23.855678 -16.409779 -50.267095 0.182825 -0.004324 0.342231 0.921647
1245.000000 -23.152622 -16.587692 -50.594407 0.178840 -0.010145 0.343515 0.921906
1246.000000 -22.521331 -16.900493 -50.833356 0.173860 -0.014835 0.344645 0.922373
1247.000000 -22.115479 -17.328390 -50.925490 0.168586 -0.017086 0.345379 0.923038
1248.000000 -22.033610 -17.750729 -50.873556 0.164444 -0.016421 0.345567 0.923727
1249.000000 -22.324312 -18.079047 -50.688864 0.162404 -0.012689 0.345130 0.924310
1250.000000 -22.812629 -18.355395 -50.429326 0.161502 -0.007310 0.344363 0.924812
1251.000000 -23.394911 -18.507831 -50.163742 0.162060 -0.001454 0.343428 0.925090
1252.000000 -23.970517 -18.468043 -49.963380 0.164386 0.003722 0.342494 0.925020
1253.000000 -24.416874 -18.260185 -49.879921 0.167854 0.007161 0.341776 0.924642
1254.000000 -24.715784 -17.962227 -49.896290 0.171673 0.008949 0.341305 0.924099
1255.000000 -24.873699 -17.655803 -49.982318 0.175082 0.009410 0.341073 0.923540
1256.000000 -24.894927 -17.423738 -50.108624 0.177325 0.008855 0.341069 0.923119
1257.000000 -24.781556 -17.350770 -50.246494 0.177634 0.007587 0.341288 0.922990
1258.000000 -24.529256 -17.520360 -50.369118 0.175238 0.005848 0.341735 0.923295
1259.000000 -24.115118 -17.938241 -50.480590 0.170020 0.003454 0.342440 0.924022
1260.000000 -23.694265 -18.451062 -50.554057 0.163914 0.001321 0.343145 0.924869
1261.000000 -23.352709 -19.016781 -50.562273 0.157586 0.000093 0.343699 0.925763
1262.000000 -23.159986 -19.609475 -50.482793 0.151494 0.000322 0.343991 0.926671
1263.000000 -23.146187 -20.191491 -50.316747 0.146078 0.002169 0.343987 0.927539
1264.000000 -23.221308 -20.691600 -50.135077 0.141692 0.004575 0.343838 0.928266
1265.000000 -23.273583 -21.034328 -50.024037 0.138673 0.006248 0.343728 0.928753
1266.000000 -23.197221 -21.151884 -50.065672 0.137308 0.005966 0.343824 0.928922
1267.000000 -22.949788 -21.064958 -50.271705 0.137260 0.003405 0.344174 0.928812
1268.000000 -22.537772 -20.861086 -50.598063 0.137724 -0.001061 0.344741 0.928539
1269.000000 -22.027043 -20.669028 -50.956996 0.137735 -0.006371 0.345419 0.928264
1270.000000 -21.474057 -20.565867 -51.290959 0.136801 -0.011739 0.346146 0.928079
1271.000000 -20.891325 -20.558530 -51.592112 0.134925 -0.017031 0.346925 0.927981
1272.000000 -20.289470 -20.649839 -51.854413 0.132124 -0.022137 0.347748 0.927968
1273.000000 -19.679117 -20.841418 -52.071718 0.128413 -0.026954 0.348599 0.928042
1274.000000 -19.071505 -21.135042 -52.237510 0.123803 -0.031374 0.349457 0.928207
1275.000000 -18.478933 -21.533661 -52.344867 0.118303 -0.035284 0.350303 0.928465
1276.000000 -17.910283 -22.034639 -52.390598 0.111966 -0.038626 0.351131 0.928805
1277.000000 -17.328473 -22.569469 -52.414817 0.105276 -0.041963 0.351961 0.929128
1278.000000 -16.671378 -23.036843 -52.480738 0.098929 -0.046188 0.352817 0.929301
1279.000000 -15.879230 -23.341696 -52.647786 0.093575 -0.052140 0.353705 0.929203
1280.000000 -14.949799 -23.476118 -52.916164 0.089274 -0.059852 0.354595 0.928822
1281.000000 -13.986895 -23.493875 -53.227856 0.085893 -0.068214 0.355394 0.928259
1282.000000 -13.092722 -23.450202 -53.531422 0.083285 -0.076145 0.356053 0.927627
1283.000000 -12.296041 -23.413572 -53.793750 0.080950 -0.083170 0.356616 0.927014
1284.000000 -11.624543 -23.453572 -53.983413 0.078379 -0.088834 0.357131 0.926511
1285.000000 -11.106805 -23.640392 -54.068951 0.075061 -0.092680 0.357643 0.926211
1286.000000 -10.770316 -24.043749 -54.017227 0.070482 -0.094256 0.358197 0.926198
1287.000000 -10.620607 -24.702263 -53.807506 0.064313 -0.093384 0.358823 0.926493
1288.000000 -10.637038 -25.616240 -53.433781 0.056446 -0.090219 0.359531 0.927045
1289.000000 -10.796058 -26.781960 -52.885620 0.046785 -0.084931 0.360329 0.927772
1290.000000 -11.072130 -28.193114 -52.147917 0.035226 -0.077696 0.361218 0.928571
1291.000000 -11.392051 -29.821061 -51.223059 0.021676 -0.069181 0.362186 0.929282
1292.000000 -11.718476 -31.549389 -50.160593 0.006953 -0.060068 0.363135 0.929772
1293.000000 -12.091307 -33.239399 -49.025002 -0.007585 -0.050452 0.363953 0.930019
1294.000000 -12.548022 -34.761936 -47.897951 -0.020557 -0.040431 0.364596 0.930061
1295.000000 -13.111883 -36.011747 -46.868207 -0.030723 -0.030148 0.365115 0.929967
1296.000000 -13.670722 -37.105094 -45.900333 -0.039489 -0.020218 0.365660 0.929690
1297.000000 -14.012522 -38.329499 -44.832881 -0.050567 -0.011653 0.366237 0.929074
1298.000000 -14.051067 -39.795190 -43.580970 -0.065654 -0.004992 0.366664 0.928021
1299.000000 -13.866018 -41.380343 -42.198395 -0.083395 -0.000018 0.366819 0.926547
1300.000000 -13.541925 -42.959085 -40.760658 -0.102214 0.003547 0.366679 0.924709
1301.000000 -13.147368 -44.443734 -39.333960 -0.120897 0.005982 0.366273 0.922601
1302.000000 -12.724260 -45.824732 -37.922321 -0.139188 0.007626 0.365619 0.920267
1303.000000 -12.307064 -47.106953 -36.518618 -0.156998 0.008835 0.364734 0.917738
1304.000000 -11.924831 -48.294278 -35.120714 -0.174173 0.009965 0.363683 0.915041
1305.000000 -11.588197 -49.400594 -33.717873 -0.190745 0.011261 0.362548 0.912167
1306.000000 -11.347939 -50.354941 -32.413295 -0.205345 0.013082 0.361558 0.909361
1307.000000 -11.319056 -50.993435 -31.462579 -0.214764 0.016145 0.361172 0.907287
1308.000000 -11.536743 -51.262289 -30.996033 -0.217597 0.020692 0.361666 0.906323
1309.000000 -11.926135 -51.252075 -30.920560 -0.215290 0.026223 0.362913 0.906232
1310.000000 -12.412758 -51.055875 -31.110665 -0.209578 0.032183 0.364670 0.906674
1311.000000 -12.929554 -50.760919 -31.440374 -0.202202 0.038038 0.366624 0.907334
1312.000000 -13.410836 -50.453172 -31.792246 -0.194873 0.043271 0.368452 0.907962
1313.000000 -13.785717 -50.220746 -32.059064 -0.189278 0.047376 0.369866 0.908366
1314.000000 -13.977101 -50.154723 -32.139524 -0.187101 0.049838 0.370619 0.908378
1315.000000 -13.923685 -50.325201 -31.955354 -0.189644 0.050249 0.370527 0.907866
1316.000000 -13.614643 -50.740136 -31.488127 -0.197118 0.048529 0.369567 0.906758
1317.000000 -13.066775 -51.377595 -30.736276 -0.209271 0.044743 0.367751 0.904966
1318.000000 -12.333560 -52.178411 -29.731870 -0.225201 0.039194 0.365161 0.902444
1319.000000 -11.478212 -53.077555 -28.515305 -0.243899 0.032233 0.361862 0.899183
1320.000000 -10.564644 -54.013288 -27.134263 -0.264360 0.024229 0.357915 0.895223
1321.000000 -9.652127 -54.930667 -25.646820 -0.285588 0.015562 0.353415 0.890671
1322.000000 -8.790911 -55.784216 -24.122194 -0.306614 0.006621 0.348511 0.885711
1323.000000 -8.018635 -56.539555 -22.639369 -0.326504 -0.002209 0.343413 0.880601
1324.000000 -7.359824 -57.172597 -21.284567 -0.344368 -0.010558 0.338389 0.875667
1325.000000 -6.827832 -57.667473 -20.148364 -0.359358 -0.018078 0.333746 0.871291
1326.000000 -6.428579 -58.013131 -19.322868 -0.370662 -0.024436 0.329807 0.867894
1327.000000 -6.158443 -58.205812 -18.879404 -0.377702 -0.029406 0.326840 0.865825
1328.000000 -5.998804 -58.254870 -18.833269 -0.380467 -0.033005 0.324947 0.865197
1329.000000 -5.936520 -58.163194 -19.187534 -0.378998 -0.035279 0.324178 0.866039
1330.000000 -5.971155 -57.923256 -19.942809 -0.373283 -0.036246 0.324534 0.868345
1331.000000 -6.119799 -57.516681 -21.096569 -0.363259 -0.035877 0.325935 0.872079
1332.000000 -6.409463 -56.915411 -22.640460 -0.348828 -0.034127 0.328259 0.877155
1333.000000 -6.870244 -56.083606 -24.555883 -0.329889 -0.030964 0.331388 0.883401
1334.000000 -7.416910 -55.101627 -26.591458 -0.309140 -0.027574 0.334565 0.889797
1335.000000 -7.919516 -54.238037 -28.227999 -0.291930 -0.024543 0.337064 0.894742
1336.000000 -8.359406 -53.532409 -29.478750 -0.278409 -0.021877 0.338915 0.898413
1337.000000 -8.719081 -53.003525 -30.378020 -0.268480 -0.019617 0.340205 0.900996
1338.000000 -8.982281 -52.661228 -30.956920 -0.262008 -0.017806 0.341045 0.902620
1339.000000 -9.136542 -52.508000 -31.239067 -0.258884 -0.016492 0.341542 0.903358
1340.000000 -9.170007 -52.541706 -31.235409 -0.259099 -0.015783 0.341735 0.903236
1341.000000 -9.043694 -52.776826 -30.932816 -0.263100 -0.016199 0.341410 0.902195
1342.000000 -8.709322 -53.228013 -30.304644 -0.271505 -0.018456 0.340253 0.900096
1343.000000 -8.127477 -53.897820 -29.319972 -0.284829 -0.023260 0.337943 0.896731
1344.000000 -7.425966 -54.644104 -28.154679 -0.300453 -0.029619 0.334917 0.892570
1345.000000 -6.856211 -55.206253 -27.241608 -0.312861 -0.035259 0.332224 0.889102
1346.000000 -6.532321 -55.623151 -26.518240 -0.321770 -0.038048 0.330569 0.886420
1347.000000 -6.541403 -55.931639 -25.915862 -0.327033 -0.036104 0.330677 0.884533
1348.000000 -6.508624 -56.052005 -25.719946 -0.329279 -0.035861 0.330611 0.883734
1349.000000 -5.847144 -55.934756 -26.186914 -0.331357 -0.047695 0.326528 0.883916
1350.000000 -5.250030 -56.102063 -26.010505 -0.337959 -0.056835 0.322805 0.882242
1351.000000 -4.803224 -56.525505 -25.222920 -0.348116 -0.061948 0.320184 0.878897
1352.000000 -4.508281 -57.097908 -24.013831 -0.360221 -0.063431 0.318754 0.874421
1353.000000 -4.370799 -57.724549 -22.559845 -0.372785 -0.061630 0.318545 0.869346
1354.000000 -4.380710 -58.325836 -21.038815 -0.384537 -0.057243 0.319376 0.864207
1355.000000 -4.417506 -58.825803 -19.659552 -0.394846 -0.052759 0.320277 0.859497
1356.000000 -4.379738 -59.212345 -18.526846 -0.403917 -0.050457 0.320350 0.855384
1357.000000 -4.209554 -59.504018 -17.652745 -0.412382 -0.051812 0.318908 0.851795
1358.000000 -4.158992 -59.797791 -16.680985 -0.420260 -0.050249 0.318767 0.848082
1359.000000 -4.594847 -60.138492 -15.322498 -0.425312 -0.035748 0.324530 0.844104
1360.000000 -5.005816 -60.244587 -14.812606 -0.424138 -0.023462 0.330072 0.842976
1361.000000 -5.334874 -60.158190 -15.099184 -0.418122 -0.015206 0.334589 0.844389
1362.000000 -5.576914 -59.924972 -15.972392 -0.409038 -0.010943 0.337892 0.847583
1363.000000 -5.715866 -59.580203 -17.224562 -0.398612 -0.010613 0.339729 0.851810
1364.000000 -5.752463 -59.166010 -18.642284 -0.388312 -0.013521 0.340101 0.856366
1365.000000 -5.710316 -58.740743 -20.009744 -0.379299 -0.018288 0.339382 0.860591
1366.000000 -5.588852 -58.341213 -21.234711 -0.372056 -0.024281 0.337862 0.864196
1367.000000 -5.379980 -57.979466 -22.311341 -0.366578 -0.031388 0.335674 0.867155
1368.000000 -5.081454 -57.665020 -23.236467 -0.362831 -0.039495 0.332922 0.869458
1369.000000 -4.716034 -57.406944 -23.999721 -0.360649 -0.048089 0.329847 0.871103
1370.000000 -4.332909 -57.215219 -24.582656 -0.359769 -0.056255 0.326833 0.872114
1371.000000 -3.977367 -57.098840 -24.970407 -0.360009 -0.063252 0.324174 0.872527
1372.000000 -3.696315 -57.066680 -25.146770 -0.361217 -0.068327 0.322171 0.872388
1373.000000 -3.532854 -57.128070 -25.091298 -0.363274 -0.070725 0.321154 0.871717
1374.000000 -3.489948 -57.289862 -24.787315 -0.366295 -0.070334 0.321189 0.870470
1375.000000 -3.464487 -57.488359 -24.388883 -0.369855 -0.069317 0.321464 0.868944
1376.000000 -3.856669 -57.551936 -24.239566 -0.368323 -0.061796 0.324621 0.868988
1377.000000 -4.397564 -57.457205 -24.428850 -0.362982 -0.052723 0.328621 0.870329
1378.000000 -4.960049 -57.225063 -24.914128 -0.355095 -0.044254 0.332585 0.872546
1379.000000 -5.507730 -56.899192 -25.583326 -0.345812 -0.036794 0.336279 0.875201
1380.000000 -6.030171 -56.528167 -26.323073 -0.336153 -0.030277 0.339620 0.877920
1381.000000 -6.517744 -56.169425 -27.018395 -0.327076 -0.024379 0.342602 0.880370
1382.000000 -6.968924 -55.883891 -27.551585 -0.319559 -0.018802 0.345224 0.882241
1383.000000 -7.376006 -55.725408 -27.829002 -0.314428 -0.013301 0.347497 0.883291
1384.000000 -7.745113 -55.639038 -27.967591 -0.310706 -0.008049 0.349491 0.883885
1385.000000 -8.161992 -55.568884 -28.055026 -0.306939 -0.001969 0.351729 0.884348
1386.000000 -8.153467 -55.581430 -28.097002 -0.307158 -0.002082 0.351633 0.884310
1387.000000 -7.987560 -55.580567 -28.205743 -0.308104 -0.004620 0.350810 0.884298
1388.000000 -7.768894 -55.528177 -28.421535 -0.308594 -0.008227 0.349744 0.884523
1389.000000 -7.460194 -55.591154 -28.427778 -0.311532 -0.012582 0.348106 0.884088
1390.000000 -6.984969 -56.065234 -27.652745 -0.322054 -0.017151 0.345490 0.881262
1391.000000 -6.483645 -56.721469 -26.461836 -0.335875 -0.021003 0.342783 0.877067
1392.000000 -6.187686 -57.101992 -25.767252 -0.344006 -0.023272 0.341243 0.874455
1393.000000 -6.144780 -57.080349 -25.897841 -0.343754 -0.024110 0.341018 0.874619
1394.000000 -6.294956 -56.744870 -26.659258 -0.337143 -0.023918 0.341744 0.876911
1395.000000 -6.564211 -56.239071 -27.698881 -0.327380 -0.022857 0.343095 0.880105
1396.000000 -6.875599 -55.730574 -28.674328 -0.317646 -0.021038 0.344754 0.883065
1397.000000 -7.159166 -55.413178 -29.258709 -0.311152 -0.018495 0.346306 0.884824
1398.000000 -7.368987 -55.357715 -29.364101 -0.309092 -0.015621 0.347419 0.885165
1399.000000 -7.506433 -55.379838 -29.346967 -0.308612 -0.013443 0.348091 0.885105
1400.000000 -7.685352 -55.110894 -29.866616 -0.303476 -0.012345 0.348933 0.886564
1401.000000 -7.821256 -54.687486 -30.664839 -0.296345 -0.012695 0.349607 0.888703
1402.000000 -7.736112 -54.540698 -31.010761 -0.294575 -0.014651 0.349269 0.889394
1403.000000 -7.461569 -54.773820 -30.728700 -0.299429 -0.017286 0.348004 0.888221
1404.000000 -7.132437 -55.306013 -29.902780 -0.309101 -0.019110 0.346462 0.885469
1405.000000 -6.877887 -56.040249 -28.626181 -0.321671 -0.018624 0.345351 0.881427
1406.000000 -6.782001 -56.738075 -27.300242 -0.333205 -0.015800 0.345077 0.877295
1407.000000 -6.838236 -57.130658 -26.510982 -0.339254 -0.012382 0.345556 0.874840
1408.000000 -7.050135 -57.251846 -26.244744 -0.339943 -0.008121 0.346921 0.874082
1409.000000 -7.423820 -57.130583 -26.453112 -0.335553 -0.002731 0.349292 0.874867
1410.000000 -7.903790 -56.816703 -27.026894 -0.327325 0.003183 0.352352 0.876753
1411.000000 -8.401974 -56.378563 -27.826439 -0.317087 0.008536 0.355489 0.879210
1412.000000 -8.827158 -55.892131 -28.716450 -0.306760 0.012235 0.358045 0.881789
1413.000000 -9.070785 -55.439190 -29.567749 -0.298338 0.013177 0.359428 0.884100
1414.000000 -9.061800 -55.059672 -30.335763 -0.292745 0.010721 0.359392 0.886015
1415.000000 -8.815752 -54.701218 -31.114429 -0.288978 0.004996 0.358175 0.887794
1416.000000 -8.401861 -54.461089 -31.711104 -0.287916 -0.002308 0.356177 0.888953
1417.000000 -7.989815 -54.526702 -31.768339 -0.291105 -0.007746 0.354271 0.888645
1418.000000 -7.693791 -54.758566 -31.500586 -0.295976 -0.010588 0.352976 0.887521
1419.000000 -7.520194 -55.019269 -31.140479 -0.300657 -0.011573 0.352240 0.886227
1420.000000 -7.455042 -55.227470 -30.837400 -0.304073 -0.011357 0.351959 0.885175
1421.000000 -7.480639 -55.426258 -30.523073 -0.306871 -0.009877 0.352115 0.884165
1422.000000 -7.583615 -55.675831 -30.091431 -0.309963 -0.006924 0.352682 0.882887
1423.000000 -7.752497 -56.028165 -29.441523 -0.314177 -0.002288 0.353629 0.881042
1424.000000 -8.090097 -56.249735 -28.984043 -0.315448 0.004142 0.355421 0.879859
1425.000000 -8.721761 -55.957737 -29.427335 -0.307173 0.011807 0.358734 0.881371
1426.000000 -9.191959 -55.794845 -29.656695 -0.301777 0.017881 0.361255 0.882103
1427.000000 -9.409187 -55.602109 -30.007885 -0.297521 0.020017 0.362514 0.882986
1428.000000 -9.371908 -55.435829 -30.375173 -0.295343 0.018530 0.362435 0.883782
1429.000000 -9.168028 -55.375000 -30.595360 -0.295779 0.015197 0.361416 0.884117
1430.000000 -8.884320 -55.458574 -30.588176 -0.298635 0.011585 0.359983 0.883796
1431.000000 -8.587826 -55.572860 -30.520635 -0.302011 0.008027 0.358547 0.883271
1432.000000 -8.337130 -55.592062 -30.612966 -0.303719 0.004561 0.357358 0.883193
1433.000000 -8.188330 -55.386224 -31.082675 -0.301609 0.001233 0.356653 0.884211
1434.000000 -8.029900 -55.171100 -31.563051 -0.299464 -0.002255 0.355886 0.885246
1435.000000 -7.626961 -55.440329 -31.248814 -0.305500 -0.006397 0.354000 0.883919
1436.000000 -7.526362 -55.464677 -31.289061 -0.306342 -0.007609 0.353612 0.883773
1437.000000 -7.993128 -55.222291 -31.657947 -0.300299 -0.002417 0.355855 0.884976
1438.000000 -8.591189 -54.878124 -32.152149 -0.292184 0.003959 0.358652 0.886556
1439.000000 -9.108196 -54.591325 -32.549571 -0.285393 0.009473 0.361034 0.887759
1440.000000 -9.457764 -54.423055 -32.782437 -0.281208 0.013310 0.362621 0.888398
1441.000000 -9.680202 -54.342201 -32.903659 -0.278940 0.015866 0.363573 0.888682
1442.000000 -9.826492 -54.321218 -32.954415 -0.277806 0.017762 0.364182 0.888752
1443.000000 -9.959684 -54.324602 -32.972103 -0.277030 0.019609 0.364736 0.888728
1444.000000 -10.140289 -54.316238 -32.993641 -0.275845 0.022014 0.365499 0.888727
1445.000000 -10.350631 -54.229588 -33.130960 -0.273483 0.024362 0.366411 0.889020
1446.000000 -10.230091 -54.064162 -33.494721 -0.271942 0.021828 0.365976 0.889737
1447.000000 -9.543156 -54.075158 -33.734333 -0.275878 0.012738 0.363115 0.889874
1448.000000 -8.991198 -54.176101 -33.777456 -0.280228 0.005980 0.360793 0.889531
1449.000000 -8.812421 -54.253192 -33.752950 -0.282241 0.004054 0.360042 0.889209
1450.000000 -8.947923 -54.299031 -33.696008 -0.282133 0.006137 0.360646 0.888987
1451.000000 -9.244526 -54.417472 -33.481188 -0.282088 0.010713 0.361926 0.888438
1452.000000 -9.569744 -54.635718 -33.094502 -0.283197 0.016188 0.363279 0.887449
1453.000000 -9.896170 -54.680138 -32.989275 -0.281949 0.020768 0.364663 0.887183
1454.000000 -10.227240 -54.313832 -33.551615 -0.275183 0.023180 0.366191 0.888618
1455.000000 -10.614216 -53.854675 -34.223418 -0.267003 0.025841 0.367966 0.890305
1456.000000 -11.102613 -53.494563 -34.682486 -0.259700 0.030343 0.370077 0.891447
1457.000000 -11.593954 -53.266424 -34.918839 -0.254192 0.035522 0.372069 0.892014
1458.000000 -11.821530 -53.120683 -35.113551 -0.251217 0.037640 0.372918 0.892416
1459.000000 -11.742701 -53.011376 -35.363254 -0.250304 0.035981 0.372583 0.892880
1460.000000 -11.477239 -52.891050 -35.689754 -0.250186 0.031969 0.371634 0.893461
1461.000000 -11.160014 -52.713147 -36.112347 -0.249584 0.027086 0.370580 0.894229
1462.000000 -10.900213 -52.506588 -36.551944 -0.248329 0.022818 0.369755 0.895038
1463.000000 -10.561538 -52.299111 -37.007528 -0.247480 0.017628 0.368662 0.895841
1464.000000 -10.079428 -52.106328 -37.470969 -0.247546 0.010835 0.367066 0.896586
1465.000000 -9.754289 -52.005876 -37.752793 -0.247957 0.006441 0.365978 0.896959
1466.000000 -9.736261 -52.001987 -37.816586 -0.248038 0.006206 0.365910 0.896966
1467.000000 -10.012617 -52.100691 -37.658050 -0.247936 0.009986 0.366806 0.896594
1468.000000 -10.480148 -52.272734 -37.344121 -0.247750 0.016403 0.368317 0.895932
1469.000000 -11.035049 -52.487877 -36.942811 -0.247575 0.024085 0.370089 0.895076
1470.000000 -11.571125 -52.706896 -36.527185 -0.247520 0.031653 0.371777 0.894155
1471.000000 -12.012100 -52.884861 -36.186928 -0.247423 0.037962 0.373172 0.893355
1472.000000 -12.356277 -52.794540 -36.262017 -0.244493 0.041769 0.374405 0.893476
1473.000000 -12.674166 -52.624137 -36.456274 -0.240730 0.044848 0.375589 0.893852
1474.000000 -12.977646 -52.661979 -36.349031 -0.239651 0.048788 0.376535 0.893537
1475.000000 -12.956841 -52.560383 -36.555298 -0.238584 0.047999 0.376465 0.893895
1476.000000 -12.616287 -52.260100 -37.150318 -0.236771 0.042326 0.375485 0.895075
1477.000000 -12.021357 -51.781174 -38.059081 -0.234101 0.032849 0.373817 0.896872
1478.000000 -11.467326 -51.263389 -38.975693 -0.230788 0.023871 0.372304 0.898642
1479.000000 -11.173509 -50.776848 -39.749003 -0.226620 0.018199 0.371574 0.900136
1480.000000 -11.061911 -50.283402 -40.462379 -0.221563 0.014647 0.371389 0.901535
1481.000000 -11.019038 -49.752033 -41.187692 -0.215845 0.011724 0.371383 0.902967
1482.000000 -10.879884 -49.369471 -41.745263 -0.212287 0.008412 0.371035 0.903989
1483.000000 -10.945505 -49.218209 -41.967232 -0.210355 0.008395 0.371183 0.904380
1484.000000 -11.349366 -49.259793 -41.868716 -0.208995 0.012952 0.372192 0.904227
1485.000000 -11.926978 -49.472485 -41.511511 -0.208702 0.020209 0.373618 0.903573
1486.000000 -12.510440 -49.831563 -40.961639 -0.210000 0.028244 0.374986 0.902490
1487.000000 -12.985860 -50.339439 -40.241901 -0.213494 0.035828 0.375972 0.900989
1488.000000 -13.277340 -50.783438 -39.640462 -0.217170 0.041164 0.376493 0.899664
1489.000000 -13.424929 -50.751010 -39.688393 -0.216109 0.042694 0.376901 0.899678
1490.000000 -13.329511 -50.545135 -40.037608 -0.214219 0.040690 0.376777 0.900274
1491.000000 -13.063256 -50.371309 -40.398512 -0.213514 0.036927 0.376169 0.900858
1492.000000 -12.906193 -50.155604 -40.770873 -0.211876 0.034180 0.375841 0.901490
1493.000000 -12.730039 -49.832164 -41.274706 -0.209150 0.030772 0.375524 0.902381
1494.000000 -12.524932 -49.312408 -42.014385 -0.204381 0.026251 0.375249 0.903730
1495.000000 -12.564802 -48.640264 -42.837773 -0.196987 0.023731 0.375594 0.905297
1496.000000 -12.841682 -48.078325 -43.443581 -0.189866 0.024198 0.376420 0.906462
1497.000000 -13.313139 -47.636028 -43.844271 -0.183232 0.027185 0.377609 0.907248
1498.000000 -13.782267 -47.066370 -44.369340 -0.175361 0.029555 0.378776 0.908242
1499.000000 -13.618460 -47.057526 -44.488648 -0.176008 0.027770 0.378368 0.908343
1500.000000 -13.391216 -47.148940 -44.520896 -0.177879 0.025831 0.377855 0.908250
1501.000000 -13.522911 -46.966432 -44.731151 -0.175430 0.026434 0.378167 0.908579
1502.000000 -13.883262 -46.683335 -44.971523 -0.171031 0.028938 0.378955 0.909013
1503.000000 -14.311550 -46.500207 -45.083388 -0.167343 0.032540 0.379854 0.909202
1504.000000 -14.650995 -46.610060 -44.916371 -0.167032 0.036432 0.380468 0.908855
1505.000000 -14.771614 -47.027420 -44.496307 -0.170802 0.039390 0.380509 0.908013
1506.000000 -14.735535 -47.445804 -44.121113 -0.175259 0.040773 0.380236 0.907217
1507.000000 -14.524944 -47.610004 -44.073784 -0.177832 0.039302 0.379758 0.906982
1508.000000 -14.493152 -47.901982 -43.826550 -0.180945 0.040242 0.379583 0.906397
1509.000000 -15.039950 -47.914797 -43.686217 -0.178713 0.045939 0.380654 0.906120
1510.000000 -15.663839 -47.718766 -43.737135 -0.173978 0.051557 0.381992 0.906176
1511.000000 -15.992192 -47.519850 -43.888376 -0.170514 0.054108 0.382752 0.906365
1512.000000 -15.998558 -47.294604 -44.183950 -0.168204 0.053182 0.382881 0.906797
1513.000000 -15.793729 -46.988324 -44.636463 -0.165989 0.049785 0.382661 0.907491
1514.000000 -15.511915 -46.544073 -45.251061 -0.162712 0.045081 0.382378 0.908449
1515.000000 -15.294670 -45.901772 -46.031197 -0.157218 0.040250 0.382305 0.909673
1516.000000 -15.292665 -45.106930 -46.868512 -0.149427 0.036958 0.382638 0.910985
1517.000000 -15.352799 -44.407725 -47.570924 -0.142431 0.034677 0.382997 0.912044
1518.000000 -15.163284 -43.672702 -48.365627 -0.136211 0.029888 0.382938 0.913188
1519.000000 -14.996498 -42.980004 -49.092302 -0.130379 0.025565 0.382888 0.914191
1520.000000 -15.059685 -42.637136 -49.429214 -0.126921 0.024833 0.383094 0.914611
1521.000000 -15.369786 -42.762538 -49.282554 -0.126839 0.028229 0.383499 0.914354
1522.000000 -15.807142 -42.921397 -49.063380 -0.126610 0.032905 0.383998 0.914020
1523.000000 -16.358484 -42.780530 -49.064261 -0.123148 0.037459 0.384726 0.914012
1524.000000 -17.022357 -42.668892 -48.994185 -0.119486 0.043203 0.385599 0.913877
1525.000000 -17.620070 -43.019227 -48.530828 -0.120400 0.050197 0.386173 0.913156
1526.000000 -17.910072 -43.350787 -48.181824 -0.122403 0.054278 0.386354 0.912580
1527.000000 -18.051846 -43.110362 -48.399585 -0.119596 0.054655 0.386654 0.912802
1528.000000 -18.293733 -42.715011 -48.717294 -0.114931 0.055318 0.387123 0.913163
1529.000000 -18.378557 -42.360062 -49.052517 -0.111280 0.054692 0.387386 0.913541
1530.000000 -18.188497 -41.845455 -49.614851 -0.107297 0.050943 0.387429 0.914216
1531.000000 -17.660240 -41.018559 -50.540628 -0.101845 0.042937 0.387218 0.915339
1532.000000 -17.090740 -40.324454 -51.347452 -0.097790 0.035149 0.386875 0.916258
1533.000000 -16.916366 -40.157798 -51.594753 -0.096927 0.032972 0.386785 0.916469
1534.000000 -16.823674 -39.996497 -51.809023 -0.095807 0.031553 0.386774 0.916641
1535.000000 -16.654912 -39.446442 -52.341781 -0.091575 0.028010 0.386784 0.917185
1536.000000 -16.632838 -39.039263 -52.712296 -0.088105 0.026276 0.386865 0.917542
1537.000000 -17.007513 -39.270223 -52.479875 -0.088740 0.030354 0.387141 0.917238
1538.000000 -17.481394 -39.652494 -52.092489 -0.090335 0.035923 0.387440 0.916755
1539.000000 -18.051484 -39.949697 -51.726699 -0.090817 0.042079 0.387837 0.916277
1540.000000 -18.803037 -40.130462 -51.374421 -0.089598 0.049441 0.388402 0.915790
1541.000000 -19.808747 -40.165315 -51.023760 -0.086125 0.058557 0.389204 0.915245
1542.000000 -20.841698 -39.992353 -50.803010 -0.080667 0.067164 0.390103 0.914769
1543.000000 -21.258779 -39.560201 -51.023447 -0.075219 0.069256 0.390681 0.914830
1544.000000 -21.119707 -39.050907 -51.526514 -0.071235 0.066080 0.390880 0.915299
1545.000000 -20.659322 -38.365378 -52.278383 -0.066948 0.059444 0.390944 0.916050
1546.000000 -20.178488 -37.500208 -53.142983 -0.061230 0.052063 0.391067 0.916846
1547.000000 -19.733346 -36.586653 -53.997048 -0.055040 0.044924 0.391212 0.917554
1548.000000 -19.292214 -35.757929 -54.764169 -0.049629 0.038219 0.391306 0.918126
1549.000000 -18.866151 -35.127584 -55.376250 -0.045884 0.032404 0.391320 0.918539
1550.000000 -18.517269 -34.777250 -55.773712 -0.044212 0.028248 0.391280 0.918775
1551.000000 -18.300107 -34.722550 -55.939003 -0.044509 0.026239 0.391220 0.918846
1552.000000 -18.264173 -34.919562 -55.887249 -0.046238 0.026613 0.391171 0.918771
1553.000000 -18.490039 -35.282790 -55.642755 -0.048420 0.029740 0.391187 0.918555
1554.000000 -19.074133 -35.700077 -55.235529 -0.049803 0.036052 0.391332 0.918193
1555.000000 -19.940904 -36.091195 -54.729496 -0.049990 0.044682 0.391572 0.917701
1556.000000 -20.756890 -36.316012 -54.331709 -0.048969 0.052362 0.391832 0.917239
1557.000000 -21.413707 -36.250175 -54.175894 -0.046051 0.057697 0.392164 0.916928
1558.000000 -21.923566 -35.857875 -54.288125 -0.040893 0.060620 0.392613 0.916792
1559.000000 -22.327067 -35.281313 -54.556091 -0.034582 0.061968 0.393109 0.916749
1560.000000 -22.608396 -34.565189 -54.952995 -0.027579 0.061774 0.393614 0.916783
1561.000000 -22.756674 -33.811652 -55.415307 -0.020794 0.060324 0.394065 0.916865
1562.000000 -22.768950 -33.180035 -55.848311 -0.015545 0.058177 0.394385 0.916970
1563.000000 -22.677320 -32.724284 -56.212559 -0.012125 0.055800 0.394580 0.917085
1564.000000 -22.554282 -32.362887 -56.529788 -0.009592 0.053517 0.394731 0.917187
1565.000000 -22.395802 -31.988037 -56.864223 -0.007086 0.050922 0.394893 0.917288
1566.000000 -22.152549 -31.571685 -57.249107 -0.004565 0.047524 0.395066 0.917411
1567.000000 -21.878100 -31.315862 -57.551213 -0.003472 0.044455 0.395162 0.917528
1568.000000 -21.615100 -31.371125 -57.676006 -0.004837 0.042561 0.395134 0.917624
1569.000000 -21.371572 -31.683179 -57.651506 -0.008176 0.041707 0.395010 0.917693
1570.000000 -21.162574 -32.162709 -57.519209 -0.012720 0.041696 0.394825 0.917721
1571.000000 -20.968122 -32.621251 -57.390220 -0.017036 0.041713 0.394640 0.917730
1572.000000 -20.765288 -32.870392 -57.381035 -0.019703 0.040931 0.394518 0.917765
1573.000000 -20.505270 -32.834219 -57.554075 -0.020289 0.038715 0.394481 0.917864
1574.000000 -20.173111 -32.567414 -57.879893 -0.019297 0.035159 0.394507 0.918017
1575.000000 -19.866800 -32.147833 -58.275355 -0.017031 0.031323 0.394578 0.918170
1576.000000 -19.732933 -31.579634 -58.685572 -0.013043 0.028371 0.394705 0.918277
1577.000000 -19.758416 -30.829035 -59.129849 -0.007132 0.026071 0.394886 0.918333
1578.000000 -19.856332 -30.029821 -59.562738 -0.000647 0.024178 0.395069 0.918333
1579.000000 -19.941647 -29.314593 -59.946128 0.005112 0.022468 0.395215 0.918299
1580.000000 -20.011174 -28.723883 -60.265889 0.009849 0.021047 0.395321 0.918249
1581.000000 -20.118572 -28.270380 -60.503089 0.013670 0.020362 0.395385 0.918188
1582.000000 -20.319927 -27.964304 -60.637604 0.016686 0.020868 0.395400 0.918120
1583.000000 -20.658697 -27.820579 -60.648685 0.018913 0.022943 0.395358 0.918046
1584.000000 -21.093211 -27.891653 -60.524602 0.019807 0.026455 0.395256 0.917976
1585.000000 -21.547158 -28.246295 -60.256671 0.018590 0.031062 0.395086 0.917930
1586.000000 -21.945845 -28.944497 -59.836257 0.014546 0.036408 0.394825 0.917919
1587.000000 -22.272882 -29.840764 -59.328986 0.008702 0.041901 0.394493 0.917902
1588.000000 -22.573020 -30.592064 -58.887347 0.003853 0.046745 0.394198 0.917828
1589.000000 -22.890674 -30.882877 -58.668851 0.002638 0.050210 0.394080 0.917700
1590.000000 -23.237786 -30.636967 -58.717832 0.005725 0.052111 0.394197 0.917530
1591.000000 -23.598423 -29.949576 -58.984677 0.012298 0.052637 0.394511 0.917300
1592.000000 -23.945364 -28.962652 -59.393023 0.021113 0.052053 0.394940 0.916988
1593.000000 -24.251021 -27.814785 -59.872564 0.030959 0.050614 0.395399 0.916591
1594.000000 -24.490245 -26.615249 -60.375369 0.040888 0.048497 0.395831 0.916130
1595.000000 -24.637360 -25.466294 -60.866463 0.050047 0.045854 0.396213 0.915646
1596.000000 -24.665547 -24.473729 -61.318294 0.057579 0.042841 0.396545 0.915206
1597.000000 -24.547824 -23.745553 -61.708547 0.062629 0.039614 0.396838 0.914892
1598.000000 -24.257952 -23.390070 -62.016216 0.064351 0.036332 0.397104 0.914794
1599.000000 -23.790061 -23.464327 -62.227094 0.062344 0.033130 0.397350 0.914947
1600.000000 -23.172507 -23.936464 -62.338156 0.056950 0.030113 0.397575 0.915305
1601.000000 -22.449337 -24.715734 -62.356471 0.048972 0.027306 0.397766 0.915772
1602.000000 -21.678082 -25.656768 -62.306792 0.039637 0.024659 0.397905 0.916238
1603.000000 -20.917296 -26.610769 -62.223823 0.030206 0.022122 0.397981 0.916629
1604.000000 -20.224578 -27.430198 -62.153767 0.021945 0.019643 0.398005 0.916910
1605.000000 -19.655857 -27.969746 -62.152361 0.016122 0.017175 0.398009 0.917079
1606.000000 -19.265354 -28.087031 -62.278131 0.013977 0.014669 0.398030 0.917149
1607.000000 -19.078994 -27.714428 -62.558314 0.016089 0.012109 0.398083 0.917129
1608.000000 -19.089186 -26.874240 -62.976949 0.022235 0.009521 0.398157 0.916998
1609.000000 -19.268722 -25.641944 -63.490667 0.031722 0.006949 0.398218 0.916716
1610.000000 -19.556326 -24.183359 -64.029675 0.043104 0.004470 0.398228 0.916262
1611.000000 -19.885490 -22.679442 -64.533945 0.054851 0.002164 0.398169 0.915668
1612.000000 -20.187463 -21.316975 -64.960905 0.065432 0.000113 0.398055 0.915025
1613.000000 -20.392130 -20.285487 -65.284424 0.073325 -0.001604 0.397941 0.914475
1614.000000 -20.451693 -19.723236 -65.495817 0.077462 -0.002902 0.397889 0.914153
1615.000000 -20.361174 -19.670653 -65.597845 0.077582 -0.003695 0.397941 0.914117
1616.000000 -20.121108 -20.155619 -65.582672 0.073506 -0.003895 0.398107 0.914381
1617.000000 -19.762590 -21.124216 -65.444443 0.065687 -0.003449 0.398352 0.914871
1618.000000 -19.355380 -22.418561 -65.192452 0.055402 -0.002347 0.398602 0.915446
1619.000000 -18.971710 -23.873700 -64.844678 0.043985 -0.000583 0.398788 0.915988
1620.000000 -18.681922 -25.328211 -64.432466 0.032772 0.001849 0.398870 0.916420
1621.000000 -18.553825 -26.625763 -64.001599 0.023092 0.004958 0.398852 0.916711
1622.000000 -18.653139 -27.615047 -63.609022 0.016269 0.008755 0.398768 0.916866
1623.000000 -19.044216 -28.148571 -63.315361 0.013618 0.013250 0.398664 0.916900
1624.000000 -19.724260 -28.164433 -63.156735 0.015631 0.018230 0.398592 0.916814
1625.000000 -20.576755 -27.749756 -63.125147 0.021338 0.023123 0.398585 0.916592
1626.000000 -21.477220 -27.002976 -63.205867 0.029620 0.027324 0.398633 0.916225
1627.000000 -22.302165 -26.019841 -63.389109 0.039360 0.030223 0.398709 0.915734
1628.000000 -22.956581 -24.890355 -63.665265 0.049572 0.031414 0.398795 0.915160
1629.000000 -23.397168 -23.695786 -64.016532 0.059513 0.030850 0.398890 0.914545
1630.000000 -23.615366 -22.509924 -64.419972 0.068626 0.028722 0.399011 0.913923
1631.000000 -23.621336 -21.403201 -64.850562 0.076454 0.025346 0.399179 0.913328
1632.000000 -23.425108 -20.447950 -65.285762 0.082541 0.021032 0.399412 0.912806
1633.000000 -23.037336 -19.718190 -65.704436 0.086430 0.016095 0.399722 0.912411
1634.000000 -22.516808 -19.252928 -66.079594 0.088065 0.011068 0.400091 0.912167
1635.000000 -21.998846 -19.029000 -66.376225 0.088043 0.006815 0.400453 0.912052
1636.000000 -21.591795 -19.006896 -66.573940 0.086975 0.003948 0.400739 0.912046
1637.000000 -21.383196 -19.141063 -66.660748 0.085433 0.002914 0.400885 0.912131
1638.000000 -21.428104 -19.391285 -66.631861 0.083854 0.003962 0.400850 0.912290
1639.000000 -21.723835 -19.727664 -66.494879 0.082428 0.006987 0.400631 0.912497
1640.000000 -22.228519 -20.129711 -66.264584 0.081170 0.011656 0.400259 0.912726
1641.000000 -22.879435 -20.582440 -65.960428 0.079998 0.017510 0.399776 0.912947
1642.000000 -23.614060 -21.071121 -65.603280 0.078824 0.024086 0.399227 0.913140
1643.000000 -24.370988 -21.581136 -65.216486 0.077566 0.030924 0.398653 0.913292
1644.000000 -25.088012 -22.084177 -64.832019 0.076230 0.037503 0.398095 0.913402
1645.000000 -25.701600 -22.514849 -64.499675 0.075081 0.043167 0.397611 0.913458
1646.000000 -26.183480 -22.810208 -64.258624 0.074480 0.047504 0.397240 0.913453
1647.000000 -26.525537 -22.912163 -64.138907 0.074816 0.050261 0.397013 0.913377
1648.000000 -26.719149 -22.762272 -64.168748 0.076481 0.051184 0.396964 0.913209
1649.000000 -26.756023 -22.304097 -64.370630 0.079843 0.050041 0.397125 0.912914
1650.000000 -26.667253 -21.565575 -64.714777 0.084782 0.047152 0.397463 0.912476
1651.000000 -26.529848 -20.672078 -65.118164 0.090628 0.043460 0.397867 0.911921
1652.000000 -26.424512 -19.757294 -65.500635 0.096683 0.039945 0.398233 0.911300
1653.000000 -26.433926 -18.960646 -65.788894 0.102240 0.037595 0.398470 0.910690
1654.000000 -26.643760 -18.439376 -65.910293 0.106498 0.037465 0.398480 0.910202
1655.000000 -26.914490 -18.292982 -65.899821 0.108354 0.038877 0.398326 0.909991
1656.000000 -26.686729 -18.374570 -66.028633 0.107112 0.037523 0.398463 0.910135
1657.000000 -26.086137 -18.554622 -66.276383 0.104076 0.033914 0.398872 0.910450
1658.000000 -25.400476 -18.717249 -66.553801 0.100926 0.029708 0.399373 0.910732
1659.000000 -24.922634 -18.735621 -66.784515 0.099388 0.026531 0.399746 0.910835
1660.000000 -24.851680 -18.468685 -66.939489 0.100985 0.025292 0.399849 0.910650
1661.000000 -25.010925 -18.091654 -67.038788 0.103987 0.025264 0.399794 0.910337
1662.000000 -25.109788 -17.899944 -67.110458 0.105538 0.025353 0.399755 0.910173
1663.000000 -24.955914 -17.975258 -67.205835 0.104533 0.024510 0.399860 0.910266
1664.000000 -24.497280 -18.093711 -67.401108 0.102360 0.021735 0.400189 0.910439
1665.000000 -23.930978 -18.099641 -67.660909 0.100672 0.017919 0.400607 0.910526
1666.000000 -23.891230 -18.089120 -67.735673 0.100670 0.017612 0.400620 0.910527
1667.000000 -24.304105 -18.149764 -67.629861 0.101514 0.020565 0.400283 0.910520
1668.000000 -24.925790 -18.355651 -67.404528 0.101979 0.025369 0.399777 0.910569
1669.000000 -25.514129 -18.783093 -67.122660 0.100826 0.030626 0.399252 0.910766
1670.000000 -25.866583 -19.452028 -66.853223 0.097302 0.035017 0.398822 0.911179
1671.000000 -26.009536 -20.081073 -66.668083 0.093397 0.037870 0.398529 0.911601
1672.000000 -26.043121 -20.303351 -66.644329 0.091932 0.038759 0.398403 0.911768
1673.000000 -25.964373 -19.961223 -66.834941 0.093982 0.037192 0.398491 0.911586
1674.000000 -25.625231 -19.194017 -67.246184 0.098142 0.032598 0.398857 0.911163
1675.000000 -24.862529 -18.166094 -67.872046 0.102789 0.024418 0.399565 0.910596
1676.000000 -23.606046 -17.046461 -68.663422 0.106556 0.012764 0.400610 0.909942
1677.000000 -22.046573 -16.017166 -69.481714 0.108800 -0.000486 0.401810 0.909236
1678.000000 -20.426282 -15.272664 -70.197936 0.108987 -0.013166 0.403006 0.908589
1679.000000 -19.005225 -15.018093 -70.707528 0.106584 -0.023049 0.404076 0.908202
1680.000000 -17.958670 -15.382473 -70.960353 0.101293 -0.028722 0.404966 0.908249
1681.000000 -17.296977 -16.257712 -70.988428 0.093824 -0.030483 0.405656 0.908686
1682.000000 -17.017347 -17.485536 -70.823104 0.085150 -0.028809 0.406097 0.909398
1683.000000 -17.117476 -18.912027 -70.490368 0.076226 -0.024120 0.406262 0.910252
1684.000000 -17.597776 -20.385869 -70.017371 0.068023 -0.016791 0.406155 0.911114
1685.000000 -18.457947 -21.754517 -69.437959 0.061545 -0.007201 0.405807 0.911856
1686.000000 -19.593766 -22.859858 -68.824353 0.057560 0.003543 0.405293 0.912366
1687.000000 -20.675777 -23.537580 -68.332620 0.056242 0.012777 0.404810 0.912580
1688.000000 -21.617777 -23.594117 -68.076125 0.058661 0.019289 0.404432 0.912481
1689.000000 -22.339929 -22.903979 -68.133951 0.065426 0.022115 0.404227 0.912048
1690.000000 -22.666546 -21.543839 -68.524471 0.075457 0.020298 0.404281 0.911291
1691.000000 -22.647578 -19.705085 -69.138064 0.087537 0.014777 0.404502 0.910218
1692.000000 -22.365564 -17.600650 -69.851551 0.100440 0.006784 0.404796 0.908849
1693.000000 -21.901763 -15.455601 -70.560596 0.112933 -0.002431 0.405111 0.907263
1694.000000 -21.339640 -13.504515 -71.188591 0.123788 -0.011628 0.405430 0.905631
1695.000000 -20.767085 -11.986098 -71.686110 0.131791 -0.019579 0.405754 0.904219
1696.000000 -20.278571 -11.132394 -72.020808 0.135813 -0.025069 0.406085 0.903339
1697.000000 -20.016053 -11.014410 -72.170072 0.135862 -0.027043 0.406356 0.903153
1698.000000 -19.931718 -11.571806 -72.163915 0.132182 -0.026000 0.406575 0.903631
1699.000000 -19.953911 -12.681821 -72.028708 0.125311 -0.022735 0.406752 0.904618
1700.000000 -20.091254 -14.140360 -71.775929 0.116522 -0.017756 0.406824 0.905871
1701.000000 -20.329316 -15.756377 -71.428682 0.106947 -0.011673 0.406773 0.907173
1702.000000 -20.651618 -17.344229 -71.024125 0.097712 -0.005099 0.406608 0.908348
1703.000000 -21.040829 -18.726156 -70.614562 0.089929 0.001360 0.406360 0.909276
1704.000000 -21.481298 -19.729199 -70.264559 0.084705 0.007102 0.406068 0.909881
1705.000000 -21.960793 -20.179949 -70.044507 0.083161 0.011530 0.405767 0.910113
1706.000000 -22.464879 -19.907689 -70.019092 0.086383 0.014030 0.405490 0.909900
1707.000000 -22.891170 -18.898731 -70.216916 0.094153 0.013893 0.405313 0.909211
1708.000000 -23.076029 -17.337531 -70.614740 0.104753 0.010607 0.405315 0.908094
1709.000000 -22.969650 -15.523529 -71.126341 0.116051 0.004749 0.405481 0.906694
1710.000000 -22.669134 -13.686675 -71.654827 0.126836 -0.002371 0.405719 0.905151
1711.000000 -22.320354 -12.031174 -72.117104 0.136250 -0.009240 0.405932 0.903642
1712.000000 -22.075554 -10.771386 -72.448602 0.143427 -0.014317 0.406038 0.902417
1713.000000 -22.090277 -10.125305 -72.595593 0.147501 -0.016052 0.405957 0.901768
1714.000000 -22.491853 -10.262665 -72.511830 0.147802 -0.013194 0.405594 0.901928
1715.000000 -23.189627 -10.995812 -72.243035 0.145211 -0.006822 0.404951 0.902708
1716.000000 -23.986511 -11.965783 -71.886489 0.141373 0.000858 0.404143 0.903704
1717.000000 -24.705111 -12.849697 -71.547667 0.137813 0.007847 0.403362 0.904569
1718.000000 -25.335377 -13.590037 -71.246425 0.134885 0.013926 0.402670 0.905245
1719.000000 -25.872936 -14.153692 -70.997874 0.132798 0.018972 0.402097 0.905717
1720.000000 -26.299757 -14.487527 -70.827269 0.131851 0.022694 0.401662 0.905962
1721.000000 -26.598846 -14.538437 -70.759186 0.132348 0.024798 0.401381 0.905960
1722.000000 -26.748044 -14.245668 -70.818065 0.134625 0.024943 0.401284 0.905663
1723.000000 -26.717837 -13.537992 -71.025164 0.139050 0.022745 0.401423 0.904990
1724.000000 -26.487066 -12.373414 -71.381373 0.145799 0.017978 0.401814 0.903861
1725.000000 -26.130500 -10.991752 -71.796477 0.153518 0.011825 0.402318 0.902459
1726.000000 -25.771163 -9.774424 -72.160327 0.160144 0.006145 0.402768 0.901163
1727.000000 -25.507486 -9.067735 -72.404428 0.163824 0.002514 0.403083 0.900377
1728.000000 -25.280058 -8.900800 -72.562724 0.164245 0.000631 0.403353 0.900183
1729.000000 -25.047129 -9.102661 -72.675527 0.162362 -0.000246 0.403629 0.900401
1730.000000 -24.788003 -9.490686 -72.771193 0.159253 -0.000757 0.403928 0.900822
1731.000000 -24.483005 -9.882690 -72.878493 0.155990 -0.001537 0.404271 0.901238
1732.000000 -24.113103 -10.097446 -73.028718 0.153640 -0.003211 0.404680 0.901454
1733.000000 -23.662212 -10.023344 -73.243039 0.152842 -0.006186 0.405161 0.901358
1734.000000 -23.137835 -9.774478 -73.501075 0.152905 -0.010093 0.405692 0.901073
1735.000000 -22.677183 -9.582704 -73.727152 0.152788 -0.013448 0.406145 0.900845
1736.000000 -22.474727 -9.695056 -73.832220 0.151536 -0.014384 0.406366 0.900942
1737.000000 -22.588035 -9.893478 -73.829415 0.150644 -0.013161 0.406280 0.901149
1738.000000 -22.926720 -9.724460 -73.805756 0.152621 -0.011580 0.405918 0.901001
1739.000000 -23.296466 -9.234864 -73.810941 0.156639 -0.010687 0.405488 0.900516
1740.000000 -23.484468 -8.576718 -73.888136 0.161177 -0.011351 0.405244 0.899817
1741.000000 -23.276551 -7.899516 -74.085428 0.164715 -0.014450 0.405418 0.899053
1742.000000 -22.829415 -7.571389 -74.314027 0.165455 -0.018024 0.405858 0.898654
1743.000000 -22.513655 -7.884122 -74.433644 0.162698 -0.019050 0.406238 0.898964
1744.000000 -22.219779 -8.537793 -74.506422 0.157965 -0.019022 0.406652 0.899622
1745.000000 -21.828494 -9.181877 -74.602911 0.153042 -0.019624 0.407179 0.900222
1746.000000 -21.227277 -9.490106 -74.796016 0.149581 -0.022426 0.407880 0.900420
1747.000000 -20.440909 -9.603820 -75.058735 0.146777 -0.026870 0.408711 0.900383
1748.000000 -19.600114 -9.919153 -75.299488 0.142598 -0.031064 0.409579 0.900525
1749.000000 -18.820953 -10.371669 -75.494327 0.137762 -0.034491 0.410383 0.900788
1750.000000 -18.220067 -10.800797 -75.638299 0.133554 -0.036899 0.411010 0.901040
1751.000000 -17.985541 -11.148148 -75.700669 0.130832 -0.037337 0.411292 0.901292
1752.000000 -17.984215 -11.230058 -75.745538 0.130322 -0.037111 0.411296 0.901374
1753.000000 -17.862402 -10.881920 -75.881907 0.132045 -0.038769 0.411302 0.901051
1754.000000 -17.750271 -10.304656 -76.045751 0.135153 -0.040994 0.411235 0.900521
1755.000000 -17.707665 -9.573156 -76.208625 0.139357 -0.043228 0.411058 0.899857
1756.000000 -17.524152 -8.326194 -76.454929 0.146210 -0.047680 0.410852 0.898638
1757.000000 -17.285447 -6.824303 -76.715504 0.154370 -0.053123 0.410568 0.897096
1758.000000 -17.168177 -5.509112 -76.904966 0.161720 -0.057335 0.410178 0.895719
1759.000000 -17.352558 -4.835380 -76.966095 0.166127 -0.058056 0.409722 0.895075
1760.000000 -18.016129 -5.259565 -76.842643 0.165440 -0.053047 0.409216 0.895744
1761.000000 -18.867298 -6.508761 -76.600045 0.160431 -0.044751 0.408729 0.897329
1762.000000 -19.336677 -7.584727 -76.442136 0.155382 -0.039154 0.408491 0.898587
1763.000000 -19.560443 -8.274172 -76.371773 0.151938 -0.036021 0.408397 0.899349
1764.000000 -19.655321 -8.417557 -76.388945 0.151357 -0.035084 0.408325 0.899517
1765.000000 -19.572573 -8.081377 -76.501956 0.153100 -0.036439 0.408336 0.899163
1766.000000 -19.465278 -7.803925 -76.612874 0.154395 -0.037769 0.408357 0.898877
1767.000000 -19.246133 -7.534463 -76.751367 0.155338 -0.039759 0.408464 0.898580
1768.000000 -18.848006 -7.104606 -76.948018 0.156756 -0.043229 0.408716 0.898059
1769.000000 -18.212958 -6.341724 -77.224399 0.159509 -0.048950 0.409135 0.897089
1770.000000 -17.285777 -5.064646 -77.588413 0.164459 -0.057700 0.409652 0.895438
1771.000000 -16.428491 -3.734774 -77.907197 0.169852 -0.066155 0.409985 0.893693
1772.000000 -16.217341 -3.454720 -78.022444 0.170926 -0.068120 0.410090 0.893292
1773.000000 -16.484434 -4.292882 -77.983242 0.166865 -0.064404 0.410197 0.894286
1774.000000 -16.912663 -4.969331 -77.909707 0.164136 -0.060191 0.410025 0.895162
1775.000000 -17.395881 -5.327944 -77.837575 0.163351 -0.056492 0.409634 0.895726
1776.000000 -17.918673 -5.570309 -77.759224 0.163316 -0.052854 0.409150 0.896176
1777.000000 -18.410610 -5.858558 -77.679216 0.162916 -0.049244 0.408734 0.896644
1778.000000 -18.681327 -6.284916 -77.636195 0.161115 -0.046519 0.408600 0.897176
1779.000000 -18.596381 -6.889930 -77.660829 0.157367 -0.045389 0.408851 0.897784
1780.000000 -18.428059 -7.306202 -77.719371 0.154514 -0.045255 0.409095 0.898175
1781.000000 -18.111034 -7.286002 -77.852879 0.153808 -0.047142 0.409341 0.898087
1782.000000 -17.501253 -6.553034 -78.114745 0.156437 -0.052590 0.409646 0.897191
1783.000000 -16.519850 -4.945756 -78.503708 0.163069 -0.062430 0.410003 0.895214
1784.000000 -15.265606 -3.597644 -78.887891 0.167439 -0.073091 0.410694 0.893282
1785.000000 -13.865798 -2.412348 -79.248215 0.170459 -0.084082 0.411551 0.891347
1786.000000 -12.469886 -1.180939 -79.564849 0.173702 -0.095107 0.412297 0.889266
1787.000000 -11.397755 -1.063266 -79.784424 0.171553 -0.101386 0.413366 0.888493
1788.000000 -10.890175 -2.127637 -79.891378 0.164324 -0.101435 0.414665 0.889248
1789.000000 -10.993699 -3.269338 -79.896047 0.158266 -0.097887 0.415361 0.890419
1790.000000 -11.342246 -3.845972 -79.879043 0.155996 -0.094465 0.415389 0.891175
1791.000000 -11.928369 -3.741009 -79.855948 0.158147 -0.091513 0.414718 0.891417
1792.000000 -12.831329 -3.343807 -79.790623 0.162707 -0.087529 0.413541 0.891543
1793.000000 -14.011957 -3.072299 -79.659697 0.167252 -0.081617 0.412201 0.891883
1794.000000 -15.255940 -3.101233 -79.486680 0.170284 -0.074535 0.410996 0.892486
1795.000000 -16.322343 -3.565058 -79.312124 0.170424 -0.067313 0.410133 0.893429
1796.000000 -17.284905 -4.430139 -79.121297 0.168024 -0.059639 0.409431 0.894750
1797.000000 -18.415265 -4.406281 -78.924151 0.171057 -0.053310 0.408084 0.895190
1798.000000 -18.808452 -2.874542 -78.958685 0.180754 -0.055028 0.407086 0.893633
1799.000000 -18.649869 -0.938750 -79.099583 0.191291 -0.060891 0.406575 0.891289
1800.000000 -18.258172 0.300215 -79.252901 0.197255 -0.066273 0.406543 0.889618
1801.000000 -17.751612 0.607428 -79.423370 0.197671 -0.069906 0.407004 0.889037
1802.000000 -17.042199 0.478231 -79.636100 0.195131 -0.073532 0.407900 0.888895
1803.000000 -16.118247 0.318698 -79.886263 0.191895 -0.078279 0.409117 0.888635
1804.000000 -15.134787 0.286917 -80.136147 0.189227 -0.083670 0.410367 0.888139
1805.000000 -14.271862 0.509348 -80.350810 0.188258 -0.089020 0.411302 0.887392
1806.000000 -13.591430 0.835755 -80.523355 0.188303 -0.093606 0.411906 0.886630
1807.000000 -13.035526 0.753296 -80.673265 0.186406 -0.096445 0.412585 0.886411
1808.000000 -13.257645 0.166975 -80.697652 0.183742 -0.093715 0.412696 0.887208
1809.000000 -13.882198 -0.391199 -80.649152 0.182262 -0.088854 0.412305 0.888195
1810.000000 -14.404492 -0.338335 -80.615287 0.183890 -0.086132 0.411669 0.888423
1811.000000 -14.646453 0.452591 -80.628649 0.188876 -0.086839 0.410966 0.887633
1812.000000 -14.797854 1.599975 -80.643546 0.195573 -0.088923 0.410167 0.886345
1813.000000 -15.072253 2.688795 -80.620682 0.202250 -0.090159 0.409257 0.885141
1814.000000 -15.672589 3.313465 -80.539808 0.207209 -0.088419 0.408214 0.884651
1815.000000 -16.605254 3.273196 -80.411557 0.209360 -0.083178 0.407076 0.885177
1816.000000 -17.486958 2.961348 -80.294011 0.209871 -0.077545 0.406047 0.886040
1817.000000 -17.836705 3.867235 -80.236001 0.215750 -0.077927 0.405097 0.885029
1818.000000 -18.123584 4.927353 -80.170950 0.222322 -0.079033 0.404171 0.883727
1819.000000 -18.005289 5.512191 -80.216635 0.225247 -0.081155 0.404052 0.882847
1820.000000 -17.585366 5.812407 -80.345476 0.225831 -0.084204 0.404482 0.882216
1821.000000 -17.093452 5.573187 -80.525578 0.223261 -0.086285 0.405260 0.882312
1822.000000 -16.585004 4.790587 -80.738685 0.217709 -0.087102 0.406338 0.883123
1823.000000 -16.104992 3.489705 -80.958506 0.209417 -0.086442 0.407670 0.884578
1824.000000 -15.443993 3.000538 -81.163712 0.205106 -0.088807 0.408830 0.884818
1825.000000 -14.368505 4.164236 -81.367170 0.208745 -0.097588 0.409598 0.882684
1826.000000 -13.113710 5.204808 -81.576717 0.211201 -0.107008 0.410542 0.880567
1827.000000 -11.874554 5.186428 -81.825144 0.207938 -0.113645 0.412067 0.879800
1828.000000 -10.444813 4.902482 -82.094823 0.202753 -0.120589 0.413987 0.879184
1829.000000 -9.506161 4.614680 -82.282525 0.198835 -0.124866 0.415361 0.878833
1830.000000 -9.222146 4.019619 -82.402386 0.194995 -0.124888 0.416214 0.879287
1831.000000 -9.355956 3.820836 -82.453639 0.194304 -0.123692 0.416219 0.879607
1832.000000 -9.541194 4.237863 -82.469357 0.197006 -0.123778 0.415673 0.879252
1833.000000 -9.422097 5.306180 -82.478776 0.202393 -0.127116 0.414997 0.877870
1834.000000 -9.203401 5.904866 -82.520300 0.205005 -0.129784 0.414784 0.876974
1835.000000 -9.412719 5.258123 -82.597752 0.202075 -0.127030 0.415045 0.877933
1836.000000 -10.107856 4.859384 -82.597195 0.201694 -0.122317 0.414511 0.878942
1837.000000 -10.899475 4.246944 -82.587468 0.200411 -0.116564 0.413956 0.880278
1838.000000 -11.121774 4.264866 -82.614258 0.201056 -0.115433 0.413638 0.880429
1839.000000 -10.904661 5.126936 -82.651530 0.205105 -0.118752 0.413295 0.879214
1840.000000 -10.821493 5.757364 -82.678006 0.208257 -0.120771 0.412937 0.878366
1841.000000 -10.131994 6.602830 -82.758917 0.211031 -0.126530 0.413158 0.876787
1842.000000 -9.530226 7.247656 -82.833436 0.212931 -0.131303 0.413405 0.875509
1843.000000 -9.649090 7.456581 -82.858432 0.214328 -0.131195 0.413100 0.875328
1844.000000 -9.650830 7.812098 -82.882843 0.216213 -0.132090 0.412819 0.874863
1845.000000 -9.144640 8.099662 -82.970027 0.216459 -0.135471 0.413246 0.874083
1846.000000 -8.795644 8.229863 -83.052319 0.216276 -0.137649 0.413603 0.873619
1847.000000 -8.444361 9.042535 -83.061577 0.219674 -0.141531 0.413383 0.872254
1848.000000 -8.328612 9.483716 -83.081250 0.221699 -0.143221 0.413158 0.871572
1849.000000 -8.378226 8.885220 -83.199524 0.218689 -0.141468 0.413610 0.872404
1850.000000 -7.949859 8.755304 -83.312500 0.216947 -0.143398 0.414280 0.872206
1851.000000 -7.882289 8.629621 -83.388993 0.216131 -0.143429 0.414478 0.872309
1852.000000 -7.917420 8.600468 -83.445521 0.216082 -0.143167 0.414459 0.872373
1853.000000 -7.588757 8.956266 -83.495738 0.217132 -0.145769 0.414583 0.871623
1854.000000 -7.335070 9.107665 -83.559628 0.217271 -0.147465 0.414777 0.871210
1855.000000 -6.505383 8.755171 -83.723565 0.213353 -0.150909 0.416153 0.870933
1856.000000 -5.543757 8.604511 -83.865648 0.210175 -0.155536 0.417507 0.870243
1857.000000 -4.846907 8.507557 -83.975757 0.207947 -0.158905 0.418476 0.869704
1858.000000 -4.449801 8.743028 -84.030499 0.208192 -0.161536 0.418752 0.869028
1859.000000 -4.214012 8.794468 -84.094239 0.207884 -0.162876 0.418996 0.868733
1860.000000 -4.449470 9.557889 -84.056295 0.212396 -0.163577 0.417971 0.868004
1861.000000 -4.620789 9.895060 -84.065542 0.214553 -0.163538 0.417444 0.867734
1862.000000 -4.104889 9.528491 -84.191872 0.211381 -0.165292 0.418441 0.867700
1863.000000 -3.393403 8.888016 -84.350449 0.206328 -0.167368 0.419958 0.867786
1864.000000 -3.389772 8.545153 -84.443508 0.204544 -0.166522 0.420315 0.868198
1865.000000 -4.598719 8.979387 -84.398181 0.209792 -0.161378 0.418379 0.868852
1866.000000 -4.831849 9.062857 -84.433221 0.210811 -0.160386 0.418001 0.868971
1867.000000 -4.617759 9.203706 -84.487462 0.210988 -0.161846 0.418123 0.868598
1868.000000 -4.048460 9.056937 -84.590123 0.208797 -0.164413 0.418955 0.868245
1869.000000 -3.178866 9.693201 -84.613955 0.209904 -0.170432 0.419391 0.866605
1870.000000 -2.084911 9.971066 -84.672496 0.208633 -0.176691 0.420468 0.865135
1871.000000 -1.600252 10.887317 -84.627483 0.212107 -0.181430 0.420115 0.863480
1872.000000 -1.580580 12.028502 -84.530490 0.217883 -0.184359 0.418918 0.862001
1873.000000 -1.261493 12.481381 -84.527638 0.219390 -0.187118 0.418827 0.861068
1874.000000 -0.413394 12.198161 -84.634821 0.215827 -0.190751 0.420211 0.860497
1875.000000 0.227969 11.669104 -84.766983 0.211550 -0.192710 0.421628 0.860430
1876.000000 -0.195115 11.815859 -84.802688 0.213384 -0.190937 0.420948 0.860705
1877.000000 -0.018793 11.615542 -84.886949 0.211954 -0.191342 0.421394 0.860750
1878.000000 0.072664 11.406332 -84.972845 0.210652 -0.191290 0.421739 0.860912
1879.000000 -0.452385 11.185466 -85.059016 0.210811 -0.188076 0.421347 0.861773
1880.000000 -1.214539 10.640264 -85.179084 0.209927 -0.182844 0.421023 0.863272
1881.000000 -0.638924 9.530931 -85.373486 0.202901 -0.182990 0.422917 0.863995
1882.000000 -0.193556 8.712840 -85.520218 0.197665 -0.183214 0.424341 0.864463
1883.000000 -0.480975 8.732147 -85.574503 0.198468 -0.181824 0.423965 0.864757
1884.000000 -0.749975 9.113612 -85.590110 0.201057 -0.181412 0.423225 0.864608
1885.000000 -0.256702 9.381874 -85.621152 0.201197 -0.184552 0.423518 0.863767
1886.000000 0.817026 9.353786 -85.677932 0.198394 -0.189908 0.424812 0.862618
1887.000000 1.005176 9.647220 -85.700683 0.199401 -0.191591 0.424711 0.862063
1888.000000 0.558658 10.380520 -85.676407 0.204196 -0.191151 0.423388 0.861689
1889.000000 1.038931 10.352323 -85.732741 0.202863 -0.193485 0.423981 0.861191
1890.000000 2.187857 10.063893 -85.802875 0.198563 -0.198534 0.425629 0.860230
1891.000000 1.692416 9.779177 -85.904276 0.198365 -0.195348 0.425391 0.861123
1892.000000 1.134956 9.561126 -85.994972 0.198660 -0.192022 0.424988 0.862002
1893.000000 1.634753 9.326113 -86.069279 0.196278 -0.193945 0.425833 0.861700
1894.000000 2.578029 9.490021 -86.085499 0.194759 -0.199071 0.426743 0.860424
1895.000000 3.109489 9.855286 -86.084169 0.195246 -0.202641 0.426918 0.859393
1896.000000 3.005273 9.887688 -86.141649 0.195663 -0.202185 0.426763 0.859483
1897.000000 2.988937 9.423210 -86.251781 0.193389 -0.200933 0.427287 0.860030
1898.000000 3.670436 8.453669 -86.383238 0.186860 -0.201922 0.429182 0.860299
1899.000000 3.749995 8.389843 -86.442955 0.186344 -0.202176 0.429348 0.860268
1900.000000 2.721602 8.904245 -86.486892 0.191458 -0.198351 0.427618 0.860897
1901.000000 3.296449 8.470972 -86.567538 0.187890 -0.200135 0.428759 0.860702
1902.000000 4.068109 8.200914 -86.618008 0.184640 -0.203291 0.429912 0.860091
1903.000000 4.584639 8.459501 -86.624692 0.184634 -0.206498 0.430153 0.859207
1904.000000 4.521205 8.239201 -86.706557 0.183697 -0.205637 0.430352 0.859515
1905.000000 4.393598 7.405420 -86.845359 0.179906 -0.202916 0.431193 0.860542
1906.000000 4.792495 7.256833 -86.894191 0.178166 -0.204517 0.431791 0.860225
1907.000000 5.377015 7.345250 -86.909882 0.177142 -0.207626 0.432289 0.859441
1908.000000 5.617267 7.086042 -86.973149 0.175262 -0.208186 0.432842 0.859412
1909.000000 5.656654 7.221860 -87.016537 0.175835 -0.208725 0.432720 0.859226
1910.000000 6.658931 6.902382 -87.028999 0.171755 -0.212866 0.434111 0.858333
1911.000000 7.464910 7.228403 -86.994348 0.171358 -0.217651 0.434495 0.857017
1912.000000 7.920430 7.108904 -87.021066 0.169637 -0.219600 0.435078 0.856566
1913.000000 7.690844 6.429656 -87.151812 0.166861 -0.216768 0.435710 0.857512
1914.000000 7.567053 6.178025 -87.238084 0.165946 -0.215527 0.435903 0.857903
1915.000000 7.909516 5.898324 -87.284421 0.163723 -0.216513 0.436569 0.857744
1916.000000 7.885462 5.123763 -87.392082 0.159972 -0.214476 0.437505 0.858486
1917.000000 7.923824 4.655443 -87.471970 0.157568 -0.213498 0.438115 0.858863
1918.000000 7.638139 4.647017 -87.555157 0.158235 -0.212069 0.437871 0.859219
1919.000000 7.814710 3.901973 -87.633265 0.154145 -0.211067 0.438930 0.859669
1920.000000 8.108966 3.045003 -87.697776 0.149199 -0.210358 0.440226 0.860052
1921.000000 7.863141 2.480351 -87.795335 0.147046 -0.207725 0.440689 0.860826
1922.000000 8.119440 2.377946 -87.830763 0.145909 -0.208724 0.441039 0.860598
1923.000000 8.469789 2.535247 -87.851753 0.145812 -0.210825 0.441146 0.860048
1924.000000 8.786974 1.520381 -87.901554 0.140049 -0.209821 0.442619 0.860494
1925.000000 9.072836 0.992926 -87.937287 0.136741 -0.209891 0.443480 0.860566
1926.000000 9.522683 0.679520 -87.949844 0.134070 -0.211304 0.444211 0.860263
1927.000000 9.669102 0.184508 -87.993288 0.131283 -0.210782 0.444920 0.860454
1928.000000 10.315140 -0.189238 -87.977046 0.127833 -0.213001 0.445853 0.859944
1929.000000 10.687110 -0.436463 -87.989081 0.125668 -0.214184 0.446412 0.859680
1930.000000 10.699056 -0.842120 -88.041854 0.123644 -0.213211 0.446906 0.859958
1931.000000 10.874822 -1.236525 -88.072980 0.121269 -0.213065 0.447499 0.860024
1932.000000 10.623450 -1.813741 -88.151043 0.119095 -0.210370 0.448015 0.860723
1933.000000 10.694054 -2.731326 -88.176103 0.114444 -0.208385 0.449157 0.861241
1934.000000 11.132756 -2.869709 -88.174694 0.112660 -0.210173 0.449624 0.860798
1935.000000 11.339209 -2.936861 -88.203499 0.111803 -0.211002 0.449844 0.860592
1936.000000 11.614986 -3.195102 -88.215786 0.109837 -0.211691 0.450327 0.860423
1937.000000 11.914613 -3.708162 -88.213147 0.106573 -0.211839 0.451122 0.860381
1938.000000 12.073574 -4.585435 -88.207559 0.101884 -0.210365 0.452269 0.860709
1939.000000 12.303762 -5.424345 -88.185238 0.097195 -0.209334 0.453410 0.860902
1940.000000 12.889185 -5.722709 -88.139971 0.094236 -0.211424 0.454100 0.860356
1941.000000 13.046545 -6.182375 -88.143121 0.091592 -0.211009 0.454731 0.860410
1942.000000 13.685184 -6.695651 -88.066133 0.087442 -0.212797 0.455680 0.859900
1943.000000 13.838796 -6.860143 -88.086744 0.086237 -0.213119 0.455942 0.859802
1944.000000 13.809416 -6.854606 -88.148962 0.086332 -0.212987 0.455914 0.859841
1945.000000 14.207087 -7.373142 -88.100913 0.082768 -0.213591 0.456725 0.859611
1946.000000 13.991081 -8.248248 -88.115147 0.079056 -0.210269 0.457671 0.860275
1947.000000 13.888520 -8.461591 -88.168099 0.078277 -0.209224 0.457880 0.860491
1948.000000 13.886352 -8.779680 -88.194831 0.076738 -0.208386 0.458259 0.860630
1949.000000 14.135171 -9.172537 -88.172832 0.074186 -0.208579 0.458837 0.860500
1950.000000 14.362433 -9.449501 -88.163643 0.072237 -0.208975 0.459263 0.860342
1951.000000 14.563750 -9.655627 -88.165691 0.070701 -0.209403 0.459587 0.860193
1952.000000 14.396914 -10.374819 -88.169113 0.067639 -0.206708 0.460365 0.860674
1953.000000 14.737828 -11.022922 -88.091467 0.063585 -0.206668 0.461263 0.860512
1954.000000 14.967191 -11.147048 -88.094205 0.062371 -0.207462 0.461496 0.860285
1955.000000 14.290026 -11.274308 -88.247278 0.063518 -0.203839 0.461394 0.861122
1956.000000 14.806930 -11.486771 -88.191779 0.061132 -0.205811 0.461832 0.860591
1957.000000 15.594677 -12.251331 -88.009886 0.055323 -0.207640 0.463005 0.859914
1958.000000 15.982142 -12.167759 -88.009058 0.054707 -0.209752 0.463030 0.859427
1959.000000 16.336023 -12.056909 -88.016963 0.054333 -0.211779 0.462997 0.858971
1960.000000 16.116956 -12.228305 -88.091682 0.054085 -0.210245 0.463126 0.859294
1961.000000 15.931229 -12.826427 -88.097418 0.051646 -0.207762 0.463778 0.859696
1962.000000 16.109945 -12.983871 -88.098479 0.050394 -0.208226 0.464017 0.859530
1963.000000 16.045588 -13.268721 -88.125182 0.049180 -0.207168 0.464331 0.859686
1964.000000 15.839551 -13.860256 -88.128418 0.046837 -0.204618 0.464962 0.860086
1965.000000 16.657943 -13.816850 -88.041794 0.044897 -0.208723 0.465141 0.859106
1966.000000 16.879775 -13.875720 -88.047589 0.044021 -0.209640 0.465263 0.858862
1967.000000 16.665565 -13.915861 -88.138945 0.044380 -0.208486 0.465255 0.859128
1968.000000 16.806321 -14.134714 -88.134526 0.042936 -0.208589 0.465546 0.859019
1969.000000 16.725241 -14.490839 -88.149849 0.041424 -0.207245 0.465944 0.859203
1970.000000 16.947660 -15.142908 -88.055172 0.037665 -0.206618 0.466754 0.859088
1971.000000 16.885797 -14.837478 -88.175972 0.039303 -0.207148 0.466314 0.859125
1972.000000 16.683209 -14.892001 -88.262428 0.039552 -0.206056 0.466204 0.859436
1973.000000 17.060924 -15.365100 -88.166414 0.036216 -0.206739 0.466557 0.859228
1974.000000 15.891995 -16.642216 -88.210156 0.033023 -0.197793 0.467379 0.861013
1975.000000 10.799012 -18.427409 -88.681326 0.037665 -0.168386 0.467683 0.866891
1976.000000 3.035212 -19.322614 -89.152826 0.053535 -0.128276 0.465826 0.873891
1977.000000 -3.965409 -20.355914 -88.942981 0.066577 -0.091336 0.463638 0.878786
1978.000000 -11.187838 -21.716484 -88.057256 0.078532 -0.052036 0.460937 0.882418
1979.000000 -18.396975 -22.792674 -86.621103 0.091988 -0.012823 0.457601 0.884294
1980.000000 -25.408732 -23.533209 -84.676884 0.106871 0.025413 0.453650 0.884384
1981.000000 -31.718842 -24.819521 -82.183033 0.117196 0.062424 0.449118 0.883550
1982.000000 -37.790079 -25.594991 -79.391508 0.129763 0.097775 0.444075 0.881135
