frame,timestamp,curvilinear_abscissa
0,1741148630.160914,0.34
1,1741148632.451961,0.67
2,1741148635.064896,1.01
3,1741148637.172103,1.34
4,1741148639.296280,1.68
5,1741148641.419475,2.01
6,1741148643.492071,2.35
7,1741148645.579250,2.68
8,1741148647.643213,3.02
9,1741148649.724174,3.36
10,1741148651.847137,3.69
11,1741148653.929833,4.03
12,1741148656.024338,4.36
13,1741148658.122320,4.70
14,1741148660.207946,5.03
15,1741148662.330919,5.37
16,1741148664.433470,5.70
17,1741148666.527001,6.04
18,1741148668.637345,6.37
19,1741148670.742951,6.71
20,1741148672.948725,7.05
21,1741148675.056657,7.38
22,1741148677.165710,7.72
23,1741148679.282279,8.05
24,1741148681.494510,8.39
25,1741148683.604633,8.72
26,1741148685.699416,9.06
27,1741148687.819407,9.39
28,1741148689.929300,9.73
29,1741148692.069557,10.07
30,1741148694.202111,10.40
31,1741148696.318708,10.74
32,1741148698.453628,11.07
33,1741148700.576951,11.41
34,1741148702.731904,11.74
35,1741148704.865836,12.08
36,1741148706.998654,12.42
37,1741148709.123960,12.75
38,1741148711.254074,13.09
39,1741148713.409329,13.42
40,1741148715.532375,13.76
41,1741148717.639251,14.09
42,1741148719.782738,14.42
43,1741148721.903099,14.76
44,1741148724.067761,15.10
45,1741148726.189509,15.43
46,1741148728.330080,15.77
47,1741148730.463799,16.10
48,1741148732.623492,16.44
49,1741148734.802303,16.77
50,1741148736.929617,17.10
51,1741148739.074531,17.44
52,1741148741.201134,17.77
53,1741148743.365615,18.10
54,1741148745.495617,18.44
55,1741148747.646594,18.78
56,1741148749.804408,19.11
57,1741148751.959755,19.45
58,1741148754.142792,19.78
59,1741148756.270027,20.12
60,1741148758.404433,20.45
61,1741148760.531952,20.79
62,1741148762.661993,21.12
63,1741148764.832385,21.46
64,1741148766.988209,21.79
65,1741148769.102379,22.13
66,1741148771.238956,22.47
67,1741148773.352608,22.80
68,1741148775.520210,23.13
69,1741148777.618755,23.47
70,1741148779.750887,23.80
71,1741148781.856708,24.14
72,1741148783.999055,24.48
73,1741148786.148332,24.81
74,1741148788.277541,25.15
75,1741148790.372969,25.48
76,1741148792.483997,25.82
77,1741148794.627072,26.15
78,1741148796.808382,26.49
79,1741148798.938740,26.82
80,1741148801.076010,27.16
81,1741148803.221359,27.49
82,1741148805.343246,27.82
83,1741148807.478594,28.16
84,1741148809.588275,28.49
85,1741148811.752527,28.83
86,1741148813.908309,29.16
87,1741148816.031972,29.49
88,1741148818.186422,29.83
89,1741148820.297398,30.16
90,1741148822.415815,30.50
91,1741148824.551859,30.83
92,1741148826.680959,31.17
93,1741148828.864941,31.50
94,1741148830.990702,31.84
95,1741148833.111107,32.17
96,1741148835.231249,32.51
97,1741148837.374295,32.84
98,1741148839.535119,33.18
99,1741148841.667676,33.51
100,1741148843.765106,33.85
101,1741148845.879463,34.18
102,1741148847.988778,34.52
103,1741148850.151047,34.85
104,1741148852.260403,35.19
105,1741148854.361522,35.52
106,1741148856.520489,35.86
107,1741148858.655772,36.19
108,1741148860.814446,36.53
109,1741148862.935277,36.86
110,1741148865.093851,37.20
111,1741148867.180380,37.53
112,1741148869.325790,37.87
113,1741148871.467246,38.20
114,1741148873.583680,38.54
115,1741148875.679930,38.87
116,1741148877.799733,39.21
117,1741148879.896133,39.54
118,1741148882.051573,39.88
119,1741148884.157434,40.21
120,1741148886.254270,40.55
121,1741148888.349101,40.88
122,1741148890.469793,41.22
123,1741148892.584276,41.56
124,1741148894.696093,41.89
125,1741148896.784148,42.23
126,1741148898.873468,42.56
127,1741148901.013782,42.90
128,1741148903.147722,43.23
129,1741148905.269683,43.57
130,1741148907.403351,43.90
131,1741148909.540521,44.24
132,1741148911.672852,44.58
133,1741148913.785294,44.91
134,1741148915.885280,45.25
135,1741148918.006333,45.58
136,1741148920.106137,45.92
137,1741148922.261693,46.25
138,1741148924.387076,46.59
139,1741148926.492189,46.92
140,1741148928.621852,47.26
141,1741148930.722469,47.59
142,1741148932.870282,47.93
143,1741148934.971267,48.26
144,1741148937.059608,48.60
145,1741148939.183796,48.93
146,1741148941.329150,49.27
147,1741148943.461688,49.60
148,1741148945.562159,49.94
149,1741148947.688483,50.28
150,1741148949.791540,50.61
151,1741148951.978368,50.93
152,1741148954.086715,51.26
153,1741148956.214082,51.60
154,1741148958.317435,51.93
155,1741148960.442348,52.27
156,1741148962.567931,52.61
157,1741148964.656253,52.94
158,1741148966.766735,53.27
159,1741148968.851216,53.61
160,1741148970.948524,53.94
161,1741148973.096262,54.28
162,1741148975.207819,54.60
163,1741148977.325106,54.92
164,1741148979.441371,55.25
165,1741148981.604453,55.58
166,1741148983.716886,55.92
167,1741148985.829875,56.25
168,1741148987.934664,56.59
169,1741148990.060299,56.92
170,1741148992.194796,57.26
171,1741148994.363916,57.59
172,1741148996.475516,57.93
173,1741148998.594914,58.26
174,1741149000.701122,58.60
175,1741149002.860228,58.93
176,1741149004.965184,59.27
177,1741149007.059674,59.60
178,1741149009.190325,59.94
179,1741149011.300214,60.27
180,1741149013.447609,60.60
181,1741149015.545387,60.93
182,1741149017.661563,61.25
183,1741149019.773633,61.58
184,1741149021.874673,61.92
185,1741149024.020940,62.26
186,1741149026.111470,62.59
187,1741149028.238455,62.93
188,1741149030.335611,63.27
189,1741149032.459687,63.60
190,1741149034.601817,63.94
191,1741149036.724131,64.27
192,1741149038.823339,64.60
193,1741149040.921861,64.94
194,1741149043.059328,65.27
195,1741149045.208175,65.61
196,1741149047.329717,65.94
197,1741149049.525537,66.28
198,1741149051.654776,66.61
199,1741149053.790673,66.95
200,1741149055.956613,67.29
201,1741149058.075877,67.62
202,1741149060.225843,67.96
203,1741149062.349988,68.29
204,1741149064.502048,68.63
205,1741149066.676473,68.96
206,1741149068.803884,69.30
207,1741149070.934918,69.63
208,1741149073.055790,69.97
209,1741149075.161723,70.30
210,1741149077.317456,70.64
211,1741149079.427375,70.97
212,1741149081.561369,71.31
213,1741149083.683965,71.64
214,1741149087.441181,71.98
215,1741149091.193881,72.31
216,1741149094.188021,72.65
217,1741149096.936563,72.98
218,1741149099.508388,73.32
219,1741149102.809997,73.65
220,1741149105.939713,73.99
221,1741149108.173046,74.33
222,1741149110.521731,74.66
223,1741149113.201450,75.00
224,1741149115.674310,75.33
225,1741149118.175348,75.67
226,1741149120.690266,76.00
227,1741149123.086557,76.34
228,1741149126.896122,76.67
229,1741149131.537632,77.01
230,1741149135.779761,77.35
231,1741149139.854138,77.68
232,1741149143.375415,78.02
233,1741149147.687099,78.35
234,1741149150.434522,78.69
235,1741149154.771869,79.02
236,1741149157.716220,79.36
237,1741149160.699615,79.69
238,1741149164.521460,80.03
239,1741149167.715131,80.37
240,1741149170.797724,80.70
241,1741149174.086519,81.04
242,1741149177.314703,81.37
243,1741149180.157894,81.71
244,1741149182.386342,82.04
245,1741149185.935949,82.38
246,1741149188.981719,82.71
247,1741149191.672005,83.05
248,1741149194.226836,83.38
249,1741149197.026370,83.56
250,1741149200.287523,83.22
251,1741149203.466178,82.88
252,1741149206.469195,82.55
253,1741149209.462400,82.21
254,1741149212.104135,81.88
255,1741149214.778466,81.54
256,1741149217.609104,81.20
257,1741149220.615571,80.87
258,1741149223.626251,80.53
259,1741149226.877807,80.20
260,1741149229.401476,79.86
261,1741149232.325281,79.53
262,1741149235.037524,79.19
263,1741149238.564522,78.86
264,1741149241.836278,78.52
265,1741149244.758342,78.18
266,1741149247.664965,77.85
267,1741149251.070436,77.51
268,1741149254.067465,77.18
269,1741149256.290016,76.84
270,1741149258.968085,76.51
271,1741149261.416692,76.17
272,1741149264.200186,75.84
273,1741149266.485624,75.50
274,1741149269.210293,75.16
275,1741149271.525303,74.83
276,1741149273.793646,74.49
277,1741149276.622452,74.16
278,1741149278.937837,73.82
279,1741149282.499004,73.49
280,1741149285.119869,73.15
281,1741149287.628561,72.82
282,1741149292.053899,72.48
283,1741149296.606201,72.14
284,1741149300.902595,71.81
285,1741149304.909713,71.47
286,1741149309.337041,71.14
287,1741149313.045182,70.80
288,1741149316.134910,70.47
289,1741149318.334066,70.13
290,1741149320.668828,69.80
291,1741149322.877833,69.47
292,1741149325.023709,69.13
293,1741149327.113332,68.80
294,1741149329.215133,68.46
295,1741149331.320421,68.12
296,1741149333.402915,67.79
297,1741149335.545502,67.45
298,1741149337.630690,67.12
299,1741149339.727095,66.78
300,1741149341.817255,66.45
301,1741149343.992497,66.11
302,1741149346.148385,65.78
303,1741149348.331539,65.44
304,1741149350.681204,65.11
305,1741149353.031728,64.77
306,1741149355.398615,64.44
307,1741149357.704853,64.10
308,1741149360.001774,63.77
309,1741149362.311441,63.43
310,1741149364.460345,63.10
311,1741149366.626383,62.76
312,1741149368.749617,62.42
313,1741149370.879787,62.09
314,1741149373.004925,61.75
315,1741149375.120060,61.41
316,1741149377.300349,61.09
317,1741149379.421169,60.76
318,1741149381.539610,60.44
319,1741149383.644778,60.11
320,1741149385.791024,59.77
321,1741149387.893262,59.43
322,1741149390.024863,59.10
323,1741149392.139709,58.77
324,1741149394.239204,58.43
325,1741149396.404289,58.10
326,1741149398.520793,57.76
327,1741149400.645719,57.42
328,1741149402.739268,57.09
329,1741149404.853315,56.76
330,1741149406.997296,56.42
331,1741149409.138644,56.09
332,1741149411.249760,55.75
333,1741149413.383130,55.42
334,1741149415.492085,55.08
335,1741149417.647390,54.75
336,1741149419.762100,54.44
337,1741149421.894514,54.11
338,1741149424.023051,53.78
339,1741149426.169608,53.44
340,1741149428.287982,53.11
341,1741149430.381071,52.77
342,1741149432.508513,52.44
343,1741149434.799922,52.10
344,1741149437.079764,51.77
345,1741149439.364233,51.43
346,1741149442.111266,51.09
347,1741149444.814809,50.76
348,1741149447.429368,50.44
349,1741149449.726865,50.11
350,1741149451.973613,49.77
351,1741149454.217654,49.43
352,1741149456.345810,49.10
353,1741149458.642747,48.77
354,1741149460.916461,48.43
355,1741149463.171184,48.10
356,1741149465.401194,47.76
357,1741149467.653087,47.42
358,1741149469.875695,47.09
359,1741149472.144430,46.75
360,1741149474.363650,46.42
361,1741149476.579253,46.08
362,1741149478.826404,45.75
363,1741149481.043055,45.41
364,1741149483.300203,45.08
365,1741149485.512755,44.74
366,1741149487.759570,44.41
367,1741149489.970191,44.07
368,1741149492.586099,43.74
369,1741149494.840789,43.40
370,1741149497.062892,43.06
371,1741149499.303665,42.73
372,1741149501.522862,42.39
373,1741149503.740372,42.06
374,1741149506.006171,41.72
375,1741149508.212100,41.39
376,1741149510.429020,41.05
377,1741149512.679519,40.72
378,1741149514.918338,40.38
379,1741149517.175825,40.05
380,1741149519.416015,39.71
381,1741149521.632968,39.38
382,1741149523.855448,39.04
383,1741149525.983059,38.71
384,1741149528.149494,38.37
385,1741149530.264134,38.04
386,1741149532.399193,37.70
387,1741149534.495096,37.37
388,1741149536.616763,37.03
389,1741149538.731386,36.70
390,1741149540.843558,36.36
391,1741149542.951353,36.03
392,1741149545.067338,35.69
393,1741149547.244774,35.36
394,1741149549.354435,35.02
395,1741149551.484994,34.69
396,1741149553.602216,34.35
397,1741149555.724613,34.02
398,1741149557.886295,33.68
399,1741149560.039416,33.35
400,1741149562.165086,33.01
401,1741149564.281605,32.68
402,1741149566.386254,32.34
403,1741149568.525794,32.01
404,1741149570.651199,31.67
405,1741149572.799242,31.34
406,1741149574.907765,31.00
407,1741149577.067412,30.67
408,1741149579.176297,30.33
409,1741149581.291349,30.00
410,1741149583.395542,29.66
411,1741149585.497813,29.33
412,1741149587.646024,28.99
413,1741149589.751235,28.66
414,1741149591.851923,28.32
415,1741149593.949523,27.99
416,1741149596.068284,27.66
417,1741149598.213253,27.32
418,1741149600.329318,26.99
419,1741149602.441290,26.65
420,1741149604.529820,26.32
421,1741149606.764429,25.98
422,1741149608.989075,25.65
423,1741149611.196038,25.31
424,1741149613.409367,24.98
425,1741149615.597936,24.64
426,1741149617.759725,24.31
427,1741149619.914193,23.97
428,1741149622.025590,23.64
429,1741149624.127157,23.30
430,1741149626.243174,22.97
431,1741149628.355680,22.63
432,1741149630.575696,22.30
433,1741149632.682537,21.96
434,1741149634.798225,21.63
435,1741149636.896613,21.29
436,1741149639.059202,20.96
437,1741149641.143181,20.62
438,1741149643.229153,20.28
439,1741149645.357541,19.95
440,1741149647.571237,19.61
441,1741149649.847113,19.28
442,1741149652.029928,18.94
443,1741149654.232264,18.61
444,1741149656.432099,18.27
445,1741149658.635260,17.94
446,1741149660.883018,17.60
447,1741149663.085840,17.27
448,1741149665.290398,16.94
449,1741149667.493093,16.60
450,1741149669.689354,16.27
451,1741149671.923973,15.93
452,1741149674.100795,15.60
453,1741149676.307978,15.26
454,1741149678.444179,14.93
455,1741149680.522359,14.59
456,1741149682.638085,14.26
457,1741149684.759103,13.93
458,1741149686.840014,13.59
459,1741149688.933044,13.25
460,1741149691.025770,12.92
461,1741149693.127382,12.58
462,1741149695.199513,12.25
463,1741149697.293888,11.91
464,1741149699.388864,11.58
465,1741149701.592248,11.24
466,1741149703.850091,10.91
467,1741149706.049772,10.57
468,1741149708.220108,10.23
469,1741149710.400529,9.90
470,1741149712.589035,9.56
471,1741149714.788515,9.23
472,1741149716.952782,8.89
473,1741149719.128967,8.56
474,1741149721.320301,8.22
475,1741149723.477868,7.89
476,1741149725.686464,7.55
477,1741149727.846189,7.21
478,1741149729.995718,6.88
479,1741149732.039752,6.54
480,1741149734.263278,6.21
481,1741149736.369410,5.87
482,1741149738.418032,5.54
483,1741149740.447832,5.20
484,1741149742.510372,4.86
485,1741149744.618131,4.53
486,1741149746.689847,4.19
487,1741149748.719024,3.86
488,1741149750.765599,3.52
489,1741149752.807343,3.19
490,1741149754.848379,2.85
491,1741149756.944139,2.52
492,1741149758.963867,2.18
493,1741149760.975861,1.84
494,1741149763.095237,1.51
495,1741149765.225146,1.17
496,1741149767.363288,0.84
497,1741149769.504847,0.50
498,1741149771.636050,0.17
499,1741149774.796770,0.04
500,1741149777.186877,0.19
501,1741149779.434727,0.34
502,1741149781.506333,0.35
503,1741149783.521552,0.55
504,1741149785.522279,0.82
505,1741149787.686556,1.09
506,1741149789.941473,1.36
507,1741149792.269030,1.63
508,1741149794.731279,1.90
509,1741149796.901769,2.18
510,1741149798.990877,2.47
511,1741149801.074487,2.75
512,1741149803.096369,3.03
513,1741149805.164236,3.32
514,1741149807.218951,3.61
515,1741149809.718228,3.89
516,1741149811.890314,4.17
517,1741149813.935097,4.46
518,1741149815.997505,4.75
519,1741149819.376124,5.04
520,1741149821.780280,5.33
521,1741149824.244517,5.62
522,1741149826.284524,5.91
523,1741149828.373892,6.20
524,1741149830.453458,6.48
525,1741149832.684293,6.77
526,1741149835.000030,7.06
527,1741149837.603737,7.35
528,1741149840.869690,7.64
529,1741149843.234540,7.93
530,1741149845.449939,8.22
531,1741149847.828533,8.51
532,1741149850.201806,8.80
533,1741149852.498592,9.08
534,1741149854.725190,9.37
535,1741149857.278549,9.66
536,1741149859.919945,9.95
537,1741149862.461043,10.24
538,1741149865.004384,10.53
539,1741149869.108628,10.82
540,1741149871.933933,11.11
541,1741149874.205407,11.39
542,1741149876.470011,11.68
543,1741149878.814838,11.97
544,1741149881.701223,12.26
545,1741149883.968732,12.55
546,1741149886.190853,12.84
547,1741149889.094524,13.13
548,1741149891.989366,13.42
549,1741149894.400770,13.71
550,1741149896.540374,13.99
551,1741149898.667213,14.28
552,1741149900.808155,14.57
553,1741149902.992934,14.85
554,1741149905.097764,15.14
555,1741149907.493318,15.43
556,1741149910.245686,15.71
557,1741149912.466772,16.00
558,1741149914.535082,16.29
559,1741149916.652525,16.58
560,1741149919.208429,16.87
561,1741149921.327575,17.16
562,1741149923.458048,17.45
563,1741149925.544033,17.73
564,1741149927.691656,18.02
565,1741149929.786933,18.31
566,1741149931.900179,18.60
567,1741149934.010222,18.89
568,1741149936.102829,19.18
569,1741149938.261126,19.47
570,1741149940.348018,19.76
571,1741149942.450816,20.04
572,1741149944.559494,20.33
573,1741149946.686794,20.62
574,1741149948.793704,20.91
575,1741149950.885041,21.20
576,1741149952.969384,21.49
577,1741149955.083239,21.78
578,1741149957.196529,22.07
579,1741149959.265954,22.35
580,1741149961.365789,22.64
581,1741149963.442008,22.93
582,1741149965.525705,23.21
583,1741149967.646718,23.50
584,1741149969.727609,23.79
585,1741149971.813359,24.08
586,1741149973.914639,24.36
587,1741149976.001270,24.65
588,1741149978.131092,24.94
589,1741149980.224733,25.23
590,1741149982.333031,25.51
591,1741149984.463151,25.80
592,1741149986.578648,26.09
593,1741149988.696747,26.38
594,1741149990.797200,26.67
595,1741149992.886714,26.96
596,1741149994.974251,27.25
597,1741149997.077108,27.54
598,1741149999.184010,27.82
599,1741150001.263836,28.11
600,1741150003.357944,28.40
601,1741150005.447432,28.69
602,1741150007.534526,28.98
603,1741150009.680163,29.27
604,1741150011.757017,29.56
605,1741150013.859434,29.84
606,1741150015.953606,30.13
607,1741150018.065138,30.42
608,1741150020.146414,30.71
609,1741150022.252236,31.00
610,1741150024.351536,31.29
611,1741150026.462100,31.58
612,1741150028.609154,31.87
613,1741150030.742620,32.16
614,1741150032.842902,32.44
615,1741150034.951453,32.73
616,1741150037.047245,33.02
617,1741150039.219096,33.31
618,1741150041.336167,33.60
619,1741150043.470898,33.89
620,1741150045.586141,34.18
621,1741150047.769037,34.46
622,1741150049.847469,34.75
623,1741150051.931320,35.04
624,1741150054.043804,35.33
625,1741150056.119541,35.62
626,1741150058.237262,35.90
627,1741150060.337568,36.19
628,1741150062.425094,36.48
629,1741150064.507958,36.77
630,1741150066.619397,37.06
631,1741150068.738002,37.35
632,1741150070.828012,37.63
633,1741150072.934217,37.92
634,1741150075.016817,38.21
635,1741150077.169459,38.50
636,1741150079.277632,38.79
637,1741150081.400716,39.08
638,1741150083.502725,39.36
639,1741150085.616618,39.65
640,1741150087.784845,39.94
641,1741150089.880546,40.23
642,1741150091.988845,40.52
643,1741150094.076712,40.81
644,1741150096.177690,41.10
645,1741150098.316773,41.38
646,1741150100.398300,41.67
647,1741150102.468882,41.96
648,1741150104.577404,42.25
649,1741150106.667417,42.54
650,1741150108.816927,42.83
651,1741150110.902418,43.11
652,1741150112.992810,43.40
653,1741150115.103113,43.69
654,1741150117.238025,43.98
655,1741150119.351169,44.27
656,1741150121.443182,44.56
657,1741150123.512548,44.85
658,1741150125.600224,45.13
659,1741150127.716760,45.42
660,1741150129.797771,45.71
661,1741150131.906992,46.00
662,1741150134.000901,46.29
663,1741150136.088316,46.58
664,1741150138.225615,46.86
665,1741150140.318726,47.15
666,1741150142.440115,47.44
667,1741150144.539818,47.73
668,1741150146.623207,48.02
669,1741150148.763860,48.29
670,1741150150.847791,48.58
671,1741150152.972240,48.87
672,1741150155.063504,49.15
673,1741150157.154775,49.44
674,1741150159.307315,49.73
675,1741150161.384230,50.02
676,1741150163.493863,50.31
677,1741150165.579871,50.59
678,1741150167.691324,50.89
679,1741150169.868498,51.17
680,1741150171.977117,51.46
681,1741150174.086768,51.75
682,1741150176.184572,52.04
683,1741150178.276000,52.33
684,1741150180.419647,52.61
685,1741150182.504616,52.90
686,1741150184.594095,53.19
687,1741150186.681538,53.48
688,1741150188.770556,53.77
689,1741150190.925072,54.05
690,1741150193.018654,54.34
691,1741150195.115754,54.63
692,1741150197.238536,54.92
693,1741150199.337551,55.21
694,1741150201.489659,55.49
695,1741150203.578357,55.78
696,1741150205.670003,56.07
697,1741150207.782413,56.36
698,1741150209.874195,56.64
699,1741150212.038098,56.93
700,1741150214.147378,57.21
701,1741150216.271074,57.50
702,1741150218.387896,57.79
703,1741150220.516905,58.08
704,1741150222.666639,58.37
705,1741150224.801458,58.65
706,1741150226.909794,58.93
707,1741150229.003675,59.22
708,1741150231.144034,59.50
709,1741150233.228870,59.79
710,1741150235.333638,60.08
711,1741150237.429996,60.37
712,1741150239.539873,60.66
713,1741150241.687175,60.94
714,1741150243.799297,61.23
715,1741150245.930300,61.51
716,1741150248.026237,61.80
717,1741150250.154933,62.09
718,1741150252.286229,62.38
719,1741150254.405748,62.67
720,1741150256.507363,62.96
721,1741150258.617717,63.24
722,1741150260.765769,63.53
723,1741150262.858271,63.82
724,1741150264.984749,64.11
725,1741150267.077831,64.40
726,1741150269.200547,64.68
727,1741150271.332171,64.97
728,1741150273.427260,65.26
729,1741150275.536804,65.55
730,1741150277.643231,65.84
731,1741150279.751509,66.12
732,1741150281.891414,66.41
733,1741150284.044232,66.70
734,1741150286.162861,66.99
735,1741150288.258111,67.28
736,1741150290.372905,67.57
737,1741150292.621191,67.85
738,1741150294.815110,68.14
739,1741150297.032078,68.43
740,1741150299.241637,68.72
741,1741150301.496362,69.01
742,1741150303.704271,69.30
743,1741150305.916999,69.58
744,1741150308.130577,69.87
745,1741150310.304532,70.16
746,1741150312.455337,70.45
747,1741150314.546470,70.74
748,1741150316.666337,71.03
749,1741150318.798709,71.32
750,1741150320.912340,71.61
751,1741150323.054764,71.75
752,1741150325.143400,71.46
753,1741150327.221162,71.17
754,1741150329.351189,70.88
755,1741150331.442997,70.60
756,1741150333.602609,70.31
757,1741150335.688495,70.02
758,1741150337.776873,69.73
759,1741150339.880949,69.44
760,1741150341.964619,69.15
761,1741150344.121354,68.86
762,1741150346.225787,68.57
763,1741150348.308667,68.29
764,1741150350.427856,68.00
765,1741150352.520331,67.71
766,1741150354.674644,67.42
767,1741150356.757577,67.13
768,1741150358.860437,66.85
769,1741150360.986892,66.56
770,1741150363.102991,66.27
771,1741150365.265769,65.98
772,1741150367.364204,65.69
773,1741150369.473901,65.40
774,1741150371.569722,65.12
775,1741150373.659662,64.83
776,1741150375.828333,64.54
777,1741150377.913412,64.25
778,1741150380.033550,63.97
779,1741150382.132606,63.68
780,1741150384.248783,63.39
781,1741150386.371135,63.10
782,1741150388.461259,62.81
783,1741150390.608682,62.52
784,1741150392.740775,62.24
785,1741150394.869018,61.95
786,1741150397.013908,61.66
787,1741150399.131343,61.37
788,1741150401.254899,61.09
789,1741150403.373799,60.80
790,1741150405.473178,60.51
791,1741150407.618325,60.23
792,1741150409.721695,59.94
793,1741150411.848045,59.65
794,1741150413.942882,59.36
795,1741150416.072894,59.07
796,1741150418.179330,58.79
797,1741150420.268139,58.51
798,1741150422.343525,58.22
799,1741150424.449968,57.94
800,1741150426.588616,57.65
801,1741150428.691406,57.36
802,1741150430.809572,57.07
803,1741150432.922075,56.78
804,1741150435.020061,56.50
805,1741150437.142035,56.21
806,1741150439.261908,55.93
807,1741150441.360060,55.64
808,1741150443.489986,55.35
809,1741150445.639779,55.06
810,1741150447.727533,54.77
811,1741150449.818247,54.49
812,1741150451.913939,54.20
813,1741150453.996159,53.91
814,1741150456.142180,53.62
815,1741150458.238412,53.33
816,1741150460.361999,53.05
817,1741150462.463145,52.76
818,1741150464.562046,52.47
819,1741150466.713700,52.18
820,1741150468.808992,51.89
821,1741150470.915685,51.61
822,1741150473.035567,51.32
823,1741150475.143511,51.03
824,1741150477.286831,50.74
825,1741150479.402588,50.45
826,1741150481.501476,50.17
827,1741150483.602345,49.88
828,1741150485.755993,49.59
829,1741150487.858858,49.30
830,1741150489.966817,49.01
831,1741150492.075197,48.72
832,1741150494.200820,48.43
833,1741150496.344732,48.15
834,1741150498.658488,47.88
835,1741150500.800886,47.59
836,1741150502.912788,47.30
837,1741150505.415734,47.01
838,1741150509.671677,46.72
839,1741150514.609691,46.43
840,1741150520.768335,46.14
841,1741150529.128295,45.85
842,1741150538.321131,45.57
843,1741150545.397960,45.28
844,1741150549.331474,44.99
845,1741150551.957484,44.70
846,1741150554.868030,44.41
847,1741150557.523323,44.12
848,1741150559.857409,43.83
849,1741150562.115672,43.55
850,1741150564.369540,43.26
851,1741150566.604770,42.97
852,1741150568.828330,42.68
853,1741150571.081200,42.39
854,1741150573.185538,42.11
855,1741150575.309739,41.82
856,1741150577.387719,41.53
857,1741150579.480168,41.24
858,1741150581.622480,40.95
859,1741150583.711599,40.66
860,1741150585.826558,40.37
861,1741150587.922525,40.08
862,1741150590.020087,39.80
863,1741150592.166960,39.51
864,1741150594.248333,39.22
865,1741150596.362876,38.93
866,1741150598.442954,38.64
867,1741150600.520960,38.36
868,1741150602.658280,38.07
869,1741150604.735060,37.78
870,1741150606.917973,37.49
871,1741150609.074867,37.20
872,1741150611.222349,36.91
873,1741150613.396890,36.63
874,1741150615.523069,36.34
875,1741150617.636314,36.05
876,1741150619.777041,35.76
877,1741150621.888534,35.47
878,1741150624.052780,35.18
879,1741150626.168128,34.90
880,1741150628.324349,34.61
881,1741150630.387774,34.32
882,1741150632.512491,34.03
883,1741150634.595298,33.74
884,1741150636.698269,33.45
885,1741150638.791686,33.17
886,1741150640.874264,32.88
887,1741150642.975622,32.59
888,1741150645.093674,32.30
889,1741150647.186133,32.01
890,1741150649.291934,31.72
891,1741150651.399556,31.43
892,1741150653.517690,31.14
893,1741150655.632568,30.86
894,1741150657.734139,30.57
895,1741150659.924246,30.28
896,1741150662.173418,29.99
897,1741150664.284178,29.70
898,1741150666.414337,29.41
899,1741150668.533899,29.12
900,1741150670.674437,28.83
901,1741150672.819447,28.55
902,1741150674.944460,28.26
903,1741150677.062057,27.97
904,1741150679.194620,27.68
905,1741150681.301368,27.39
906,1741150683.474783,27.10
907,1741150685.580347,26.81
908,1741150687.708014,26.52
909,1741150689.832252,26.24
910,1741150691.920788,25.95
911,1741150694.065336,25.66
912,1741150696.150392,25.37
913,1741150698.224859,25.08
914,1741150700.339584,24.79
915,1741150702.450795,24.50
916,1741150704.556863,24.22
917,1741150706.643514,23.93
918,1741150708.720980,23.65
919,1741150710.795246,23.36
920,1741150712.916315,23.07
921,1741150714.998619,22.78
922,1741150717.077588,22.49
923,1741150719.190235,22.21
924,1741150721.292928,21.92
925,1741150723.442008,21.63
926,1741150725.550969,21.34
927,1741150727.678911,21.06
928,1741150729.779625,20.77
929,1741150731.878290,20.48
930,1741150734.028035,20.19
931,1741150736.126435,19.90
932,1741150738.258747,19.61
933,1741150740.391702,19.32
934,1741150742.580261,19.03
935,1741150744.752789,18.75
936,1741150746.853456,18.46
937,1741150748.954533,18.17
938,1741150751.062037,17.88
939,1741150753.144376,17.59
940,1741150755.302251,17.30
941,1741150757.387739,17.01
942,1741150759.473994,16.72
943,1741150761.587594,16.44
944,1741150763.670504,16.15
945,1741150765.787326,15.86
946,1741150767.906876,15.57
947,1741150769.995183,15.28
948,1741150772.096682,14.99
949,1741150774.220043,14.71
950,1741150776.315813,14.42
951,1741150778.428870,14.13
952,1741150780.529615,13.85
953,1741150782.612534,13.56
954,1741150784.760094,13.27
955,1741150786.832064,12.98
956,1741150788.909828,12.69
957,1741150791.004293,12.41
958,1741150793.081081,12.12
959,1741150795.171746,11.83
960,1741150797.240527,11.54
961,1741150799.326250,11.25
962,1741150801.406348,10.96
963,1741150803.471721,10.67
964,1741150805.601961,10.38
965,1741150807.679621,10.09
966,1741150809.774434,9.81
967,1741150811.884079,9.52
968,1741150813.938366,9.23
969,1741150816.030651,8.94
970,1741150818.103732,8.65
971,1741150820.167121,8.36
972,1741150822.234332,8.07
973,1741150824.296080,7.79
974,1741150826.392146,7.50
975,1741150828.453435,7.21
976,1741150830.507733,6.92
977,1741150832.550549,6.63
978,1741150834.606867,6.34
979,1741150836.712033,6.05
980,1741150838.763481,5.76
981,1741150840.808175,5.47
982,1741150842.866220,5.18
983,1741150844.944272,4.90
984,1741150847.008974,4.61
985,1741150849.045889,4.32
986,1741150851.073349,4.03
987,1741150853.115996,3.75
988,1741150855.145013,3.46
989,1741150857.234093,3.18
990,1741150859.263764,2.89
991,1741150861.300261,2.61
992,1741150863.312215,2.33
993,1741150865.335461,2.04
994,1741150867.396209,1.77
995,1741150869.417248,1.50
996,1741150871.444765,1.23
997,1741150873.459116,0.96
998,1741150875.470057,0.67
999,1741150877.543479,0.44
1000,1741150879.559028,0.32
1001,1741150881.573133,0.33
1002,1741150883.589624,0.30
1003,1741150885.599050,0.28
1004,1741150887.649832,0.36
1005,1741150889.667263,0.54
1006,1741150891.684707,0.76
1007,1741150893.698138,0.97
1008,1741150895.714660,1.19
1009,1741150897.754061,1.39
1010,1741150899.761340,1.60
1011,1741150901.778973,1.80
1012,1741150903.816042,2.02
1013,1741150905.844363,2.23
1014,1741150907.916083,2.45
1015,1741150909.935024,2.67
1016,1741150911.966953,2.89
1017,1741150913.990487,3.11
1018,1741150916.011465,3.32
1019,1741150918.071502,3.55
1020,1741150920.091352,3.77
1021,1741150922.131698,3.98
1022,1741150924.195152,4.20
1023,1741150926.242051,4.43
1024,1741150928.317933,4.65
1025,1741150930.353277,4.87
1026,1741150932.394974,5.09
1027,1741150934.427069,5.31
1028,1741150936.495297,5.54
1029,1741150938.558913,5.76
1030,1741150940.597293,5.98
1031,1741150942.645646,6.20
1032,1741150944.698843,6.43
1033,1741150946.784050,6.65
1034,1741150948.865858,6.87
1035,1741150950.927568,7.09
1036,1741150952.985035,7.32
1037,1741150955.077223,7.54
1038,1741150957.162607,7.76
1039,1741150959.221525,7.98
1040,1741150961.314609,8.21
1041,1741150963.383036,8.43
1042,1741150965.441769,8.65
1043,1741150967.530335,8.87
1044,1741150969.603488,9.09
1045,1741150971.674425,9.32
1046,1741150973.741545,9.54
1047,1741150975.823009,9.76
1048,1741150977.940077,9.98
1049,1741150979.993243,10.21
1050,1741150982.058522,10.43
1051,1741150984.113544,10.65
1052,1741150986.190535,10.87
1053,1741150988.302524,11.10
1054,1741150990.369026,11.32
1055,1741150992.457847,11.54
1056,1741150994.531039,11.76
1057,1741150996.599487,11.98
1058,1741150998.721794,12.21
1059,1741151000.800221,12.43
1060,1741151002.871543,12.65
1061,1741151004.960564,12.87
1062,1741151007.167358,13.10
1063,1741151009.418640,13.32
1064,1741151011.624815,13.54
1065,1741151013.709916,13.76
1066,1741151015.922978,13.99
1067,1741151018.133805,14.21
1068,1741151020.272264,14.43
1069,1741151022.361979,14.65
1070,1741151024.445809,14.87
1071,1741151026.543198,15.10
1072,1741151028.625965,15.32
1073,1741151030.755871,15.53
1074,1741151032.859814,15.76
1075,1741151034.954019,15.98
1076,1741151037.033522,16.20
1077,1741151039.120451,16.42
1078,1741151041.271081,16.65
1079,1741151043.352173,16.87
1080,1741151045.457930,17.09
1081,1741151047.543640,17.31
1082,1741151049.665003,17.53
1083,1741151051.826902,17.76
1084,1741151053.948763,17.98
1085,1741151056.075156,18.20
1086,1741151058.192918,18.43
1087,1741151060.316871,18.65
1088,1741151062.441417,18.87
1089,1741151064.551769,19.09
1090,1741151066.662736,19.31
1091,1741151068.755058,19.53
1092,1741151070.853122,19.76
1093,1741151072.957272,19.98
1094,1741151075.033473,20.20
1095,1741151077.153514,20.42
1096,1741151079.243502,20.64
1097,1741151081.349230,20.86
1098,1741151083.479234,21.09
1099,1741151085.578341,21.31
1100,1741151087.699738,21.53
1101,1741151089.805949,21.75
1102,1741151091.933075,21.97
1103,1741151094.062008,22.19
1104,1741151096.170187,22.42
1105,1741151098.251237,22.64
1106,1741151100.333334,22.86
1107,1741151102.441130,23.08
1108,1741151104.563310,23.30
1109,1741151106.687652,23.53
1110,1741151108.795712,23.75
1111,1741151110.875784,23.97
1112,1741151112.972130,24.19
1113,1741151115.107743,24.41
1114,1741151117.199758,24.63
1115,1741151119.311686,24.85
1116,1741151121.408314,25.07
1117,1741151123.552218,25.30
1118,1741151125.649159,25.52
1119,1741151127.778649,25.74
1120,1741151129.931971,25.96
1121,1741151132.043399,26.18
1122,1741151134.200609,26.40
1123,1741151136.308602,26.63
1124,1741151138.435355,26.85
1125,1741151140.539103,27.07
1126,1741151142.663628,27.29
1127,1741151144.796787,27.52
1128,1741151146.889894,27.74
1129,1741151148.968034,27.96
1130,1741151151.051369,28.18
1131,1741151153.181299,28.40
1132,1741151155.269968,28.63
1133,1741151157.340663,28.85
1134,1741151159.430568,29.07
1135,1741151161.513403,29.29
1136,1741151163.765233,29.52
1137,1741151165.863799,29.74
1138,1741151168.084762,29.96
1139,1741151170.293583,30.18
1140,1741151172.514141,30.40
1141,1741151174.752987,30.63
1142,1741151176.962192,30.85
1143,1741151179.172807,31.07
1144,1741151181.393722,31.29
1145,1741151183.559461,31.52
1146,1741151185.782999,31.74
1147,1741151187.997998,31.96
1148,1741151190.236728,32.18
1149,1741151192.456044,32.41
1150,1741151194.635333,32.63
1151,1741151196.718964,32.85
1152,1741151198.816068,33.07
1153,1741151200.904480,33.29
1154,1741151202.993247,33.52
1155,1741151205.251520,33.74
1156,1741151207.484794,33.96
1157,1741151209.710373,34.18
1158,1741151211.940207,34.41
1159,1741151214.056863,34.63
1160,1741151216.148224,34.85
1161,1741151218.249724,35.07
1162,1741151220.342933,35.29
1163,1741151222.425982,35.51
1164,1741151224.566519,35.73
1165,1741151226.654603,35.96
1166,1741151228.761909,36.18
1167,1741151230.859646,36.40
1168,1741151232.962676,36.62
1169,1741151235.102775,36.84
1170,1741151237.199017,37.07
1171,1741151239.304456,37.28
1172,1741151241.386867,37.51
1173,1741151243.458194,37.73
1174,1741151245.589643,37.95
1175,1741151247.669519,38.17
1176,1741151249.885239,38.39
1177,1741151252.104626,38.61
1178,1741151254.338727,38.84
1179,1741151256.532340,39.06
1180,1741151258.750741,39.28
1181,1741151260.953762,39.50
1182,1741151263.160483,39.73
1183,1741151265.394715,39.95
1184,1741151267.573993,40.17
1185,1741151269.777248,40.39
1186,1741151271.973890,40.62
1187,1741151274.173138,40.84
1188,1741151276.404211,41.06
1189,1741151278.590347,41.28
1190,1741151280.746205,41.50
1191,1741151282.833411,41.73
1192,1741151284.927123,41.95
1193,1741151287.036934,42.17
1194,1741151289.117404,42.39
1195,1741151291.206730,42.62
1196,1741151293.298817,42.84
1197,1741151295.369698,43.06
1198,1741151297.504395,43.28
1199,1741151299.577938,43.51
1200,1741151301.647762,43.73
1201,1741151303.744074,43.95
1202,1741151305.828200,44.17
1203,1741151307.933841,44.40
1204,1741151310.023026,44.62
1205,1741151312.239941,44.84
1206,1741151314.444063,45.06
1207,1741151316.648511,45.29
1208,1741151318.880471,45.51
1209,1741151321.089859,45.73
1210,1741151323.288161,45.95
1211,1741151325.494353,46.17
1212,1741151327.693048,46.40
1213,1741151329.925792,46.62
1214,1741151332.133092,46.84
1215,1741151334.331275,47.06
1216,1741151336.530808,47.29
1217,1741151338.733412,47.51
1218,1741151340.861460,47.73
1219,1741151342.963779,47.95
1220,1741151345.059712,48.18
1221,1741151347.131895,48.40
1222,1741151349.237276,48.62
1223,1741151351.365692,48.84
1224,1741151353.498942,49.07
1225,1741151355.598249,49.29
1226,1741151357.687037,49.51
1227,1741151359.785536,49.73
1228,1741151361.899646,49.96
1229,1741151363.987698,50.18
1230,1741151366.102773,50.40
1231,1741151368.187557,50.62
1232,1741151370.370971,50.85
1233,1741151372.575344,51.07
1234,1741151374.673268,51.29
1235,1741151376.768454,51.51
1236,1741151378.882859,51.74
1237,1741151380.989035,51.96
1238,1741151383.091970,52.18
1239,1741151385.189128,52.40
1240,1741151387.283334,52.63
1241,1741151389.470365,52.85
1242,1741151391.713779,53.07
1243,1741151393.916688,53.29
1244,1741151395.992846,53.52
1245,1741151398.063267,53.74
1246,1741151400.175383,53.96
1247,1741151402.247381,54.18
1248,1741151404.324703,54.40
1249,1741151406.408817,54.63
1250,1741151408.492596,54.85
1251,1741151410.705421,55.07
1252,1741151412.882360,55.29
1253,1741151415.066410,55.40
1254,1741151417.259008,55.18
1255,1741151419.334087,54.96
1256,1741151421.572524,54.74
1257,1741151423.762188,54.52
1258,1741151425.951133,54.29
1259,1741151428.132989,54.07
1260,1741151430.313710,53.85
1261,1741151432.548305,53.63
1262,1741151434.730810,53.40
1263,1741151436.930019,53.18
1264,1741151439.050674,52.96
1265,1741151441.172260,52.74
1266,1741151443.256556,52.51
1267,1741151445.355997,52.29
1268,1741151447.435397,52.07
1269,1741151449.507533,51.85
1270,1741151451.659135,51.62
1271,1741151453.724888,51.40
1272,1741151455.810362,51.18
1273,1741151457.908635,50.96
1274,1741151459.994337,50.73
1275,1741151462.150734,50.51
1276,1741151464.252899,50.29
1277,1741151466.345511,50.07
1278,1741151468.455197,49.84
1279,1741151470.539743,49.62
1280,1741151472.676775,49.40
1281,1741151474.781229,49.18
1282,1741151476.865710,48.96
1283,1741151478.966758,48.73
1284,1741151481.070963,48.51
1285,1741151483.221767,48.29
1286,1741151485.308029,48.07
1287,1741151487.390009,47.84
1288,1741151489.487447,47.62
1289,1741151491.565281,47.40
1290,1741151493.697495,47.18
1291,1741151495.886044,46.95
1292,1741151498.084201,46.73
1293,1741151500.283337,46.51
1294,1741151502.461045,46.29
1295,1741151504.675422,46.06
1296,1741151506.851414,45.84
1297,1741151509.034877,45.62
1298,1741151511.218693,45.40
1299,1741151513.387774,45.18
1300,1741151515.612249,44.95
1301,1741151517.783577,44.73
1302,1741151519.970083,44.51
1303,1741151522.147274,44.28
1304,1741151524.313300,44.06
1305,1741151526.519910,43.84
1306,1741151528.711830,43.62
1307,1741151530.882827,43.40
1308,1741151533.058860,43.17
1309,1741151535.247826,42.95
1310,1741151537.472253,42.73
1311,1741151539.647435,42.51
1312,1741151541.832654,42.28
1313,1741151543.923584,42.06
1314,1741151546.043884,41.84
1315,1741151548.138162,41.62
1316,1741151550.197636,41.39
1317,1741151552.279644,41.17
1318,1741151554.352038,40.95
1319,1741151556.450866,40.73
1320,1741151558.539724,40.50
1321,1741151560.614094,40.28
1322,1741151562.681089,40.06
1323,1741151564.739882,39.84
1324,1741151566.856681,39.61
1325,1741151568.916836,39.39
1326,1741151570.969081,39.17
1327,1741151573.026706,38.95
1328,1741151575.106404,38.73
1329,1741151577.191956,38.50
1330,1741151579.251216,38.28
1331,1741151581.314830,38.06
1332,1741151583.405518,37.84
1333,1741151585.502397,37.62
1334,1741151587.565906,37.39
1335,1741151589.657674,37.17
1336,1741151591.748574,36.96
1337,1741151593.833246,36.73
1338,1741151595.965170,36.51
1339,1741151598.067679,36.29
1340,1741151600.192168,36.07
1341,1741151602.297392,35.84
1342,1741151604.390865,35.62
1343,1741151606.526121,35.40
1344,1741151608.597298,35.18
1345,1741151610.673862,34.96
1346,1741151612.775927,34.74
1347,1741151614.855135,34.52
1348,1741151616.962865,34.29
1349,1741151619.052875,34.07
1350,1741151621.147018,33.85
1351,1741151623.226983,33.63
1352,1741151625.347945,33.41
1353,1741151627.552364,33.18
1354,1741151629.688137,32.96
1355,1741151631.779710,32.74
1356,1741151633.896186,32.52
1357,1741151636.133561,32.29
1358,1741151638.346507,32.07
1359,1741151640.547269,31.85
1360,1741151642.748302,31.63
1361,1741151644.838916,31.41
1362,1741151646.985410,31.18
1363,1741151649.147276,30.96
1364,1741151651.337250,30.74
1365,1741151653.523872,30.52
1366,1741151655.701576,30.29
1367,1741151657.914865,30.07
1368,1741151660.105192,29.85
1369,1741151662.285547,29.63
1370,1741151664.371340,29.40
1371,1741151666.447025,29.18
1372,1741151668.576297,28.96
1373,1741151670.667967,28.74
1374,1741151672.754397,28.52
1375,1741151674.852545,28.29
1376,1741151677.030293,28.07
1377,1741151679.245969,27.85
1378,1741151681.441483,27.63
1379,1741151683.623948,27.40
1380,1741151685.748487,27.18
1381,1741151687.859163,26.96
1382,1741151690.002707,26.74
1383,1741151692.100358,26.51
1384,1741151694.224178,26.28
1385,1741151696.326011,26.07
1386,1741151698.433717,25.85
1387,1741151700.546143,25.63
1388,1741151702.626349,25.41
1389,1741151704.708629,25.18
1390,1741151706.798435,24.96
1391,1741151708.869517,24.74
1392,1741151710.997955,24.52
1393,1741151713.075804,24.30
1394,1741151715.150598,24.08
1395,1741151717.242421,23.86
1396,1741151719.331796,23.64
1397,1741151721.435297,23.42
1398,1741151723.531626,23.19
1399,1741151725.613506,22.97
1400,1741151727.696826,22.75
1401,1741151729.822033,22.53
1402,1741151731.903871,22.31
1403,1741151733.985141,22.08
1404,1741151736.088766,21.86
1405,1741151738.175975,21.64
1406,1741151740.283526,21.42
1407,1741151742.388707,21.20
1408,1741151744.470168,20.98
1409,1741151746.555333,20.75
1410,1741151748.655275,20.53
1411,1741151750.768650,20.31
1412,1741151752.863176,20.09
1413,1741151754.958823,19.87
1414,1741151757.038698,19.64
1415,1741151759.162191,19.42
1416,1741151761.256905,19.20
1417,1741151763.325460,18.98
1418,1741151765.392069,18.76
1419,1741151767.494139,18.54
1420,1741151769.605642,18.31
1421,1741151771.686061,18.09
1422,1741151773.793497,17.87
1423,1741151775.879160,17.65
1424,1741151777.956943,17.42
1425,1741151780.084289,17.20
1426,1741151782.159744,16.98
1427,1741151784.236425,16.76
1428,1741151786.346539,16.53
1429,1741151788.419466,16.31
1430,1741151790.534943,16.09
1431,1741151792.629995,15.87
1432,1741151794.723775,15.65
1433,1741151796.791094,15.42
1434,1741151798.877764,15.21
1435,1741151800.993403,14.98
1436,1741151803.078250,14.76
1437,1741151805.177107,14.54
1438,1741151807.269822,14.32
1439,1741151809.346042,14.10
1440,1741151811.489233,13.87
1441,1741151813.568254,13.65
1442,1741151815.663240,13.43
1443,1741151817.747150,13.21
1444,1741151819.817633,12.99
1445,1741151821.941635,12.76
1446,1741151824.014547,12.54
1447,1741151826.079521,12.32
1448,1741151828.143436,12.10
1449,1741151830.225916,11.87
1450,1741151832.340770,11.65
1451,1741151834.403032,11.43
1452,1741151836.481808,11.21
1453,1741151838.552899,10.98
1454,1741151840.610303,10.76
1455,1741151842.708916,10.54
1456,1741151844.772788,10.32
1457,1741151846.813845,10.09
1458,1741151848.880091,9.87
1459,1741151850.944839,9.65
1460,1741151853.066939,9.43
1461,1741151855.142526,9.21
1462,1741151857.198365,8.98
1463,1741151859.248238,8.76
1464,1741151861.328496,8.54
1465,1741151863.422504,8.32
1466,1741151865.482791,8.09
1467,1741151867.542250,7.87
1468,1741151869.621907,7.65
1469,1741151871.678513,7.43
1470,1741151873.751908,7.21
1471,1741151875.788747,6.98
1472,1741151877.831716,6.76
1473,1741151879.899457,6.54
1474,1741151881.960862,6.32
1475,1741151884.045805,6.09
1476,1741151886.100309,5.87
1477,1741151888.176349,5.65
1478,1741151890.233925,5.43
1479,1741151892.265714,5.20
1480,1741151894.323118,4.98
1481,1741151896.348871,4.76
1482,1741151898.385893,4.54
1483,1741151900.416635,4.31
1484,1741151902.470412,4.09
1485,1741151904.523226,3.88
1486,1741151906.532163,3.66
1487,1741151908.538553,3.43
1488,1741151910.538801,3.21
1489,1741151912.532007,3.00
1490,1741151914.557761,2.78
1491,1741151916.551131,2.56
1492,1741151918.564422,2.34
1493,1741151920.578064,2.13
1494,1741151922.595567,1.91
1495,1741151924.634661,1.70
1496,1741151926.647393,1.50
1497,1741151928.645700,1.29
1498,1741151930.618347,1.08
1499,1741151932.668726,0.86
1500,1741151934.748550,0.65
1501,1741151936.819597,0.45
1502,1741151938.858178,0.31
1503,1741151940.878633,0.25
1504,1741151942.880075,0.13
1505,1741151944.904229,0.00
1506,1741151946.894245,0.40
1507,1741151948.905432,0.81
1508,1741151950.918321,1.21
1509,1741151952.920490,1.62
1510,1741151954.956614,2.02
1511,1741151956.965145,2.43
1512,1741151958.970469,2.83
1513,1741151960.986413,3.24
1514,1741151962.994195,3.64
1515,1741151965.045259,4.05
1516,1741151967.075105,4.45
1517,1741151969.101952,4.86
1518,1741151971.154930,5.26
1519,1741151973.174865,5.67
1520,1741151975.270051,6.07
1521,1741151977.302675,6.48
1522,1741151979.339555,6.88
1523,1741151981.388232,7.29
1524,1741151983.445951,7.69
1525,1741151985.545316,8.10
1526,1741151987.597901,8.50
1527,1741151989.640815,8.91
1528,1741151991.685594,9.31
1529,1741151993.739623,9.72
1530,1741151995.845003,10.12
1531,1741151998.018199,10.53
1532,1741152000.107553,10.93
1533,1741152002.171464,11.34
1534,1741152004.230354,11.74
1535,1741152006.342071,12.15
1536,1741152008.409138,12.55
1537,1741152010.481205,12.96
1538,1741152012.539309,13.36
1539,1741152014.611290,13.77
1540,1741152016.719713,14.17
1541,1741152018.793296,14.57
1542,1741152020.868289,14.98
1543,1741152022.962351,15.38
1544,1741152025.047192,15.79
1545,1741152027.149458,16.19
1546,1741152029.237098,16.60
1547,1741152031.319131,17.00
1548,1741152033.397208,17.40
1549,1741152035.489303,17.80
1550,1741152037.609180,18.21
1551,1741152039.675971,18.61
1552,1741152041.765288,19.02
1553,1741152043.850205,19.42
1554,1741152045.932558,19.82
1555,1741152048.071871,20.23
1556,1741152050.152195,20.64
1557,1741152052.279142,21.04
1558,1741152054.376786,21.44
1559,1741152056.461008,21.85
1560,1741152058.599062,22.25
1561,1741152060.688949,22.66
1562,1741152062.776800,23.06
1563,1741152064.888635,23.47
1564,1741152067.000705,23.87
1565,1741152069.105036,24.28
1566,1741152071.188382,24.68
1567,1741152073.266404,25.09
1568,1741152075.376335,25.49
1569,1741152077.501394,25.89
1570,1741152079.583570,26.30
1571,1741152081.667471,26.70
1572,1741152083.776843,27.11
1573,1741152085.874434,27.51
1574,1741152088.037776,27.91
1575,1741152090.134673,28.31
1576,1741152092.231700,28.72
1577,1741152094.333173,29.12
1578,1741152096.436206,29.53
1579,1741152098.581436,29.93
1580,1741152100.669402,30.33
1581,1741152102.757078,30.74
1582,1741152104.855184,31.14
1583,1741152106.951727,31.55
1584,1741152109.081515,31.95
1585,1741152111.181702,32.36
1586,1741152113.273762,32.76
1587,1741152115.359957,33.16
1588,1741152117.473305,33.57
1589,1741152119.594651,33.97
1590,1741152121.719664,34.38
1591,1741152123.808560,34.78
1592,1741152125.893267,35.18
1593,1741152128.037938,35.59
1594,1741152130.128189,35.99
1595,1741152132.242786,36.40
1596,1741152134.343059,36.80
1597,1741152136.429481,37.21
1598,1741152138.583116,37.61
1599,1741152140.673238,38.01
1600,1741152142.787287,38.42
1601,1741152144.873938,38.82
1602,1741152146.968939,39.23
1603,1741152149.125631,39.63
1604,1741152151.219220,40.04
1605,1741152153.325826,40.44
1606,1741152155.426483,40.84
1607,1741152157.515792,41.25
1608,1741152159.656552,41.65
1609,1741152161.731195,42.06
1610,1741152163.853047,42.46
1611,1741152165.962907,42.87
1612,1741152168.070059,43.27
1613,1741152170.226480,43.68
1614,1741152172.323374,44.08
1615,1741152174.509963,44.49
1616,1741152176.766553,44.89
1617,1741152178.893577,45.30
1618,1741152181.054430,45.70
1619,1741152183.161339,46.11
1620,1741152185.291418,46.51
1621,1741152187.404545,46.92
1622,1741152189.526158,47.32
1623,1741152191.663382,47.73
1624,1741152193.787118,48.13
1625,1741152195.896633,48.54
1626,1741152198.022872,48.94
1627,1741152200.137145,49.35
1628,1741152202.277740,49.75
1629,1741152204.391197,50.15
1630,1741152206.483872,50.56
1631,1741152208.732295,50.97
1632,1741152210.991486,51.37
1633,1741152213.274381,51.78
1634,1741152215.497800,52.18
1635,1741152217.736386,52.59
1636,1741152219.978935,52.99
1637,1741152222.177222,53.39
1638,1741152224.305534,53.80
1639,1741152226.409218,54.20
1640,1741152228.519835,54.61
1641,1741152230.622783,55.01
1642,1741152232.727234,55.42
1643,1741152234.865026,55.82
1644,1741152236.971400,56.23
1645,1741152239.090471,56.63
1646,1741152241.199253,57.04
1647,1741152243.349334,57.44
1648,1741152245.440869,57.85
1649,1741152247.534672,58.25
1650,1741152249.654720,58.66
1651,1741152251.747343,59.06
1652,1741152253.907188,59.46
1653,1741152255.999594,59.87
1654,1741152258.102946,60.27
1655,1741152260.216407,60.68
1656,1741152262.305568,61.08
1657,1741152264.461090,61.49
1658,1741152266.570175,61.89
1659,1741152268.683751,62.30
1660,1741152270.779840,62.70
1661,1741152272.914340,63.11
1662,1741152275.026065,63.51
1663,1741152277.104421,63.91
1664,1741152279.235848,64.32
1665,1741152281.346064,64.72
1666,1741152283.472270,65.13
1667,1741152285.582321,65.53
1668,1741152287.677662,65.94
1669,1741152289.756773,66.34
1670,1741152291.865446,66.75
1671,1741152293.993433,67.15
1672,1741152296.113343,67.56
1673,1741152298.200263,67.96
1674,1741152300.294871,68.37
1675,1741152302.415944,68.77
1676,1741152304.534966,69.18
1677,1741152306.657511,69.58
1678,1741152308.738380,69.99
1679,1741152310.812894,70.39
1680,1741152312.965341,70.80
1681,1741152315.051149,71.20
1682,1741152317.164757,71.61
1683,1741152319.260160,72.01
1684,1741152321.367346,72.42
1685,1741152323.519027,72.82
1686,1741152325.610657,73.23
1687,1741152327.722655,73.63
1688,1741152329.835800,74.03
1689,1741152331.945810,74.44
1690,1741152334.089614,74.84
1691,1741152336.204280,75.24
1692,1741152338.316808,75.64
1693,1741152340.411992,76.04
1694,1741152342.536663,76.45
1695,1741152344.679887,76.85
1696,1741152346.808994,77.23
1697,1741152348.913578,77.64
1698,1741152351.031088,78.04
1699,1741152353.140290,78.44
1700,1741152355.297539,78.84
1701,1741152357.393000,79.24
1702,1741152359.501531,79.65
1703,1741152361.680195,80.05
1704,1741152363.770197,80.45
1705,1741152365.928185,80.86
1706,1741152368.029181,81.26
1707,1741152370.157124,81.66
1708,1741152372.269341,82.07
1709,1741152374.387220,82.47
1710,1741152376.520192,82.88
1711,1741152378.636864,83.29
1712,1741152380.752093,83.69
1713,1741152382.851458,84.09
1714,1741152384.987088,84.50
1715,1741152387.128491,84.90
1716,1741152389.253038,85.30
1717,1741152391.355406,85.71
1718,1741152393.466657,86.11
1719,1741152395.560145,86.52
1720,1741152397.679597,86.92
1721,1741152399.784699,87.32
1722,1741152401.865990,87.73
1723,1741152403.945558,88.13
1724,1741152406.049901,88.54
1725,1741152408.159324,88.94
1726,1741152410.244020,89.34
1727,1741152412.363890,89.75
1728,1741152414.475305,90.15
1729,1741152416.618032,90.55
1730,1741152418.745591,90.96
1731,1741152420.874685,91.36
1732,1741152422.969615,91.77
1733,1741152425.077914,92.17
1734,1741152427.213399,92.58
1735,1741152429.313189,92.98
1736,1741152431.443437,93.38
1737,1741152433.546497,93.79
1738,1741152435.668014,94.20
1739,1741152437.805363,94.59
1740,1741152439.917488,95.00
1741,1741152442.019146,95.40
1742,1741152444.114495,95.81
1743,1741152446.212809,96.21
1744,1741152448.358573,96.61
1745,1741152450.475873,97.02
1746,1741152452.575784,97.42
1747,1741152454.677799,97.83
1748,1741152456.827493,98.23
1749,1741152458.926039,98.64
1750,1741152461.041731,99.04
1751,1741152463.135459,99.45
1752,1741152465.227032,99.85
1753,1741152467.375073,100.25
1754,1741152469.460130,100.66
1755,1741152471.574772,100.86
1756,1741152473.668735,100.46
1757,1741152475.924263,100.05
1758,1741152478.220413,99.65
1759,1741152480.476521,99.24
1760,1741152482.737333,98.84
1761,1741152484.999720,98.43
1762,1741152487.273195,98.03
1763,1741152489.402337,97.63
1764,1741152491.500683,97.22
1765,1741152493.615526,96.82
1766,1741152495.718567,96.41
1767,1741152497.837484,96.01
1768,1741152499.966050,95.60
1769,1741152502.064203,95.20
1770,1741152504.169490,94.80
1771,1741152506.281178,94.39
1772,1741152508.426130,93.99
1773,1741152510.521047,93.59
1774,1741152512.612906,93.18
1775,1741152514.846158,92.78
1776,1741152517.088008,92.37
1777,1741152519.353325,91.97
1778,1741152521.490128,91.57
1779,1741152523.582305,91.16
1780,1741152525.674841,90.76
1781,1741152527.778201,90.35
1782,1741152529.900804,89.95
1783,1741152532.020685,89.55
1784,1741152534.119426,89.14
1785,1741152536.219811,88.74
1786,1741152538.343380,88.33
1787,1741152540.467660,87.93
1788,1741152542.581224,87.53
1789,1741152544.677603,87.12
1790,1741152546.754128,86.72
1791,1741152548.865671,86.31
1792,1741152550.988696,85.91
1793,1741152553.087523,85.51
1794,1741152555.181048,85.10
1795,1741152557.271233,84.70
1796,1741152559.368810,84.29
1797,1741152561.486984,83.89
1798,1741152563.572452,83.49
1799,1741152565.676996,83.08
1800,1741152567.928190,82.67
1801,1741152570.174612,82.27
1802,1741152572.441061,81.87
1803,1741152574.671251,81.46
1804,1741152576.894085,81.06
1805,1741152579.016534,80.65
1806,1741152581.122935,80.25
1807,1741152583.269111,79.85
1808,1741152585.361610,79.44
1809,1741152587.454757,79.04
1810,1741152589.569865,78.64
1811,1741152591.664449,78.24
1812,1741152593.831915,77.84
1813,1741152595.932643,77.43
1814,1741152598.056358,77.05
1815,1741152600.159137,76.65
1816,1741152602.275030,76.25
1817,1741152604.411879,75.84
1818,1741152606.659463,75.44
1819,1741152608.762143,75.04
1820,1741152610.886897,74.63
1821,1741152613.144339,74.23
1822,1741152615.273127,73.83
1823,1741152617.425122,73.43
1824,1741152619.570982,73.02
1825,1741152621.679955,72.62
1826,1741152623.804097,72.21
1827,1741152625.922815,71.81
1828,1741152628.019208,71.41
1829,1741152630.117651,71.00
1830,1741152632.245573,70.60
1831,1741152634.359057,70.19
1832,1741152636.482331,69.79
1833,1741152638.575290,69.38
1834,1741152640.698248,68.98
1835,1741152642.830702,68.57
1836,1741152644.930450,68.17
1837,1741152647.049870,67.76
1838,1741152649.150839,67.36
1839,1741152651.239980,66.95
1840,1741152653.407408,66.55
1841,1741152655.501805,66.14
1842,1741152657.634108,65.74
1843,1741152659.725529,65.33
1844,1741152661.841814,64.93
1845,1741152663.974686,64.52
1846,1741152666.088978,64.12
1847,1741152668.184408,63.71
1848,1741152670.273719,63.31
1849,1741152672.390983,62.90
1850,1741152674.526867,62.50
1851,1741152676.640812,62.09
1852,1741152678.748598,61.69
1853,1741152680.852175,61.28
1854,1741152683.008630,60.88
1855,1741152685.110671,60.48
1856,1741152687.232388,60.07
1857,1741152689.329687,59.67
1858,1741152691.440598,59.26
1859,1741152693.560201,58.86
1860,1741152695.644182,58.45
1861,1741152697.776302,58.05
1862,1741152699.885802,57.64
1863,1741152701.955910,57.24
1864,1741152704.102886,56.84
1865,1741152706.180555,56.43
1866,1741152708.272957,56.03
1867,1741152710.359630,55.62
1868,1741152712.439215,55.22
1869,1741152714.548459,54.81
1870,1741152716.662198,54.41
1871,1741152718.749141,54.00
1872,1741152720.832118,53.60
1873,1741152722.928985,53.19
1874,1741152725.032523,52.79
1875,1741152727.095801,52.38
1876,1741152729.202629,51.98
1877,1741152731.267289,51.57
1878,1741152733.345621,51.17
1879,1741152735.470386,50.77
1880,1741152737.540813,50.36
1881,1741152739.602946,49.95
1882,1741152741.716176,49.55
1883,1741152743.806490,49.14
1884,1741152745.940636,48.74
1885,1741152748.053564,48.34
1886,1741152750.148891,47.93
1887,1741152752.260374,47.53
1888,1741152754.350800,47.12
1889,1741152756.518978,46.72
1890,1741152758.633305,46.31
1891,1741152760.740701,45.91
1892,1741152762.851743,45.50
1893,1741152764.947104,45.10
1894,1741152767.064720,44.69
1895,1741152769.170909,44.29
1896,1741152771.253829,43.88
1897,1741152773.330516,43.48
1898,1741152775.434756,43.07
1899,1741152777.549712,42.67
1900,1741152779.648972,42.26
1901,1741152781.742350,41.86
1902,1741152783.823032,41.45
1903,1741152785.919578,41.05
1904,1741152788.050254,40.64
1905,1741152790.121832,40.24
1906,1741152792.219678,39.83
1907,1741152794.328681,39.43
1908,1741152796.440326,39.02
1909,1741152798.543484,38.62
1910,1741152800.646018,38.22
1911,1741152802.744819,37.81
1912,1741152804.866375,37.41
1913,1741152807.003877,37.00
1914,1741152809.110634,36.60
1915,1741152811.195791,36.19
1916,1741152813.299457,35.79
1917,1741152815.413598,35.39
1918,1741152817.565176,34.98
1919,1741152819.683069,34.58
1920,1741152821.784319,34.17
1921,1741152823.879984,33.77
1922,1741152826.005440,33.37
1923,1741152828.096128,32.96
1924,1741152830.214416,32.56
1925,1741152832.301235,32.15
1926,1741152834.389398,31.75
1927,1741152836.530373,31.34
1928,1741152838.608074,30.94
1929,1741152840.719911,30.54
1930,1741152842.803505,30.13
1931,1741152844.884923,29.73
1932,1741152847.014013,29.32
1933,1741152849.095384,28.92
1934,1741152851.196221,28.52
1935,1741152853.299407,28.11
1936,1741152855.381616,27.71
1937,1741152857.513116,27.31
1938,1741152859.620508,26.91
1939,1741152861.715818,26.50
1940,1741152863.846651,26.10
1941,1741152865.964039,25.69
1942,1741152868.115404,25.29
1943,1741152870.210943,24.88
1944,1741152872.309237,24.48
1945,1741152874.392830,24.07
1946,1741152876.495917,23.67
1947,1741152878.652903,23.26
1948,1741152880.787406,22.86
1949,1741152882.896901,22.46
1950,1741152885.021658,22.05
1951,1741152887.133255,21.65
1952,1741152889.292393,21.24
1953,1741152891.394403,20.84
1954,1741152893.522547,20.43
1955,1741152895.623940,20.03
1956,1741152897.710704,19.62
1957,1741152899.856599,19.22
1958,1741152901.945584,18.81
1959,1741152904.043707,18.41
1960,1741152906.146725,18.00
1961,1741152908.236325,17.60
1962,1741152910.397046,17.20
1963,1741152912.492369,16.80
1964,1741152914.604468,16.39
1965,1741152916.699257,15.99
1966,1741152918.788160,15.59
1967,1741152920.936399,15.18
1968,1741152923.016691,14.78
1969,1741152925.096430,14.37
1970,1741152927.178011,13.97
1971,1741152929.243511,13.57
1972,1741152931.360308,13.16
1973,1741152933.434865,12.76
1974,1741152935.489385,12.35
1975,1741152937.541449,11.94
1976,1741152939.626083,11.54
1977,1741152941.718929,11.13
1978,1741152943.775722,10.73
1979,1741152945.840017,10.32
1980,1741152947.896024,9.92
1981,1741152949.952810,9.52
1982,1741152952.032036,9.11
1983,1741152954.108406,8.71
1984,1741152956.197984,8.30
1985,1741152958.240768,7.90
1986,1741152960.281460,7.49
1987,1741152962.352368,7.09
1988,1741152964.397020,6.68
1989,1741152966.457258,6.28
1990,1741152968.493926,5.87
1991,1741152970.523368,5.47
1992,1741152972.576026,5.06
1993,1741152974.577011,4.65
1994,1741152976.579494,4.25
1995,1741152978.597710,3.85
1996,1741152980.617106,3.44
1997,1741152982.678404,3.04
1998,1741152984.698714,2.63
1999,1741152986.707538,2.23
2000,1741152988.704830,1.82
2001,1741152990.697900,1.42
2002,1741152992.725906,1.01
2003,1741152994.723729,0.61
2004,1741152996.721311,0.20
2005,1741152998.696997,0.03
2006,1741153000.673149,0.16
2007,1741153002.691276,0.28
2008,1741153004.698231,0.40
2009,1741153006.684007,0.65
2010,1741153008.684913,0.92
2011,1741153010.716706,1.19
2012,1741153012.710826,1.45
2013,1741153014.706097,1.71
2014,1741153016.701230,1.97
2015,1741153018.720011,2.25
2016,1741153020.804615,2.52
2017,1741153022.806806,2.79
2018,1741153024.824540,3.07
2019,1741153026.846803,3.34
2020,1741153028.876050,3.62
2021,1741153030.985617,3.90
2022,1741153033.029171,4.17
2023,1741153035.050208,4.45
2024,1741153037.070596,4.73
2025,1741153039.085845,5.01
2026,1741153041.166276,5.29
2027,1741153043.186047,5.56
2028,1741153045.250998,5.84
2029,1741153047.293846,6.12
2030,1741153049.334392,6.40
2031,1741153051.397883,6.68
2032,1741153053.456587,6.96
2033,1741153055.543029,7.24
2034,1741153057.590056,7.52
2035,1741153059.638367,7.80
2036,1741153061.717915,8.08
2037,1741153063.784354,8.36
2038,1741153065.850815,8.64
2039,1741153067.916554,8.92
2040,1741153069.961870,9.20
2041,1741153072.065298,9.48
2042,1741153074.248298,9.76
2043,1741153076.448725,10.03
2044,1741153078.666425,10.31
2045,1741153080.849272,10.59
2046,1741153083.081730,10.87
2047,1741153085.271941,11.15
2048,1741153087.473416,11.43
2049,1741153089.674097,11.71
2050,1741153091.856016,11.99
2051,1741153094.032011,12.27
2052,1741153096.115038,12.55
2053,1741153098.213180,12.83
2054,1741153100.296700,13.11
2055,1741153102.384219,13.39
2056,1741153104.509769,13.67
2057,1741153106.587495,13.94
2058,1741153108.664004,14.22
2059,1741153110.749355,14.50
2060,1741153112.826210,14.77
2061,1741153114.936374,15.05
2062,1741153117.042701,15.33
2063,1741153119.123398,15.61
2064,1741153121.253100,15.89
2065,1741153123.386714,16.17
2066,1741153125.518214,16.45
2067,1741153127.625044,16.72
2068,1741153129.713531,17.00
2069,1741153131.805274,17.28
2070,1741153133.913167,17.56
2071,1741153136.045640,17.84
2072,1741153138.157683,18.12
2073,1741153140.246976,18.40
2074,1741153142.350192,18.68
2075,1741153144.464763,18.96
2076,1741153146.589707,19.24
2077,1741153148.825373,19.52
2078,1741153151.074444,19.80
2079,1741153153.186720,20.08
2080,1741153155.311350,20.36
2081,1741153157.576268,20.63
2082,1741153159.694174,20.91
2083,1741153161.797527,21.19
2084,1741153164.019851,21.47
2085,1741153166.243603,21.75
2086,1741153168.511603,22.03
2087,1741153170.730049,22.31
2088,1741153172.938922,22.58
2089,1741153175.067857,22.86
2090,1741153177.187386,23.14
2091,1741153179.325372,23.42
2092,1741153181.425312,23.70
2093,1741153183.562991,23.97
2094,1741153185.800800,24.25
2095,1741153188.057347,24.53
2096,1741153190.325055,24.81
2097,1741153192.543854,25.08
2098,1741153194.767645,25.36
2099,1741153196.988941,25.64
2100,1741153199.232843,25.92
2101,1741153201.455680,26.20
2102,1741153203.666365,26.48
2103,1741153205.893571,26.76
2104,1741153208.119864,27.04
2105,1741153210.378904,27.32
2106,1741153212.609465,27.60
2107,1741153214.832318,27.88
2108,1741153217.057644,28.16
2109,1741153219.285649,28.44
2110,1741153221.536947,28.71
2111,1741153223.763344,28.99
2112,1741153225.876658,29.27
2113,1741153227.979278,29.55
2114,1741153230.101564,29.83
2115,1741153232.235110,30.11
2116,1741153234.356266,30.39
2117,1741153236.466697,30.67
2118,1741153238.595428,30.95
2119,1741153240.687149,31.23
2120,1741153242.844124,31.51
2121,1741153244.943830,31.79
2122,1741153247.044986,32.07
2123,1741153249.154602,32.34
2124,1741153251.249463,32.62
2125,1741153253.400403,32.90
2126,1741153255.502737,33.18
2127,1741153257.601960,33.46
2128,1741153259.723083,33.74
2129,1741153261.827595,34.02
2130,1741153263.980163,34.30
2131,1741153266.079551,34.58
2132,1741153268.203920,34.86
2133,1741153270.306439,35.13
2134,1741153272.396919,35.41
2135,1741153274.544368,35.69
2136,1741153276.646188,35.97
2137,1741153278.753283,36.25
2138,1741153280.860584,36.53
2139,1741153282.991925,36.81
2140,1741153285.138436,37.08
2141,1741153287.261742,37.36
2142,1741153289.474414,37.64
2143,1741153291.740868,37.92
2144,1741153293.989412,38.20
2145,1741153296.243914,38.48
2146,1741153298.468951,38.76
2147,1741153300.693518,39.04
2148,1741153302.932855,39.32
2149,1741153305.205938,39.60
2150,1741153307.442492,39.87
2151,1741153309.679112,40.15
2152,1741153311.911102,40.43
2153,1741153314.137546,40.71
2154,1741153316.392010,40.99
2155,1741153318.615200,41.27
2156,1741153320.828823,41.55
2157,1741153323.075625,41.83
2158,1741153325.294984,42.11
2159,1741153327.555257,42.39
2160,1741153329.790248,42.66
2161,1741153332.015504,42.94
2162,1741153334.230204,43.22
2163,1741153336.478693,43.50
2164,1741153338.593596,43.78
2165,1741153340.722792,44.06
2166,1741153342.802999,44.34
2167,1741153344.887714,44.62
2168,1741153347.042911,44.90
2169,1741153349.127846,45.17
2170,1741153351.247522,45.45
2171,1741153353.348352,45.73
2172,1741153355.480406,46.01
2173,1741153357.617169,46.29
2174,1741153359.744473,46.57
2175,1741153361.844814,46.85
2176,1741153364.074012,47.13
2177,1741153366.312427,47.41
2178,1741153368.485229,47.69
2179,1741153370.584613,47.97
2180,1741153372.670064,48.23
2181,1741153374.766920,48.50
2182,1741153376.905289,48.78
2183,1741153379.003503,49.06
2184,1741153381.110636,49.34
2185,1741153383.206088,49.62
2186,1741153385.449172,49.90
2187,1741153387.724077,50.18
2188,1741153389.966528,50.46
2189,1741153392.064749,50.74
2190,1741153394.163132,51.02
2191,1741153396.264832,51.29
2192,1741153398.414151,51.57
2193,1741153400.523352,51.85
2194,1741153402.616734,52.13
2195,1741153404.743240,52.41
2196,1741153406.830307,52.69
2197,1741153408.965147,52.97
2198,1741153411.060184,53.24
2199,1741153413.148357,53.52
2200,1741153415.234845,53.80
2201,1741153417.320017,54.08
2202,1741153419.591864,54.35
2203,1741153421.810247,54.63
2204,1741153424.039128,54.91
2205,1741153426.259647,55.19
2206,1741153428.347519,55.47
2207,1741153430.455830,55.75
2208,1741153432.545059,56.03
2209,1741153434.619677,56.31
2210,1741153436.692380,56.59
2211,1741153438.778376,56.86
2212,1741153441.035749,57.14
2213,1741153443.258350,57.41
2214,1741153445.484177,57.69
2215,1741153447.711597,57.96
2216,1741153449.943213,58.24
2217,1741153452.205265,58.52
2218,1741153454.326399,58.79
2219,1741153456.444256,59.07
2220,1741153458.539644,59.35
2221,1741153460.640113,59.63
2222,1741153462.782770,59.91
2223,1741153464.881960,60.19
2224,1741153466.993502,60.47
2225,1741153469.085006,60.74
2226,1741153471.180366,61.02
2227,1741153473.314342,61.30
2228,1741153475.399714,61.58
2229,1741153477.478716,61.86
2230,1741153479.586290,62.14
2231,1741153481.661950,62.42
2232,1741153483.783221,62.70
2233,1741153485.891392,62.98
2234,1741153487.978799,63.25
2235,1741153490.050283,63.53
2236,1741153492.180274,63.81
2237,1741153494.248073,64.09
2238,1741153496.318526,64.37
2239,1741153498.411217,64.64
2240,1741153500.486014,64.92
2241,1741153502.600221,65.20
2242,1741153504.701096,65.48
2243,1741153506.765502,65.75
2244,1741153508.879857,66.03
2245,1741153510.994129,66.31
2246,1741153513.120719,66.59
2247,1741153515.255413,66.86
2248,1741153517.355599,67.14
2249,1741153519.468117,67.42
2250,1741153521.607839,67.70
2251,1741153523.720441,67.97
2252,1741153525.827898,68.25
2253,1741153527.926888,68.53
2254,1741153530.039450,68.81
2255,1741153532.164363,69.09
2256,1741153534.289786,69.35
2257,1741153536.387777,69.46
2258,1741153538.485050,69.23
2259,1741153540.609116,68.95
2260,1741153542.748797,68.67
2261,1741153544.866066,68.39
2262,1741153546.968980,68.11
2263,1741153549.085068,67.84
2264,1741153551.177456,67.56
2265,1741153553.307879,67.28
2266,1741153555.435333,67.00
2267,1741153557.527877,66.72
2268,1741153559.639930,66.45
2269,1741153561.753218,66.17
2270,1741153563.820372,65.89
2271,1741153565.904778,65.61
2272,1741153567.981976,65.34
2273,1741153570.043359,65.06
2274,1741153572.191736,64.78
2275,1741153574.274805,64.50
2276,1741153576.367211,64.23
2277,1741153578.456557,63.95
2278,1741153580.547520,63.67
2279,1741153582.660975,63.39
2280,1741153584.756517,63.11
2281,1741153586.834152,62.84
2282,1741153588.940350,62.56
2283,1741153591.035272,62.28
2284,1741153593.165573,62.00
2285,1741153595.274817,61.72
2286,1741153597.361120,61.44
2287,1741153599.428272,61.16
2288,1741153601.509196,60.88
2289,1741153603.637969,60.61
2290,1741153605.734290,60.33
2291,1741153607.835418,60.05
2292,1741153609.938127,59.77
2293,1741153612.032547,59.49
2294,1741153614.184479,59.21
2295,1741153616.266478,58.93
2296,1741153618.376843,58.66
2297,1741153620.465577,58.38
2298,1741153622.553144,58.10
2299,1741153624.678247,57.82
2300,1741153626.765598,57.55
2301,1741153628.841499,57.27
2302,1741153630.949894,56.99
2303,1741153633.053748,56.72
2304,1741153635.222256,56.45
2305,1741153637.330354,56.17
2306,1741153639.439066,55.89
2307,1741153641.525467,55.61
2308,1741153643.627651,55.33
2309,1741153645.785366,55.05
2310,1741153647.885105,54.77
2311,1741153650.005153,54.49
2312,1741153652.123022,54.22
2313,1741153654.249718,53.94
2314,1741153656.377407,53.66
2315,1741153658.493044,53.38
2316,1741153660.589661,53.10
2317,1741153662.678558,52.83
2318,1741153664.787536,52.55
2319,1741153666.912602,52.27
2320,1741153669.039194,51.99
2321,1741153671.125192,51.71
2322,1741153673.234148,51.43
2323,1741153675.374169,51.16
2324,1741153677.474094,50.88
2325,1741153679.576763,50.60
2326,1741153681.683168,50.32
2327,1741153683.781471,50.04
2328,1741153685.926993,49.76
2329,1741153688.014273,49.48
2330,1741153690.128397,49.20
2331,1741153692.233460,48.92
2332,1741153694.335078,48.64
2333,1741153696.490932,48.36
2334,1741153698.580075,48.10
2335,1741153700.702126,47.83
2336,1741153702.816354,47.55
2337,1741153704.981503,47.27
2338,1741153707.083914,46.99
2339,1741153709.212881,46.71
2340,1741153711.312462,46.43
2341,1741153713.458815,46.15
2342,1741153715.619561,45.87
2343,1741153717.751979,45.59
2344,1741153719.846194,45.31
2345,1741153721.943444,45.04
2346,1741153724.066104,44.76
2347,1741153726.196728,44.48
2348,1741153728.300380,44.20
2349,1741153730.393807,43.92
2350,1741153732.497150,43.64
2351,1741153734.599215,43.36
2352,1741153736.730921,43.08
2353,1741153738.845762,42.80
2354,1741153740.959268,42.53
2355,1741153743.061182,42.25
2356,1741153745.208905,41.97
2357,1741153747.305423,41.69
2358,1741153749.447159,41.41
2359,1741153751.550174,41.13
2360,1741153753.634680,40.85
2361,1741153755.783475,40.57
2362,1741153757.875609,40.29
2363,1741153759.981261,40.01
2364,1741153762.070560,39.74
2365,1741153764.174222,39.45
2366,1741153766.313860,39.18
2367,1741153768.424317,38.90
2368,1741153770.538325,38.62
2369,1741153772.631235,38.34
2370,1741153774.726845,38.06
2371,1741153776.869501,37.78
2372,1741153778.954874,37.50
2373,1741153781.064079,37.22
2374,1741153783.164991,36.95
2375,1741153785.265404,36.67
2376,1741153787.420407,36.39
2377,1741153789.506963,36.11
2378,1741153791.608227,35.83
2379,1741153793.702840,35.55
2380,1741153795.803462,35.27
2381,1741153797.941876,34.99
2382,1741153800.032102,34.72
2383,1741153802.127773,34.44
2384,1741153804.213017,34.16
2385,1741153806.297714,33.88
2386,1741153808.427602,33.60
2387,1741153810.498815,33.32
2388,1741153812.584824,33.04
2389,1741153814.695520,32.76
2390,1741153816.776347,32.48
2391,1741153818.896102,32.21
2392,1741153821.014466,31.93
2393,1741153823.093419,31.65
2394,1741153825.225337,31.37
2395,1741153827.320232,31.09
2396,1741153829.434147,30.81
2397,1741153831.540649,30.53
2398,1741153833.628095,30.25
2399,1741153835.724422,29.97
2400,1741153837.828574,29.69
2401,1741153839.940764,29.41
2402,1741153842.035424,29.13
2403,1741153844.131267,28.85
2404,1741153846.222679,28.57
2405,1741153848.332562,28.30
2406,1741153850.490868,28.02
2407,1741153852.587254,27.74
2408,1741153854.719538,27.46
2409,1741153856.822968,27.18
2410,1741153858.972363,26.90
2411,1741153861.053538,26.62
2412,1741153863.145770,26.34
2413,1741153865.259869,26.06
2414,1741153867.347061,25.78
2415,1741153869.484591,25.50
2416,1741153871.571587,25.22
2417,1741153873.658203,24.95
2418,1741153875.756738,24.67
2419,1741153877.833520,24.39
2420,1741153879.939958,24.11
2421,1741153882.034071,23.83
2422,1741153884.119949,23.56
2423,1741153886.194638,23.28
2424,1741153888.325938,23.00
2425,1741153890.403231,22.72
2426,1741153892.491761,22.44
2427,1741153894.581633,22.17
2428,1741153896.666458,21.89
2429,1741153898.780982,21.61
2430,1741153900.875760,21.33
2431,1741153902.960727,21.05
2432,1741153905.038265,20.77
2433,1741153907.144548,20.50
2434,1741153909.263227,20.22
2435,1741153911.325838,19.94
2436,1741153913.413767,19.66
2437,1741153915.512826,19.38
2438,1741153917.639462,19.10
2439,1741153919.731990,18.82
2440,1741153921.811208,18.54
2441,1741153923.899286,18.26
2442,1741153926.021347,17.98
2443,1741153928.135838,17.70
2444,1741153930.253295,17.42
2445,1741153932.349166,17.14
2446,1741153934.443741,16.86
2447,1741153936.549244,16.59
2448,1741153938.662935,16.31
2449,1741153940.764472,16.03
2450,1741153942.844044,15.75
2451,1741153944.906575,15.47
2452,1741153946.989143,15.19
2453,1741153949.109880,14.91
2454,1741153951.180161,14.63
2455,1741153953.251270,14.36
2456,1741153955.335814,14.08
2457,1741153957.410994,13.80
2458,1741153959.525845,13.53
2459,1741153961.611470,13.25
2460,1741153963.676336,12.97
2461,1741153965.744011,12.69
2462,1741153967.820463,12.41
2463,1741153969.924459,12.13
2464,1741153971.989224,11.85
2465,1741153974.025060,11.57
2466,1741153976.094405,11.29
2467,1741153978.149881,11.01
2468,1741153980.240393,10.73
2469,1741153982.284907,10.45
2470,1741153984.323868,10.17
2471,1741153986.359247,9.89
2472,1741153988.398012,9.62
2473,1741153990.481573,9.34
2474,1741153992.546197,9.06
2475,1741153994.594089,8.78
2476,1741153996.633787,8.50
2477,1741153998.670196,8.22
2478,1741154000.741025,7.94
2479,1741154002.776826,7.66
2480,1741154004.818173,7.38
2481,1741154006.841644,7.10
2482,1741154008.872068,6.82
2483,1741154010.945914,6.54
2484,1741154013.000966,6.26
2485,1741154015.057744,5.98
2486,1741154017.106902,5.70
2487,1741154019.135869,5.42
2488,1741154021.200727,5.15
2489,1741154023.223656,4.87
2490,1741154025.238443,4.59
2491,1741154027.282575,4.31
2492,1741154029.348040,4.03
2493,1741154031.394746,3.76
2494,1741154033.406845,3.48
2495,1741154035.407373,3.20
2496,1741154037.408479,2.93
2497,1741154039.415861,2.65
2498,1741154041.464509,2.38
2499,1741154043.478646,2.11
2500,1741154045.491213,1.83
2501,1741154047.500734,1.58
2502,1741154049.509372,1.32
2503,1741154051.550105,1.06
2504,1741154053.566056,0.79
2505,1741154055.583831,0.52
2506,1741154057.587758,0.32
2507,1741154059.601028,0.29
2508,1741154061.640890,0.31
2509,1741154063.634376,0.34
2510,1741154065.642473,0.42
2511,1741154067.634008,0.77
2512,1741154069.630055,1.17
2513,1741154071.650725,1.55
2514,1741154073.666248,1.93
2515,1741154075.674071,2.33
2516,1741154077.690707,2.73
2517,1741154079.712903,3.14
2518,1741154081.796279,3.54
2519,1741154083.831651,3.95
2520,1741154085.855525,4.35
2521,1741154087.881152,4.76
2522,1741154089.924202,5.17
2523,1741154092.004530,5.58
2524,1741154094.069702,5.99
2525,1741154096.115513,6.41
2526,1741154098.169847,6.82
2527,1741154100.209931,7.23
2528,1741154102.304472,7.64
2529,1741154104.383463,8.05
2530,1741154106.439810,8.46
2531,1741154108.483416,8.87
2532,1741154110.534135,9.28
2533,1741154112.636404,9.69
2534,1741154114.700315,10.10
2535,1741154116.754758,10.51
2536,1741154118.822333,10.92
2537,1741154120.893031,11.33
2538,1741154123.010744,11.74
2539,1741154125.088031,12.15
2540,1741154127.173123,12.56
2541,1741154129.270725,12.97
2542,1741154131.341487,13.38
2543,1741154133.448687,13.79
2544,1741154135.552450,14.19
2545,1741154137.635131,14.60
2546,1741154139.712082,15.01
2547,1741154141.807115,15.42
2548,1741154143.935237,15.83
2549,1741154146.038198,16.24
2550,1741154148.136332,16.65
2551,1741154150.222758,17.06
2552,1741154152.323023,17.47
2553,1741154154.463926,17.88
2554,1741154156.550477,18.29
2555,1741154158.658417,18.70
2556,1741154160.764337,19.11
2557,1741154162.863378,19.52
2558,1741154165.024050,19.93
2559,1741154167.114092,20.34
2560,1741154169.254861,20.75
2561,1741154171.360737,21.16
2562,1741154173.522954,21.57
2563,1741154175.628425,21.98
2564,1741154177.753189,22.38
2565,1741154179.981878,22.79
2566,1741154182.232709,23.20
2567,1741154184.494094,23.61
2568,1741154186.719638,24.02
2569,1741154188.948361,24.42
2570,1741154191.173059,24.83
2571,1741154193.398853,25.24
2572,1741154195.562204,25.65
2573,1741154197.677125,26.06
2574,1741154199.798108,26.47
2575,1741154201.903597,26.88
2576,1741154203.992749,27.29
2577,1741154206.138595,27.70
2578,1741154208.236778,28.11
2579,1741154210.360777,28.52
2580,1741154212.464865,28.93
2581,1741154214.583644,29.34
2582,1741154216.730016,29.75
2583,1741154218.844598,30.16
2584,1741154220.961150,30.57
2585,1741154223.184018,30.98
2586,1741154225.420027,31.39
2587,1741154227.687282,31.80
2588,1741154229.942811,32.21
2589,1741154232.161421,32.62
2590,1741154234.411467,33.03
2591,1741154236.633667,33.44
2592,1741154238.912819,33.85
2593,1741154241.160646,34.26
2594,1741154243.387979,34.67
2595,1741154245.613633,35.08
2596,1741154247.890505,35.49
2597,1741154250.039044,35.90
2598,1741154252.160669,36.31
2599,1741154254.305839,36.72
2600,1741154256.410030,37.13
2601,1741154258.564862,37.54
2602,1741154260.680460,37.95
2603,1741154262.799298,38.36
2604,1741154264.891673,38.77
2605,1741154266.987332,39.18
2606,1741154269.137036,39.59
2607,1741154271.227689,40.00
2608,1741154273.335597,40.41
2609,1741154275.446263,40.82
2610,1741154277.596697,41.23
2611,1741154279.703968,41.64
2612,1741154281.835825,42.05
2613,1741154283.942217,42.46
2614,1741154286.037652,42.86
2615,1741154288.176057,43.27
2616,1741154290.268505,43.68
2617,1741154292.387190,44.09
2618,1741154294.490950,44.50
2619,1741154296.582652,44.91
2620,1741154298.724920,45.32
2621,1741154300.811275,45.73
2622,1741154302.925468,46.14
2623,1741154305.020005,46.55
2624,1741154307.114328,46.96
2625,1741154309.266066,47.37
2626,1741154311.365877,47.78
2627,1741154313.509063,48.18
2628,1741154315.613855,48.59
2629,1741154317.763209,49.00
2630,1741154319.863235,49.41
2631,1741154321.995968,49.82
2632,1741154324.103017,50.23
2633,1741154326.224243,50.64
2634,1741154328.353302,51.04
2635,1741154330.603235,51.45
2636,1741154332.856811,51.86
2637,1741154334.959365,52.27
2638,1741154337.227433,52.68
2639,1741154339.492262,53.09
2640,1741154341.731652,53.50
2641,1741154343.975422,53.91
2642,1741154346.196508,54.32
2643,1741154348.433596,54.73
2644,1741154350.723596,55.14
2645,1741154352.973974,55.55
2646,1741154355.210271,55.96
2647,1741154357.450288,56.37
2648,1741154359.698911,56.78
2649,1741154361.972494,57.19
2650,1741154364.205284,57.60
2651,1741154366.393009,58.01
2652,1741154368.485550,58.42
2653,1741154370.593759,58.83
2654,1741154372.725892,59.25
2655,1741154374.834322,59.65
2656,1741154376.937243,60.06
2657,1741154379.029570,60.48
2658,1741154381.135127,60.89
2659,1741154383.289566,61.30
2660,1741154385.382229,61.71
2661,1741154387.510919,62.12
2662,1741154389.603463,62.53
2663,1741154391.721868,62.94
2664,1741154393.843655,63.35
2665,1741154395.953200,63.76
2666,1741154398.066244,64.17
2667,1741154400.170078,64.58
2668,1741154402.283643,64.99
2669,1741154404.425802,65.40
2670,1741154406.535048,65.81
2671,1741154408.650870,66.22
2672,1741154410.749490,66.63
2673,1741154412.863642,67.04
2674,1741154415.003538,67.45
2675,1741154417.093408,67.86
2676,1741154419.212576,68.27
2677,1741154421.314315,68.68
2678,1741154423.442240,69.09
2679,1741154425.576042,69.50
2680,1741154427.702286,69.91
2681,1741154429.793769,70.32
2682,1741154431.891987,70.73
2683,1741154434.038036,71.14
2684,1741154436.137884,71.55
2685,1741154438.237370,71.96
2686,1741154440.329608,72.37
2687,1741154442.411844,72.78
2688,1741154444.549454,73.19
2689,1741154446.644458,73.60
2690,1741154448.751303,74.01
2691,1741154450.855740,74.42
2692,1741154452.963135,74.83
2693,1741154455.115704,75.24
2694,1741154457.225480,75.65
2695,1741154459.338881,76.06
2696,1741154461.439376,76.47
2697,1741154463.696258,76.88
2698,1741154465.932508,77.28
2699,1741154468.166281,77.69
2700,1741154470.269350,78.08
2701,1741154472.399103,78.48
2702,1741154474.671962,78.89
2703,1741154476.905032,79.29
2704,1741154479.131389,79.70
2705,1741154481.370088,80.11
2706,1741154483.585525,80.52
2707,1741154485.838127,80.93
2708,1741154488.079577,81.34
2709,1741154490.240144,81.75
2710,1741154492.355146,82.16
2711,1741154494.483246,82.57
2712,1741154496.624913,82.98
2713,1741154498.740249,83.39
2714,1741154500.830748,83.80
2715,1741154502.939855,84.21
2716,1741154505.085567,84.62
2717,1741154507.182050,85.03
2718,1741154509.283305,85.44
2719,1741154511.374367,85.85
2720,1741154513.463826,86.26
2721,1741154515.593431,86.67
2722,1741154517.698029,87.08
2723,1741154519.814122,87.49
2724,1741154521.925119,87.90
2725,1741154524.021030,88.31
2726,1741154526.170372,88.71
2727,1741154528.252369,89.12
2728,1741154530.360883,89.53
2729,1741154532.457112,89.94
2730,1741154534.625733,90.35
2731,1741154536.791683,90.76
2732,1741154538.965191,91.17
2733,1741154541.069268,91.58
2734,1741154543.201222,91.99
2735,1741154545.301308,92.40
2736,1741154547.450857,92.81
2737,1741154549.550915,93.22
2738,1741154551.657455,93.63
2739,1741154553.788521,94.04
2740,1741154555.897575,94.45
2741,1741154558.065252,94.86
2742,1741154560.155705,95.27
2743,1741154562.263136,95.68
2744,1741154564.373601,96.09
2745,1741154566.472573,96.50
2746,1741154568.625435,96.91
2747,1741154570.713778,97.32
2748,1741154572.822232,97.73
2749,1741154574.911372,98.14
2750,1741154577.080856,98.55
2751,1741154579.266422,98.96
2752,1741154581.414092,99.37
2753,1741154583.504527,99.78
2754,1741154585.615943,100.19
2755,1741154587.712185,100.60
2756,1741154589.870112,101.01
2757,1741154591.969850,101.42
2758,1741154594.057753,101.83
2759,1741154596.217250,102.03
2760,1741154598.311757,101.63
2761,1741154600.457667,101.22
2762,1741154602.549215,100.81
2763,1741154604.638428,100.40
2764,1741154606.763370,99.99
2765,1741154608.847409,99.58
2766,1741154610.987984,99.17
2767,1741154613.072649,98.76
2768,1741154615.155837,98.34
2769,1741154617.259743,97.93
2770,1741154619.386853,97.52
2771,1741154621.490198,97.11
2772,1741154623.616369,96.70
2773,1741154625.723080,96.29
2774,1741154627.842798,95.88
2775,1741154629.966026,95.47
2776,1741154632.073523,95.06
2777,1741154634.160012,94.65
2778,1741154636.254312,94.24
2779,1741154638.354862,93.83
2780,1741154640.488790,93.42
2781,1741154642.604357,93.01
2782,1741154644.701219,92.60
2783,1741154646.808660,92.19
2784,1741154648.970198,91.78
2785,1741154651.080052,91.37
2786,1741154653.208768,90.96
2787,1741154655.309664,90.56
2788,1741154657.431146,90.15
2789,1741154659.573348,89.74
2790,1741154661.709999,89.33
2791,1741154663.826972,88.92
2792,1741154665.974920,88.51
2793,1741154668.083603,88.10
2794,1741154670.263424,87.69
2795,1741154672.370728,87.28
2796,1741154674.514282,86.87
2797,1741154676.613315,86.46
2798,1741154678.732207,86.05
2799,1741154680.866257,85.64
2800,1741154682.977850,85.23
2801,1741154685.078881,84.82
2802,1741154687.166978,84.41
2803,1741154689.309033,84.00
2804,1741154691.410433,83.59
2805,1741154693.527818,83.18
2806,1741154695.635658,82.77
2807,1741154697.734620,82.36
2808,1741154699.885972,81.95
2809,1741154701.983558,81.54
2810,1741154704.099051,81.14
2811,1741154706.188801,80.73
2812,1741154708.311749,80.32
2813,1741154710.441998,79.91
2814,1741154712.530601,79.50
2815,1741154714.643475,79.09
2816,1741154716.752106,78.69
2817,1741154718.861578,78.28
2818,1741154720.999371,77.88
2819,1741154723.098597,77.48
2820,1741154725.205420,77.08
2821,1741154727.292928,76.67
2822,1741154729.391808,76.26
2823,1741154731.519051,75.85
2824,1741154733.618602,75.44
2825,1741154735.734529,75.03
2826,1741154737.838864,74.62
2827,1741154739.927986,74.21
2828,1741154742.082713,73.80
2829,1741154744.186730,73.39
2830,1741154746.308918,72.98
2831,1741154748.418618,72.57
2832,1741154750.547051,72.16
2833,1741154752.688224,71.75
2834,1741154754.839502,71.34
2835,1741154756.946907,70.93
2836,1741154759.076561,70.52
2837,1741154761.171263,70.11
2838,1741154763.335488,69.70
2839,1741154765.423979,69.29
2840,1741154767.528056,68.88
2841,1741154769.647188,68.47
2842,1741154771.745749,68.06
2843,1741154773.895314,67.65
2844,1741154776.006857,67.24
2845,1741154778.134439,66.83
2846,1741154780.236455,66.42
2847,1741154782.351778,66.01
2848,1741154784.508784,65.60
2849,1741154786.612196,65.19
2850,1741154788.730926,64.78
2851,1741154790.834737,64.37
2852,1741154792.960044,63.96
2853,1741154795.095702,63.55
2854,1741154797.213286,63.14
2855,1741154799.319442,62.73
2856,1741154801.451269,62.32
2857,1741154803.596123,61.91
2858,1741154805.702947,61.50
2859,1741154807.805521,61.09
2860,1741154809.910666,60.68
2861,1741154812.029437,60.27
2862,1741154814.167914,59.86
2863,1741154816.255959,59.45
2864,1741154818.378307,59.04
2865,1741154820.467590,58.63
2866,1741154822.586820,58.22
2867,1741154824.698611,57.81
2868,1741154826.787925,57.40
2869,1741154828.882879,56.99
2870,1741154830.966456,56.58
2871,1741154833.073928,56.17
2872,1741154835.160567,55.76
2873,1741154837.239793,55.35
2874,1741154839.338293,54.94
2875,1741154841.457608,54.53
2876,1741154843.596847,54.12
2877,1741154845.714449,53.71
2878,1741154847.817083,53.30
2879,1741154849.936067,52.89
2880,1741154852.035146,52.48
2881,1741154854.152026,52.06
2882,1741154856.259077,51.65
2883,1741154858.353471,51.25
2884,1741154860.447134,50.84
2885,1741154862.547833,50.43
2886,1741154864.681227,50.02
2887,1741154866.790679,49.61
2888,1741154868.885636,49.20
2889,1741154870.993195,48.79
2890,1741154873.139894,48.38
2891,1741154875.225881,47.98
2892,1741154877.345082,47.57
2893,1741154879.419006,47.17
2894,1741154881.504346,46.76
2895,1741154883.651962,46.35
2896,1741154885.736662,45.94
2897,1741154887.857602,45.53
2898,1741154889.958005,45.12
2899,1741154892.025773,44.71
2900,1741154894.154733,44.30
2901,1741154896.255522,43.89
2902,1741154898.369156,43.48
2903,1741154900.452987,43.07
2904,1741154902.530235,42.66
2905,1741154904.668325,42.25
2906,1741154906.754652,41.84
2907,1741154908.825739,41.43
2908,1741154910.929955,41.02
2909,1741154913.027657,40.61
2910,1741154915.142670,40.20
2911,1741154917.249125,39.79
2912,1741154919.329126,39.38
2913,1741154921.422827,38.97
2914,1741154923.549282,38.56
2915,1741154925.660915,38.15
2916,1741154927.768309,37.74
2917,1741154929.865711,37.33
2918,1741154931.943001,36.92
2919,1741154934.074985,36.52
2920,1741154936.237611,36.11
2921,1741154938.370777,35.70
2922,1741154940.492790,35.28
2923,1741154942.600411,34.88
2924,1741154944.685303,34.47
2925,1741154946.791069,34.06
2926,1741154948.895244,33.65
2927,1741154950.986731,33.24
2928,1741154953.100694,32.83
2929,1741154955.230588,32.42
2930,1741154957.362902,32.01
2931,1741154959.483172,31.60
2932,1741154961.565798,31.19
2933,1741154963.658013,30.78
2934,1741154965.770707,30.37
2935,1741154967.910416,29.96
2936,1741154970.059979,29.55
2937,1741154972.311455,29.14
2938,1741154974.386549,28.73
2939,1741154976.466382,28.32
2940,1741154978.744071,27.91
2941,1741154980.969464,27.50
2942,1741154983.181036,27.09
2943,1741154985.402806,26.68
2944,1741154987.658519,26.27
2945,1741154989.872191,25.86
2946,1741154992.125497,25.45
2947,1741154994.333795,25.04
2948,1741154996.546585,24.63
2949,1741154998.792917,24.22
2950,1741155001.018111,23.81
2951,1741155003.239169,23.41
2952,1741155005.460463,23.00
2953,1741155007.676516,22.59
2954,1741155009.926753,22.18
2955,1741155012.129687,21.77
2956,1741155014.355845,21.36
2957,1741155016.577083,20.95
2958,1741155018.824110,20.54
2959,1741155021.047700,20.13
2960,1741155023.260397,19.72
2961,1741155025.480304,19.31
2962,1741155027.672267,18.90
2963,1741155029.909116,18.49
2964,1741155032.126762,18.08
2965,1741155034.355022,17.67
2966,1741155036.564145,17.26
2967,1741155038.763514,16.85
2968,1741155040.953626,16.44
2969,1741155043.053251,16.03
2970,1741155045.126007,15.62
2971,1741155047.199318,15.21
2972,1741155049.285551,14.80
2973,1741155051.398211,14.40
2974,1741155053.459476,13.99
2975,1741155055.495164,13.58
2976,1741155057.557191,13.17
2977,1741155059.649542,12.76
2978,1741155061.738945,12.35
2979,1741155063.792050,11.94
2980,1741155065.879733,11.53
2981,1741155067.947461,11.12
2982,1741155070.045800,10.71
2983,1741155072.158246,10.30
2984,1741155074.231783,9.89
2985,1741155076.303280,9.48
2986,1741155078.362170,9.07
2987,1741155080.417099,8.66
2988,1741155082.527395,8.25
2989,1741155084.573387,7.84
2990,1741155086.609725,7.43
2991,1741155088.637059,7.02
2992,1741155090.662271,6.61
2993,1741155092.754437,6.20
2994,1741155094.805670,5.79
2995,1741155096.825465,5.38
2996,1741155098.851898,4.97
2997,1741155100.867347,4.56
2998,1741155102.927253,4.15
2999,1741155104.948826,3.75
3000,1741155106.967182,3.34
3001,1741155108.960670,2.93
3002,1741155110.963788,2.53
3003,1741155113.007737,2.13
3004,1741155115.017034,1.74
3005,1741155117.031412,1.36
3006,1741155119.035618,0.97
3007,1741155121.041378,0.58
3008,1741155123.102425,0.32
3009,1741155125.102898,0.34
3010,1741155127.113891,0.34
3011,1741155129.127571,0.34
3012,1741155131.137001,0.34
3013,1741155133.182930,0.34
3014,1741155135.190956,0.34
3015,1741155137.211307,0.34
3016,1741155139.226722,0.34
3017,1741155141.281734,0.34
3018,1741155143.297513,0.34
3019,1741155145.320024,0.34
3020,1741155147.352079,0.34
3021,1741155149.409697,0.34
3022,1741155151.480079,0.34
3023,1741155153.514115,0.34
3024,1741155155.525916,0.34
3025,1741155157.536405,0.34
3026,1741155159.540871,0.34
3027,1741155161.591123,0.34
3028,1741155163.602112,0.34
3029,1741155165.634147,0.34
3030,1741155167.663336,0.34
3031,1741155169.684906,0.34
3032,1741155171.749290,0.42
3033,1741155173.774157,0.76
3034,1741155175.786562,1.15
3035,1741155177.810099,1.53
3036,1741155179.829452,1.90
3037,1741155181.866639,2.30
3038,1741155183.870383,2.69
3039,1741155185.877095,3.09
3040,1741155187.889242,3.49
3041,1741155189.925024,3.89
3042,1741155191.995162,4.29
3043,1741155194.035536,4.69
3044,1741155196.103757,5.10
3045,1741155198.163104,5.50
3046,1741155200.217883,5.91
3047,1741155202.304225,6.31
3048,1741155204.385569,6.72
3049,1741155206.442685,7.12
3050,1741155208.501150,7.53
3051,1741155210.595944,7.93
3052,1741155212.681110,8.34
3053,1741155214.740736,8.74
3054,1741155216.792214,9.15
3055,1741155218.843106,9.55
3056,1741155220.944450,9.95
3057,1741155223.024263,10.36
3058,1741155225.092421,10.76
3059,1741155227.173060,11.17
3060,1741155229.265908,11.57
3061,1741155231.384272,11.98
3062,1741155233.466231,12.38
3063,1741155235.557965,12.79
3064,1741155237.628320,13.19
3065,1741155239.719646,13.60
3066,1741155241.860464,14.00
3067,1741155243.947735,14.40
3068,1741155246.061435,14.81
3069,1741155248.152660,15.21
3070,1741155250.232718,15.61
3071,1741155252.368099,16.02
3072,1741155254.469335,16.42
3073,1741155256.584377,16.83
3074,1741155258.685670,17.22
3075,1741155260.772267,17.63
3076,1741155262.931858,18.03
3077,1741155265.052816,18.44
3078,1741155267.166086,18.84
3079,1741155269.289834,19.24
3080,1741155271.426657,19.65
3081,1741155273.552304,20.05
3082,1741155275.661810,20.46
3083,1741155277.749012,20.86
3084,1741155279.825009,21.27
3085,1741155281.931773,21.67
3086,1741155284.095566,22.07
3087,1741155286.193550,22.48
3088,1741155288.298402,22.88
3089,1741155290.389127,23.29
3090,1741155292.486367,23.69
3091,1741155294.642674,24.09
3092,1741155296.736565,24.50
3093,1741155298.827621,24.90
3094,1741155300.930985,25.31
3095,1741155303.037471,25.71
3096,1741155305.199386,26.12
3097,1741155307.308061,26.52
3098,1741155309.428488,26.92
3099,1741155311.524515,27.33
3100,1741155313.651946,27.73
3101,1741155315.789200,28.13
3102,1741155317.906697,28.53
3103,1741155320.012592,28.94
3104,1741155322.101202,29.34
3105,1741155324.245309,29.74
3106,1741155326.332017,30.15
3107,1741155328.437639,30.55
3108,1741155330.529584,30.95
3109,1741155332.613941,31.36
3110,1741155334.752817,31.76
3111,1741155336.835824,32.17
3112,1741155338.954506,32.57
3113,1741155341.051703,32.97
3114,1741155343.146710,33.38
3115,1741155345.284976,33.78
3116,1741155347.364892,34.18
3117,1741155349.454662,34.59
3118,1741155351.562126,34.99
3119,1741155353.690906,35.39
3120,1741155355.809479,35.80
3121,1741155357.912495,36.20
3122,1741155360.021392,36.61
3123,1741155362.181519,37.01
3124,1741155364.323453,37.42
3125,1741155366.452449,37.82
3126,1741155368.562843,38.22
3127,1741155370.701626,38.63
3128,1741155372.819409,39.03
3129,1741155374.972800,39.43
3130,1741155377.088856,39.84
3131,1741155379.215647,40.24
3132,1741155381.324474,40.65
3133,1741155383.497313,41.05
3134,1741155385.612456,41.46
3135,1741155387.739278,41.86
3136,1741155389.847640,42.26
3137,1741155391.959229,42.67
3138,1741155394.108392,43.07
3139,1741155396.230659,43.48
3140,1741155398.345573,43.88
3141,1741155400.478645,44.29
3142,1741155402.605665,44.69
3143,1741155404.728145,45.10
3144,1741155406.842720,45.50
3145,1741155408.953921,45.91
3146,1741155411.112599,46.31
3147,1741155413.210245,46.71
3148,1741155415.339849,47.12
3149,1741155417.449164,47.52
3150,1741155419.550589,47.93
3151,1741155421.675555,48.33
3152,1741155423.797494,48.73
3153,1741155425.878205,49.14
3154,1741155427.979880,49.54
3155,1741155430.068787,49.95
3156,1741155432.161714,50.35
3157,1741155434.304828,50.76
3158,1741155436.389053,51.16
3159,1741155438.502903,51.57
3160,1741155440.590708,51.97
3161,1741155442.685425,52.37
3162,1741155444.827462,52.78
3163,1741155446.904006,53.18
3164,1741155449.008574,53.59
3165,1741155451.111880,53.99
3166,1741155453.202523,54.40
3167,1741155455.352626,54.80
3168,1741155457.446071,55.21
3169,1741155459.532207,55.61
3170,1741155461.658140,56.01
3171,1741155463.774816,56.42
3172,1741155465.946443,56.82
3173,1741155468.062611,57.23
3174,1741155470.195685,57.63
3175,1741155472.317752,58.03
3176,1741155474.443290,58.44
3177,1741155476.578284,58.84
3178,1741155478.702845,59.25
3179,1741155480.814158,59.65
3180,1741155482.940685,60.05
3181,1741155485.058929,60.46
3182,1741155487.224175,60.86
3183,1741155489.324294,61.27
3184,1741155491.446295,61.67
3185,1741155493.564658,62.08
3186,1741155495.677536,62.48
3187,1741155497.859406,62.88
3188,1741155499.965014,63.29
3189,1741155502.082462,63.69
3190,1741155504.329511,64.10
3191,1741155506.577429,64.50
3192,1741155508.852362,64.91
3193,1741155511.093665,65.31
3194,1741155513.337951,65.72
3195,1741155515.576257,66.12
3196,1741155517.814599,66.52
3197,1741155520.078234,66.93
3198,1741155522.313060,67.33
3199,1741155524.543031,67.74
3200,1741155526.766128,68.14
3201,1741155528.983076,68.55
3202,1741155531.231305,68.95
3203,1741155533.462048,69.36
3204,1741155535.691927,69.76
3205,1741155537.905937,70.17
3206,1741155540.079664,70.56
3207,1741155542.213231,70.97
3208,1741155544.423661,71.38
3209,1741155546.650824,71.78
3210,1741155548.785318,72.19
3211,1741155550.937148,72.59
3212,1741155553.068647,72.99
3213,1741155555.175227,73.40
3214,1741155557.275118,73.80
3215,1741155559.400259,74.21
3216,1741155561.549902,74.61
3217,1741155563.676896,75.01
3218,1741155565.775162,75.41
3219,1741155567.905223,75.82
3220,1741155570.045025,76.22
3221,1741155572.177591,76.63
3222,1741155574.278777,77.03
3223,1741155576.373164,77.43
3224,1741155578.489232,77.84
3225,1741155580.628709,78.24
3226,1741155582.740018,78.64
3227,1741155584.847053,79.05
3228,1741155586.966591,79.45
3229,1741155589.082347,79.86
3230,1741155591.217733,80.26
3231,1741155593.337080,80.66
3232,1741155595.444527,81.07
3233,1741155597.570307,81.47
3234,1741155599.667386,81.88
3235,1741155601.837151,82.28
3236,1741155603.940626,82.68
3237,1741155606.037256,83.09
3238,1741155608.167491,83.49
3239,1741155610.295767,83.90
3240,1741155612.413110,84.30
3241,1741155614.517199,84.70
3242,1741155616.644247,85.10
3243,1741155618.750204,85.50
3244,1741155620.908846,85.91
3245,1741155623.019263,86.31
3246,1741155625.147926,86.71
3247,1741155627.249328,87.12
3248,1741155629.338686,87.52
3249,1741155631.476608,87.92
3250,1741155633.585922,88.33
3251,1741155635.725353,88.73
3252,1741155637.849515,89.14
3253,1741155639.924173,89.54
3254,1741155642.068025,89.95
3255,1741155644.156589,90.35
3256,1741155646.235888,90.75
3257,1741155648.334282,91.16
3258,1741155650.430290,91.56
3259,1741155652.550856,91.97
3260,1741155654.659182,92.37
3261,1741155656.769884,92.78
3262,1741155658.899501,93.18
3263,1741155660.993983,93.58
3264,1741155663.127990,93.99
3265,1741155665.239434,94.39
3266,1741155667.329098,94.80
3267,1741155669.406110,95.20
3268,1741155671.529760,95.61
3269,1741155673.659615,96.01
3270,1741155675.769176,96.42
3271,1741155677.863816,96.82
3272,1741155679.956178,97.23
3273,1741155682.067237,97.63
3274,1741155684.179841,98.03
3275,1741155686.277794,98.44
3276,1741155688.366040,98.84
3277,1741155690.444229,99.25
3278,1741155692.547902,99.65
3279,1741155694.676046,100.06
3280,1741155696.760478,100.46
3281,1741155698.875780,100.66
3282,1741155700.974643,100.26
3283,1741155703.057234,99.86
3284,1741155705.199960,99.45
3285,1741155707.279218,99.05
3286,1741155709.369043,98.64
3287,1741155711.482359,98.24
3288,1741155713.572634,97.83
3289,1741155715.724933,97.43
3290,1741155717.805515,97.02
3291,1741155719.880196,96.62
3292,1741155721.970711,96.21
3293,1741155724.086012,95.81
3294,1741155726.185330,95.40
3295,1741155728.319121,95.00
3296,1741155730.422206,94.60
3297,1741155732.555298,94.19
3298,1741155734.702082,93.79
3299,1741155736.807738,93.38
3300,1741155738.907774,92.98
3301,1741155741.030454,92.57
3302,1741155743.140153,92.17
3303,1741155745.278508,91.76
3304,1741155747.402317,91.36
3305,1741155749.508831,90.95
3306,1741155751.636111,90.55
3307,1741155753.775037,90.15
3308,1741155755.899293,89.74
3309,1741155757.994034,89.34
3310,1741155760.099853,88.93
3311,1741155762.210515,88.53
3312,1741155764.345760,88.13
3313,1741155766.460196,87.72
3314,1741155768.570954,87.32
3315,1741155770.695416,86.92
3316,1741155772.794182,86.51
3317,1741155774.917460,86.11
3318,1741155777.035063,85.71
3319,1741155779.123142,85.28
3320,1741155781.239665,84.91
3321,1741155783.342633,84.50
3322,1741155785.466261,84.10
3323,1741155787.594645,83.69
3324,1741155789.704435,83.29
3325,1741155791.825259,82.89
3326,1741155793.951500,82.48
3327,1741155796.075327,82.08
3328,1741155798.181437,81.67
3329,1741155800.294997,81.27
3330,1741155802.415475,80.87
3331,1741155804.535537,80.46
3332,1741155806.654016,80.06
3333,1741155808.763507,79.65
3334,1741155810.854781,79.25
3335,1741155812.993184,78.85
3336,1741155815.119535,78.44
3337,1741155817.233999,78.04
3338,1741155819.350336,77.63
3339,1741155821.473098,77.23
3340,1741155823.580272,76.83
3341,1741155825.738810,76.42
3342,1741155827.853039,76.02
3343,1741155829.972251,75.62
3344,1741155832.081124,75.21
3345,1741155834.181318,74.81
3346,1741155836.348698,74.41
3347,1741155838.445928,74.00
3348,1741155840.571743,73.60
3349,1741155842.673723,73.20
3350,1741155844.798277,72.79
3351,1741155846.939822,72.39
3352,1741155849.080432,71.98
3353,1741155851.194001,71.58
3354,1741155853.332455,71.17
3355,1741155855.439061,70.77
3356,1741155857.595726,70.37
3357,1741155859.682621,69.96
3358,1741155861.791640,69.56
3359,1741155863.920035,69.15
3360,1741155866.030920,68.75
3361,1741155868.200136,68.34
3362,1741155870.314996,67.94
3363,1741155872.440732,67.54
3364,1741155874.546055,67.13
3365,1741155876.662834,66.73
3366,1741155878.808022,66.32
3367,1741155880.924551,65.92
3368,1741155883.028892,65.51
3369,1741155885.144395,65.11
3370,1741155887.280989,64.70
3371,1741155889.431026,64.30
3372,1741155891.558469,63.89
3373,1741155893.657748,63.49
3374,1741155895.786404,63.09
3375,1741155897.882433,62.68
3376,1741155900.027184,62.28
3377,1741155902.160891,61.87
3378,1741155904.264879,61.47
3379,1741155906.384114,61.07
3380,1741155908.523545,60.66
3381,1741155910.644726,60.26
3382,1741155912.751735,59.85
3383,1741155914.873851,59.45
3384,1741155916.984586,59.04
3385,1741155919.101880,58.64
3386,1741155921.212042,58.24
3387,1741155923.315308,57.83
3388,1741155925.454477,57.43
3389,1741155927.563401,57.02
3390,1741155929.718224,56.62
3391,1741155931.811383,56.22
3392,1741155933.906161,55.81
3393,1741155936.023004,55.41
3394,1741155938.164077,55.00
3395,1741155940.294672,54.60
3396,1741155942.396748,54.19
3397,1741155944.517339,53.79
3398,1741155946.628621,53.38
3399,1741155948.761614,52.98
3400,1741155950.897253,52.58
3401,1741155953.006189,52.17
3402,1741155955.124156,51.77
3403,1741155957.242509,51.36
3404,1741155959.399765,50.96
3405,1741155961.511937,50.56
3406,1741155963.634121,50.15
3407,1741155965.737214,49.74
3408,1741155967.862370,49.34
3409,1741155970.017226,48.94
3410,1741155972.142009,48.53
3411,1741155974.270072,48.13
3412,1741155976.375941,47.72
3413,1741155978.536264,47.32
3414,1741155980.631433,46.92
3415,1741155982.761220,46.51
3416,1741155984.866431,46.11
3417,1741155986.953569,45.70
3418,1741155989.124879,45.30
3419,1741155991.223397,44.89
3420,1741155993.360805,44.49
3421,1741155995.465371,44.08
3422,1741155997.588819,43.68
3423,1741155999.718577,43.27
3424,1741156001.841600,42.87
3425,1741156003.939001,42.47
3426,1741156006.036692,42.06
3427,1741156008.164014,41.66
3428,1741156010.298392,41.25
3429,1741156012.445208,40.85
3430,1741156014.539653,40.44
3431,1741156016.655667,40.04
3432,1741156018.757553,39.64
3433,1741156020.928234,39.23
3434,1741156023.045033,38.83
3435,1741156025.164985,38.42
3436,1741156027.255830,38.02
3437,1741156029.340977,37.62
3438,1741156031.502629,37.21
3439,1741156033.606448,36.81
3440,1741156035.719025,36.40
3441,1741156037.824610,36.00
3442,1741156039.942629,35.60
3443,1741156042.081941,35.19
3444,1741156044.208097,34.79
3445,1741156046.304009,34.39
3446,1741156048.401945,33.98
3447,1741156050.521095,33.58
3448,1741156052.655185,33.18
3449,1741156054.750128,32.77
3450,1741156056.850670,32.37
3451,1741156058.946049,31.96
3452,1741156061.057798,31.56
3453,1741156063.192045,31.16
3454,1741156065.303347,30.75
3455,1741156067.411029,30.35
3456,1741156069.530194,29.94
3457,1741156071.629116,29.54
3458,1741156073.748680,29.14
3459,1741156075.874636,28.73
3460,1741156077.971530,28.33
3461,1741156080.075375,27.93
3462,1741156082.231117,27.53
3463,1741156084.322899,27.12
3464,1741156086.432028,26.72
3465,1741156088.528732,26.32
3466,1741156090.624184,25.91
3467,1741156092.755052,25.51
3468,1741156094.829667,25.10
3469,1741156096.907653,24.70
3470,1741156099.013731,24.30
3471,1741156101.108460,23.89
3472,1741156103.254534,23.49
3473,1741156105.337187,23.08
3474,1741156107.457075,22.68
3475,1741156109.563261,22.28
3476,1741156111.673309,21.87
3477,1741156113.829780,21.47
3478,1741156115.918672,21.06
3479,1741156118.020054,20.66
3480,1741156120.140419,20.25
3481,1741156122.229549,19.85
3482,1741156124.388772,19.45
3483,1741156126.481665,19.04
3484,1741156128.601164,18.64
3485,1741156130.701746,18.23
3486,1741156132.789957,17.83
3487,1741156134.926785,17.43
3488,1741156137.010438,17.03
3489,1741156139.098232,16.62
3490,1741156141.201397,16.22
3491,1741156143.277243,15.82
3492,1741156145.369973,15.41
3493,1741156147.453251,15.01
3494,1741156149.539242,14.60
3495,1741156151.615968,14.20
3496,1741156153.711110,13.80
3497,1741156155.827132,13.39
3498,1741156157.885457,12.99
3499,1741156159.968970,12.58
3500,1741156162.045280,12.18
3501,1741156164.113682,11.78
3502,1741156166.269943,11.37
3503,1741156168.386570,10.97
3504,1741156170.460268,10.56
3505,1741156172.528038,10.16
3506,1741156174.619337,9.75
3507,1741156176.722392,9.35
3508,1741156178.793470,8.94
3509,1741156180.857362,8.54
3510,1741156182.919730,8.14
3511,1741156184.973283,7.73
3512,1741156187.054424,7.33
3513,1741156189.096089,6.92
3514,1741156191.129862,6.52
3515,1741156193.182029,6.11
3516,1741156195.196881,5.71
3517,1741156197.282764,5.30
3518,1741156199.307389,4.90
3519,1741156201.357338,4.49
3520,1741156203.406510,4.09
3521,1741156205.448746,3.69
3522,1741156207.537699,3.29
3523,1741156209.561022,2.89
3524,1741156211.586515,2.50
3525,1741156213.604079,2.10
3526,1741156215.603673,1.71
3527,1741156217.630194,1.34
3528,1741156219.641553,0.96
3529,1741156221.626095,0.57
3530,1741156223.613825,0.32
3531,1741156225.595037,0.34
3532,1741156227.644944,0.34
3533,1741156229.660761,0.34
3534,1741156231.688470,0.34
3535,1741156233.705498,0.34
3536,1741156235.720966,0.34
3537,1741156237.792149,0.34
3538,1741156239.825569,0.34
3539,1741156241.845809,0.34
3540,1741156243.873573,0.34
3541,1741156245.894092,0.34
3542,1741156247.979215,0.34
3543,1741156249.997655,0.34
3544,1741156252.000405,0.34
3545,1741156254.002795,0.34
3546,1741156255.991695,0.34
3547,1741156258.037434,0.34
3548,1741156260.043621,0.34
3549,1741156262.050544,0.34
3550,1741156264.065901,0.34
3551,1741156266.061891,0.34
3552,1741156268.150346,0.34
3553,1741156270.184110,0.34
3554,1741156272.191503,0.36
3555,1741156274.201065,0.60
3556,1741156276.212326,0.90
3557,1741156278.250411,1.20
3558,1741156280.266043,1.50
3559,1741156282.279933,1.79
3560,1741156284.309417,2.10
3561,1741156286.318727,2.42
3562,1741156288.364791,2.73
3563,1741156290.382317,3.04
3564,1741156292.405460,3.35
3565,1741156294.420988,3.67
3566,1741156296.445116,3.98
3567,1741156298.507945,4.30
3568,1741156300.537688,4.62
3569,1741156302.563931,4.93
3570,1741156304.613793,5.25
3571,1741156306.653918,5.57
3572,1741156308.717983,5.89
3573,1741156310.747077,6.21
3574,1741156312.765114,6.53
3575,1741156314.787425,6.85
3576,1741156316.847778,7.16
3577,1741156318.928058,7.48
3578,1741156320.971863,7.80
3579,1741156323.027241,8.12
3580,1741156325.080191,8.44
3581,1741156327.136945,8.76
3582,1741156329.218913,9.07
3583,1741156331.264722,9.39
3584,1741156333.310098,9.71
3585,1741156335.374389,10.03
3586,1741156337.453325,10.35
3587,1741156339.547840,10.67
3588,1741156341.616180,10.98
3589,1741156343.702373,11.30
3590,1741156345.801415,11.62
3591,1741156347.879299,11.94
3592,1741156350.000446,12.26
3593,1741156352.071827,12.58
3594,1741156354.160851,12.90
3595,1741156356.257739,13.21
3596,1741156358.341046,13.53
3597,1741156360.447574,13.85
3598,1741156362.542774,14.16
3599,1741156364.629824,14.48
3600,1741156366.721356,14.79
3601,1741156368.830173,15.11
3602,1741156370.956911,15.43
3603,1741156373.065294,15.75
3604,1741156375.174763,16.07
3605,1741156377.261056,16.38
3606,1741156379.364046,16.70
3607,1741156381.483450,17.02
3608,1741156383.592888,17.34
3609,1741156385.673770,17.66
3610,1741156387.748726,17.97
3611,1741156389.842938,18.29
3612,1741156391.956266,18.61
3613,1741156394.026550,18.93
3614,1741156396.110270,19.25
3615,1741156398.212568,19.57
3616,1741156400.331891,19.88
3617,1741156402.488354,20.20
3618,1741156404.587256,20.52
3619,1741156406.698428,20.84
3620,1741156408.803664,21.16
3621,1741156410.894238,21.48
3622,1741156413.044972,21.80
3623,1741156415.139735,22.12
3624,1741156417.249644,22.42
3625,1741156419.340786,22.74
3626,1741156421.432949,23.06
3627,1741156423.586967,23.38
3628,1741156425.684932,23.69
3629,1741156427.783570,24.01
3630,1741156429.899400,24.33
3631,1741156432.020220,24.64
3632,1741156434.151967,24.96
3633,1741156436.247691,25.28
3634,1741156438.356800,25.60
3635,1741156440.462518,25.91
3636,1741156442.604370,26.23
3637,1741156444.751873,26.55
3638,1741156446.879113,26.87
3639,1741156448.980598,27.19
3640,1741156451.114801,27.51
3641,1741156453.232836,27.83
3642,1741156455.414944,28.14
3643,1741156457.552337,28.46
3644,1741156459.652208,28.78
3645,1741156461.762448,29.10
3646,1741156463.867337,29.42
3647,1741156466.009722,29.73
3648,1741156468.106908,30.05
3649,1741156470.207326,30.37
3650,1741156472.329111,30.69
3651,1741156474.426814,31.01
3652,1741156476.579189,31.33
3653,1741156478.682896,31.64
3654,1741156480.796900,31.96
3655,1741156482.890977,32.28
3656,1741156484.979730,32.60
3657,1741156487.110628,32.92
3658,1741156489.195513,33.24
3659,1741156491.313033,33.55
3660,1741156493.429238,33.87
3661,1741156495.525127,34.19
3662,1741156497.685144,34.51
3663,1741156499.775129,34.83
3664,1741156501.905978,35.14
3665,1741156504.014385,35.46
3666,1741156506.150710,35.78
3667,1741156508.265850,36.10
3668,1741156510.372174,36.42
3669,1741156512.488694,36.73
3670,1741156514.600826,37.05
3671,1741156516.731762,37.37
3672,1741156518.846308,37.69
3673,1741156520.944194,38.00
3674,1741156523.061718,38.32
3675,1741156525.169515,38.64
3676,1741156527.305113,38.96
3677,1741156529.396805,39.28
3678,1741156531.492869,39.59
3679,1741156533.602006,39.91
3680,1741156535.770376,40.23
3681,1741156537.991525,40.55
3682,1741156540.221956,40.87
3683,1741156542.458084,41.18
3684,1741156544.685478,41.50
3685,1741156546.942880,41.82
3686,1741156549.167657,42.14
3687,1741156551.390587,42.46
3688,1741156553.613483,42.77
3689,1741156555.827205,43.09
3690,1741156558.096004,43.41
3691,1741156560.327214,43.73
3692,1741156562.557183,44.04
3693,1741156564.801047,44.36
3694,1741156567.024363,44.68
3695,1741156569.294311,45.00
3696,1741156571.534792,45.32
3697,1741156573.765784,45.64
3698,1741156576.006308,45.95
3699,1741156578.261624,46.27
3700,1741156580.488633,46.59
3701,1741156582.719566,46.91
3702,1741156584.939768,47.23
3703,1741156587.176244,47.54
3704,1741156589.451770,47.86
3705,1741156591.675578,48.17
3706,1741156593.918225,48.49
3707,1741156596.133243,48.80
3708,1741156598.375291,49.12
3709,1741156600.530781,49.44
3710,1741156602.634625,49.76
3711,1741156604.760246,50.07
3712,1741156606.865138,50.39
3713,1741156608.995479,50.71
3714,1741156611.154248,51.03
3715,1741156613.282881,51.34
3716,1741156615.380629,51.66
3717,1741156617.519075,51.98
3718,1741156619.629896,52.30
3719,1741156621.792049,52.62
3720,1741156623.904076,52.92
3721,1741156626.024670,53.24
3722,1741156628.135976,53.55
3723,1741156630.237797,53.87
3724,1741156632.395478,54.19
3725,1741156634.504348,54.50
3726,1741156636.630064,54.82
3727,1741156638.740430,55.14
3728,1741156640.877147,55.46
3729,1741156643.024683,55.78
3730,1741156645.144555,56.09
3731,1741156647.243083,56.41
3732,1741156649.364459,56.73
3733,1741156651.471403,57.05
3734,1741156653.615359,57.36
3735,1741156655.745173,57.68
3736,1741156657.859224,58.00
3737,1741156659.977497,58.32
3738,1741156662.089417,58.63
3739,1741156664.261680,58.95
3740,1741156666.366454,59.27
3741,1741156668.504143,59.59
3742,1741156670.605820,59.91
3743,1741156672.745165,60.23
3744,1741156674.898977,60.54
3745,1741156677.040802,60.86
3746,1741156679.173003,61.18
3747,1741156681.317487,61.50
3748,1741156683.448727,61.82
3749,1741156685.620846,62.14
3750,1741156687.737348,62.45
3751,1741156689.887827,62.77
3752,1741156692.019418,63.08
3753,1741156694.191589,63.40
3754,1741156696.344794,63.71
3755,1741156698.452791,64.03
3756,1741156700.549087,64.34
3757,1741156702.656687,64.66
3758,1741156704.811490,64.98
3759,1741156706.919232,65.29
3760,1741156709.024514,65.61
3761,1741156711.144678,65.93
3762,1741156713.260737,66.25
3763,1741156715.393978,66.57
3764,1741156717.512341,66.89
3765,1741156719.609913,67.20
3766,1741156721.715177,67.52
3767,1741156723.843888,67.84
3768,1741156725.943794,68.16
3769,1741156728.068336,68.48
3770,1741156730.154849,68.80
3771,1741156732.274360,69.11
3772,1741156734.412472,69.43
3773,1741156736.509990,69.75
3774,1741156738.625719,70.07
3775,1741156740.739852,70.39
3776,1741156742.863384,70.70
3777,1741156745.002751,71.02
3778,1741156747.116471,71.34
3779,1741156749.215238,71.66
3780,1741156751.316189,71.98
3781,1741156753.432911,72.29
3782,1741156755.587196,72.61
3783,1741156757.719481,72.93
3784,1741156759.827405,73.25
3785,1741156761.944703,73.57
3786,1741156764.089401,73.89
3787,1741156766.217351,74.20
3788,1741156768.325751,74.52
3789,1741156770.443942,74.84
3790,1741156772.549051,75.16
3791,1741156774.701502,75.48
3792,1741156776.809775,75.80
3793,1741156778.910430,76.11
3794,1741156781.043273,76.43
3795,1741156783.128699,76.75
3796,1741156785.293695,77.07
3797,1741156787.398066,77.39
3798,1741156789.520986,77.71
3799,1741156791.622737,78.02
3800,1741156793.734791,78.34
3801,1741156795.878701,78.66
3802,1741156797.983577,78.98
3803,1741156800.109889,79.14
3804,1741156802.223964,78.82
3805,1741156804.350777,78.50
3806,1741156806.515068,78.18
3807,1741156808.615666,77.86
3808,1741156810.741389,77.55
3809,1741156812.844681,77.23
3810,1741156814.941618,76.91
3811,1741156817.077213,76.59
3812,1741156819.193903,76.27
3813,1741156821.295523,75.95
3814,1741156823.412026,75.64
3815,1741156825.510859,75.32
3816,1741156827.642820,75.00
3817,1741156829.765319,74.68
3818,1741156831.855056,74.36
3819,1741156833.965016,74.05
3820,1741156836.065130,73.73
3821,1741156838.196594,73.41
3822,1741156840.319262,73.09
3823,1741156842.434772,72.77
3824,1741156844.552588,72.45
3825,1741156846.655131,72.14
3826,1741156848.788130,71.82
3827,1741156850.907260,71.50
3828,1741156853.011600,71.18
3829,1741156855.124186,70.86
3830,1741156857.229929,70.54
3831,1741156859.386984,70.23
3832,1741156861.502149,69.91
3833,1741156863.607896,69.59
3834,1741156865.729311,69.27
3835,1741156867.834252,68.96
3836,1741156869.990990,68.64
3837,1741156872.121327,68.32
3838,1741156874.232779,68.00
3839,1741156876.349456,67.68
3840,1741156878.501304,67.36
3841,1741156880.615206,67.05
3842,1741156882.726551,66.73
3843,1741156884.847190,66.41
3844,1741156886.955015,66.09
3845,1741156889.117993,65.77
3846,1741156891.225896,65.45
3847,1741156893.328615,65.14
3848,1741156895.452024,64.82
3849,1741156897.558151,64.50
3850,1741156899.714864,64.18
3851,1741156901.839217,63.87
3852,1741156903.955740,63.55
3853,1741156906.071321,63.24
3854,1741156908.210673,62.93
3855,1741156910.335550,62.61
3856,1741156912.444243,62.30
3857,1741156914.579920,61.98
3858,1741156916.686373,61.66
3859,1741156918.820682,61.34
3860,1741156920.962129,61.02
3861,1741156923.066560,60.70
3862,1741156925.183126,60.39
3863,1741156927.282061,60.07
3864,1741156929.446157,59.75
3865,1741156931.535398,59.43
3866,1741156933.615467,59.11
3867,1741156935.714025,58.79
3868,1741156937.797174,58.48
3869,1741156939.917079,58.16
3870,1741156942.024452,57.84
3871,1741156944.129306,57.52
3872,1741156946.253163,57.21
3873,1741156948.388723,56.89
3874,1741156950.533316,56.57
3875,1741156952.648548,56.25
3876,1741156954.785065,55.94
3877,1741156956.902734,55.62
3878,1741156959.044398,55.30
3879,1741156961.147541,54.98
3880,1741156963.262254,54.66
3881,1741156965.378608,54.34
3882,1741156967.470878,54.03
3883,1741156969.623765,53.71
3884,1741156971.713694,53.40
3885,1741156973.794641,53.08
3886,1741156975.904231,52.77
3887,1741156977.995489,52.46
3888,1741156980.147069,52.14
3889,1741156982.244499,51.82
3890,1741156984.340179,51.50
3891,1741156986.450726,51.19
3892,1741156988.568351,50.87
3893,1741156990.720060,50.55
3894,1741156992.816818,50.23
3895,1741156994.929091,49.92
3896,1741156997.033587,49.60
3897,1741156999.123179,49.28
3898,1741157001.288486,48.96
3899,1741157003.385455,48.64
3900,1741157005.517927,48.33
3901,1741157007.607500,48.01
3902,1741157009.713027,47.70
3903,1741157011.828945,47.39
3904,1741157013.914436,47.07
3905,1741157016.004308,46.75
3906,1741157018.092388,46.43
3907,1741157020.170765,46.11
3908,1741157022.314080,45.79
3909,1741157024.395701,45.48
3910,1741157026.503688,45.16
3911,1741157028.599009,44.84
3912,1741157030.696602,44.52
3913,1741157032.829669,44.20
3914,1741157034.933884,43.88
3915,1741157037.028496,43.57
3916,1741157039.120662,43.25
3917,1741157041.204796,42.93
3918,1741157043.343436,42.61
3919,1741157045.411645,42.30
3920,1741157047.485460,41.98
3921,1741157049.576421,41.66
3922,1741157051.666190,41.34
3923,1741157053.775540,41.02
3924,1741157055.866666,40.71
3925,1741157057.951217,40.39
3926,1741157060.039548,40.07
3927,1741157062.174110,39.75
3928,1741157064.274350,39.43
3929,1741157066.381542,39.12
3930,1741157068.496506,38.80
3931,1741157070.582326,38.48
3932,1741157072.721817,38.16
3933,1741157074.801218,37.84
3934,1741157076.904574,37.53
3935,1741157078.985750,37.21
3936,1741157081.056146,36.89
3937,1741157083.187459,36.57
3938,1741157085.284659,36.26
3939,1741157087.364252,35.94
3940,1741157089.462636,35.62
3941,1741157091.578155,35.30
3942,1741157093.667737,34.98
3943,1741157095.784721,34.67
3944,1741157097.878423,34.35
3945,1741157099.992969,34.03
3946,1741157102.126242,33.71
3947,1741157104.231299,33.40
3948,1741157106.354674,33.08
3949,1741157108.418458,32.76
3950,1741157110.494283,32.44
3951,1741157112.623335,32.12
3952,1741157114.712852,31.80
3953,1741157116.798240,31.49
3954,1741157118.902055,31.17
3955,1741157120.985257,30.85
3956,1741157123.118402,30.53
3957,1741157125.240864,30.21
3958,1741157127.343450,29.89
3959,1741157129.443319,29.58
3960,1741157131.576281,29.26
3961,1741157133.679747,28.94
3962,1741157135.782686,28.62
3963,1741157137.874403,28.30
3964,1741157139.980460,27.98
3965,1741157142.129349,27.67
3966,1741157144.217499,27.35
3967,1741157146.316852,27.03
3968,1741157148.411647,26.71
3969,1741157150.493383,26.39
3970,1741157152.615363,26.07
3971,1741157154.707657,25.76
3972,1741157156.824457,25.44
3973,1741157158.920397,25.12
3974,1741157161.009238,24.80
3975,1741157163.157147,24.48
3976,1741157165.250726,24.17
3977,1741157167.349467,23.85
3978,1741157169.438841,23.54
3979,1741157171.513274,23.22
3980,1741157173.654246,22.90
3981,1741157175.738802,22.58
3982,1741157177.824238,22.27
3983,1741157179.918943,21.96
3984,1741157181.993269,21.63
3985,1741157184.105842,21.32
3986,1741157186.203524,21.00
3987,1741157188.284536,20.68
3988,1741157190.362698,20.36
3989,1741157192.471583,20.04
3990,1741157194.582010,19.73
3991,1741157196.649085,19.41
3992,1741157198.733630,19.09
3993,1741157200.826107,18.77
3994,1741157202.906666,18.45
3995,1741157205.039848,18.13
3996,1741157207.115459,17.82
3997,1741157209.192610,17.50
3998,1741157211.297471,17.18
3999,1741157213.398038,16.86
4000,1741157215.473199,16.54
4001,1741157217.562053,16.23
4002,1741157219.645319,15.91
4003,1741157221.718164,15.59
4004,1741157223.839567,15.27
4005,1741157225.908353,14.95
4006,1741157227.981915,14.64
4007,1741157230.057463,14.32
4008,1741157232.128333,14.01
4009,1741157234.250912,13.69
4010,1741157236.330915,13.37
4011,1741157238.433155,13.05
4012,1741157240.502661,12.74
4013,1741157242.579900,12.42
4014,1741157244.746686,12.10
4015,1741157246.849432,11.78
4016,1741157248.931493,11.46
4017,1741157251.007776,11.14
4018,1741157253.079222,10.83
4019,1741157255.207359,10.51
4020,1741157257.277342,10.19
4021,1741157259.348806,9.87
4022,1741157261.443027,9.55
4023,1741157263.526870,9.23
4024,1741157265.615834,8.92
4025,1741157267.671237,8.60
4026,1741157269.747982,8.28
4027,1741157271.829373,7.96
4028,1741157273.883678,7.64
4029,1741157275.974013,7.32
4030,1741157278.047050,7.00
4031,1741157280.122041,6.69
4032,1741157282.169048,6.37
4033,1741157284.207760,6.05
4034,1741157286.297149,5.73
4035,1741157288.347239,5.41
4036,1741157290.419681,5.09
4037,1741157292.458591,4.78
4038,1741157294.507391,4.46
4039,1741157296.567070,4.14
4040,1741157298.601787,3.83
4041,1741157300.648207,3.51
4042,1741157302.717221,3.20
4043,1741157304.746735,2.88
4044,1741157306.813653,2.57
4045,1741157308.846820,2.26
4046,1741157310.883424,1.95
4047,1741157312.920439,1.65
4048,1741157315.070939,1.35
4049,1741157317.238768,1.06
4050,1741157319.278763,0.75
4051,1741157321.298499,0.47
4052,1741157323.329675,0.32
4053,1741157325.352314,0.39
4054,1741157327.416774,0.58
4055,1741157329.439029,0.79
4056,1741157331.456105,0.64
4057,1741157333.470660,0.54
4058,1741157335.473893,0.50
4059,1741157337.607739,0.54
4060,1741157339.763544,0.67
4061,1741157341.887154,0.84
4062,1741157344.012710,1.03
4063,1741157346.022544,1.23
4064,1741157348.156779,1.43
4065,1741157350.274772,1.62
4066,1741157352.387359,1.82
4067,1741157354.517038,2.01
4068,1741157356.626051,2.21
4069,1741157358.707695,2.42
4070,1741157360.743247,2.62
4071,1741157362.891589,2.83
4072,1741157365.029705,3.03
4073,1741157367.085145,3.24
4074,1741157369.236842,3.45
4075,1741157371.411647,3.65
4076,1741157373.570392,3.86
4077,1741157375.745448,4.06
4078,1741157377.927106,4.27
4079,1741157380.085546,4.48
4080,1741157382.213290,4.69
4081,1741157384.342784,4.90
4082,1741157386.490675,5.11
4083,1741157388.546482,5.32
4084,1741157390.638583,5.53
4085,1741157392.678596,5.74
4086,1741157394.756915,5.95
4087,1741157396.807711,6.16
4088,1741157398.868270,6.37
4089,1741157400.945164,6.58
4090,1741157403.024511,6.79
4091,1741157405.201307,7.00
4092,1741157407.389795,7.21
4093,1741157409.537460,7.42
4094,1741157411.719437,7.63
4095,1741157413.886467,7.84
4096,1741157416.039192,8.05
4097,1741157418.195530,8.26
4098,1741157420.376060,8.47
4099,1741157422.561475,8.68
4100,1741157424.722310,8.89
4101,1741157426.784733,9.10
4102,1741157428.850767,9.31
4103,1741157430.953202,9.52
4104,1741157433.053577,9.73
4105,1741157435.111298,9.94
4106,1741157437.204496,10.15
4107,1741157439.274691,10.36
4108,1741157441.340641,10.57
4109,1741157443.441786,10.78
4110,1741157445.521088,10.99
4111,1741157447.583200,11.20
4112,1741157449.651652,11.41
4113,1741157451.734987,11.62
4114,1741157453.854185,11.83
4115,1741157455.925684,12.04
4116,1741157458.021218,12.25
4117,1741157460.100913,12.46
4118,1741157462.181663,12.67
4119,1741157464.318910,12.88
4120,1741157466.416223,13.09
4121,1741157468.512911,13.30
4122,1741157470.679119,13.51
4123,1741157472.866750,13.72
4124,1741157475.089394,13.93
4125,1741157477.183216,14.14
4126,1741157479.280576,14.35
4127,1741157481.384778,14.56
4128,1741157483.463698,14.77
4129,1741157485.582137,14.98
4130,1741157487.696253,15.19
4131,1741157489.779638,15.40
4132,1741157491.868286,15.61
4133,1741157493.973981,15.82
4134,1741157496.097780,16.02
4135,1741157498.204629,16.23
4136,1741157500.302412,16.44
4137,1741157502.477618,16.65
4138,1741157504.639698,16.86
4139,1741157506.852305,17.07
4140,1741157509.032607,17.28
4141,1741157511.225166,17.49
4142,1741157513.395708,17.70
4143,1741157515.569093,17.91
4144,1741157517.785623,18.12
4145,1741157519.957755,18.33
4146,1741157522.158545,18.55
4147,1741157524.341409,18.76
4148,1741157526.503245,18.97
4149,1741157528.725434,19.17
4150,1741157530.919104,19.38
4151,1741157533.105481,19.59
4152,1741157535.278985,19.80
4153,1741157537.498890,20.01
4154,1741157539.702910,20.22
4155,1741157541.907676,20.43
4156,1741157544.104256,20.64
4157,1741157546.205896,20.85
4158,1741157548.333160,21.06
4159,1741157550.454254,21.27
4160,1741157552.618520,21.48
4161,1741157554.812028,21.69
4162,1741157557.022672,21.90
4163,1741157559.145200,22.11
4164,1741157561.329163,22.32
4165,1741157563.532381,22.53
4166,1741157565.726762,22.73
4167,1741157567.913577,22.94
4168,1741157570.124292,23.15
4169,1741157572.302588,23.36
4170,1741157574.488090,23.57
4171,1741157576.660615,23.78
4172,1741157578.848331,23.99
4173,1741157581.086157,24.20
4174,1741157583.275032,24.41
4175,1741157585.449132,24.62
4176,1741157587.637837,24.83
4177,1741157589.823503,25.03
4178,1741157592.047633,25.24
4179,1741157594.216720,25.45
4180,1741157596.403150,25.66
4181,1741157598.587952,25.87
4182,1741157600.714001,26.08
4183,1741157602.856136,26.28
4184,1741157604.966388,26.49
4185,1741157607.052070,26.71
4186,1741157609.165577,26.92
4187,1741157611.251518,27.13
4188,1741157613.399215,27.34
4189,1741157615.490542,27.55
4190,1741157617.581741,27.76
4191,1741157619.701845,27.97
4192,1741157621.797638,28.18
4193,1741157623.949620,28.39
4194,1741157626.059658,28.60
4195,1741157628.143942,28.81
4196,1741157630.253950,29.02
4197,1741157632.379303,29.23
4198,1741157634.477536,29.44
4199,1741157636.572922,29.65
4200,1741157638.672669,29.86
4201,1741157640.797571,30.07
4202,1741157642.915186,30.28
4203,1741157645.009246,30.49
4204,1741157647.100307,30.70
4205,1741157649.174589,30.91
4206,1741157651.270785,31.12
4207,1741157653.400790,31.33
4208,1741157655.485740,31.54
4209,1741157657.583805,31.75
4210,1741157659.691913,31.96
4211,1741157661.821457,32.17
4212,1741157663.913256,32.38
4213,1741157665.991526,32.59
4214,1741157668.099247,32.80
4215,1741157670.185266,33.01
4216,1741157672.308639,33.22
4217,1741157674.412896,33.43
4218,1741157676.510329,33.64
4219,1741157678.596972,33.85
4220,1741157680.719471,34.06
4221,1741157682.850896,34.27
4222,1741157684.955804,34.48
4223,1741157687.037635,34.69
4224,1741157689.124876,34.89
4225,1741157691.216513,35.10
4226,1741157693.327155,35.31
4227,1741157695.404853,35.52
4228,1741157697.509817,35.73
4229,1741157699.598983,35.94
4230,1741157701.745320,36.15
4231,1741157703.839146,36.36
4232,1741157705.913791,36.57
4233,1741157708.003547,36.78
4234,1741157710.090826,36.99
4235,1741157712.198632,37.20
4236,1741157714.296610,37.41
4237,1741157716.383756,37.62
4238,1741157718.471512,37.83
4239,1741157720.568728,38.04
4240,1741157722.696828,38.25
4241,1741157724.795389,38.46
4242,1741157726.900786,38.67
4243,1741157728.985189,38.88
4244,1741157731.076848,39.09
4245,1741157733.217137,39.30
4246,1741157735.320492,39.51
4247,1741157737.422976,39.72
4248,1741157739.513485,39.93
4249,1741157741.605339,40.14
4250,1741157743.747435,40.35
4251,1741157745.830595,40.56
4252,1741157747.953734,40.77
4253,1741157750.044467,40.98
4254,1741157752.122461,41.19
4255,1741157754.245678,41.40
4256,1741157756.322377,41.61
4257,1741157758.401472,41.82
4258,1741157760.508327,42.03
4259,1741157762.594096,42.24
4260,1741157764.733966,42.45
4261,1741157766.817103,42.66
4262,1741157768.899599,42.87
4263,1741157771.009686,43.08
4264,1741157773.102252,43.29
4265,1741157775.244828,43.50
4266,1741157777.366642,43.71
4267,1741157779.458544,43.92
4268,1741157781.577687,44.13
4269,1741157783.684971,44.34
4270,1741157785.818320,44.55
4271,1741157787.922160,44.75
4272,1741157790.025637,44.96
4273,1741157792.111388,45.17
4274,1741157794.209991,45.38
4275,1741157796.321019,45.59
4276,1741157798.390330,45.80
4277,1741157800.484147,46.01
4278,1741157802.572505,46.22
4279,1741157804.655065,46.43
4280,1741157806.797935,46.64
4281,1741157808.868175,46.85
4282,1741157810.964670,47.06
4283,1741157813.034105,47.27
4284,1741157815.151445,47.48
4285,1741157817.214271,47.69
4286,1741157819.303124,47.90
4287,1741157821.380389,48.11
4288,1741157823.447760,48.32
4289,1741157825.567627,48.53
4290,1741157827.638461,48.74
4291,1741157829.704094,48.95
4292,1741157831.777177,49.16
4293,1741157833.857723,49.37
4294,1741157835.970202,49.58
4295,1741157838.039877,49.79
4296,1741157840.125173,50.00
4297,1741157842.207793,50.21
4298,1741157844.325248,50.42
4299,1741157846.421960,50.63
4300,1741157848.510349,50.84
4301,1741157850.590594,51.05
4302,1741157852.669569,51.26
4303,1741157854.768107,51.47
4304,1741157856.842175,51.68
4305,1741157858.933275,51.79
4306,1741157861.022747,51.58
4307,1741157863.094839,51.37
4308,1741157865.216512,51.16
4309,1741157867.305192,50.95
4310,1741157869.386459,50.74
4311,1741157871.464301,50.53
4312,1741157873.537491,50.32
4313,1741157875.642434,50.11
4314,1741157877.746333,49.90
4315,1741157879.837805,49.69
4316,1741157881.916757,49.48
4317,1741157884.030081,49.27
4318,1741157886.108000,49.06
4319,1741157888.163242,48.85
4320,1741157890.232007,48.64
4321,1741157892.323892,48.43
4322,1741157894.428448,48.22
4323,1741157896.503103,48.01
4324,1741157898.599351,47.80
4325,1741157900.679931,47.59
4326,1741157902.770394,47.38
4327,1741157904.904076,47.17
4328,1741157906.994096,46.96
4329,1741157909.103731,46.75
4330,1741157911.201956,46.54
4331,1741157913.290791,46.33
4332,1741157915.424018,46.12
4333,1741157917.512155,45.91
4334,1741157919.611698,45.70
4335,1741157921.695019,45.49
4336,1741157923.783906,45.28
4337,1741157925.925748,45.07
4338,1741157928.033275,44.86
4339,1741157930.160378,44.65
4340,1741157932.250848,44.44
4341,1741157934.337762,44.23
4342,1741157936.494996,44.02
4343,1741157938.570946,43.81
4344,1741157940.685967,43.60
4345,1741157942.773550,43.39
4346,1741157944.861381,43.18
4347,1741157946.999173,42.97
4348,1741157949.083399,42.76
4349,1741157951.195348,42.55
4350,1741157953.282012,42.34
4351,1741157955.358963,42.13
4352,1741157957.501819,41.92
4353,1741157959.586182,41.71
4354,1741157961.672737,41.50
4355,1741157963.787885,41.29
4356,1741157966.000838,41.08
4357,1741157968.263159,40.87
4358,1741157970.474372,40.66
4359,1741157972.699313,40.45
4360,1741157974.919087,40.24
4361,1741157977.136360,40.03
4362,1741157979.376236,39.82
4363,1741157981.584683,39.61
4364,1741157983.811654,39.40
4365,1741157986.013605,39.19
4366,1741157988.221403,38.98
4367,1741157990.467997,38.77
4368,1741157992.681144,38.56
4369,1741157994.892881,38.35
4370,1741157997.092546,38.14
4371,1741157999.330563,37.93
4372,1741158001.545120,37.72
4373,1741158003.763687,37.51
4374,1741158005.977179,37.30
4375,1741158008.192322,37.09
4376,1741158010.441193,36.88
4377,1741158012.626125,36.68
4378,1741158014.828835,36.46
4379,1741158017.037385,36.25
4380,1741158019.244160,36.04
4381,1741158021.489444,35.83
4382,1741158023.590435,35.62
4383,1741158025.667786,35.42
4384,1741158027.760452,35.20
4385,1741158029.899693,34.99
4386,1741158032.013924,34.79
4387,1741158034.096128,34.58
4388,1741158036.208241,34.37
4389,1741158038.335496,34.16
4390,1741158040.472348,33.95
4391,1741158042.573465,33.74
4392,1741158044.669721,33.53
4393,1741158046.757578,33.32
4394,1741158048.863834,33.11
4395,1741158050.978583,32.90
4396,1741158053.091768,32.69
4397,1741158055.181365,32.48
4398,1741158057.276778,32.27
4399,1741158059.383423,32.06
4400,1741158061.506025,31.85
4401,1741158063.616042,31.64
4402,1741158065.714599,31.43
4403,1741158067.790716,31.22
4404,1741158069.933524,31.01
4405,1741158072.019313,30.80
4406,1741158074.130185,30.59
4407,1741158076.232599,30.38
4408,1741158078.325117,30.17
4409,1741158080.472445,29.96
4410,1741158082.574178,29.75
4411,1741158084.656980,29.54
4412,1741158086.762311,29.33
4413,1741158088.856096,29.12
4414,1741158091.009148,28.91
4415,1741158093.110422,28.70
4416,1741158095.201569,28.49
4417,1741158097.313300,28.28
4418,1741158099.413808,28.07
4419,1741158101.559438,27.86
4420,1741158103.650214,27.66
4421,1741158105.728835,27.45
4422,1741158107.829754,27.24
4423,1741158109.921108,27.03
4424,1741158112.070578,26.82
4425,1741158114.291785,26.60
4426,1741158116.530059,26.39
4427,1741158118.736158,26.18
4428,1741158120.957018,25.98
4429,1741158123.213305,25.77
4430,1741158125.427163,25.56
4431,1741158127.638045,25.35
4432,1741158129.863593,25.14
4433,1741158132.066745,24.93
4434,1741158134.306480,24.72
4435,1741158136.514350,24.51
4436,1741158138.727878,24.30
4437,1741158140.947933,24.10
4438,1741158143.153875,23.89
4439,1741158145.293169,23.68
4440,1741158147.383577,23.47
4441,1741158149.480322,23.26
4442,1741158151.662252,23.05
4443,1741158153.879215,22.84
4444,1741158156.123013,22.63
4445,1741158158.329824,22.42
4446,1741158160.422586,22.21
4447,1741158162.637511,22.00
4448,1741158164.881403,21.79
4449,1741158167.092957,21.59
4450,1741158169.311213,21.37
4451,1741158171.516307,21.16
4452,1741158173.727178,20.95
4453,1741158175.948340,20.74
4454,1741158178.073416,20.54
4455,1741158180.175804,20.33
4456,1741158182.275767,20.12
4457,1741158184.478807,19.91
4458,1741158186.734057,19.70
4459,1741158188.832171,19.49
4460,1741158190.942656,19.28
4461,1741158193.030719,19.07
4462,1741158195.286788,18.86
4463,1741158197.495966,18.65
4464,1741158199.717592,18.44
4465,1741158201.930133,18.23
4466,1741158204.149967,18.02
4467,1741158206.323022,17.81
4468,1741158208.441040,17.60
4469,1741158210.525992,17.39
4470,1741158212.725260,17.18
4471,1741158214.931587,16.97
4472,1741158217.181716,16.76
4473,1741158219.282561,16.55
4474,1741158221.499316,16.34
4475,1741158223.720189,16.13
4476,1741158225.960524,15.92
4477,1741158228.158909,15.71
4478,1741158230.362311,15.50
4479,1741158232.569412,15.29
4480,1741158234.776802,15.09
4481,1741158237.014381,14.88
4482,1741158239.111567,14.67
4483,1741158241.215200,14.46
4484,1741158243.337771,14.25
4485,1741158245.430284,14.04
4486,1741158247.581880,13.83
4487,1741158249.671962,13.62
4488,1741158251.755316,13.41
4489,1741158253.848701,13.20
4490,1741158255.924304,12.99
4491,1741158258.017921,12.78
4492,1741158260.116700,12.57
4493,1741158262.184802,12.36
4494,1741158264.253556,12.15
4495,1741158266.320274,11.94
4496,1741158268.429623,11.73
4497,1741158270.477863,11.52
4498,1741158272.673069,11.31
4499,1741158274.868012,11.10
4500,1741158277.071059,10.89
4501,1741158279.294821,10.68
4502,1741158281.496809,10.47
4503,1741158283.686177,10.26
4504,1741158285.876282,10.05
4505,1741158287.980477,9.84
4506,1741158290.074499,9.63
4507,1741158292.138314,9.42
4508,1741158294.231086,9.21
4509,1741158296.288872,9.00
4510,1741158298.346651,8.79
4511,1741158300.448767,8.58
4512,1741158302.537011,8.37
4513,1741158304.592452,8.16
4514,1741158306.647193,7.95
4515,1741158308.702082,7.74
4516,1741158310.814905,7.53
4517,1741158312.861601,7.32
4518,1741158314.913051,7.11
4519,1741158316.962506,6.90
4520,1741158319.012448,6.69
4521,1741158321.107380,6.48
4522,1741158323.262135,6.27
4523,1741158325.427727,6.06
4524,1741158327.471936,5.85
4525,1741158329.524238,5.64
4526,1741158331.613519,5.43
4527,1741158333.648649,5.22
4528,1741158335.682575,5.01
4529,1741158337.705316,4.80
4530,1741158339.876929,4.59
4531,1741158342.053351,4.38
4532,1741158344.215055,4.17
4533,1741158346.372176,3.96
4534,1741158348.516792,3.76
4535,1741158350.673687,3.55
4536,1741158352.854740,3.34
4537,1741158354.997899,3.14
4538,1741158357.117483,2.93
4539,1741158359.213190,2.72
4540,1741158361.245595,2.52
4541,1741158363.314550,2.32
4542,1741158365.449705,2.11
4543,1741158367.585122,1.91
4544,1741158369.720302,1.72
4545,1741158371.782326,1.52
4546,1741158373.844872,1.33
4547,1741158375.864204,1.13
4548,1741158377.879841,0.93
4549,1741158379.905142,0.75
4550,1741158381.926181,0.60
4551,1741158384.008737,0.51
4552,1741158386.011332,0.51
4553,1741158388.008342,0.58
4554,1741158390.018396,0.71
4555,1741158392.006704,0.74
4556,1741158394.047749,0.53
4557,1741158396.034254,0.34
4558,1741158398.019148,0.42
4559,1741158400.019027,0.77
4560,1741158402.046824,1.17
4561,1741158404.050649,1.55
4562,1741158406.048546,1.93
4563,1741158408.060151,2.33
4564,1741158410.093527,2.73
4565,1741158412.148012,3.14
4566,1741158414.183046,3.54
4567,1741158416.223685,3.95
4568,1741158418.378016,4.36
4569,1741158420.546371,4.76
4570,1741158422.737708,5.18
4571,1741158424.909542,5.59
4572,1741158427.084577,6.00
4573,1741158429.234202,6.41
4574,1741158431.420987,6.82
4575,1741158433.637259,7.23
4576,1741158435.799594,7.64
4577,1741158437.991958,8.05
4578,1741158440.186266,8.46
4579,1741158442.378422,8.87
4580,1741158444.597700,9.28
4581,1741158446.790365,9.69
4582,1741158448.988140,10.10
4583,1741158451.194494,10.51
4584,1741158453.385078,10.92
4585,1741158455.613140,11.33
4586,1741158457.750215,11.74
4587,1741158459.825740,12.15
4588,1741158461.920087,12.56
4589,1741158464.002457,12.97
4590,1741158466.108990,13.38
4591,1741158468.181393,13.79
4592,1741158470.281904,14.20
4593,1741158472.357846,14.61
4594,1741158474.438553,15.02
4595,1741158476.566450,15.43
4596,1741158478.647189,15.84
4597,1741158480.721872,16.25
4598,1741158482.819038,16.66
4599,1741158484.893696,17.07
4600,1741158487.008609,17.47
4601,1741158489.119829,17.88
4602,1741158491.196351,18.29
4603,1741158493.271850,18.70
4604,1741158495.362314,19.11
4605,1741158497.465386,19.52
4606,1741158499.535969,19.93
4607,1741158501.605167,20.34
4608,1741158503.694209,20.75
4609,1741158505.776675,21.16
4610,1741158507.911740,21.57
4611,1741158509.994125,21.98
4612,1741158512.068347,22.39
4613,1741158514.153199,22.80
4614,1741158516.238657,23.21
4615,1741158518.364706,23.62
4616,1741158520.462934,24.03
4617,1741158522.543490,24.44
4618,1741158524.636874,24.85
4619,1741158526.734466,25.26
4620,1741158528.844559,25.67
4621,1741158530.927038,26.08
4622,1741158533.031856,26.49
4623,1741158535.111520,26.90
4624,1741158537.196653,27.31
4625,1741158539.343666,27.72
4626,1741158541.443487,28.12
4627,1741158543.556730,28.54
4628,1741158545.649931,28.95
4629,1741158547.744375,29.35
4630,1741158549.887747,29.76
4631,1741158551.974317,30.17
4632,1741158554.073841,30.58
4633,1741158556.154443,30.99
4634,1741158558.251533,31.40
4635,1741158560.422515,31.81
4636,1741158562.545289,32.22
4637,1741158564.677524,32.63
4638,1741158566.793288,33.04
4639,1741158568.958178,33.45
4640,1741158571.082622,33.86
4641,1741158573.204416,34.27
4642,1741158575.328306,34.68
4643,1741158577.451236,35.09
4644,1741158579.589134,35.50
4645,1741158581.720005,35.91
4646,1741158583.836760,36.32
4647,1741158585.956970,36.73
4648,1741158588.077126,37.14
4649,1741158590.229457,37.55
4650,1741158592.335343,37.95
4651,1741158594.432420,38.36
4652,1741158596.565898,38.77
4653,1741158598.659504,39.18
4654,1741158600.819972,39.59
4655,1741158602.921524,40.00
4656,1741158605.048879,40.41
4657,1741158607.163939,40.82
4658,1741158609.328916,41.23
4659,1741158611.432688,41.64
4660,1741158613.566675,42.05
4661,1741158615.674212,42.46
4662,1741158617.804010,42.87
4663,1741158619.946330,43.28
4664,1741158622.054012,43.69
4665,1741158624.180631,44.10
4666,1741158626.271440,44.52
4667,1741158628.348746,44.93
4668,1741158630.493564,45.34
4669,1741158632.716046,45.75
4670,1741158634.976665,46.16
4671,1741158637.223148,46.57
4672,1741158639.465513,46.98
4673,1741158641.752618,47.39
4674,1741158643.995255,47.80
4675,1741158646.214591,48.21
4676,1741158648.459247,48.62
4677,1741158650.666568,49.03
4678,1741158652.834570,49.44
4679,1741158654.946060,49.85
4680,1741158657.083078,50.26
4681,1741158659.196628,50.67
4682,1741158661.333513,51.08
4683,1741158663.475164,51.49
4684,1741158665.589084,51.90
4685,1741158667.712486,52.31
4686,1741158669.840891,52.72
4687,1741158671.958105,53.13
4688,1741158674.147911,53.54
4689,1741158676.281941,53.95
4690,1741158678.413880,54.36
4691,1741158680.516146,54.77
4692,1741158682.687059,55.18
4693,1741158684.882454,55.59
4694,1741158687.055113,56.00
4695,1741158689.213028,56.41
4696,1741158691.366237,56.82
4697,1741158693.495631,57.23
4698,1741158695.644651,57.64
4699,1741158697.763680,58.05
4700,1741158699.920889,58.46
4701,1741158702.094325,58.87
4702,1741158704.190910,59.28
4703,1741158706.342382,59.69
4704,1741158708.444679,60.10
4705,1741158710.557120,60.51
4706,1741158712.674168,60.92
4707,1741158714.795932,61.33
4708,1741158716.951912,61.74
4709,1741158719.051442,62.15
4710,1741158721.184770,62.56
4711,1741158723.292483,62.97
4712,1741158725.446013,63.38
4713,1741158727.554632,63.79
4714,1741158729.677275,64.20
4715,1741158731.797779,64.61
4716,1741158733.929651,65.02
4717,1741158736.059312,65.43
4718,1741158738.161556,65.84
4719,1741158740.286920,66.25
4720,1741158742.373341,66.66
4721,1741158744.489619,67.07
4722,1741158746.615195,67.48
4723,1741158748.724356,67.89
4724,1741158750.828656,68.30
4725,1741158752.910245,68.71
4726,1741158755.057913,69.12
4727,1741158757.146164,69.54
4728,1741158759.269591,69.95
4729,1741158761.419407,70.35
4730,1741158763.538946,70.76
4731,1741158765.708856,71.17
4732,1741158767.817519,71.58
4733,1741158769.944191,71.99
4734,1741158772.056976,72.40
4735,1741158774.179609,72.81
4736,1741158776.321499,73.22
4737,1741158778.438791,73.63
4738,1741158780.539797,74.04
4739,1741158782.663576,74.45
4740,1741158784.768704,74.86
4741,1741158786.903884,75.27
4742,1741158789.026076,75.68
4743,1741158791.128507,76.09
4744,1741158793.253988,76.50
4745,1741158795.386182,76.91
4746,1741158797.508414,77.32
4747,1741158799.602500,77.73
4748,1741158801.701957,78.14
4749,1741158803.825647,78.54
4750,1741158805.944277,78.96
4751,1741158808.062268,79.37
4752,1741158810.163061,79.78
4753,1741158812.246596,80.19
4754,1741158814.351383,80.60
4755,1741158816.475605,81.01
4756,1741158818.592103,81.42
4757,1741158820.701819,81.83
4758,1741158822.802766,82.24
4759,1741158824.916610,82.64
4760,1741158827.041157,83.05
4761,1741158829.152135,83.46
4762,1741158831.253935,83.87
4763,1741158833.358123,84.28
4764,1741158835.482316,84.69
4765,1741158837.607375,85.09
4766,1741158839.715929,85.50
4767,1741158841.811522,85.92
4768,1741158843.917387,86.32
4769,1741158846.033624,86.73
4770,1741158848.145275,87.14
4771,1741158850.270272,87.55
4772,1741158852.355655,87.96
4773,1741158854.435790,88.37
4774,1741158856.549577,88.78
4775,1741158858.662041,89.17
4776,1741158860.768355,89.58
4777,1741158862.864339,89.99
4778,1741158864.964420,90.40
4779,1741158867.064010,90.81
4780,1741158869.191167,91.22
4781,1741158871.294346,91.63
4782,1741158873.380350,92.04
4783,1741158875.458362,92.45
4784,1741158877.541461,92.86
4785,1741158879.693117,93.27
4786,1741158881.770386,93.68
4787,1741158883.884058,94.09
4788,1741158885.981638,94.50
4789,1741158888.059232,94.91
4790,1741158890.203226,95.31
4791,1741158892.285940,95.72
4792,1741158894.385062,96.13
4793,1741158896.476159,96.54
4794,1741158898.570428,96.95
4795,1741158900.727611,97.36
4796,1741158902.823663,97.77
4797,1741158904.928510,98.18
4798,1741158907.025100,98.59
4799,1741158909.140651,99.00
4800,1741158911.246153,99.41
4801,1741158913.337631,99.83
4802,1741158915.439700,100.24
4803,1741158917.543840,100.65
4804,1741158919.664642,101.06
4805,1741158921.761950,101.47
4806,1741158923.861951,101.88
4807,1741158925.939720,102.07
4808,1741158928.045300,101.67
4809,1741158930.163691,101.26
4810,1741158932.238101,100.85
4811,1741158934.336732,100.44
4812,1741158936.445730,100.03
4813,1741158938.601467,99.62
4814,1741158940.717999,99.21
4815,1741158942.828610,98.80
4816,1741158944.944592,98.39
4817,1741158947.069040,97.98
4818,1741158949.237395,97.57
4819,1741158951.332503,97.16
4820,1741158953.455021,96.75
4821,1741158955.547811,96.34
4822,1741158957.674423,95.93
4823,1741158959.802589,95.52
4824,1741158961.897587,95.11
4825,1741158964.021228,94.70
4826,1741158966.124426,94.29
4827,1741158968.250347,93.88
4828,1741158970.362519,93.47
4829,1741158972.487777,93.06
4830,1741158974.594059,92.65
4831,1741158976.667665,92.25
4832,1741158978.815090,91.84
4833,1741158980.905602,91.43
4834,1741158983.016092,91.02
4835,1741158985.122019,90.61
4836,1741158987.210717,90.20
4837,1741158989.346138,89.79
4838,1741158991.454904,89.38
4839,1741158993.583881,88.97
4840,1741158995.681217,88.57
4841,1741158997.783451,88.17
4842,1741158999.943584,87.76
4843,1741159002.035132,87.35
4844,1741159004.146760,86.94
4845,1741159006.249408,86.53
4846,1741159008.343650,86.12
4847,1741159010.485997,85.71
4848,1741159012.594674,85.28
4849,1741159014.709125,84.90
4850,1741159016.800165,84.49
4851,1741159018.896721,84.08
4852,1741159021.049560,83.67
4853,1741159023.147727,83.26
4854,1741159025.285178,82.85
4855,1741159027.387854,82.44
4856,1741159029.510018,82.03
4857,1741159031.630840,81.62
4858,1741159033.742698,81.21
4859,1741159035.847983,80.80
4860,1741159037.936411,80.39
4861,1741159040.050813,79.98
4862,1741159042.172145,79.57
4863,1741159044.279822,79.16
4864,1741159046.381934,78.75
4865,1741159048.479411,78.34
4866,1741159050.597271,77.93
4867,1741159052.720545,77.52
4868,1741159054.841001,77.11
4869,1741159056.945039,76.70
4870,1741159059.066801,76.29
4871,1741159061.185611,75.88
4872,1741159063.307553,75.47
4873,1741159065.420039,75.06
4874,1741159067.520022,74.65
4875,1741159069.640154,74.25
4876,1741159071.734411,73.84
4877,1741159073.890678,73.43
4878,1741159076.016145,73.02
4879,1741159078.115361,72.61
4880,1741159080.234463,72.20
4881,1741159082.337068,71.79
4882,1741159084.495599,71.38
4883,1741159086.588373,70.97
4884,1741159088.709859,70.56
4885,1741159090.814548,70.15
4886,1741159092.954392,69.74
4887,1741159095.086206,69.33
4888,1741159097.198245,68.92
4889,1741159099.329082,68.51
4890,1741159101.454768,68.10
4891,1741159103.614796,67.69
4892,1741159105.721039,67.28
4893,1741159107.832696,66.87
4894,1741159109.942946,66.46
4895,1741159112.037131,66.05
4896,1741159114.191016,65.64
4897,1741159116.283673,65.23
4898,1741159118.379455,64.82
4899,1741159120.483681,64.41
4900,1741159122.631917,64.00
4901,1741159124.723928,63.59
4902,1741159126.825501,63.17
4903,1741159128.933188,62.76
4904,1741159131.030298,62.35
4905,1741159133.191282,61.94
4906,1741159135.281588,61.53
4907,1741159137.362829,61.12
4908,1741159139.476353,60.71
4909,1741159141.578335,60.30
4910,1741159143.724920,59.89
4911,1741159145.806087,59.48
4912,1741159147.901057,59.07
4913,1741159150.009988,58.67
4914,1741159152.105218,58.26
4915,1741159154.258896,57.85
4916,1741159156.361693,57.44
4917,1741159158.471315,57.03
4918,1741159160.602707,56.62
4919,1741159162.727899,56.21
4920,1741159164.857460,55.80
4921,1741159166.949409,55.39
4922,1741159169.067391,54.98
4923,1741159171.229405,54.56
4924,1741159173.390726,54.15
4925,1741159175.495000,53.75
4926,1741159177.627508,53.33
4927,1741159179.740570,52.92
4928,1741159181.866950,52.52
4929,1741159184.001950,52.10
4930,1741159186.137475,51.70
4931,1741159188.234610,51.28
4932,1741159190.342233,50.87
4933,1741159192.472475,50.46
4934,1741159194.622993,50.05
4935,1741159196.747302,49.64
4936,1741159198.843850,49.23
4937,1741159200.965553,48.82
4938,1741159203.073320,48.41
4939,1741159205.231797,48.00
4940,1741159207.332521,47.59
4941,1741159209.425202,47.18
4942,1741159211.536198,46.77
4943,1741159213.631955,46.36
4944,1741159215.776763,45.95
4945,1741159217.911063,45.54
4946,1741159220.060361,45.13
4947,1741159222.187537,44.72
4948,1741159224.338127,44.31
4949,1741159226.469772,43.90
4950,1741159228.591158,43.49
4951,1741159230.688328,43.08
4952,1741159232.807744,42.67
4953,1741159234.912526,42.26
4954,1741159237.045550,41.85
4955,1741159239.166970,41.44
4956,1741159241.272902,41.03
4957,1741159243.400237,40.62
4958,1741159245.507849,40.21
4959,1741159247.665371,39.80
4960,1741159249.774466,39.39
4961,1741159251.901510,38.98
4962,1741159254.006675,38.57
4963,1741159256.108850,38.16
4964,1741159258.257837,37.75
4965,1741159260.365873,37.34
4966,1741159262.484148,36.93
4967,1741159264.597812,36.52
4968,1741159266.735530,36.11
4969,1741159268.874059,35.70
4970,1741159270.987185,35.29
4971,1741159273.082199,34.88
4972,1741159275.220675,34.47
4973,1741159277.368187,34.06
4974,1741159279.481970,33.65
4975,1741159281.574042,33.24
4976,1741159283.661374,32.84
4977,1741159285.775225,32.42
4978,1741159287.897411,32.02
4979,1741159290.012588,31.61
4980,1741159292.117339,31.20
4981,1741159294.208079,30.79
4982,1741159296.323991,30.38
4983,1741159298.454504,29.97
4984,1741159300.581511,29.56
4985,1741159302.821611,29.15
4986,1741159305.056240,28.74
4987,1741159307.331241,28.33
4988,1741159309.572040,27.92
4989,1741159311.798782,27.52
4990,1741159314.033900,27.11
4991,1741159316.256597,26.70
4992,1741159318.510697,26.29
4993,1741159320.735163,25.88
4994,1741159322.964883,25.47
4995,1741159325.183400,25.06
4996,1741159327.397514,24.65
4997,1741159329.662870,24.24
4998,1741159331.867474,23.83
4999,1741159334.086749,23.42
5000,1741159336.208396,23.01
5001,1741159338.312356,22.60
5002,1741159340.463050,22.19
5003,1741159342.569484,21.78
5004,1741159344.653357,21.37
5005,1741159346.763159,20.96
5006,1741159348.873330,20.55
5007,1741159351.015846,20.14
5008,1741159353.115321,19.73
5009,1741159355.201000,19.32
5010,1741159357.317789,18.91
5011,1741159359.393032,18.50
5012,1741159361.520386,18.09
5013,1741159363.625854,17.68
5014,1741159365.694319,17.27
5015,1741159367.783923,16.86
5016,1741159369.911257,16.46
5017,1741159372.036867,16.05
5018,1741159374.158345,15.64
5019,1741159376.232973,15.23
5020,1741159378.444541,14.82
5021,1741159380.666165,14.41
5022,1741159382.924556,14.00
5023,1741159385.112657,13.59
5024,1741159387.235801,13.18
5025,1741159389.337409,12.77
5026,1741159391.509127,12.36
5027,1741159393.621624,11.95
5028,1741159395.717355,11.54
5029,1741159397.786441,11.13
5030,1741159399.860224,10.72
5031,1741159401.955131,10.30
5032,1741159404.057229,9.90
5033,1741159406.119562,9.48
5034,1741159408.195394,9.07
5035,1741159410.281736,8.66
5036,1741159412.339969,8.25
5037,1741159414.428306,7.84
5038,1741159416.511202,7.43
5039,1741159418.566494,7.02
5040,1741159420.621717,6.61
5041,1741159422.671606,6.20
5042,1741159424.744331,5.79
5043,1741159426.786732,5.38
5044,1741159428.847964,4.97
5045,1741159430.878023,4.56
5046,1741159432.909815,4.15
5047,1741159434.969367,3.75
5048,1741159436.998368,3.34
5049,1741159439.021250,2.94
5050,1741159441.043776,2.53
5051,1741159443.049405,2.13
5052,1741159445.128278,1.74
5053,1741159447.139788,1.36
5054,1741159449.163372,0.97
5055,1741159451.166494,0.58
5056,1741159453.300469,0.32
5057,1741159455.459850,0.25
5058,1741159457.580705,0.20
5059,1741159459.708885,0.59
5060,1741159461.840753,0.53
5061,1741159463.971456,0.69
5062,1741159466.162778,0.99
5063,1741159468.309529,1.31
5064,1741159470.331973,1.64
5065,1741159472.341038,1.97
5066,1741159474.353329,2.30
5067,1741159476.540173,2.63
5068,1741159478.694639,2.96
5069,1741159480.723274,3.30
5070,1741159482.754485,3.64
5071,1741159484.777092,3.98
5072,1741159486.846004,4.32
5073,1741159488.888159,4.67
5074,1741159490.963716,5.01
5075,1741159493.008155,5.35
5076,1741159495.169073,5.70
5077,1741159497.379050,6.04
5078,1741159499.435596,6.38
5079,1741159501.510705,6.72
5080,1741159503.569463,7.07
5081,1741159505.645161,7.41
5082,1741159507.702170,7.75
5083,1741159509.774803,8.10
5084,1741159511.844446,8.44
5085,1741159513.907657,8.78
5086,1741159516.161391,9.12
5087,1741159518.358979,9.47
5088,1741159520.552243,9.81
5089,1741159522.734672,10.15
5090,1741159524.933282,10.49
5091,1741159527.160492,10.84
5092,1741159529.360022,11.18
5093,1741159531.552706,11.52
5094,1741159533.740973,11.86
5095,1741159535.931790,12.21
5096,1741159538.165517,12.55
5097,1741159540.374742,12.89
5098,1741159542.586035,13.24
5099,1741159544.790656,13.58
5100,1741159547.000746,13.92
5101,1741159549.251304,14.26
5102,1741159551.459115,14.60
5103,1741159553.676969,14.95
5104,1741159555.893812,15.29
5105,1741159558.108542,15.63
5106,1741159560.368657,15.97
5107,1741159562.565657,16.32
5108,1741159564.772766,16.66
5109,1741159567.002187,17.00
5110,1741159569.232129,17.34
5111,1741159571.468323,17.68
5112,1741159573.674252,18.02
5113,1741159575.897750,18.36
5114,1741159578.122996,18.70
5115,1741159580.343400,19.05
5116,1741159582.579686,19.39
5117,1741159584.807002,19.73
5118,1741159587.008740,20.07
5119,1741159589.224226,20.42
5120,1741159591.442839,20.76
5121,1741159593.707095,21.10
5122,1741159595.898637,21.45
5123,1741159598.030949,21.79
5124,1741159600.151944,22.13
5125,1741159602.253814,22.47
5126,1741159604.400369,22.82
5127,1741159606.512973,23.16
5128,1741159608.633936,23.50
5129,1741159610.755349,23.84
5130,1741159612.916546,24.18
5131,1741159615.015683,24.53
5132,1741159617.109321,24.87
5133,1741159619.220110,25.21
5134,1741159621.322976,25.55
5135,1741159623.481337,25.90
5136,1741159625.576634,26.24
5137,1741159627.687783,26.58
5138,1741159629.794642,26.92
5139,1741159631.899919,27.27
5140,1741159634.043217,27.61
5141,1741159636.142804,27.94
5142,1741159638.258968,28.29
5143,1741159640.360870,28.63
5144,1741159642.497000,28.97
5145,1741159644.629322,29.31
5146,1741159646.764315,29.65
5147,1741159648.868544,29.99
5148,1741159650.968035,30.34
5149,1741159653.092490,30.68
5150,1741159655.227401,31.02
5151,1741159657.342803,31.36
5152,1741159659.437841,31.71
5153,1741159661.553311,32.05
5154,1741159663.707117,32.39
5155,1741159665.815965,32.73
5156,1741159667.933540,33.08
5157,1741159670.040005,33.42
5158,1741159672.157982,33.76
5159,1741159674.289468,34.10
5160,1741159676.409715,34.44
5161,1741159678.512910,34.78
5162,1741159680.625498,35.13
5163,1741159682.726449,35.47
5164,1741159684.846396,35.81
5165,1741159686.949040,36.15
5166,1741159689.050055,36.50
5167,1741159691.132791,36.84
5168,1741159693.270278,37.18
5169,1741159695.363633,37.52
5170,1741159697.477018,37.86
5171,1741159699.584718,38.21
5172,1741159701.685822,38.55
5173,1741159703.837872,38.89
5174,1741159705.924125,39.23
5175,1741159708.043884,39.57
5176,1741159710.146376,39.92
5177,1741159712.283302,40.26
5178,1741159714.430877,40.60
5179,1741159716.549726,40.94
5180,1741159718.665402,41.29
5181,1741159720.759289,41.63
5182,1741159722.908563,41.97
5183,1741159724.995415,42.32
5184,1741159727.100983,42.66
5185,1741159729.198584,43.00
5186,1741159731.304798,43.34
5187,1741159733.441508,43.69
5188,1741159735.527144,44.03
5189,1741159737.626910,44.37
5190,1741159739.710640,44.71
5191,1741159741.803459,45.06
5192,1741159743.982228,45.40
5193,1741159746.076250,45.74
5194,1741159748.205459,46.09
5195,1741159750.297878,46.43
5196,1741159752.375401,46.77
5197,1741159754.519156,47.11
5198,1741159756.598433,47.46
5199,1741159758.691655,47.80
5200,1741159760.790731,48.14
5201,1741159762.905813,48.48
5202,1741159765.010383,48.83
5203,1741159767.103197,49.17
5204,1741159769.189364,49.51
5205,1741159771.304427,49.85
5206,1741159773.423561,50.19
5207,1741159775.508735,50.54
5208,1741159777.622509,50.88
5209,1741159779.721768,51.23
5210,1741159781.826765,51.57
5211,1741159783.950737,51.91
5212,1741159786.046146,52.25
5213,1741159788.146202,52.60
5214,1741159790.239362,52.94
5215,1741159792.321065,53.28
5216,1741159794.465488,53.62
5217,1741159796.544818,53.97
5218,1741159798.633715,54.31
5219,1741159800.742585,54.65
5220,1741159802.823286,54.99
5221,1741159804.978916,55.34
5222,1741159807.083046,55.68
5223,1741159809.191807,56.02
5224,1741159811.307424,56.36
5225,1741159813.385534,56.71
5226,1741159815.524460,57.05
5227,1741159817.614033,57.39
5228,1741159819.698620,57.73
5229,1741159821.791250,58.08
5230,1741159823.891893,58.42
5231,1741159826.005844,58.76
5232,1741159828.110891,59.10
5233,1741159830.195461,59.44
5234,1741159832.282261,59.79
5235,1741159834.397394,60.13
5236,1741159836.531095,60.47
5237,1741159838.623467,60.81
5238,1741159840.730253,61.13
5239,1741159842.821920,61.46
5240,1741159844.938493,61.79
5241,1741159847.070555,62.09
5242,1741159849.175128,62.45
5243,1741159851.262748,62.83
5244,1741159853.354687,63.20
5245,1741159855.478298,63.55
5246,1741159857.617953,63.89
5247,1741159859.724728,64.23
5248,1741159861.811682,64.58
5249,1741159863.900223,64.92
5250,1741159865.998282,65.25
5251,1741159868.120094,65.58
5252,1741159870.228271,65.92
5253,1741159872.321908,66.26
5254,1741159874.432926,66.61
5255,1741159876.576780,66.95
5256,1741159878.665698,67.29
5257,1741159880.780997,67.63
5258,1741159882.888161,67.97
5259,1741159884.976024,68.32
5260,1741159887.117555,68.66
5261,1741159889.209842,69.00
5262,1741159891.308367,69.35
5263,1741159893.395230,69.69
5264,1741159895.481025,70.03
5265,1741159897.629855,70.37
5266,1741159899.730438,70.71
5267,1741159901.846295,71.06
5268,1741159903.948331,71.40
5269,1741159906.091041,71.74
5270,1741159908.189149,72.08
5271,1741159910.272835,72.43
5272,1741159912.374675,72.77
5273,1741159914.481956,73.11
5274,1741159916.614074,73.45
5275,1741159918.713826,73.79
5276,1741159920.806113,74.14
5277,1741159922.890378,74.48
5278,1741159925.004148,74.82
5279,1741159927.118655,75.17
5280,1741159929.236198,75.51
5281,1741159931.324345,75.85
5282,1741159933.411534,76.19
5283,1741159935.527065,76.54
5284,1741159937.653430,76.88
5285,1741159939.760769,77.22
5286,1741159941.868401,77.56
5287,1741159943.951445,77.90
5288,1741159946.080920,78.25
5289,1741159948.160499,78.59
5290,1741159950.249862,78.93
5291,1741159952.344240,79.27
5292,1741159954.427268,79.61
5293,1741159956.536037,79.95
5294,1741159958.646008,80.30
5295,1741159960.733930,80.64
5296,1741159962.819144,80.98
5297,1741159964.923362,81.32
5298,1741159967.063866,81.66
5299,1741159969.165430,82.00
5300,1741159971.267114,82.35
5301,1741159973.360558,82.69
5302,1741159975.494657,83.03
5303,1741159977.646829,83.37
5304,1741159979.790709,83.72
5305,1741159981.898006,84.06
5306,1741159984.033689,84.40
5307,1741159986.160766,84.74
5308,1741159988.327307,85.09
5309,1741159990.447445,85.26
5310,1741159992.571170,84.91
5311,1741159994.644032,84.57
5312,1741159996.731438,84.23
5313,1741159998.858030,83.89
5314,1741160000.932597,83.54
5315,1741160003.006838,83.20
5316,1741160005.101650,82.86
5317,1741160007.176315,82.52
5318,1741160009.288743,82.18
5319,1741160011.387995,81.83
5320,1741160013.474912,81.49
5321,1741160015.573742,81.15
5322,1741160017.691593,80.81
5323,1741160019.839260,80.47
5324,1741160021.965434,80.12
5325,1741160024.068834,79.78
5326,1741160026.183553,79.44
5327,1741160028.280080,79.10
5328,1741160030.409513,78.76
5329,1741160032.526947,78.42
5330,1741160034.617957,78.07
5331,1741160036.732630,77.73
5332,1741160038.831132,77.39
5333,1741160040.971206,77.05
5334,1741160043.085668,76.71
5335,1741160045.176724,76.37
5336,1741160047.257777,76.02
5337,1741160049.362683,75.68
5338,1741160051.489623,75.34
5339,1741160053.590679,74.99
5340,1741160055.686440,74.65
5341,1741160057.776402,74.31
5342,1741160059.899091,73.97
5343,1741160061.975599,73.62
5344,1741160064.065332,73.28
5345,1741160066.171290,72.94
5346,1741160068.258994,72.60
5347,1741160070.381429,72.26
5348,1741160072.497240,71.91
5349,1741160074.585178,71.57
5350,1741160076.701555,71.23
5351,1741160078.798259,70.89
5352,1741160080.926368,70.54
5353,1741160083.033561,70.20
5354,1741160085.118895,69.86
5355,1741160087.197100,69.52
5356,1741160089.349852,69.17
5357,1741160091.442752,68.83
5358,1741160093.552803,68.49
5359,1741160095.663017,68.15
5360,1741160097.749161,67.80
5361,1741160099.880663,67.46
5362,1741160101.979561,67.12
5363,1741160104.089935,66.78
5364,1741160106.174696,66.43
5365,1741160108.261067,66.09
5366,1741160110.411453,65.75
5367,1741160112.495629,65.41
5368,1741160114.598275,65.09
5369,1741160116.692131,64.75
5370,1741160118.785946,64.40
5371,1741160120.901928,64.06
5372,1741160123.008433,63.72
5373,1741160125.096526,63.38
5374,1741160127.183327,63.02
5375,1741160129.322778,62.63
5376,1741160131.408544,62.26
5377,1741160133.523541,61.94
5378,1741160135.619728,61.63
5379,1741160137.697196,61.30
5380,1741160139.827893,60.97
5381,1741160141.919508,60.64
5382,1741160144.046851,60.30
5383,1741160146.140982,59.96
5384,1741160148.236811,59.62
5385,1741160150.388211,59.27
5386,1741160152.478295,58.93
5387,1741160154.588883,58.59
5388,1741160156.694514,58.25
5389,1741160158.811887,57.90
5390,1741160160.948831,57.56
5391,1741160163.036879,57.22
5392,1741160165.171902,56.88
5393,1741160167.276809,56.53
5394,1741160169.403956,56.19
5395,1741160171.537749,55.85
5396,1741160173.630950,55.51
5397,1741160175.735836,55.16
5398,1741160177.837692,54.82
5399,1741160179.928421,54.48
5400,1741160182.077840,54.14
5401,1741160184.169884,53.79
5402,1741160186.279390,53.45
5403,1741160188.368513,53.11
5404,1741160190.463364,52.77
5405,1741160192.622556,52.42
5406,1741160194.725677,52.08
5407,1741160196.851177,51.74
5408,1741160198.963470,51.40
5409,1741160201.087519,51.05
5410,1741160203.215158,50.71
5411,1741160205.339551,50.37
5412,1741160207.449685,50.02
5413,1741160209.545434,49.68
5414,1741160211.650800,49.34
5415,1741160213.777321,49.00
5416,1741160215.893103,48.65
5417,1741160218.007746,48.31
5418,1741160220.153482,47.97
5419,1741160222.270155,47.63
5420,1741160224.445164,47.29
5421,1741160226.566100,46.94
5422,1741160228.698255,46.60
5423,1741160230.826784,46.26
5424,1741160232.962617,45.91
5425,1741160235.100318,45.57
5426,1741160237.226259,45.23
5427,1741160239.309940,44.89
5428,1741160241.404387,44.54
5429,1741160243.552892,44.20
5430,1741160245.647837,43.86
5431,1741160247.760304,43.51
5432,1741160249.840310,43.17
5433,1741160251.922470,42.83
5434,1741160254.058061,42.49
5435,1741160256.148774,42.14
5436,1741160258.246501,41.80
5437,1741160260.340328,41.46
5438,1741160262.430404,41.12
5439,1741160264.568092,40.77
5440,1741160266.659855,40.43
5441,1741160268.772811,40.09
5442,1741160270.864448,39.75
5443,1741160272.984724,39.40
5444,1741160275.127203,39.06
5445,1741160277.221966,38.72
5446,1741160279.348604,38.38
5447,1741160281.464090,38.04
5448,1741160283.629989,37.69
5449,1741160285.728919,37.35
5450,1741160287.857374,37.01
5451,1741160289.965307,36.67
5452,1741160292.083838,36.32
5453,1741160294.228924,35.98
5454,1741160296.324043,35.64
5455,1741160298.432148,35.30
5456,1741160300.529198,34.96
5457,1741160302.626782,34.61
5458,1741160304.789203,34.27
5459,1741160306.884271,33.93
5460,1741160308.995461,33.59
5461,1741160311.090587,33.25
5462,1741160313.241006,32.90
5463,1741160315.335860,32.56
5464,1741160317.439559,32.22
5465,1741160319.548813,31.88
5466,1741160321.645934,31.54
5467,1741160323.788931,31.19
5468,1741160325.897072,30.85
5469,1741160328.002131,30.51
5470,1741160330.128715,30.17
5471,1741160332.225594,29.82
5472,1741160334.363419,29.48
5473,1741160336.449500,29.14
5474,1741160338.537133,28.80
5475,1741160340.656157,28.46
5476,1741160342.743548,28.11
5477,1741160344.890716,27.77
5478,1741160346.990000,27.44
5479,1741160349.087697,27.09
5480,1741160351.203613,26.75
5481,1741160353.292517,26.41
5482,1741160355.440744,26.07
5483,1741160357.519842,25.73
5484,1741160359.589632,25.38
5485,1741160361.680050,25.04
5486,1741160363.767879,24.70
5487,1741160365.890739,24.36
5488,1741160367.994336,24.01
5489,1741160370.076363,23.67
5490,1741160372.157260,23.33
5491,1741160374.266891,22.99
5492,1741160376.374054,22.65
5493,1741160378.481062,22.30
5494,1741160380.583277,21.96
5495,1741160382.669351,21.62
5496,1741160384.761684,21.27
5497,1741160386.873539,20.93
5498,1741160388.948490,20.59
5499,1741160391.028258,20.25
5500,1741160393.112049,19.90
5501,1741160395.186474,19.56
5502,1741160397.315325,19.22
5503,1741160399.390656,18.88
5504,1741160401.466577,18.53
5505,1741160403.548556,18.19
5506,1741160405.629982,17.85
5507,1741160407.742787,17.51
5508,1741160409.829025,17.17
5509,1741160411.910839,16.83
5510,1741160413.978755,16.49
5511,1741160416.067987,16.14
5512,1741160418.205039,15.80
5513,1741160420.283689,15.46
5514,1741160422.380193,15.12
5515,1741160424.474373,14.78
5516,1741160426.551898,14.43
5517,1741160428.680516,14.09
5518,1741160430.761162,13.75
5519,1741160432.818053,13.41
5520,1741160434.909414,13.06
5521,1741160437.009217,12.72
5522,1741160439.116871,12.38
5523,1741160441.210309,12.04
5524,1741160443.302977,11.69
5525,1741160445.370204,11.35
5526,1741160447.468557,11.01
5527,1741160449.582594,10.67
5528,1741160451.653784,10.32
5529,1741160453.743596,9.98
5530,1741160455.826251,9.64
5531,1741160457.898264,9.29
5532,1741160460.038014,8.95
5533,1741160462.104852,8.61
5534,1741160464.163020,8.27
5535,1741160466.208530,7.92
5536,1741160468.271625,7.58
5537,1741160470.359496,7.24
5538,1741160472.410306,6.90
5539,1741160474.452492,6.55
5540,1741160476.490911,6.21
5541,1741160478.555098,5.87
5542,1741160480.633128,5.52
5543,1741160482.662158,5.18
5544,1741160484.697349,4.84
5545,1741160486.732479,4.50
5546,1741160488.768696,4.15
5547,1741160490.846529,3.81
5548,1741160492.873886,3.47
5549,1741160494.904597,3.13
5550,1741160496.924675,2.79
5551,1741160498.938910,2.46
5552,1741160500.986774,2.14
5553,1741160503.001471,1.81
5554,1741160505.006965,1.48
5555,1741160507.010487,1.15
5556,1741160509.020509,0.85
5557,1741160511.055922,0.59
5558,1741160513.064737,0.53
5559,1741160515.065461,0.49
5560,1741160517.060409,0.11
5561,1741160519.059946,0.28
5562,1741160521.105241,0.47
5563,1741160523.118717,0.82
5564,1741160525.139445,1.17
5565,1741160527.140674,1.51
5566,1741160529.206492,1.84
5567,1741160531.218934,2.20
5568,1741160533.233990,2.56
5569,1741160535.240954,2.92
5570,1741160537.257976,3.28
5571,1741160539.308993,3.64
5572,1741160541.332968,4.00
5573,1741160543.353635,4.36
5574,1741160545.393940,4.73
5575,1741160547.422866,5.09
5576,1741160549.508147,5.46
5577,1741160551.553274,5.82
5578,1741160553.591914,6.19
5579,1741160555.623021,6.55
5580,1741160557.682719,6.92
5581,1741160559.775241,7.28
5582,1741160561.842020,7.65
5583,1741160563.893712,8.01
5584,1741160565.956353,8.38
5585,1741160568.049160,8.74
5586,1741160570.139139,9.11
5587,1741160572.200798,9.47
5588,1741160574.284046,9.84
5589,1741160576.343043,10.21
5590,1741160578.414061,10.57
5591,1741160580.548177,10.94
5592,1741160582.625921,11.30
5593,1741160584.694307,11.67
5594,1741160586.759348,12.03
5595,1741160588.851745,12.40
5596,1741160590.956692,12.76
5597,1741160593.029740,13.13
5598,1741160595.127217,13.49
5599,1741160597.210779,13.86
5600,1741160599.297341,14.22
5601,1741160601.430126,14.59
5602,1741160603.520365,14.95
5603,1741160605.645615,15.31
5604,1741160607.746981,15.68
5605,1741160609.824120,16.04
5606,1741160611.965275,16.41
5607,1741160614.054505,16.77
5608,1741160616.149280,17.13
5609,1741160618.255979,17.50
5610,1741160620.360596,17.86
5611,1741160622.512777,18.23
5612,1741160624.618332,18.59
5613,1741160626.730869,18.96
5614,1741160628.843235,19.32
5615,1741160630.970925,19.69
5616,1741160633.115576,20.05
5617,1741160635.255249,20.42
5618,1741160637.357063,20.78
5619,1741160639.447395,21.15
5620,1741160641.562869,21.51
5621,1741160643.667605,21.88
5622,1741160645.755444,22.24
5623,1741160647.856296,22.61
5624,1741160649.933796,22.97
5625,1741160652.002353,23.33
5626,1741160654.128779,23.70
5627,1741160656.202025,24.06
5628,1741160658.289577,24.43
5629,1741160660.406061,24.79
5630,1741160662.530889,25.16
5631,1741160664.641902,25.52
5632,1741160666.741434,25.89
5633,1741160668.845609,26.25
5634,1741160670.955523,26.62
5635,1741160673.094805,26.98
5636,1741160675.214441,27.35
5637,1741160677.305472,27.71
5638,1741160679.398413,28.07
5639,1741160681.529317,28.44
5640,1741160683.664051,28.80
5641,1741160685.788540,29.16
5642,1741160687.892873,29.53
5643,1741160690.015682,29.89
5644,1741160692.124477,30.26
5645,1741160694.264289,30.62
5646,1741160696.387374,30.99
5647,1741160698.488777,31.35
5648,1741160700.599800,31.72
5649,1741160702.693885,32.08
5650,1741160704.819912,32.44
5651,1741160706.926698,32.81
5652,1741160709.024779,33.17
5653,1741160711.158075,33.54
5654,1741160713.313797,33.90
5655,1741160715.458849,34.27
5656,1741160717.575482,34.63
5657,1741160719.710469,35.00
5658,1741160721.825791,35.36
5659,1741160724.008937,35.72
5660,1741160726.121341,36.09
5661,1741160728.262302,36.45
5662,1741160730.370109,36.82
5663,1741160732.515525,37.18
5664,1741160734.656958,37.55
5665,1741160736.779972,37.91
5666,1741160738.901322,38.28
5667,1741160741.031271,38.64
5668,1741160743.149330,39.01
5669,1741160745.319487,39.37
5670,1741160747.440448,39.74
5671,1741160749.572366,40.10
5672,1741160751.684897,40.47
5673,1741160753.847764,40.83
5674,1741160755.967453,41.20
5675,1741160758.093293,41.56
5676,1741160760.194220,41.93
5677,1741160762.313831,42.29
5678,1741160764.441737,42.66
5679,1741160766.544345,43.02
5680,1741160768.662551,43.39
5681,1741160770.756733,43.75
5682,1741160772.889799,44.12
5683,1741160775.024178,44.48
5684,1741160777.148918,44.85
5685,1741160779.251813,45.21
5686,1741160781.344056,45.58
5687,1741160783.448932,45.94
5688,1741160785.586219,46.31
5689,1741160787.705325,46.67
5690,1741160789.806712,47.04
5691,1741160791.895060,47.40
5692,1741160793.998730,47.77
5693,1741160796.142678,48.13
5694,1741160798.270338,48.50
5695,1741160800.384012,48.86
5696,1741160802.504736,49.23
5697,1741160804.610874,49.59
5698,1741160806.772821,49.96
5699,1741160808.884665,50.33
5700,1741160811.016451,50.67
5701,1741160813.125952,51.03
5702,1741160815.236495,51.40
5703,1741160817.384093,51.76
5704,1741160819.480403,52.13
5705,1741160821.602220,52.50
5706,1741160823.720400,52.86
5707,1741160825.842067,53.23
5708,1741160827.968860,53.59
5709,1741160830.202755,53.95
5710,1741160832.451284,54.32
5711,1741160834.710682,54.68
5712,1741160836.945472,55.05
5713,1741160839.227123,55.41
5714,1741160841.480921,55.78
5715,1741160843.585598,56.15
5716,1741160845.833027,56.51
5717,1741160848.084787,56.87
5718,1741160850.363122,57.24
5719,1741160852.593341,57.61
5720,1741160854.829789,57.97
5721,1741160856.949100,58.33
5722,1741160859.061732,58.70
5723,1741160861.219329,59.06
5724,1741160863.470470,59.43
5725,1741160865.717417,59.79
5726,1741160867.971658,60.15
5727,1741160870.235937,60.52
5728,1741160872.486594,60.88
5729,1741160874.725539,61.24
5730,1741160876.963149,61.61
5731,1741160879.214845,61.97
5732,1741160881.486773,62.33
5733,1741160883.711747,62.70
5734,1741160885.936907,63.06
5735,1741160888.163574,63.43
5736,1741160890.394356,63.79
5737,1741160892.652632,64.16
5738,1741160894.875487,64.52
5739,1741160897.108132,64.88
5740,1741160899.331806,65.25
5741,1741160901.622325,65.61
5742,1741160903.889451,65.98
5743,1741160906.158534,66.34
5744,1741160908.429216,66.71
5745,1741160910.671923,67.07
5746,1741160912.934981,67.44
5747,1741160915.167046,67.80
5748,1741160917.407786,68.17
5749,1741160919.631118,68.53
5750,1741160921.795959,68.90
5751,1741160923.989446,69.26
5752,1741160926.139198,69.62
5753,1741160928.258074,69.99
5754,1741160930.393351,70.35
5755,1741160932.508665,70.71
5756,1741160934.654602,71.08
5757,1741160936.750787,71.44
5758,1741160938.866737,71.81
5759,1741160940.978321,72.17
5760,1741160943.134391,72.54
5761,1741160945.242262,72.90
5762,1741160947.349285,73.27
5763,1741160949.467434,73.63
5764,1741160951.569970,73.99
5765,1741160953.709786,74.36
5766,1741160955.819040,74.72
5767,1741160957.942309,75.09
5768,1741160960.053178,75.45
5769,1741160962.171684,75.82
5770,1741160964.339567,76.18
5771,1741160966.438893,76.55
5772,1741160968.566838,76.91
5773,1741160970.667345,77.28
5774,1741160972.911506,77.64
5775,1741160975.178791,78.01
5776,1741160977.441046,78.37
5777,1741160979.690888,78.74
5778,1741160981.931300,79.10
5779,1741160984.167687,79.47
5780,1741160986.445803,79.83
5781,1741160988.694864,80.20
5782,1741160990.933701,80.56
5783,1741160993.161773,80.93
5784,1741160995.398423,81.30
5785,1741160997.671924,81.66
5786,1741160999.908664,82.03
5787,1741161002.150934,82.39
5788,1741161004.394591,82.76
5789,1741161006.629128,83.12
5790,1741161008.893994,83.49
5791,1741161011.126264,83.85
5792,1741161013.339160,84.22
5793,1741161015.574527,84.58
5794,1741161017.796984,84.95
5795,1741161020.062644,85.31
5796,1741161022.294437,85.68
5797,1741161024.523649,86.04
5798,1741161026.753721,86.41
5799,1741161028.993161,86.77
5800,1741161031.261190,87.14
5801,1741161033.385689,87.51
5802,1741161035.512238,87.87
5803,1741161037.611154,88.24
5804,1741161039.730728,88.60
5805,1741161041.876617,88.97
5806,1741161044.001488,89.33
5807,1741161046.117980,89.70
5808,1741161048.246814,90.06
5809,1741161050.353736,90.43
5810,1741161052.473700,90.78
5811,1741161054.594188,90.94
5812,1741161056.678235,90.60
5813,1741161058.792132,90.24
5814,1741161060.941619,89.88
5815,1741161063.063058,89.51
5816,1741161065.162526,89.15
5817,1741161067.369174,88.78
5818,1741161069.462025,88.42
5819,1741161071.630481,88.05
5820,1741161073.730424,87.69
5821,1741161075.847283,87.32
5822,1741161077.963676,86.96
5823,1741161080.063785,86.59
5824,1741161082.214055,86.23
5825,1741161084.316865,85.86
5826,1741161086.456794,85.50
5827,1741161088.563630,85.13
5828,1741161090.712161,84.77
5829,1741161092.814933,84.40
5830,1741161094.936626,84.04
5831,1741161097.044749,83.67
5832,1741161099.167311,83.30
5833,1741161101.309162,82.94
5834,1741161103.426170,82.57
5835,1741161105.546835,82.21
5836,1741161107.655082,81.84
5837,1741161109.788335,81.48
5838,1741161111.921401,81.11
5839,1741161114.034161,80.75
5840,1741161116.134586,80.38
5841,1741161118.260309,80.02
5842,1741161120.347199,79.65
5843,1741161122.456910,79.29
5844,1741161124.550297,78.92
5845,1741161126.631601,78.56
5846,1741161128.717104,78.19
5847,1741161130.837737,77.83
5848,1741161132.926280,77.46
5849,1741161135.079375,77.10
5850,1741161137.200630,76.73
5851,1741161139.287797,76.37
5852,1741161141.448923,76.00
5853,1741161143.546577,75.64
5854,1741161145.658220,75.27
5855,1741161147.756991,74.91
5856,1741161149.844578,74.54
5857,1741161151.986531,74.18
5858,1741161154.081089,73.81
5859,1741161156.197081,73.45
5860,1741161158.283861,73.08
5861,1741161160.373013,72.72
5862,1741161162.510150,72.35
5863,1741161164.597277,71.99
5864,1741161166.710952,71.62
5865,1741161168.804976,71.26
5866,1741161170.898682,70.89
5867,1741161173.046917,70.53
5868,1741161175.145075,70.17
5869,1741161177.272974,69.80
5870,1741161179.374564,69.44
5871,1741161181.465500,69.08
5872,1741161183.607375,68.71
5873,1741161185.701260,68.35
5874,1741161187.816047,67.98
5875,1741161189.937758,67.62
5876,1741161192.088098,67.25
5877,1741161194.240542,66.89
5878,1741161196.371483,66.53
5879,1741161198.487258,66.16
5880,1741161200.611538,65.80
5881,1741161202.723125,65.43
5882,1741161204.886632,65.07
5883,1741161207.005117,64.70
5884,1741161209.143420,64.34
5885,1741161211.254747,63.97
5886,1741161213.389219,63.61
5887,1741161215.529703,63.24
5888,1741161217.663778,62.88
5889,1741161219.784417,62.52
5890,1741161221.941660,62.15
5891,1741161224.045695,61.79
5892,1741161226.212090,61.42
5893,1741161228.318549,61.06
5894,1741161230.441514,60.71
5895,1741161232.536470,60.34
5896,1741161234.663716,59.97
5897,1741161236.803332,59.61
5898,1741161238.928550,59.25
5899,1741161241.063388,58.88
5900,1741161243.204853,58.52
5901,1741161245.350326,58.15
5902,1741161247.482677,57.79
5903,1741161249.606755,57.42
5904,1741161251.744056,57.06
5905,1741161253.864232,56.69
5906,1741161256.027509,56.33
5907,1741161258.126891,55.96
5908,1741161260.254482,55.60
5909,1741161262.341517,55.23
5910,1741161264.423564,54.87
5911,1741161266.555155,54.50
5912,1741161268.647769,54.14
5913,1741161270.755029,53.77
5914,1741161272.859308,53.41
5915,1741161274.986149,53.04
5916,1741161277.114852,52.68
5917,1741161279.223077,52.31
5918,1741161281.362781,51.95
5919,1741161283.476272,51.58
5920,1741161285.638914,51.21
5921,1741161287.745463,50.85
5922,1741161289.883407,50.50
5923,1741161291.990348,50.14
5924,1741161294.122617,49.77
5925,1741161296.271625,49.41
5926,1741161298.404138,49.04
5927,1741161300.531934,48.68
5928,1741161302.671887,48.31
5929,1741161304.799994,47.95
5930,1741161306.970440,47.58
5931,1741161309.069785,47.22
5932,1741161311.211107,46.85
5933,1741161313.308662,46.49
5934,1741161315.456855,46.12
5935,1741161317.551153,45.76
5936,1741161319.656203,45.40
5937,1741161321.778453,45.03
5938,1741161323.921366,44.67
5939,1741161326.053339,44.30
5940,1741161328.160067,43.94
5941,1741161330.281227,43.57
5942,1741161332.363207,43.20
5943,1741161334.462986,42.84
5944,1741161336.633139,42.47
5945,1741161338.765688,42.11
5946,1741161340.884624,41.74
5947,1741161342.991280,41.38
5948,1741161345.127275,41.01
5949,1741161347.277667,40.65
5950,1741161349.422564,40.28
5951,1741161351.536186,39.92
5952,1741161353.679674,39.55
5953,1741161355.809639,39.19
5954,1741161357.970444,38.82
5955,1741161360.083710,38.46
5956,1741161362.225794,38.10
5957,1741161364.332525,37.73
5958,1741161366.455150,37.37
5959,1741161368.610086,37.00
5960,1741161370.734625,36.64
5961,1741161372.848387,36.27
5962,1741161374.979060,35.91
5963,1741161377.090961,35.54
5964,1741161379.266844,35.18
5965,1741161381.380363,34.81
5966,1741161383.505955,34.45
5967,1741161385.616652,34.08
5968,1741161387.748940,33.72
5969,1741161389.892305,33.36
5970,1741161392.017702,32.99
5971,1741161394.136024,32.63
5972,1741161396.260395,32.26
5973,1741161398.374129,31.90
5974,1741161400.546144,31.53
5975,1741161402.657727,31.17
5976,1741161404.787183,30.80
5977,1741161406.902956,30.44
5978,1741161409.037226,30.07
5979,1741161411.188110,29.71
5980,1741161413.318398,29.35
5981,1741161415.423265,28.98
5982,1741161417.548202,28.62
5983,1741161419.651377,28.25
5984,1741161421.810780,27.89
5985,1741161423.913175,27.53
5986,1741161426.016010,27.17
5987,1741161428.154699,26.80
5988,1741161430.300271,26.44
5989,1741161432.435036,26.07
5990,1741161434.542997,25.71
5991,1741161436.657645,25.34
5992,1741161438.765107,24.98
5993,1741161440.899912,24.61
5994,1741161442.986111,24.25
5995,1741161445.061805,23.88
5996,1741161447.157161,23.52
5997,1741161449.238352,23.15
5998,1741161451.352313,22.79
5999,1741161453.446515,22.42
6000,1741161455.515219,22.06
6001,1741161457.580705,21.69
6002,1741161459.652954,21.33
6003,1741161461.771181,20.96
6004,1741161463.843928,20.60
6005,1741161465.918569,20.23
6006,1741161468.008454,19.87
6007,1741161470.084911,19.50
6008,1741161472.184427,19.14
6009,1741161474.266327,18.77
6010,1741161476.357677,18.41
6011,1741161478.439835,18.04
6012,1741161480.537303,17.68
6013,1741161482.650221,17.31
6014,1741161484.720834,16.95
6015,1741161486.808654,16.59
6016,1741161488.890652,16.23
6017,1741161490.958569,15.86
6018,1741161493.085750,15.50
6019,1741161495.161647,15.13
6020,1741161497.233130,14.77
6021,1741161499.310148,14.40
6022,1741161501.443278,14.04
6023,1741161503.539889,13.68
6024,1741161505.633195,13.31
6025,1741161507.737267,12.94
6026,1741161509.826981,12.58
6027,1741161511.966175,12.21
6028,1741161514.051650,11.85
6029,1741161516.147910,11.48
6030,1741161518.237480,11.12
6031,1741161520.318804,10.75
6032,1741161522.460291,10.39
6033,1741161524.543079,10.02
6034,1741161526.626468,9.66
6035,1741161528.725935,9.29
6036,1741161530.793772,8.93
6037,1741161532.889441,8.56
6038,1741161534.962436,8.20
6039,1741161537.037870,7.83
6040,1741161539.110384,7.47
6041,1741161541.194432,7.10
6042,1741161543.314517,6.74
6043,1741161545.374549,6.37
6044,1741161547.441409,6.01
6045,1741161549.505591,5.64
6046,1741161551.555235,5.27
6047,1741161553.631296,4.91
6048,1741161555.661927,4.54
6049,1741161557.687202,4.18
6050,1741161559.710705,3.82
6051,1741161561.751710,3.46
6052,1741161563.759419,3.10
6053,1741161565.761036,2.74
6054,1741161567.759674,2.38
6055,1741161569.766862,2.02
6056,1741161571.814714,1.68
6057,1741161573.824029,1.34
6058,1741161575.821040,1.00
6059,1741161577.808568,0.64
6060,1741161579.817733,0.34
6061,1741161581.841687,0.25
6062,1741161583.864156,0.13
6063,1741161585.844740,0.00
6064,1741161587.836406,0.41
6065,1741161589.839565,0.83
6066,1741161591.876294,1.25
6067,1741161593.881639,1.66
6068,1741161595.892719,2.08
6069,1741161597.895763,2.49
6070,1741161599.914117,2.91
6071,1741161601.979562,3.32
6072,1741161604.005384,3.74
6073,1741161606.023193,4.15
6074,1741161608.050256,4.57
6075,1741161610.078647,4.98
6076,1741161612.140711,5.40
6077,1741161614.174101,5.81
6078,1741161616.223688,6.23
6079,1741161618.253455,6.64
6080,1741161620.311728,7.06
6081,1741161622.405029,7.47
6082,1741161624.447975,7.89
6083,1741161626.494171,8.30
6084,1741161628.535781,8.72
6085,1741161630.611874,9.13
6086,1741161632.686867,9.55
6087,1741161634.747886,9.96
6088,1741161636.802562,10.38
6089,1741161638.862227,10.79
6090,1741161640.970896,11.21
6091,1741161643.032758,11.62
6092,1741161645.093772,12.04
6093,1741161647.151288,12.45
6094,1741161649.249982,12.87
6095,1741161651.363591,13.28
6096,1741161653.429117,13.70
6097,1741161655.515841,14.11
6098,1741161657.617821,14.52
6099,1741161659.769839,14.93
6100,1741161661.900832,15.35
6101,1741161664.020751,15.76
6102,1741161666.160995,16.18
6103,1741161668.255473,16.59
6104,1741161670.372289,17.01
6105,1741161672.495427,17.42
6106,1741161674.601175,17.84
6107,1741161676.727970,18.25
6108,1741161678.810875,18.67
6109,1741161680.930273,19.08
6110,1741161683.052707,19.50
6111,1741161685.162021,19.91
6112,1741161687.258278,20.33
6113,1741161689.359168,20.74
6114,1741161691.509649,21.16
6115,1741161693.604664,21.57
6116,1741161695.720201,21.99
6117,1741161697.845070,22.40
6118,1741161699.981724,22.81
6119,1741161702.133054,23.23
6120,1741161704.271185,23.64
6121,1741161706.404483,24.05
6122,1741161708.483819,24.46
6123,1741161710.580084,24.88
6124,1741161712.691050,25.29
6125,1741161714.748796,25.71
6126,1741161716.846437,26.12
6127,1741161718.945577,26.54
6128,1741161721.103120,26.95
6129,1741161723.197692,27.37
6130,1741161725.282369,27.78
6131,1741161727.387355,28.20
6132,1741161729.481334,28.61
6133,1741161731.610346,29.03
6134,1741161733.720320,29.44
6135,1741161735.793546,29.86
6136,1741161737.905720,30.27
6137,1741161739.995754,30.69
6138,1741161742.154272,31.10
6139,1741161744.249524,31.52
6140,1741161746.335098,31.93
6141,1741161748.443964,32.35
6142,1741161750.535175,32.76
6143,1741161752.676294,33.18
6144,1741161754.772514,33.59
6145,1741161756.870574,34.01
6146,1741161758.994773,34.42
6147,1741161761.096899,34.84
6148,1741161763.253888,35.25
6149,1741161765.339917,35.66
6150,1741161767.440031,36.08
6151,1741161769.541348,36.49
6152,1741161771.642061,36.91
6153,1741161773.814991,37.32
6154,1741161775.918529,37.74
6155,1741161778.057555,38.15
6156,1741161780.214688,38.57
6157,1741161782.388754,38.98
6158,1741161784.537017,39.39
6159,1741161786.661603,39.81
6160,1741161788.778511,40.22
6161,1741161790.902357,40.64
6162,1741161793.014455,41.05
6163,1741161795.204031,41.47
6164,1741161797.332074,41.88
6165,1741161799.467592,42.30
6166,1741161801.583042,42.71
6167,1741161803.721242,43.13
6168,1741161805.872155,43.54
6169,1741161807.999642,43.95
6170,1741161810.121113,44.37
6171,1741161812.241181,44.78
6172,1741161814.364457,45.20
6173,1741161816.545317,45.62
6174,1741161818.648063,46.03
6175,1741161820.765269,46.44
6176,1741161822.863270,46.86
6177,1741161825.116604,47.27
6178,1741161827.440042,47.69
6179,1741161829.689773,48.09
6180,1741161831.940446,48.51
6181,1741161834.197916,48.92
6182,1741161836.474724,49.33
6183,1741161838.749748,49.75
6184,1741161841.013826,50.16
6185,1741161843.255874,50.58
6186,1741161845.497509,50.99
6187,1741161847.752339,51.40
6188,1741161849.957413,51.82
6189,1741161852.079874,52.23
6190,1741161854.177827,52.65
6191,1741161856.265978,53.06
6192,1741161858.411766,53.48
6193,1741161860.515476,53.89
6194,1741161862.644728,54.31
6195,1741161864.747605,54.72
6196,1741161866.894985,55.14
6197,1741161868.989426,55.55
6198,1741161871.132221,55.97
6199,1741161873.266461,56.38
6200,1741161875.396973,56.80
6201,1741161877.669288,57.21
6202,1741161879.905319,57.63
6203,1741161882.104325,58.04
6204,1741161884.469980,58.46
6205,1741161886.832762,58.88
6206,1741161889.044393,59.29
6207,1741161891.239378,59.71
6208,1741161893.396109,60.12
6209,1741161895.799869,60.54
6210,1741161898.110737,60.95
6211,1741161900.418109,61.37
6212,1741161902.723074,61.78
6213,1741161905.037253,62.20
6214,1741161907.335882,62.61
6215,1741161909.575451,63.03
6216,1741161911.716033,63.44
6217,1741161914.061126,63.86
6218,1741161916.545881,64.27
6219,1741161918.909853,64.69
6220,1741161921.268013,65.10
6221,1741161923.545121,65.52
6222,1741161925.859508,65.93
6223,1741161928.139203,66.35
6224,1741161930.412187,66.76
6225,1741161932.707571,67.18
6226,1741161934.964690,67.59
6227,1741161937.209285,68.01
6228,1741161939.468194,68.42
6229,1741161941.720991,68.84
6230,1741161944.004300,69.25
6231,1741161946.241888,69.67
6232,1741161948.351751,70.08
6233,1741161950.491039,70.50
6234,1741161952.620886,70.91
6235,1741161954.777172,71.33
6236,1741161956.885530,71.74
6237,1741161959.158901,72.16
6238,1741161961.326281,72.57
6239,1741161963.453970,72.99
6240,1741161965.626479,73.40
6241,1741161967.736608,73.82
6242,1741161969.881575,74.23
6243,1741161971.993366,74.65
6244,1741161974.124634,75.06
6245,1741161976.269660,75.48
6246,1741161978.404569,75.89
6247,1741161980.511845,76.30
6248,1741161982.649155,76.72
6249,1741161984.753479,77.13
6250,1741161986.922613,77.55
6251,1741161989.054540,77.96
6252,1741161991.186448,78.38
6253,1741161993.306902,78.79
6254,1741161995.436427,79.21
6255,1741161997.593906,79.62
6256,1741161999.732552,80.04
6257,1741162001.840178,80.45
6258,1741162003.975358,80.87
6259,1741162006.099878,81.28
6260,1741162008.270284,81.70
6261,1741162010.378435,82.11
6262,1741162012.520135,82.53
6263,1741162014.625427,82.94
6264,1741162016.748254,83.36
6265,1741162018.926282,83.77
6266,1741162021.076943,84.19
6267,1741162023.190882,84.60
6268,1741162025.327734,85.02
6269,1741162027.473660,85.43
6270,1741162029.617505,85.85
6271,1741162031.741801,86.26
6272,1741162033.875216,86.68
6273,1741162035.990756,87.09
6274,1741162038.162427,87.51
6275,1741162040.286325,87.92
6276,1741162042.435387,88.34
6277,1741162044.554371,88.75
6278,1741162046.683782,89.17
6279,1741162048.815067,89.58
6280,1741162050.936351,90.00
6281,1741162053.036999,90.41
6282,1741162055.165993,90.83
6283,1741162057.303704,91.24
6284,1741162059.440274,91.66
6285,1741162061.546542,92.08
6286,1741162063.677051,92.49
6287,1741162065.792769,92.91
6288,1741162067.928866,93.32
6289,1741162070.041664,93.74
6290,1741162072.143024,94.15
6291,1741162074.249495,94.57
6292,1741162076.340630,94.98
6293,1741162078.481504,95.40
6294,1741162080.630569,95.81
6295,1741162082.789611,96.23
6296,1741162084.900376,96.64
6297,1741162086.998281,97.06
6298,1741162089.152895,97.47
6299,1741162091.245903,97.89
6300,1741162093.360500,98.30
6301,1741162095.455164,98.72
6302,1741162097.601992,99.13
6303,1741162099.693012,99.55
6304,1741162101.786312,99.96
6305,1741162103.917826,100.38
6306,1741162106.023851,100.79
6307,1741162108.190477,101.21
6308,1741162110.304877,101.62
6309,1741162112.438048,102.04
6310,1741162114.538212,102.46
6311,1741162116.669423,102.87
6312,1741162118.820875,103.29
6313,1741162120.952245,103.49
6314,1741162123.062776,103.08
6315,1741162125.202909,102.66
6316,1741162127.314922,102.25
6317,1741162129.475326,101.83
6318,1741162131.595323,101.42
6319,1741162133.725270,101.00
6320,1741162135.836027,100.59
6321,1741162137.970644,100.17
6322,1741162140.148540,99.76
6323,1741162142.305958,99.34
6324,1741162144.417320,98.93
6325,1741162146.557184,98.51
6326,1741162148.676249,98.10
6327,1741162150.831951,97.68
6328,1741162152.956415,97.27
6329,1741162155.080941,96.85
6330,1741162157.195296,96.43
6331,1741162159.341446,96.02
6332,1741162161.462153,95.60
6333,1741162163.565916,95.19
6334,1741162165.656270,94.77
6335,1741162167.740026,94.36
6336,1741162169.858220,93.94
6337,1741162171.973678,93.53
6338,1741162174.086675,93.11
6339,1741162176.178719,92.70
6340,1741162178.266331,92.28
6341,1741162180.374683,91.87
6342,1741162182.492867,91.45
6343,1741162184.611018,91.04
6344,1741162186.706122,90.62
6345,1741162188.791207,90.21
6346,1741162190.916421,89.79
6347,1741162193.069131,89.38
6348,1741162195.206004,88.96
6349,1741162197.318682,88.55
6350,1741162199.473947,88.13
6351,1741162201.590097,87.72
6352,1741162203.747239,87.30
6353,1741162205.856809,86.89
6354,1741162207.991602,86.47
6355,1741162210.111560,86.06
6356,1741162212.287138,85.64
6357,1741162214.395159,85.23
6358,1741162216.540276,84.81
6359,1741162218.650401,84.40
6360,1741162220.766555,83.98
6361,1741162222.903082,83.57
6362,1741162225.030559,83.15
6363,1741162227.132034,82.74
6364,1741162229.262166,82.32
6365,1741162231.361721,81.91
6366,1741162233.521766,81.49
6367,1741162235.638692,81.08
6368,1741162237.746929,80.66
6369,1741162239.877914,80.25
6370,1741162242.021876,79.83
6371,1741162244.154094,79.42
6372,1741162246.237918,79.00
6373,1741162248.322148,78.59
6374,1741162250.432637,78.17
6375,1741162252.551174,77.76
6376,1741162254.649047,77.34
6377,1741162256.744665,76.93
6378,1741162258.868806,76.51
6379,1741162260.986937,76.10
6380,1741162263.120183,75.68
6381,1741162265.235089,75.27
6382,1741162267.328177,74.85
6383,1741162269.423382,74.44
6384,1741162271.527470,74.02
6385,1741162273.681923,73.61
6386,1741162275.798808,73.19
6387,1741162277.919038,72.78
6388,1741162280.023212,72.36
6389,1741162282.152815,71.95
6390,1741162284.292396,71.53
6391,1741162286.400060,71.12
6392,1741162288.554768,70.70
6393,1741162290.671413,70.29
6394,1741162292.855148,69.87
6395,1741162294.957513,69.46
6396,1741162297.078770,69.04
6397,1741162299.195137,68.63
6398,1741162301.294106,68.21
6399,1741162303.440964,67.80
6400,1741162305.528536,67.38
6401,1741162307.627541,66.97
6402,1741162309.718550,66.55
6403,1741162311.801939,66.14
6404,1741162313.932070,65.72
6405,1741162316.024476,65.31
6406,1741162318.141260,64.89
6407,1741162320.240067,64.48
6408,1741162322.340675,64.06
6409,1741162324.484181,63.65
6410,1741162326.565568,63.23
6411,1741162328.659450,62.82
6412,1741162330.759562,62.40
6413,1741162332.841877,61.99
6414,1741162334.972034,61.57
6415,1741162337.079737,61.16
6416,1741162339.164383,60.74
6417,1741162341.258292,60.33
6418,1741162343.359513,59.91
6419,1741162345.489546,59.50
6420,1741162347.608613,59.08
6421,1741162349.699285,58.67
6422,1741162351.782017,58.25
6423,1741162353.876540,57.84
6424,1741162356.016548,57.42
6425,1741162358.134542,57.01
6426,1741162360.237978,56.59
6427,1741162362.328997,56.18
6428,1741162364.439890,55.76
6429,1741162366.574083,55.35
6430,1741162368.676134,54.93
6431,1741162370.767736,54.51
6432,1741162372.856493,54.10
6433,1741162374.958030,53.68
6434,1741162377.093012,53.27
6435,1741162379.240541,52.85
6436,1741162381.342561,52.44
6437,1741162383.457424,52.02
6438,1741162385.551746,51.61
6439,1741162387.671420,51.20
6440,1741162389.784336,50.79
6441,1741162391.883417,50.37
6442,1741162393.995744,49.96
6443,1741162396.122338,49.54
6444,1741162398.218764,49.13
6445,1741162400.341437,48.71
6446,1741162402.448149,48.30
6447,1741162404.587711,47.89
6448,1741162406.719930,47.48
6449,1741162408.835080,47.07
6450,1741162410.939433,46.65
6451,1741162413.041316,46.24
6452,1741162415.162874,45.82
6453,1741162417.301961,45.41
6454,1741162419.404210,44.99
6455,1741162421.519323,44.58
6456,1741162423.654626,44.16
6457,1741162425.793892,43.75
6458,1741162427.914938,43.33
6459,1741162430.015318,42.92
6460,1741162432.109875,42.50
6461,1741162434.224502,42.09
6462,1741162436.351540,41.68
6463,1741162438.486664,41.26
6464,1741162440.579972,40.85
6465,1741162442.694921,40.43
6466,1741162444.792789,40.02
6467,1741162446.917223,39.60
6468,1741162449.029599,39.19
6469,1741162451.115982,38.77
6470,1741162453.216552,38.36
6471,1741162455.336563,37.94
6472,1741162457.470060,37.53
6473,1741162459.599013,37.11
6474,1741162461.691455,36.70
6475,1741162463.799268,36.29
6476,1741162465.936157,35.87
6477,1741162468.047020,35.46
6478,1741162470.168693,35.04
6479,1741162472.257813,34.63
6480,1741162474.372457,34.22
6481,1741162476.499076,33.80
6482,1741162478.587238,33.39
6483,1741162480.699635,32.97
6484,1741162482.791438,32.56
6485,1741162484.906353,32.14
6486,1741162487.049987,31.73
6487,1741162489.151000,31.31
6488,1741162491.266765,30.89
6489,1741162493.368223,30.48
6490,1741162495.483280,30.06
6491,1741162497.611295,29.65
6492,1741162499.746107,29.23
6493,1741162501.879048,28.82
6494,1741162503.991132,28.40
6495,1741162506.122041,27.99
6496,1741162508.251225,27.57
6497,1741162510.368909,27.16
6498,1741162512.457684,26.74
6499,1741162514.545723,26.33
6500,1741162516.671019,25.91
6501,1741162518.803160,25.50
6502,1741162520.925811,25.08
6503,1741162523.018931,24.67
6504,1741162525.137474,24.26
6505,1741162527.243861,23.84
6506,1741162529.375406,23.43
6507,1741162531.490570,23.02
6508,1741162533.605356,22.60
6509,1741162535.744525,22.20
6510,1741162537.855398,21.78
6511,1741162540.007593,21.37
6512,1741162542.105734,20.95
6513,1741162544.220242,20.54
6514,1741162546.331504,20.12
6515,1741162548.418758,19.70
6516,1741162550.580235,19.29
6517,1741162552.680890,18.88
6518,1741162554.779511,18.46
6519,1741162556.889635,18.04
6520,1741162559.003343,17.63
6521,1741162561.152491,17.21
6522,1741162563.261773,16.80
6523,1741162565.365538,16.39
6524,1741162567.466949,15.97
6525,1741162569.552221,15.56
6526,1741162571.712272,15.14
6527,1741162573.814201,14.73
6528,1741162575.931050,14.32
6529,1741162578.044067,13.91
6530,1741162580.155187,13.49
6531,1741162582.278799,13.08
6532,1741162584.372530,12.66
6533,1741162586.478439,12.25
6534,1741162588.567259,11.83
6535,1741162590.646845,11.42
6536,1741162592.782420,11.00
6537,1741162594.854912,10.59
6538,1741162596.946725,10.17
6539,1741162599.026573,9.76
6540,1741162601.099623,9.34
6541,1741162603.209599,8.93
6542,1741162605.300766,8.51
6543,1741162607.348317,8.10
6544,1741162609.393848,7.68
6545,1741162611.436692,7.26
6546,1741162613.531517,6.85
6547,1741162615.583856,6.43
6548,1741162617.662607,6.02
6549,1741162619.734341,5.60
6550,1741162621.815256,5.19
6551,1741162623.897371,4.77
6552,1741162625.923555,4.36
6553,1741162627.956425,3.94
6554,1741162629.984533,3.53
6555,1741162632.072852,3.11
6556,1741162634.118577,2.70
6557,1741162636.119299,2.28
6558,1741162638.119212,1.87
6559,1741162640.109354,1.45
6560,1741162642.133370,1.04
6561,1741162644.118943,0.62
6562,1741162646.114114,0.21
6563,1741162648.101143,0.04
6564,1741162650.096950,0.19
6565,1741162652.125858,0.34
6566,1741162654.126905,0.42
6567,1741162656.128047,0.79
6568,1741162658.132221,1.18
6569,1741162660.143886,1.58
6570,1741162662.192473,1.96
6571,1741162664.195493,2.37
6572,1741162666.210587,2.78
6573,1741162668.217353,3.19
6574,1741162670.238547,3.60
6575,1741162672.296822,4.01
6576,1741162674.326218,4.43
6577,1741162676.377833,4.85
6578,1741162678.433767,5.26
6579,1741162680.532344,5.68
6580,1741162682.617915,6.10
6581,1741162684.659714,6.51
6582,1741162686.715095,6.93
6583,1741162688.749086,7.35
6584,1741162690.818782,7.77
6585,1741162692.903066,8.18
6586,1741162694.946753,8.60
6587,1741162696.999926,9.02
6588,1741162699.046709,9.43
6589,1741162701.128181,9.85
6590,1741162703.216793,10.27
6591,1741162705.267628,10.68
6592,1741162707.340471,11.10
6593,1741162709.419319,11.52
6594,1741162711.486164,11.94
6595,1741162713.574593,12.35
6596,1741162715.638928,12.77
6597,1741162717.715605,13.19
6598,1741162719.783689,13.60
6599,1741162721.843520,14.02
6600,1741162723.968704,14.43
6601,1741162726.034797,14.85
6602,1741162728.107908,15.27
6603,1741162730.187835,15.68
6604,1741162732.288723,16.10
6605,1741162734.399740,16.52
6606,1741162736.509053,16.93
6607,1741162738.613815,17.34
6608,1741162740.803482,17.76
6609,1741162742.922174,18.18
6610,1741162745.085363,18.59
6611,1741162747.191662,19.01
6612,1741162749.326830,19.43
6613,1741162751.436394,19.84
6614,1741162753.573815,20.26
6615,1741162755.707799,20.68
6616,1741162757.836725,21.09
6617,1741162759.939294,21.51
6618,1741162762.067020,21.93
6619,1741162764.173110,22.35
6620,1741162766.316204,22.76
6621,1741162768.423126,23.18
6622,1741162770.527396,23.59
6623,1741162772.607517,24.01
6624,1741162774.742484,24.43
6625,1741162776.874183,24.84
6626,1741162778.995574,25.26
6627,1741162781.102260,25.68
6628,1741162783.247262,26.09
6629,1741162785.352808,26.51
6630,1741162787.535708,26.93
6631,1741162789.634450,27.34
6632,1741162791.769561,27.75
6633,1741162793.877966,28.17
6634,1741162796.015705,28.59
6635,1741162798.172757,29.00
6636,1741162800.311501,29.42
6637,1741162802.453957,29.83
6638,1741162804.590749,30.25
6639,1741162806.720924,30.67
6640,1741162808.864307,31.08
6641,1741162810.977643,31.50
6642,1741162813.071661,31.91
6643,1741162815.165937,32.33
6644,1741162817.307775,32.75
6645,1741162819.387327,33.16
6646,1741162821.466475,33.58
6647,1741162823.578971,34.00
6648,1741162825.664127,34.41
6649,1741162827.788470,34.83
6650,1741162829.877409,35.24
6651,1741162831.973828,35.66
6652,1741162834.084301,36.08
6653,1741162836.225468,36.49
6654,1741162838.378281,36.91
6655,1741162840.515894,37.33
6656,1741162842.627679,37.74
6657,1741162844.747194,38.16
6658,1741162846.866661,38.58
6659,1741162849.044022,38.99
6660,1741162851.183534,39.41
6661,1741162853.323995,39.82
6662,1741162855.403709,40.24
6663,1741162857.504911,40.66
6664,1741162859.688968,41.07
6665,1741162861.824334,41.49
6666,1741162863.935391,41.91
6667,1741162866.030555,42.32
6668,1741162868.131016,42.74
6669,1741162870.248744,43.16
6670,1741162872.394017,43.58
6671,1741162874.514564,43.99
6672,1741162876.647893,44.41
6673,1741162878.777131,44.83
6674,1741162880.947840,45.24
6675,1741162883.095974,45.66
6676,1741162885.212514,46.08
6677,1741162887.359842,46.50
6678,1741162889.479473,46.91
6679,1741162891.639282,47.33
6680,1741162893.778696,47.75
6681,1741162895.895927,48.16
6682,1741162898.015563,48.58
6683,1741162900.134923,49.00
6684,1741162902.323654,49.41
6685,1741162904.451977,49.83
6686,1741162906.596856,50.24
6687,1741162908.709774,50.67
6688,1741162910.883352,51.08
6689,1741162913.017626,51.50
6690,1741162915.142434,51.92
6691,1741162917.253070,52.33
6692,1741162919.416916,52.75
6693,1741162921.589801,53.16
6694,1741162923.712186,53.58
6695,1741162925.840503,54.00
6696,1741162927.960911,54.41
6697,1741162930.082900,54.83
6698,1741162932.255994,55.25
6699,1741162934.348331,55.67
6700,1741162936.486529,56.08
6701,1741162938.597276,56.50
6702,1741162940.754256,56.92
6703,1741162942.862899,57.33
6704,1741162944.988317,57.75
6705,1741162947.107009,58.17
6706,1741162949.245358,58.58
6707,1741162951.386900,59.00
6708,1741162953.520973,59.41
6709,1741162955.653312,59.83
6710,1741162957.764322,60.25
6711,1741162959.865789,60.67
6712,1741162962.021938,61.08
6713,1741162964.125819,61.50
6714,1741162966.246987,61.91
6715,1741162968.337287,62.33
6716,1741162970.464357,62.75
6717,1741162972.631076,63.17
6718,1741162974.727403,63.58
6719,1741162976.850414,64.00
6720,1741162978.971068,64.42
6721,1741162981.156985,64.83
6722,1741162983.300087,65.25
6723,1741162985.404641,65.67
6724,1741162987.521098,66.08
6725,1741162989.668063,66.50
6726,1741162991.849249,66.92
6727,1741162993.967577,67.34
6728,1741162996.136425,67.75
6729,1741162998.224607,68.17
6730,1741163000.340244,68.59
6731,1741163002.500865,69.00
6732,1741163004.627250,69.42
6733,1741163006.767010,69.84
6734,1741163008.877574,70.25
6735,1741163010.973459,70.67
6736,1741163013.115062,71.09
6737,1741163015.234131,71.50
6738,1741163017.350105,71.92
6739,1741163019.432899,72.34
6740,1741163021.576343,72.75
6741,1741163023.693829,73.17
6742,1741163025.806208,73.59
6743,1741163027.932351,74.00
6744,1741163030.071773,74.42
6745,1741163032.201240,74.84
6746,1741163034.376533,75.25
6747,1741163036.496252,75.67
6748,1741163038.649806,76.09
6749,1741163040.794781,76.50
6750,1741163042.935346,76.92
6751,1741163045.063456,77.34
6752,1741163047.206614,77.76
6753,1741163049.318745,78.17
6754,1741163051.434968,78.59
6755,1741163053.527343,79.01
6756,1741163055.659436,79.42
6757,1741163057.812794,79.84
6758,1741163059.929049,80.26
6759,1741163062.044304,80.67
6760,1741163064.152063,81.09
6761,1741163066.292078,81.51
6762,1741163068.393567,81.92
6763,1741163070.477259,82.34
6764,1741163072.589766,82.76
6765,1741163074.674827,83.17
6766,1741163076.835852,83.59
6767,1741163078.947917,84.01
6768,1741163081.058153,84.42
6769,1741163083.194782,84.84
6770,1741163085.304856,85.26
6771,1741163087.442621,85.67
6772,1741163089.544897,86.09
6773,1741163091.669181,86.50
6774,1741163093.784725,86.92
6775,1741163095.945361,87.34
6776,1741163098.069268,87.76
6777,1741163100.216351,88.17
6778,1741163102.342938,88.59
6779,1741163104.485988,89.01
6780,1741163106.625009,89.42
6781,1741163108.745602,89.84
6782,1741163110.849110,90.26
6783,1741163112.974769,90.67
6784,1741163115.091281,91.09
6785,1741163117.234605,91.51
6786,1741163119.374962,91.92
6787,1741163121.477543,92.34
6788,1741163123.598267,92.76
6789,1741163125.749205,93.17
6790,1741163127.878480,93.59
6791,1741163129.989168,94.01
6792,1741163132.125269,94.42
6793,1741163134.236249,94.84
6794,1741163136.389067,95.26
6795,1741163138.490948,95.68
6796,1741163140.610366,96.09
6797,1741163142.716619,96.51
6798,1741163144.819670,96.93
6799,1741163146.968973,97.34
6800,1741163149.050848,97.76
6801,1741163151.156501,98.18
6802,1741163153.252968,98.60
6803,1741163155.340678,99.01
6804,1741163157.486954,99.43
6805,1741163159.625423,99.85
6806,1741163161.741171,100.26
6807,1741163163.833736,100.68
6808,1741163165.986938,101.10
6809,1741163168.074653,101.51
6810,1741163170.169718,101.93
6811,1741163172.290599,102.35
6812,1741163174.361537,102.77
6813,1741163176.509633,103.18
6814,1741163178.599833,103.60
6815,1741163180.679342,103.80
6816,1741163182.781785,103.39
6817,1741163184.879923,102.97
6818,1741163187.010753,102.56
6819,1741163189.123341,102.14
6820,1741163191.199731,101.72
6821,1741163193.277855,101.31
6822,1741163195.403474,100.89
6823,1741163197.526015,100.47
6824,1741163199.633862,100.06
6825,1741163201.731122,99.64
6826,1741163203.816840,99.22
6827,1741163205.933281,98.80
6828,1741163208.053044,98.39
6829,1741163210.155149,97.97
6830,1741163212.246903,97.55
6831,1741163214.324337,97.14
6832,1741163216.426347,96.72
6833,1741163218.580279,96.30
6834,1741163220.697237,95.88
6835,1741163222.804971,95.47
6836,1741163224.883548,95.05
6837,1741163226.999235,94.63
6838,1741163229.124068,94.22
6839,1741163231.233055,93.80
6840,1741163233.329150,93.38
6841,1741163235.405315,92.97
6842,1741163237.488236,92.55
6843,1741163239.599473,92.13
6844,1741163241.732380,91.72
6845,1741163243.830188,91.30
6846,1741163245.944776,90.88
6847,1741163248.085906,90.46
6848,1741163250.269090,90.05
6849,1741163252.394821,89.63
6850,1741163254.485738,89.21
6851,1741163256.589098,88.80
6852,1741163258.675893,88.38
6853,1741163260.839281,87.96
6854,1741163262.954023,87.55
6855,1741163265.060240,87.13
6856,1741163267.196992,86.71
6857,1741163269.314819,86.30
6858,1741163271.471404,85.88
6859,1741163273.590107,85.46
6860,1741163275.723760,85.05
6861,1741163277.835656,84.63
6862,1741163280.034137,84.21
6863,1741163282.180779,83.80
6864,1741163284.292392,83.38
6865,1741163286.431034,82.96
6866,1741163288.554757,82.55
6867,1741163290.694201,82.13
6868,1741163292.808011,81.71
6869,1741163294.905858,81.30
6870,1741163297.030793,80.88
6871,1741163299.134988,80.47
6872,1741163301.271780,80.05
6873,1741163303.371054,79.63
6874,1741163305.462896,79.21
6875,1741163307.552186,78.80
6876,1741163309.706431,78.38
6877,1741163311.811330,77.96
6878,1741163313.955038,77.55
6879,1741163316.057149,77.13
6880,1741163318.175798,76.71
6881,1741163320.309606,76.30
6882,1741163322.434207,75.88
6883,1741163324.521531,75.46
6884,1741163326.615003,75.05
6885,1741163328.736706,74.63
6886,1741163330.872719,74.21
6887,1741163333.007734,73.80
6888,1741163335.123228,73.38
6889,1741163337.246747,72.96
6890,1741163339.408350,72.55
6891,1741163341.580987,72.13
6892,1741163343.706433,71.71
6893,1741163345.849261,71.30
6894,1741163347.977405,70.88
6895,1741163350.113409,70.46
6896,1741163352.209212,70.05
6897,1741163354.331421,69.63
6898,1741163356.421135,69.21
6899,1741163358.506059,68.79
6900,1741163360.651769,68.38
6901,1741163362.731639,67.96
6902,1741163364.850338,67.54
6903,1741163366.930764,67.13
6904,1741163369.022506,66.71
6905,1741163371.153831,66.29
6906,1741163373.234096,65.88
6907,1741163375.354742,65.46
6908,1741163377.455556,65.04
6909,1741163379.719091,64.62
6910,1741163382.010869,64.21
6911,1741163384.269622,63.79
6912,1741163386.534981,63.37
6913,1741163388.793493,62.96
6914,1741163391.042092,62.54
6915,1741163393.323550,62.12
6916,1741163395.558347,61.71
6917,1741163397.807761,61.29
6918,1741163400.085215,60.87
6919,1741163402.352170,60.46
6920,1741163404.660910,60.04
6921,1741163406.887720,59.62
6922,1741163409.132339,59.21
6923,1741163411.379249,58.79
6924,1741163413.621355,58.37
6925,1741163415.890313,57.96
6926,1741163418.006981,57.54
6927,1741163420.106847,57.12
6928,1741163422.201406,56.71
6929,1741163424.312438,56.29
6930,1741163426.441326,55.88
6931,1741163428.554957,55.46
6932,1741163430.659081,55.04
6933,1741163432.768836,54.62
6934,1741163434.891175,54.21
6935,1741163437.028626,53.79
6936,1741163439.154667,53.37
6937,1741163441.276483,52.96
6938,1741163443.410567,52.54
6939,1741163445.514516,52.12
6940,1741163447.666370,51.71
6941,1741163449.756472,51.29
6942,1741163451.839302,50.87
6943,1741163453.941939,50.46
6944,1741163456.042002,50.03
6945,1741163458.208820,49.62
6946,1741163460.328043,49.20
6947,1741163462.451079,48.79
6948,1741163464.548901,48.37
6949,1741163466.705871,47.95
6950,1741163468.813781,47.54
6951,1741163470.914880,47.12
6952,1741163473.026379,46.70
6953,1741163475.139776,46.29
6954,1741163477.299651,45.87
6955,1741163479.397612,45.45
6956,1741163481.512656,45.04
6957,1741163483.608240,44.62
6958,1741163485.692562,44.20
6959,1741163487.831472,43.79
6960,1741163489.926038,43.37
6961,1741163492.043130,42.95
6962,1741163494.152243,42.53
6963,1741163496.319122,42.12
6964,1741163498.422783,41.70
6965,1741163500.520487,41.28
6966,1741163502.635401,40.87
6967,1741163504.731239,40.45
6968,1741163506.881634,40.03
6969,1741163508.973836,39.62
6970,1741163511.075108,39.20
6971,1741163513.188638,38.78
6972,1741163515.288998,38.37
6973,1741163517.455009,37.95
6974,1741163519.583220,37.53
6975,1741163521.702537,37.12
6976,1741163523.798908,36.70
6977,1741163525.921222,36.28
6978,1741163528.070667,35.87
6979,1741163530.169563,35.45
6980,1741163532.287329,35.04
6981,1741163534.381026,34.62
6982,1741163536.535663,34.20
6983,1741163538.630312,33.79
6984,1741163540.733138,33.37
6985,1741163542.844847,32.96
6986,1741163544.953642,32.54
6987,1741163547.110052,32.12
6988,1741163549.234097,31.71
6989,1741163551.367273,31.29
6990,1741163553.480520,30.87
6991,1741163555.589430,30.46
6992,1741163557.746116,30.04
6993,1741163559.872063,29.63
6994,1741163561.996481,29.21
6995,1741163564.119130,28.79
6996,1741163566.223153,28.38
6997,1741163568.370256,27.96
6998,1741163570.501122,27.55
6999,1741163572.594546,27.13
7000,1741163574.713790,26.72
7001,1741163576.800385,26.30
7002,1741163578.980555,25.89
7003,1741163581.101910,25.47
7004,1741163583.223899,25.05
7005,1741163585.317104,24.63
7006,1741163587.414224,24.22
7007,1741163589.571157,23.80
7008,1741163591.667211,23.38
7009,1741163593.759539,22.97
7010,1741163595.861326,22.55
7011,1741163597.946264,22.14
7012,1741163600.050697,21.72
7013,1741163602.141813,21.30
7014,1741163604.218210,20.89
7015,1741163606.289747,20.47
7016,1741163608.403995,20.05
7017,1741163610.511827,19.63
7018,1741163612.582531,19.22
7019,1741163614.663083,18.80
7020,1741163616.736057,18.39
7021,1741163618.808198,17.97
7022,1741163620.945103,17.55
7023,1741163623.027207,17.14
7024,1741163625.112323,16.72
7025,1741163627.213473,16.31
7026,1741163629.286752,15.89
7027,1741163631.378995,15.48
7028,1741163633.463594,15.06
7029,1741163635.536230,14.64
7030,1741163637.599191,14.23
7031,1741163639.700910,13.81
7032,1741163641.846241,13.39
7033,1741163643.927464,12.98
7034,1741163645.982108,12.56
7035,1741163648.073615,12.14
7036,1741163650.140165,11.73
7037,1741163652.224916,11.31
7038,1741163654.342088,10.89
7039,1741163656.420896,10.48
7040,1741163658.487960,10.06
7041,1741163660.559349,9.64
7042,1741163662.668105,9.23
7043,1741163664.714033,8.81
7044,1741163666.753739,8.39
7045,1741163668.793768,7.97
7046,1741163670.894819,7.56
7047,1741163672.974905,7.14
7048,1741163675.022701,6.72
7049,1741163677.060179,6.31
7050,1741163679.091596,5.89
7051,1741163681.122373,5.47
7052,1741163683.238691,5.05
7053,1741163685.293302,4.64
7054,1741163687.322364,4.22
7055,1741163689.345050,3.81
7056,1741163691.368592,3.40
7057,1741163693.439718,2.98
7058,1741163695.459003,2.58
7059,1741163697.468476,2.17
7060,1741163699.521588,1.76
7061,1741163701.528386,1.38
7062,1741163703.565667,0.99
7063,1741163705.557777,0.59
7064,1741163707.542330,0.32
7065,1741163709.541984,0.34
7066,1741163711.552070,0.34
7067,1741163713.643609,0.34
7068,1741163715.685174,0.34
7069,1741163717.728977,0.34
7070,1741163719.804997,0.34
7071,1741163721.827659,0.34
7072,1741163723.896384,0.34
7073,1741163725.910211,0.34
7074,1741163727.918420,0.34
7075,1741163729.937630,0.34
7076,1741163731.941665,0.34
7077,1741163733.980515,0.34
7078,1741163735.995919,0.34
7079,1741163738.028250,0.34
7080,1741163740.061985,0.34
7081,1741163742.089016,0.34
7082,1741163744.174211,0.34
7083,1741163746.198558,0.34
7084,1741163748.220399,0.34
7085,1741163750.240014,0.34
7086,1741163752.241978,0.34
7087,1741163754.303043,0.34
7088,1741163756.304538,0.36
7089,1741163758.358784,0.59
7090,1741163760.441757,0.88
7091,1741163762.479760,1.18
7092,1741163764.530446,1.47
7093,1741163766.543886,1.76
7094,1741163768.568706,2.06
7095,1741163770.593021,2.36
7096,1741163772.612234,2.67
7097,1741163774.680231,2.97
7098,1741163776.710779,3.28
7099,1741163778.771515,3.59
7100,1741163780.806148,3.89
7101,1741163782.830678,4.20
7102,1741163784.901524,4.51
7103,1741163786.932208,4.82
7104,1741163788.962795,5.13
7105,1741163791.001658,5.44
7106,1741163793.059319,5.76
7107,1741163795.134876,6.07
7108,1741163797.182989,6.38
7109,1741163799.225150,6.69
7110,1741163801.279214,7.00
7111,1741163803.348598,7.31
7112,1741163805.433010,7.63
7113,1741163807.478114,7.94
7114,1741163809.536635,8.25
7115,1741163811.601068,8.56
7116,1741163813.658426,8.87
7117,1741163815.746009,9.18
7118,1741163817.801574,9.49
7119,1741163819.892429,9.80
7120,1741163821.991055,10.12
7121,1741163824.068096,10.43
7122,1741163826.173783,10.74
7123,1741163828.246087,11.05
7124,1741163830.324489,11.36
7125,1741163832.389197,11.67
7126,1741163834.448035,11.98
7127,1741163836.581585,12.29
7128,1741163838.669375,12.61
7129,1741163840.773583,12.92
7130,1741163842.865415,13.23
7131,1741163844.942423,13.54
7132,1741163847.083520,13.85
7133,1741163849.171811,14.16
7134,1741163851.283409,14.47
7135,1741163853.373016,14.77
7136,1741163855.468814,15.08
7137,1741163857.602415,15.40
7138,1741163859.680438,15.71
7139,1741163861.744653,16.02
7140,1741163863.820771,16.33
7141,1741163865.924266,16.64
7142,1741163868.035392,16.95
7143,1741163870.119452,17.26
7144,1741163872.209574,17.57
7145,1741163874.299705,17.88
7146,1741163876.381510,18.20
7147,1741163878.534484,18.51
7148,1741163880.611730,18.82
7149,1741163882.728253,19.13
7150,1741163884.814925,19.44
7151,1741163886.876903,19.75
7152,1741163889.009762,20.06
7153,1741163891.087095,20.38
7154,1741163893.181489,20.69
7155,1741163895.282585,21.00
7156,1741163897.355617,21.31
7157,1741163899.462995,21.62
7158,1741163901.571712,21.93
7159,1741163903.658758,22.24
7160,1741163905.738474,22.55
7161,1741163907.859696,22.86
7162,1741163909.922935,23.17
7163,1741163911.996077,23.48
7164,1741163914.085152,23.79
7165,1741163916.169923,24.10
7166,1741163918.280499,24.41
7167,1741163920.375485,24.72
7168,1741163922.458741,25.03
7169,1741163924.531631,25.34
7170,1741163926.637276,25.65
7171,1741163928.758850,25.96
7172,1741163930.878819,26.27
7173,1741163932.978779,26.58
7174,1741163935.070667,26.89
7175,1741163937.177229,27.21
7176,1741163939.338734,27.52
7177,1741163941.479727,27.83
7178,1741163943.587945,28.14
7179,1741163945.707380,28.45
7180,1741163947.825896,28.76
7181,1741163949.995269,29.07
7182,1741163952.104243,29.38
7183,1741163954.204075,29.69
7184,1741163956.300524,30.01
7185,1741163958.382360,30.32
7186,1741163960.521330,30.63
7187,1741163962.611322,30.94
7188,1741163964.725310,31.25
7189,1741163966.818857,31.56
7190,1741163968.908865,31.87
7191,1741163971.043671,32.19
7192,1741163973.134587,32.50
7193,1741163975.223502,32.81
7194,1741163977.345355,33.12
7195,1741163979.431380,33.43
7196,1741163981.574618,33.74
7197,1741163983.664696,34.05
7198,1741163985.755843,34.36
7199,1741163987.846995,34.67
7200,1741163989.943457,34.98
7201,1741163992.104662,35.29
7202,1741163994.209592,35.60
7203,1741163996.305103,35.92
7204,1741163998.429023,36.23
7205,1741164000.564089,36.54
7206,1741164002.687390,36.85
7207,1741164004.784994,37.16
7208,1741164006.879221,37.47
7209,1741164008.988321,37.78
7210,1741164011.112345,38.09
7211,1741164013.207586,38.40
7212,1741164015.319100,38.71
7213,1741164017.392366,39.02
7214,1741164019.497008,39.33
7215,1741164021.630515,39.65
7216,1741164023.737597,39.96
7217,1741164025.842546,40.27
7218,1741164027.940894,40.58
7219,1741164030.065916,40.89
7220,1741164032.152186,41.20
7221,1741164034.262985,41.51
7222,1741164036.365792,41.82
7223,1741164038.458293,42.14
7224,1741164040.604810,42.45
7225,1741164042.689637,42.75
7226,1741164044.780096,43.07
7227,1741164046.896633,43.38
7228,1741164048.994677,43.69
7229,1741164051.145957,44.00
7230,1741164053.254465,44.31
7231,1741164055.388707,44.62
7232,1741164057.484293,44.93
7233,1741164059.644119,45.24
7234,1741164061.797884,45.55
7235,1741164063.925447,45.87
7236,1741164066.020611,46.18
7237,1741164068.125078,46.49
7238,1741164070.286292,46.80
7239,1741164072.383752,47.11
7240,1741164074.513151,47.42
7241,1741164076.612856,47.73
7242,1741164078.762670,48.03
7243,1741164080.928222,48.34
7244,1741164083.073778,48.65
7245,1741164085.206141,48.96
7246,1741164087.341767,49.27
7247,1741164089.448746,49.58
7248,1741164091.612298,49.90
7249,1741164093.737182,50.21
7250,1741164095.889074,50.52
7251,1741164098.061238,50.83
7252,1741164100.197213,51.14
7253,1741164102.365327,51.45
7254,1741164104.488610,51.76
7255,1741164106.626313,52.07
7256,1741164108.767699,52.38
7257,1741164110.936063,52.69
7258,1741164113.086860,52.99
7259,1741164115.226874,53.30
7260,1741164117.341613,53.61
7261,1741164119.524218,53.92
7262,1741164121.676507,54.23
7263,1741164123.839923,54.54
7264,1741164125.970447,54.85
7265,1741164128.088054,55.16
7266,1741164130.237949,55.47
7267,1741164132.354452,55.78
7268,1741164134.534395,56.09
7269,1741164136.659467,56.40
7270,1741164138.824612,56.71
7271,1741164140.936404,57.02
7272,1741164143.084463,57.33
7273,1741164145.256457,57.64
7274,1741164147.376498,57.95
7275,1741164149.509969,58.27
7276,1741164151.640789,58.58
7277,1741164153.758813,58.89
7278,1741164155.914321,59.20
7279,1741164158.013669,59.51
7280,1741164160.119462,59.82
7281,1741164162.193211,60.13
7282,1741164164.272213,60.44
7283,1741164166.391426,60.75
7284,1741164168.481322,61.07
7285,1741164170.566281,61.38
7286,1741164172.676603,61.69
7287,1741164174.768766,62.00
7288,1741164176.916270,62.31
7289,1741164179.052300,62.62
7290,1741164181.188573,62.93
7291,1741164183.302812,63.25
7292,1741164185.442951,63.56
7293,1741164187.545574,63.87
7294,1741164189.656862,64.18
7295,1741164191.775728,64.49
7296,1741164193.861492,64.80
7297,1741164196.012415,65.11
7298,1741164198.101699,65.42
7299,1741164200.195517,65.73
7300,1741164202.304200,66.05
7301,1741164204.400904,66.36
7302,1741164206.596490,66.67
7303,1741164208.731084,66.98
7304,1741164210.868695,67.29
7305,1741164212.978847,67.60
7306,1741164215.128267,67.91
7307,1741164217.213237,68.22
7308,1741164219.330948,68.54
7309,1741164221.422523,68.85
7310,1741164223.506567,69.16
7311,1741164225.634774,69.47
7312,1741164227.732394,69.78
7313,1741164229.841253,70.09
7314,1741164231.951730,70.40
7315,1741164234.043038,70.71
7316,1741164236.186924,71.02
7317,1741164238.289768,71.34
7318,1741164240.422930,71.65
7319,1741164242.536934,71.96
7320,1741164244.672421,72.27
7321,1741164246.827621,72.58
7322,1741164248.975002,72.89
7323,1741164251.077493,73.20
7324,1741164253.194305,73.52
7325,1741164255.318300,73.83
7326,1741164257.426932,74.14
7327,1741164259.519326,74.45
7328,1741164261.623358,74.76
7329,1741164263.725746,75.07
7330,1741164265.848649,75.38
7331,1741164267.981907,75.69
7332,1741164270.106718,76.01
7333,1741164272.244460,76.32
7334,1741164274.361965,76.63
7335,1741164276.544661,76.94
7336,1741164278.656548,77.25
7337,1741164280.800034,77.41
7338,1741164282.892060,77.09
7339,1741164285.006971,76.78
7340,1741164287.131058,76.47
7341,1741164289.220108,76.16
7342,1741164291.336463,75.85
7343,1741164293.431949,75.54
7344,1741164295.539589,75.23
7345,1741164297.669923,74.92
7346,1741164299.824136,74.61
7347,1741164301.955992,74.29
7348,1741164304.053211,73.98
7349,1741164306.179601,73.67
7350,1741164308.300742,73.36
7351,1741164310.401857,73.05
7352,1741164312.539809,72.74
7353,1741164314.688763,72.43
7354,1741164316.803648,72.11
7355,1741164318.962968,71.80
7356,1741164321.047995,71.49
7357,1741164323.146969,71.18
7358,1741164325.263802,70.87
7359,1741164327.356596,70.56
7360,1741164329.801796,70.25
7361,1741164331.908780,69.94
7362,1741164334.009977,69.63
7363,1741164336.112499,69.31
7364,1741164338.278063,69.00
7365,1741164340.463528,68.69
7366,1741164342.585899,68.38
7367,1741164344.700210,68.07
7368,1741164346.827133,67.76
7369,1741164348.941071,67.45
7370,1741164351.116729,67.14
7371,1741164353.218755,66.82
7372,1741164355.371644,66.51
7373,1741164357.475638,66.20
7374,1741164359.635026,65.89
7375,1741164361.792390,65.58
7376,1741164363.924824,65.27
7377,1741164366.033757,64.96
7378,1741164368.160837,64.65
7379,1741164370.306701,64.34
7380,1741164372.436708,64.02
7381,1741164374.557174,63.71
7382,1741164376.690218,63.40
7383,1741164378.804990,63.09
7384,1741164380.974120,62.78
7385,1741164383.082296,62.47
7386,1741164385.211845,62.16
7387,1741164387.320686,61.84
7388,1741164389.450081,61.53
7389,1741164391.599235,61.22
7390,1741164393.738363,60.91
7391,1741164395.852973,60.60
7392,1741164397.975750,60.29
7393,1741164400.113230,59.98
7394,1741164402.240953,59.67
7395,1741164404.360939,59.35
7396,1741164406.498502,59.04
7397,1741164408.620661,58.73
7398,1741164410.802831,58.42
7399,1741164412.913118,58.11
7400,1741164415.062043,57.80
7401,1741164417.190219,57.49
7402,1741164419.340226,57.18
7403,1741164421.456926,56.87
7404,1741164423.570598,56.56
7405,1741164425.648455,56.25
7406,1741164427.739920,55.94
7407,1741164429.839879,55.63
7408,1741164431.962548,55.31
7409,1741164434.058930,55.00
7410,1741164436.165973,54.69
7411,1741164438.256100,54.38
7412,1741164440.405424,54.07
7413,1741164442.502886,53.76
7414,1741164444.617644,53.45
7415,1741164446.736046,53.14
7416,1741164448.832384,52.84
7417,1741164450.981236,52.54
7418,1741164453.077851,52.23
7419,1741164455.184296,51.92
7420,1741164457.293261,51.60
7421,1741164459.380892,51.29
7422,1741164461.542527,50.98
7423,1741164463.641947,50.67
7424,1741164465.740293,50.36
7425,1741164467.854779,50.05
7426,1741164469.969434,49.74
7427,1741164472.129395,49.43
7428,1741164474.240972,49.12
7429,1741164476.367008,48.81
7430,1741164478.501052,48.50
7431,1741164480.619935,48.19
7432,1741164482.744024,47.88
7433,1741164484.825896,47.57
7434,1741164486.924679,47.27
7435,1741164489.025239,46.95
7436,1741164491.122361,46.64
7437,1741164493.280344,46.33
7438,1741164495.388080,46.02
7439,1741164497.498842,45.71
7440,1741164499.594389,45.40
7441,1741164501.723612,45.09
7442,1741164503.848323,44.78
7443,1741164505.948102,44.46
7444,1741164508.068469,44.15
7445,1741164510.169929,43.84
7446,1741164512.281456,43.53
7447,1741164514.411816,43.22
7448,1741164516.536231,42.91
7449,1741164518.630588,42.60
7450,1741164520.722445,42.29
7451,1741164522.824977,41.98
7452,1741164525.000573,41.67
7453,1741164527.099166,41.36
7454,1741164529.253777,41.05
7455,1741164531.379826,40.73
7456,1741164533.494609,40.42
7457,1741164535.667372,40.11
7458,1741164537.767260,39.80
7459,1741164539.917993,39.49
7460,1741164542.008821,39.18
7461,1741164544.103985,38.87
7462,1741164546.250931,38.56
7463,1741164548.332707,38.25
7464,1741164550.443551,37.94
7465,1741164552.541917,37.63
7466,1741164554.689888,37.31
7467,1741164556.794477,37.00
7468,1741164558.900513,36.69
7469,1741164561.028164,36.38
7470,1741164563.144952,36.07
7471,1741164565.331944,35.76
7472,1741164567.470643,35.45
7473,1741164569.594661,35.14
7474,1741164571.695047,34.83
7475,1741164573.791214,34.52
7476,1741164575.920087,34.21
7477,1741164578.175639,33.90
7478,1741164580.435365,33.59
7479,1741164582.686291,33.27
7480,1741164584.963946,32.96
7481,1741164587.083390,32.65
7482,1741164589.191442,32.34
7483,1741164591.287719,32.03
7484,1741164593.403922,31.72
7485,1741164595.525382,31.41
7486,1741164597.653871,31.10
7487,1741164599.790712,30.78
7488,1741164602.065092,30.47
7489,1741164604.323965,30.16
7490,1741164606.610039,29.85
7491,1741164608.862948,29.54
7492,1741164611.109676,29.23
7493,1741164613.223516,28.92
7494,1741164615.338847,28.61
7495,1741164617.481812,28.29
7496,1741164619.573997,27.98
7497,1741164621.657520,27.67
7498,1741164623.775790,27.36
7499,1741164625.889355,27.05
7500,1741164627.997412,26.74
7501,1741164630.095113,26.43
7502,1741164632.174806,26.12
7503,1741164634.279790,25.80
7504,1741164636.406978,25.49
7505,1741164638.523185,25.18
7506,1741164640.623037,24.87
7507,1741164642.711878,24.56
7508,1741164644.822962,24.25
7509,1741164646.953077,23.94
7510,1741164649.072034,23.63
7511,1741164651.171281,23.32
7512,1741164653.279064,23.01
7513,1741164655.387903,22.70
7514,1741164657.509130,22.39
7515,1741164659.661229,22.09
7516,1741164661.754175,21.78
7517,1741164664.010245,21.46
7518,1741164666.276048,21.15
7519,1741164668.573096,20.84
7520,1741164670.806892,20.53
7521,1741164673.038764,20.22
7522,1741164675.297123,19.91
7523,1741164677.550387,19.60
7524,1741164679.834761,19.28
7525,1741164681.976333,18.97
7526,1741164684.074957,18.66
7527,1741164686.183720,18.35
7528,1741164688.274221,18.04
7529,1741164690.393991,17.73
7530,1741164692.493520,17.42
7531,1741164694.586663,17.11
7532,1741164696.834272,16.79
7533,1741164699.077604,16.49
7534,1741164701.346990,16.17
7535,1741164703.584163,15.86
7536,1741164705.821652,15.55
7537,1741164708.059829,15.24
7538,1741164710.312404,14.93
7539,1741164712.544157,14.62
7540,1741164714.759882,14.31
7541,1741164716.990237,14.00
7542,1741164719.113995,13.70
7543,1741164721.230886,13.38
7544,1741164723.310809,13.07
7545,1741164725.393348,12.76
7546,1741164727.475401,12.45
7547,1741164729.544846,12.14
7548,1741164731.661710,11.83
7549,1741164733.733746,11.52
7550,1741164735.782546,11.20
7551,1741164737.985760,10.89
7552,1741164740.194596,10.58
7553,1741164742.432604,10.27
7554,1741164744.626857,9.96
7555,1741164746.823287,9.65
7556,1741164749.015414,9.34
7557,1741164751.090109,9.03
7558,1741164753.214947,8.71
7559,1741164755.292782,8.40
7560,1741164757.365644,8.09
7561,1741164759.464347,7.78
7562,1741164761.537135,7.47
7563,1741164763.639716,7.16
7564,1741164765.691464,6.85
7565,1741164767.780405,6.54
7566,1741164769.820967,6.22
7567,1741164771.864002,5.91
7568,1741164773.947038,5.60
7569,1741164775.999784,5.29
7570,1741164778.082095,4.98
7571,1741164780.144518,4.67
7572,1741164782.202066,4.36
7573,1741164784.308061,4.05
7574,1741164786.349745,3.74
7575,1741164788.371374,3.43
7576,1741164790.390481,3.12
7577,1741164792.414953,2.82
7578,1741164794.619392,2.51
7579,1741164796.764142,2.21
7580,1741164798.915338,1.90
7581,1741164801.058342,1.62
7582,1741164803.203932,1.32
7583,1741164805.260195,1.03
7584,1741164807.409209,0.73
7585,1741164809.539608,0.46
7586,1741164811.681591,0.32
7587,1741164813.814188,0.33
7588,1741164815.993686,0.30
7589,1741164818.139606,0.28
7590,1741164820.289842,0.55
7591,1741164822.438213,0.99
7592,1741164824.608973,1.42
7593,1741164826.758784,1.84
7594,1741164828.917730,2.28
7595,1741164831.053845,2.72
7596,1741164833.212350,3.17
7597,1741164835.382659,3.62
7598,1741164837.551421,4.07
7599,1741164839.755835,4.52
7600,1741164841.921320,4.97
7601,1741164844.116330,5.43
7602,1741164846.332048,5.88
7603,1741164848.508593,6.34
7604,1741164850.585272,6.79
7605,1741164852.763099,7.25
7606,1741164854.950118,7.70
7607,1741164857.170816,8.16
7608,1741164859.373696,8.61
7609,1741164861.573099,9.06
7610,1741164863.776992,9.52
7611,1741164865.962308,9.97
7612,1741164868.198466,10.43
7613,1741164870.401944,10.88
7614,1741164872.619612,11.33
7615,1741164874.705587,11.79
7616,1741164876.814819,12.24
7617,1741164878.937798,12.70
7618,1741164881.039993,13.15
7619,1741164883.137036,13.61
7620,1741164885.221622,14.06
7621,1741164887.305901,14.51
7622,1741164889.448955,14.97
7623,1741164891.533470,15.42
7624,1741164893.639293,15.87
7625,1741164895.729835,16.33
7626,1741164897.812271,16.78
7627,1741164899.983394,17.23
7628,1741164902.094838,17.68
7629,1741164904.217636,18.13
7630,1741164906.310395,18.59
7631,1741164908.418405,19.04
7632,1741164910.551598,19.49
7633,1741164912.772555,19.95
7634,1741164914.993690,20.40
7635,1741164917.219532,20.86
7636,1741164919.357432,21.31
7637,1741164921.611401,21.76
7638,1741164923.840274,22.22
7639,1741164926.065646,22.67
7640,1741164928.305502,23.12
7641,1741164930.532101,23.58
7642,1741164932.789308,24.03
7643,1741164935.019006,24.49
7644,1741164937.253833,24.94
7645,1741164939.467496,25.39
7646,1741164941.697806,25.85
7647,1741164943.955877,26.30
7648,1741164946.170352,26.75
7649,1741164948.394764,27.21
7650,1741164950.504803,27.66
7651,1741164952.615844,28.11
7652,1741164954.737563,28.56
7653,1741164956.838094,29.02
7654,1741164958.969707,29.47
7655,1741164961.099823,29.92
7656,1741164963.219731,30.37
7657,1741164965.347873,30.83
7658,1741164967.472455,31.28
7659,1741164969.573382,31.74
7660,1741164971.690454,32.19
7661,1741164973.781255,32.64
7662,1741164975.930469,33.10
7663,1741164978.052835,33.55
7664,1741164980.151587,34.00
7665,1741164982.257815,34.45
7666,1741164984.369737,34.91
7667,1741164986.492466,35.36
7668,1741164988.625561,35.81
7669,1741164990.743753,36.27
7670,1741164992.885663,36.72
7671,1741164995.031303,37.18
7672,1741164997.274831,37.63
7673,1741164999.531466,38.08
7674,1741165001.783472,38.54
7675,1741165004.016691,38.99
7676,1741165006.318163,39.44
7677,1741165008.579196,39.90
7678,1741165010.829271,40.35
7679,1741165013.060055,40.80
7680,1741165015.308531,41.26
7681,1741165017.573060,41.71
7682,1741165019.831277,42.17
7683,1741165022.078707,42.62
7684,1741165024.322088,43.07
7685,1741165026.594157,43.53
7686,1741165028.821871,43.98
7687,1741165031.061985,44.44
7688,1741165033.295372,44.89
7689,1741165035.418433,45.35
7690,1741165037.691632,45.80
7691,1741165039.915123,46.25
7692,1741165042.149957,46.71
7693,1741165044.389060,47.16
7694,1741165046.637133,47.62
7695,1741165048.906337,48.07
7696,1741165051.140232,48.52
7697,1741165053.391584,48.98
7698,1741165055.637128,49.43
7699,1741165057.900674,49.88
7700,1741165060.039681,50.34
7701,1741165062.149496,50.80
7702,1741165064.408699,51.25
7703,1741165066.660864,51.70
7704,1741165068.950184,52.16
7705,1741165071.185656,52.61
7706,1741165073.433080,53.06
7707,1741165075.565755,53.52
7708,1741165077.679284,53.97
7709,1741165080.001375,54.42
7710,1741165082.253597,54.88
7711,1741165084.491322,55.33
7712,1741165086.630096,55.79
7713,1741165088.760998,56.24
7714,1741165090.935291,56.70
7715,1741165093.050204,57.15
7716,1741165095.180359,57.60
7717,1741165097.281663,58.06
7718,1741165099.444398,58.51
7719,1741165101.554692,58.96
7720,1741165103.685749,59.42
7721,1741165105.800218,59.87
7722,1741165107.944275,60.33
7723,1741165110.072774,60.78
7724,1741165112.208228,61.23
7725,1741165114.310109,61.69
7726,1741165116.434751,62.14
7727,1741165118.550844,62.59
7728,1741165120.837637,63.05
7729,1741165123.090764,63.50
7730,1741165125.344999,63.96
7731,1741165127.604965,64.41
7732,1741165129.850138,64.86
7733,1741165132.146011,65.32
7734,1741165134.393872,65.77
7735,1741165136.631999,66.23
7736,1741165138.907548,66.68
7737,1741165141.055726,67.14
7738,1741165143.274597,67.59
7739,1741165145.378347,68.04
7740,1741165147.623969,68.50
7741,1741165149.867766,68.95
7742,1741165152.102957,69.41
7743,1741165154.386793,69.86
7744,1741165156.641565,70.31
7745,1741165158.772377,70.77
7746,1741165160.894901,71.22
7747,1741165163.142216,71.68
7748,1741165165.412564,72.13
7749,1741165167.533996,72.58
7750,1741165169.784709,73.04
7751,1741165172.041473,73.49
7752,1741165174.282264,73.95
7753,1741165176.555780,74.40
7754,1741165178.797922,74.84
7755,1741165181.036285,75.30
7756,1741165183.281347,75.74
7757,1741165185.531133,76.21
7758,1741165187.805544,76.65
7759,1741165190.046544,77.10
7760,1741165192.284696,77.55
7761,1741165194.522815,78.01
7762,1741165196.760056,78.46
7763,1741165198.943709,78.91
7764,1741165201.073107,79.37
7765,1741165203.209147,79.82
7766,1741165205.310287,80.27
7767,1741165207.414182,80.72
7768,1741165209.580060,81.18
7769,1741165211.836495,81.63
7770,1741165214.091262,82.08
7771,1741165216.332919,82.53
7772,1741165218.480456,82.99
7773,1741165220.594007,83.44
7774,1741165222.702280,83.90
7775,1741165224.843900,84.35
7776,1741165226.965441,84.80
7777,1741165229.131642,85.26
7778,1741165231.241159,85.71
7779,1741165233.363262,86.16
7780,1741165235.495191,86.62
7781,1741165237.639390,87.07
7782,1741165239.798793,87.53
7783,1741165241.930999,87.98
7784,1741165244.047444,88.43
7785,1741165246.168412,88.88
7786,1741165248.309365,89.34
7787,1741165250.429554,89.79
7788,1741165252.540190,90.25
7789,1741165254.663925,90.70
7790,1741165256.776608,91.15
7791,1741165258.932668,91.61
7792,1741165261.051970,92.06
7793,1741165263.155180,92.51
7794,1741165265.287116,92.97
7795,1741165267.392911,93.42
7796,1741165269.559452,93.87
7797,1741165271.664197,94.33
7798,1741165273.788669,94.78
7799,1741165275.900547,95.23
7800,1741165278.169102,95.69
7801,1741165280.470187,96.14
7802,1741165282.734924,96.59
7803,1741165284.992793,97.04
7804,1741165287.252770,97.50
7805,1741165289.537312,97.95
7806,1741165291.777781,98.40
7807,1741165294.009874,98.86
7808,1741165296.133600,99.31
7809,1741165298.242115,99.76
7810,1741165300.412160,100.22
7811,1741165302.527564,100.67
7812,1741165304.647094,101.12
7813,1741165306.750821,101.58
7814,1741165308.863837,102.03
7815,1741165311.011093,102.48
7816,1741165313.106518,102.94
7817,1741165315.223103,103.39
7818,1741165317.329555,103.84
7819,1741165319.558191,104.30
7820,1741165321.849077,104.75
7821,1741165324.093312,105.21
7822,1741165326.328870,105.66
7823,1741165328.564476,106.11
7824,1741165330.811927,106.57
7825,1741165333.088759,107.02
7826,1741165335.217892,107.48
7827,1741165337.328418,107.93
7828,1741165339.461190,108.38
7829,1741165341.567088,108.84
7830,1741165343.715823,109.29
7831,1741165345.844877,109.75
7832,1741165347.959736,110.20
7833,1741165350.084592,110.65
7834,1741165352.190541,111.11
7835,1741165354.344273,111.56
7836,1741165356.454943,112.02
7837,1741165358.582712,112.47
7838,1741165360.690550,112.93
7839,1741165362.821440,113.14
7840,1741165364.978386,112.70
7841,1741165367.187215,112.24
7842,1741165369.296860,111.79
7843,1741165371.429973,111.34
7844,1741165373.531476,110.88
7845,1741165375.694970,110.43
7846,1741165377.809054,109.97
7847,1741165379.944977,109.52
7848,1741165382.075070,109.06
7849,1741165384.214661,108.61
7850,1741165386.357100,108.16
7851,1741165388.487942,107.70
7852,1741165390.600720,107.25
7853,1741165392.729630,106.80
7854,1741165394.843270,106.34
7855,1741165397.005786,105.89
7856,1741165399.118142,105.43
7857,1741165401.242522,104.98
7858,1741165403.362661,104.53
7859,1741165405.490216,104.07
7860,1741165407.749122,103.62
7861,1741165410.001759,103.16
7862,1741165412.255154,102.71
7863,1741165414.512651,102.26
7864,1741165416.796204,101.80
7865,1741165419.060677,101.35
7866,1741165421.311980,100.90
7867,1741165423.566302,100.44
7868,1741165425.822705,99.99
7869,1741165428.102630,99.54
7870,1741165430.356809,99.08
7871,1741165432.461664,98.63
7872,1741165434.700229,98.18
7873,1741165436.972434,97.72
7874,1741165439.112655,97.27
7875,1741165441.232793,96.82
7876,1741165443.360841,96.37
7877,1741165445.471181,95.92
7878,1741165447.625912,95.46
7879,1741165449.731028,95.01
7880,1741165451.845139,94.55
7881,1741165453.965537,94.10
7882,1741165456.075802,93.65
7883,1741165458.235395,93.19
7884,1741165460.357985,92.74
7885,1741165462.479230,92.29
7886,1741165464.607296,91.83
7887,1741165466.712706,91.38
7888,1741165468.888823,90.93
7889,1741165471.001892,90.47
7890,1741165473.133862,90.02
7891,1741165475.237041,89.57
7892,1741165477.398078,89.11
7893,1741165479.643292,88.66
7894,1741165481.905673,88.20
7895,1741165484.143861,87.75
7896,1741165486.250488,87.30
7897,1741165488.408392,86.84
7898,1741165490.518239,86.39
7899,1741165492.660413,85.94
7900,1741165494.768151,85.48
7901,1741165496.902437,85.03
7902,1741165499.054453,84.58
7903,1741165501.190274,84.12
7904,1741165503.310462,83.67
7905,1741165505.443639,83.22
7906,1741165507.561281,82.76
7907,1741165509.726024,82.31
7908,1741165511.848340,81.86
7909,1741165513.979818,81.40
7910,1741165516.107014,80.95
7911,1741165518.235251,80.50
7912,1741165520.543049,80.04
7913,1741165522.811725,79.59
7914,1741165524.933944,79.14
7915,1741165527.067953,78.69
7916,1741165529.322203,78.23
7917,1741165531.615697,77.78
7918,1741165533.873555,77.33
7919,1741165536.138832,76.88
7920,1741165538.391256,76.43
7921,1741165540.644115,75.98
7922,1741165542.944164,75.52
7923,1741165545.176641,75.07
7924,1741165547.403447,74.62
7925,1741165549.654628,74.17
7926,1741165551.785652,73.72
7927,1741165553.939613,73.26
7928,1741165556.080595,72.81
7929,1741165558.206826,72.36
7930,1741165560.466639,71.90
7931,1741165562.716919,71.45
7932,1741165565.013318,71.00
7933,1741165567.274729,70.54
7934,1741165569.518784,70.09
7935,1741165571.738963,69.63
7936,1741165573.869103,69.18
7937,1741165576.011769,68.73
7938,1741165578.159915,68.27
7939,1741165580.275086,67.82
7940,1741165582.434491,67.36
7941,1741165584.545319,66.91
7942,1741165586.704913,66.45
7943,1741165588.816669,66.00
7944,1741165590.944064,65.55
7945,1741165593.048963,65.09
7946,1741165595.220337,64.64
7947,1741165597.330427,64.18
7948,1741165599.466862,63.73
7949,1741165601.578066,63.28
7950,1741165603.698756,62.82
7951,1741165605.859260,62.37
7952,1741165608.005511,61.91
7953,1741165610.128042,61.46
7954,1741165612.280555,61.01
7955,1741165614.366238,60.55
7956,1741165616.511464,60.10
7957,1741165618.596072,59.64
7958,1741165620.689163,59.19
7959,1741165622.802924,58.74
7960,1741165624.918235,58.28
7961,1741165627.037474,57.83
7962,1741165629.127118,57.38
7963,1741165631.249118,56.92
7964,1741165633.385704,56.47
7965,1741165635.538179,56.02
7966,1741165637.672623,55.56
7967,1741165639.787547,55.11
7968,1741165641.916130,54.65
7969,1741165644.036865,54.20
7970,1741165646.229607,53.75
7971,1741165648.328092,53.29
7972,1741165650.445666,52.84
7973,1741165652.556178,52.38
7974,1741165654.727731,51.93
7975,1741165656.842829,51.48
7976,1741165658.943535,51.02
7977,1741165661.040462,50.57
7978,1741165663.126663,50.11
7979,1741165665.277552,49.66
7980,1741165667.373756,49.20
7981,1741165669.496372,48.75
7982,1741165671.622292,48.30
7983,1741165673.735394,47.84
7984,1741165675.861317,47.39
7985,1741165677.991284,46.94
7986,1741165680.098805,46.48
7987,1741165682.197309,46.03
7988,1741165684.318565,45.57
7989,1741165686.435789,45.12
7990,1741165688.555203,44.66
7991,1741165690.642594,44.21
7992,1741165692.718381,43.76
7993,1741165694.837308,43.30
7994,1741165696.992203,42.85
7995,1741165699.100060,42.39
7996,1741165701.200349,41.94
7997,1741165703.284011,41.49
7998,1741165705.397857,41.03
7999,1741165707.522370,40.58
8000,1741165709.639954,40.12
8001,1741165711.736484,39.67
8002,1741165713.844524,39.22
8003,1741165715.951881,38.76
8004,1741165718.123210,38.31
8005,1741165720.282351,37.86
8006,1741165722.438238,37.40
8007,1741165724.576415,36.95
8008,1741165726.702060,36.49
8009,1741165728.876185,36.04
8010,1741165731.026977,35.59
8011,1741165733.173690,35.13
8012,1741165735.322356,34.68
8013,1741165737.460436,34.23
8014,1741165739.658884,33.78
8015,1741165741.768368,33.32
8016,1741165743.894328,32.87
8017,1741165745.992637,32.42
8018,1741165748.110560,31.96
8019,1741165750.286322,31.51
8020,1741165752.431846,31.05
8021,1741165754.567559,30.60
8022,1741165756.698412,30.15
8023,1741165758.853910,29.69
8024,1741165761.005836,29.24
8025,1741165763.137052,28.79
8026,1741165765.249969,28.34
8027,1741165767.397084,27.88
8028,1741165769.678076,27.43
8029,1741165771.916365,26.98
8030,1741165774.022020,26.53
8031,1741165776.139757,26.07
8032,1741165778.239595,25.62
8033,1741165780.380372,25.17
8034,1741165782.503225,24.71
8035,1741165784.600674,24.26
8036,1741165786.712613,23.81
8037,1741165788.811673,23.35
8038,1741165790.946180,22.90
8039,1741165793.059314,22.45
8040,1741165795.160037,21.99
8041,1741165797.273265,21.54
8042,1741165799.387990,21.08
8043,1741165801.525201,20.63
8044,1741165803.650004,20.17
8045,1741165805.731905,19.72
8046,1741165807.947311,19.27
8047,1741165810.166801,18.81
8048,1741165812.286966,18.36
8049,1741165814.416716,17.91
8050,1741165816.512212,17.45
8051,1741165818.638322,17.00
8052,1741165820.737955,16.55
8053,1741165822.880619,16.10
8054,1741165825.003171,15.64
8055,1741165827.095364,15.19
8056,1741165829.228504,14.74
8057,1741165831.329901,14.28
8058,1741165833.485833,13.83
8059,1741165835.599463,13.38
8060,1741165837.728126,12.92
8061,1741165839.847003,12.47
8062,1741165841.951216,12.02
8063,1741165844.092333,11.56
8064,1741165846.175822,11.11
8065,1741165848.291222,10.65
8066,1741165850.367241,10.20
8067,1741165852.432878,9.74
8068,1741165854.555166,9.29
8069,1741165856.639906,8.84
8070,1741165858.724761,8.38
8071,1741165860.804907,7.93
8072,1741165862.897272,7.47
8073,1741165864.996529,7.02
8074,1741165867.093672,6.57
8075,1741165869.143349,6.11
8076,1741165871.193758,5.66
8077,1741165873.242209,5.20
8078,1741165875.354084,4.75
8079,1741165877.415978,4.29
8080,1741165879.467356,3.85
8081,1741165881.503911,3.39
8082,1741165883.542176,2.95
8083,1741165885.632079,2.50
8084,1741165887.657248,2.06
8085,1741165889.682338,1.63
8086,1741165891.710894,1.21
8087,1741165893.710248,0.77
8088,1741165895.768848,0.37
8089,1741165897.799497,0.19
8090,1741165899.841906,0.20
8091,1741165901.875740,0.59
8092,1741165903.906589,0.55
8093,1741165905.975760,0.86
8094,1741165907.996264,1.26
8095,1741165910.016079,1.67
8096,1741165912.026871,2.10
8097,1741165914.037337,2.51
8098,1741165916.082309,2.94
8099,1741165918.089188,3.36
8100,1741165920.116015,3.80
8101,1741165922.144227,4.24
8102,1741165924.177069,4.68
8103,1741165926.275336,5.11
8104,1741165928.306833,5.55
8105,1741165930.347439,5.99
8106,1741165932.406591,6.43
8107,1741165934.490470,6.86
8108,1741165936.608227,7.30
8109,1741165938.681419,7.74
8110,1741165940.777718,8.17
8111,1741165942.851568,8.61
8112,1741165944.920611,9.05
8113,1741165947.047926,9.48
8114,1741165949.127740,9.92
8115,1741165951.218873,10.36
8116,1741165953.323941,10.80
8117,1741165955.413060,11.23
8118,1741165957.534275,11.67
8119,1741165959.641208,12.11
8120,1741165961.750334,12.54
8121,1741165963.865009,12.98
8122,1741165965.969117,13.42
8123,1741165968.092541,13.86
8124,1741165970.202060,14.29
8125,1741165972.300030,14.73
8126,1741165974.417265,15.16
8127,1741165976.518855,15.60
8128,1741165978.648250,16.04
8129,1741165980.773976,16.47
8130,1741165982.870632,16.91
8131,1741165984.953665,17.34
8132,1741165987.067004,17.78
8133,1741165989.174568,18.21
8134,1741165991.269487,18.65
8135,1741165993.424078,19.08
8136,1741165995.561814,19.52
8137,1741165997.699987,19.96
8138,1741165999.858925,20.39
8139,1741166002.012025,20.83
8140,1741166004.135947,21.27
8141,1741166006.288835,21.71
8142,1741166008.427828,22.14
8143,1741166010.610187,22.58
8144,1741166012.768947,23.02
8145,1741166014.919470,23.45
8146,1741166017.079292,23.89
8147,1741166019.193376,24.33
8148,1741166021.339612,24.76
8149,1741166023.442494,25.20
8150,1741166025.539991,25.64
8151,1741166027.617399,26.07
8152,1741166029.722030,26.51
8153,1741166031.836347,26.95
8154,1741166033.939880,27.38
8155,1741166036.028542,27.81
8156,1741166038.112805,28.25
8157,1741166040.213705,28.68
8158,1741166042.359100,29.12
8159,1741166044.450495,29.56
8160,1741166046.563007,29.99
8161,1741166048.663451,30.43
8162,1741166050.764445,30.86
8163,1741166052.932043,31.30
8164,1741166055.097922,31.74
8165,1741166057.238712,32.17
8166,1741166059.383446,32.61
8167,1741166061.537585,33.05
8168,1741166063.688337,33.48
8169,1741166065.829723,33.92
8170,1741166067.960016,34.35
8171,1741166070.099214,34.79
8172,1741166072.218035,35.23
8173,1741166074.393172,35.66
8174,1741166076.546340,36.10
8175,1741166078.671732,36.54
8176,1741166080.807214,36.97
8177,1741166082.924699,37.41
8178,1741166085.083022,37.85
8179,1741166087.209613,38.28
8180,1741166089.328348,38.72
8181,1741166091.443149,39.15
8182,1741166093.579669,39.59
8183,1741166095.756875,40.03
8184,1741166097.884835,40.46
8185,1741166100.039789,40.90
8186,1741166102.171544,41.34
8187,1741166104.321520,41.77
8188,1741166106.477024,42.21
8189,1741166108.587845,42.65
8190,1741166110.704615,43.08
8191,1741166112.838738,43.52
8192,1741166114.998758,43.96
8193,1741166117.143999,44.40
8194,1741166119.242018,44.83
8195,1741166121.352411,45.27
8196,1741166123.452189,45.71
8197,1741166125.590262,46.15
8198,1741166127.711852,46.58
8199,1741166129.806761,47.02
8200,1741166131.942997,47.46
8201,1741166134.061558,47.89
8202,1741166136.238754,48.33
8203,1741166138.375553,48.77
8204,1741166140.519633,49.20
8205,1741166142.646899,49.64
8206,1741166144.821437,50.07
8207,1741166146.934915,50.52
8208,1741166149.094473,50.95
8209,1741166151.215157,51.39
8210,1741166153.366081,51.83
8211,1741166155.498627,52.26
8212,1741166157.639552,52.70
8213,1741166159.739588,53.13
8214,1741166161.890360,53.57
8215,1741166164.002171,54.01
8216,1741166166.165027,54.44
8217,1741166168.300107,54.88
8218,1741166170.435415,55.32
8219,1741166172.552864,55.76
8220,1741166174.680749,56.19
8221,1741166176.835927,56.63
8222,1741166178.991083,57.07
8223,1741166181.104029,57.50
8224,1741166183.233234,57.94
8225,1741166185.368888,58.38
8226,1741166187.489152,58.81
8227,1741166189.579229,59.25
8228,1741166191.698964,59.68
8229,1741166193.802017,60.12
8230,1741166195.946716,60.56
8231,1741166198.093119,61.00
8232,1741166200.206240,61.43
8233,1741166202.323268,61.87
8234,1741166204.443367,62.31
8235,1741166206.612201,62.74
8236,1741166208.719493,63.18
8237,1741166210.827884,63.62
8238,1741166212.940226,64.05
8239,1741166215.059062,64.49
8240,1741166217.214294,64.93
8241,1741166219.313361,65.36
8242,1741166221.448202,65.80
8243,1741166223.542965,66.24
8244,1741166225.657912,66.68
8245,1741166227.804783,67.11
8246,1741166229.929634,67.55
8247,1741166232.033959,67.99
8248,1741166234.141455,68.42
8249,1741166236.266219,68.86
8250,1741166238.399810,69.30
8251,1741166240.529774,69.74
8252,1741166242.631489,70.17
8253,1741166244.763217,70.60
8254,1741166246.861452,71.04
8255,1741166249.034007,71.48
8256,1741166251.137909,71.92
8257,1741166253.271573,72.36
8258,1741166255.386201,72.79
8259,1741166257.491446,73.23
8260,1741166259.653877,73.66
8261,1741166261.758306,74.10
8262,1741166263.895905,74.53
8263,1741166265.988909,74.97
8264,1741166268.103443,75.41
8265,1741166270.242938,75.84
8266,1741166272.357114,76.28
8267,1741166274.451780,76.72
8268,1741166276.553297,77.15
8269,1741166278.677809,77.59
8270,1741166280.822232,78.02
8271,1741166282.930568,78.46
8272,1741166285.034745,78.90
8273,1741166287.156605,79.33
8274,1741166289.259636,79.77
8275,1741166291.540643,80.21
8276,1741166293.790399,80.64
8277,1741166296.043210,81.08
8278,1741166298.297326,81.52
8279,1741166300.580674,81.95
8280,1741166302.836156,82.39
8281,1741166304.962924,82.83
8282,1741166307.064274,83.26
8283,1741166309.168440,83.70
8284,1741166311.329551,84.14
8285,1741166313.447488,84.57
8286,1741166315.577222,85.01
8287,1741166317.676588,85.44
8288,1741166319.803731,85.88
8289,1741166321.942165,86.32
8290,1741166324.054317,86.75
8291,1741166326.168552,87.19
8292,1741166328.319836,87.63
8293,1741166330.460240,88.06
8294,1741166332.598077,88.50
8295,1741166334.711467,88.94
8296,1741166336.839438,89.37
8297,1741166338.959935,89.81
8298,1741166341.089878,90.24
8299,1741166343.187327,90.68
8300,1741166345.270563,91.12
8301,1741166347.355488,91.55
8302,1741166349.448019,91.99
8303,1741166351.571421,92.43
8304,1741166353.673067,92.86
8305,1741166355.754269,93.30
8306,1741166357.836399,93.74
8307,1741166359.943459,94.17
8308,1741166362.057684,94.61
8309,1741166364.164288,95.05
8310,1741166366.247498,95.48
8311,1741166368.339201,95.92
8312,1741166370.479406,96.36
8313,1741166372.560989,96.79
8314,1741166374.647526,97.23
8315,1741166376.744859,97.67
8316,1741166378.834035,98.10
8317,1741166380.991311,98.54
8318,1741166383.083224,98.98
8319,1741166385.153347,99.41
8320,1741166387.232834,99.85
8321,1741166389.312399,100.29
8322,1741166391.425633,100.73
8323,1741166393.536572,101.16
8324,1741166395.637466,101.60
8325,1741166397.748395,102.04
8326,1741166399.880484,102.47
8327,1741166402.045280,102.91
8328,1741166404.173606,103.35
8329,1741166406.278702,103.78
8330,1741166408.411360,104.22
8331,1741166410.529437,104.66
8332,1741166412.705280,105.09
8333,1741166414.817127,105.53
8334,1741166416.939631,105.97
8335,1741166419.047923,106.40
8336,1741166421.180838,106.84
8337,1741166423.330123,107.28
8338,1741166425.456733,107.72
8339,1741166427.567650,108.15
8340,1741166429.700883,108.59
8341,1741166431.781616,108.81
8342,1741166433.916552,108.37
8343,1741166436.041700,107.93
8344,1741166438.147727,107.50
8345,1741166440.280652,107.06
8346,1741166442.395835,106.62
8347,1741166444.571926,106.19
8348,1741166446.675933,105.75
8349,1741166448.807550,105.31
8350,1741166450.924849,104.87
8351,1741166453.048681,104.44
8352,1741166455.201665,104.00
8353,1741166457.335623,103.56
8354,1741166459.445996,103.13
8355,1741166461.560471,102.69
8356,1741166463.678171,102.25
8357,1741166465.850169,101.82
8358,1741166467.969835,101.38
8359,1741166470.098500,100.94
8360,1741166472.219635,100.51
8361,1741166474.325320,100.07
8362,1741166476.485407,99.63
8363,1741166478.592165,99.20
8364,1741166480.720725,98.76
8365,1741166482.838356,98.32
8366,1741166485.006519,97.88
8367,1741166487.115880,97.45
8368,1741166489.257173,97.01
8369,1741166491.369595,96.58
8370,1741166493.494575,96.14
8371,1741166495.634245,95.70
8372,1741166497.756545,95.27
8373,1741166499.872325,94.83
8374,1741166501.975276,94.39
8375,1741166504.063663,93.96
8376,1741166506.197999,93.52
8377,1741166508.317009,93.08
8378,1741166510.431285,92.65
8379,1741166512.568519,92.21
8380,1741166514.720268,91.77
8381,1741166516.851587,91.34
8382,1741166518.967185,90.90
8383,1741166521.105928,90.46
8384,1741166523.218077,90.03
8385,1741166525.375797,89.59
8386,1741166527.471328,89.15
8387,1741166529.590881,88.72
8388,1741166531.721557,88.28
8389,1741166533.867026,87.84
8390,1741166536.013587,87.41
8391,1741166538.147357,86.97
8392,1741166540.251379,86.53
8393,1741166542.394332,86.10
8394,1741166544.504353,85.66
8395,1741166546.668799,85.23
8396,1741166548.784754,84.79
8397,1741166550.916551,84.35
8398,1741166553.044933,83.92
8399,1741166555.189175,83.48
8400,1741166557.341770,83.04
8401,1741166559.461772,82.61
8402,1741166561.601638,82.17
8403,1741166563.724188,81.74
8404,1741166565.880891,81.30
8405,1741166568.001335,80.86
8406,1741166570.140121,80.43
8407,1741166572.251592,79.99
8408,1741166574.379951,79.55
8409,1741166576.529915,79.11
8410,1741166578.678914,78.68
8411,1741166580.795750,78.24
8412,1741166582.928893,77.81
8413,1741166585.049294,77.37
8414,1741166587.211409,76.93
8415,1741166589.324857,76.50
8416,1741166591.448551,76.06
8417,1741166593.566557,75.62
8418,1741166595.685472,75.19
8419,1741166597.833068,74.75
8420,1741166599.964406,74.32
8421,1741166602.092264,73.88
8422,1741166604.246157,73.45
8423,1741166606.376199,73.01
8424,1741166608.543790,72.57
8425,1741166610.648651,72.14
8426,1741166612.793175,71.70
8427,1741166614.916137,71.26
8428,1741166617.045111,70.82
8429,1741166619.192263,70.39
8430,1741166621.333893,69.95
8431,1741166623.465947,69.52
8432,1741166625.607694,69.08
8433,1741166627.721338,68.64
8434,1741166629.884460,68.21
8435,1741166631.991407,67.77
8436,1741166634.135485,67.33
8437,1741166636.255489,66.89
8438,1741166638.401517,66.46
8439,1741166640.587766,66.02
8440,1741166642.691696,65.58
8441,1741166644.810723,65.15
8442,1741166646.951294,64.71
8443,1741166649.063662,64.27
8444,1741166651.229552,63.83
8445,1741166653.340989,63.40
8446,1741166655.474804,62.96
8447,1741166657.577061,62.52
8448,1741166659.711324,62.09
8449,1741166661.857537,61.65
8450,1741166663.998056,61.21
8451,1741166666.128150,60.78
8452,1741166668.261546,60.34
8453,1741166670.374527,59.90
8454,1741166672.493522,59.47
8455,1741166674.583339,59.03
8456,1741166676.687182,58.59
8457,1741166678.805643,58.16
8458,1741166680.923594,57.72
8459,1741166683.044796,57.28
8460,1741166685.133538,56.85
8461,1741166687.229470,56.41
8462,1741166689.337086,55.98
8463,1741166691.465628,55.54
8464,1741166693.584399,55.10
8465,1741166695.676895,54.66
8466,1741166697.772215,54.23
8467,1741166699.901463,53.79
8468,1741166701.995675,53.35
8469,1741166704.139924,52.92
8470,1741166706.261817,52.48
8471,1741166708.381516,52.04
8472,1741166710.514145,51.61
8473,1741166712.615389,51.17
8474,1741166714.706847,50.73
8475,1741166716.799620,50.29
8476,1741166718.886912,49.86
8477,1741166721.019568,49.42
8478,1741166723.138525,48.98
8479,1741166725.272175,48.55
8480,1741166727.391182,48.11
8481,1741166729.519164,47.67
8482,1741166731.681541,47.24
8483,1741166733.825679,46.80
8484,1741166735.933696,46.36
8485,1741166738.074591,45.93
8486,1741166740.216243,45.49
8487,1741166742.350374,45.05
8488,1741166744.465530,44.62
8489,1741166746.590796,44.18
8490,1741166748.684444,43.74
8491,1741166750.828660,43.30
8492,1741166752.928960,42.87
8493,1741166755.017573,42.43
8494,1741166757.124172,41.99
8495,1741166759.220456,41.56
8496,1741166761.369955,41.12
8497,1741166763.473633,40.68
8498,1741166765.614995,40.25
8499,1741166767.728124,39.81
8500,1741166769.867281,39.37
8501,1741166772.009703,38.94
8502,1741166774.135828,38.50
8503,1741166776.239024,38.06
8504,1741166778.329484,37.63
8505,1741166780.449300,37.19
8506,1741166782.596636,36.75
8507,1741166784.732649,36.32
8508,1741166786.840770,35.88
8509,1741166788.975340,35.44
8510,1741166791.069920,35.01
8511,1741166793.226913,34.57
8512,1741166795.331776,34.14
8513,1741166797.449024,33.70
8514,1741166799.558075,33.26
8515,1741166801.639691,32.83
8516,1741166803.785749,32.39
8517,1741166805.901799,31.96
8518,1741166808.005725,31.52
8519,1741166810.151065,31.08
8520,1741166812.254117,30.65
8521,1741166814.397318,30.21
8522,1741166816.488239,29.77
8523,1741166818.591472,29.34
8524,1741166820.704607,28.90
8525,1741166822.792004,28.47
8526,1741166824.925146,28.03
8527,1741166827.006321,27.60
8528,1741166829.129936,27.16
8529,1741166831.236277,26.73
8530,1741166833.353282,26.29
8531,1741166835.513080,25.85
8532,1741166837.617061,25.42
8533,1741166839.739308,24.98
8534,1741166841.828592,24.54
8535,1741166843.945683,24.11
8536,1741166846.072170,23.67
8537,1741166848.162836,23.23
8538,1741166850.282469,22.80
8539,1741166852.374212,22.36
8540,1741166854.462366,21.93
8541,1741166856.611619,21.49
8542,1741166858.707114,21.05
8543,1741166860.810932,20.61
8544,1741166862.914226,20.18
8545,1741166865.013720,19.74
8546,1741166867.166637,19.30
8547,1741166869.253257,18.87
8548,1741166871.349305,18.43
8549,1741166873.437786,17.99
8550,1741166875.501653,17.56
8551,1741166877.641155,17.12
8552,1741166879.713610,16.69
8553,1741166881.796609,16.25
8554,1741166883.891385,15.82
8555,1741166885.973279,15.38
8556,1741166888.088583,14.95
8557,1741166890.174661,14.51
8558,1741166892.263111,14.07
8559,1741166894.337610,13.64
8560,1741166896.417202,13.20
8561,1741166898.520941,12.76
8562,1741166900.591663,12.33
8563,1741166902.656635,11.89
8564,1741166904.736948,11.45
8565,1741166906.796143,11.01
8566,1741166908.876652,10.58
8567,1741166910.942975,10.14
8568,1741166913.032171,9.70
8569,1741166915.111134,9.27
8570,1741166917.180769,8.83
8571,1741166919.306748,8.39
8572,1741166921.372024,7.96
8573,1741166923.429725,7.52
8574,1741166925.485241,7.08
8575,1741166927.548414,6.64
8576,1741166929.614341,6.21
8577,1741166931.649808,5.77
8578,1741166933.683816,5.33
8579,1741166935.701079,4.89
8580,1741166937.726023,4.46
8581,1741166939.808935,4.02
8582,1741166941.827216,3.58
8583,1741166943.858389,3.15
8584,1741166945.873706,2.72
8585,1741166947.911572,2.30
8586,1741166949.905230,1.89
8587,1741166951.897172,1.47
8588,1741166953.886601,1.04
8589,1741166955.869323,0.67
8590,1741166957.903283,0.52
8591,1741166959.887699,0.59
8592,1741166961.890981,0.59
8593,1741166963.889986,0.59
8594,1741166965.896067,0.53
8595,1741166967.919605,0.69
8596,1741166969.917241,1.00
8597,1741166971.925935,1.33
8598,1741166973.941921,1.67
8599,1741166975.951695,2.00
8600,1741166977.989966,2.33
8601,1741166979.999747,2.67
8602,1741166982.004203,3.01
8603,1741166984.026631,3.35
8604,1741166986.051176,3.70
8605,1741166988.139038,4.05
8606,1741166990.176114,4.40
8607,1741166992.213533,4.74
8608,1741166994.239525,5.09
8609,1741166996.271693,5.44
8610,1741166998.340773,5.79
8611,1741167000.409274,6.14
8612,1741167002.463026,6.49
8613,1741167004.505904,6.84
8614,1741167006.566694,7.18
8615,1741167008.667790,7.53
8616,1741167010.734500,7.88
8617,1741167012.798053,8.23
8618,1741167015.017770,8.58
8619,1741167017.082039,8.93
8620,1741167019.207208,9.27
8621,1741167021.273041,9.62
8622,1741167023.400803,9.97
8623,1741167025.507037,10.32
8624,1741167027.598108,10.67
8625,1741167029.707240,11.02
8626,1741167031.805914,11.37
8627,1741167033.952748,11.71
8628,1741167036.180849,12.06
8629,1741167038.403573,12.41
8630,1741167040.661031,12.76
8631,1741167042.889630,13.11
8632,1741167045.108367,13.46
8633,1741167047.325476,13.81
8634,1741167049.549798,14.15
8635,1741167051.814049,14.50
8636,1741167054.040694,14.85
8637,1741167056.281462,15.20
8638,1741167058.504686,15.54
8639,1741167060.622839,15.89
8640,1741167062.760213,16.24
8641,1741167064.870699,16.59
8642,1741167066.969058,16.93
8643,1741167069.071809,17.28
8644,1741167071.225295,17.63
8645,1741167073.453166,17.97
8646,1741167075.679896,18.32
8647,1741167077.898699,18.67
8648,1741167080.108475,19.02
8649,1741167082.384935,19.36
8650,1741167084.571187,19.71
8651,1741167086.656140,20.06
8652,1741167088.752409,20.41
8653,1741167090.831924,20.76
8654,1741167092.951034,21.11
8655,1741167095.059202,21.46
8656,1741167097.140707,21.80
8657,1741167099.270830,22.15
8658,1741167101.404854,22.50
8659,1741167103.542526,22.85
8660,1741167105.658974,23.20
8661,1741167107.757732,23.54
8662,1741167109.884852,23.89
8663,1741167112.027322,24.24
8664,1741167114.158413,24.59
8665,1741167116.254225,24.94
8666,1741167118.368702,25.29
8667,1741167120.502921,25.63
8668,1741167122.638678,25.98
8669,1741167124.766381,26.33
8670,1741167126.867492,26.68
8671,1741167128.997348,27.03
8672,1741167131.111125,27.37
8673,1741167133.270936,27.72
8674,1741167135.381001,28.06
8675,1741167137.501285,28.41
8676,1741167139.617290,28.76
8677,1741167141.745204,29.11
8678,1741167143.886482,29.45
8679,1741167146.004995,29.80
8680,1741167148.129902,30.15
8681,1741167150.237526,30.50
8682,1741167152.365726,30.84
8683,1741167154.504738,31.19
8684,1741167156.634875,31.54
8685,1741167158.738195,31.89
8686,1741167160.857332,32.24
8687,1741167162.957908,32.58
8688,1741167165.123438,32.93
8689,1741167167.242664,33.28
8690,1741167169.348660,33.63
8691,1741167171.486082,33.98
8692,1741167173.624425,34.32
8693,1741167175.722531,34.67
8694,1741167177.814589,35.02
8695,1741167179.960320,35.37
8696,1741167182.074597,35.71
8697,1741167184.248066,36.06
8698,1741167186.358067,36.41
8699,1741167188.506571,36.76
8700,1741167190.625311,37.11
8701,1741167192.755173,37.45
8702,1741167194.915697,37.80
8703,1741167197.035028,38.15
8704,1741167199.169156,38.50
8705,1741167201.283896,38.85
8706,1741167203.412878,39.19
8707,1741167205.549995,39.54
8708,1741167207.684932,39.89
8709,1741167209.799806,40.24
8710,1741167211.930547,40.59
8711,1741167214.070432,40.93
8712,1741167216.199167,41.28
8713,1741167218.315881,41.63
8714,1741167220.464280,41.98
8715,1741167222.582826,42.33
8716,1741167224.769529,42.68
8717,1741167226.891529,43.02
8718,1741167229.020408,43.37
8719,1741167231.134113,43.72
8720,1741167233.268615,44.07
8721,1741167235.412153,44.42
8722,1741167237.558628,44.77
8723,1741167239.676296,45.12
8724,1741167241.812826,45.46
8725,1741167243.921331,45.81
8726,1741167246.091727,46.16
8727,1741167248.203032,46.51
8728,1741167250.344826,46.86
8729,1741167252.453956,47.20
8730,1741167254.572418,47.55
8731,1741167256.722677,47.90
8732,1741167258.838043,48.25
8733,1741167260.944314,48.60
8734,1741167263.061197,48.94
8735,1741167265.160567,49.29
8736,1741167267.288262,49.64
8737,1741167269.400644,49.99
8738,1741167271.475199,50.34
8739,1741167273.553623,50.68
8740,1741167275.666011,51.02
8741,1741167277.783239,51.36
8742,1741167279.899805,51.71
8743,1741167281.993754,52.06
8744,1741167284.087854,52.41
8745,1741167286.196297,52.76
8746,1741167288.323401,53.11
8747,1741167290.438472,53.46
8748,1741167292.526774,53.80
8749,1741167294.612710,54.15
8750,1741167296.743850,54.50
8751,1741167298.897246,54.85
8752,1741167301.043619,55.20
8753,1741167303.169276,55.54
8754,1741167305.313614,55.89
8755,1741167307.406733,56.24
8756,1741167309.542474,56.59
8757,1741167311.620760,56.94
8758,1741167313.722105,57.29
8759,1741167315.832476,57.64
8760,1741167317.908402,57.98
8761,1741167320.018900,58.33
8762,1741167322.134090,58.68
8763,1741167324.213919,59.03
8764,1741167326.310942,59.37
8765,1741167328.444592,59.72
8766,1741167330.518502,60.07
8767,1741167332.601390,60.42
8768,1741167334.708923,60.76
8769,1741167336.788678,61.10
8770,1741167338.917199,61.45
8771,1741167341.022608,61.80
8772,1741167343.135288,62.15
8773,1741167345.231277,62.49
8774,1741167347.335982,62.84
8775,1741167349.441398,63.19
8776,1741167351.549539,63.54
8777,1741167353.656483,63.89
8778,1741167355.736087,64.23
8779,1741167357.881133,64.58
8780,1741167359.972983,64.93
8781,1741167362.066988,65.28
8782,1741167364.187351,65.63
8783,1741167366.276619,65.97
8784,1741167368.395473,66.32
8785,1741167370.496141,66.67
8786,1741167372.590282,67.02
8787,1741167374.683138,67.37
8788,1741167376.801572,67.71
8789,1741167378.934576,68.06
8790,1741167381.047946,68.41
8791,1741167383.144019,68.75
8792,1741167385.243753,69.10
8793,1741167387.372197,69.45
8794,1741167389.509418,69.80
8795,1741167391.632623,70.14
8796,1741167393.731983,70.49
8797,1741167395.839419,70.84
8798,1741167397.972041,71.18
8799,1741167400.068207,71.53
8800,1741167402.172238,71.88
8801,1741167404.270639,72.23
8802,1741167406.373748,72.58
8803,1741167408.520885,72.92
8804,1741167410.607518,73.27
8805,1741167412.710812,73.62
8806,1741167414.807905,73.97
8807,1741167416.887312,74.31
8808,1741167419.037121,74.66
8809,1741167421.124817,75.01
8810,1741167423.235664,75.36
8811,1741167425.336157,75.70
8812,1741167427.433530,76.05
8813,1741167429.561747,76.40
8814,1741167431.639472,76.75
8815,1741167433.723265,77.09
8816,1741167435.826406,77.44
8817,1741167437.911873,77.79
8818,1741167440.058155,78.14
8819,1741167442.144518,78.48
8820,1741167444.231470,78.83
8821,1741167446.340976,79.18
8822,1741167448.422549,79.53
8823,1741167450.530918,79.88
8824,1741167452.640308,80.22
8825,1741167454.718715,80.57
8826,1741167456.786480,80.92
8827,1741167458.877458,81.27
8828,1741167460.997921,81.62
8829,1741167463.092463,81.96
8830,1741167465.208383,82.31
8831,1741167467.290703,82.66
8832,1741167469.374795,83.01
8833,1741167471.516077,83.36
8834,1741167473.587334,83.70
8835,1741167475.681855,84.05
8836,1741167477.797055,84.40
8837,1741167479.886105,84.75
8838,1741167482.037979,85.10
8839,1741167484.129774,85.45
8840,1741167486.214669,85.79
8841,1741167488.306906,86.14
8842,1741167490.390218,86.49
8843,1741167492.505048,86.65
8844,1741167494.617346,86.31
8845,1741167496.692701,85.97
8846,1741167498.771962,85.62
8847,1741167500.872379,85.27
8848,1741167502.976924,84.92
8849,1741167505.064500,84.57
8850,1741167507.171499,84.23
8851,1741167509.263270,83.88
8852,1741167511.401409,83.53
8853,1741167513.497822,83.18
8854,1741167515.583684,82.83
8855,1741167517.695998,82.49
8856,1741167519.786472,82.14
8857,1741167521.900902,81.79
8858,1741167524.013518,81.44
8859,1741167526.099488,81.09
8860,1741167528.218568,80.75
8861,1741167530.333000,80.40
8862,1741167532.462461,80.05
8863,1741167534.584481,79.70
8864,1741167536.673796,79.35
8865,1741167538.771645,79.00
8866,1741167540.924976,78.66
8867,1741167543.024721,78.31
8868,1741167545.147635,77.96
8869,1741167547.239919,77.61
8870,1741167549.357747,77.27
8871,1741167551.486147,76.92
8872,1741167553.585259,76.57
8873,1741167555.690762,76.22
8874,1741167557.784374,75.88
8875,1741167559.884659,75.53
8876,1741167562.047781,75.18
8877,1741167564.138512,74.84
8878,1741167566.269114,74.49
8879,1741167568.366527,74.14
8880,1741167570.467043,73.79
8881,1741167572.604234,73.45
8882,1741167574.697815,73.10
8883,1741167576.814445,72.75
8884,1741167578.909730,72.40
8885,1741167581.049935,72.05
8886,1741167583.135798,71.70
8887,1741167585.237129,71.36
8888,1741167587.348304,71.01
8889,1741167589.446729,70.66
8890,1741167591.603625,70.32
8891,1741167593.687098,69.97
8892,1741167595.783813,69.63
8893,1741167597.900317,69.28
8894,1741167599.991067,68.93
8895,1741167602.149365,68.58
8896,1741167604.247535,68.24
8897,1741167606.338229,67.89
8898,1741167608.442066,67.54
8899,1741167610.523685,67.19
8900,1741167612.662620,66.84
8901,1741167614.755446,66.50
8902,1741167616.849190,66.15
8903,1741167618.959827,65.80
8904,1741167621.061616,65.45
8905,1741167623.223784,65.10
8906,1741167625.328376,64.76
8907,1741167627.419161,64.41
8908,1741167629.530477,64.06
8909,1741167631.618701,63.71
8910,1741167633.777970,63.36
8911,1741167635.869896,63.02
8912,1741167637.961058,62.67
8913,1741167640.079779,62.32
8914,1741167642.167466,61.97
8915,1741167644.319152,61.63
8916,1741167646.408319,61.28
8917,1741167648.492680,60.93
8918,1741167650.600438,60.59
8919,1741167652.693864,60.24
8920,1741167654.848201,59.90
8921,1741167656.949566,59.55
8922,1741167659.048173,59.20
8923,1741167661.173068,58.85
8924,1741167663.260989,58.51
8925,1741167665.412451,58.16
8926,1741167667.502577,57.81
8927,1741167669.659362,57.46
8928,1741167671.770605,57.11
8929,1741167673.873870,56.76
8930,1741167676.021853,56.42
8931,1741167678.148238,56.07
8932,1741167680.302156,55.72
8933,1741167682.414512,55.37
8934,1741167684.563715,55.02
8935,1741167686.743400,54.67
8936,1741167688.865688,54.33
8937,1741167691.006308,53.98
8938,1741167693.127276,53.63
8939,1741167695.298466,53.28
8940,1741167697.401143,52.93
8941,1741167699.527643,52.59
8942,1741167701.658720,52.24
8943,1741167703.794209,51.89
8944,1741167705.961053,51.54
8945,1741167708.097964,51.19
8946,1741167710.216931,50.84
8947,1741167712.349284,50.51
8948,1741167714.476208,50.17
8949,1741167716.650330,49.82
8950,1741167718.767250,49.47
8951,1741167720.911081,49.12
8952,1741167723.024501,48.77
8953,1741167725.206064,48.42
8954,1741167727.336903,48.08
8955,1741167729.485715,47.73
8956,1741167731.610087,47.38
8957,1741167733.748453,47.03
8958,1741167735.931015,46.68
8959,1741167738.055531,46.33
8960,1741167740.202299,45.99
8961,1741167742.320563,45.64
8962,1741167744.462269,45.29
8963,1741167746.609566,44.94
8964,1741167748.739597,44.59
8965,1741167750.853779,44.25
8966,1741167752.987827,43.90
8967,1741167755.105031,43.55
8968,1741167757.264468,43.20
8969,1741167759.388050,42.85
8970,1741167761.504867,42.50
8971,1741167763.630753,42.15
8972,1741167765.778368,41.81
8973,1741167767.912321,41.46
8974,1741167770.016465,41.11
8975,1741167772.157298,40.76
8976,1741167774.273469,40.41
8977,1741167776.448240,40.06
8978,1741167778.570324,39.72
8979,1741167780.708525,39.37
8980,1741167782.819356,39.02
8981,1741167784.947945,38.67
8982,1741167787.099482,38.32
8983,1741167789.230682,37.98
8984,1741167791.350165,37.63
8985,1741167793.467911,37.28
8986,1741167795.596179,36.93
8987,1741167797.773151,36.58
8988,1741167799.882262,36.24
8989,1741167802.012826,35.89
8990,1741167804.120680,35.54
8991,1741167806.248047,35.19
8992,1741167808.388300,34.84
8993,1741167810.514877,34.50
8994,1741167812.613698,34.15
8995,1741167814.748425,33.80
8996,1741167816.860178,33.45
8997,1741167819.020880,33.11
8998,1741167821.125497,32.76
8999,1741167823.256486,32.41
9000,1741167825.374721,32.06
9001,1741167827.491508,31.71
9002,1741167829.641854,31.37
9003,1741167831.731237,31.02
9004,1741167833.838695,30.67
9005,1741167835.927641,30.32
9006,1741167838.018413,29.97
9007,1741167840.163967,29.63
9008,1741167842.437606,29.28
9009,1741167844.703705,28.93
9010,1741167846.972757,28.59
9011,1741167849.226167,28.24
9012,1741167851.527951,27.89
9013,1741167853.642301,27.55
9014,1741167855.735427,27.20
9015,1741167857.850267,26.85
9016,1741167859.960250,26.50
9017,1741167862.084664,26.16
9018,1741167864.337074,25.81
9019,1741167866.589434,25.46
9020,1741167868.706571,25.11
9021,1741167870.800398,24.76
9022,1741167872.949482,24.41
9023,1741167875.027237,24.07
9024,1741167877.120205,23.72
9025,1741167879.213324,23.37
9026,1741167881.298520,23.02
9027,1741167883.413551,22.68
9028,1741167885.542830,22.33
9029,1741167887.628830,21.98
9030,1741167889.740856,21.63
9031,1741167891.835510,21.28
9032,1741167893.940423,20.93
9033,1741167896.055173,20.59
9034,1741167898.148458,20.24
9035,1741167900.236719,19.89
9036,1741167902.371144,19.54
9037,1741167904.448476,19.19
9038,1741167906.553409,18.84
9039,1741167908.658130,18.50
9040,1741167910.754177,18.15
9041,1741167912.892787,17.80
9042,1741167914.977813,17.45
9043,1741167917.088979,17.11
9044,1741167919.179363,16.76
9045,1741167921.271605,16.41
9046,1741167923.422482,16.07
9047,1741167925.511008,15.72
9048,1741167927.618701,15.37
9049,1741167929.733437,15.02
9050,1741167931.831358,14.67
9051,1741167933.966614,14.32
9052,1741167936.054282,13.98
9053,1741167938.152334,13.63
9054,1741167940.234762,13.28
9055,1741167942.322860,12.93
9056,1741167944.478159,12.59
9057,1741167946.579041,12.24
9058,1741167948.694868,11.89
9059,1741167950.797096,11.54
9060,1741167952.895560,11.19
9061,1741167955.021762,10.84
9062,1741167957.089137,10.49
9063,1741167959.154676,10.15
9064,1741167961.247296,9.80
9065,1741167963.328074,9.45
9066,1741167965.430937,9.10
9067,1741167967.519966,8.75
9068,1741167969.584485,8.40
9069,1741167971.638661,8.06
9070,1741167973.689531,7.71
9071,1741167975.800324,7.36
9072,1741167977.857058,7.01
9073,1741167979.903563,6.66
9074,1741167981.949745,6.31
9075,1741167984.014132,5.96
9076,1741167986.096682,5.62
9077,1741167988.134722,5.27
9078,1741167990.200458,4.92
9079,1741167992.244406,4.57
9080,1741167994.288595,4.22
9081,1741167996.385959,3.87
9082,1741167998.434598,3.52
9083,1741168000.455357,3.18
9084,1741168002.482986,2.84
9085,1741168004.497505,2.50
9086,1741168006.555664,2.17
9087,1741168008.568292,1.83
9088,1741168010.589956,1.50
9089,1741168012.600395,1.16
9090,1741168014.619087,0.85
9091,1741168016.679206,0.59
9092,1741168018.699759,0.53
9093,1741168020.713467,0.49
9094,1741168022.714439,0.13
9095,1741168024.715409,0.34
9096,1741168026.753692,0.42
9097,1741168028.764840,0.76
9098,1741168030.779776,1.15
9099,1741168032.802670,1.53
9100,1741168034.820315,1.90
9101,1741168036.877457,2.30
9102,1741168038.894753,2.70
9103,1741168040.966445,3.09
9104,1741168043.018467,3.49
9105,1741168045.057852,3.90
9106,1741168047.144993,4.29
9107,1741168049.187414,4.70
9108,1741168051.240243,5.10
9109,1741168053.291312,5.51
9110,1741168055.375415,5.91
9111,1741168057.481797,6.32
9112,1741168059.538147,6.72
9113,1741168061.612124,7.13
9114,1741168063.692928,7.53
9115,1741168065.766832,7.94
9116,1741168067.916858,8.34
9117,1741168070.012379,8.75
9118,1741168072.094452,9.15
9119,1741168074.178555,9.56
9120,1741168076.266213,9.96
9121,1741168078.385700,10.36
9122,1741168080.508814,10.77
9123,1741168082.598677,11.17
9124,1741168084.721130,11.58
9125,1741168086.819449,11.98
9126,1741168088.949782,12.39
9127,1741168091.068242,12.79
9128,1741168093.169285,13.20
9129,1741168095.313365,13.60
9130,1741168097.408251,14.00
9131,1741168099.581082,14.41
9132,1741168101.691843,14.81
9133,1741168103.825140,15.21
9134,1741168105.923661,15.61
9135,1741168108.041782,16.02
9136,1741168110.200470,16.42
9137,1741168112.325952,16.83
9138,1741168114.428771,17.23
9139,1741168116.568773,17.64
9140,1741168118.729819,18.04
9141,1741168120.861492,18.45
9142,1741168122.987363,18.85
9143,1741168125.094001,19.26
9144,1741168127.215847,19.66
9145,1741168129.329447,20.07
9146,1741168131.494276,20.47
9147,1741168133.753281,20.87
9148,1741168136.023874,21.28
9149,1741168138.133088,21.68
9150,1741168140.263999,22.09
9151,1741168142.408754,22.49
9152,1741168144.536726,22.89
9153,1741168146.810004,23.29
9154,1741168149.076814,23.70
9155,1741168151.199382,24.10
9156,1741168153.316867,24.50
9157,1741168155.418299,24.90
9158,1741168157.555773,25.31
9159,1741168159.648275,25.71
9160,1741168161.774799,26.12
9161,1741168163.901072,26.52
9162,1741168166.006008,26.93
9163,1741168168.135999,27.33
9164,1741168170.252501,27.74
9165,1741168172.424417,28.14
9166,1741168174.574519,28.55
9167,1741168176.710390,28.95
9168,1741168178.824284,29.35
9169,1741168180.958243,29.76
9170,1741168183.109404,30.16
9171,1741168185.221051,30.57
9172,1741168187.307031,30.97
9173,1741168189.398222,31.38
9174,1741168191.518492,31.78
9175,1741168193.638285,32.19
9176,1741168195.745191,32.59
9177,1741168197.881078,33.00
9178,1741168200.041414,33.40
9179,1741168202.127661,33.81
9180,1741168204.259052,34.21
9181,1741168206.368714,34.61
9182,1741168208.467942,35.02
9183,1741168210.571782,35.42
9184,1741168212.711535,35.82
9185,1741168214.811853,36.23
9186,1741168216.920414,36.63
9187,1741168219.018029,37.04
9188,1741168221.118206,37.44
9189,1741168223.269856,37.85
9190,1741168225.357051,38.25
9191,1741168227.465840,38.65
9192,1741168229.548501,39.06
9193,1741168231.638891,39.46
9194,1741168233.796547,39.87
9195,1741168235.884929,40.27
9196,1741168237.990537,40.67
9197,1741168240.083840,41.08
9198,1741168242.236812,41.48
9199,1741168244.333850,41.89
9200,1741168246.417209,42.29
9201,1741168248.526595,42.70
9202,1741168250.610607,43.10
9203,1741168252.725842,43.50
9204,1741168254.865185,43.91
9205,1741168256.976873,44.31
9206,1741168259.112593,44.72
9207,1741168261.251132,45.12
9208,1741168263.417574,45.53
9209,1741168265.529386,45.93
9210,1741168267.658947,46.33
9211,1741168269.776583,46.74
9212,1741168271.909333,47.14
9213,1741168274.080000,47.55
9214,1741168276.219767,47.95
9215,1741168278.338284,48.35
9216,1741168280.450653,48.75
9217,1741168282.603739,49.15
9218,1741168284.752651,49.56
9219,1741168286.861915,49.96
9220,1741168289.001639,50.36
9221,1741168291.082474,50.77
9222,1741168293.216743,51.17
9223,1741168295.306646,51.57
9224,1741168297.399575,51.98
9225,1741168299.508083,52.38
9226,1741168301.601625,52.79
9227,1741168303.758685,53.19
9228,1741168305.855712,53.59
9229,1741168307.999323,54.00
9230,1741168310.101291,54.40
9231,1741168312.201504,54.81
9232,1741168314.340777,55.21
9233,1741168316.435509,55.62
9234,1741168318.568153,56.02
9235,1741168320.663168,56.43
9236,1741168322.758651,56.83
9237,1741168324.902723,57.24
9238,1741168327.033141,57.64
9239,1741168329.154414,58.05
9240,1741168331.239149,58.45
9241,1741168333.330403,58.86
9242,1741168335.474500,59.26
9243,1741168337.548940,59.67
9244,1741168339.652090,60.07
9245,1741168341.736727,60.48
9246,1741168343.833674,60.88
9247,1741168345.988813,61.29
9248,1741168348.074796,61.69
9249,1741168350.178471,62.10
9250,1741168352.261212,62.50
9251,1741168354.376245,62.91
9252,1741168356.545853,63.31
9253,1741168358.674254,63.71
9254,1741168360.813779,64.12
9255,1741168362.920781,64.52
9256,1741168365.050316,64.93
9257,1741168367.201026,65.33
9258,1741168369.339126,65.74
9259,1741168371.458859,66.14
9260,1741168373.611758,66.55
9261,1741168375.740354,66.95
9262,1741168377.907598,67.36
9263,1741168380.051918,67.76
9264,1741168382.178051,68.16
9265,1741168384.290663,68.57
9266,1741168386.421553,68.98
9267,1741168388.580595,69.38
9268,1741168390.716099,69.78
9269,1741168392.842072,70.19
9270,1741168394.975591,70.59
9271,1741168397.167913,71.00
9272,1741168399.315705,71.40
9273,1741168401.412557,71.81
9274,1741168403.540915,72.21
9275,1741168405.641266,72.62
9276,1741168407.865214,73.02
9277,1741168410.032201,73.42
9278,1741168412.150528,73.83
9279,1741168414.238590,74.23
9280,1741168416.353666,74.64
9281,1741168418.497289,75.04
9282,1741168420.637486,75.45
9283,1741168422.753065,75.85
9284,1741168424.892143,76.26
9285,1741168427.044952,76.66
9286,1741168429.179952,77.06
9287,1741168431.295087,77.47
9288,1741168433.420148,77.87
9289,1741168435.528792,78.28
9290,1741168437.691586,78.68
9291,1741168439.810812,79.09
9292,1741168441.957155,79.49
9293,1741168444.081951,79.90
9294,1741168446.199969,80.30
9295,1741168448.360354,80.70
9296,1741168450.476497,81.11
9297,1741168452.608809,81.51
9298,1741168454.724572,81.92
9299,1741168456.850001,82.32
9300,1741168458.980291,82.73
9301,1741168461.098701,83.13
9302,1741168463.213966,83.54
9303,1741168465.338044,83.94
9304,1741168467.511036,84.35
9305,1741168469.658844,84.75
9306,1741168471.789417,85.15
9307,1741168473.948960,85.55
9308,1741168476.081372,85.96
9309,1741168478.260014,86.36
9310,1741168480.396281,86.77
9311,1741168482.535063,87.17
9312,1741168484.683187,87.57
9313,1741168486.839102,87.98
9314,1741168488.996133,88.38
9315,1741168491.108297,88.78
9316,1741168493.196793,89.19
9317,1741168495.313829,89.59
9318,1741168497.433075,90.00
9319,1741168499.558479,90.40
9320,1741168501.674162,90.81
9321,1741168503.755321,91.21
9322,1741168505.831594,91.61
9323,1741168507.925986,92.02
9324,1741168510.056723,92.43
9325,1741168512.164809,92.83
9326,1741168514.273734,93.24
9327,1741168516.362498,93.64
9328,1741168518.470193,94.05
9329,1741168520.593454,94.45
9330,1741168522.700750,94.86
9331,1741168524.794162,95.26
9332,1741168526.869357,95.67
9333,1741168528.964184,96.07
9334,1741168531.082561,96.47
9335,1741168533.176263,96.88
9336,1741168535.299904,97.28
9337,1741168537.389991,97.69
9338,1741168539.503749,98.09
9339,1741168541.632006,98.50
9340,1741168543.758770,98.90
9341,1741168545.893046,99.31
9342,1741168548.012152,99.71
9343,1741168550.131217,100.12
9344,1741168552.265142,100.52
9345,1741168554.373659,100.72
9346,1741168556.468010,100.32
9347,1741168558.556835,99.92
9348,1741168560.681192,99.51
9349,1741168562.805191,99.11
9350,1741168564.922751,98.70
9351,1741168567.009649,98.30
9352,1741168569.098378,97.89
9353,1741168571.215466,97.49
9354,1741168573.333280,97.08
9355,1741168575.443616,96.68
9356,1741168577.537668,96.27
9357,1741168579.618946,95.87
9358,1741168581.748261,95.46
9359,1741168583.842824,95.06
9360,1741168585.919228,94.65
9361,1741168588.034170,94.25
9362,1741168590.121312,93.84
9363,1741168592.258140,93.44
9364,1741168594.360057,93.03
9365,1741168596.442522,92.63
9366,1741168598.552643,92.23
9367,1741168600.655748,91.82
9368,1741168602.792188,91.42
9369,1741168604.896371,91.01
9370,1741168606.989432,90.61
9371,1741168609.101076,90.20
9372,1741168611.217517,89.80
9373,1741168613.324670,89.39
9374,1741168615.421972,88.99
9375,1741168617.500962,88.58
9376,1741168619.598923,88.18
9377,1741168621.720300,87.77
9378,1741168623.804615,87.37
9379,1741168625.899386,86.97
9380,1741168627.995453,86.56
9381,1741168630.094201,86.16
9382,1741168632.242354,85.76
9383,1741168634.330259,85.35
9384,1741168636.440447,84.95
9385,1741168638.530939,84.55
9386,1741168640.627140,84.14
9387,1741168642.769635,83.74
9388,1741168644.869064,83.33
9389,1741168646.977694,82.93
9390,1741168649.070444,82.52
9391,1741168651.231836,82.12
9392,1741168653.328008,81.72
9393,1741168655.407848,81.31
9394,1741168657.519752,80.91
9395,1741168659.604697,80.50
9396,1741168661.744792,80.10
9397,1741168663.835759,79.69
9398,1741168665.926663,79.29
9399,1741168668.049392,78.88
9400,1741168670.143984,78.48
9401,1741168672.295957,78.07
9402,1741168674.397915,77.67
9403,1741168676.683879,77.27
9404,1741168678.955349,76.86
9405,1741168681.227880,76.46
9406,1741168683.390191,76.05
9407,1741168685.650565,75.65
9408,1741168687.910833,75.24
9409,1741168690.194385,74.84
9410,1741168692.462723,74.43
9411,1741168694.740385,74.03
9412,1741168697.000292,73.63
9413,1741168699.235095,73.22
9414,1741168701.476172,72.82
9415,1741168703.712184,72.41
9416,1741168705.994354,72.01
9417,1741168708.241376,71.60
9418,1741168710.490160,71.20
9419,1741168712.722019,70.79
9420,1741168714.953827,70.39
9421,1741168717.244728,69.99
9422,1741168719.484105,69.58
9423,1741168721.718301,69.18
9424,1741168723.975508,68.77
9425,1741168726.226498,68.37
9426,1741168728.513758,67.96
9427,1741168730.761157,67.56
9428,1741168732.889311,67.15
9429,1741168735.002858,66.75
9430,1741168737.133587,66.34
9431,1741168739.271106,65.94
9432,1741168741.436019,65.54
9433,1741168743.543963,65.13
9434,1741168745.660691,64.73
9435,1741168747.758241,64.32
9436,1741168749.933706,63.92
9437,1741168752.053644,63.51
9438,1741168754.160226,63.11
9439,1741168756.276456,62.70
9440,1741168758.389704,62.30
9441,1741168760.538465,61.89
9442,1741168762.622435,61.49
9443,1741168764.730239,61.08
9444,1741168766.822705,60.68
9445,1741168768.986007,60.27
9446,1741168771.097021,59.87
9447,1741168773.195544,59.47
9448,1741168775.312768,59.06
9449,1741168777.413751,58.66
9450,1741168779.591420,58.25
9451,1741168781.701380,57.85
9452,1741168783.838494,57.44
9453,1741168785.948421,57.04
9454,1741168788.066996,56.63
9455,1741168790.203123,56.23
9456,1741168792.332247,55.82
9457,1741168794.446481,55.42
9458,1741168796.587716,55.01
9459,1741168798.747255,54.61
9460,1741168800.890996,54.20
9461,1741168803.011428,53.80
9462,1741168805.149383,53.39
9463,1741168807.265835,52.99
9464,1741168809.442191,52.58
9465,1741168811.553487,52.18
9466,1741168813.684642,51.77
9467,1741168815.781610,51.37
9468,1741168817.905857,50.97
9469,1741168820.043964,50.57
9470,1741168822.181865,50.16
9471,1741168824.284586,49.76
9472,1741168826.426316,49.35
9473,1741168828.548409,48.95
9474,1741168830.718577,48.55
9475,1741168832.832142,48.14
9476,1741168834.968977,47.75
9477,1741168837.080988,47.35
9478,1741168839.254031,46.94
9479,1741168841.352732,46.54
9480,1741168843.475507,46.13
9481,1741168845.581211,45.73
9482,1741168847.681835,45.32
9483,1741168849.829396,44.92
9484,1741168851.925839,44.51
9485,1741168854.029571,44.11
9486,1741168856.127403,43.71
9487,1741168858.232712,43.30
9488,1741168860.394846,42.90
9489,1741168862.503894,42.49
9490,1741168864.627264,42.09
9491,1741168866.730808,41.69
9492,1741168868.851726,41.28
9493,1741168870.988534,40.88
9494,1741168873.125535,40.47
9495,1741168875.241465,40.07
9496,1741168877.373077,39.66
9497,1741168879.487616,39.26
9498,1741168881.678087,38.86
9499,1741168883.809988,38.45
9500,1741168885.949941,38.05
9501,1741168888.080523,37.64
9502,1741168890.214113,37.24
9503,1741168892.357704,36.83
9504,1741168894.486035,36.43
9505,1741168896.588420,36.03
9506,1741168898.722675,35.62
9507,1741168900.821344,35.22
9508,1741168902.971716,34.82
9509,1741168905.075787,34.41
9510,1741168907.179424,34.01
9511,1741168909.311109,33.60
9512,1741168911.415892,33.20
9513,1741168913.582243,32.79
9514,1741168915.688737,32.39
9515,1741168917.806204,31.99
9516,1741168919.899469,31.58
9517,1741168921.995205,31.18
9518,1741168924.150333,30.77
9519,1741168926.234035,30.37
9520,1741168928.347660,29.96
9521,1741168930.431115,29.56
9522,1741168932.520831,29.15
9523,1741168934.671367,28.75
9524,1741168936.776557,28.34
9525,1741168938.914915,27.94
9526,1741168941.036011,27.53
9527,1741168943.171939,27.13
9528,1741168945.476827,26.72
9529,1741168947.755111,26.32
9530,1741168950.026468,25.91
9531,1741168952.310179,25.51
9532,1741168954.478973,25.11
9533,1741168956.743231,24.70
9534,1741168959.015224,24.30
9535,1741168961.263609,23.90
9536,1741168963.511461,23.50
9537,1741168965.803627,23.09
9538,1741168967.915281,22.69
9539,1741168970.020151,22.29
9540,1741168972.261400,21.89
9541,1741168974.498923,21.48
9542,1741168976.777280,21.08
9543,1741168979.021133,20.67
9544,1741168981.272881,20.27
9545,1741168983.512343,19.86
9546,1741168985.744933,19.46
9547,1741168988.012065,19.05
9548,1741168990.247214,18.65
9549,1741168992.487574,18.24
9550,1741168994.707774,17.84
9551,1741168996.930076,17.43
9552,1741168999.195235,17.03
9553,1741169001.418430,16.63
9554,1741169003.645295,16.22
9555,1741169005.874760,15.82
9556,1741169008.109451,15.41
9557,1741169010.364734,15.01
9558,1741169012.579027,14.61
9559,1741169014.812522,14.20
9560,1741169016.896367,13.81
9561,1741169018.985336,13.40
9562,1741169021.107020,13.00
9563,1741169023.190310,12.59
9564,1741169025.279964,12.19
9565,1741169027.367161,11.78
9566,1741169029.431268,11.38
9567,1741169031.684903,10.97
9568,1741169033.910934,10.57
9569,1741169036.133054,10.16
9570,1741169038.329903,9.76
9571,1741169040.535052,9.35
9572,1741169042.780589,8.95
9573,1741169044.981726,8.54
9574,1741169047.043308,8.14
9575,1741169049.101317,7.74
9576,1741169051.304266,7.33
9577,1741169053.527029,6.92
9578,1741169055.725934,6.52
9579,1741169057.922040,6.12
9580,1741169059.965418,5.71
9581,1741169061.997509,5.31
9582,1741169064.072550,4.90
9583,1741169066.123870,4.50
9584,1741169068.181193,4.09
9585,1741169070.223911,3.70
9586,1741169072.248456,3.29
9587,1741169074.299187,2.89
9588,1741169076.321451,2.50
9589,1741169078.324549,2.10
9590,1741169080.342639,1.71
9591,1741169082.346889,1.34
9592,1741169084.392068,0.96
9593,1741169086.400613,0.57
9594,1741169088.411032,0.32
9595,1741169090.416525,0.34
9596,1741169092.444056,0.34
9597,1741169094.527217,0.34
9598,1741169096.541201,0.34
9599,1741169098.550411,0.34
9600,1741169100.580896,0.34
9601,1741169102.759622,0.34
9602,1741169104.980326,0.34
9603,1741169107.164141,0.34
9604,1741169109.322482,0.34
9605,1741169111.348618,0.34
9606,1741169113.379051,0.34
9607,1741169115.462816,0.34
9608,1741169117.482499,0.34
9609,1741169119.504228,0.34
9610,1741169121.557119,0.34
9611,1741169123.721832,0.34
9612,1741169125.927981,0.34
9613,1741169127.956670,0.34
9614,1741169129.994250,0.34
9615,1741169132.025333,0.34
9616,1741169134.052646,0.34
9617,1741169136.126965,0.34
9618,1741169138.146554,0.38
9619,1741169140.160899,0.64
9620,1741169142.172716,0.97
9621,1741169144.193759,1.29
9622,1741169146.387697,1.62
9623,1741169148.549474,1.93
9624,1741169150.719795,2.27
9625,1741169152.881118,2.60
9626,1741169154.910274,2.94
9627,1741169156.981575,3.28
9628,1741169159.008561,3.62
9629,1741169161.082917,3.95
9630,1741169163.113383,4.29
9631,1741169165.159010,4.63
9632,1741169167.229066,4.98
9633,1741169169.416899,5.32
9634,1741169171.604773,5.66
9635,1741169173.656438,6.00
9636,1741169175.713082,6.35
9637,1741169177.808447,6.69
9638,1741169179.896752,7.03
9639,1741169181.970610,7.37
9640,1741169184.170669,7.72
9641,1741169186.366177,8.06
9642,1741169188.601410,8.40
9643,1741169190.802091,8.74
9644,1741169193.005404,9.08
9645,1741169195.086294,9.43
9646,1741169197.177470,9.77
9647,1741169199.298701,10.11
9648,1741169201.378826,10.45
9649,1741169203.464343,10.80
9650,1741169205.562719,11.14
9651,1741169207.639880,11.48
9652,1741169209.744962,11.82
9653,1741169211.971381,12.17
9654,1741169214.204780,12.51
9655,1741169216.293607,12.85
9656,1741169218.392601,13.19
9657,1741169220.520684,13.53
9658,1741169222.631655,13.88
9659,1741169224.720425,14.21
9660,1741169226.805272,14.56
9661,1741169228.891087,14.89
9662,1741169231.016143,15.23
9663,1741169233.102229,15.58
9664,1741169235.315339,15.92
9665,1741169237.536319,16.26
9666,1741169239.619796,16.60
9667,1741169241.761328,16.94
9668,1741169243.860447,17.29
9669,1741169245.970850,17.63
9670,1741169248.087986,17.97
9671,1741169250.216798,18.31
9672,1741169252.365310,18.66
9673,1741169254.498010,19.00
9674,1741169256.602889,19.34
9675,1741169258.699689,19.68
9676,1741169260.820482,20.02
9677,1741169262.941959,20.37
9678,1741169265.047341,20.71
9679,1741169267.156479,21.05
9680,1741169269.258063,21.39
9681,1741169271.383735,21.73
9682,1741169273.532815,22.08
9683,1741169275.653265,22.41
9684,1741169277.765824,22.76
9685,1741169279.903372,23.10
9686,1741169282.069277,23.44
9687,1741169284.200102,23.78
9688,1741169286.317915,24.12
9689,1741169288.438830,24.46
9690,1741169290.547653,24.80
9691,1741169292.708722,25.14
9692,1741169294.825303,25.48
9693,1741169296.973108,25.82
9694,1741169299.090741,26.17
9695,1741169301.221518,26.51
9696,1741169303.365882,26.85
9697,1741169305.493951,27.19
9698,1741169307.613506,27.54
9699,1741169309.756151,27.88
9700,1741169311.853735,28.22
9701,1741169314.012919,28.56
9702,1741169316.255494,28.90
9703,1741169318.512394,29.25
9704,1741169320.768665,29.59
9705,1741169323.011143,29.93
9706,1741169325.284652,30.27
9707,1741169327.502569,30.62
9708,1741169329.640273,30.96
9709,1741169331.746793,31.30
9710,1741169333.868351,31.64
9711,1741169336.008969,31.99
9712,1741169338.129517,32.33
9713,1741169340.236359,32.67
9714,1741169342.374698,33.01
9715,1741169344.484248,33.35
9716,1741169346.646789,33.70
9717,1741169348.756548,34.04
9718,1741169350.867197,34.38
9719,1741169353.005880,34.72
9720,1741169355.112933,35.06
9721,1741169357.271970,35.40
9722,1741169359.393543,35.75
9723,1741169361.537354,36.09
9724,1741169363.644478,36.43
9725,1741169365.890979,36.77
9726,1741169368.160351,37.11
9727,1741169370.463035,37.45
9728,1741169372.694175,37.80
9729,1741169374.941822,38.14
9730,1741169377.219741,38.48
9731,1741169379.466594,38.82
9732,1741169381.703835,39.17
9733,1741169383.952158,39.50
9734,1741169386.204853,39.85
9735,1741169388.376693,40.19
9736,1741169390.504760,40.53
9737,1741169392.652556,40.87
9738,1741169394.774183,41.22
9739,1741169396.903202,41.56
9740,1741169399.051667,41.90
9741,1741169401.181704,42.24
9742,1741169403.299074,42.58
9743,1741169405.413459,42.92
9744,1741169407.560629,43.27
9745,1741169409.689890,43.61
9746,1741169411.808824,43.95
9747,1741169413.934027,44.29
9748,1741169416.192065,44.63
9749,1741169418.475393,44.98
9750,1741169420.711331,45.32
9751,1741169422.954767,45.66
9752,1741169425.058624,46.00
9753,1741169427.186954,46.34
9754,1741169429.340457,46.69
9755,1741169431.457994,47.03
9756,1741169433.599619,47.37
9757,1741169435.725961,47.71
9758,1741169437.874832,48.05
9759,1741169440.041378,48.38
9760,1741169442.157880,48.72
9761,1741169444.277447,49.07
9762,1741169446.398363,49.41
9763,1741169448.549599,49.75
9764,1741169450.722711,50.09
9765,1741169452.880115,50.43
9766,1741169455.044414,50.78
9767,1741169457.142312,51.12
9768,1741169459.303234,51.45
9769,1741169461.409770,51.80
9770,1741169463.548340,52.14
9771,1741169465.677805,52.48
9772,1741169467.933502,52.82
9773,1741169470.211774,53.16
9774,1741169472.459425,53.51
9775,1741169474.717522,53.85
9776,1741169476.969095,54.19
9777,1741169479.231406,54.53
9778,1741169481.497154,54.88
9779,1741169483.737566,55.22
9780,1741169485.980647,55.56
9781,1741169488.224185,55.90
9782,1741169490.475352,56.25
9783,1741169492.751430,56.59
9784,1741169495.002312,56.93
9785,1741169497.251850,57.27
9786,1741169499.484995,57.62
9787,1741169501.734913,57.96
9788,1741169504.027600,58.30
9789,1741169506.281937,58.64
9790,1741169508.551626,58.99
9791,1741169510.803381,59.33
9792,1741169513.051675,59.67
9793,1741169515.324599,60.01
9794,1741169517.563706,60.35
9795,1741169519.785384,60.70
9796,1741169521.971061,61.04
9797,1741169524.089719,61.38
9798,1741169526.261674,61.72
9799,1741169528.364241,62.07
9800,1741169530.617842,62.41
9801,1741169532.747572,62.75
9802,1741169534.846292,63.09
9803,1741169536.996448,63.44
9804,1741169539.098560,63.78
9805,1741169541.220949,64.12
9806,1741169543.325398,64.46
9807,1741169545.458221,64.80
9808,1741169547.610944,65.15
9809,1741169549.845420,65.49
9810,1741169552.081416,65.83
9811,1741169554.330526,66.17
9812,1741169556.586412,66.51
9813,1741169558.853515,66.86
9814,1741169560.982018,67.20
9815,1741169563.116867,67.54
9816,1741169565.251963,67.88
9817,1741169567.432819,68.23
9818,1741169569.692447,68.57
9819,1741169571.941730,68.91
9820,1741169574.189823,69.25
9821,1741169576.447002,69.59
9822,1741169578.730876,69.94
9823,1741169580.983048,70.28
9824,1741169583.237394,70.61
9825,1741169585.479435,70.95
9826,1741169587.592820,71.29
9827,1741169589.759779,71.63
9828,1741169591.879368,71.97
9829,1741169594.027263,72.31
9830,1741169596.151071,72.65
9831,1741169598.327425,73.00
9832,1741169600.458891,73.34
9833,1741169602.571970,73.68
9834,1741169604.672400,74.02
9835,1741169606.811123,74.36
9836,1741169608.964572,74.70
9837,1741169611.098866,75.05
9838,1741169613.188390,75.39
9839,1741169615.302230,75.73
9840,1741169617.396288,76.07
9841,1741169619.501680,76.41
9842,1741169621.607954,76.76
9843,1741169623.697212,77.10
9844,1741169625.788162,77.44
9845,1741169627.880387,77.78
9846,1741169629.986479,78.12
9847,1741169632.113367,78.47
9848,1741169634.250023,78.81
9849,1741169636.366156,79.15
9850,1741169638.531899,79.49
9851,1741169640.642536,79.83
9852,1741169642.791324,80.18
9853,1741169644.903176,80.52
9854,1741169647.043289,80.86
9855,1741169649.180296,81.20
9856,1741169651.303131,81.55
9857,1741169653.434496,81.89
9858,1741169655.582752,82.23
9859,1741169657.697175,82.57
9860,1741169659.863161,82.92
9861,1741169661.956721,83.26
9862,1741169664.083277,83.60
9863,1741169666.190912,83.94
9864,1741169668.281840,84.29
9865,1741169670.432818,84.63
9866,1741169672.511829,84.97
9867,1741169674.626350,85.14
9868,1741169676.713469,84.80
9869,1741169678.786584,84.46
9870,1741169680.919934,84.11
9871,1741169683.015966,83.77
9872,1741169685.235941,83.43
9873,1741169687.506252,83.09
9874,1741169689.756664,82.74
9875,1741169692.034527,82.40
9876,1741169694.282691,82.06
9877,1741169696.519726,81.72
9878,1741169698.764485,81.38
9879,1741169701.013894,81.03
9880,1741169703.299496,80.69
9881,1741169705.541205,80.35
9882,1741169707.767040,80.01
9883,1741169710.009528,79.66
9884,1741169712.254929,79.32
9885,1741169714.526211,78.98
9886,1741169716.789170,78.64
9887,1741169719.028640,78.30
9888,1741169721.268912,77.95
9889,1741169723.372525,77.61
9890,1741169725.537629,77.27
9891,1741169727.631051,76.93
9892,1741169729.759789,76.59
9893,1741169731.851065,76.24
9894,1741169733.977120,75.90
9895,1741169736.116858,75.56
9896,1741169738.239790,75.22
9897,1741169740.346543,74.88
9898,1741169742.451188,74.53
9899,1741169744.564028,74.19
9900,1741169746.697622,73.85
9901,1741169748.812702,73.51
9902,1741169750.908887,73.17
9903,1741169753.014594,72.82
9904,1741169755.171189,72.48
9905,1741169757.278507,72.14
9906,1741169759.409614,71.80
9907,1741169761.512152,71.46
9908,1741169763.638987,71.12
9909,1741169765.775861,70.78
9910,1741169767.895462,70.45
9911,1741169770.007815,70.11
9912,1741169772.121095,69.77
9913,1741169774.228515,69.42
9914,1741169776.370035,69.08
9915,1741169778.497667,68.74
9916,1741169780.599002,68.40
9917,1741169782.856234,68.05
9918,1741169785.133577,67.71
9919,1741169787.385573,67.37
9920,1741169789.633118,67.03
9921,1741169791.761927,66.69
9922,1741169793.868043,66.34
9923,1741169796.138752,66.00
9924,1741169798.384832,65.66
9925,1741169800.646740,65.32
9926,1741169802.901900,64.97
9927,1741169805.142288,64.63
9928,1741169807.415572,64.29
9929,1741169809.652891,63.95
9930,1741169811.901428,63.61
9931,1741169814.058486,63.26
9932,1741169816.160111,62.92
9933,1741169818.335784,62.58
9934,1741169820.433179,62.24
9935,1741169822.543240,61.89
9936,1741169824.642351,61.55
9937,1741169826.803535,61.21
9938,1741169828.915444,60.87
9939,1741169831.028695,60.53
9940,1741169833.128853,60.18
9941,1741169835.220807,59.84
9942,1741169837.370543,59.50
9943,1741169839.482388,59.16
9944,1741169841.587446,58.81
9945,1741169843.707422,58.47
9946,1741169845.818789,58.13
9947,1741169847.967052,57.79
9948,1741169850.081839,57.44
9949,1741169852.222341,57.10
9950,1741169854.315672,56.76
9951,1741169856.410127,56.42
9952,1741169858.555843,56.07
9953,1741169860.641425,55.73
9954,1741169862.770227,55.39
9955,1741169864.877203,55.05
9956,1741169867.042201,54.71
9957,1741169869.205214,54.36
9958,1741169871.344189,54.02
9959,1741169873.448947,53.68
9960,1741169875.579834,53.34
9961,1741169877.681313,52.99
9962,1741169879.833483,52.65
9963,1741169881.936830,52.31
9964,1741169884.054747,51.97
9965,1741169886.164418,51.62
9966,1741169888.257328,51.28
9967,1741169890.427853,50.95
9968,1741169892.545846,50.60
9969,1741169894.707534,50.26
9970,1741169896.826952,49.92
9971,1741169898.993181,49.58
9972,1741169901.164560,49.24
9973,1741169903.301111,48.90
9974,1741169905.427684,48.55
9975,1741169907.551661,48.21
9976,1741169909.670360,47.88
9977,1741169911.823329,47.54
9978,1741169913.924862,47.20
9979,1741169916.041902,46.86
9980,1741169918.142698,46.52
9981,1741169920.263614,46.17
9982,1741169922.445338,45.83
9983,1741169924.563142,45.49
9984,1741169926.665258,45.15
9985,1741169928.795235,44.80
9986,1741169930.894939,44.46
9987,1741169933.037891,44.12
9988,1741169935.168629,43.78
9989,1741169937.274972,43.44
9990,1741169939.409180,43.09
9991,1741169941.530981,42.75
9992,1741169943.648197,42.41
9993,1741169945.746952,42.07
9994,1741169947.861879,41.73
9995,1741169950.037350,41.39
9996,1741169952.218460,41.04
9997,1741169954.338934,40.70
9998,1741169956.468338,40.36
9999,1741169958.580318,40.02
10000,1741169960.675714,39.68
10001,1741169962.831640,39.33
10002,1741169964.943869,38.99
10003,1741169967.075439,38.65
10004,1741169969.167266,38.31
10005,1741169971.315156,37.97
10006,1741169973.429163,37.63
10007,1741169975.557556,37.28
10008,1741169977.669594,36.94
10009,1741169979.918358,36.60
10010,1741169982.225384,36.26
10011,1741169984.487085,35.92
10012,1741169986.750991,35.57
10013,1741169989.006245,35.23
10014,1741169991.248745,34.89
10015,1741169993.511044,34.55
10016,1741169995.756109,34.21
10017,1741169997.989647,33.87
10018,1741170000.225188,33.53
10019,1741170002.461147,33.18
10020,1741170004.734050,32.84
10021,1741170006.981528,32.50
10022,1741170009.223071,32.16
10023,1741170011.464641,31.81
10024,1741170013.731105,31.47
10025,1741170015.962640,31.13
10026,1741170018.065702,30.79
10027,1741170020.169456,30.45
10028,1741170022.257571,30.10
10029,1741170024.424369,29.76
10030,1741170026.526218,29.42
10031,1741170028.782121,29.08
10032,1741170030.903759,28.73
10033,1741170033.015486,28.39
10034,1741170035.175080,28.05
10035,1741170037.313929,27.71
10036,1741170039.412958,27.36
10037,1741170041.542814,27.02
10038,1741170043.666218,26.68
10039,1741170045.832194,26.34
10040,1741170047.922566,26.00
10041,1741170050.057053,25.65
10042,1741170052.314843,25.31
10043,1741170054.565306,24.97
10044,1741170056.842293,24.63
10045,1741170059.076023,24.29
10046,1741170061.321098,23.95
10047,1741170063.553010,23.61
10048,1741170065.797218,23.27
10049,1741170068.090359,22.93
10050,1741170070.242313,22.58
10051,1741170072.373018,22.25
10052,1741170074.516918,21.91
10053,1741170076.635836,21.56
10054,1741170078.799086,21.22
10055,1741170081.042778,20.88
10056,1741170083.272739,20.54
10057,1741170085.517298,20.20
10058,1741170087.749315,19.85
10059,1741170090.002519,19.51
10060,1741170092.226302,19.17
10061,1741170094.347389,18.83
10062,1741170096.454946,18.48
10063,1741170098.586425,18.14
10064,1741170100.727149,17.80
10065,1741170102.846887,17.46
10066,1741170104.953920,17.11
10067,1741170107.087840,16.77
10068,1741170109.219144,16.43
10069,1741170111.331066,16.09
10070,1741170113.426412,15.75
10071,1741170115.544397,15.40
10072,1741170117.645991,15.06
10073,1741170119.750672,14.72
10074,1741170121.839036,14.39
10075,1741170123.924816,14.04
10076,1741170125.986867,13.71
10077,1741170128.037365,13.36
10078,1741170130.207895,13.02
10079,1741170132.306210,12.68
10080,1741170134.385525,12.34
10081,1741170136.487494,11.99
10082,1741170138.581249,11.65
10083,1741170140.669272,11.31
10084,1741170142.749348,10.97
10085,1741170144.817102,10.62
10086,1741170146.858483,10.28
10087,1741170148.907410,9.94
10088,1741170151.021073,9.60
10089,1741170153.086295,9.26
10090,1741170155.131363,8.91
10091,1741170157.182612,8.57
10092,1741170159.242164,8.23
10093,1741170161.344558,7.89
10094,1741170163.386054,7.54
10095,1741170165.503440,7.20
10096,1741170167.584354,6.86
10097,1741170169.648850,6.52
10098,1741170171.741928,6.17
10099,1741170173.806392,5.83
10100,1741170175.875933,5.49
10101,1741170177.931993,5.15
10102,1741170179.977142,4.80
10103,1741170182.066051,4.46
10104,1741170184.173798,4.12
10105,1741170186.233043,3.79
10106,1741170188.311223,3.45
10107,1741170190.337023,3.11
10108,1741170192.446045,2.77
10109,1741170194.469849,2.44
10110,1741170196.490080,2.10
10111,1741170198.500530,1.77
10112,1741170200.517206,1.46
10113,1741170202.549780,1.14
10114,1741170204.568026,0.81
10115,1741170206.617116,0.50
10116,1741170208.663019,0.32
10117,1741170210.708384,0.34
10118,1741170212.830761,0.34
10119,1741170214.822510,0.34
10120,1741170216.818363,0.34
10121,1741170218.813215,0.34
10122,1741170220.822813,0.34
10123,1741170222.890813,0.34
10124,1741170224.915480,0.34
10125,1741170226.951669,0.34
10126,1741170228.990598,0.34
10127,1741170231.045864,0.34
10128,1741170233.132389,0.34
10129,1741170235.166045,0.34
10130,1741170237.207664,0.34
10131,1741170239.238513,0.34
10132,1741170241.262533,0.34
10133,1741170243.318018,0.34
10134,1741170245.384805,0.34
10135,1741170247.435843,0.34
10136,1741170249.488998,0.34
10137,1741170251.509319,0.34
10138,1741170253.591684,0.34
10139,1741170255.619763,0.34
10140,1741170257.648659,0.37
10141,1741170259.671277,0.62
10142,1741170261.706419,0.93
10143,1741170263.785464,1.25
10144,1741170265.816879,1.56
10145,1741170267.843953,1.86
10146,1741170269.873109,2.18
10147,1741170271.890748,2.50
10148,1741170273.951524,2.83
10149,1741170275.966114,3.15
10150,1741170277.989253,3.48
10151,1741170280.020166,3.81
10152,1741170282.052030,4.13
10153,1741170284.131610,4.46
10154,1741170286.162255,4.79
10155,1741170288.186931,5.12
10156,1741170290.215927,5.45
10157,1741170292.252833,5.78
10158,1741170294.391744,6.11
10159,1741170296.463668,6.44
10160,1741170298.516384,6.77
10161,1741170300.585262,7.10
10162,1741170302.681834,7.43
10163,1741170304.780690,7.76
10164,1741170306.864340,8.09
10165,1741170308.970326,8.42
10166,1741170311.025988,8.74
10167,1741170313.113014,9.07
10168,1741170315.219741,9.40
10169,1741170317.272483,9.73
10170,1741170319.375023,10.06
10171,1741170321.476809,10.39
10172,1741170323.571959,10.72
10173,1741170325.823003,11.05
10174,1741170328.046224,11.38
10175,1741170330.275783,11.71
10176,1741170332.485800,12.04
10177,1741170334.700552,12.37
10178,1741170336.955186,12.70
10179,1741170339.177327,13.03
10180,1741170341.391476,13.36
10181,1741170343.474411,13.69
10182,1741170345.592351,14.02
10183,1741170347.706999,14.34
10184,1741170349.791290,14.67
10185,1741170351.891465,15.00
10186,1741170353.984026,15.33
10187,1741170356.059201,15.66
10188,1741170358.180078,15.99
10189,1741170360.255972,16.32
10190,1741170362.327394,16.65
10191,1741170364.411103,16.97
10192,1741170366.484225,17.30
10193,1741170368.597331,17.63
10194,1741170370.700221,17.96
10195,1741170372.764311,18.29
10196,1741170374.821967,18.62
10197,1741170376.923891,18.95
10198,1741170379.043971,19.28
10199,1741170381.130680,19.61
10200,1741170383.214172,19.94
10201,1741170385.313940,20.27
10202,1741170387.410503,20.60
10203,1741170389.559603,20.93
10204,1741170391.668748,21.26
10205,1741170393.757015,21.59
10206,1741170395.869264,21.92
10207,1741170397.987493,22.25
10208,1741170400.096006,22.57
10209,1741170402.341926,22.90
10210,1741170404.583277,23.23
10211,1741170406.697298,23.56
10212,1741170408.820820,23.88
10213,1741170410.935485,24.21
10214,1741170413.029155,24.54
10215,1741170415.281899,24.87
10216,1741170417.534542,25.20
10217,1741170419.663165,25.53
10218,1741170421.784784,25.86
10219,1741170423.864968,26.19
10220,1741170425.959571,26.52
10221,1741170428.081009,26.85
10222,1741170430.214352,27.18
10223,1741170432.336443,27.51
10224,1741170434.427691,27.84
10225,1741170436.511399,28.17
10226,1741170438.624800,28.50
10227,1741170440.744606,28.82
10228,1741170442.859165,29.15
10229,1741170444.952369,29.48
10230,1741170447.047148,29.81
10231,1741170449.277227,30.14
10232,1741170451.553102,30.47
10233,1741170453.667750,30.80
10234,1741170455.766828,31.13
10235,1741170457.863045,31.46
10236,1741170459.984181,31.79
10237,1741170462.071276,32.12
10238,1741170464.180643,32.45
10239,1741170466.272763,32.78
10240,1741170468.361511,33.11
10241,1741170470.499958,33.44
10242,1741170472.581478,33.77
10243,1741170474.684402,34.10
10244,1741170476.785913,34.43
10245,1741170478.855294,34.76
10246,1741170480.991382,35.08
10247,1741170483.074905,35.41
10248,1741170485.170171,35.74
10249,1741170487.282051,36.07
10250,1741170489.404335,36.40
10251,1741170491.530121,36.73
10252,1741170493.614273,37.06
10253,1741170495.681262,37.39
10254,1741170497.793293,37.72
10255,1741170499.907447,38.05
10256,1741170502.025072,38.38
10257,1741170504.130924,38.71
10258,1741170506.236856,39.04
10259,1741170508.343784,39.36
10260,1741170510.465208,39.69
10261,1741170512.555388,40.02
10262,1741170514.676379,40.35
10263,1741170516.763495,40.68
10264,1741170518.871471,41.01
10265,1741170521.175987,41.34
10266,1741170523.430801,41.67
10267,1741170525.688387,42.00
10268,1741170527.955630,42.33
10269,1741170530.110931,42.66
10270,1741170532.212646,42.99
10271,1741170534.337685,43.32
10272,1741170536.435042,43.65
10273,1741170538.544237,43.97
10274,1741170540.676275,44.30
10275,1741170542.771463,44.63
10276,1741170544.878397,44.96
10277,1741170547.152299,45.29
10278,1741170549.431069,45.62
10279,1741170551.705012,45.95
10280,1741170553.963374,46.28
10281,1741170556.210560,46.61
10282,1741170558.478092,46.94
10283,1741170560.748143,47.27
10284,1741170563.027725,47.60
10285,1741170565.265502,47.92
10286,1741170567.501597,48.25
10287,1741170569.601366,48.58
10288,1741170571.714737,48.90
10289,1741170573.846277,49.23
10290,1741170575.950686,49.56
10291,1741170578.052161,49.89
10292,1741170580.151553,50.22
10293,1741170582.264898,50.55
10294,1741170584.391630,50.88
10295,1741170586.497813,51.21
10296,1741170588.600639,51.53
10297,1741170590.703028,51.86
10298,1741170592.825233,52.19
10299,1741170595.104078,52.52
10300,1741170597.372545,52.85
10301,1741170599.634129,53.18
10302,1741170601.898439,53.51
10303,1741170604.154361,53.84
10304,1741170606.286912,54.17
10305,1741170608.533760,54.50
10306,1741170610.793406,54.83
10307,1741170613.040918,55.16
10308,1741170615.298499,55.49
10309,1741170617.444525,55.82
10310,1741170619.534161,56.15
10311,1741170621.645770,56.48
10312,1741170623.735653,56.81
10313,1741170625.815443,57.14
10314,1741170627.941547,57.47
10315,1741170630.025008,57.80
10316,1741170632.099491,58.13
10317,1741170634.327222,58.46
10318,1741170636.588765,58.79
10319,1741170638.859631,59.12
10320,1741170641.100112,59.45
10321,1741170643.338513,59.78
10322,1741170645.588048,60.11
10323,1741170647.849062,60.44
10324,1741170650.089059,60.77
10325,1741170652.333381,61.10
10326,1741170654.560984,61.43
10327,1741170656.645890,61.75
10328,1741170658.789513,62.08
10329,1741170660.877412,62.41
10330,1741170662.980077,62.74
10331,1741170665.079998,63.07
10332,1741170667.168806,63.40
10333,1741170669.311377,63.73
10334,1741170671.561090,64.06
10335,1741170673.807750,64.39
10336,1741170676.044425,64.72
10337,1741170678.309116,65.05
10338,1741170680.551327,65.38
10339,1741170682.789967,65.71
10340,1741170685.024205,66.04
10341,1741170687.253030,66.37
10342,1741170689.403458,66.69
10343,1741170691.510139,67.03
10344,1741170693.629404,67.35
10345,1741170695.727025,67.68
10346,1741170697.838398,68.01
10347,1741170699.975669,68.34
10348,1741170702.068135,68.67
10349,1741170704.184277,69.00
10350,1741170706.272267,69.33
10351,1741170708.360128,69.65
10352,1741170710.509622,69.98
10353,1741170712.610064,70.31
10354,1741170714.740919,70.64
10355,1741170716.824504,70.97
10356,1741170718.975113,71.30
10357,1741170721.063333,71.63
10358,1741170723.164209,71.96
10359,1741170725.286641,72.29
10360,1741170727.374689,72.62
10361,1741170729.514568,72.95
10362,1741170731.594517,73.27
10363,1741170733.669288,73.60
10364,1741170735.778653,73.93
10365,1741170737.924737,74.26
10366,1741170740.061663,74.59
10367,1741170742.160270,74.92
10368,1741170744.253557,75.25
10369,1741170746.354297,75.58
10370,1741170748.447951,75.91
10371,1741170750.613873,76.24
10372,1741170752.705896,76.57
10373,1741170754.791429,76.90
10374,1741170756.901499,77.23
10375,1741170758.997811,77.56
10376,1741170761.138237,77.89
10377,1741170763.244327,78.22
10378,1741170765.334408,78.55
10379,1741170767.449605,78.88
10380,1741170769.529469,79.21
10381,1741170771.671772,79.54
10382,1741170773.807739,79.87
10383,1741170775.959166,80.20
10384,1741170778.096775,80.53
10385,1741170780.248785,80.86
10386,1741170782.427719,81.19
10387,1741170784.578437,81.52
10388,1741170786.673201,81.84
10389,1741170788.783396,82.01
10390,1741170790.889813,81.68
10391,1741170793.022755,81.35
10392,1741170795.144391,81.02
10393,1741170797.236146,80.69
10394,1741170799.341706,80.36
10395,1741170801.441840,80.03
10396,1741170803.556714,79.70
10397,1741170805.652342,79.37
10398,1741170807.737578,79.04
10399,1741170809.849208,78.71
10400,1741170811.973213,78.38
10401,1741170814.095271,78.05
10402,1741170816.204370,77.72
10403,1741170818.289385,77.39
10404,1741170820.382680,77.06
10405,1741170822.504098,76.73
10406,1741170824.626483,76.40
10407,1741170826.731978,76.07
10408,1741170828.824553,75.74
10409,1741170830.911958,75.41
10410,1741170833.051196,75.09
10411,1741170835.128888,74.76
10412,1741170837.254008,74.43
10413,1741170839.353303,74.10
10414,1741170841.442608,73.77
10415,1741170843.588868,73.44
10416,1741170845.671817,73.11
10417,1741170847.763609,72.78
10418,1741170849.849669,72.45
10419,1741170851.935035,72.12
10420,1741170854.072242,71.79
10421,1741170856.146297,71.46
10422,1741170858.222174,71.13
10423,1741170860.326174,70.81
10424,1741170862.440275,70.48
10425,1741170864.692775,70.15
10426,1741170866.952035,69.82
10427,1741170869.075167,69.49
10428,1741170871.295762,69.16
10429,1741170873.436666,68.83
10430,1741170875.530538,68.50
10431,1741170877.651245,68.17
10432,1741170879.751904,67.85
10433,1741170881.879905,67.52
10434,1741170884.017684,67.19
10435,1741170886.102074,66.86
10436,1741170888.213119,66.53
10437,1741170890.321866,66.21
10438,1741170892.427244,65.88
10439,1741170894.589882,65.55
10440,1741170896.693724,65.22
10441,1741170898.814479,64.89
10442,1741170900.923275,64.56
10443,1741170903.065228,64.23
10444,1741170905.152516,63.90
10445,1741170907.241564,63.57
10446,1741170909.353106,63.24
10447,1741170911.602699,62.91
10448,1741170913.886157,62.58
10449,1741170916.133338,62.25
10450,1741170918.381544,61.92
10451,1741170920.629559,61.59
10452,1741170922.889872,61.26
10453,1741170925.161690,60.93
10454,1741170927.406703,60.60
10455,1741170929.643858,60.27
10456,1741170931.872076,59.94
10457,1741170934.107899,59.61
10458,1741170936.386709,59.28
10459,1741170938.635887,58.95
10460,1741170940.862376,58.62
10461,1741170943.093384,58.29
10462,1741170945.333061,57.96
10463,1741170947.610337,57.63
10464,1741170949.720212,57.30
10465,1741170951.816027,56.97
10466,1741170953.904204,56.64
10467,1741170956.011495,56.31
10468,1741170958.147625,55.98
10469,1741170960.274521,55.65
10470,1741170962.523027,55.32
10471,1741170964.624265,54.99
10472,1741170966.738750,54.66
10473,1741170968.887618,54.33
10474,1741170970.993152,54.01
10475,1741170973.118128,53.68
10476,1741170975.217588,53.35
10477,1741170977.339610,53.02
10478,1741170979.481312,52.69
10479,1741170981.606205,52.36
10480,1741170983.729933,52.03
10481,1741170985.845186,51.70
10482,1741170987.964058,51.37
10483,1741170990.092095,51.04
10484,1741170992.212864,50.71
10485,1741170994.317237,50.39
10486,1741170996.440827,50.06
10487,1741170998.540522,49.73
10488,1741171000.679547,49.40
10489,1741171002.806151,49.07
10490,1741171004.912909,48.74
10491,1741171007.031639,48.41
10492,1741171009.144332,48.08
10493,1741171011.288189,47.76
10494,1741171013.389848,47.43
10495,1741171015.492874,47.11
10496,1741171017.612511,46.78
10497,1741171019.748589,46.45
10498,1741171021.863624,46.12
10499,1741171023.958566,45.79
10500,1741171026.056507,45.46
10501,1741171028.172335,45.13
10502,1741171030.290817,44.80
10503,1741171032.403282,44.47
10504,1741171034.498970,44.14
10505,1741171036.582368,43.81
10506,1741171038.690021,43.48
10507,1741171040.798039,43.15
10508,1741171042.882247,42.82
10509,1741171044.992831,42.49
10510,1741171047.104244,42.17
10511,1741171049.273416,41.84
10512,1741171051.388984,41.51
10513,1741171053.513496,41.18
10514,1741171055.627203,40.85
10515,1741171057.705512,40.52
10516,1741171059.868439,40.19
10517,1741171061.955553,39.86
10518,1741171064.059931,39.53
10519,1741171066.141113,39.20
10520,1741171068.223683,38.87
10521,1741171070.353789,38.54
10522,1741171072.420595,38.21
10523,1741171074.490060,37.88
10524,1741171076.576923,37.55
10525,1741171078.656287,37.22
10526,1741171080.767923,36.90
10527,1741171082.865260,36.57
10528,1741171085.007876,36.24
10529,1741171087.114469,35.91
10530,1741171089.240439,35.58
10531,1741171091.324793,35.25
10532,1741171093.435831,34.92
10533,1741171095.520193,34.59
10534,1741171097.604334,34.27
10535,1741171099.743352,33.93
10536,1741171101.825059,33.60
10537,1741171103.929008,33.28
10538,1741171106.019161,32.95
10539,1741171108.102542,32.62
10540,1741171110.237989,32.29
10541,1741171112.330283,31.96
10542,1741171114.416836,31.63
10543,1741171116.543926,31.30
10544,1741171118.642012,30.97
10545,1741171120.788678,30.64
10546,1741171122.879562,30.31
10547,1741171125.008323,29.98
10548,1741171127.108559,29.65
10549,1741171129.195317,29.32
10550,1741171131.352033,28.99
10551,1741171133.431878,28.66
10552,1741171135.526841,28.33
10553,1741171137.632440,28.00
10554,1741171139.723180,27.67
10555,1741171141.922471,27.34
10556,1741171144.070670,27.01
10557,1741171146.217639,26.68
10558,1741171148.359947,26.35
10559,1741171150.511892,26.02
10560,1741171152.685282,25.69
10561,1741171154.846401,25.36
10562,1741171156.982047,25.03
10563,1741171159.076405,24.70
10564,1741171161.178863,24.38
10565,1741171163.372512,24.05
10566,1741171165.507262,23.72
10567,1741171167.643321,23.40
10568,1741171169.779510,23.07
10569,1741171171.958654,22.74
10570,1741171174.124778,22.41
10571,1741171176.283091,22.09
10572,1741171178.420512,21.75
10573,1741171180.581744,21.42
10574,1741171182.717443,21.10
10575,1741171184.893653,20.77
10576,1741171187.012311,20.44
10577,1741171189.121633,20.11
10578,1741171191.206977,19.78
10579,1741171193.351305,19.45
10580,1741171195.429815,19.12
10581,1741171197.511471,18.79
10582,1741171199.611152,18.46
10583,1741171201.725937,18.13
10584,1741171203.874640,17.80
10585,1741171205.974348,17.47
10586,1741171208.062629,17.14
10587,1741171210.149598,16.81
10588,1741171212.246298,16.48
10589,1741171214.368067,16.15
10590,1741171216.445107,15.82
10591,1741171218.537715,15.49
10592,1741171220.628873,15.16
10593,1741171222.745665,14.83
10594,1741171224.840446,14.51
10595,1741171226.925374,14.18
10596,1741171229.003721,13.85
10597,1741171231.097804,13.53
10598,1741171233.211861,13.20
10599,1741171235.283593,12.87
10600,1741171237.376619,12.54
10601,1741171239.466964,12.21
10602,1741171241.558031,11.88
10603,1741171243.681549,11.55
10604,1741171245.768160,11.22
10605,1741171247.871197,10.89
10606,1741171249.946611,10.56
10607,1741171252.009943,10.23
10608,1741171254.149078,9.90
10609,1741171256.223572,9.57
10610,1741171258.288828,9.24
10611,1741171260.348483,8.91
10612,1741171262.430818,8.58
10613,1741171264.515603,8.25
10614,1741171266.559963,7.92
10615,1741171268.586512,7.59
10616,1741171270.627455,7.26
10617,1741171272.691870,6.93
10618,1741171274.784883,6.60
10619,1741171276.822263,6.27
10620,1741171278.860069,5.94
10621,1741171280.916349,5.61
10622,1741171282.977129,5.28
10623,1741171285.067556,4.95
10624,1741171287.102816,4.62
10625,1741171289.288362,4.29
10626,1741171291.466788,3.97
10627,1741171293.669450,3.64
10628,1741171295.835895,3.31
10629,1741171297.980792,2.99
10630,1741171300.147965,2.67
10631,1741171302.310064,2.34
10632,1741171304.492028,2.02
10633,1741171306.638158,1.71
10634,1741171308.768742,1.40
10635,1741171310.915241,1.09
10636,1741171313.050162,0.78
10637,1741171315.228275,0.48
10638,1741171317.379077,0.32
