0.000000 -0.000000 -0.000000 -0.000000 0.000000 0.000000 0.000000 1.000000
1.000000 -0.031239 0.000264 -0.051347 -0.001454 0.069840 -0.000350 0.997557
2.000000 -0.039610 -0.000380 -0.085682 -0.004479 0.143075 -0.000820 0.989701
3.000000 -0.040105 -0.002252 -0.117432 -0.008540 0.215934 -0.001528 0.976369
4.000000 -0.047349 -0.005282 -0.150952 -0.013019 0.284437 -0.002391 0.958603
5.000000 -0.061120 -0.008036 -0.184522 -0.017383 0.345451 -0.003157 0.938270
6.000000 -0.078514 -0.009885 -0.217682 -0.021295 0.397305 -0.003513 0.917433
7.000000 -0.089148 -0.011634 -0.253977 -0.025830 0.423872 -0.004411 0.905343
8.000000 -0.089846 -0.013701 -0.294201 -0.030869 0.429139 -0.006161 0.902690
9.000000 -0.089038 -0.016400 -0.335063 -0.036262 0.431259 -0.008357 0.901460
10.000000 -0.087655 -0.018992 -0.376303 -0.040639 0.431566 -0.010284 0.901107
11.000000 -0.085262 -0.021083 -0.418021 -0.043548 0.429406 -0.011702 0.901985
12.000000 -0.082221 -0.022787 -0.460028 -0.045340 0.425560 -0.012714 0.903704
13.000000 -0.078284 -0.024080 -0.502181 -0.046371 0.420827 -0.013446 0.905855
14.000000 -0.073595 -0.025065 -0.544329 -0.046996 0.415997 -0.014023 0.908043
15.000000 -0.069052 -0.026041 -0.586326 -0.047573 0.411863 -0.014553 0.909887
16.000000 -0.065903 -0.027439 -0.628051 -0.048464 0.409220 -0.015137 0.911022
17.000000 -0.064997 -0.029611 -0.669468 -0.049884 0.408396 -0.015836 0.911303
18.000000 -0.065712 -0.032525 -0.710685 -0.051737 0.408706 -0.016641 0.911047
19.000000 -0.067364 -0.036117 -0.751781 -0.053920 0.409574 -0.017550 0.910513
20.000000 -0.069845 -0.039697 -0.792799 -0.056000 0.410882 -0.018386 0.909781
21.000000 -0.071809 -0.032640 -0.834339 -0.052205 0.411971 -0.016575 0.909549
22.000000 -0.074211 -0.018331 -0.875922 -0.045152 0.413335 -0.013255 0.909362
23.000000 -0.078117 -0.002242 -0.917110 -0.038017 0.415424 -0.009835 0.908780
24.000000 -0.083444 0.015545 -0.957849 -0.030856 0.418123 -0.006357 0.907844
25.000000 -0.090057 0.034843 -0.998098 -0.023587 0.421285 -0.002806 0.906617
26.000000 -0.098408 0.050634 -1.037999 -0.016126 0.424762 0.000827 0.905161
27.000000 -0.107677 0.065513 -1.077624 -0.008392 0.428406 0.004554 0.903536
28.000000 -0.117041 0.082683 -1.116864 -0.000316 0.432064 0.008414 0.901803
29.000000 -0.126200 0.102477 -1.155655 0.008163 0.435586 0.012459 0.900024
30.000000 -0.134992 0.124046 -1.194025 0.016694 0.438888 0.016541 0.898234
31.000000 -0.145213 0.132051 -1.233457 0.019716 0.442728 0.017931 0.896260
32.000000 -0.155037 0.132421 -1.273699 0.019861 0.446364 0.017869 0.894453
33.000000 -0.162615 0.133813 -1.314070 0.020348 0.449101 0.017971 0.893069
34.000000 -0.167712 0.136673 -1.354580 0.021296 0.450912 0.018329 0.892126
35.000000 -0.170164 0.141083 -1.395249 0.022698 0.451798 0.018961 0.891630
36.000000 -0.169803 0.147131 -1.436075 0.024551 0.451759 0.019874 0.891580
37.000000 -0.166452 0.154912 -1.477033 0.026863 0.450793 0.021054 0.891976
38.000000 -0.159941 0.164516 -1.518076 0.029631 0.448893 0.022504 0.892810
39.000000 -0.150104 0.176026 -1.559131 0.032851 0.446057 0.024234 0.894073
40.000000 -0.136777 0.189527 -1.600098 0.036519 0.442278 0.026246 0.895750
41.000000 -0.120609 0.202958 -1.641059 0.040058 0.437791 0.028233 0.897740
42.000000 -0.104560 0.208591 -1.682730 0.041447 0.433478 0.029171 0.899738
43.000000 -0.089951 0.205018 -1.725241 0.040489 0.429670 0.028964 0.901613
44.000000 -0.077456 0.193293 -1.768370 0.037634 0.426473 0.027830 0.903289
45.000000 -0.067784 0.174620 -1.811819 0.033330 0.423988 0.025971 0.904682
46.000000 -0.061491 0.150890 -1.855271 0.028026 0.422316 0.023586 0.905708
47.000000 -0.058642 0.125492 -1.898466 0.022165 0.421566 0.020873 0.906287
48.000000 -0.059837 0.100291 -1.941257 0.016183 0.421847 0.018049 0.906343
49.000000 -0.065811 0.076249 -1.983575 0.010405 0.423260 0.015288 0.905820
50.000000 -0.077070 0.052857 -2.025412 0.004800 0.425852 0.012595 0.904693
51.000000 -0.093041 0.031960 -2.066698 -0.000148 0.429422 0.010210 0.903046
52.000000 -0.110309 0.022322 -2.107506 -0.002519 0.433169 0.009069 0.901264
53.000000 -0.127613 0.024663 -2.148014 -0.002225 0.436830 0.009232 0.899494
54.000000 -0.144529 0.036705 -2.188238 0.000183 0.440328 0.010440 0.897776
55.000000 -0.160659 0.056292 -2.228127 0.004157 0.443584 0.012424 0.896137
56.000000 -0.175584 0.081140 -2.267641 0.009152 0.446517 0.014910 0.894604
57.000000 -0.188854 0.108785 -2.306810 0.014628 0.449050 0.017624 0.893213
58.000000 -0.199992 0.136575 -2.345783 0.020043 0.451113 0.020300 0.892011
59.000000 -0.208578 0.162279 -2.384791 0.024970 0.452652 0.022730 0.891048
60.000000 -0.214464 0.185438 -2.423979 0.029336 0.453666 0.024886 0.890341
61.000000 -0.217556 0.205951 -2.463452 0.033136 0.454158 0.026773 0.889902
62.000000 -0.217762 0.223720 -2.503295 0.036367 0.454133 0.028398 0.889738
63.000000 -0.214989 0.238649 -2.543570 0.039029 0.453594 0.029766 0.889856
64.000000 -0.209142 0.250642 -2.584319 0.041119 0.452544 0.030880 0.890258
65.000000 -0.200124 0.259601 -2.625562 0.042636 0.450983 0.031742 0.890948
66.000000 -0.187833 0.265428 -2.667296 0.043580 0.448911 0.032356 0.891926
67.000000 -0.172167 0.268021 -2.709494 0.043950 0.446328 0.032724 0.893190
68.000000 -0.152981 0.267275 -2.752109 0.043744 0.443224 0.032847 0.894740
69.000000 -0.129824 0.263058 -2.795083 0.042955 0.439543 0.032725 0.896597
70.000000 -0.102112 0.255240 -2.838324 0.041578 0.435206 0.032358 0.898788
71.000000 -0.070471 0.244442 -2.881595 0.039731 0.430324 0.031794 0.901239
72.000000 -0.037279 0.232362 -2.924574 0.037700 0.425268 0.031148 0.903745
73.000000 -0.005192 0.220878 -2.967065 0.035784 0.420428 0.030536 0.906105
74.000000 0.022930 0.211980 -3.009019 0.034284 0.416204 0.030077 0.908127
75.000000 0.044055 0.207772 -3.050497 0.033503 0.412999 0.029890 0.909624
76.000000 0.055185 0.210351 -3.091587 0.033744 0.411217 0.030086 0.910416
77.000000 0.053521 0.221599 -3.132293 0.035287 0.411245 0.030765 0.910322
78.000000 0.039577 0.237172 -3.172819 0.037487 0.413003 0.031645 0.909407
79.000000 0.017375 0.246236 -3.213758 0.038797 0.415950 0.032059 0.907994
80.000000 -0.012223 0.247118 -3.255090 0.039047 0.419967 0.031921 0.906137
81.000000 -0.048027 0.240537 -3.296549 0.038407 0.424885 0.031305 0.903890
82.000000 -0.086868 0.226136 -3.337979 0.036876 0.430276 0.030227 0.901437
83.000000 -0.125760 0.204300 -3.379303 0.034436 0.435701 0.028710 0.898974
84.000000 -0.162065 0.176206 -3.420538 0.031066 0.440723 0.026782 0.896706
85.000000 -0.192552 0.141767 -3.461819 0.026747 0.444909 0.024456 0.894842
86.000000 -0.213656 0.100478 -3.503338 0.021471 0.447823 0.021725 0.893600
87.000000 -0.221749 0.052064 -3.545247 0.015262 0.449040 0.018589 0.893188
88.000000 -0.217914 0.005470 -3.587260 0.009302 0.448716 0.015620 0.893490
89.000000 -0.209522 -0.018639 -3.629150 0.006177 0.447765 0.014076 0.894019
90.000000 -0.200795 -0.009024 -3.671149 0.007202 0.446705 0.014581 0.894533
91.000000 -0.192255 0.036287 -3.712938 0.012506 0.445581 0.017185 0.894989
92.000000 -0.178138 0.105047 -3.753870 0.020496 0.443697 0.021119 0.895694
93.000000 -0.153510 0.184136 -3.793462 0.029574 0.440502 0.025619 0.896898
94.000000 -0.121100 0.266510 -3.831224 0.038994 0.436387 0.030323 0.898402
95.000000 -0.085728 0.346469 -3.867105 0.048208 0.431975 0.034965 0.899917
96.000000 -0.052640 0.419021 -3.901651 0.056697 0.427898 0.039290 0.901191
97.000000 -0.025453 0.485516 -3.935275 0.064503 0.424486 0.043306 0.902095
98.000000 -0.004282 0.549846 -3.967990 0.071947 0.421660 0.047153 0.902664
99.000000 0.015053 0.605245 -4.001086 0.078217 0.419017 0.050456 0.903195
100.000000 0.044570 0.611246 -4.041202 0.078749 0.415540 0.051159 0.904714
101.000000 0.091307 0.533977 -4.092580 0.069896 0.410740 0.047663 0.907819
102.000000 0.135685 0.406358 -4.147174 0.055664 0.406550 0.041716 0.910977
103.000000 0.155590 0.271098 -4.198669 0.041050 0.405068 0.035382 0.912679
104.000000 0.152561 0.141946 -4.246284 0.027563 0.405968 0.029324 0.913001
105.000000 0.138794 0.020950 -4.290212 0.014971 0.407796 0.023569 0.912646
106.000000 0.122333 -0.087939 -4.330957 0.003288 0.409622 0.018233 0.912067
107.000000 0.106934 -0.189399 -4.369213 -0.007781 0.411207 0.013222 0.911413
108.000000 0.093955 -0.294280 -4.404856 -0.019027 0.412602 0.008160 0.910676
109.000000 0.081681 -0.405269 -4.437524 -0.030624 0.413982 0.002940 0.909765
110.000000 0.059423 -0.488608 -4.470811 -0.039166 0.416344 -0.000897 0.908363
111.000000 0.019445 -0.510878 -4.510046 -0.041388 0.420442 -0.001800 0.906373
112.000000 -0.023894 -0.496435 -4.553008 -0.039930 0.424813 -0.000925 0.904400
113.000000 -0.053167 -0.480907 -4.595798 -0.038412 0.427726 -0.000014 0.903092
114.000000 -0.067834 -0.474032 -4.637697 -0.037761 0.429170 0.000427 0.902434
115.000000 -0.077063 -0.470764 -4.679271 -0.037452 0.430070 0.000646 0.902018
116.000000 -0.084941 -0.468801 -4.720724 -0.037260 0.430831 0.000773 0.901663
117.000000 -0.091522 -0.468114 -4.762068 -0.037188 0.431461 0.000830 0.901364
118.000000 -0.096777 -0.468725 -4.803308 -0.037240 0.431961 0.000823 0.901123
119.000000 -0.100680 -0.470657 -4.844446 -0.037415 0.432331 0.000754 0.900938
120.000000 -0.103211 -0.473932 -4.885485 -0.037714 0.432570 0.000620 0.900811
121.000000 -0.104346 -0.478573 -4.926423 -0.038136 0.432679 0.000423 0.900741
122.000000 -0.104061 -0.484601 -4.967255 -0.038680 0.432658 0.000161 0.900728
123.000000 -0.102332 -0.492039 -5.007976 -0.039348 0.432506 -0.000165 0.900772
124.000000 -0.099137 -0.500909 -5.048578 -0.040139 0.432224 -0.000556 0.900872
125.000000 -0.094451 -0.511234 -5.089048 -0.041053 0.431812 -0.001010 0.901028
126.000000 -0.088251 -0.523036 -5.129375 -0.042090 0.431268 -0.001529 0.901240
127.000000 -0.080514 -0.536338 -5.169541 -0.043249 0.430593 -0.002113 0.901507
128.000000 -0.071216 -0.551160 -5.209529 -0.044532 0.429787 -0.002762 0.901827
129.000000 -0.060518 -0.567336 -5.249336 -0.045921 0.428864 -0.003468 0.902195
130.000000 -0.049041 -0.584222 -5.289009 -0.047360 0.427879 -0.004201 0.902585
131.000000 -0.037495 -0.601081 -5.328615 -0.048786 0.426893 -0.004930 0.902972
132.000000 -0.026612 -0.617154 -5.368237 -0.050138 0.425966 -0.005621 0.903331
133.000000 -0.017145 -0.631660 -5.407975 -0.051353 0.425160 -0.006241 0.903638
134.000000 -0.009824 -0.643844 -5.447933 -0.052372 0.424535 -0.006759 0.903870
135.000000 -0.005059 -0.653286 -5.488186 -0.053162 0.424123 -0.007157 0.904015
136.000000 -0.003091 -0.659754 -5.528783 -0.053705 0.423943 -0.007424 0.904065
137.000000 -0.004164 -0.663008 -5.569765 -0.053984 0.424015 -0.007550 0.904013
138.000000 -0.008528 -0.662802 -5.611164 -0.053982 0.424357 -0.007527 0.903853
139.000000 -0.016251 -0.659083 -5.652973 -0.053697 0.424972 -0.007353 0.903583
140.000000 -0.026931 -0.652280 -5.695118 -0.053168 0.425822 -0.007048 0.903216
141.000000 -0.040095 -0.642900 -5.737511 -0.052439 0.426864 -0.006636 0.902770
142.000000 -0.055251 -0.631465 -5.780062 -0.051555 0.428057 -0.006141 0.902259
143.000000 -0.071895 -0.618516 -5.822689 -0.050560 0.429356 -0.005587 0.901702
144.000000 -0.089537 -0.604574 -5.865320 -0.049496 0.430721 -0.004996 0.901113
145.000000 -0.108000 -0.589829 -5.907923 -0.048378 0.432138 -0.004376 0.900498
146.000000 -0.127292 -0.574272 -5.950484 -0.047207 0.433607 -0.003728 0.899857
147.000000 -0.147425 -0.557893 -5.992989 -0.045982 0.435126 -0.003051 0.899189
148.000000 -0.168410 -0.540680 -6.035425 -0.044704 0.436697 -0.002345 0.898494
149.000000 -0.190256 -0.522622 -6.077776 -0.043372 0.438318 -0.001611 0.897771
150.000000 -0.212976 -0.503710 -6.120027 -0.041986 0.439990 -0.000847 0.897020
151.000000 -0.236579 -0.483933 -6.162162 -0.040547 0.441712 -0.000054 0.896240
152.000000 -0.261077 -0.463278 -6.204164 -0.039053 0.443485 0.000766 0.895430
153.000000 -0.286482 -0.441736 -6.246015 -0.037504 0.445308 0.001614 0.894590
154.000000 -0.312803 -0.419297 -6.287699 -0.035901 0.447180 0.002489 0.893720
155.000000 -0.339551 -0.396302 -6.329200 -0.034268 0.449067 0.003380 0.892834
156.000000 -0.356610 -0.379872 -6.370665 -0.033107 0.450263 0.004006 0.892273
157.000000 -0.360085 -0.372552 -6.412292 -0.032588 0.450513 0.004275 0.892165
158.000000 -0.350734 -0.373553 -6.454136 -0.032645 0.449888 0.004227 0.892478
159.000000 -0.329347 -0.382056 -6.496139 -0.033210 0.448460 0.003899 0.893177
160.000000 -0.296770 -0.397193 -6.538165 -0.034217 0.446298 0.003332 0.894224
161.000000 -0.254503 -0.417630 -6.580024 -0.035597 0.443468 0.002561 0.895579
162.000000 -0.203656 -0.442315 -6.621520 -0.037279 0.440039 0.001617 0.897203
163.000000 -0.145069 -0.470387 -6.662463 -0.039193 0.436080 0.000535 0.899054
164.000000 -0.079615 -0.500959 -6.702675 -0.041271 0.431658 -0.000654 0.901092
165.000000 -0.008733 -0.532741 -6.742039 -0.043417 0.426880 -0.001896 0.903264
166.000000 0.055891 -0.557221 -6.781197 -0.045062 0.422534 -0.002887 0.905222
167.000000 0.109201 -0.570752 -6.820803 -0.045967 0.418959 -0.003500 0.906834
168.000000 0.151067 -0.573205 -6.861192 -0.046133 0.416162 -0.003735 0.908112
169.000000 0.181370 -0.564451 -6.902589 -0.045561 0.414143 -0.003591 0.909064
170.000000 0.199987 -0.544355 -6.945101 -0.044254 0.412905 -0.003065 0.909693
171.000000 0.206786 -0.512777 -6.988721 -0.042210 0.412448 -0.002158 0.910000
172.000000 0.201626 -0.469575 -7.033325 -0.039429 0.412768 -0.000875 0.909982
173.000000 0.186384 -0.415930 -7.078537 -0.035993 0.413732 0.000736 0.909687
174.000000 0.168944 -0.362246 -7.123346 -0.032573 0.414827 0.002347 0.909314
175.000000 0.146588 -0.313018 -7.167605 -0.029449 0.416228 0.003832 0.908775
176.000000 0.120491 -0.269752 -7.211296 -0.026703 0.417862 0.005147 0.908104
177.000000 0.092018 -0.233938 -7.254435 -0.024418 0.419645 0.006248 0.907339
178.000000 0.062447 -0.207014 -7.297029 -0.022675 0.421493 0.007095 0.906520
179.000000 0.032737 -0.189911 -7.339050 -0.021557 0.423326 0.007647 0.905689
180.000000 0.004508 -0.183948 -7.380635 -0.021146 0.425059 0.007864 0.904884
181.000000 -0.020823 -0.190653 -7.421804 -0.021526 0.426610 0.007707 0.904147
182.000000 -0.041814 -0.211581 -7.462523 -0.022776 0.427895 0.007132 0.903513
183.000000 -0.059140 -0.246907 -7.502705 -0.024894 0.428957 0.006141 0.902961
184.000000 -0.080214 -0.286745 -7.542490 -0.027271 0.430238 0.005032 0.902290
185.000000 -0.103235 -0.325960 -7.582029 -0.029598 0.431623 0.003951 0.901560
186.000000 -0.131214 -0.362076 -7.621384 -0.031729 0.433288 0.002974 0.900692
187.000000 -0.167402 -0.392602 -7.660606 -0.033525 0.435420 0.002181 0.899601
188.000000 -0.215130 -0.414995 -7.699692 -0.034841 0.438202 0.001650 0.898199
189.000000 -0.277790 -0.426670 -7.738523 -0.035534 0.441821 0.001456 0.896398
190.000000 -0.358715 -0.425076 -7.776762 -0.035460 0.446458 0.001678 0.894100
191.000000 -0.460915 -0.407717 -7.813779 -0.034483 0.452271 0.002398 0.891211
192.000000 -0.568912 -0.381801 -7.849430 -0.033025 0.458364 0.003380 0.888144
193.000000 -0.650223 -0.365253 -7.885327 -0.032098 0.462921 0.004032 0.885809
194.000000 -0.730406 -0.354961 -7.920155 -0.031506 0.467411 0.004497 0.883467
195.000000 -0.810768 -0.352544 -7.953764 -0.031325 0.471916 0.004732 0.881074
196.000000 -0.886183 -0.359807 -7.986652 -0.031644 0.476164 0.004684 0.878774
197.000000 -0.952421 -0.378084 -8.019448 -0.032555 0.479884 0.004301 0.876717
198.000000 -1.006031 -0.408205 -8.052874 -0.034149 0.482806 0.003528 0.875054
199.000000 -1.040367 -0.452168 -8.087690 -0.036515 0.484658 0.002303 0.873938
200.000000 -1.049845 -0.511841 -8.124405 -0.039737 0.485166 0.000556 0.873518
201.000000 -1.029423 -0.589055 -8.163248 -0.043893 0.484071 -0.001779 0.873925
202.000000 -0.993408 -0.675487 -8.202447 -0.048522 0.482145 -0.004416 0.874736
203.000000 -0.973820 -0.751645 -8.239588 -0.052584 0.481098 -0.006693 0.875063
204.000000 -0.941404 -0.820315 -8.278211 -0.056227 0.479369 -0.008778 0.875766
205.000000 -0.890016 -0.881063 -8.319042 -0.059424 0.476642 -0.010685 0.877022
206.000000 -0.819451 -0.933818 -8.361906 -0.062170 0.472914 -0.012427 0.878825
207.000000 -0.729677 -0.978474 -8.406462 -0.064457 0.468188 -0.014010 0.881163
208.000000 -0.624176 -1.014347 -8.452031 -0.066253 0.462655 -0.015411 0.883925
209.000000 -0.509682 -1.040221 -8.497877 -0.067502 0.456667 -0.016578 0.886918
210.000000 -0.393186 -1.054831 -8.543567 -0.068151 0.450590 -0.017452 0.889955
211.000000 -0.281832 -1.056886 -8.589014 -0.068146 0.444793 -0.017976 0.892856
212.000000 -0.182634 -1.045264 -8.634426 -0.067444 0.439636 -0.018098 0.895457
213.000000 -0.098728 -1.021584 -8.679947 -0.066139 0.435280 -0.017853 0.897685
214.000000 -0.030323 -0.989533 -8.725505 -0.064426 0.431737 -0.017336 0.899529
215.000000 0.022430 -0.952912 -8.770964 -0.062500 0.429016 -0.016643 0.900978
216.000000 0.059366 -0.915603 -8.816154 -0.060559 0.427124 -0.015871 0.902023
217.000000 0.080497 -0.881596 -8.860875 -0.058799 0.426061 -0.015116 0.902655
218.000000 0.089371 -0.855449 -8.904805 -0.057448 0.425633 -0.014504 0.902954
219.000000 0.092837 -0.842260 -8.947497 -0.056758 0.425481 -0.014180 0.903075
220.000000 0.097991 -0.847231 -8.988448 -0.056981 0.425234 -0.014288 0.903175
221.000000 0.111904 -0.875388 -9.027061 -0.058359 0.424533 -0.014968 0.903406
222.000000 0.139154 -0.927509 -9.062943 -0.060918 0.423146 -0.016249 0.903865
223.000000 0.178483 -0.998179 -9.096196 -0.064382 0.421139 -0.017996 0.904529
224.000000 0.225589 -1.079684 -9.127266 -0.068368 0.418729 -0.020019 0.905313
225.000000 0.276021 -1.164143 -9.156889 -0.072491 0.416140 -0.022124 0.906136
226.000000 0.325271 -1.243572 -9.186171 -0.076367 0.413603 -0.024119 0.906928
227.000000 0.368885 -1.310068 -9.216580 -0.079612 0.411348 -0.025808 0.907628
228.000000 0.402444 -1.355770 -9.249841 -0.081846 0.409612 -0.026992 0.908180
229.000000 0.421483 -1.372844 -9.287736 -0.082694 0.408630 -0.027479 0.908531
230.000000 0.422100 -1.359536 -9.330916 -0.082086 0.408595 -0.027212 0.908610
231.000000 0.401781 -1.321992 -9.378457 -0.080334 0.409612 -0.026317 0.908335
232.000000 0.364298 -1.264714 -9.429148 -0.077655 0.411478 -0.024914 0.907764
233.000000 0.317378 -1.192469 -9.481554 -0.074270 0.413805 -0.023143 0.907036
234.000000 0.268977 -1.110194 -9.534398 -0.070401 0.416201 -0.021151 0.906297
235.000000 0.227206 -1.022650 -9.586697 -0.066271 0.418277 -0.019080 0.905698
236.000000 0.200305 -0.934355 -9.637760 -0.062108 0.419649 -0.017067 0.905398
237.000000 0.196513 -0.850190 -9.687092 -0.058142 0.419931 -0.015242 0.905564
238.000000 0.224131 -0.775285 -9.734242 -0.054605 0.418739 -0.013731 0.906359
239.000000 0.291197 -0.714830 -9.778556 -0.051729 0.415707 -0.012654 0.907938
240.000000 0.386652 -0.671562 -9.819769 -0.049648 0.411350 -0.012013 0.910045
241.000000 0.497507 -0.636931 -9.858522 -0.047970 0.406274 -0.011579 0.912418
242.000000 0.613705 -0.605928 -9.895337 -0.046466 0.400938 -0.011220 0.914857
243.000000 0.722979 -0.576921 -9.931059 -0.045062 0.395899 -0.010878 0.917123
244.000000 0.812896 -0.548277 -9.967040 -0.043689 0.391719 -0.010496 0.918987
245.000000 0.873532 -0.518597 -10.004776 -0.042294 0.388878 -0.010033 0.920263
246.000000 0.900480 -0.487898 -10.045199 -0.040884 0.387593 -0.009481 0.920875
247.000000 0.889969 -0.456558 -10.088874 -0.039474 0.388033 -0.008839 0.920757
248.000000 0.838086 -0.424963 -10.135964 -0.038080 0.390365 -0.008111 0.919837
249.000000 0.741189 -0.393412 -10.186061 -0.036711 0.394733 -0.007300 0.918033
250.000000 0.614895 -0.357983 -10.237067 -0.035177 0.400407 -0.006366 0.915640
251.000000 0.475209 -0.317928 -10.287142 -0.033442 0.406646 -0.005326 0.912958
252.000000 0.330691 -0.275224 -10.335372 -0.031593 0.413056 -0.004235 0.910148
253.000000 0.190065 -0.231882 -10.381344 -0.029719 0.419247 -0.003146 0.907380
254.000000 0.062202 -0.189950 -10.425145 -0.027908 0.424836 -0.002114 0.904838
255.000000 -0.045836 -0.151054 -10.467292 -0.026230 0.429528 -0.001180 0.902672
256.000000 -0.132781 -0.115474 -10.508457 -0.024698 0.433283 -0.000348 0.900919
257.000000 -0.198481 -0.083231 -10.549206 -0.023312 0.436108 0.000384 0.899592
258.000000 -0.242799 -0.054342 -10.589966 -0.022075 0.438007 0.001020 0.898700
259.000000 -0.265592 -0.028825 -10.631030 -0.020986 0.438986 0.001563 0.898247
260.000000 -0.266712 -0.006695 -10.672556 -0.020047 0.439047 0.002013 0.898238
261.000000 -0.245991 0.012031 -10.714563 -0.019256 0.438190 0.002373 0.898673
262.000000 -0.203245 0.027333 -10.756935 -0.018616 0.436413 0.002643 0.899550
263.000000 -0.138277 0.039187 -10.799419 -0.018126 0.433713 0.002826 0.900864
264.000000 -0.050883 0.047570 -10.841619 -0.017785 0.430086 0.002921 0.902608
265.000000 0.059135 0.052455 -10.883000 -0.017595 0.425524 0.002931 0.904771
266.000000 0.191950 0.053815 -10.922884 -0.017555 0.420020 0.002853 0.907341
267.000000 0.342089 0.051820 -10.960625 -0.017655 0.413800 0.002699 0.910193
268.000000 0.491245 0.047612 -10.996356 -0.017847 0.407620 0.002504 0.912974
269.000000 0.632525 0.042477 -11.030520 -0.018075 0.401761 0.002298 0.915563
270.000000 0.759779 0.037704 -11.063846 -0.018286 0.396474 0.002109 0.917861
271.000000 0.866791 0.034601 -11.097302 -0.018426 0.392012 0.001965 0.919774
272.000000 0.948009 0.034391 -11.131954 -0.018444 0.388606 0.001891 0.921218
273.000000 1.001501 0.037688 -11.168565 -0.018318 0.386356 0.001902 0.922166
274.000000 1.026107 0.044885 -11.207628 -0.018029 0.385310 0.002005 0.922609
275.000000 1.020601 0.056381 -11.249416 -0.017564 0.385512 0.002209 0.922533
276.000000 0.983721 0.072581 -11.293958 -0.016905 0.387004 0.002518 0.921920
277.000000 0.919991 0.093697 -11.340535 -0.016043 0.389591 0.002933 0.920844
278.000000 0.847093 0.118961 -11.387350 -0.015015 0.392540 0.003424 0.919606
279.000000 0.770804 0.147471 -11.433816 -0.013859 0.395613 0.003970 0.918304
280.000000 0.696146 0.178323 -11.479554 -0.012612 0.398604 0.004552 0.917025
281.000000 0.628218 0.210598 -11.524320 -0.011313 0.401311 0.005151 0.915858
282.000000 0.571676 0.243462 -11.568018 -0.009997 0.403552 0.005750 0.914884
283.000000 0.527905 0.276679 -11.610759 -0.008674 0.405278 0.006345 0.914130
284.000000 0.496798 0.310185 -11.652698 -0.007347 0.406499 0.006938 0.913596
285.000000 0.477517 0.343683 -11.693980 -0.006029 0.407250 0.007523 0.913266
286.000000 0.469050 0.376822 -11.734720 -0.004733 0.407577 0.008098 0.913123
287.000000 0.470368 0.409247 -11.774998 -0.003472 0.407521 0.008656 0.913148
288.000000 0.480427 0.440598 -11.814875 -0.002259 0.407125 0.009193 0.913324
289.000000 0.498177 0.470511 -11.854396 -0.001109 0.406431 0.009703 0.913629
290.000000 0.522575 0.498627 -11.893601 -0.000035 0.405483 0.010181 0.914046
291.000000 0.552571 0.524584 -11.932530 0.000951 0.404323 0.010621 0.914554
292.000000 0.587101 0.548015 -11.971227 0.001835 0.402992 0.011018 0.915135
293.000000 0.625084 0.568547 -12.009744 0.002603 0.401534 0.011366 0.915770
294.000000 0.665640 0.585872 -12.048128 0.003246 0.399982 0.011660 0.916443
295.000000 0.708623 0.599916 -12.086380 0.003760 0.398344 0.011900 0.917151
296.000000 0.754045 0.610659 -12.124488 0.004146 0.396618 0.012085 0.917895
297.000000 0.801920 0.618078 -12.162435 0.004404 0.394806 0.012216 0.918673
298.000000 0.852258 0.622153 -12.200200 0.004533 0.392906 0.012294 0.919485
299.000000 0.905073 0.622864 -12.237757 0.004534 0.390918 0.012318 0.920332
300.000000 0.960313 0.620177 -12.275083 0.004406 0.388846 0.012288 0.921210
301.000000 1.013835 0.613294 -12.312527 0.004124 0.386844 0.012190 0.922055
302.000000 1.054892 0.600184 -12.351124 0.003617 0.385315 0.011989 0.922700
303.000000 1.071987 0.578679 -12.392070 0.002812 0.384683 0.011652 0.922971
304.000000 1.053457 0.546586 -12.436486 0.001635 0.385374 0.011149 0.922692
305.000000 0.995008 0.504827 -12.484402 0.000123 0.387530 0.010499 0.921797
306.000000 0.912472 0.462749 -12.533645 -0.001382 0.390549 0.009845 0.920528
307.000000 0.825419 0.431270 -12.582106 -0.002494 0.393712 0.009358 0.919183
308.000000 0.752927 0.420691 -12.628338 -0.002853 0.396335 0.009198 0.918056
309.000000 0.700882 0.428652 -12.672445 -0.002560 0.398225 0.009327 0.917237
310.000000 0.664371 0.442556 -12.715374 -0.002073 0.399580 0.009543 0.916646
311.000000 0.642456 0.453040 -12.757601 -0.001716 0.400424 0.009701 0.916277
312.000000 0.643047 0.460980 -12.798750 -0.001448 0.400455 0.009817 0.916263
313.000000 0.675220 0.469071 -12.838222 -0.001164 0.399334 0.009943 0.916751
314.000000 0.748628 0.480464 -12.875111 -0.000764 0.396717 0.010129 0.917885
315.000000 0.865548 0.495393 -12.908573 -0.000256 0.392538 0.010375 0.919677
316.000000 1.007411 0.505291 -12.939249 0.000053 0.387468 0.010537 0.921823
317.000000 1.152008 0.499800 -12.968751 -0.000195 0.382308 0.010461 0.923976
318.000000 1.277838 0.469261 -12.999466 -0.001332 0.377827 0.010015 0.925821
319.000000 1.377033 0.417055 -13.032485 -0.003232 0.374305 0.009258 0.927254
320.000000 1.452584 0.356930 -13.067441 -0.005401 0.371629 0.008392 0.928327
321.000000 1.507017 0.299803 -13.104090 -0.007449 0.369705 0.007572 0.929088
322.000000 1.540615 0.247349 -13.142657 -0.009316 0.368520 0.006820 0.929548
323.000000 1.553257 0.199588 -13.183362 -0.011004 0.368076 0.006138 0.929710
324.000000 1.544816 0.156552 -13.226315 -0.012515 0.368373 0.005533 0.929577
325.000000 1.515150 0.118277 -13.271520 -0.013851 0.369411 0.005008 0.929149
326.000000 1.464113 0.084801 -13.318876 -0.015014 0.371190 0.004569 0.928424
327.000000 1.391771 0.058408 -13.368137 -0.015927 0.373700 0.004251 0.927403
328.000000 1.298737 0.047026 -13.418902 -0.016320 0.376910 0.004167 0.926097
329.000000 1.185716 0.059561 -13.470669 -0.015893 0.380787 0.004440 0.924515
330.000000 1.053445 0.105026 -13.522739 -0.014342 0.385295 0.005190 0.922667
331.000000 0.909739 0.192089 -13.573578 -0.011382 0.390156 0.006525 0.920655
332.000000 0.782027 0.328382 -13.620313 -0.006773 0.394434 0.008537 0.918860
333.000000 0.690213 0.516652 -13.660858 -0.000436 0.397459 0.011265 0.917551
334.000000 0.635392 0.751512 -13.694080 0.007442 0.399204 0.014636 0.916715
335.000000 0.616725 1.026547 -13.718592 0.016645 0.399698 0.018567 0.916308
336.000000 0.633036 1.335096 -13.732822 0.026948 0.398974 0.022979 0.916278
337.000000 0.682195 1.667974 -13.735468 0.038048 0.397075 0.027760 0.916577
338.000000 0.761598 2.010208 -13.726646 0.049444 0.394075 0.032718 0.917164
339.000000 0.868988 2.346128 -13.707979 0.060603 0.390063 0.037651 0.918020
340.000000 1.002046 2.660201 -13.682484 0.070997 0.385140 0.042358 0.919148
341.000000 1.151288 2.937642 -13.654922 0.080131 0.379657 0.046628 0.920470
342.000000 1.287821 3.165296 -13.632862 0.087593 0.374627 0.050215 0.921662
343.000000 1.391058 3.334777 -13.623435 0.093132 0.370790 0.052932 0.922518
344.000000 1.459491 3.445426 -13.629975 0.096738 0.368230 0.054740 0.923067
345.000000 1.494503 3.496949 -13.654389 0.098410 0.366917 0.055621 0.923360
346.000000 1.503789 3.486584 -13.697418 0.098048 0.366604 0.055560 0.923526
347.000000 1.497213 3.410318 -13.758775 0.095511 0.366961 0.054549 0.923711
348.000000 1.484697 3.263537 -13.837185 0.090637 0.367653 0.052588 0.924041
349.000000 1.476419 3.040950 -13.930245 0.083250 0.368331 0.049667 0.924627
350.000000 1.482950 2.736663 -14.034140 0.073168 0.368633 0.045767 0.925560
351.000000 1.515127 2.344498 -14.143161 0.060207 0.368184 0.040844 0.926902
352.000000 1.582129 1.862914 -14.248874 0.044349 0.366647 0.034892 0.928647
353.000000 1.682069 1.317064 -14.339716 0.026450 0.364013 0.028208 0.930591
354.000000 1.808783 0.742745 -14.406880 0.007690 0.360416 0.021202 0.932519
355.000000 1.954457 0.177514 -14.447166 -0.010725 0.356065 0.014294 0.934290
356.000000 2.104062 -0.338165 -14.464413 -0.027501 0.351429 0.007938 0.935777
357.000000 2.243860 -0.774513 -14.467591 -0.041697 0.346972 0.002479 0.936945
358.000000 2.365343 -1.116895 -14.466767 -0.052844 0.343013 -0.001884 0.937841
359.000000 2.460718 -1.352123 -14.471747 -0.060515 0.339860 -0.004950 0.938514
360.000000 2.522224 -1.466646 -14.491096 -0.064273 0.337812 -0.006509 0.938994
361.000000 2.541749 -1.446010 -14.531010 -0.063654 0.337161 -0.006361 0.939271
362.000000 2.512529 -1.279154 -14.593097 -0.058319 0.338120 -0.004384 0.939284
363.000000 2.438980 -0.981513 -14.670004 -0.048807 0.340498 -0.000795 0.938977
364.000000 2.341036 -0.588945 -14.748348 -0.036308 0.343597 0.003931 0.938407
365.000000 2.265263 -0.162080 -14.812459 -0.022771 0.345907 0.009009 0.937949
366.000000 2.237321 0.234310 -14.857188 -0.010235 0.346646 0.013655 0.937841
367.000000 2.199613 0.554510 -14.895770 -0.000111 0.347685 0.017406 0.937450
368.000000 2.141080 0.792856 -14.934933 0.007453 0.349401 0.020207 0.936726
369.000000 2.070645 0.952131 -14.976881 0.012560 0.351522 0.022075 0.935835
370.000000 1.996540 1.035785 -15.022532 0.015308 0.353766 0.023040 0.934925
371.000000 1.927624 1.047123 -15.071714 0.015785 0.355850 0.023142 0.934123
372.000000 1.875049 0.989002 -15.123369 0.014067 0.357486 0.022421 0.933544
373.000000 1.848653 0.863516 -15.175578 0.010231 0.358379 0.020911 0.933286
374.000000 1.846217 0.683538 -15.226458 0.004701 0.358581 0.018771 0.933298
375.000000 1.838459 0.487208 -15.276446 -0.001320 0.358955 0.016449 0.933209
376.000000 1.815964 0.316375 -15.325182 -0.006537 0.359755 0.014431 0.932912
377.000000 1.807387 0.208983 -15.369607 -0.009820 0.360091 0.013165 0.932773
378.000000 1.806279 0.167533 -15.411794 -0.011101 0.360162 0.012675 0.932738
379.000000 1.808875 0.182208 -15.452808 -0.010684 0.360083 0.012840 0.932771
380.000000 1.811369 0.243021 -15.493058 -0.008876 0.359969 0.013543 0.932824
381.000000 1.809992 0.339890 -15.532635 -0.005984 0.359928 0.014665 0.932846
382.000000 1.802129 0.462567 -15.571612 -0.002314 0.360069 0.016090 0.932784
383.000000 1.784650 0.600966 -15.610202 0.001831 0.360502 0.017699 0.932589
384.000000 1.753737 0.745031 -15.648855 0.006148 0.361339 0.019372 0.932213
385.000000 1.705510 0.884588 -15.688323 0.010335 0.362693 0.020984 0.931615
386.000000 1.638072 1.009089 -15.729426 0.014079 0.364621 0.022411 0.930780
387.000000 1.594036 1.104213 -15.769008 0.016935 0.365868 0.023493 0.930216
388.000000 1.598059 1.164763 -15.805706 0.018736 0.365720 0.024186 0.930222
389.000000 1.650312 1.190634 -15.839877 0.019479 0.364180 0.024498 0.930802
390.000000 1.741957 1.190698 -15.871526 0.019429 0.361505 0.024544 0.931845
391.000000 1.844516 1.193449 -15.901194 0.019440 0.358506 0.024640 0.933000
392.000000 1.931563 1.223731 -15.930001 0.020261 0.355936 0.025041 0.933955
393.000000 1.996886 1.279736 -15.958963 0.021839 0.353974 0.025710 0.934647
394.000000 2.039574 1.352697 -15.988921 0.023915 0.352645 0.026542 0.935075
395.000000 2.058939 1.433595 -16.020716 0.026224 0.351977 0.027441 0.935239
396.000000 2.054758 1.512885 -16.055253 0.028506 0.351996 0.028310 0.935139
397.000000 2.026720 1.581948 -16.093431 0.030525 0.352731 0.029061 0.934775
398.000000 1.974024 1.650466 -16.134371 0.032564 0.354191 0.029792 0.934131
399.000000 1.895834 1.744586 -16.175145 0.035373 0.356367 0.030775 0.933169
400.000000 1.800555 1.882246 -16.211966 0.039452 0.358987 0.032197 0.931952
401.000000 1.716705 2.061801 -16.240702 0.044711 0.361225 0.034064 0.930783
402.000000 1.670654 2.285367 -16.257223 0.051165 0.362318 0.036437 0.929936
403.000000 1.679960 2.554572 -16.257956 0.058839 0.361758 0.039376 0.929580
404.000000 1.765238 2.824644 -16.246028 0.066439 0.359004 0.042447 0.930000
405.000000 1.897964 3.081350 -16.226105 0.073599 0.354881 0.045481 0.930900
406.000000 2.041888 3.316316 -16.203817 0.080134 0.350433 0.048341 0.931900
407.000000 2.160557 3.519895 -16.186676 0.085834 0.346725 0.050847 0.932646
408.000000 2.227690 3.673540 -16.184259 0.090208 0.344542 0.052722 0.932938
409.000000 2.245608 3.766700 -16.200966 0.092922 0.343831 0.053818 0.932871
410.000000 2.222535 3.791133 -16.238972 0.093722 0.344392 0.054050 0.932571
411.000000 2.166397 3.737627 -16.299550 0.092332 0.346028 0.053337 0.932145
412.000000 2.084684 3.596134 -16.382826 0.088459 0.348545 0.051600 0.931680
413.000000 1.972607 3.383598 -16.483056 0.082612 0.352041 0.049019 0.931042
414.000000 1.816400 3.171353 -16.584547 0.076856 0.356761 0.046326 0.929875
415.000000 1.652239 3.000768 -16.675006 0.072297 0.361613 0.044063 0.928476
416.000000 1.524439 2.907589 -16.745405 0.069842 0.365318 0.042750 0.927274
417.000000 1.470318 2.907807 -16.792021 0.069866 0.366848 0.042642 0.926673
418.000000 1.493620 2.947338 -16.824886 0.070881 0.366188 0.043126 0.926835
419.000000 1.563799 2.935555 -16.862268 0.070446 0.364299 0.043137 0.927611
420.000000 1.646854 2.873904 -16.906441 0.068654 0.362110 0.042645 0.928625
421.000000 1.742401 3.094845 -16.899035 0.074636 0.359192 0.045221 0.929175
422.000000 1.834919 3.288723 -16.893578 0.079898 0.356353 0.047501 0.929716
423.000000 1.910894 3.438130 -16.896465 0.083935 0.354013 0.049257 0.930163
424.000000 1.957560 3.538913 -16.911831 0.086596 0.352554 0.050400 0.930412
425.000000 1.961839 3.584504 -16.943699 0.087729 0.352360 0.050856 0.930355
426.000000 1.909605 3.559931 -16.995625 0.087179 0.353811 0.050534 0.929873
427.000000 1.795131 3.485576 -17.064440 0.085361 0.357036 0.049500 0.928864
428.000000 1.636089 3.438017 -17.131199 0.084337 0.361418 0.048597 0.927309
429.000000 1.455023 3.507425 -17.174796 0.086488 0.366207 0.048864 0.925216
430.000000 1.274040 3.684545 -17.193609 0.091490 0.370812 0.050308 0.922820
431.000000 1.091812 3.614505 -17.262551 0.089837 0.375783 0.049100 0.921035
432.000000 0.928397 3.591810 -17.318413 0.089434 0.380162 0.048438 0.919311
433.000000 0.801252 3.616384 -17.361205 0.090245 0.383500 0.048371 0.917847
434.000000 0.709568 3.683714 -17.392557 0.092145 0.385839 0.048857 0.916652
435.000000 0.640316 3.795190 -17.412732 0.095177 0.387525 0.049903 0.915574
436.000000 0.579600 3.952088 -17.421366 0.099379 0.388912 0.051502 0.914450
437.000000 0.453477 4.080052 -17.437004 0.102912 0.392038 0.052595 0.912661
438.000000 0.268163 4.134488 -17.469382 0.104604 0.396783 0.052684 0.910409
439.000000 0.155440 4.202352 -17.495860 0.106548 0.399585 0.053118 0.908932
440.000000 0.085216 4.264492 -17.522502 0.108290 0.401276 0.053610 0.907952
441.000000 0.030216 4.312439 -17.551981 0.109655 0.402591 0.053993 0.907183
442.000000 -0.024117 4.351506 -17.583575 0.110766 0.403948 0.054266 0.906428
443.000000 -0.092828 4.385640 -17.616496 0.111724 0.405726 0.054419 0.905507
444.000000 -0.175999 4.406676 -17.652132 0.112378 0.407854 0.054387 0.904471
445.000000 -0.257748 4.402859 -17.693510 0.112402 0.409959 0.054077 0.903535
446.000000 -0.321917 4.362523 -17.743811 0.111475 0.411657 0.053399 0.902918
447.000000 -0.291784 4.351802 -17.788291 0.111164 0.410905 0.053367 0.903300
448.000000 -0.172561 4.409311 -17.817023 0.112449 0.407789 0.054406 0.904490
449.000000 -0.097407 4.439808 -17.851377 0.113113 0.405837 0.054990 0.905250
450.000000 -0.035708 4.457005 -17.888706 0.113458 0.404249 0.055376 0.905894
451.000000 0.028628 4.472906 -17.926175 0.113764 0.402598 0.055754 0.906567
452.000000 0.094673 4.491620 -17.962743 0.114133 0.400900 0.056168 0.907247
453.000000 0.161466 4.517200 -17.997365 0.114671 0.399174 0.056661 0.907910
454.000000 0.228069 4.553723 -18.028976 0.115484 0.397438 0.057271 0.908530
455.000000 0.293496 4.605298 -18.056477 0.116676 0.395708 0.058039 0.909084
456.000000 0.356756 4.676056 -18.078702 0.118351 0.394002 0.059008 0.909546
457.000000 0.417087 4.769189 -18.094626 0.120593 0.392332 0.060209 0.909894
458.000000 0.474369 4.885211 -18.103793 0.123411 0.390698 0.061645 0.910124
459.000000 0.528589 5.024144 -18.105776 0.126809 0.389096 0.063317 0.910228
460.000000 0.579731 5.185981 -18.100062 0.130785 0.387524 0.065223 0.910201
461.000000 0.627777 5.370678 -18.086047 0.135341 0.385978 0.067363 0.910036
462.000000 0.672677 5.577749 -18.063167 0.140465 0.384456 0.069731 0.909726
463.000000 0.714084 5.802855 -18.032032 0.146053 0.382970 0.072281 0.909273
464.000000 0.751491 6.039506 -17.994126 0.151944 0.381543 0.074941 0.908692
465.000000 0.784396 6.281202 -17.951253 0.157979 0.380198 0.077641 0.908000
466.000000 0.812308 6.521492 -17.905550 0.163998 0.378961 0.080311 0.907217
467.000000 0.834751 6.753993 -17.859497 0.169843 0.377859 0.082881 0.906370
468.000000 0.851269 6.972481 -17.815889 0.175357 0.376922 0.085280 0.905487
469.000000 0.861419 7.170854 -17.777799 0.180382 0.376179 0.087439 0.904603
470.000000 0.864757 7.343065 -17.748504 0.184763 0.375661 0.089289 0.903753
471.000000 0.860834 7.483090 -17.731415 0.188345 0.375402 0.090761 0.902974
472.000000 0.848914 7.586197 -17.729420 0.191008 0.375436 0.091799 0.902296
473.000000 0.827086 7.655803 -17.741801 0.192842 0.375806 0.092426 0.901687
474.000000 0.793139 7.698714 -17.766071 0.194027 0.376552 0.092704 0.901093
475.000000 0.744841 7.721734 -17.799482 0.194741 0.377711 0.092690 0.900455
476.000000 0.683494 7.732942 -17.838426 0.195187 0.379227 0.092477 0.899743
477.000000 0.619505 7.743682 -17.877516 0.195622 0.380806 0.092241 0.899005
478.000000 0.564730 7.765701 -17.911255 0.196312 0.382122 0.092172 0.898303
479.000000 0.526350 7.806631 -17.936164 0.197430 0.382980 0.092391 0.897670
480.000000 0.504943 7.868350 -17.951398 0.199020 0.383364 0.092921 0.897100
481.000000 0.500506 7.952262 -17.956167 0.201120 0.383272 0.093776 0.896582
482.000000 0.513105 8.058731 -17.949937 0.203740 0.382696 0.094963 0.896111
483.000000 0.544189 8.183545 -17.934051 0.206776 0.381603 0.096449 0.895724
484.000000 0.595707 8.321202 -17.910455 0.210084 0.379951 0.098190 0.895467
485.000000 0.669706 8.466328 -17.881137 0.213522 0.377703 0.100145 0.895388
486.000000 0.764656 8.612306 -17.848889 0.216924 0.374912 0.102240 0.895506
487.000000 0.869958 8.749347 -17.818698 0.220072 0.371871 0.104311 0.895767
488.000000 0.973779 8.867330 -17.796320 0.222741 0.368909 0.106182 0.896113
489.000000 1.069133 8.960284 -17.785646 0.224801 0.366224 0.107748 0.896513
490.000000 1.155670 9.027912 -17.787424 0.226244 0.363832 0.109002 0.896972
491.000000 1.233525 9.070281 -17.802051 0.227074 0.361733 0.109944 0.897496
492.000000 1.302808 9.087392 -17.829804 0.227291 0.359929 0.110573 0.898089
493.000000 1.363597 9.079182 -17.870847 0.226897 0.358420 0.110891 0.898753
494.000000 1.415932 9.045513 -17.925231 0.225891 0.357205 0.110897 0.899489
495.000000 1.459822 8.986180 -17.992893 0.224272 0.356284 0.110592 0.900296
496.000000 1.495250 8.900904 -18.073656 0.222038 0.355656 0.109976 0.901173
497.000000 1.522171 8.789341 -18.167223 0.219186 0.355320 0.109050 0.902116
498.000000 1.540518 8.651085 -18.273178 0.215714 0.355274 0.107813 0.903119
499.000000 1.550196 8.485681 -18.390972 0.211618 0.355517 0.106264 0.904176
500.000000 1.551089 8.292635 -18.519919 0.206894 0.356045 0.104402 0.905277
501.000000 1.543057 8.071433 -18.659189 0.201539 0.356855 0.102228 0.906414
502.000000 1.525944 7.821578 -18.807792 0.195550 0.357943 0.099741 0.907573
503.000000 1.499335 7.546027 -18.963231 0.189009 0.359301 0.096974 0.908721
504.000000 1.462275 7.255068 -19.120385 0.182171 0.360916 0.094024 0.909787
505.000000 1.413730 6.960251 -19.274385 0.175312 0.362778 0.091000 0.910701
506.000000 1.352658 6.673498 -19.421048 0.168713 0.364880 0.088012 0.911401
507.000000 1.278018 6.407067 -19.556856 0.162651 0.367218 0.085173 0.911834
508.000000 1.188797 6.173416 -19.678858 0.157406 0.369790 0.082598 0.911952
509.000000 1.088537 5.981236 -19.785392 0.153160 0.372502 0.080385 0.911769
510.000000 0.992884 5.829135 -19.877311 0.149836 0.375004 0.078586 0.911452
511.000000 0.919759 5.713912 -19.955831 0.147319 0.376901 0.077236 0.911196
512.000000 0.887346 5.632182 -20.022083 0.145497 0.377799 0.076361 0.911190
513.000000 0.913536 5.577142 -20.077812 0.144181 0.377318 0.075954 0.911633
514.000000 1.005486 5.540236 -20.125053 0.143166 0.375320 0.075952 0.912617
515.000000 1.161062 5.516873 -20.164461 0.142347 0.371861 0.076295 0.914131
516.000000 1.377848 5.502598 -20.196061 0.141620 0.366998 0.076930 0.916154
517.000000 1.653461 5.492927 -20.219376 0.140882 0.360781 0.077805 0.918660
518.000000 1.985518 5.483349 -20.233518 0.140026 0.353259 0.078866 0.921619
519.000000 2.366949 5.472464 -20.236914 0.139030 0.344582 0.080076 0.924944
520.000000 2.777233 5.464787 -20.228329 0.138035 0.335200 0.081400 0.928419
521.000000 3.193143 5.464764 -20.208420 0.137191 0.325629 0.082797 0.931820
522.000000 3.591832 5.477226 -20.179520 0.136657 0.316384 0.084227 0.934950
523.000000 3.955268 5.510662 -20.143762 0.136675 0.307868 0.085693 0.937653
524.000000 4.278997 5.569827 -20.102511 0.137373 0.300184 0.087215 0.939900
525.000000 4.567733 5.654804 -20.056413 0.138748 0.293227 0.088804 0.941743
526.000000 4.826453 5.765613 -20.005542 0.140795 0.286889 0.090474 0.943232
527.000000 5.060103 5.902325 -19.949440 0.143508 0.281058 0.092239 0.944407
528.000000 5.273512 6.064980 -19.887106 0.146885 0.275619 0.094109 0.945305
529.000000 5.471602 6.254259 -19.816832 0.150938 0.270455 0.096104 0.945958
530.000000 5.660472 6.475089 -19.734776 0.155781 0.265404 0.098274 0.946380
531.000000 5.846808 6.734070 -19.635650 0.161568 0.260281 0.100685 0.946579
532.000000 6.036928 7.037298 -19.513504 0.168443 0.254909 0.103398 0.946550
533.000000 6.233240 7.386749 -19.364092 0.176470 0.249205 0.106435 0.946270
534.000000 6.435937 7.782062 -19.184048 0.185663 0.243144 0.109796 0.945703
535.000000 6.645025 8.222612 -18.969602 0.196036 0.236701 0.113483 0.944809
536.000000 6.860295 8.707391 -18.716611 0.207599 0.229852 0.117496 0.943539
537.000000 7.081283 9.234863 -18.420630 0.220357 0.222575 0.121839 0.941838
538.000000 7.306049 9.800775 -18.078589 0.234255 0.214891 0.126492 0.939652
539.000000 7.527534 10.391868 -17.694678 0.249028 0.206984 0.131352 0.936958
540.000000 7.737659 10.993015 -17.276797 0.264352 0.199089 0.136292 0.933759
541.000000 7.928905 11.589912 -16.835055 0.279907 0.191451 0.141183 0.930089
542.000000 8.094492 12.169372 -16.381694 0.295381 0.184317 0.145893 0.926009
543.000000 8.228523 12.719566 -15.930863 0.310469 0.177937 0.150286 0.921608
544.000000 8.326091 13.230269 -15.498245 0.324880 0.172561 0.154221 0.917001
545.000000 8.383039 13.692698 -15.100620 0.338337 0.168437 0.157554 0.912323
546.000000 8.395644 14.099288 -14.755404 0.350572 0.165811 0.160138 0.907723
547.000000 8.360873 14.443953 -14.479223 0.361344 0.164906 0.161836 0.903352
548.000000 8.280485 14.726685 -14.279436 0.370573 0.165750 0.162597 0.899313
549.000000 8.161173 14.955534 -14.150079 0.378416 0.168140 0.162497 0.895615
550.000000 8.009673 15.139520 -14.081440 0.385073 0.171830 0.161644 0.892224
551.000000 7.831936 15.286944 -14.063025 0.390738 0.176579 0.160157 0.889097
552.000000 7.633464 15.405521 -14.083975 0.395595 0.182153 0.158163 0.886177
553.000000 7.419577 15.502399 -14.133378 0.399822 0.188317 0.155791 0.883407
554.000000 7.195752 15.584350 -14.200443 0.403595 0.194841 0.153169 0.880731
555.000000 6.967780 15.657988 -14.274599 0.407086 0.201494 0.150430 0.878095
556.000000 6.741936 15.729791 -14.345585 0.410464 0.208045 0.147710 0.875453
557.000000 6.526125 15.804432 -14.404834 0.413835 0.214233 0.145157 0.872797
558.000000 6.325704 15.881514 -14.450952 0.417164 0.219907 0.142846 0.870179
559.000000 6.144414 15.958779 -14.485530 0.420374 0.224979 0.140810 0.867665
560.000000 5.985968 16.033935 -14.510329 0.423390 0.229361 0.139083 0.865327
561.000000 5.853994 16.104703 -14.527209 0.426136 0.232966 0.137700 0.863234
562.000000 5.751955 16.168863 -14.538073 0.428537 0.235710 0.136695 0.861459
563.000000 5.683139 16.224254 -14.544784 0.430516 0.237507 0.136106 0.860070
564.000000 5.650729 16.268743 -14.549073 0.431998 0.238276 0.135971 0.859136
565.000000 5.657949 16.299929 -14.552728 0.432893 0.237932 0.136327 0.858724
566.000000 5.709173 16.312550 -14.559966 0.433020 0.236368 0.137206 0.858952
567.000000 5.807832 16.300788 -14.575512 0.432185 0.233509 0.138622 0.859926
568.000000 5.956438 16.259474 -14.603056 0.430215 0.229305 0.140572 0.861727
569.000000 6.157914 16.183219 -14.645495 0.426928 0.223699 0.143053 0.864423
570.000000 6.413520 16.068120 -14.703708 0.422194 0.216680 0.146040 0.868029
571.000000 6.715393 15.917988 -14.773296 0.416156 0.208469 0.149432 0.872367
572.000000 7.053005 15.738872 -14.848859 0.409039 0.199356 0.153097 0.877214
573.000000 7.415623 15.536891 -14.925857 0.401078 0.189636 0.156900 0.882359
574.000000 7.792158 15.318275 -15.000982 0.392519 0.179609 0.160704 0.887606
575.000000 8.170972 15.089683 -15.072180 0.383626 0.169586 0.164380 0.892777
576.000000 8.538817 14.860872 -15.136777 0.374772 0.159910 0.167811 0.897672
577.000000 8.881220 14.643627 -15.192735 0.366394 0.150945 0.170890 0.902091
578.000000 9.183311 14.450049 -15.239832 0.358945 0.143061 0.173519 0.905860
579.000000 9.429952 14.292515 -15.279198 0.352884 0.136632 0.175608 0.908827
580.000000 9.607921 14.181869 -15.312924 0.348609 0.131984 0.177084 0.910875
581.000000 9.713853 14.120848 -15.344042 0.346225 0.129196 0.177945 0.912016
582.000000 9.747062 14.109976 -15.374577 0.345740 0.128274 0.178212 0.912278
583.000000 9.706601 14.149958 -15.405036 0.347152 0.129227 0.177911 0.911665
584.000000 9.593568 14.194682 -15.476161 0.349060 0.132266 0.176888 0.910700
585.000000 9.368682 14.162561 -15.683455 0.349301 0.138959 0.174341 0.910101
586.000000 8.991871 14.200131 -15.909383 0.352374 0.149536 0.170429 0.907979
587.000000 8.513675 14.294621 -16.126745 0.357516 0.162503 0.165681 0.904613
588.000000 7.991541 14.421412 -16.319712 0.363641 0.176315 0.160636 0.900486
589.000000 7.480877 14.557489 -16.480570 0.369774 0.189565 0.155794 0.896136
590.000000 7.003776 14.691192 -16.614331 0.375467 0.201793 0.151307 0.891858
591.000000 6.566551 14.809263 -16.730732 0.380507 0.212959 0.147132 0.887815
592.000000 6.171904 14.903088 -16.839926 0.384694 0.223042 0.143225 0.884166
593.000000 5.821129 14.964709 -16.951927 0.387825 0.232033 0.139559 0.881065
594.000000 5.512472 15.037860 -17.031715 0.391043 0.239792 0.136440 0.878048
595.000000 5.290031 15.203253 -16.996477 0.396239 0.244892 0.134990 0.874529
596.000000 5.196972 15.291136 -16.987383 0.398900 0.246943 0.134503 0.872816
597.000000 5.177340 15.308866 -17.018413 0.399460 0.247374 0.134372 0.872457
598.000000 5.169113 15.275879 -17.091440 0.398670 0.247706 0.134016 0.872779
599.000000 5.115887 15.209444 -17.207371 0.397199 0.249306 0.132911 0.873163
600.000000 5.010484 15.117818 -17.359541 0.395297 0.252305 0.131037 0.873448
601.000000 4.911719 15.019547 -17.513520 0.393211 0.255134 0.129208 0.873841
602.000000 4.864179 14.928677 -17.645269 0.391124 0.256641 0.128028 0.874509
603.000000 4.869301 14.845233 -17.755502 0.389032 0.256820 0.127495 0.875467
604.000000 4.924898 14.767947 -17.846434 0.386912 0.255754 0.127557 0.876709
605.000000 5.028362 14.695403 -17.919826 0.384739 0.253522 0.128160 0.878224
606.000000 5.175753 14.625814 -17.977036 0.382484 0.250201 0.129255 0.879999
607.000000 5.363337 14.557543 -18.019141 0.380117 0.245868 0.130795 0.882016
608.000000 5.588391 14.489224 -18.047044 0.377607 0.240596 0.132733 0.884256
609.000000 5.848152 14.419414 -18.061595 0.374924 0.234462 0.135013 0.886697
610.000000 6.128297 14.343051 -18.070334 0.371993 0.227840 0.137441 0.889281
611.000000 6.368910 14.247583 -18.103467 0.368733 0.222258 0.139317 0.891756
612.000000 6.535754 14.142576 -18.167173 0.365518 0.218536 0.140366 0.893832
613.000000 6.637569 14.044487 -18.247298 0.362726 0.216397 0.140792 0.895422
614.000000 6.683041 13.958599 -18.337772 0.360454 0.215602 0.140723 0.896541
615.000000 6.680651 13.889521 -18.432626 0.358773 0.215921 0.140281 0.897208
616.000000 6.638835 13.841747 -18.525539 0.357755 0.217120 0.139584 0.897433
617.000000 6.565971 13.819450 -18.610019 0.357469 0.218968 0.138749 0.897228
618.000000 6.470776 13.826967 -18.679454 0.357986 0.221230 0.137886 0.896600
619.000000 6.362362 13.868887 -18.727140 0.359378 0.223671 0.137103 0.895557
620.000000 6.249901 13.949760 -18.746356 0.361715 0.226059 0.136512 0.894105
621.000000 6.137478 14.064947 -18.738770 0.364864 0.228315 0.136128 0.892309
622.000000 6.049494 14.183877 -18.719053 0.368004 0.229971 0.136013 0.890610
623.000000 6.091034 14.261687 -18.687788 0.369701 0.228699 0.136911 0.890097
624.000000 6.296982 14.281540 -18.645733 0.369426 0.223731 0.139057 0.891141
625.000000 6.591000 14.252246 -18.608010 0.367636 0.216836 0.141780 0.893154
626.000000 6.892000 14.183591 -18.593026 0.364845 0.209917 0.144353 0.895536
627.000000 7.132133 14.085042 -18.618916 0.361548 0.204570 0.146168 0.897814
628.000000 7.312253 13.966859 -18.678962 0.357990 0.200698 0.147298 0.899926
629.000000 7.458059 13.839224 -18.756463 0.354324 0.197629 0.148050 0.901930
630.000000 7.597584 13.712090 -18.833821 0.350690 0.194687 0.148737 0.903876
631.000000 7.757499 13.595085 -18.893911 0.347216 0.191233 0.149651 0.905801
632.000000 7.916660 13.498231 -18.938726 0.344229 0.187769 0.150641 0.907500
633.000000 7.961946 13.447960 -18.997600 0.342827 0.186896 0.150796 0.908185
634.000000 7.851445 13.456603 -19.079805 0.343468 0.189533 0.149810 0.907559
635.000000 7.655905 13.512141 -19.162243 0.345546 0.193990 0.148301 0.906075
636.000000 7.453814 13.600439 -19.221301 0.348400 0.198434 0.146924 0.904243
637.000000 7.311223 13.707187 -19.241676 0.351444 0.201378 0.146197 0.902530
638.000000 7.221899 13.817590 -19.237590 0.354371 0.203044 0.145970 0.901048
639.000000 7.154735 13.916948 -19.232068 0.356958 0.204229 0.145881 0.899772
640.000000 7.078108 13.990823 -19.247787 0.358982 0.205728 0.145568 0.898676
641.000000 6.961704 14.025398 -19.305990 0.360231 0.208296 0.144679 0.897727
642.000000 6.807748 14.022571 -19.403746 0.360744 0.211862 0.143239 0.896917
643.000000 6.677683 14.015041 -19.495282 0.361059 0.214880 0.141987 0.896271
644.000000 6.587714 14.013588 -19.568100 0.361363 0.216950 0.141137 0.895785
645.000000 6.535203 14.019569 -19.622976 0.361693 0.218141 0.140673 0.895435
646.000000 6.517466 14.034252 -19.660443 0.362087 0.218520 0.140573 0.895199
647.000000 6.531509 14.058685 -19.680803 0.362583 0.218155 0.140814 0.895049
648.000000 6.573260 14.093394 -19.684169 0.363218 0.217109 0.141370 0.894958
649.000000 6.639453 14.139436 -19.670499 0.364028 0.215446 0.142224 0.894896
650.000000 6.727136 14.198045 -19.639660 0.365048 0.213232 0.143353 0.894831
651.000000 6.833307 14.270366 -19.591492 0.366313 0.210531 0.144737 0.894731
652.000000 6.945133 14.349883 -19.534881 0.367721 0.207661 0.146216 0.894583
653.000000 7.019013 14.406097 -19.507996 0.368735 0.205740 0.147220 0.894445
654.000000 7.060931 14.431516 -19.515083 0.369160 0.204667 0.147764 0.894426
655.000000 7.095774 14.428106 -19.546070 0.368950 0.203871 0.148089 0.894641
656.000000 7.149275 14.401195 -19.587693 0.368133 0.202750 0.148462 0.895170
657.000000 7.247409 14.358996 -19.624121 0.366798 0.200682 0.149168 0.896066
658.000000 7.369986 14.307876 -19.657504 0.365166 0.198101 0.150049 0.897159
659.000000 7.490920 14.253509 -19.693077 0.363464 0.195574 0.150893 0.898263
660.000000 7.605906 14.202422 -19.727702 0.361856 0.193166 0.151695 0.899297
661.000000 7.714410 14.160354 -19.757426 0.360475 0.190859 0.152481 0.900211
662.000000 7.819673 14.130805 -19.778398 0.359386 0.188556 0.153303 0.900992
663.000000 7.910760 14.115864 -19.793829 0.358682 0.186508 0.154069 0.901568
664.000000 7.973611 14.117385 -19.808573 0.358462 0.185044 0.154655 0.901856
665.000000 7.993632 14.136998 -19.827686 0.358822 0.184494 0.154938 0.901778
666.000000 7.955282 14.172882 -19.858806 0.359778 0.185215 0.154768 0.901278
667.000000 7.842373 14.220363 -19.911160 0.361285 0.187586 0.153977 0.900320
668.000000 7.684901 14.276528 -19.973782 0.363151 0.190922 0.152823 0.899064
669.000000 7.516763 14.336987 -20.035889 0.365143 0.194468 0.151592 0.897704
670.000000 7.348213 14.395002 -20.098239 0.367071 0.198019 0.150342 0.896351
671.000000 7.185560 14.444575 -20.162871 0.368780 0.201456 0.149102 0.895090
672.000000 7.025838 14.481589 -20.233924 0.370190 0.204858 0.147824 0.893947
673.000000 6.864680 14.502157 -20.315707 0.371233 0.208334 0.146453 0.892936
674.000000 6.697757 14.502538 -20.412216 0.371845 0.211987 0.144933 0.892069
675.000000 6.523513 14.486532 -20.520980 0.372117 0.215835 0.143266 0.891302
676.000000 6.344087 14.468135 -20.631185 0.372349 0.219780 0.141540 0.890516
677.000000 6.161910 14.462350 -20.731549 0.372855 0.223719 0.139856 0.889589
678.000000 5.978662 14.480365 -20.813957 0.373860 0.227582 0.138291 0.888431
679.000000 5.790644 14.499637 -20.895282 0.374888 0.231525 0.136697 0.887226
680.000000 5.592011 14.482017 -21.003256 0.375149 0.235792 0.134814 0.886279
681.000000 5.381421 14.419469 -21.142681 0.374494 0.240421 0.132583 0.885649
682.000000 5.162058 14.334017 -21.296381 0.373396 0.245264 0.130156 0.885144
683.000000 4.937408 14.249542 -21.446690 0.372350 0.250165 0.127702 0.884571
684.000000 4.711110 14.191111 -21.576614 0.371845 0.254981 0.125396 0.883737
685.000000 4.484099 14.175451 -21.676136 0.372191 0.259657 0.123349 0.882517
686.000000 4.253721 14.190831 -21.754077 0.373140 0.264289 0.121472 0.881001
687.000000 4.017189 14.210514 -21.828182 0.374161 0.269011 0.119581 0.879396
688.000000 3.772696 14.211525 -21.913236 0.374807 0.273919 0.117514 0.877883
689.000000 3.526503 14.208567 -21.998086 0.375371 0.278845 0.115411 0.876369
690.000000 3.288798 14.234128 -22.059975 0.376483 0.283503 0.113559 0.874638
691.000000 3.061674 14.298002 -22.092606 0.378328 0.287834 0.112041 0.872620
692.000000 2.834950 14.398824 -22.098426 0.380895 0.292050 0.110767 0.870262
693.000000 2.602903 14.533753 -22.079637 0.384133 0.296274 0.109674 0.867545
694.000000 2.427311 14.659499 -22.057625 0.387037 0.299407 0.109007 0.865260
695.000000 2.270192 14.751831 -22.054188 0.389228 0.302256 0.108267 0.863378
696.000000 2.118026 14.815443 -22.068320 0.390834 0.305077 0.107365 0.861771
697.000000 1.969185 14.866280 -22.089542 0.392179 0.307862 0.106398 0.860288
698.000000 1.821983 14.920662 -22.106895 0.393591 0.310607 0.105468 0.858770
699.000000 1.674081 14.994308 -22.110114 0.395370 0.313298 0.104673 0.857071
700.000000 1.526942 15.097818 -22.091769 0.397716 0.315896 0.104098 0.855100
701.000000 1.385434 15.231303 -22.050939 0.400622 0.318313 0.103789 0.852881
702.000000 1.261699 15.374624 -22.000378 0.403672 0.320363 0.103715 0.850682
703.000000 1.163026 15.507875 -21.953739 0.406469 0.321953 0.103798 0.848738
704.000000 1.028822 15.651619 -21.899759 0.409554 0.324206 0.103630 0.846414
705.000000 0.890115 15.810670 -21.832795 0.412949 0.326509 0.103528 0.843888
706.000000 0.748921 15.979413 -21.756380 0.416540 0.328837 0.103472 0.841222
707.000000 0.595807 16.153946 -21.673324 0.420275 0.331380 0.103341 0.838377
708.000000 0.433209 16.327159 -21.588503 0.424009 0.334108 0.103102 0.835439
709.000000 0.276366 16.489704 -21.508708 0.427526 0.336749 0.102827 0.832615
710.000000 0.139294 16.636698 -21.438053 0.430699 0.339044 0.102616 0.830071
711.000000 0.035453 16.764258 -21.380328 0.433421 0.340747 0.102574 0.827959
712.000000 -0.034364 16.872290 -21.336520 0.435688 0.341846 0.102716 0.826297
713.000000 -0.097330 16.969116 -21.300636 0.437723 0.342844 0.102840 0.824791
714.000000 -0.178437 17.062801 -21.266354 0.439739 0.344202 0.102756 0.823162
715.000000 -0.273385 17.154394 -21.232813 0.441745 0.345827 0.102514 0.821435
716.000000 -0.368058 17.242531 -21.201303 0.443677 0.347444 0.102250 0.819743
717.000000 -0.448543 17.325878 -21.173299 0.445477 0.348786 0.102097 0.818214
718.000000 -0.511959 17.406129 -21.147597 0.447173 0.349803 0.102098 0.816854
719.000000 -0.568556 17.488617 -21.119593 0.448896 0.350688 0.102189 0.815517
720.000000 -0.629620 17.578946 -21.084279 0.450783 0.351646 0.102297 0.814049
721.000000 -0.706403 17.682677 -21.036427 0.452969 0.352878 0.102347 0.812294
722.000000 -0.797803 17.801575 -20.974125 0.455484 0.354358 0.102366 0.810238
723.000000 -0.875427 17.929146 -20.903569 0.458136 0.355551 0.102608 0.808187
724.000000 -0.949166 18.049836 -20.837708 0.460649 0.356685 0.102834 0.806228
725.000000 -1.138714 18.134813 -20.795705 0.462752 0.360139 0.101481 0.803656
726.000000 -1.277804 18.222634 -20.752068 0.464788 0.362606 0.100700 0.801467
727.000000 -1.378892 18.296119 -20.722122 0.466456 0.364367 0.100212 0.799758
728.000000 -1.458202 18.337090 -20.721599 0.467445 0.365778 0.099686 0.798601
729.000000 -1.522299 18.374306 -20.725104 0.468324 0.366907 0.099297 0.797616
730.000000 -1.588865 18.442045 -20.701266 0.469787 0.368060 0.099125 0.796245
731.000000 -1.706213 18.486135 -20.693853 0.470914 0.370227 0.098185 0.794690
732.000000 -1.866713 18.507330 -20.702472 0.471694 0.373259 0.096555 0.793007
733.000000 -2.034907 18.540527 -20.698777 0.472707 0.376395 0.094937 0.791114
734.000000 -2.180465 18.592327 -20.679286 0.474021 0.379044 0.093743 0.789203
735.000000 -2.188327 18.684777 -20.636229 0.475808 0.378968 0.094513 0.788072
736.000000 -2.230786 18.776412 -20.589861 0.477652 0.379569 0.094869 0.786623
737.000000 -2.298450 18.881765 -20.527660 0.479812 0.380632 0.095049 0.784771
738.000000 -2.373506 19.017265 -20.435272 0.482574 0.381760 0.095426 0.782480
739.000000 -2.446023 19.153781 -20.340297 0.485359 0.382833 0.095847 0.780179
740.000000 -2.463791 19.218397 -20.318413 0.486645 0.383024 0.096237 0.779235
741.000000 -2.490607 19.266171 -20.310963 0.487631 0.383429 0.096364 0.778403
742.000000 -2.492781 19.323116 -20.297519 0.488738 0.383340 0.096873 0.777690
743.000000 -2.516123 19.409824 -20.252677 0.490465 0.383580 0.097416 0.776415
744.000000 -2.570970 19.470210 -20.228613 0.491763 0.384479 0.097340 0.775158
745.000000 -2.645303 19.502061 -20.229972 0.492543 0.385800 0.096764 0.774078
746.000000 -2.721461 19.531133 -20.233924 0.493265 0.387181 0.096116 0.773009
747.000000 -2.790842 19.580749 -20.218677 0.494361 0.388384 0.095743 0.771750
748.000000 -2.855474 19.666238 -20.167776 0.496147 0.389412 0.095783 0.770079
749.000000 -2.990592 19.736761 -20.120588 0.497808 0.391826 0.094815 0.767900
750.000000 -3.195343 19.775470 -20.092771 0.499010 0.395642 0.092670 0.765421
751.000000 -3.317479 19.811499 -20.079065 0.499970 0.397886 0.091511 0.763769
752.000000 -3.423701 19.871970 -20.042493 0.501367 0.399765 0.090792 0.761956
753.000000 -3.528406 19.950043 -19.986944 0.503111 0.401567 0.090271 0.759918
754.000000 -3.619167 20.064473 -19.896273 0.505512 0.403043 0.090275 0.757538
755.000000 -3.690691 20.190828 -19.796826 0.508073 0.404134 0.090631 0.755198
756.000000 -3.741309 20.289867 -19.728730 0.510051 0.404877 0.090977 0.753423
757.000000 -3.768510 20.322889 -19.732082 0.510725 0.405321 0.090948 0.752730
758.000000 -3.789518 20.287807 -19.805045 0.510116 0.405805 0.090310 0.752960
759.000000 -3.754965 20.278744 -19.861019 0.509888 0.405175 0.090668 0.753411
760.000000 -3.701605 20.405450 -19.781246 0.512188 0.403873 0.092665 0.752305
761.000000 -3.728336 20.599946 -19.614754 0.515965 0.403925 0.094313 0.749487
762.000000 -3.839832 20.758848 -19.467264 0.519254 0.405663 0.094501 0.746246
763.000000 -3.965771 20.821595 -19.417934 0.520723 0.407903 0.093505 0.744124
764.000000 -4.048569 20.814578 -19.451031 0.520763 0.409483 0.092336 0.743374
765.000000 -4.075874 20.769127 -19.534741 0.519973 0.410088 0.091506 0.743695
766.000000 -4.116115 20.764397 -19.571102 0.520008 0.410860 0.090929 0.743315
767.000000 -4.176829 20.852701 -19.503947 0.521856 0.411833 0.091034 0.741467
768.000000 -4.254693 21.001815 -19.367037 0.524889 0.412999 0.091548 0.738608
769.000000 -4.350065 21.140001 -19.236828 0.527739 0.414509 0.091726 0.735704
770.000000 -4.478921 21.187081 -19.198655 0.528904 0.416851 0.090481 0.733695
771.000000 -4.590844 21.173061 -19.230508 0.528872 0.419008 0.088792 0.732695
772.000000 -4.640446 21.173817 -19.259259 0.529004 0.419937 0.088114 0.732150
773.000000 -4.653996 21.223444 -19.241909 0.529997 0.420065 0.088477 0.731314
774.000000 -4.657346 21.290161 -19.207695 0.531292 0.419964 0.089175 0.730347
775.000000 -4.711020 21.463728 -19.041493 0.534733 0.420582 0.090336 0.727331
776.000000 -4.743775 21.598688 -18.921959 0.537385 0.420902 0.091357 0.725060
777.000000 -4.779477 21.692570 -18.847073 0.539262 0.421381 0.091878 0.723321
778.000000 -4.813556 21.735407 -18.830377 0.540165 0.421946 0.091858 0.722320
779.000000 -4.834387 21.738225 -18.864030 0.540256 0.422339 0.091583 0.722056
780.000000 -4.859406 21.711200 -18.928958 0.539816 0.422877 0.090940 0.722152
781.000000 -4.901927 21.692310 -18.980541 0.539566 0.423717 0.090146 0.721946
782.000000 -4.947607 21.717746 -18.980058 0.540173 0.424506 0.089809 0.721070
783.000000 -4.995518 21.816408 -18.894970 0.542171 0.425165 0.090256 0.719124
784.000000 -5.092293 21.985396 -18.714200 0.545617 0.426587 0.090786 0.715600
785.000000 -5.188850 22.093583 -18.603181 0.547886 0.428167 0.090614 0.712939
786.000000 -5.282814 22.185724 -18.510490 0.549838 0.429758 0.090274 0.710519
787.000000 -5.339343 22.196190 -18.524276 0.550156 0.430838 0.089524 0.709713
788.000000 -5.363452 22.172232 -18.586033 0.549780 0.431372 0.088866 0.709763
789.000000 -5.378759 22.203347 -18.583125 0.550457 0.431606 0.088988 0.709080
790.000000 -5.359369 22.340345 -18.462685 0.553071 0.430915 0.090875 0.707224
791.000000 -5.294854 22.493650 -18.334538 0.555874 0.429299 0.093642 0.705646
792.000000 -5.294432 22.601401 -18.244127 0.557933 0.429007 0.094919 0.704027
793.000000 -5.361131 22.644611 -18.214917 0.558896 0.430160 0.094430 0.702624
794.000000 -5.418710 22.681699 -18.195046 0.559727 0.431149 0.094009 0.701412
795.000000 -5.470012 22.735565 -18.154192 0.560891 0.431970 0.093890 0.699992
796.000000 -5.524830 22.825356 -18.066572 0.562759 0.432768 0.094135 0.697964
797.000000 -5.591933 22.965874 -17.908732 0.565648 0.433704 0.094769 0.694955
798.000000 -5.684548 23.125145 -17.714352 0.568993 0.435107 0.095225 0.691275
799.000000 -5.815185 23.234114 -17.568764 0.571483 0.437383 0.094478 0.687878
800.000000 -5.954275 23.257137 -17.531378 0.572320 0.440049 0.092532 0.685744
801.000000 -6.049728 23.250739 -17.546985 0.572464 0.441926 0.090922 0.684631
802.000000 -6.031382 23.224131 -17.628747 0.571917 0.441627 0.090899 0.685284
803.000000 -5.919508 23.159451 -17.791955 0.570384 0.439617 0.091916 0.687714
804.000000 -5.769741 23.051142 -18.021404 0.567911 0.437019 0.092998 0.691262
805.000000 -5.589752 22.933077 -18.268451 0.565180 0.433900 0.094421 0.695260
806.000000 -5.391156 22.834567 -18.492192 0.562779 0.430398 0.096336 0.699112
807.000000 -5.218629 22.732370 -18.708770 0.560386 0.427419 0.097767 0.702654
808.000000 -5.086649 22.595418 -18.952027 0.557467 0.425307 0.098169 0.706192
809.000000 -4.936983 22.451000 -19.203886 0.554391 0.422893 0.098746 0.709972
810.000000 -4.777390 22.329957 -19.425678 0.551753 0.420244 0.099729 0.713455
811.000000 -4.661062 22.242080 -19.594654 0.549863 0.418310 0.100452 0.715944
812.000000 -4.584012 22.188912 -19.713466 0.548714 0.417022 0.100973 0.717503
813.000000 -4.540767 22.171450 -19.784733 0.548287 0.416283 0.101368 0.718202
814.000000 -4.528653 22.185548 -19.813972 0.548501 0.416040 0.101653 0.718139
815.000000 -4.548205 22.220105 -19.813144 0.549163 0.416318 0.101720 0.717463
816.000000 -4.593308 22.272568 -19.786138 0.550213 0.417010 0.101628 0.716269
817.000000 -4.567947 22.244253 -19.865850 0.549623 0.416631 0.101674 0.716935
818.000000 -4.507022 22.238556 -19.927617 0.549355 0.415549 0.102474 0.717654
819.000000 -4.570954 22.536186 -19.617123 0.554910 0.415930 0.104704 0.712821
820.000000 -4.606176 22.739049 -19.414467 0.558708 0.416020 0.106375 0.709547
821.000000 -4.604311 22.841775 -19.334346 0.560602 0.415694 0.107521 0.708070
822.000000 -4.580281 22.895146 -19.319856 0.561487 0.415078 0.108459 0.707587
823.000000 -4.544472 22.937898 -19.321243 0.562129 0.414281 0.109443 0.707393
824.000000 -4.491967 22.935662 -19.372740 0.562014 0.413349 0.110197 0.707912
825.000000 -4.417072 22.830828 -19.552070 0.559931 0.412301 0.110163 0.710175
826.000000 -4.332923 22.607169 -19.869464 0.555654 0.411410 0.109041 0.714213
827.000000 -4.344078 22.496992 -20.033081 0.553694 0.411905 0.107794 0.715638
828.000000 -4.435062 22.544126 -20.001346 0.554777 0.413398 0.107037 0.714050
829.000000 -4.522007 22.543462 -20.024339 0.554989 0.414935 0.105844 0.713171
830.000000 -4.736060 22.839969 -19.679541 0.560830 0.417951 0.105926 0.706800
831.000000 -4.869295 23.157376 -19.319302 0.566829 0.419443 0.107454 0.700875
832.000000 -4.811067 23.272502 -19.242168 0.568667 0.418031 0.109582 0.699900
833.000000 -4.821354 23.339270 -19.201971 0.569850 0.418008 0.110255 0.698845
834.000000 -4.931158 23.436566 -19.091922 0.571961 0.419742 0.109815 0.696145
835.000000 -5.131035 23.646316 -18.809536 0.576496 0.422846 0.109182 0.690603
836.000000 -5.392282 23.973385 -18.351213 0.583390 0.426727 0.108881 0.682426
837.000000 -5.648990 24.315303 -17.861047 0.590513 0.430428 0.108882 0.673922
838.000000 -5.824946 24.562518 -17.508228 0.595667 0.432940 0.109039 0.667723
839.000000 -5.848838 24.612859 -17.474739 0.596667 0.433239 0.109168 0.666614
840.000000 -5.740284 24.474704 -17.746181 0.593716 0.431646 0.109149 0.670275
841.000000 -5.683526 24.373084 -17.944385 0.591638 0.430913 0.108848 0.672630
842.000000 -5.747474 24.448568 -17.860767 0.593250 0.431892 0.108788 0.670589
843.000000 -5.664485 24.498985 -17.857466 0.593926 0.430166 0.110966 0.670743
844.000000 -5.381306 24.453940 -18.045092 0.592178 0.424991 0.115289 0.674845
845.000000 -4.937789 24.291341 -18.426921 0.587718 0.417267 0.120705 0.682573
846.000000 -4.479981 24.049002 -18.895534 0.581734 0.409627 0.125355 0.691431
847.000000 -4.043481 23.748818 -19.407041 0.574791 0.402656 0.128982 0.700605
848.000000 -3.640641 23.408541 -19.934351 0.567315 0.396515 0.131555 0.709664
849.000000 -3.286014 23.046884 -20.453318 0.559723 0.391373 0.133070 0.718212
850.000000 -2.995741 22.683246 -20.942370 0.552421 0.387421 0.133554 0.725878
851.000000 -2.786111 22.337643 -21.381483 0.545808 0.384873 0.133052 0.732300
852.000000 -2.677148 22.032798 -21.751155 0.540302 0.383955 0.131596 0.737112
853.000000 -2.689706 21.793298 -22.031204 0.536332 0.384902 0.129209 0.739935
854.000000 -2.843241 21.644482 -22.199737 0.534318 0.387929 0.125926 0.740377
855.000000 -3.087083 21.584987 -22.266567 0.534028 0.392177 0.122395 0.738939
856.000000 -3.250117 21.562217 -22.306948 0.534092 0.394953 0.120234 0.737768
857.000000 -3.308070 21.571699 -22.330809 0.534396 0.395897 0.119635 0.737140
858.000000 -3.280990 21.631343 -22.318672 0.535302 0.395302 0.120485 0.736662
859.000000 -3.194937 21.762576 -22.245071 0.537233 0.393536 0.122666 0.735842
860.000000 -3.077056 21.982530 -22.086599 0.540546 0.390977 0.126020 0.734211
861.000000 -2.962199 22.201251 -21.924944 0.543852 0.388436 0.129344 0.732539
862.000000 -2.863880 22.374855 -21.803365 0.546454 0.386269 0.132091 0.731257
863.000000 -2.785546 22.512006 -21.713977 0.548509 0.384521 0.134297 0.730237
864.000000 -2.730295 22.621111 -21.648380 0.550175 0.383231 0.135992 0.729347
865.000000 -2.701050 22.710456 -21.597853 0.551611 0.382433 0.137202 0.728454
866.000000 -2.700570 22.790162 -21.553514 0.552976 0.382156 0.137950 0.727423
867.000000 -2.728400 22.866151 -21.510113 0.554355 0.382379 0.138282 0.726192
868.000000 -2.767731 22.929536 -21.479031 0.555550 0.382844 0.138338 0.725022
869.000000 -2.797420 22.967710 -21.476409 0.556280 0.383233 0.138282 0.724267
870.000000 -2.795886 22.971251 -21.515091 0.556324 0.383209 0.138315 0.724240
871.000000 -2.744145 23.002353 -21.530817 0.556669 0.382251 0.139239 0.724304
872.000000 -2.666377 23.018905 -21.564993 0.556687 0.380902 0.140372 0.724783
873.000000 -2.582193 23.014468 -21.621588 0.556335 0.379509 0.141408 0.725581
874.000000 -2.506149 23.011408 -21.674724 0.556040 0.378243 0.142365 0.726281
875.000000 -2.452851 23.032285 -21.698733 0.556229 0.377268 0.143260 0.726467
876.000000 -2.436446 23.100392 -21.667854 0.557336 0.376745 0.144101 0.725724
877.000000 -2.470001 23.239237 -21.556349 0.559777 0.376827 0.144893 0.723641
878.000000 -2.548041 23.429097 -21.383490 0.563211 0.377486 0.145548 0.720495
879.000000 -2.632872 23.581838 -21.248116 0.566036 0.378386 0.145802 0.717752
880.000000 -2.682976 23.604168 -21.260279 0.566544 0.379151 0.145359 0.717038
881.000000 -2.650309 23.445111 -21.481415 0.563746 0.379146 0.144391 0.719437
882.000000 -2.527139 23.258525 -21.737602 0.560235 0.377727 0.144389 0.722918
883.000000 -2.329634 23.092529 -21.973407 0.556860 0.375016 0.145559 0.726693
884.000000 -2.070471 22.938108 -22.197737 0.553482 0.371264 0.147607 0.730775
885.000000 -1.761534 22.785935 -22.419361 0.549968 0.366707 0.150225 0.735183
886.000000 -1.416075 22.626034 -22.647001 0.546178 0.361596 0.153117 0.739927
887.000000 -1.050223 22.446169 -22.888366 0.541980 0.356238 0.156030 0.744988
888.000000 -0.703019 22.278479 -23.108411 0.538021 0.351153 0.158824 0.749666
889.000000 -0.445934 22.228332 -23.206651 0.536258 0.347130 0.161480 0.752232
890.000000 -0.332828 22.366489 -23.118971 0.538050 0.344782 0.163867 0.751515
891.000000 -0.395884 22.709881 -22.824112 0.543830 0.344553 0.165741 0.747036
892.000000 -0.598677 23.114765 -22.452355 0.551162 0.346364 0.166490 0.740631
893.000000 -0.785007 23.417113 -22.172707 0.556787 0.348274 0.166715 0.735459
894.000000 -1.000222 23.697751 -21.903741 0.562226 0.350758 0.166389 0.730196
895.000000 -1.380366 24.070125 -21.511681 0.569909 0.355682 0.164580 0.722224
896.000000 -1.821014 24.453215 -21.080631 0.578079 0.361638 0.161931 0.713317
897.000000 -2.226625 24.772165 -20.705332 0.585063 0.367303 0.159109 0.705318
898.000000 -2.506917 24.957846 -20.492189 0.589282 0.371362 0.156764 0.700187
899.000000 -2.581944 24.950819 -20.535305 0.589454 0.372678 0.155480 0.699629
900.000000 -2.584880 24.896653 -20.641477 0.588590 0.372975 0.154815 0.700345
901.000000 -2.600359 24.908997 -20.664141 0.588904 0.373239 0.154637 0.699980
902.000000 -2.621443 25.017169 -20.570100 0.590849 0.373228 0.155289 0.698200
903.000000 -2.737163 25.293401 -20.255953 0.596003 0.374164 0.156109 0.693118
904.000000 -2.861985 25.615343 -19.874890 0.601971 0.375025 0.157269 0.687207
905.000000 -2.832307 25.828024 -19.646828 0.605503 0.373633 0.159722 0.684291
906.000000 -2.726716 25.946206 -19.547916 0.607136 0.371304 0.162429 0.683474
907.000000 -2.625673 25.982423 -19.553966 0.607368 0.369390 0.164327 0.683850
908.000000 -2.598065 25.989437 -19.587257 0.607400 0.368877 0.164859 0.683971
909.000000 -2.683568 26.082659 -19.489748 0.609420 0.369974 0.164458 0.681674
910.000000 -2.745421 26.189475 -19.375998 0.611583 0.370597 0.164541 0.679375
911.000000 -2.742682 26.203409 -19.397367 0.611834 0.370486 0.164732 0.679163
912.000000 -2.701024 26.152664 -19.513422 0.610764 0.369979 0.164894 0.680362
913.000000 -2.643538 26.069554 -19.675881 0.609046 0.369343 0.164980 0.682224
914.000000 -2.586677 25.973639 -19.853285 0.607121 0.368769 0.164943 0.684257
915.000000 -2.533782 25.881888 -20.021294 0.605316 0.368233 0.164906 0.686150
916.000000 -2.469270 25.824577 -20.144776 0.604063 0.367359 0.165366 0.687611
917.000000 -2.375267 25.832507 -20.187327 0.603805 0.365717 0.166865 0.688351
918.000000 -2.243202 25.893553 -20.165210 0.604298 0.363209 0.169404 0.688625
919.000000 -2.083901 25.921482 -20.187111 0.604115 0.360379 0.172031 0.689622
920.000000 -1.918460 25.869079 -20.310948 0.602532 0.357791 0.174017 0.691852
921.000000 -1.742749 25.802652 -20.451364 0.600663 0.355097 0.176025 0.694353
922.000000 -1.571508 25.731982 -20.594562 0.598734 0.352503 0.177927 0.696851
923.000000 -1.422558 25.661367 -20.734294 0.596894 0.350288 0.179502 0.699139
924.000000 -1.321635 25.607462 -20.849277 0.595533 0.348809 0.180524 0.700773
925.000000 -1.299318 25.595130 -20.908270 0.595202 0.348466 0.180777 0.701161
926.000000 -1.365549 25.637487 -20.894940 0.596157 0.349364 0.180243 0.700038
927.000000 -1.508111 25.735201 -20.807626 0.598360 0.351298 0.179100 0.697480
928.000000 -1.713014 25.888026 -20.644088 0.601756 0.354046 0.177522 0.693561
929.000000 -1.963226 26.093307 -20.404002 0.606247 0.357350 0.175697 0.688401
930.000000 -2.222950 26.332629 -20.109045 0.611396 0.360704 0.173963 0.682513
931.000000 -2.449363 26.581017 -19.794016 0.616613 0.363492 0.172738 0.676627
932.000000 -2.602759 26.815071 -19.496615 0.621325 0.365122 0.172455 0.671492
933.000000 -2.646208 27.012903 -19.256102 0.624973 0.365026 0.173553 0.667865
934.000000 -2.570069 27.153213 -19.108423 0.627106 0.363103 0.176049 0.666259
935.000000 -2.407888 27.214249 -19.082727 0.627449 0.360020 0.179242 0.666758
936.000000 -2.200101 27.187889 -19.185305 0.626018 0.356530 0.182413 0.669114
937.000000 -1.964789 27.088650 -19.390520 0.623158 0.352897 0.185391 0.672880
938.000000 -1.712937 26.933465 -19.669256 0.619244 0.349247 0.188126 0.677623
939.000000 -1.455223 26.739485 -19.993083 0.614652 0.345699 0.190567 0.682919
940.000000 -1.201968 26.524602 -20.334790 0.609771 0.342373 0.192661 0.688362
941.000000 -0.966525 26.307588 -20.668600 0.604986 0.339410 0.194380 0.693548
942.000000 -0.765729 26.108147 -20.970117 0.600684 0.336980 0.195713 0.698082
943.000000 -0.620214 25.949457 -21.213034 0.597319 0.335292 0.196621 0.701519
944.000000 -0.703673 25.970346 -21.227416 0.598017 0.336577 0.195647 0.700581
945.000000 -0.995812 26.185354 -20.993067 0.602907 0.340426 0.193175 0.695196
946.000000 -1.356716 26.512132 -20.602330 0.609965 0.344905 0.190614 0.687495
947.000000 -1.700442 26.862772 -20.161759 0.617346 0.348982 0.188575 0.679364
948.000000 -1.946346 27.149598 -19.796260 0.623233 0.351706 0.187498 0.672851
949.000000 -1.999015 27.279219 -19.653685 0.625684 0.351967 0.187851 0.670336
950.000000 -1.765703 27.156149 -19.882825 0.622623 0.348668 0.190209 0.674234
951.000000 -1.316819 26.816046 -20.407668 0.614894 0.342812 0.194074 0.683170
952.000000 -1.137809 26.672527 -20.639797 0.611731 0.340561 0.195621 0.686685
953.000000 -1.235446 26.724065 -20.603799 0.613131 0.341993 0.194571 0.685020
954.000000 -1.355938 26.778479 -20.565976 0.614608 0.343744 0.193220 0.683200
955.000000 -1.390673 26.766024 -20.626328 0.614449 0.344306 0.192652 0.683221
956.000000 -1.364389 26.708549 -20.753654 0.613170 0.344009 0.192654 0.684518
957.000000 -1.287862 26.615243 -20.924082 0.611172 0.343115 0.193062 0.686635
958.000000 -1.182039 26.503193 -21.113151 0.608821 0.341884 0.193751 0.689139
959.000000 -1.074102 26.396680 -21.289606 0.606606 0.340632 0.194545 0.691485
960.000000 -1.068902 26.406437 -21.313760 0.606802 0.340549 0.194762 0.691293
961.000000 -1.423438 26.815359 -20.812270 0.615222 0.344526 0.192847 0.682359
962.000000 -1.727587 27.142923 -20.398194 0.622073 0.348042 0.191080 0.674819
963.000000 -1.929056 27.341264 -20.154864 0.626289 0.350447 0.189766 0.670028
964.000000 -2.057252 27.454814 -20.033126 0.628706 0.352001 0.188806 0.667215
965.000000 -2.138609 27.521702 -19.982496 0.630073 0.352956 0.188144 0.665606
966.000000 -2.188898 27.567582 -19.959295 0.631010 0.353514 0.187780 0.664524
967.000000 -2.225318 27.622726 -19.920430 0.632082 0.353839 0.187735 0.663344
968.000000 -2.269344 27.719927 -19.819113 0.633927 0.354126 0.187931 0.661372
969.000000 -2.510607 27.910913 -19.557668 0.638316 0.357297 0.185740 0.656042
970.000000 -2.846052 28.191900 -19.141370 0.644684 0.361645 0.182821 0.648206
971.000000 -3.019845 28.307629 -18.981246 0.647510 0.364068 0.180993 0.644536
972.000000 -3.087179 28.327700 -18.979776 0.648206 0.365136 0.180007 0.643507
973.000000 -3.095905 28.299264 -19.061835 0.647782 0.365412 0.179556 0.643904
974.000000 -3.061307 28.235080 -19.204998 0.646535 0.365136 0.179485 0.645332
975.000000 -3.002373 28.147040 -19.387085 0.644752 0.364536 0.179640 0.647409
976.000000 -2.933865 28.046134 -19.587030 0.642714 0.363819 0.179868 0.649770
977.000000 -2.881616 27.957642 -19.763001 0.640992 0.363342 0.179931 0.651718
978.000000 -2.897019 27.934913 -19.833800 0.640696 0.363708 0.179463 0.651935
979.000000 -2.873134 28.014674 -19.764973 0.641912 0.362972 0.180573 0.650841
980.000000 -2.958835 28.141551 -19.611889 0.644414 0.363830 0.180314 0.647954
981.000000 -3.163212 28.228496 -19.495842 0.646782 0.366821 0.177763 0.644605
982.000000 -3.315062 28.263724 -19.461433 0.648037 0.369162 0.175602 0.642597
983.000000 -3.380160 28.249478 -19.512528 0.648090 0.370283 0.174397 0.642226
984.000000 -3.385690 28.205979 -19.614697 0.647415 0.370544 0.173904 0.642891
985.000000 -3.360565 28.155675 -19.731259 0.646498 0.370339 0.173851 0.643945
986.000000 -3.333302 28.121317 -19.825810 0.645824 0.370056 0.173964 0.644753
987.000000 -3.321165 28.110876 -19.883890 0.645606 0.369926 0.174043 0.645025
988.000000 -3.317430 28.106981 -19.931815 0.645524 0.369900 0.174048 0.645120
989.000000 -3.317744 28.080551 -20.011061 0.645090 0.370033 0.173785 0.645549
990.000000 -3.295434 28.049009 -20.101038 0.644476 0.369817 0.173848 0.646269
991.000000 -3.228063 28.024717 -20.187721 0.643787 0.368841 0.174701 0.647282
992.000000 -3.166125 27.971832 -20.312129 0.642672 0.368074 0.175205 0.648688
993.000000 -3.143572 27.907319 -20.444855 0.641555 0.367979 0.174989 0.649906
994.000000 -3.154455 27.838277 -20.577129 0.640520 0.368426 0.174218 0.650879
995.000000 -3.190022 27.771580 -20.701635 0.639632 0.369250 0.173090 0.651587
996.000000 -3.241256 27.714299 -20.811090 0.638951 0.370283 0.171800 0.652010
997.000000 -3.300628 27.673494 -20.897713 0.638552 0.371382 0.170524 0.652111
998.000000 -3.371329 27.657847 -20.949510 0.638584 0.372558 0.169293 0.651729
999.000000 -3.454869 27.678425 -20.951465 0.639225 0.373788 0.168184 0.650683
1000.000000 -3.541919 27.724157 -20.919236 0.640267 0.374970 0.167247 0.649218
1001.000000 -3.623081 27.773041 -20.883027 0.641334 0.376042 0.166433 0.647752
1002.000000 -3.695727 27.805365 -20.869247 0.642116 0.377040 0.165610 0.646608
1003.000000 -3.758631 27.816887 -20.883516 0.642548 0.377959 0.164758 0.645859
1004.000000 -3.809991 27.805772 -20.928414 0.642600 0.378781 0.163889 0.645546
1005.000000 -3.848002 27.770943 -21.006490 0.642240 0.379486 0.163018 0.645711
1006.000000 -3.870774 27.711404 -21.120258 0.641434 0.380057 0.162157 0.646394
1007.000000 -3.874880 27.625272 -21.272747 0.640137 0.380450 0.161336 0.647652
1008.000000 -3.846144 27.507581 -21.471505 0.638233 0.380467 0.160724 0.649670
1009.000000 -3.778188 27.349928 -21.726018 0.635588 0.380042 0.160340 0.652601
1010.000000 -3.678640 27.174589 -22.004084 0.632581 0.379209 0.160263 0.656017
1011.000000 -3.555109 27.017802 -22.258572 0.629786 0.377952 0.160689 0.659318
1012.000000 -3.417205 26.901555 -22.462218 0.627560 0.376338 0.161655 0.662122
1013.000000 -3.281708 26.818695 -22.622537 0.625851 0.374639 0.162855 0.664405
1014.000000 -3.166592 26.758786 -22.750601 0.624567 0.373154 0.163948 0.666178
1015.000000 -3.089823 26.711329 -22.857581 0.623611 0.372188 0.164601 0.667452
1016.000000 -3.069488 26.665628 -22.954555 0.622888 0.372044 0.164483 0.668236
1017.000000 -3.124069 26.610628 -23.052201 0.622298 0.373028 0.163263 0.668536
1018.000000 -3.269304 26.533381 -23.162467 0.621700 0.375396 0.160652 0.668400
1019.000000 -3.472024 26.415116 -23.309435 0.620690 0.378712 0.156980 0.668340
1020.000000 -3.657065 26.242692 -23.516722 0.618826 0.381919 0.153169 0.669127
1021.000000 -3.746303 26.003685 -23.807914 0.615705 0.383944 0.150144 0.671529
1022.000000 -3.708378 25.700495 -24.181270 0.611308 0.384356 0.148295 0.675708
1023.000000 -3.564170 25.351672 -24.607950 0.606002 0.383421 0.147450 0.681182
1024.000000 -3.337963 24.977674 -25.058262 0.600163 0.381434 0.147412 0.687446
1025.000000 -3.055624 24.600508 -25.503962 0.594171 0.378695 0.147996 0.694009
1026.000000 -2.744850 24.244006 -25.918690 0.588419 0.375516 0.149020 0.700388
1027.000000 -2.434327 23.933325 -26.278288 0.583325 0.372216 0.150299 0.706114
1028.000000 -2.109929 23.676776 -26.579912 0.578941 0.368584 0.152061 0.711232
1029.000000 -1.747753 23.446683 -26.851887 0.574796 0.364384 0.154419 0.716232
1030.000000 -1.585623 23.253274 -27.072170 0.571719 0.362759 0.154887 0.719412
1031.000000 -1.637066 23.292761 -27.077567 0.572345 0.363310 0.154694 0.718677
1032.000000 -1.896232 23.552964 -26.876609 0.576488 0.365992 0.153819 0.714179
1033.000000 -2.311008 23.975101 -26.509759 0.583225 0.370283 0.152413 0.706760
1034.000000 -2.825761 24.498816 -26.018489 0.591608 0.375616 0.150627 0.697297
1035.000000 -3.381767 25.065487 -25.449030 0.600728 0.381428 0.148604 0.686699
1036.000000 -3.925844 25.617912 -24.855316 0.609728 0.387167 0.146478 0.675927
1037.000000 -4.409148 26.106754 -24.299689 0.617809 0.392319 0.144404 0.665992
1038.000000 -4.834182 26.503894 -23.823753 0.624562 0.396993 0.142143 0.657354
1039.000000 -5.249777 26.833405 -23.402239 0.630408 0.401778 0.139328 0.649421
1040.000000 -5.498592 27.117709 -23.053767 0.635176 0.404414 0.138260 0.643339
1041.000000 -5.631133 27.230266 -22.928065 0.637206 0.405948 0.137293 0.640566
1042.000000 -5.665859 27.196017 -22.999831 0.636876 0.406551 0.136431 0.640696
1043.000000 -5.613578 27.047187 -23.227457 0.634676 0.406272 0.135825 0.643181
1044.000000 -5.482959 26.814852 -23.566820 0.631088 0.405146 0.135618 0.647451
1045.000000 -5.281310 26.530192 -23.973456 0.626594 0.403199 0.135943 0.652939
1046.000000 -5.017556 26.224718 -24.404606 0.621676 0.400481 0.136893 0.659086
1047.000000 -4.714655 25.925201 -24.823807 0.616771 0.397243 0.138340 0.665322
1048.000000 -4.403138 25.657337 -25.198844 0.612307 0.393827 0.140078 0.671087
1049.000000 -4.115141 25.445830 -25.502396 0.608690 0.390591 0.141902 0.675869
1050.000000 -3.877710 25.293987 -25.731697 0.606025 0.387874 0.143527 0.679477
1051.000000 -3.714597 25.192688 -25.896490 0.604247 0.386001 0.144627 0.681888
1052.000000 -3.648934 25.132067 -26.006225 0.603286 0.385299 0.144879 0.683082
1053.000000 -3.703736 25.101559 -26.069496 0.603054 0.386091 0.143968 0.683032
1054.000000 -3.859946 25.060899 -26.127461 0.602950 0.388230 0.141868 0.682351
1055.000000 -4.000769 24.902770 -26.298400 0.601256 0.390471 0.139127 0.683130
1056.000000 -4.014729 24.535125 -26.680250 0.596538 0.391600 0.136285 0.687182
1057.000000 -3.939992 24.035498 -27.181984 0.589964 0.391898 0.133484 0.693210
1058.000000 -3.871938 23.549213 -27.653013 0.583656 0.392227 0.130734 0.698865
1059.000000 -3.909991 23.234074 -27.951974 0.579819 0.393473 0.128063 0.701847
1060.000000 -4.067411 23.131160 -28.055428 0.578913 0.395702 0.125636 0.701780
1061.000000 -4.204812 23.071298 -28.128007 0.578437 0.397545 0.123781 0.701461
1062.000000 -4.269829 23.005678 -28.217194 0.577690 0.398470 0.122676 0.701745
1063.000000 -4.244266 22.931522 -28.326212 0.576643 0.398284 0.122460 0.702749
1064.000000 -4.157198 22.877622 -28.425104 0.575747 0.397309 0.123034 0.703934
1065.000000 -4.142793 22.947002 -28.411009 0.576580 0.396989 0.123727 0.703311
1066.000000 -4.323936 23.226926 -28.195002 0.580469 0.398631 0.123860 0.699148
1067.000000 -4.645879 23.619286 -27.855512 0.586065 0.401769 0.123335 0.692746
1068.000000 -4.989554 23.966990 -27.537623 0.591149 0.405278 0.122279 0.686543
1069.000000 -5.178036 24.150822 -27.382775 0.593856 0.407218 0.121634 0.683165
1070.000000 -5.103268 24.182256 -27.410459 0.594101 0.406217 0.122612 0.683373
1071.000000 -5.026287 24.167159 -27.479463 0.593752 0.405297 0.123282 0.684101
1072.000000 -4.992393 24.144703 -27.546946 0.593398 0.404935 0.123458 0.684591
1073.000000 -4.992215 24.117501 -27.612477 0.593055 0.405007 0.123248 0.684884
1074.000000 -5.017205 24.087722 -27.675488 0.592738 0.405388 0.122757 0.685020
1075.000000 -5.059536 24.057288 -27.735357 0.592459 0.405961 0.122099 0.685040
1076.000000 -5.108155 24.029633 -27.791547 0.592230 0.406606 0.121388 0.684981
1077.000000 -5.153729 24.007403 -27.843566 0.592062 0.407207 0.120738 0.684885
1078.000000 -5.189024 23.992278 -27.891358 0.591958 0.407670 0.120241 0.684787
1079.000000 -5.266423 23.951090 -27.953610 0.591621 0.408709 0.119111 0.684656
1080.000000 -5.436957 23.783276 -28.105310 0.589926 0.411148 0.116095 0.685177
1081.000000 -5.525194 23.509129 -28.358994 0.586774 0.412781 0.113179 0.687385
1082.000000 -5.526985 23.270874 -28.595307 0.583900 0.413278 0.111438 0.689814
1083.000000 -5.468480 23.097755 -28.787181 0.581706 0.412917 0.110800 0.691983
1084.000000 -5.375596 22.980928 -28.938590 0.580130 0.412037 0.110912 0.693811
1085.000000 -5.276874 22.900290 -29.061962 0.578972 0.411018 0.111322 0.695315
1086.000000 -5.205531 22.809673 -29.188681 0.577734 0.410341 0.111373 0.696735
1087.000000 -5.187682 22.662856 -29.348390 0.575937 0.410400 0.110507 0.698324
1088.000000 -5.147278 22.505404 -29.518091 0.573987 0.410203 0.109808 0.700154
1089.000000 -5.038093 22.383598 -29.670417 0.572344 0.409122 0.110043 0.702092
1090.000000 -4.911696 22.352350 -29.755849 0.571747 0.407677 0.111067 0.703256
1091.000000 -4.825351 22.446577 -29.739893 0.572707 0.406481 0.112540 0.702933
1092.000000 -4.786455 22.514082 -29.736587 0.573433 0.405909 0.113348 0.702542
1093.000000 -4.793188 22.513396 -29.777692 0.573435 0.406005 0.113253 0.702500
1094.000000 -4.843923 22.442875 -29.864185 0.572698 0.406739 0.112280 0.702833
1095.000000 -4.934098 22.313305 -29.987730 0.571342 0.408035 0.110548 0.703460
1096.000000 -4.997578 22.167957 -30.126049 0.569757 0.409032 0.108975 0.704411
1097.000000 -4.887087 22.067451 -30.258933 0.568384 0.407912 0.109360 0.706107
1098.000000 -4.721087 21.974904 -30.393570 0.567006 0.406139 0.110308 0.708087
1099.000000 -4.604624 21.858632 -30.536192 0.565447 0.404997 0.110612 0.709938
1100.000000 -4.570230 21.739048 -30.667745 0.564002 0.404826 0.110116 0.711261
1101.000000 -4.648641 21.637620 -30.769014 0.562970 0.405931 0.108696 0.711667
1102.000000 -4.819708 21.566723 -30.834240 0.562445 0.408030 0.106660 0.711190
1103.000000 -4.998632 21.528408 -30.874537 0.562294 0.410144 0.104805 0.710368
1104.000000 -5.086061 21.510694 -30.914614 0.562217 0.411163 0.103943 0.709967
1105.000000 -4.815558 21.239762 -31.185882 0.558651 0.408506 0.104608 0.714205
1106.000000 -4.473459 20.919892 -31.492592 0.554430 0.405136 0.105561 0.719256
1107.000000 -4.458133 20.746219 -31.649532 0.552452 0.405269 0.104539 0.720850
1108.000000 -4.705687 20.581313 -31.761094 0.551017 0.408370 0.101275 0.720664
1109.000000 -5.093394 20.392783 -31.862765 0.549522 0.413059 0.096670 0.719766
1110.000000 -5.479451 20.233959 -31.942693 0.548283 0.417609 0.092321 0.718655
1111.000000 -5.714568 20.153444 -31.995974 0.547672 0.420322 0.089819 0.717857
1112.000000 -5.587018 20.132136 -32.074072 0.547228 0.418909 0.090818 0.718894
1113.000000 -5.281094 20.112439 -32.179743 0.546549 0.415529 0.093315 0.721049
1114.000000 -5.184323 20.026501 -32.290225 0.545435 0.414609 0.093562 0.722389
1115.000000 -5.414568 20.173080 -32.201987 0.547408 0.417011 0.092512 0.719644
1116.000000 -5.760309 20.356735 -32.066759 0.549959 0.420636 0.090752 0.715804
1117.000000 -6.001520 20.379932 -32.048325 0.550566 0.423276 0.088873 0.714014
1118.000000 -6.218135 20.392182 -32.039991 0.551013 0.425626 0.087144 0.712483
1119.000000 -6.523761 20.435531 -31.992839 0.551912 0.428939 0.084827 0.710077
1120.000000 -6.608881 20.500735 -31.975663 0.552749 0.429773 0.084533 0.708955
1121.000000 -6.414380 20.527913 -32.040070 0.552787 0.427570 0.086382 0.710035
1122.000000 -6.309706 20.500320 -32.120482 0.552329 0.426457 0.087086 0.710973
1123.000000 -6.330310 20.456350 -32.185782 0.551861 0.426779 0.086588 0.711204
1124.000000 -6.323950 20.458291 -32.226115 0.551869 0.426770 0.086606 0.711201
1125.000000 -6.538073 20.480972 -32.209406 0.552407 0.429136 0.084893 0.709565
1126.000000 -6.868823 20.510182 -32.163148 0.553163 0.432719 0.082265 0.707105
1127.000000 -7.175272 20.538044 -32.120139 0.553860 0.436001 0.079863 0.704815
1128.000000 -7.315726 20.556694 -32.118434 0.554244 0.437462 0.078827 0.703724
1129.000000 -7.156148 20.556997 -32.195855 0.554065 0.435676 0.080197 0.704817
1130.000000 -7.091597 20.484007 -32.297808 0.553206 0.435057 0.080201 0.705873
1131.000000 -7.353025 20.317639 -32.385286 0.551721 0.438132 0.076784 0.705513
1132.000000 -7.828239 20.083403 -32.460773 0.549726 0.443595 0.071097 0.704252
1133.000000 -8.360823 19.823889 -32.528368 0.547482 0.449655 0.064765 0.702765
1134.000000 -8.792903 19.582234 -32.601985 0.545294 0.454551 0.059436 0.701787
1135.000000 -9.013793 19.393937 -32.695674 0.543463 0.457085 0.056301 0.701820
1136.000000 -9.073378 19.269248 -32.794546 0.542166 0.457820 0.054982 0.702448
1137.000000 -9.055250 19.211433 -32.875218 0.541520 0.457670 0.054763 0.703061
1138.000000 -9.040790 19.197600 -32.929062 0.541351 0.457525 0.054799 0.703283
1139.000000 -9.106781 19.184261 -32.960390 0.541256 0.458241 0.054164 0.702939
1140.000000 -9.255181 19.140906 -32.985860 0.540908 0.459860 0.052644 0.702264
1141.000000 -9.473457 19.110978 -32.982625 0.540760 0.462208 0.050644 0.700983
1142.000000 -9.719271 19.134408 -32.938592 0.541199 0.464802 0.048787 0.699058
1143.000000 -9.921813 19.196555 -32.882987 0.542015 0.466904 0.047557 0.697107
1144.000000 -10.014508 19.281498 -32.846340 0.542988 0.467822 0.047390 0.695744
1145.000000 -9.929207 19.373754 -32.859545 0.543906 0.466846 0.048728 0.695591
1146.000000 -9.594722 19.457265 -32.951083 0.544544 0.463244 0.052016 0.697260
1147.000000 -8.973095 19.519089 -33.130491 0.544703 0.456629 0.057465 0.701061
1148.000000 -8.165002 19.581902 -33.342800 0.544642 0.448043 0.064434 0.706024
1149.000000 -7.307739 19.693392 -33.516484 0.544951 0.438876 0.072130 0.710783
1150.000000 -6.540213 19.902200 -33.592562 0.546298 0.430514 0.079716 0.714046
1151.000000 -5.932001 20.175788 -33.583538 0.548458 0.423702 0.086403 0.715685
1152.000000 -5.543215 20.363772 -33.578277 0.549947 0.419278 0.090769 0.716607
1153.000000 -5.308791 20.471256 -33.592811 0.550767 0.416580 0.093388 0.717214
1154.000000 -5.131292 20.541467 -33.619394 0.551267 0.414534 0.095304 0.717763
1155.000000 -4.913634 20.616988 -33.647033 0.551774 0.412060 0.097558 0.718494
1156.000000 -4.553929 20.741500 -33.661783 0.552595 0.408023 0.101253 0.719655
1157.000000 -3.969558 20.947116 -33.649316 0.553903 0.401484 0.107256 0.721455
1158.000000 -3.255447 21.190282 -33.614941 0.555346 0.393477 0.114508 0.723639
1159.000000 -2.575422 21.402769 -33.580712 0.556456 0.385840 0.121269 0.725795
1160.000000 -2.104872 21.513845 -33.583974 0.556797 0.380598 0.125734 0.727539
1161.000000 -1.997930 21.474497 -33.656847 0.556159 0.379523 0.126408 0.728471
1162.000000 -2.140368 21.402773 -33.734475 0.555647 0.381137 0.124882 0.728283
1163.000000 -2.485906 21.322903 -33.801690 0.555436 0.384896 0.121624 0.727017
1164.000000 -3.038772 21.218613 -33.862243 0.555321 0.390892 0.116505 0.724741
1165.000000 -3.827532 21.069510 -33.915407 0.555067 0.399471 0.109184 0.721389
1166.000000 -4.883112 20.852763 -33.953910 0.554407 0.410969 0.099235 0.716861
1167.000000 -5.895444 20.584362 -33.997220 0.553006 0.422025 0.089254 0.712820
1168.000000 -6.389522 20.394119 -34.062932 0.551648 0.427510 0.083980 0.711243
1169.000000 -7.010232 20.309907 -34.031691 0.551507 0.434172 0.078337 0.707954
1170.000000 -8.060540 20.187170 -33.912799 0.551372 0.445288 0.068914 0.702110
1171.000000 -8.907963 20.061499 -33.816531 0.550887 0.454219 0.061096 0.697478
1172.000000 -8.725451 20.090941 -33.888567 0.550998 0.452302 0.062846 0.698480
1173.000000 -7.996340 20.215225 -34.036735 0.551550 0.444558 0.069733 0.702352
1174.000000 -7.216616 20.369623 -34.160442 0.552316 0.436253 0.077123 0.706175
1175.000000 -6.863706 20.493161 -34.199572 0.553205 0.432470 0.080723 0.707402
1176.000000 -6.837923 20.581414 -34.191773 0.554095 0.432157 0.081415 0.706817
1177.000000 -6.871272 20.648878 -34.185843 0.554834 0.432417 0.081567 0.706060
1178.000000 -7.430222 20.591733 -34.145378 0.554881 0.438218 0.076730 0.702983
1179.000000 -8.090091 20.401136 -34.151554 0.553634 0.445179 0.070163 0.700273
1180.000000 -8.335223 20.274565 -34.208495 0.552594 0.447844 0.067299 0.699676
1181.000000 -8.066781 20.254033 -34.324874 0.552125 0.445175 0.069252 0.701556
1182.000000 -8.258904 20.123198 -34.397466 0.550984 0.447261 0.066846 0.701360
1183.000000 -8.702134 19.885498 -34.468582 0.548981 0.451950 0.061777 0.700389
1184.000000 -9.037732 19.656485 -34.555145 0.546954 0.455533 0.057608 0.700009
1185.000000 -8.897903 19.572640 -34.679625 0.545985 0.454210 0.058175 0.701577
1186.000000 -8.478341 19.628525 -34.794128 0.546181 0.449927 0.061871 0.703864
1187.000000 -8.388689 19.670726 -34.833598 0.546527 0.448982 0.062835 0.704113
1188.000000 -8.344435 19.623357 -34.912833 0.546001 0.448584 0.062844 0.704774
1189.000000 -8.487585 19.584394 -34.942048 0.545727 0.450072 0.061442 0.704160
1190.000000 -8.775037 19.581181 -34.914115 0.545943 0.452977 0.059165 0.702323
1191.000000 -9.030472 19.508711 -34.930439 0.545437 0.455600 0.056706 0.701221
1192.000000 -9.232954 19.416564 -34.970111 0.544685 0.457677 0.054551 0.700624
1193.000000 -9.383892 19.349509 -35.009460 0.544131 0.459183 0.052981 0.700189
1194.000000 -9.508717 19.323755 -35.031154 0.543972 0.460441 0.051845 0.699572
1195.000000 -9.629408 19.327594 -35.035828 0.544110 0.461687 0.050889 0.698713
1196.000000 -9.809807 19.298314 -35.042746 0.543949 0.463527 0.049267 0.697735
1197.000000 -10.142459 19.246207 -35.018392 0.543646 0.466879 0.046337 0.695935
1198.000000 -10.682651 19.180040 -34.936153 0.543303 0.472290 0.041731 0.692837
1199.000000 -10.713491 19.008296 -35.062400 0.541603 0.472698 0.040353 0.693970
1200.000000 -10.159165 18.760354 -35.400475 0.538825 0.467368 0.042969 0.699563
1201.000000 -9.718367 18.554493 -35.672105 0.536531 0.463152 0.044988 0.703989
1202.000000 -9.384923 18.440180 -35.860466 0.535203 0.459947 0.046773 0.706979
1203.000000 -9.104892 18.450428 -35.968033 0.535123 0.457189 0.048930 0.708680
1204.000000 -8.894109 18.524263 -36.024499 0.535699 0.455063 0.050954 0.709470
1205.000000 -8.689200 18.528638 -36.114527 0.535582 0.453033 0.052497 0.710744
1206.000000 -8.364961 18.437533 -36.279948 0.534429 0.449898 0.054327 0.713461
1207.000000 -7.848149 18.276724 -36.518386 0.532436 0.444933 0.057141 0.717832
1208.000000 -7.193261 18.131328 -36.766564 0.530463 0.438620 0.061053 0.722837
1209.000000 -6.520698 18.043430 -36.975320 0.529019 0.432107 0.065405 0.727423
1210.000000 -5.926145 17.961799 -37.154826 0.527687 0.426359 0.069186 0.731422
1211.000000 -5.419165 17.854638 -37.323830 0.526167 0.421486 0.072160 0.735045
1212.000000 -4.997071 17.694904 -37.499407 0.524191 0.417483 0.074226 0.738527
1213.000000 -4.578150 17.490163 -37.690057 0.521755 0.413548 0.076022 0.742274
1214.000000 -4.063244 17.272644 -37.890837 0.519074 0.408680 0.078412 0.746588
1215.000000 -3.505821 17.117433 -38.058736 0.516941 0.403332 0.081410 0.750644
1216.000000 -3.102697 17.031308 -38.174401 0.515644 0.399437 0.083683 0.753365
1217.000000 -2.974691 16.981188 -38.248969 0.515005 0.398225 0.084250 0.754380
1218.000000 -3.038436 16.927902 -38.309402 0.514550 0.398912 0.083505 0.754410
1219.000000 -3.197637 16.874791 -38.361244 0.514206 0.400535 0.082137 0.753934
1220.000000 -3.372684 16.824358 -38.409229 0.513914 0.402301 0.080695 0.753349
1221.000000 -3.577418 16.759435 -38.459675 0.513514 0.404367 0.078982 0.752697
1222.000000 -3.838786 16.661407 -38.517812 0.512838 0.407019 0.076717 0.751962
1223.000000 -4.134904 16.518610 -38.589767 0.511743 0.410045 0.073991 0.751338
1224.000000 -4.444427 16.314457 -38.683573 0.510049 0.413241 0.070858 0.751040
1225.000000 -4.715596 16.070900 -38.794955 0.507927 0.416077 0.067774 0.751196
1226.000000 -4.831954 15.900819 -38.892405 0.506374 0.417344 0.066106 0.751691
1227.000000 -4.817253 15.829046 -38.965273 0.505654 0.417273 0.065813 0.752241
1228.000000 -4.809383 15.788499 -39.024421 0.505245 0.417248 0.065622 0.752546
1229.000000 -4.817937 15.716677 -39.093893 0.504560 0.417404 0.065141 0.752960
1230.000000 -4.525738 15.707610 -39.173665 0.504232 0.414605 0.066951 0.754566
1231.000000 -3.875045 15.801250 -39.246618 0.504569 0.408253 0.071636 0.757369
1232.000000 -3.042001 15.974246 -39.290752 0.505461 0.400040 0.077891 0.760533
1233.000000 -2.341173 16.156882 -39.305110 0.506532 0.393067 0.083291 0.762880
1234.000000 -2.051324 16.271015 -39.315698 0.507335 0.390145 0.085687 0.763581
1235.000000 -2.114978 16.256053 -39.360091 0.507250 0.390767 0.085218 0.763372
1236.000000 -2.364886 16.075054 -39.461601 0.505751 0.393337 0.082763 0.763317
1237.000000 -2.512991 15.795354 -39.606496 0.503206 0.395000 0.080449 0.764387
1238.000000 -2.294774 15.524945 -39.767475 0.500391 0.393132 0.080475 0.767189
1239.000000 -2.844576 15.388490 -39.825860 0.499655 0.398554 0.076258 0.765300
1240.000000 -4.527693 15.304821 -39.743191 0.500388 0.414737 0.065142 0.757206
1241.000000 -6.236174 15.197904 -39.593921 0.500656 0.431044 0.053773 0.748768
1242.000000 -7.128701 15.079478 -39.530506 0.500088 0.439537 0.047527 0.744621
1243.000000 -7.144130 14.986042 -39.605793 0.499196 0.439691 0.046966 0.745164
1244.000000 -6.336391 14.949873 -39.797050 0.498348 0.432138 0.051823 0.749813
1245.000000 -5.065482 14.987215 -40.002904 0.497813 0.420241 0.059895 0.756301
1246.000000 -3.787140 15.112030 -40.135753 0.497973 0.408135 0.068442 0.762079
1247.000000 -2.972065 15.338921 -40.158295 0.499407 0.400209 0.074628 0.764759
1248.000000 -2.978653 15.656363 -40.076380 0.502425 0.399942 0.076205 0.762764
1249.000000 -2.318811 15.833691 -40.092345 0.503465 0.393405 0.081247 0.764954
1250.000000 -0.868408 15.826953 -40.194895 0.501881 0.379432 0.090250 0.772011
1251.000000 0.276802 15.721654 -40.286741 0.499545 0.368460 0.096898 0.778012
1252.000000 0.582255 15.573761 -40.382431 0.497738 0.365671 0.098173 0.780323
1253.000000 0.233636 15.409122 -40.489743 0.496576 0.369255 0.095299 0.779731
1254.000000 -0.508828 15.257283 -40.585580 0.495993 0.376578 0.090005 0.777225
1255.000000 -1.401143 15.148004 -40.646861 0.495921 0.385225 0.083990 0.773698
1256.000000 -2.223926 15.085314 -40.675170 0.496140 0.393112 0.078663 0.770143
1257.000000 -2.783138 14.971077 -40.724810 0.495563 0.398516 0.074722 0.768126
1258.000000 -2.931235 14.721177 -40.847239 0.493321 0.400145 0.072622 0.768924
1259.000000 -3.040522 14.540343 -40.945605 0.491705 0.401334 0.071090 0.769482
1260.000000 -3.198250 14.512221 -40.984924 0.491578 0.402835 0.070012 0.768878
1261.000000 -3.122305 14.441293 -41.056826 0.490852 0.402180 0.070143 0.769672
1262.000000 -3.201150 14.508189 -41.068183 0.491556 0.402857 0.070008 0.768881
1263.000000 -3.410803 14.646023 -41.043733 0.493027 0.404699 0.069422 0.767023
1264.000000 -3.714354 14.778303 -41.011433 0.494513 0.407427 0.068243 0.764724
1265.000000 -4.075743 14.828515 -41.000316 0.495273 0.410760 0.066315 0.762616
1266.000000 -4.454680 14.746155 -41.032645 0.494792 0.414329 0.063627 0.761226
1267.000000 -4.775749 14.577512 -41.098322 0.493471 0.417423 0.060841 0.760620
1268.000000 -5.008113 14.430288 -41.163774 0.492289 0.419677 0.058688 0.760315
1269.000000 -5.214996 14.361909 -41.202980 0.491817 0.421637 0.057090 0.759657
1270.000000 -5.431787 14.296716 -41.238622 0.491379 0.423684 0.055448 0.758923
1271.000000 -5.933297 14.378137 -41.182330 0.492465 0.428242 0.052863 0.755839
1272.000000 -6.320032 14.372008 -41.168524 0.492645 0.431790 0.050522 0.753861
1273.000000 -6.607806 14.289729 -41.193886 0.492052 0.434466 0.048373 0.752851
1274.000000 -6.828125 14.141717 -41.250685 0.490822 0.436558 0.046277 0.752575
1275.000000 -7.014047 13.938072 -41.330176 0.489069 0.438362 0.044090 0.752799
1276.000000 -7.198355 13.695623 -41.420696 0.486966 0.440165 0.041708 0.753246
1277.000000 -7.411542 13.487872 -41.492330 0.485192 0.442204 0.039345 0.753323
1278.000000 -7.635048 13.363260 -41.533186 0.484174 0.444291 0.037372 0.752851
1279.000000 -7.760238 13.271565 -41.580526 0.483402 0.445470 0.036159 0.752709
1280.000000 -7.790953 13.232992 -41.628394 0.483063 0.445771 0.035781 0.752767
1281.000000 -7.796745 13.095357 -41.712350 0.481813 0.445887 0.035011 0.753536
1282.000000 -7.799214 12.874736 -41.822159 0.479811 0.446003 0.033813 0.754798
1283.000000 -7.811202 12.616071 -41.940264 0.477476 0.446213 0.032361 0.756216
1284.000000 -7.842100 12.372567 -42.048353 0.475297 0.446579 0.030889 0.757434
1285.000000 -7.900637 12.199709 -42.129008 0.473777 0.447158 0.029641 0.758094
1286.000000 -8.055448 12.125748 -42.162344 0.473178 0.448565 0.028365 0.757685
1287.000000 -8.447371 12.064013 -42.144820 0.472755 0.452095 0.025825 0.755941
1288.000000 -8.892667 11.972837 -42.120811 0.472060 0.456107 0.022847 0.754058
1289.000000 -9.171284 11.820279 -42.145810 0.470757 0.458639 0.020482 0.753405
1290.000000 -9.193224 11.591368 -42.246085 0.468709 0.458890 0.019137 0.754563
1291.000000 -9.031788 11.411028 -42.371111 0.467058 0.457499 0.019066 0.756431
1292.000000 -8.823625 11.230384 -42.503809 0.465395 0.455711 0.019231 0.758528
1293.000000 -8.655797 11.015616 -42.634963 0.463441 0.454294 0.018981 0.760578
1294.000000 -8.532558 10.791190 -42.757967 0.461417 0.453257 0.018443 0.762438
1295.000000 -8.450602 10.586505 -42.866719 0.459583 0.452557 0.017802 0.763975
1296.000000 -8.343118 10.454631 -42.961822 0.458392 0.451603 0.017696 0.765257
1297.000000 -8.066996 10.474919 -43.051472 0.458507 0.449121 0.019298 0.766609
1298.000000 -7.801934 10.593287 -43.113263 0.459486 0.446723 0.021337 0.767369
1299.000000 -7.764427 10.738541 -43.125939 0.460755 0.446349 0.022288 0.766799
1300.000000 -8.024229 10.871872 -43.086612 0.461990 0.448626 0.021593 0.764744
1301.000000 -8.425674 11.002928 -43.018048 0.463240 0.452160 0.020129 0.761941
1302.000000 -8.797492 11.144361 -42.948265 0.464578 0.455424 0.018871 0.759210
1303.000000 -9.047204 11.308204 -42.894477 0.466089 0.457598 0.018383 0.756985
1304.000000 -9.212331 11.504929 -42.847889 0.467872 0.459016 0.018529 0.755021
1305.000000 -9.322411 11.636366 -42.829549 0.469065 0.459960 0.018629 0.753703
1306.000000 -9.399807 11.614415 -42.859719 0.468896 0.460647 0.018084 0.753401
1307.000000 -9.453326 11.429971 -42.938853 0.467290 0.461153 0.016797 0.754119
1308.000000 -9.497798 11.139483 -43.046844 0.464749 0.461590 0.014994 0.755459
1309.000000 -9.548749 10.805159 -43.162176 0.461828 0.462084 0.012929 0.756985
1310.000000 -9.621858 10.490827 -43.264883 0.459085 0.462762 0.010856 0.758271
1311.000000 -9.732932 10.260771 -43.336694 0.457082 0.463758 0.009031 0.758896
1312.000000 -9.899277 10.163014 -43.363599 0.456238 0.465221 0.007622 0.758524
1313.000000 -10.126276 10.163109 -43.352721 0.456250 0.467206 0.006422 0.757307
1314.000000 -10.374472 10.162252 -43.335781 0.456250 0.469375 0.005112 0.755974
1315.000000 -10.616930 10.171617 -43.316342 0.456337 0.471492 0.003890 0.754611
1316.000000 -10.826732 10.213342 -43.295959 0.456706 0.473319 0.003016 0.753246
1317.000000 -10.994013 10.266787 -43.282401 0.457179 0.474773 0.002431 0.752045
1318.000000 -11.112920 10.301561 -43.284940 0.457491 0.475806 0.001999 0.751204
1319.000000 -11.181316 10.295697 -43.309877 0.457448 0.476400 0.001610 0.750853
1320.000000 -11.206901 10.249336 -43.355447 0.457052 0.476625 0.001222 0.750953
1321.000000 -11.199032 10.165993 -43.418336 0.456333 0.476560 0.000805 0.751432
1322.000000 -11.165856 10.065256 -43.491650 0.455461 0.476277 0.000425 0.752141
1323.000000 -11.113515 9.992468 -43.563249 0.454828 0.475826 0.000299 0.752809
1324.000000 -11.050781 9.955860 -43.629118 0.454505 0.475285 0.000423 0.753345
1325.000000 -10.988408 9.951138 -43.687537 0.454457 0.474746 0.000718 0.753714
1326.000000 -10.944379 9.952980 -43.739744 0.454467 0.474364 0.000953 0.753948
1327.000000 -10.936012 9.936761 -43.787013 0.454326 0.474289 0.000908 0.754080
1328.000000 -10.966635 9.912348 -43.826248 0.454120 0.474550 0.000619 0.754040
1329.000000 -11.031617 9.891751 -43.855867 0.453951 0.475106 0.000175 0.753792
1330.000000 -11.116242 9.864590 -43.881861 0.453726 0.475830 -0.000405 0.753471
1331.000000 -11.204124 9.816734 -43.911508 0.453320 0.476583 -0.001116 0.753238
1332.000000 -11.280177 9.729776 -43.952708 0.452574 0.477235 -0.001979 0.753272
1333.000000 -11.334477 9.580050 -44.012980 0.451287 0.477699 -0.003071 0.753747
1334.000000 -11.355714 9.381790 -44.091566 0.449584 0.477877 -0.004255 0.754645
1335.000000 -11.331911 9.157414 -44.186190 0.447661 0.477666 -0.005348 0.755914
1336.000000 -11.251380 8.929610 -44.294675 0.445714 0.476967 -0.006168 0.757498
1337.000000 -11.133355 8.724634 -44.406588 0.443969 0.475946 -0.006674 0.759159
1338.000000 -11.043983 8.550876 -44.503969 0.442494 0.475169 -0.007157 0.760501
1339.000000 -11.000705 8.405163 -44.583772 0.441256 0.474785 -0.007721 0.761454
1340.000000 -11.004703 8.283383 -44.647001 0.440220 0.474804 -0.008390 0.762035
1341.000000 -11.057121 8.181357 -44.694415 0.439345 0.475234 -0.009190 0.762263
1342.000000 -11.157452 8.099031 -44.726113 0.438630 0.476074 -0.010116 0.762139
1343.000000 -11.298514 8.056058 -44.740044 0.438243 0.477267 -0.011032 0.761602
1344.000000 -11.471722 8.077912 -44.733526 0.438401 0.478744 -0.011762 0.760572
1345.000000 -11.668605 8.189983 -44.703646 0.439321 0.480435 -0.012126 0.758968
1346.000000 -11.919784 8.380103 -44.643482 0.440893 0.482596 -0.012336 0.756678
1347.000000 -12.310414 8.517944 -44.552653 0.441997 0.485930 -0.013513 0.753875
1348.000000 -12.694617 8.604157 -44.469553 0.442662 0.489195 -0.014941 0.751342
1349.000000 -12.958322 8.658579 -44.424258 0.443077 0.491431 -0.015948 0.749616
1350.000000 -12.982671 8.689122 -44.452484 0.443339 0.491638 -0.015895 0.749326
1351.000000 -12.807303 8.678592 -44.546479 0.443293 0.490157 -0.015075 0.750340
1352.000000 -12.543423 8.606429 -44.676314 0.442735 0.487933 -0.014170 0.752135
1353.000000 -12.303934 8.449684 -44.813496 0.441455 0.485907 -0.013858 0.754202
1354.000000 -12.206261 8.184073 -44.930371 0.439235 0.485055 -0.014828 0.756026
1355.000000 -12.341340 7.797564 -45.003819 0.435958 0.486119 -0.017572 0.757179
1356.000000 -12.412988 7.418180 -45.090427 0.432753 0.486628 -0.019956 0.758631
1357.000000 -12.222812 7.194282 -45.220856 0.430907 0.484964 -0.020222 0.760736
1358.000000 -11.918773 7.090812 -45.360155 0.430096 0.482376 -0.019303 0.762862
1359.000000 -11.676461 7.053292 -45.470073 0.429825 0.480331 -0.018356 0.764327
1360.000000 -11.695890 7.038806 -45.507648 0.429693 0.480504 -0.018551 0.764288
1361.000000 -12.009804 7.030568 -45.468545 0.429554 0.483146 -0.020097 0.762659
1362.000000 -12.478383 7.038552 -45.382545 0.429513 0.487073 -0.022273 0.760120
1363.000000 -12.904803 7.086464 -45.297294 0.429809 0.490645 -0.024030 0.757598
1364.000000 -13.158365 7.180706 -45.251003 0.430534 0.492778 -0.024715 0.755778
1365.000000 -13.165504 7.308411 -45.269893 0.431603 0.492863 -0.024052 0.755133
1366.000000 -13.199818 7.353663 -45.293770 0.431975 0.493161 -0.023980 0.754728
1367.000000 -13.351485 7.288527 -45.300922 0.431394 0.494413 -0.025068 0.754206
1368.000000 -13.563827 7.121485 -45.305539 0.429944 0.496139 -0.026996 0.753834
1369.000000 -13.776210 6.862140 -45.322715 0.427723 0.497829 -0.029423 0.753892
1370.000000 -13.924988 6.527176 -45.368036 0.424889 0.498955 -0.031958 0.754647
1371.000000 -13.941170 6.167863 -45.454658 0.421896 0.498961 -0.033998 0.756231
1372.000000 -13.845926 5.826088 -45.570148 0.419089 0.498042 -0.035415 0.758330
1373.000000 -13.717618 5.531640 -45.686936 0.416687 0.496861 -0.036422 0.760378
1374.000000 -13.568544 5.332098 -45.796491 0.415083 0.495543 -0.036823 0.762094
1375.000000 -13.487389 5.216803 -45.875129 0.414150 0.494821 -0.037087 0.763057
1376.000000 -13.515288 5.154483 -45.915428 0.413614 0.495026 -0.037563 0.763192
1377.000000 -13.618434 5.141557 -45.927932 0.413457 0.495875 -0.038108 0.762699
1378.000000 -13.762833 5.174563 -45.922777 0.413666 0.497082 -0.038582 0.761775
1379.000000 -13.912068 5.249483 -45.910963 0.414225 0.498342 -0.038843 0.760634
1380.000000 -14.032730 5.357764 -45.903248 0.415075 0.499381 -0.038793 0.759490
1381.000000 -14.132693 5.463461 -45.901418 0.415913 0.500252 -0.038668 0.758465
1382.000000 -14.227777 5.519180 -45.906533 0.416339 0.501065 -0.038797 0.757688
1383.000000 -14.333857 5.477416 -45.919624 0.415954 0.501928 -0.039508 0.757291
1384.000000 -14.468892 5.294755 -45.939813 0.414393 0.502967 -0.041119 0.757372
1385.000000 -14.579663 5.028928 -45.975904 0.412154 0.503760 -0.043075 0.757957
1386.000000 -14.656971 4.769784 -46.020304 0.409982 0.504273 -0.044843 0.758691
1387.000000 -14.713563 4.563127 -46.064677 0.408251 0.504635 -0.046227 0.759301
1388.000000 -14.754982 4.452738 -46.103814 0.407317 0.504916 -0.047016 0.759567
1389.000000 -14.789139 4.482215 -46.131687 0.407535 0.505207 -0.047006 0.759257
1390.000000 -14.831435 4.592508 -46.148900 0.408411 0.505607 -0.046592 0.758545
1391.000000 -14.885585 4.603557 -46.171840 0.408467 0.506057 -0.046775 0.758204
1392.000000 -14.951395 4.531510 -46.199020 0.407839 0.506564 -0.047463 0.758161
1393.000000 -15.028244 4.429562 -46.225155 0.406966 0.507146 -0.048360 0.758184
1394.000000 -15.111920 4.347389 -46.246758 0.406262 0.507792 -0.049174 0.758077
1395.000000 -15.162724 4.300707 -46.275580 0.405868 0.508186 -0.049643 0.757993
1396.000000 -15.144522 4.292092 -46.323603 0.405813 0.508035 -0.049604 0.758127
1397.000000 -15.074028 4.301482 -46.387127 0.405923 0.507464 -0.049243 0.758473
1398.000000 -14.974899 4.275281 -46.463136 0.405752 0.506639 -0.048958 0.759135
1399.000000 -14.870856 4.158981 -46.548604 0.404846 0.505727 -0.049146 0.760214
1400.000000 -14.776462 3.998704 -46.634179 0.403578 0.504871 -0.049610 0.761426
1401.000000 -14.700273 3.920782 -46.706294 0.402979 0.504208 -0.049703 0.762176
1402.000000 -14.652378 3.865511 -46.767313 0.402556 0.503788 -0.049792 0.762671
1403.000000 -14.621720 3.818502 -46.822099 0.402196 0.503512 -0.049909 0.763035
1404.000000 -14.595632 3.771145 -46.875395 0.401833 0.503274 -0.050045 0.763375
1405.000000 -14.561389 3.714849 -46.931868 0.401402 0.502965 -0.050194 0.763795
1406.000000 -14.506195 3.642945 -46.995936 0.400851 0.502478 -0.050339 0.764396
1407.000000 -14.425719 3.566291 -47.067926 0.400268 0.501783 -0.050406 0.765152
1408.000000 -14.331634 3.492067 -47.143575 0.399708 0.500981 -0.050408 0.765970
1409.000000 -14.237425 3.424483 -47.218428 0.399201 0.500181 -0.050375 0.766759
1410.000000 -14.156468 3.368294 -47.288178 0.398780 0.499495 -0.050337 0.767428
1411.000000 -14.090247 3.361391 -47.349845 0.398755 0.498954 -0.050097 0.767808
1412.000000 -14.017279 3.429655 -47.408030 0.399347 0.498398 -0.049428 0.767905
1413.000000 -13.914196 3.515828 -47.473504 0.400101 0.497607 -0.048535 0.768083
1414.000000 -13.757950 3.556670 -47.557372 0.400516 0.496362 -0.047659 0.768726
1415.000000 -13.558805 3.508170 -47.659452 0.400231 0.494727 -0.047074 0.769964
1416.000000 -13.410577 3.374693 -47.752245 0.399232 0.493466 -0.047143 0.771286
1417.000000 -13.378735 3.189155 -47.815150 0.397754 0.493121 -0.047965 0.772219
1418.000000 -13.407440 3.024736 -47.859104 0.396413 0.493272 -0.048931 0.772752
1419.000000 -13.418033 2.959244 -47.901713 0.395876 0.493322 -0.049310 0.772971
1420.000000 -13.348048 3.023224 -47.958917 0.396417 0.492786 -0.048687 0.773075
1421.000000 -13.194313 3.080103 -48.039408 0.396942 0.491572 -0.047764 0.773636
1422.000000 -12.989039 2.978984 -48.143022 0.396221 0.489869 -0.047447 0.775104
1423.000000 -12.782060 2.774878 -48.251719 0.394677 0.488107 -0.047643 0.776989
1424.000000 -12.620663 2.628745 -48.343448 0.393586 0.486744 -0.047719 0.778392
1425.000000 -12.519016 2.673463 -48.408569 0.394012 0.485952 -0.047068 0.778711
1426.000000 -12.415929 2.874535 -48.464880 0.395692 0.485219 -0.045630 0.778401
1427.000000 -12.277257 3.113801 -48.526884 0.397676 0.484212 -0.043868 0.778118
1428.000000 -12.175707 3.247704 -48.585286 0.398782 0.483452 -0.042793 0.778084
1429.000000 -12.071238 3.278027 -48.650936 0.399057 0.482623 -0.042223 0.778489
1430.000000 -11.950490 3.267312 -48.723010 0.399017 0.481648 -0.041784 0.779137
1431.000000 -11.837010 3.018249 -48.808169 0.397076 0.480632 -0.042545 0.780713
1432.000000 -11.740100 2.850300 -48.882899 0.395781 0.479788 -0.042970 0.781866
1433.000000 -11.763029 2.888540 -48.916240 0.396083 0.479994 -0.042880 0.781591
1434.000000 -11.827418 2.958688 -48.937675 0.396625 0.480542 -0.042803 0.780984
1435.000000 -11.875161 2.903224 -48.970720 0.396178 0.480895 -0.043267 0.780968
1436.000000 -12.093231 2.703346 -48.970363 0.394481 0.482540 -0.045121 0.780707
1437.000000 -12.213964 2.271930 -49.004022 0.390974 0.483292 -0.047727 0.781851
1438.000000 -12.199581 1.778283 -49.069487 0.387038 0.482929 -0.050099 0.783882
1439.000000 -12.160907 1.370482 -49.133535 0.383798 0.482411 -0.051942 0.785672
1440.000000 -12.166458 1.182743 -49.178472 0.382295 0.482356 -0.052877 0.786376
1441.000000 -12.297480 1.434816 -49.180200 0.384242 0.483544 -0.052163 0.784744
1442.000000 -12.489362 1.781062 -49.161765 0.386887 0.485259 -0.051224 0.782444
1443.000000 -12.528366 2.044428 -49.183020 0.388938 0.485708 -0.050086 0.781221
1444.000000 -12.546104 2.274935 -49.209879 0.390742 0.485963 -0.049023 0.780229
1445.000000 -12.559415 2.388977 -49.242571 0.391645 0.486120 -0.048506 0.779711
1446.000000 -12.427945 2.400106 -49.316594 0.391815 0.485084 -0.047922 0.780306
1447.000000 -12.463675 2.518829 -49.342835 0.392749 0.485430 -0.047464 0.779649
1448.000000 -12.504884 2.643438 -49.367278 0.393720 0.485819 -0.046993 0.778945
1449.000000 -12.391962 2.559278 -49.441491 0.393119 0.484889 -0.046948 0.779831
1450.000000 -12.251997 2.108133 -49.539025 0.389632 0.483563 -0.048603 0.782299
1451.000000 -12.156969 1.488941 -49.626235 0.384785 0.482501 -0.051253 0.785179
1452.000000 -12.080182 0.894207 -49.700314 0.380116 0.481586 -0.053856 0.787837
1453.000000 -12.126913 0.334926 -49.736992 0.375652 0.481648 -0.056759 0.789734
1454.000000 -12.267726 -0.195300 -49.744787 0.371355 0.482442 -0.059871 0.791050
1455.000000 -12.392502 -0.689866 -49.751232 0.367340 0.483114 -0.062738 0.792292
1456.000000 -12.446575 -1.074965 -49.772491 0.364235 0.483292 -0.064803 0.793450
1457.000000 -12.323863 -1.260095 -49.840205 0.362832 0.482200 -0.065231 0.794721
1458.000000 -12.164451 -1.206576 -49.921967 0.363357 0.480975 -0.064377 0.795293
1459.000000 -12.169307 -0.958377 -49.967048 0.365329 0.481179 -0.063210 0.794359
1460.000000 -12.252604 -0.618584 -49.993240 0.367968 0.482055 -0.061896 0.792711
1461.000000 -12.237158 -0.274411 -50.041261 0.370692 0.482144 -0.060197 0.791518
1462.000000 -12.186464 0.066878 -50.095724 0.373415 0.481944 -0.058378 0.790496
1463.000000 -12.094863 0.394239 -50.157906 0.376052 0.481403 -0.056466 0.789714
1464.000000 -11.931078 0.678293 -50.235602 0.378385 0.480265 -0.054489 0.789431
1465.000000 -11.837830 1.003584 -50.293717 0.380996 0.479701 -0.052578 0.788647
1466.000000 -11.798493 1.275672 -50.338270 0.383157 0.479528 -0.051132 0.787800
1467.000000 -11.850733 1.328232 -50.366088 0.383549 0.479959 -0.051084 0.787350
1468.000000 -12.029903 1.142326 -50.369597 0.382012 0.481259 -0.052655 0.787200
1469.000000 -12.293691 0.799587 -50.353914 0.379200 0.483131 -0.055303 0.787231
1470.000000 -12.597094 0.387233 -50.325168 0.375813 0.485263 -0.058439 0.787318
1471.000000 -12.921084 -0.035980 -50.285868 0.372314 0.487540 -0.061700 0.787325
1472.000000 -13.156694 -0.483433 -50.263830 0.368659 0.489105 -0.064739 0.787830
1473.000000 -13.181368 -0.991535 -50.291241 0.364649 0.488972 -0.067289 0.789563
1474.000000 -13.116721 -1.494690 -50.336946 0.360731 0.488133 -0.069488 0.791689
1475.000000 -13.126182 -1.909302 -50.361620 0.357457 0.487925 -0.071532 0.793118
1476.000000 -13.329292 -2.151648 -50.339587 0.355409 0.489348 -0.073455 0.792986
1477.000000 -13.429577 -2.168065 -50.353499 0.355210 0.490122 -0.073906 0.792556
1478.000000 -13.343770 -1.988088 -50.425358 0.356683 0.489567 -0.072732 0.792346
1479.000000 -13.113073 -1.682634 -50.538635 0.359237 0.487958 -0.070441 0.792391
1480.000000 -12.778132 -1.325689 -50.676355 0.362254 0.485569 -0.067547 0.792737
1481.000000 -12.384466 -0.989456 -50.822507 0.365135 0.482720 -0.064554 0.793405
1482.000000 -12.086396 -0.685579 -50.940171 0.367692 0.480595 -0.062049 0.793714
1483.000000 -12.052014 -0.402320 -50.992624 0.369919 0.480506 -0.060573 0.792846
1484.000000 -12.191140 -0.221613 -51.002192 0.371243 0.481699 -0.060198 0.791530
1485.000000 -12.310567 -0.181079 -51.015360 0.371495 0.482646 -0.060420 0.790819
1486.000000 -12.238231 -0.294360 -51.073958 0.370673 0.482005 -0.060690 0.791574
1487.000000 -12.224447 -0.547303 -51.116831 0.368731 0.481736 -0.061831 0.792556
1488.000000 -12.311095 -0.862022 -51.133202 0.366242 0.482209 -0.063628 0.793280
1489.000000 -12.422720 -1.155906 -51.141688 0.363889 0.482889 -0.065422 0.793802
1490.000000 -12.529880 -1.397416 -51.150633 0.361938 0.483569 -0.066957 0.794153
1491.000000 -12.646554 -1.603199 -51.156943 0.360253 0.484346 -0.068354 0.794327
1492.000000 -12.788454 -1.791729 -51.156521 0.358684 0.485326 -0.069755 0.794316
1493.000000 -12.943014 -1.959021 -51.152776 0.357274 0.486414 -0.071095 0.794168
1494.000000 -13.030176 -2.049945 -51.168567 0.356509 0.487025 -0.071827 0.794071
1495.000000 -13.016726 -2.060073 -51.213222 0.356446 0.486909 -0.071816 0.794171
1496.000000 -12.901546 -2.012021 -51.285901 0.356906 0.486046 -0.071175 0.794551
1497.000000 -12.734412 -1.947730 -51.371615 0.357524 0.484794 -0.070284 0.795117
1498.000000 -12.577008 -1.912050 -51.452970 0.357907 0.483603 -0.069572 0.795732
1499.000000 -12.480912 -1.942339 -51.516369 0.357734 0.482846 -0.069387 0.796286
1500.000000 -12.452089 -2.025396 -51.561308 0.357107 0.482573 -0.069681 0.796707
1501.000000 -12.452913 -2.099919 -51.599425 0.356527 0.482531 -0.070036 0.796961
1502.000000 -12.435186 -2.110246 -51.644701 0.356457 0.482385 -0.070024 0.797082
1503.000000 -12.366399 -2.034367 -51.705752 0.357088 0.481902 -0.069431 0.797144
1504.000000 -12.290417 -1.912248 -51.770044 0.358079 0.481394 -0.068599 0.797078
1505.000000 -12.261382 -1.793851 -51.822680 0.359011 0.481243 -0.067948 0.796806
1506.000000 -12.312367 -1.723687 -51.854456 0.359519 0.481677 -0.067799 0.796327
1507.000000 -12.421594 -1.725978 -51.869767 0.359433 0.482513 -0.068186 0.795827
1508.000000 -12.548824 -1.817779 -51.877401 0.358648 0.483430 -0.069050 0.795550
1509.000000 -12.653776 -2.015725 -51.885953 0.357062 0.484104 -0.070330 0.795741
1510.000000 -12.699332 -2.305460 -51.904082 0.354812 0.484260 -0.071835 0.796518
1511.000000 -12.654122 -2.618028 -51.941591 0.352446 0.483700 -0.073135 0.797789
1512.000000 -12.495619 -2.871070 -52.007841 0.350612 0.482312 -0.073768 0.799378
1513.000000 -12.258319 -2.996148 -52.098456 0.349813 0.480409 -0.073539 0.800893
1514.000000 -12.050726 -3.066395 -52.183994 0.349412 0.478768 -0.073168 0.802084
1515.000000 -11.823096 -3.049113 -52.278287 0.349695 0.477028 -0.072340 0.803072
1516.000000 -11.667819 -3.138526 -52.349225 0.349109 0.475767 -0.072240 0.804083
1517.000000 -11.704806 -3.450142 -52.362932 0.346686 0.475828 -0.073776 0.804956
1518.000000 -11.858385 -3.705986 -52.352606 0.344618 0.476816 -0.075440 0.805104
1519.000000 -11.970845 -3.535899 -52.380444 0.345855 0.477797 -0.075027 0.804031
1520.000000 -12.088778 -3.095582 -52.422902 0.349158 0.479006 -0.073399 0.802032
1521.000000 -12.343969 -2.686985 -52.427430 0.352102 0.481236 -0.072381 0.799498
1522.000000 -12.715536 -2.425427 -52.392344 0.353814 0.484257 -0.072428 0.796910
1523.000000 -13.138898 -2.402156 -52.329756 0.353667 0.487509 -0.073746 0.794869
1524.000000 -13.477615 -2.563469 -52.277184 0.352202 0.489968 -0.075644 0.793828
1525.000000 -13.768348 -2.915951 -52.224449 0.349332 0.491907 -0.078286 0.793641
1526.000000 -13.938848 -3.166539 -52.206081 0.347320 0.493004 -0.080049 0.793667
1527.000000 -13.895479 -3.096853 -52.263195 0.347894 0.492732 -0.079570 0.793634
1528.000000 -13.739924 -2.878025 -52.358076 0.349672 0.491725 -0.078010 0.793631
1529.000000 -13.654466 -2.783011 -52.426799 0.350447 0.491155 -0.077273 0.793714
1530.000000 -13.584767 -2.818851 -52.484231 0.350211 0.490606 -0.077205 0.794164
1531.000000 -13.367772 -3.061547 -52.567591 0.348519 0.488785 -0.077621 0.795989
1532.000000 -13.055050 -3.470017 -52.662061 0.345646 0.486112 -0.078486 0.798789
1533.000000 -12.718996 -3.897929 -52.755666 0.342646 0.483247 -0.079346 0.801730
1534.000000 -12.432195 -4.198676 -52.842339 0.340586 0.480850 -0.079767 0.804003
1535.000000 -12.255612 -4.267480 -52.919535 0.340216 0.479461 -0.079494 0.805016
1536.000000 -12.228872 -4.074365 -52.982433 0.341715 0.479393 -0.078543 0.804515
1537.000000 -12.341987 -3.730681 -53.023021 0.344235 0.480489 -0.077369 0.802899
1538.000000 -12.514034 -3.529279 -53.037975 0.345616 0.481929 -0.077018 0.801475
1539.000000 -12.710456 -3.611818 -53.027165 0.344825 0.483353 -0.078019 0.800862
1540.000000 -12.929557 -3.884966 -52.996287 0.342579 0.484811 -0.079954 0.800753
1541.000000 -13.249865 -4.017417 -52.948622 0.341333 0.487137 -0.081579 0.799709
1542.000000 -13.652623 -3.805457 -52.903228 0.342636 0.490343 -0.081901 0.797155
1543.000000 -14.054600 -3.237746 -52.877019 0.346608 0.493806 -0.080569 0.793427
1544.000000 -14.431628 -2.525955 -52.855525 0.351653 0.497172 -0.078468 0.789306
1545.000000 -14.763343 -1.893384 -52.831655 0.356107 0.500119 -0.076572 0.785624
1546.000000 -15.028488 -1.563611 -52.808945 0.358344 0.502333 -0.075894 0.783257
1547.000000 -15.252101 -1.633186 -52.784035 0.357657 0.503940 -0.076990 0.782431
1548.000000 -15.519445 -1.998934 -52.735002 0.354759 0.505641 -0.079657 0.782386
1549.000000 -15.532708 -1.993690 -52.772897 0.354810 0.505732 -0.079689 0.782301
1550.000000 -15.548997 -1.769793 -52.817617 0.356475 0.506016 -0.078672 0.781463
1551.000000 -15.597959 -1.480269 -52.853452 0.358587 0.506593 -0.077449 0.780244
1552.000000 -15.646497 -1.330773 -52.884170 0.359648 0.507067 -0.076900 0.779502
1553.000000 -15.705108 -1.440899 -52.904661 0.358770 0.507428 -0.077641 0.779598
1554.000000 -15.728364 -1.712378 -52.931197 0.356751 0.507391 -0.079029 0.780409
1555.000000 -15.662844 -2.028438 -52.981069 0.354478 0.506660 -0.080330 0.781785
1556.000000 -15.459671 -2.269642 -53.072355 0.352856 0.504978 -0.080797 0.783557
1557.000000 -15.143639 -2.241159 -53.205871 0.353303 0.502678 -0.079593 0.784957
1558.000000 -14.820010 -1.695666 -53.358244 0.357555 0.500699 -0.075943 0.784658
1559.000000 -14.854563 -1.286741 -53.401315 0.360533 0.501237 -0.074156 0.783121
1560.000000 -14.835221 -1.214025 -53.449785 0.361075 0.501141 -0.073761 0.782970
1561.000000 -14.703706 -1.187586 -53.528281 0.361353 0.500188 -0.073201 0.783503
1562.000000 -14.517672 -1.031078 -53.623904 0.362621 0.498925 -0.071845 0.783848
1563.000000 -14.354182 -0.904149 -53.711592 0.363664 0.497813 -0.070701 0.784176
1564.000000 -14.281362 -1.037106 -53.769725 0.362759 0.497199 -0.071066 0.784951
1565.000000 -14.322148 -1.322859 -53.793925 0.360651 0.497307 -0.072527 0.785720
1566.000000 -14.489064 -1.624935 -53.782430 0.358334 0.498317 -0.074483 0.785957
1567.000000 -14.719835 -1.882089 -53.752954 0.356304 0.499818 -0.076440 0.785740
1568.000000 -14.873070 -2.119363 -53.743479 0.354468 0.500763 -0.078046 0.785810
1569.000000 -14.831307 -2.372415 -53.785795 0.352638 0.500275 -0.079080 0.786840
1570.000000 -14.764176 -2.330621 -53.847267 0.352973 0.499820 -0.078667 0.787021
1571.000000 -14.671282 -2.229099 -53.918023 0.353762 0.499219 -0.077903 0.787124
1572.000000 -14.533005 -2.326145 -53.992408 0.353143 0.498141 -0.077917 0.788083
1573.000000 -14.310006 -2.543013 -54.083262 0.351727 0.496358 -0.078204 0.789811
1574.000000 -13.975451 -2.676383 -54.205519 0.351007 0.493821 -0.077730 0.791766
1575.000000 -13.559099 -2.607647 -54.355903 0.351816 0.490836 -0.076055 0.793424
1576.000000 -13.087482 -2.321163 -54.525791 0.354240 0.487596 -0.073225 0.794608
1577.000000 -12.570462 -2.003716 -54.701304 0.356900 0.484034 -0.070135 0.795873
1578.000000 -12.026029 -1.840900 -54.870656 0.358427 0.480167 -0.067660 0.797742
1579.000000 -11.532474 -1.814138 -55.018687 0.358908 0.476589 -0.065947 0.799812
1580.000000 -11.095396 -1.884492 -55.147421 0.358638 0.473370 -0.064827 0.801933
1581.000000 -10.700254 -2.033545 -55.261511 0.357775 0.470414 -0.064170 0.804108
1582.000000 -10.332655 -2.241366 -55.364792 0.356475 0.467625 -0.063848 0.806335
1583.000000 -9.991456 -2.471878 -55.459012 0.354998 0.465014 -0.063706 0.808505
1584.000000 -9.771516 -2.616922 -55.532993 0.354078 0.463330 -0.063600 0.809882
1585.000000 -9.547667 -2.605140 -55.613923 0.354304 0.461703 -0.062836 0.810772
1586.000000 -9.401161 -2.640411 -55.678652 0.354139 0.460610 -0.062523 0.811489
1587.000000 -9.593763 -2.960315 -55.671141 0.351698 0.461824 -0.064464 0.811709
1588.000000 -9.784701 -3.183539 -55.667009 0.349950 0.463076 -0.066000 0.811628
1589.000000 -9.982460 -3.309052 -55.665890 0.348901 0.464435 -0.067153 0.811208
1590.000000 -10.176166 -3.339506 -55.670475 0.348557 0.465819 -0.067888 0.810501
1591.000000 -10.353529 -3.274475 -55.683161 0.348923 0.467144 -0.068168 0.809557
1592.000000 -10.500816 -3.111479 -55.705911 0.350007 0.468326 -0.067950 0.808423
1593.000000 -10.595259 -2.868470 -55.742176 0.351710 0.469170 -0.067222 0.807255
1594.000000 -10.523938 -2.667454 -55.806891 0.353212 0.468784 -0.066149 0.806912
1595.000000 -10.436754 -2.765484 -55.859825 0.352563 0.468103 -0.066279 0.807580
1596.000000 -10.300805 -3.049430 -55.911695 0.350601 0.466955 -0.067033 0.809036
1597.000000 -9.919317 -3.164570 -56.015676 0.350009 0.464120 -0.066330 0.810979
1598.000000 -9.714820 -3.378700 -56.080458 0.348598 0.462491 -0.066615 0.812492
1599.000000 -9.833258 -3.677239 -56.082519 0.346379 0.463138 -0.068262 0.812936
1600.000000 -10.467990 -4.080994 -55.981128 0.343061 0.467457 -0.071925 0.811554
1601.000000 -11.700183 -4.587744 -55.738997 0.338568 0.476013 -0.077858 0.807912
1602.000000 -12.946770 -5.051417 -55.464394 0.334324 0.484656 -0.083697 0.803947
1603.000000 -13.356385 -5.272633 -55.388542 0.332418 0.487430 -0.085911 0.802826
1604.000000 -12.780754 -5.191721 -55.573225 0.333425 0.483355 -0.083761 0.805096
1605.000000 -11.620812 -4.929137 -55.891350 0.336149 0.475208 -0.079097 0.809274
1606.000000 -10.224650 -4.626879 -56.228049 0.339280 0.465366 -0.073669 0.814184
1607.000000 -8.927817 -4.433650 -56.502412 0.341514 0.456130 -0.069071 0.818867
1608.000000 -8.063239 -4.482527 -56.667987 0.341697 0.449828 -0.066728 0.822463
1609.000000 -7.467854 -4.667705 -56.775671 0.340717 0.445356 -0.065678 0.825382
1610.000000 -6.611976 -4.744066 -56.917408 0.340657 0.439034 -0.063367 0.828967
1611.000000 -5.094497 -4.501160 -57.135281 0.343226 0.428061 -0.057811 0.834037
1612.000000 -3.436732 -4.059445 -57.334080 0.347257 0.416103 -0.051182 0.838839
1613.000000 -2.601606 -3.730794 -57.441856 0.350055 0.410080 -0.047557 0.840853
1614.000000 -2.874882 -3.708832 -57.471199 0.350100 0.412097 -0.048357 0.839802
1615.000000 -3.890478 -4.051517 -57.429073 0.347121 0.419411 -0.052652 0.837155
1616.000000 -5.192319 -4.583691 -57.327120 0.342616 0.428655 -0.058531 0.833932
1617.000000 -6.317171 -5.035221 -57.217700 0.338780 0.436559 -0.063644 0.831020
1618.000000 -6.821642 -5.149716 -57.191255 0.337698 0.440130 -0.065599 0.829423
1619.000000 -6.701338 -4.920826 -57.267172 0.339420 0.439398 -0.064321 0.829208
1620.000000 -6.307617 -4.604087 -57.379388 0.341908 0.436737 -0.061910 0.829775
1621.000000 -5.986056 -4.459089 -57.466257 0.343108 0.434492 -0.060412 0.830569
1622.000000 -5.833649 -4.567770 -57.514441 0.342384 0.433335 -0.060385 0.831473
1623.000000 -5.758075 -4.878347 -57.537911 0.340167 0.432630 -0.061334 0.832680
1624.000000 -5.662465 -5.338983 -57.548242 0.336886 0.431694 -0.062775 0.834391
1625.000000 -5.588563 -5.710087 -57.561780 0.334249 0.430955 -0.063940 0.835743
1626.000000 -5.620407 -5.874196 -57.584090 0.333062 0.431091 -0.064641 0.836093
1627.000000 -5.736978 -5.972503 -57.604181 0.332301 0.431875 -0.065343 0.835937
1628.000000 -5.915475 -6.142883 -57.609479 0.330971 0.433065 -0.066492 0.835758
1629.000000 -6.108493 -6.402186 -57.601741 0.328971 0.434303 -0.068022 0.835782
1630.000000 -6.233622 -6.599551 -57.607540 0.327448 0.435085 -0.069134 0.835882
1631.000000 -6.210507 -6.580302 -57.653436 0.327584 0.434933 -0.069004 0.835919
1632.000000 -6.065307 -6.327941 -57.738117 0.329480 0.434043 -0.067647 0.835747
1633.000000 -5.949052 -5.988045 -57.827362 0.331994 0.433410 -0.066051 0.835209
1634.000000 -6.022196 -5.716986 -57.888231 0.333902 0.434102 -0.065251 0.834151
1635.000000 -6.270990 -5.783837 -57.896446 0.333282 0.435864 -0.066209 0.833404
1636.000000 -6.402052 -5.876813 -57.914416 0.332558 0.436747 -0.066922 0.833173
1637.000000 -6.423095 -5.939116 -57.947711 0.332130 0.436847 -0.067201 0.833270
1638.000000 -6.392462 -6.030178 -57.983610 0.331521 0.436556 -0.067444 0.833645
1639.000000 -6.369377 -6.209849 -58.008661 0.330250 0.436276 -0.068054 0.834246
1640.000000 -6.414145 -6.538422 -58.008425 0.327842 0.436403 -0.069441 0.835015
1641.000000 -6.585918 -7.074192 -57.967086 0.323877 0.437297 -0.072004 0.835877
1642.000000 -6.665270 -7.507621 -57.944448 0.320723 0.437557 -0.073962 0.836785
1643.000000 -6.313104 -7.366648 -58.043004 0.321978 0.435082 -0.072522 0.837720
1644.000000 -5.546713 -6.633437 -58.250536 0.327731 0.429992 -0.067696 0.838520
1645.000000 -4.431884 -5.394053 -58.514556 0.337275 0.422625 -0.060102 0.839060
1646.000000 -3.355587 -4.418803 -58.708768 0.344852 0.415309 -0.053687 0.840067
1647.000000 -2.257098 -3.762870 -58.848049 0.350110 0.407641 -0.048354 0.841970
1648.000000 -0.837484 -3.170764 -58.961580 0.354978 0.397628 -0.042210 0.845045
1649.000000 0.955320 -2.462560 -59.035122 0.360679 0.384968 -0.034427 0.848837
1650.000000 2.620634 -1.652548 -59.054496 0.366929 0.373211 -0.026619 0.851685
1651.000000 3.905721 -0.786763 -59.042911 0.373405 0.364136 -0.019840 0.852983
1652.000000 4.712983 -0.139676 -59.030485 0.378166 0.358425 -0.015263 0.853399
1653.000000 4.958450 0.012394 -59.051712 0.379242 0.356697 -0.013945 0.853668
1654.000000 4.934279 -0.124317 -59.094534 0.378209 0.356861 -0.014358 0.854050
1655.000000 4.945721 -0.335284 -59.133786 0.376673 0.356744 -0.014916 0.854768
1656.000000 5.266777 -0.434107 -59.146719 0.376000 0.354411 -0.014174 0.856047
1657.000000 5.792645 -0.430671 -59.139079 0.376088 0.350616 -0.012477 0.857596
1658.000000 6.077743 -0.295318 -59.152919 0.377106 0.348580 -0.011169 0.857997
1659.000000 6.012617 -0.133687 -59.201786 0.378277 0.349084 -0.010906 0.857279
1660.000000 6.108032 -0.005863 -59.233716 0.379205 0.348421 -0.010221 0.857147
1661.000000 6.622788 0.052460 -59.219763 0.379656 0.344703 -0.008407 0.858470
1662.000000 7.491224 0.006048 -59.157503 0.379358 0.338385 -0.005769 0.861133
1663.000000 8.633462 -0.181701 -59.042701 0.378019 0.330034 -0.002643 0.864969
1664.000000 9.657110 -0.357483 -58.924565 0.376729 0.322521 0.000169 0.868364
1665.000000 10.268578 -0.423809 -58.862074 0.376232 0.318017 0.001968 0.870236
1666.000000 10.662375 -0.454186 -58.833121 0.376005 0.315105 0.003162 0.871389
1667.000000 10.920355 -0.458755 -58.826909 0.375969 0.313187 0.003987 0.872093
1668.000000 11.274146 -0.668577 -58.799068 0.374400 0.310552 0.004566 0.873705
1669.000000 11.751168 -1.040855 -58.741383 0.371611 0.307009 0.005104 0.876142
1670.000000 12.258327 -1.412817 -58.671616 0.368808 0.303250 0.005735 0.878628
1671.000000 12.747617 -1.702639 -58.601367 0.366602 0.299612 0.006519 0.880791
1672.000000 13.174764 -1.834180 -58.544569 0.365584 0.296414 0.007501 0.882287
1673.000000 13.496016 -1.731280 -58.515965 0.366351 0.293971 0.008720 0.882775
1674.000000 13.979352 -1.503576 -58.449984 0.368053 0.290274 0.010750 0.883268
1675.000000 14.825972 -1.214729 -58.289016 0.370180 0.283803 0.014083 0.884435
1676.000000 15.823363 -0.780700 -58.074990 0.373377 0.276126 0.018260 0.885444
1677.000000 16.942394 -0.286651 -57.804448 0.376990 0.267456 0.022994 0.886463
1678.000000 18.068930 0.221142 -57.504142 0.380679 0.258660 0.027812 0.887359
1679.000000 19.156189 0.663771 -57.189474 0.383847 0.250117 0.032385 0.888287
1680.000000 20.210686 0.994523 -56.862446 0.386125 0.241798 0.036638 0.889437
1681.000000 21.190898 1.248225 -56.541237 0.387784 0.234028 0.040517 0.890625
1682.000000 22.053898 1.462008 -56.246547 0.389137 0.227139 0.043948 0.891655
1683.000000 22.757923 1.671966 -56.000622 0.390498 0.221466 0.046842 0.892339
1684.000000 23.288299 1.896611 -55.815834 0.392042 0.217136 0.049167 0.892602
1685.000000 23.680749 2.112745 -55.683451 0.393579 0.213891 0.050987 0.892607
1686.000000 23.917964 2.308702 -55.614971 0.395027 0.211891 0.052218 0.892373
1687.000000 23.981161 2.471702 -55.621673 0.396295 0.211302 0.052766 0.891918
1688.000000 23.935202 2.560550 -55.678652 0.397025 0.211628 0.052780 0.891515
1689.000000 23.862083 2.594143 -55.750037 0.397335 0.212202 0.052583 0.891252
1690.000000 23.830336 2.625795 -55.803948 0.397618 0.212446 0.052520 0.891072
1691.000000 23.908350 2.709902 -55.808489 0.398264 0.211792 0.052949 0.890913
1692.000000 24.164190 2.900753 -55.730553 0.399666 0.209669 0.054225 0.890711
1693.000000 24.632095 3.197152 -55.550983 0.401800 0.205785 0.056458 0.890518
1694.000000 25.190075 3.403283 -55.329706 0.403169 0.201192 0.058839 0.890795
1695.000000 25.610816 3.335014 -55.181936 0.402397 0.197826 0.060224 0.891804
1696.000000 25.795973 3.056641 -55.152880 0.400053 0.196465 0.060382 0.893148
1697.000000 25.787744 2.862539 -55.207670 0.398518 0.196607 0.059978 0.893830
1698.000000 26.055268 3.074537 -55.110607 0.400121 0.194293 0.061313 0.893529
1699.000000 27.028944 3.661746 -54.644076 0.404337 0.186021 0.065923 0.893063
1700.000000 28.140443 4.230624 -54.080546 0.408328 0.176529 0.070992 0.892785
1701.000000 29.086513 4.589142 -53.591628 0.410688 0.168445 0.075087 0.892930
1702.000000 29.761946 4.684008 -53.255638 0.411003 0.162765 0.077778 0.893608
1703.000000 30.093472 4.512989 -53.126756 0.409295 0.160145 0.078817 0.894773
1704.000000 30.131365 4.270622 -53.164802 0.407204 0.160001 0.078660 0.895766
1705.000000 29.964429 4.194776 -53.303493 0.406689 0.161427 0.077949 0.895806
1706.000000 29.805032 4.309844 -53.422237 0.407775 0.162641 0.077540 0.895128
1707.000000 30.013628 4.424865 -53.335255 0.408590 0.160775 0.078524 0.895008
1708.000000 30.211010 4.296833 -53.274621 0.407372 0.159193 0.079084 0.895796
1709.000000 29.926155 3.933579 -53.504755 0.404527 0.161857 0.077451 0.896751
1710.000000 29.675863 3.656677 -53.706741 0.402396 0.164176 0.076058 0.897407
1711.000000 29.710373 3.594605 -53.736055 0.401857 0.163975 0.076059 0.897685
1712.000000 30.008609 3.693632 -53.606995 0.402470 0.161444 0.077307 0.897763
1713.000000 30.529869 3.882826 -53.341030 0.403685 0.156937 0.079529 0.897822
1714.000000 31.234177 4.091099 -52.957620 0.404943 0.150807 0.082463 0.898041
1715.000000 32.070972 4.249801 -52.483066 0.405676 0.143510 0.085849 0.898589
1716.000000 32.959130 4.394509 -51.957531 0.406209 0.135703 0.089473 0.899207
1717.000000 33.872835 4.706614 -51.378254 0.408121 0.127447 0.093485 0.899141
1718.000000 34.643887 5.153425 -50.858015 0.411319 0.120238 0.097144 0.898289
1719.000000 35.087218 5.631595 -50.543020 0.415103 0.115851 0.099531 0.896862
1720.000000 35.150936 6.060030 -50.491602 0.418801 0.114891 0.100308 0.895178
1721.000000 34.937336 6.382920 -50.643341 0.421829 0.116500 0.099804 0.893603
1722.000000 34.623248 6.584765 -50.874652 0.423928 0.119061 0.098702 0.892394
1723.000000 34.408158 6.889906 -51.020609 0.426892 0.120597 0.098071 0.890843
1724.000000 34.631639 7.611470 -50.807036 0.433077 0.117889 0.099756 0.888029
1725.000000 35.321412 8.462413 -50.235749 0.439917 0.110953 0.103625 0.885113
1726.000000 36.101379 9.434598 -49.545526 0.447726 0.103015 0.108091 0.881615
1727.000000 36.529897 10.457690 -49.066437 0.456366 0.098070 0.111082 0.877367
1728.000000 36.617088 11.380490 -48.838055 0.464495 0.096253 0.112409 0.873123
1729.000000 36.618667 12.206026 -48.677501 0.471891 0.095264 0.113211 0.869153
1730.000000 36.800411 13.065628 -48.355239 0.479418 0.092577 0.114875 0.865096
1731.000000 37.296789 14.079502 -47.725785 0.487999 0.086838 0.118234 0.860428
1732.000000 37.951001 15.177974 -46.906595 0.497206 0.079475 0.122522 0.855253
1733.000000 38.445629 16.058271 -46.247992 0.504642 0.073774 0.125871 0.850912
1734.000000 38.755715 16.672283 -45.813194 0.509862 0.070098 0.128070 0.847776
1735.000000 39.001008 17.398755 -45.375788 0.516232 0.066824 0.130013 0.843881
1736.000000 39.274976 18.123424 -44.894182 0.522590 0.063221 0.132124 0.839909
1737.000000 39.453232 18.653576 -44.559333 0.527285 0.060754 0.133558 0.836924
1738.000000 39.558102 19.155324 -44.293797 0.531830 0.059008 0.134531 0.834012
1739.000000 40.102453 19.797406 -43.556173 0.537104 0.052830 0.138204 0.830439
1740.000000 40.767708 20.174298 -42.798502 0.539689 0.045795 0.142520 0.828448
1741.000000 41.247929 20.280450 -42.325651 0.539907 0.040936 0.145633 0.828019
1742.000000 41.498782 20.270489 -42.126877 0.539338 0.038519 0.147277 0.828215
1743.000000 41.639262 20.328742 -42.004031 0.539633 0.037081 0.148238 0.827917
1744.000000 41.695091 20.368601 -41.969723 0.539914 0.036472 0.148657 0.827686
1745.000000 41.762524 20.335902 -41.958101 0.539448 0.035858 0.149118 0.827933
1746.000000 41.944389 20.259664 -41.853132 0.538339 0.034185 0.150292 0.828514
1747.000000 42.353835 20.177170 -41.520131 0.536747 0.030260 0.152920 0.829218
1748.000000 42.967472 20.042762 -40.994353 0.534232 0.024355 0.156849 0.830302
1749.000000 43.244910 19.728637 -40.898125 0.530496 0.022162 0.158561 0.832431
1750.000000 43.347181 19.518073 -40.932684 0.528148 0.021536 0.159172 0.833823
1751.000000 43.446301 19.326967 -40.959027 0.526004 0.020897 0.159773 0.835078
1752.000000 43.822129 19.124798 -40.692921 0.523183 0.017448 0.162166 0.836467
1753.000000 44.351581 18.972086 -40.228670 0.520528 0.012281 0.165568 0.837548
1754.000000 44.641378 18.857407 -40.002792 0.518755 0.009491 0.167410 0.838318
1755.000000 44.650530 18.749408 -40.085135 0.517632 0.009618 0.167427 0.839007
1756.000000 44.498234 18.651677 -40.340956 0.516938 0.011403 0.166416 0.839614
1757.000000 44.302261 18.567263 -40.633864 0.516450 0.013582 0.165158 0.840130
1758.000000 44.187064 18.498218 -40.829350 0.515951 0.014885 0.164432 0.840556
1759.000000 44.219992 18.455412 -40.854235 0.515431 0.014631 0.164641 0.840839
1760.000000 44.308786 18.473397 -40.792589 0.515433 0.013697 0.165206 0.840743
1761.000000 44.361470 18.590644 -40.725540 0.516539 0.012940 0.165551 0.840007
1762.000000 44.193103 18.789072 -40.860778 0.518933 0.014291 0.164503 0.838715
1763.000000 44.004495 18.957857 -41.028378 0.521040 0.015895 0.163336 0.837608
1764.000000 44.004331 19.033396 -41.034392 0.521815 0.015741 0.163351 0.837125
1765.000000 44.096278 19.037458 -40.973958 0.521672 0.014783 0.163942 0.837116
1766.000000 44.171175 18.996203 -40.952561 0.521084 0.014093 0.164434 0.837398
1767.000000 44.114053 18.938061 -41.081124 0.520577 0.014788 0.164094 0.837767
1768.000000 43.660759 18.977686 -41.584499 0.521860 0.019294 0.161258 0.837428
1769.000000 42.783134 19.127380 -42.459463 0.525007 0.027735 0.155836 0.836250
1770.000000 41.751830 19.284182 -43.444283 0.528339 0.037479 0.149603 0.834909
1771.000000 40.748210 19.372678 -44.388192 0.530805 0.046866 0.143652 0.833915
1772.000000 39.789202 19.388573 -45.283213 0.532406 0.055762 0.138036 0.833295
1773.000000 38.895266 19.366084 -46.104442 0.533511 0.063960 0.132827 0.832846
1774.000000 38.114925 19.395950 -46.782192 0.534911 0.070930 0.128321 0.832089
1775.000000 37.497828 19.582387 -47.244436 0.537438 0.076148 0.124890 0.830520
1776.000000 37.092922 20.028251 -47.419693 0.541887 0.079122 0.122924 0.827640
1777.000000 36.922683 20.668231 -47.320468 0.547663 0.079792 0.122491 0.823829
1778.000000 37.131034 21.111391 -47.003369 0.551251 0.077398 0.124051 0.821427
1779.000000 37.622456 21.122599 -46.648490 0.550725 0.073059 0.126884 0.821745
1780.000000 38.130475 20.899466 -46.377068 0.548069 0.068867 0.129688 0.823443
1781.000000 38.517551 20.702483 -46.184935 0.545759 0.065699 0.131870 0.824889
1782.000000 38.813868 20.696699 -45.977441 0.545273 0.063053 0.133679 0.825125
1783.000000 39.018374 20.902984 -45.749216 0.546842 0.060902 0.135060 0.824023
1784.000000 39.072856 21.189275 -45.611374 0.549361 0.059973 0.135555 0.822332
1785.000000 39.033271 21.351393 -45.611805 0.550877 0.060083 0.135401 0.821335
1786.000000 38.930613 21.153959 -45.833743 0.549223 0.061302 0.134656 0.822475
1787.000000 38.496416 20.699953 -46.446032 0.545758 0.065842 0.131796 0.824890
1788.000000 37.905034 20.300431 -47.144939 0.543076 0.071604 0.128037 0.826770
1789.000000 37.367313 20.257051 -47.631281 0.543473 0.076333 0.124864 0.826571
1790.000000 37.042906 20.571833 -47.790003 0.546643 0.078721 0.123254 0.824495
1791.000000 36.957723 21.050093 -47.688128 0.550856 0.078838 0.123192 0.821685
1792.000000 37.047197 21.439809 -47.487236 0.554081 0.077577 0.124041 0.819506
1793.000000 37.156283 21.648881 -47.350653 0.555741 0.076383 0.124829 0.818374
1794.000000 37.386026 21.730404 -47.175667 0.556151 0.074303 0.126214 0.818074
1795.000000 37.783286 21.741737 -46.895295 0.555716 0.070842 0.128559 0.818311
1796.000000 38.184393 21.818899 -46.574171 0.555826 0.067225 0.131022 0.818151
1797.000000 38.767915 21.895436 -46.093553 0.555666 0.061954 0.134588 0.818097
1798.000000 39.309955 21.908185 -45.666913 0.554998 0.057090 0.137857 0.818360
1799.000000 39.556012 21.802465 -45.545537 0.553707 0.055029 0.139259 0.819138
1800.000000 39.313181 21.538016 -45.919877 0.551718 0.057584 0.137627 0.820579
1801.000000 38.843004 21.195296 -46.514951 0.549376 0.062240 0.134606 0.822310
1802.000000 38.381799 20.877655 -47.077542 0.547251 0.066720 0.131681 0.823848
1803.000000 38.088607 20.599280 -47.477050 0.545231 0.069647 0.129787 0.825244
1804.000000 37.890420 20.337923 -47.789592 0.543224 0.071730 0.128462 0.826595
1805.000000 37.637785 20.139370 -48.116774 0.541838 0.074207 0.126868 0.827532
1806.000000 37.403636 20.005013 -48.399061 0.540984 0.076424 0.125437 0.828107
1807.000000 37.221508 19.949954 -48.604799 0.540745 0.078067 0.124369 0.828271
1808.000000 37.120719 19.992867 -48.705949 0.541240 0.078874 0.123840 0.827950
1809.000000 37.131409 20.152510 -48.672829 0.542586 0.078573 0.124029 0.827069
1810.000000 37.249212 20.432103 -48.506096 0.544816 0.077197 0.124914 0.825598
1811.000000 37.458742 20.734383 -48.255597 0.547125 0.074998 0.126337 0.824056
1812.000000 37.867923 20.983540 -47.866915 0.548723 0.071143 0.128855 0.822945
1813.000000 38.363578 21.158342 -47.434071 0.549565 0.066616 0.131824 0.822292
1814.000000 38.810990 21.239921 -47.074381 0.549665 0.062612 0.134452 0.822114
1815.000000 39.080520 21.208143 -46.909212 0.549028 0.060323 0.135961 0.822462
1816.000000 39.045296 21.034105 -47.060303 0.547578 0.060905 0.135611 0.823443
1817.000000 38.597225 20.668396 -47.630027 0.545034 0.065321 0.132791 0.825250
1818.000000 37.920198 20.155532 -48.426691 0.541547 0.071817 0.128614 0.827664
1819.000000 37.673182 19.726899 -48.832942 0.538215 0.074451 0.126953 0.829858
1820.000000 37.915021 19.377991 -48.824270 0.534903 0.072830 0.128073 0.831969
1821.000000 38.253593 19.082045 -48.716747 0.531901 0.070330 0.129741 0.833848
1822.000000 38.296136 18.825807 -48.825303 0.529646 0.070330 0.129767 0.835278
1823.000000 38.077901 18.595462 -49.129351 0.527978 0.072533 0.128359 0.836362
1824.000000 37.777143 18.453727 -49.458322 0.527190 0.075280 0.126585 0.836887
1825.000000 37.757128 18.584138 -49.466607 0.528323 0.075284 0.126569 0.836174
1826.000000 38.016072 18.904228 -49.186558 0.530686 0.072677 0.128223 0.834655
1827.000000 38.508875 19.292699 -48.689834 0.533340 0.067955 0.131191 0.832898
1828.000000 39.067877 19.551449 -48.179250 0.534822 0.062782 0.134419 0.831839
1829.000000 39.531228 19.500522 -47.861950 0.533749 0.058829 0.136937 0.832406
1830.000000 39.814661 19.255633 -47.765371 0.531211 0.056699 0.138389 0.833936
1831.000000 39.867661 18.962014 -47.877460 0.528566 0.056652 0.138549 0.835592
1832.000000 39.968719 18.844335 -47.880273 0.527389 0.055943 0.139059 0.836298
1833.000000 40.205238 18.899674 -47.703258 0.527521 0.053814 0.140391 0.836131
1834.000000 40.333470 18.878819 -47.645964 0.527141 0.052727 0.141074 0.836326
1835.000000 40.216634 18.616179 -47.889978 0.524998 0.054139 0.140272 0.837717
1836.000000 40.022531 18.378951 -48.186020 0.523206 0.056181 0.139058 0.838905
1837.000000 40.030812 18.265873 -48.263063 0.522217 0.056264 0.139031 0.839520
1838.000000 40.348568 18.351514 -48.004865 0.522506 0.053358 0.140820 0.839232
1839.000000 40.619321 18.527914 -47.748757 0.523656 0.050722 0.142399 0.838412
1840.000000 40.954021 18.675670 -47.445912 0.524456 0.047555 0.144313 0.837770
1841.000000 41.405397 18.821390 -47.036673 0.525071 0.043334 0.146870 0.837169
1842.000000 41.663393 18.974407 -46.788793 0.526045 0.040799 0.148369 0.836421
1843.000000 41.778330 18.821238 -46.790089 0.524490 0.040023 0.148951 0.837330
1844.000000 41.944040 18.600171 -46.771568 0.522234 0.038894 0.149796 0.838642
1845.000000 42.079317 18.535632 -46.716182 0.521421 0.037776 0.150538 0.839066
1846.000000 42.196663 18.432895 -46.691108 0.520299 0.036875 0.151161 0.839690
1847.000000 42.255428 18.293264 -46.733076 0.518961 0.036562 0.151435 0.840482
1848.000000 42.213305 18.122425 -46.878249 0.517503 0.037207 0.151128 0.841407
1849.000000 42.033442 17.917405 -47.159437 0.515959 0.039140 0.150046 0.842461
1850.000000 41.706630 17.772361 -47.544557 0.515196 0.042274 0.148190 0.843105
1851.000000 41.343317 17.825028 -47.882595 0.516228 0.045403 0.146248 0.842650
1852.000000 41.152706 17.650005 -48.152608 0.514978 0.047348 0.145146 0.843498
1853.000000 41.094222 17.522182 -48.290994 0.513941 0.048060 0.144776 0.844153
1854.000000 41.115477 17.489541 -48.327071 0.513611 0.047933 0.144876 0.844345
1855.000000 41.169097 17.412199 -48.351886 0.512842 0.047591 0.145120 0.844789
1856.000000 41.199005 17.326757 -48.398843 0.512059 0.047463 0.145233 0.845252
1857.000000 41.166959 17.258727 -48.491382 0.511517 0.047844 0.145035 0.845592
1858.000000 41.298892 17.181588 -48.447121 0.510638 0.046802 0.145705 0.846067
1859.000000 41.608216 17.161132 -48.229696 0.509982 0.044119 0.147338 0.846324
1860.000000 41.971462 17.166201 -47.953243 0.509468 0.040910 0.149265 0.846456
1861.000000 42.247373 16.982628 -47.817802 0.507418 0.038761 0.150651 0.847543
1862.000000 42.298544 16.879173 -47.851782 0.506428 0.038484 0.150871 0.848108
1863.000000 42.174417 16.932789 -47.984060 0.507102 0.039500 0.150229 0.847773
1864.000000 42.015162 17.046144 -48.124197 0.508342 0.040719 0.149439 0.847112
1865.000000 41.960090 17.126452 -48.184082 0.509120 0.041068 0.149193 0.846671
1866.000000 42.017717 17.107522 -48.181349 0.508858 0.040583 0.149494 0.846799
1867.000000 42.071188 16.923004 -48.241344 0.507154 0.040401 0.149699 0.847793
1868.000000 41.994077 16.733816 -48.416099 0.505619 0.041377 0.149212 0.848748
1869.000000 41.921821 16.653848 -48.547814 0.505043 0.042137 0.148796 0.849127
1870.000000 41.744511 16.733762 -48.713964 0.506026 0.043559 0.147903 0.848625
1871.000000 41.471690 16.871580 -48.939925 0.507637 0.045718 0.146554 0.847783
1872.000000 41.300794 16.925480 -49.107669 0.508341 0.047123 0.145702 0.847431
1873.000000 41.302197 16.810885 -49.188019 0.507334 0.047287 0.145655 0.848034
1874.000000 41.376767 16.599862 -49.237853 0.505392 0.046949 0.145943 0.849162
1875.000000 41.334180 16.456643 -49.362397 0.504222 0.047523 0.145659 0.849874
1876.000000 41.219512 16.455676 -49.500101 0.504397 0.048513 0.145066 0.849815
1877.000000 41.242408 16.631866 -49.463969 0.505882 0.048066 0.145268 0.848923
1878.000000 41.234192 16.907810 -49.418758 0.508259 0.047732 0.145360 0.847505
1879.000000 40.939938 17.096328 -49.639323 0.510282 0.049973 0.143954 0.846399
1880.000000 40.723503 17.138572 -49.843673 0.510943 0.051753 0.142875 0.846077
1881.000000 40.746538 17.151746 -49.861523 0.511028 0.051535 0.142994 0.846018
1882.000000 40.842765 17.017072 -49.869835 0.509754 0.050907 0.143414 0.846754
1883.000000 40.728032 17.074912 -49.984965 0.510415 0.051794 0.142855 0.846396
1884.000000 40.549167 17.108072 -50.160980 0.510955 0.053264 0.141952 0.846131
1885.000000 40.551354 17.067475 -50.214977 0.510616 0.053305 0.141932 0.846336
1886.000000 40.455922 17.133232 -50.310455 0.511313 0.054012 0.141479 0.845946
1887.000000 40.162901 17.067470 -50.607881 0.511155 0.056561 0.139974 0.846126
1888.000000 40.060211 16.723880 -50.844945 0.508427 0.057893 0.139266 0.847794
1889.000000 40.114639 16.311197 -50.977476 0.504910 0.058004 0.139302 0.849880
1890.000000 40.158132 16.065313 -51.061857 0.502800 0.057969 0.139382 0.851120
1891.000000 40.141203 15.921926 -51.161009 0.501648 0.058302 0.139211 0.851804
1892.000000 39.997605 15.984722 -51.296128 0.502383 0.059418 0.138523 0.851406
1893.000000 39.823186 15.881680 -51.505340 0.501755 0.061002 0.137606 0.851813
1894.000000 39.659222 15.737765 -51.717397 0.500762 0.062548 0.136729 0.852426
1895.000000 39.466435 15.494997 -51.978726 0.499006 0.064451 0.135660 0.853484
1896.000000 39.408821 15.068862 -52.187849 0.495590 0.065471 0.135128 0.855479
1897.000000 39.427813 14.862839 -52.273331 0.493887 0.065580 0.135094 0.856460
1898.000000 39.220755 14.993458 -52.433401 0.495241 0.067106 0.134182 0.855704
1899.000000 38.982494 15.264919 -52.574510 0.497755 0.068704 0.133224 0.854266
1900.000000 38.793947 15.340657 -52.733137 0.498590 0.070138 0.132392 0.853792
1901.000000 38.614168 15.211168 -52.943569 0.497749 0.071754 0.131471 0.854291
1902.000000 38.441973 15.002796 -53.169502 0.496278 0.073402 0.130526 0.855151
1903.000000 38.328844 14.759283 -53.360689 0.494469 0.074609 0.129823 0.856201
1904.000000 38.157269 14.746788 -53.528323 0.494591 0.075996 0.129008 0.856131
1905.000000 37.996180 14.966094 -53.623025 0.496542 0.077015 0.128417 0.854999
1906.000000 37.824870 15.161611 -53.730065 0.498298 0.078142 0.127775 0.853971
1907.000000 37.776339 15.059331 -53.834282 0.497539 0.078650 0.127481 0.854411
1908.000000 37.750392 14.741257 -53.982393 0.495040 0.079237 0.127125 0.855860
1909.000000 37.648417 14.423467 -54.181113 0.492646 0.080423 0.126419 0.857234
1910.000000 37.524376 14.417988 -54.309422 0.492759 0.081404 0.125849 0.857160
1911.000000 37.407057 14.352477 -54.448553 0.492389 0.082401 0.125267 0.857363
1912.000000 37.364897 14.240653 -54.548058 0.491552 0.082859 0.124995 0.857839
1913.000000 37.384616 14.410186 -54.531760 0.492846 0.082513 0.125216 0.857097
1914.000000 37.333207 14.528397 -54.577652 0.493817 0.082789 0.125077 0.856532
1915.000000 37.110452 14.393738 -54.806034 0.493016 0.084689 0.123978 0.856967
1916.000000 36.960172 14.385080 -54.950806 0.493117 0.085870 0.123300 0.856889
1917.000000 36.691395 14.533943 -55.132696 0.494573 0.087790 0.122210 0.856011
1918.000000 36.411522 14.832641 -55.279467 0.497200 0.089623 0.121193 0.854442
1919.000000 36.313156 15.142982 -55.301380 0.499709 0.090043 0.121002 0.852961
1920.000000 36.278096 15.104268 -55.376773 0.499448 0.090359 0.120807 0.853108
1921.000000 36.157320 15.071822 -55.505763 0.499333 0.091324 0.120237 0.853153
1922.000000 35.882081 15.063617 -55.728001 0.499564 0.093450 0.118997 0.852961
1923.000000 35.777283 14.798170 -55.908153 0.497650 0.094539 0.118299 0.854056
1924.000000 35.893631 14.526080 -55.946153 0.495452 0.093937 0.118588 0.855359
1925.000000 36.075576 14.540778 -55.866065 0.495370 0.092526 0.119414 0.855446
1926.000000 36.079199 14.482886 -55.920057 0.494923 0.092558 0.119381 0.855706
1927.000000 36.128415 14.477213 -55.931928 0.494825 0.092195 0.119588 0.855773
1928.000000 36.151404 14.421516 -55.973157 0.494366 0.092079 0.119641 0.856043
1929.000000 36.127248 14.383710 -56.039549 0.494095 0.092299 0.119505 0.856195
1930.000000 35.994402 14.401420 -56.161032 0.494373 0.093285 0.118938 0.856006
1931.000000 35.805833 14.419268 -56.317918 0.494713 0.094698 0.118123 0.855767
1932.000000 35.978591 14.486160 -56.231912 0.495044 0.093315 0.118939 0.855615
1933.000000 36.119257 14.583402 -56.158438 0.495637 0.092147 0.119634 0.855301
1934.000000 35.944078 14.644968 -56.296184 0.496293 0.093416 0.118914 0.854884
1935.000000 35.728460 14.615880 -56.482146 0.496299 0.095084 0.117944 0.854830
1936.000000 35.739693 14.456905 -56.557911 0.495087 0.095172 0.117855 0.855536
1937.000000 35.914818 14.440769 -56.492116 0.494781 0.093859 0.118610 0.855754
1938.000000 36.037698 14.394564 -56.466423 0.494296 0.092969 0.119115 0.856061
1939.000000 36.073733 14.295086 -56.510450 0.493500 0.092804 0.119188 0.856527
1940.000000 36.341416 14.347380 -56.367205 0.493614 0.090722 0.120400 0.856516
1941.000000 36.692533 14.340721 -56.182638 0.493181 0.088059 0.121933 0.856826
1942.000000 36.708614 14.277079 -56.229268 0.492681 0.088001 0.121956 0.857116
1943.000000 36.454158 14.338259 -56.420636 0.493424 0.089871 0.120885 0.856646
1944.000000 36.408191 14.474585 -56.457171 0.494506 0.090077 0.120791 0.856014
1945.000000 36.538806 14.564286 -56.389945 0.495053 0.088979 0.121440 0.855721
1946.000000 36.628357 14.611886 -56.360272 0.495317 0.088240 0.121874 0.855583
1947.000000 36.567491 14.460555 -56.480260 0.494229 0.088866 0.121489 0.856201
1948.000000 36.726220 14.420400 -56.429664 0.493754 0.087714 0.122147 0.856501
1949.000000 36.864144 14.447417 -56.374853 0.493813 0.086647 0.122768 0.856487
1950.000000 36.829080 14.343065 -56.465677 0.493065 0.087027 0.122533 0.856912
1951.000000 36.897017 14.446373 -56.436248 0.493771 0.086398 0.122913 0.856515
1952.000000 36.889711 14.635620 -56.433858 0.495209 0.086249 0.123024 0.855683
1953.000000 37.183578 14.711571 -56.262169 0.495463 0.083928 0.124367 0.855573
1954.000000 37.574798 14.670044 -56.054116 0.494714 0.080992 0.126054 0.856042
1955.000000 37.516719 14.476821 -56.184333 0.493306 0.081649 0.125659 0.856850
1956.000000 37.548863 14.642901 -56.160462 0.494539 0.081212 0.125927 0.856142
1957.000000 37.799158 14.894626 -55.967722 0.496181 0.079024 0.127212 0.855205
1958.000000 38.000964 14.997614 -55.844721 0.496741 0.077362 0.128177 0.854888
1959.000000 38.151552 15.014920 -55.778347 0.496700 0.076182 0.128858 0.854916
1960.000000 38.127694 14.999510 -55.841474 0.496602 0.076396 0.128735 0.854972
1961.000000 38.225802 14.949021 -55.829488 0.496107 0.075706 0.129135 0.855261
1962.000000 38.423035 14.923213 -55.741595 0.495681 0.074219 0.130003 0.855506
1963.000000 38.440789 15.059077 -55.733567 0.496699 0.073919 0.130179 0.854915
1964.000000 38.357348 15.215993 -55.789702 0.497994 0.074374 0.129914 0.854162
1965.000000 38.683789 15.522307 -55.521166 0.499963 0.071513 0.131566 0.853003
1966.000000 38.978626 15.415419 -55.385603 0.498793 0.069364 0.132818 0.853671
1967.000000 39.070228 15.204160 -55.421078 0.497053 0.068915 0.133099 0.854677
1968.000000 39.046612 15.210987 -55.477451 0.497139 0.069094 0.132998 0.854629
1969.000000 39.110526 15.307590 -55.447508 0.497810 0.068492 0.133345 0.854232
1970.000000 39.364872 15.383465 -55.287359 0.498092 0.066437 0.134539 0.854043
1971.000000 39.357230 15.395618 -55.330383 0.498190 0.066476 0.134516 0.853987
1972.000000 39.487848 15.451391 -55.262849 0.498453 0.065396 0.135138 0.853818
1973.000000 39.591079 15.458781 -55.228382 0.498381 0.064589 0.135607 0.853847
1974.000000 39.742983 15.381938 -55.182225 0.497602 0.063510 0.136245 0.854281
1975.000000 39.842156 15.184117 -55.206717 0.495944 0.062986 0.136585 0.855229
1976.000000 39.863684 15.276712 -55.207216 0.496622 0.062712 0.136749 0.854830
1977.000000 39.878132 15.510784 -55.172759 0.498393 0.062323 0.136981 0.853790
1978.000000 40.380824 15.612751 -54.818802 0.498544 0.058305 0.139332 0.853605
1979.000000 41.432274 15.464514 -54.113524 0.496049 0.050244 0.144009 0.854794
1980.000000 42.254479 15.138606 -53.609793 0.492388 0.044142 0.147577 0.856637
1981.000000 42.249558 14.643529 -53.793048 0.488509 0.044839 0.147266 0.858872
1982.000000 41.571398 13.987939 -54.533097 0.484333 0.051060 0.143792 0.861474
1983.000000 41.762197 13.450448 -54.561622 0.479911 0.050207 0.144307 0.863910
1984.000000 44.699229 13.604491 -52.179823 0.476783 0.026282 0.157810 0.864340
1985.000000 49.264419 14.188138 -47.766449 0.474055 -0.014088 0.179611 0.861866
1986.000000 51.896824 14.259067 -44.925523 0.469789 -0.038748 0.192549 0.860652
1987.000000 54.417461 14.263285 -41.902862 0.464499 -0.063710 0.205563 0.859026
1988.000000 56.449173 14.314127 -39.164038 0.459916 -0.085268 0.216872 0.856839
1989.000000 57.929865 14.515475 -36.886509 0.457739 -0.102550 0.225717 0.853821
1990.000000 59.396754 14.843556 -34.328258 0.456753 -0.121422 0.234900 0.849385
1991.000000 61.271941 15.230894 -30.700323 0.455073 -0.147381 0.247073 0.842699
