0.000000 0.000000 0.000000 0.000000 -0.000000 -0.000000 0.000000 1.000000
1.000000 0.001009 -0.008465 -0.335176 -0.002363 -0.000039 -0.000000 0.999997
2.000000 -0.008560 0.006943 -0.670642 -0.007556 0.000142 -0.000001 0.999971
3.000000 -0.011828 0.001485 -1.006430 -0.015458 0.001028 -0.000001 0.999880
4.000000 -0.017590 -0.035136 -1.341299 -0.025394 0.003068 0.000009 0.999673
5.000000 -0.031077 -0.048924 -1.675672 -0.036477 0.006325 0.000044 0.999314
6.000000 -0.030506 -0.075219 -2.009284 -0.047702 0.010372 0.000108 0.998808
7.000000 -0.039207 -0.107452 -2.342250 -0.057948 0.014495 0.000193 0.998214
8.000000 -0.064573 -0.133697 -2.675475 -0.066069 0.018059 0.000282 0.997652
9.000000 -0.067110 -0.148153 -3.008746 -0.071108 0.020720 0.000371 0.997253
10.000000 -0.076071 -0.160384 -3.344181 -0.072510 0.022367 0.000463 0.997117
11.000000 -0.087355 -0.132596 -3.680507 -0.070243 0.022917 0.000555 0.997267
12.000000 -0.068802 -0.084671 -4.016909 -0.064869 0.022195 0.000623 0.997647
13.000000 -0.046895 -0.046751 -4.353046 -0.057517 0.020045 0.000639 0.998143
14.000000 -0.022178 0.010235 -4.688993 -0.049672 0.016567 0.000587 0.998628
15.000000 0.011022 0.073816 -5.024226 -0.042769 0.012247 0.000482 0.999010
16.000000 0.050362 0.119117 -5.358618 -0.037797 0.007866 0.000356 0.999254
17.000000 0.087974 0.136561 -5.693054 -0.035105 0.004228 0.000243 0.999375
18.000000 0.111162 0.140881 -6.028361 -0.034472 0.001891 0.000167 0.999404
19.000000 0.114821 0.139446 -6.364015 -0.035343 0.000959 0.000134 0.999375
20.000000 0.111113 0.122367 -6.699923 -0.037102 0.000930 0.000132 0.999311
21.000000 0.125913 0.081735 -7.036157 -0.039218 0.000727 0.000123 0.999230
22.000000 0.163704 0.060317 -7.371291 -0.041163 -0.000859 0.000060 0.999152
23.000000 0.221859 0.046333 -7.706055 -0.042205 -0.004390 -0.000086 0.999099
24.000000 0.280480 0.076528 -8.038266 -0.041402 -0.009154 -0.000298 0.999101
25.000000 0.319343 0.140622 -8.369878 -0.038027 -0.013300 -0.000508 0.999188
26.000000 0.335637 0.225971 -8.701825 -0.032214 -0.014806 -0.000642 0.999371
27.000000 0.304892 0.340774 -9.035067 -0.025293 -0.012609 -0.000663 0.999600
28.000000 0.209160 0.422928 -9.367935 -0.019410 -0.007082 -0.000592 0.999786
29.000000 0.068762 0.467516 -9.703165 -0.016564 0.000384 -0.000476 0.999863
30.000000 -0.066259 0.440654 -10.039002 -0.017656 0.008284 -0.000366 0.999810
31.000000 -0.207933 0.354621 -10.375679 -0.022148 0.015716 -0.000293 0.999631
32.000000 -0.362167 0.242366 -10.711425 -0.028494 0.022514 -0.000258 0.999340
33.000000 -0.495948 0.109441 -11.043668 -0.035006 0.028872 -0.000231 0.998970
34.000000 -0.610356 -0.019066 -11.372873 -0.040533 0.034752 -0.000187 0.998574
35.000000 -0.715944 -0.105392 -11.701927 -0.044537 0.039467 -0.000133 0.998228
36.000000 -0.760503 -0.147613 -12.033840 -0.046684 0.041624 -0.000118 0.998042
37.000000 -0.689713 -0.135516 -12.372467 -0.046418 0.039419 -0.000216 0.998144
38.000000 -0.468981 -0.044777 -12.718080 -0.042944 0.031139 -0.000499 0.998592
39.000000 -0.070919 0.157858 -13.060569 -0.035627 0.015676 -0.001021 0.999242
40.000000 0.508368 0.440348 -13.380286 -0.024421 -0.007067 -0.001797 0.999675
41.000000 1.275781 0.800445 -13.646862 -0.009976 -0.035882 -0.002779 0.999302
42.000000 2.158862 1.257820 -13.836777 0.006591 -0.068130 -0.003866 0.997647
43.000000 2.985872 1.724855 -13.950333 0.024013 -0.100043 -0.004969 0.994681
44.000000 3.702220 2.178984 -14.026510 0.041089 -0.127739 -0.006076 0.990938
45.000000 4.272001 2.597495 -14.113418 0.056898 -0.148708 -0.007250 0.987216
46.000000 4.698260 2.980816 -14.238340 0.071079 -0.162854 -0.008556 0.984049
47.000000 4.976095 3.368689 -14.397337 0.083983 -0.172305 -0.009996 0.981406
48.000000 5.203412 3.725489 -14.560641 0.096387 -0.180151 -0.011500 0.978837
49.000000 5.450499 4.065849 -14.698281 0.108822 -0.189027 -0.012916 0.975838
50.000000 5.824702 4.435959 -14.795179 0.121002 -0.200285 -0.014013 0.972136
51.000000 6.249553 4.732583 -14.855072 0.131884 -0.213869 -0.014532 0.967810
52.000000 6.652644 4.959380 -14.904618 0.140318 -0.228705 -0.014313 0.963224
53.000000 7.078260 5.124692 -14.972198 0.145785 -0.243455 -0.013388 0.958800
54.000000 7.543483 5.221760 -15.064220 0.148658 -0.257333 -0.011938 0.954745
55.000000 7.960259 5.243166 -15.175875 0.149856 -0.270421 -0.010166 0.950953
56.000000 8.332314 5.252288 -15.288095 0.150255 -0.283229 -0.008216 0.947173
57.000000 8.744336 5.250103 -15.392741 0.150323 -0.295985 -0.006176 0.943270
58.000000 9.126870 5.246896 -15.494921 0.150180 -0.308382 -0.004127 0.939324
59.000000 9.504833 5.228320 -15.605456 0.149883 -0.319894 -0.002171 0.935520
60.000000 9.847588 5.224280 -15.729136 0.149668 -0.330219 -0.000437 0.931963
61.000000 10.139221 5.249070 -15.862513 0.149998 -0.339478 0.000928 0.928576
62.000000 10.421527 5.294835 -15.987715 0.151496 -0.348206 0.001771 0.925094
63.000000 10.755237 5.407813 -16.075961 0.154905 -0.357217 0.001928 0.921085
64.000000 11.104798 5.638652 -16.098172 0.161063 -0.367264 0.001169 0.916065
65.000000 11.482946 5.981442 -16.031777 0.170795 -0.378533 -0.000837 0.909693
66.000000 11.886406 6.455154 -15.871373 0.184630 -0.390352 -0.004465 0.901952
67.000000 12.255452 7.067705 -15.636452 0.202392 -0.401489 -0.009925 0.893166
68.000000 12.579988 7.765310 -15.358488 0.222901 -0.410908 -0.016980 0.883844
69.000000 12.866650 8.454432 -15.074442 0.244041 -0.418398 -0.024786 0.874513
70.000000 13.093312 9.066547 -14.819742 0.263291 -0.424636 -0.032029 0.865642
71.000000 13.315308 9.546240 -14.621519 0.278574 -0.430809 -0.037363 0.857557
72.000000 13.581571 9.883435 -14.482611 0.289002 -0.438140 -0.039903 0.850246
73.000000 13.904618 10.062933 -14.372155 0.295097 -0.447509 -0.039523 0.843262
74.000000 14.313487 10.167154 -14.247055 0.298375 -0.459120 -0.036849 0.835956
75.000000 14.746892 10.221857 -14.082702 0.300567 -0.472219 -0.033029 0.827996
76.000000 15.147663 10.292075 -13.895698 0.302952 -0.485194 -0.029367 0.819722
77.000000 15.498774 10.375543 -13.739396 0.306111 -0.496280 -0.026883 0.811960
78.000000 15.764636 10.500644 -13.655930 0.310064 -0.504526 -0.025990 0.805381
79.000000 15.990202 10.648285 -13.643941 0.314588 -0.510239 -0.026463 0.799994
80.000000 16.144837 10.795107 -13.673800 0.319478 -0.514512 -0.027755 0.795261
81.000000 16.256228 10.964694 -13.709260 0.324634 -0.518295 -0.029420 0.790644
82.000000 16.383172 11.152399 -13.739651 0.329968 -0.521906 -0.031270 0.785976
83.000000 16.488077 11.319363 -13.771819 0.335256 -0.525301 -0.033182 0.781384
84.000000 16.647088 11.470659 -13.821479 0.340088 -0.528563 -0.034850 0.777012
85.000000 16.765712 11.598593 -13.896280 0.343999 -0.531860 -0.035889 0.772982
86.000000 16.860272 11.687902 -14.013569 0.346682 -0.534962 -0.036197 0.769621
87.000000 16.926814 11.729655 -14.213704 0.348100 -0.537041 -0.036144 0.767533
88.000000 16.903087 11.750599 -14.531049 0.348379 -0.537202 -0.036254 0.767289
89.000000 16.855262 11.719561 -14.972879 0.347607 -0.535268 -0.036675 0.768968
90.000000 16.747952 11.633257 -15.504445 0.345740 -0.532022 -0.036998 0.772041
91.000000 16.600632 11.535419 -16.075851 0.342700 -0.528679 -0.036585 0.775704
92.000000 16.481894 11.358321 -16.643592 0.338542 -0.526188 -0.035027 0.779287
93.000000 16.430286 11.153120 -17.180258 0.333503 -0.525034 -0.032265 0.782352
94.000000 16.444168 10.911203 -17.661882 0.327914 -0.525531 -0.028383 0.784528
95.000000 16.575630 10.643388 -18.060795 0.322065 -0.528055 -0.023426 0.785419
96.000000 16.780514 10.371288 -18.361734 0.316138 -0.532838 -0.017435 0.784752
97.000000 17.080540 10.096789 -18.568575 0.310201 -0.539578 -0.010614 0.782635
98.000000 17.434575 9.810850 -18.716169 0.304238 -0.547360 -0.003351 0.779631
99.000000 17.805750 9.528579 -18.855290 0.298171 -0.555009 0.003930 0.776559
100.000000 18.093527 9.229622 -19.032290 0.291896 -0.561583 0.010945 0.774146
101.000000 18.359054 8.907534 -19.274747 0.285328 -0.566649 0.017614 0.772779
102.000000 18.532181 8.586031 -19.581332 0.278443 -0.570252 0.023995 0.772468
103.000000 18.681533 8.225830 -19.940014 0.271262 -0.572720 0.030209 0.772979
104.000000 18.775740 7.842687 -20.328580 0.263805 -0.574454 0.036389 0.774006
105.000000 18.875847 7.448589 -20.730629 0.256058 -0.575783 0.042659 0.775299
106.000000 18.943271 7.031015 -21.137444 0.247995 -0.576888 0.049097 0.776716
107.000000 19.034361 6.580031 -21.546009 0.239609 -0.577795 0.055716 0.778226
108.000000 19.111606 6.109599 -21.959423 0.230907 -0.578407 0.062489 0.779886
109.000000 19.149126 5.613754 -22.384726 0.221810 -0.578563 0.069439 0.781820
110.000000 19.162185 5.049457 -22.832517 0.212021 -0.578071 0.076755 0.784213
111.000000 19.176015 4.411218 -23.312187 0.200959 -0.576719 0.084836 0.787282
112.000000 19.103307 3.625145 -23.827271 0.187918 -0.574271 0.094173 0.791221
113.000000 18.982118 2.678381 -24.372319 0.172418 -0.570526 0.105082 0.796071
114.000000 18.839838 1.570174 -24.922860 0.154573 -0.565493 0.117473 0.801576
115.000000 18.666774 0.355721 -25.437204 0.135157 -0.559594 0.130818 0.807139
116.000000 18.516872 -0.887067 -25.868801 0.115269 -0.553700 0.144389 0.811961
117.000000 18.454759 -2.142945 -26.182811 0.095818 -0.548899 0.157576 0.815291
118.000000 18.521448 -3.305935 -26.352673 0.077214 -0.546123 0.170065 0.816619
119.000000 18.734536 -4.378950 -26.368630 0.059437 -0.545900 0.181796 0.815727
120.000000 19.137531 -5.385990 -26.234190 0.042335 -0.548318 0.192790 0.812642
121.000000 19.666121 -6.296369 -25.962564 0.025877 -0.553104 0.203007 0.807586
122.000000 20.295821 -7.105670 -25.582287 0.010234 -0.559709 0.212325 0.800961
123.000000 20.962788 -7.837135 -25.140240 -0.004257 -0.567396 0.220575 0.793341
124.000000 21.640770 -8.444237 -24.690885 -0.017178 -0.575358 0.227596 0.785410
125.000000 22.236210 -8.926362 -24.292110 -0.028123 -0.582861 0.233273 0.777859
126.000000 22.744641 -9.308560 -23.997081 -0.036824 -0.589345 0.237584 0.771278
127.000000 23.135800 -9.570401 -23.837276 -0.043254 -0.594452 0.240640 0.766060
128.000000 23.411798 -9.757071 -23.822169 -0.047659 -0.598031 0.242688 0.762359
129.000000 23.575580 -9.873415 -23.940983 -0.050453 -0.600117 0.244029 0.760108
130.000000 23.652037 -9.951299 -24.172530 -0.052038 -0.600899 0.244903 0.759101
131.000000 23.634562 -9.986570 -24.494488 -0.052645 -0.600666 0.245394 0.759086
132.000000 23.587634 -9.984529 -24.887954 -0.052322 -0.599745 0.245441 0.759821
133.000000 23.489820 -9.927773 -25.338495 -0.051074 -0.598451 0.244955 0.761081
134.000000 23.356711 -9.833909 -25.825827 -0.049048 -0.597049 0.243959 0.762634
135.000000 23.219440 -9.718875 -26.327040 -0.046582 -0.595700 0.242639 0.764264
136.000000 23.116594 -9.581206 -26.829896 -0.044005 -0.594335 0.241241 0.765919
137.000000 22.928558 -9.455952 -27.362670 -0.041298 -0.592450 0.239894 0.767951
138.000000 22.608088 -9.289575 -27.993306 -0.037862 -0.589000 0.238463 0.771221
139.000000 22.079639 -9.067001 -28.818998 -0.032617 -0.582679 0.236537 0.776835
140.000000 21.213329 -8.715925 -29.900604 -0.024400 -0.572577 0.233516 0.785513
141.000000 19.993065 -8.141601 -31.215558 -0.012420 -0.558886 0.228749 0.796973
142.000000 18.550949 -7.298729 -32.651137 0.003475 -0.543113 0.221725 0.809848
143.000000 17.019063 -6.142007 -34.059601 0.022815 -0.527590 0.212272 0.822234
144.000000 15.576476 -4.686666 -35.310425 0.044790 -0.514526 0.200619 0.832472
145.000000 14.389090 -2.950276 -36.335665 0.068665 -0.505262 0.187207 0.839613
146.000000 13.527657 -0.915505 -37.112804 0.094239 -0.500149 0.172317 0.843372
147.000000 12.957048 1.434513 -37.636732 0.122166 -0.498818 0.155745 0.843801
148.000000 12.623708 4.197270 -37.880092 0.153954 -0.500299 0.136697 0.841019
149.000000 12.359106 7.511284 -37.789567 0.191384 -0.502847 0.114021 0.835175
150.000000 11.947025 11.438135 -37.261003 0.235251 -0.503957 0.086843 0.826525
151.000000 11.321415 15.704454 -36.198185 0.283952 -0.501184 0.055466 0.815543
152.000000 10.461266 19.838479 -34.644679 0.333039 -0.493572 0.022083 0.803109
153.000000 9.531385 23.434625 -32.894496 0.376581 -0.482534 -0.009430 0.790733
154.000000 8.704010 26.102744 -31.367742 0.409603 -0.471052 -0.034925 0.780459
155.000000 8.057441 27.708742 -30.446397 0.429830 -0.461620 -0.051890 0.774248
156.000000 7.551228 28.344380 -30.299210 0.437770 -0.454678 -0.060502 0.773282
157.000000 7.061815 28.214734 -30.862708 0.435696 -0.448751 -0.063070 0.777697
158.000000 6.456140 27.536612 -31.945058 0.426404 -0.441912 -0.062382 0.786767
159.000000 5.675116 26.464937 -33.342250 0.412183 -0.433231 -0.060221 0.799243
160.000000 4.757213 25.021278 -34.903034 0.394390 -0.423150 -0.057008 0.813726
161.000000 3.740817 23.302624 -36.514707 0.373949 -0.412736 -0.052613 0.828881
162.000000 2.749150 21.478819 -38.049300 0.352469 -0.402640 -0.047486 0.843440
163.000000 1.743200 19.820794 -39.358114 0.332901 -0.392705 -0.043056 0.856216
164.000000 0.735072 18.619045 -40.332761 0.318619 -0.382368 -0.041026 0.866368
165.000000 -0.308958 17.985536 -40.957343 0.311293 -0.371227 -0.042199 0.873789
166.000000 -1.428367 17.822797 -41.319337 0.309407 -0.359215 -0.045903 0.879275
167.000000 -2.640286 17.812693 -41.582889 0.308974 -0.346457 -0.050478 0.884282
168.000000 -3.889135 17.610154 -41.906531 0.305947 -0.333112 -0.054346 0.890213
169.000000 -5.214610 17.008293 -42.355846 0.298363 -0.319331 -0.056788 0.897654
170.000000 -6.567478 16.017472 -42.880384 0.286913 -0.305270 -0.058015 0.906160
171.000000 -8.000786 14.897808 -43.375948 0.274180 -0.291053 -0.058829 0.914687
172.000000 -9.404748 14.012766 -43.730297 0.263435 -0.276711 -0.060198 0.922176
173.000000 -10.774385 13.587396 -43.889761 0.257435 -0.262235 -0.062865 0.927905
174.000000 -12.131109 13.663857 -43.849207 0.257245 -0.247801 -0.067003 0.931628
175.000000 -13.377815 14.122782 -43.663486 0.261510 -0.234084 -0.072017 0.933612
176.000000 -14.353677 14.675097 -43.476349 0.266902 -0.222626 -0.076637 0.934520
177.000000 -14.937972 14.976589 -43.509102 0.269808 -0.216166 -0.079227 0.934986
178.000000 -14.686444 14.812305 -43.975113 0.268258 -0.218746 -0.078096 0.934927
179.000000 -13.108292 14.174998 -44.991832 0.262840 -0.235234 -0.071816 0.932964
180.000000 -9.737591 13.269311 -46.439523 0.256091 -0.269979 -0.059626 0.926268
181.000000 -4.190556 12.448424 -47.829206 0.250828 -0.324713 -0.041858 0.910985
182.000000 3.467717 11.982106 -48.349451 0.248457 -0.396497 -0.020059 0.883548
183.000000 12.330831 11.867416 -47.207508 0.248420 -0.477188 0.003317 0.842952
184.000000 20.958455 12.095417 -44.245979 0.249297 -0.555601 0.025411 0.792788
185.000000 28.091099 12.570613 -40.200434 0.250584 -0.621721 0.043314 0.740807
186.000000 33.120863 13.258688 -36.207591 0.253441 -0.670149 0.054336 0.695497
187.000000 36.096784 14.159665 -33.150430 -0.259771 0.700597 -0.056473 -0.662189
188.000000 37.489651 15.340171 -31.317696 -0.270665 0.715986 -0.049131 -0.641632
189.000000 37.802664 16.782491 -30.507025 -0.285615 0.720174 -0.033523 -0.631387
190.000000 37.404567 18.394288 -30.387652 -0.302919 0.716519 -0.012182 -0.628245
191.000000 36.497126 20.123709 -30.717652 -0.320638 0.707359 0.012157 -0.629831
192.000000 35.273023 21.771998 -31.343038 -0.337281 0.694128 0.037436 -0.634843
193.000000 33.792985 23.317106 -32.193535 -0.351948 0.677788 0.062396 -0.642528
194.000000 32.106129 24.726764 -33.199035 -0.364203 0.659237 0.086253 -0.652168
195.000000 30.285489 25.981025 -34.277097 0.374000 -0.639456 -0.108498 0.662908
196.000000 28.421125 27.106459 -35.338561 0.381696 -0.619395 -0.128925 0.673822
197.000000 26.590011 28.140063 -36.294231 0.387993 -0.599840 -0.147648 0.683998
198.000000 24.883437 29.136578 -37.060797 0.393744 -0.581441 -0.164899 0.692604
199.000000 23.377496 30.141825 -37.578800 0.399679 -0.564828 -0.180764 0.698963
200.000000 22.147209 31.162534 -37.827618 0.406195 -0.550615 -0.195067 0.702693
201.000000 21.233101 32.176430 -37.837932 0.413264 -0.539201 -0.207499 0.703860
202.000000 20.601040 33.129918 -37.693098 0.420459 -0.530508 -0.217872 0.703070
203.000000 20.153316 33.958959 -37.514942 0.427050 -0.523825 -0.226331 0.701434
204.000000 19.739303 34.628705 -37.446249 0.432151 -0.517926 -0.233384 0.700379
205.000000 19.202314 35.095437 -37.620282 0.434886 -0.511411 -0.239739 0.701326
206.000000 18.391944 35.330781 -38.130640 0.434548 -0.503119 -0.246022 0.705346
207.000000 17.228395 35.305457 -39.008259 0.430723 -0.492422 -0.252560 0.712890
208.000000 15.710697 35.068652 -40.211643 0.423386 -0.479318 -0.259321 0.723706
209.000000 13.869028 34.550491 -41.644140 0.412915 -0.464343 -0.266009 0.736971
210.000000 11.826808 33.849894 -43.184336 0.400014 -0.448396 -0.272197 0.751557
211.000000 9.694525 32.967455 -44.723049 0.385544 -0.432550 -0.277461 0.766337
212.000000 7.627370 31.953448 -46.187002 0.370367 -0.417881 -0.281451 0.780378
213.000000 5.754414 30.840596 -47.539772 0.355266 -0.405350 -0.283934 0.793006
214.000000 4.204658 29.687234 -48.769961 0.340938 -0.395750 -0.284803 0.803760
215.000000 3.068285 28.527731 -49.881526 0.328004 -0.389669 -0.284065 0.812329
216.000000 2.411264 27.404242 -50.882480 0.316945 -0.387417 -0.281840 0.818548
217.000000 2.241244 26.357743 -51.780035 0.308014 -0.388887 -0.278367 0.822439
218.000000 2.500464 25.413543 -52.576820 0.301186 -0.393470 -0.274016 0.824247
219.000000 3.072116 24.593235 -53.272984 0.296227 -0.400105 -0.269265 0.824416
220.000000 3.806060 23.922333 -53.869315 0.292837 -0.407510 -0.264651 0.823494
221.000000 4.545096 23.420198 -54.370620 0.290771 -0.414486 -0.260672 0.822012
222.000000 5.197408 23.098523 -54.785706 0.289884 -0.420154 -0.257706 0.820381
223.000000 5.668869 22.982197 -55.124315 0.290107 -0.424022 -0.255979 0.818852
224.000000 5.945563 23.075153 -55.392201 0.291434 -0.425877 -0.255602 0.817534
225.000000 6.004994 23.395953 -55.587048 0.293935 -0.425625 -0.256652 0.816440
226.000000 5.848576 23.966924 -55.696031 0.297770 -0.423168 -0.259234 0.815512
227.000000 5.469910 24.819362 -55.694114 0.303167 -0.418378 -0.263482 0.814633
228.000000 4.865821 25.997297 -55.547107 0.310361 -0.411129 -0.269514 0.813641
229.000000 4.046039 27.512227 -55.215530 0.319497 -0.401343 -0.277375 0.812348
230.000000 3.025100 29.348230 -54.661143 0.330537 -0.389026 -0.286987 0.810581
231.000000 1.827873 31.460441 -53.858600 0.343193 -0.374322 -0.298121 0.808224
232.000000 0.490682 33.759265 -52.807706 0.356906 -0.357549 -0.310386 0.805256
233.000000 -0.941672 36.118509 -51.542800 0.370895 -0.339223 -0.323268 0.801787
234.000000 -2.423773 38.402872 -50.135272 0.384272 -0.320006 -0.336210 0.798056
235.000000 -3.908455 40.498524 -48.680854 0.396203 -0.300603 -0.348710 0.794394
236.000000 -5.365162 42.323241 -47.278917 0.406067 -0.281651 -0.360402 0.791134
237.000000 -6.766970 43.844681 -46.007898 0.413571 -0.263640 -0.371082 0.788512
238.000000 -8.092503 45.073014 -44.909538 0.418798 -0.246902 -0.380679 0.786595
239.000000 -9.323342 46.051700 -43.986286 0.422190 -0.231644 -0.389199 0.785252
240.000000 -10.421168 46.853767 -43.208007 0.424471 -0.217999 -0.396667 0.784191
241.000000 -11.349453 47.552467 -42.525868 0.426539 -0.206088 -0.403081 0.783018
242.000000 -12.069922 48.230045 -41.888164 0.429314 -0.196044 -0.408398 0.781324
243.000000 -12.540019 48.937124 -41.248010 0.433613 -0.187993 -0.412545 0.778746
244.000000 -12.740273 49.726832 -40.559071 0.440126 -0.181996 -0.415456 0.774960
245.000000 -12.651906 50.655986 -39.754420 0.449534 -0.177975 -0.417097 0.769593
246.000000 -12.267498 51.776815 -38.732059 0.462594 -0.175683 -0.417476 0.762139
247.000000 -11.609218 53.144531 -37.389547 0.479729 -0.174711 -0.416647 0.752158
248.000000 -10.782275 54.653128 -35.752009 0.499776 -0.174545 -0.414806 0.740063
249.000000 -10.007626 55.998089 -34.188161 0.518438 -0.174668 -0.412575 0.728351
250.000000 -9.737467 56.460366 -33.673913 0.525006 -0.174723 -0.411690 0.724122
251.000000 -10.369980 55.374969 -34.919565 0.509695 -0.174598 -0.413675 0.733894
252.000000 -11.204981 53.889987 -36.595196 0.489567 -0.174562 -0.415829 0.746284
253.000000 -11.966150 52.432502 -38.104625 0.470668 -0.175063 -0.417206 0.757472
254.000000 -12.494207 51.191985 -39.277623 0.455563 -0.176635 -0.417443 0.766162
255.000000 -12.729741 50.169089 -40.176706 0.444421 -0.179750 -0.416436 0.772503
256.000000 -12.676703 49.314477 -40.913101 0.436552 -0.184739 -0.414158 0.777024
257.000000 -12.337715 48.574527 -41.571213 0.431228 -0.191763 -0.410622 0.780166
258.000000 -11.737528 47.893622 -42.204579 0.427784 -0.200824 -0.405881 0.782260
259.000000 -10.906059 47.213202 -42.858109 0.425473 -0.211819 -0.400008 0.783645
260.000000 -9.889310 46.467169 -43.581718 0.423415 -0.224612 -0.393064 0.784710
261.000000 -8.721553 45.587441 -44.426864 0.420684 -0.239079 -0.385072 0.785867
262.000000 -7.442866 44.493170 -45.436200 0.416449 -0.255097 -0.376016 0.787469
263.000000 -6.074649 43.124615 -46.623611 0.410117 -0.272503 -0.365875 0.789735
264.000000 -4.644612 41.450152 -47.967950 0.401420 -0.291036 -0.354674 0.792696
265.000000 -3.167458 39.479510 -49.407323 0.390463 -0.310286 -0.342542 0.796195
266.000000 -1.678014 37.276247 -50.851100 0.377715 -0.329682 -0.329766 0.799935
267.000000 -0.217826 34.938345 -52.198312 0.363921 -0.348541 -0.316785 0.803572
268.000000 1.174022 32.595021 -53.363005 0.349962 -0.366166 -0.304142 0.806812
269.000000 2.447698 30.376387 -54.291695 0.336692 -0.381957 -0.292385 0.809480
270.000000 3.559572 28.389843 -54.968206 0.324790 -0.395496 -0.281973 0.811533
271.000000 4.482373 26.715330 -55.407207 0.314683 -0.406555 -0.273218 0.813044
272.000000 5.194482 25.367861 -55.641379 0.306527 -0.415067 -0.266270 0.814162
273.000000 5.689404 24.360250 -55.710934 0.300257 -0.421073 -0.261142 0.815075
274.000000 5.953370 23.645494 -55.653550 0.295673 -0.424680 -0.257743 0.815961
275.000000 6.000278 23.203066 -55.499278 0.292530 -0.426020 -0.255943 0.816962
276.000000 5.833173 22.999290 -55.266962 0.290630 -0.425208 -0.255617 0.818164
277.000000 5.455245 23.012712 -54.964050 0.289859 -0.422331 -0.256679 0.819594
278.000000 4.889795 23.231399 -54.588512 0.290186 -0.417523 -0.259045 0.821196
279.000000 4.185189 23.645311 -54.131510 0.291650 -0.411115 -0.262554 0.822794
280.000000 3.432360 24.235633 -53.583599 0.294353 -0.403791 -0.266908 0.824056
281.000000 2.760196 24.989104 -52.937556 0.298492 -0.396610 -0.271657 0.824503
282.000000 2.321508 25.872377 -52.190863 0.304349 -0.390847 -0.276273 0.823580
283.000000 2.268345 26.872522 -51.343696 0.312209 -0.387713 -0.280239 0.820774
284.000000 2.680925 27.960387 -50.395178 0.322218 -0.388060 -0.283127 0.815736
285.000000 3.577146 29.105848 -49.340314 0.334263 -0.392242 -0.284630 0.808332
286.000000 4.930662 30.268558 -48.170222 0.347964 -0.400141 -0.284572 0.798640
287.000000 6.650852 31.401059 -46.879264 0.362761 -0.411295 -0.282890 0.786902
288.000000 8.642071 32.470632 -45.467678 0.377993 -0.425005 -0.279633 0.773497
289.000000 10.753132 33.423354 -43.959949 0.392920 -0.440391 -0.274969 0.758987
290.000000 12.862439 34.226214 -42.408249 0.406717 -0.456426 -0.269193 0.744172
291.000000 14.819811 34.840973 -40.906843 0.418504 -0.472015 -0.262699 0.730100
292.000000 16.517559 35.219755 -39.574225 0.427479 -0.486148 -0.255927 0.717930
293.000000 17.852682 35.347055 -38.524218 0.433083 -0.498085 -0.249253 0.708677
294.000000 18.829929 35.249351 -37.829797 0.435135 -0.507541 -0.242860 0.702907
295.000000 19.492182 34.889071 -37.495744 0.433864 -0.514828 -0.236604 0.700523
296.000000 19.954893 34.316148 -37.458081 0.429844 -0.520866 -0.229990 0.700741
297.000000 20.367287 33.564826 -37.599571 0.423884 -0.526983 -0.222317 0.702273
298.000000 20.885879 32.664731 -37.778018 0.416886 -0.534544 -0.212943 0.703650
299.000000 21.651156 31.677661 -37.858753 0.409678 -0.544549 -0.201534 0.703572
300.000000 22.725406 30.647764 -37.735978 0.402856 -0.557388 -0.188129 0.701165
301.000000 24.102567 29.635067 -37.352834 0.396654 -0.572871 -0.173010 0.696097
302.000000 25.716277 28.636760 -36.705432 0.390885 -0.590457 -0.156446 0.688545
303.000000 27.498400 27.631639 -35.834947 0.384966 -0.609512 -0.138485 0.679057
304.000000 29.352609 26.562265 -34.815825 0.378073 -0.629407 -0.118938 0.668402
305.000000 31.206379 25.373506 -33.734545 0.369396 -0.649438 -0.097598 0.657458
306.000000 32.968647 24.037090 -32.681714 -0.358389 0.668729 0.074500 -0.647154
307.000000 34.562716 22.560222 -31.744335 -0.344898 0.686293 0.050012 -0.638393
308.000000 35.912299 20.955756 -30.998242 -0.329163 0.701187 0.024773 -0.631961
309.000000 36.997169 19.256362 -30.508796 -0.311835 0.712520 -0.000237 -0.628549
310.000000 37.670777 17.588052 -30.382189 -0.294100 0.719156 -0.023389 -0.629105
311.000000 37.755633 16.031741 -30.804655 -0.277722 0.719249 -0.042221 -0.635428
312.000000 36.957173 14.712971 -32.085384 -0.264641 0.709932 -0.053953 -0.650423
313.000000 34.840487 13.677706 -34.529524 -0.256069 0.687484 -0.056593 -0.677194
314.000000 30.880578 12.890939 -38.129690 0.251695 -0.648269 0.049835 0.716878
315.000000 24.767768 12.305881 -42.288758 0.249852 -0.590665 0.035063 0.766459
316.000000 16.763254 11.944834 -45.925513 0.248814 -0.517385 0.014708 0.818650
317.000000 7.841614 11.880290 -48.019842 0.248237 -0.436402 -0.008394 0.864790
318.000000 -0.591052 12.169470 -48.253290 0.249275 -0.358872 -0.031324 0.898939
319.000000 -7.247393 12.825063 -47.187175 0.253138 -0.294904 -0.051369 0.919953
320.000000 -11.677180 13.735126 -45.683115 0.259440 -0.250128 -0.066468 0.930435
321.000000 -14.091147 14.544866 -44.414593 0.265903 -0.224946 -0.075669 0.934328
322.000000 -14.951067 14.958109 -43.677004 0.269613 -0.216030 -0.079226 0.935074
323.000000 -14.713062 14.875334 -43.450733 0.268846 -0.218547 -0.078293 0.934788
324.000000 -13.906059 14.409768 -43.557295 0.264309 -0.227933 -0.074474 0.934153
325.000000 -12.778246 13.860302 -43.767770 0.258997 -0.240781 -0.069467 0.932802
326.000000 -11.457428 13.566296 -43.892873 0.256639 -0.254986 -0.064769 0.930012
327.000000 -10.091142 13.735722 -43.835827 0.259723 -0.269486 -0.061341 0.925288
328.000000 -8.709880 14.407335 -43.575408 0.268360 -0.283899 -0.059388 0.918617
329.000000 -7.279738 15.450652 -43.139862 0.280505 -0.298177 -0.058413 0.910492
330.000000 -5.885443 16.549576 -42.614529 0.292991 -0.312326 -0.057512 0.901832
331.000000 -4.544718 17.365834 -42.116231 0.302739 -0.326266 -0.055751 0.893751
332.000000 -3.253128 17.750459 -41.730180 0.307971 -0.339849 -0.052570 0.887070
333.000000 -2.034766 17.825748 -41.452441 0.309291 -0.352919 -0.048195 0.881739
334.000000 -0.850540 17.859682 -41.161567 0.309886 -0.365324 -0.043828 0.876692
335.000000 0.214459 18.232818 -40.686326 0.314103 -0.376909 -0.041220 0.870391
336.000000 1.247820 19.151724 -39.889538 0.324929 -0.387620 -0.041658 0.861648
337.000000 2.241416 20.607995 -38.741478 0.342222 -0.397686 -0.045070 0.850117
338.000000 3.250379 22.389713 -37.300172 0.363184 -0.407641 -0.050072 0.836313
339.000000 4.248844 24.187897 -35.710215 0.384429 -0.417925 -0.054954 0.821299
340.000000 5.234604 25.785611 -34.109218 0.403677 -0.428300 -0.058756 0.806320
341.000000 6.085293 27.047262 -32.615169 0.419804 -0.437802 -0.061433 0.792667
342.000000 6.780470 27.932974 -31.352584 0.431789 -0.445538 -0.062987 0.781720
343.000000 7.313536 28.360939 -30.502660 0.437808 -0.451718 -0.062357 0.774846
344.000000 7.793213 28.136326 -30.275443 0.435221 -0.457899 -0.057129 0.773077
345.000000 8.358326 27.036925 -30.814783 0.421340 -0.465996 -0.044527 0.776748
346.000000 9.096750 24.899311 -32.075757 0.394621 -0.476655 -0.023145 0.785200
347.000000 9.993374 21.733556 -33.769749 0.355865 -0.488310 0.005816 0.796793
348.000000 10.911179 17.806793 -35.467644 0.308811 -0.497950 0.038811 0.809429
349.000000 11.660825 13.555171 -36.796973 0.259215 -0.503167 0.071590 0.821283
350.000000 12.179524 9.407322 -37.588286 0.212544 -0.503751 0.101014 0.831177
351.000000 12.497587 5.775982 -37.881802 0.171873 -0.501583 0.125884 0.838467
352.000000 12.767841 2.757779 -37.795902 0.137461 -0.499295 0.146600 0.842803
353.000000 13.209776 0.210394 -37.407196 0.107831 -0.499056 0.164278 0.843995
354.000000 13.913255 -1.964148 -36.756009 0.081221 -0.502196 0.179945 0.841916
355.000000 14.944319 -3.857244 -35.853133 0.056520 -0.509376 0.194107 0.836459
356.000000 16.274618 -5.448283 -34.710545 0.033526 -0.520642 0.206694 0.827699
357.000000 17.786644 -6.760608 -33.368115 0.012761 -0.535168 0.217296 0.816220
358.000000 19.291001 -7.756988 -31.927150 -0.004945 -0.551123 0.225540 0.803350
359.000000 20.645975 -8.460920 -30.534447 -0.018906 -0.566114 0.231389 0.790959
360.000000 21.694925 -8.910691 -29.326753 -0.028943 -0.578120 0.235205 0.780780
361.000000 22.376745 -9.191712 -28.376476 -0.035542 -0.586274 0.237596 0.773672
362.000000 22.792493 -9.374258 -27.660065 -0.039731 -0.591002 0.239209 0.769361
363.000000 23.035859 -9.521069 -27.089222 -0.042691 -0.593511 0.240563 0.766845
364.000000 23.170058 -9.649440 -26.577557 -0.045296 -0.595038 0.241937 0.765078
365.000000 23.283883 -9.779879 -26.076095 -0.047845 -0.596364 0.243323 0.763449
366.000000 23.427382 -9.883456 -25.578932 -0.050141 -0.597750 0.244512 0.761836
367.000000 23.543825 -9.962627 -25.107297 -0.051810 -0.599126 0.245267 0.760399
368.000000 23.614387 -9.990925 -24.683121 -0.052601 -0.600271 0.245480 0.759373
369.000000 23.651677 -9.974438 -24.323550 -0.052458 -0.600889 0.245198 0.758985
370.000000 23.627473 -9.916813 -24.044015 -0.051378 -0.600654 0.244515 0.759465
371.000000 23.498549 -9.821755 -23.865967 -0.049230 -0.599251 0.243429 0.761063
372.000000 23.296318 -9.674768 -23.812103 -0.045686 -0.596434 0.241771 0.764019
373.000000 22.948639 -9.448463 -23.899135 -0.040313 -0.592085 0.239256 0.768483
374.000000 22.507009 -9.135652 -24.129347 -0.032763 -0.586258 0.235596 0.774418
375.000000 21.953070 -8.695663 -24.481323 -0.022919 -0.579206 0.230607 0.781547
376.000000 21.305610 -8.158920 -24.913016 -0.010941 -0.571391 0.224248 0.789370
377.000000 20.623921 -7.483595 -25.365558 0.002819 -0.563468 0.216594 0.797234
378.000000 19.972410 -6.715175 -25.783562 0.017936 -0.556222 0.207789 0.804437
379.000000 19.387737 -5.849832 -26.113872 0.034019 -0.550443 0.198002 0.810340
380.000000 18.913550 -4.885298 -26.319749 0.050808 -0.546789 0.187385 0.814449
381.000000 18.611679 -3.856251 -26.380371 0.068232 -0.545677 0.176024 0.816454
382.000000 18.470753 -2.732601 -26.286427 0.086404 -0.547214 0.163915 0.816225
383.000000 18.480739 -1.526002 -26.042525 0.105450 -0.551097 0.151057 0.813851
384.000000 18.581589 -0.262303 -25.665364 0.125205 -0.556579 0.137620 0.809694
385.000000 18.758928 0.974071 -25.187188 0.144994 -0.562607 0.124071 0.804398
386.000000 18.920717 2.144244 -24.648851 0.163754 -0.568156 0.111117 0.798772
387.000000 19.046057 3.169746 -24.097222 0.180485 -0.572568 0.099425 0.793540
388.000000 19.144936 4.035928 -23.564822 0.194726 -0.575647 0.089320 0.789135
389.000000 19.169943 4.741708 -23.067735 0.206693 -0.577517 0.080669 0.785649
390.000000 19.155683 5.342138 -22.605040 0.217032 -0.578411 0.073031 0.782946
391.000000 19.132974 5.864054 -22.170102 0.226420 -0.578554 0.065935 0.780808
392.000000 19.070204 6.343442 -21.751868 0.235299 -0.578147 0.059085 0.779031
393.000000 18.987825 6.808886 -21.341445 0.243841 -0.577370 0.052385 0.777458
394.000000 18.917100 7.243719 -20.934497 0.252067 -0.576358 0.045854 0.775996
395.000000 18.839934 7.652666 -20.528204 0.259970 -0.575154 0.039506 0.774631
396.000000 18.722787 8.040002 -20.131572 0.267568 -0.573655 0.033295 0.773446
397.000000 18.612436 8.405456 -19.755773 0.274888 -0.571602 0.027115 0.772640
398.000000 18.463854 8.753076 -19.420865 0.281924 -0.568617 0.020834 0.772502
399.000000 18.237635 9.064648 -19.144757 0.288651 -0.564311 0.014322 0.773323
400.000000 17.956171 9.377263 -18.936585 0.295066 -0.558470 0.007480 0.775236
401.000000 17.612698 9.674990 -18.783456 0.301224 -0.551270 0.000310 0.778052
402.000000 17.253172 9.950537 -18.646945 0.307226 -0.543412 -0.007009 0.781195
403.000000 16.917660 10.233161 -18.475197 0.313170 -0.536009 -0.014107 0.783850
404.000000 16.667873 10.513262 -18.223996 0.319105 -0.530167 -0.020552 0.785285
405.000000 16.492020 10.779381 -17.873402 0.325008 -0.526517 -0.026038 0.785157
406.000000 16.429217 11.028600 -17.429553 0.330757 -0.525053 -0.030459 0.783576
407.000000 16.449881 11.266436 -16.917063 0.336113 -0.525425 -0.033791 0.780907
408.000000 16.526676 11.455259 -16.362127 0.340750 -0.527288 -0.035960 0.777537
409.000000 16.677360 11.588702 -15.788708 0.344368 -0.530291 -0.036918 0.773847
410.000000 16.808544 11.676202 -15.229871 0.346817 -0.533734 -0.036889 0.770380
411.000000 16.886499 11.745744 -14.738362 0.348125 -0.536467 -0.036440 0.767909
412.000000 16.910422 11.740940 -14.355097 0.348373 -0.537396 -0.036156 0.767160
413.000000 16.913245 11.719211 -14.101767 0.347543 -0.536194 -0.036180 0.768375
414.000000 16.811165 11.640950 -13.946889 0.345502 -0.533476 -0.036121 0.771185
415.000000 16.707747 11.542271 -13.855051 0.342184 -0.530206 -0.035466 0.774941
416.000000 16.577110 11.393446 -13.794270 0.337759 -0.526935 -0.034072 0.779165
417.000000 16.410155 11.244495 -13.753442 0.332639 -0.523631 -0.032232 0.783660
418.000000 16.326127 11.053140 -13.725472 0.327288 -0.520123 -0.030327 0.788311
419.000000 16.203867 10.881600 -13.691995 0.322027 -0.516430 -0.028557 0.792958
420.000000 16.071516 10.716208 -13.656177 0.316996 -0.512483 -0.027041 0.797586
421.000000 15.877780 10.574958 -13.643042 0.312270 -0.507638 -0.026088 0.802565
422.000000 15.641981 10.426846 -13.687511 0.308000 -0.500767 -0.026239 0.808505
423.000000 15.329264 10.334466 -13.810211 0.304424 -0.491062 -0.027935 0.815723
424.000000 14.953569 10.253098 -13.989104 0.301683 -0.478841 -0.031103 0.823851
425.000000 14.531012 10.196777 -14.169875 0.299511 -0.465570 -0.034999 0.832053
426.000000 14.100943 10.120606 -14.313752 0.296976 -0.453057 -0.038410 0.839684
427.000000 13.733919 9.996285 -14.426704 0.292511 -0.442537 -0.040055 0.846755
428.000000 13.443296 9.729250 -14.545763 0.284393 -0.434263 -0.039009 0.853823
429.000000 13.198902 9.330229 -14.712927 0.271517 -0.427650 -0.035006 0.861492
430.000000 12.982779 8.769038 -14.940911 0.254053 -0.421605 -0.028568 0.869995
431.000000 12.738402 8.117171 -15.214944 0.233550 -0.414870 -0.020864 0.879149
432.000000 12.425730 7.405034 -15.500894 0.212417 -0.406450 -0.013291 0.888539
433.000000 12.073267 6.749097 -15.761322 0.193069 -0.396084 -0.006967 0.897660
434.000000 11.688813 6.197891 -15.962605 0.177190 -0.384446 -0.002428 0.905980
435.000000 11.287752 5.795690 -16.076949 0.165437 -0.372768 0.000346 0.913058
436.000000 10.929519 5.509775 -16.096958 0.157586 -0.362080 0.001681 0.918728
437.000000 10.578727 5.333487 -16.038460 0.152911 -0.352622 0.001947 0.923186
438.000000 10.278435 5.269610 -15.927754 0.150557 -0.343861 0.001424 0.926871
439.000000 9.997497 5.233694 -15.795415 0.149729 -0.334957 0.000301 0.930261
440.000000 9.684671 5.221972 -15.665508 0.149741 -0.325208 -0.001267 0.933711
441.000000 9.311875 5.241165 -15.548838 0.150041 -0.314277 -0.003130 0.937394
442.000000 8.941574 5.248133 -15.443327 0.150277 -0.302262 -0.005147 0.941291
443.000000 8.530276 5.255468 -15.341239 0.150318 -0.289622 -0.007203 0.945236
444.000000 8.147038 5.245691 -15.232989 0.150115 -0.276833 -0.009207 0.949076
445.000000 7.761853 5.239238 -15.118658 0.149404 -0.263945 -0.011081 0.952832
446.000000 7.299576 5.179226 -15.015001 0.147495 -0.250516 -0.012715 0.956726
447.000000 6.864725 5.051258 -14.935481 0.143419 -0.236160 -0.013930 0.960971
448.000000 6.450227 4.853985 -14.878849 0.136460 -0.221219 -0.014518 0.965521
449.000000 6.042477 4.594121 -14.828760 0.126685 -0.206837 -0.014359 0.970033
450.000000 5.616780 4.250975 -14.752157 0.114997 -0.194331 -0.013522 0.974078
451.000000 5.322303 3.894801 -14.634115 0.102597 -0.184342 -0.012232 0.977416
452.000000 5.090031 3.552254 -14.480528 0.090200 -0.176240 -0.010748 0.980147
453.000000 4.850274 3.176049 -14.315175 0.077645 -0.167977 -0.009262 0.982685
454.000000 4.506380 2.789707 -14.170573 0.064187 -0.156542 -0.007885 0.985552
455.000000 4.005338 2.393722 -14.066186 0.049191 -0.139132 -0.006650 0.989029
456.000000 3.361322 1.955093 -13.989889 0.032661 -0.114624 -0.005519 0.992857
457.000000 2.582827 1.491798 -13.901246 0.015274 -0.084385 -0.004419 0.996306
458.000000 1.715903 1.020989 -13.752478 -0.001879 -0.051794 -0.003316 0.998651
459.000000 0.869821 0.611253 -13.522273 -0.017541 -0.020848 -0.002268 0.999626
460.000000 0.194714 0.288925 -13.225007 -0.030484 0.005172 -0.001379 0.999521
461.000000 -0.291023 0.046771 -12.890630 -0.039786 0.024339 -0.000728 0.998911
462.000000 -0.596467 -0.102940 -12.544592 -0.045131 0.036128 -0.000330 0.998328
463.000000 -0.742945 -0.149422 -12.202163 -0.046900 0.041182 -0.000148 0.998050
464.000000 -0.749270 -0.132366 -11.867261 -0.045869 0.040974 -0.000116 0.998107
465.000000 -0.667149 -0.067632 -11.537275 -0.042744 0.037328 -0.000159 0.998388
466.000000 -0.552262 0.040594 -11.208430 -0.037937 0.031896 -0.000212 0.998771
467.000000 -0.433721 0.178331 -10.878069 -0.031818 0.025739 -0.000245 0.999162
468.000000 -0.285572 0.301374 -10.543873 -0.025202 0.019183 -0.000272 0.999498
469.000000 -0.133363 0.401251 -10.207227 -0.019560 0.012083 -0.000324 0.999736
470.000000 -0.003856 0.466252 -9.871234 -0.016619 0.004355 -0.000418 0.999852
471.000000 0.143636 0.449254 -9.535104 -0.017517 -0.003489 -0.000536 0.999840
472.000000 0.264008 0.390005 -9.201522 -0.022080 -0.010188 -0.000636 0.999704
473.000000 0.329172 0.280835 -8.868337 -0.028767 -0.014180 -0.000666 0.999485
474.000000 0.329598 0.181104 -8.535778 -0.035369 -0.014482 -0.000588 0.999269
475.000000 0.303635 0.105513 -8.204058 -0.040055 -0.011441 -0.000409 0.999132
476.000000 0.253217 0.052072 -7.872746 -0.042092 -0.006715 -0.000187 0.999091
477.000000 0.190461 0.052082 -7.538669 -0.041853 -0.002393 -0.000002 0.999121
478.000000 0.142019 0.069165 -7.203842 -0.040251 0.000167 0.000101 0.999190
479.000000 0.115834 0.101767 -6.868119 -0.038146 0.000931 0.000131 0.999272
480.000000 0.111142 0.136584 -6.531816 -0.036147 0.000888 0.000131 0.999346
481.000000 0.115463 0.140371 -6.196194 -0.034759 0.001266 0.000146 0.999395
482.000000 0.101853 0.139916 -5.860620 -0.034562 0.002877 0.000200 0.999398
483.000000 0.070344 0.130125 -5.525728 -0.036169 0.005911 0.000296 0.999328
484.000000 0.030200 0.100152 -5.191498 -0.040004 0.010011 0.000419 0.999149
485.000000 -0.006581 0.042831 -4.856733 -0.046027 0.014467 0.000539 0.998835
486.000000 -0.035580 -0.020729 -4.521051 -0.053560 0.018451 0.000621 0.998394
487.000000 -0.056780 -0.067909 -4.184998 -0.061352 0.021301 0.000639 0.997889
488.000000 -0.082994 -0.108307 -3.848732 -0.067885 0.022728 0.000594 0.997434
489.000000 -0.083592 -0.151288 -3.512307 -0.071814 0.022788 0.000510 0.997158
490.000000 -0.069105 -0.157201 -3.176187 -0.072279 0.021673 0.000416 0.997149
491.000000 -0.071861 -0.142892 -2.842322 -0.069020 0.019512 0.000326 0.997424
492.000000 -0.051437 -0.121445 -2.508731 -0.062341 0.016376 0.000237 0.997921
493.000000 -0.032015 -0.091691 -2.175815 -0.053021 0.012469 0.000149 0.998516
494.000000 -0.031391 -0.060265 -1.842586 -0.042139 0.008292 0.000072 0.999077
495.000000 -0.026220 -0.042452 -1.508531 -0.030852 0.004561 0.000023 0.999514
496.000000 -0.009424 -0.018803 -1.173939 -0.020224 0.001888 0.000002 0.999794
497.000000 -0.011981 0.009563 -0.838570 -0.011202 0.000463 -0.000002 0.999937
498.000000 -0.003542 -0.000921 -0.502835 -0.004593 -0.000003 -0.000000 0.999989
499.000000 0.002936 -0.010045 -0.167595 -0.000879 -0.000026 -0.000000 1.000000
500.000000 -0.029626 -0.023015 0.007041 0.021158 0.007528 -0.109916 0.993687
501.000000 -0.183573 0.035067 0.038665 0.100519 0.035766 -0.522191 0.846128
502.000000 -0.162482 0.279260 0.116729 -0.159893 -0.056892 0.830634 -0.530326
503.000000 -0.157835 0.269957 -0.152799 -0.146187 -0.055980 0.832876 -0.530861
504.000000 -0.109704 0.321412 -0.431486 -0.118237 -0.054877 0.836963 -0.531509
505.000000 -0.113953 0.344104 -0.721275 -0.081175 -0.055258 0.841317 -0.531548
506.000000 -0.146305 0.343792 -1.010091 -0.043814 -0.058757 0.844412 -0.530656
507.000000 -0.172939 0.325701 -1.294321 -0.013447 -0.065679 0.845857 -0.529179
508.000000 -0.204383 0.313890 -1.574966 0.007070 -0.074717 0.846109 -0.527700
509.000000 -0.245909 0.299684 -1.854912 0.018857 -0.083864 0.845770 -0.526578
510.000000 -0.289590 0.325978 -2.136957 0.024689 -0.091660 0.845253 -0.525867
511.000000 -0.300741 0.346559 -2.420111 0.027024 -0.097702 0.844747 -0.525478
512.000000 -0.300085 0.359548 -2.704809 0.027349 -0.102226 0.844305 -0.525310
513.000000 -0.311522 0.367191 -2.990656 0.026420 -0.105402 0.843949 -0.525302
514.000000 -0.310006 0.368548 -3.277778 0.024665 -0.106956 0.843727 -0.525430
515.000000 -0.292560 0.390302 -3.567258 0.022367 -0.106189 0.843721 -0.525699
516.000000 -0.251771 0.371015 -3.859175 0.019752 -0.102209 0.844015 -0.526120
517.000000 -0.188281 0.292515 -4.152054 0.017103 -0.094348 0.844640 -0.526677
518.000000 -0.145833 0.236677 -4.446074 0.014836 -0.082748 0.845519 -0.527286
519.000000 -0.077567 0.154717 -4.740436 0.013387 -0.068754 0.846468 -0.527812
520.000000 -0.007050 0.054992 -5.032267 0.012994 -0.054656 0.847289 -0.528153
521.000000 0.046042 -0.041193 -5.320944 0.013595 -0.042796 0.847872 -0.528296
522.000000 0.070852 -0.115629 -5.608097 0.014894 -0.034644 0.848216 -0.528306
523.000000 0.076943 -0.160815 -5.895857 0.016453 -0.030441 0.848375 -0.528263
524.000000 0.074292 -0.176217 -6.184521 0.017766 -0.029470 0.848411 -0.528218
525.000000 0.074024 -0.167131 -6.473536 0.018458 -0.030604 0.848371 -0.528195
526.000000 0.054699 -0.144658 -6.763296 0.018651 -0.032718 0.848293 -0.528187
527.000000 0.019791 -0.129096 -7.052895 0.019161 -0.034826 0.848212 -0.528163
528.000000 -0.013445 -0.142443 -7.341443 0.021118 -0.036047 0.848167 -0.528078
529.000000 -0.060173 -0.184556 -7.629414 0.025045 -0.035604 0.848187 -0.527905
530.000000 -0.096418 -0.256049 -7.915663 0.030081 -0.032997 0.848277 -0.527667
531.000000 -0.087482 -0.342893 -8.199858 0.034101 -0.028280 0.848434 -0.527444
532.000000 -0.036021 -0.415201 -8.484326 0.034818 -0.022204 0.848660 -0.527324
533.000000 0.059231 -0.466762 -8.769761 0.031136 -0.016088 0.848933 -0.527337
534.000000 0.206789 -0.473459 -9.056373 0.023780 -0.011441 0.849182 -0.527441
535.000000 0.343088 -0.412126 -9.342397 0.014849 -0.009534 0.849326 -0.527574
536.000000 0.449394 -0.303496 -9.630350 0.006693 -0.011055 0.849340 -0.527687
537.000000 0.492710 -0.170845 -9.920292 0.000880 -0.015912 0.849251 -0.527748
538.000000 0.456869 -0.027707 -10.211030 -0.002293 -0.023270 0.849092 -0.527728
539.000000 0.401745 0.136001 -10.501909 -0.003652 -0.031861 0.848875 -0.527619
540.000000 0.340825 0.302709 -10.790375 -0.004540 -0.040465 0.848606 -0.527455
541.000000 0.277093 0.457601 -11.075094 -0.006043 -0.048307 0.848290 -0.527290
542.000000 0.232386 0.606706 -11.356845 -0.008511 -0.055132 0.847933 -0.527160
543.000000 0.224898 0.755659 -11.637086 -0.011634 -0.060969 0.847554 -0.527067
544.000000 0.235838 0.890240 -11.916288 -0.014930 -0.065843 0.847178 -0.527002
545.000000 0.255255 1.003085 -12.195406 -0.018164 -0.069689 0.846829 -0.526966
546.000000 0.279808 1.097197 -12.474990 -0.021363 -0.072590 0.846510 -0.526967
547.000000 0.320928 1.200512 -12.754077 -0.024567 -0.075120 0.846195 -0.526980
548.000000 0.337682 1.310605 -13.031186 -0.027680 -0.078380 0.845831 -0.526935
549.000000 0.317012 1.466648 -13.303729 -0.030627 -0.083404 0.845361 -0.526754
550.000000 0.286242 1.678636 -13.569807 -0.033634 -0.090144 0.844755 -0.526433
551.000000 0.295044 1.871407 -13.828725 -0.037252 -0.096896 0.844056 -0.526111
552.000000 0.371689 1.992299 -14.090292 -0.041956 -0.100985 0.843392 -0.526052
553.000000 0.521969 2.056866 -14.363736 -0.047618 -0.100567 0.842896 -0.526446
554.000000 0.682322 2.072741 -14.640934 -0.053340 -0.096169 0.842593 -0.527203
555.000000 0.875352 2.007538 -14.927921 -0.057907 -0.090645 0.842422 -0.527973
556.000000 0.991262 1.971100 -15.214376 -0.060521 -0.087543 0.842304 -0.528391
557.000000 0.974511 2.036289 -15.496451 -0.061221 -0.089269 0.842159 -0.528253
558.000000 0.851576 2.214522 -15.769013 -0.060668 -0.096301 0.841877 -0.527531
559.000000 0.626012 2.497429 -16.025647 -0.059561 -0.107558 0.841359 -0.526307
560.000000 0.359452 2.845394 -16.265191 -0.058124 -0.121185 0.840597 -0.524722
561.000000 0.065765 3.166452 -16.489591 -0.056003 -0.135238 0.839718 -0.522923
562.000000 -0.256115 3.476307 -16.714940 -0.052528 -0.148201 0.838934 -0.521025
563.000000 -0.613878 3.693884 -16.945858 -0.047175 -0.159385 0.838418 -0.519063
564.000000 -0.997823 3.843304 -17.182666 -0.040002 -0.169039 0.838172 -0.517005
565.000000 -1.396360 3.966523 -17.415354 -0.031853 -0.178129 0.837982 -0.514822
566.000000 -1.792833 4.126287 -17.629945 -0.024158 -0.187921 0.837496 -0.512545
567.000000 -2.181333 4.380583 -17.814419 -0.018332 -0.199564 0.836352 -0.510249
568.000000 -2.549532 4.763919 -17.957621 -0.015142 -0.213718 0.834296 -0.507981
569.000000 -2.884287 5.259359 -18.053987 -0.014467 -0.230190 0.831287 -0.505732
570.000000 -3.176194 5.815274 -18.113852 -0.015627 -0.247698 0.827566 -0.503524
571.000000 -3.408289 6.370206 -18.167484 -0.017950 -0.263993 0.823669 -0.501552
572.000000 -3.535125 6.819186 -18.260344 -0.021181 -0.276446 0.820293 -0.500248
573.000000 -3.513055 7.096244 -18.436869 -0.025573 -0.283023 0.817989 -0.500138
574.000000 -3.309715 7.218807 -18.709294 -0.031849 -0.283346 0.816785 -0.501560
575.000000 -2.926414 7.292678 -19.038113 -0.041104 -0.279476 0.815957 -0.504399
576.000000 -2.398408 7.484545 -19.337148 -0.054444 -0.275912 0.814171 -0.507971
577.000000 -1.863084 7.975346 -19.498281 -0.072207 -0.278472 0.809975 -0.511057
578.000000 -1.477621 8.909958 -19.421039 -0.093094 -0.292169 0.802337 -0.512080
579.000000 -1.379017 10.274195 -19.035217 -0.114018 -0.318908 0.791050 -0.509448
580.000000 -1.624638 11.851467 -18.333995 -0.131211 -0.356186 0.776985 -0.502204
581.000000 -2.134020 13.370623 -17.432237 -0.142222 -0.397736 0.762003 -0.490847
582.000000 -2.720057 14.646788 -16.533797 -0.147324 -0.436015 0.748326 -0.477697
583.000000 -3.190412 15.565507 -15.844078 -0.149043 -0.465207 0.737646 -0.466098
584.000000 -3.461606 16.115158 -15.494412 -0.150075 -0.483006 0.730642 -0.458634
585.000000 -3.590602 16.352920 -15.491177 -0.151297 -0.490540 0.727207 -0.455687
586.000000 -3.641570 16.354558 -15.757947 -0.151528 -0.490962 0.726941 -0.455579
587.000000 -3.653967 16.212910 -16.195178 -0.149149 -0.487718 0.729280 -0.456109
588.000000 -3.701664 15.976587 -16.707622 -0.144073 -0.483273 0.733257 -0.456098
589.000000 -3.775437 15.728207 -17.223811 -0.138269 -0.478785 0.737499 -0.455787
590.000000 -3.819899 15.506338 -17.704807 -0.134445 -0.474583 0.740726 -0.456093
591.000000 -3.754825 15.376310 -18.127976 -0.134170 -0.470803 0.742280 -0.457563
592.000000 -3.577926 15.330857 -18.490510 -0.137041 -0.467709 0.742253 -0.459922
593.000000 -3.401971 15.348668 -18.797718 -0.141354 -0.465645 0.741219 -0.462372
594.000000 -3.242052 15.407300 -19.065518 -0.145369 -0.464825 0.739827 -0.464179
595.000000 -3.143911 15.489693 -19.308755 -0.148054 -0.465165 0.738561 -0.465004
596.000000 -3.136400 15.546564 -19.548537 -0.148917 -0.466291 0.737784 -0.464834
597.000000 -3.234407 15.557615 -19.809448 -0.147381 -0.467685 0.737939 -0.463676
598.000000 -3.468031 15.476405 -20.116858 -0.142443 -0.468919 0.739599 -0.461323
599.000000 -3.865525 15.276926 -20.481276 -0.132991 -0.469867 0.743215 -0.457351
600.000000 -4.468228 14.962472 -20.879980 -0.118504 -0.470824 0.748723 -0.451326
601.000000 -5.283159 14.581313 -21.256719 -0.099557 -0.472469 0.755357 -0.443055
602.000000 -6.265177 14.197413 -21.543311 -0.077709 -0.475628 0.761890 -0.432738
603.000000 -7.357215 13.888688 -21.690293 -0.054899 -0.480910 0.767155 -0.420933
604.000000 -8.477556 13.697540 -21.685411 -0.032762 -0.488372 0.770486 -0.408376
605.000000 -9.568710 13.627279 -21.553650 -0.012260 -0.497466 0.771849 -0.395760
606.000000 -10.591217 13.645095 -21.339434 0.006309 -0.507297 0.771670 -0.383582
607.000000 -11.528370 13.710274 -21.086466 0.023079 -0.517025 0.770519 -0.372092
608.000000 -12.382235 13.792635 -20.824436 0.038349 -0.526150 0.768853 -0.361330
609.000000 -13.166984 13.871834 -20.565577 0.052425 -0.534553 0.766911 -0.351216
610.000000 -13.889280 13.953399 -20.309355 0.065539 -0.542362 0.764747 -0.341630
611.000000 -14.563559 14.042282 -20.051003 0.077839 -0.549784 0.762325 -0.332476
612.000000 -15.198643 14.137551 -19.786803 0.089385 -0.556991 0.759594 -0.323710
613.000000 -15.792683 14.248307 -19.518180 0.100131 -0.564064 0.756534 -0.315378
614.000000 -16.332246 14.372041 -19.256221 0.109868 -0.570958 0.753184 -0.307651
615.000000 -16.800269 14.510738 -19.025167 0.118192 -0.577485 0.749677 -0.300876
616.000000 -17.171918 14.650564 -18.860794 0.124556 -0.583353 0.746225 -0.295523
617.000000 -17.406846 14.793438 -18.794662 0.128515 -0.588314 0.743039 -0.291998
618.000000 -17.538213 14.945135 -18.835989 0.130059 -0.592361 0.740193 -0.290358
619.000000 -17.595948 15.103449 -18.955808 0.129757 -0.595805 0.737552 -0.290167
620.000000 -17.601941 15.268165 -19.107998 0.128470 -0.599106 0.734875 -0.290733
621.000000 -17.594968 15.452743 -19.265263 0.126735 -0.602502 0.732044 -0.291618
622.000000 -17.531028 15.637787 -19.443136 0.124334 -0.605754 0.729206 -0.293021
623.000000 -17.368298 15.823203 -19.695717 0.120501 -0.608293 0.726685 -0.295615
624.000000 -17.137156 15.989316 -20.052053 0.114667 -0.609721 0.724673 -0.299903
625.000000 -16.806606 16.176401 -20.494108 0.107082 -0.610249 0.722984 -0.305652
626.000000 -16.428915 16.368046 -20.945316 0.098787 -0.610703 0.721108 -0.311908
627.000000 -16.082471 16.603221 -21.320930 0.091047 -0.612097 0.718497 -0.317506
628.000000 -15.846177 16.887527 -21.561800 0.084841 -0.615170 0.714824 -0.321550
629.000000 -15.749541 17.230836 -21.643926 0.080735 -0.620199 0.710043 -0.323535
630.000000 -15.854547 17.614976 -21.567067 0.078959 -0.627069 0.704304 -0.323274
631.000000 -16.055139 18.014311 -21.358547 0.079341 -0.635343 0.697882 -0.320944
632.000000 -16.339136 18.415801 -21.066867 0.081174 -0.644294 0.691135 -0.317220
633.000000 -16.630035 18.797009 -20.762786 0.083331 -0.653059 0.684456 -0.313193
634.000000 -16.872568 19.151749 -20.514873 0.084743 -0.660932 0.678177 -0.309940
635.000000 -17.047147 19.476326 -20.358822 0.084887 -0.667596 0.672479 -0.308028
636.000000 -17.107213 19.771537 -20.291692 -0.083957 0.673117 -0.667397 0.307319
637.000000 -17.155216 20.022868 -20.284592 -0.082672 0.677772 -0.662916 0.307137
638.000000 -17.229279 20.243631 -20.299846 -0.081969 0.681882 -0.659037 0.306575
639.000000 -17.363931 20.416517 -20.297351 -0.082702 0.685722 -0.655782 0.304787
640.000000 -17.573705 20.540174 -20.269146 -0.085360 0.689435 -0.653171 0.301266
641.000000 -17.884101 20.610020 -20.207180 -0.089854 0.692924 -0.651242 0.296086
642.000000 -18.231880 20.625347 -20.156239 -0.095495 0.695826 -0.650102 0.289956
643.000000 -18.557755 20.584590 -20.174133 -0.101251 0.697623 -0.649945 0.283975
644.000000 -18.807853 20.488586 -20.323139 -0.106136 0.697837 -0.650999 0.279213
645.000000 -18.947266 20.321867 -20.646452 -0.109502 0.696165 -0.653438 0.276374
646.000000 -18.945369 20.088626 -21.156562 -0.111126 0.692535 -0.657303 0.275678
647.000000 -18.818853 19.796821 -21.829832 -0.111195 0.687158 -0.662418 0.276860
648.000000 -18.619302 19.443078 -22.603927 -0.110299 0.680594 -0.668342 0.279185
649.000000 -18.396596 19.080028 -23.388126 0.109336 -0.673728 0.674423 -0.281585
650.000000 -18.275406 18.722485 -24.095365 0.109201 -0.667471 0.680031 -0.283048
651.000000 -18.203546 18.381408 -24.691098 0.110338 -0.662295 0.684866 -0.283108
652.000000 -18.200855 18.057522 -25.198311 0.112506 -0.657974 0.689098 -0.282059
653.000000 -18.259044 17.728268 -25.679497 0.115032 -0.653822 0.693198 -0.280645
654.000000 -18.291927 17.383072 -26.187548 0.117333 -0.649224 0.697586 -0.279490
655.000000 -18.282302 16.998056 -26.739190 0.119258 -0.643970 0.702409 -0.278750
656.000000 -18.252652 16.570765 -27.319613 0.121033 -0.638128 0.707633 -0.278207
657.000000 -18.210192 16.082332 -27.921122 0.123032 -0.631667 0.713325 -0.277538
658.000000 -18.196399 15.509354 -28.544580 0.125670 -0.624238 0.719802 -0.276440
659.000000 -18.223551 14.789155 -29.194619 0.129443 -0.615337 0.727479 -0.274552
660.000000 -18.331868 13.888557 -29.853034 0.134913 -0.604706 0.736520 -0.271420
661.000000 -18.574329 12.848598 -30.470457 0.142498 -0.592664 0.746557 -0.266637
662.000000 -18.955015 11.712099 -30.982013 0.152222 -0.580168 0.756694 -0.260091
663.000000 -19.509687 10.591857 -31.335246 0.163634 -0.568582 0.765767 -0.252067
664.000000 -20.204174 9.633821 -31.494236 0.176083 -0.559370 0.772663 -0.243086
665.000000 -21.038709 8.948996 -31.432756 0.189234 -0.553894 0.776446 -0.233502
666.000000 -22.092328 8.603650 -31.096626 0.203563 -0.553356 0.776254 -0.223136
667.000000 -23.425469 8.661084 -30.377461 0.220338 -0.558683 0.771168 -0.211243
668.000000 -25.140226 9.094850 -29.144993 0.240826 -0.570173 0.760337 -0.196962
669.000000 -27.167753 9.847841 -27.320896 0.265055 -0.587003 0.743462 -0.180106
670.000000 -29.159954 10.782964 -24.983784 0.291127 -0.607114 0.721454 -0.161748
671.000000 -30.959303 11.720695 -22.433720 0.315921 -0.627830 0.696628 -0.143991
672.000000 -32.411987 12.584270 -20.016010 0.336835 -0.646875 0.671930 -0.128861
673.000000 -33.473739 13.305536 -17.944241 -0.353156 0.663072 -0.649548 0.117064
674.000000 -34.252034 13.850677 -16.215559 -0.366073 0.676330 -0.630068 0.107626
675.000000 -34.883567 14.269806 -14.672078 -0.377594 0.687134 -0.612814 0.098638
676.000000 -35.459742 14.576663 -13.147788 -0.389347 0.695920 -0.596907 0.088352
677.000000 -36.008456 14.768351 -11.571829 -0.401995 0.702693 -0.582126 0.075842
678.000000 -36.502120 14.855174 -10.001979 -0.415289 0.707038 -0.569127 0.061046
679.000000 -36.896545 14.861980 -8.567688 -0.428427 0.708430 -0.559101 0.044542
680.000000 -37.233417 14.778834 -7.413462 -0.440423 0.706574 -0.553205 0.027290
681.000000 -37.459014 14.658396 -6.652183 -0.450417 0.701578 -0.552092 0.010337
682.000000 -37.584238 14.497625 -6.327191 -0.457934 0.693864 -0.555715 -0.005558
683.000000 -37.726915 14.279008 -6.406744 -0.462979 0.683958 -0.563423 -0.020169
684.000000 -37.810144 14.019072 -6.807488 -0.465865 0.672367 -0.574250 -0.033618
685.000000 -37.834820 13.731997 -7.462788 -0.466803 0.659640 -0.587259 -0.045797
686.000000 -37.814069 13.413075 -8.364682 -0.465576 0.646509 -0.601778 -0.055939
687.000000 -37.733355 13.029054 -9.553883 -0.461598 0.633873 -0.617404 -0.062806
688.000000 -37.531191 12.665473 -11.064030 0.454328 -0.622534 0.633847 0.065386
689.000000 -37.189696 12.277035 -12.880780 0.443710 -0.612859 0.650760 0.063533
690.000000 -36.671876 11.890423 -14.921804 0.430305 -0.604630 0.667747 0.058084
691.000000 -36.000220 11.479150 -17.069864 0.415119 -0.597178 0.684474 0.050500
692.000000 -35.224137 11.040731 -19.203473 0.399308 -0.589704 0.700721 0.042343
693.000000 -34.402355 10.536259 -21.229166 0.383938 -0.581580 0.716337 0.034887
694.000000 -33.569756 9.945782 -23.080893 0.369820 -0.572501 0.731190 0.028928
695.000000 -32.800365 9.287156 -24.725908 0.357393 -0.562473 0.745172 0.024750
696.000000 -32.121434 8.530879 -26.177598 0.346610 -0.551811 0.758207 0.022102
697.000000 -31.461670 7.784507 -27.481187 0.336891 -0.541202 0.770194 0.020185
698.000000 -30.779241 7.096799 -28.711827 0.327251 -0.531677 0.780966 0.017831
699.000000 -29.989771 6.572629 -29.923792 0.316794 -0.524235 0.790331 0.014032
700.000000 -29.147488 6.157567 -31.133950 0.305435 -0.519210 0.798157 0.008652
701.000000 -28.316309 5.879170 -32.253215 0.294492 -0.515994 0.804373 0.002839
702.000000 -27.699575 5.685110 -33.116294 0.286729 -0.513517 0.808755 -0.001213
703.000000 -27.648670 5.478156 -33.503742 0.285734 -0.511150 0.810605 -0.000998
704.000000 -28.408633 5.350366 -33.186087 0.294844 -0.509118 0.808601 0.005477
705.000000 -30.140696 5.284951 -31.952364 0.315905 -0.507961 0.801134 0.019085
706.000000 -32.634476 5.345948 -29.675583 0.348226 -0.507611 0.787099 0.039302
707.000000 -35.452233 5.481251 -26.425929 0.388322 -0.507099 0.766763 0.064269
708.000000 -38.148289 5.635685 -22.534886 0.430980 -0.505242 0.742061 0.091282
709.000000 -40.336651 5.753445 -18.480256 0.471229 -0.501565 0.715925 0.117592
710.000000 -41.921425 5.815191 -14.708215 0.505969 -0.496552 0.691020 0.141150
711.000000 -42.991866 5.844579 -11.470291 0.534261 -0.491114 0.668927 0.160962
712.000000 -43.625113 5.862851 -8.834626 0.556526 -0.485831 0.650302 0.177069
713.000000 -43.996020 5.861143 -6.786527 0.573561 -0.480514 0.635525 0.190375
714.000000 -44.251582 5.801129 -5.274473 0.586001 -0.474330 0.625048 0.202310
715.000000 -44.404038 5.712450 -4.249629 0.594238 -0.466494 0.619210 0.214111
716.000000 -44.453505 5.651243 -3.688023 0.598536 -0.457183 0.617837 0.225866
717.000000 -44.472110 5.587329 -3.597526 0.599235 -0.448035 0.620049 0.236054
718.000000 -44.470077 5.532581 -3.969737 0.597028 -0.441690 0.624344 0.242203
719.000000 -44.432829 5.525927 -4.725350 0.593103 -0.440483 0.628864 0.242351
720.000000 -44.361285 5.584589 -5.689740 0.588969 -0.445168 0.631770 0.236235
721.000000 -44.267999 5.715643 -6.632679 0.586028 -0.454647 0.631715 0.225398
722.000000 -44.183141 5.929586 -7.365668 0.585118 -0.466827 0.628217 0.212255
723.000000 -44.110177 6.212189 -7.818869 0.586255 -0.479811 0.621732 0.198834
724.000000 -44.080165 6.520526 -8.060961 0.588630 -0.492537 0.613447 0.186023
725.000000 -44.025761 6.824533 -8.264620 0.590886 -0.504611 0.605017 0.173713
726.000000 -43.970132 7.092880 -8.637543 0.591551 -0.515740 0.598324 0.161518
727.000000 -43.840788 7.324605 -9.349402 0.589462 -0.525354 0.595162 0.149400
728.000000 -43.606309 7.501686 -10.496398 0.584014 -0.532662 0.596838 0.137778
729.000000 -43.263918 7.583282 -12.086837 0.575145 -0.537002 0.603873 0.127178
730.000000 -42.776343 7.510526 -14.073063 0.563118 -0.538155 0.615962 0.117802
731.000000 -42.097534 7.299991 -16.382001 0.548286 -0.536455 0.632176 0.109328
732.000000 -41.215675 6.953428 -18.926877 0.531014 -0.532667 0.651210 0.101072
733.000000 -40.122704 6.490052 -21.600859 0.511813 -0.527714 0.671584 0.092415
734.000000 -38.851719 5.973534 -24.269384 0.491526 -0.522371 0.691813 0.083218
735.000000 -37.462321 5.445063 -26.789303 0.471323 -0.517167 0.710590 0.073854
736.000000 -36.067220 4.954341 -29.045800 0.452364 -0.512641 0.726894 0.064737
737.000000 -34.722841 4.619151 -31.003627 0.435272 -0.509816 0.739952 0.055643
738.000000 -33.406648 4.611473 -32.703327 0.419818 -0.510420 0.749106 0.045438
739.000000 -32.080932 5.103113 -34.221814 0.405139 -0.516390 0.753753 0.032558
740.000000 -30.702971 6.214405 -35.586311 0.390366 -0.528791 0.753484 0.016015
741.000000 -29.265958 7.925722 -36.746472 0.375233 -0.546903 0.748386 -0.003820
742.000000 -27.835361 10.067780 -37.619964 0.360247 -0.568334 0.739312 -0.025237
743.000000 -26.526793 12.351034 -38.169552 0.346331 -0.590113 0.727808 -0.046006
744.000000 -25.431689 14.517529 -38.442910 0.334279 -0.609920 0.715620 -0.064366
745.000000 -24.568245 16.395855 -38.536065 0.324428 -0.626625 0.704106 -0.079510
746.000000 -23.910558 17.938955 -38.544265 0.316696 -0.640062 0.694019 -0.091442
747.000000 -23.432549 19.152614 -38.540463 0.310794 -0.650466 0.685705 -0.100543
748.000000 -23.074142 20.049960 -38.583494 0.306363 -0.658053 0.679413 -0.107270
749.000000 -22.796033 20.646460 -38.723441 0.303027 -0.662928 0.675383 -0.112070
750.000000 -22.550782 20.951043 -38.982800 0.300474 -0.665327 0.673607 -0.115364
751.000000 -22.349011 21.045842 -39.327888 0.298628 -0.665943 0.673461 -0.117443
752.000000 -22.284471 21.046640 -39.504389 0.298039 -0.665928 0.673630 -0.118049
753.000000 -22.440940 21.016674 -39.148971 0.299454 -0.665794 0.673397 -0.116547
754.000000 -22.667502 20.830706 -38.838551 0.301666 -0.664407 0.674234 -0.113882
755.000000 -22.929218 20.385003 -38.638871 0.304581 -0.660822 0.677105 -0.109883
756.000000 -23.241273 19.642208 -38.552806 0.308418 -0.654604 0.682290 -0.104175
757.000000 -23.652675 18.586243 -38.539903 0.313538 -0.645626 0.689626 -0.096318
758.000000 -24.214311 17.209032 -38.545774 0.320313 -0.633741 0.698857 -0.085858
759.000000 -24.971979 15.497270 -38.505564 0.329076 -0.618687 0.709718 -0.072354
760.000000 -25.950010 13.461683 -38.335094 0.340040 -0.600362 0.721701 -0.055561
761.000000 -27.158827 11.209538 -37.934043 0.353097 -0.579351 0.733751 -0.035833
762.000000 -28.540729 8.958018 -37.223260 0.367667 -0.557392 0.744262 -0.014470
763.000000 -29.989440 7.002953 -36.197301 0.382829 -0.537253 0.751505 0.006427
764.000000 -31.399366 5.578102 -34.924826 0.397800 -0.521785 0.754243 0.024757
765.000000 -32.750038 4.783520 -33.482118 0.412445 -0.512633 0.752026 0.039420
766.000000 -34.067770 4.561036 -31.881709 0.427385 -0.509562 0.745057 0.050778
767.000000 -35.386353 4.764871 -30.061108 0.443579 -0.510923 0.733871 0.060238
768.000000 -36.765794 5.189074 -27.954401 0.461631 -0.514772 0.719104 0.069257
769.000000 -38.164945 5.710762 -25.556277 0.481335 -0.519724 0.701454 0.078524
770.000000 -39.508746 6.232663 -22.944600 0.501738 -0.525053 0.681804 0.087870
771.000000 -40.693497 6.743095 -20.256127 0.521611 -0.530282 0.661324 0.096816
772.000000 -41.683863 7.143973 -17.631417 0.539929 -0.534764 0.641431 0.105219
773.000000 -42.465612 7.417996 -15.192697 0.556031 -0.537621 0.623629 0.113490
774.000000 -43.047542 7.566104 -13.034372 0.569505 -0.537969 0.609332 0.122345
775.000000 -43.454670 7.556980 -11.237923 0.579995 -0.535230 0.599687 0.132326
776.000000 -43.743018 7.425824 -9.866554 0.587173 -0.529345 0.595342 0.143491
777.000000 -43.901283 7.217022 -8.943102 0.590903 -0.520784 0.596204 0.155431
778.000000 -44.013440 6.966085 -8.417996 0.591502 -0.510321 0.601335 0.167616
779.000000 -44.057053 6.673436 -8.154882 0.589867 -0.498670 0.609135 0.179832
780.000000 -44.097802 6.369255 -7.957032 0.587364 -0.486241 0.617720 0.192343
781.000000 -44.144213 6.063712 -7.626080 0.585464 -0.473306 0.625288 0.205495
782.000000 -44.222406 5.811481 -7.033113 0.585298 -0.460534 0.630388 0.218966
783.000000 -44.308604 5.634657 -6.177822 0.587280 -0.449431 0.632166 0.231260
784.000000 -44.402756 5.547009 -5.195282 0.590966 -0.442120 0.630620 0.240014
785.000000 -44.455962 5.521168 -4.308351 0.595189 -0.440351 0.626696 0.243091
786.000000 -44.478342 5.559471 -3.728364 0.598432 -0.444341 0.622047 0.239786
787.000000 -44.468796 5.617884 -3.583885 0.599303 -0.452434 0.618577 0.231304
788.000000 -44.433769 5.680196 -3.910838 0.596863 -0.461954 0.618004 0.220054
789.000000 -44.346808 5.752500 -4.701931 0.590627 -0.470639 0.621544 0.208185
790.000000 -44.126021 5.837919 -5.967473 0.580326 -0.477591 0.629720 0.196421
791.000000 -43.833337 5.871110 -7.739694 0.565652 -0.483219 0.642406 0.183989
792.000000 -43.358399 5.851691 -10.078092 0.546097 -0.488445 0.659158 0.169440
793.000000 -42.519036 5.833323 -13.014990 0.520913 -0.493835 0.679567 0.151544
794.000000 -41.194098 5.790359 -16.537310 0.489391 -0.499169 0.703191 0.129803
795.000000 -39.325110 5.702643 -20.498189 0.451654 -0.503619 0.728985 0.104676
796.000000 -36.850898 5.561343 -24.533758 0.409671 -0.506392 0.754784 0.077701
797.000000 -34.020363 5.410218 -28.155273 0.367608 -0.507457 0.777634 0.051349
798.000000 -31.328449 5.295821 -30.945870 0.330816 -0.507729 0.794961 0.028456
799.000000 -29.158346 5.303406 -32.694691 0.303856 -0.508412 0.805642 0.011388
800.000000 -27.917697 5.400221 -33.447950 0.288861 -0.510055 0.810186 0.001371
801.000000 -27.583271 5.586694 -33.384343 0.285157 -0.512324 0.810066 -0.001784
802.000000 -27.960594 5.780526 -32.729743 0.289997 -0.514722 0.806823 0.000433
803.000000 -28.725101 6.000138 -31.713251 0.299768 -0.517443 0.801473 0.005680
804.000000 -29.585283 6.338870 -30.532757 0.311182 -0.521438 0.794441 0.011499
805.000000 -30.402434 6.803007 -29.319270 0.322158 -0.527653 0.785835 0.016149
806.000000 -31.125285 7.426355 -28.101370 0.332127 -0.536234 0.775744 0.019138
807.000000 -31.792304 8.149839 -26.843091 0.341674 -0.546441 0.764340 0.021121
808.000000 -32.448526 8.927941 -25.474013 0.351820 -0.557188 0.751813 0.023272
809.000000 -33.168616 9.620782 -23.929530 0.363386 -0.567594 0.738295 0.026619
810.000000 -33.982812 10.249854 -22.179655 0.376685 -0.577167 0.723866 0.031690
811.000000 -34.818105 10.800743 -20.234544 0.391510 -0.585750 0.708616 0.038466
812.000000 -35.611694 11.258975 -18.145993 0.407220 -0.593490 0.692668 0.046404
813.000000 -36.356860 11.691195 -15.989989 0.422862 -0.600858 0.676159 0.054458
814.000000 -36.948704 12.082169 -13.880394 0.437300 -0.608598 0.659268 0.061175
815.000000 -37.386036 12.473179 -11.937611 0.449416 -0.617488 0.642270 0.064982
816.000000 -37.644819 12.847431 -10.268181 -0.458393 0.628005 -0.625543 -0.064666
817.000000 -37.787376 13.225290 -8.920626 -0.463971 0.640072 -0.609471 -0.059860
818.000000 -37.832957 13.581060 -7.880679 -0.466491 0.653070 -0.594360 -0.051196
819.000000 -37.835422 13.876812 -7.105417 -0.466579 0.666105 -0.580531 -0.039897
820.000000 -37.764169 14.152239 -6.572020 -0.464672 0.678341 -0.568509 -0.027033
821.000000 -37.659051 14.395831 -6.321273 -0.460749 0.689152 -0.559115 -0.013019
822.000000 -37.524206 14.584315 -6.435075 -0.454496 0.698028 -0.553341 0.002230
823.000000 -37.349595 14.723258 -6.979104 -0.445711 0.704448 -0.552037 0.018718
824.000000 -37.078160 14.827137 -7.946966 -0.434628 0.707911 -0.555580 0.035942
825.000000 -36.703020 14.868289 -9.257971 -0.421938 0.708130 -0.563663 0.052954
826.000000 -36.267003 14.825684 -10.782520 -0.408603 0.705204 -0.575335 0.068705
827.000000 -35.742251 14.682187 -12.366753 -0.395557 0.699577 -0.589353 0.082397
828.000000 -35.173526 14.436236 -13.914543 -0.383375 0.691767 -0.604727 0.093737
829.000000 -34.580742 14.078065 -15.432797 -0.371887 0.682004 -0.621226 0.103200
830.000000 -33.887769 13.592885 -17.044503 -0.359918 0.670043 -0.639469 0.112162
831.000000 -32.988307 12.969862 -18.932321 0.345530 -0.655356 0.660373 -0.122572
832.000000 -31.734520 12.165463 -21.190170 0.326960 -0.637664 0.684093 -0.136012
833.000000 -30.096548 11.257243 -23.712657 0.303880 -0.617559 0.709208 -0.152649
834.000000 -28.173313 10.308818 -26.200723 0.278045 -0.596813 0.732984 -0.170998
835.000000 -26.135740 9.438252 -28.308061 0.252547 -0.578023 0.752633 -0.188821
836.000000 -24.231612 8.833157 -29.832952 0.230073 -0.563678 0.766511 -0.204438
837.000000 -22.719978 8.577478 -30.793299 0.211551 -0.555247 0.774381 -0.217440
838.000000 -21.533788 8.729978 -31.304677 0.196185 -0.552941 0.776902 -0.228453
839.000000 -20.599910 9.251311 -31.493276 0.182563 -0.556086 0.774997 -0.238365
840.000000 -19.835360 10.087065 -31.440107 0.169764 -0.563591 0.769550 -0.247665
841.000000 -19.213512 11.138790 -31.181520 0.157758 -0.574169 0.761437 -0.256233
842.000000 -18.752776 12.284422 -30.744085 0.147111 -0.586394 0.751684 -0.263575
843.000000 -18.433789 13.386148 -30.170945 0.138428 -0.598815 0.741460 -0.269251
844.000000 -18.268903 14.359013 -29.525189 0.131933 -0.610233 0.731838 -0.273171
845.000000 -18.203149 15.170673 -28.866648 0.127379 -0.619998 0.723470 -0.275621
846.000000 -18.199569 15.814051 -28.229526 0.124242 -0.628106 0.716438 -0.277063
847.000000 -18.225135 16.331332 -27.617643 0.121979 -0.634990 0.710406 -0.277907
848.000000 -18.258012 16.787194 -27.027749 0.120142 -0.641118 0.704972 -0.278474
849.000000 -18.305490 17.200844 -26.457510 0.118334 -0.646677 0.699945 -0.279076
850.000000 -18.278958 17.555601 -25.928451 0.116231 -0.651602 0.695340 -0.280014
851.000000 -18.228206 17.896933 -25.438121 0.113769 -0.655923 0.691133 -0.281350
852.000000 -18.189536 18.216029 -24.952198 0.111331 -0.660065 0.687031 -0.282680
853.000000 -18.236960 18.552072 -24.407160 0.109610 -0.664746 0.682545 -0.283252
854.000000 -18.325908 18.899848 -23.754669 0.109122 -0.670479 0.677315 -0.282480
855.000000 -18.502968 19.261021 -23.000966 -0.109764 0.677138 -0.671406 0.280446
856.000000 -18.726234 19.623815 -22.209552 -0.110817 0.683975 -0.665317 0.277942
857.000000 -18.893928 19.949309 -21.475737 -0.111327 0.690039 -0.659725 0.276070
858.000000 -18.965287 20.217994 -20.878799 -0.110529 0.694589 -0.655198 0.275764
859.000000 -18.894033 20.410582 -20.461470 -0.108033 0.697247 -0.652039 0.277528
860.000000 -18.693765 20.544576 -20.228833 -0.103852 0.697952 -0.650307 0.281386
861.000000 -18.398984 20.614426 -20.152431 -0.098426 0.696896 -0.649886 0.286874
862.000000 -18.050316 20.624145 -20.177164 -0.092592 0.694479 -0.650563 0.293075
863.000000 -17.736784 20.581904 -20.239522 -0.087408 0.691224 -0.652117 0.298852
864.000000 -17.458524 20.485000 -20.286480 -0.083780 0.687594 -0.654395 0.303254
865.000000 -17.259839 20.333076 -20.306659 -0.082114 0.683822 -0.657330 0.305877
866.000000 -17.190194 20.141066 -20.291488 -0.082189 0.679876 -0.660900 0.306961
867.000000 -17.127367 19.899896 -20.282934 -0.083302 0.675532 -0.665082 0.307217
868.000000 -17.088895 19.628753 -20.315547 -0.084520 0.670485 -0.669862 0.307556
869.000000 -16.969983 19.317510 -20.424748 0.084977 -0.664419 0.675251 -0.308809
870.000000 -16.761442 18.978507 -20.628644 0.084180 -0.657137 0.681251 -0.311418
871.000000 -16.483815 18.604870 -20.911318 0.082287 -0.648751 0.687763 -0.315170
872.000000 -16.191217 18.219229 -21.219079 0.080141 -0.639788 0.694524 -0.319194
873.000000 -15.939233 17.809822 -21.477026 0.078911 -0.631070 0.701158 -0.322338
874.000000 -15.786313 17.421953 -21.624248 0.079555 -0.623424 0.707278 -0.323685
875.000000 -15.772956 17.051989 -21.623231 0.082504 -0.617439 0.712566 -0.322819
876.000000 -15.946197 16.735581 -21.460285 0.087709 -0.613396 0.716802 -0.319762
877.000000 -16.245873 16.478063 -21.147118 0.094776 -0.611226 0.719921 -0.314855
878.000000 -16.619466 16.273253 -20.724306 0.102942 -0.610420 0.722107 -0.308792
879.000000 -16.984063 16.080398 -20.266254 0.111041 -0.610057 0.723815 -0.302642
880.000000 -17.256063 15.907029 -19.860738 0.117841 -0.609150 0.725617 -0.297541
881.000000 -17.466963 15.733047 -19.557298 0.122646 -0.607148 0.727887 -0.294125
882.000000 -17.572862 15.549064 -19.348626 0.125660 -0.604179 0.730607 -0.292218
883.000000 -17.595916 15.357245 -19.185968 0.127653 -0.600795 0.733476 -0.291139
884.000000 -17.602528 15.185704 -19.030628 0.129188 -0.597449 0.736231 -0.290395
885.000000 -17.575615 15.019914 -18.888951 0.130085 -0.594129 0.738862 -0.290124
886.000000 -17.481339 14.869877 -18.802849 0.129566 -0.590440 0.741577 -0.290959
887.000000 -17.305395 14.723416 -18.814058 0.126850 -0.585955 0.744589 -0.293517
888.000000 -16.997362 14.580351 -18.932214 0.121653 -0.580520 0.747929 -0.297991
889.000000 -16.580206 14.440135 -19.134917 0.114240 -0.574285 0.751438 -0.304117
890.000000 -16.069095 14.311093 -19.385165 0.105146 -0.567542 0.754889 -0.311421
891.000000 -15.502751 14.193250 -19.652703 0.094867 -0.560543 0.758104 -0.319483
892.000000 -14.890200 14.088581 -19.919913 0.083706 -0.553406 0.761000 -0.328044
893.000000 -14.233145 13.999164 -20.180835 0.071785 -0.546109 0.763571 -0.337003
894.000000 -13.535769 13.913079 -20.437463 0.059091 -0.538519 0.765858 -0.346364
895.000000 -12.780504 13.831950 -20.694354 0.045520 -0.530437 0.767910 -0.356200
896.000000 -11.966018 13.750812 -20.955492 0.030881 -0.521678 0.769731 -0.366623
897.000000 -11.071083 13.672414 -21.215517 0.014902 -0.512215 0.771183 -0.377745
898.000000 -10.090219 13.628367 -21.453870 -0.002735 -0.502348 0.771917 -0.389595
899.000000 -9.027647 13.649360 -21.632673 -0.022275 -0.492768 0.771394 -0.402038
900.000000 -7.918150 13.777197 -21.706023 -0.043669 -0.484390 0.769078 -0.414702
901.000000 -6.803233 14.029837 -21.636051 -0.066308 -0.477985 0.764738 -0.426977
902.000000 -5.756036 14.383360 -21.415188 -0.088875 -0.473811 0.758717 -0.438124
903.000000 -4.851594 14.776842 -21.075459 -0.109509 -0.471508 0.751971 -0.447468
904.000000 -4.140615 15.133764 -20.679190 -0.126369 -0.470309 0.745765 -0.454615
905.000000 -3.642847 15.392393 -20.292512 -0.138336 -0.469420 0.741150 -0.459569
906.000000 -3.334377 15.529829 -19.955980 -0.145412 -0.468339 0.738545 -0.462672
907.000000 -3.167418 15.562318 -19.674717 -0.148502 -0.466986 0.737711 -0.464385
908.000000 -3.129192 15.521959 -19.427635 -0.148740 -0.465661 0.738088 -0.465040
909.000000 -3.183315 15.447165 -19.189052 -0.146914 -0.464868 0.739155 -0.464719
910.000000 -3.315744 15.375504 -18.935735 -0.143482 -0.465077 0.740533 -0.463387
911.000000 -3.493722 15.328397 -18.649726 -0.139138 -0.466529 0.741819 -0.461189
912.000000 -3.674585 15.344668 -18.316765 -0.135303 -0.469148 0.742435 -0.458676
913.000000 -3.804363 15.430044 -17.923987 -0.133845 -0.472627 0.741722 -0.456681
914.000000 -3.806661 15.608978 -17.470653 -0.135967 -0.476641 0.739299 -0.455810
915.000000 -3.739758 15.849471 -16.968335 -0.141086 -0.481003 0.735434 -0.455925
916.000000 -3.669407 16.102937 -16.447152 -0.146865 -0.485546 0.731144 -0.456184
917.000000 -3.653110 16.294090 -15.961727 -0.150723 -0.489613 0.727833 -0.455873
918.000000 -3.623098 16.378802 -15.596839 -0.151654 -0.491413 0.726707 -0.455425
919.000000 -3.538345 16.268123 -15.453370 -0.150700 -0.487886 0.728500 -0.456666
920.000000 -3.350368 15.884101 -15.623227 -0.149534 -0.475528 0.733679 -0.461766
921.000000 -2.978418 15.153648 -16.152071 -0.148413 -0.451981 0.742545 -0.471502
922.000000 -2.430758 14.048696 -16.968895 -0.145387 -0.417719 0.754874 -0.484293
923.000000 -1.856474 12.631478 -17.896394 -0.137541 -0.376906 0.769467 -0.496935
924.000000 -1.460588 11.055000 -18.720016 -0.123288 -0.336556 0.784267 -0.506414
925.000000 -1.385916 9.548094 -19.269546 -0.103793 -0.303958 0.797122 -0.511305
926.000000 -1.642377 8.382489 -19.494288 -0.082417 -0.283714 0.806623 -0.511932
927.000000 -2.120765 7.681476 -19.441886 -0.062808 -0.276065 0.812454 -0.509668
928.000000 -2.676001 7.362868 -19.197990 -0.047213 -0.277302 0.815278 -0.506158
929.000000 -3.138844 7.251684 -18.871170 -0.036028 -0.281704 0.816398 -0.502832
930.000000 -3.434943 7.172466 -18.562283 -0.028413 -0.283900 0.817277 -0.500652
931.000000 -3.545310 6.979953 -18.336291 -0.023197 -0.280543 0.818989 -0.500015
932.000000 -3.487487 6.614463 -18.205852 -0.019448 -0.270854 0.821873 -0.500783
933.000000 -3.302566 6.098040 -18.138872 -0.016671 -0.256163 0.825597 -0.502486
934.000000 -3.035965 5.533076 -18.087015 -0.014866 -0.238937 0.829488 -0.504616
935.000000 -2.721831 5.000613 -18.011501 -0.014526 -0.221718 0.832903 -0.506855
936.000000 -2.368900 4.555999 -17.891784 -0.016396 -0.206315 0.835447 -0.509111
937.000000 -1.988670 4.238303 -17.726653 -0.020943 -0.193453 0.837026 -0.511395
938.000000 -1.594777 4.037461 -17.525638 -0.027851 -0.182858 0.837800 -0.513691
939.000000 -1.194758 3.907258 -17.300290 -0.035968 -0.173578 0.838090 -0.515929
940.000000 -0.802129 3.772125 -17.063895 -0.043782 -0.164356 0.838270 -0.518049
941.000000 -0.428124 3.594777 -16.829692 -0.050101 -0.154021 0.838637 -0.520053
942.000000 -0.092501 3.326414 -16.601610 -0.054477 -0.141921 0.839300 -0.521983
943.000000 0.218294 3.012586 -16.378479 -0.057189 -0.128269 0.840159 -0.523841
944.000000 0.497773 2.665419 -16.147345 -0.058894 -0.114202 0.841003 -0.525550
945.000000 0.748009 2.345636 -15.899681 -0.060155 -0.101509 0.841651 -0.526974
946.000000 0.926417 2.110579 -15.634308 -0.061051 -0.092162 0.842043 -0.527961
947.000000 0.998740 1.991728 -15.356304 -0.061077 -0.087728 0.842241 -0.528396
948.000000 0.947736 1.975101 -15.071326 -0.059476 -0.088599 0.842361 -0.528243
949.000000 0.778244 2.047778 -14.784137 -0.055835 -0.093318 0.842496 -0.527612
950.000000 0.597635 2.075177 -14.500793 -0.050549 -0.098728 0.842723 -0.526797
951.000000 0.442637 2.029928 -14.226320 -0.044708 -0.101371 0.843119 -0.526190
952.000000 0.322359 1.940323 -13.958072 -0.039457 -0.099431 0.843710 -0.526032
953.000000 0.284988 1.784288 -13.700091 -0.035329 -0.093681 0.844411 -0.526257
954.000000 0.299327 1.567282 -13.437602 -0.032093 -0.086628 0.845075 -0.526606
955.000000 0.331166 1.381364 -13.168177 -0.029169 -0.080638 0.845612 -0.526865
956.000000 0.334491 1.251637 -12.893058 -0.026144 -0.076582 0.846022 -0.526971
957.000000 0.299127 1.148595 -12.614656 -0.022968 -0.073841 0.846355 -0.526976
958.000000 0.267000 1.051659 -12.335148 -0.019763 -0.071236 0.846667 -0.526963
959.000000 0.244717 0.949454 -12.055801 -0.016557 -0.067898 0.847000 -0.526980
960.000000 0.229003 0.825487 -11.776764 -0.013284 -0.063530 0.847364 -0.527031
961.000000 0.225162 0.682059 -11.497134 -0.010024 -0.058170 0.847745 -0.527109
962.000000 0.249369 0.531547 -11.216191 -0.007165 -0.051848 0.848116 -0.527220
963.000000 0.309636 0.382394 -10.933232 -0.005173 -0.044508 0.848454 -0.527370
964.000000 0.371518 0.219995 -10.646559 -0.004073 -0.036223 0.848747 -0.527541
965.000000 0.430626 0.052679 -10.356634 -0.003118 -0.027494 0.848990 -0.527683
966.000000 0.479316 -0.102548 -10.065481 -0.001006 -0.019353 0.849179 -0.527749
967.000000 0.483614 -0.237335 -9.775288 0.003444 -0.013104 0.849307 -0.527726
968.000000 0.399379 -0.362055 -9.485946 0.010548 -0.009853 0.849349 -0.527635
969.000000 0.279916 -0.451172 -9.199392 0.019356 -0.010085 0.849270 -0.527507
970.000000 0.129202 -0.477721 -8.913075 0.027807 -0.013491 0.849066 -0.527382
971.000000 0.005517 -0.444406 -8.626853 0.033524 -0.019056 0.848794 -0.527316
972.000000 -0.067564 -0.381320 -8.342021 0.034981 -0.025339 0.848539 -0.527368
973.000000 -0.095735 -0.300330 -8.057674 0.032374 -0.030872 0.848347 -0.527547
974.000000 -0.084343 -0.217001 -7.773057 0.027537 -0.034583 0.848224 -0.527790
975.000000 -0.035143 -0.159695 -7.485497 0.022853 -0.036074 0.848168 -0.528003
976.000000 0.004129 -0.131815 -7.197151 0.019900 -0.035599 0.848183 -0.528131
977.000000 0.037599 -0.134471 -6.908226 0.018794 -0.033830 0.848250 -0.528179
978.000000 0.068001 -0.156497 -6.618318 0.018581 -0.031604 0.848334 -0.528190
979.000000 0.073360 -0.174206 -6.329029 0.018198 -0.029847 0.848398 -0.528204
980.000000 0.075988 -0.172029 -6.040100 0.017171 -0.029618 0.848405 -0.528239
981.000000 0.075656 -0.142063 -5.751851 0.015672 -0.032078 0.848315 -0.528287
982.000000 0.061562 -0.081812 -5.464541 0.014182 -0.038213 0.848071 -0.528313
983.000000 0.022773 0.005116 -5.176939 0.013185 -0.048326 0.847612 -0.528246
984.000000 -0.041309 0.105795 -4.886772 0.013056 -0.061560 0.846904 -0.528009
985.000000 -0.113248 0.199088 -4.593426 0.013988 -0.075921 0.845998 -0.527567
986.000000 -0.172794 0.265940 -4.298828 0.015893 -0.088960 0.845058 -0.526983
987.000000 -0.222074 0.334210 -4.005112 0.018408 -0.098780 0.844288 -0.526385
988.000000 -0.280874 0.393694 -3.713342 0.021084 -0.104654 0.843826 -0.525890
989.000000 -0.300637 0.378028 -3.422124 0.023569 -0.106918 0.843691 -0.525546
990.000000 -0.318263 0.368215 -3.133979 0.025626 -0.106418 0.843817 -0.525349
991.000000 -0.302843 0.364106 -2.847622 0.027010 -0.103988 0.844115 -0.525288
992.000000 -0.300367 0.353810 -2.562286 0.027379 -0.100135 0.844517 -0.525371
993.000000 -0.298179 0.337398 -2.278336 0.026178 -0.094891 0.844993 -0.525639
994.000000 -0.271893 0.312093 -1.995851 0.022342 -0.087980 0.845518 -0.526175
995.000000 -0.222223 0.302716 -1.714672 0.013891 -0.079392 0.845982 -0.527085
996.000000 -0.188108 0.320382 -1.434925 -0.001959 -0.070058 0.846092 -0.528410
997.000000 -0.158887 0.332760 -1.152854 -0.027464 -0.061840 0.845323 -0.529953
998.000000 -0.132219 0.352943 -0.865878 -0.061991 -0.056558 0.843074 -0.531210
999.000000 -0.105986 0.334759 -0.576045 -0.100321 -0.054762 0.839222 -0.531641
1000.000000 -0.125991 0.300810 -0.289393 -0.133832 -0.055365 0.834766 -0.531215
1001.000000 -0.196976 0.245702 -0.015508 -0.154704 -0.056514 0.831498 -0.530551
1002.000000 -0.226261 0.229738 0.087889 -0.145558 -0.052856 0.762074 -0.628699
1003.000000 -0.294994 -0.070014 0.002601 0.069503 0.029747 -0.388920 0.918164
1004.000000 -0.067903 -0.275548 -0.020274 -0.022493 -0.000184 0.073434 0.997046
1005.000000 -0.065107 -0.263908 -0.242600 -0.022133 -0.000373 0.073431 0.997055
1006.000000 -0.068984 -0.272053 -0.464825 -0.022405 -0.000483 0.073428 0.997049
1007.000000 -0.075762 -0.298156 -0.685035 -0.025315 0.000056 0.073434 0.996979
1008.000000 -0.076479 -0.319801 -0.901851 -0.032810 0.001822 0.073453 0.996757
1009.000000 -0.074970 -0.334191 -1.115284 -0.045228 0.004992 0.073482 0.996258
1010.000000 -0.085223 -0.351471 -1.325923 -0.060622 0.009142 0.073513 0.995408
1011.000000 -0.095025 -0.370982 -1.536027 -0.075665 0.013390 0.073546 0.994327
1012.000000 -0.090616 -0.389760 -1.747565 -0.087533 0.016814 0.073572 0.993299
1013.000000 -0.091442 -0.428871 -1.962931 -0.095336 0.018946 0.073575 0.992542
1014.000000 -0.100214 -0.457646 -2.180921 -0.100054 0.020067 0.073559 0.992056
1015.000000 -0.110258 -0.466925 -2.400161 -0.103264 0.021028 0.073564 0.991707
1016.000000 -0.121036 -0.470155 -2.619755 -0.105893 0.022624 0.073650 0.991388
1017.000000 -0.129909 -0.477069 -2.839517 -0.107938 0.024987 0.073833 0.991097
1018.000000 -0.130280 -0.490233 -3.059703 -0.109053 0.027553 0.074070 0.990889
1019.000000 -0.137489 -0.484913 -3.280947 -0.109114 0.029648 0.074294 0.990805
1020.000000 -0.159858 -0.485523 -3.503328 -0.108110 0.031052 0.074484 0.990858
1021.000000 -0.177125 -0.479065 -3.727601 -0.105625 0.031898 0.074673 0.991085
1022.000000 -0.169688 -0.416077 -3.952483 -0.100694 0.032075 0.074887 0.991576
1023.000000 -0.149983 -0.331488 -4.179920 -0.092419 0.030910 0.075092 0.992403
1024.000000 -0.130949 -0.259257 -4.408162 -0.080912 0.027641 0.075210 0.993495
1025.000000 -0.099442 -0.152393 -4.636429 -0.067641 0.022232 0.075200 0.994623
1026.000000 -0.053965 -0.035782 -4.862015 -0.054796 0.015660 0.075092 0.995547
1027.000000 -0.004919 0.067957 -5.084423 -0.044221 0.009353 0.074954 0.996162
1028.000000 0.038681 0.143332 -5.305048 -0.036798 0.004322 0.074831 0.996508
1029.000000 0.074009 0.184616 -5.525558 -0.032562 0.000745 0.074734 0.996671
1030.000000 0.101004 0.198023 -5.747047 -0.031113 -0.001744 0.074662 0.996722
1031.000000 0.120586 0.190547 -5.969494 -0.031807 -0.003468 0.074610 0.996699
1032.000000 0.129616 0.171194 -6.192435 -0.033749 -0.004341 0.074584 0.996634
1033.000000 0.120913 0.151594 -6.415444 -0.035945 -0.003988 0.074599 0.996558
1034.000000 0.096824 0.130915 -6.638468 -0.037698 -0.002246 0.074663 0.996493
1035.000000 0.069332 0.104129 -6.861611 -0.038954 0.000346 0.074760 0.996440
1036.000000 0.050097 0.079848 -7.084696 -0.040204 0.002461 0.074837 0.996382
1037.000000 0.059211 0.061087 -7.307277 -0.041954 0.002437 0.074828 0.996311
1038.000000 0.114036 0.035275 -7.529307 -0.044171 -0.000890 0.074680 0.996228
1039.000000 0.215663 0.011654 -7.750022 -0.046096 -0.007438 0.074383 0.996136
1040.000000 0.332961 0.022996 -7.967175 -0.046535 -0.015667 0.073989 0.996050
1041.000000 0.434892 0.072339 -8.182998 -0.044432 -0.023081 0.073594 0.996031
1042.000000 0.483342 0.157757 -8.400776 -0.039406 -0.027295 0.073295 0.996158
1043.000000 0.468681 0.273225 -8.620648 -0.031989 -0.027080 0.073133 0.996441
1044.000000 0.393258 0.408412 -8.841479 -0.023481 -0.022789 0.073084 0.996789
1045.000000 0.267062 0.541566 -9.061769 -0.015526 -0.015909 0.073096 0.997077
1046.000000 0.123023 0.626176 -9.280703 -0.009651 -0.008126 0.073134 0.997242
1047.000000 -0.017277 0.655064 -9.500865 -0.006933 -0.000619 0.073176 0.997295
1048.000000 -0.145825 0.632361 -9.724251 -0.007823 0.006010 0.073204 0.997268
1049.000000 -0.235867 0.543381 -9.949807 -0.012064 0.011437 0.073201 0.997179
1050.000000 -0.292776 0.403362 -10.176343 -0.018732 0.015485 0.073154 0.997024
1051.000000 -0.342989 0.249057 -10.402289 -0.026432 0.018361 0.073070 0.996807
1052.000000 -0.394246 0.104485 -10.626057 -0.033686 0.020827 0.072980 0.996547
1053.000000 -0.457643 -0.014754 -10.846904 -0.039428 0.023878 0.072939 0.996271
1054.000000 -0.535237 -0.108107 -11.064664 -0.043393 0.028059 0.072987 0.995993
1055.000000 -0.630222 -0.181211 -11.280184 -0.046099 0.033090 0.073107 0.995708
1056.000000 -0.738797 -0.241558 -11.494790 -0.048389 0.038164 0.073242 0.995408
1057.000000 -0.839431 -0.301870 -11.709111 -0.050817 0.042614 0.073340 0.995099
1058.000000 -0.922330 -0.363731 -11.923561 -0.053357 0.046298 0.073395 0.994798
1059.000000 -0.992396 -0.419615 -12.138277 -0.055595 0.049484 0.073441 0.994518
1060.000000 -1.058227 -0.463342 -12.353087 -0.057200 0.052536 0.073513 0.994266
1061.000000 -1.133945 -0.498600 -12.567369 -0.058270 0.055748 0.073622 0.994020
1062.000000 -1.231973 -0.529637 -12.779859 -0.059379 0.059319 0.073746 0.993739
1063.000000 -1.326860 -0.590362 -12.989934 -0.061324 0.063325 0.073836 0.993367
1064.000000 -1.424064 -0.694607 -13.196428 -0.064691 0.067682 0.073846 0.992865
1065.000000 -1.530828 -0.826099 -13.398558 -0.069370 0.072250 0.073769 0.992233
1066.000000 -1.659632 -0.954790 -13.596844 -0.074302 0.077004 0.073685 0.991524
1067.000000 -1.791388 -1.052756 -13.794457 -0.077747 0.082062 0.073748 0.990849
1068.000000 -1.932942 -1.070324 -13.995004 -0.078165 0.087514 0.074111 0.990323
1069.000000 -2.099958 -0.991020 -14.198425 -0.075332 0.093318 0.074807 0.989960
1070.000000 -2.283273 -0.889809 -14.398846 -0.070991 0.099464 0.075665 0.989617
1071.000000 -2.478798 -0.854921 -14.590107 -0.068365 0.106213 0.076359 0.989047
1072.000000 -2.713347 -0.958594 -14.766464 -0.070571 0.114027 0.076547 0.988007
1073.000000 -2.960807 -1.219629 -14.919356 -0.078840 0.123120 0.076059 0.986327
1074.000000 -3.216102 -1.598351 -15.044767 -0.091853 0.133054 0.074996 0.983990
1075.000000 -3.475590 -2.074562 -15.150770 -0.106656 0.142827 0.073660 0.981223
1076.000000 -3.700583 -2.504054 -15.250664 -0.120404 0.151383 0.072367 0.978442
1077.000000 -3.878174 -2.855526 -15.364462 -0.131578 0.158032 0.071279 0.976029
1078.000000 -3.997516 -3.132382 -15.503223 -0.140004 0.162412 0.070378 0.974201
1079.000000 -4.033125 -3.329204 -15.673209 -0.146168 0.164174 0.069528 0.973061
1080.000000 -3.971241 -3.452452 -15.876986 -0.150688 0.162884 0.068548 0.972658
1081.000000 -3.814878 -3.568876 -16.112588 -0.154377 0.158441 0.067267 0.972903
1082.000000 -3.587355 -3.698077 -16.360763 -0.158543 0.151702 0.065570 0.973422
1083.000000 -3.350043 -3.901266 -16.589314 -0.164966 0.144674 0.063458 0.973565
1084.000000 -3.179074 -4.249984 -16.764680 -0.175255 0.139801 0.061062 0.972632
1085.000000 -3.113379 -4.748636 -16.866752 -0.189868 0.138609 0.058593 0.970208
1086.000000 -3.141716 -5.350644 -16.899648 -0.207488 0.140557 0.056215 0.966454
1087.000000 -3.177157 -5.955406 -16.902798 -0.225371 0.142960 0.053885 0.962220
1088.000000 -3.103960 -6.463149 -16.938380 -0.240690 0.142243 0.051272 0.958753
1089.000000 -2.845051 -6.839319 -17.050326 -0.252077 0.135817 0.047900 0.956931
1090.000000 -2.401187 -7.128400 -17.229036 -0.260265 0.123486 0.043497 0.956620
1091.000000 -1.838352 -7.378146 -17.423804 -0.267356 0.107522 0.038279 0.956815
1092.000000 -1.257994 -7.633000 -17.582346 -0.275377 0.091413 0.032909 0.956414
1093.000000 -0.766630 -7.968891 -17.675730 -0.285441 0.078100 0.028106 0.954795
1094.000000 -0.415645 -8.418439 -17.696766 -0.298066 0.068795 0.024240 0.951754
1095.000000 -0.185155 -9.025739 -17.635739 -0.313873 0.062969 0.021185 0.947138
1096.000000 -0.028006 -9.750845 -17.473470 -0.333428 0.059206 0.018521 0.940733
1097.000000 0.095406 -10.568547 -17.201723 -0.356217 0.056174 0.015880 0.932578
1098.000000 0.216906 -11.406556 -16.857665 -0.380031 0.053158 0.013162 0.923351
1099.000000 0.341348 -12.170050 -16.517961 -0.401840 0.050033 0.010507 0.914281
1100.000000 0.453163 -12.802475 -16.249749 -0.419650 0.046916 0.008081 0.906437
1101.000000 0.565718 -13.287460 -16.060327 -0.433824 0.043815 0.005862 0.899913
1102.000000 0.693122 -13.782750 -15.881818 -0.446841 0.040463 0.003591 0.893691
1103.000000 0.835263 -14.300741 -15.626694 -0.461747 0.036393 0.000891 0.886265
1104.000000 1.018734 -14.936823 -15.218513 -0.480445 0.031153 -0.002550 0.876467
1105.000000 1.238092 -15.701762 -14.633763 -0.502865 0.024538 -0.006847 0.863989
1106.000000 1.491356 -16.497954 -13.909647 -0.527297 0.016716 -0.011883 0.849433
1107.000000 1.740936 -17.252787 -13.125182 -0.551454 0.008200 -0.017347 0.833984
1108.000000 1.980033 -17.919785 -12.359551 -0.573611 -0.000293 -0.022807 0.818810
1109.000000 2.187185 -18.492639 -11.647697 -0.593381 -0.008035 -0.027783 0.804402
1110.000000 2.341676 -19.015258 -10.957667 -0.611861 -0.014439 -0.031801 0.790193
1111.000000 2.438523 -19.540750 -10.207750 -0.630972 -0.019126 -0.034443 0.774804
1112.000000 2.479420 -20.087553 -9.318522 -0.652163 -0.021888 -0.035381 0.756936
1113.000000 2.471428 -20.607162 -8.280259 -0.675270 -0.022598 -0.034409 0.736421
1114.000000 2.419973 -21.053680 -7.188005 -0.698476 -0.021196 -0.031465 0.714628
1115.000000 2.330187 -21.415981 -6.182225 0.719469 0.017830 0.026710 -0.693781
1116.000000 2.233249 -21.708498 -5.356305 0.736848 0.013035 0.020647 -0.675617
1117.000000 2.178721 -21.905966 -4.722106 0.750655 0.007715 0.014148 -0.660498
1118.000000 2.110665 -22.043307 -4.229847 0.761876 0.002780 0.008152 -0.647666
1119.000000 2.058163 -22.152437 -3.816688 0.771538 -0.001382 0.003088 -0.636174
1120.000000 2.009263 -22.243833 -3.462144 0.780093 -0.005241 -0.001599 -0.625639
1121.000000 1.959847 -22.316709 -3.191785 0.787341 -0.010027 -0.007450 -0.616392
1122.000000 1.884678 -22.360113 -3.051524 0.792686 -0.017219 -0.016436 -0.609166
1123.000000 1.759768 -22.369696 -3.091925 0.795520 -0.027866 -0.030096 -0.604538
1124.000000 1.640079 -22.392343 -3.327095 0.795653 -0.042063 -0.048710 -0.602324
1125.000000 1.457866 -22.386739 -3.659763 0.793709 -0.058833 -0.070950 -0.601274
1126.000000 1.267114 -22.405049 -3.963889 0.791210 -0.076498 -0.094245 -0.599376
1127.000000 1.055708 -22.427670 -4.115975 0.790088 -0.093353 -0.115760 -0.594681
1128.000000 0.883449 -22.505956 -4.030874 0.791772 -0.108240 -0.133436 -0.586153
1129.000000 0.751627 -22.589366 -3.718092 0.796453 -0.120719 -0.146541 -0.574121
1130.000000 0.655937 -22.679345 -3.266216 0.803058 -0.130845 -0.155552 -0.560162
1131.000000 0.603648 -22.758058 -2.806570 0.809916 -0.138834 -0.161577 -0.546492
1132.000000 0.572053 -22.809429 -2.455795 0.815627 -0.144843 -0.165666 -0.535097
1133.000000 0.553477 -22.841750 -2.270187 0.819611 -0.148965 -0.168370 -0.526971
1134.000000 0.550082 -22.871111 -2.232444 0.822182 -0.151321 -0.169684 -0.521849
1135.000000 0.545652 -22.889162 -2.273716 0.824197 -0.152135 -0.169315 -0.518543
1136.000000 0.560765 -22.909798 -2.317639 0.826530 -0.151719 -0.167045 -0.515680
1137.000000 0.578120 -22.931201 -2.319186 0.829622 -0.150405 -0.162982 -0.512390
1138.000000 0.598711 -22.947736 -2.281535 0.833321 -0.148486 -0.157610 -0.508613
1139.000000 0.622348 -22.964367 -2.242444 0.837081 -0.146193 -0.151622 -0.504910
1140.000000 0.646308 -22.982305 -2.247013 0.840322 -0.143674 -0.145639 -0.502001
1141.000000 0.669424 -22.995954 -2.322962 0.842719 -0.140982 -0.139966 -0.500357
1142.000000 0.702845 -22.997632 -2.471683 0.844276 -0.138088 -0.134553 -0.500026
1143.000000 0.730349 -22.995063 -2.673275 0.845237 -0.134953 -0.129164 -0.500678
1144.000000 0.757788 -23.004067 -2.897460 0.845952 -0.131598 -0.123586 -0.501771
1145.000000 0.801625 -23.002166 -3.113043 0.846740 -0.128113 -0.117747 -0.502747
1146.000000 0.841483 -23.004644 -3.302007 0.847789 -0.124603 -0.111692 -0.503242
1147.000000 0.884522 -23.011464 -3.462714 0.849102 -0.121142 -0.105536 -0.503203
1148.000000 0.932170 -23.019649 -3.606806 0.850534 -0.117767 -0.099424 -0.502830
1149.000000 0.977580 -23.028169 -3.748564 0.851927 -0.114502 -0.093487 -0.502365
1150.000000 1.017317 -23.038970 -3.890195 0.853254 -0.111367 -0.087779 -0.501846
1151.000000 1.070517 -23.055113 -4.015159 0.854705 -0.108382 -0.082239 -0.500969
1152.000000 1.120575 -23.078680 -4.088334 0.856659 -0.105586 -0.076758 -0.499095
1153.000000 1.152935 -23.123936 -4.067532 0.859561 -0.103060 -0.071276 -0.495433
1154.000000 1.198355 -23.185338 -3.919446 0.863740 -0.100885 -0.065795 -0.489333
1155.000000 1.238440 -23.263670 -3.635178 0.869229 -0.099012 -0.060236 -0.480634
1156.000000 1.272776 -23.340444 -3.244494 0.875652 -0.097143 -0.054248 -0.469951
1157.000000 1.313651 -23.416368 -2.823439 0.882214 -0.094716 -0.047141 -0.458809
1158.000000 1.362719 -23.457212 -2.483803 0.887801 -0.091079 -0.038075 -0.449516
1159.000000 1.430178 -23.474143 -2.357066 0.891188 -0.085809 -0.026526 -0.444654
1160.000000 1.493953 -23.464250 -2.547986 0.891352 -0.079006 -0.012789 -0.446191
1161.000000 1.564881 -23.400709 -3.087429 0.887870 -0.071364 0.001869 -0.454523
1162.000000 1.649213 -23.327684 -3.906353 0.881258 -0.063904 0.015684 -0.468032
1163.000000 1.772614 -23.204888 -4.854876 0.873013 -0.057496 0.027264 -0.483527
1164.000000 1.883332 -23.056530 -5.741023 0.865177 -0.052454 0.036237 -0.497397
1165.000000 1.983779 -22.947709 -6.406476 0.859618 -0.048464 0.043240 -0.506793
1166.000000 2.078699 -22.909790 -6.760865 0.857485 -0.044872 0.049358 -0.510167
1167.000000 2.174489 -22.964539 -6.771248 0.859143 -0.041074 0.055504 -0.507056
1168.000000 2.276339 -23.110920 -6.436597 0.864438 -0.036726 0.062146 -0.497529
1169.000000 2.355283 -23.337530 -5.773654 0.872889 -0.031673 0.069453 -0.481911
1170.000000 2.446653 -23.587694 -4.828461 0.883567 -0.025749 0.077700 -0.461096
1171.000000 2.551920 -23.806237 -3.705999 0.894939 -0.018710 0.087558 -0.437113
1172.000000 2.645760 -23.926814 -2.571525 0.905102 -0.010424 0.099931 -0.413152
1173.000000 2.698393 -23.982612 -1.613552 0.912443 -0.001141 0.115330 -0.392613
1174.000000 2.746699 -24.033982 -0.947777 0.916257 0.008474 0.133272 -0.377677
1175.000000 2.755302 -24.047992 -0.587568 0.916894 0.017604 0.152253 -0.368531
1176.000000 2.753886 -24.029089 -0.474088 0.915401 0.025612 0.170388 -0.363805
1177.000000 2.762300 -24.042602 -0.516417 0.912949 0.032185 0.186175 -0.361700
1178.000000 2.769671 -24.050196 -0.646276 0.910389 0.037259 0.198839 -0.360923
1179.000000 2.775226 -24.040227 -0.835569 0.908130 0.040844 0.208159 -0.360973
1180.000000 2.772731 -24.034813 -1.086967 0.906256 0.042913 0.214148 -0.361938
1181.000000 2.777089 -24.032081 -1.414699 0.904694 0.043446 0.216953 -0.364105
1182.000000 2.776641 -24.018073 -1.822977 0.903324 0.042551 0.216959 -0.367591
1183.000000 2.769476 -24.000737 -2.295891 0.902058 0.040541 0.214835 -0.372147
1184.000000 2.755748 -23.979206 -2.799066 0.900917 0.037859 0.211335 -0.377164
1185.000000 2.721560 -23.951287 -3.290024 0.900063 0.034910 0.206997 -0.381865
1186.000000 2.686687 -23.933103 -3.729251 0.899735 0.031930 0.201999 -0.385555
1187.000000 2.633350 -23.916375 -4.099267 0.900101 0.028978 0.196298 -0.387874
1188.000000 2.580861 -23.909692 -4.403850 0.901106 0.026020 0.189903 -0.388931
1189.000000 2.514116 -23.903006 -4.672785 0.902462 0.023028 0.183048 -0.389263
1190.000000 2.450237 -23.899240 -4.940097 0.903778 0.020024 0.176141 -0.389562
1191.000000 2.377952 -23.893019 -5.231719 0.904758 0.017067 0.169573 -0.390341
1192.000000 2.313045 -23.879411 -5.553130 0.905316 0.014224 0.163550 -0.391730
1193.000000 2.246916 -23.858762 -5.893596 0.905550 0.011535 0.158067 -0.393524
1194.000000 2.180670 -23.837113 -6.237252 0.905631 0.008999 0.152979 -0.395409
1195.000000 2.114404 -23.813429 -6.573080 0.905689 0.006585 0.148124 -0.397169
1196.000000 2.047810 -23.791250 -6.898618 0.905772 0.004256 0.143395 -0.398745
1197.000000 1.979487 -23.769976 -7.216525 0.905864 0.001992 0.138766 -0.400187
1198.000000 1.909990 -23.748168 -7.530438 0.905933 -0.000205 0.134267 -0.401569
1199.000000 1.838097 -23.726439 -7.843647 0.905945 -0.002325 0.129945 -0.402955
1200.000000 1.766419 -23.699659 -8.159055 0.905870 -0.004356 0.125841 -0.404406
1201.000000 1.700783 -23.671846 -8.480093 0.905681 -0.006291 0.121989 -0.405982
1202.000000 1.635148 -23.638682 -8.808155 0.905356 -0.008126 0.118411 -0.407730
1203.000000 1.571343 -23.599371 -9.144749 0.904893 -0.009863 0.115099 -0.409662
1204.000000 1.510647 -23.559266 -9.488460 0.904314 -0.011524 0.112000 -0.411752
1205.000000 1.448836 -23.511576 -9.837227 0.903649 -0.013136 0.109033 -0.413954
1206.000000 1.388332 -23.458329 -10.189276 0.902922 -0.014719 0.106150 -0.416230
1207.000000 1.327424 -23.411363 -10.543368 0.902142 -0.016255 0.103379 -0.418556
1208.000000 1.271425 -23.354063 -10.897825 0.901303 -0.017699 0.100814 -0.420923
1209.000000 1.218800 -23.290521 -11.253406 0.900400 -0.019012 0.098537 -0.423331
1210.000000 1.170497 -23.234643 -11.609854 0.899432 -0.020193 0.096550 -0.425785
1211.000000 1.125093 -23.164098 -11.968168 0.898404 -0.021280 0.094771 -0.428295
1212.000000 1.082582 -23.099394 -12.329215 0.897319 -0.022319 0.093106 -0.430872
1213.000000 1.044960 -23.020669 -12.694018 0.896175 -0.023326 0.091522 -0.433532
1214.000000 1.002167 -22.945152 -13.062439 0.894966 -0.024286 0.090049 -0.436277
1215.000000 0.969622 -22.862111 -13.433458 0.893693 -0.025166 0.088750 -0.439093
1216.000000 0.937255 -22.777405 -13.805954 0.892363 -0.025943 0.087672 -0.441959
1217.000000 0.916564 -22.684446 -14.179717 0.890975 -0.026602 0.086837 -0.444877
1218.000000 0.899715 -22.589115 -14.556098 0.889516 -0.027143 0.086250 -0.447869
1219.000000 0.892821 -22.489242 -14.935526 0.887979 -0.027570 0.085903 -0.450947
1220.000000 0.893134 -22.383837 -15.315861 0.886391 -0.027890 0.085770 -0.454067
1221.000000 0.895510 -22.280316 -15.691877 0.884810 -0.028121 0.085798 -0.457121
1222.000000 0.904644 -22.179540 -16.057559 0.883307 -0.028290 0.085918 -0.459985
1223.000000 0.911032 -22.086279 -16.409058 0.881936 -0.028426 0.086055 -0.462575
1224.000000 0.916810 -22.003658 -16.745295 0.880719 -0.028560 0.086151 -0.464862
1225.000000 0.920092 -21.927086 -17.067226 0.879654 -0.028710 0.086172 -0.466861
1226.000000 0.921390 -21.860581 -17.376334 0.878727 -0.028876 0.086124 -0.468602
1227.000000 0.918637 -21.801924 -17.674286 0.877918 -0.029037 0.086051 -0.470119
1228.000000 0.920683 -21.747203 -17.962907 0.877201 -0.029163 0.086015 -0.471454
1229.000000 0.925602 -21.700186 -18.244054 0.876552 -0.029231 0.086066 -0.472646
1230.000000 0.931973 -21.654406 -18.518118 0.875967 -0.029237 0.086211 -0.473704
1231.000000 0.941207 -21.621662 -18.783452 0.875467 -0.029194 0.086421 -0.474591
1232.000000 0.952403 -21.593186 -19.036962 0.875093 -0.029121 0.086652 -0.475243
1233.000000 0.964732 -21.577613 -19.280280 0.874882 -0.029032 0.086867 -0.475598
1234.000000 0.968843 -21.579156 -19.498681 0.874858 -0.028938 0.087041 -0.475615
1235.000000 0.974515 -21.594489 -19.704098 0.875034 -0.028847 0.087159 -0.475276
1236.000000 0.975294 -21.624711 -19.892074 0.875409 -0.028759 0.087214 -0.474580
1237.000000 0.975044 -21.673051 -20.063757 0.875968 -0.028671 0.087223 -0.473552
1238.000000 0.973304 -21.730834 -20.221796 0.876676 -0.028572 0.087209 -0.472247
1239.000000 0.969860 -21.800167 -20.369660 0.877491 -0.028455 0.087198 -0.470740
1240.000000 0.966734 -21.873964 -20.510408 0.878376 -0.028317 0.087202 -0.469095
1241.000000 0.966608 -21.957468 -20.645611 0.879311 -0.028157 0.087233 -0.467344
1242.000000 0.967451 -22.042043 -20.775425 0.880291 -0.027967 0.087305 -0.465492
1243.000000 0.969930 -22.133822 -20.900499 0.881307 -0.027738 0.087434 -0.463555
1244.000000 0.975928 -22.224863 -21.023052 0.882332 -0.027470 0.087632 -0.461581
1245.000000 0.988111 -22.317225 -21.146972 0.883321 -0.027152 0.087931 -0.459646
1246.000000 1.012230 -22.403351 -21.275900 0.884219 -0.026712 0.088483 -0.457835
1247.000000 1.070604 -22.480102 -21.412571 0.884940 -0.025911 0.089760 -0.456238
1248.000000 1.217884 -22.544404 -21.559466 0.885318 -0.024235 0.092784 -0.454990
1249.000000 1.534752 -22.583394 -21.720269 0.885044 -0.020856 0.099212 -0.454335
1250.000000 2.121731 -22.577073 -21.897458 0.883615 -0.014846 0.110946 -0.454637
1251.000000 3.034111 -22.506141 -22.083621 0.880453 -0.005731 0.129010 -0.456208
1252.000000 4.155161 -22.382438 -22.255335 0.875395 0.005687 0.151833 -0.458909
1253.000000 5.265780 -22.186889 -22.403421 0.869637 0.016612 0.173737 -0.461813
1254.000000 5.663642 -22.104349 -22.476163 0.867397 0.020496 0.181516 -0.462877
1255.000000 4.735634 -22.298967 -22.329690 0.872450 0.011471 0.163429 -0.460424
1256.000000 3.574115 -22.443341 -22.172651 0.878131 -0.000188 0.140072 -0.457455
1257.000000 2.538323 -22.551462 -21.990563 0.882280 -0.010667 0.119202 -0.455257
1258.000000 1.789268 -22.587215 -21.806859 0.884511 -0.018229 0.104313 -0.454342
1259.000000 1.348121 -22.568332 -21.637866 0.885289 -0.022819 0.095450 -0.454567
1260.000000 1.130089 -22.514795 -21.484528 0.885187 -0.025228 0.090963 -0.455559
1261.000000 1.035166 -22.443855 -21.343136 0.884609 -0.026381 0.088982 -0.457003
1262.000000 0.997701 -22.361622 -21.210616 0.883786 -0.026957 0.088156 -0.458720
1263.000000 0.981661 -22.270176 -21.084601 0.882834 -0.027320 0.087764 -0.460603
1264.000000 0.973411 -22.180229 -20.961869 0.881821 -0.027609 0.087524 -0.462568
1265.000000 0.968557 -22.088664 -20.838441 0.880796 -0.027857 0.087362 -0.464532
1266.000000 0.966269 -21.998234 -20.711174 0.879796 -0.028066 0.087263 -0.466430
1267.000000 0.966237 -21.914238 -20.578691 0.878837 -0.028241 0.087213 -0.468232
1268.000000 0.968089 -21.837996 -20.440806 0.877926 -0.028389 0.087197 -0.469932
1269.000000 0.971113 -21.763393 -20.296767 0.877073 -0.028516 0.087202 -0.471514
1270.000000 0.973075 -21.700285 -20.144269 0.876306 -0.028623 0.087217 -0.472929
1271.000000 0.976459 -21.647671 -19.979802 0.875667 -0.028716 0.087223 -0.474104
1272.000000 0.975166 -21.607393 -19.800217 0.875197 -0.028803 0.087194 -0.474971
1273.000000 0.972763 -21.583692 -19.603645 0.874921 -0.028892 0.087108 -0.475490
1274.000000 0.965455 -21.575542 -19.391460 0.874845 -0.028985 0.086961 -0.475650
1275.000000 0.958984 -21.585077 -19.159094 0.874965 -0.029078 0.086764 -0.475461
1276.000000 0.945468 -21.604211 -18.912099 0.875261 -0.029160 0.086537 -0.474951
1277.000000 0.937720 -21.639019 -18.652015 0.875704 -0.029221 0.086311 -0.474172
1278.000000 0.927144 -21.676628 -18.382022 0.876251 -0.029242 0.086128 -0.473193
1279.000000 0.922621 -21.722852 -18.104324 0.876869 -0.029205 0.086028 -0.472067
1280.000000 0.920958 -21.775082 -17.819648 0.877550 -0.029106 0.086025 -0.470807
1281.000000 0.920262 -21.830599 -17.526657 0.878309 -0.028959 0.086087 -0.469386
1282.000000 0.920981 -21.893383 -17.223286 0.879174 -0.028792 0.086155 -0.467762
1283.000000 0.919774 -21.963642 -16.907966 0.880168 -0.028633 0.086171 -0.465896
1284.000000 0.914751 -22.043959 -16.579061 0.881308 -0.028492 0.086111 -0.463756
1285.000000 0.908332 -22.132530 -16.235216 0.882603 -0.028360 0.085988 -0.461318
1286.000000 0.897610 -22.231196 -15.876318 0.884045 -0.028212 0.085851 -0.458583
1287.000000 0.893651 -22.332203 -15.504794 0.885595 -0.028015 0.085768 -0.455610
1288.000000 0.891306 -22.437699 -15.125864 0.887189 -0.027742 0.085812 -0.452507
1289.000000 0.897455 -22.539062 -14.745493 0.888756 -0.027370 0.086047 -0.449398
1290.000000 0.907110 -22.638108 -14.367492 0.890255 -0.026887 0.086513 -0.446362
1291.000000 0.928589 -22.730580 -13.992604 0.891677 -0.026287 0.087224 -0.443410
1292.000000 0.952974 -22.820225 -13.619524 0.893035 -0.025569 0.088182 -0.440521
1293.000000 0.985221 -22.902989 -13.247676 0.894337 -0.024738 0.089374 -0.437678
1294.000000 1.023423 -22.984319 -12.877786 0.895579 -0.023813 0.090768 -0.434894
1295.000000 1.062443 -23.061060 -12.511210 0.896755 -0.022826 0.092303 -0.432191
1296.000000 1.104233 -23.130378 -12.148308 0.897869 -0.021804 0.093928 -0.429574
1297.000000 1.146062 -23.202084 -11.788688 0.898925 -0.020745 0.095641 -0.427032
1298.000000 1.194644 -23.260325 -11.431533 0.899924 -0.019617 0.097511 -0.424552
1299.000000 1.243252 -23.322784 -11.075526 0.900860 -0.018373 0.099637 -0.422122
1300.000000 1.300268 -23.380855 -10.721057 0.901730 -0.016991 0.102064 -0.419735
1301.000000 1.357703 -23.435034 -10.365859 0.902539 -0.015495 0.104745 -0.417388
1302.000000 1.418670 -23.485991 -10.012941 0.903292 -0.013931 0.107581 -0.415085
1303.000000 1.482339 -23.535517 -9.662321 0.903990 -0.012334 0.110504 -0.412842
1304.000000 1.541109 -23.581189 -9.315825 0.904616 -0.010701 0.113528 -0.410690
1305.000000 1.605803 -23.618885 -8.975437 0.905141 -0.009006 0.116724 -0.408674
1306.000000 1.667269 -23.655347 -8.643108 0.905536 -0.007221 0.120165 -0.406832
1307.000000 1.734926 -23.685418 -8.318553 0.905792 -0.005336 0.123882 -0.405175
1308.000000 1.803377 -23.714179 -8.000923 0.905920 -0.003352 0.127864 -0.403669
1309.000000 1.872825 -23.737674 -7.686970 0.905948 -0.001275 0.132082 -0.402258
1310.000000 1.941468 -23.758551 -7.373789 0.905904 0.000884 0.136498 -0.400881
1311.000000 2.013377 -23.780787 -7.058299 0.905819 0.003116 0.141067 -0.399478
1312.000000 2.078945 -23.802694 -6.737109 0.905727 0.005411 0.145747 -0.397978
1313.000000 2.148809 -23.824086 -6.406508 0.905658 0.007779 0.150531 -0.396312
1314.000000 2.212902 -23.849907 -6.065944 0.905600 0.010250 0.155485 -0.394473
1315.000000 2.277369 -23.870406 -5.722127 0.905463 0.012859 0.160748 -0.392596
1316.000000 2.345611 -23.888559 -5.389070 0.905087 0.015628 0.166489 -0.390967
1317.000000 2.414638 -23.896594 -5.082050 0.904321 0.018535 0.172796 -0.389874
1318.000000 2.482990 -23.902116 -4.804597 0.903148 0.021524 0.179574 -0.389377
1319.000000 2.549860 -23.907521 -4.540783 0.901765 0.024528 0.186510 -0.389144
1320.000000 2.608128 -23.912714 -4.258135 0.900537 0.027502 0.193178 -0.388534
1321.000000 2.663230 -23.923634 -3.922735 0.899829 0.030452 0.199240 -0.386891
1322.000000 2.704852 -23.940650 -3.517708 0.899819 0.033417 0.204581 -0.383869
1323.000000 2.740979 -23.966195 -3.049198 0.900439 0.036399 0.209252 -0.379603
1324.000000 2.761919 -23.989668 -2.545919 0.901465 0.039256 0.213215 -0.374645
1325.000000 2.775727 -24.010671 -2.053268 0.902680 0.041659 0.216115 -0.369766
1326.000000 2.778304 -24.026432 -1.609248 0.903992 0.043162 0.217270 -0.365689
1327.000000 2.775855 -24.032921 -1.240678 0.905443 0.043369 0.215931 -0.362857
1328.000000 2.774998 -24.037182 -0.952650 0.907147 0.042071 0.211565 -0.361323
1329.000000 2.772689 -24.044393 -0.733794 0.909211 0.039238 0.203919 -0.360849
1330.000000 2.766616 -24.048526 -0.573132 0.911648 0.034909 0.192920 -0.361195
1331.000000 2.756329 -24.039762 -0.480801 0.914231 0.029086 0.178640 -0.362524
1332.000000 2.754312 -24.033402 -0.505740 0.916336 0.021775 0.161536 -0.365731
1333.000000 2.754129 -24.053091 -0.731699 0.916917 0.013146 0.142751 -0.372442
1334.000000 2.726045 -24.010665 -1.240951 0.914792 0.003677 0.124058 -0.384386
1335.000000 2.673535 -23.957530 -2.060809 0.909195 -0.005873 0.107255 -0.402275
1336.000000 2.607642 -23.879410 -3.127736 0.900288 -0.014718 0.093380 -0.424905
1337.000000 2.491730 -23.704002 -4.280420 0.889283 -0.022383 0.082371 -0.449322
1338.000000 2.398878 -23.463740 -5.331353 0.878031 -0.028834 0.073427 -0.472057
1339.000000 2.315642 -23.217354 -6.144355 0.868314 -0.034295 0.065707 -0.490446
1340.000000 2.226097 -23.025417 -6.646503 0.861358 -0.038980 0.058750 -0.503082
1341.000000 2.127570 -22.926342 -6.809498 0.857841 -0.043027 0.052387 -0.509424
1342.000000 2.030815 -22.917944 -6.625693 0.858084 -0.046661 0.046343 -0.509280
1343.000000 1.936463 -22.993481 -6.108713 0.862021 -0.050365 0.039920 -0.502782
1344.000000 1.826020 -23.131535 -5.316749 0.868915 -0.054811 0.032055 -0.490872
1345.000000 1.716152 -23.270531 -4.377123 0.877217 -0.060533 0.021804 -0.475763
1346.000000 1.593165 -23.371067 -3.468329 0.884882 -0.067548 0.008988 -0.460805
1347.000000 1.533558 -23.438324 -2.776839 0.890059 -0.075229 -0.005467 -0.449562
1348.000000 1.458061 -23.469124 -2.408482 0.891718 -0.082568 -0.019872 -0.444552
1349.000000 1.396018 -23.469343 -2.386196 0.889842 -0.088656 -0.032616 -0.446382
1350.000000 1.336870 -23.444045 -2.635459 0.885206 -0.093085 -0.042899 -0.453767
1351.000000 1.291684 -23.378606 -3.031308 0.878979 -0.096042 -0.050888 -0.464308
1352.000000 1.255137 -23.303481 -3.449519 0.872364 -0.098108 -0.057332 -0.475467
1353.000000 1.221432 -23.219894 -3.793357 0.866334 -0.099923 -0.063039 -0.485291
1354.000000 1.173734 -23.152765 -4.010796 0.861480 -0.101927 -0.068537 -0.492713
1355.000000 1.135411 -23.099437 -4.092046 0.857966 -0.104283 -0.074018 -0.497535
1356.000000 1.100359 -23.064413 -4.060970 0.855591 -0.106956 -0.079497 -0.500205
1357.000000 1.042427 -23.045829 -3.956679 0.853944 -0.109855 -0.084995 -0.501486
1358.000000 0.995940 -23.033365 -3.819851 0.852592 -0.112917 -0.090606 -0.502122
1359.000000 0.952460 -23.023937 -3.677403 0.851241 -0.116119 -0.096428 -0.502600
1360.000000 0.912186 -23.015314 -3.535923 0.849814 -0.119442 -0.102465 -0.503041
1361.000000 0.859422 -23.007806 -3.385274 0.848419 -0.122864 -0.108618 -0.503280
1362.000000 0.822883 -23.002466 -3.211456 0.847228 -0.126356 -0.114740 -0.503065
1363.000000 0.777654 -23.004782 -3.007400 0.846321 -0.129865 -0.120699 -0.502303
1364.000000 0.744008 -22.998592 -2.784635 0.845603 -0.133298 -0.126407 -0.501207
1365.000000 0.716869 -22.994917 -2.567624 0.844810 -0.136551 -0.131871 -0.500260
1366.000000 0.684588 -23.000235 -2.389150 0.843591 -0.139563 -0.137240 -0.500041
1367.000000 0.659116 -22.989180 -2.275447 0.841633 -0.142350 -0.142760 -0.501008
1368.000000 0.630686 -22.974307 -2.236888 0.838795 -0.144956 -0.148602 -0.503317
1369.000000 0.612781 -22.955395 -2.259222 0.835233 -0.147375 -0.154649 -0.506705
1370.000000 0.587887 -22.938615 -2.303408 0.831424 -0.149505 -0.160418 -0.510537
1371.000000 0.566763 -22.925652 -2.324580 0.827977 -0.151154 -0.165215 -0.514111
1372.000000 0.554339 -22.896425 -2.299205 0.825282 -0.152060 -0.168420 -0.517128
1373.000000 0.543293 -22.880728 -2.248366 0.823198 -0.151903 -0.169729 -0.520060
1374.000000 0.552262 -22.858233 -2.236391 0.821026 -0.150353 -0.169216 -0.524095
1375.000000 0.559386 -22.825257 -2.341788 0.817833 -0.147134 -0.167180 -0.530614
1376.000000 0.586475 -22.787418 -2.612300 0.812974 -0.142079 -0.163815 -0.540418
1377.000000 0.625717 -22.721572 -3.029072 0.806558 -0.135095 -0.158864 -0.553151
1378.000000 0.698487 -22.634520 -3.501695 0.799616 -0.126063 -0.151495 -0.567249
1379.000000 0.812753 -22.546353 -3.899015 0.793781 -0.114785 -0.140553 -0.580501
1380.000000 0.966793 -22.464851 -4.104288 0.790534 -0.101086 -0.125157 -0.590909
1381.000000 1.156258 -22.409565 -4.066495 0.790365 -0.085116 -0.105382 -0.597472
1382.000000 1.364671 -22.394400 -3.822885 0.792408 -0.067668 -0.082650 -0.600566
1383.000000 1.556224 -22.391847 -3.489609 0.794864 -0.050222 -0.059518 -0.601769
1384.000000 1.704755 -22.382890 -3.189467 0.795908 -0.034559 -0.038830 -0.603182
1385.000000 1.815934 -22.359699 -3.044325 0.794444 -0.022078 -0.022628 -0.606514
1386.000000 1.940930 -22.352904 -3.103786 0.790294 -0.013239 -0.011434 -0.612479
1387.000000 1.982476 -22.280400 -3.313723 0.783912 -0.007424 -0.004257 -0.620812
1388.000000 2.033318 -22.200407 -3.631499 0.775953 -0.003286 0.000775 -0.630781
1389.000000 2.082803 -22.099117 -4.015768 0.766857 0.000610 0.005512 -0.641794
1390.000000 2.142804 -21.980612 -4.463014 0.756515 0.005157 0.011041 -0.653862
1391.000000 2.211930 -21.816179 -5.016567 0.744148 0.010378 0.017389 -0.667708
1392.000000 2.273153 -21.572052 -5.744966 0.728640 0.015560 0.023794 -0.684307
1393.000000 2.379434 -21.244688 -6.666416 0.709370 0.019735 0.029292 -0.703951
1394.000000 2.450896 -20.840974 -7.732017 -0.687012 -0.022159 -0.033180 0.725550
1395.000000 2.481035 -20.354788 -8.814293 -0.663561 -0.022506 -0.035141 0.746957
1396.000000 2.465636 -19.813361 -9.783602 -0.641273 -0.020757 -0.035141 0.766227
1397.000000 2.397330 -19.274812 -10.595938 -0.621220 -0.017013 -0.033317 0.782743
1398.000000 2.271521 -18.756817 -11.304376 -0.602668 -0.011433 -0.029940 0.797348
1399.000000 2.089366 -18.215781 -11.997324 -0.583757 -0.004299 -0.025386 0.811520
1400.000000 1.862610 -17.599544 -12.736378 -0.562844 0.003903 -0.020108 0.826309
1401.000000 1.618027 -16.882055 -13.519342 -0.539543 0.012502 -0.014587 0.841739
1402.000000 1.362779 -16.102799 -14.284921 -0.514973 0.020753 -0.009289 0.856905
1403.000000 1.123767 -15.308532 -14.947126 -0.491269 0.028016 -0.004594 0.870545
1404.000000 0.921035 -14.597974 -15.445090 -0.470579 0.033940 -0.000725 0.881705
1405.000000 0.761045 -14.035509 -15.769064 -0.453896 0.038549 0.002317 0.890217
1406.000000 0.627058 -13.526144 -15.975848 -0.440278 0.042197 0.004756 0.896857
1407.000000 0.508525 -13.055009 -16.147871 -0.427072 0.045374 0.006957 0.903052
1408.000000 0.397911 -12.506829 -16.372648 -0.411283 0.048468 0.009261 0.910171
1409.000000 0.280323 -11.803604 -16.682234 -0.391357 0.051603 0.011814 0.918715
1410.000000 0.154375 -10.990197 -17.034269 -0.368186 0.054683 0.014525 0.928029
1411.000000 0.036280 -10.152187 -17.350347 -0.344518 0.057659 0.017211 0.936849
1412.000000 -0.100320 -9.373776 -17.568499 -0.323175 0.060924 0.019832 0.944168
1413.000000 -0.288223 -8.707418 -17.677478 -0.305525 0.065528 0.022634 0.949657
1414.000000 -0.573315 -8.174819 -17.695600 -0.291401 0.072946 0.026053 0.953460
1415.000000 -0.996363 -7.788322 -17.637899 -0.280117 0.084285 0.030402 0.955775
1416.000000 -1.542782 -7.499216 -17.510106 -0.271158 0.099270 0.035564 0.956741
1417.000000 -2.129572 -7.258260 -17.327986 -0.263804 0.115748 0.040956 0.956730
1418.000000 -2.642701 -6.989522 -17.134055 -0.256455 0.130296 0.045827 0.956637
1419.000000 -2.999799 -6.666641 -16.984026 -0.246876 0.139820 0.049707 0.957618
1420.000000 -3.160407 -6.225425 -16.912771 -0.233485 0.143198 0.052644 0.960316
1421.000000 -3.166032 -5.659945 -16.901226 -0.216591 0.141926 0.055059 0.964320
1422.000000 -3.119754 -5.042131 -16.890212 -0.198452 0.139317 0.057389 0.968460
1423.000000 -3.131773 -4.481951 -16.825404 -0.182060 0.138723 0.059824 0.971613
1424.000000 -3.254238 -4.056042 -16.685202 -0.169561 0.141834 0.062283 0.973269
1425.000000 -3.465831 -3.783747 -16.479684 -0.161356 0.148067 0.064560 0.973587
1426.000000 -3.706963 -3.630773 -16.236957 -0.156295 0.155256 0.066473 0.973164
1427.000000 -3.904261 -3.509463 -15.991569 -0.152569 0.161032 0.067955 0.972715
1428.000000 -4.014407 -3.397575 -15.770854 -0.148591 0.163932 0.069066 0.972768
1429.000000 -4.027274 -3.240875 -15.584019 -0.143331 0.163647 0.069957 0.973541
1430.000000 -3.946650 -3.003825 -15.430283 -0.136111 0.160524 0.070812 0.975034
1431.000000 -3.795202 -2.688317 -15.304931 -0.126349 0.154973 0.071795 0.977172
1432.000000 -3.594706 -2.301096 -15.200130 -0.113794 0.147311 0.072994 0.979807
1433.000000 -3.345713 -1.831155 -15.099520 -0.099231 0.138032 0.074340 0.982636
1434.000000 -3.088136 -1.394010 -14.985166 -0.084920 0.128036 0.075583 0.985232
1435.000000 -2.835942 -1.074925 -14.846539 -0.073974 0.118424 0.076388 0.987253
1436.000000 -2.591011 -0.884227 -14.680788 -0.068727 0.109962 0.076533 0.988599
1437.000000 -2.377677 -0.860991 -14.495790 -0.069243 0.102735 0.076055 0.989377
1438.000000 -2.190784 -0.935378 -14.299478 -0.073169 0.096340 0.075233 0.989800
1439.000000 -2.013112 -1.040674 -14.096614 -0.077093 0.090377 0.074423 0.990126
1440.000000 -1.859674 -1.074016 -13.894234 -0.078391 0.084739 0.073886 0.990563
1441.000000 -1.725667 -1.010834 -13.695467 -0.076325 0.079486 0.073687 0.991174
1442.000000 -1.592355 -0.891679 -13.498069 -0.071904 0.074598 0.073720 0.991882
1443.000000 -1.475653 -0.758957 -13.298045 -0.066910 0.069945 0.073815 0.992563
1444.000000 -1.374778 -0.637503 -13.093698 -0.062815 0.065469 0.073853 0.993133
1445.000000 -1.279534 -0.554389 -12.885269 -0.060199 0.061270 0.073799 0.993567
1446.000000 -1.183150 -0.514524 -12.673871 -0.058771 0.057480 0.073685 0.993888
1447.000000 -1.092512 -0.481363 -12.460374 -0.057776 0.054107 0.073563 0.994144
1448.000000 -1.025359 -0.443049 -12.245693 -0.056483 0.051006 0.073472 0.994389
1449.000000 -0.958413 -0.392968 -12.030890 -0.054542 0.047930 0.073417 0.994655
1450.000000 -0.883005 -0.332973 -11.816303 -0.052095 0.044541 0.073371 0.994947
1451.000000 -0.791117 -0.271317 -11.601954 -0.049574 0.040489 0.073297 0.995254
1452.000000 -0.684271 -0.212002 -11.387558 -0.047248 0.035674 0.073177 0.995560
1453.000000 -0.579907 -0.147091 -11.172597 -0.044850 0.030514 0.073041 0.995853
1454.000000 -0.495192 -0.064047 -10.956160 -0.041615 0.025826 0.072952 0.996132
1455.000000 -0.423917 0.041257 -10.736867 -0.036784 0.022227 0.072950 0.996409
1456.000000 -0.367768 0.174299 -10.514509 -0.030197 0.019581 0.073022 0.996681
1457.000000 -0.318358 0.326356 -10.289510 -0.022549 0.017034 0.073115 0.996923
1458.000000 -0.265883 0.477121 -10.063024 -0.015174 0.013633 0.073183 0.997110
1459.000000 -0.197701 0.596287 -9.836880 -0.009568 0.008890 0.073207 0.997231
1460.000000 -0.083991 0.651590 -9.612167 -0.006927 0.002829 0.073193 0.997290
1461.000000 0.051716 0.646334 -9.390445 -0.007853 -0.004290 0.073155 0.997280
1462.000000 0.195457 0.591868 -9.171292 -0.012248 -0.012041 0.073114 0.997176
1463.000000 0.334464 0.478280 -8.951834 -0.019332 -0.019561 0.073085 0.996946
1464.000000 0.438893 0.338583 -8.730971 -0.027771 -0.025368 0.073097 0.996615
1465.000000 0.483492 0.212640 -8.510551 -0.035928 -0.027755 0.073197 0.996284
1466.000000 0.467005 0.110570 -8.291559 -0.042273 -0.025701 0.073429 0.996073
1467.000000 0.388994 0.043409 -8.075019 -0.045846 -0.019642 0.073785 0.996026
1468.000000 0.275430 0.010345 -7.859182 -0.046577 -0.011487 0.074193 0.996089
1469.000000 0.160030 0.021807 -7.639947 -0.045241 -0.003826 0.074548 0.996183
1470.000000 0.080318 0.048897 -7.418363 -0.043036 0.001216 0.074773 0.996271
1471.000000 0.049572 0.070885 -7.196171 -0.041001 0.002811 0.074848 0.996348
1472.000000 0.057554 0.091246 -6.973165 -0.039541 0.001568 0.074805 0.996413
1473.000000 0.083045 0.117651 -6.750041 -0.038365 -0.000989 0.074710 0.996467
1474.000000 0.109563 0.142729 -6.526923 -0.036897 -0.003277 0.074625 0.996523
1475.000000 0.127939 0.160708 -6.303954 -0.034871 -0.004339 0.074586 0.996595
1476.000000 0.126828 0.181649 -6.080932 -0.032685 -0.004032 0.074593 0.996670
1477.000000 0.111782 0.196425 -5.858178 -0.031242 -0.002696 0.074633 0.996718
1478.000000 0.088460 0.194336 -5.636160 -0.031524 -0.000608 0.074695 0.996708
1479.000000 0.057414 0.168033 -5.415227 -0.034300 0.002368 0.074779 0.996607
1480.000000 0.017880 0.109803 -5.194845 -0.040099 0.006648 0.074889 0.996363
1481.000000 -0.029200 0.018881 -4.973554 -0.049146 0.012392 0.075024 0.995893
1482.000000 -0.077865 -0.093790 -4.749649 -0.061031 0.019001 0.075154 0.995121
1483.000000 -0.117417 -0.208549 -4.522498 -0.074364 0.025163 0.075220 0.994072
1484.000000 -0.140022 -0.301664 -4.293833 -0.087006 0.029566 0.075166 0.992928
1485.000000 -0.161071 -0.376094 -4.065893 -0.097000 0.031716 0.074996 0.991948
1486.000000 -0.177201 -0.451110 -3.839933 -0.103535 0.032101 0.074777 0.991291
1487.000000 -0.170448 -0.486660 -3.615209 -0.107104 0.031539 0.074576 0.990945
1488.000000 -0.147964 -0.483614 -3.391967 -0.108756 0.030430 0.074392 0.990814
1489.000000 -0.131227 -0.491003 -3.170165 -0.109213 0.028687 0.074186 0.990831
1490.000000 -0.131157 -0.483764 -2.949528 -0.108627 0.026293 0.073949 0.990979
1491.000000 -0.126037 -0.472681 -2.729601 -0.107011 0.023734 0.073731 0.991236
1492.000000 -0.115632 -0.468594 -2.509943 -0.104635 0.021719 0.073594 0.991546
1493.000000 -0.105105 -0.463815 -2.290453 -0.101765 0.020507 0.073555 0.991873
1494.000000 -0.095611 -0.446585 -2.071704 -0.097978 0.019587 0.073568 0.992272
1495.000000 -0.088932 -0.407182 -1.854769 -0.091913 0.018042 0.073577 0.992881
1496.000000 -0.095267 -0.380401 -1.641529 -0.082104 0.015250 0.073561 0.993788
1497.000000 -0.091062 -0.361159 -1.430897 -0.068399 0.011316 0.073530 0.994880
1498.000000 -0.079295 -0.342411 -1.220821 -0.052749 0.006992 0.073497 0.995875
1499.000000 -0.073832 -0.326569 -1.009027 -0.038475 0.003244 0.073467 0.996550
1500.000000 -0.077418 -0.310822 -0.793886 -0.028416 0.000761 0.073442 0.996894
1501.000000 -0.072587 -0.284376 -0.575296 -0.023388 -0.000336 0.073429 0.997026
1502.000000 -0.066077 -0.263926 -0.353822 -0.022082 -0.000468 0.073429 0.997056
1503.000000 -0.066393 -0.272110 -0.131502 -0.022314 -0.000268 0.073433 0.997050
1504.000000 -0.063808 -0.243975 -0.019073 -0.020338 -0.000154 0.066400 0.997586
1505.000000 -0.038731 -0.119811 -0.011618 -0.011708 -0.000033 0.038229 0.999200
1506.000000 0.000000 0.000000 0.000000 -0.003068 0.000088 0.010025 0.999945
1507.000000 -0.000845 -0.007953 -0.404456 -0.005771 0.000339 0.010024 0.999933
1508.000000 -0.013070 0.007248 -0.809521 -0.011775 0.001126 0.010022 0.999880
1509.000000 -0.012261 -0.022442 -1.214220 -0.020955 0.002821 0.010021 0.999726
1510.000000 -0.030049 -0.039483 -1.618056 -0.032319 0.005618 0.010030 0.999411
1511.000000 -0.026184 -0.061427 -2.021113 -0.044346 0.009310 0.010064 0.998922
1512.000000 -0.035328 -0.090949 -2.423485 -0.055294 0.013310 0.010127 0.998330
1513.000000 -0.059096 -0.112817 -2.826388 -0.063521 0.016897 0.010213 0.997785
1514.000000 -0.056884 -0.129149 -3.229562 -0.067809 0.019466 0.010306 0.997455
1515.000000 -0.072756 -0.116072 -3.634790 -0.067688 0.020608 0.010389 0.997440
1516.000000 -0.054353 -0.075312 -4.039964 -0.063621 0.020097 0.010438 0.997717
1517.000000 -0.033546 -0.046495 -4.445181 -0.056937 0.017922 0.010430 0.998162
1518.000000 -0.010723 0.010764 -4.850572 -0.049456 0.014404 0.010360 0.998619
1519.000000 0.020906 0.069632 -5.255064 -0.042924 0.010235 0.010248 0.998973
1520.000000 0.058449 0.101024 -5.658832 -0.038493 0.006309 0.010128 0.999188
1521.000000 0.086447 0.118748 -6.063303 -0.036501 0.003330 0.010031 0.999278
1522.000000 0.098383 0.131253 -6.467800 -0.036573 0.001418 0.009963 0.999280
1523.000000 0.121907 0.107436 -6.873011 -0.037897 -0.000020 0.009910 0.999233
1524.000000 0.168533 0.086482 -7.277519 -0.039429 -0.001927 0.009838 0.999172
1525.000000 0.221454 0.083419 -7.681685 -0.040036 -0.004854 0.009721 0.999139
1526.000000 0.255068 0.126117 -8.083521 -0.038716 -0.008312 0.009571 0.999170
1527.000000 0.259921 0.191755 -8.485108 -0.035062 -0.010820 0.009441 0.999282
1528.000000 0.257815 0.266850 -8.887508 -0.029730 -0.010736 0.009393 0.999456
1529.000000 0.199907 0.340533 -9.290137 -0.024429 -0.007261 0.009448 0.999631
1530.000000 0.081011 0.378740 -9.694264 -0.021219 -0.000859 0.009578 0.999729
1531.000000 -0.051574 0.363308 -10.098619 -0.021451 0.007202 0.009731 0.999697
1532.000000 -0.221037 0.299935 -10.503606 -0.025086 0.015638 0.009861 0.999514
1533.000000 -0.397118 0.197544 -10.906795 -0.030843 0.023578 0.009950 0.999197
1534.000000 -0.522584 0.058990 -11.306539 -0.036926 0.030354 0.010005 0.998807
1535.000000 -0.619217 -0.042747 -11.706531 -0.041681 0.034949 0.010031 0.998469
1536.000000 -0.623058 -0.080246 -12.110217 -0.043810 0.035674 0.009988 0.998353
1537.000000 -0.464228 -0.032692 -12.520346 -0.042259 0.030385 0.009792 0.998597
1538.000000 -0.119103 0.142464 -12.931666 -0.036224 0.017196 0.009345 0.999152
1539.000000 0.431061 0.425990 -13.324192 -0.025396 -0.004604 0.008592 0.999630
1540.000000 1.200092 0.808122 -13.663248 -0.010239 -0.033821 0.007566 0.999347
1541.000000 2.095810 1.319125 -13.917021 0.007993 -0.067210 0.006378 0.997686
1542.000000 2.928950 1.848190 -14.083754 0.027618 -0.100271 0.005134 0.994564
1543.000000 3.671396 2.370115 -14.208668 0.047079 -0.128867 0.003850 0.990536
1544.000000 4.303591 2.869652 -14.336735 0.065414 -0.150906 0.002450 0.986378
1545.000000 4.771070 3.376788 -14.485806 0.082398 -0.167030 0.000882 0.982502
1546.000000 5.141481 3.825571 -14.643891 0.098226 -0.179868 -0.000769 0.978774
1547.000000 5.501790 4.245396 -14.789023 0.112945 -0.192396 -0.002255 0.974793
1548.000000 5.971396 4.629790 -14.904845 0.126091 -0.206451 -0.003251 0.970293
1549.000000 6.398341 4.918825 -14.995983 0.136841 -0.222255 -0.003491 0.965332
1550.000000 6.872527 5.154127 -15.087840 0.144584 -0.238969 -0.002887 0.960198
1551.000000 7.436447 5.313781 -15.190485 0.149362 -0.255640 -0.001541 0.955163
1552.000000 7.923939 5.376324 -15.308398 0.151836 -0.271764 0.000339 0.950310
1553.000000 8.396171 5.414772 -15.433748 0.152876 -0.287228 0.002519 0.945580
1554.000000 8.858374 5.427870 -15.564203 0.153209 -0.301943 0.004788 0.940922
1555.000000 9.308261 5.427986 -15.699992 0.153377 -0.315696 0.006949 0.936356
1556.000000 9.719991 5.460350 -15.839026 0.153936 -0.328354 0.008791 0.931885
1557.000000 10.092416 5.533406 -15.971651 0.155663 -0.340151 0.010066 0.927343
1558.000000 10.497228 5.659326 -16.070564 0.159603 -0.351709 0.010466 0.922344
1559.000000 10.918645 5.940497 -16.103347 0.166943 -0.363687 0.009602 0.916389
1560.000000 11.336077 6.357905 -16.045096 0.178692 -0.376266 0.007055 0.909089
1561.000000 11.751487 6.932352 -15.884968 0.195187 -0.388920 0.002530 0.900354
1562.000000 12.137850 7.632155 -15.640823 0.215621 -0.400721 -0.003876 0.890458
1563.000000 12.512416 8.377524 -15.348939 0.237916 -0.411030 -0.011448 0.879954
1564.000000 12.826920 9.054155 -15.055901 0.259240 -0.420063 -0.018881 0.869474
1565.000000 13.137797 9.613028 -14.800610 0.277034 -0.428881 -0.024661 0.859479
1566.000000 13.490337 10.041681 -14.593678 0.290002 -0.438805 -0.027675 0.850049
1567.000000 13.907260 10.303770 -14.413192 0.298453 -0.450603 -0.027714 0.840901
1568.000000 14.361604 10.476638 -14.237792 0.303856 -0.463968 -0.025563 0.831716
1569.000000 14.779080 10.607899 -14.061621 0.307965 -0.477594 -0.022606 0.822527
1570.000000 15.166413 10.721608 -13.912191 0.312089 -0.489876 -0.020183 0.813766
1571.000000 15.493327 10.883639 -13.817446 0.316838 -0.499770 -0.019076 0.805903
1572.000000 15.775982 11.047764 -13.782412 0.322280 -0.507207 -0.019384 0.799062
1573.000000 15.953804 11.243782 -13.794251 0.328216 -0.512845 -0.020745 0.792991
1574.000000 16.106281 11.458384 -13.829983 0.334335 -0.517482 -0.022648 0.787350
1575.000000 16.259240 11.638028 -13.881468 0.340227 -0.521649 -0.024607 0.781999
1576.000000 16.419324 11.809121 -13.965890 0.345398 -0.525491 -0.026234 0.777091
1577.000000 16.515959 11.932143 -14.106791 0.349369 -0.528761 -0.027329 0.773050
1578.000000 16.590530 12.017156 -14.342199 0.351817 -0.530904 -0.027939 0.770445
1579.000000 16.570225 12.054900 -14.698735 0.352609 -0.531366 -0.028246 0.769753
1580.000000 16.552513 12.005710 -15.185196 0.351738 -0.530057 -0.028295 0.771051
1581.000000 16.466977 11.908725 -15.773877 0.349253 -0.527586 -0.027828 0.773887
1582.000000 16.337345 11.753981 -16.409022 0.345270 -0.525068 -0.026386 0.777429
1583.000000 16.287556 11.540037 -17.033664 0.340026 -0.523685 -0.023571 0.780756
1584.000000 16.313641 11.275234 -17.598017 0.333871 -0.524352 -0.019210 0.783081
1585.000000 16.480437 10.976739 -18.065213 0.327175 -0.527550 -0.013358 0.783880
1586.000000 16.721855 10.656664 -18.427902 0.320213 -0.533210 -0.006263 0.783014
1587.000000 17.058120 10.321373 -18.704089 0.313095 -0.540646 0.001679 0.780814
1588.000000 17.446562 9.989052 -18.937230 0.305795 -0.548712 0.009995 0.778013
1589.000000 17.784860 9.629432 -19.181254 0.298224 -0.556220 0.018281 0.775466
1590.000000 18.110247 9.253949 -19.479128 0.290292 -0.562368 0.026317 0.773809
1591.000000 18.341527 8.848253 -19.843395 0.281948 -0.566930 0.034090 0.773261
1592.000000 18.511664 8.409164 -20.266836 0.273171 -0.570129 0.041723 0.773686
1593.000000 18.671576 7.941204 -20.728960 0.263952 -0.572360 0.049375 0.774788
1594.000000 18.771510 7.443556 -21.213574 0.254274 -0.573949 0.057172 0.776311
1595.000000 18.885666 6.890305 -21.712875 0.244082 -0.575028 0.065204 0.778149
1596.000000 18.964935 6.303729 -22.228342 0.233204 -0.575527 0.073591 0.780365
1597.000000 18.998673 5.631893 -22.771056 0.221248 -0.575226 0.082584 0.783163
1598.000000 19.031818 4.842381 -23.352075 0.207591 -0.573830 0.092597 0.786798
1599.000000 18.966562 3.876987 -23.970279 0.191575 -0.571074 0.104076 0.791417
1600.000000 18.870958 2.735445 -24.606194 0.172881 -0.566881 0.117241 0.796877
1601.000000 18.757048 1.434145 -25.215082 0.151822 -0.561564 0.131887 0.802622
1602.000000 18.650464 0.046722 -25.735474 0.129311 -0.555943 0.147411 0.807760
1603.000000 18.646375 -1.407588 -26.115746 0.106468 -0.551225 0.163050 0.811314
1604.000000 18.785773 -2.787898 -26.313123 0.084162 -0.548643 0.178159 0.812506
1605.000000 19.104467 -4.056523 -26.312009 0.062839 -0.549033 0.192331 0.810940
1606.000000 19.631824 -5.219172 -26.122011 0.042665 -0.552583 0.205328 0.806643
1607.000000 20.296833 -6.224400 -25.774010 0.023814 -0.558830 0.216969 0.800041
1608.000000 21.032748 -7.104050 -25.328398 0.006629 -0.566843 0.227059 0.791890
1609.000000 21.791574 -7.806973 -24.860562 -0.008400 -0.575481 0.235416 0.783154
1610.000000 22.456011 -8.367960 -24.454203 -0.020812 -0.583658 0.241956 0.774834
1611.000000 22.994410 -8.769831 -24.179215 -0.030360 -0.590534 0.246750 0.767764
1612.000000 23.406060 -9.060075 -24.076716 -0.037126 -0.595631 0.250034 0.762449
1613.000000 23.661938 -9.240802 -24.150606 -0.041469 -0.598848 0.252133 0.759006
1614.000000 23.793065 -9.348636 -24.380632 -0.043869 -0.600425 0.253343 0.757220
1615.000000 23.826288 -9.387875 -24.729502 -0.044758 -0.600816 0.253845 0.756690
1616.000000 23.812368 -9.369141 -25.163760 -0.044436 -0.600490 0.253717 0.757010
1617.000000 23.734465 -9.303324 -25.663653 -0.043088 -0.599689 0.253014 0.757958
1618.000000 23.598952 -9.204146 -26.229836 -0.040801 -0.598290 0.251832 0.759582
1619.000000 23.369432 -9.044603 -26.881462 -0.037572 -0.595867 0.250283 0.762161
1620.000000 23.036032 -8.855128 -27.640690 -0.033301 -0.591960 0.248413 0.766006
1621.000000 22.554095 -8.615767 -28.513290 -0.027867 -0.586400 0.246164 0.771208
1622.000000 21.955264 -8.320510 -29.471383 -0.021289 -0.579572 0.243422 0.777425
1623.000000 21.309392 -7.955076 -30.448431 -0.013920 -0.572480 0.240156 0.783835
1624.000000 20.756687 -7.571197 -31.352839 -0.006584 -0.566512 0.236600 0.789330
1625.000000 20.387208 -7.220377 -32.101809 -0.000616 -0.562811 0.233427 0.792941
1626.000000 20.227677 -7.049029 -32.645985 0.002205 -0.561535 0.231821 0.794313
1627.000000 20.270560 -7.254880 -32.979139 -0.000137 -0.561532 0.233354 0.793869
1628.000000 20.409702 -7.995969 -33.113350 -0.009439 -0.560911 0.239534 0.792410
1629.000000 20.611341 -9.394188 -33.029919 -0.026589 -0.558232 0.251123 0.790321
1630.000000 20.881545 -11.306979 -32.663592 -0.050941 -0.553507 0.267524 0.787062
1631.000000 21.269828 -13.505271 -31.941467 -0.080258 -0.548246 0.286721 0.781521
1632.000000 21.844658 -15.765402 -30.879072 -0.111387 -0.544451 0.305978 0.773009
1633.000000 22.563249 -17.771270 -29.597769 -0.141232 -0.543201 0.322961 0.762026
1634.000000 23.331348 -19.392675 -28.317449 -0.167386 -0.543829 0.336578 0.750298
1635.000000 23.902194 -20.646353 -27.283357 -0.188211 -0.544198 0.347070 0.740249
1636.000000 24.117526 -21.534734 -26.721495 -0.202671 -0.541747 0.355446 0.734229
1637.000000 23.898994 -22.180123 -26.771967 -0.210301 -0.534602 0.362758 0.733744
1638.000000 23.208375 -22.605680 -27.436660 -0.211322 -0.522195 0.369607 0.738949
1639.000000 22.074960 -22.801947 -28.590711 -0.206687 -0.505245 0.376078 0.748715
1640.000000 20.588657 -22.888842 -30.038529 -0.197844 -0.485233 0.381973 0.761252
1641.000000 18.865227 -22.852872 -31.598755 -0.186310 -0.463716 0.387094 0.774864
1642.000000 17.016967 -22.690622 -33.143768 -0.173310 -0.441869 0.391368 0.788382
1643.000000 15.124109 -22.499976 -34.601696 -0.159656 -0.420402 0.394830 0.801175
1644.000000 13.210815 -22.237483 -35.946998 -0.145847 -0.399678 0.397568 0.812973
1645.000000 11.336691 -21.963258 -37.165884 -0.132180 -0.379788 0.399709 0.823724
1646.000000 9.458023 -21.669264 -38.268828 -0.118774 -0.360540 0.401407 0.833532
1647.000000 7.566010 -21.348765 -39.264674 -0.105504 -0.341523 0.402781 0.842614
1648.000000 5.636095 -21.024629 -40.172319 -0.091980 -0.322337 0.403847 0.851203
1649.000000 3.624065 -20.627936 -41.014871 -0.077608 -0.302910 0.404467 0.859435
1650.000000 1.562334 -20.078506 -41.815366 -0.061714 -0.283693 0.404381 0.867287
1651.000000 -0.523664 -19.323625 -42.600427 -0.043755 -0.265541 0.403316 0.874591
1652.000000 -2.537450 -18.295432 -43.378248 -0.023630 -0.249335 0.401147 0.881110
1653.000000 -4.443717 -17.044572 -44.137436 -0.001982 -0.235545 0.398013 0.886623
1654.000000 -6.201467 -15.697938 -44.840098 0.019774 -0.224075 0.394313 0.891020
1655.000000 -7.732986 -14.371655 -45.450640 0.039876 -0.214452 0.390564 0.894360
1656.000000 -9.059641 -13.227567 -45.954960 0.056960 -0.206113 0.387199 0.896855
1657.000000 -10.229652 -12.354499 -46.363636 0.070715 -0.198431 0.384399 0.898811
1658.000000 -11.329740 -11.640046 -46.687538 0.082069 -0.190457 0.382030 0.900580
1659.000000 -12.591835 -11.063292 -46.915232 0.092773 -0.180825 0.379724 0.902499
1660.000000 -14.158651 -10.503209 -47.010835 0.104561 -0.168244 0.377059 0.904758
1661.000000 -16.031041 -9.854561 -46.943154 0.118273 -0.152469 0.373770 0.907227
1662.000000 -18.075390 -9.173695 -46.726830 0.133418 -0.134984 0.369926 0.909469
1663.000000 -19.990325 -8.433897 -46.465084 0.148420 -0.118687 0.365977 0.911014
1664.000000 -21.474603 -7.748735 -46.313996 0.161385 -0.106573 0.362587 0.911662
1665.000000 -22.337112 -7.134578 -46.402253 0.170925 -0.100254 0.360300 0.911547
1666.000000 -22.620925 -6.675601 -46.734053 0.176578 -0.099306 0.359266 0.910981
1667.000000 -22.490635 -6.402902 -47.248357 0.178732 -0.101754 0.359234 0.910303
1668.000000 -22.167556 -6.332985 -47.819417 0.178266 -0.105230 0.359768 0.909788
1669.000000 -21.843034 -6.416459 -48.364384 0.176179 -0.108033 0.360482 0.909584
1670.000000 -21.594825 -6.616841 -48.850664 0.173373 -0.109550 0.361149 0.909677
1671.000000 -21.459591 -6.857564 -49.285656 0.170547 -0.109998 0.361682 0.909945
1672.000000 -21.375567 -7.086446 -49.691039 0.168099 -0.109847 0.362075 0.910263
1673.000000 -21.353070 -7.296053 -50.077291 0.166037 -0.109326 0.362358 0.910591
1674.000000 -21.377563 -7.544054 -50.438481 0.164027 -0.108292 0.362571 0.910994
1675.000000 -21.471324 -7.838367 -50.758410 0.161611 -0.106378 0.362745 0.911582
1676.000000 -21.649060 -8.261410 -51.018853 0.158509 -0.103230 0.362883 0.912433
1677.000000 -21.954261 -8.786102 -51.206430 0.154812 -0.098647 0.362941 0.913551
1678.000000 -22.387244 -9.392834 -51.314766 0.150935 -0.092599 0.362847 0.914869
1679.000000 -22.970721 -9.999386 -51.345330 0.147339 -0.085237 0.362547 0.916289
1680.000000 -23.635301 -10.625779 -51.313998 0.144189 -0.076932 0.362057 0.917718
1681.000000 -24.353245 -11.240895 -51.251326 0.141132 -0.068327 0.361493 0.919095
1682.000000 -24.952794 -11.920541 -51.201433 0.137301 -0.060325 0.361055 0.920407
1683.000000 -25.352119 -12.702167 -51.221181 0.131473 -0.053975 0.360986 0.921678
1684.000000 -25.340043 -13.745913 -51.351651 0.122237 -0.050210 0.361507 0.922957
1685.000000 -24.872481 -15.135454 -51.585190 0.108078 -0.049353 0.362738 0.924286
1686.000000 -23.974401 -17.098644 -51.803144 0.087436 -0.050478 0.364619 0.925667
1687.000000 -22.833611 -19.830972 -51.751260 0.058901 -0.051077 0.366901 0.926987
1688.000000 -21.794820 -23.541654 -51.066820 0.021664 -0.047668 0.369228 0.927863
1689.000000 -21.075352 -28.169481 -49.402374 -0.023887 -0.037481 0.371254 0.927467
1690.000000 -20.721440 -33.365209 -46.587559 -0.075754 -0.020408 0.372671 0.924641
1691.000000 -20.588481 -38.499791 -42.802367 -0.130532 0.000171 0.373135 0.918549
1692.000000 -20.263651 -43.133887 -38.641663 -0.184371 0.018528 0.372172 0.909479
1693.000000 -19.530999 -46.865178 -34.778429 -0.234353 0.029047 0.369166 0.898861
1694.000000 -18.312500 -49.641060 -31.705219 -0.279641 0.028321 0.363421 0.888214
1695.000000 -16.542314 -51.796494 -29.466810 -0.321715 0.015686 0.354224 0.877940
1696.000000 -14.238081 -53.706058 -27.700833 -0.363259 -0.007568 0.340966 0.867022
1697.000000 -11.614703 -55.378028 -25.976287 -0.405928 -0.039266 0.323382 0.853876
1698.000000 -8.891608 -56.740247 -24.145047 -0.448420 -0.076833 0.301832 0.837803
1699.000000 -6.246249 -57.913765 -22.441173 -0.486605 -0.117216 0.277521 0.820035
1700.000000 -3.927288 -58.668705 -21.271270 -0.515893 -0.156849 0.252469 0.803438
1701.000000 -2.078198 -58.975475 -20.965394 -0.533843 -0.192142 0.229109 0.790950
1702.000000 -0.639226 -58.986306 -21.571031 -0.540970 -0.220275 0.209622 0.784149
1703.000000 0.345774 -58.630150 -22.888047 -0.539604 -0.239806 0.195328 0.783050
1704.000000 0.823086 -58.062845 -24.701009 -0.532143 -0.250796 0.186395 0.786881
1705.000000 0.889115 -57.247826 -26.893278 -0.520043 -0.254484 0.181964 0.794785
1706.000000 0.522874 -56.222020 -29.428791 -0.503885 -0.252773 0.180572 0.805977
1707.000000 -0.132841 -54.882934 -32.276598 -0.484011 -0.247787 0.180635 0.819577
1708.000000 -0.974510 -53.215251 -35.354160 -0.461057 -0.241510 0.180827 0.834506
1709.000000 -1.899395 -51.257963 -38.530568 -0.436048 -0.235509 0.180295 0.849642
1710.000000 -2.804680 -49.079856 -41.670670 -0.410154 -0.230781 0.178678 0.864053
1711.000000 -3.568831 -46.687899 -44.675817 -0.384371 -0.227800 0.175960 0.877157
1712.000000 -4.159673 -44.230737 -47.492721 -0.359331 -0.226699 0.172279 0.888712
1713.000000 -4.549229 -41.717614 -50.098027 -0.335318 -0.227443 0.167793 0.898709
1714.000000 -4.733031 -39.172285 -52.510171 -0.312410 -0.229946 0.162643 0.907233
1715.000000 -4.702698 -36.624958 -54.738005 -0.290627 -0.234175 0.156922 0.914371
1716.000000 -4.372182 -34.079317 -56.792401 -0.269979 -0.240248 0.150660 0.920160
1717.000000 -3.765519 -31.555701 -58.689161 -0.250408 -0.248415 0.143831 0.924607
1718.000000 -2.809050 -29.027060 -60.444846 -0.231701 -0.258867 0.136396 0.927739
1719.000000 -1.513579 -26.446934 -62.070500 -0.213458 -0.271540 0.128340 0.929640
1720.000000 0.074426 -23.773720 -63.570012 -0.195124 -0.286133 0.119651 0.930451
1721.000000 1.954395 -20.916087 -64.943820 -0.176060 -0.302397 0.110238 0.930272
1722.000000 4.134190 -17.790524 -66.173757 -0.155563 -0.320478 0.099854 0.929044
1723.000000 6.732243 -14.282422 -67.216423 -0.132832 -0.341047 0.088074 0.926437
1724.000000 9.875472 -10.219967 -67.970128 -0.106963 -0.365114 0.074351 0.921804
1725.000000 13.741012 -5.498824 -68.246135 -0.077091 -0.393588 0.058163 0.914200
1726.000000 18.404496 -0.129759 -67.768819 -0.042737 -0.426707 0.039257 0.902526
1727.000000 23.704257 5.801897 -66.242986 -0.004226 -0.463504 0.017904 0.885904
1728.000000 29.265180 11.930549 -63.505550 0.037021 -0.501585 -0.004968 0.864302
1729.000000 34.528395 17.768299 -59.714963 0.078501 -0.537532 -0.027883 0.839118
1730.000000 38.949300 22.863659 -55.421662 0.117036 -0.567920 -0.049140 0.813237
1731.000000 42.184825 26.888620 -51.411878 0.149453 -0.590428 -0.067176 0.790282
1732.000000 44.188540 29.689663 -48.425728 0.173312 -0.604341 -0.080816 0.773436
1733.000000 45.087774 31.292523 -46.923896 0.187387 -0.610247 -0.089431 0.764518
1734.000000 45.016586 31.811659 -47.008499 0.191776 -0.609321 -0.093035 0.763737
1735.000000 44.150553 31.407107 -48.483196 0.187704 -0.602785 -0.092273 0.770002
1736.000000 42.627383 30.245442 -50.963670 0.177099 -0.591789 -0.088186 0.781438
1737.000000 40.570329 28.487538 -54.008010 0.162064 -0.577566 -0.081849 0.795898
1738.000000 38.178169 26.303988 -57.218247 0.144435 -0.561487 -0.074109 0.811405
1739.000000 35.605971 23.815873 -60.310759 0.125662 -0.544824 -0.065613 0.826481
1740.000000 32.997784 21.296566 -63.105775 0.107002 -0.528381 -0.057022 0.840305
1741.000000 30.430815 18.873158 -65.555414 0.089672 -0.512351 -0.049080 0.852670
1742.000000 27.869679 16.714539 -67.668476 0.074642 -0.496559 -0.042393 0.863748
1743.000000 25.348174 14.857965 -69.488371 0.062221 -0.480890 -0.037128 0.873782
1744.000000 22.852327 13.318650 -71.065018 0.051916 -0.465553 -0.032961 0.882881
1745.000000 20.469683 11.943164 -72.438290 0.042823 -0.451006 -0.029353 0.891010
1746.000000 18.263497 10.622644 -73.638251 0.034224 -0.437647 -0.025905 0.898122
1747.000000 16.250784 9.311814 -74.692059 0.025873 -0.425531 -0.022502 0.904294
1748.000000 14.372925 8.037344 -75.629522 0.017842 -0.414319 -0.019203 0.909754
1749.000000 12.553444 6.805809 -76.478102 0.010228 -0.403484 -0.016076 0.914788
1750.000000 10.731475 5.644342 -77.254167 0.003042 -0.392663 -0.013133 0.919584
1751.000000 8.929952 4.544858 -77.961564 -0.003694 -0.381936 -0.010374 0.924123
1752.000000 7.230891 3.532977 -78.595301 -0.009829 -0.371870 -0.007854 0.928200
1753.000000 5.778338 2.658720 -79.155294 -0.015098 -0.363262 -0.005684 0.931548
1754.000000 4.698433 1.968557 -79.651742 -0.019237 -0.356757 -0.003977 0.933991
1755.000000 3.971817 1.491638 -80.105023 -0.022041 -0.352619 -0.002823 0.935503
1756.000000 3.784988 1.344329 -80.318732 -0.022876 -0.351445 -0.002480 0.935926
1757.000000 4.280814 1.704488 -79.882856 -0.020819 -0.354388 -0.003326 0.934861
1758.000000 5.186641 2.289359 -79.410254 -0.017322 -0.359721 -0.004766 0.932887
1759.000000 6.470842 3.075414 -78.883705 -0.012589 -0.367335 -0.006718 0.929979
1760.000000 8.055461 4.021325 -78.288157 -0.006852 -0.376771 -0.009078 0.926236
1761.000000 9.815758 5.085806 -77.617433 -0.000388 -0.387262 -0.011728 0.921895
1762.000000 11.640418 6.219426 -76.874571 0.006582 -0.398079 -0.014582 0.917212
1763.000000 13.454649 7.418406 -76.063633 0.013981 -0.408885 -0.017616 0.912309
1764.000000 15.307878 8.673026 -75.173118 0.021809 -0.419845 -0.020834 0.907095
1765.000000 17.241010 9.970147 -74.181154 0.030016 -0.431447 -0.024196 0.901314
1766.000000 19.341069 11.279118 -73.058252 0.038488 -0.444164 -0.027623 0.894692
1767.000000 21.637208 12.623281 -71.775067 0.047273 -0.458150 -0.031118 0.887071
1768.000000 24.085842 14.056287 -70.304323 0.056858 -0.473154 -0.034941 0.878448
1769.000000 26.604140 15.740229 -68.612208 0.068120 -0.488705 -0.039594 0.868884
1770.000000 29.146297 17.746058 -66.652764 0.081830 -0.504439 -0.045556 0.858353
1771.000000 31.712179 20.065832 -64.374038 0.098099 -0.520322 -0.052925 0.846665
1772.000000 34.309314 22.561559 -61.747520 0.116241 -0.536550 -0.061283 0.833574
1773.000000 36.885371 25.101311 -58.791647 0.135111 -0.553164 -0.069916 0.819064
1774.000000 39.402567 27.444753 -55.614165 0.153475 -0.569672 -0.078111 0.803628
1775.000000 41.657843 29.432404 -52.442470 0.170011 -0.584997 -0.085239 0.788422
1776.000000 43.466673 30.909196 -49.625475 0.183085 -0.597771 -0.090574 0.775207
1777.000000 44.675391 31.718148 -47.593218 0.190688 -0.606682 -0.093140 0.766094
1778.000000 45.160955 31.685532 -46.774887 0.190738 -0.610559 -0.091832 0.763154
1779.000000 44.768361 30.633165 -47.474812 0.181597 -0.608227 -0.085766 0.767937
1780.000000 43.334328 28.437025 -49.752950 0.162560 -0.598445 -0.074599 0.780944
1781.000000 40.725686 25.029509 -53.331579 0.134186 -0.580241 -0.058645 0.801171
1782.000000 36.873273 20.443894 -57.586223 0.098344 -0.553602 -0.038823 0.826043
1783.000000 31.970542 14.913380 -61.715342 0.057922 -0.520053 -0.016526 0.852007
1784.000000 26.486371 8.870848 -65.025353 0.016190 -0.482583 0.006575 0.875676
1785.000000 20.989709 2.777913 -67.152374 -0.023939 -0.444763 0.028844 0.894864
1786.000000 15.974180 -2.895791 -68.120821 -0.060478 -0.409594 0.049048 0.908939
1787.000000 11.702052 -7.938644 -68.182480 -0.092572 -0.378763 0.066590 0.918442
1788.000000 8.216461 -12.316431 -67.638405 -0.120348 -0.352578 0.081491 0.924427
1789.000000 5.380738 -16.105246 -66.722204 -0.144531 -0.330392 0.094171 0.927946
1790.000000 2.991940 -19.385283 -65.578560 -0.166038 -0.311180 0.105190 0.929803
1791.000000 0.977272 -22.376024 -64.273130 -0.185726 -0.294059 0.115046 0.930483
1792.000000 -0.750370 -25.131949 -62.836021 -0.204341 -0.278617 0.124078 0.930173
1793.000000 -2.208361 -27.742506 -61.273604 -0.222553 -0.264941 0.132446 0.928835
1794.000000 -3.332394 -30.291686 -59.583982 -0.240967 -0.253352 0.140191 0.926334
1795.000000 -4.105397 -32.819773 -57.758745 -0.260068 -0.244053 0.147319 0.922551
1796.000000 -4.567056 -35.360918 -55.784759 -0.280162 -0.236967 0.153859 0.917433
1797.000000 -4.759398 -37.892940 -53.645803 -0.301377 -0.231841 0.159850 0.910972
1798.000000 -4.671729 -40.438093 -51.328232 -0.323724 -0.228479 0.165294 0.903149
1799.000000 -4.385963 -42.984794 -48.824083 -0.347188 -0.226845 0.170127 0.893901
1800.000000 -3.878220 -45.471219 -46.103669 -0.371734 -0.227014 0.174230 0.883132
1801.000000 -3.208140 -47.903244 -43.194766 -0.397200 -0.229058 0.177450 0.870790
1802.000000 -2.366711 -50.191682 -40.112691 -0.423142 -0.232945 0.179628 0.856983
1803.000000 -1.436871 -52.272160 -36.938468 -0.448736 -0.238399 0.180684 0.842114
1804.000000 -0.536070 -54.098559 -33.794029 -0.472862 -0.244700 0.180780 0.826947
1805.000000 0.239908 -55.581800 -30.817659 -0.494383 -0.250559 0.180514 0.812540
1806.000000 0.739617 -56.778454 -28.119067 -0.512452 -0.254171 0.180990 0.800020
1807.000000 0.908810 -57.678721 -25.753491 -0.526623 -0.253444 0.183699 0.790373
1808.000000 0.635545 -58.378255 -23.741368 -0.536518 -0.246313 0.190225 0.784406
1809.000000 -0.083916 -58.831642 -22.157094 -0.541183 -0.231145 0.201788 0.782927
1810.000000 -1.300417 -59.029215 -21.163978 -0.538635 -0.207230 0.218773 0.786808
1811.000000 -2.970326 -58.882662 -20.996255 -0.526316 -0.175242 0.240427 0.796541
1812.000000 -5.017547 -58.343602 -21.766869 -0.502585 -0.137359 0.264938 0.811387
1813.000000 -7.548172 -57.360205 -23.251244 -0.468363 -0.096887 0.289912 0.828975
1814.000000 -10.254637 -56.084098 -25.066739 -0.427408 -0.057493 0.313048 0.846178
1815.000000 -12.949897 -54.592216 -26.853770 -0.384454 -0.022514 0.332710 0.860809
1816.000000 -15.446715 -52.767526 -28.553883 -0.342397 0.005262 0.348131 0.872664
1817.000000 -17.498716 -50.770098 -30.498000 -0.300918 0.023444 0.359297 0.883066
1818.000000 -18.987703 -48.355983 -33.128190 -0.257540 0.030190 0.366681 0.893480
1819.000000 -19.952958 -45.128856 -36.634103 -0.209954 0.025047 0.370967 0.904254
1820.000000 -20.469873 -40.907144 -40.726239 -0.157790 0.010012 0.372867 0.914315
1821.000000 -20.651173 -35.975241 -44.784745 -0.103025 -0.010227 0.373048 0.922018
1822.000000 -20.860100 -30.718834 -48.136021 -0.049218 -0.029672 0.372058 0.926429
1823.000000 -21.386164 -25.759726 -50.375214 -0.000158 -0.043510 0.370298 0.927893
1824.000000 -22.283807 -21.559401 -51.511688 0.041381 -0.050088 0.368082 0.927521
1825.000000 -23.415157 -18.354275 -51.832029 0.074227 -0.051053 0.365731 0.926350
1826.000000 -24.462869 -16.027422 -51.708744 0.098663 -0.049789 0.363608 0.924973
1827.000000 -25.173678 -14.388561 -51.460104 0.115871 -0.049440 0.362032 0.923614
1828.000000 -25.392413 -13.187055 -51.270701 0.127373 -0.051728 0.361162 0.922314
1829.000000 -25.194718 -12.290565 -51.199567 0.134722 -0.056878 0.360959 0.921045
1830.000000 -24.666910 -11.565108 -51.220940 0.139384 -0.064187 0.361243 0.919758
1831.000000 -23.998019 -10.932354 -51.284410 0.142692 -0.072616 0.361774 0.918415
1832.000000 -23.301663 -10.313035 -51.336274 0.145717 -0.081169 0.362321 0.917007
1833.000000 -22.664749 -9.698687 -51.339106 0.149081 -0.089065 0.362724 0.915573
1834.000000 -22.151179 -9.080027 -51.270532 0.152864 -0.095801 0.362917 0.914191
1835.000000 -21.788261 -8.510463 -51.122306 0.156714 -0.101123 0.362926 0.912962
1836.000000 -21.551000 -8.032788 -50.897112 0.160149 -0.104975 0.362820 0.911973
1837.000000 -21.408201 -7.678532 -50.604755 0.162895 -0.107470 0.362661 0.911259
1838.000000 -21.360519 -7.416130 -50.261801 0.165055 -0.108894 0.362471 0.910776
1839.000000 -21.356517 -7.191057 -49.886442 0.167034 -0.109634 0.362228 0.910423
1840.000000 -21.410607 -6.975104 -49.491081 0.169266 -0.109974 0.361895 0.910103
1841.000000 -21.514659 -6.736035 -49.073126 0.171929 -0.109877 0.361434 0.909798
1842.000000 -21.713358 -6.506377 -48.615039 0.174816 -0.108952 0.360830 0.909599
1843.000000 -21.995921 -6.359634 -48.098468 0.177365 -0.106779 0.360121 0.909644
1844.000000 -22.343084 -6.342261 -47.532901 0.178764 -0.103494 0.359458 0.910012
1845.000000 -22.591895 -6.513512 -46.976994 0.178044 -0.100259 0.359151 0.910637
1846.000000 -22.545037 -6.885080 -46.539066 0.174229 -0.099208 0.359634 0.911299
1847.000000 -21.983081 -7.416884 -46.321318 0.166635 -0.102668 0.361285 0.911682
1848.000000 -20.802352 -8.085187 -46.367228 0.155263 -0.111961 0.364171 0.911448
1849.000000 -19.072521 -8.806477 -46.592714 0.141058 -0.126483 0.367925 0.910349
1850.000000 -17.049644 -9.524433 -46.849045 0.125747 -0.143780 0.371898 0.908409
1851.000000 -15.061788 -10.188525 -46.998604 0.111175 -0.160706 0.375497 0.905989
1852.000000 -13.335022 -10.793855 -46.981484 0.098450 -0.174955 0.378459 0.903586
1853.000000 -11.926900 -11.337447 -46.815562 0.087382 -0.185941 0.380897 0.901503
1854.000000 -10.776219 -11.980541 -46.536170 0.076593 -0.194559 0.383180 0.899696
1855.000000 -9.661299 -12.764009 -46.170248 0.064223 -0.202238 0.385730 0.897879
1856.000000 -8.420105 -13.760621 -45.715750 0.048845 -0.210157 0.388815 0.895696
1857.000000 -6.994059 -15.025269 -45.158332 0.030135 -0.219067 0.392413 0.892812
1858.000000 -5.350260 -16.377765 -44.498603 0.008992 -0.229544 0.396202 0.888961
1859.000000 -3.502758 -17.679542 -43.762197 -0.012924 -0.242131 0.399681 0.884003
1860.000000 -1.551116 -18.837891 -42.991162 -0.033943 -0.257152 0.402368 0.877964
1861.000000 0.514034 -19.736768 -42.208720 -0.053013 -0.274424 0.403984 0.871021
1862.000000 2.597072 -20.380951 -41.419048 -0.069891 -0.293228 0.404531 0.863416
1863.000000 4.640588 -20.830490 -40.600244 -0.084942 -0.312638 0.404227 0.855361
1864.000000 6.606044 -21.201808 -39.727995 -0.098807 -0.331966 0.403357 0.846958
1865.000000 8.512824 -21.501563 -38.779070 -0.112140 -0.351032 0.402130 0.838149
1866.000000 10.403159 -21.823147 -37.731161 -0.125446 -0.370106 0.400604 0.828735
1867.000000 12.267056 -22.097945 -36.572065 -0.138983 -0.389634 0.398704 0.818477
1868.000000 14.166233 -22.375538 -35.289788 -0.152748 -0.409936 0.396282 0.807206
1869.000000 16.074411 -22.599960 -33.885673 -0.166528 -0.431059 0.393196 0.794892
1870.000000 17.950542 -22.779844 -32.379043 -0.179933 -0.452779 0.389336 0.781685
1871.000000 19.749170 -22.894087 -30.813672 -0.192327 -0.474577 0.384638 0.768011
1872.000000 21.368908 -22.852048 -29.290607 -0.202693 -0.495519 0.379112 0.754752
1873.000000 22.692420 -22.725004 -27.964030 -0.209628 -0.514205 0.372899 0.743368
1874.000000 23.612658 -22.428484 -27.032826 -0.211594 -0.529037 0.366225 0.735681
1875.000000 24.066426 -21.879725 -26.666667 -0.207344 -0.538831 0.359184 0.733251
1876.000000 24.058851 -21.129293 -26.931679 -0.196280 -0.543469 0.351450 0.736613
1877.000000 23.662387 -20.069069 -27.754645 -0.178542 -0.544210 0.342161 0.744906
1878.000000 22.949373 -18.627858 -28.941820 -0.154889 -0.543389 0.330202 0.756111
1879.000000 22.190468 -16.816531 -30.253869 -0.126640 -0.543506 0.314856 0.767743
1880.000000 21.535444 -14.641610 -31.446612 -0.095801 -0.546062 0.296510 0.777638
1881.000000 21.053481 -12.387013 -32.349710 -0.065166 -0.550813 0.276940 0.784642
1882.000000 20.739326 -10.299756 -32.887335 -0.037972 -0.556058 0.258820 0.788904
1883.000000 20.489430 -8.612754 -33.102149 -0.017033 -0.559868 0.244654 0.791456
1884.000000 20.340949 -7.547049 -33.071770 -0.003832 -0.561414 0.235789 0.793223
1885.000000 20.228112 -7.099566 -32.837496 0.001804 -0.561488 0.232092 0.794268
1886.000000 20.280178 -7.092689 -32.401093 0.001312 -0.561914 0.232335 0.793897
1887.000000 20.545498 -7.386696 -31.750764 -0.003327 -0.564338 0.234904 0.791412
1888.000000 21.014650 -7.762931 -30.915523 -0.010176 -0.569269 0.238384 0.786767
1889.000000 21.632068 -8.144421 -29.962890 -0.017664 -0.575976 0.241848 0.780673
1890.000000 22.270364 -8.472368 -28.984949 -0.024709 -0.583095 0.244861 0.774230
1891.000000 22.817916 -8.743105 -28.063515 -0.030734 -0.589378 0.247343 0.768447
1892.000000 23.215568 -8.953684 -27.246719 -0.035576 -0.594120 0.249389 0.763911
1893.000000 23.497169 -9.130330 -26.543440 -0.039309 -0.597239 0.251098 0.760730
1894.000000 23.676177 -9.260371 -25.937550 -0.042060 -0.599086 0.252476 0.758672
1895.000000 23.779477 -9.339624 -25.405930 -0.043883 -0.600148 0.253433 0.757409
1896.000000 23.830211 -9.386886 -24.938089 -0.044735 -0.600720 0.253857 0.756763
1897.000000 23.811935 -9.374156 -24.544059 -0.044480 -0.600737 0.253676 0.756826
1898.000000 23.746003 -9.303929 -24.247953 -0.042882 -0.599816 0.252834 0.757929
1899.000000 23.541263 -9.161610 -24.092482 -0.039571 -0.597467 0.251211 0.760500
1900.000000 23.227677 -8.930287 -24.105194 -0.034073 -0.593320 0.248561 0.764871
1901.000000 22.743295 -8.588696 -24.296767 -0.025947 -0.587298 0.244560 0.771102
1902.000000 22.130719 -8.100788 -24.644018 -0.014956 -0.579687 0.238913 0.778884
1903.000000 21.417901 -7.481019 -25.092421 -0.001187 -0.571156 0.231462 0.787531
1904.000000 20.655790 -6.681231 -25.558641 0.014985 -0.562686 0.222220 0.796102
1905.000000 19.948373 -5.745603 -25.965006 0.033058 -0.555420 0.211330 0.803589
1906.000000 19.352463 -4.663056 -26.239469 0.052601 -0.550428 0.198988 0.809115
1907.000000 18.914382 -3.437188 -26.337108 0.073364 -0.548438 0.185380 0.812076
1908.000000 18.695857 -2.106246 -26.238522 0.095210 -0.549602 0.170702 0.812240
1909.000000 18.642542 -0.685701 -25.946404 0.117867 -0.553389 0.155261 0.809791
1910.000000 18.692178 0.743298 -25.490413 0.140677 -0.558721 0.139587 0.805330
1911.000000 18.812426 2.098350 -24.918007 0.162600 -0.564323 0.124410 0.799764
1912.000000 18.914897 3.325310 -24.288429 0.182560 -0.569149 0.110449 0.794067
1913.000000 19.005570 4.380190 -23.656830 0.199911 -0.572634 0.098131 0.788984
1914.000000 19.014491 5.249918 -23.056267 0.214677 -0.574684 0.087433 0.784862
1915.000000 18.984832 5.985765 -22.495256 0.227396 -0.575494 0.077989 0.781675
1916.000000 18.937406 6.607376 -21.968056 0.238748 -0.575361 0.069342 0.779199
1917.000000 18.839699 7.174242 -21.461293 0.249249 -0.574552 0.061153 0.777191
1918.000000 18.730717 7.697293 -20.969738 0.259172 -0.573221 0.053249 0.775508
1919.000000 18.610207 8.180883 -20.493918 0.268617 -0.571341 0.045537 0.774171
1920.000000 18.437662 8.632514 -20.048921 0.277615 -0.568676 0.037914 0.773369
1921.000000 18.220108 9.059411 -19.652137 0.286174 -0.564841 0.030231 0.773398
1922.000000 17.953365 9.433333 -19.322016 0.294307 -0.559491 0.022335 0.774503
1923.000000 17.615588 9.808368 -19.054390 0.302050 -0.552599 0.014160 0.776660
1924.000000 17.240994 10.162152 -18.822330 0.309473 -0.544679 0.005818 0.779434
1925.000000 16.883529 10.495100 -18.574480 0.316672 -0.536771 -0.002368 0.782042
1926.000000 16.588106 10.817347 -18.259472 0.323716 -0.530101 -0.009944 0.783646
1927.000000 16.387745 11.122278 -17.844456 0.330570 -0.525625 -0.016459 0.783691
1928.000000 16.290078 11.405039 -17.325980 0.337038 -0.523721 -0.021585 0.782084
1929.000000 16.308777 11.652856 -16.725905 0.342786 -0.524169 -0.025167 0.779174
1930.000000 16.400109 11.848009 -16.089076 0.347437 -0.526256 -0.027258 0.775628
1931.000000 16.518916 11.957271 -15.469674 0.350692 -0.528904 -0.028153 0.772323
1932.000000 16.567683 12.046983 -14.927623 0.352379 -0.530912 -0.028312 0.770169
1933.000000 16.570035 12.037973 -14.502227 0.352422 -0.531366 -0.028121 0.769843
1934.000000 16.565624 11.990472 -14.211264 0.350796 -0.530013 -0.027683 0.771532
1935.000000 16.479189 11.875689 -14.027934 0.347558 -0.527228 -0.026851 0.774928
1936.000000 16.349872 11.724727 -13.918086 0.342935 -0.523617 -0.025480 0.779469
1937.000000 16.150351 11.556397 -13.851927 0.337339 -0.519606 -0.023648 0.784636
1938.000000 16.037755 11.344683 -13.810816 0.331275 -0.515247 -0.021661 0.790132
1939.000000 15.880371 11.146846 -13.784245 0.325203 -0.510198 -0.019964 0.795953
1940.000000 15.655734 10.968213 -13.792131 0.319481 -0.503765 -0.019069 0.802365
1941.000000 15.334945 10.797277 -13.856945 0.314372 -0.495148 -0.019444 0.809704
1942.000000 14.976129 10.668075 -13.981306 0.309971 -0.483990 -0.021262 0.818059
1943.000000 14.576318 10.542377 -14.148759 0.305975 -0.470852 -0.024093 0.827102
1944.000000 14.136261 10.403232 -14.325902 0.301422 -0.457154 -0.026833 0.836322
1945.000000 13.686793 10.179553 -14.501452 0.294718 -0.444461 -0.028038 0.845464
1946.000000 13.309243 9.845998 -14.692069 0.284138 -0.433635 -0.026551 0.854705
1947.000000 12.975523 9.355846 -14.922393 0.268697 -0.424413 -0.022064 0.864401
1948.000000 12.672669 8.722560 -15.199237 0.248880 -0.415655 -0.015278 0.874675
1949.000000 12.331277 8.011677 -15.497784 0.226706 -0.406072 -0.007586 0.885242
1950.000000 11.948946 7.272038 -15.771529 0.205015 -0.394982 -0.000467 0.895521
1951.000000 11.551590 6.622059 -15.977261 0.186366 -0.382639 0.005046 0.904892
1952.000000 11.122708 6.132643 -16.086868 0.172224 -0.369918 0.008563 0.912922
1953.000000 10.713948 5.782746 -16.096854 0.162776 -0.357618 0.010218 0.919516
1954.000000 10.283839 5.580918 -16.027526 0.157282 -0.345913 0.010398 0.924931
1955.000000 9.907333 5.492886 -15.907483 0.154594 -0.334328 0.009517 0.929643
1956.000000 9.522580 5.437799 -15.769274 0.153566 -0.322158 0.007924 0.934114
1957.000000 9.076900 5.431048 -15.631644 0.153282 -0.308954 0.005895 0.938625
1958.000000 8.639217 5.420106 -15.498401 0.153095 -0.294691 0.003655 0.943242
1959.000000 8.151175 5.401736 -15.370118 0.152485 -0.279581 0.001405 0.947935
1960.000000 7.690529 5.350250 -15.248090 0.150832 -0.263782 -0.000653 0.952716
1961.000000 7.151946 5.247519 -15.137040 0.147313 -0.247354 -0.002295 0.957658
1962.000000 6.629710 5.045574 -15.041295 0.141103 -0.230565 -0.003292 0.962766
1963.000000 6.185372 4.781980 -14.951614 0.131816 -0.214173 -0.003475 0.967855
1964.000000 5.737826 4.456195 -14.851124 0.119764 -0.199183 -0.002834 0.972612
1965.000000 5.310203 4.032106 -14.719289 0.105740 -0.186018 -0.001553 0.976839
1966.000000 4.964423 3.609410 -14.564998 0.090444 -0.173661 0.000055 0.980644
1967.000000 4.553108 3.127509 -14.409036 0.074067 -0.159573 0.001685 0.984402
1968.000000 4.005924 2.620120 -14.270456 0.056417 -0.140728 0.003169 0.988434
1969.000000 3.313175 2.112023 -14.148148 0.037447 -0.115320 0.004501 0.992612
1970.000000 2.521250 1.582389 -14.008984 0.017738 -0.084071 0.005759 0.996285
1971.000000 1.651128 1.056105 -13.802550 -0.001407 -0.050262 0.006984 0.998711
1972.000000 0.788526 0.604429 -13.503051 -0.018296 -0.018444 0.008107 0.999630
1973.000000 0.129426 0.272379 -13.132050 -0.031400 0.007348 0.009007 0.999439
1974.000000 -0.320029 0.034529 -12.727086 -0.039837 0.024860 0.009605 0.998851
1975.000000 -0.567871 -0.068500 -12.314544 -0.043552 0.033916 0.009916 0.998426
1976.000000 -0.637329 -0.070737 -11.907646 -0.043144 0.035925 0.010023 0.998372
1977.000000 -0.577419 0.001131 -11.506306 -0.039558 0.033013 0.010023 0.998621
1978.000000 -0.463911 0.128314 -11.106932 -0.033955 0.027161 0.009981 0.999004
1979.000000 -0.313199 0.254588 -10.705639 -0.027809 0.019710 0.009910 0.999370
1980.000000 -0.130484 0.335276 -10.301066 -0.022901 0.011438 0.009801 0.999624
1981.000000 0.011768 0.382576 -9.896756 -0.020872 0.003053 0.009655 0.999731
1982.000000 0.148071 0.359022 -9.491566 -0.022450 -0.004356 0.009506 0.999693
1983.000000 0.236928 0.312231 -9.089101 -0.026942 -0.009421 0.009408 0.999548
1984.000000 0.262149 0.225116 -8.686085 -0.032519 -0.011181 0.009404 0.999364
1985.000000 0.259874 0.158234 -8.284189 -0.037168 -0.009797 0.009499 0.999216
1986.000000 0.242683 0.094905 -7.883305 -0.039662 -0.006592 0.009647 0.999145
1987.000000 0.194978 0.084039 -7.479500 -0.039919 -0.003266 0.009785 0.999150
1988.000000 0.143169 0.091378 -7.075491 -0.038707 -0.000862 0.009878 0.999201
1989.000000 0.106469 0.124898 -6.670289 -0.037140 0.000698 0.009937 0.999260
1990.000000 0.094366 0.125150 -6.265617 -0.036323 0.002263 0.009994 0.999288
1991.000000 0.074322 0.110990 -5.860997 -0.037202 0.004676 0.010076 0.999246
1992.000000 0.039847 0.088373 -5.456911 -0.040405 0.008188 0.010187 0.999098
1993.000000 0.003937 0.042410 -5.052970 -0.045981 0.012346 0.010307 0.998813
1994.000000 -0.023102 -0.020497 -4.647919 -0.053179 0.016296 0.010402 0.998398
1995.000000 -0.042759 -0.063729 -4.242578 -0.060498 0.019207 0.010442 0.997929
1996.000000 -0.070027 -0.094594 -3.837387 -0.066082 0.020566 0.010420 0.997548
1997.000000 -0.065841 -0.129722 -3.432192 -0.068293 0.020234 0.010350 0.997406
1998.000000 -0.053511 -0.118247 -3.027321 -0.066207 0.018339 0.010259 0.997585
1999.000000 -0.049314 -0.103181 -2.624826 -0.059838 0.015198 0.010168 0.998041
2000.000000 -0.026357 -0.076828 -2.222333 -0.050063 0.011317 0.010092 0.998631
2001.000000 -0.029652 -0.047893 -1.819710 -0.038357 0.007382 0.010044 0.999186
2002.000000 -0.022862 -0.035542 -1.416193 -0.026450 0.004084 0.010023 0.999592
2003.000000 -0.013651 -0.000111 -1.012076 -0.016013 0.001840 0.010021 0.999820
2004.000000 -0.007514 0.001505 -0.606905 -0.008342 0.000641 0.010024 0.999915
2005.000000 0.002999 -0.011625 -0.202179 -0.004069 0.000171 0.010025 0.999941
2006.000000 -0.010950 -0.029472 -0.003291 -0.005181 0.000036 0.016919 0.999843
2007.000000 -0.046531 -0.150413 -0.013959 -0.013632 -0.000171 0.044481 0.998917
2008.000000 -0.068681 -0.275335 -0.020542 -0.022071 -0.000379 0.072006 0.997160
2009.000000 -0.066136 -0.263112 -0.298905 -0.023332 -0.000121 0.072010 0.997131
2010.000000 -0.074345 -0.288687 -0.575872 -0.026984 0.000702 0.072020 0.997038
2011.000000 -0.079737 -0.322516 -0.849464 -0.034335 0.002497 0.072039 0.996808
2012.000000 -0.076707 -0.334813 -1.120418 -0.045760 0.005444 0.072064 0.996335
2013.000000 -0.087299 -0.342364 -1.388732 -0.059970 0.009247 0.072090 0.995551
2014.000000 -0.090556 -0.353441 -1.655884 -0.074419 0.013209 0.072111 0.994529
2015.000000 -0.085297 -0.390957 -1.924597 -0.086686 0.016658 0.072129 0.993481
2016.000000 -0.099649 -0.437782 -2.196170 -0.095640 0.019384 0.072154 0.992608
2017.000000 -0.116287 -0.454999 -2.469747 -0.101515 0.021672 0.072214 0.991973
2018.000000 -0.128207 -0.461743 -2.745244 -0.105115 0.023936 0.072336 0.991537
2019.000000 -0.127060 -0.476014 -3.021893 -0.107005 0.026308 0.072523 0.991261
2020.000000 -0.131877 -0.471139 -3.299842 -0.107201 0.028532 0.072753 0.991161
2021.000000 -0.159587 -0.469529 -3.580071 -0.105236 0.030125 0.072996 0.991307
2022.000000 -0.165659 -0.423213 -3.862606 -0.100400 0.030533 0.073221 0.991779
2023.000000 -0.137953 -0.327276 -4.146245 -0.092177 0.029218 0.073394 0.992604
2024.000000 -0.115652 -0.259300 -4.430922 -0.080825 0.025854 0.073477 0.993680
2025.000000 -0.086865 -0.156275 -4.715927 -0.067689 0.020635 0.073453 0.994785
2026.000000 -0.044699 -0.040612 -4.998419 -0.054885 0.014393 0.073345 0.995691
2027.000000 0.004267 0.060240 -5.277715 -0.044454 0.008277 0.073199 0.996292
2028.000000 0.051954 0.125809 -5.555321 -0.037588 0.003224 0.073060 0.996614
2029.000000 0.087941 0.157964 -5.833425 -0.034357 -0.000297 0.072953 0.996743
2030.000000 0.106140 0.164757 -6.112513 -0.033952 -0.002173 0.072893 0.996759
2031.000000 0.103301 0.158240 -6.392094 -0.035203 -0.002491 0.072882 0.996716
2032.000000 0.089905 0.137468 -6.672091 -0.037107 -0.001648 0.072911 0.996647
2033.000000 0.087201 0.099880 -6.952436 -0.039136 -0.000603 0.072947 0.996567
2034.000000 0.103986 0.073938 -7.231814 -0.041134 -0.000780 0.072937 0.996488
2035.000000 0.151303 0.057016 -7.510608 -0.042888 -0.003397 0.072826 0.996416
2036.000000 0.230889 0.048868 -7.788475 -0.043754 -0.008564 0.072599 0.996364
2037.000000 0.310676 0.086805 -8.063319 -0.042737 -0.014868 0.072302 0.996356
2038.000000 0.365420 0.155842 -8.337998 -0.039051 -0.019930 0.072028 0.996439
2039.000000 0.377009 0.253235 -8.613392 -0.032761 -0.021624 0.071854 0.996642
2040.000000 0.334004 0.375644 -8.890090 -0.025036 -0.019143 0.071803 0.996921
2041.000000 0.225676 0.492026 -9.166977 -0.017812 -0.013207 0.071841 0.997170
2042.000000 0.083212 0.547261 -9.443694 -0.013073 -0.005445 0.071921 0.997310
2043.000000 -0.069456 0.554190 -9.723081 -0.012113 0.002469 0.072002 0.997328
2044.000000 -0.185310 0.485729 -10.003753 -0.015093 0.009418 0.072053 0.997242
2045.000000 -0.277769 0.359828 -10.285537 -0.021056 0.015046 0.072056 0.997065
2046.000000 -0.371824 0.214822 -10.566663 -0.028375 0.019684 0.072016 0.996805
2047.000000 -0.463781 0.070444 -10.845069 -0.035460 0.024031 0.071971 0.996486
2048.000000 -0.548465 -0.064117 -11.119889 -0.041349 0.028691 0.071966 0.996137
2049.000000 -0.642734 -0.177103 -11.392119 -0.045869 0.033814 0.072019 0.995774
2050.000000 -0.758755 -0.260828 -11.662962 -0.049303 0.039100 0.072118 0.995409
2051.000000 -0.872550 -0.323762 -11.932834 -0.051894 0.044122 0.072239 0.995059
2052.000000 -0.973552 -0.368255 -12.202694 -0.053631 0.048643 0.072376 0.994746
2053.000000 -1.062808 -0.396498 -12.473088 -0.054507 0.052715 0.072534 0.994479
2054.000000 -1.168416 -0.414120 -12.743145 -0.054974 0.056598 0.072703 0.994228
2055.000000 -1.265138 -0.452745 -13.011509 -0.056082 0.060685 0.072838 0.993915
2056.000000 -1.375530 -0.550422 -13.275582 -0.058927 0.065399 0.072886 0.993448
2057.000000 -1.523705 -0.699916 -13.533052 -0.063597 0.070988 0.072849 0.992778
2058.000000 -1.689624 -0.825011 -13.782998 -0.068485 0.077251 0.072838 0.991986
2059.000000 -1.834135 -0.858971 -14.032900 -0.070858 0.083430 0.073038 0.991304
2060.000000 -1.973611 -0.781691 -14.295684 -0.068670 0.088507 0.073578 0.990978
2061.000000 -2.084473 -0.655467 -14.562955 -0.062259 0.091786 0.074395 0.991042
2062.000000 -2.147040 -0.456970 -14.840500 -0.054471 0.093337 0.075234 0.991293
2063.000000 -2.172934 -0.287492 -15.118946 -0.049009 0.093987 0.075795 0.991473
2064.000000 -2.208598 -0.283535 -15.394534 -0.048429 0.094891 0.075886 0.991409
2065.000000 -2.266686 -0.435469 -15.662506 -0.053259 0.097002 0.075485 0.990987
2066.000000 -2.360995 -0.734052 -15.917061 -0.062464 0.100693 0.074700 0.990141
2067.000000 -2.487056 -1.124911 -16.153884 -0.074400 0.105604 0.073680 0.988880
2068.000000 -2.617875 -1.547236 -16.374743 -0.087480 0.110726 0.072540 0.987332
2069.000000 -2.702963 -1.970670 -16.588591 -0.100500 0.114740 0.071315 0.985722
2070.000000 -2.738177 -2.386003 -16.808503 -0.112828 0.116543 0.069967 0.984272
2071.000000 -2.672623 -2.778084 -17.035790 -0.124453 0.115756 0.068428 0.983071
2072.000000 -2.556263 -3.161936 -17.267053 -0.135773 0.112998 0.066688 0.982013
2073.000000 -2.422459 -3.546270 -17.489490 -0.147262 0.109775 0.064851 0.980845
2074.000000 -2.346743 -3.961475 -17.689942 -0.159283 0.107985 0.063133 0.979277
2075.000000 -2.367955 -4.426297 -17.857643 -0.172123 0.109184 0.061752 0.977056
2076.000000 -2.510905 -4.944103 -17.982495 -0.185975 0.113967 0.060820 0.974026
2077.000000 -2.756031 -5.492807 -18.061569 -0.200670 0.121777 0.060308 0.970188
2078.000000 -3.061833 -6.038107 -18.108498 -0.215293 0.131238 0.060122 0.965821
2079.000000 -3.386280 -6.525092 -18.155633 -0.228093 0.140743 0.060220 0.961529
2080.000000 -3.669457 -6.856362 -18.249055 -0.236885 0.148990 0.060687 0.958126
2081.000000 -3.891859 -6.965478 -18.430791 -0.239863 0.155391 0.061716 0.956300
2082.000000 -4.086752 -6.839013 -18.709650 -0.236484 0.160471 0.063561 0.956182
2083.000000 -4.338305 -6.538087 -19.044710 -0.228104 0.166141 0.066464 0.957052
2084.000000 -4.762879 -6.182759 -19.351403 -0.218094 0.175456 0.070481 0.957435
2085.000000 -5.438420 -5.981078 -19.525040 -0.211256 0.191490 0.075206 0.955535
2086.000000 -6.403242 -6.140566 -19.467346 -0.212487 0.215625 0.079627 0.949745
2087.000000 -7.581839 -6.772793 -19.108215 -0.224994 0.246279 0.082346 0.939118
2088.000000 -8.769891 -7.823730 -18.432526 -0.248731 0.279109 0.082174 0.923839
2089.000000 -9.769557 -9.091953 -17.538427 -0.279898 0.308890 0.078812 0.905557
2090.000000 -10.514824 -10.329228 -16.619447 -0.312077 0.331997 0.073257 0.887141
2091.000000 -11.020390 -11.302764 -15.880335 -0.338736 0.347721 0.067564 0.871655
2092.000000 -11.339404 -11.902562 -15.462722 -0.355868 0.357497 0.063779 0.861096
2093.000000 -11.501906 -12.176429 -15.392721 -0.363281 0.362948 0.062610 0.855790
2094.000000 -11.520120 -12.237649 -15.602709 -0.363962 0.364600 0.062964 0.854772
2095.000000 -11.419215 -12.178530 -15.999845 -0.361978 0.362262 0.062945 0.856608
2096.000000 -11.229159 -12.080456 -16.492248 -0.360190 0.356359 0.061446 0.859939
2097.000000 -10.963792 -12.007509 -17.005908 -0.359185 0.348740 0.058934 0.863651
2098.000000 -10.720883 -11.936808 -17.494444 -0.357951 0.342097 0.056890 0.866951
2099.000000 -10.580346 -11.836003 -17.932507 -0.355435 0.338513 0.056562 0.869411
2100.000000 -10.592583 -11.678589 -18.311338 -0.351593 0.338429 0.058126 0.870901
2101.000000 -10.691948 -11.513074 -18.632689 -0.347365 0.340800 0.060771 0.871493
2102.000000 -10.835207 -11.389581 -18.908881 -0.343939 0.344072 0.063409 0.871378
2103.000000 -10.969293 -11.316632 -19.153371 -0.342047 0.347079 0.065296 0.870791
2104.000000 -11.072284 -11.309562 -19.380959 -0.341769 0.349226 0.066186 0.869974
2105.000000 -11.103688 -11.354811 -19.611792 -0.342835 0.350073 0.066034 0.869225
2106.000000 -11.027375 -11.457548 -19.870173 -0.345085 0.348835 0.064624 0.868938
2107.000000 -10.799469 -11.611844 -20.180443 -0.348721 0.344359 0.061448 0.869503
2108.000000 -10.374172 -11.838603 -20.547733 -0.354228 0.335656 0.055931 0.871051
2109.000000 -9.740549 -12.171866 -20.943410 -0.362094 0.322598 0.047810 0.873231
2110.000000 -8.945678 -12.640561 -21.307944 -0.372580 0.306225 0.037370 0.875222
2111.000000 -8.073232 -13.240814 -21.575423 -0.385622 0.288405 0.025387 0.876056
2112.000000 -7.219238 -13.965348 -21.702135 -0.400827 0.271075 0.012848 0.875038
2113.000000 -6.456560 -14.771377 -21.681591 -0.417496 0.255549 0.000627 0.872004
2114.000000 -5.811556 -15.615112 -21.541656 -0.434735 0.242252 -0.010722 0.867297
2115.000000 -5.273959 -16.448045 -21.326588 -0.451661 0.230928 -0.021002 0.861530
2116.000000 -4.817150 -17.235315 -21.078186 -0.467638 0.221039 -0.030276 0.855301
2117.000000 -4.416593 -17.965683 -20.823992 -0.482397 0.212099 -0.038721 0.849004
2118.000000 -4.049124 -18.636677 -20.574475 -0.495990 0.203813 -0.046511 0.842788
2119.000000 -3.714759 -19.262542 -20.328537 -0.508641 0.196052 -0.053769 0.836634
2120.000000 -3.413128 -19.851797 -20.080707 -0.520600 0.188790 -0.060564 0.830462
2121.000000 -3.133145 -20.416104 -19.826941 -0.532051 0.182045 -0.066914 0.824199
2122.000000 -2.890754 -20.956979 -19.566625 -0.543074 0.175876 -0.072794 0.817826
2123.000000 -2.684766 -21.467300 -19.306775 -0.553598 0.170401 -0.078108 0.811414
2124.000000 -2.519237 -21.941423 -19.066053 -0.563355 0.165835 -0.082664 0.805169
2125.000000 -2.409942 -22.342530 -18.875613 -0.571875 0.162500 -0.086168 0.799455
2126.000000 -2.366354 -22.651889 -18.771821 -0.578647 0.160723 -0.088307 0.794694
2127.000000 -2.396311 -22.860312 -18.776175 -0.583432 0.160655 -0.088934 0.791131
2128.000000 -2.472607 -23.003997 -18.875341 -0.586544 0.162090 -0.088227 0.788612
2129.000000 -2.596331 -23.105931 -19.023806 -0.588782 0.164506 -0.086668 0.786614
2130.000000 -2.738691 -23.192063 -19.176069 -0.590917 0.167372 -0.084752 0.784615
2131.000000 -2.899680 -23.291088 -19.324765 -0.593066 0.170525 -0.082614 0.782540
2132.000000 -3.096864 -23.319753 -19.510320 -0.594519 0.174284 -0.079903 0.780889
2133.000000 -3.348321 -23.254548 -19.791144 -0.594302 0.179138 -0.076088 0.780337
2134.000000 -3.626099 -23.132105 -20.182084 -0.592056 0.185278 -0.070946 0.781094
2135.000000 -3.978641 -22.935943 -20.640233 -0.588492 0.192390 -0.064824 0.782599
2136.000000 -4.346605 -22.727752 -21.077170 -0.585045 0.199850 -0.058459 0.783814
2137.000000 -4.726080 -22.598511 -21.415952 -0.583109 0.207068 -0.052586 0.783799
2138.000000 -5.080722 -22.597591 -21.613572 -0.583519 0.213634 -0.047714 0.782042
2139.000000 -5.397940 -22.748287 -21.657222 -0.586567 0.219248 -0.044164 0.778408
2140.000000 -5.639196 -23.065891 -21.551295 -0.592177 0.223674 -0.042128 0.772995
2141.000000 -5.842260 -23.468307 -21.322642 -0.599877 0.226868 -0.041554 0.766128
2142.000000 -5.997083 -23.932588 -21.020162 -0.608687 0.229151 -0.041971 0.758438
2143.000000 -6.136958 -24.383440 -20.715285 -0.617319 0.231143 -0.042567 0.750785
2144.000000 -6.286289 -24.770914 -20.474177 -0.624696 0.233462 -0.042552 0.743935
2145.000000 -6.452254 -25.082750 -20.327816 -0.630376 0.236394 -0.041552 0.738253
2146.000000 -6.659985 -25.286623 -20.269131 -0.634566 0.239785 -0.039742 0.733655
2147.000000 -6.843824 -25.451854 -20.268481 -0.637846 0.243141 -0.037706 0.729803
2148.000000 -6.989256 -25.628516 -20.289534 -0.640901 0.245813 -0.036210 0.726299
2149.000000 -7.075712 -25.805068 -20.298310 -0.644356 0.247183 -0.035995 0.722780
2150.000000 -7.068164 -26.042920 -20.272907 -0.648616 0.246845 -0.037558 0.718996
2151.000000 -6.958918 -26.339145 -20.210128 -0.653662 0.244762 -0.040942 0.714941
2152.000000 -6.790183 -26.631172 -20.142602 -0.658950 0.241311 -0.045664 0.710963
2153.000000 -6.579056 -26.899010 -20.125060 -0.663582 0.237134 -0.050889 0.707698
2154.000000 -6.358036 -27.082032 -20.219636 -0.666653 0.232895 -0.055763 0.705850
2155.000000 -6.141146 -27.146711 -20.473691 -0.667538 0.229060 -0.059698 0.705947
2156.000000 -5.953572 -27.074073 -20.907745 -0.665975 0.225839 -0.062446 0.708220
2157.000000 -5.783941 -26.847649 -21.512842 -0.662057 0.223225 -0.064057 0.712564
2158.000000 -5.619150 -26.514540 -22.246673 -0.656295 0.221035 -0.064834 0.718483
2159.000000 -5.455854 -26.119372 -23.031638 -0.649683 0.218939 -0.065322 0.725059
2160.000000 -5.266918 -25.767724 -23.772868 -0.643511 0.216537 -0.066170 0.731181
2161.000000 -5.036665 -25.507144 -24.405885 -0.638795 0.213537 -0.067855 0.736029
2162.000000 -4.792329 -25.294593 -24.924971 -0.635689 0.209917 -0.070416 0.739511
2163.000000 -4.517341 -25.161862 -25.381948 -0.633445 0.205914 -0.073484 0.742259
2164.000000 -4.214824 -25.028886 -25.845456 -0.631029 0.201828 -0.076591 0.745118
2165.000000 -3.920348 -24.859261 -26.352811 -0.627845 0.197816 -0.079493 0.748572
2166.000000 -3.620624 -24.599289 -26.904193 -0.623929 0.193825 -0.082245 0.752582
2167.000000 -3.289003 -24.332542 -27.471869 -0.619579 0.189643 -0.085079 0.756914
2168.000000 -2.914222 -24.035525 -28.055892 -0.614883 0.184927 -0.088299 0.761528
2169.000000 -2.447059 -23.703434 -28.661581 -0.609620 0.179150 -0.092303 0.766647
2170.000000 -1.833524 -23.321635 -29.296176 -0.603541 0.171639 -0.097596 0.772498
2171.000000 -1.026850 -22.906341 -29.938667 -0.596716 0.161794 -0.104630 0.778977
2172.000000 -0.028199 -22.526219 -30.537202 -0.589681 0.149444 -0.113541 0.785526
2173.000000 1.120728 -22.207513 -31.027822 -0.583302 0.135074 -0.123956 0.791295
2174.000000 2.344725 -22.040075 -31.362979 -0.578520 0.119747 -0.135061 0.795446
2175.000000 3.506514 -22.068856 -31.514472 -0.576203 0.104722 -0.145904 0.797330
2176.000000 4.518858 -22.344577 -31.464622 -0.577248 0.090917 -0.155770 0.796401
2177.000000 5.372040 -22.960100 -31.168224 -0.582797 0.078478 -0.164445 0.791926
2178.000000 6.057215 -24.002689 -30.523449 -0.594239 0.066719 -0.172217 0.782796
2179.000000 6.644250 -25.556639 -29.396543 -0.612615 0.054593 -0.179543 0.767780
2180.000000 7.166898 -27.584933 -27.690950 -0.637603 0.041536 -0.186567 0.746278
2181.000000 7.520152 -29.747054 -25.445673 -0.666885 0.028101 -0.192809 0.719235
2182.000000 7.765824 -31.790797 -22.932529 0.696756 -0.015774 0.197384 -0.689436
2183.000000 7.880639 -33.523152 -20.507151 0.723758 -0.005974 0.199650 -0.660513
2184.000000 7.876696 -34.860598 -18.424322 0.746126 0.000913 0.199765 -0.635129
2185.000000 7.841992 -35.829527 -16.727612 0.764028 0.005681 0.198656 -0.613812
2186.000000 7.801799 -36.584217 -15.295558 0.778738 0.009640 0.197481 -0.595378
2187.000000 7.793399 -37.200633 -13.973773 0.791529 0.013824 0.197073 -0.578319
2188.000000 7.835390 -37.735152 -12.690951 0.802987 0.018659 0.197795 -0.561909
2189.000000 7.904499 -38.175026 -11.473775 0.812971 0.024122 0.199783 -0.546428
2190.000000 8.013028 -38.518625 -10.406765 0.820953 0.030029 0.203189 -0.532774
2191.000000 8.146716 -38.759800 -9.583561 0.826396 0.036158 0.208175 -0.521944
2192.000000 8.293853 -38.903706 -9.072025 0.828995 0.042252 0.214740 -0.514654
2193.000000 8.457307 -38.962409 -8.895711 0.828776 0.048075 0.222690 -0.511104
2194.000000 8.649703 -38.955255 -9.018802 0.826064 0.053588 0.231839 -0.510878
2195.000000 8.859678 -38.892494 -9.355789 0.821347 0.059032 0.242199 -0.513073
2196.000000 9.135470 -38.802189 -9.812228 0.815095 0.064749 0.253856 -0.516706
2197.000000 9.418679 -38.665465 -10.337494 0.807622 0.070800 0.266624 -0.521196
2198.000000 9.728542 -38.492928 -10.942066 0.799037 0.076785 0.279915 -0.526584
2199.000000 10.048268 -38.255900 -11.679191 0.789284 0.082098 0.293074 -0.533291
2200.000000 10.425784 -37.977041 -12.588345 0.778219 0.086385 0.305835 -0.541644
2201.000000 10.784663 -37.609923 -13.663893 0.765714 0.089688 0.318348 -0.551628
2202.000000 11.167274 -37.136360 -14.887783 0.751764 0.092072 0.330660 -0.563061
2203.000000 11.555493 -36.557900 -16.262555 0.736608 0.093106 0.342175 -0.575896
2204.000000 11.885310 -35.844678 -17.821407 0.720805 0.091787 0.351629 -0.590230
2205.000000 12.077331 -35.016221 -19.579309 0.705204 0.087042 0.357636 -0.605977
2206.000000 12.053043 -34.064717 -21.500206 0.690729 0.078435 0.359405 -0.622551
2207.000000 11.820233 -33.027383 -23.476456 0.678028 0.066597 0.357225 -0.638932
2208.000000 11.393544 -31.991326 -25.373486 0.667162 0.053155 0.352482 -0.654084
2209.000000 10.927509 -30.987775 -27.084796 -0.657567 -0.040214 -0.347205 0.667411
2210.000000 10.554606 -30.041032 -28.564711 -0.648357 -0.029584 -0.343268 0.678915
2211.000000 10.381478 -29.138548 -29.833525 -0.638816 -0.022016 -0.341581 0.689022
2212.000000 10.374835 -28.263979 -30.955391 -0.628810 -0.016814 -0.341673 0.698266
2213.000000 10.313062 -27.384862 -32.004703 -0.618877 -0.012116 -0.341968 0.707038
2214.000000 10.208952 -26.504865 -33.062105 -0.609934 -0.005828 -0.340662 0.715469
2215.000000 9.749054 -25.640409 -34.152302 -0.602749 0.003253 -0.336706 0.723403
2216.000000 9.026169 -24.820465 -35.227322 -0.597494 0.014777 -0.330344 0.730517
2217.000000 8.193442 -24.071743 -36.230736 -0.593654 0.027059 -0.322933 0.736585
2218.000000 7.441900 -23.397874 -37.116491 -0.590301 0.038097 -0.316149 0.741716
2219.000000 6.819426 -22.770295 -37.900621 -0.586530 0.046758 -0.311034 0.746361
2220.000000 6.414379 -22.111033 -38.631907 -0.581775 0.053326 -0.307534 0.751078
2221.000000 6.107887 -21.390540 -39.364590 -0.575865 0.059001 -0.304840 0.756287
2222.000000 5.857246 -20.554983 -40.128256 -0.568859 0.064811 -0.302216 0.762145
2223.000000 5.599141 -19.609390 -40.913435 -0.560886 0.070832 -0.299566 0.768538
2224.000000 5.403859 -18.614669 -41.684726 -0.552200 0.076312 -0.297337 0.775141
2225.000000 5.333031 -17.642561 -42.397247 -0.543340 0.080449 -0.295956 0.781486
2226.000000 5.372921 -16.778882 -43.024200 -0.535167 0.083161 -0.295341 0.787054
2227.000000 5.384770 -16.090166 -43.567272 -0.528662 0.085345 -0.294800 0.791407
2228.000000 5.222397 -15.577232 -44.050973 -0.524608 0.088536 -0.293303 0.794305
2229.000000 4.686668 -15.256401 -44.499695 -0.523331 0.094193 -0.289945 0.795729
2230.000000 3.783708 -15.071467 -44.929172 -0.524620 0.102952 -0.284367 0.795808
2231.000000 2.538036 -14.992099 -45.322937 -0.527841 0.114300 -0.276931 0.794751
2232.000000 1.120903 -14.998479 -45.658355 -0.532171 0.126880 -0.268540 0.792832
2233.000000 -0.320283 -15.053725 -45.930741 -0.536851 0.139196 -0.260203 0.790386
2234.000000 -1.631617 -15.142020 -46.151448 -0.541336 0.150252 -0.252625 0.787756
2235.000000 -2.764358 -15.261361 -46.340808 -0.545296 0.159783 -0.246025 0.785234
2236.000000 -3.757708 -15.304792 -46.524388 -0.548519 0.168093 -0.240223 0.783048
2237.000000 -4.672005 -15.319536 -46.721866 -0.550829 0.175643 -0.234911 0.781379
2238.000000 -5.455110 -15.225505 -46.940517 -0.552115 0.182574 -0.229995 0.780345
2239.000000 -6.124747 -15.061805 -47.188785 -0.552422 0.188455 -0.225786 0.779958
2240.000000 -6.541321 -14.897915 -47.462429 -0.551991 0.192580 -0.222804 0.780113
2241.000000 -6.746670 -14.739316 -47.761421 -0.551118 0.194761 -0.221198 0.780646
2242.000000 -6.869264 -14.556715 -48.080118 -0.549932 0.195996 -0.220254 0.781440
2243.000000 -7.119713 -14.277682 -48.401604 -0.548296 0.198254 -0.218545 0.782499
2244.000000 -7.602616 -13.854640 -48.729842 -0.545944 0.203327 -0.214760 0.783889
2245.000000 -8.439408 -13.229663 -49.040806 -0.542753 0.211548 -0.208635 0.785581
2246.000000 -9.474125 -12.501621 -49.324585 -0.539011 0.221325 -0.201320 0.787371
2247.000000 -10.365662 -11.837430 -49.588207 -0.535480 0.229773 -0.194950 0.788961
2248.000000 -10.739361 -11.460782 -49.860649 -0.533134 0.234022 -0.191677 0.790103
2249.000000 -10.555346 -11.451657 -50.185557 -0.532607 0.232566 -0.192634 0.790654
2250.000000 -9.829241 -11.769410 -50.538244 -0.533754 0.226092 -0.197297 0.790610
2251.000000 -8.853251 -12.254363 -50.879798 -0.535720 0.217372 -0.203604 0.790126
2252.000000 -8.071825 -12.696053 -51.180904 -0.537574 0.210145 -0.208842 0.789454
2253.000000 -7.797908 -12.951036 -51.438620 -0.538961 0.207497 -0.210819 0.788683
2254.000000 -8.226647 -12.995063 -51.638117 -0.540220 0.210657 -0.208687 0.787550
2255.000000 -9.272571 -12.961432 -51.752739 -0.541893 0.218747 -0.203079 0.785659
2256.000000 -10.651756 -12.920455 -51.780857 -0.544091 0.229295 -0.195725 0.782995
2257.000000 -11.875498 -12.849306 -51.769518 -0.546250 0.238907 -0.188998 0.780266
2258.000000 -12.189304 -12.739390 -51.752553 -0.547017 0.242192 -0.186692 0.779270
2259.000000 -11.339522 -12.898476 -51.780158 -0.545232 0.234454 -0.192118 0.781565
2260.000000 -9.940225 -12.934600 -51.775767 -0.542947 0.223910 -0.199483 0.784398
2261.000000 -8.689087 -12.987328 -51.707225 -0.540982 0.214211 -0.206229 0.786715
2262.000000 -7.932118 -12.998696 -51.547499 -0.539569 0.208360 -0.210259 0.788190
2263.000000 -7.850622 -12.839847 -51.315764 -0.538318 0.208120 -0.210328 0.789090
2264.000000 -8.420657 -12.502669 -51.035460 -0.536702 0.213346 -0.206519 0.789800
2265.000000 -9.341308 -12.004060 -50.713336 -0.534700 0.221783 -0.200413 0.790407
2266.000000 -10.251886 -11.572300 -50.359861 -0.533014 0.229823 -0.194603 0.790701
2267.000000 -10.721990 -11.418587 -50.017796 -0.532632 0.234020 -0.191618 0.790456
2268.000000 -10.624426 -11.605773 -49.719360 -0.534104 0.232562 -0.192821 0.789600
2269.000000 -9.962141 -12.136201 -49.457386 -0.537157 0.225911 -0.197869 0.788209
2270.000000 -8.945557 -12.877370 -49.186027 -0.540913 0.216405 -0.205006 0.786482
2271.000000 -7.995036 -13.564808 -48.889043 -0.544447 0.207101 -0.211950 0.784706
2272.000000 -7.315584 -14.085246 -48.565911 -0.547224 0.200373 -0.216961 0.783150
2273.000000 -6.958557 -14.439016 -48.242468 -0.549187 0.196864 -0.219592 0.781932
2274.000000 -6.813139 -14.644704 -47.919007 -0.550567 0.195386 -0.220723 0.781013
2275.000000 -6.658790 -14.822310 -47.608836 -0.551596 0.193882 -0.221851 0.780342
2276.000000 -6.371765 -14.985380 -47.322178 -0.552279 0.190771 -0.224116 0.779978
2277.000000 -5.807733 -15.144647 -47.060872 -0.552379 0.185691 -0.227769 0.780075
2278.000000 -5.081812 -15.288086 -46.828267 -0.551602 0.179200 -0.232394 0.780779
2279.000000 -4.229157 -15.317578 -46.621272 -0.549798 0.171942 -0.237520 0.782140
2280.000000 -3.275806 -15.286722 -46.431722 -0.547011 0.164060 -0.243044 0.784087
2281.000000 -2.208230 -15.208805 -46.247500 -0.543397 0.155198 -0.249207 0.786466
2282.000000 -1.000578 -15.089862 -46.046570 -0.539143 0.144915 -0.256294 0.789074
2283.000000 0.395348 -15.014918 -45.802408 -0.534507 0.133150 -0.264310 0.791652
2284.000000 1.837038 -14.994644 -45.498522 -0.529919 0.120535 -0.272789 0.793879
2285.000000 3.197690 -15.022376 -45.131730 -0.526039 0.108375 -0.280833 0.795406
2286.000000 4.284242 -15.142111 -44.717950 -0.523687 0.098190 -0.287428 0.795925
2287.000000 4.999423 -15.399372 -44.277776 -0.523624 0.090990 -0.291896 0.795195
2288.000000 5.341823 -15.810263 -43.814736 -0.526296 0.086712 -0.294237 0.793044
2289.000000 5.392777 -16.412690 -43.305621 -0.531649 0.084231 -0.295123 0.789403
2290.000000 5.359313 -17.196200 -42.722423 -0.539105 0.081949 -0.295584 0.784398
2291.000000 5.348750 -18.125951 -42.050261 -0.547744 0.078576 -0.296530 0.778378
2292.000000 5.489656 -19.114015 -41.303985 -0.556606 0.073700 -0.298364 0.771840
2293.000000 5.738921 -20.098608 -40.519459 -0.564982 0.067830 -0.300873 0.765291
2294.000000 5.974815 -20.986477 -39.742981 -0.572492 0.061859 -0.303542 0.759136
2295.000000 6.251396 -21.763138 -38.995203 -0.578964 0.056194 -0.306143 0.753604
2296.000000 6.594278 -22.449771 -38.268977 -0.584294 0.050238 -0.309124 0.748678
2297.000000 7.114280 -23.080791 -37.518606 -0.588513 0.042739 -0.313361 0.744064
2298.000000 7.793670 -23.727826 -36.689217 -0.591978 0.032836 -0.319374 0.739246
2299.000000 8.614691 -24.436656 -35.741899 -0.595450 0.020956 -0.326660 0.733684
2300.000000 9.397423 -25.224812 -34.693831 -0.599898 0.008793 -0.333760 0.727083
2301.000000 10.035290 -26.065409 -33.605931 -0.606094 -0.001653 -0.339032 0.719517
2302.000000 10.271345 -26.947018 -32.532995 -0.614224 -0.009279 -0.341608 0.711299
2303.000000 10.337687 -27.826451 -31.478547 -0.623780 -0.014542 -0.341915 0.702695
2304.000000 10.370329 -28.702509 -30.407341 -0.633852 -0.019217 -0.341486 0.693722
2305.000000 10.438954 -29.581461 -29.222544 -0.643652 -0.025427 -0.342140 0.684109
2306.000000 10.713910 -30.501646 -27.853816 -0.652968 -0.034531 -0.344982 0.673370
2307.000000 11.157312 -31.485571 -26.256520 0.662259 0.046492 0.349779 -0.660988
2308.000000 11.622914 -32.510587 -24.442418 0.672388 0.059948 0.355054 -0.646713
2309.000000 11.962612 -33.556481 -22.489611 0.684137 0.072837 0.358744 -0.630836
2310.000000 12.096227 -34.553555 -20.524903 0.697774 0.083208 0.359060 -0.614218
2311.000000 12.005548 -35.439235 -18.676377 0.712920 0.089893 0.355134 -0.597950
2312.000000 11.729726 -36.224805 -17.016449 0.728740 0.092815 0.347252 -0.582872
2313.000000 11.366545 -36.855607 -15.554871 0.744310 0.092810 0.336584 -0.569298
2314.000000 10.973085 -37.388019 -14.258007 0.758911 0.091006 0.324547 -0.557172
2315.000000 10.605009 -37.800780 -13.106903 0.772151 0.088149 0.312109 -0.546443
2316.000000 10.238595 -38.130953 -12.111196 0.783925 0.084374 0.299500 -0.537255
2317.000000 9.863422 -38.374829 -11.289791 0.794314 0.079558 0.286540 -0.529745
2318.000000 9.577387 -38.582820 -10.627744 0.803469 0.073840 0.273250 -0.523755
2319.000000 9.279354 -38.741246 -10.067275 0.811499 0.067747 0.260131 -0.518856
2320.000000 9.000637 -38.849933 -9.573562 0.818388 0.061842 0.247867 -0.514760
2321.000000 8.743796 -38.928822 -9.166361 0.823925 0.056295 0.236860 -0.511739
2322.000000 8.547357 -38.964464 -8.924308 0.827703 0.050861 0.227119 -0.510624
2323.000000 8.371197 -38.942018 -8.942814 0.829223 0.045207 0.218557 -0.512423
2324.000000 8.222778 -38.844575 -9.286391 0.828057 0.039227 0.211269 -0.517830
2325.000000 8.076055 -38.655102 -9.959855 0.824019 0.033081 0.205479 -0.526951
2326.000000 7.956982 -38.359673 -10.916256 0.817249 0.027033 0.201297 -0.539308
2327.000000 7.863155 -37.965453 -12.072453 0.808192 0.021322 0.198623 -0.554004
2328.000000 7.806037 -37.479830 -13.327796 0.797419 0.016155 0.197283 -0.570036
2329.000000 7.794236 -36.902691 -14.627543 0.785317 0.011663 0.197149 -0.586748
2330.000000 7.819715 -36.228070 -15.989392 0.771691 0.007683 0.198013 -0.604338
2331.000000 7.860628 -35.381185 -17.532586 0.755568 0.003481 0.199288 -0.624011
2332.000000 7.889830 -34.242988 -19.414990 0.735550 -0.002194 0.199932 -0.647293
2333.000000 7.839694 -32.702785 -21.688636 0.710775 -0.010503 0.198818 -0.674655
2334.000000 7.658613 -30.798897 -24.200180 -0.681990 0.021695 -0.195359 0.704453
2335.000000 7.355724 -28.665053 -26.622711 -0.651923 0.034785 -0.189838 0.733313
2336.000000 6.908919 -26.522121 -28.617865 -0.624380 0.048175 -0.183108 0.757826
2337.000000 6.354780 -24.711270 -30.028459 -0.602537 0.060759 -0.175914 0.776088
2338.000000 5.738394 -23.421261 -30.897741 -0.587697 0.072579 -0.168414 0.788023
2339.000000 4.965600 -22.603621 -31.352372 -0.579375 0.084553 -0.160248 0.794667
2340.000000 4.034592 -22.170013 -31.516440 -0.576242 0.097637 -0.150986 0.797255
2341.000000 2.935355 -22.024121 -31.462276 -0.577001 0.112125 -0.140570 0.796705
2342.000000 1.733586 -22.101203 -31.217426 -0.580655 0.127450 -0.129483 0.793618
2343.000000 0.534556 -22.356489 -30.799941 -0.586350 0.142455 -0.118604 0.788564
2344.000000 -0.552222 -22.711234 -30.247453 -0.593176 0.155919 -0.108862 0.782292
2345.000000 -1.452195 -23.117466 -29.619059 -0.600198 0.167033 -0.100876 0.775684
2346.000000 -2.164188 -23.519487 -28.975754 -0.606689 0.175655 -0.094756 0.769477
2347.000000 -2.697928 -23.876405 -28.355020 -0.612342 0.182211 -0.090173 0.764006
2348.000000 -3.108706 -24.183958 -27.761833 -0.617283 0.187380 -0.086618 0.759176
2349.000000 -3.457844 -24.481122 -27.186590 -0.621794 0.191775 -0.083634 0.754718
2350.000000 -3.770342 -24.741744 -26.624414 -0.625960 0.195828 -0.080876 0.750523
2351.000000 -4.071316 -24.942567 -26.093519 -0.629543 0.199812 -0.078070 0.746763
2352.000000 -4.366121 -25.101026 -25.609391 -0.632312 0.203866 -0.075055 0.743631
2353.000000 -4.659452 -25.221588 -25.156653 -0.634527 0.207943 -0.071918 0.740921
2354.000000 -4.917577 -25.391999 -24.677515 -0.637071 0.211794 -0.069042 0.737914
2355.000000 -5.153256 -25.628507 -24.104733 -0.640937 0.215121 -0.066894 0.733790
2356.000000 -5.371002 -25.928067 -23.413348 -0.646464 0.217800 -0.065663 0.728242
2357.000000 -5.535676 -26.320598 -22.638569 -0.653016 0.220001 -0.065073 0.721758
2358.000000 -5.704725 -26.693506 -21.867855 -0.659355 0.222095 -0.064521 0.715375
2359.000000 -5.863795 -26.975010 -21.190662 -0.664289 0.224463 -0.063381 0.710154
2360.000000 -6.044916 -27.129656 -20.667991 -0.667065 0.227369 -0.061224 0.706809
2361.000000 -6.249234 -27.131969 -20.324838 -0.667393 0.230908 -0.057871 0.705634
2362.000000 -6.465241 -27.002765 -20.154837 -0.665360 0.234987 -0.053415 0.706558
2363.000000 -6.686833 -26.773344 -20.123521 -0.661409 0.239269 -0.048271 0.709196
2364.000000 -6.886396 -26.478431 -20.173928 -0.656328 0.243171 -0.043184 0.712908
2365.000000 -7.019097 -26.196030 -20.244909 -0.651063 0.246007 -0.039041 0.716989
2366.000000 -7.076271 -25.930758 -20.287072 -0.646374 0.247240 -0.036539 0.720929
2367.000000 -7.050520 -25.696486 -20.300570 -0.642546 0.246694 -0.035902 0.724561
2368.000000 -6.924775 -25.539611 -20.278567 -0.639360 0.244604 -0.036841 0.728032
2369.000000 -6.757353 -25.367719 -20.263751 -0.636277 0.241506 -0.038706 0.731661
2370.000000 -6.552575 -25.197246 -20.289058 -0.632626 0.238057 -0.040719 0.735836
2371.000000 -6.366319 -24.936961 -20.388856 -0.627748 0.234851 -0.042177 0.740944
2372.000000 -6.208821 -24.588337 -20.583848 -0.621209 0.232233 -0.042672 0.747225
2373.000000 -6.065705 -24.157887 -20.863040 -0.613104 0.230140 -0.042302 0.754553
2374.000000 -5.924611 -23.701538 -21.176563 -0.604222 0.228089 -0.041685 0.762335
2375.000000 -5.744550 -23.255388 -21.450138 -0.595815 0.225414 -0.041677 0.769711
2376.000000 -5.525258 -22.897315 -21.621707 -0.589070 0.221619 -0.042952 0.775910
2377.000000 -5.249342 -22.643211 -21.654757 -0.584710 0.216577 -0.045758 0.780458
2378.000000 -4.904444 -22.578623 -21.533571 -0.582992 0.210452 -0.050002 0.783153
2379.000000 -4.538516 -22.650147 -21.262487 -0.583821 0.203519 -0.055423 0.784003
2380.000000 -4.160683 -22.829591 -20.866845 -0.586657 0.196117 -0.061621 0.783310
2381.000000 -3.797290 -23.039476 -20.408021 -0.590358 0.188748 -0.067966 0.781814
2382.000000 -3.475825 -23.204182 -19.973686 -0.593413 0.182056 -0.073674 0.780570
2383.000000 -3.219459 -23.297604 -19.636764 -0.594665 0.176551 -0.078160 0.780445
2384.000000 -2.991831 -23.308281 -19.408143 -0.593945 0.172297 -0.081365 0.781616
2385.000000 -2.814558 -23.244957 -19.249411 -0.592018 0.168902 -0.083723 0.783567
2386.000000 -2.663831 -23.148950 -19.101000 -0.589834 0.165905 -0.085734 0.785634
2387.000000 -2.531643 -23.059992 -18.946633 -0.587715 0.163214 -0.087518 0.787587
2388.000000 -2.428859 -22.939763 -18.816358 -0.585154 0.161213 -0.088722 0.789768
2389.000000 -2.371577 -22.765152 -18.760281 -0.581282 0.160479 -0.088807 0.792761
2390.000000 -2.375961 -22.513244 -18.811114 -0.575505 0.161400 -0.087424 0.796932
2391.000000 -2.458511 -22.148224 -18.961926 -0.567804 0.163992 -0.084568 0.802218
2392.000000 -2.593155 -21.708469 -19.182343 -0.558598 0.167986 -0.080498 0.808251
2393.000000 -2.783023 -21.216109 -19.435857 -0.548410 0.173041 -0.075531 0.814616
2394.000000 -3.010258 -20.688823 -19.697317 -0.537616 0.178883 -0.069917 0.821024
2395.000000 -3.270108 -20.138207 -19.954826 -0.526381 0.185350 -0.063795 0.827344
2396.000000 -3.561332 -19.561943 -20.205165 -0.514693 0.192358 -0.057222 0.833556
2397.000000 -3.877992 -18.955443 -20.451398 -0.502417 0.199870 -0.050201 0.839708
2398.000000 -4.230063 -18.306459 -20.698465 -0.489328 0.207885 -0.042689 0.845884
2399.000000 -4.610226 -17.608701 -20.950874 -0.475173 0.216473 -0.034591 0.852147
2400.000000 -5.034721 -16.848469 -21.204491 -0.459793 0.225838 -0.025755 0.858443
2401.000000 -5.531109 -16.035938 -21.440632 -0.443285 0.236375 -0.015996 0.864505
2402.000000 -6.120959 -15.190327 -21.623793 -0.426103 0.248626 -0.005176 0.869824
2403.000000 -6.823523 -14.360995 -21.709209 -0.409032 0.263040 0.006654 0.873761
2404.000000 -7.638017 -13.590290 -21.657758 -0.392991 0.279576 0.019126 0.875802
2405.000000 -8.512370 -12.923444 -21.457395 -0.378799 0.297366 0.031510 0.875838
2406.000000 -9.359125 -12.390823 -21.133903 -0.367006 0.314721 0.042840 0.874312
2407.000000 -10.082829 -11.991146 -20.745205 -0.357843 0.329633 0.052191 0.872105
2408.000000 -10.613276 -11.713545 -20.357901 -0.351207 0.340570 0.059010 0.870163
2409.000000 -10.935023 -11.527856 -20.017783 -0.346703 0.347076 0.063295 0.869096
2410.000000 -11.084389 -11.398623 -19.735980 -0.343809 0.349782 0.065512 0.868997
2411.000000 -11.095931 -11.326076 -19.494586 -0.342152 0.349850 0.066247 0.869568
2412.000000 -11.030479 -11.305860 -19.268064 -0.341720 0.348284 0.065869 0.870395
2413.000000 -10.903979 -11.344972 -19.034267 -0.342782 0.345656 0.064471 0.871129
2414.000000 -10.761717 -11.447037 -18.775512 -0.345490 0.342412 0.062150 0.871509
2415.000000 -10.642427 -11.587695 -18.479059 -0.349449 0.339406 0.059384 0.871299
2416.000000 -10.568712 -11.763988 -18.129278 -0.353637 0.338074 0.057142 0.870277
2417.000000 -10.630711 -11.891738 -17.720897 -0.356884 0.339852 0.056472 0.868300
2418.000000 -10.838200 -11.974275 -17.254976 -0.358679 0.345135 0.057756 0.865388
2419.000000 -11.096939 -12.041326 -16.750185 -0.359633 0.352600 0.060233 0.861806
2420.000000 -11.341015 -12.127396 -16.239218 -0.360970 0.359674 0.062387 0.858163
2421.000000 -11.480868 -12.215821 -15.783856 -0.363074 0.363933 0.063105 0.855422
2422.000000 -11.527762 -12.228054 -15.468340 -0.364204 0.364258 0.062716 0.854832
2423.000000 -11.440096 -12.071887 -15.387426 -0.360657 0.360701 0.062899 0.857826
2424.000000 -11.200251 -11.649983 -15.626674 -0.348596 0.353233 0.065345 0.865700
2425.000000 -10.794287 -10.859765 -16.216298 -0.326430 0.340721 0.070283 0.878870
2426.000000 -10.174482 -9.730589 -17.068614 -0.296301 0.321391 0.076196 0.896163
2427.000000 -9.300308 -8.445701 -18.001893 -0.263750 0.294670 0.080861 0.914914
2428.000000 -8.189522 -7.256393 -18.806867 -0.235613 0.262758 0.082668 0.931993
2429.000000 -6.976771 -6.396665 -19.328575 -0.217244 0.230359 0.081287 0.945057
2430.000000 -5.885252 -6.005379 -19.529857 -0.210601 0.202568 0.077538 0.953206
2431.000000 -5.065876 -6.047766 -19.461529 -0.213955 0.182487 0.072804 0.956881
2432.000000 -4.522207 -6.357605 -19.208047 -0.223024 0.170132 0.068345 0.957416
2433.000000 -4.198246 -6.703405 -18.874635 -0.232753 0.163059 0.064870 0.956572
2434.000000 -3.988732 -6.929837 -18.559430 -0.238932 0.158011 0.062520 0.956052
2435.000000 -3.787273 -6.941012 -18.327261 -0.239173 0.152419 0.061116 0.956990
2436.000000 -3.535833 -6.715430 -18.193476 -0.233123 0.145082 0.060398 0.959665
2437.000000 -3.224609 -6.294817 -18.129372 -0.222056 0.136079 0.060133 0.963617
2438.000000 -2.903952 -5.768180 -18.087429 -0.208082 0.126403 0.060180 0.968040
2439.000000 -2.623265 -5.216849 -18.027382 -0.193253 0.117567 0.060518 0.972198
2440.000000 -2.424519 -4.679429 -17.925894 -0.178920 0.111137 0.061229 0.975647
2441.000000 -2.342523 -4.186680 -17.778559 -0.165584 0.108146 0.062390 0.978261
2442.000000 -2.376220 -3.749162 -17.593130 -0.153187 0.108587 0.063962 0.980128
2443.000000 -2.487863 -3.352766 -17.380250 -0.141471 0.111327 0.065770 0.981461
2444.000000 -2.618294 -2.970974 -17.151733 -0.130120 0.114546 0.067580 0.982538
2445.000000 -2.715764 -2.588328 -16.921117 -0.118709 0.116459 0.069224 0.983643
2446.000000 -2.735133 -2.183846 -16.697654 -0.106764 0.115964 0.070660 0.984967
2447.000000 -2.660064 -1.755688 -16.481132 -0.094052 0.112952 0.071939 0.986520
2448.000000 -2.558509 -1.339310 -16.266453 -0.080884 0.108220 0.073121 0.988129
2449.000000 -2.419158 -0.923070 -16.037542 -0.068196 0.103047 0.074211 0.989557
2450.000000 -2.310678 -0.566710 -15.791877 -0.057413 0.098655 0.075131 0.990619
2451.000000 -2.232065 -0.341322 -15.529778 -0.050207 0.095756 0.075742 0.991248
2452.000000 -2.191380 -0.263309 -15.257414 -0.048029 0.094338 0.075905 0.991480
2453.000000 -2.159483 -0.354478 -14.979884 -0.051245 0.093704 0.075565 0.991405
2454.000000 -2.121610 -0.564000 -14.700844 -0.058300 0.092740 0.074831 0.991161
2455.000000 -2.034695 -0.723769 -14.428718 -0.065860 0.090387 0.073965 0.990970
2456.000000 -1.904969 -0.831819 -14.162826 -0.070381 0.086164 0.073265 0.991088
2457.000000 -1.763212 -0.856041 -13.906856 -0.070155 0.080415 0.072900 0.991613
2458.000000 -1.610183 -0.770976 -13.659077 -0.066176 0.074071 0.072829 0.992386
2459.000000 -1.443878 -0.621412 -13.405226 -0.061094 0.068083 0.072874 0.993137
2460.000000 -1.316955 -0.493593 -13.144242 -0.057246 0.062941 0.072875 0.993706
2461.000000 -1.216770 -0.427076 -12.877714 -0.055369 0.058589 0.072778 0.994085
2462.000000 -1.114435 -0.406394 -12.608220 -0.054738 0.054658 0.072619 0.994355
2463.000000 -1.019054 -0.383977 -12.337829 -0.054164 0.050723 0.072452 0.994608
2464.000000 -0.924791 -0.348312 -12.067711 -0.052875 0.046448 0.072305 0.994896
2465.000000 -0.816996 -0.294608 -11.797963 -0.050700 0.041665 0.072176 0.995231
2466.000000 -0.699585 -0.221995 -11.527701 -0.047701 0.036465 0.072064 0.995591
2467.000000 -0.591635 -0.124789 -11.256191 -0.043767 0.031206 0.071985 0.995956
2468.000000 -0.507524 0.001881 -10.982935 -0.038581 0.026300 0.071961 0.996314
2469.000000 -0.418261 0.141646 -10.706287 -0.032026 0.021849 0.071991 0.996651
2470.000000 -0.324886 0.288334 -10.426341 -0.024655 0.017449 0.072039 0.996944
2471.000000 -0.231075 0.426629 -10.144553 -0.017796 0.012390 0.072061 0.997165
2472.000000 -0.135109 0.530304 -9.863377 -0.013148 0.006104 0.072033 0.997297
2473.000000 0.006660 0.558454 -9.583033 -0.012082 -0.001420 0.071964 0.997333
2474.000000 0.156963 0.526529 -9.305144 -0.015027 -0.009441 0.071878 0.997255
2475.000000 0.286181 0.439669 -9.028671 -0.021229 -0.016516 0.071814 0.997055
2476.000000 0.364698 0.310898 -8.751534 -0.028968 -0.020892 0.071815 0.996778
2477.000000 0.376539 0.201539 -8.475582 -0.036183 -0.021287 0.071926 0.996526
2478.000000 0.343190 0.117529 -8.200615 -0.041249 -0.017709 0.072156 0.996383
2479.000000 0.271888 0.061777 -7.926171 -0.043543 -0.011713 0.072454 0.996352
2480.000000 0.188243 0.050122 -7.649736 -0.043491 -0.005716 0.072725 0.996387
2481.000000 0.123204 0.065418 -7.371317 -0.042069 -0.001742 0.072896 0.996450
2482.000000 0.092450 0.083853 -7.092273 -0.040145 -0.000446 0.072952 0.996527
2483.000000 0.086799 0.118957 -6.812318 -0.038121 -0.001068 0.072931 0.996608
2484.000000 0.095627 0.151675 -6.531951 -0.036119 -0.002170 0.072893 0.996683
2485.000000 0.107442 0.162316 -6.252288 -0.034443 -0.002513 0.072882 0.996743
2486.000000 0.099518 0.163864 -5.972865 -0.033873 -0.001440 0.072917 0.996762
2487.000000 0.071897 0.145618 -5.694242 -0.035553 0.001260 0.073001 0.996697
2488.000000 0.028909 0.097798 -5.416575 -0.040546 0.005577 0.073127 0.996483
2489.000000 -0.020577 0.013285 -5.138409 -0.049273 0.011251 0.073274 0.996030
2490.000000 -0.067115 -0.098297 -4.857594 -0.061106 0.017571 0.073407 0.995273
2491.000000 -0.103185 -0.211020 -4.573591 -0.074357 0.023438 0.073478 0.994245
2492.000000 -0.124557 -0.298106 -4.288367 -0.086833 0.027796 0.073449 0.993123
2493.000000 -0.152629 -0.378537 -4.003933 -0.096720 0.030120 0.073316 0.992151
2494.000000 -0.168250 -0.460419 -3.721455 -0.103221 0.030512 0.073112 0.991498
2495.000000 -0.145410 -0.469560 -3.439569 -0.106532 0.029441 0.072875 0.991198
2496.000000 -0.125164 -0.478762 -3.160633 -0.107335 0.027466 0.072635 0.991186
2497.000000 -0.129982 -0.467571 -2.883471 -0.106260 0.025117 0.072422 0.991379
2498.000000 -0.123271 -0.458371 -2.607304 -0.103552 0.022789 0.072267 0.991733
2499.000000 -0.108138 -0.449006 -2.332678 -0.098914 0.020554 0.072178 0.992262
2500.000000 -0.091660 -0.418848 -2.060196 -0.091588 0.018102 0.072139 0.993016
2501.000000 -0.084227 -0.364527 -1.789593 -0.080933 0.015024 0.072120 0.993993
2502.000000 -0.091438 -0.347111 -1.522374 -0.067337 0.011257 0.072101 0.995058
2503.000000 -0.081346 -0.338589 -1.254814 -0.052660 0.007277 0.072077 0.995981
2504.000000 -0.076411 -0.329589 -0.985323 -0.039578 0.003832 0.072051 0.996608
2505.000000 -0.078584 -0.307659 -0.713081 -0.030139 0.001458 0.072029 0.996946
2506.000000 -0.069392 -0.271716 -0.437770 -0.024767 0.000193 0.072014 0.997096
2507.000000 -0.066703 -0.269762 -0.159853 -0.022500 -0.000295 0.072008 0.997150
2508.000000 -0.124261 -0.259275 -0.014348 -0.007316 0.011775 -0.008258 0.999870
2509.000000 -0.289467 -0.105688 0.032974 0.051197 0.058772 -0.323311 0.943077
2510.000000 -0.301662 0.116005 0.116428 0.104175 0.099415 -0.603408 0.784323
2511.000000 -0.294345 0.135361 -0.266748 0.092481 0.095910 -0.605017 0.784986
2512.000000 -0.307762 0.202930 -0.669565 0.068485 0.089395 -0.608050 0.785871
2513.000000 -0.324796 0.220427 -1.076950 0.036348 0.082222 -0.611490 0.786128
2514.000000 -0.323077 0.208866 -1.482665 0.003509 0.077356 -0.614203 0.785340
2515.000000 -0.340486 0.149814 -1.887650 -0.023575 0.076383 -0.615731 0.783891
2516.000000 -0.396649 0.118812 -2.291437 -0.041951 0.078795 -0.616269 0.782461
2517.000000 -0.415079 0.106893 -2.694809 -0.052008 0.082663 -0.616248 0.781473
2518.000000 -0.435202 0.082709 -3.100963 -0.055712 0.085733 -0.616067 0.781030
2519.000000 -0.426723 0.094453 -3.510487 -0.055038 0.086104 -0.616007 0.781084
2520.000000 -0.371110 0.098128 -3.923061 -0.051424 0.082520 -0.616224 0.781546
2521.000000 -0.286875 0.069334 -4.336028 -0.046008 0.074659 -0.616730 0.782274
2522.000000 -0.207710 0.059075 -4.751276 -0.039958 0.063434 -0.617409 0.783062
2523.000000 -0.102381 0.035439 -5.165418 -0.034483 0.050912 -0.618086 0.783702
2524.000000 -0.009010 -0.002522 -5.576297 -0.030529 0.039593 -0.618625 0.784094
2525.000000 0.063336 -0.037572 -5.986070 -0.028495 0.031363 -0.618978 0.784265
2526.000000 0.113902 -0.057104 -6.395439 -0.028256 0.026720 -0.619166 0.784297
2527.000000 0.123857 -0.084223 -6.805157 -0.029424 0.024715 -0.619247 0.784255
2528.000000 0.117418 -0.136373 -7.214996 -0.031514 0.023579 -0.619292 0.784174
2529.000000 0.128632 -0.190224 -7.624270 -0.033795 0.021674 -0.619361 0.784079
2530.000000 0.171479 -0.218691 -8.032047 -0.035112 0.018326 -0.619484 0.784010
2531.000000 0.235920 -0.210871 -8.438812 -0.034171 0.014158 -0.619649 0.784007
2532.000000 0.304821 -0.195462 -8.846162 -0.030329 0.010754 -0.619809 0.784093
2533.000000 0.368799 -0.129513 -9.254197 -0.024255 0.009842 -0.619896 0.784247
2534.000000 0.381774 -0.011138 -9.663253 -0.017744 0.012477 -0.619862 0.784411
2535.000000 0.344745 0.116764 -10.072960 -0.012673 0.018646 -0.619705 0.784511
2536.000000 0.250417 0.269474 -10.483090 -0.009912 0.027432 -0.619459 0.784487
2537.000000 0.114059 0.430945 -10.891374 -0.009030 0.037514 -0.619153 0.784322
2538.000000 -0.057141 0.550619 -11.295145 -0.008867 0.047665 -0.618801 0.784050
2539.000000 -0.210280 0.689032 -11.695978 -0.008381 0.057052 -0.618409 0.783738
2540.000000 -0.333641 0.831018 -12.093794 -0.007131 0.065360 -0.617984 0.783437
2541.000000 -0.442203 0.966852 -12.489490 -0.005235 0.072792 -0.617529 0.783155
2542.000000 -0.546645 1.128155 -12.882651 -0.003012 0.079882 -0.617037 0.782864
2543.000000 -0.670575 1.279142 -13.272329 -0.000586 0.087040 -0.616493 0.782534
2544.000000 -0.780117 1.470022 -13.658394 0.002302 0.094051 -0.615892 0.782193
2545.000000 -0.780044 1.634829 -14.037929 0.006091 0.100031 -0.615251 0.781935
2546.000000 -0.763281 1.801463 -14.424516 0.010849 0.104131 -0.614612 0.781851
2547.000000 -0.796932 1.951303 -14.810885 0.015812 0.106547 -0.614027 0.781901
2548.000000 -0.784569 2.076784 -15.204011 0.019508 0.108869 -0.613546 0.781875
2549.000000 -0.891089 2.188419 -15.594221 0.020458 0.113296 -0.613210 0.781485
2550.000000 -1.143098 2.278213 -15.975710 0.017871 0.121249 -0.613016 0.780507
2551.000000 -1.538445 2.348909 -16.341743 0.011817 0.132504 -0.612922 0.778865
2552.000000 -2.026690 2.363625 -16.687368 0.002882 0.145522 -0.612899 0.776640
2553.000000 -2.600540 2.335124 -17.019600 -0.008195 0.158649 -0.612953 0.773984
2554.000000 -3.200256 2.274341 -17.335239 -0.020603 0.171252 -0.613027 0.771004
2555.000000 -3.816558 2.223333 -17.625743 -0.033370 0.184012 -0.612904 0.767707
2556.000000 -4.479799 2.223390 -17.881446 -0.045373 0.198191 -0.612241 0.764083
2557.000000 -5.168406 2.307662 -18.093890 -0.055473 0.214405 -0.610745 0.760226
2558.000000 -5.803234 2.492563 -18.272784 -0.062612 0.231791 -0.608384 0.756453
2559.000000 -6.329231 2.788147 -18.452496 -0.065774 0.248312 -0.605409 0.753323
2560.000000 -6.659181 3.156680 -18.667066 -0.064050 0.262258 -0.602064 0.751424
2561.000000 -6.831178 3.647998 -18.917426 -0.057062 0.274068 -0.598168 0.750883
2562.000000 -6.985516 4.353216 -19.138433 -0.045660 0.287102 -0.592984 0.750905
2563.000000 -7.314509 5.257592 -19.216430 -0.032334 0.306329 -0.585646 0.749757
2564.000000 -8.004349 6.314825 -19.042346 -0.020656 0.335301 -0.575844 0.745352
2565.000000 -9.027595 7.390401 -18.549497 -0.013706 0.373285 -0.564240 0.736277
2566.000000 -10.212205 8.352363 -17.817500 -0.012466 0.414852 -0.552345 0.722951
2567.000000 -11.341362 9.140155 -17.058000 -0.015519 0.452487 -0.541988 0.708000
2568.000000 -12.218097 9.634880 -16.517255 -0.020344 0.480292 -0.534647 0.695024
2569.000000 -12.812743 9.794388 -16.345311 -0.024977 0.496189 -0.530945 0.686491
2570.000000 -13.061712 9.811081 -16.544416 -0.028638 0.501734 -0.530484 0.682664
2571.000000 -13.065639 9.744733 -16.996546 -0.031168 0.500508 -0.532059 0.682227
2572.000000 -12.965701 9.622698 -17.561555 -0.032323 0.496340 -0.534149 0.683584
2573.000000 -12.825095 9.545031 -18.128654 -0.031793 0.492106 -0.535530 0.685586
2574.000000 -12.696295 9.521056 -18.642502 -0.029823 0.489278 -0.535762 0.687515
2575.000000 -12.602634 9.556068 -19.099173 -0.027622 0.488039 -0.535293 0.688852
2576.000000 -12.577503 9.565379 -19.521766 -0.027131 0.487705 -0.535209 0.689173
2577.000000 -12.655770 9.416226 -19.946629 -0.030446 0.487236 -0.536787 0.688138
2578.000000 -12.856465 9.032562 -20.396872 -0.039263 0.485771 -0.541022 0.685405
2579.000000 -13.202032 8.393883 -20.858301 -0.054459 0.483068 -0.548228 0.680533
2580.000000 -13.729438 7.524728 -21.272247 -0.075791 0.479685 -0.557814 0.673054
2581.000000 -14.436055 6.495054 -21.562241 -0.101863 0.476725 -0.568434 0.662752
2582.000000 -15.293120 5.416506 -21.672120 -0.130523 0.475270 -0.578511 0.649929
2583.000000 -16.258138 4.392829 -21.595097 -0.159549 0.475825 -0.586873 0.635386
2584.000000 -17.260679 3.491374 -21.368314 -0.187267 0.478176 -0.593074 0.620115
2585.000000 -18.240074 2.726540 -21.048477 -0.212798 0.481674 -0.597290 0.604939
2586.000000 -19.163477 2.077173 -20.685324 0.235920 -0.485685 0.599956 -0.590343
2587.000000 -20.015277 1.532454 -20.310614 0.256715 -0.489846 0.601446 -0.576551
2588.000000 -20.785101 1.078098 -19.946662 0.275210 -0.494065 0.601958 -0.563743
2589.000000 -21.466820 0.721860 -19.619608 0.291166 -0.498376 0.601563 -0.552236
2590.000000 -22.047816 0.477537 -19.363681 0.304129 -0.502820 0.600303 -0.542506
2591.000000 -22.500473 0.350621 -19.212742 0.313681 -0.507418 0.598247 -0.535006
2592.000000 -22.860028 0.330087 -19.188329 0.319713 -0.512178 0.595490 -0.529951
2593.000000 -23.124004 0.412130 -19.288759 0.322466 -0.517096 0.592134 -0.527262
2594.000000 -23.288733 0.594611 -19.504837 0.322305 -0.522134 0.588271 -0.526719
2595.000000 -23.314703 0.893602 -19.822069 0.319536 -0.527239 0.583961 -0.528116
2596.000000 -23.297399 1.243079 -20.222392 0.314528 -0.532418 0.579202 -0.531158
2597.000000 -23.271923 1.670266 -20.663359 0.308072 -0.537850 0.573918 -0.535189
2598.000000 -23.246676 2.127350 -21.066313 0.301555 -0.543899 0.568029 -0.539056
2599.000000 -23.318245 2.576428 -21.346736 0.296629 -0.550960 0.561551 -0.541401
2600.000000 -23.579306 2.953724 -21.446639 -0.294509 0.559216 -0.554642 0.541216
2601.000000 -23.954519 3.280935 -21.369951 -0.295404 0.568458 -0.547541 0.538322
2602.000000 -24.421653 3.545029 -21.167256 -0.298477 0.578140 -0.540476 0.533433
2603.000000 -24.928040 3.766586 -20.922622 -0.302394 0.587590 -0.533650 0.527743
2604.000000 -25.410305 3.953169 -20.707799 -0.306100 0.596238 -0.527283 0.522280
2605.000000 -25.810710 4.114707 -20.559106 -0.309357 0.603704 -0.521680 0.517387
2606.000000 -26.172648 4.217167 -20.477519 -0.312693 0.609770 -0.517238 0.512707
2607.000000 -26.522651 4.219832 -20.434631 -0.316849 0.614283 -0.514350 0.507648
2608.000000 -26.834091 4.123124 -20.440090 -0.322094 0.617080 -0.513275 0.502012
2609.000000 -27.090126 3.936637 -20.529340 -0.327878 0.617966 -0.514054 0.496349
2610.000000 -27.241014 3.691914 -20.765034 -0.333044 0.616783 -0.516540 0.491780
2611.000000 -27.246757 3.422546 -21.205529 -0.336433 0.613517 -0.520482 0.489395
2612.000000 -27.072546 3.166211 -21.862784 -0.337513 0.608388 -0.525571 0.489616
2613.000000 -26.763989 2.905925 -22.689324 -0.336623 0.601850 -0.531453 0.491954
2614.000000 -26.399644 2.640360 -23.595482 -0.334711 0.594484 -0.537775 0.495334
2615.000000 -25.967671 2.365399 -24.507580 -0.332739 0.586801 -0.544259 0.498731
2616.000000 -25.526957 2.068055 -25.387640 -0.331180 0.579069 -0.550755 0.501664
2617.000000 -25.112936 1.731963 -26.238558 -0.329921 0.571308 -0.557226 0.504241
2618.000000 -24.686847 1.387700 -27.084336 0.328554 -0.563408 0.563686 -0.506835
2619.000000 -24.197022 1.043776 -27.944789 0.326772 -0.555262 0.570166 -0.509722
2620.000000 -23.669442 0.692257 -28.818078 0.324603 -0.546795 0.576724 -0.512872
2621.000000 -23.115064 0.305261 -29.686206 0.322437 -0.537974 0.583438 -0.515964
2622.000000 -22.580046 -0.142339 -30.517439 0.320835 -0.528908 0.590296 -0.518529
2623.000000 -22.100664 -0.628438 -31.280001 0.320194 -0.520025 0.597022 -0.520206
2624.000000 -21.710548 -1.105980 -31.950653 0.320458 -0.512133 0.603008 -0.520967
2625.000000 -21.445172 -1.471600 -32.527212 0.321133 -0.506133 0.607557 -0.521131
2626.000000 -21.286664 -1.688574 -33.028798 0.321688 -0.502442 0.610344 -0.521103
2627.000000 -21.203501 -1.847764 -33.484735 0.321974 -0.500541 0.611772 -0.521082
2628.000000 -21.137962 -1.983485 -33.917925 0.322188 -0.499125 0.612830 -0.521064
2629.000000 -21.019215 -2.138238 -34.387436 0.322322 -0.496896 0.614470 -0.521181
2630.000000 -20.779360 -2.308691 -34.928281 0.321645 -0.493402 0.616942 -0.521998
2631.000000 -20.355189 -2.399263 -35.573556 0.318852 -0.489238 0.619685 -0.524375
2632.000000 -19.738767 -2.292220 -36.333102 0.312885 -0.485461 0.621829 -0.528923
2633.000000 -18.980949 -1.977086 -37.171774 0.303793 -0.482736 0.622856 -0.535468
2634.000000 -18.141991 -1.466309 -38.028981 0.292940 -0.480894 0.622947 -0.543014
2635.000000 -17.313912 -0.981130 -38.841831 0.282433 -0.479089 0.622880 -0.550205
2636.000000 -16.569363 -0.659072 -39.579039 0.274235 -0.476230 0.623658 -0.555923
2637.000000 -15.934378 -0.737481 -40.251994 0.269487 -0.471357 0.626108 -0.559632
2638.000000 -15.374288 -1.203411 -40.868759 0.268302 -0.463908 0.630599 -0.561381
2639.000000 -14.847674 -2.017148 -41.439168 0.269939 -0.453925 0.636927 -0.561613
2640.000000 -14.333512 -3.078000 -41.965647 0.273217 -0.442099 0.644419 -0.560915
2641.000000 -13.821176 -4.236606 -42.448998 0.276988 -0.429540 0.652208 -0.559819
2642.000000 -13.299865 -5.366882 -42.896775 0.280467 -0.417318 0.659581 -0.558692
2643.000000 -12.801176 -6.387143 -43.318652 0.283292 -0.406066 0.666181 -0.557727
2644.000000 -12.311990 -7.290051 -43.726884 0.285381 -0.395862 0.672008 -0.557007
2645.000000 -11.816945 -8.100993 -44.130225 0.286761 -0.386402 0.677277 -0.556558
2646.000000 -11.300194 -8.856711 -44.532251 0.287505 -0.377254 0.682256 -0.556369
2647.000000 -10.731461 -9.585474 -44.931570 0.287712 -0.368083 0.687141 -0.556393
2648.000000 -10.121267 -10.296382 -45.325232 0.287459 -0.358795 0.691989 -0.556583
2649.000000 -9.487426 -10.971094 -45.714408 0.286723 -0.349608 0.696689 -0.556945
2650.000000 -8.831887 -11.558826 -46.109408 0.285333 -0.341033 0.701000 -0.557567
2651.000000 -8.181185 -11.989237 -46.527012 0.283025 -0.333690 0.704641 -0.558596
2652.000000 -7.543688 -12.218841 -46.983932 0.279582 -0.328029 0.707430 -0.560156
2653.000000 -6.916074 -12.243433 -47.484268 0.274990 -0.324065 0.709387 -0.562256
2654.000000 -6.292428 -12.117357 -48.015361 0.269511 -0.321307 0.710753 -0.564762
2655.000000 -5.650152 -11.935185 -48.553866 0.263612 -0.318950 0.711896 -0.567436
2656.000000 -4.986650 -11.778606 -49.075277 0.257810 -0.316223 0.713160 -0.570034
2657.000000 -4.314626 -11.718580 -49.564683 0.252497 -0.312710 0.714730 -0.572380
2658.000000 -3.638270 -11.767748 -50.018285 0.247859 -0.308444 0.716587 -0.574396
2659.000000 -2.990869 -11.885697 -50.442039 0.243891 -0.303773 0.718580 -0.576092
2660.000000 -2.381027 -12.057947 -50.844732 0.240501 -0.299078 0.720547 -0.577515
2661.000000 -1.831599 -12.248850 -51.231424 0.237669 -0.294537 0.722420 -0.578680
2662.000000 -1.346366 -12.501491 -51.596309 0.235634 -0.289994 0.724265 -0.579500
2663.000000 -0.951513 -12.896776 -51.918903 0.235010 -0.284972 0.726273 -0.579732
2664.000000 -0.670687 -13.559725 -52.165708 0.236711 -0.278787 0.728696 -0.579005
2665.000000 -0.550660 -14.609957 -52.295933 0.241588 -0.270783 0.731734 -0.576955
2666.000000 -0.587227 -16.084466 -52.273511 0.249870 -0.260612 0.735413 -0.573423
2667.000000 -0.710386 -17.872760 -52.089475 0.260735 -0.248482 0.739533 -0.568651
2668.000000 -0.825957 -19.804432 -51.785203 0.272343 -0.235185 0.743769 -0.563316
2669.000000 -0.821063 -21.618954 -51.452389 0.282419 -0.221855 0.747843 -0.558347
2670.000000 -0.602278 -23.114534 -51.202422 0.289053 -0.209549 0.751644 -0.554589
2671.000000 -0.102385 -24.170783 -51.116351 0.291226 -0.198896 0.755208 -0.552529
2672.000000 0.678089 -24.801384 -51.221683 0.288825 -0.190026 0.758622 -0.552235
2673.000000 1.707984 -25.022376 -51.498645 0.282286 -0.182742 0.761945 -0.553497
2674.000000 2.984905 -24.885287 -51.907220 0.272195 -0.176753 0.765188 -0.556017
2675.000000 4.455463 -24.485444 -52.401444 0.259123 -0.171771 0.768322 -0.559492
2676.000000 6.092271 -23.875131 -52.928874 0.243682 -0.167457 0.771311 -0.563610
2677.000000 7.879421 -23.141748 -53.433852 0.226638 -0.163346 0.774142 -0.568029
2678.000000 9.744061 -22.380620 -53.859244 0.208914 -0.158870 0.776837 -0.572398
2679.000000 11.650538 -21.719724 -54.163893 0.191440 -0.153500 0.779438 -0.576425
2680.000000 13.546734 -21.216496 -54.330458 0.174927 -0.146963 0.781967 -0.579939
2681.000000 15.389406 -20.894345 -54.375694 0.159691 -0.139447 0.784386 -0.582917
2682.000000 17.136837 -20.641872 -54.348649 0.145644 -0.131692 0.786568 -0.585454
2683.000000 18.739877 -20.372255 -54.321220 0.132533 -0.124821 0.788342 -0.587683
2684.000000 20.126125 -20.009396 -54.363386 0.120301 -0.119857 0.789579 -0.589684
2685.000000 21.257320 -19.525702 -54.511327 0.109291 -0.117132 0.790273 -0.591442
2686.000000 22.129488 -19.039157 -54.744507 0.100094 -0.115950 0.790592 -0.592875
2687.000000 22.836428 -18.692000 -54.991332 0.093077 -0.114767 0.790826 -0.593935
2688.000000 23.485186 -18.617485 -55.155052 0.087967 -0.111834 0.791272 -0.594679
2689.000000 24.266266 -18.864910 -55.148773 0.083792 -0.105916 0.792104 -0.595259
2690.000000 25.274766 -19.372208 -54.922106 0.079238 -0.096704 0.793315 -0.595836
2691.000000 26.592616 -20.009772 -54.468205 0.073169 -0.084739 0.794762 -0.596505
2692.000000 28.191726 -20.660280 -53.814623 0.064986 -0.071001 0.796250 -0.597262
2693.000000 29.998384 -21.236333 -53.003120 0.054662 -0.056453 0.797608 -0.598036
2694.000000 31.928607 -21.701346 -52.071515 0.042555 -0.041773 0.798723 -0.598737
2695.000000 33.913485 -22.062488 -51.047314 0.029174 -0.027298 0.799537 -0.599286
2696.000000 35.892820 -22.346594 -49.948818 0.015078 -0.013145 0.800029 -0.599628
2697.000000 37.802963 -22.597250 -48.806378 0.000868 0.000534 0.800197 -0.599736
2698.000000 39.570093 -22.767666 -47.700462 -0.012804 0.013111 0.800076 -0.599618
2699.000000 41.034867 -22.807978 -46.808364 -0.025316 0.022956 0.799778 -0.599322
2700.000000 42.065816 -22.495867 -46.427046 -0.036186 0.027170 0.799531 -0.598918
2701.000000 42.408921 -21.601496 -46.902361 -0.045117 0.022106 0.799594 -0.598436
2702.000000 41.903857 -19.826969 -48.469361 -0.051942 0.004755 0.800010 -0.597715
2703.000000 40.474308 -17.143096 -51.081412 -0.056474 -0.025702 0.800363 -0.596296
2704.000000 38.074341 -13.542857 -54.375231 -0.058360 -0.067277 0.799871 -0.593527
2705.000000 34.697590 -9.192051 -57.866212 -0.056992 -0.116059 0.797828 -0.588857
2706.000000 30.506604 -4.554317 -61.126646 -0.051553 -0.167963 0.793977 -0.582006
2707.000000 25.556599 0.002598 -63.926771 -0.041326 -0.220043 0.788481 -0.572862
2708.000000 19.967302 4.307232 -66.158108 -0.026216 -0.270663 0.781611 -0.561371
2709.000000 13.928089 8.270172 -67.735993 -0.007145 -0.318893 0.773519 -0.547654
2710.000000 7.711840 11.822667 -68.606765 0.014067 -0.363920 0.764274 -0.532212
2711.000000 1.684208 15.013829 -68.794546 0.035365 -0.404923 0.754061 -0.515925
2712.000000 -3.846528 17.878198 -68.422050 0.055232 -0.441288 0.743283 -0.499744
2713.000000 -8.777328 20.371474 -67.661768 0.073071 -0.472873 0.732448 -0.484326
2714.000000 -13.109759 22.507839 -66.668973 0.089036 -0.500062 0.721959 -0.469879
2715.000000 -16.943681 24.333336 -65.548169 0.103537 -0.523562 0.711996 -0.456316
2716.000000 -20.341438 25.904356 -64.359298 0.116767 -0.544057 0.702568 -0.443582
2717.000000 -23.318764 27.266082 -63.161777 0.128500 -0.561942 0.693667 -0.431896
2718.000000 -25.799497 28.488832 -62.035849 0.138171 -0.577287 0.685383 -0.421781
2719.000000 -27.720812 29.593362 -61.077326 0.145105 -0.590029 0.677862 -0.413901
2720.000000 -28.985701 30.635684 -60.365045 0.148715 -0.600210 0.671169 -0.408858
2721.000000 -29.577343 31.668246 -59.933985 0.148620 -0.608091 0.665178 -0.407032
2722.000000 -29.548885 32.759130 -59.766492 0.144737 -0.614076 0.659618 -0.408492
2723.000000 -28.945892 33.938497 -59.810537 0.137358 -0.618517 0.654242 -0.412962
2724.000000 -27.874541 35.168301 -60.012630 0.127168 -0.621545 0.649011 -0.419875
2725.000000 -26.453255 36.371471 -60.347367 0.115136 -0.623021 0.644179 -0.428511
2726.000000 -24.760113 37.419196 -60.828758 0.102326 -0.622571 0.640258 -0.438182
2727.000000 -22.879233 38.152904 -61.510258 0.089729 -0.619646 0.637925 -0.448375
2728.000000 -20.857397 38.437542 -62.465843 0.078157 -0.613618 0.637872 -0.458785
2729.000000 -18.673065 38.101557 -63.740433 0.068156 -0.604017 0.640557 -0.469260
2730.000000 -16.351122 37.202493 -65.310349 0.059870 -0.590933 0.645847 -0.479682
2731.000000 -13.950804 35.854462 -67.028192 0.052962 -0.575349 0.652838 -0.489868
2732.000000 -11.543716 34.373270 -68.684040 0.046733 -0.559039 0.660100 -0.499559
2733.000000 -9.204611 33.008251 -70.116491 0.040501 -0.543873 0.666324 -0.508501
2734.000000 -7.035800 31.945188 -71.266036 0.034005 -0.530903 0.670945 -0.516545
2735.000000 -5.050476 31.137333 -72.197531 0.027558 -0.519901 0.674311 -0.523687
2736.000000 -3.233844 30.361195 -73.039954 0.021862 -0.509658 0.677358 -0.530054
2737.000000 -1.532868 29.345260 -73.916815 0.017622 -0.498755 0.681045 -0.535827
2738.000000 0.098847 27.920933 -74.892455 0.015244 -0.486229 0.685931 -0.541155
2739.000000 1.685286 26.045600 -75.957597 0.014748 -0.471845 0.692050 -0.546087
2740.000000 3.217901 23.795988 -77.057209 0.015890 -0.456004 0.699058 -0.550568
2741.000000 4.644984 21.297182 -78.125696 0.018344 -0.439468 0.706460 -0.554477
2742.000000 5.915697 18.689803 -79.116155 0.021815 -0.423060 0.713805 -0.557697
2743.000000 7.004227 16.102117 -80.006771 0.026036 -0.407438 0.720769 -0.560185
2744.000000 7.907814 13.616531 -80.795385 0.030713 -0.392994 0.727161 -0.562005
2745.000000 8.637353 11.285351 -81.489184 0.035511 -0.379873 0.732892 -0.563298
2746.000000 9.261639 9.152396 -82.099217 0.040113 -0.368061 0.737945 -0.564233
2747.000000 9.807273 7.226533 -82.637753 0.044278 -0.357464 0.742351 -0.564955
2748.000000 10.319990 5.513348 -83.118697 0.047887 -0.347954 0.746172 -0.565564
2749.000000 10.794983 3.979028 -83.555773 0.050966 -0.339404 0.749491 -0.566101
2750.000000 11.233118 2.603123 -83.962735 0.053689 -0.331701 0.752406 -0.566549
2751.000000 11.589087 1.335321 -84.352598 0.056327 -0.324754 0.755010 -0.566853
2752.000000 11.862251 0.145945 -84.735772 0.059122 -0.318496 0.757376 -0.566962
2753.000000 12.029753 -0.981143 -85.116516 0.062178 -0.312843 0.759555 -0.566867
2754.000000 12.112313 -2.090904 -85.494540 0.065489 -0.307601 0.761609 -0.566607
2755.000000 12.157919 -3.232209 -85.862643 0.069102 -0.302322 0.763679 -0.566234
2756.000000 12.201451 -4.561926 -86.205994 0.073256 -0.296271 0.766005 -0.565768
2757.000000 12.286469 -6.202127 -86.502336 0.078254 -0.288731 0.768811 -0.565190
2758.000000 12.411696 -8.121939 -86.736294 0.083992 -0.279780 0.772024 -0.564489
2759.000000 12.535876 -9.960446 -86.937431 0.089373 -0.271206 0.774993 -0.563778
2760.000000 12.574406 -10.577080 -87.053643 0.091282 -0.268133 0.776033 -0.563511
2761.000000 12.480130 -9.092172 -86.835808 0.086844 -0.275252 0.773604 -0.564120
2762.000000 12.348160 -7.139611 -86.627008 0.081070 -0.284369 0.770392 -0.564852
2763.000000 12.245471 -5.338565 -86.361294 0.075639 -0.292713 0.767342 -0.565495
2764.000000 12.181917 -3.862950 -86.038679 0.071090 -0.299446 0.764792 -0.566013
2765.000000 12.138250 -2.646642 -85.680519 0.067248 -0.305007 0.762629 -0.566432
2766.000000 12.079709 -1.538938 -85.306294 0.063803 -0.310191 0.760592 -0.566755
2767.000000 11.957400 -0.426176 -84.926407 0.060617 -0.315601 0.758486 -0.566939
2768.000000 11.739086 0.731278 -84.544594 0.057695 -0.321543 0.756219 -0.566934
2769.000000 11.422513 1.955662 -84.159106 0.055002 -0.328137 0.753741 -0.566723
2770.000000 11.017582 3.275677 -83.762094 0.052356 -0.335453 0.750993 -0.566339
2771.000000 10.562202 4.726369 -83.341842 0.049485 -0.343567 0.747888 -0.565841
2772.000000 10.069223 6.346374 -82.884547 0.046154 -0.352581 0.744330 -0.565270
2773.000000 9.533499 8.159567 -82.376625 0.042261 -0.362618 0.740226 -0.564613
2774.000000 8.965261 10.190883 -81.804175 0.037854 -0.373808 0.735503 -0.563800
2775.000000 8.297796 12.428369 -81.153817 0.033118 -0.386266 0.730112 -0.562706
2776.000000 7.478257 14.835324 -80.413753 0.028338 -0.400055 0.724044 -0.561171
2777.000000 6.483288 17.382889 -79.574450 0.023849 -0.415120 0.717350 -0.559031
2778.000000 5.301727 19.995988 -78.632718 0.019969 -0.431201 0.710164 -0.556178
2779.000000 3.945946 22.568118 -77.598867 0.016973 -0.447770 0.702741 -0.552603
2780.000000 2.462299 24.961014 -76.507435 0.015135 -0.464064 0.695473 -0.548391
2781.000000 0.904398 27.034303 -75.416863 0.014772 -0.479256 0.688852 -0.543671
2782.000000 -0.712525 28.691442 -74.391189 0.016191 -0.492726 0.683325 -0.538541
2783.000000 -2.379196 29.896617 -73.467981 0.019526 -0.504365 0.679074 -0.533003
2784.000000 -4.126054 30.764954 -72.621069 0.024568 -0.514778 0.675809 -0.526956
2785.000000 -6.014138 31.523724 -71.751828 0.030736 -0.525217 0.672733 -0.520223
2786.000000 -8.095616 32.427448 -70.725035 0.037279 -0.537098 0.668833 -0.512639
2787.000000 -10.355775 33.667772 -69.434749 0.043647 -0.551219 0.663400 -0.504136
2788.000000 -12.737975 35.108638 -67.876810 0.049810 -0.567159 0.656529 -0.494792
2789.000000 -15.168552 36.571579 -66.162855 0.056282 -0.583356 0.649213 -0.484820
2790.000000 -17.534432 37.715010 -64.496348 0.063808 -0.597872 0.642915 -0.474487
2791.000000 -19.782810 38.352231 -63.061864 0.072940 -0.609276 0.638863 -0.464021
2792.000000 -21.887266 38.364553 -61.949343 0.083773 -0.617057 0.637575 -0.453564
2793.000000 -23.844262 37.832724 -61.139605 0.095945 -0.621457 0.638848 -0.443237
2794.000000 -25.627249 36.926570 -60.567003 0.108763 -0.623068 0.642065 -0.433254
2795.000000 -27.194953 35.770158 -60.163396 0.121315 -0.622496 0.646518 -0.424023
2796.000000 -28.463714 34.560418 -59.894446 0.132559 -0.620210 0.651599 -0.416157
2797.000000 -29.313115 33.338133 -59.765612 0.141451 -0.616475 0.656916 -0.410380
2798.000000 -29.639256 32.205109 -59.820384 0.147144 -0.611295 0.662363 -0.407360
2799.000000 -29.364122 31.147938 -60.114497 0.149144 -0.604414 0.668101 -0.407531
2800.000000 -28.424643 30.104021 -60.686359 0.147355 -0.595429 0.674415 -0.410994
2801.000000 -26.826852 29.050246 -61.528825 0.142020 -0.583986 0.681519 -0.417520
2802.000000 -24.632338 27.902118 -62.584760 0.133635 -0.569936 0.689439 -0.426601
2803.000000 -21.888362 26.607655 -63.757436 0.122851 -0.553315 0.698049 -0.437581
2804.000000 -18.695287 25.153209 -64.959058 0.110315 -0.534152 0.707218 -0.449839
2805.000000 -15.084415 23.455092 -66.120221 0.096448 -0.512226 0.716909 -0.462994
2806.000000 -11.009576 21.474651 -67.185839 0.081261 -0.486977 0.727143 -0.476983
2807.000000 -6.385564 19.174229 -68.079442 0.064408 -0.457666 0.737843 -0.491917
2808.000000 -1.154625 16.488411 -68.667980 0.045537 -0.423707 0.748711 -0.507770
2809.000000 4.650362 13.458053 -68.779858 0.024820 -0.384971 0.759268 -0.524112
2810.000000 10.816839 10.093915 -68.261121 0.003326 -0.341860 0.769033 -0.540100
2811.000000 16.997204 6.335947 -67.032156 -0.017077 -0.295127 0.777714 -0.554770
2812.000000 22.831712 2.196980 -65.119261 -0.034349 -0.245602 0.785205 -0.567410
2813.000000 28.116485 -2.247630 -62.594073 -0.047065 -0.194108 0.791417 -0.577726
2814.000000 32.696652 -6.877619 -59.544596 -0.054834 -0.141839 0.796125 -0.585713
2815.000000 36.482405 -11.415380 -56.129743 -0.058131 -0.091039 0.799072 -0.591453
2816.000000 39.404766 -15.452146 -52.670772 -0.057779 -0.045319 0.800274 -0.595121
2817.000000 41.298757 -18.599914 -49.662261 -0.054511 -0.008897 0.800239 -0.597133
2818.000000 42.277320 -20.827124 -47.544117 -0.048802 0.015083 0.799772 -0.598127
2819.000000 42.331668 -22.140920 -46.537535 -0.040906 0.026021 0.799512 -0.598690
2820.000000 41.624277 -22.709835 -46.532074 -0.030979 0.025990 0.799631 -0.599129
2821.000000 40.348521 -22.812809 -47.211627 -0.019240 0.018528 0.799938 -0.599488
2822.000000 38.697492 -22.681642 -48.238457 -0.006076 0.007033 0.800168 -0.599703
2823.000000 36.861484 -22.475183 -49.379786 0.007947 -0.006225 0.800153 -0.599712
2824.000000 34.904089 -22.215410 -50.505741 0.022179 -0.020177 0.799824 -0.599485
2825.000000 32.915172 -21.891237 -51.569584 0.035990 -0.034499 0.799170 -0.599035
2826.000000 30.956541 -21.491078 -52.550530 0.048801 -0.049101 0.798200 -0.598401
2827.000000 29.074793 -20.958743 -53.426109 0.060075 -0.063777 0.796953 -0.597653
2828.000000 27.369031 -20.339027 -54.164063 0.069355 -0.078027 0.795513 -0.596876
2829.000000 25.903510 -19.680754 -54.722542 0.076445 -0.091009 0.794021 -0.596158
2830.000000 24.730569 -19.088803 -55.064370 0.081643 -0.101704 0.792668 -0.595540
2831.000000 23.852817 -18.707777 -55.177244 0.085843 -0.109290 0.791636 -0.594978
2832.000000 23.157965 -18.617701 -55.089560 0.090331 -0.113615 0.791008 -0.594338
2833.000000 22.507555 -18.843579 -54.872100 0.096312 -0.115472 0.790700 -0.593451
2834.000000 21.721984 -19.270965 -54.620851 0.104432 -0.116431 0.790463 -0.592204
2835.000000 20.723629 -19.775404 -54.423995 0.114607 -0.118234 0.789987 -0.590598
2836.000000 19.456613 -20.209782 -54.329808 0.126295 -0.122058 0.789032 -0.588711
2837.000000 17.958913 -20.510560 -54.329948 0.138984 -0.128073 0.787516 -0.586600
2838.000000 16.279029 -20.765605 -54.367197 0.152535 -0.135534 0.785517 -0.584232
2839.000000 14.475546 -21.035743 -54.365786 0.167147 -0.143294 0.783196 -0.581491
2840.000000 12.598390 -21.442157 -54.263739 0.183033 -0.150379 0.780712 -0.578251
2841.000000 10.694287 -22.034160 -54.028883 0.200093 -0.156323 0.778147 -0.574468
2842.000000 8.798054 -22.751476 -53.659331 0.217801 -0.161190 0.775504 -0.570240
2843.000000 6.973400 -23.518389 -53.187984 0.235305 -0.165410 0.772746 -0.565804
2844.000000 5.259499 -24.208250 -52.664387 0.251655 -0.169556 0.769836 -0.561491
2845.000000 3.691602 -24.716657 -52.146567 0.265995 -0.174155 0.766771 -0.557654
2846.000000 2.322789 -24.984679 -51.689185 0.277648 -0.179604 0.763578 -0.554619
2847.000000 1.162432 -24.955184 -51.340882 0.286037 -0.186204 0.760293 -0.552689
2848.000000 0.251765 -24.535659 -51.145591 0.290578 -0.194246 0.756929 -0.552170
2849.000000 -0.385866 -23.698119 -51.135779 0.290722 -0.203997 0.753450 -0.553334
2850.000000 -0.749565 -22.418922 -51.310893 0.286254 -0.215522 0.749778 -0.556276
2851.000000 -0.852741 -20.735799 -51.615111 0.277709 -0.228451 0.745837 -0.560727
2852.000000 -0.776726 -18.828582 -51.947092 0.266587 -0.241912 0.741657 -0.565998
2853.000000 -0.642154 -16.951580 -52.200801 0.255075 -0.254755 0.737437 -0.571159
2854.000000 -0.555632 -15.302233 -52.305156 0.245328 -0.265970 0.733501 -0.575370
2855.000000 -0.592738 -14.027025 -52.248072 0.238717 -0.275045 0.730131 -0.578163
2856.000000 -0.797323 -13.189591 -52.054172 0.235509 -0.282070 0.727418 -0.579513
2857.000000 -1.131637 -12.672019 -51.764836 0.235092 -0.287583 0.725233 -0.579710
2858.000000 -1.581409 -12.361265 -51.417505 0.236523 -0.292289 0.723337 -0.579144
2859.000000 -2.101176 -12.146655 -51.040056 0.239008 -0.296789 0.721495 -0.578132
2860.000000 -2.685172 -11.963206 -50.645363 0.242129 -0.301410 0.719574 -0.576835
2861.000000 -3.306781 -11.821782 -50.233682 0.245796 -0.306133 0.717578 -0.575282
2862.000000 -3.981650 -11.725727 -49.795711 0.250090 -0.310654 0.715630 -0.573430
2863.000000 -4.645490 -11.733420 -49.324741 0.255075 -0.314573 0.713904 -0.571246
2864.000000 -5.327202 -11.845479 -48.818020 0.260670 -0.317670 0.712496 -0.568758
2865.000000 -5.974149 -12.027221 -48.285322 0.266580 -0.320132 0.711328 -0.566094
2866.000000 -6.608699 -12.192611 -47.747283 0.272336 -0.322582 0.710122 -0.563472
2867.000000 -7.231489 -12.254272 -47.229010 0.277420 -0.325854 0.708502 -0.561143
2868.000000 -7.861491 -12.130946 -46.749957 0.281452 -0.330636 0.706146 -0.559306
2869.000000 -8.507453 -11.797090 -46.314192 0.284310 -0.337171 0.702919 -0.558022
2870.000000 -9.158340 -11.280680 -45.910285 0.286125 -0.345205 0.698911 -0.557215
2871.000000 -9.803294 -10.640047 -45.520076 0.287159 -0.354162 0.694370 -0.556739
2872.000000 -10.434187 -9.944201 -45.129156 0.287641 -0.363448 0.689573 -0.556469
2873.000000 -11.016706 -9.217239 -44.732340 0.287669 -0.372684 0.684703 -0.556358
2874.000000 -11.565095 -8.486786 -44.331342 0.287207 -0.381814 0.679788 -0.556434
2875.000000 -12.064791 -7.705114 -43.928789 0.286156 -0.391066 0.674695 -0.556748
2876.000000 -12.555568 -6.850232 -43.523770 0.284428 -0.400846 0.669181 -0.557333
2877.000000 -13.051241 -5.893520 -43.110111 0.281970 -0.411554 0.662985 -0.558182
2878.000000 -13.560684 -4.810854 -42.676616 0.278795 -0.423334 0.655978 -0.559244
2879.000000 -14.073528 -3.643895 -42.211903 0.275101 -0.435837 0.648328 -0.560390
2880.000000 -14.591662 -2.524453 -41.707785 0.271450 -0.448178 0.640581 -0.561344
2881.000000 -15.110682 -1.572657 -41.159587 0.268837 -0.459204 0.633567 -0.561651
2882.000000 -15.647052 -0.921474 -40.566558 0.268479 -0.467968 0.628098 -0.560730
2883.000000 -16.236329 -0.658774 -39.923482 0.271399 -0.474092 0.624638 -0.558038
2884.000000 -16.928958 -0.773756 -39.221347 0.277950 -0.477858 0.623104 -0.553297
2885.000000 -17.718815 -1.202650 -38.444414 0.287507 -0.480055 0.622871 -0.546735
2886.000000 -18.561566 -1.740931 -37.602461 0.298462 -0.481747 0.622980 -0.539200
2887.000000 -19.372346 -2.163194 -36.745975 0.308672 -0.483958 0.622487 -0.531993
2888.000000 -20.068304 -2.373360 -35.939976 0.316295 -0.487242 0.620879 -0.526367
2889.000000 -20.590182 -2.379109 -35.236581 0.320597 -0.491338 0.618336 -0.522940
2890.000000 -20.917168 -2.225147 -34.646287 0.322161 -0.495290 0.615622 -0.521450
2891.000000 -21.091412 -2.058481 -34.146013 0.322291 -0.498167 0.613541 -0.521082
2892.000000 -21.174624 -1.955694 -33.696335 0.322078 -0.499865 0.612278 -0.521072
2893.000000 -21.242127 -1.791293 -33.259344 0.321856 -0.501338 0.611174 -0.521090
2894.000000 -21.354009 -1.598606 -32.785530 0.321446 -0.504007 0.609164 -0.521122
2895.000000 -21.560052 -1.303567 -32.249817 0.320783 -0.508852 0.605497 -0.521096
2896.000000 -21.892882 -0.861492 -31.626784 0.320237 -0.515896 0.600154 -0.520687
2897.000000 -22.334222 -0.373437 -30.909157 0.320385 -0.524401 0.593707 -0.519490
2898.000000 -22.843030 0.087950 -30.108768 0.321533 -0.533454 0.586858 -0.517341
2899.000000 -23.393833 0.505174 -29.254518 0.323485 -0.542427 0.580058 -0.514454
2900.000000 -23.936855 0.874533 -28.380498 0.325718 -0.551072 0.573430 -0.511278
2901.000000 -24.448917 1.215446 -27.512442 0.327722 -0.559371 0.566921 -0.508236
2902.000000 -24.913269 1.557504 -26.659899 -0.329276 0.567382 -0.560456 0.505513
2903.000000 -25.318131 1.896064 -25.815600 -0.330536 0.575198 -0.553994 0.502975
2904.000000 -25.738064 2.226108 -24.952210 -0.331903 0.582935 -0.547510 0.500260
2905.000000 -26.202256 2.497793 -24.054034 -0.333688 0.590659 -0.541009 0.497076
2906.000000 -26.577004 2.785552 -23.138717 -0.335727 0.598235 -0.534579 0.493587
2907.000000 -26.932809 3.032884 -22.259940 -0.337263 0.605260 -0.528435 0.490581
2908.000000 -27.175615 3.289599 -21.508591 -0.337260 0.611162 -0.522904 0.489190
2909.000000 -27.262277 3.553226 -20.957488 -0.335014 0.615403 -0.518347 0.490267
2910.000000 -27.179643 3.817794 -20.624480 -0.330619 0.617638 -0.515098 0.493850
2911.000000 -26.974175 4.035808 -20.470852 -0.324983 0.617774 -0.513439 0.499122
2912.000000 -26.698677 4.172038 -20.430112 -0.319350 0.615908 -0.513579 0.504886
2913.000000 -26.367315 4.218862 -20.445937 -0.314634 0.612230 -0.515579 0.510253
2914.000000 -26.011426 4.168345 -20.509919 -0.310965 0.606922 -0.519288 0.515059
2915.000000 -25.610207 4.048917 -20.624428 -0.307765 0.600135 -0.524363 0.519771
2916.000000 -25.181686 3.856410 -20.808334 -0.304310 0.592043 -0.530392 0.524943
2917.000000 -24.677735 3.661131 -21.045162 -0.300411 0.582934 -0.537021 0.530612
2918.000000 -24.186051 3.418076 -21.279715 -0.296749 0.573287 -0.543991 0.536056
2919.000000 -23.749739 3.120086 -21.428258 -0.294611 0.563742 -0.551100 0.540081
2920.000000 -23.418258 2.781892 -21.421140 0.295178 -0.554942 0.558136 -0.541658
2921.000000 -23.264993 2.352217 -21.226219 0.298798 -0.547284 0.564857 -0.540497
2922.000000 -23.249219 1.892957 -20.874923 0.304717 -0.540771 0.571051 -0.537229
2923.000000 -23.287545 1.450736 -20.442250 0.311407 -0.535083 0.576632 -0.533111
2924.000000 -23.297970 1.071449 -20.014239 0.317276 -0.529812 0.581641 -0.529460
2925.000000 -23.311299 0.728468 -19.650237 0.321229 -0.524681 0.586170 -0.527188
2926.000000 -23.209802 0.492922 -19.382957 0.322728 -0.519604 0.590261 -0.526736
2927.000000 -23.007814 0.360793 -19.223527 0.321476 -0.514619 0.593881 -0.528324
2928.000000 -22.691034 0.332936 -19.184430 0.317128 -0.509777 0.596950 -0.532172
2929.000000 -22.293301 0.397010 -19.273632 0.309347 -0.505099 0.599369 -0.538456
2930.000000 -21.773518 0.587329 -19.480440 0.298053 -0.500580 0.601038 -0.547118
2931.000000 -21.138427 0.890765 -19.776431 0.283531 -0.496206 0.601872 -0.557799
2932.000000 -20.407693 1.295220 -20.125800 0.266258 -0.491947 0.601818 -0.570008
2933.000000 -19.598806 1.795563 -20.497805 0.246602 -0.487757 0.600832 -0.583337
2934.000000 -18.712003 2.386411 -20.870136 0.224657 -0.483646 0.598790 -0.597550
2935.000000 -17.757616 3.093866 -21.216559 -0.200331 0.479826 -0.595405 0.612477
2936.000000 -16.757665 3.921842 -21.497100 -0.173645 0.476812 -0.590243 0.627782
2937.000000 -15.766710 4.891474 -21.655560 -0.145113 0.475295 -0.582952 0.642810
2938.000000 -14.848689 5.953751 -21.641543 -0.116016 0.475760 -0.573629 0.656614
2939.000000 -14.060318 7.024323 -21.437066 -0.088359 0.478076 -0.563096 0.668251
2940.000000 -13.445566 7.984976 -21.076012 -0.064421 0.481400 -0.552795 0.677143
2941.000000 -13.009149 8.745297 -20.628951 -0.046050 0.484557 -0.544269 0.683267
2942.000000 -12.741203 9.254801 -20.168224 -0.034088 0.486662 -0.538533 0.687009
2943.000000 -12.599404 9.520640 -19.732107 -0.028192 0.487551 -0.535716 0.688845
2944.000000 -12.580857 9.577466 -19.312286 -0.027028 0.487822 -0.535122 0.689162
2945.000000 -12.644295 9.535068 -18.877160 -0.028641 0.488488 -0.535557 0.688286
2946.000000 -12.750623 9.527945 -18.393588 -0.030935 0.490479 -0.535781 0.686595
2947.000000 -12.901920 9.572413 -17.849376 -0.032274 0.494105 -0.534978 0.684556
2948.000000 -13.022243 9.689960 -17.272656 -0.031942 0.498580 -0.533130 0.682766
2949.000000 -13.083030 9.783412 -16.748560 -0.030053 0.501716 -0.531112 0.682128
2950.000000 -12.980505 9.803711 -16.403903 -0.026943 0.500057 -0.530370 0.684050
2951.000000 -12.556089 9.748116 -16.381859 -0.022758 0.489702 -0.532343 0.690134
2952.000000 -11.814734 9.431499 -16.746727 -0.017860 0.467846 -0.537877 0.701063
2953.000000 -10.800601 8.775108 -17.425862 -0.013610 0.434605 -0.546866 0.715451
2954.000000 -9.609879 7.886780 -18.201433 -0.012414 0.394087 -0.558214 0.730027
2955.000000 -8.485412 6.863059 -18.835725 -0.016467 0.353414 -0.570188 0.741426
2956.000000 -7.610076 5.771739 -19.166614 -0.026062 0.319521 -0.581036 0.748080
2957.000000 -7.112149 4.785470 -19.203286 -0.039025 0.295645 -0.589624 0.750610
2958.000000 -6.902974 3.969576 -19.038121 -0.051795 0.280129 -0.595796 0.750914
2959.000000 -6.757506 3.381324 -18.790231 -0.061198 0.268284 -0.600220 0.751009
2960.000000 -6.519311 2.962064 -18.553985 -0.065566 0.255647 -0.603780 0.752194
2961.000000 -6.087257 2.628889 -18.360217 -0.064752 0.240297 -0.606953 0.754767
2962.000000 -5.495268 2.386425 -18.185634 -0.059477 0.223064 -0.609662 0.758299
2963.000000 -4.825977 2.253541 -17.993219 -0.050729 0.206060 -0.611607 0.762170
2964.000000 -4.141090 2.214917 -17.758505 -0.039540 0.190857 -0.612663 0.765934
2965.000000 -3.503247 2.239670 -17.484482 -0.027010 0.177533 -0.613010 0.769397
2966.000000 -2.897418 2.303414 -17.179889 -0.014289 0.165000 -0.612997 0.772532
2967.000000 -2.309909 2.361765 -16.855806 -0.002437 0.152144 -0.612917 0.775357
2968.000000 -1.762926 2.352491 -16.515478 0.007665 0.138909 -0.612901 0.777816
2969.000000 -1.324242 2.316113 -16.160970 0.015248 0.126540 -0.612959 0.779767
2970.000000 -0.992373 2.239463 -15.786681 0.019620 0.116805 -0.613098 0.781078
2971.000000 -0.825955 2.134512 -15.399740 0.020397 0.110697 -0.613359 0.781742
2972.000000 -0.776264 2.012089 -15.007372 0.017921 0.107581 -0.613770 0.781915
2973.000000 -0.794082 1.879530 -14.615553 0.013386 0.105479 -0.614310 0.781869
2974.000000 -0.760077 1.716641 -14.231261 0.008375 0.102338 -0.614928 0.781870
2975.000000 -0.791883 1.557673 -13.848149 0.004064 0.097236 -0.615574 0.782047
2976.000000 -0.734307 1.368244 -13.465816 0.000771 0.090608 -0.616199 0.782360
2977.000000 -0.606030 1.201591 -13.077959 -0.001832 0.083447 -0.616772 0.782704
2978.000000 -0.495690 1.050461 -12.686388 -0.004148 0.076344 -0.617288 0.783013
2979.000000 -0.388297 0.899420 -12.291868 -0.006244 0.069156 -0.617760 0.783295
2980.000000 -0.275129 0.760711 -11.895212 -0.007854 0.061339 -0.618200 0.783585
2981.000000 -0.137669 0.617478 -11.495940 -0.008708 0.052487 -0.618609 0.783895
2982.000000 0.029755 0.492287 -11.093736 -0.008935 0.042645 -0.618982 0.784196
2983.000000 0.187718 0.353980 -10.687731 -0.009302 0.032395 -0.619312 0.784421
2984.000000 0.302404 0.186957 -10.277935 -0.011004 0.022791 -0.619591 0.784517
2985.000000 0.373990 0.059076 -9.868518 -0.014942 0.015161 -0.619797 0.784473
2986.000000 0.375737 -0.078118 -9.458075 -0.020924 0.010691 -0.619896 0.784332
2987.000000 0.345573 -0.168929 -9.050447 -0.027476 0.009897 -0.619866 0.784164
2988.000000 0.267888 -0.205062 -8.642166 -0.032604 0.012245 -0.619734 0.784039
2989.000000 0.203781 -0.218194 -8.235639 -0.034989 0.016260 -0.619563 0.783998
2990.000000 0.140319 -0.211912 -7.828898 -0.034659 0.020171 -0.619415 0.784039
2991.000000 0.122976 -0.163609 -7.419532 -0.032693 0.022794 -0.619321 0.784126
2992.000000 0.116447 -0.109281 -7.010247 -0.030391 0.024155 -0.619270 0.784218
2993.000000 0.127010 -0.065525 -6.600095 -0.028692 0.025489 -0.619215 0.784283
2994.000000 0.091116 -0.049583 -6.190825 -0.028172 0.028623 -0.619089 0.784293
2995.000000 0.029836 -0.021543 -5.781224 -0.029270 0.035024 -0.618824 0.784202
2996.000000 -0.052501 0.017700 -5.371206 -0.032276 0.044958 -0.618378 0.783930
2997.000000 -0.155894 0.049207 -4.958713 -0.037079 0.057177 -0.617758 0.783410
2998.000000 -0.252814 0.065489 -4.543517 -0.042985 0.069359 -0.617059 0.782675
2999.000000 -0.312156 0.081808 -4.129321 -0.048871 0.079098 -0.616446 0.781889
3000.000000 -0.421352 0.104637 -3.717385 -0.053526 0.084853 -0.616077 0.781271
3001.000000 -0.427479 0.081345 -3.305068 -0.055821 0.086352 -0.616009 0.780999
3002.000000 -0.423889 0.097876 -2.897549 -0.054519 0.084429 -0.616157 0.781185
3003.000000 -0.408008 0.112312 -2.492833 -0.047911 0.080691 -0.616301 0.781899
3004.000000 -0.375066 0.130229 -2.090048 -0.033888 0.077267 -0.616098 0.783138
3005.000000 -0.324241 0.183164 -1.685030 -0.011029 0.076368 -0.615114 0.784654
3006.000000 -0.322103 0.218721 -1.280046 0.019549 0.079353 -0.612985 0.785856
3007.000000 -0.329574 0.220111 -0.872657 0.052998 0.085695 -0.609800 0.786124
3008.000000 -0.297001 0.177031 -0.466787 0.081897 0.092926 -0.606402 0.785452
3009.000000 -0.302746 0.074144 -0.071804 0.099755 0.098060 -0.604024 0.784594
3010.000000 -0.300856 0.118082 0.116425 0.104689 0.099092 -0.606133 0.782191
3011.000000 -0.297489 0.126330 0.116420 0.106732 0.097790 -0.616958 0.773568
3012.000000 -0.293891 0.134481 0.116427 0.108754 0.096469 -0.627661 0.764793
3013.000000 -0.285067 0.152602 -0.261320 0.096875 0.093250 -0.629317 0.765428
3014.000000 -0.293146 0.221166 -0.658366 0.072518 0.087328 -0.632430 0.766255
3015.000000 -0.310771 0.239510 -1.060271 0.039938 0.080966 -0.635933 0.766446
3016.000000 -0.309937 0.227695 -1.460503 0.006701 0.076956 -0.638659 0.765603
3017.000000 -0.327587 0.170610 -1.859597 -0.020653 0.076728 -0.640161 0.764121
3018.000000 -0.388065 0.141574 -2.257823 -0.039179 0.079709 -0.640660 0.762670
3019.000000 -0.408791 0.131903 -2.655343 -0.049338 0.084004 -0.640606 0.761665
3020.000000 -0.429964 0.112244 -3.055564 -0.053185 0.087459 -0.640392 0.761196
3021.000000 -0.422130 0.117832 -3.458900 -0.052751 0.088258 -0.640299 0.761213
3022.000000 -0.381678 0.127551 -3.866077 -0.049478 0.085146 -0.640484 0.761632
3023.000000 -0.289489 0.090260 -4.272995 -0.044447 0.077692 -0.640973 0.762326
3024.000000 -0.218053 0.076029 -4.682387 -0.038741 0.066642 -0.641661 0.763105
3025.000000 -0.115134 0.047970 -5.091288 -0.033495 0.053939 -0.642370 0.763760
3026.000000 -0.019810 0.005442 -5.496949 -0.029630 0.042110 -0.642951 0.764175
3027.000000 0.053153 -0.036485 -5.901044 -0.027566 0.033218 -0.643340 0.764362
3028.000000 0.104458 -0.062531 -6.304841 -0.027207 0.028026 -0.643552 0.764405
3029.000000 0.123449 -0.082846 -6.708785 -0.028206 0.025810 -0.643642 0.764371
3030.000000 0.106869 -0.129648 -7.113228 -0.030184 0.024874 -0.643681 0.764294
3031.000000 0.112262 -0.183924 -7.516692 -0.032600 0.023442 -0.643733 0.764196
3032.000000 0.136019 -0.226915 -7.919730 -0.034468 0.020524 -0.643838 0.764109
3033.000000 0.201933 -0.232170 -8.320496 -0.034452 0.016380 -0.643996 0.764077
3034.000000 0.268889 -0.224717 -8.721820 -0.031560 0.012382 -0.644170 0.764131
3035.000000 0.350661 -0.180939 -9.124458 -0.025989 0.010324 -0.644295 0.764266
3036.000000 0.380037 -0.081246 -9.526686 -0.019258 0.011563 -0.644311 0.764434
3037.000000 0.376994 0.056340 -9.931372 -0.013378 0.016464 -0.644198 0.764564
3038.000000 0.304506 0.193784 -10.335467 -0.009669 0.024359 -0.643983 0.764591
3039.000000 0.193584 0.361814 -10.739486 -0.008177 0.033912 -0.643704 0.764479
3040.000000 0.043288 0.486279 -11.139981 -0.008074 0.043505 -0.643398 0.764252
3041.000000 -0.095713 0.578120 -11.539013 -0.008543 0.051382 -0.643123 0.763989
3042.000000 -0.169448 0.619658 -11.940226 -0.009406 0.055546 -0.642987 0.763802
3043.000000 -0.148049 0.539383 -12.347264 -0.011114 0.053727 -0.643119 0.763798
3044.000000 0.004279 0.296767 -12.759497 -0.014339 0.043729 -0.643582 0.763993
3045.000000 0.316937 -0.125621 -13.162616 -0.019509 0.024187 -0.644236 0.764196
3046.000000 0.755618 -0.741925 -13.528990 -0.026484 -0.004576 -0.644708 0.763957
3047.000000 1.346957 -1.532571 -13.821415 -0.034390 -0.040119 -0.644547 0.762736
3048.000000 2.001111 -2.304512 -14.020758 -0.041723 -0.078288 -0.643537 0.760257
3049.000000 2.645665 -2.997259 -14.156635 -0.046838 -0.114559 -0.641895 0.756739
3050.000000 3.250991 -3.595890 -14.279021 -0.048673 -0.145741 -0.640130 0.752744
3051.000000 3.836022 -4.043203 -14.419132 -0.047295 -0.171107 -0.638644 0.748745
3052.000000 4.369849 -4.367759 -14.575740 -0.043906 -0.192198 -0.637428 0.744861
3053.000000 4.838306 -4.640869 -14.728938 -0.040345 -0.211446 -0.636103 0.740969
3054.000000 5.323472 -5.006729 -14.858563 -0.038380 -0.230566 -0.634208 0.736985
3055.000000 5.708529 -5.393801 -14.957107 -0.039150 -0.249763 -0.631477 0.733023
3056.000000 6.035824 -5.795992 -15.046851 -0.042929 -0.268153 -0.627942 0.729342
3057.000000 6.312424 -6.287866 -15.143281 -0.049263 -0.284793 -0.623823 0.726162
3058.000000 6.488460 -6.796854 -15.255438 -0.057350 -0.299415 -0.619349 0.723511
3059.000000 6.609423 -7.242567 -15.377922 -0.066398 -0.312384 -0.614675 0.721237
3060.000000 6.701367 -7.720739 -15.506409 -0.075749 -0.324186 -0.609918 0.719143
3061.000000 6.778918 -8.151410 -15.639837 -0.084837 -0.335087 -0.605223 0.717095
3062.000000 6.856837 -8.586881 -15.777484 -0.093130 -0.345263 -0.600761 0.714987
3063.000000 6.973308 -8.954996 -15.915218 -0.100154 -0.355177 -0.596651 0.712619
3064.000000 7.121889 -9.313481 -16.033221 -0.105506 -0.365796 -0.592909 0.709591
3065.000000 7.399662 -9.704535 -16.098664 -0.108763 -0.378406 -0.589487 0.705326
3066.000000 7.818961 -10.050121 -16.083422 -0.109348 -0.394087 -0.586394 0.699200
3067.000000 8.381285 -10.392728 -15.967985 -0.106591 -0.413128 -0.583773 0.690777
3068.000000 9.094552 -10.679173 -15.757606 -0.100159 -0.434734 -0.581813 0.680050
3069.000000 9.889942 -10.937391 -15.481272 -0.090677 -0.457252 -0.580503 0.667618
3070.000000 10.642459 -11.157011 -15.182716 -0.079988 -0.478840 -0.579437 0.654650
3071.000000 11.310323 -11.355498 -14.908151 -0.070702 -0.498223 -0.577836 0.642557
3072.000000 11.842447 -11.609072 -14.680756 -0.065146 -0.515127 -0.574826 0.632436
3073.000000 12.222760 -11.932854 -14.491758 -0.064346 -0.530139 -0.569822 0.624592
3074.000000 12.510908 -12.343064 -14.316643 -0.067643 -0.544095 -0.562866 0.618520
3075.000000 12.716024 -12.753225 -14.139454 -0.073116 -0.557431 -0.554748 0.613335
3076.000000 12.902475 -13.126433 -13.973329 -0.078540 -0.569963 -0.546740 0.608316
3077.000000 13.089943 -13.455466 -13.851645 -0.082317 -0.581233 -0.539998 0.603154
3078.000000 13.308256 -13.742110 -13.789800 -0.083904 -0.591028 -0.535025 0.597825
3079.000000 13.521430 -13.929735 -13.784203 0.083643 0.599578 0.531602 -0.592376
3080.000000 13.742897 -14.054998 -13.812029 0.082253 0.607322 0.529143 -0.586858
3081.000000 13.967803 -14.131461 -13.853724 0.080453 0.614546 0.527093 -0.581406
3082.000000 14.165811 -14.300281 -13.921087 0.078807 0.621195 0.525132 -0.576318
3083.000000 14.332174 -14.402864 -14.033025 0.077654 0.626890 0.523233 -0.572019
3084.000000 14.458147 -14.469740 -14.219823 0.077020 0.631035 0.521687 -0.568951
3085.000000 14.503190 -14.462759 -14.515118 0.076673 0.633027 0.520965 -0.567445
3086.000000 14.508189 -14.459465 -14.945069 0.076414 0.632559 0.521365 -0.567634
3087.000000 14.410185 -14.422719 -15.490608 0.076403 0.629865 0.522661 -0.569436
3088.000000 14.281306 -14.320681 -16.111290 0.077189 0.625702 0.524111 -0.572579
3089.000000 14.073818 -14.264030 -16.747297 0.079428 0.621098 0.524781 -0.576657
3090.000000 13.824270 -14.288283 -17.344827 0.083586 0.617061 0.523895 -0.581191
3091.000000 13.558493 -14.435753 -17.859580 0.089829 0.614363 0.520993 -0.585709
3092.000000 13.286948 -14.684767 -18.270773 0.098033 0.613374 0.515976 -0.589857
3093.000000 13.014325 -15.031619 -18.582466 0.107789 0.613914 0.509161 -0.593503
3094.000000 12.740880 -15.439343 -18.828373 0.118443 0.615268 0.501254 -0.596793
3095.000000 12.448728 -15.864671 -19.060054 0.129248 0.616456 0.493142 -0.600073
3096.000000 12.130523 -16.258524 -19.328730 0.139609 0.616637 0.485570 -0.603730
3097.000000 11.800621 -16.578117 -19.660235 0.149259 0.615384 0.478893 -0.608019
3098.000000 11.411751 -16.858764 -20.058474 -0.158249 -0.612703 -0.473069 0.612992
3099.000000 10.991884 -17.100218 -20.504555 -0.166816 -0.608852 -0.467823 0.618558
3100.000000 10.531139 -17.292793 -20.981238 -0.175216 -0.604118 -0.462854 0.624586
3101.000000 10.030237 -17.482753 -21.473316 -0.183624 -0.598664 -0.457961 0.630996
3102.000000 9.485088 -17.667084 -21.979939 -0.192134 -0.592446 -0.453058 0.637833
3103.000000 8.877371 -17.811923 -22.506746 -0.200856 -0.585167 -0.448101 0.645324
3104.000000 8.154904 -17.957866 -23.067121 -0.210012 -0.576281 -0.442987 0.653879
3105.000000 7.292397 -18.084700 -23.667015 -0.219922 -0.565117 -0.437516 0.663971
3106.000000 6.235221 -18.160771 -24.297845 -0.230862 -0.551176 -0.431427 0.675854
3107.000000 5.005699 -18.252245 -24.926506 -0.242913 -0.534522 -0.424490 0.689266
3108.000000 3.647703 -18.346059 -25.497347 -0.255959 -0.516012 -0.416559 0.703346
3109.000000 2.226135 -18.522616 -25.951326 -0.269871 -0.497143 -0.407568 0.716873
3110.000000 0.829699 -18.799214 -26.240991 -0.284691 -0.479554 -0.397491 0.728684
3111.000000 -0.453510 -19.224559 -26.337120 -0.300617 -0.464483 -0.386333 0.737992
3112.000000 -1.599865 -19.850031 -26.237380 -0.317770 -0.452504 -0.374189 0.744477
3113.000000 -2.579981 -20.607365 -25.961371 -0.335933 -0.443591 -0.361341 0.748204
3114.000000 -3.397334 -21.450867 -25.554201 -0.354432 -0.437359 -0.348304 0.749519
3115.000000 -4.070099 -22.326915 -25.087929 -0.372238 -0.433284 -0.335787 0.748966
3116.000000 -4.571343 -23.125775 -24.640422 -0.388233 -0.430827 -0.324553 0.747214
3117.000000 -4.956651 -23.805425 -24.293796 -0.401505 -0.429483 -0.315228 0.744963
3118.000000 -5.217201 -24.336248 -24.102789 -0.411566 -0.428796 -0.308147 0.742827
3119.000000 -5.395844 -24.681437 -24.089748 -0.418418 -0.428387 -0.303295 0.741231
3120.000000 -5.503939 -24.905470 -24.245956 -0.422450 -0.428024 -0.300388 0.740337
3121.000000 -5.562902 -24.981059 -24.540694 -0.424256 -0.427682 -0.299029 0.740051
3122.000000 -5.572893 -25.000856 -24.935467 -0.424434 -0.427498 -0.298851 0.740128
3123.000000 -5.534334 -24.943076 -25.403768 -0.423411 -0.427612 -0.299597 0.740347
3124.000000 -5.472294 -24.828427 -25.935085 -0.421334 -0.427986 -0.301151 0.740685
3125.000000 -5.372091 -24.631417 -26.540617 -0.418047 -0.428367 -0.303543 0.741350
3126.000000 -5.242074 -24.326037 -27.243104 -0.413196 -0.428419 -0.306918 0.742649
3127.000000 -5.097157 -23.901148 -28.058866 -0.406455 -0.427953 -0.311431 0.744756
3128.000000 -4.916664 -23.318593 -28.979295 -0.397819 -0.427080 -0.317094 0.747525
3129.000000 -4.694047 -22.637324 -29.956630 -0.387861 -0.426229 -0.323594 0.750453
3130.000000 -4.414432 -21.967126 -30.909352 -0.377818 -0.425981 -0.330211 0.752831
3131.000000 -4.115480 -21.443774 -31.745384 -0.369389 -0.426679 -0.335891 0.754105
3132.000000 -3.863548 -21.134567 -32.396995 -0.364247 -0.427867 -0.339472 0.754329
3133.000000 -3.873866 -21.082084 -32.834853 -0.363548 -0.427903 -0.339933 0.754438
3134.000000 -4.293144 -21.260967 -33.070776 -0.367745 -0.424241 -0.336521 0.756000
3135.000000 -5.317915 -21.569772 -33.103594 -0.376747 -0.414545 -0.328763 0.760348
3136.000000 -6.945522 -22.073312 -32.892708 -0.390175 -0.398065 -0.316517 0.767544
3137.000000 -8.965709 -22.698851 -32.360472 -0.407451 -0.376355 -0.300213 0.776024
3138.000000 -11.132246 -23.511850 -31.462800 -0.427691 -0.352695 -0.281065 0.783383
3139.000000 -13.198922 -24.483087 -30.273846 -0.449524 -0.330525 -0.260934 0.787778
3140.000000 -14.887730 -25.504445 -28.961933 -0.470974 -0.311916 -0.241839 0.788927
3141.000000 -16.209817 -26.432397 -27.770454 -0.489549 -0.297085 -0.225452 0.788197
3142.000000 -17.197959 -26.995986 -26.938578 -0.502635 -0.284993 -0.212879 0.787921
3143.000000 -17.934072 -27.131809 -26.661399 -0.508144 -0.274333 -0.204644 0.790349
3144.000000 -18.541561 -26.782009 -27.014810 -0.505140 -0.264197 -0.200711 0.796711
3145.000000 -18.974505 -25.931222 -27.935349 -0.494133 -0.254255 -0.200520 0.806833
3146.000000 -19.302182 -24.652405 -29.254995 -0.476822 -0.244590 -0.203142 0.819481
3147.000000 -19.593891 -23.064628 -30.774731 -0.455407 -0.235422 -0.207552 0.833128
3148.000000 -19.760068 -21.273430 -32.339433 -0.431866 -0.226915 -0.212889 0.846569
3149.000000 -19.870737 -19.393131 -33.847085 -0.407587 -0.219122 -0.218573 0.859118
3150.000000 -19.944254 -17.474550 -35.252894 -0.383397 -0.212027 -0.224270 0.870491
3151.000000 -19.961636 -15.554557 -36.537534 -0.359744 -0.205552 -0.229797 0.880639
3152.000000 -19.976116 -13.671696 -37.698848 -0.336768 -0.199526 -0.235060 0.889676
3153.000000 -19.949233 -11.755761 -38.748968 -0.314272 -0.193702 -0.240055 0.897823
3154.000000 -19.944332 -9.827758 -39.699414 -0.291782 -0.187902 -0.244883 0.905311
3155.000000 -19.881604 -7.832232 -40.572719 -0.268737 -0.182229 -0.249726 0.912255
3156.000000 -19.754929 -5.744543 -41.391690 -0.244755 -0.177228 -0.254798 0.918566
3157.000000 -19.444530 -3.587004 -42.180656 -0.219783 -0.173833 -0.260263 0.923981
3158.000000 -18.882118 -1.404108 -42.962163 -0.194133 -0.173000 -0.266149 0.928196
3159.000000 -18.042773 0.708109 -43.733255 -0.168439 -0.175156 -0.272281 0.931027
3160.000000 -17.039381 2.739785 -44.471447 -0.143604 -0.179795 -0.278300 0.932524
3161.000000 -15.950319 4.579857 -45.134409 -0.120678 -0.185602 -0.283797 0.932978
3162.000000 -14.909453 6.189602 -45.695630 -0.100581 -0.191069 -0.288477 0.932822
3163.000000 -14.101988 7.573403 -46.153520 -0.083658 -0.195146 -0.292280 0.932465
3164.000000 -13.490983 8.796217 -46.522513 -0.069227 -0.197450 -0.295422 0.932173
3165.000000 -13.022240 10.022971 -46.805671 -0.055483 -0.198011 -0.298345 0.932043
3166.000000 -12.694094 11.482872 -46.977229 -0.040081 -0.196954 -0.301566 0.932020
3167.000000 -12.356604 13.267218 -47.001514 -0.021332 -0.194491 -0.305412 0.931902
3168.000000 -11.997410 15.325620 -46.858561 0.000628 -0.191169 -0.309783 0.931391
3169.000000 -11.591921 17.440990 -46.604076 0.023545 -0.188000 -0.314148 0.930276
3170.000000 -11.135765 19.281458 -46.371076 0.043985 -0.186171 -0.317795 0.928661
3171.000000 -10.653525 20.579505 -46.317059 0.058979 -0.186445 -0.320199 0.926948
3172.000000 -10.208303 21.243055 -46.519076 0.067313 -0.188704 -0.321239 0.925562
3173.000000 -9.842868 21.365740 -46.950933 0.069756 -0.191976 -0.321194 0.924724
3174.000000 -9.628758 21.154998 -47.502776 0.068312 -0.194940 -0.320563 0.924430
3175.000000 -9.587597 20.809473 -48.069603 0.065131 -0.196590 -0.319819 0.924568
3176.000000 -9.684383 20.503672 -48.588920 0.061749 -0.196638 -0.319244 0.924989
3177.000000 -9.880036 20.265800 -49.049313 0.058910 -0.195491 -0.318905 0.925534
3178.000000 -10.101897 20.124721 -49.468393 0.056786 -0.193833 -0.318747 0.926069
3179.000000 -10.307154 20.034789 -49.864562 0.055289 -0.192130 -0.318697 0.926532
3180.000000 -10.519820 20.003843 -50.242012 0.054282 -0.190361 -0.318734 0.926944
3181.000000 -10.751235 20.014372 -50.591504 0.053716 -0.188207 -0.318887 0.927364
3182.000000 -10.997373 20.122930 -50.903191 0.053828 -0.185598 -0.319201 0.927775
3183.000000 -11.161585 20.351708 -51.179240 0.055412 -0.183346 -0.319710 0.927954
3184.000000 -10.976998 20.800963 -51.439924 0.060003 -0.183476 -0.320432 0.927394
3185.000000 -10.082142 21.586407 -51.702861 0.069674 -0.188895 -0.321341 0.925313
3186.000000 -8.104502 22.801000 -51.928934 0.086281 -0.202316 -0.322289 0.920735
3187.000000 -4.989075 24.417344 -51.979726 0.110372 -0.224783 -0.322930 0.912692
3188.000000 -0.931968 26.382531 -51.646179 0.140388 -0.254587 -0.322801 0.900709
3189.000000 3.551737 28.452522 -50.809665 0.172804 -0.287365 -0.321672 0.885487
3190.000000 7.640602 30.388391 -49.576655 0.203368 -0.317512 -0.319932 0.869179
3191.000000 10.742830 32.057667 -48.283908 0.228794 -0.340140 -0.318614 0.854660
3192.000000 12.656061 33.482144 -47.235355 0.247927 -0.352515 -0.318960 0.844115
3193.000000 13.335108 34.764776 -46.516561 0.261777 -0.354443 -0.321829 0.838015
3194.000000 13.087677 36.041529 -46.004465 0.272610 -0.347798 -0.327346 0.835203
3195.000000 12.348590 37.434593 -45.486017 0.282722 -0.335585 -0.334931 0.833830
3196.000000 11.377968 38.997077 -44.821314 0.293567 -0.320880 -0.343610 0.832338
3197.000000 10.532134 40.613112 -43.963755 0.305472 -0.305986 -0.352422 0.829975
3198.000000 9.755754 42.213306 -42.997712 0.317839 -0.292113 -0.360692 0.826771
3199.000000 9.109591 43.679186 -42.048814 0.329495 -0.279687 -0.368036 0.823260
3200.000000 8.602563 44.854923 -41.281628 0.339020 -0.269003 -0.374167 0.820184
3201.000000 8.147273 45.650398 -40.881310 0.345011 -0.260609 -0.378747 0.818292
3202.000000 7.767485 45.935924 -40.999575 0.346369 -0.255071 -0.381488 0.818190
3203.000000 7.374270 45.722608 -41.698200 0.342635 -0.252375 -0.382412 0.820164
3204.000000 6.985336 45.057778 -42.898524 0.334242 -0.251658 -0.381969 0.824045
3205.000000 6.519840 44.076166 -44.419146 0.322457 -0.251600 -0.380848 0.829261
3206.000000 5.928083 42.863265 -46.056496 0.308906 -0.251092 -0.379652 0.835101
3207.000000 5.208247 41.664569 -47.655412 0.294965 -0.249578 -0.378732 0.840993
3208.000000 4.384506 40.492528 -49.142845 0.281408 -0.246864 -0.378235 0.846644
3209.000000 3.418046 39.421671 -50.498297 0.268449 -0.242851 -0.378212 0.852006
3210.000000 2.350644 38.414376 -51.738805 0.255929 -0.237589 -0.378613 0.857149
3211.000000 1.191948 37.414878 -52.907717 0.243472 -0.231608 -0.379185 0.862147
3212.000000 0.070170 36.346302 -54.070217 0.230629 -0.226093 -0.379464 0.867006
3213.000000 -0.902860 35.074841 -55.290531 0.217156 -0.222579 -0.378931 0.871615
3214.000000 -1.556058 33.613995 -56.584680 0.203368 -0.222320 -0.377270 0.875718
3215.000000 -1.791769 32.035247 -57.901417 0.190320 -0.225830 -0.374513 0.878931
3216.000000 -1.485895 30.498135 -59.143947 0.179576 -0.232972 -0.370983 0.880822
3217.000000 -0.617396 29.222945 -60.220229 0.172563 -0.243515 -0.367033 0.881027
3218.000000 0.926123 28.202920 -61.102140 0.169810 -0.257713 -0.362742 0.879299
3219.000000 3.206982 27.347806 -61.813093 0.170473 -0.276522 -0.357691 0.875518
3220.000000 6.310569 26.367534 -62.408334 0.172432 -0.301308 -0.350962 0.869659
3221.000000 10.259793 24.823804 -62.905013 0.172997 -0.332989 -0.341428 0.861752
3222.000000 14.883420 22.542608 -63.231830 0.170040 -0.370668 -0.328469 0.851939
3223.000000 19.724650 19.654788 -63.263690 0.163124 -0.410342 -0.312952 0.840875
3224.000000 23.761327 16.859521 -63.042035 0.153987 -0.444978 -0.297784 0.830426
3225.000000 26.189866 14.806834 -62.946414 0.145846 -0.466807 -0.287054 0.823663
3226.000000 26.522210 14.063653 -63.377517 0.141593 -0.470782 -0.283864 0.823248
3227.000000 24.671546 14.750563 -64.372367 0.142028 -0.457000 -0.288438 0.829326
3228.000000 21.256449 16.476286 -65.573181 0.145577 -0.430734 -0.298111 0.839289
3229.000000 17.257378 18.543439 -66.597632 0.149707 -0.400017 -0.309107 0.849722
3230.000000 13.578118 20.360011 -67.321889 0.152701 -0.372032 -0.318562 0.858366
3231.000000 10.744180 21.695042 -67.822072 0.154433 -0.350590 -0.325422 0.864487
3232.000000 8.843236 22.668567 -68.185241 0.155985 -0.336042 -0.330070 0.868216
3233.000000 7.743942 23.521036 -68.434720 0.158733 -0.326864 -0.333437 0.869933
3234.000000 7.235473 24.469454 -68.559745 0.163554 -0.321258 -0.336307 0.870024
3235.000000 7.147528 25.602697 -68.560381 0.170511 -0.317875 -0.339067 0.868859
3236.000000 7.309124 26.856714 -68.458293 0.179003 -0.315772 -0.341807 0.866841
3237.000000 7.573829 28.182889 -68.295726 0.188123 -0.314114 -0.344528 0.864432
3238.000000 7.755669 29.503523 -68.118984 0.196983 -0.311947 -0.347301 0.862130
3239.000000 7.668577 30.769292 -67.967088 0.204865 -0.308189 -0.350313 0.860425
3240.000000 7.153025 31.972385 -67.866511 0.211234 -0.301813 -0.353803 0.859717
3241.000000 6.097414 33.109205 -67.824545 0.215741 -0.292152 -0.357938 0.860223
3242.000000 4.509590 34.161114 -67.824239 0.218291 -0.279219 -0.362703 0.861877
3243.000000 2.528323 35.131850 -67.833376 0.219135 -0.263887 -0.367853 0.864307
3244.000000 0.416052 36.001462 -67.823395 0.218886 -0.247829 -0.372948 0.866937
3245.000000 -1.519106 36.761161 -67.798261 0.218389 -0.233156 -0.377463 0.869176
3246.000000 -2.962850 37.410575 -67.794164 0.218486 -0.221887 -0.380934 0.870586
3247.000000 -3.715036 37.946957 -67.860423 0.219793 -0.215439 -0.383049 0.870948
3248.000000 -3.685587 38.368455 -68.025909 0.222570 -0.214334 -0.383705 0.870226
3249.000000 -2.941175 38.686105 -68.284195 0.226726 -0.218184 -0.382993 0.868509
3250.000000 -1.628189 38.922953 -68.598703 0.231919 -0.225910 -0.381162 0.865964
3251.000000 0.053557 39.094218 -68.923694 0.237699 -0.236087 -0.378561 0.862817
3252.000000 1.897479 39.233595 -69.222817 0.243645 -0.247303 -0.375565 0.859319
3253.000000 3.737304 39.364865 -69.477265 0.249466 -0.258433 -0.372506 0.855698
3254.000000 5.467903 39.512346 -69.683380 0.255018 -0.268762 -0.369620 0.852123
3255.000000 7.036220 39.674651 -69.852075 0.260202 -0.277961 -0.367029 0.848718
3256.000000 8.411746 39.823246 -70.022162 0.264691 -0.285962 -0.364722 0.845661
3257.000000 9.525001 39.799483 -70.290046 0.267535 -0.292791 -0.362544 0.843362
3258.000000 10.274299 39.370313 -70.825199 0.266961 -0.298436 -0.360199 0.842570
3259.000000 10.520505 38.235068 -71.801849 0.260984 -0.302804 -0.357351 0.844096
3260.000000 10.223872 36.323043 -73.217282 0.249262 -0.305787 -0.353904 0.848007
3261.000000 9.593277 34.140421 -74.726926 0.235432 -0.307424 -0.350447 0.852789
3262.000000 9.332342 33.337555 -75.334273 0.230086 -0.307821 -0.349162 0.854630
3263.000000 9.920581 35.200593 -73.994691 0.242190 -0.306761 -0.352101 0.850451
3264.000000 10.436136 37.362156 -72.467392 0.255731 -0.304472 -0.355688 0.845804
3265.000000 10.467463 38.904791 -71.251728 0.264737 -0.300788 -0.358855 0.843009
3266.000000 9.953798 39.656807 -70.511804 0.267810 -0.295766 -0.361415 0.842721
3267.000000 9.008028 39.842117 -70.134847 0.266412 -0.289522 -0.363633 0.844377
3268.000000 7.748931 39.756819 -69.932613 0.262573 -0.282110 -0.365846 0.847128
3269.000000 6.274967 39.592339 -69.770918 0.257666 -0.273511 -0.368285 0.850392
3270.000000 4.620997 39.434125 -69.586129 0.252280 -0.263726 -0.371031 0.853897
3271.000000 2.826185 39.299815 -69.356193 0.246583 -0.252934 -0.374026 0.857511
3272.000000 0.965662 39.167218 -69.078000 0.240673 -0.241644 -0.377090 0.861097
3273.000000 -0.819963 39.015469 -68.762541 0.234765 -0.230784 -0.379934 0.864450
3274.000000 -2.343206 38.812595 -68.437349 0.229220 -0.221648 -0.382197 0.867327
3275.000000 -3.396947 38.540263 -68.145252 0.224492 -0.215695 -0.383507 0.869483
3276.000000 -3.795956 38.171670 -67.930255 0.220996 -0.214223 -0.383558 0.870719
3277.000000 -3.431953 37.691748 -67.815975 0.218964 -0.218005 -0.382172 0.870904
3278.000000 -2.320005 37.098070 -67.790630 0.218317 -0.226988 -0.379353 0.870003
3279.000000 -0.596655 36.389214 -67.810984 0.218613 -0.240184 -0.375310 0.868138
3280.000000 1.465564 35.575852 -67.831597 0.219098 -0.255821 -0.370440 0.865636
3281.000000 3.553573 34.658504 -67.829904 0.218896 -0.271764 -0.365254 0.863028
3282.000000 5.364100 33.640944 -67.820691 0.217254 -0.286061 -0.360252 0.860923
3283.000000 6.693770 32.542529 -67.838610 0.213733 -0.297411 -0.355785 0.859815
3284.000000 7.473580 31.379715 -67.909535 0.208265 -0.305382 -0.351985 0.859927
3285.000000 7.757124 30.141889 -68.037865 0.201084 -0.310335 -0.348762 0.861175
3286.000000 7.684907 28.846364 -68.205894 0.192635 -0.313160 -0.345898 0.863236
3287.000000 7.448193 27.525804 -68.382296 0.183543 -0.314943 -0.343168 0.865655
3288.000000 7.204453 26.222977 -68.519876 0.174619 -0.316715 -0.340440 0.867929
3289.000000 7.146642 25.013206 -68.574764 0.166792 -0.319354 -0.337690 0.869574
3290.000000 7.425627 23.974947 -68.513248 0.160861 -0.323711 -0.334901 0.870159
3291.000000 8.207183 23.098700 -68.324857 0.157137 -0.330901 -0.331856 0.869301
3292.000000 9.678648 22.199177 -68.018393 0.155141 -0.342528 -0.327966 0.866628
3293.000000 12.036978 21.080034 -67.593118 0.153676 -0.360405 -0.322316 0.861745
3294.000000 15.322176 19.499555 -66.995383 0.151391 -0.385353 -0.314136 0.854343
3295.000000 19.256841 17.504239 -66.122720 0.147711 -0.415422 -0.303662 0.844627
3296.000000 23.094205 15.529781 -64.977191 0.143572 -0.444949 -0.292874 0.834046
3297.000000 25.833465 14.236983 -63.822044 0.141278 -0.465885 -0.285294 0.825590
3298.000000 26.634310 14.250712 -63.081251 0.143121 -0.471154 -0.284423 0.822577
3299.000000 25.217327 15.700055 -62.949424 0.149578 -0.457911 -0.291619 0.826379
3300.000000 21.898336 18.204341 -63.165548 0.158649 -0.428798 -0.305075 0.835399
3301.000000 17.343496 21.133329 -63.291970 0.167018 -0.390641 -0.320895 0.846482
3302.000000 12.504242 23.792696 -63.097746 0.172036 -0.351247 -0.335369 0.857063
3303.000000 8.189171 25.680246 -62.671426 0.173050 -0.316282 -0.346607 0.865958
3304.000000 4.650720 26.901919 -62.122058 0.171458 -0.288086 -0.354608 0.872847
3305.000000 1.972288 27.764875 -61.475703 0.169823 -0.266458 -0.360359 0.877668
3306.000000 0.058283 28.683482 -60.685694 0.170673 -0.250113 -0.364944 0.880415
3307.000000 -1.115287 29.836120 -59.703765 0.175542 -0.237819 -0.369046 0.881154
3308.000000 -1.717886 31.241850 -58.539022 0.184559 -0.228967 -0.372819 0.880067
3309.000000 -1.726613 32.844420 -57.245098 0.196660 -0.223602 -0.376013 0.877463
3310.000000 -1.283939 34.358310 -55.930472 0.210252 -0.221991 -0.378248 0.873752
3311.000000 -0.452896 35.735665 -54.670957 0.223968 -0.223994 -0.379326 0.869354
3312.000000 0.617753 36.897861 -53.485788 0.237123 -0.228698 -0.379395 0.864598
3313.000000 1.785901 37.921016 -52.328539 0.249722 -0.234629 -0.378903 0.859663
3314.000000 2.905847 38.914675 -51.130617 0.262154 -0.240358 -0.378370 0.854599
3315.000000 3.920898 39.947885 -49.836606 0.274857 -0.245023 -0.378164 0.849358
3316.000000 4.810696 41.063116 -48.416173 0.288114 -0.248377 -0.378426 0.843856
3317.000000 5.578840 42.262090 -46.866916 0.301921 -0.250477 -0.379145 0.838066
3318.000000 6.248574 43.474830 -45.234658 0.315804 -0.251450 -0.380231 0.832145
3319.000000 6.766838 44.613494 -43.630541 0.328672 -0.251628 -0.381450 0.826531
3320.000000 7.178109 45.429391 -42.246002 0.338957 -0.251849 -0.382320 0.821895
3321.000000 7.570627 45.897961 -41.278338 0.345134 -0.253403 -0.382158 0.818917
3322.000000 7.957946 45.851883 -40.868330 0.346317 -0.257464 -0.380356 0.817989
3323.000000 8.360578 45.315580 -41.025357 0.342536 -0.264478 -0.376673 0.819047
3324.000000 8.847495 44.309201 -41.630719 0.334615 -0.274100 -0.371273 0.821620
3325.000000 9.409156 42.972304 -42.511659 0.323842 -0.285705 -0.364497 0.825010
3326.000000 10.135639 41.420977 -43.487299 0.311662 -0.298884 -0.356653 0.828452
3327.000000 10.932641 39.805106 -44.413546 0.299406 -0.313357 -0.348050 0.831279
3328.000000 11.866694 38.200124 -45.178070 0.288007 -0.328375 -0.339198 0.833166
3329.000000 12.763940 36.716375 -45.756680 0.277639 -0.342185 -0.330937 0.834450
3330.000000 13.297590 35.394884 -46.248350 0.267415 -0.352018 -0.324279 0.836311
3331.000000 13.143419 34.134224 -46.838044 0.255386 -0.354706 -0.320053 0.840552
3332.000000 11.846425 32.793447 -47.717966 0.239127 -0.347678 -0.318511 0.848816
3333.000000 9.336407 31.258622 -48.914798 0.216851 -0.329997 -0.319140 0.861526
3334.000000 5.692522 29.448953 -50.224477 0.188564 -0.303111 -0.320826 0.877290
3335.000000 1.305989 27.420849 -51.291075 0.156565 -0.270948 -0.322355 0.893399
3336.000000 -3.055435 25.369630 -51.872066 0.124824 -0.238989 -0.322987 0.907184
3337.000000 -6.682055 23.556703 -51.989908 0.097435 -0.212455 -0.322677 0.917196
3338.000000 -9.235925 22.139625 -51.825858 0.077033 -0.194484 -0.321827 0.923401
3339.000000 -10.646861 21.142113 -51.571687 0.064070 -0.185333 -0.320868 0.926602
3340.000000 -11.133288 20.543469 -51.309882 0.057209 -0.182943 -0.320044 0.927810
3341.000000 -11.106526 20.210854 -51.044788 0.054358 -0.184329 -0.319429 0.927919
3342.000000 -10.872880 20.058479 -50.752368 0.053654 -0.186935 -0.319021 0.927578
3343.000000 -10.637674 20.003249 -50.421027 0.053938 -0.189350 -0.318794 0.927150
3344.000000 -10.407097 20.015808 -50.056124 0.054731 -0.191271 -0.318704 0.926740
3345.000000 -10.206852 20.072760 -49.668740 0.055968 -0.192977 -0.318711 0.926310
3346.000000 -9.992349 20.192603 -49.262511 0.057761 -0.194686 -0.318809 0.925809
3347.000000 -9.774995 20.368325 -48.825832 0.060242 -0.196171 -0.319047 0.925255
3348.000000 -9.617621 20.647221 -48.336867 0.063402 -0.196802 -0.319501 0.924753
3349.000000 -9.588945 20.984481 -47.789562 0.066824 -0.195967 -0.320182 0.924454
3350.000000 -9.714435 21.287956 -47.218776 0.069378 -0.193573 -0.320919 0.924515
3351.000000 -10.010676 21.361348 -46.713314 0.069162 -0.190296 -0.321323 0.925071
3352.000000 -10.424499 20.986540 -46.383089 0.063972 -0.187372 -0.320880 0.926194
3353.000000 -10.905514 20.011454 -46.314171 0.052288 -0.186029 -0.319171 0.927787
3354.000000 -11.360711 18.414285 -46.474595 0.034290 -0.186853 -0.316102 0.929510
3355.000000 -11.804700 16.394321 -46.738110 0.012172 -0.189489 -0.312011 0.930911
3356.000000 -12.171331 14.271261 -46.949772 -0.010656 -0.192884 -0.307557 0.931714
3357.000000 -12.531444 12.333500 -47.009990 -0.031168 -0.195875 -0.303406 0.931991
3358.000000 -12.848766 10.714895 -46.907982 -0.048126 -0.197676 -0.299890 0.932027
3359.000000 -13.234943 9.392276 -46.675588 -0.062415 -0.197941 -0.296877 0.932088
3360.000000 -13.780095 8.199089 -46.348430 -0.076220 -0.196523 -0.293910 0.932301
3361.000000 -14.473710 6.905763 -45.936616 -0.091737 -0.193319 -0.290481 0.932648
3362.000000 -15.414370 5.413336 -45.428619 -0.110235 -0.188460 -0.286249 0.932948
3363.000000 -16.496260 3.689671 -44.814439 -0.131837 -0.182651 -0.281137 0.932855
3364.000000 -17.558906 1.738363 -44.109151 -0.155850 -0.177234 -0.275331 0.931929
3365.000000 -18.501415 -0.342468 -43.349185 -0.181240 -0.173713 -0.269203 0.929788
3366.000000 -19.200764 -2.497006 -42.571559 -0.207010 -0.173050 -0.263159 0.926255
3367.000000 -19.617689 -4.677082 -41.787518 -0.232382 -0.175264 -0.257475 0.921405
3368.000000 -19.837536 -6.797332 -40.987394 -0.256875 -0.179592 -0.252221 0.915503
3369.000000 -19.919224 -8.843685 -40.144356 -0.280359 -0.185026 -0.247289 0.908852
3370.000000 -19.940959 -10.797532 -39.235496 -0.303063 -0.190802 -0.242480 0.901638
3371.000000 -19.969522 -12.715186 -38.237638 -0.325485 -0.196604 -0.237587 0.893845
3372.000000 -19.971061 -14.614445 -37.132504 -0.348176 -0.202498 -0.232464 0.885285
3373.000000 -19.954927 -16.509180 -35.911241 -0.371488 -0.208720 -0.227063 0.875714
3374.000000 -19.919085 -18.439651 -34.563843 -0.395445 -0.215490 -0.221434 0.864959
3375.000000 -19.815720 -20.338071 -33.104525 -0.419756 -0.222929 -0.215713 0.852980
3376.000000 -19.690634 -22.187013 -31.559200 -0.443801 -0.231081 -0.210147 0.839929
3377.000000 -19.458037 -23.890453 -30.000893 -0.466492 -0.239931 -0.205184 0.826268
3378.000000 -19.144826 -25.338126 -28.558060 -0.486130 -0.249375 -0.201545 0.812939
3379.000000 -18.777985 -26.416604 -27.412912 -0.500552 -0.259203 -0.200200 0.801362
3380.000000 -18.253531 -27.019560 -26.760213 -0.507708 -0.269233 -0.202163 0.793018
3381.000000 -17.587954 -27.122453 -26.722566 -0.506428 -0.279555 -0.208208 0.788688
3382.000000 -16.744962 -26.761919 -27.295249 -0.496929 -0.290782 -0.218643 0.787847
3383.000000 -15.589499 -25.998325 -28.335966 -0.480788 -0.304075 -0.233224 0.788662
3384.000000 -14.093709 -24.994042 -29.618352 -0.460443 -0.320721 -0.251141 0.788707
3385.000000 -12.203817 -23.984765 -30.897471 -0.438517 -0.341250 -0.270993 0.786011
3386.000000 -10.043455 -23.079961 -31.955159 -0.417273 -0.364536 -0.290889 0.779987
3387.000000 -7.920915 -22.366366 -32.671518 -0.398378 -0.387683 -0.308816 0.771770
3388.000000 -6.070085 -21.809002 -33.033134 -0.382939 -0.407109 -0.323191 0.763654
3389.000000 -4.723216 -21.397810 -33.113468 -0.371664 -0.420245 -0.333204 0.757783
3390.000000 -4.018213 -21.146955 -32.977251 -0.365031 -0.426703 -0.338747 0.754936
3391.000000 -3.826410 -21.074605 -32.642606 -0.363298 -0.428177 -0.340146 0.754307
3392.000000 -3.974926 -21.260777 -32.097022 -0.366319 -0.427285 -0.338013 0.754311
3393.000000 -4.265254 -21.681829 -31.346985 -0.373290 -0.426215 -0.333241 0.753622
3394.000000 -4.557925 -22.288694 -30.442119 -0.382750 -0.425996 -0.326948 0.751755
3395.000000 -4.816611 -22.983907 -29.465358 -0.392943 -0.426616 -0.320275 0.749012
3396.000000 -5.013290 -23.620955 -28.508114 -0.402354 -0.427547 -0.314130 0.746081
3397.000000 -5.173217 -24.133535 -27.636581 -0.410073 -0.428252 -0.309026 0.743602
3398.000000 -5.307572 -24.492018 -26.878283 -0.415841 -0.428452 -0.305096 0.741904
3399.000000 -5.428934 -24.743380 -26.227253 -0.419861 -0.428197 -0.302235 0.740957
3400.000000 -5.505559 -24.892795 -25.661290 -0.422508 -0.427778 -0.300274 0.740492
3401.000000 -5.558268 -24.980333 -25.161630 -0.424056 -0.427514 -0.299119 0.740227
3402.000000 -5.574348 -24.997362 -24.727456 -0.424517 -0.427559 -0.298812 0.740061
3403.000000 -5.540594 -24.958663 -24.378448 -0.423592 -0.427844 -0.299540 0.740132
3404.000000 -5.454866 -24.812794 -24.148271 -0.420752 -0.428206 -0.301622 0.740697
3405.000000 -5.317105 -24.532224 -24.074020 -0.415376 -0.428576 -0.305455 0.741945
3406.000000 -5.095767 -24.081254 -24.176451 -0.406948 -0.429084 -0.311400 0.743848
3407.000000 -4.784254 -23.488066 -24.450623 -0.395251 -0.430046 -0.319623 0.746109
3408.000000 -4.334047 -22.745786 -24.856261 -0.380527 -0.431885 -0.329965 0.748196
3409.000000 -3.757229 -21.888537 -25.323861 -0.363493 -0.435086 -0.341932 0.749437
3410.000000 -3.000342 -21.025707 -25.769866 -0.345199 -0.440171 -0.354805 0.749133
3411.000000 -2.107591 -20.212704 -26.119081 -0.326757 -0.447683 -0.367826 0.746669
3412.000000 -1.037718 -19.510214 -26.310944 -0.309043 -0.458097 -0.380372 0.741591
3413.000000 0.169136 -18.995514 -26.314355 -0.292503 -0.471652 -0.392044 0.733681
3414.000000 1.513375 -18.640150 -26.119442 -0.277157 -0.488097 -0.402666 0.723053
3415.000000 2.952095 -18.414838 -25.741502 -0.262809 -0.506516 -0.412198 0.710257
3416.000000 4.340430 -18.301625 -25.222903 -0.249322 -0.525416 -0.420654 0.696295
3417.000000 5.644775 -18.209906 -24.615173 -0.236753 -0.543153 -0.428076 0.682410
3418.000000 6.788443 -18.125027 -23.980112 -0.225253 -0.558507 -0.434565 0.669690
3419.000000 7.754353 -18.038675 -23.362657 -0.214852 -0.571024 -0.440312 0.658707
3420.000000 8.529547 -17.881651 -22.782324 -0.205361 -0.580967 -0.445574 0.649437
3421.000000 9.189132 -17.742742 -22.240080 -0.196458 -0.588968 -0.450590 0.641475
3422.000000 9.756827 -17.572627 -21.724894 -0.187861 -0.595663 -0.455513 0.634352
3423.000000 10.286284 -17.373570 -21.225417 -0.179412 -0.601478 -0.460405 0.627744
3424.000000 10.763478 -17.197347 -20.740190 -0.171024 -0.606581 -0.465319 0.621521
3425.000000 11.201648 -16.967633 -20.277028 -0.162568 -0.610904 -0.470394 0.615709
3426.000000 11.610525 -16.733641 -19.852453 0.153824 0.614209 0.475888 -0.610423
3427.000000 11.977178 -16.440462 -19.486574 0.144526 0.616198 0.482114 -0.605788
3428.000000 12.297680 -16.062456 -19.187358 0.134509 0.616710 0.489256 -0.601834
3429.000000 12.601266 -15.671062 -18.942942 0.123870 0.615943 0.497170 -0.598408
3430.000000 12.870012 -15.232958 -18.710878 0.113051 0.614549 0.505289 -0.595174
3431.000000 13.149907 -14.844763 -18.437388 0.102753 0.613487 0.512757 -0.591740
3432.000000 13.429028 -14.551007 -18.078440 0.093705 0.613652 0.518739 -0.587844
3433.000000 13.698659 -14.334505 -17.615158 0.086449 0.615510 0.522711 -0.583479
3434.000000 13.956593 -14.262824 -17.054016 0.081250 0.618953 0.524569 -0.578898
3435.000000 14.177310 -14.275977 -16.431078 0.078091 0.623389 0.524598 -0.574530
3436.000000 14.353916 -14.377642 -15.795708 0.076653 0.627905 0.523426 -0.570863
3437.000000 14.463262 -14.449883 -15.204537 0.076349 0.631453 0.521938 -0.568347
3438.000000 14.518765 -14.461180 -14.714064 0.076533 0.633100 0.521024 -0.567328
3439.000000 14.485755 -14.485800 -14.352579 0.076829 0.632330 0.521195 -0.567990
3440.000000 14.394345 -14.429036 -14.113394 0.077283 0.629197 0.522387 -0.570307
3441.000000 14.259091 -14.354435 -13.969833 0.078159 0.624196 0.524163 -0.574041
3442.000000 14.065863 -14.227077 -13.883779 0.079583 0.617960 0.526110 -0.578792
3443.000000 13.865487 -14.098193 -13.831218 0.081365 0.610994 0.528093 -0.584109
3444.000000 13.628558 -13.986038 -13.794934 0.083041 0.603526 0.530291 -0.589620
3445.000000 13.406424 -13.845431 -13.781445 0.083963 0.595431 0.533153 -0.595113
3446.000000 13.200468 -13.598935 -13.813586 -0.083378 -0.586310 -0.537290 0.600507
3447.000000 12.985901 -13.303329 -13.905432 -0.080694 -0.575780 -0.543161 0.605758
3448.000000 12.812551 -12.941884 -14.052749 -0.075957 -0.563826 -0.550648 0.610834
3449.000000 12.617351 -12.553202 -14.228467 -0.070251 -0.550839 -0.558878 0.615871
3450.000000 12.379922 -12.132521 -14.403861 -0.065583 -0.537207 -0.566555 0.621388
3451.000000 12.059335 -11.758453 -14.583326 -0.064155 -0.522814 -0.572588 0.628245
3452.000000 11.587409 -11.476157 -14.787893 -0.067355 -0.506963 -0.576555 0.637209
3453.000000 10.994264 -11.255685 -15.040568 -0.075004 -0.488850 -0.578760 0.648411
3454.000000 10.278212 -11.054419 -15.332111 -0.085328 -0.468263 -0.579982 0.661112
3455.000000 9.484184 -10.802864 -15.625154 -0.095711 -0.445999 -0.581092 0.673986
3456.000000 8.724611 -10.538401 -15.873132 -0.103824 -0.423700 -0.582703 0.685679
3457.000000 8.080077 -10.225084 -16.038695 -0.108423 -0.403212 -0.585012 0.695289
3458.000000 7.592191 -9.879799 -16.102681 -0.109433 -0.385820 -0.587894 0.702530
3459.000000 7.239540 -9.513036 -16.074477 -0.107428 -0.371773 -0.591161 0.707654
3460.000000 7.043255 -9.131147 -15.978611 -0.103063 -0.360321 -0.594737 0.711220
3461.000000 6.910961 -8.776264 -15.847134 -0.096827 -0.350204 -0.598659 0.713855
3462.000000 6.812457 -8.379594 -15.708178 -0.089115 -0.340247 -0.602953 0.716057
3463.000000 6.742644 -7.934523 -15.572330 -0.080360 -0.329740 -0.607551 0.718119
3464.000000 6.658480 -7.485766 -15.441743 -0.071072 -0.318408 -0.612299 0.720177
3465.000000 6.549856 -7.021289 -15.315976 -0.061798 -0.306072 -0.617030 0.722340
3466.000000 6.416168 -6.554640 -15.197330 -0.053140 -0.292343 -0.621619 0.724777
3467.000000 6.176359 -6.018332 -15.093466 -0.045823 -0.276728 -0.625940 0.727682
3468.000000 5.875476 -5.584142 -15.001366 -0.040679 -0.259129 -0.629798 0.731130
3469.000000 5.527275 -5.207527 -14.911023 -0.038386 -0.240196 -0.632951 0.734987
3470.000000 5.082471 -4.803819 -14.797703 -0.039072 -0.220973 -0.635250 0.738987
3471.000000 4.608844 -4.507230 -14.654314 -0.042027 -0.201913 -0.636810 0.742925
3472.000000 4.113294 -4.215749 -14.496400 -0.045744 -0.182035 -0.638020 0.746794
3473.000000 3.544374 -3.841844 -14.346120 -0.048333 -0.159096 -0.639342 0.750729
3474.000000 2.954444 -3.307171 -14.216908 -0.048191 -0.130894 -0.640995 0.754765
3475.000000 2.326589 -2.662611 -14.093364 -0.044646 -0.096910 -0.642766 0.758596
3476.000000 1.674789 -1.927742 -13.931966 -0.038236 -0.059170 -0.644145 0.761652
3477.000000 1.026345 -1.124003 -13.685850 -0.030404 -0.021731 -0.644729 0.763497
3478.000000 0.519635 -0.408172 -13.352858 -0.022808 0.010856 -0.644524 0.764167
3479.000000 0.146261 0.107556 -12.963406 -0.016673 0.035179 -0.643903 0.764116
3480.000000 -0.091846 0.435811 -12.553062 -0.012499 0.049866 -0.643312 0.763876
3481.000000 -0.172633 0.598775 -12.142866 -0.010111 0.055531 -0.643012 0.763773
3482.000000 -0.142506 0.610110 -11.739127 -0.008908 0.054065 -0.643029 0.763879
3483.000000 -0.032590 0.533705 -11.339404 -0.008266 0.047776 -0.643251 0.764118
3484.000000 0.122763 0.433455 -10.940240 -0.008013 0.038810 -0.643551 0.764376
3485.000000 0.254147 0.278612 -10.537778 -0.008687 0.029026 -0.643849 0.764552
3486.000000 0.345602 0.117532 -10.133123 -0.011220 0.020110 -0.644101 0.764594
3487.000000 0.387548 -0.010030 -9.729298 -0.016101 0.013576 -0.644270 0.764508
3488.000000 0.369433 -0.137846 -9.325241 -0.022639 0.010482 -0.644319 0.764350
3489.000000 0.311123 -0.211088 -8.923150 -0.029040 0.011007 -0.644243 0.764190
3490.000000 0.235092 -0.227390 -8.521053 -0.033388 0.014250 -0.644085 0.764092
3491.000000 0.169288 -0.233581 -8.119988 -0.034777 0.018539 -0.643912 0.764084
3492.000000 0.116989 -0.210236 -7.718682 -0.033683 0.022183 -0.643778 0.764149
3493.000000 0.109342 -0.156701 -7.314946 -0.031386 0.024309 -0.643702 0.764246
3494.000000 0.114143 -0.104022 -6.911181 -0.029099 0.025302 -0.643663 0.764337
3495.000000 0.122292 -0.069234 -6.506585 -0.027560 0.026639 -0.643608 0.764395
3496.000000 0.081455 -0.051903 -6.102989 -0.027193 0.030174 -0.643466 0.764397
3497.000000 0.019181 -0.016951 -5.699034 -0.028370 0.037213 -0.643170 0.764292
3498.000000 -0.064227 0.028171 -5.294544 -0.031350 0.047763 -0.642683 0.763999
3499.000000 -0.168140 0.063987 -4.887151 -0.035994 0.060341 -0.642024 0.763458
3500.000000 -0.260100 0.084330 -4.477460 -0.041607 0.072519 -0.641303 0.762719
3501.000000 -0.326110 0.108242 -4.069096 -0.047117 0.081946 -0.640694 0.761955
3502.000000 -0.420583 0.130372 -3.662679 -0.051398 0.087242 -0.640351 0.761379
3503.000000 -0.426513 0.106493 -3.256663 -0.053400 0.088284 -0.640318 0.761149
3504.000000 -0.417090 0.125394 -2.855106 -0.051911 0.085962 -0.640499 0.761365
3505.000000 -0.401126 0.135962 -2.456322 -0.045190 0.081831 -0.640675 0.762100
3506.000000 -0.363686 0.152014 -2.059227 -0.031052 0.077918 -0.640509 0.763357
3507.000000 -0.313217 0.204092 -1.660018 -0.007990 0.076362 -0.639560 0.764898
3508.000000 -0.308162 0.237020 -1.260677 0.022926 0.078531 -0.637441 0.766144
3509.000000 -0.312964 0.239180 -0.858779 0.056812 0.084016 -0.634217 0.766474
3510.000000 -0.284652 0.194747 -0.458383 0.086130 0.090526 -0.630740 0.765868
3511.000000 -0.297666 0.092644 -0.069203 0.104263 0.095221 -0.628295 0.765054
3512.000000 -0.284300 0.154031 0.116020 0.114824 0.092637 -0.653390 0.742506
3513.000000 -0.233163 0.224239 0.115604 -0.137642 -0.076238 0.748103 -0.644659
3514.000000 -0.164764 0.277749 0.117137 -0.157799 -0.058365 0.828351 -0.534348
3515.000000 -0.154445 0.274297 -0.179650 -0.143945 -0.057792 0.830615 -0.534808
3516.000000 -0.107081 0.330706 -0.488213 -0.115736 -0.057388 0.834730 -0.535292
3517.000000 -0.116576 0.359611 -0.806804 -0.078433 -0.058662 0.839087 -0.535107
3518.000000 -0.140241 0.349317 -1.124685 -0.041011 -0.062904 0.842148 -0.533992
3519.000000 -0.168031 0.333061 -1.437815 -0.010849 -0.070117 0.843541 -0.532357
3520.000000 -0.207908 0.305646 -1.747892 0.009217 -0.078957 0.843756 -0.530807
3521.000000 -0.267074 0.317176 -2.058897 0.020370 -0.087642 0.843406 -0.529688
3522.000000 -0.291809 0.338717 -2.370380 0.025440 -0.094948 0.842891 -0.529029
3523.000000 -0.295074 0.352539 -2.683620 0.026941 -0.100448 0.842402 -0.528719
3524.000000 -0.308800 0.359342 -2.998612 0.026434 -0.104049 0.842021 -0.528654
3525.000000 -0.304575 0.359607 -3.315392 0.024744 -0.105431 0.841822 -0.528780
3526.000000 -0.286012 0.380976 -3.635343 0.022344 -0.103868 0.841892 -0.529084
3527.000000 -0.231239 0.333794 -3.956651 0.019623 -0.098528 0.842304 -0.529558
3528.000000 -0.179347 0.260731 -4.279374 0.017013 -0.089084 0.843043 -0.530145
3529.000000 -0.122744 0.198707 -4.603294 0.014986 -0.076284 0.843970 -0.530727
3530.000000 -0.051039 0.108802 -4.926284 0.013923 -0.062053 0.844875 -0.531171
3531.000000 0.012401 0.010282 -5.246126 0.013946 -0.048890 0.845588 -0.531410
3532.000000 0.049255 -0.074763 -5.563390 0.014859 -0.038876 0.846050 -0.531477
3533.000000 0.065818 -0.132758 -5.880563 0.016205 -0.032929 0.846291 -0.531454
3534.000000 0.071726 -0.158858 -6.198466 0.017457 -0.030729 0.846375 -0.531413
3535.000000 0.075220 -0.157819 -6.516705 0.018332 -0.031162 0.846360 -0.531382
3536.000000 0.046997 -0.144869 -6.835471 0.019092 -0.032852 0.846298 -0.531353
3537.000000 0.006718 -0.145980 -7.154510 0.020525 -0.034477 0.846237 -0.531294
3538.000000 -0.030106 -0.176373 -7.472281 0.023363 -0.034908 0.846221 -0.531174
3539.000000 -0.069744 -0.230369 -7.789612 0.027430 -0.033344 0.846276 -0.530992
3540.000000 -0.062787 -0.304679 -8.103678 0.031254 -0.029551 0.846405 -0.530800
3541.000000 -0.019017 -0.371258 -8.418058 0.032691 -0.024066 0.846601 -0.530678
3542.000000 0.059015 -0.424313 -8.732984 0.030223 -0.018157 0.846844 -0.530672
3543.000000 0.188102 -0.440399 -9.049061 0.023967 -0.013480 0.847072 -0.530767
3544.000000 0.312016 -0.383837 -9.364709 0.015646 -0.011534 0.847208 -0.530905
3545.000000 0.416508 -0.273790 -9.682540 0.007595 -0.013159 0.847214 -0.531034
3546.000000 0.453637 -0.139253 -10.001475 0.001545 -0.018267 0.847106 -0.531107
3547.000000 0.428378 0.017931 -10.321095 -0.002069 -0.025930 0.846915 -0.531091
3548.000000 0.384439 0.196078 -10.640314 -0.003999 -0.034798 0.846660 -0.530980
3549.000000 0.324751 0.372270 -10.956534 -0.005478 -0.043628 0.846349 -0.530811
3550.000000 0.255373 0.533017 -11.268878 -0.007456 -0.051641 0.845991 -0.530638
3551.000000 0.225135 0.694180 -11.579076 -0.010220 -0.058521 0.845601 -0.530500
3552.000000 0.227622 0.844402 -11.887606 -0.013559 -0.064197 0.845200 -0.530408
3553.000000 0.245572 0.973990 -12.195307 -0.017145 -0.068717 0.844809 -0.530360
3554.000000 0.268275 1.088719 -12.502853 -0.020769 -0.072373 0.844433 -0.530343
3555.000000 0.303745 1.217555 -12.809283 -0.024324 -0.075889 0.844046 -0.530317
3556.000000 0.306522 1.357548 -13.112948 -0.027766 -0.080255 0.843597 -0.530219
3557.000000 0.286183 1.542771 -13.411724 -0.031207 -0.085988 0.843043 -0.530010
3558.000000 0.293788 1.752725 -13.704658 -0.035009 -0.092340 0.842386 -0.529749
3559.000000 0.356566 1.891681 -13.993191 -0.039603 -0.097314 0.841707 -0.529614
3560.000000 0.485787 1.979497 -14.291702 -0.045051 -0.098917 0.841128 -0.529802
3561.000000 0.612311 2.048426 -14.592556 -0.050749 -0.096810 0.840714 -0.530332
3562.000000 0.777295 2.038267 -14.903957 -0.055638 -0.092953 0.840442 -0.530962
3563.000000 0.894213 2.030460 -15.216667 -0.058825 -0.090624 0.840241 -0.531340
3564.000000 0.887070 2.112563 -15.525182 -0.060092 -0.092597 0.840022 -0.531205
3565.000000 0.766303 2.302531 -15.824003 -0.059847 -0.099858 0.839675 -0.530465
3566.000000 0.530542 2.592802 -16.106388 -0.058622 -0.111517 0.839109 -0.529173
3567.000000 0.241082 2.934223 -16.371167 -0.056561 -0.125585 0.838334 -0.527470
3568.000000 -0.097022 3.252922 -16.623600 -0.053307 -0.139958 0.837498 -0.525516
3569.000000 -0.471986 3.538921 -16.876844 -0.048347 -0.153197 0.836796 -0.523418
3570.000000 -0.885204 3.748549 -17.131605 -0.041559 -0.164922 0.836313 -0.521204
3571.000000 -1.310552 3.927383 -17.383006 -0.033581 -0.175778 0.835918 -0.518859
3572.000000 -1.737249 4.125393 -17.617000 -0.025738 -0.187033 0.835280 -0.516395
3573.000000 -2.162276 4.411360 -17.819978 -0.019489 -0.199986 0.834008 -0.513864
3574.000000 -2.570980 4.820750 -17.979606 -0.015772 -0.215346 0.831818 -0.511328
3575.000000 -2.935422 5.331456 -18.092275 -0.014695 -0.232720 0.828675 -0.508846
3576.000000 -3.234462 5.890925 -18.175632 -0.015770 -0.250429 0.824894 -0.506544
3577.000000 -3.436141 6.426128 -18.268037 -0.018473 -0.265853 0.821106 -0.504744
3578.000000 -3.493661 6.825349 -18.417792 -0.022712 -0.276398 0.817999 -0.503950
3579.000000 -3.368170 7.073866 -18.654948 -0.029020 -0.280836 0.815868 -0.504627
3580.000000 -3.050947 7.259010 -18.957782 -0.038425 -0.280481 0.814229 -0.506839
3581.000000 -2.576475 7.546784 -19.246849 -0.051961 -0.279515 0.811840 -0.509987
3582.000000 -2.080908 8.108898 -19.408683 -0.069824 -0.283914 0.807189 -0.512800
3583.000000 -1.742718 9.091080 -19.332776 -0.090559 -0.299052 0.799134 -0.513569
3584.000000 -1.694394 10.478157 -18.942403 -0.111044 -0.326959 0.787420 -0.510624
3585.000000 -1.971462 12.041397 -18.235411 -0.127746 -0.364817 0.772963 -0.503108
3586.000000 -2.467452 13.530955 -17.348566 -0.138649 -0.405846 0.757740 -0.491829
3587.000000 -2.989544 14.761474 -16.501752 -0.144265 -0.442321 0.744112 -0.479413
3588.000000 -3.382616 15.611475 -15.907559 -0.146728 -0.468832 0.733902 -0.469100
3589.000000 -3.636299 16.073185 -15.681321 -0.147806 -0.483866 0.727875 -0.462845
3590.000000 -3.797912 16.216571 -15.801357 -0.147712 -0.489255 0.725861 -0.460366
3591.000000 -3.859574 16.150251 -16.174003 -0.145693 -0.488421 0.727096 -0.459945
3592.000000 -3.883194 15.956700 -16.679991 -0.141621 -0.484606 0.730383 -0.460045
3593.000000 -3.913803 15.725831 -17.219855 -0.136894 -0.479919 0.734242 -0.460245
3594.000000 -3.930072 15.507805 -17.735165 -0.133715 -0.475383 0.737329 -0.460952
3595.000000 -3.853491 15.375864 -18.192084 -0.133520 -0.471465 0.738897 -0.462520
3596.000000 -3.705438 15.321669 -18.582742 -0.136074 -0.468494 0.738945 -0.464712
3597.000000 -3.544679 15.346144 -18.916114 -0.139882 -0.466741 0.737997 -0.466846
3598.000000 -3.409454 15.408817 -19.209569 -0.143240 -0.466279 0.736747 -0.468263
3599.000000 -3.360789 15.467880 -19.487926 -0.144847 -0.466871 0.735847 -0.468594
3600.000000 -3.435286 15.479006 -19.780969 -0.143680 -0.468044 0.735921 -0.467667
3601.000000 -3.676732 15.394082 -20.115216 -0.138667 -0.469329 0.737585 -0.465264
3602.000000 -4.098850 15.190923 -20.501248 -0.128772 -0.470547 0.741267 -0.461006
3603.000000 -4.742621 14.874494 -20.913694 -0.113536 -0.471976 0.746861 -0.454474
3604.000000 -5.613778 14.494867 -21.292505 -0.093569 -0.474298 0.753551 -0.445474
3605.000000 -6.667441 14.116371 -21.567046 -0.070504 -0.478315 0.760056 -0.434233
3606.000000 -7.833844 13.814317 -21.688724 -0.046401 -0.484537 0.765177 -0.421398
3607.000000 -9.024001 13.630383 -21.650739 -0.023019 -0.492873 0.768266 -0.407816
3608.000000 -10.179769 13.563627 -21.485485 -0.001393 -0.502652 0.769346 -0.394267
3609.000000 -11.251993 13.579632 -21.241131 0.018164 -0.512947 0.768886 -0.381274
3610.000000 -12.231793 13.644106 -20.961867 0.035803 -0.522988 0.767459 -0.369064
3611.000000 -13.123818 13.719501 -20.674031 0.051847 -0.532387 0.765487 -0.357639
3612.000000 -13.937732 13.803597 -20.386205 0.066606 -0.541119 0.763163 -0.346896
3613.000000 -14.689666 13.896648 -20.097497 0.080289 -0.549351 0.760515 -0.336725
3614.000000 -15.386827 13.999390 -19.805770 0.092967 -0.557261 0.757514 -0.327094
3615.000000 -16.024387 14.117975 -19.516957 0.104527 -0.564918 0.754158 -0.318101
3616.000000 -16.590368 14.249339 -19.250457 0.114636 -0.572226 0.750531 -0.310031
3617.000000 -17.048827 14.396289 -19.038039 0.122778 -0.578951 0.746815 -0.303331
3618.000000 -17.382327 14.547958 -18.915431 0.128456 -0.584841 0.743228 -0.298449
3619.000000 -17.585820 14.710993 -18.901152 0.131503 -0.589812 0.739907 -0.295580
3620.000000 -17.705146 14.882573 -18.982382 0.132273 -0.594043 0.736815 -0.294483
3621.000000 -17.744291 15.064182 -19.125273 0.131446 -0.597872 0.733801 -0.294630
3622.000000 -17.734068 15.261921 -19.306610 0.129526 -0.601493 0.730777 -0.295624
3623.000000 -17.636933 15.459906 -19.532456 0.126454 -0.604755 0.727842 -0.297536
3624.000000 -17.429907 15.659866 -19.837426 0.121767 -0.607285 0.725198 -0.300775
3625.000000 -17.183151 15.856896 -20.230028 0.115213 -0.608913 0.722897 -0.305565
3626.000000 -16.843963 16.084559 -20.678324 0.107248 -0.610012 0.720667 -0.311485
3627.000000 -16.482856 16.323373 -21.102282 0.098989 -0.611450 0.717994 -0.317513
3628.000000 -16.190764 16.613077 -21.420074 0.091738 -0.614198 0.714397 -0.322462
3629.000000 -16.029846 16.963102 -21.577598 0.086507 -0.618902 0.709635 -0.325414
3630.000000 -16.091230 17.365477 -21.557439 0.083781 -0.625670 0.703761 -0.325942
3631.000000 -16.262293 17.785828 -21.386039 0.083421 -0.634088 0.697049 -0.324186
3632.000000 -16.523661 18.213714 -21.116890 0.084680 -0.643357 0.689906 -0.320860
3633.000000 -16.806332 18.625142 -20.824832 0.086419 -0.652545 0.682775 -0.317073
3634.000000 -17.052395 19.007038 -20.580894 0.087583 -0.660892 0.676033 -0.313895
3635.000000 -17.232373 19.356780 -20.423429 0.087687 -0.668027 0.669913 -0.311878
3636.000000 -17.316529 19.660778 -20.350920 -0.087000 0.673979 -0.664508 0.310826
3637.000000 -17.423579 19.925019 -20.332103 -0.086366 0.679031 -0.659840 0.309951
3638.000000 -17.533984 20.131368 -20.328093 -0.086791 0.683518 -0.655927 0.308268
3639.000000 -17.757044 20.286768 -20.303026 -0.089001 0.687652 -0.652807 0.305050
3640.000000 -18.059842 20.376101 -20.261718 -0.093112 0.691387 -0.650547 0.300171
3641.000000 -18.395314 20.398298 -20.237402 -0.098553 0.694387 -0.649270 0.294216
3642.000000 -18.717236 20.352111 -20.289124 -0.104288 0.696125 -0.649173 0.288286
3643.000000 -18.963984 20.238362 -20.484617 -0.109222 0.696080 -0.650491 0.283559
3644.000000 -19.090220 20.047942 -20.871675 -0.112583 0.693922 -0.653387 0.280859
3645.000000 -19.063356 19.777341 -21.457069 -0.114135 0.689650 -0.657826 0.280394
3646.000000 -18.927597 19.444790 -22.198415 -0.114215 0.683665 -0.663477 0.281701
3647.000000 -18.725222 19.069950 -23.012730 -0.113609 0.676747 -0.669744 0.283813
3648.000000 -18.566890 18.687358 -23.806059 0.113237 -0.669812 0.675965 -0.285658
3649.000000 -18.442411 18.301033 -24.525818 0.113712 -0.663492 0.681713 -0.286559
3650.000000 -18.345075 17.915766 -25.170914 0.115052 -0.657833 0.686969 -0.286519
3651.000000 -18.316572 17.525872 -25.783051 0.116790 -0.652394 0.692035 -0.286058
3652.000000 -18.277993 17.129590 -26.405601 0.118394 -0.646686 0.697233 -0.285737
3653.000000 -18.196367 16.703813 -27.058268 0.119582 -0.640524 0.702663 -0.285821
3654.000000 -18.066216 16.252243 -27.734175 0.120321 -0.634010 0.708224 -0.286310
3655.000000 -17.896549 15.793013 -28.422778 0.120658 -0.627271 0.713812 -0.287133
3656.000000 -17.710566 15.316789 -29.120843 0.120699 -0.620294 0.719451 -0.288197
3657.000000 -17.515164 14.804487 -29.822156 0.120769 -0.613004 0.725243 -0.289246
3658.000000 -17.356971 14.248883 -30.505267 0.121465 -0.605459 0.731223 -0.289790
3659.000000 -17.292951 13.663904 -31.136954 0.123393 -0.597940 0.737245 -0.289329
3660.000000 -17.334541 13.059425 -31.693312 0.126661 -0.590928 0.742947 -0.287733
3661.000000 -17.454845 12.508430 -32.165687 0.130559 -0.585041 0.747779 -0.285495
3662.000000 -17.567846 12.127445 -32.569601 0.133769 -0.580920 0.751155 -0.283555
3663.000000 -17.598599 11.964139 -32.930430 0.135140 -0.578963 0.752725 -0.282742
3664.000000 -17.562405 11.974947 -33.265306 0.134554 -0.578951 0.752678 -0.283172
3665.000000 -17.494827 12.068989 -33.582189 0.133172 -0.579898 0.751848 -0.284091
3666.000000 -17.481882 12.108057 -33.884414 0.132716 -0.580397 0.751436 -0.284376
3667.000000 -17.567777 11.972226 -34.204070 0.134218 -0.579288 0.752401 -0.283380
3668.000000 -17.698143 11.644789 -34.563975 0.137149 -0.576196 0.754940 -0.281522
3669.000000 -17.751338 11.207638 -34.998933 0.139563 -0.571599 0.758486 -0.280171
3670.000000 -17.538730 10.820427 -35.538768 0.139136 -0.566434 0.762157 -0.280908
3671.000000 -16.991944 10.574149 -36.195156 0.134376 -0.561546 0.765222 -0.284684
3672.000000 -16.119701 10.500648 -36.934553 0.125307 -0.557344 0.767316 -0.291363
3673.000000 -15.013816 10.583206 -37.696673 0.113350 -0.553813 0.768451 -0.299876
3674.000000 -13.824333 10.758774 -38.422683 0.100583 -0.550684 0.768946 -0.308792
3675.000000 -12.718697 10.883509 -39.087459 0.088812 -0.547504 0.769340 -0.316967
3676.000000 -11.721809 10.892537 -39.713951 0.078820 -0.543548 0.770290 -0.324033
3677.000000 -10.729304 10.715012 -40.360401 0.069976 -0.537770 0.772402 -0.330609
3678.000000 -9.523445 10.317652 -41.079160 0.060322 -0.529050 0.775973 -0.338132
3679.000000 -7.871074 9.721590 -41.884326 0.047286 -0.516732 0.780705 -0.348211
3680.000000 -5.550310 9.106436 -42.705575 0.028825 -0.501164 0.785586 -0.361743
3681.000000 -2.720135 8.588518 -43.400857 0.004392 -0.483775 0.789168 -0.378360
3682.000000 0.620101 8.344118 -43.846687 -0.025025 -0.466499 0.790175 -0.396707
3683.000000 4.190581 8.449102 -43.947916 -0.057792 -0.450822 0.787998 -0.415306
3684.000000 7.815006 8.882101 -43.681193 -0.092569 -0.437116 0.782725 -0.433246
3685.000000 11.395828 9.547760 -43.055494 -0.128431 -0.424789 0.774847 -0.450190
3686.000000 14.845623 10.318590 -42.109911 -0.164301 -0.413083 0.765029 -0.465938
3687.000000 18.059645 11.101064 -40.929869 -0.198641 -0.401795 0.754056 -0.480106
3688.000000 20.899272 11.842190 -39.638516 -0.229952 -0.391375 0.742732 -0.492238
3689.000000 23.323993 12.541166 -38.342053 -0.257692 -0.382456 0.731562 -0.502134
3690.000000 25.403445 13.255779 -37.061524 -0.282692 -0.375298 0.720489 -0.510032
3691.000000 27.284135 14.016871 -35.732689 -0.306566 -0.369496 0.709017 -0.516513
3692.000000 29.053724 14.791869 -34.283559 -0.330422 -0.364031 0.696786 -0.522295
3693.000000 30.764248 15.459805 -32.738478 -0.353714 -0.357585 0.684229 -0.528062
3694.000000 32.312477 15.865245 -31.289576 -0.373993 -0.349089 0.672866 -0.534338
3695.000000 33.538058 15.855999 -30.257143 -0.387708 -0.338323 0.664983 -0.541310
3696.000000 34.237122 15.380087 -29.977610 -0.391584 -0.326223 0.662761 -0.548625
3697.000000 34.314939 14.413699 -30.658430 -0.383848 -0.314599 0.667278 -0.555364
3698.000000 33.683123 13.038141 -32.263128 -0.364881 -0.305374 0.677938 -0.560365
3699.000000 32.348101 11.402160 -34.524742 -0.337161 -0.299773 0.692654 -0.562751
3700.000000 30.446184 9.684504 -37.053300 -0.304585 -0.297946 0.708697 -0.562321
3701.000000 28.213493 8.061375 -39.488101 -0.271373 -0.299180 0.723685 -0.559578
3702.000000 25.939364 6.678906 -41.599073 -0.240998 -0.302400 0.736183 -0.555436
3703.000000 23.865275 5.607319 -43.306004 -0.215581 -0.306613 0.745722 -0.550828
3704.000000 22.132113 4.857749 -44.631587 -0.195908 -0.311103 0.752473 -0.546460
3705.000000 20.802389 4.411152 -45.637813 -0.181868 -0.315420 0.756869 -0.542755
3706.000000 19.880295 4.205377 -46.387664 -0.172961 -0.319195 0.759374 -0.539954
3707.000000 19.388887 4.177308 -46.920804 -0.168661 -0.321826 0.760410 -0.538292
3708.000000 19.366251 4.192044 -47.248732 -0.168545 -0.322132 0.760394 -0.538167
3709.000000 19.906975 4.076924 -47.357420 -0.172150 -0.318229 0.759811 -0.540168
3710.000000 21.059787 3.579489 -47.218595 -0.178569 -0.307853 0.759234 -0.544889
3711.000000 22.785606 2.490196 -46.805336 -0.186049 -0.289026 0.759270 -0.552592
3712.000000 24.868491 0.613459 -46.086552 -0.192024 -0.260752 0.760391 -0.562975
3713.000000 27.141167 -2.144391 -45.040490 -0.193922 -0.223359 0.762651 -0.575212
3714.000000 29.377040 -5.578880 -43.606991 -0.190430 -0.178483 0.765442 -0.588200
3715.000000 31.516432 -9.402753 -41.729270 -0.182351 -0.128929 0.767609 -0.600751
3716.000000 33.443299 -13.151895 -39.434624 -0.172261 -0.078509 0.768081 -0.611730
3717.000000 35.126134 -16.342171 -36.916240 -0.163032 -0.031598 0.766587 -0.620296
3718.000000 36.521601 -18.826849 -34.564536 -0.156179 0.007824 0.763823 -0.626195
3719.000000 37.518531 -20.590571 -32.733237 -0.151165 0.037294 0.760943 -0.629860
3720.000000 38.016797 -21.744417 -31.649081 -0.145927 0.056414 0.758889 -0.632147
3721.000000 38.034984 -22.558667 -31.362039 -0.138119 0.066478 0.758059 -0.633917
3722.000000 37.573812 -23.186752 -31.767156 -0.126244 0.069520 0.758355 -0.635711
3723.000000 36.697276 -23.749583 -32.692323 -0.110214 0.067460 0.759400 -0.637663
3724.000000 35.489539 -24.266477 -33.954889 -0.091275 0.061735 0.760757 -0.639614
3725.000000 34.079246 -24.692365 -35.400918 -0.071545 0.053305 0.762081 -0.641305
3726.000000 32.604756 -24.940357 -36.917027 -0.053442 0.042805 0.763183 -0.642544
3727.000000 31.218346 -24.922837 -38.436869 -0.039198 0.030663 0.764024 -0.643265
3728.000000 30.039069 -24.547329 -39.926571 -0.030487 0.017207 0.764633 -0.643514
3729.000000 29.154389 -23.764265 -41.365482 -0.028148 0.002728 0.765024 -0.643381
3730.000000 28.597377 -22.579431 -42.731940 -0.032025 -0.012465 0.765143 -0.642942
3731.000000 28.319349 -21.062684 -44.001609 -0.040970 -0.028024 0.764898 -0.642236
3732.000000 28.262025 -19.318003 -45.157736 -0.053113 -0.043587 0.764228 -0.641276
3733.000000 28.285244 -17.490239 -46.202207 -0.066330 -0.058839 0.763175 -0.640080
3734.000000 28.283960 -15.702826 -47.156299 -0.078784 -0.073547 0.761884 -0.638684
3735.000000 28.204086 -14.043560 -48.047349 -0.089351 -0.087504 0.760534 -0.637140
3736.000000 28.022697 -12.562449 -48.877470 -0.097805 -0.100387 0.759247 -0.635532
3737.000000 27.848319 -11.272435 -49.619657 -0.104702 -0.111664 0.758043 -0.633986
3738.000000 27.759416 -10.177552 -50.228899 -0.111001 -0.120668 0.756861 -0.632676
3739.000000 27.866413 -9.272432 -50.664766 -0.117538 -0.126858 0.755622 -0.631765
3740.000000 28.210053 -8.557973 -50.920541 -0.124579 -0.130108 0.754304 -0.631330
3741.000000 28.721041 -8.034880 -51.035819 -0.131689 -0.130823 0.752977 -0.631323
3742.000000 29.281219 -7.697469 -51.082646 -0.137990 -0.129796 0.751790 -0.631604
3743.000000 29.767405 -7.540907 -51.135149 -0.142685 -0.127893 0.750893 -0.632016
3744.000000 30.142174 -7.516417 -51.237988 -0.145565 -0.125748 0.750337 -0.632450
3745.000000 30.413590 -7.571429 -51.388089 -0.147186 -0.123657 0.750020 -0.632862
3746.000000 30.667853 -7.634992 -51.549110 -0.148618 -0.121671 0.749737 -0.633248
3747.000000 30.978489 -7.623374 -51.680654 -0.150891 -0.119761 0.749284 -0.633611
3748.000000 31.391167 -7.526965 -51.762024 -0.154506 -0.117912 0.748559 -0.633944
3749.000000 31.894816 -7.356045 -51.795414 -0.159310 -0.116120 0.747583 -0.634237
3750.000000 32.451488 -7.114000 -51.798215 -0.164778 -0.114370 0.746450 -0.634492
3751.000000 33.021235 -6.869735 -51.787611 -0.170459 -0.112670 0.745247 -0.634710
3752.000000 33.588135 -6.602213 -51.772000 -0.176266 -0.111113 0.743993 -0.634869
3753.000000 34.173240 -6.264145 -51.748556 -0.182472 -0.109888 0.742635 -0.634918
3754.000000 34.782170 -5.842254 -51.710512 -0.189460 -0.109197 0.741095 -0.634791
3755.000000 35.420508 -5.305143 -51.647526 -0.197436 -0.109111 0.739317 -0.634448
3756.000000 36.097026 -4.667720 -51.552487 -0.206291 -0.109486 0.737304 -0.633908
3757.000000 36.814704 -3.990812 -51.421551 -0.215626 -0.109977 0.735116 -0.633258
3758.000000 37.534491 -3.356274 -51.259362 -0.224783 -0.110087 0.732873 -0.632654
3759.000000 38.238119 -2.892589 -51.083121 -0.232755 -0.109089 0.730785 -0.632360
3760.000000 38.867379 -2.785794 -50.918484 -0.238081 -0.105897 0.729164 -0.632790
3761.000000 39.410222 -3.241340 -50.792422 -0.239196 -0.099332 0.728324 -0.634399
3762.000000 39.819551 -4.301763 -50.712192 -0.235600 -0.089278 0.728322 -0.637235
3763.000000 40.069531 -5.623859 -50.693221 -0.229378 -0.078338 0.728778 -0.640415
3764.000000 40.138847 -6.144787 -50.731220 -0.226728 -0.074214 0.728989 -0.641609
3765.000000 39.960874 -4.971594 -50.691678 -0.232562 -0.083620 0.728530 -0.638879
3766.000000 39.632734 -3.713534 -50.746176 -0.237933 -0.094660 0.728232 -0.635693
3767.000000 39.153792 -2.931617 -50.849884 -0.239240 -0.103088 0.728633 -0.633428
3768.000000 38.557723 -2.777553 -50.996894 -0.235853 -0.107847 0.729894 -0.632453
3769.000000 37.890314 -3.090474 -51.171367 -0.228998 -0.109785 0.731792 -0.632446
3770.000000 37.176717 -3.664875 -51.343536 -0.220279 -0.110118 0.733990 -0.632937
3771.000000 36.451618 -4.333591 -51.491352 -0.210933 -0.109744 0.736226 -0.633589
3772.000000 35.754635 -4.996344 -51.604395 -0.201773 -0.109258 0.738338 -0.634198
3773.000000 35.093220 -5.586169 -51.682545 -0.193323 -0.109082 0.740237 -0.634647
3774.000000 34.474174 -6.066703 -51.731987 -0.185849 -0.109467 0.741892 -0.634880
3775.000000 33.876410 -6.447846 -51.761846 -0.179294 -0.110445 0.743332 -0.634912
3776.000000 33.306633 -6.741009 -51.780439 -0.173336 -0.111863 0.744628 -0.634800
3777.000000 32.736952 -6.995420 -51.793712 -0.167608 -0.113510 0.745854 -0.634606
3778.000000 32.171149 -7.238783 -51.799440 -0.161996 -0.115240 0.747029 -0.634369
3779.000000 31.635119 -7.453710 -51.783711 -0.156788 -0.117009 0.748097 -0.634096
3780.000000 31.174089 -7.587574 -51.728064 -0.152526 -0.118829 0.748957 -0.633782
3781.000000 30.814826 -7.634643 -51.620375 -0.149602 -0.120708 0.749541 -0.633433
3782.000000 30.534835 -7.608794 -51.470216 -0.147854 -0.122653 0.749889 -0.633058
3783.000000 30.290868 -7.542315 -51.308903 -0.146472 -0.124689 0.750160 -0.632659
3784.000000 29.967199 -7.513871 -51.179339 -0.144334 -0.126824 0.750575 -0.632234
3785.000000 29.540254 -7.597971 -51.104398 -0.140569 -0.128907 0.751299 -0.631802
3786.000000 29.003241 -7.841717 -51.062867 -0.134999 -0.130471 0.752355 -0.631438
3787.000000 28.448345 -8.271942 -50.991720 -0.128175 -0.130739 0.753634 -0.631280
3788.000000 28.016366 -8.882732 -50.814023 -0.121007 -0.128837 0.754971 -0.631488
3789.000000 27.782628 -9.701292 -50.469841 -0.114206 -0.124135 0.756252 -0.632163
3790.000000 27.784706 -10.700185 -49.944144 -0.107865 -0.116491 0.757455 -0.633291
3791.000000 27.927494 -11.887941 -49.262412 -0.101392 -0.106267 0.758637 -0.634741
3792.000000 28.126045 -13.276801 -48.471129 -0.093823 -0.094107 0.759879 -0.636338
3793.000000 28.262639 -14.850774 -47.609226 -0.084339 -0.080635 0.761206 -0.637926
3794.000000 28.293854 -16.584692 -46.688895 -0.072742 -0.066273 0.762547 -0.639404
3795.000000 28.266455 -18.410542 -45.692511 -0.059714 -0.051268 0.763742 -0.640706
3796.000000 28.268551 -20.212956 -44.594134 -0.046775 -0.035826 0.764617 -0.641787
3797.000000 28.425503 -21.858116 -43.380244 -0.035968 -0.020222 0.765072 -0.642621
3798.000000 28.835453 -23.219028 -42.059285 -0.029360 -0.004801 0.765123 -0.643197
3799.000000 29.558080 -24.209199 -40.653544 -0.028506 0.010077 0.764857 -0.643490
3800.000000 30.597416 -24.783075 -39.186800 -0.034076 0.024081 0.764356 -0.643443
3801.000000 31.893002 -24.970544 -37.679054 -0.045716 0.036917 0.763635 -0.642968
3802.000000 33.340593 -24.844027 -36.155242 -0.062141 0.048284 0.762665 -0.641988
3803.000000 34.800508 -24.494724 -34.663553 -0.081358 0.057813 0.761439 -0.640507
3804.000000 36.124994 -24.014586 -33.292353 -0.100989 0.064986 0.760065 -0.638655
3805.000000 37.182203 -23.474076 -32.176471 -0.118697 0.069025 0.758811 -0.636672
3806.000000 37.862513 -22.885099 -31.487992 -0.132730 0.068747 0.758086 -0.634793
3807.000000 38.086693 -22.184912 -31.410117 -0.142468 0.062457 0.758318 -0.633053
3808.000000 37.828079 -21.222859 -32.089821 -0.148729 0.048097 0.759774 -0.631117
3809.000000 37.076729 -19.797106 -33.565379 -0.153549 0.023877 0.762328 -0.628259
3810.000000 35.857360 -17.666736 -35.694650 -0.159295 -0.010751 0.765294 -0.623566
3811.000000 34.330306 -14.845699 -38.182769 -0.167398 -0.054343 0.767555 -0.616347
3812.000000 32.499019 -11.312631 -40.624958 -0.177363 -0.103558 0.768099 -0.606500
3813.000000 30.470283 -7.469623 -42.725877 -0.186831 -0.154073 0.766682 -0.594604
3814.000000 28.266178 -3.792918 -44.376397 -0.192852 -0.201707 0.764044 -0.581686
3815.000000 26.012883 -0.667660 -45.610380 -0.193609 -0.243122 0.761400 -0.568927
3816.000000 23.776849 1.670659 -46.481854 -0.189400 -0.276082 0.759678 -0.557490
3817.000000 21.857779 3.127822 -47.047576 -0.182324 -0.299587 0.759140 -0.548372
3818.000000 20.405825 3.889703 -47.320795 -0.175094 -0.313990 0.759483 -0.542160
3819.000000 19.562249 4.164317 -47.332009 -0.169923 -0.320846 0.760140 -0.538862
3820.000000 19.310579 4.185477 -47.110840 -0.168104 -0.322372 0.760505 -0.538004
3821.000000 19.580732 4.178163 -46.679849 -0.170264 -0.320711 0.760050 -0.538961
3822.000000 20.291848 4.283142 -46.041245 -0.176808 -0.317403 0.758331 -0.541229
3823.000000 21.415604 4.600143 -45.170332 -0.188211 -0.313305 0.754936 -0.544508
3824.000000 22.952724 5.193906 -44.012956 -0.205019 -0.308857 0.749422 -0.548582
3825.000000 24.863576 6.100734 -42.504058 -0.227593 -0.304434 0.741322 -0.553139
3826.000000 27.064673 7.333195 -40.592231 -0.255664 -0.300609 0.730294 -0.557620
3827.000000 29.350364 8.850306 -38.300794 -0.287814 -0.298245 0.716438 -0.561186
3828.000000 31.457330 10.542203 -35.780246 -0.321210 -0.298417 0.700677 -0.562870
3829.000000 33.100560 12.243408 -33.334793 -0.351893 -0.302086 0.684957 -0.561916
3830.000000 34.089367 13.766514 -31.357418 -0.375657 -0.309586 0.671943 -0.558149
3831.000000 34.361959 14.956684 -30.194289 -0.389197 -0.320223 0.664173 -0.552139
3832.000000 33.960375 15.678340 -30.005536 -0.391033 -0.332340 0.663061 -0.544971
3833.000000 32.981509 15.918069 -30.698959 -0.381899 -0.343958 0.668339 -0.537745
3834.000000 31.568348 15.703552 -31.983960 -0.364442 -0.353633 0.678265 -0.531114
3835.000000 29.936158 15.146645 -33.515272 -0.342252 -0.361011 0.690478 -0.525142
3836.000000 28.178658 14.406963 -35.024853 -0.318483 -0.366802 0.702994 -0.519446
3837.000000 26.355250 13.630457 -36.408710 -0.294672 -0.372279 0.714837 -0.513405
3838.000000 24.395439 12.893157 -37.702269 -0.270439 -0.378666 0.726040 -0.506302
3839.000000 22.164872 12.194781 -38.987475 -0.244246 -0.386698 0.737117 -0.497461
3840.000000 19.527037 11.477718 -40.289435 -0.214740 -0.396434 0.748395 -0.486448
3841.000000 16.494222 10.711813 -41.542369 -0.181768 -0.407370 0.759634 -0.473250
3842.000000 13.138024 9.929454 -42.618236 -0.146452 -0.418889 0.770134 -0.458233
3843.000000 9.622493 9.191765 -43.412216 -0.110421 -0.430834 0.779073 -0.441853
3844.000000 5.992925 8.627551 -43.859919 -0.074992 -0.443745 0.785723 -0.424389
3845.000000 2.397074 8.352204 -43.943640 -0.041086 -0.458408 0.789492 -0.406049
3846.000000 -1.090671 8.424595 -43.662610 -0.009794 -0.475008 0.790050 -0.387417
3847.000000 -4.194749 8.831030 -43.079348 0.017322 -0.492577 0.787631 -0.369736
3848.000000 -6.794352 9.403898 -42.300867 0.038809 -0.509287 0.783213 -0.354538
3849.000000 -8.776876 10.029067 -41.472832 0.054381 -0.523347 0.778242 -0.342770
3850.000000 -10.172174 10.543991 -40.708117 0.065409 -0.533837 0.774007 -0.334146
3851.000000 -11.236209 10.828180 -40.030968 0.074351 -0.540960 0.771171 -0.327306
3852.000000 -12.199927 10.920559 -39.403855 0.083598 -0.545682 0.769703 -0.320623
3853.000000 -13.252514 10.834957 -38.762726 0.094493 -0.549138 0.769115 -0.313018
3854.000000 -14.420444 10.668336 -38.066780 0.106938 -0.552221 0.768749 -0.304369
3855.000000 -15.589703 10.527477 -37.316803 0.119564 -0.555507 0.767990 -0.295479
3856.000000 -16.584428 10.516122 -36.558123 0.130317 -0.559352 0.766397 -0.287711
3857.000000 -17.307099 10.674811 -35.853358 0.137334 -0.563918 0.763797 -0.282399
3858.000000 -17.683041 11.001664 -35.253906 0.139829 -0.569027 0.760359 -0.280196
3859.000000 -17.744436 11.435884 -34.769821 0.138572 -0.574031 0.756641 -0.280678
3860.000000 -17.629786 11.832144 -34.376611 0.135602 -0.577977 0.753495 -0.282489
3861.000000 -17.517057 12.065104 -34.041214 0.133215 -0.580089 0.751713 -0.284039
3862.000000 -17.498975 12.080478 -33.729794 0.132733 -0.580290 0.751516 -0.284374
3863.000000 -17.520199 12.024908 -33.427342 0.133854 -0.579390 0.752288 -0.283642
3864.000000 -17.578333 11.959902 -33.100962 0.135045 -0.578759 0.752866 -0.282831
3865.000000 -17.596642 12.016699 -32.753921 0.134723 -0.579667 0.752170 -0.282979
3866.000000 -17.514474 12.293762 -32.374560 0.132337 -0.582725 0.749680 -0.284425
3867.000000 -17.390494 12.769583 -31.939419 0.128606 -0.587802 0.745510 -0.286641
3868.000000 -17.304321 13.351976 -31.426001 0.124884 -0.594335 0.740167 -0.288657
3869.000000 -17.319339 13.956280 -30.829335 0.122251 -0.601670 0.734246 -0.289706
3870.000000 -17.432092 14.532385 -30.167849 0.120995 -0.609252 0.728214 -0.289616
3871.000000 -17.612381 15.064503 -29.472078 0.120698 -0.616689 0.722323 -0.288750
3872.000000 -17.808781 15.557933 -28.770734 0.120703 -0.623818 0.716619 -0.287645
3873.000000 -17.985530 16.022684 -28.077248 0.120536 -0.630666 0.711016 -0.286684
3874.000000 -18.134680 16.483088 -27.394130 0.120005 -0.637301 0.705436 -0.286020
3875.000000 -18.247367 16.921729 -26.728033 0.119045 -0.643660 0.699923 -0.285725
3876.000000 -18.294780 17.325409 -26.091703 0.117634 -0.649594 0.694605 -0.285855
3877.000000 -18.327377 17.724821 -25.477932 0.115908 -0.655121 0.689502 -0.286302
3878.000000 -18.382182 18.105474 -24.855680 0.114296 -0.660600 0.684388 -0.286631
3879.000000 -18.508376 18.495248 -24.176473 0.113353 -0.666557 0.678909 -0.286242
3880.000000 -18.632050 18.879978 -23.416865 -0.113344 0.673230 -0.672896 0.284826
3881.000000 -18.833047 19.258247 -22.602401 -0.113939 0.680264 -0.666577 0.282727
3882.000000 -19.005174 19.622500 -21.812808 -0.114318 0.686830 -0.660533 0.280878
3883.000000 -19.095422 19.920981 -21.141147 -0.113577 0.692035 -0.655427 0.280361
3884.000000 -19.045197 20.148521 -20.652614 -0.111128 0.695274 -0.651738 0.281927
3885.000000 -18.851708 20.306291 -20.365063 -0.106915 0.696352 -0.649641 0.285708
3886.000000 -18.560142 20.386416 -20.249366 -0.101456 0.695449 -0.649059 0.291171
3887.000000 -18.217387 20.394819 -20.244252 -0.095725 0.693009 -0.649775 0.297267
3888.000000 -17.914164 20.340278 -20.283283 -0.090840 0.689584 -0.651564 0.302797
3889.000000 -17.657537 20.218381 -20.313252 -0.087649 0.685625 -0.654265 0.306876
3890.000000 -17.473635 20.034484 -20.331520 -0.086390 0.681327 -0.657787 0.309267
3891.000000 -17.366727 19.796357 -20.337518 -0.086612 0.676595 -0.662081 0.310429
3892.000000 -17.274861 19.517435 -20.378018 -0.087399 0.671136 -0.667119 0.311271
3893.000000 -17.158691 19.185660 -20.490586 0.087768 -0.664617 0.672887 -0.312736
3894.000000 -16.935667 18.820112 -20.693483 0.087121 -0.656857 0.679337 -0.315356
3895.000000 -16.662728 18.418259 -20.968462 0.085563 -0.648016 0.686313 -0.318950
3896.000000 -16.386554 18.004146 -21.259417 0.083915 -0.638675 0.693503 -0.322655
3897.000000 -16.160711 17.569627 -21.487981 0.083339 -0.629716 0.700486 -0.325317
3898.000000 -16.037958 17.161830 -21.589139 0.084824 -0.622043 0.706824 -0.325986
3899.000000 -16.094816 16.783147 -21.520850 0.088826 -0.616286 0.712165 -0.324227
3900.000000 -16.322438 16.464562 -21.278839 0.095163 -0.612609 0.716333 -0.320190
3901.000000 -16.661340 16.196120 -20.898665 0.103072 -0.610624 0.719420 -0.314562
3902.000000 -17.020080 15.969676 -20.451766 0.111348 -0.609482 0.721803 -0.308438
3903.000000 -17.318230 15.753233 -20.023073 0.118714 -0.608203 0.724014 -0.302985
3904.000000 -17.545598 15.562247 -19.673866 0.124341 -0.606132 0.726473 -0.298964
3905.000000 -17.691371 15.361842 -19.411302 0.128160 -0.603191 0.729285 -0.296443
3906.000000 -17.739307 15.159281 -19.211390 0.130612 -0.599709 0.732289 -0.295029
3907.000000 -17.732571 14.974342 -19.048300 0.132017 -0.595989 0.735308 -0.294434
3908.000000 -17.656708 14.791653 -18.931794 0.132133 -0.592000 0.738340 -0.294840
3909.000000 -17.495627 14.626205 -18.894590 0.130298 -0.587436 0.741532 -0.296768
3910.000000 -17.238109 14.470516 -18.964062 0.125947 -0.582011 0.744993 -0.300641
3911.000000 -16.832925 14.323375 -19.135014 0.118988 -0.575679 0.748670 -0.306479
3912.000000 -16.316720 14.181400 -19.379183 0.109792 -0.568628 0.752369 -0.313926
3913.000000 -15.715893 14.055055 -19.660270 0.098902 -0.561123 0.755877 -0.322504
3914.000000 -15.048113 13.943842 -19.951964 0.086756 -0.553338 0.759060 -0.331840
3915.000000 -14.321356 13.850920 -20.242172 0.073574 -0.545285 0.761881 -0.341743
3916.000000 -13.540709 13.761460 -20.530141 0.059371 -0.536828 0.764365 -0.352190
3917.000000 -12.685976 13.681010 -20.818039 0.044003 -0.527776 0.766524 -0.363258
3918.000000 -11.754830 13.607744 -21.103856 0.027204 -0.518033 0.768262 -0.375067
3919.000000 -10.728222 13.562754 -21.370219 0.008642 -0.507791 0.769271 -0.387681
3920.000000 -9.611240 13.583489 -21.581225 -0.011952 -0.497639 0.769034 -0.400998
3921.000000 -8.431135 13.706077 -21.688432 -0.034536 -0.488472 0.766988 -0.414647
3922.000000 -7.242745 13.952566 -21.648489 -0.058458 -0.481141 0.762846 -0.427963
3923.000000 -6.120995 14.299988 -21.446711 -0.082296 -0.476051 0.756911 -0.440101
3924.000000 -5.153222 14.690548 -21.111866 -0.104061 -0.472973 0.750144 -0.450279
3925.000000 -4.392415 15.046496 -20.707247 -0.121811 -0.471200 0.743860 -0.458045
3926.000000 -3.861818 15.308292 -20.302456 -0.134379 -0.469941 0.739164 -0.463395
3927.000000 -3.536740 15.449354 -19.941492 -0.141725 -0.468693 0.736519 -0.466670
3928.000000 -3.378740 15.481975 -19.630762 -0.144674 -0.467418 0.735722 -0.468298
3929.000000 -3.370716 15.444572 -19.348726 -0.144328 -0.466470 0.736214 -0.468577
3930.000000 -3.470737 15.371930 -19.066551 -0.141709 -0.466356 0.737367 -0.467675
3931.000000 -3.626388 15.327953 -18.755536 -0.137934 -0.467454 0.738553 -0.465833
3932.000000 -3.774668 15.342938 -18.396011 -0.134530 -0.469842 0.739086 -0.463576
3933.000000 -3.906602 15.431044 -17.971647 -0.133219 -0.473325 0.738319 -0.461628
3934.000000 -3.928451 15.608299 -17.483562 -0.134986 -0.477596 0.735947 -0.460502
3935.000000 -3.899258 15.841205 -16.950121 -0.139203 -0.482287 0.732335 -0.460117
3936.000000 -3.867620 16.066235 -16.417387 -0.143861 -0.486724 0.728573 -0.459984
3937.000000 -3.841569 16.197182 -15.963635 -0.146984 -0.489393 0.726138 -0.460015
3938.000000 -3.729234 16.179232 -15.702796 -0.147948 -0.487566 0.726403 -0.461226
3939.000000 -3.521306 15.887379 -15.747431 -0.147388 -0.477730 0.730358 -0.465432
3940.000000 -3.206601 15.236962 -16.162431 -0.145749 -0.457011 0.738506 -0.473822
3941.000000 -2.737597 14.189060 -16.905748 -0.142000 -0.425075 0.750591 -0.485552
3942.000000 -2.203364 12.806970 -17.801434 -0.133949 -0.385438 0.765298 -0.497810
3943.000000 -1.795898 11.256274 -18.623269 -0.120050 -0.345003 0.780431 -0.507434
3944.000000 -1.676713 9.744551 -19.179905 -0.101066 -0.311469 0.793706 -0.512644
3945.000000 -1.882870 8.542330 -19.405735 -0.079997 -0.289907 0.803628 -0.513553
3946.000000 -2.317859 7.782733 -19.351188 -0.060398 -0.280659 0.809885 -0.511536
3947.000000 -2.830131 7.379599 -19.110776 -0.044633 -0.279720 0.813224 -0.508361
3948.000000 -3.232032 7.164704 -18.801927 -0.033262 -0.281058 0.815051 -0.505561
3949.000000 -3.455431 6.965494 -18.525356 -0.025551 -0.279367 0.816821 -0.504087
3950.000000 -3.485639 6.646006 -18.332946 -0.020382 -0.271860 0.819434 -0.504187
3951.000000 -3.350941 6.169496 -18.217735 -0.016938 -0.258604 0.822954 -0.505553
3952.000000 -3.094035 5.608326 -18.135600 -0.015002 -0.241683 0.826830 -0.507658
3953.000000 -2.760503 5.066891 -18.041302 -0.014926 -0.223857 0.830354 -0.510076
3954.000000 -2.370386 4.600656 -17.905820 -0.017288 -0.207360 0.833037 -0.512593
3955.000000 -1.950256 4.253973 -17.723162 -0.022337 -0.193232 0.834746 -0.515133
3956.000000 -1.524524 4.016660 -17.503084 -0.029547 -0.181267 0.835655 -0.517639
3957.000000 -1.097179 3.841275 -17.258550 -0.037647 -0.170388 0.836122 -0.520048
3958.000000 -0.676396 3.650186 -17.003801 -0.045161 -0.159229 0.836530 -0.522326
3959.000000 -0.278829 3.411415 -16.750179 -0.051063 -0.146769 0.837120 -0.524481
3960.000000 0.077067 3.087630 -16.497317 -0.055118 -0.132845 0.837911 -0.526516
3961.000000 0.390383 2.765946 -16.241349 -0.057709 -0.118390 0.838741 -0.528362
3962.000000 0.655348 2.438189 -15.967479 -0.059335 -0.105249 0.839422 -0.529881
3963.000000 0.842970 2.192977 -15.676238 -0.060121 -0.095584 0.839871 -0.530910
3964.000000 0.905214 2.060736 -15.371800 -0.059683 -0.090962 0.840140 -0.531346
3965.000000 0.848474 2.021134 -15.060394 -0.057476 -0.091392 0.840338 -0.531203
3966.000000 0.689274 2.053946 -14.747410 -0.053362 -0.094906 0.840565 -0.530657
3967.000000 0.550485 2.018758 -14.441766 -0.047930 -0.098255 0.840900 -0.530034
3968.000000 0.414733 1.939059 -14.140967 -0.042242 -0.098613 0.841399 -0.529660
3969.000000 0.317229 1.831402 -13.848524 -0.037189 -0.095144 0.842042 -0.529651
3970.000000 0.282301 1.651653 -13.559029 -0.033033 -0.089192 0.842724 -0.529877
3971.000000 0.296989 1.443649 -13.263039 -0.029469 -0.082962 0.843335 -0.530128
3972.000000 0.309864 1.283169 -12.961620 -0.026057 -0.077911 0.843832 -0.530281
3973.000000 0.286943 1.154530 -12.656232 -0.022560 -0.074087 0.844244 -0.530335
3974.000000 0.256671 1.031944 -12.349107 -0.018960 -0.070619 0.844620 -0.530350
3975.000000 0.235376 0.911750 -12.041494 -0.015338 -0.066592 0.845002 -0.530379
3976.000000 0.223697 0.771741 -11.733518 -0.011840 -0.061510 0.845400 -0.530448
3977.000000 0.234674 0.613733 -11.424199 -0.008746 -0.055230 0.845799 -0.530563
3978.000000 0.288585 0.453854 -11.113104 -0.006371 -0.047765 0.846175 -0.530722
3979.000000 0.356526 0.285665 -10.798908 -0.004722 -0.039279 0.846511 -0.530899
3980.000000 0.408538 0.105930 -10.480949 -0.003169 -0.030299 0.846795 -0.531046
3981.000000 0.443592 -0.064838 -10.161130 -0.000541 -0.021860 0.847020 -0.531111
3982.000000 0.448608 -0.206532 -9.842090 0.004260 -0.015320 0.847173 -0.531080
3983.000000 0.366499 -0.334290 -9.523206 0.011453 -0.011883 0.847227 -0.530974
3984.000000 0.254446 -0.421459 -9.206892 0.019918 -0.012093 0.847155 -0.530834
3985.000000 0.118353 -0.439838 -8.890952 0.027490 -0.015561 0.846965 -0.530710
3986.000000 0.015900 -0.399597 -8.575476 0.031982 -0.021064 0.846719 -0.530660
3987.000000 -0.045777 -0.339873 -8.260741 0.032396 -0.026955 0.846495 -0.530726
3988.000000 -0.071326 -0.265687 -7.946862 0.029504 -0.031712 0.846332 -0.530892
3989.000000 -0.051493 -0.200311 -7.631118 0.025307 -0.034406 0.846239 -0.531089
3990.000000 -0.010377 -0.158521 -7.313427 0.021749 -0.034902 0.846221 -0.531243
3991.000000 0.025779 -0.141863 -6.994978 0.019667 -0.033749 0.846264 -0.531329
3992.000000 0.065225 -0.151363 -6.676022 0.018686 -0.031936 0.846332 -0.531369
3993.000000 0.073931 -0.161063 -6.357579 0.017941 -0.030702 0.846377 -0.531396
3994.000000 0.069482 -0.149727 -6.039433 0.016870 -0.031419 0.846349 -0.531433
3995.000000 0.059417 -0.107651 -5.721892 0.015512 -0.035389 0.846195 -0.531471
3996.000000 0.034369 -0.035050 -5.404930 0.014316 -0.043400 0.845850 -0.531460
3997.000000 -0.016864 0.059176 -5.086627 0.013804 -0.055186 0.845262 -0.531316
3998.000000 -0.087311 0.156220 -4.765107 0.014319 -0.069193 0.844438 -0.530973
3999.000000 -0.154507 0.234032 -4.441219 0.015899 -0.083007 0.843495 -0.530446
4000.000000 -0.196894 0.291045 -4.117965 0.018275 -0.094302 0.842638 -0.529843
4001.000000 -0.263844 0.370647 -3.796303 0.020999 -0.101710 0.842053 -0.529302
4002.000000 -0.295099 0.370762 -3.474837 0.023609 -0.105073 0.841817 -0.528910
4003.000000 -0.315204 0.358982 -3.156702 0.025703 -0.105055 0.841894 -0.528694
4004.000000 -0.298697 0.356959 -2.840936 0.026874 -0.102496 0.842194 -0.528661
4005.000000 -0.294109 0.346519 -2.526753 0.026517 -0.097929 0.842637 -0.528838
4006.000000 -0.284130 0.328968 -2.214485 0.023487 -0.091510 0.843154 -0.529307
4007.000000 -0.238244 0.304734 -1.903265 0.015740 -0.083416 0.843621 -0.530187
4008.000000 -0.186246 0.322374 -1.593121 0.000441 -0.074449 0.843754 -0.531541
4009.000000 -0.152674 0.340906 -1.281757 -0.024730 -0.066199 0.843033 -0.533199
4010.000000 -0.130948 0.361142 -0.966130 -0.059188 -0.060375 0.840832 -0.534652
4011.000000 -0.105572 0.346458 -0.647310 -0.097686 -0.057714 0.836996 -0.535317
4012.000000 -0.121570 0.309026 -0.331094 -0.131469 -0.057486 0.832520 -0.535091
4013.000000 -0.195168 0.245746 -0.029179 -0.152553 -0.058114 0.829224 -0.534545
4014.000000 -0.144465 0.322451 0.159955 -0.186904 -0.050331 0.846580 -0.495819
4015.000000 -0.042521 0.453482 0.362620 -0.297451 -0.017049 0.895995 -0.329280
4016.000000 0.054971 0.497103 0.609492 -0.395057 0.016976 0.906430 -0.148415
4017.000000 0.006399 0.509945 0.384315 -0.374699 0.008545 0.915417 -0.146761
4018.000000 0.084127 0.493629 0.197221 -0.331545 -0.008500 0.932459 -0.143271
4019.000000 0.186338 0.463419 0.002582 -0.270823 -0.030463 0.952163 -0.138249
4020.000000 0.239557 0.437336 -0.214155 -0.204763 -0.051186 0.968426 -0.132677
4021.000000 0.242244 0.438032 -0.442916 -0.145794 -0.065969 0.978812 -0.127747
4022.000000 0.216635 0.453196 -0.671132 -0.100812 -0.073937 0.984358 -0.124138
4023.000000 0.186532 0.459610 -0.893420 -0.070140 -0.077596 0.987033 -0.121760
4024.000000 0.154774 0.465778 -1.109829 -0.050404 -0.080461 0.988203 -0.120164
4025.000000 0.134150 0.472877 -1.320486 -0.037838 -0.084779 0.988546 -0.118988
4026.000000 0.123980 0.478601 -1.527633 -0.029819 -0.090740 0.988401 -0.118070
4027.000000 0.107289 0.490655 -1.733629 -0.024758 -0.097195 0.988010 -0.117370
4028.000000 0.084043 0.498959 -1.938284 -0.021584 -0.102908 0.987566 -0.116862
4029.000000 0.078045 0.525578 -2.145170 -0.019621 -0.107309 0.987180 -0.116515
4030.000000 0.079636 0.537272 -2.352223 -0.018710 -0.110473 0.986872 -0.116315
4031.000000 0.086338 0.541729 -2.559610 -0.019061 -0.112705 0.986617 -0.116281
4032.000000 0.095258 0.547095 -2.767258 -0.020757 -0.114296 0.986384 -0.116415
4033.000000 0.100843 0.559708 -2.974948 -0.023367 -0.115572 0.986148 -0.116662
4034.000000 0.104771 0.573072 -3.182261 -0.026135 -0.116893 0.985891 -0.116923
4035.000000 0.123588 0.581219 -3.389938 -0.028509 -0.118276 0.985635 -0.117138
4036.000000 0.146636 0.591894 -3.598387 -0.030359 -0.118862 0.985487 -0.117326
4037.000000 0.157896 0.562573 -3.809475 -0.031599 -0.116870 0.985658 -0.117561
4038.000000 0.151916 0.493623 -4.024775 -0.031704 -0.110451 0.986359 -0.117864
4039.000000 0.137005 0.402002 -4.243909 -0.029812 -0.098986 0.987599 -0.118159
4040.000000 0.119756 0.292442 -4.463719 -0.025446 -0.083818 0.989102 -0.118336
4041.000000 0.087013 0.155386 -4.681505 -0.019140 -0.067720 0.990475 -0.118355
4042.000000 0.044316 0.021330 -4.894761 -0.012286 -0.053469 0.991465 -0.118268
4043.000000 0.002218 -0.087703 -5.104335 -0.006313 -0.042655 0.992059 -0.118151
4044.000000 -0.032697 -0.161997 -5.312419 -0.001921 -0.035523 0.992370 -0.118050
4045.000000 -0.060714 -0.201543 -5.520668 0.001063 -0.031602 0.992513 -0.117972
4046.000000 -0.084007 -0.214237 -5.729929 0.003227 -0.030325 0.992556 -0.117909
4047.000000 -0.104543 -0.206387 -5.940105 0.004968 -0.031116 0.992530 -0.117858
4048.000000 -0.118972 -0.185476 -6.150742 0.006156 -0.033196 0.992460 -0.117824
4049.000000 -0.118301 -0.162205 -6.361461 0.006272 -0.035586 0.992377 -0.117825
4050.000000 -0.097677 -0.142089 -6.572169 0.004890 -0.037485 0.992308 -0.117877
4051.000000 -0.068141 -0.117241 -6.783116 0.002225 -0.038700 0.992259 -0.117977
4052.000000 -0.039016 -0.093005 -6.993903 -0.000640 -0.039675 0.992210 -0.118084
4053.000000 -0.028850 -0.074053 -7.204260 -0.002043 -0.041046 0.992147 -0.118133
4054.000000 -0.059205 -0.053651 -7.414295 -0.000457 -0.043054 0.992073 -0.118057
4055.000000 -0.141631 -0.030556 -7.623583 0.004715 -0.045250 0.991992 -0.117823
4056.000000 -0.263191 -0.022583 -7.830627 0.012669 -0.046634 0.991902 -0.117449
4057.000000 -0.384037 -0.057221 -8.034349 0.021329 -0.046084 0.991831 -0.117013
4058.000000 -0.472198 -0.123972 -8.238067 0.028085 -0.042862 0.991854 -0.116621
4059.000000 -0.495425 -0.221502 -8.443901 0.030867 -0.036964 0.992039 -0.116358
4060.000000 -0.451227 -0.339872 -8.651987 0.029007 -0.029176 0.992369 -0.116241
4061.000000 -0.346645 -0.469204 -8.860990 0.023381 -0.020821 0.992730 -0.116222
4062.000000 -0.201512 -0.587341 -9.068789 0.015748 -0.013350 0.993006 -0.116246
4063.000000 -0.051249 -0.656637 -9.275136 0.007763 -0.008014 0.993154 -0.116281
4064.000000 0.087170 -0.673043 -9.482728 0.000365 -0.005676 0.993196 -0.116315
4065.000000 0.210199 -0.642201 -9.693425 -0.006111 -0.006701 0.993169 -0.116334
4066.000000 0.300756 -0.552430 -9.906627 -0.011460 -0.010882 0.993086 -0.116322
4067.000000 0.347066 -0.412960 -10.120834 -0.015378 -0.017449 0.992946 -0.116268
4068.000000 0.374919 -0.254961 -10.334873 -0.017777 -0.025212 0.992751 -0.116166
4069.000000 0.395262 -0.102473 -10.547333 -0.019224 -0.032824 0.992516 -0.116039
4070.000000 0.424565 0.027235 -10.757367 -0.020861 -0.039159 0.992265 -0.115939
4071.000000 0.477208 0.128134 -10.964620 -0.023708 -0.043700 0.992013 -0.115923
4072.000000 0.550913 0.207704 -11.169144 -0.027943 -0.046705 0.991756 -0.116006
4073.000000 0.645671 0.273756 -11.372121 -0.032860 -0.048974 0.991481 -0.116138
4074.000000 0.745901 0.337058 -11.574493 -0.037519 -0.051277 0.991185 -0.116255
4075.000000 0.831924 0.404324 -11.776771 -0.041426 -0.053877 0.990884 -0.116321
4076.000000 0.901401 0.470720 -11.979222 -0.044671 -0.056476 0.990594 -0.116354
4077.000000 0.962797 0.526600 -12.181912 -0.047599 -0.058580 0.990331 -0.116394
4078.000000 1.023434 0.567484 -12.384745 -0.050498 -0.059944 0.990096 -0.116472
4079.000000 1.096977 0.600367 -12.587114 -0.053565 -0.060787 0.989870 -0.116588
4080.000000 1.188961 0.631160 -12.787800 -0.056965 -0.061745 0.989606 -0.116711
4081.000000 1.275875 0.693150 -12.986115 -0.060754 -0.063618 0.989253 -0.116793
4082.000000 1.360657 0.800383 -13.180984 -0.064802 -0.067012 0.988773 -0.116781
4083.000000 1.448103 0.941915 -13.371711 -0.068912 -0.071909 0.988165 -0.116660
4084.000000 1.551713 1.090016 -13.558574 -0.073081 -0.077390 0.987471 -0.116494
4085.000000 1.664193 1.216429 -13.744053 -0.077561 -0.081770 0.986783 -0.116438
4086.000000 1.790448 1.270478 -13.932096 -0.082595 -0.083297 0.986218 -0.116676
4087.000000 1.948448 1.220313 -14.124495 -0.088155 -0.081193 0.985839 -0.117291
4088.000000 2.131053 1.103577 -14.317442 -0.094027 -0.076497 0.985567 -0.118175
4089.000000 2.314789 1.021160 -14.504139 -0.100174 -0.072069 0.985192 -0.119028
4090.000000 2.513130 1.046362 -14.679923 -0.106931 -0.071434 0.984474 -0.119477
4091.000000 2.728765 1.252822 -14.836845 -0.114724 -0.076936 0.983208 -0.119250
4092.000000 2.943935 1.598964 -14.966522 -0.123553 -0.088395 0.981285 -0.118321
4093.000000 3.156662 2.054735 -15.070820 -0.132765 -0.103300 0.978790 -0.116933
4094.000000 3.362611 2.551268 -15.161328 -0.141360 -0.118371 0.976052 -0.115449
4095.000000 3.530156 2.956178 -15.254736 -0.148533 -0.131275 0.973487 -0.114142
4096.000000 3.660261 3.279402 -15.366793 -0.153925 -0.141280 0.971368 -0.113097
4097.000000 3.742755 3.528607 -15.502829 -0.157400 -0.148738 0.969796 -0.112243
4098.000000 3.756409 3.702862 -15.666711 -0.158649 -0.154219 0.968828 -0.111437
4099.000000 3.685611 3.803807 -15.862086 -0.157124 -0.158140 0.968550 -0.110525
4100.000000 3.521612 3.885691 -16.089895 -0.152504 -0.161035 0.968944 -0.109349
4101.000000 3.279390 3.966091 -16.334202 -0.145387 -0.164032 0.969710 -0.107791
4102.000000 3.010611 4.102253 -16.564536 -0.137572 -0.168908 0.970230 -0.105819
4103.000000 2.790324 4.381077 -16.746472 -0.131502 -0.177503 0.969785 -0.103523
4104.000000 2.666042 4.827023 -16.856201 -0.129050 -0.190736 0.967857 -0.101085
4105.000000 2.649346 5.411159 -16.889277 -0.130317 -0.207798 0.964416 -0.098691
4106.000000 2.680108 6.039089 -16.874282 -0.133260 -0.226151 0.960107 -0.096398
4107.000000 2.651725 6.587913 -16.871170 -0.134471 -0.242566 0.956158 -0.094025
4108.000000 2.468378 6.980231 -16.940265 -0.130790 -0.254767 0.953770 -0.091162
4109.000000 2.089980 7.224317 -17.096838 -0.120877 -0.262637 0.953295 -0.087399
4110.000000 1.553061 7.400440 -17.299760 -0.105885 -0.268100 0.953981 -0.082648
4111.000000 0.941640 7.557315 -17.488413 -0.088863 -0.273714 0.954571 -0.077324
4112.000000 0.365081 7.766216 -17.621327 -0.073222 -0.281139 0.954145 -0.072162
4113.000000 -0.094442 8.072942 -17.689142 -0.061195 -0.290800 0.952415 -0.067790
4114.000000 -0.418144 8.496556 -17.695033 -0.053155 -0.302818 0.949385 -0.064382
4115.000000 -0.649337 9.064095 -17.627271 -0.048007 -0.317872 0.944910 -0.061627
4116.000000 -0.838045 9.755721 -17.459519 -0.044186 -0.336780 0.938693 -0.059016
4117.000000 -1.017967 10.550816 -17.179847 -0.040533 -0.359135 0.930710 -0.056197
4118.000000 -1.205265 11.370174 -16.826539 -0.036646 -0.382615 0.921649 -0.053166
4119.000000 -1.391045 12.109529 -16.481709 -0.032696 -0.403958 0.912814 -0.050189
4120.000000 -1.550114 12.706027 -16.219945 -0.028989 -0.420936 0.905380 -0.047537
4121.000000 -1.689582 13.135468 -16.055935 -0.025589 -0.433725 0.899545 -0.045243
4122.000000 -1.835924 13.537823 -15.926744 -0.022175 -0.444731 0.894355 -0.043038
4123.000000 -1.999867 13.984048 -15.737754 -0.018167 -0.457148 0.888283 -0.040482
4124.000000 -2.203199 14.518173 -15.410690 -0.012986 -0.473245 0.880050 -0.037179
4125.000000 -2.460542 15.201060 -14.905518 -0.006314 -0.493428 0.869140 -0.032929
4126.000000 -2.759936 15.957048 -14.244031 0.001769 -0.516377 0.855909 -0.027783
4127.000000 -3.073179 16.691108 -13.491035 0.010812 -0.539919 0.841360 -0.022004
4128.000000 -3.369815 17.360389 -12.731234 0.020131 -0.562016 0.826727 -0.016000
4129.000000 -3.642205 17.926116 -12.027930 0.029001 -0.581543 0.812934 -0.010227
4130.000000 -3.869264 18.410034 -11.391263 0.036827 -0.598747 0.800075 -0.005118
4131.000000 -4.043029 18.864917 -10.765756 0.043239 -0.615182 0.787198 -0.001031
4132.000000 -4.166278 19.345644 -10.055793 0.048080 -0.632950 0.772696 0.001757
4133.000000 -4.242754 19.863125 -9.182364 0.051289 -0.653381 0.755283 0.003051
4134.000000 -4.274684 20.364345 -8.150205 0.052757 -0.676010 0.734996 0.002710
4135.000000 -4.261806 20.799212 -7.070681 0.052301 -0.698728 0.713473 0.000623
4136.000000 -4.206407 21.150356 -6.093178 -0.049871 0.719100 -0.693107 0.003210
4137.000000 -4.127424 21.433647 -5.310525 -0.045839 0.735776 -0.675619 0.008464
4138.000000 -4.095067 21.622798 -4.721447 -0.041068 0.748924 -0.661227 0.014342
4139.000000 -4.039609 21.759096 -4.267126 -0.036586 0.759636 -0.649016 0.019804
4140.000000 -3.998021 21.865720 -3.875048 -0.033007 0.768999 -0.637939 0.024172
4141.000000 -3.964810 21.960671 -3.518849 -0.030114 0.777530 -0.627514 0.027692
4142.000000 -3.928292 22.037503 -3.217832 -0.026862 0.785143 -0.617922 0.031637
4143.000000 -3.900445 22.108699 -3.019156 -0.021783 0.791371 -0.609771 0.037907
4144.000000 -3.781887 22.122663 -2.967000 -0.013571 0.795597 -0.603745 0.048314
4145.000000 -3.677526 22.151229 -3.117701 -0.001633 0.797345 -0.600139 0.063803
4146.000000 -3.538888 22.170539 -3.431765 0.013592 0.796681 -0.598399 0.083868
4147.000000 -3.346706 22.177830 -3.795283 0.030722 0.794523 -0.597029 0.106518
4148.000000 -3.147448 22.205803 -4.085617 0.047953 0.792552 -0.594087 0.128933
4149.000000 -2.952941 22.256608 -4.184630 0.063744 0.792560 -0.587987 0.148516
4150.000000 -2.802150 22.352663 -4.035933 0.077248 0.795592 -0.578148 0.163744
4151.000000 -2.693669 22.450385 -3.670971 0.088324 0.801435 -0.565221 0.174431
4152.000000 -2.619102 22.548777 -3.190198 0.097229 0.808803 -0.550881 0.181425
4153.000000 -2.581069 22.629262 -2.723576 0.104275 0.816026 -0.537249 0.185989
4154.000000 -2.557438 22.680432 -2.379870 0.109644 0.821810 -0.526135 0.189178
4155.000000 -2.541283 22.709995 -2.208044 0.113398 0.825678 -0.518399 0.191465
4156.000000 -2.541082 22.736303 -2.187609 0.115594 0.827989 -0.513733 0.192745
4157.000000 -2.533821 22.752275 -2.248877 0.116380 0.829624 -0.510960 0.192611
4158.000000 -2.550737 22.764563 -2.312481 0.115999 0.831516 -0.508679 0.190711
4159.000000 -2.566676 22.790880 -2.326869 0.114731 0.834210 -0.505924 0.187006
4160.000000 -2.588990 22.802720 -2.287650 0.112840 0.837667 -0.502501 0.181861
4161.000000 -2.615570 22.817595 -2.229594 0.110561 0.841386 -0.498891 0.175937
4162.000000 -2.633988 22.834822 -2.200735 0.108081 0.844743 -0.495831 0.169937
4163.000000 -2.662143 22.846334 -2.237264 0.105500 0.847310 -0.493898 0.164316
4164.000000 -2.685230 22.854769 -2.349607 0.102812 0.848982 -0.493290 0.159137
4165.000000 -2.716551 22.845973 -2.525651 0.099944 0.849921 -0.493839 0.154173
4166.000000 -2.741769 22.843471 -2.739204 0.096849 0.850437 -0.495113 0.149133
4167.000000 -2.769995 22.849990 -2.956968 0.093573 0.850876 -0.496550 0.143849
4168.000000 -2.813581 22.842271 -3.157448 0.090218 0.851519 -0.497644 0.138299
4169.000000 -2.850642 22.842620 -3.325530 0.086873 0.852491 -0.498142 0.132543
4170.000000 -2.893579 22.847123 -3.464502 0.083575 0.853722 -0.498122 0.126686
4171.000000 -2.938991 22.852176 -3.592629 0.080344 0.855017 -0.497876 0.120872
4172.000000 -2.982212 22.856516 -3.726341 0.077209 0.856197 -0.497678 0.115251
4173.000000 -3.019685 22.861959 -3.868320 0.074197 0.857230 -0.497571 0.109887
4174.000000 -3.068781 22.869596 -4.003100 0.071307 0.858295 -0.497277 0.104689
4175.000000 -3.123588 22.881513 -4.097651 0.068535 0.859758 -0.496208 0.099485
4176.000000 -3.157118 22.917681 -4.110599 0.065934 0.862054 -0.493607 0.094166
4177.000000 -3.199781 22.967091 -4.008687 0.063633 0.865530 -0.488798 0.088801
4178.000000 -3.246109 23.030361 -3.781052 0.061791 0.870244 -0.481521 0.083642
4179.000000 -3.272632 23.105759 -3.458520 0.060586 0.875810 -0.472249 0.079164
4180.000000 -3.284188 23.170230 -3.123973 0.060288 0.881335 -0.462385 0.076244
4181.000000 -3.274930 23.219525 -2.910698 0.061341 0.885510 -0.454184 0.076334
4182.000000 -3.233348 23.218499 -2.969763 0.064282 0.886875 -0.450243 0.081251
4183.000000 -3.145582 23.178235 -3.421533 0.069432 0.884215 -0.452560 0.092374
4184.000000 -3.013767 23.093836 -4.291543 0.076562 0.876971 -0.461569 0.109611
4185.000000 -2.834019 22.927394 -5.482622 0.084794 0.865593 -0.475827 0.130948
4186.000000 -2.578236 22.674080 -6.825129 0.092894 0.851572 -0.492686 0.153152
4187.000000 -2.275918 22.354758 -8.144599 0.099797 0.836914 -0.509508 0.173253
4188.000000 -1.977305 22.013979 -9.329678 0.105033 0.823269 -0.524595 0.189725
4189.000000 -1.729464 21.676260 -10.352192 0.108743 0.811356 -0.537429 0.202599
4190.000000 -1.501216 21.363666 -11.240736 0.111361 0.801037 -0.548331 0.212770
4191.000000 -1.311023 21.060733 -12.039342 0.113305 0.791779 -0.557941 0.221246
4192.000000 -1.119679 20.758223 -12.786856 0.114883 0.783058 -0.566808 0.228803
4193.000000 -0.923302 20.451562 -13.501606 0.116337 0.774556 -0.575199 0.235955
4194.000000 -0.725078 20.143203 -14.185259 0.117848 0.766219 -0.583093 0.242945
4195.000000 -0.525746 19.846923 -14.828549 0.119464 0.758211 -0.590324 0.249725
4196.000000 -0.324312 19.559327 -15.423932 0.121081 0.750765 -0.596766 0.256051
4197.000000 -0.134529 19.296127 -15.971797 0.122538 0.743998 -0.602461 0.261712
4198.000000 0.038572 19.039932 -16.482937 0.123722 0.737833 -0.607603 0.266672
4199.000000 0.192601 18.798674 -16.969070 0.124557 0.732127 -0.612415 0.270968
4200.000000 0.308494 18.572735 -17.435884 0.124861 0.726897 -0.617021 0.274436
4201.000000 0.371280 18.342114 -17.881035 0.124244 0.722422 -0.621432 0.276573
4202.000000 0.336616 18.144800 -18.297468 0.122232 0.719101 -0.625594 0.276740
4203.000000 0.196358 17.974797 -18.681269 0.118608 0.717133 -0.629457 0.274657
4204.000000 -0.023282 17.831881 -19.034147 0.113762 0.716255 -0.632996 0.270837
4205.000000 -0.260833 17.690021 -19.364966 0.108708 0.715807 -0.636198 0.266563
4206.000000 -0.438638 17.562502 -19.682671 0.104630 0.715124 -0.639014 0.263269
4207.000000 -0.547076 17.466079 -19.989756 0.102195 0.713985 -0.641328 0.261686
4208.000000 -0.587510 17.379685 -20.277284 0.101106 0.712744 -0.643012 0.261360
4209.000000 -0.628489 17.311984 -20.531513 0.100232 0.712111 -0.644034 0.260906
4210.000000 -0.752514 17.313235 -20.744124 0.098202 0.712776 -0.644483 0.258744
4211.000000 -1.039505 17.360209 -20.907854 0.094034 0.715167 -0.644436 0.253765
4212.000000 -1.508346 17.447007 -21.010045 0.087446 0.719410 -0.643799 0.245613
4213.000000 -2.123648 17.606939 -21.035049 0.078816 0.725366 -0.642320 0.234645
4214.000000 -2.831969 17.830011 -20.975808 0.068946 0.732615 -0.639803 0.221750
4215.000000 -3.576812 18.082751 -20.846964 0.058733 0.740461 -0.636374 0.208079
4216.000000 -4.296754 18.337796 -20.684242 0.048873 0.748073 -0.632531 0.194687
4217.000000 -4.955109 18.568855 -20.529241 0.039683 0.754799 -0.628894 0.182198
4218.000000 -5.561939 18.764528 -20.403913 0.031136 0.760431 -0.625809 0.170702
4219.000000 -6.127949 18.931871 -20.302215 0.023068 0.765198 -0.623181 0.159955
4220.000000 -6.657257 19.069261 -20.206737 0.015384 0.769480 -0.620681 0.149733
4221.000000 -7.142459 19.210434 -20.109185 0.008140 0.773466 -0.618118 0.140050
4222.000000 -7.604430 19.336282 -20.021978 0.001467 0.777063 -0.615618 0.131095
4223.000000 -8.018704 19.442060 -19.964941 -0.004561 0.780048 -0.613489 0.123027
4224.000000 -8.369667 19.517145 -19.950181 -0.009976 0.782300 -0.611953 0.115849
4225.000000 -8.699758 19.560404 -19.978199 -0.014867 0.783883 -0.611007 0.109440
4226.000000 -8.988828 19.580044 -20.037289 -0.019303 0.784989 -0.610467 0.103678
4227.000000 -9.250011 19.591370 -20.114863 -0.023309 0.785841 -0.610090 0.098488
4228.000000 -9.482429 19.608669 -20.199914 -0.026918 0.786618 -0.609678 0.093804
4229.000000 -9.705681 19.628209 -20.285357 -0.030199 0.787425 -0.609127 0.089524
4230.000000 -9.911291 19.652816 -20.369479 -0.033217 0.788281 -0.608431 0.085564
4231.000000 -10.094436 19.682383 -20.456816 -0.035944 0.789140 -0.607657 0.081971
4232.000000 -10.240588 19.723712 -20.557067 -0.038227 0.789923 -0.606900 0.078951
4233.000000 -10.358364 19.738841 -20.682053 -0.039874 0.790554 -0.606252 0.076763
4234.000000 -10.424214 19.769552 -20.840273 -0.040777 0.790971 -0.605799 0.075555
4235.000000 -10.432077 19.768339 -21.034897 -0.040951 0.791127 -0.605614 0.075315
4236.000000 -10.399924 19.767496 -21.265824 -0.040471 0.791003 -0.605729 0.075948
4237.000000 -10.319878 19.753402 -21.529360 -0.039391 0.790623 -0.606115 0.077383
4238.000000 -10.200261 19.726776 -21.821036 -0.037740 0.790032 -0.606707 0.079576
4239.000000 -10.042174 19.687548 -22.136743 -0.035589 0.789249 -0.607474 0.082430
4240.000000 -9.847978 19.642741 -22.473208 -0.033120 0.788238 -0.608470 0.085718
4241.000000 -9.664101 19.571853 -22.828166 -0.030592 0.786920 -0.609819 0.089116
4242.000000 -9.478254 19.471501 -23.202710 -0.028235 0.785212 -0.611651 0.092346
4243.000000 -9.285449 19.335665 -23.597393 -0.026122 0.783084 -0.614012 0.095324
4244.000000 -9.111111 19.176165 -24.009718 -0.024177 0.780584 -0.616825 0.098141
4245.000000 -8.943129 18.992295 -24.432345 -0.022293 0.777845 -0.619901 0.100914
4246.000000 -8.763224 18.799314 -24.854341 -0.020444 0.775043 -0.623015 0.103646
4247.000000 -8.589346 18.615786 -25.265085 -0.018666 0.772335 -0.625985 0.106268
4248.000000 -8.425103 18.440252 -25.659383 -0.016942 0.769814 -0.628702 0.108784
4249.000000 -8.245390 18.285032 -26.039229 -0.015145 0.767497 -0.631127 0.111345
4250.000000 -8.059712 18.138927 -26.408594 -0.013122 0.765354 -0.633272 0.114135
4251.000000 -7.842682 18.014956 -26.771684 -0.010872 0.763325 -0.635208 0.117165
4252.000000 -7.636225 17.884320 -27.129062 -0.008658 0.761326 -0.637083 0.120140
4253.000000 -7.465614 17.739921 -27.478994 -0.006944 0.759294 -0.639069 0.122537
4254.000000 -7.382399 17.580289 -27.815435 -0.006171 0.757250 -0.641245 0.123851
4255.000000 -7.376764 17.424631 -28.129861 -0.006522 0.755334 -0.643498 0.123851
4256.000000 -7.457300 17.272091 -28.412305 -0.007865 0.753750 -0.645566 0.122653
4257.000000 -7.615699 17.142584 -28.657554 -0.009902 0.752648 -0.647214 0.120572
4258.000000 -7.820363 17.053846 -28.867500 -0.012358 0.752044 -0.648361 0.117921
4259.000000 -8.043561 16.993977 -29.048818 -0.015035 0.751859 -0.649054 0.114939
4260.000000 -8.275282 16.969238 -29.209548 -0.017736 0.751991 -0.649369 0.111869
4261.000000 -8.495585 16.966101 -29.360446 -0.020192 0.752332 -0.649384 0.109038
4262.000000 -8.664044 16.968451 -29.516829 -0.022085 0.752713 -0.649247 0.106834
4263.000000 -8.760999 16.965515 -29.696397 -0.023171 0.752914 -0.649182 0.105572
4264.000000 -8.774800 16.951243 -29.908389 -0.023424 0.752794 -0.649356 0.105302
4265.000000 -8.749398 16.931617 -30.142651 -0.023142 0.752446 -0.649710 0.105674
4266.000000 -8.735252 16.919381 -30.259682 -0.022967 0.752284 -0.649867 0.105896
4267.000000 -8.763751 16.943335 -30.024226 -0.023319 0.752632 -0.649525 0.105445
4268.000000 -8.777564 16.956987 -29.798395 -0.023391 0.752896 -0.649236 0.105324
4269.000000 -8.724591 16.968781 -29.602838 -0.022737 0.752849 -0.649191 0.106074
4270.000000 -8.587008 16.966346 -29.436777 -0.021228 0.752531 -0.649321 0.107834
4271.000000 -8.389983 16.966473 -29.285393 -0.019015 0.752144 -0.649407 0.110400
4272.000000 -8.159637 16.978172 -29.131176 -0.016397 0.751891 -0.649255 0.113397
4273.000000 -7.930108 17.020842 -28.961255 -0.013680 0.751905 -0.648759 0.116457
4274.000000 -7.713947 17.094732 -28.766559 -0.011091 0.752287 -0.647849 0.119302
4275.000000 -7.529834 17.203103 -28.539644 -0.008816 0.753135 -0.646451 0.121702
4276.000000 -7.403706 17.345567 -28.275534 -0.007087 0.754488 -0.644572 0.123384
4277.000000 -7.365208 17.503797 -27.976085 -0.006208 0.756263 -0.642377 0.124015
4278.000000 -7.414292 17.659843 -27.649206 -0.006421 0.758267 -0.640136 0.123352
4279.000000 -7.543685 17.817200 -27.305250 -0.007707 0.760315 -0.638053 0.121447
4280.000000 -7.737529 17.950849 -26.951117 -0.009734 0.762326 -0.636142 0.118689
4281.000000 -7.954746 18.075361 -26.590695 -0.012016 0.764330 -0.634259 0.115631
4282.000000 -8.150239 18.210407 -26.225164 -0.014167 0.766407 -0.632232 0.112704
4283.000000 -8.338672 18.362000 -25.850877 -0.016063 0.768631 -0.629951 0.110046
4284.000000 -8.512658 18.524063 -25.464080 -0.017803 0.771049 -0.627378 0.107533
4285.000000 -8.675562 18.708104 -25.061637 -0.019545 0.773670 -0.624527 0.104974
4286.000000 -8.856360 18.893509 -24.644328 -0.021363 0.776441 -0.621466 0.102289
4287.000000 -9.026605 19.083476 -24.220450 -0.023232 0.779233 -0.618344 0.099530
4288.000000 -9.199450 19.260414 -23.801643 -0.025136 0.781874 -0.615372 0.096744
4289.000000 -9.377863 19.406020 -23.397652 -0.027150 0.784200 -0.612767 0.093864
4290.000000 -9.576225 19.527401 -23.012815 -0.029384 0.786118 -0.610669 0.090762
4291.000000 -9.752738 19.611215 -22.648390 -0.031846 0.787623 -0.609091 0.087424
4292.000000 -9.946974 19.666988 -22.302584 -0.034379 0.788777 -0.607937 0.084040
4293.000000 -10.126630 19.707629 -21.976091 -0.036718 0.789665 -0.607067 0.080931
4294.000000 -10.267909 19.741825 -21.671938 -0.038634 0.790352 -0.606388 0.078388
4295.000000 -10.361344 19.759664 -21.393854 -0.040004 0.790843 -0.605892 0.076568
4296.000000 -10.422860 19.768800 -21.145966 -0.040788 0.791099 -0.605635 0.075528
4297.000000 -10.433573 19.772011 -20.932985 -0.040951 0.791084 -0.605670 0.075320
4298.000000 -10.400052 19.755673 -20.756675 -0.040420 0.790793 -0.605996 0.076034
4299.000000 -10.303933 19.727891 -20.615768 -0.039140 0.790261 -0.606557 0.077740
4300.000000 -10.169474 19.705181 -20.504407 -0.037154 0.789546 -0.607271 0.080372
4301.000000 -10.005951 19.663162 -20.412233 -0.034624 0.788715 -0.608048 0.083712
4302.000000 -9.811777 19.643479 -20.327521 -0.031740 0.787849 -0.608794 0.087505
4303.000000 -9.591501 19.614682 -20.242804 -0.028595 0.787015 -0.609423 0.091620
4304.000000 -9.371695 19.600375 -20.157003 -0.025160 0.786231 -0.609898 0.096089
4305.000000 -9.119091 19.585108 -20.074507 -0.021358 0.785435 -0.610272 0.101015
4306.000000 -8.851597 19.572883 -20.004705 -0.017140 0.784481 -0.610702 0.106484
4307.000000 -8.536343 19.541684 -19.959403 -0.012482 0.783165 -0.611415 0.112557
4308.000000 -8.201858 19.485376 -19.952034 -0.007340 0.781266 -0.612641 0.119333
4309.000000 -7.818056 19.393171 -19.988592 -0.001628 0.778644 -0.614488 0.126946
4310.000000 -7.377650 19.275349 -20.063091 0.004725 0.775327 -0.616842 0.135469
4311.000000 -6.905175 19.138788 -20.157883 0.011699 0.771510 -0.619406 0.144815
4312.000000 -6.397556 19.001901 -20.254670 0.019178 0.767381 -0.621934 0.154784
4313.000000 -5.849435 18.853281 -20.351163 0.027052 0.762898 -0.624457 0.165253
4314.000000 -5.264346 18.670395 -20.462715 0.035339 0.757745 -0.627278 0.176338
4315.000000 -4.633039 18.457907 -20.603677 0.044190 0.751572 -0.630655 0.188312
4316.000000 -3.943986 18.211541 -20.767094 0.053730 0.744345 -0.634464 0.201296
4317.000000 -3.203145 17.954483 -20.918240 0.063831 0.736515 -0.638179 0.214939
4318.000000 -2.469968 17.713181 -21.015624 0.073978 0.728867 -0.641193 0.228369
4319.000000 -1.799822 17.514265 -21.033006 0.083342 0.722193 -0.643182 0.240435
4320.000000 -1.252691 17.395887 -20.967605 0.091032 0.717059 -0.644205 0.250078
4321.000000 -0.872354 17.333526 -20.832745 0.096421 0.713741 -0.644522 0.256647
4322.000000 -0.674550 17.303629 -20.643387 0.099437 0.712247 -0.644323 0.260124
4323.000000 -0.602663 17.341677 -20.409256 0.100730 0.712304 -0.643602 0.261253
4324.000000 -0.572385 17.421330 -20.136880 0.101539 0.713337 -0.642254 0.261439
4325.000000 -0.503879 17.513189 -19.837731 0.103201 0.714602 -0.640243 0.262264
4326.000000 -0.357701 17.621693 -19.525175 0.106485 0.715523 -0.637660 0.264722
4327.000000 -0.145692 17.762863 -19.201589 0.111183 0.716025 -0.634641 0.268660
4328.000000 0.091064 17.897467 -18.861291 0.116286 0.716593 -0.631267 0.272897
4329.000000 0.279887 18.057687 -18.493469 0.120614 0.717952 -0.627565 0.275969
4330.000000 0.366475 18.238842 -18.093213 0.123437 0.720596 -0.623548 0.276935
4331.000000 0.349588 18.456231 -17.661625 0.124698 0.724540 -0.619254 0.275712
4332.000000 0.255745 18.685638 -17.204821 0.124795 0.729441 -0.614741 0.272829
4333.000000 0.118967 18.916562 -16.728620 0.124190 0.734927 -0.610039 0.268906
4334.000000 -0.044685 19.166712 -16.231189 0.123168 0.740850 -0.605086 0.264276
4335.000000 -0.226564 19.422952 -15.703320 0.121839 0.747297 -0.599697 0.258971
4336.000000 -0.425710 19.703649 -15.132366 0.120283 0.754406 -0.593645 0.252961
4337.000000 -0.625277 19.992605 -14.512629 0.118647 0.762159 -0.586802 0.246374
4338.000000 -0.824492 20.296883 -13.847773 0.117079 0.770361 -0.579217 0.239467
4339.000000 -1.021808 20.605534 -13.147872 0.115612 0.778789 -0.571059 0.232408
4340.000000 -1.216262 20.909810 -12.417890 0.114124 0.787377 -0.562443 0.225101
4341.000000 -1.403577 21.211901 -11.648420 0.112396 0.796312 -0.553258 0.217165
4342.000000 -1.611836 21.517334 -10.810546 0.110160 0.806027 -0.543084 0.207956
4343.000000 -1.849053 21.842733 -9.860208 0.107054 0.817089 -0.531287 0.196565
4344.000000 -2.121642 22.185322 -8.757533 0.102626 0.829896 -0.517326 0.181971
4345.000000 -2.430252 22.519642 -7.496674 0.096541 0.844202 -0.501236 0.163602
4346.000000 -2.716620 22.810139 -6.146611 0.088937 0.858790 -0.484111 0.142151
4347.000000 -2.931866 23.022398 -4.856605 0.080614 0.871727 -0.468192 0.119956
4348.000000 -3.084232 23.143523 -3.807710 0.072791 0.881164 -0.456277 0.100311
4349.000000 -3.199770 23.205553 -3.142506 0.066579 0.886103 -0.450547 0.085998
4350.000000 -3.257408 23.222036 -2.896710 0.062546 0.886630 -0.451529 0.078080
4351.000000 -3.283589 23.200074 -2.992812 0.060611 0.883683 -0.457913 0.075801
4352.000000 -3.280600 23.138472 -3.285305 0.060300 0.878652 -0.467267 0.077432
4353.000000 -3.261483 23.070904 -3.627915 0.061096 0.872964 -0.477069 0.081275
4354.000000 -3.225570 22.996323 -3.909789 0.062644 0.867744 -0.485458 0.086173
4355.000000 -3.176901 22.940307 -4.075460 0.064736 0.863632 -0.491508 0.091478
4356.000000 -3.139733 22.898342 -4.116614 0.067206 0.860776 -0.495147 0.096840
4357.000000 -3.097547 22.875089 -4.057886 0.069905 0.858950 -0.496885 0.102098
4358.000000 -3.042727 22.864977 -3.938413 0.072738 0.857739 -0.497478 0.107278
4359.000000 -3.000181 22.859303 -3.796730 0.075687 0.856725 -0.497623 0.112539
4360.000000 -2.958016 22.854810 -3.658166 0.078762 0.855628 -0.497761 0.118030
4361.000000 -2.919873 22.849222 -3.528791 0.081950 0.854375 -0.498007 0.123763
4362.000000 -2.868646 22.845007 -3.397446 0.085217 0.853084 -0.498181 0.129619
4363.000000 -2.833240 22.841474 -3.245816 0.088541 0.851964 -0.497970 0.135441
4364.000000 -2.791750 22.845183 -3.062036 0.091899 0.851160 -0.497163 0.141105
4365.000000 -2.754585 22.847706 -2.848353 0.095228 0.850646 -0.495846 0.146526
4366.000000 -2.727991 22.843861 -2.629922 0.098424 0.850210 -0.494420 0.151677
4367.000000 -2.701739 22.852011 -2.431132 0.101405 0.849525 -0.493442 0.156648
4368.000000 -2.671875 22.851563 -2.284205 0.104174 0.848253 -0.493431 0.161681
4369.000000 -2.649221 22.841165 -2.209565 0.106801 0.846140 -0.494702 0.167066
4370.000000 -2.625246 22.825894 -2.208719 0.109337 0.843144 -0.497248 0.172910
4371.000000 -2.601245 22.810921 -2.257943 0.111736 0.839534 -0.500674 0.178950
4372.000000 -2.578693 22.794946 -2.312454 0.113848 0.835867 -0.504278 0.184577
4373.000000 -2.557548 22.779560 -2.327270 0.115459 0.832751 -0.507392 0.189070
4374.000000 -2.542201 22.757965 -2.284549 0.116318 0.830491 -0.509835 0.191893
4375.000000 -2.536415 22.745148 -2.213281 0.116150 0.828828 -0.512201 0.192882
4376.000000 -2.540892 22.724428 -2.182520 0.114684 0.826980 -0.515742 0.192254
4377.000000 -2.546870 22.695785 -2.272222 0.111720 0.823978 -0.521838 0.190430
4378.000000 -2.568468 22.658552 -2.531621 0.107164 0.819149 -0.531296 0.187710
4379.000000 -2.597023 22.592419 -2.947258 0.100969 0.812529 -0.543847 0.183934
4380.000000 -2.651586 22.500697 -3.437045 0.093026 0.805033 -0.558097 0.178313
4381.000000 -2.743705 22.400499 -3.875467 0.083078 0.798224 -0.571984 0.169620
4382.000000 -2.873899 22.305394 -4.140891 0.070804 0.793680 -0.583522 0.156716
4383.000000 -3.042737 22.223745 -4.164958 0.056100 0.792216 -0.591496 0.139205
4384.000000 -3.253765 22.194146 -3.957396 0.039434 0.793394 -0.595871 0.117935
4385.000000 -3.442326 22.170157 -3.615145 0.022030 0.795696 -0.597787 0.095038
4386.000000 -3.617052 22.164457 -3.260340 0.005638 0.797279 -0.599110 0.073357
4387.000000 -3.729196 22.135583 -3.017198 -0.008066 0.796794 -0.601650 0.055417
4388.000000 -3.845919 22.117806 -2.970581 -0.018128 0.793771 -0.606458 0.042505
4389.000000 -3.914099 22.074008 -3.101961 -0.024644 0.788468 -0.613620 0.034357
4390.000000 -3.948158 22.001904 -3.358742 -0.028622 0.781474 -0.622582 0.029500
4391.000000 -3.981580 21.915596 -3.692272 -0.031524 0.773362 -0.632647 0.025980
4392.000000 -4.016822 21.814138 -4.066111 -0.034676 0.764438 -0.643383 0.022135
4393.000000 -4.066586 21.696499 -4.482889 -0.038737 0.754507 -0.654922 0.017184
4394.000000 -4.117597 21.536117 -4.993634 -0.043479 0.742733 -0.668078 0.011390
4395.000000 -4.165063 21.299923 -5.675860 -0.048011 0.727922 -0.683953 0.005698
4396.000000 -4.239042 20.984825 -6.561125 -0.051322 0.709328 -0.703007 0.001085
4397.000000 -4.273842 20.591975 -7.606720 0.052779 -0.687522 0.724241 0.001890
4398.000000 -4.264249 20.119820 -8.681247 0.052251 -0.664526 0.745430 0.003093
4399.000000 -4.210199 19.602066 -9.641872 0.049893 -0.642814 0.764391 0.002600
4400.000000 -4.110683 19.099534 -10.427420 0.045860 -0.623782 0.780251 0.000539
4401.000000 -3.962726 18.637383 -11.082714 0.040223 -0.606928 0.793733 -0.002927
4402.000000 -3.762358 18.175312 -11.703317 0.033073 -0.590364 0.806424 -0.007565
4403.000000 -3.510488 17.655986 -12.370314 0.024664 -0.572120 0.819695 -0.013056
4404.000000 -3.223346 17.037523 -13.107151 0.015483 -0.551247 0.833982 -0.019002
4405.000000 -2.917918 16.330342 -13.873645 0.006210 -0.528215 0.848721 -0.024950
4406.000000 -2.605135 15.576423 -14.591073 -0.002428 -0.504684 0.862763 -0.030456
4407.000000 -2.326731 14.844385 -15.180111 -0.009841 -0.482876 0.874927 -0.035175
4408.000000 -2.093680 14.232460 -15.595587 -0.015751 -0.464664 0.884490 -0.038942
4409.000000 -1.916098 13.758578 -15.844786 -0.020285 -0.450583 0.891523 -0.041832
4410.000000 -1.759719 13.327949 -15.993319 -0.023916 -0.439248 0.896961 -0.044156
4411.000000 -1.621085 12.936139 -16.127975 -0.027262 -0.427743 0.902299 -0.046356
4412.000000 -1.473551 12.425371 -16.337642 -0.030799 -0.413044 0.908880 -0.048812
4413.000000 -1.300516 11.756244 -16.647563 -0.034657 -0.393740 0.917115 -0.051651
4414.000000 -1.109691 10.963417 -17.007692 -0.038617 -0.370938 0.926241 -0.054695
4415.000000 -0.928272 10.144507 -17.332761 -0.042381 -0.347630 0.934898 -0.057641
4416.000000 -0.746174 9.394051 -17.557483 -0.046020 -0.326826 0.942034 -0.060333
4417.000000 -0.542202 8.765868 -17.671801 -0.050319 -0.309903 0.947346 -0.062955
4418.000000 -0.270956 8.263262 -17.700126 -0.056721 -0.296488 0.951065 -0.065976
4419.000000 0.117740 7.907156 -17.663066 -0.066690 -0.285690 0.953443 -0.069853
4420.000000 0.642604 7.650931 -17.563068 -0.080689 -0.277152 0.954515 -0.074676
4421.000000 1.249980 7.477590 -17.399232 -0.097403 -0.270752 0.954360 -0.080015
4422.000000 1.836703 7.316301 -17.196426 -0.113855 -0.265503 0.953571 -0.085132
4423.000000 2.303050 7.116736 -17.009118 -0.126598 -0.259159 0.953318 -0.089410
4424.000000 2.583630 6.805296 -16.894280 -0.133382 -0.249258 0.954720 -0.092684
4425.000000 2.680208 6.330032 -16.866899 -0.134307 -0.234784 0.958001 -0.095243
4426.000000 2.664936 5.727458 -16.884573 -0.131777 -0.217017 0.962302 -0.097537
4427.000000 2.646430 5.106340 -16.881405 -0.129300 -0.198914 0.966302 -0.099874
4428.000000 2.713730 4.583441 -16.811295 -0.129766 -0.183545 0.969023 -0.102308
4429.000000 2.892081 4.220572 -16.663292 -0.134172 -0.172650 0.970169 -0.104701
4430.000000 3.145094 4.020120 -16.453236 -0.141417 -0.166111 0.970047 -0.106854
4431.000000 3.407762 3.924940 -16.211680 -0.149171 -0.162422 0.969313 -0.108623
4432.000000 3.615230 3.845461 -15.972474 -0.155192 -0.159663 0.968673 -0.109979
4433.000000 3.732188 3.760665 -15.760268 -0.158267 -0.156350 0.968599 -0.111004
4434.000000 3.759527 3.625332 -15.581011 -0.158334 -0.151697 0.969231 -0.111844
4435.000000 3.708629 3.413224 -15.431608 -0.155913 -0.145289 0.970511 -0.112654
4436.000000 3.600113 3.127010 -15.307977 -0.151460 -0.136632 0.972363 -0.113589
4437.000000 3.451440 2.766135 -15.206360 -0.145157 -0.125176 0.974725 -0.114764
4438.000000 3.262728 2.308912 -15.117017 -0.137200 -0.110997 0.977424 -0.116182
4439.000000 3.051278 1.814744 -15.021273 -0.128172 -0.095627 0.980093 -0.117662
4440.000000 2.835839 1.410928 -14.905309 -0.119035 -0.082037 0.982330 -0.118863
4441.000000 2.621967 1.126671 -14.761146 -0.110682 -0.073363 0.983919 -0.119456
4442.000000 2.410475 1.014308 -14.593811 -0.103446 -0.071082 0.984890 -0.119324
4443.000000 2.223057 1.053744 -14.411938 -0.097053 -0.074024 0.985408 -0.118629
4444.000000 2.038477 1.164005 -14.221342 -0.091063 -0.079025 0.985701 -0.117714
4445.000000 1.864961 1.258538 -14.027833 -0.085322 -0.082682 0.986007 -0.116938
4446.000000 1.724146 1.255436 -13.837546 -0.080003 -0.082974 0.986479 -0.116511
4447.000000 1.607833 1.158962 -13.651225 -0.075262 -0.079837 0.987119 -0.116440
4448.000000 1.496709 1.016218 -13.465558 -0.070977 -0.074670 0.987824 -0.116574
4449.000000 1.403517 0.868441 -13.276878 -0.066856 -0.069308 0.988484 -0.116733
4450.000000 1.318326 0.741296 -13.084039 -0.062759 -0.065107 0.989030 -0.116801
4451.000000 1.232903 0.656568 -12.887323 -0.058814 -0.062520 0.989444 -0.116761
4452.000000 1.143380 0.615460 -12.687700 -0.055216 -0.061202 0.989746 -0.116651
4453.000000 1.056405 0.583997 -12.486073 -0.051999 -0.060398 0.989985 -0.116527
4454.000000 0.992893 0.548788 -12.283328 -0.049038 -0.059352 0.990211 -0.116428
4455.000000 0.932565 0.500475 -12.080538 -0.046154 -0.057615 0.990459 -0.116370
4456.000000 0.868256 0.438246 -11.877967 -0.043111 -0.055208 0.990736 -0.116339
4457.000000 0.791281 0.370266 -11.675622 -0.039572 -0.052548 0.991034 -0.116294
4458.000000 0.696695 0.305040 -11.473347 -0.035268 -0.050090 0.991335 -0.116202
4459.000000 0.595869 0.241937 -11.270742 -0.030379 -0.047876 0.991621 -0.116070
4460.000000 0.511832 0.169898 -11.067179 -0.025681 -0.045351 0.991886 -0.115954
4461.000000 0.447686 0.081088 -10.861351 -0.022097 -0.041655 0.992139 -0.115918
4462.000000 0.407610 -0.034063 -10.652683 -0.019941 -0.036201 0.992391 -0.115982
4463.000000 0.385182 -0.176761 -10.441369 -0.018556 -0.029117 0.992637 -0.116103
4464.000000 0.362542 -0.334600 -10.227970 -0.016750 -0.021266 0.992854 -0.116222
4465.000000 0.327885 -0.487058 -10.013674 -0.013614 -0.013934 0.993023 -0.116301
4466.000000 0.261143 -0.604712 -9.799808 -0.008945 -0.008433 0.993134 -0.116333
4467.000000 0.151188 -0.664737 -9.587684 -0.002999 -0.005767 0.993190 -0.116327
4468.000000 0.019697 -0.670368 -9.378602 0.003961 -0.006434 0.993185 -0.116299
4469.000000 -0.125363 -0.629520 -9.172005 0.011722 -0.010350 0.993095 -0.116263
4470.000000 -0.276758 -0.532216 -8.965148 0.019699 -0.016890 0.992883 -0.116231
4471.000000 -0.406195 -0.403609 -8.756481 0.026563 -0.024977 0.992554 -0.116223
4472.000000 -0.480992 -0.278973 -8.547747 0.030494 -0.033231 0.992191 -0.116283
4473.000000 -0.492700 -0.169292 -8.340646 0.030054 -0.040215 0.991924 -0.116471
4474.000000 -0.435090 -0.086531 -8.136058 0.025100 -0.044827 0.991825 -0.116805
4475.000000 -0.324995 -0.034815 -7.932755 0.017073 -0.046661 0.991861 -0.117232
4476.000000 -0.199816 -0.022698 -7.727523 0.008450 -0.046117 0.991948 -0.117650
4477.000000 -0.093943 -0.041710 -7.519103 0.001696 -0.044183 0.992034 -0.117960
4478.000000 -0.037845 -0.064803 -7.309312 -0.001690 -0.041982 0.992111 -0.118113
4479.000000 -0.030222 -0.082512 -7.099146 -0.001633 -0.040281 0.992181 -0.118120
4480.000000 -0.052525 -0.104778 -6.888551 0.000720 -0.039175 0.992236 -0.118033
4481.000000 -0.083679 -0.129897 -6.677638 0.003670 -0.038162 0.992282 -0.117922
4482.000000 -0.109559 -0.152788 -6.466774 0.005775 -0.036626 0.992340 -0.117844
4483.000000 -0.121167 -0.173424 -6.256109 0.006384 -0.034413 0.992418 -0.117819
4484.000000 -0.112999 -0.196945 -6.045393 0.005659 -0.032055 0.992499 -0.117838
4485.000000 -0.094660 -0.212502 -5.834930 0.004145 -0.030504 0.992550 -0.117882
4486.000000 -0.072772 -0.210789 -5.625161 0.002212 -0.030667 0.992545 -0.117939
4487.000000 -0.047437 -0.185703 -5.416449 -0.000288 -0.033198 0.992458 -0.118008
4488.000000 -0.016250 -0.129389 -5.208438 -0.003913 -0.038651 0.992242 -0.118097
4489.000000 0.022614 -0.037197 -4.999873 -0.009123 -0.047591 0.991806 -0.118209
4490.000000 0.066239 0.086326 -4.788709 -0.015682 -0.060229 0.991023 -0.118319
4491.000000 0.105236 0.225325 -4.573110 -0.022461 -0.075694 0.989826 -0.118363
4492.000000 0.129904 0.352935 -4.353773 -0.027932 -0.091710 0.988343 -0.118267
4493.000000 0.145973 0.442794 -4.134453 -0.031057 -0.105311 0.986923 -0.118020
4494.000000 0.155799 0.532183 -3.916457 -0.031846 -0.114295 0.985935 -0.117707
4495.000000 0.154658 0.583543 -3.703490 -0.031075 -0.118317 0.985517 -0.117434
4496.000000 0.135597 0.588670 -3.493973 -0.029499 -0.118764 0.985536 -0.117231
4497.000000 0.112623 0.576232 -3.286051 -0.027388 -0.117606 0.985759 -0.117037
4498.000000 0.101633 0.567362 -3.078599 -0.024776 -0.116211 0.986022 -0.116796
4499.000000 0.098889 0.552524 -2.871149 -0.021993 -0.114950 0.986268 -0.116530
4500.000000 0.090799 0.543782 -2.663405 -0.019755 -0.113563 0.986499 -0.116329
4501.000000 0.082483 0.539899 -2.455879 -0.018713 -0.111687 0.986740 -0.116276
4502.000000 0.078070 0.532833 -2.248654 -0.019024 -0.109027 0.987017 -0.116396
4503.000000 0.079885 0.514551 -2.041741 -0.020474 -0.105278 0.987363 -0.116670
4504.000000 0.093381 0.493644 -1.835926 -0.022988 -0.100199 0.987786 -0.117094
4505.000000 0.117529 0.483481 -1.630676 -0.026994 -0.093994 0.988223 -0.117694
4506.000000 0.128808 0.475343 -1.424322 -0.033377 -0.087610 0.988518 -0.118501
4507.000000 0.142134 0.470120 -1.215790 -0.043419 -0.082382 0.988453 -0.119538
4508.000000 0.171069 0.460961 -1.002326 -0.059159 -0.078939 0.987752 -0.120892
4509.000000 0.200955 0.458706 -0.783121 -0.083856 -0.076077 0.985949 -0.122822
4510.000000 0.231349 0.445396 -0.557601 -0.121404 -0.070704 0.982061 -0.125768
4511.000000 0.246057 0.434225 -0.327925 -0.173793 -0.059473 0.974341 -0.130070
4512.000000 0.220151 0.448154 -0.103459 -0.237606 -0.041347 0.960982 -0.135454
4513.000000 0.138456 0.479391 0.102765 -0.302717 -0.019237 0.942411 -0.140904
4514.000000 0.035806 0.504449 0.289139 -0.355891 0.000976 0.923171 -0.145246
4515.000000 0.008899 0.508081 0.489354 -0.387422 0.013784 0.909876 -0.147786
4516.000000 -0.005705 0.505429 0.535378 -0.372113 0.003168 0.898781 -0.231767
4517.000000 -0.228849 0.387243 0.284010 -0.253690 -0.051242 0.800160 -0.541072
4518.000000 -0.301603 0.116164 0.116421 0.104221 0.099382 -0.603616 0.784162
4519.000000 -0.294264 0.135571 -0.266884 0.092523 0.095882 -0.605225 0.784824
4520.000000 -0.307655 0.203160 -0.669837 0.068519 0.089377 -0.608260 0.785708
4521.000000 -0.324633 0.220679 -1.077356 0.036375 0.082216 -0.611701 0.785964
4522.000000 -0.322922 0.209110 -1.483205 0.003529 0.077362 -0.614414 0.785174
4523.000000 -0.340461 0.150033 -1.888335 -0.023558 0.076399 -0.615941 0.783725
4524.000000 -0.396584 0.119088 -2.292257 -0.041933 0.078815 -0.616478 0.782294
4525.000000 -0.414989 0.107143 -2.695771 -0.051985 0.082683 -0.616458 0.781307
4526.000000 -0.435118 0.082897 -3.102070 -0.055684 0.085747 -0.616277 0.780864
4527.000000 -0.426622 0.094763 -3.511746 -0.055003 0.086107 -0.616218 0.780919
4528.000000 -0.370624 0.098188 -3.924451 -0.051385 0.082508 -0.616436 0.781382
4529.000000 -0.286617 0.069437 -4.337566 -0.045967 0.074631 -0.616943 0.782111
4530.000000 -0.207310 0.059097 -4.752956 -0.039921 0.063396 -0.617623 0.782898
4531.000000 -0.101979 0.035334 -5.167225 -0.034455 0.050871 -0.618299 0.783537
4532.000000 -0.008720 -0.002739 -5.578231 -0.030512 0.039559 -0.618838 0.783928
4533.000000 0.063546 -0.037815 -5.988141 -0.028489 0.031340 -0.619190 0.784098
4534.000000 0.114061 -0.057343 -6.397644 -0.028260 0.026707 -0.619378 0.784129
4535.000000 0.123669 -0.084583 -6.807445 -0.029437 0.024708 -0.619459 0.784087
4536.000000 0.117424 -0.136925 -7.217471 -0.031531 0.023572 -0.619504 0.784006
4537.000000 0.128580 -0.190678 -7.626892 -0.033806 0.021666 -0.619573 0.783911
4538.000000 0.171698 -0.218588 -8.034619 -0.035103 0.018322 -0.619696 0.783843
4539.000000 0.236067 -0.210189 -8.441505 -0.034128 0.014171 -0.619861 0.783841
4540.000000 0.305065 -0.194176 -8.849212 -0.030245 0.010797 -0.620020 0.783929
4541.000000 0.368590 -0.127344 -9.257391 -0.024139 0.009925 -0.620106 0.784084
4542.000000 0.381514 -0.008905 -9.666537 -0.017620 0.012594 -0.620070 0.784248
4543.000000 0.344038 0.119534 -10.076416 -0.012578 0.018767 -0.619912 0.784346
4544.000000 0.250048 0.268450 -10.486654 -0.009914 0.027472 -0.619669 0.784320
4545.000000 0.115882 0.422143 -10.895429 -0.009283 0.037223 -0.619380 0.784153
4546.000000 -0.045269 0.515975 -11.300698 -0.009736 0.046322 -0.619087 0.783894
4547.000000 -0.165198 0.587526 -11.706247 -0.010590 0.052875 -0.618866 0.783644
4548.000000 -0.201239 0.580331 -12.115484 -0.011848 0.054682 -0.618837 0.783525
4549.000000 -0.117150 0.429627 -12.531005 -0.014023 0.049360 -0.619113 0.783624
4550.000000 0.134566 0.122730 -12.947076 -0.017667 0.034927 -0.619680 0.783878
4551.000000 0.536426 -0.362574 -13.343002 -0.022957 0.010686 -0.620294 0.783961
4552.000000 1.085531 -1.040408 -13.683196 -0.029430 -0.022018 -0.620525 0.783325
4553.000000 1.785929 -1.799591 -13.936349 -0.035959 -0.059736 -0.620011 0.781489
4554.000000 2.487921 -2.490734 -14.103600 -0.041051 -0.097833 -0.618736 0.778402
4555.000000 3.161978 -3.098153 -14.231523 -0.043452 -0.132181 -0.617079 0.774502
4556.000000 3.789719 -3.609586 -14.362873 -0.042761 -0.160730 -0.615513 0.770377
4557.000000 4.390072 -3.953404 -14.513436 -0.039659 -0.184008 -0.614235 0.766344
4558.000000 4.905723 -4.226371 -14.670162 -0.035638 -0.204213 -0.613037 0.762373
4559.000000 5.405338 -4.515077 -14.812317 -0.032431 -0.223558 -0.611482 0.758327
4560.000000 5.866542 -4.895545 -14.925184 -0.031443 -0.242990 -0.609205 0.754212
4561.000000 6.237215 -5.252921 -15.018185 -0.033373 -0.262069 -0.606095 0.750236
4562.000000 6.565803 -5.678874 -15.113671 -0.038143 -0.279813 -0.602282 0.746663
4563.000000 6.832159 -6.204541 -15.221273 -0.045124 -0.295639 -0.597990 0.743619
4564.000000 6.994915 -6.657460 -15.342170 -0.053489 -0.309656 -0.593410 0.741024
4565.000000 7.131277 -7.129370 -15.470375 -0.062474 -0.322313 -0.588685 0.738689
4566.000000 7.243952 -7.565365 -15.603854 -0.071431 -0.333952 -0.583964 0.736451
4567.000000 7.345577 -8.011277 -15.742200 -0.079778 -0.344766 -0.579425 0.734193
4568.000000 7.479769 -8.392987 -15.881878 -0.086984 -0.355120 -0.575215 0.731745
4569.000000 7.645791 -8.744499 -16.008126 -0.092581 -0.365843 -0.571398 0.728760
4570.000000 7.908572 -9.125753 -16.089953 -0.096095 -0.378168 -0.567961 0.724689
4571.000000 8.322105 -9.458316 -16.097149 -0.096933 -0.393270 -0.564919 0.718894
4572.000000 8.874035 -9.774345 -16.007057 -0.094407 -0.411656 -0.562399 0.710869
4573.000000 9.581671 -10.027631 -15.817270 -0.088103 -0.432771 -0.560584 0.700495
4574.000000 10.383260 -10.240445 -15.552520 -0.078479 -0.455119 -0.559496 0.688239
4575.000000 11.169679 -10.434268 -15.254354 -0.067225 -0.476874 -0.558765 0.675169
4576.000000 11.874650 -10.594761 -14.969923 -0.056926 -0.496661 -0.557623 0.662679
4577.000000 12.447146 -10.809835 -14.728794 -0.050070 -0.514065 -0.555151 0.651949
4578.000000 12.884450 -11.097245 -14.529799 -0.047955 -0.529567 -0.550679 0.643438
4579.000000 13.216935 -11.481883 -14.349602 -0.050173 -0.543968 -0.544154 0.636772
4580.000000 13.460622 -11.881777 -14.171101 -0.054933 -0.557722 -0.536294 0.631124
4581.000000 13.677842 -12.245367 -14.001996 -0.059990 -0.570673 -0.528356 0.625758
4582.000000 13.884471 -12.573348 -13.874308 -0.063623 -0.582350 -0.521554 0.620324
4583.000000 14.125960 -12.855237 -13.805193 -0.065144 -0.592490 -0.516492 0.614774
4584.000000 14.352328 -13.042348 -13.793727 -0.064788 -0.601280 -0.513036 0.609146
4585.000000 14.582881 -13.156417 -13.818760 0.063242 0.609159 0.510624 -0.603481
4586.000000 14.816034 -13.222522 -13.860409 0.061241 0.616448 0.508679 -0.597902
4587.000000 15.025996 -13.381177 -13.929336 0.059380 0.623130 0.506846 -0.592697
4588.000000 15.200168 -13.473647 -14.044585 0.058023 0.628837 0.505079 -0.588296
4589.000000 15.331354 -13.532019 -14.236789 0.057223 0.632971 0.503650 -0.585158
4590.000000 15.376049 -13.519487 -14.539230 0.056789 0.634926 0.503005 -0.583636
4591.000000 15.377979 -13.518070 -14.977270 0.056558 0.634406 0.503410 -0.583874
4592.000000 15.275583 -13.487322 -15.530839 0.056703 0.631672 0.504620 -0.585776
4593.000000 15.134814 -13.394180 -16.157687 0.057752 0.627520 0.505888 -0.589033
4594.000000 14.923372 -13.359691 -16.797235 0.060322 0.623022 0.506289 -0.593191
4595.000000 14.671837 -13.410271 -17.394627 0.064841 0.619217 0.505057 -0.597731
4596.000000 14.412720 -13.592988 -17.905447 0.071435 0.616874 0.501759 -0.602164
4597.000000 14.149831 -13.868090 -18.311860 0.079937 0.616310 0.496348 -0.606144
4598.000000 13.896821 -14.243670 -18.620951 0.089898 0.617256 0.489206 -0.609582
4599.000000 13.647406 -14.675702 -18.870029 0.100655 0.618917 0.481082 -0.612675
4600.000000 13.373508 -15.108861 -19.111757 0.111489 0.620281 0.472859 -0.615813
4601.000000 13.075901 -15.529416 -19.396324 0.121867 0.620532 0.465229 -0.619395
4602.000000 12.744431 -15.862977 -19.744842 -0.131576 -0.619299 -0.458483 0.623658
4603.000000 12.364270 -16.153018 -20.157863 -0.140704 -0.616638 -0.452532 0.628630
4604.000000 11.945984 -16.424979 -20.616312 -0.149491 -0.612827 -0.447088 0.634199
4605.000000 11.480666 -16.639624 -21.102543 -0.158175 -0.608141 -0.441868 0.640233
4606.000000 10.972300 -16.871490 -21.605459 -0.166909 -0.602702 -0.436696 0.646675
4607.000000 10.421384 -17.087443 -22.124515 -0.175799 -0.596402 -0.431494 0.653614
4608.000000 9.783991 -17.267878 -22.668513 -0.185002 -0.588872 -0.426192 0.661335
4609.000000 9.030294 -17.474355 -23.249959 -0.194802 -0.579514 -0.420638 0.670283
4610.000000 8.098272 -17.635550 -23.869263 -0.205549 -0.567688 -0.414586 0.680881
4611.000000 6.978900 -17.789449 -24.510527 -0.217481 -0.553049 -0.407768 0.693227
4612.000000 5.695864 -17.967941 -25.131493 -0.230599 -0.535920 -0.399984 0.706843
4613.000000 4.314504 -18.164848 -25.670980 -0.244730 -0.517410 -0.391140 0.720696
4614.000000 2.875883 -18.472250 -26.074959 -0.259742 -0.499141 -0.381223 0.733526
4615.000000 1.527399 -18.899177 -26.296809 -0.275690 -0.482690 -0.370250 0.744258
4616.000000 0.321680 -19.474105 -26.317717 -0.292733 -0.469107 -0.358280 0.752251
4617.000000 -0.734763 -20.236561 -26.144971 -0.310868 -0.458752 -0.345491 0.757327
4618.000000 -1.603196 -21.102740 -25.807836 -0.329690 -0.451432 -0.332264 0.759680
4619.000000 -2.325208 -22.015808 -25.366101 -0.348352 -0.446651 -0.319213 0.759774
4620.000000 -2.865223 -22.919333 -24.896724 -0.365744 -0.443812 -0.307088 0.758260
4621.000000 -3.279574 -23.700794 -24.485233 -0.380796 -0.442330 -0.296611 0.755884
4622.000000 -3.562685 -24.325014 -24.204504 -0.392767 -0.441673 -0.288282 0.753360
4623.000000 -3.761503 -24.798661 -24.097401 -0.401402 -0.441395 -0.282259 0.751250
4624.000000 -3.884881 -25.094588 -24.169989 -0.406914 -0.441178 -0.278376 0.749860
4625.000000 -3.962584 -25.248097 -24.402199 -0.409830 -0.440908 -0.276269 0.749210
4626.000000 -3.992989 -25.292394 -24.755674 -0.410778 -0.440669 -0.275538 0.749101
4627.000000 -3.975895 -25.271169 -25.197187 -0.410290 -0.440628 -0.275865 0.749272
4628.000000 -3.928353 -25.175975 -25.707675 -0.408654 -0.440846 -0.277067 0.749594
4629.000000 -3.858654 -25.011325 -26.288613 -0.405851 -0.441155 -0.279105 0.750179
4630.000000 -3.750670 -24.737177 -26.959395 -0.401602 -0.441227 -0.282071 0.751312
4631.000000 -3.635846 -24.354383 -27.740637 -0.395556 -0.440782 -0.286121 0.753247
4632.000000 -3.501719 -23.808331 -28.634447 -0.387562 -0.439800 -0.291333 0.755974
4633.000000 -3.337660 -23.144503 -29.606631 -0.377967 -0.438613 -0.297529 0.759102
4634.000000 -3.111746 -22.438425 -30.584854 -0.367788 -0.437806 -0.304139 0.761943
4635.000000 -2.853989 -21.840401 -31.475299 -0.358617 -0.437890 -0.310205 0.763819
4636.000000 -2.603331 -21.439756 -32.199050 -0.352225 -0.438747 -0.314551 0.764524
4637.000000 -2.533224 -21.293983 -32.712226 -0.350051 -0.439125 -0.316037 0.764693
4638.000000 -2.823187 -21.422991 -33.013859 -0.352880 -0.436683 -0.313746 0.765733
4639.000000 -3.663995 -21.746892 -33.108403 -0.360874 -0.428901 -0.307057 0.769110
4640.000000 -5.125404 -22.306629 -32.967234 -0.373760 -0.414488 -0.295711 0.775279
4641.000000 -7.028907 -23.028150 -32.517814 -0.390946 -0.394370 -0.280012 0.783088
4642.000000 -9.130687 -23.938795 -31.699807 -0.411487 -0.371465 -0.261063 0.790277
4643.000000 -11.201175 -25.021818 -30.563176 -0.433961 -0.349290 -0.240698 0.794820
4644.000000 -12.927171 -26.152051 -29.255929 -0.456385 -0.330292 -0.221020 0.796097
4645.000000 -14.276873 -27.205305 -28.020828 -0.476270 -0.315058 -0.203842 0.795207
4646.000000 -15.305537 -27.900921 -27.106083 -0.490954 -0.302698 -0.190379 0.794414
4647.000000 -16.076661 -28.159635 -26.725676 -0.498208 -0.291837 -0.181214 0.796104
4648.000000 -16.733551 -27.926417 -26.980648 -0.496885 -0.281420 -0.176353 0.801753
4649.000000 -17.246381 -27.173399 -27.828278 -0.487275 -0.271012 -0.175295 0.811411
4650.000000 -17.665049 -25.962854 -29.110986 -0.470937 -0.260670 -0.177167 0.823943
4651.000000 -18.068086 -24.417267 -30.625843 -0.450064 -0.250665 -0.180970 0.837770
4652.000000 -18.360652 -22.639285 -32.206385 -0.426731 -0.241237 -0.185833 0.851570
4653.000000 -18.594190 -20.752414 -33.739373 -0.402455 -0.232506 -0.191146 0.864543
4654.000000 -18.796262 -18.820547 -35.171718 -0.378164 -0.224490 -0.196542 0.876338
4655.000000 -18.938719 -16.877101 -36.481454 -0.354361 -0.217124 -0.201816 0.886880
4656.000000 -19.075568 -14.969970 -37.664685 -0.331209 -0.210239 -0.206864 0.896274
4657.000000 -19.172096 -13.025355 -38.733959 -0.308531 -0.203590 -0.211672 0.904740
4658.000000 -19.288379 -11.070154 -39.701034 -0.285863 -0.196995 -0.216335 0.912510
4659.000000 -19.346976 -9.042900 -40.589461 -0.262644 -0.190561 -0.221037 0.919700
4660.000000 -19.340212 -6.924309 -41.422513 -0.238470 -0.184844 -0.225997 0.926223
4661.000000 -19.149092 -4.723789 -42.225534 -0.213264 -0.180781 -0.231388 0.931824
4662.000000 -18.702282 -2.482976 -43.019469 -0.187320 -0.179306 -0.237236 0.936205
4663.000000 -17.977676 -0.299858 -43.798293 -0.161296 -0.180800 -0.243350 0.939189
4664.000000 -17.095182 1.807347 -44.538074 -0.136156 -0.184720 -0.249354 0.940831
4665.000000 -16.122422 3.715119 -45.197869 -0.113018 -0.189762 -0.254827 0.941425
4666.000000 -15.195545 5.385735 -45.753909 -0.092819 -0.194471 -0.259477 0.941402
4667.000000 -14.495298 6.820846 -46.206795 -0.075818 -0.197847 -0.263264 0.941170
4668.000000 -13.965853 8.098928 -46.569466 -0.061165 -0.199500 -0.266434 0.940995
4669.000000 -13.590356 9.411241 -46.840805 -0.046910 -0.199391 -0.269453 0.940977
4670.000000 -13.357279 10.970677 -46.991362 -0.030736 -0.197584 -0.272825 0.941054
4671.000000 -13.120046 12.849159 -46.988118 -0.011215 -0.194321 -0.276820 0.941002
4672.000000 -12.884866 14.963342 -46.821933 0.011123 -0.190282 -0.281262 0.940511
4673.000000 -12.590280 17.072191 -46.567456 0.033729 -0.186637 -0.285569 0.939404
4674.000000 -12.242996 18.841648 -46.368834 0.053177 -0.184638 -0.289040 0.937836
4675.000000 -11.827861 20.032162 -46.372162 0.066808 -0.184962 -0.291207 0.936229
4676.000000 -11.432251 20.597066 -46.635418 0.073843 -0.187298 -0.292028 0.934979
4677.000000 -11.102842 20.652266 -47.105579 0.075375 -0.190501 -0.291848 0.934266
4678.000000 -10.919386 20.411242 -47.670521 0.073497 -0.193209 -0.291180 0.934068
4679.000000 -10.894166 20.072268 -48.231568 0.070245 -0.194514 -0.290469 0.934269
4680.000000 -11.007165 19.774083 -48.739907 0.066976 -0.194287 -0.289946 0.934718
4681.000000 -11.202044 19.560743 -49.192784 0.064292 -0.193033 -0.289647 0.935259
4682.000000 -11.411323 19.415930 -49.610109 0.062302 -0.191397 -0.289507 0.935773
4683.000000 -11.612455 19.335560 -50.005555 0.060904 -0.189697 -0.289473 0.936222
4684.000000 -11.844510 19.303276 -50.378428 0.059977 -0.187794 -0.289539 0.936645
4685.000000 -12.081196 19.333960 -50.718751 0.059564 -0.185430 -0.289741 0.937080
4686.000000 -12.320984 19.467840 -51.020449 0.060130 -0.182847 -0.290124 0.937432
4687.000000 -12.373180 19.788012 -51.293478 0.062847 -0.181354 -0.290730 0.937356
4688.000000 -11.941288 20.406441 -51.561079 0.069643 -0.183404 -0.291587 0.936211
4689.000000 -10.623982 21.480092 -51.820312 0.082715 -0.191932 -0.292655 0.933099
4690.000000 -8.188938 23.047825 -51.991021 0.103515 -0.209025 -0.293733 0.926992
4691.000000 -4.700789 25.081765 -51.883050 0.131640 -0.234524 -0.294413 0.917055
4692.000000 -0.481486 27.407515 -51.312278 0.164389 -0.265411 -0.294278 0.903290
4693.000000 3.774107 29.718235 -50.251555 0.197498 -0.296564 -0.293310 0.887138
4694.000000 7.301902 31.770360 -48.941259 0.226794 -0.322547 -0.292170 0.871300
4695.000000 9.711354 33.483667 -47.737942 0.249826 -0.339441 -0.292008 0.858544
4696.000000 10.910059 34.931473 -46.846219 0.266530 -0.345786 -0.293913 0.850299
4697.000000 10.973200 36.230056 -46.239435 0.278725 -0.342503 -0.298407 0.846143
4698.000000 10.354384 37.547311 -45.724645 0.288913 -0.332148 -0.305258 0.844408
4699.000000 9.356205 39.004411 -45.120766 0.299120 -0.317872 -0.313666 0.843267
4700.000000 8.337980 40.566749 -44.330468 0.310278 -0.302414 -0.322641 0.841532
4701.000000 7.431634 42.141606 -43.389372 0.322207 -0.287514 -0.331355 0.838881
4702.000000 6.612771 43.639398 -42.414645 0.333932 -0.273959 -0.339279 0.835659
4703.000000 5.979459 44.905206 -41.560722 0.344069 -0.262133 -0.346056 0.832555
4704.000000 5.433216 45.825872 -41.016735 0.351154 -0.252552 -0.351335 0.830345
4705.000000 5.008875 46.252749 -40.952311 0.353942 -0.245847 -0.354770 0.829712
4706.000000 4.610477 46.188250 -41.469700 0.351726 -0.242245 -0.356258 0.831075
4707.000000 4.244295 45.617121 -42.532924 0.344634 -0.241136 -0.356121 0.834421
4708.000000 3.859106 44.712417 -43.981933 0.333675 -0.241251 -0.355019 0.839297
4709.000000 3.378923 43.494541 -45.614825 0.320403 -0.241305 -0.353636 0.845018
4710.000000 2.752664 42.239556 -47.249799 0.306314 -0.240498 -0.352436 0.850953
4711.000000 2.024241 40.984128 -48.789054 0.292384 -0.238494 -0.351642 0.856726
4712.000000 1.148739 39.823706 -50.195268 0.278981 -0.235159 -0.351335 0.862226
4713.000000 0.159113 38.722676 -51.479860 0.266027 -0.230515 -0.351482 0.867498
4714.000000 -0.930048 37.633220 -52.681837 0.253191 -0.225011 -0.351864 0.872614
4715.000000 -2.005249 36.490541 -53.863872 0.240058 -0.219745 -0.352042 0.877582
4716.000000 -2.943984 35.179687 -55.091411 0.226391 -0.216242 -0.351494 0.882291
4717.000000 -3.567005 33.684409 -56.390111 0.212461 -0.215855 -0.349861 0.886490
4718.000000 -3.769783 32.100570 -57.718619 0.199255 -0.219230 -0.347128 0.889797
4719.000000 -3.443328 30.551523 -58.987044 0.188296 -0.226301 -0.343590 0.891784
4720.000000 -2.544100 29.286669 -60.098139 0.181059 -0.236814 -0.339616 0.892075
4721.000000 -0.989129 28.309841 -61.018408 0.178200 -0.250953 -0.335328 0.890406
4722.000000 1.312068 27.550588 -61.763598 0.179032 -0.269645 -0.330358 0.886624
4723.000000 4.451402 26.743811 -62.385932 0.181547 -0.294299 -0.323820 0.880664
4724.000000 8.484327 25.449832 -62.903150 0.183081 -0.325921 -0.314595 0.872518
4725.000000 13.241068 23.479223 -63.245562 0.181419 -0.363677 -0.302042 0.862320
4726.000000 18.260960 20.920479 -63.292601 0.175917 -0.403555 -0.286986 0.850785
4727.000000 22.465413 18.402836 -63.086240 0.168010 -0.438451 -0.272241 0.839892
4728.000000 25.015439 16.506183 -63.007410 0.160561 -0.460534 -0.261740 0.832839
4729.000000 25.405691 15.725223 -63.456715 0.156072 -0.464839 -0.258349 0.832359
4730.000000 23.585304 16.077393 -64.480292 0.154794 -0.451935 -0.261907 0.838569
4731.000000 20.300358 16.988377 -65.769613 0.154151 -0.428292 -0.269036 0.848778
4732.000000 16.762030 17.429725 -67.053515 0.149842 -0.404146 -0.274742 0.859494
4733.000000 14.203856 16.323544 -68.322302 0.137670 -0.389676 -0.274517 0.868240
4734.000000 13.485078 12.954330 -69.589595 0.115125 -0.391397 -0.265745 0.873461
4735.000000 14.904366 7.271487 -70.532463 0.082502 -0.410386 -0.248250 0.873584
4736.000000 18.113172 0.147091 -70.532815 0.043297 -0.442681 -0.224280 0.867097
4737.000000 22.509091 -7.368646 -69.248518 0.003300 -0.481462 -0.197895 0.853827
4738.000000 27.210429 -13.943614 -66.858437 -0.031514 -0.520093 -0.173593 0.835689
4739.000000 31.642872 -18.842266 -64.022969 -0.057008 -0.554424 -0.154844 0.815713
4740.000000 35.537222 -21.762999 -61.364718 -0.071406 -0.583209 -0.143558 0.796342
4741.000000 38.955529 -22.792893 -59.256563 -0.074331 -0.606930 -0.140646 0.778672
4742.000000 41.983528 -22.010225 -57.830348 -0.065717 -0.626205 -0.146738 0.762900
4743.000000 44.661448 -19.512004 -57.087908 -0.045754 -0.640762 -0.162150 0.749025
4744.000000 46.894467 -15.473974 -56.915841 -0.015858 -0.649386 -0.186066 0.737174
4745.000000 48.495941 -10.345538 -57.129910 0.020327 -0.650727 -0.215769 0.727726
4746.000000 49.245204 -4.870788 -57.613612 0.056987 -0.644364 -0.246834 0.721540
4747.000000 48.938106 0.055890 -58.464156 0.087528 -0.631317 -0.274434 0.720045
4748.000000 47.465218 3.690570 -59.933131 0.106685 -0.613543 -0.295025 0.724668
4749.000000 44.853867 5.663727 -62.165167 0.112283 -0.592903 -0.307392 0.735777
4750.000000 41.262221 6.104660 -64.995302 0.105945 -0.570548 -0.312678 0.751986
4751.000000 36.982281 5.571956 -67.989681 0.092517 -0.547181 -0.313653 0.770490
4752.000000 32.568807 4.881558 -70.691703 0.078399 -0.523660 -0.313671 0.788191
4753.000000 28.556164 4.895558 -72.829209 0.069438 -0.501181 -0.315603 0.802739
4754.000000 25.384052 6.135935 -74.322254 0.069252 -0.480923 -0.321059 0.812920
4755.000000 23.253690 8.693661 -75.177463 0.078585 -0.463613 -0.330126 0.818477
4756.000000 22.145251 12.267180 -75.421630 0.095714 -0.449486 -0.341681 0.819790
4757.000000 21.894228 16.340484 -75.121989 0.117504 -0.438574 -0.354032 0.817623
4758.000000 22.304400 20.366875 -74.413074 0.140621 -0.431000 -0.365546 0.812921
4759.000000 23.208965 23.904139 -73.474223 0.162425 -0.427012 -0.375021 0.806622
4760.000000 24.486448 26.697138 -72.481317 0.181315 -0.426770 -0.381802 0.799512
4761.000000 26.051930 28.683039 -71.568456 0.196590 -0.430085 -0.385727 0.792209
4762.000000 27.736747 29.905256 -70.829129 0.208044 -0.436130 -0.387065 0.785295
4763.000000 29.269261 30.474307 -70.365597 0.215506 -0.443137 -0.386522 0.779607
4764.000000 30.208332 30.542561 -70.337424 0.218544 -0.448272 -0.385246 0.776451
4765.000000 30.049245 30.270587 -70.917920 0.216692 -0.448335 -0.384570 0.777268
4766.000000 28.579026 29.825783 -72.097199 0.210406 -0.441797 -0.385307 0.782358
4767.000000 26.373524 29.385133 -73.487644 0.202352 -0.431439 -0.387014 0.789388
4768.000000 25.511979 29.253696 -74.059789 0.199178 -0.427072 -0.387770 0.792194
4769.000000 27.495289 29.590440 -72.804991 0.206325 -0.436708 -0.386120 0.785893
4770.000000 29.466304 30.057533 -71.447199 0.214002 -0.445846 -0.384755 0.779351
4771.000000 30.291670 30.441163 -70.544717 0.218238 -0.449105 -0.384760 0.776297
4772.000000 29.844514 30.564565 -70.284913 0.217614 -0.446147 -0.385891 0.777615
4773.000000 28.544531 30.260171 -70.554264 0.212294 -0.439668 -0.386966 0.782228
4774.000000 26.891857 29.384948 -71.171709 0.202801 -0.432851 -0.386686 0.788661
4775.000000 25.242220 27.790952 -72.008569 0.189423 -0.428016 -0.384114 0.795850
4776.000000 23.808531 25.400952 -72.974877 0.172295 -0.426423 -0.378769 0.803126
4777.000000 22.704015 22.216114 -73.960502 0.151812 -0.428543 -0.370592 0.809917
4778.000000 22.026013 18.391407 -74.808057 0.129084 -0.434356 -0.359982 0.815528
4779.000000 21.925011 14.280300 -75.333354 0.106243 -0.443624 -0.347866 0.819084
4780.000000 22.580713 10.380517 -75.372936 0.086353 -0.456149 -0.335693 0.819623
4781.000000 24.183251 7.258197 -74.828418 0.072789 -0.471875 -0.325189 0.816264
4782.000000 26.845631 5.350467 -73.656501 0.068134 -0.490716 -0.317851 0.808410
4783.000000 30.477316 4.762370 -71.839299 0.072982 -0.512210 -0.314262 0.795961
4784.000000 34.755196 5.182826 -69.400098 0.085141 -0.535370 -0.313580 0.779613
4785.000000 39.172917 5.905380 -66.504174 0.099729 -0.558946 -0.313495 0.761153
4786.000000 43.171742 6.047703 -63.528377 0.110364 -0.581893 -0.310774 0.743398
4787.000000 46.298649 4.885177 -60.954744 0.111166 -0.603492 -0.302214 0.729456
4788.000000 48.347719 2.069251 -59.105913 0.098753 -0.622891 -0.285741 0.721531
4789.000000 49.233590 -2.291343 -57.977207 0.073407 -0.638563 -0.261336 0.720105
4790.000000 48.988508 -7.598838 -57.336097 0.039015 -0.648477 -0.231444 0.724147
4791.000000 47.793821 -13.012424 -56.985146 0.001771 -0.651025 -0.200442 0.732111
4792.000000 45.843934 -17.664842 -56.941534 -0.031878 -0.645910 -0.173166 0.742831
4793.000000 43.375374 -20.974790 -57.378792 -0.057109 -0.634134 -0.153292 0.755721
4794.000000 40.514931 -22.625873 -58.456115 -0.071469 -0.617114 -0.142532 0.770550
4795.000000 37.301396 -22.505744 -60.229444 -0.074306 -0.595650 -0.141014 0.787270
4796.000000 33.657967 -20.547985 -62.641640 -0.065635 -0.569501 -0.148198 0.805853
4797.000000 29.487106 -16.631747 -65.452918 -0.045586 -0.537933 -0.163371 0.825748
4798.000000 24.863953 -10.824218 -68.151844 -0.015072 -0.501129 -0.185230 0.845182
4799.000000 20.209603 -3.643592 -70.053196 0.023000 -0.461714 -0.211099 0.861237
4800.000000 16.317489 3.822626 -70.683990 0.063393 -0.425264 -0.236850 0.871225
4801.000000 13.933283 10.364374 -70.136446 0.099927 -0.398881 -0.258001 0.874268
4802.000000 13.575193 14.946725 -68.967357 0.127751 -0.388313 -0.271269 0.871382
4803.000000 15.282641 17.118877 -67.684570 0.144951 -0.395177 -0.275589 0.864220
4804.000000 18.469719 17.332072 -66.419100 0.152740 -0.415595 -0.272382 0.854259
4805.000000 22.047385 16.524235 -65.116387 0.154643 -0.440864 -0.265325 0.843402
4806.000000 24.730853 15.776212 -63.912358 0.155133 -0.460259 -0.259407 0.834748
4807.000000 25.497520 15.961017 -63.151052 0.157862 -0.465020 -0.259082 0.831693
4808.000000 23.989456 17.340961 -63.001874 0.164038 -0.451512 -0.266227 0.835675
4809.000000 20.522656 19.619477 -63.201944 0.172102 -0.422139 -0.279333 0.845075
4810.000000 15.787686 22.237275 -63.313206 0.179106 -0.383739 -0.294696 0.856633
4811.000000 10.788047 24.569648 -63.103971 0.182737 -0.344199 -0.308728 0.867653
4812.000000 6.362012 26.174816 -62.659926 0.182600 -0.309229 -0.319606 0.876862
4813.000000 2.768268 27.182395 -62.086988 0.180241 -0.281140 -0.327356 0.883918
4814.000000 0.067105 27.912381 -61.409794 0.178254 -0.259646 -0.332973 0.888785
4815.000000 -1.863568 28.761802 -60.583045 0.179091 -0.243389 -0.337521 0.891497
4816.000000 -3.054439 29.890360 -59.563872 0.184144 -0.231132 -0.341641 0.892161
4817.000000 -3.684603 31.300505 -58.367433 0.193392 -0.222323 -0.345434 0.890981
4818.000000 -3.720984 32.910824 -57.054939 0.205680 -0.217064 -0.348619 0.888281
4819.000000 -3.305530 34.446217 -55.732838 0.219414 -0.215599 -0.350823 0.884476
4820.000000 -2.504572 35.861761 -54.468763 0.233290 -0.217677 -0.351888 0.879981
4821.000000 -1.482261 37.077651 -53.271298 0.246684 -0.222257 -0.352012 0.875121
4822.000000 -0.374243 38.183927 -52.087818 0.259620 -0.227817 -0.351667 0.870073
4823.000000 0.672292 39.270646 -50.850711 0.272464 -0.232987 -0.351360 0.864885
4824.000000 1.612245 40.399706 -49.508155 0.285613 -0.236997 -0.351426 0.859510
4825.000000 2.403560 41.609398 -48.034837 0.299293 -0.239656 -0.351981 0.853872
4826.000000 3.076552 42.864573 -46.440435 0.313385 -0.241038 -0.352995 0.847989
4827.000000 3.633883 44.126546 -44.789161 0.327226 -0.241349 -0.354328 0.842096
4828.000000 4.063933 45.210400 -43.220679 0.339547 -0.241128 -0.355645 0.836709
4829.000000 4.423640 45.951292 -41.940120 0.348745 -0.241449 -0.356356 0.832520
4830.000000 4.807804 46.285416 -41.137241 0.353473 -0.243676 -0.355748 0.830134
4831.000000 5.209866 46.103236 -40.915458 0.353146 -0.248809 -0.353298 0.829797
4832.000000 5.699904 45.412748 -41.238148 0.348079 -0.257021 -0.348907 0.831291
4833.000000 6.277252 44.313001 -41.961334 0.339292 -0.267804 -0.342832 0.834043
4834.000000 7.001718 42.908763 -42.897647 0.328177 -0.280543 -0.335440 0.837303
4835.000000 7.883598 41.355487 -43.871756 0.316194 -0.294828 -0.327070 0.840311
4836.000000 8.823224 39.780676 -44.750612 0.304568 -0.310156 -0.318141 0.842513
4837.000000 9.887255 38.255539 -45.441861 0.293927 -0.325310 -0.309329 0.843858
4838.000000 10.720445 36.878149 -45.984661 0.283922 -0.338014 -0.301578 0.845095
4839.000000 11.055361 35.587874 -46.516924 0.273035 -0.345215 -0.295834 0.847797
4840.000000 10.475395 34.236502 -47.249947 0.258887 -0.343924 -0.292652 0.853843
4841.000000 8.656218 32.667193 -48.307825 0.239152 -0.332282 -0.291890 0.864404
4842.000000 5.662130 30.785974 -49.604208 0.212830 -0.310498 -0.292696 0.878990
4843.000000 1.697180 28.583012 -50.834612 0.181183 -0.281311 -0.293873 0.895363
4844.000000 -2.649328 26.227476 -51.662494 0.147683 -0.249583 -0.294463 0.910599
4845.000000 -6.563251 24.010468 -51.985520 0.116779 -0.220847 -0.294153 0.922531
4846.000000 -9.549364 22.206622 -51.926264 0.092121 -0.199352 -0.293214 0.930483
4847.000000 -11.420406 20.878247 -51.694881 0.075272 -0.186689 -0.292102 0.934964
4848.000000 -12.241417 20.051025 -51.426750 0.065594 -0.181750 -0.291127 0.936968
4849.000000 -12.386280 19.598228 -51.159116 0.061114 -0.181834 -0.290397 0.937481
4850.000000 -12.207137 19.389770 -50.874253 0.059670 -0.184113 -0.289907 0.937281
4851.000000 -11.959781 19.302390 -50.553302 0.059691 -0.186674 -0.289620 0.936862
4852.000000 -11.723474 19.312231 -50.195444 0.060385 -0.188791 -0.289492 0.936433
4853.000000 -11.512406 19.363129 -49.810152 0.061538 -0.190555 -0.289479 0.936004
4854.000000 -11.307889 19.480128 -49.404728 0.063214 -0.192232 -0.289562 0.935524
4855.000000 -11.097209 19.647284 -48.972226 0.065546 -0.193745 -0.289772 0.934986
4856.000000 -10.934868 19.918849 -48.493257 0.068560 -0.194570 -0.290178 0.934472
4857.000000 -10.892290 20.240309 -47.955909 0.071939 -0.194064 -0.290810 0.934127
4858.000000 -10.990989 20.557449 -47.383252 0.074723 -0.191990 -0.291543 0.934108
4859.000000 -11.252946 20.675641 -46.851169 0.075176 -0.188880 -0.292032 0.934553
4860.000000 -11.628433 20.387363 -46.472609 0.071118 -0.185936 -0.291771 0.935542
4861.000000 -12.041247 19.518521 -46.338730 0.060818 -0.184505 -0.290299 0.937009
4862.000000 -12.416255 18.015775 -46.450479 0.044050 -0.185368 -0.287447 0.938655
4863.000000 -12.749441 16.038334 -46.697799 0.022606 -0.188326 -0.283478 0.940033
4864.000000 -13.000060 13.887571 -46.922757 -0.000278 -0.192335 -0.279014 0.940829
4865.000000 -13.241942 11.870897 -47.010943 -0.021413 -0.196105 -0.274744 0.941063
4866.000000 -13.466872 10.152606 -46.933410 -0.039189 -0.198692 -0.271069 0.941014
4867.000000 -13.753728 8.734043 -46.717672 -0.054137 -0.199663 -0.267928 0.940967
4868.000000 -14.216101 7.471700 -46.398937 -0.068299 -0.198896 -0.264900 0.941065
4869.000000 -14.816753 6.128608 -45.992365 -0.083943 -0.196363 -0.261470 0.941291
4870.000000 -15.640622 4.581826 -45.489535 -0.102513 -0.192236 -0.257264 0.941463
4871.000000 -16.611355 2.791284 -44.879876 -0.124268 -0.187197 -0.252180 0.941233
4872.000000 -17.556508 0.768308 -44.175772 -0.148546 -0.182526 -0.246393 0.940164
4873.000000 -18.376826 -1.389404 -43.410931 -0.174264 -0.179693 -0.240280 0.937874
4874.000000 -18.962953 -3.603577 -42.623652 -0.200351 -0.179677 -0.234261 0.934183
4875.000000 -19.263446 -5.833979 -41.825843 -0.225986 -0.182541 -0.228633 0.929159
4876.000000 -19.363095 -7.994759 -41.011144 -0.250690 -0.187560 -0.223472 0.923058
4877.000000 -19.323519 -10.071080 -40.153586 -0.274354 -0.193734 -0.218667 0.916178
4878.000000 -19.224604 -12.052999 -39.229054 -0.297232 -0.200288 -0.214012 0.908701
4879.000000 -19.130937 -13.999833 -38.213394 -0.319835 -0.206901 -0.209294 0.900607
4880.000000 -19.009097 -15.924766 -37.087779 -0.342706 -0.213636 -0.204372 0.891709
4881.000000 -18.870210 -17.844203 -35.842945 -0.366184 -0.220733 -0.199203 0.881762
4882.000000 -18.706639 -19.793861 -34.469415 -0.390272 -0.228410 -0.193849 0.870597
4883.000000 -18.478249 -21.702118 -32.983583 -0.414641 -0.236781 -0.188461 0.858190
4884.000000 -18.228308 -23.549726 -31.416350 -0.438595 -0.245868 -0.183314 0.844736
4885.000000 -17.871276 -25.224906 -29.851222 -0.460928 -0.255608 -0.178887 0.830789
4886.000000 -17.460835 -26.618084 -28.427936 -0.479815 -0.265817 -0.175927 0.817416
4887.000000 -17.008593 -27.613529 -27.338130 -0.493042 -0.276220 -0.175397 0.806131
4888.000000 -16.414523 -28.106216 -26.773161 -0.498635 -0.286615 -0.178266 0.798396
4889.000000 -15.713341 -28.089519 -26.839434 -0.495613 -0.297160 -0.185246 0.794826
4890.000000 -14.832335 -27.603860 -27.508240 -0.484419 -0.308606 -0.196596 0.794639
4891.000000 -13.643517 -26.699574 -28.613473 -0.466813 -0.322237 -0.212027 0.795797
4892.000000 -12.114923 -25.587891 -29.916585 -0.445325 -0.339313 -0.230647 0.795835
4893.000000 -10.192348 -24.466243 -31.164962 -0.422592 -0.360093 -0.250925 0.792960
4894.000000 -8.071846 -23.457338 -32.155570 -0.400873 -0.383039 -0.270842 0.786909
4895.000000 -6.035223 -22.647133 -32.786093 -0.381865 -0.404994 -0.288357 0.779108
4896.000000 -4.325804 -21.998389 -33.071511 -0.366735 -0.422522 -0.301964 0.771880
4897.000000 -3.162955 -21.569104 -33.088177 -0.356241 -0.433585 -0.310978 0.767066
4898.000000 -2.624702 -21.324902 -32.888187 -0.350817 -0.438426 -0.315409 0.765001
4899.000000 -2.531267 -21.326426 -32.482997 -0.350545 -0.439123 -0.315715 0.764600
4900.000000 -2.722601 -21.611542 -31.861656 -0.354970 -0.438270 -0.312668 0.764300
4901.000000 -2.985838 -22.119485 -31.046669 -0.362964 -0.437722 -0.307311 0.763031
4902.000000 -3.229513 -22.786556 -30.100663 -0.372862 -0.438123 -0.300835 0.760606
4903.000000 -3.421909 -23.491073 -29.114474 -0.382917 -0.439199 -0.294334 0.757526
4904.000000 -3.572944 -24.101117 -28.174625 -0.391795 -0.440346 -0.288585 0.754527
4905.000000 -3.695208 -24.559323 -27.335523 -0.398822 -0.441078 -0.283952 0.752172
4906.000000 -3.807068 -24.888319 -26.611281 -0.403930 -0.441242 -0.280463 0.750657
4907.000000 -3.898529 -25.105400 -25.988374 -0.407411 -0.441008 -0.277979 0.749838
4908.000000 -3.953853 -25.230500 -25.444238 -0.409609 -0.440709 -0.276363 0.749413
4909.000000 -3.990177 -25.294267 -24.967314 -0.410688 -0.440615 -0.275584 0.749164
4910.000000 -3.983155 -25.273056 -24.567214 -0.410512 -0.440774 -0.275754 0.749105
4911.000000 -3.929103 -25.191945 -24.267986 -0.408657 -0.441049 -0.277126 0.749451
4912.000000 -3.832707 -24.956468 -24.111927 -0.404520 -0.441291 -0.280070 0.750457
4913.000000 -3.671290 -24.592493 -24.128136 -0.397498 -0.441510 -0.284986 0.752228
4914.000000 -3.437090 -24.035415 -24.325006 -0.387195 -0.441929 -0.292160 0.754600
4915.000000 -3.083981 -23.320119 -24.678124 -0.373620 -0.442936 -0.301605 0.757133
4916.000000 -2.619967 -22.477845 -25.129956 -0.357279 -0.445026 -0.312986 0.759173
4917.000000 -1.982421 -21.553997 -25.595165 -0.339107 -0.448761 -0.325671 0.759972
4918.000000 -1.196633 -20.658037 -25.994297 -0.320237 -0.454739 -0.338899 0.758820
4919.000000 -0.234921 -19.844620 -26.254651 -0.301678 -0.463528 -0.351970 0.755149
4920.000000 0.902015 -19.163544 -26.332538 -0.284068 -0.475502 -0.364383 0.748618
4921.000000 2.189957 -18.666574 -26.210202 -0.267589 -0.490607 -0.375867 0.739206
4922.000000 3.595992 -18.311073 -25.893258 -0.252127 -0.508139 -0.386315 0.727315
4923.000000 5.006373 -18.057880 -25.415986 -0.237550 -0.526742 -0.395697 0.713819
4924.000000 6.353393 -17.875786 -24.827306 -0.223901 -0.544743 -0.404005 0.699931
4925.000000 7.555497 -17.706068 -24.189346 -0.211361 -0.560719 -0.411288 0.686850
4926.000000 8.588351 -17.559530 -23.554866 -0.200037 -0.573943 -0.417692 0.675358
4927.000000 9.416118 -17.365648 -22.954137 -0.189805 -0.584464 -0.423460 0.665626
4928.000000 10.118389 -17.179023 -22.392583 -0.180346 -0.592824 -0.428863 0.657352
4929.000000 10.701308 -16.981789 -21.862802 -0.171327 -0.599676 -0.434102 0.650070
4930.000000 11.233880 -16.754706 -21.352138 -0.162529 -0.605516 -0.439282 0.643402
4931.000000 11.718843 -16.537644 -20.857102 -0.153834 -0.610581 -0.444464 0.637164
4932.000000 12.154270 -16.291652 -20.382792 -0.145124 -0.614856 -0.449766 0.631349
4933.000000 12.564551 -16.027725 -19.944665 -0.136200 -0.618132 -0.455424 0.626061
4934.000000 12.923193 -15.705451 -19.561837 -0.126806 -0.620106 -0.461744 0.621435
4935.000000 13.226164 -15.328434 -19.246650 0.116757 0.620580 0.468942 -0.617529
4936.000000 13.515716 -14.912664 -18.988952 0.106102 0.619696 0.476932 -0.614211
4937.000000 13.768569 -14.457173 -18.749853 0.095223 0.618060 0.485211 -0.611150
4938.000000 14.026707 -14.044421 -18.476558 0.084773 0.616634 0.492953 -0.607925
4939.000000 14.288320 -13.718637 -18.121937 0.075469 0.616372 0.499304 -0.604223
4940.000000 14.545871 -13.473522 -17.663447 0.067883 0.617830 0.503679 -0.599987
4941.000000 14.799592 -13.372466 -17.104476 0.062323 0.620977 0.505913 -0.595446
4942.000000 15.025830 -13.364296 -16.479657 0.058813 0.625246 0.506252 -0.591031
4943.000000 15.216086 -13.445194 -15.839212 0.057074 0.629709 0.505306 -0.587261
4944.000000 15.330386 -13.511654 -15.240805 0.056557 0.633276 0.503952 -0.584632
4945.000000 15.391066 -13.518209 -14.742281 0.056647 0.634973 0.503078 -0.583535
4946.000000 15.359065 -13.543193 -14.372732 0.056976 0.634250 0.503204 -0.584180
4947.000000 15.264871 -13.495373 -14.127367 0.057562 0.631142 0.504295 -0.586543
4948.000000 15.123531 -13.429872 -13.979502 0.058627 0.626139 0.505944 -0.590366
4949.000000 14.920674 -13.312698 -13.891049 0.060264 0.619881 0.507759 -0.595228
4950.000000 14.710067 -13.198316 -13.837893 0.062257 0.612870 0.509622 -0.600667
4951.000000 14.464525 -13.094783 -13.802676 -0.064115 -0.605307 -0.511739 0.606314
4952.000000 14.231404 -12.959056 -13.793440 -0.065162 -0.597028 -0.514594 0.611968
4953.000000 14.005307 -12.710800 -13.832708 -0.064649 -0.587611 -0.518799 0.617561
4954.000000 13.773908 -12.422041 -13.931425 -0.062053 -0.576698 -0.524757 0.623057
4955.000000 13.572553 -12.065959 -14.083347 -0.057553 -0.564327 -0.532250 0.628437
4956.000000 13.345156 -11.685585 -14.260585 -0.052378 -0.550922 -0.540319 0.633875
4957.000000 13.059060 -11.281641 -14.438658 -0.048611 -0.536862 -0.547645 0.639922
4958.000000 12.692637 -10.940503 -14.625807 -0.048405 -0.522003 -0.553186 0.647422
4959.000000 12.172503 -10.694240 -14.842786 -0.052948 -0.505647 -0.556606 0.657045
4960.000000 11.531776 -10.516014 -15.107429 -0.061784 -0.487064 -0.558304 0.668766
4961.000000 10.788808 -10.349366 -15.404891 -0.072906 -0.466176 -0.559126 0.681721
4962.000000 9.970535 -10.145325 -15.692389 -0.083629 -0.443907 -0.559961 0.694548
4963.000000 9.211178 -9.908618 -15.923494 -0.091726 -0.421949 -0.561395 0.705961
4964.000000 8.580040 -9.615840 -16.065184 -0.096130 -0.402061 -0.563581 0.715180
4965.000000 8.098803 -9.298655 -16.104492 -0.096892 -0.385318 -0.566386 0.722045
4966.000000 7.751356 -8.931558 -16.056807 -0.094632 -0.371723 -0.569633 0.726901
4967.000000 7.558829 -8.568318 -15.948350 -0.090012 -0.360364 -0.573257 0.730350
4968.000000 7.408441 -8.209950 -15.812332 -0.083554 -0.349961 -0.577272 0.733009
4969.000000 7.292863 -7.789867 -15.672706 -0.075715 -0.339448 -0.581661 0.735332
4970.000000 7.189543 -7.353584 -15.536304 -0.066994 -0.328247 -0.586313 0.737565
4971.000000 7.068620 -6.881997 -15.405323 -0.057947 -0.316128 -0.591057 0.739836
4972.000000 6.917121 -6.438270 -15.280763 -0.049184 -0.302847 -0.595727 0.742276
4973.000000 6.719513 -5.949715 -15.165433 -0.041408 -0.287973 -0.600183 0.745076
4974.000000 6.412291 -5.459739 -15.065500 -0.035433 -0.271162 -0.604263 0.748387
4975.000000 6.057640 -5.069970 -14.972199 -0.032031 -0.252636 -0.607750 0.752189
4976.000000 5.654193 -4.709514 -14.872825 -0.031597 -0.233265 -0.610448 0.756269
4977.000000 5.144837 -4.353364 -14.744035 -0.033831 -0.213897 -0.612331 0.760364
4978.000000 4.657892 -4.093889 -14.592347 -0.037653 -0.194337 -0.613651 0.764361
4979.000000 4.097247 -3.797865 -14.436150 -0.041431 -0.172911 -0.614843 0.768345
4980.000000 3.479966 -3.372026 -14.295093 -0.043475 -0.147203 -0.616263 0.772439
4981.000000 2.830729 -2.805581 -14.169276 -0.042638 -0.115665 -0.617923 0.776514
4982.000000 2.137654 -2.154097 -14.028229 -0.038777 -0.079029 -0.619452 0.780083
4983.000000 1.432024 -1.426945 -13.822389 -0.032778 -0.040530 -0.620373 0.782573
4984.000000 0.791885 -0.678129 -13.522700 -0.026102 -0.004780 -0.620485 0.783769
4985.000000 0.317891 -0.096321 -13.149401 -0.020119 0.024002 -0.620006 0.783972
4986.000000 -0.017068 0.299831 -12.740254 -0.015638 0.043367 -0.619370 0.783745
4987.000000 -0.176435 0.526360 -12.322548 -0.012782 0.053055 -0.618933 0.783546
4988.000000 -0.195948 0.598092 -11.910141 -0.011143 0.054521 -0.618819 0.783560
4989.000000 -0.113534 0.556735 -11.503246 -0.010129 0.050047 -0.618961 0.783760
4990.000000 0.034900 0.473765 -11.098305 -0.009431 0.041966 -0.619231 0.784030
4991.000000 0.188000 0.350318 -10.691482 -0.009401 0.032319 -0.619528 0.784253
4992.000000 0.301790 0.187681 -10.281396 -0.010946 0.022888 -0.619799 0.784351
4993.000000 0.373502 0.061180 -9.871854 -0.014827 0.015286 -0.620004 0.784309
4994.000000 0.375487 -0.075496 -9.461342 -0.020800 0.010794 -0.620104 0.784170
4995.000000 0.345714 -0.167130 -9.053574 -0.027374 0.009960 -0.620076 0.784001
4996.000000 0.268010 -0.204275 -8.645178 -0.032541 0.012271 -0.619945 0.783874
4997.000000 0.203959 -0.217644 -8.237923 -0.034965 0.016262 -0.619775 0.783831
4998.000000 0.140407 -0.212121 -7.831560 -0.034662 0.020164 -0.619627 0.783871
4999.000000 0.122928 -0.164095 -7.422068 -0.032708 0.022787 -0.619533 0.783958
5000.000000 0.116272 -0.109690 -7.012598 -0.030406 0.024149 -0.619482 0.784050
5001.000000 0.126979 -0.065858 -6.602355 -0.028701 0.025480 -0.619428 0.784115
5002.000000 0.091293 -0.049826 -6.192963 -0.028172 0.028606 -0.619302 0.784126
5003.000000 0.030086 -0.021779 -5.783227 -0.029259 0.034996 -0.619037 0.784036
5004.000000 -0.052161 0.017524 -5.373074 -0.032253 0.044920 -0.618591 0.783765
5005.000000 -0.155472 0.049169 -4.960458 -0.037046 0.057136 -0.617972 0.783246
5006.000000 -0.252471 0.065560 -4.545128 -0.042945 0.069326 -0.617272 0.782512
5007.000000 -0.311646 0.081827 -4.130790 -0.048831 0.079078 -0.616658 0.781725
5008.000000 -0.421077 0.104875 -3.718716 -0.053488 0.084848 -0.616288 0.781107
5009.000000 -0.427330 0.081631 -3.306249 -0.055789 0.086361 -0.616220 0.780835
5010.000000 -0.423832 0.098075 -2.898584 -0.054494 0.084447 -0.616367 0.781019
5011.000000 -0.407918 0.112586 -2.493724 -0.047891 0.080712 -0.616511 0.781733
5012.000000 -0.375040 0.130488 -2.090800 -0.033871 0.077285 -0.616308 0.782972
5013.000000 -0.324089 0.183352 -1.685641 -0.011012 0.076380 -0.615324 0.784488
5014.000000 -0.321944 0.218983 -1.280518 0.019571 0.079354 -0.613196 0.785691
5015.000000 -0.329471 0.220367 -0.872995 0.053029 0.085683 -0.610010 0.785961
5016.000000 -0.296898 0.177244 -0.466992 0.081936 0.092902 -0.606610 0.785290
5017.000000 -0.302701 0.074336 -0.071877 0.099800 0.098028 -0.604231 0.784433
5018.000000 -0.217468 0.069294 0.100442 0.102204 0.079665 -0.563144 0.816135
5019.000000 0.145933 0.069108 0.125920 0.091092 -0.001021 -0.385375 0.918252
5020.000000 0.392219 0.361210 0.249536 0.075547 -0.081657 -0.188853 0.975684
5021.000000 0.384168 0.347817 -0.097461 0.072732 -0.078443 -0.188966 0.976140
5022.000000 0.381653 0.356498 -0.449609 0.066424 -0.071565 -0.189184 0.977075
5023.000000 0.377761 0.336426 -0.806650 0.056731 -0.061669 -0.189433 0.978312
5024.000000 0.388332 0.331933 -1.162946 0.044746 -0.050365 -0.189620 0.979543
5025.000000 0.360411 0.330764 -1.521904 0.032038 -0.039322 -0.189698 0.980532
5026.000000 0.321183 0.306705 -1.879059 0.019939 -0.029544 -0.189682 0.981198
5027.000000 0.300719 0.264763 -2.233146 0.008986 -0.021127 -0.189613 0.981590
5028.000000 0.261364 0.231659 -2.585370 -0.001095 -0.013500 -0.189518 0.981784
5029.000000 0.205370 0.201844 -2.935862 -0.010844 -0.005919 -0.189401 0.981822
5030.000000 0.148637 0.140650 -3.284422 -0.020352 0.001970 -0.189252 0.981716
5031.000000 0.095962 0.114231 -3.628578 -0.028906 0.009732 -0.189071 0.981490
5032.000000 0.079057 0.111472 -3.972245 -0.035311 0.016191 -0.188889 0.981230
5033.000000 0.052941 0.078129 -4.315830 -0.038658 0.020022 -0.188766 0.981057
5034.000000 0.042593 0.069907 -4.658777 -0.038992 0.020574 -0.188745 0.981036
5035.000000 0.060382 0.083717 -5.001342 -0.037360 0.018323 -0.188820 0.981130
5036.000000 0.094855 0.095679 -5.343315 -0.035248 0.014627 -0.188945 0.981246
5037.000000 0.129538 0.092584 -5.685139 -0.033859 0.011039 -0.189066 0.981318
5038.000000 0.151921 0.087558 -6.027656 -0.033698 0.008658 -0.189147 0.981332
5039.000000 0.156036 0.085860 -6.370442 -0.034651 0.007800 -0.189179 0.981300
5040.000000 0.148448 0.070568 -6.713465 -0.036354 0.007949 -0.189175 0.981238
5041.000000 0.150587 0.026636 -7.056791 -0.038474 0.007951 -0.189177 0.981157
5042.000000 0.181142 -0.006598 -7.399030 -0.040634 0.006549 -0.189230 0.981070
5043.000000 0.231407 -0.038843 -7.740985 -0.042136 0.003147 -0.189366 0.980997
5044.000000 0.295757 -0.023739 -8.080103 -0.041899 -0.001616 -0.189570 0.980971
5045.000000 0.350291 0.026947 -8.418987 -0.038954 -0.006002 -0.189785 0.981034
5046.000000 0.393324 0.103336 -8.758322 -0.033247 -0.008053 -0.189938 0.981200
5047.000000 0.396674 0.224043 -9.098865 -0.026084 -0.006614 -0.189984 0.981418
5048.000000 0.325513 0.326995 -9.439019 -0.019712 -0.001799 -0.189924 0.981599
5049.000000 0.205040 0.413547 -9.781886 -0.016235 0.005318 -0.189802 0.981674
5050.000000 0.066050 0.421723 -10.124782 -0.016553 0.013438 -0.189673 0.981616
5051.000000 -0.106410 0.393682 -10.468582 -0.020049 0.021637 -0.189564 0.981425
5052.000000 -0.293775 0.343324 -10.810723 -0.025128 0.029514 -0.189469 0.981121
5053.000000 -0.460902 0.261613 -11.148972 -0.030172 0.036898 -0.189365 0.980749
5054.000000 -0.611086 0.194597 -11.485247 -0.034196 0.043373 -0.189245 0.980375
5055.000000 -0.720486 0.160058 -11.822241 -0.036864 0.047904 -0.189146 0.980087
5056.000000 -0.733990 0.140225 -12.163626 -0.038045 0.048806 -0.189151 0.979996
5057.000000 -0.595031 0.128094 -12.512385 -0.037434 0.044089 -0.189345 0.980206
5058.000000 -0.269181 0.150486 -12.865392 -0.034578 0.032038 -0.189782 0.980694
5059.000000 0.263047 0.194565 -13.207757 -0.029202 0.011821 -0.190439 0.981193
5060.000000 1.004525 0.243070 -13.514028 -0.021463 -0.016050 -0.191210 0.981183
5061.000000 1.943304 0.310074 -13.753191 -0.011873 -0.049485 -0.191933 0.980088
5062.000000 2.928368 0.429311 -13.909705 -0.001033 -0.084940 -0.192485 0.977616
5063.000000 3.829412 0.575209 -14.004501 0.010526 -0.118171 -0.192882 0.974023
5064.000000 4.598981 0.747072 -14.085714 0.022331 -0.145629 -0.193284 0.970018
5065.000000 5.224024 0.931375 -14.193497 0.033977 -0.165875 -0.193870 0.966305
5066.000000 5.699285 1.171419 -14.339582 0.045270 -0.180051 -0.194704 0.963132
5067.000000 6.076217 1.433667 -14.504034 0.056286 -0.191046 -0.195687 0.960229
5068.000000 6.434450 1.665832 -14.655140 0.067111 -0.201935 -0.196595 0.957115
5069.000000 6.870633 1.886844 -14.770573 0.077411 -0.214679 -0.197142 0.953444
5070.000000 7.395525 2.033350 -14.846006 0.086314 -0.229633 -0.197060 0.949203
5071.000000 7.865686 2.116137 -14.899601 0.092814 -0.245846 -0.196204 0.944695
5072.000000 8.332353 2.136336 -14.963468 0.096400 -0.261885 -0.194626 0.940342
5073.000000 8.805111 2.078788 -15.049195 0.097344 -0.276774 -0.192518 0.936406
5074.000000 9.239547 1.952536 -15.157046 0.096459 -0.290463 -0.190075 0.932844
5075.000000 9.600832 1.819295 -15.271427 0.094588 -0.303504 -0.187423 0.929414
5076.000000 9.982527 1.671036 -15.380305 0.092278 -0.316317 -0.184641 0.925925
5077.000000 10.351434 1.519335 -15.485675 0.089783 -0.328774 -0.181824 0.922381
5078.000000 10.701121 1.364244 -15.597385 0.087282 -0.340418 -0.179106 0.918922
5079.000000 11.033507 1.223738 -15.720756 0.085056 -0.350939 -0.176637 0.915645
5080.000000 11.325625 1.133634 -15.854266 0.083534 -0.360471 -0.174557 0.912476
5081.000000 11.613115 1.069588 -15.981110 0.083249 -0.369624 -0.172972 0.909136
5082.000000 11.968483 1.044967 -16.072415 0.084811 -0.379338 -0.171979 0.905170
5083.000000 12.385995 1.127910 -16.098540 0.088939 -0.390519 -0.171725 0.900053
5084.000000 12.868138 1.308430 -16.036397 0.096425 -0.403536 -0.172481 0.893371
5085.000000 13.422926 1.602542 -15.879140 0.107908 -0.417869 -0.174616 0.885015
5086.000000 13.998904 2.038568 -15.645143 0.123410 -0.432310 -0.178381 0.875248
5087.000000 14.568703 2.567808 -15.365993 0.141909 -0.445625 -0.183601 0.864622
5088.000000 15.094567 3.099830 -15.080207 0.161303 -0.457188 -0.189498 0.853845
5089.000000 15.540128 3.582023 -14.824920 0.178950 -0.467187 -0.194832 0.843655
5090.000000 15.932720 3.933519 -14.625883 0.192605 -0.476429 -0.198339 0.834614
5091.000000 16.316834 4.142232 -14.483824 0.201237 -0.485985 -0.199179 0.826831
5092.000000 16.697296 4.177019 -14.365344 0.205293 -0.496800 -0.197204 0.819851
5093.000000 17.129255 4.121830 -14.230352 0.206302 -0.509231 -0.192995 0.812943
5094.000000 17.552689 4.018126 -14.060079 0.206127 -0.522688 -0.187712 0.805651
5095.000000 17.946027 3.946726 -13.877427 0.206287 -0.535736 -0.182727 0.798150
5096.000000 18.294997 3.900291 -13.735087 0.207604 -0.546856 -0.179130 0.791051
5097.000000 18.584099 3.935328 -13.666477 0.210203 -0.555354 -0.177309 0.784830
5098.000000 18.846471 3.987650 -13.662189 0.213780 -0.561666 -0.176948 0.779435
5099.000000 19.045043 4.082572 -13.693004 0.217950 -0.566814 -0.177418 0.774430
5100.000000 19.215783 4.199425 -13.727852 0.222455 -0.571570 -0.178247 0.769448
5101.000000 19.382112 4.344669 -13.758181 0.227108 -0.576145 -0.179229 0.764432
5102.000000 19.584763 4.428257 -13.797697 0.231609 -0.580500 -0.180189 0.759545
5103.000000 19.771041 4.518493 -13.857117 0.235491 -0.584663 -0.180810 0.754998
5104.000000 19.910948 4.576500 -13.949522 0.238329 -0.588562 -0.180845 0.751059
5105.000000 20.033376 4.619866 -14.104313 0.240003 -0.591675 -0.180469 0.748164
5106.000000 20.044975 4.641958 -14.356763 0.240707 -0.593127 -0.180240 0.746843
5107.000000 20.028792 4.656644 -14.738433 0.240673 -0.592331 -0.180603 0.747398
5108.000000 19.936508 4.618494 -15.230561 0.239882 -0.589548 -0.181419 0.749651
5109.000000 19.784891 4.583412 -15.794125 0.238078 -0.585782 -0.182029 0.753023
5110.000000 19.594422 4.511964 -16.375665 0.235028 -0.582161 -0.181739 0.756850
5111.000000 19.454377 4.362128 -16.938978 0.230742 -0.579469 -0.180189 0.760596
5112.000000 19.350266 4.142837 -17.456746 0.225436 -0.578185 -0.177308 0.763834
5113.000000 19.326811 3.874344 -17.901212 0.219364 -0.578734 -0.173084 0.766152
5114.000000 19.396578 3.556119 -18.250143 0.212710 -0.581458 -0.167500 0.767206
5115.000000 19.535369 3.194606 -18.500105 0.205611 -0.586292 -0.160691 0.766919
5116.000000 19.743240 2.796271 -18.675164 0.198216 -0.592539 -0.153062 0.765624
5117.000000 19.978996 2.398739 -18.821290 0.190679 -0.599074 -0.145187 0.763985
5118.000000 20.166796 1.994781 -18.989513 0.183110 -0.604818 -0.137565 0.762720
5119.000000 20.308097 1.587273 -19.216086 0.175541 -0.609128 -0.130453 0.762319
5120.000000 20.384494 1.214431 -19.508827 0.167950 -0.611883 -0.123859 0.762923
5121.000000 20.402945 0.818712 -19.859508 0.160293 -0.613329 -0.117643 0.764391
5122.000000 20.351876 0.425917 -20.247301 0.152507 -0.613855 -0.111611 0.766464
5123.000000 20.312324 0.011004 -20.654204 0.144514 -0.613809 -0.105582 0.768900
5124.000000 20.219899 -0.411081 -21.069817 0.136252 -0.613412 -0.099431 0.771540
5125.000000 20.134184 -0.864772 -21.487786 0.127702 -0.612732 -0.093123 0.774325
5126.000000 20.024953 -1.339945 -21.910665 0.118883 -0.611706 -0.086681 0.777283
5127.000000 19.880198 -1.824727 -22.344174 0.109745 -0.610168 -0.080105 0.780535
5128.000000 19.683245 -2.360185 -22.799664 0.100037 -0.607865 -0.073251 0.784300
5129.000000 19.457630 -2.969544 -23.287216 0.089235 -0.604462 -0.065782 0.788882
5130.000000 19.098329 -3.683842 -23.811400 0.076688 -0.599580 -0.057257 0.794571
5131.000000 18.629841 -4.530751 -24.366103 0.061952 -0.592931 -0.047365 0.801468
5132.000000 18.081050 -5.522371 -24.925548 0.045125 -0.584556 -0.036130 0.809291
5133.000000 17.464995 -6.602565 -25.446275 0.026876 -0.575036 -0.023939 0.817336
5134.000000 16.862964 -7.723647 -25.880485 0.008120 -0.565454 -0.011349 0.824662
5135.000000 16.339458 -8.888425 -26.192233 -0.010447 -0.557070 0.001176 0.830399
5136.000000 15.974150 -10.017954 -26.354793 -0.028581 -0.550899 0.013410 0.833975
5137.000000 15.784957 -11.114639 -26.358346 -0.046380 -0.547467 0.025314 0.835157
5138.000000 15.800713 -12.222421 -26.207831 -0.063982 -0.546821 0.036883 0.833986
5139.000000 15.968998 -13.278555 -25.918979 -0.081335 -0.548651 0.048019 0.830699
5140.000000 16.265770 -14.271338 -25.523859 -0.098129 -0.552401 0.058503 0.825713
5141.000000 16.627391 -15.200227 -25.074149 -0.113857 -0.557365 0.068044 0.819604
5142.000000 17.038152 -15.999633 -24.626659 -0.127933 -0.562805 0.076344 0.813053
5143.000000 17.403414 -16.657109 -24.242883 -0.139826 -0.568070 0.083168 0.806739
5144.000000 17.722737 -17.170830 -23.973566 -0.149212 -0.572659 0.088416 0.801237
5145.000000 17.982027 -17.546250 -23.847202 -0.156070 -0.576240 0.092170 0.796928
5146.000000 18.139209 -17.793298 -23.868626 -0.160677 -0.578644 0.094682 0.793970
5147.000000 18.239658 -17.950260 -24.021478 -0.163482 -0.579884 0.096273 0.792300
5148.000000 18.261321 -18.033228 -24.281512 -0.164926 -0.580164 0.097196 0.791683
5149.000000 18.238659 -18.052200 -24.616982 -0.165328 -0.579855 0.097567 0.791780
5150.000000 18.221683 -18.032069 -25.000137 -0.164880 -0.579387 0.097393 0.792237
5151.000000 18.192690 -17.955629 -25.415280 -0.163705 -0.579046 0.096677 0.792818
5152.000000 18.157529 -17.849515 -25.859706 -0.161884 -0.578785 0.095488 0.793526
5153.000000 18.094685 -17.697832 -26.347783 -0.159408 -0.578210 0.093936 0.794631
5154.000000 17.970908 -17.484436 -26.906414 -0.156148 -0.576781 0.092082 0.796532
5155.000000 17.763330 -17.224006 -27.559374 -0.151878 -0.574097 0.089878 0.799542
5156.000000 17.446538 -16.880199 -28.315628 -0.146380 -0.570061 0.087190 0.803742
5157.000000 17.039241 -16.442234 -29.162289 -0.139579 -0.564901 0.083898 0.808928
5158.000000 16.571029 -15.918712 -30.060169 -0.131689 -0.559186 0.079990 0.814599
5159.000000 16.129505 -15.342280 -30.943921 -0.123305 -0.553860 0.075639 0.819948
5160.000000 15.815425 -14.793217 -31.732557 -0.115401 -0.550109 0.071241 0.824007
5161.000000 15.697804 -14.334001 -32.356996 -0.109180 -0.548843 0.067430 0.826017
5162.000000 15.757179 -14.070381 -32.783726 -0.105865 -0.549954 0.065069 0.825899
5163.000000 15.899961 -14.134280 -33.029056 -0.106592 -0.551918 0.065196 0.824484
5164.000000 15.953468 -14.598704 -33.141855 -0.112389 -0.552240 0.068928 0.823194
5165.000000 15.709774 -15.552083 -33.144292 -0.124061 -0.548666 0.077186 0.823175
5166.000000 15.215710 -17.051037 -32.997563 -0.141811 -0.540449 0.090244 0.824415
5167.000000 14.551199 -18.931348 -32.606356 -0.164833 -0.528889 0.107304 0.825586
5168.000000 13.940914 -21.029463 -31.893605 -0.191301 -0.516751 0.126492 0.824847
5169.000000 13.560756 -23.169097 -30.879369 -0.218898 -0.506858 0.145477 0.820985
5170.000000 13.471438 -25.133919 -29.669167 -0.245535 -0.500714 0.162377 0.814022
5171.000000 13.631315 -26.792204 -28.413874 -0.269701 -0.497994 0.176334 0.805090
5172.000000 13.885801 -28.156601 -27.277432 -0.290282 -0.496999 0.187426 0.795990
5173.000000 14.003192 -29.166369 -26.424886 -0.306225 -0.495540 0.196198 0.788779
5174.000000 13.908881 -29.825833 -26.016222 -0.316489 -0.491706 0.203250 0.785334
5175.000000 13.509659 -30.178209 -26.147280 -0.320403 -0.484343 0.209049 0.786799
5176.000000 12.785230 -30.236850 -26.804407 -0.318090 -0.473280 0.213872 0.793148
5177.000000 11.792485 -29.982489 -27.870238 -0.310536 -0.459249 0.217814 0.803252
5178.000000 10.589324 -29.515483 -29.175675 -0.299245 -0.443477 0.220883 0.815470
5179.000000 9.243776 -28.936218 -30.567585 -0.285720 -0.427095 0.223134 0.828351
5180.000000 7.848760 -28.228372 -31.950351 -0.271085 -0.410768 0.224720 0.841002
5181.000000 6.437525 -27.441200 -33.272872 -0.255983 -0.394747 0.225803 0.853030
5182.000000 5.014362 -26.642914 -34.514502 -0.240718 -0.379163 0.226471 0.864292
5183.000000 3.600758 -25.794354 -35.671914 -0.225490 -0.364196 0.226753 0.874699
5184.000000 2.229406 -24.929613 -36.735442 -0.210545 -0.350000 0.226704 0.884181
5185.000000 0.907836 -24.096796 -37.701825 -0.196124 -0.336556 0.226441 0.892743
5186.000000 -0.394766 -23.253601 -38.576024 -0.182342 -0.323677 0.226080 0.900484
5187.000000 -1.655986 -22.440877 -39.361414 -0.169194 -0.311232 0.225676 0.907512
5188.000000 -2.859016 -21.680489 -40.066647 -0.156787 -0.299459 0.225207 0.913797
5189.000000 -3.926761 -20.962958 -40.699170 -0.145539 -0.289119 0.224621 0.919116
5190.000000 -4.752603 -20.343858 -41.272395 -0.136044 -0.281307 0.223865 0.923170
5191.000000 -5.254224 -19.815039 -41.810724 -0.128659 -0.276964 0.222881 0.925776
5192.000000 -5.417844 -19.347445 -42.346970 -0.123193 -0.276435 0.221603 0.926984
5193.000000 -5.253948 -18.933532 -42.898447 -0.119087 -0.279374 0.219988 0.927024
5194.000000 -4.801321 -18.539444 -43.463697 -0.115982 -0.285124 0.218089 0.926115
5195.000000 -4.092251 -18.237150 -44.014577 -0.114284 -0.293388 0.216080 0.924214
5196.000000 -3.053627 -18.087080 -44.502630 -0.115358 -0.304907 0.214213 0.920781
5197.000000 -1.363942 -18.277343 -44.849490 -0.121347 -0.321744 0.212736 0.914603
5198.000000 1.335394 -19.030779 -44.886200 -0.134757 -0.346711 0.211863 0.903740
5199.000000 5.144775 -20.427840 -44.308221 -0.157836 -0.381821 0.211789 0.885690
5200.000000 10.123041 -22.583447 -42.688492 -0.191610 -0.426416 0.212703 0.858028
5201.000000 15.731731 -25.453884 -39.590443 -0.234625 -0.476238 0.214657 0.819799
5202.000000 21.016931 -28.421727 -35.071082 -0.282033 -0.524437 0.217314 0.773432
5203.000000 25.141053 -30.926059 -30.007426 -0.326164 -0.564277 0.219804 0.725876
5204.000000 27.740814 -32.561680 -25.807379 -0.358927 -0.591767 0.220951 0.687142
5205.000000 28.947394 -33.229288 -23.720464 -0.374742 -0.606267 0.219773 0.666115
5206.000000 29.041148 -33.005446 -24.240336 -0.372100 -0.609037 0.215834 0.666356
5207.000000 28.169423 -31.897244 -27.034887 -0.353144 -0.601820 0.209151 0.685097
5208.000000 26.380011 -29.859160 -31.285985 -0.321775 -0.586605 0.199735 0.715864
5209.000000 23.742959 -26.869653 -36.140423 -0.281402 -0.565683 0.187211 0.752175
5210.000000 20.399290 -22.925020 -40.959520 -0.233858 -0.541148 0.170955 0.789458
5211.000000 16.610061 -17.997471 -45.281489 -0.180230 -0.514510 0.150696 0.824674
5212.000000 12.667742 -12.309790 -48.718605 -0.122501 -0.487080 0.127092 0.855333
5213.000000 8.857924 -6.174951 -51.034306 -0.064127 -0.460584 0.101774 0.879427
5214.000000 5.536123 -0.157886 -52.211248 -0.008937 -0.437001 0.076808 0.896131
5215.000000 2.911661 5.326658 -52.488981 0.040395 -0.417650 0.053914 0.906107
5216.000000 0.951474 10.076940 -52.195479 0.082851 -0.402540 0.034002 0.911011
5217.000000 -0.501449 14.053975 -51.611330 0.118413 -0.390665 0.017289 0.912721
5218.000000 -1.630269 17.222456 -50.946575 0.147139 -0.380820 0.003725 0.912859
5219.000000 -2.578826 19.585699 -50.373974 0.168773 -0.372177 -0.006699 0.912664
5220.000000 -3.415365 21.127198 -50.028207 0.182955 -0.364326 -0.013956 0.913016
5221.000000 -4.195658 21.864411 -49.989620 0.189653 -0.357066 -0.018135 0.914443
5222.000000 -4.926272 21.846349 -50.269392 0.189408 -0.350301 -0.019533 0.917078
5223.000000 -5.616161 21.190069 -50.819046 0.183309 -0.344151 -0.018588 0.920659
5224.000000 -6.183227 20.042664 -51.559921 0.172756 -0.339049 -0.015768 0.924636
5225.000000 -6.581088 18.543167 -52.414034 0.159192 -0.335587 -0.011518 0.928389
5226.000000 -6.752797 16.810492 -53.316442 0.143862 -0.334154 -0.006257 0.931453
5227.000000 -6.714129 14.958686 -54.215636 0.127693 -0.334655 -0.000380 0.933649
5228.000000 -6.481980 13.058207 -55.077656 0.111307 -0.336588 0.005776 0.935033
5229.000000 -6.134802 11.163734 -55.877449 0.095141 -0.339390 0.011952 0.935746
5230.000000 -5.701083 9.317084 -56.605120 0.079563 -0.342751 0.017964 0.935879
5231.000000 -5.188754 7.561651 -57.258384 0.064923 -0.346667 0.023670 0.935439
5232.000000 -4.576228 5.939954 -57.843648 0.051524 -0.351306 0.028950 0.934393
5233.000000 -3.832385 4.490943 -58.369951 0.039590 -0.356849 0.033710 0.932714
5234.000000 -2.966020 3.235410 -58.846568 0.029244 -0.363406 0.037880 0.930401
5235.000000 -1.968915 2.178622 -59.279879 0.020534 -0.370990 0.041415 0.927486
5236.000000 -0.838711 1.336501 -59.674221 0.013504 -0.379514 0.044269 0.924028
5237.000000 0.394576 0.723276 -60.032179 0.008275 -0.388805 0.046365 0.920116
5238.000000 1.689205 0.384118 -60.355405 0.005115 -0.398629 0.047564 0.915864
5239.000000 3.008746 0.377326 -60.645778 0.004456 -0.408711 0.047653 0.911408
5240.000000 4.325362 0.767965 -60.905115 0.006878 -0.418751 0.046342 0.906892
5241.000000 5.581632 1.681099 -61.126945 0.013108 -0.428467 0.043257 0.902426
5242.000000 6.745926 3.218833 -61.289335 0.024027 -0.437633 0.037927 0.898032
5243.000000 7.809253 5.539531 -61.339355 0.040663 -0.446088 0.029774 0.893569
5244.000000 8.759394 8.781224 -61.172556 0.064069 -0.453703 0.018177 0.888661
5245.000000 9.615468 13.040692 -60.619907 0.095029 -0.460307 0.002619 0.882655
5246.000000 10.380259 18.290508 -59.458477 0.133597 -0.465616 -0.017056 0.874679
5247.000000 11.062420 24.296348 -57.473672 0.178602 -0.469236 -0.040356 0.863881
5248.000000 11.660469 30.596670 -54.573109 0.227456 -0.470835 -0.065997 0.849837
5249.000000 12.188512 36.640776 -50.895750 0.276528 -0.470450 -0.092048 0.832908
5250.000000 12.645536 41.915367 -46.813302 0.322040 -0.468709 -0.116336 0.814290
5251.000000 13.121044 46.132087 -42.825415 0.361007 -0.466753 -0.136927 0.795655
5252.000000 13.586689 49.205945 -39.391956 0.391683 -0.465863 -0.152437 0.778665
5253.000000 14.122951 51.195924 -36.852519 0.413410 -0.467070 -0.162090 0.764634
5254.000000 14.714443 52.254828 -35.401731 0.426172 -0.470976 -0.165575 0.754416
5255.000000 15.393584 52.450658 -35.106449 0.430259 -0.477811 -0.162852 0.748367
5256.000000 16.197216 51.890411 -35.917671 0.426177 -0.487535 -0.154062 0.746289
5257.000000 17.128992 50.575427 -37.670453 0.414721 -0.499826 -0.139605 0.747456
5258.000000 18.223595 48.558388 -40.099388 0.397058 -0.514005 -0.120316 0.750778
5259.000000 19.471954 45.938186 -42.880223 0.374766 -0.529036 -0.097563 0.755084
5260.000000 20.823132 42.900546 -45.688052 0.349804 -0.543738 -0.073133 0.759367
5261.000000 22.187644 39.680684 -48.258237 0.324337 -0.557118 -0.048936 0.762909
5262.000000 23.506845 36.564946 -50.420881 0.300417 -0.568659 -0.026632 0.765289
5263.000000 24.730651 33.781049 -52.112390 0.279593 -0.578368 -0.007342 0.766332
5264.000000 25.858377 31.474239 -53.353323 0.262629 -0.586609 0.008487 0.766057
5265.000000 26.900970 29.662830 -54.221317 0.249482 -0.593807 0.021013 0.764663
5266.000000 27.843512 28.280263 -54.819244 0.239533 -0.600197 0.030766 0.762522
5267.000000 28.683389 27.238334 -55.256098 0.231997 -0.605734 0.038340 0.760127
5268.000000 29.368811 26.451633 -55.619659 0.226308 -0.610183 0.044120 0.757968
5269.000000 29.846384 25.913955 -55.962961 0.222361 -0.613252 0.048116 0.756414
5270.000000 29.991613 25.749861 -56.133440 0.221147 -0.614173 0.049338 0.755944
5271.000000 29.639195 26.156127 -55.791841 0.224101 -0.611909 0.046358 0.757098
5272.000000 29.048831 26.822370 -55.442247 0.228941 -0.608112 0.041443 0.758992
5273.000000 28.287455 27.721881 -55.052250 0.235508 -0.603084 0.034794 0.761324
5274.000000 27.391552 28.926704 -54.547307 0.244158 -0.597100 0.026197 0.763657
5275.000000 26.387717 30.508434 -53.827904 0.255608 -0.590318 0.015135 0.765481
5276.000000 25.306989 32.561211 -52.785856 0.270614 -0.582643 0.001007 0.766351
5277.000000 24.131307 35.113704 -51.326756 0.289550 -0.573725 -0.016566 0.765981
5278.000000 22.859084 38.091127 -49.397303 0.312071 -0.563129 -0.037462 0.764260
5279.000000 21.505194 41.293668 -47.016033 0.336998 -0.550639 -0.060892 0.761263
5280.000000 20.135618 44.458998 -44.298974 0.362485 -0.536499 -0.085437 0.757281
5281.000000 18.829028 47.316077 -41.466593 0.386376 -0.521488 -0.109268 0.752877
5282.000000 17.651708 49.652042 -38.819638 0.406577 -0.506737 -0.130491 0.748922
5283.000000 16.641821 51.334180 -36.690918 0.421308 -0.493393 -0.147502 0.746530
5284.000000 15.777382 52.259813 -35.381824 0.429197 -0.482325 -0.159199 0.746866
5285.000000 15.039685 52.457609 -35.110391 0.429274 -0.474024 -0.164985 0.750869
5286.000000 14.413698 51.825741 -35.983674 0.420899 -0.468664 -0.164610 0.759014
5287.000000 13.849016 50.320429 -37.994149 0.403676 -0.466157 -0.158023 0.771215
5288.000000 13.343016 47.800838 -41.012515 0.377443 -0.466101 -0.145379 0.786862
5289.000000 12.874559 44.163368 -44.775982 0.342481 -0.467676 -0.127195 0.804865
5290.000000 12.424385 39.394023 -48.874184 0.299942 -0.469687 -0.104544 0.823711
5291.000000 11.930090 33.682826 -52.812471 0.252209 -0.470867 -0.079107 0.841675
5292.000000 11.372741 27.442849 -56.134649 0.202759 -0.470298 -0.052993 0.857263
5293.000000 10.729861 21.224455 -58.579184 0.155425 -0.467662 -0.028314 0.869674
5294.000000 10.006543 15.551107 -60.130034 0.113402 -0.463146 -0.006717 0.878971
5295.000000 9.196565 10.781311 -60.957608 0.078578 -0.457146 0.010915 0.885847
5296.000000 8.297864 7.036760 -61.292006 0.051460 -0.450009 0.024444 0.891205
5297.000000 7.291268 4.273585 -61.333645 0.031563 -0.441957 0.034242 0.895827
5298.000000 6.175583 2.364468 -61.217926 0.017920 -0.433130 0.040907 0.900224
5299.000000 4.961380 1.156289 -61.021498 0.009466 -0.423665 0.045048 0.904648
5300.000000 3.671348 0.517468 -60.779625 0.005240 -0.413755 0.047194 0.909149
5301.000000 2.351858 0.335397 -60.504734 0.004440 -0.403657 0.047764 0.913652
5302.000000 1.035147 0.520342 -60.197933 0.006413 -0.393667 0.047088 0.918024
5303.000000 -0.236194 0.999358 -59.857668 0.010651 -0.384077 0.045419 0.922122
5304.000000 -1.418274 1.727628 -59.481934 0.016804 -0.375143 0.042930 0.925820
5305.000000 -2.482028 2.679521 -59.068442 0.024682 -0.367072 0.039729 0.929016
5306.000000 -3.413226 3.837590 -58.614162 0.034214 -0.359997 0.035872 0.931636
5307.000000 -4.232433 5.186909 -58.113777 0.045364 -0.353956 0.031400 0.933634
5308.000000 -4.893668 6.726221 -57.559314 0.058052 -0.348884 0.026370 0.934994
5309.000000 -5.451405 8.412005 -56.941389 0.072105 -0.344631 0.020863 0.935732
5310.000000 -5.924259 10.227111 -56.250875 0.087256 -0.341007 0.014988 0.935883
5311.000000 -6.319939 12.106559 -55.485856 0.103172 -0.337907 0.008874 0.935465
5312.000000 -6.617471 14.017012 -54.652897 0.119497 -0.335481 0.002681 0.934434
5313.000000 -6.766572 15.901420 -53.768332 0.135838 -0.334188 -0.003373 0.932660
5314.000000 -6.696530 17.697698 -52.862677 0.151682 -0.334611 -0.008989 0.930025
5315.000000 -6.403115 19.324142 -51.976938 0.166266 -0.337079 -0.013796 0.926576
5316.000000 -5.922509 20.669202 -51.171178 0.178497 -0.341432 -0.017384 0.922638
5317.000000 -5.276845 21.586176 -50.514935 0.187007 -0.347129 -0.019324 0.918780
5318.000000 -4.565210 21.946085 -50.091773 0.190341 -0.353621 -0.019156 0.915617
5319.000000 -3.806848 21.599767 -49.968418 0.187220 -0.360632 -0.016416 0.913578
5320.000000 -3.007091 20.458414 -50.165934 0.176810 -0.368168 -0.010722 0.912730
5321.000000 -2.128082 18.507809 -50.639687 0.158868 -0.376381 -0.001882 0.912740
5322.000000 -1.097643 15.733127 -51.276800 0.133639 -0.385552 0.010116 0.912901
5323.000000 0.171967 12.166790 -51.925733 0.101484 -0.396278 0.025247 0.912155
5324.000000 1.858134 7.799913 -52.394511 0.062495 -0.409613 0.043560 0.909073
5325.000000 4.133194 2.672865 -52.442809 0.016560 -0.426764 0.065025 0.901870
5326.000000 7.118470 -3.122122 -51.754106 -0.035927 -0.448319 0.089123 0.888694
5327.000000 10.724961 -9.260683 -50.025036 -0.093144 -0.473589 0.114518 0.868288
5328.000000 14.645931 -15.232522 -47.130482 -0.151690 -0.500800 0.139229 0.840717
5329.000000 18.524401 -20.569949 -43.212818 -0.207718 -0.528014 0.161311 0.807486
5330.000000 22.148883 -25.016461 -38.585422 -0.258461 -0.553760 0.179583 0.770907
5331.000000 25.159842 -28.484449 -33.683415 -0.302563 -0.576714 0.193900 0.733661
5332.000000 27.387034 -30.995436 -29.035489 -0.338765 -0.595072 0.204797 0.699418
5333.000000 28.721408 -32.566797 -25.398333 -0.364431 -0.606561 0.212828 0.673779
5334.000000 29.119537 -33.222928 -23.659276 -0.375662 -0.609013 0.218154 0.663619
5335.000000 28.499626 -33.013175 -24.447405 -0.369147 -0.600584 0.220694 0.674035
5336.000000 26.631644 -31.865392 -27.708641 -0.344402 -0.579673 0.220617 0.704766
5337.000000 23.260751 -29.764023 -32.524835 -0.305041 -0.545736 0.218651 0.749209
5338.000000 18.474486 -26.960910 -37.471864 -0.258214 -0.501001 0.215940 0.797304
5339.000000 12.907071 -23.971858 -41.340307 -0.212183 -0.451067 0.213559 0.840184
5340.000000 7.497986 -21.391677 -43.660160 -0.173404 -0.403116 0.212114 0.873176
5341.000000 3.128213 -19.658172 -44.696488 -0.144981 -0.362958 0.211713 0.895779
5342.000000 -0.159302 -18.590227 -44.920684 -0.126969 -0.333044 0.212212 0.909905
5343.000000 -2.304310 -18.127172 -44.701086 -0.117584 -0.312489 0.213411 0.918140
5344.000000 -3.629489 -18.131672 -44.270275 -0.114355 -0.298641 0.215112 0.922748
5345.000000 -4.482817 -18.378901 -43.743127 -0.114894 -0.288926 0.217083 0.925308
5346.000000 -5.059520 -18.729852 -43.180693 -0.117406 -0.281934 0.219066 0.926682
5347.000000 -5.373249 -19.126598 -42.620388 -0.121005 -0.277512 0.220837 0.927133
5348.000000 -5.382383 -19.579935 -42.077735 -0.125718 -0.276231 0.222283 0.926543
5349.000000 -5.035966 -20.064228 -41.543138 -0.132086 -0.278663 0.223405 0.924657
5350.000000 -4.382208 -20.643947 -40.992408 -0.140539 -0.284828 0.224267 0.921317
5351.000000 -3.412225 -21.307969 -40.391413 -0.150981 -0.294044 0.224932 0.916596
5352.000000 -2.274091 -22.061969 -39.723372 -0.162880 -0.305225 0.225452 0.910757
5353.000000 -1.026930 -22.833493 -38.979099 -0.175688 -0.317397 0.225883 0.904085
5354.000000 0.252821 -23.676782 -38.150454 -0.189153 -0.330060 0.226267 0.896708
5355.000000 1.564798 -24.511550 -37.230351 -0.203258 -0.343194 0.226591 0.888572
5356.000000 2.908103 -25.359054 -36.215971 -0.217965 -0.356998 0.226764 0.879558
5357.000000 4.304192 -26.225500 -35.104252 -0.233085 -0.371590 0.226658 0.869608
5358.000000 5.726845 -27.042344 -33.904189 -0.248358 -0.386891 0.226187 0.858763
5359.000000 7.144930 -27.839571 -32.620991 -0.263568 -0.402712 0.225317 0.847105
5360.000000 8.548705 -28.597637 -31.264138 -0.278491 -0.418902 0.223999 0.834739
5361.000000 9.929169 -29.237557 -29.868281 -0.292680 -0.435308 0.222103 0.821898
5362.000000 11.213004 -29.768476 -28.503622 -0.305258 -0.451501 0.219457 0.809199
5363.000000 12.319257 -30.143241 -27.296439 -0.314881 -0.466563 0.215953 0.797830
5364.000000 13.184056 -30.250278 -26.415414 -0.319982 -0.479246 0.211573 0.789412
5365.000000 13.751265 -30.037120 -26.012340 -0.319254 -0.488500 0.206284 0.785425
5366.000000 13.989260 -29.537468 -26.156867 -0.312123 -0.494013 0.199906 0.786491
5367.000000 13.965276 -28.707673 -26.804896 -0.298902 -0.496460 0.192063 0.792021
5368.000000 13.760468 -27.511025 -27.820783 -0.280504 -0.497417 0.182209 0.800434
5369.000000 13.528212 -26.001356 -29.036740 -0.258001 -0.499010 0.169736 0.809700
5370.000000 13.478400 -24.188282 -30.290413 -0.232444 -0.503296 0.154267 0.817841
5371.000000 13.718394 -22.103060 -31.417997 -0.205101 -0.511387 0.136148 0.823335
5372.000000 14.224247 -19.965761 -32.292063 -0.177779 -0.522699 0.116778 0.825557
5373.000000 14.892182 -17.952238 -32.838772 -0.152757 -0.534935 0.098370 0.825126
5374.000000 15.493164 -16.244382 -33.095077 -0.132199 -0.545103 0.083137 0.823695
5375.000000 15.872048 -15.008770 -33.157157 -0.117458 -0.551034 0.072453 0.822992
5376.000000 15.952791 -14.309430 -33.099520 -0.108798 -0.552448 0.066545 0.823733
5377.000000 15.829598 -14.059670 -32.926220 -0.105656 -0.550975 0.064751 0.825270
5378.000000 15.713113 -14.164414 -32.595380 -0.107086 -0.549164 0.066007 0.826193
5379.000000 15.729882 -14.547693 -32.068466 -0.112002 -0.549140 0.069213 0.825294
5380.000000 15.951345 -15.060985 -31.355008 -0.119220 -0.551715 0.073412 0.822197
5381.000000 16.339072 -15.629751 -30.508816 -0.127505 -0.556402 0.077851 0.817373
5382.000000 16.804296 -16.192798 -29.608365 -0.135743 -0.562063 0.082015 0.811747
5383.000000 17.252207 -16.671271 -28.729452 -0.143137 -0.567595 0.085624 0.806236
5384.000000 17.624085 -17.066147 -27.924659 -0.149292 -0.572242 0.088603 0.801499
5385.000000 17.877648 -17.361043 -27.220149 -0.154155 -0.575610 0.091031 0.797887
5386.000000 18.042390 -17.597495 -26.616561 -0.157889 -0.577633 0.093047 0.795458
5387.000000 18.131616 -17.781877 -26.096690 -0.160733 -0.578571 0.094751 0.794005
5388.000000 18.176726 -17.905843 -25.633452 -0.162873 -0.578924 0.096135 0.793144
5389.000000 18.207526 -17.998898 -25.204041 -0.164377 -0.579194 0.097100 0.792518
5390.000000 18.233214 -18.051097 -24.803867 -0.165202 -0.579617 0.097549 0.791983
5391.000000 18.249816 -18.046903 -24.443372 -0.165243 -0.580056 0.097448 0.791665
5392.000000 18.260165 -18.001691 -24.139451 -0.164351 -0.580124 0.096807 0.791879
5393.000000 18.196426 -17.879984 -23.930070 -0.162275 -0.579402 0.095574 0.792986
5394.000000 18.074950 -17.686500 -23.840144 -0.158628 -0.577593 0.093561 0.795280
5395.000000 17.857158 -17.368389 -23.891674 -0.152946 -0.574590 0.090467 0.798918
5396.000000 17.574436 -16.939912 -24.091710 -0.144842 -0.570473 0.085989 0.803857
5397.000000 17.226677 -16.341999 -24.423034 -0.134179 -0.565494 0.079951 0.809827
5398.000000 16.831407 -15.620489 -24.846454 -0.121138 -0.560069 0.072366 0.816340
5399.000000 16.436185 -14.747349 -25.302280 -0.106163 -0.554778 0.063410 0.822757
5400.000000 16.108261 -13.782771 -25.731809 -0.089830 -0.550328 0.053359 0.828385
5401.000000 15.867716 -12.753210 -26.078955 -0.072703 -0.547457 0.042516 0.832585
5402.000000 15.771223 -11.667880 -26.301946 -0.055203 -0.546808 0.031144 0.834855
5403.000000 15.856995 -10.572751 -26.376768 -0.037511 -0.548828 0.019403 0.834868
5404.000000 16.136970 -9.454548 -26.292860 -0.019567 -0.553662 0.007335 0.832479
5405.000000 16.590457 -8.315225 -26.053777 -0.001213 -0.561038 -0.005058 0.827773
5406.000000 17.155901 -7.154202 -25.676168 0.017508 -0.570173 -0.017660 0.821148
5407.000000 17.782742 -6.053792 -25.193466 0.036121 -0.579881 -0.030120 0.813343
5408.000000 18.372058 -5.010881 -24.647297 0.053769 -0.588937 -0.041898 0.805299
5409.000000 18.874509 -4.091287 -24.086199 0.069603 -0.596485 -0.052490 0.797876
5410.000000 19.290937 -3.311621 -23.544318 0.083217 -0.602229 -0.061677 0.791575
5411.000000 19.573887 -2.654872 -23.038701 0.094814 -0.606325 -0.069621 0.786469
5412.000000 19.787722 -2.081448 -22.568293 0.104989 -0.609131 -0.076730 0.782336
5413.000000 19.962363 -1.580641 -22.125425 0.114363 -0.611015 -0.083414 0.778861
5414.000000 20.076882 -1.103165 -21.698510 0.123326 -0.612271 -0.089917 0.775777
5415.000000 20.171336 -0.630089 -21.278483 0.132012 -0.613109 -0.096296 0.772915
5416.000000 20.269659 -0.198780 -20.861926 0.140419 -0.613647 -0.102526 0.770200
5417.000000 20.341203 0.216261 -20.449129 0.148541 -0.613886 -0.108606 0.767649
5418.000000 20.380954 0.623450 -20.049827 0.156421 -0.613683 -0.114617 0.765369
5419.000000 20.391749 1.016219 -19.678144 0.164134 -0.612746 -0.120716 0.763564
5420.000000 20.366550 1.397358 -19.355209 0.171751 -0.610690 -0.127098 0.762500
5421.000000 20.246956 1.794817 -19.094481 0.179325 -0.607171 -0.133940 0.762395
5422.000000 20.091953 2.189359 -18.900328 0.186895 -0.602098 -0.141322 0.763267
5423.000000 19.861163 2.601373 -18.748231 0.194457 -0.595845 -0.149119 0.764800
5424.000000 19.636532 3.001259 -18.594416 0.201941 -0.589304 -0.156944 0.766361
5425.000000 19.451820 3.375342 -18.386951 0.209208 -0.583640 -0.164229 0.767219
5426.000000 19.356781 3.717433 -18.088094 0.216101 -0.579814 -0.170460 0.766850
5427.000000 19.323326 4.023835 -17.690160 0.222482 -0.578204 -0.175367 0.765133
5428.000000 19.394555 4.259022 -17.205400 0.228199 -0.578625 -0.178915 0.762304
5429.000000 19.518706 4.436594 -16.661500 0.233029 -0.580665 -0.181130 0.758761
5430.000000 19.693439 4.560989 -16.085060 0.236715 -0.583894 -0.182028 0.754917
5431.000000 19.866127 4.599578 -15.506965 0.239125 -0.587713 -0.181799 0.751240
5432.000000 19.993367 4.643222 -14.972848 0.240385 -0.591136 -0.180989 0.748342
5433.000000 20.042836 4.654778 -14.531761 0.240776 -0.593015 -0.180340 0.746885
5434.000000 20.056157 4.624451 -14.216305 0.240458 -0.592661 -0.180298 0.747279
5435.000000 19.969909 4.605527 -14.016003 0.239304 -0.590270 -0.180678 0.749447
5436.000000 19.848297 4.553921 -13.898318 0.237057 -0.586665 -0.180902 0.752929
5437.000000 19.684239 4.472512 -13.824069 0.233659 -0.582602 -0.180564 0.757215
5438.000000 19.469360 4.394941 -13.775727 0.229405 -0.578350 -0.179729 0.761959
5439.000000 19.319661 4.262822 -13.744012 0.224777 -0.573882 -0.178727 0.766936
5440.000000 19.125342 4.141686 -13.710607 0.220172 -0.569217 -0.177805 0.771947
5441.000000 18.945900 4.026856 -13.675921 0.215811 -0.564324 -0.177116 0.776913
5442.000000 18.729090 3.959546 -13.657595 0.211895 -0.558722 -0.176985 0.782053
5443.000000 18.445580 3.908434 -13.690999 0.208756 -0.551429 -0.178004 0.787821
5444.000000 18.128054 3.920200 -13.798214 0.206779 -0.541608 -0.180712 0.794510
5445.000000 17.754034 3.977635 -13.967115 0.206096 -0.529368 -0.185101 0.801893
5446.000000 17.343509 4.069643 -14.149293 0.206254 -0.515907 -0.190401 0.809349
5447.000000 16.911654 4.159938 -14.301900 0.206060 -0.502826 -0.195317 0.816429
5448.000000 16.505014 4.182026 -14.424385 0.203759 -0.491193 -0.198523 0.823286
5449.000000 16.125514 4.054357 -14.549154 0.197553 -0.481100 -0.199119 0.830582
5450.000000 15.738724 3.780697 -14.717668 0.186376 -0.471837 -0.196881 0.838971
5451.000000 15.322834 3.346893 -14.946112 0.170506 -0.462343 -0.192319 0.848634
5452.000000 14.847902 2.835828 -15.221583 0.151657 -0.451632 -0.186536 0.859205
5453.000000 14.284387 2.291703 -15.509132 0.132395 -0.439166 -0.180844 0.870000
5454.000000 13.708105 1.808609 -15.769848 0.115193 -0.425161 -0.176292 0.880278
5455.000000 13.141689 1.434779 -15.969035 0.101645 -0.410604 -0.173354 0.889394
5456.000000 12.616224 1.206746 -16.079478 0.092214 -0.396809 -0.171955 0.896923
5457.000000 12.172469 1.073452 -16.095263 0.086505 -0.384703 -0.171746 0.902786
5458.000000 11.774201 1.044603 -16.033254 0.083757 -0.374348 -0.172395 0.907264
5459.000000 11.467132 1.099843 -15.920122 0.083200 -0.365041 -0.173697 0.910853
5460.000000 11.182748 1.173925 -15.786948 0.084175 -0.355800 -0.175541 0.914060
5461.000000 10.873921 1.286137 -15.657347 0.086110 -0.345823 -0.177831 0.917261
5462.000000 10.523874 1.446858 -15.540333 0.088519 -0.334726 -0.180444 0.920632
5463.000000 10.174203 1.590783 -15.432839 0.091043 -0.322616 -0.183230 0.924152
5464.000000 9.784215 1.753110 -15.326538 0.093467 -0.309934 -0.186043 0.927681
5465.000000 9.423134 1.883140 -15.214715 0.095604 -0.297027 -0.188770 0.931129
5466.000000 9.037784 2.020775 -15.100997 0.097073 -0.283740 -0.191328 0.934592
5467.000000 8.553809 2.118355 -15.003205 0.097158 -0.269498 -0.193625 0.938318
5468.000000 8.096340 2.134577 -14.928923 0.094972 -0.253968 -0.195495 0.942477
5469.000000 7.635171 2.081843 -14.873307 0.089914 -0.237672 -0.196730 0.946955
5470.000000 7.138493 1.972778 -14.812740 0.082104 -0.221917 -0.197193 0.951382
5471.000000 6.627727 1.778261 -14.717924 0.072370 -0.208015 -0.196932 0.955358
5472.000000 6.253578 1.552267 -14.583042 0.061729 -0.196345 -0.196167 0.958727
5473.000000 5.894724 1.305716 -14.421554 0.050803 -0.185740 -0.195188 0.961676
5474.000000 5.479121 1.042572 -14.262321 0.039668 -0.173565 -0.194259 0.964658
5475.000000 4.928415 0.838379 -14.134875 0.028193 -0.156639 -0.193546 0.968096
5476.000000 4.232968 0.658597 -14.043737 0.016426 -0.132773 -0.193070 0.972021
5477.000000 3.392024 0.498470 -13.962033 0.004687 -0.102091 -0.192695 0.975922
5478.000000 2.445258 0.367295 -13.841589 -0.006574 -0.067223 -0.192233 0.979022
5479.000000 1.451361 0.268259 -13.643192 -0.016861 -0.032264 -0.191588 0.980800
5480.000000 0.607306 0.218525 -13.367454 -0.025601 -0.001250 -0.190820 0.981290
5481.000000 -0.028111 0.171750 -13.039169 -0.032206 0.022954 -0.190088 0.980970
5482.000000 -0.461614 0.132410 -12.689197 -0.036312 0.039059 -0.189533 0.980425
5483.000000 -0.686946 0.133195 -12.337085 -0.037992 0.047271 -0.189220 0.980060
5484.000000 -0.742693 0.148951 -11.992114 -0.037653 0.048932 -0.189130 0.980009
5485.000000 -0.674309 0.174622 -11.653468 -0.035706 0.045974 -0.189188 0.980214
5486.000000 -0.537965 0.222849 -11.317171 -0.032343 0.040297 -0.189306 0.980558
5487.000000 -0.381357 0.306230 -10.980346 -0.027734 0.033282 -0.189420 0.980940
5488.000000 -0.200585 0.371956 -10.640057 -0.022502 0.025626 -0.189516 0.981285
5489.000000 -0.015903 0.409743 -10.296660 -0.017992 0.017563 -0.189615 0.981537
5490.000000 0.136759 0.428549 -9.953379 -0.015926 0.009324 -0.189736 0.981662
5491.000000 0.270447 0.375365 -9.610204 -0.017519 0.001556 -0.189867 0.981652
5492.000000 0.369570 0.279016 -9.268797 -0.022650 -0.004576 -0.189965 0.981519
5493.000000 0.403264 0.160596 -8.928590 -0.029718 -0.007792 -0.189976 0.981308
5494.000000 0.373210 0.061788 -8.588543 -0.036396 -0.007419 -0.189873 0.981106
5495.000000 0.325126 -0.002264 -8.249512 -0.040799 -0.003986 -0.189681 0.980990
5496.000000 0.262334 -0.039306 -7.910953 -0.042307 0.000845 -0.189462 0.980976
5497.000000 0.203919 -0.023679 -7.570013 -0.041529 0.005089 -0.189288 0.981030
5498.000000 0.162957 0.009555 -7.228040 -0.039582 0.007488 -0.189194 0.981113
5499.000000 0.146756 0.049057 -6.885202 -0.037381 0.008053 -0.189172 0.981199
5500.000000 0.152503 0.084486 -6.541808 -0.035431 0.007810 -0.189179 0.981272
5501.000000 0.156233 0.085940 -6.199060 -0.034056 0.008052 -0.189169 0.981321
5502.000000 0.142866 0.089982 -5.856324 -0.033621 0.009657 -0.189113 0.981332
5503.000000 0.113042 0.094971 -5.514152 -0.034414 0.012735 -0.189008 0.981290
5504.000000 0.076582 0.091482 -5.172406 -0.036275 0.016555 -0.188880 0.981190
5505.000000 0.048449 0.075483 -4.830122 -0.038330 0.019728 -0.188773 0.981074
5506.000000 0.043979 0.069944 -4.487344 -0.039156 0.020705 -0.188742 0.981027
5507.000000 0.066631 0.092348 -4.144079 -0.037390 0.018500 -0.188817 0.981126
5508.000000 0.085802 0.118630 -3.800653 -0.032451 0.013214 -0.188977 0.981356
5509.000000 0.115065 0.115606 -3.456542 -0.024820 0.005927 -0.189164 0.981614
5510.000000 0.183314 0.179108 -3.110827 -0.015655 -0.002007 -0.189331 0.981787
5511.000000 0.232287 0.218000 -2.760758 -0.005988 -0.009741 -0.189463 0.981821
5512.000000 0.285727 0.245951 -2.409472 0.003873 -0.017264 -0.189568 0.981708
5513.000000 0.310418 0.286339 -2.056393 0.014321 -0.025191 -0.189652 0.981424
5514.000000 0.338536 0.321928 -1.700919 0.025856 -0.034248 -0.189699 0.980904
5515.000000 0.379501 0.333858 -1.342334 0.038385 -0.044727 -0.189673 0.980077
5516.000000 0.379922 0.326131 -0.984865 0.050931 -0.056080 -0.189539 0.978946
5517.000000 0.382713 0.352681 -0.627561 0.061952 -0.066907 -0.189311 0.977674
5518.000000 0.382699 0.350075 -0.272920 0.070037 -0.075457 -0.189065 0.976553
5519.000000 0.384365 0.356641 0.076673 0.074507 -0.080455 -0.188896 0.975856
5520.000000 0.312906 0.323722 0.198242 0.064481 -0.072799 -0.158967 0.982483
5521.000000 0.056273 0.078042 0.045917 0.019610 -0.036638 -0.037952 0.998415
5522.000000 -0.062201 -0.277017 -0.018475 -0.025619 0.000191 0.083754 0.996157
5523.000000 -0.062052 -0.271913 -0.381951 -0.028445 0.000856 0.083762 0.996079
5524.000000 -0.073033 -0.319527 -0.741872 -0.035035 0.002440 0.083778 0.995865
5525.000000 -0.069149 -0.337705 -1.099006 -0.045623 0.005054 0.083796 0.995425
5526.000000 -0.079886 -0.333521 -1.453457 -0.059129 0.008505 0.083811 0.994689
5527.000000 -0.071218 -0.338019 -1.805860 -0.073421 0.012357 0.083823 0.993695
5528.000000 -0.082501 -0.397576 -2.161546 -0.086168 0.016153 0.083849 0.992614
5529.000000 -0.104723 -0.424612 -2.518015 -0.095752 0.019622 0.083914 0.991668
5530.000000 -0.115009 -0.440868 -2.877415 -0.101527 0.022659 0.084041 0.991018
5531.000000 -0.107758 -0.448780 -3.239721 -0.103387 0.025097 0.084230 0.990751
5532.000000 -0.135183 -0.441786 -3.606087 -0.101238 0.026520 0.084452 0.990916
5533.000000 -0.126497 -0.366608 -3.974161 -0.094968 0.026328 0.084650 0.991525
5534.000000 -0.096757 -0.285925 -4.343414 -0.084915 0.024058 0.084769 0.992484
5535.000000 -0.078698 -0.199972 -4.714126 -0.072364 0.019752 0.084777 0.993572
5536.000000 -0.045806 -0.090478 -5.083424 -0.059474 0.014112 0.084688 0.994531
5537.000000 -0.000681 0.007448 -5.449369 -0.048566 0.008298 0.084546 0.995201
5538.000000 0.043094 0.076885 -5.813702 -0.041189 0.003462 0.084408 0.995574
5539.000000 0.069997 0.119808 -6.178175 -0.037627 0.000267 0.084308 0.995729
5540.000000 0.078025 0.139622 -6.542769 -0.037092 -0.001423 0.084250 0.995753
5541.000000 0.102140 0.116266 -6.908316 -0.038294 -0.002511 0.084209 0.995709
5542.000000 0.145307 0.099085 -7.273308 -0.039905 -0.004219 0.084142 0.995645
5543.000000 0.200019 0.097223 -7.637746 -0.040711 -0.007295 0.084017 0.995606
5544.000000 0.244786 0.131716 -8.000306 -0.039675 -0.011319 0.083840 0.995625
5545.000000 0.262203 0.198984 -8.361738 -0.036228 -0.014708 0.083670 0.995726
5546.000000 0.260558 0.277596 -8.723629 -0.030720 -0.015574 0.083576 0.995906
5547.000000 0.212523 0.374511 -9.086712 -0.024604 -0.012880 0.083590 0.996113
5548.000000 0.107773 0.420164 -9.449370 -0.019973 -0.007006 0.083688 0.996267
5549.000000 -0.037757 0.430045 -9.814900 -0.018602 0.000645 0.083819 0.996307
5550.000000 -0.162092 0.364215 -10.179853 -0.021072 0.008587 0.083935 0.996211
5551.000000 -0.311172 0.254048 -10.545664 -0.026583 0.015978 0.084005 0.995983
5552.000000 -0.451106 0.112388 -10.909160 -0.033505 0.022653 0.084030 0.995642
5553.000000 -0.548775 -0.046186 -11.268983 -0.040187 0.028588 0.084039 0.995241
5554.000000 -0.639290 -0.168466 -11.628126 -0.045414 0.033272 0.084049 0.994870
5555.000000 -0.678944 -0.229403 -11.989727 -0.048314 0.035422 0.084037 0.994660
5556.000000 -0.607953 -0.207010 -12.357689 -0.048023 0.033191 0.083938 0.994760
5557.000000 -0.390368 -0.070623 -12.732088 -0.043609 0.024722 0.083667 0.995232
5558.000000 -0.004462 0.214946 -13.101134 -0.034383 0.008804 0.083137 0.995906
5559.000000 0.561493 0.616183 -13.441889 -0.020348 -0.014545 0.082296 0.996294
5560.000000 1.308926 1.140636 -13.720150 -0.002383 -0.043694 0.081163 0.995740
5561.000000 2.106927 1.769011 -13.913508 0.017944 -0.075400 0.079828 0.993791
5562.000000 2.827207 2.384101 -14.034003 0.038808 -0.105526 0.078393 0.990562
5563.000000 3.434171 2.962091 -14.129446 0.058642 -0.130448 0.076895 0.986728
5564.000000 3.918444 3.483952 -14.242919 0.076589 -0.148522 0.075297 0.983059
5565.000000 4.231716 3.987330 -14.389719 0.092696 -0.160653 0.073561 0.979891
5566.000000 4.459653 4.440509 -14.551771 0.107644 -0.169578 0.071720 0.976991
5567.000000 4.672041 4.855933 -14.700826 0.122066 -0.178374 0.069922 0.973855
5568.000000 4.991304 5.304505 -14.816229 0.135907 -0.189104 0.068416 0.970097
5569.000000 5.371403 5.678473 -14.895602 0.148343 -0.202244 0.067480 0.965680
5570.000000 5.746168 5.982045 -14.962834 0.158339 -0.216995 0.067295 0.960892
5571.000000 6.166657 6.230112 -15.042308 0.165376 -0.232144 0.067863 0.956114
5572.000000 6.662756 6.419013 -15.141454 0.169762 -0.246892 0.069028 0.951557
5573.000000 7.087354 6.516281 -15.256290 0.172344 -0.261108 0.070578 0.947174
5574.000000 7.496598 6.602968 -15.372834 0.173957 -0.274963 0.072327 0.942817
5575.000000 7.927059 6.670725 -15.488487 0.175096 -0.288433 0.074139 0.938430
5576.000000 8.323103 6.729298 -15.608151 0.175988 -0.301174 0.075896 0.934110
5577.000000 8.713162 6.788395 -15.735965 0.176880 -0.312819 0.077460 0.929977
5578.000000 9.038188 6.875495 -15.871114 0.178250 -0.323328 0.078656 0.926013
5579.000000 9.346068 6.985914 -15.996345 0.180860 -0.333124 0.079265 0.921974
5580.000000 9.693373 7.181031 -16.080921 0.185686 -0.342927 0.079015 0.917431
5581.000000 10.022620 7.509204 -16.095164 0.193783 -0.353321 0.077557 0.911920
5582.000000 10.355441 7.963771 -16.016960 0.206023 -0.364292 0.074491 0.905150
5583.000000 10.664316 8.567176 -15.842397 0.222693 -0.375084 0.069498 0.897156
5584.000000 10.927661 9.285757 -15.593392 0.243095 -0.384633 0.062585 0.888282
5585.000000 11.147325 10.062231 -15.304593 0.265408 -0.392309 0.054333 0.879033
5586.000000 11.315404 10.767564 -15.019092 0.287066 -0.398424 0.045924 0.869909
5587.000000 11.472971 11.376580 -14.775732 0.305597 -0.404143 0.038845 0.861261
5588.000000 11.690614 11.839479 -14.588337 0.319531 -0.410940 0.034331 0.853141
5589.000000 11.981002 12.160130 -14.439885 0.328870 -0.419928 0.032866 0.845236
5590.000000 12.369784 12.385777 -14.294474 0.334846 -0.431344 0.034011 0.837057
5591.000000 12.789453 12.547222 -14.128512 0.339156 -0.444326 0.036614 0.828376
5592.000000 13.172243 12.702805 -13.951048 0.343185 -0.457195 0.039307 0.819544
5593.000000 13.514143 12.852269 -13.805032 0.347640 -0.468237 0.041027 0.811306
5594.000000 13.770933 13.041411 -13.723513 0.352654 -0.476576 0.041333 0.804240
5595.000000 13.993226 13.231846 -13.704628 0.358109 -0.482466 0.040370 0.798345
5596.000000 14.124063 13.430633 -13.727069 0.363873 -0.486812 0.038566 0.793172
5597.000000 14.229909 13.635629 -13.762904 0.369832 -0.490438 0.036324 0.788274
5598.000000 14.287572 13.844905 -13.798663 0.375775 -0.493768 0.033960 0.783475
5599.000000 14.445819 14.029250 -13.849848 0.381327 -0.496978 0.031793 0.778840
5600.000000 14.550111 14.196315 -13.930568 0.386019 -0.500115 0.030158 0.774574
5601.000000 14.624106 14.312589 -14.063181 0.389448 -0.502923 0.029208 0.771068
5602.000000 14.676277 14.378507 -14.285662 0.391397 -0.504745 0.028779 0.768904
5603.000000 14.651028 14.401677 -14.627413 0.391827 -0.504891 0.028560 0.768597
5604.000000 14.622231 14.350789 -15.093390 0.390784 -0.503245 0.028462 0.770209
5605.000000 14.538347 14.243366 -15.653396 0.388328 -0.500500 0.028776 0.773222
5606.000000 14.414066 14.097553 -16.255131 0.384569 -0.497784 0.029970 0.776801
5607.000000 14.359759 13.893680 -16.850387 0.379729 -0.496112 0.032373 0.780148
5608.000000 14.379562 13.649276 -17.400724 0.374152 -0.496170 0.036059 0.782640
5609.000000 14.504522 13.399316 -17.872959 0.368225 -0.498402 0.040954 0.783791
5610.000000 14.737446 13.151314 -18.245935 0.362251 -0.503026 0.046922 0.783286
5611.000000 15.056993 12.901563 -18.519264 0.356367 -0.509825 0.053742 0.781149
5612.000000 15.449927 12.651464 -18.719909 0.350531 -0.518004 0.061082 0.777862
5613.000000 15.875520 12.412757 -18.896035 0.344582 -0.526404 0.068571 0.774248
5614.000000 16.234865 12.141516 -19.098783 0.338330 -0.533959 0.075932 0.771139
5615.000000 16.579721 11.846861 -19.363519 0.331643 -0.540068 0.083058 0.769052
5616.000000 16.829287 11.522360 -19.694685 0.324479 -0.544666 0.089986 0.768085
5617.000000 17.046486 11.161749 -20.081606 0.316861 -0.548051 0.096826 0.768026
5618.000000 17.246301 10.772352 -20.501977 0.308831 -0.550636 0.103703 0.768550
5619.000000 17.409358 10.352510 -20.940104 0.300410 -0.552761 0.110717 0.769384
5620.000000 17.569298 9.900806 -21.384291 0.291599 -0.554593 0.117922 0.770383
5621.000000 17.735006 9.413671 -21.835366 0.282372 -0.556130 0.125338 0.771541
5622.000000 17.878243 8.897981 -22.297600 0.272603 -0.557242 0.133031 0.772963
5623.000000 17.998392 8.306065 -22.783215 0.261946 -0.557736 0.141224 0.774836
5624.000000 18.133098 7.620646 -23.303292 0.249792 -0.557396 0.150333 0.777376
5625.000000 18.203840 6.766191 -23.861168 0.235430 -0.556010 0.160847 0.780740
5626.000000 18.254311 5.737872 -24.446698 0.218417 -0.553444 0.173052 0.784886
5627.000000 18.312641 4.545845 -25.027428 0.198936 -0.549807 0.186794 0.789459
5628.000000 18.364974 3.250785 -25.553307 0.177844 -0.545609 0.201466 0.793784
5629.000000 18.490858 1.918744 -25.974364 0.156318 -0.541771 0.216263 0.797044
5630.000000 18.704441 0.625513 -26.251559 0.135341 -0.539384 0.230501 0.798509
5631.000000 19.059156 -0.557804 -26.361090 0.115410 -0.539351 0.243794 0.797713
5632.000000 19.576316 -1.610470 -26.296919 0.096609 -0.542120 0.255998 0.794505
5633.000000 20.251797 -2.542530 -26.071014 0.078898 -0.547612 0.267059 0.789035
5634.000000 21.027047 -3.332762 -25.711697 0.062350 -0.555295 0.276897 0.781721
5635.000000 21.841567 -4.016316 -25.269481 0.047220 -0.564325 0.285394 0.773213
5636.000000 22.657403 -4.558172 -24.807631 0.033890 -0.573722 0.292436 0.764314
5637.000000 23.367523 -4.974967 -24.394196 0.022736 -0.582559 0.297972 0.755858
5638.000000 23.963073 -5.289929 -24.091993 0.013985 -0.590109 0.302061 0.748555
5639.000000 24.423003 -5.503660 -23.938834 0.007606 -0.595929 0.304895 0.742866
5640.000000 24.716510 -5.651626 -23.946231 0.003312 -0.599865 0.306766 0.738949
5641.000000 24.902820 -5.743328 -24.102228 0.000686 -0.602017 0.307971 0.736701
5642.000000 24.959346 -5.802886 -24.385454 -0.000637 -0.602669 0.308700 0.735863
5643.000000 24.937731 -5.823253 -24.766108 -0.000853 -0.602202 0.308987 0.736124
5644.000000 24.858328 -5.798663 -25.222418 -0.000057 -0.601018 0.308781 0.737178
5645.000000 24.721388 -5.737354 -25.729713 0.001611 -0.599475 0.308073 0.738727
5646.000000 24.556900 -5.657316 -26.265201 0.003883 -0.597790 0.306983 0.740536
5647.000000 24.408238 -5.538309 -26.821717 0.006499 -0.595860 0.305718 0.742594
5648.000000 24.144398 -5.434887 -27.435739 0.009505 -0.593057 0.304415 0.745335
5649.000000 23.704990 -5.302105 -28.179022 0.013467 -0.588210 0.302990 0.749683
5650.000000 23.017461 -5.125487 -29.141610 0.019402 -0.580003 0.301054 0.756695
5651.000000 21.946417 -4.847185 -30.362758 0.028426 -0.567720 0.297952 0.766884
5652.000000 20.507003 -4.357305 -31.789428 0.041319 -0.551904 0.292929 0.779671
5653.000000 18.839570 -3.585262 -33.289876 0.058260 -0.534413 0.285387 0.793450
5654.000000 17.068729 -2.471879 -34.706432 0.078876 -0.517749 0.275108 0.806245
5655.000000 15.408994 -1.001292 -35.918155 0.102590 -0.504075 0.262247 0.816462
5656.000000 13.994741 0.902636 -36.865806 0.129150 -0.494530 0.247025 0.823249
5657.000000 12.837136 3.246804 -37.522765 0.159080 -0.489049 0.229316 0.826401
5658.000000 11.858361 6.115663 -37.853783 0.193702 -0.486443 0.208448 0.826076
5659.000000 10.863774 9.580572 -37.798122 0.234371 -0.484530 0.183460 0.822584
5660.000000 9.634270 13.602214 -37.248442 0.280978 -0.480610 0.153892 0.816322
5661.000000 8.208624 17.768995 -36.139845 0.330577 -0.472643 0.120802 0.807920
5662.000000 6.686343 21.570735 -34.625871 0.377484 -0.460641 0.087357 0.798552
5663.000000 5.298220 24.581129 -33.122826 0.415352 -0.446987 0.058195 0.790126
5664.000000 4.217854 26.491308 -32.107563 0.439866 -0.434913 0.037462 0.784834
5665.000000 3.476713 27.273104 -31.880578 0.450139 -0.426230 0.026718 0.784212
5666.000000 2.982177 27.109921 -32.432807 0.448301 -0.420251 0.024329 0.788558
5667.000000 2.540466 26.272373 -33.534430 0.438046 -0.414608 0.026767 0.797182
5668.000000 1.923053 24.991311 -34.913215 0.422996 -0.407051 0.030733 0.808974
5669.000000 1.111836 23.455927 -36.370253 0.405568 -0.396785 0.034535 0.822729
5670.000000 0.140201 21.739407 -37.793128 0.386838 -0.384572 0.038040 0.837266
5671.000000 -0.935777 19.938407 -39.139997 0.367302 -0.371814 0.041667 0.851533
5672.000000 -1.965910 18.102596 -40.355509 0.347739 -0.359465 0.045455 0.864752
5673.000000 -3.007706 16.385227 -41.405344 0.329419 -0.347528 0.048835 0.876540
5674.000000 -4.044134 14.841161 -42.258914 0.313622 -0.335265 0.051026 0.886925
5675.000000 -5.261410 13.564598 -42.913828 0.301100 -0.321763 0.051489 0.896190
5676.000000 -6.682003 12.640119 -43.373346 0.292016 -0.306476 0.050083 0.904594
5677.000000 -8.259885 12.038250 -43.645477 0.286235 -0.289495 0.046984 0.912170
5678.000000 -9.903296 11.697385 -43.745655 0.283506 -0.271486 0.042560 0.918754
5679.000000 -11.616219 11.596835 -43.709188 0.283415 -0.253330 0.037269 0.924181
5680.000000 -13.284652 11.720627 -43.568855 0.285429 -0.235778 0.031542 0.928410
5681.000000 -14.793624 12.028241 -43.353178 0.289163 -0.219374 0.025693 0.931450
5682.000000 -16.126892 12.500839 -43.092511 0.294505 -0.204644 0.019951 0.933268
5683.000000 -17.291882 13.088572 -42.832428 0.301227 -0.192252 0.014608 0.933857
5684.000000 -18.109729 13.705025 -42.639861 0.308284 -0.182949 0.010157 0.933482
5685.000000 -18.644310 14.161310 -42.627615 0.313471 -0.177320 0.007265 0.932867
5686.000000 -18.780226 14.164120 -42.899797 0.313887 -0.175395 0.006532 0.933097
5687.000000 -18.698725 13.526885 -43.497227 0.307097 -0.176165 0.008090 0.935196
5688.000000 -18.598161 12.127419 -44.320167 0.292376 -0.177398 0.011311 0.939637
5689.000000 -18.727454 10.181163 -45.138501 0.271285 -0.176252 0.014979 0.946105
5690.000000 -19.203877 7.911587 -45.756681 0.247108 -0.170724 0.017938 0.953661
5691.000000 -20.080076 5.635597 -46.082764 0.223339 -0.161051 0.019749 0.961141
5692.000000 -21.054205 3.621088 -46.192046 0.202208 -0.149909 0.020794 0.967578
5693.000000 -21.834499 1.892184 -46.286301 0.184199 -0.141068 0.021843 0.972468
5694.000000 -22.146598 0.427694 -46.539307 0.168658 -0.137404 0.023503 0.975767
5695.000000 -21.878553 -0.888664 -47.012136 0.154741 -0.139576 0.025920 0.977702
5696.000000 -21.257185 -2.083191 -47.637250 0.142020 -0.146063 0.028817 0.978604
5697.000000 -20.432693 -3.176373 -48.306493 0.130610 -0.154255 0.031735 0.978846
5698.000000 -19.656285 -4.095568 -48.922326 0.121000 -0.161773 0.034255 0.978783
5699.000000 -19.104011 -4.771188 -49.448824 0.113682 -0.167272 0.036136 0.978668
5700.000000 -18.737677 -5.259389 -49.897014 0.108655 -0.170542 0.037369 0.978628
5701.000000 -18.580199 -5.650944 -50.289442 0.105074 -0.172109 0.038169 0.978714
5702.000000 -18.495073 -6.002928 -50.638256 0.101462 -0.172735 0.038881 0.978957
5703.000000 -18.431353 -6.540701 -50.962017 0.096518 -0.173073 0.039806 0.979360
5704.000000 -18.365442 -7.196864 -51.260190 0.089950 -0.173532 0.041034 0.979853
5705.000000 -18.250415 -7.934384 -51.552101 0.082625 -0.174275 0.042421 0.980307
5706.000000 -18.119864 -8.659773 -51.853282 0.075851 -0.175284 0.043726 0.980617
5707.000000 -17.970074 -9.215067 -52.162932 0.070273 -0.176383 0.044817 0.980786
5708.000000 -17.866234 -9.762982 -52.469566 0.065165 -0.177226 0.045803 0.980942
5709.000000 -17.825809 -10.477045 -52.714814 0.058572 -0.177330 0.047016 0.981281
5710.000000 -17.886306 -11.603701 -52.826367 0.048292 -0.176235 0.048833 0.981949
5711.000000 -18.086904 -13.215178 -52.740845 0.033174 -0.173692 0.051449 0.982896
5712.000000 -18.361512 -15.283832 -52.435982 0.014013 -0.169718 0.054724 0.983872
5713.000000 -18.839359 -17.437695 -51.949003 -0.006553 -0.164468 0.058210 0.984642
5714.000000 -19.373443 -19.357134 -51.396311 -0.025175 -0.158062 0.061373 0.985198
5715.000000 -20.048779 -20.871828 -50.902227 -0.039248 -0.150516 0.063848 0.985763
5716.000000 -20.898423 -21.801726 -50.535279 -0.047778 -0.141774 0.065555 0.986570
5717.000000 -21.866945 -22.194601 -50.291254 -0.051277 -0.131753 0.066634 0.987710
5718.000000 -23.024538 -22.251334 -50.114136 -0.051060 -0.120323 0.067315 0.989133
5719.000000 -24.342501 -22.110778 -49.920369 -0.048560 -0.107270 0.067814 0.990725
5720.000000 -25.861185 -21.846670 -49.637396 -0.044894 -0.092348 0.068281 0.992368
5721.000000 -27.541061 -21.541664 -49.215732 -0.040612 -0.075432 0.068778 0.993947
5722.000000 -29.398953 -21.181733 -48.652044 -0.035623 -0.056715 0.069291 0.995346
5723.000000 -31.342203 -20.711885 -47.982046 -0.029395 -0.036774 0.069771 0.996451
5724.000000 -33.296236 -20.094053 -47.263210 -0.021412 -0.016423 0.070186 0.997169
5725.000000 -35.221955 -19.317140 -46.543792 -0.011566 0.003593 0.070538 0.997436
5726.000000 -37.053498 -18.415850 -45.837461 -0.000249 0.022840 0.070851 0.997225
5727.000000 -38.771318 -17.447363 -45.131703 0.011894 0.041228 0.071143 0.996543
5728.000000 -40.405579 -16.472641 -44.410753 0.024298 0.058835 0.071416 0.995413
5729.000000 -41.962637 -15.497989 -43.670529 0.036646 0.075685 0.071671 0.993877
5730.000000 -43.382893 -14.552004 -42.928302 0.048839 0.091613 0.071919 0.991993
5731.000000 -44.698691 -13.628742 -42.228107 0.060867 0.106295 0.072188 0.989841
5732.000000 -45.865171 -12.723731 -41.611414 0.072718 0.119372 0.072519 0.987524
5733.000000 -46.849827 -11.829680 -41.116048 0.084359 0.130578 0.072952 0.985145
5734.000000 -47.674008 -10.956130 -40.767770 0.095758 0.139778 0.073521 0.982796
5735.000000 -48.318268 -10.094429 -40.581273 0.106908 0.146937 0.074255 0.980544
5736.000000 -48.802281 -9.236960 -40.564063 0.117835 0.152078 0.075181 0.978435
5737.000000 -49.130605 -8.374960 -40.718172 0.128607 0.155258 0.076327 0.976488
5738.000000 -49.302674 -7.503063 -41.038634 0.139307 0.156565 0.077715 0.974701
5739.000000 -49.333106 -6.609359 -41.521070 0.149998 0.156071 0.079366 0.973059
5740.000000 -49.211333 -5.687394 -42.163952 0.160697 0.153784 0.081301 0.971554
5741.000000 -48.925978 -4.734607 -42.971247 0.171376 0.149642 0.083544 0.970185
5742.000000 -48.469876 -3.751592 -43.945158 0.181990 0.143573 0.086122 0.968942
5743.000000 -47.836130 -2.738756 -45.076023 0.192494 0.135612 0.089043 0.967795
5744.000000 -47.032942 -1.688830 -46.333133 0.202848 0.125988 0.092273 0.966678
5745.000000 -46.095626 -0.617686 -47.662181 0.212989 0.115178 0.095719 0.965509
5746.000000 -45.086472 0.458160 -48.993358 0.222805 0.103871 0.099228 0.964221
5747.000000 -44.075096 1.513708 -50.255466 0.232104 0.092862 0.102605 0.962796
5748.000000 -43.146236 2.505641 -51.390511 0.240636 0.082900 0.105655 0.961280
5749.000000 -42.358579 3.396987 -52.362702 0.248143 0.074576 0.108215 0.959767
5750.000000 -41.759603 4.144663 -53.155726 0.254444 0.068288 0.110172 0.958362
5751.000000 -41.387300 4.745467 -53.764828 0.259478 0.064272 0.111460 0.957140
5752.000000 -41.266193 5.189234 -54.190255 0.263264 0.062644 0.112043 0.956145
5753.000000 -41.383912 5.452820 -54.437304 0.265818 0.063413 0.111914 0.955403
5754.000000 -41.747095 5.550707 -54.516415 0.267113 0.066467 0.111093 0.954930
5755.000000 -42.318977 5.490170 -54.442437 0.267153 0.071589 0.109632 0.954717
5756.000000 -43.081810 5.286105 -54.229778 0.266071 0.078490 0.107608 0.954707
5757.000000 -43.980099 4.970839 -53.893913 0.264152 0.086820 0.105126 0.954796
5758.000000 -44.979117 4.592608 -53.456573 0.261729 0.096164 0.102317 0.954873
5759.000000 -46.029137 4.187433 -52.950880 0.259061 0.106042 0.099329 0.954870
5760.000000 -47.068332 3.776680 -52.417278 0.256281 0.115963 0.096308 0.954776
5761.000000 -48.060546 3.372323 -51.896014 0.253438 0.125512 0.093375 0.954619
5762.000000 -48.978352 2.977005 -51.415691 0.250573 0.134426 0.090605 0.954428
5763.000000 -49.815946 2.599637 -50.988971 0.247741 0.142608 0.088032 0.954221
5764.000000 -50.565589 2.236569 -50.616098 0.244967 0.150098 0.085648 0.954005
5765.000000 -51.260742 1.875380 -50.291223 0.242074 0.157008 0.083395 0.953831
5766.000000 -51.897930 1.425953 -50.012636 0.238303 0.163468 0.081126 0.953891
5767.000000 -52.465317 0.699976 -49.789484 0.231836 0.169564 0.078534 0.954637
5768.000000 -52.949057 -0.604028 -49.636729 0.219707 0.175270 0.075133 0.956747
5769.000000 -53.309393 -2.786512 -49.536875 0.199041 0.180378 0.070450 0.960668
5770.000000 -53.515034 -5.802860 -49.411409 0.170145 0.184494 0.064539 0.965840
5771.000000 -53.583670 -8.830687 -49.224404 0.140213 0.187211 0.058658 0.970490
5772.000000 -53.575610 -9.847299 -49.151194 0.129166 0.187978 0.056511 0.972001
5773.000000 -53.574532 -7.426588 -49.312493 0.154531 0.186047 0.061455 0.968365
5774.000000 -53.430397 -4.214172 -49.483239 0.185372 0.182588 0.067606 0.963186
5775.000000 -53.147044 -1.573344 -49.584034 0.210544 0.177920 0.072969 0.958484
5776.000000 -52.720863 0.144408 -49.704024 0.226689 0.172473 0.076969 0.955479
5777.000000 -52.191945 1.114218 -49.893079 0.235571 0.166559 0.079898 0.954139
5778.000000 -51.586647 1.669622 -50.145966 0.240382 0.160287 0.082277 0.953811
5779.000000 -50.922856 2.058224 -50.448030 0.243564 0.153617 0.084511 0.953906
5780.000000 -50.199066 2.417870 -50.796117 0.246350 0.146433 0.086819 0.954113
5781.000000 -49.407635 2.784190 -51.195306 0.249149 0.138608 0.089294 0.954327
5782.000000 -48.526489 3.172561 -51.649456 0.252005 0.130058 0.091967 0.954526
5783.000000 -47.575262 3.573334 -52.153061 0.254865 0.120805 0.094825 0.954703
5784.000000 -46.551667 3.982766 -52.684806 0.257681 0.111026 0.097814 0.954833
5785.000000 -45.501928 4.391274 -53.209926 0.260415 0.101068 0.100836 0.954883
5786.000000 -44.472457 4.786304 -53.686305 0.262984 0.091394 0.103754 0.954841
5787.000000 -43.513219 5.135793 -54.076061 0.265195 0.082501 0.106417 0.954746
5788.000000 -42.677851 5.405693 -54.352488 0.266738 0.074838 0.108684 0.954693
5789.000000 -42.008085 5.540180 -54.497589 0.267286 0.068786 0.110438 0.954793
5790.000000 -41.535276 5.525316 -54.497057 0.266624 0.064666 0.111587 0.955132
5791.000000 -41.297046 5.342206 -54.335670 0.264696 0.062733 0.112067 0.955741
5792.000000 -41.296292 4.982854 -54.000308 0.261525 0.063156 0.111841 0.956612
5793.000000 -41.546547 4.467882 -53.483381 0.257120 0.065986 0.110903 0.957724
5794.000000 -42.030018 3.787975 -52.782050 0.251451 0.071160 0.109274 0.959045
5795.000000 -42.731707 2.966310 -51.898346 0.244531 0.078504 0.107004 0.960516
5796.000000 -43.598074 2.020692 -50.841597 0.236483 0.087708 0.104182 0.962044
5797.000000 -44.575618 0.991048 -49.637168 0.227534 0.098280 0.100946 0.963525
5798.000000 -45.597194 -0.081721 -48.332022 0.217948 0.109538 0.097477 0.964883
5799.000000 -46.577646 -1.155811 -46.992895 0.207950 0.120692 0.093977 0.966105
5800.000000 -47.455481 -2.213166 -45.691744 0.197693 0.130984 0.090624 0.967237
5801.000000 -48.175863 -3.247708 -44.492345 0.187258 0.139820 0.087541 0.968360
5802.000000 -48.723962 -4.244435 -43.437632 0.176694 0.146850 0.084790 0.969549
5803.000000 -49.087924 -5.214143 -42.546794 0.166042 0.151950 0.082382 0.970852
5804.000000 -49.287225 -6.149580 -41.822320 0.155347 0.155155 0.080296 0.972289
5805.000000 -49.334777 -7.057257 -41.259875 0.144652 0.156541 0.078507 0.973862
5806.000000 -49.232892 -7.940711 -40.857907 0.133961 0.156140 0.076989 0.975575
5807.000000 -48.982797 -8.807127 -40.619899 0.123236 0.153908 0.075725 0.977441
5808.000000 -48.575022 -9.664772 -40.551151 0.112396 0.149757 0.074692 0.979470
5809.000000 -48.019058 -10.523390 -40.653789 0.101364 0.143612 0.073866 0.981654
5810.000000 -47.283001 -11.394255 -40.922383 0.090090 0.135432 0.073218 0.983962
5811.000000 -46.377450 -12.273928 -41.346551 0.078567 0.125220 0.072721 0.986336
5812.000000 -45.302387 -13.171974 -41.906900 0.066816 0.113054 0.072343 0.988697
5813.000000 -44.059067 -14.090850 -42.570525 0.054874 0.099133 0.072048 0.990944
5814.000000 -42.694479 -15.018326 -43.297798 0.042763 0.083782 0.071794 0.992974
5815.000000 -41.193569 -15.972263 -44.042574 0.030489 0.067360 0.071546 0.994693
5816.000000 -39.595822 -16.952846 -44.774229 0.018089 0.050124 0.071282 0.996032
5817.000000 -37.919130 -17.939647 -45.485136 0.005759 0.032137 0.070999 0.996942
5818.000000 -36.144213 -18.882611 -46.188996 -0.006053 0.013325 0.070698 0.997390
5819.000000 -34.261546 -19.722400 -46.901844 -0.016707 -0.006337 0.070368 0.997361
5820.000000 -32.322876 -20.422667 -47.625219 -0.025642 -0.026598 0.069987 0.996863
5821.000000 -30.360438 -20.966038 -48.326537 -0.032702 -0.046849 0.069538 0.995942
5822.000000 -28.454005 -21.369513 -48.950393 -0.038233 -0.066271 0.069035 0.994676
5823.000000 -26.668466 -21.698726 -49.444550 -0.042822 -0.084137 0.068525 0.993173
5824.000000 -25.075349 -21.989918 -49.793927 -0.046823 -0.100056 0.068046 0.991547
5825.000000 -23.657424 -22.206257 -50.023790 -0.050014 -0.114015 0.067576 0.989915
5826.000000 -22.434325 -22.251841 -50.199195 -0.051540 -0.126225 0.067010 0.988393
5827.000000 -21.363328 -22.049150 -50.400588 -0.050084 -0.136930 0.066160 0.987099
5828.000000 -20.452949 -21.425114 -50.701374 -0.044202 -0.146299 0.064793 0.986126
5829.000000 -19.678885 -20.176286 -51.136446 -0.032883 -0.154434 0.062708 0.985463
5830.000000 -19.090933 -18.432631 -51.670903 -0.016302 -0.161406 0.059861 0.984936
5831.000000 -18.589083 -16.377283 -52.210011 0.003695 -0.167242 0.056475 0.984290
5832.000000 -18.200889 -14.210857 -52.615498 0.023968 -0.171875 0.053027 0.983399
5833.000000 -17.986801 -12.341712 -52.810026 0.041338 -0.175149 0.050041 0.982400
5834.000000 -17.838357 -10.982110 -52.792003 0.054004 -0.176955 0.047830 0.981572
5835.000000 -17.829185 -10.083880 -52.604430 0.062201 -0.177402 0.046356 0.981076
5836.000000 -17.905948 -9.472871 -52.321767 0.067762 -0.176865 0.045306 0.980854
5837.000000 -18.033938 -8.938130 -52.003671 0.072923 -0.175840 0.044297 0.980714
5838.000000 -18.200303 -8.312840 -51.701000 0.079101 -0.174753 0.043097 0.980483
5839.000000 -18.309481 -7.562787 -51.406153 0.086298 -0.173865 0.041723 0.980093
5840.000000 -18.392531 -6.859916 -51.114094 0.093405 -0.173272 0.040386 0.979603
5841.000000 -18.471226 -6.249986 -50.803047 0.099205 -0.172908 0.039305 0.979141
5842.000000 -18.530039 -5.814542 -50.467075 0.103369 -0.172493 0.038514 0.978814
5843.000000 -18.639779 -5.465533 -50.099478 0.106769 -0.171491 0.037803 0.978653
5844.000000 -18.895855 -5.032366 -49.681194 0.110914 -0.169164 0.036825 0.978635
5845.000000 -19.353613 -4.462262 -49.196618 0.117037 -0.164811 0.035282 0.978721
5846.000000 -20.019621 -3.665583 -48.625006 0.125544 -0.158211 0.033065 0.978833
5847.000000 -20.859651 -2.643609 -47.973404 0.136126 -0.150113 0.030303 0.978784
5848.000000 -21.597356 -1.500979 -47.312322 0.148235 -0.142434 0.027336 0.978260
5849.000000 -22.077913 -0.243754 -46.750183 0.161536 -0.137814 0.024627 0.976886
5850.000000 -22.063046 1.133233 -46.385819 0.176179 -0.138489 0.022576 0.974306
5851.000000 -21.483778 2.723559 -46.227760 0.192839 -0.144978 0.021271 0.970228
5852.000000 -20.578597 4.586484 -46.154039 0.212375 -0.155430 0.020321 0.964534
5853.000000 -19.606814 6.753391 -45.955195 0.234991 -0.166286 0.018979 0.957480
5854.000000 -18.911459 9.077061 -45.481014 0.259348 -0.174084 0.016596 0.949820
5855.000000 -18.621916 11.183268 -44.750455 0.282447 -0.177287 0.013172 0.942666
5856.000000 -18.635466 12.921547 -43.891068 0.300683 -0.176901 0.009561 0.937125
5857.000000 -18.755804 13.937845 -43.161554 0.311489 -0.175556 0.007045 0.933865
5858.000000 -18.753592 14.231417 -42.722306 0.314454 -0.175928 0.006605 0.932804
5859.000000 -18.421165 13.973078 -42.604403 0.311287 -0.179655 0.008473 0.933141
5860.000000 -17.742357 13.398676 -42.720888 0.304825 -0.187170 0.012232 0.933756
5861.000000 -16.739919 12.790049 -42.959671 0.297732 -0.198109 0.017204 0.933709
5862.000000 -15.475481 12.242579 -43.225181 0.291637 -0.211762 0.022794 0.932516
5863.000000 -14.062501 11.853772 -43.468970 0.287092 -0.227402 0.028618 0.930079
5864.000000 -12.466741 11.632981 -43.649992 0.284190 -0.244441 0.034437 0.926444
5865.000000 -10.752082 11.617195 -43.742341 0.283164 -0.262374 0.039994 0.921617
5866.000000 -9.077200 11.838255 -43.715246 0.284510 -0.280564 0.044910 0.915599
5867.000000 -7.456659 12.302699 -43.532230 0.288726 -0.298166 0.048725 0.908494
5868.000000 -5.947649 13.058306 -43.167514 0.296134 -0.314353 0.051014 0.900491
5869.000000 -4.626890 14.162174 -42.611307 0.306931 -0.328716 0.051491 0.891677
5870.000000 -3.509568 15.586600 -41.856683 0.321142 -0.341498 0.050122 0.881893
5871.000000 -2.492409 17.226145 -40.903860 0.338336 -0.353480 0.047246 0.870832
5872.000000 -1.442354 19.009216 -39.765593 0.357453 -0.365565 0.043565 0.858308
5873.000000 -0.404045 20.851846 -38.480282 0.377135 -0.378181 0.039820 0.844489
5874.000000 0.656070 22.607045 -37.087331 0.396333 -0.390835 0.036298 0.829970
5875.000000 1.537082 24.251879 -35.641489 0.414487 -0.402237 0.032690 0.815682
5876.000000 2.259216 25.671548 -34.203625 0.430934 -0.411160 0.028709 0.802757
5877.000000 2.770933 26.760043 -32.932861 0.443980 -0.417552 0.025179 0.792400
5878.000000 3.208939 27.293176 -32.070601 0.450520 -0.423031 0.024680 0.785791
5879.000000 3.807696 27.015327 -31.888992 0.446706 -0.430133 0.030876 0.783891
5880.000000 4.714407 25.681759 -32.528567 0.429417 -0.440584 0.046599 0.786966
5881.000000 5.961769 23.200821 -33.842095 0.397891 -0.453810 0.071942 0.794080
5882.000000 7.445141 19.739100 -35.410727 0.354782 -0.467043 0.103850 0.803253
5883.000000 8.942847 15.702639 -36.761198 0.305711 -0.477193 0.137639 0.812332
5884.000000 10.280865 11.539587 -37.592785 0.257041 -0.482982 0.169229 0.819768
5885.000000 11.380607 7.769113 -37.879866 0.213233 -0.485567 0.196521 0.824704
5886.000000 12.332449 4.613291 -37.732119 0.175706 -0.487502 0.219337 0.826656
5887.000000 13.390756 2.011072 -37.231666 0.143626 -0.491330 0.238511 0.825275
5888.000000 14.661200 -0.103226 -36.427767 0.115503 -0.498763 0.254927 0.820309
5889.000000 16.212826 -1.785693 -35.342691 0.090375 -0.510439 0.268983 0.811747
5890.000000 17.953543 -3.072021 -34.017820 0.068146 -0.525823 0.280586 0.800086
5891.000000 19.697296 -4.011842 -32.540229 0.049297 -0.543215 0.289496 0.786562
5892.000000 21.260371 -4.631841 -31.057707 0.034363 -0.560164 0.295725 0.773035
5893.000000 22.531060 -5.006707 -29.720665 0.023467 -0.574371 0.299696 0.761400
5894.000000 23.402296 -5.223915 -28.628828 0.016115 -0.584595 0.302122 0.752802
5895.000000 23.952669 -5.366092 -27.785422 0.011310 -0.590976 0.303735 0.747238
5896.000000 24.294736 -5.489103 -27.117841 0.007931 -0.594631 0.305070 0.743831
5897.000000 24.486164 -5.599011 -26.539638 0.005156 -0.596881 0.306360 0.741519
5898.000000 24.638177 -5.701546 -25.995116 0.002691 -0.598647 0.307563 0.739608
5899.000000 24.795884 -5.770454 -25.471152 0.000682 -0.600273 0.308485 0.737908
5900.000000 24.907833 -5.817183 -24.986702 -0.000576 -0.601675 0.308949 0.736571
5901.000000 24.950163 -5.817201 -24.566058 -0.000877 -0.602550 0.308901 0.735876
5902.000000 24.947372 -5.778198 -24.229244 -0.000122 -0.602508 0.308389 0.736125
5903.000000 24.823742 -5.701531 -24.006938 0.001817 -0.601150 0.307436 0.737630
5904.000000 24.592408 -5.585818 -23.922886 0.005224 -0.598132 0.305931 0.740687
5905.000000 24.202628 -5.403728 -23.995404 0.010512 -0.593252 0.303618 0.745492
5906.000000 23.689352 -5.150492 -24.226420 0.018055 -0.586530 0.300188 0.752027
5907.000000 23.028498 -4.775483 -24.590263 0.028022 -0.578262 0.295392 0.759981
5908.000000 22.255717 -4.307521 -25.037018 0.040305 -0.569039 0.289102 0.768759
5909.000000 21.430034 -3.687951 -25.496961 0.054585 -0.559702 0.281321 0.777568
5910.000000 20.629113 -2.959167 -25.905663 0.070466 -0.551227 0.272138 0.785572
5911.000000 19.903070 -2.097263 -26.202776 0.087617 -0.544549 0.261675 0.792032
5912.000000 19.287691 -1.095725 -26.349811 0.105871 -0.540378 0.250036 0.796407
5913.000000 18.863415 0.017849 -26.328069 0.125233 -0.539033 0.237279 0.798410
5914.000000 18.579362 1.254761 -26.133299 0.145717 -0.540332 0.223483 0.798037
5915.000000 18.410903 2.595310 -25.779100 0.167064 -0.543577 0.208898 0.795598
5916.000000 18.340841 3.907410 -25.300638 0.188519 -0.547729 0.194064 0.791703
5917.000000 18.287438 5.162169 -24.740380 0.208945 -0.551738 0.179760 0.787155
5918.000000 18.227020 6.269007 -24.152114 0.227261 -0.554875 0.166735 0.782729
5919.000000 18.171852 7.213346 -23.577305 0.242926 -0.556845 0.155388 0.778951
5920.000000 18.062923 7.973796 -23.038266 0.256102 -0.557684 0.145632 0.776010
5921.000000 17.938360 8.616809 -22.536602 0.267418 -0.557580 0.137043 0.773829
5922.000000 17.817371 9.167107 -22.064281 0.277570 -0.556750 0.129141 0.772209
5923.000000 17.654200 9.660842 -21.608930 0.287042 -0.555405 0.121602 0.770938
5924.000000 17.477061 10.130757 -21.161311 0.296053 -0.553710 0.114295 0.769866
5925.000000 17.328939 10.564572 -20.719546 0.304669 -0.551741 0.107189 0.768940
5926.000000 17.137146 10.964818 -20.289098 0.312896 -0.549419 0.100253 0.768234
5927.000000 16.955019 11.350262 -19.882749 0.320724 -0.546484 0.093409 0.767962
5928.000000 16.711419 11.696734 -19.520788 0.328120 -0.542543 0.086541 0.768437
5929.000000 16.416071 11.987781 -19.222339 0.335046 -0.537209 0.079525 0.769952
5930.000000 16.059243 12.276241 -18.991077 0.341504 -0.530338 0.072278 0.772588
5931.000000 15.652194 12.536967 -18.807437 0.347583 -0.522251 0.064829 0.776040
5932.000000 15.247664 12.776448 -18.626055 0.353451 -0.513810 0.057371 0.779602
5933.000000 14.884079 13.017996 -18.394246 0.359297 -0.506190 0.050244 0.782402
5934.000000 14.614984 13.276505 -18.072200 0.365231 -0.500416 0.043815 0.783754
5935.000000 14.419239 13.530361 -17.648712 0.371210 -0.496993 0.038363 0.783408
5936.000000 14.357848 13.776340 -17.133457 0.377008 -0.495892 0.034058 0.781534
5937.000000 14.376852 13.992480 -16.556296 0.382264 -0.496767 0.031010 0.778547
5938.000000 14.476741 14.183402 -15.952304 0.386601 -0.499067 0.029236 0.774995
5939.000000 14.588074 14.298136 -15.364298 0.389728 -0.501943 0.028538 0.771590
5940.000000 14.641286 14.390975 -14.846799 0.391486 -0.504266 0.028485 0.769184
5941.000000 14.656239 14.391202 -14.439116 0.391800 -0.505054 0.028657 0.768500
5942.000000 14.667941 14.361235 -14.162129 0.390613 -0.504007 0.028948 0.769780
5943.000000 14.592702 14.252916 -13.988234 0.387910 -0.501593 0.029600 0.772693
5944.000000 14.501300 14.119343 -13.885209 0.383810 -0.498562 0.030892 0.776642
5945.000000 14.372277 13.936138 -13.822029 0.378629 -0.495381 0.032830 0.781127
5946.000000 14.262346 13.748797 -13.780308 0.372825 -0.492126 0.035139 0.785862
5947.000000 14.168084 13.528413 -13.744119 0.366838 -0.488680 0.037479 0.790707
5948.000000 14.067881 13.326630 -13.713130 0.360959 -0.484772 0.039545 0.795701
5949.000000 13.898469 13.142978 -13.706765 0.355336 -0.479777 0.040986 0.801168
5950.000000 13.651817 12.941495 -13.755297 0.350083 -0.472753 0.041359 0.807612
5951.000000 13.349055 12.779423 -13.871322 0.345341 -0.463026 0.040332 0.815303
5952.000000 12.986944 12.623902 -14.038901 0.341145 -0.450892 0.038028 0.823936
5953.000000 12.580743 12.471751 -14.214484 0.337108 -0.437732 0.035217 0.832771
5954.000000 12.165729 12.276576 -14.368795 0.332173 -0.425361 0.033173 0.841207
5955.000000 11.823689 12.024626 -14.511672 0.324719 -0.415120 0.033224 0.849193
5956.000000 11.574702 11.620591 -14.675016 0.313174 -0.407322 0.036215 0.857146
5957.000000 11.391842 11.094127 -14.891089 0.296846 -0.401240 0.042128 0.865514
5958.000000 11.235123 10.426869 -15.159030 0.276487 -0.395504 0.050056 0.874429
5959.000000 11.030701 9.676960 -15.450973 0.254164 -0.388710 0.058565 0.883672
5960.000000 10.798874 8.917889 -15.725155 0.232517 -0.380072 0.066260 0.892799
5961.000000 10.519921 8.245247 -15.940835 0.213821 -0.369778 0.072246 0.901291
5962.000000 10.185508 7.720239 -16.068492 0.199348 -0.358767 0.076250 0.908698
5963.000000 9.861159 7.330104 -16.098444 0.189263 -0.348032 0.078462 0.914821
5964.000000 9.513916 7.061727 -16.045831 0.182929 -0.337979 0.079267 0.919796
5965.000000 9.190712 6.927667 -15.936689 0.179343 -0.328273 0.079049 0.924026
5966.000000 8.881204 6.828991 -15.803292 0.177464 -0.318199 0.078117 0.927984
5967.000000 8.528403 6.754686 -15.670765 0.176411 -0.307147 0.076713 0.932017
5968.000000 8.121518 6.702706 -15.547418 0.175561 -0.294921 0.075033 0.936253
5969.000000 7.722747 6.636722 -15.430759 0.174568 -0.281762 0.073233 0.940624
5970.000000 7.285577 6.561525 -15.314608 0.173231 -0.268074 0.071437 0.945000
5971.000000 6.882971 6.472325 -15.197912 0.171220 -0.254056 0.069768 0.949353
5972.000000 6.420418 6.339976 -15.089212 0.167854 -0.239590 0.068384 0.953806
5973.000000 5.955502 6.118014 -15.000764 0.162227 -0.224586 0.067492 0.958482
5974.000000 5.553995 5.836543 -14.928564 0.153697 -0.209496 0.067289 0.963307
5975.000000 5.186543 5.503055 -14.859725 0.142370 -0.195401 0.067862 0.967959
5976.000000 4.809049 5.076348 -14.763421 0.129097 -0.183430 0.069114 0.972065
5977.000000 4.564296 4.649911 -14.629669 0.114904 -0.173828 0.070802 0.975484
5978.000000 4.351601 4.221397 -14.470535 0.100265 -0.165313 0.072648 0.978438
5979.000000 4.090303 3.740321 -14.312846 0.084838 -0.155187 0.074447 0.981416
5980.000000 3.691552 3.229785 -14.182327 0.067869 -0.140342 0.076112 0.984838
5981.000000 3.146632 2.679682 -14.081635 0.048928 -0.118799 0.077653 0.988667
5982.000000 2.478588 2.078862 -13.980229 0.028419 -0.090918 0.079119 0.992304
5983.000000 1.716108 1.455779 -13.828186 0.007600 -0.059479 0.080513 0.994948
5984.000000 0.915214 0.861110 -13.590744 -0.011770 -0.028564 0.081762 0.996173
5985.000000 0.254611 0.400466 -13.277095 -0.027932 -0.002003 0.082756 0.996176
5986.000000 -0.217999 0.058597 -12.918311 -0.039618 0.017728 0.083439 0.995567
5987.000000 -0.515232 -0.155937 -12.544314 -0.046386 0.029835 0.083830 0.994953
5988.000000 -0.660871 -0.230300 -12.172752 -0.048626 0.034978 0.084003 0.994664
5989.000000 -0.669432 -0.207774 -11.808366 -0.047206 0.034772 0.084049 0.994735
5990.000000 -0.596284 -0.113937 -11.448461 -0.043041 0.031149 0.084044 0.995045
5991.000000 -0.502660 0.032150 -11.089409 -0.036964 0.025728 0.084035 0.995445
5992.000000 -0.385375 0.186718 -10.727869 -0.029979 0.019402 0.084022 0.995824
5993.000000 -0.234626 0.313437 -10.362843 -0.023540 0.012373 0.083976 0.996113
5994.000000 -0.099545 0.405823 -9.997249 -0.019378 0.004651 0.083881 0.996276
5995.000000 0.037269 0.432145 -9.631940 -0.018810 -0.003300 0.083752 0.996304
5996.000000 0.166095 0.404635 -9.267905 -0.021972 -0.010266 0.083631 0.996202
5997.000000 0.245313 0.326499 -8.905120 -0.027612 -0.014681 0.083570 0.996011
5998.000000 0.262284 0.237009 -8.542632 -0.033665 -0.015552 0.083610 0.995808
5999.000000 0.257845 0.163760 -8.180943 -0.038257 -0.013218 0.083749 0.995664
6000.000000 0.227465 0.104574 -7.819768 -0.040475 -0.009267 0.083932 0.995606
6001.000000 0.171370 0.097249 -7.455484 -0.040479 -0.005580 0.084088 0.995620
6002.000000 0.122050 0.102983 -7.091001 -0.039127 -0.003219 0.084181 0.995677
6003.000000 0.087008 0.131637 -6.725473 -0.037561 -0.001965 0.084229 0.995736
6004.000000 0.075455 0.132848 -6.360457 -0.037057 -0.000725 0.084274 0.995753
6005.000000 0.059138 0.101559 -5.995907 -0.038961 0.001647 0.084352 0.995673
6006.000000 0.022698 0.045387 -5.631547 -0.044388 0.005700 0.084474 0.995420
6007.000000 -0.024373 -0.037907 -5.266807 -0.053649 0.011148 0.084620 0.994906
6008.000000 -0.064085 -0.146050 -4.899149 -0.065808 0.017033 0.084742 0.994081
6009.000000 -0.089495 -0.247859 -4.528709 -0.078832 0.022130 0.084787 0.993029
6010.000000 -0.108826 -0.310363 -4.158785 -0.090359 0.025465 0.084722 0.991972
6011.000000 -0.140274 -0.419372 -3.790620 -0.098615 0.026663 0.084557 0.991168
6012.000000 -0.120197 -0.442804 -3.422260 -0.102824 0.025971 0.084340 0.990777
6013.000000 -0.109061 -0.452269 -3.058192 -0.102949 0.023972 0.084129 0.990833
6014.000000 -0.112669 -0.431830 -2.697312 -0.099128 0.021201 0.083969 0.991299
6015.000000 -0.093824 -0.414680 -2.339497 -0.091416 0.017937 0.083875 0.992112
6016.000000 -0.073293 -0.369071 -1.983664 -0.080113 0.014285 0.083833 0.993152
6017.000000 -0.080027 -0.331878 -1.629769 -0.066331 0.010413 0.083817 0.994217
6018.000000 -0.074001 -0.336548 -1.276559 -0.052128 0.006698 0.083804 0.995095
6019.000000 -0.071739 -0.333733 -0.920637 -0.039865 0.003623 0.083787 0.995679
6020.000000 -0.068083 -0.293988 -0.562502 -0.031223 0.001519 0.083769 0.995995
6021.000000 -0.060117 -0.269586 -0.200390 -0.026651 0.000432 0.083757 0.996130
6022.000000 -0.059238 -0.245233 -0.017630 -0.023170 0.000183 0.075748 0.996858
6023.000000 -0.037427 -0.120264 -0.011205 -0.013360 0.000150 0.043675 0.998956
6024.000000 0.000000 0.000000 0.000000 -0.003535 0.000117 0.011553 0.999927
6025.000000 -0.001201 -0.007762 -0.414654 -0.006287 0.000406 0.011553 0.999913
6026.000000 -0.013654 0.007032 -0.829963 -0.012399 0.001270 0.011550 0.999856
6027.000000 -0.013976 -0.025298 -1.244813 -0.021729 0.003061 0.011549 0.999692
6028.000000 -0.030539 -0.039654 -1.658806 -0.033226 0.005937 0.011558 0.999363
6029.000000 -0.025105 -0.062965 -2.071976 -0.045271 0.009658 0.011592 0.998861
6030.000000 -0.038163 -0.091269 -2.484563 -0.056032 0.013618 0.011655 0.998268
6031.000000 -0.056042 -0.109920 -2.897542 -0.063822 0.017088 0.011740 0.997746
6032.000000 -0.058149 -0.126916 -3.311584 -0.067468 0.019452 0.011832 0.997462
6033.000000 -0.071068 -0.103605 -3.726936 -0.066643 0.020297 0.011908 0.997499
6034.000000 -0.045975 -0.069417 -4.142218 -0.062009 0.019422 0.011943 0.997815
6035.000000 -0.027140 -0.034849 -4.557706 -0.055080 0.016899 0.011917 0.998268
6036.000000 -0.002861 0.025939 -4.973195 -0.047756 0.013169 0.011833 0.998702
6037.000000 0.030786 0.077599 -5.387589 -0.041720 0.009022 0.011716 0.999020
6038.000000 0.066650 0.103490 -5.801766 -0.037956 0.005337 0.011601 0.999198
6039.000000 0.089878 0.120507 -6.216555 -0.036599 0.002654 0.011511 0.999260
6040.000000 0.103098 0.126469 -6.631277 -0.037104 0.000839 0.011445 0.999246
6041.000000 0.140632 0.094692 -7.046664 -0.038510 -0.000865 0.011381 0.999193
6042.000000 0.193441 0.088193 -7.460902 -0.039656 -0.003271 0.011288 0.999144
6043.000000 0.240237 0.099260 -7.875030 -0.039384 -0.006486 0.011156 0.999141
6044.000000 0.253510 0.163022 -8.286438 -0.036915 -0.009525 0.011016 0.999212
6045.000000 0.253316 0.227611 -8.698339 -0.032358 -0.010751 0.010930 0.999359
6046.000000 0.225597 0.311037 -9.111674 -0.026964 -0.008873 0.010942 0.999537
6047.000000 0.134798 0.352530 -9.524487 -0.022736 -0.003725 0.011047 0.999674
6048.000000 0.000266 0.369635 -9.939747 -0.021448 0.003765 0.011200 0.999700
6049.000000 -0.149728 0.320609 -10.354310 -0.023710 0.012283 0.011351 0.999579
6050.000000 -0.340531 0.237602 -10.768550 -0.028741 0.020855 0.011467 0.999304
6051.000000 -0.502710 0.104155 -11.178513 -0.034943 0.029075 0.011554 0.998899
6052.000000 -0.667163 -0.026950 -11.585072 -0.040794 0.036886 0.011644 0.998419
6053.000000 -0.836568 -0.126368 -11.988532 -0.045477 0.044322 0.011766 0.997912
6054.000000 -0.995607 -0.207735 -12.389512 -0.048997 0.051452 0.011927 0.997402
6055.000000 -1.174392 -0.279313 -12.788130 -0.051866 0.058459 0.012114 0.996868
6056.000000 -1.346932 -0.364274 -13.183451 -0.054530 0.065588 0.012317 0.996280
6057.000000 -1.550810 -0.445296 -13.575232 -0.056830 0.072902 0.012557 0.995640
6058.000000 -1.728427 -0.428647 -13.960332 -0.057974 0.080078 0.012880 0.995018
6059.000000 -1.883478 -0.365591 -14.351060 -0.057274 0.086526 0.013313 0.994513
6060.000000 -2.046563 -0.379789 -14.740269 -0.055163 0.091835 0.013803 0.994149
6061.000000 -2.169134 -0.336416 -15.137687 -0.053546 0.096186 0.014186 0.993821
6062.000000 -2.303935 -0.401921 -15.533159 -0.054966 0.100288 0.014250 0.993337
6063.000000 -2.445903 -0.601747 -15.921233 -0.061187 0.104800 0.013838 0.992513
6064.000000 -2.597387 -0.957181 -16.294875 -0.072329 0.109727 0.012920 0.991242
6065.000000 -2.713458 -1.416307 -16.647131 -0.087138 0.114341 0.011574 0.989545
6066.000000 -2.817782 -1.982824 -16.986176 -0.103977 0.117803 0.009898 0.987529
6067.000000 -2.886605 -2.584468 -17.307315 -0.121691 0.120023 0.007990 0.985252
6068.000000 -2.968928 -3.202927 -17.603516 -0.139832 0.122022 0.005992 0.982610
6069.000000 -3.107340 -3.855001 -17.865375 -0.158258 0.125455 0.004142 0.979387
6070.000000 -3.330834 -4.516850 -18.084590 -0.176477 0.131578 0.002736 0.975467
6071.000000 -3.640810 -5.105576 -18.269186 -0.193157 0.140498 0.002048 0.971054
6072.000000 -4.039868 -5.566586 -18.452504 -0.206258 0.151356 0.002289 0.966718
6073.000000 -4.474258 -5.822862 -18.667862 -0.214005 0.163414 0.003657 0.963060
6074.000000 -4.998975 -5.900782 -18.916688 -0.216358 0.177229 0.006346 0.960072
6075.000000 -5.732898 -5.918190 -19.134623 -0.216054 0.194833 0.010346 0.956689
6076.000000 -6.699889 -6.062346 -19.208559 -0.218088 0.218492 0.015100 0.951037
6077.000000 -7.892415 -6.518226 -19.030241 -0.227374 0.248688 0.019437 0.941317
6078.000000 -9.169775 -7.281203 -18.534262 -0.245778 0.282863 0.022104 0.926873
6079.000000 -10.368925 -8.218214 -17.804939 -0.270688 0.316087 0.022529 0.909016
6080.000000 -11.377233 -9.138349 -17.055687 -0.296395 0.343338 0.021120 0.890967
6081.000000 -12.031832 -9.885006 -16.532643 -0.317321 0.361653 0.018848 0.876447
6082.000000 -12.299045 -10.427447 -16.380485 -0.330660 0.370778 0.016542 0.867706
6083.000000 -12.366419 -10.654184 -16.596744 -0.336783 0.372559 0.014584 0.864618
6084.000000 -12.303552 -10.666425 -17.058954 -0.337815 0.369968 0.013141 0.865351
6085.000000 -12.163533 -10.594147 -17.628142 -0.335977 0.366136 0.012456 0.867703
6086.000000 -12.068195 -10.466733 -18.194716 -0.332865 0.363398 0.012740 0.870046
6087.000000 -12.020920 -10.354246 -18.706894 -0.329641 0.362589 0.013801 0.871594
6088.000000 -12.035001 -10.263124 -19.164462 -0.327401 0.362937 0.014876 0.872275
6089.000000 -12.016277 -10.255077 -19.593160 -0.327248 0.362585 0.014814 0.872480
6090.000000 -11.848210 -10.396602 -20.028036 -0.330179 0.359393 0.012424 0.872734
6091.000000 -11.471256 -10.712878 -20.487632 -0.336979 0.351722 0.006797 0.873322
6092.000000 -10.874595 -11.240427 -20.948201 -0.348145 0.339039 -0.002456 0.873980
6093.000000 -10.099101 -11.997521 -21.344535 -0.363720 0.322178 -0.015024 0.873890
6094.000000 -9.219761 -12.959332 -21.601150 -0.383140 0.303051 -0.029902 0.872049
6095.000000 -8.344590 -14.064389 -21.670178 -0.405251 0.283866 -0.045683 0.867816
6096.000000 -7.560006 -15.245553 -21.555587 -0.428570 0.266283 -0.061037 0.861218
6097.000000 -6.910523 -16.421456 -21.301099 -0.451697 0.251013 -0.075102 0.852832
6098.000000 -6.384127 -17.535679 -20.964483 -0.473648 0.237990 -0.087570 0.843415
6099.000000 -5.963595 -18.562835 -20.591989 -0.493954 0.226840 -0.098498 0.833577
6100.000000 -5.619748 -19.491962 -20.214132 -0.512490 0.217282 -0.108009 0.823697
6101.000000 -5.359952 -20.320762 -19.854272 -0.529182 0.209309 -0.116093 0.814050
6102.000000 -5.179339 -21.038439 -19.543626 -0.543807 0.203154 -0.122560 0.804973
6103.000000 -5.085249 -21.617815 -19.316504 -0.556022 0.199139 -0.127133 0.796882
6104.000000 -5.094357 -22.044214 -19.204275 -0.565579 0.197482 -0.129615 0.790140
6105.000000 -5.176701 -22.371648 -19.222943 -0.572491 0.198172 -0.129999 0.784909
6106.000000 -5.339728 -22.561587 -19.366720 -0.576982 0.201001 -0.128447 0.781148
6107.000000 -5.584003 -22.628239 -19.622904 -0.579302 0.205704 -0.125164 0.778736
6108.000000 -5.912239 -22.555955 -19.980076 -0.579687 0.212047 -0.120331 0.777508
6109.000000 -6.274018 -22.471521 -20.404465 -0.578603 0.219758 -0.114202 0.777099
6110.000000 -6.698556 -22.346529 -20.839558 -0.577041 0.228379 -0.107279 0.776761
6111.000000 -7.154141 -22.261467 -21.199633 -0.576472 0.237243 -0.100358 0.775451
6112.000000 -7.613875 -22.309332 -21.407808 -0.578313 0.245625 -0.094308 0.772223
6113.000000 -8.022565 -22.554997 -21.428168 -0.583228 0.253010 -0.089712 0.766670
6114.000000 -8.415149 -22.912451 -21.289918 -0.590770 0.259265 -0.086606 0.759126
6115.000000 -8.764061 -23.338236 -21.060329 -0.599653 0.264607 -0.084534 0.750502
6116.000000 -9.066806 -23.791749 -20.823880 -0.608464 0.269334 -0.082912 0.741860
6117.000000 -9.348222 -24.175485 -20.637568 -0.616339 0.273502 -0.081481 0.733950
6118.000000 -9.549697 -24.549723 -20.520158 -0.623210 0.276770 -0.080529 0.726996
6119.000000 -9.672168 -24.893235 -20.454619 -0.629499 0.278556 -0.080711 0.720849
6120.000000 -9.693068 -25.228684 -20.441174 -0.635535 0.278388 -0.082570 0.715386
6121.000000 -9.613333 -25.526493 -20.489418 -0.641074 0.276227 -0.086109 0.710850
6122.000000 -9.439846 -25.767384 -20.656738 -0.645269 0.272520 -0.090718 0.707906
6123.000000 -9.194619 -25.894713 -21.008759 -0.647099 0.267983 -0.095495 0.707339
6124.000000 -8.916052 -25.852017 -21.580387 -0.645970 0.263252 -0.099721 0.709562
6125.000000 -8.608353 -25.659882 -22.349192 -0.642084 0.258630 -0.103183 0.714277
6126.000000 -8.287208 -25.363422 -23.238889 -0.636370 0.254079 -0.106143 0.720562
6127.000000 -7.923669 -25.045725 -24.161368 -0.629981 0.249399 -0.109047 0.727346
6128.000000 -7.554417 -24.648135 -25.065480 -0.623708 0.244441 -0.112195 0.733927
6129.000000 -7.137021 -24.302073 -25.937247 -0.617708 0.239226 -0.115600 0.740166
6130.000000 -6.715681 -23.968313 -26.793243 -0.611681 0.233902 -0.119072 0.746296
6131.000000 -6.276515 -23.573454 -27.659160 -0.605265 0.228613 -0.122425 0.752597
6132.000000 -5.827704 -23.136850 -28.539309 -0.598328 0.223352 -0.125643 0.759165
6133.000000 -5.337304 -22.675233 -29.421039 -0.591061 0.217901 -0.128933 0.765861
6134.000000 -4.801540 -22.225399 -30.275623 -0.583917 0.211971 -0.132590 0.772353
6135.000000 -4.227183 -21.839204 -31.068042 -0.577482 0.205520 -0.136713 0.778193
6136.000000 -3.659545 -21.530193 -31.773868 -0.572277 0.199053 -0.140973 0.782945
6137.000000 -3.198523 -21.316803 -32.383059 -0.568575 0.193529 -0.144677 0.786344
6138.000000 -2.908239 -21.188070 -32.909487 -0.566314 0.189758 -0.147224 0.788420
6139.000000 -2.706661 -21.127363 -33.381475 -0.565112 0.187698 -0.148616 0.789513
6140.000000 -2.534343 -21.093663 -33.822086 -0.564332 0.186382 -0.149506 0.790215
6141.000000 -2.386986 -21.016121 -34.291602 -0.563161 0.184712 -0.150617 0.791230
6142.000000 -2.182192 -20.838129 -34.823294 -0.560724 0.182517 -0.151993 0.793205
6143.000000 -1.993501 -20.479925 -35.454915 -0.556308 0.180848 -0.152804 0.796534
6144.000000 -1.938801 -19.894049 -36.201590 -0.549648 0.181199 -0.151944 0.801228
6145.000000 -2.053257 -19.110599 -37.036500 -0.541091 0.184290 -0.148941 0.806892
6146.000000 -2.344369 -18.191531 -37.901355 -0.531521 0.189406 -0.144404 0.812870
6147.000000 -2.648427 -17.267119 -38.730732 -0.522052 0.194684 -0.139747 0.818554
6148.000000 -2.846992 -16.437491 -39.487169 -0.513602 0.197977 -0.136514 0.823640
6149.000000 -2.667631 -15.804607 -40.177237 -0.506559 0.197661 -0.135788 0.828185
6150.000000 -2.132264 -15.331619 -40.808518 -0.500736 0.193072 -0.137918 0.832445
6151.000000 -1.253671 -14.971230 -41.391333 -0.495606 0.184600 -0.142532 0.836649
6152.000000 -0.121082 -14.683102 -41.928568 -0.490661 0.173480 -0.148755 0.840850
6153.000000 1.122165 -14.422326 -42.421286 -0.485662 0.161308 -0.155562 0.844934
6154.000000 2.351517 -14.150743 -42.876868 -0.480640 0.149468 -0.162122 0.848741
6155.000000 3.473893 -13.876537 -43.305347 -0.475703 0.138749 -0.167993 0.852193
6156.000000 4.478051 -13.585590 -43.719222 -0.470846 0.129321 -0.173099 0.855346
6157.000000 5.391151 -13.269298 -44.127646 -0.465907 0.120946 -0.177582 0.858351
6158.000000 6.251964 -12.920465 -44.534412 -0.460674 0.113245 -0.181663 0.861367
6159.000000 7.095029 -12.515084 -44.938370 -0.455010 0.105891 -0.185525 0.864485
6160.000000 7.926656 -12.064189 -45.336862 -0.448912 0.098760 -0.189239 0.867706
6161.000000 8.725016 -11.582483 -45.731384 -0.442502 0.092048 -0.192708 0.870967
6162.000000 9.437382 -11.059976 -46.132622 -0.435968 0.086266 -0.195678 0.874185
6163.000000 9.990742 -10.507214 -46.557616 -0.429496 0.082062 -0.197841 0.877302
6164.000000 10.343134 -9.923783 -47.022517 -0.423195 0.079901 -0.198987 0.880299
6165.000000 10.495553 -9.305817 -47.530433 -0.417059 0.079767 -0.199149 0.883198
6166.000000 10.504652 -8.661051 -48.067567 -0.410981 0.081081 -0.198618 0.886042
6167.000000 10.468942 -7.985139 -48.610030 -0.404823 0.082904 -0.197844 0.888877
6168.000000 10.469073 -7.293743 -49.134065 -0.398513 0.084329 -0.197242 0.891724
6169.000000 10.562277 -6.623508 -49.625015 -0.392107 0.084821 -0.197047 0.894556
6170.000000 10.767480 -5.967831 -50.080577 -0.385780 0.084326 -0.197274 0.897299
6171.000000 11.024423 -5.365181 -50.506569 -0.379746 0.083129 -0.197791 0.899868
6172.000000 11.326398 -4.803893 -50.911993 -0.374168 0.081562 -0.198452 0.902199
6173.000000 11.637616 -4.313210 -51.299987 -0.369147 0.079713 -0.199222 0.904260
6174.000000 12.014070 -3.905508 -51.662121 -0.364794 0.077216 -0.200247 0.906016
6175.000000 12.536937 -3.634571 -51.974666 -0.361315 0.073217 -0.201862 0.907382
6176.000000 13.316808 -3.545690 -52.201983 -0.359000 0.066576 -0.204498 0.908222
6177.000000 14.469674 -3.712141 -52.302304 -0.358047 0.056332 -0.208489 0.908384
6178.000000 15.989395 -4.096484 -52.244326 -0.358310 0.042299 -0.213863 0.907793
6179.000000 17.763913 -4.606432 -52.028067 -0.359150 0.025450 -0.220228 0.906567
6180.000000 19.635658 -5.107440 -51.710616 -0.359561 0.007779 -0.226867 0.905089
6181.000000 21.364547 -5.418395 -51.391302 -0.358503 -0.008378 -0.233004 0.903944
6182.000000 22.790080 -5.417345 -51.180494 -0.355240 -0.021167 -0.238077 0.903701
6183.000000 23.837855 -5.049470 -51.147787 -0.349476 -0.029704 -0.241865 0.904702
6184.000000 24.521742 -4.314182 -51.306624 -0.341274 -0.034002 -0.244428 0.906990
6185.000000 24.864731 -3.238135 -51.630492 -0.330878 -0.034560 -0.245955 0.910402
6186.000000 24.935287 -1.868741 -52.074864 -0.318570 -0.031990 -0.246639 0.914691
6187.000000 24.797225 -0.247481 -52.590197 -0.304620 -0.026913 -0.246662 0.919587
6188.000000 24.505364 1.565009 -53.119908 -0.289313 -0.020066 -0.246220 0.924809
6189.000000 24.149465 3.520773 -53.604676 -0.272986 -0.012390 -0.245554 0.930069
6190.000000 23.836416 5.542115 -53.991395 -0.256025 -0.004942 -0.244916 0.935117
6191.000000 23.643673 7.554150 -54.245804 -0.238835 0.001363 -0.244501 0.939774
6192.000000 23.622977 9.505654 -54.363995 -0.221803 0.006071 -0.244375 0.943953
6193.000000 23.728318 11.354441 -54.376953 -0.205316 0.009409 -0.244445 0.947630
6194.000000 23.827932 13.081673 -54.344518 -0.189832 0.012219 -0.244504 0.950806
6195.000000 23.855437 14.640269 -54.342352 -0.175912 0.015511 -0.244348 0.953472
6196.000000 23.714208 16.003856 -54.427449 -0.164096 0.019799 -0.243904 0.955610
6197.000000 23.461808 17.132990 -54.602852 -0.154564 0.024621 -0.243290 0.957243
6198.000000 23.273932 18.076996 -54.803990 -0.146737 0.028616 -0.242764 0.958496
6199.000000 23.326636 18.928955 -54.910982 -0.139138 0.030138 -0.242600 0.959624
6200.000000 23.814677 19.886834 -54.783994 -0.129744 0.028074 -0.242960 0.960910
6201.000000 24.766842 21.114980 -54.312349 -0.116792 0.022385 -0.243812 0.962504
6202.000000 26.076836 22.688054 -53.458430 -0.099633 0.014167 -0.244950 0.964299
6203.000000 27.510196 24.534733 -52.297476 -0.079138 0.005256 -0.246087 0.965997
6204.000000 28.811616 26.493028 -51.005521 -0.057369 -0.002404 -0.246990 0.967315
6205.000000 29.797952 28.359660 -49.803861 -0.036696 -0.007373 -0.247568 0.968147
6206.000000 30.389249 29.994717 -48.864465 -0.018839 -0.009121 -0.247873 0.968566
6207.000000 30.629989 31.361066 -48.243419 -0.004353 -0.008106 -0.248017 0.968712
6208.000000 30.686827 32.506888 -47.870744 0.007299 -0.005551 -0.248092 0.968693
6209.000000 30.694324 33.474237 -47.605064 0.017259 -0.003037 -0.248137 0.968566
6210.000000 30.833408 34.346439 -47.294345 0.026728 -0.002073 -0.248139 0.968353
6211.000000 31.220377 35.213485 -46.817041 0.036613 -0.003780 -0.248054 0.968047
6212.000000 31.926212 36.050535 -46.100826 0.047383 -0.008781 -0.247824 0.967606
6213.000000 32.935023 36.885305 -45.122738 0.059039 -0.017270 -0.247386 0.966962
6214.000000 34.228184 37.656913 -43.902649 0.071141 -0.029188 -0.246675 0.966043
6215.000000 35.742842 38.296108 -42.495220 0.082918 -0.044372 -0.245619 0.964794
6216.000000 37.427573 38.766704 -40.971607 0.093504 -0.062593 -0.244139 0.963190
6217.000000 39.223207 39.032115 -39.392977 0.102259 -0.083465 -0.242166 0.961214
6218.000000 41.051871 39.110812 -37.795378 0.109034 -0.106330 -0.239694 0.958829
6219.000000 42.840694 39.051715 -36.183780 0.114286 -0.130199 -0.236826 0.955981
6220.000000 44.551202 38.991252 -34.552762 0.118920 -0.153802 -0.233803 0.952648
6221.000000 46.071948 38.982524 -32.916646 0.123930 -0.175655 -0.230985 0.948911
6222.000000 47.319410 39.082675 -31.347429 0.130024 -0.194114 -0.228791 0.945023
6223.000000 48.206949 39.328608 -29.971964 0.137546 -0.207453 -0.227660 0.941390
6224.000000 48.716507 39.783584 -28.923093 0.146717 -0.214082 -0.228017 0.938430
6225.000000 48.784071 40.449545 -28.251197 0.157948 -0.212936 -0.230225 0.936326
6226.000000 48.457041 41.367109 -27.890887 0.171786 -0.203897 -0.234455 0.934851
6227.000000 47.808159 42.521138 -27.686772 0.188435 -0.188048 -0.240509 0.933427
6228.000000 46.958853 43.836072 -27.482192 0.207259 -0.167585 -0.247769 0.931434
6229.000000 46.053668 45.205949 -27.200075 0.226766 -0.145322 -0.255350 0.928577
6230.000000 45.188024 46.483781 -26.857624 0.245166 -0.123961 -0.262399 0.925027
6231.000000 44.462140 47.591579 -26.520118 0.261098 -0.105456 -0.268341 0.921249
6232.000000 43.908431 48.486464 -26.244375 0.273963 -0.090797 -0.272942 0.917716
6233.000000 43.522287 49.142620 -26.067867 0.283685 -0.080237 -0.276192 0.914769
6234.000000 43.291568 49.561106 -26.035806 0.290227 -0.073692 -0.278174 0.912665
6235.000000 43.205993 49.748161 -26.212690 0.293318 -0.070994 -0.278979 0.911644
6236.000000 43.249189 49.688934 -26.666937 0.292603 -0.071900 -0.278704 0.911887
6237.000000 43.387162 49.372275 -27.434879 0.287969 -0.075964 -0.277483 0.913404
6238.000000 43.608752 48.811708 -28.501006 0.279751 -0.082468 -0.275508 0.915988
6239.000000 43.869556 48.037116 -29.804566 0.268702 -0.090510 -0.273018 0.919276
6240.000000 44.162990 47.116125 -31.257769 0.255812 -0.099206 -0.270248 0.922867
6241.000000 44.457106 46.105462 -32.765530 0.242126 -0.107862 -0.267396 0.926413
6242.000000 44.735719 45.064665 -34.243357 0.228569 -0.116031 -0.264608 0.929665
6243.000000 44.994172 44.053822 -35.634125 0.215821 -0.123441 -0.261991 0.932494
6244.000000 45.221777 43.107339 -36.916650 0.204256 -0.129912 -0.259627 0.934878
6245.000000 45.407673 42.245507 -38.099150 0.193978 -0.135304 -0.257572 0.936868
6246.000000 45.538311 41.474463 -39.204393 0.184927 -0.139530 -0.255852 0.938548
6247.000000 45.605470 40.794988 -40.255413 0.176990 -0.142555 -0.254473 0.939998
6248.000000 45.599499 40.204643 -41.269254 0.170074 -0.144377 -0.253430 0.941277
6249.000000 45.517525 39.707894 -42.256009 0.164134 -0.144995 -0.252719 0.942427
6250.000000 45.355532 39.308173 -43.219510 0.159151 -0.144420 -0.252336 0.943473
6251.000000 45.117377 39.003740 -44.162509 0.155110 -0.142704 -0.252263 0.944426
6252.000000 44.803827 38.796261 -45.081949 0.151958 -0.139966 -0.252468 0.945293
6253.000000 44.432759 38.672778 -45.976179 0.149600 -0.136369 -0.252906 0.946077
6254.000000 44.000782 38.621884 -46.847234 0.147898 -0.132081 -0.253527 0.946787
6255.000000 43.525201 38.626731 -47.700360 0.146683 -0.127260 -0.254282 0.947433
6256.000000 43.015189 38.674759 -48.543191 0.145751 -0.122075 -0.255119 0.948034
6257.000000 42.489381 38.723742 -49.382684 0.144881 -0.116752 -0.255978 0.948606
6258.000000 41.958373 38.761141 -50.220053 0.143886 -0.111555 -0.256800 0.949161
6259.000000 41.451532 38.769787 -51.051715 0.142653 -0.106733 -0.257533 0.949702
6260.000000 40.990341 38.744073 -51.871055 0.141146 -0.102462 -0.258150 0.950230
6261.000000 40.565743 38.649044 -52.676531 0.139356 -0.098835 -0.258638 0.950746
6262.000000 40.211727 38.516958 -53.466329 0.137269 -0.095889 -0.258993 0.951254
6263.000000 39.909003 38.333757 -54.243568 0.134881 -0.093613 -0.259221 0.951761
6264.000000 39.652039 38.103757 -55.009567 0.132238 -0.091929 -0.259338 0.952264
6265.000000 39.438147 37.839584 -55.762051 0.129448 -0.090686 -0.259376 0.952756
6266.000000 39.246280 37.563115 -56.496987 0.126649 -0.089711 -0.259371 0.953225
6267.000000 39.081578 37.296226 -57.206240 0.124005 -0.088905 -0.259347 0.953655
6268.000000 38.954238 37.070050 -57.854496 0.121829 -0.088375 -0.259305 0.953996
6269.000000 38.949784 36.957978 -58.350816 0.120841 -0.088561 -0.259226 0.954126
6270.000000 39.197306 37.080208 -58.528911 0.122346 -0.090276 -0.259070 0.953816
6271.000000 39.843532 37.585416 -58.193830 0.127818 -0.094392 -0.258801 0.952772
6272.000000 40.903351 38.488717 -57.293414 0.137493 -0.100980 -0.258393 0.950858
6273.000000 42.068233 39.522109 -56.177937 0.148553 -0.108225 -0.257903 0.948528
6274.000000 42.504326 39.924245 -55.789679 0.152784 -0.110957 -0.257697 0.947596
6275.000000 41.505564 39.016625 -56.719291 0.143174 -0.104725 -0.258148 0.949681
6276.000000 40.334248 37.993161 -57.805068 0.132216 -0.097435 -0.258614 0.951916
6277.000000 39.465194 37.280436 -58.434963 0.124520 -0.091997 -0.258952 0.953402
6278.000000 39.033343 36.980228 -58.492460 0.121182 -0.089167 -0.259160 0.954044
6279.000000 38.935306 36.996629 -58.130205 0.121118 -0.088335 -0.259272 0.954099
6280.000000 39.013122 37.176662 -57.541937 0.122827 -0.088587 -0.259329 0.953842
6281.000000 39.156525 37.431243 -56.856092 0.125294 -0.089286 -0.259361 0.953447
6282.000000 39.343778 37.704886 -56.130765 0.128041 -0.090174 -0.259377 0.952994
6283.000000 39.539656 37.973856 -55.387330 0.130853 -0.091264 -0.259365 0.952512
6284.000000 39.779268 38.223657 -54.629008 0.133586 -0.092705 -0.259291 0.952013
6285.000000 40.049554 38.429481 -53.856908 0.136112 -0.094671 -0.259122 0.951508
6286.000000 40.388078 38.589744 -53.073155 0.138351 -0.097276 -0.258832 0.951001
6287.000000 40.772820 38.699091 -52.275849 0.140287 -0.100564 -0.258411 0.950489
6288.000000 41.208778 38.758440 -51.463712 0.141935 -0.104521 -0.257857 0.949968
6289.000000 41.706071 38.770669 -50.636955 0.143303 -0.109084 -0.257180 0.949433
6290.000000 42.219094 38.747877 -49.801762 0.144408 -0.114121 -0.256397 0.948885
6291.000000 42.755404 38.698599 -48.963060 0.145321 -0.119415 -0.255550 0.948323
6292.000000 43.259522 38.659180 -48.119197 0.146196 -0.124700 -0.254694 0.947738
6293.000000 43.767398 38.618786 -47.275436 0.147242 -0.129727 -0.253891 0.947117
6294.000000 44.216765 38.639261 -46.414264 0.148677 -0.134301 -0.253197 0.946441
6295.000000 44.620832 38.724445 -45.532185 0.150687 -0.138264 -0.252661 0.945695
6296.000000 44.969162 38.888505 -44.625411 0.153428 -0.141453 -0.252333 0.944870
6297.000000 45.243956 39.144890 -43.694187 0.157015 -0.143698 -0.252262 0.943960
6298.000000 45.448593 39.497428 -42.740520 0.161523 -0.144855 -0.252487 0.942962
6299.000000 45.569043 39.945938 -41.765481 0.166983 -0.144836 -0.253033 0.941867
6300.000000 45.611638 40.488510 -40.766202 0.173408 -0.143617 -0.253910 0.940656
6301.000000 45.581339 41.122162 -39.735469 0.180826 -0.141193 -0.255120 0.939298
6302.000000 45.481540 41.848863 -38.659853 0.189306 -0.137566 -0.256669 0.937742
6303.000000 45.320948 42.665910 -37.519076 0.198958 -0.132749 -0.258559 0.935917
6304.000000 45.112587 43.570115 -36.288989 0.209879 -0.126804 -0.260773 0.933739
6305.000000 44.870049 44.551726 -34.951871 0.222063 -0.119843 -0.263272 0.931136
6306.000000 44.598844 45.585392 -33.512586 0.235281 -0.112027 -0.265987 0.928086
6307.000000 44.312342 46.619422 -32.010488 0.249006 -0.103572 -0.268822 0.924664
6308.000000 44.015637 47.593275 -30.518352 0.262421 -0.094826 -0.271655 0.921058
6309.000000 43.734255 48.444467 -29.128265 0.274522 -0.086355 -0.274312 0.917569
6310.000000 43.492147 49.122883 -27.933625 0.284269 -0.078965 -0.276575 0.914583
6311.000000 43.305726 49.558581 -27.011314 0.290766 -0.073576 -0.278201 0.912494
6312.000000 43.212828 49.751345 -26.401836 0.293453 -0.071018 -0.278970 0.911602
6313.000000 43.230527 49.681690 -26.093415 0.292228 -0.071874 -0.278718 0.912005
6314.000000 43.386867 49.379876 -26.030212 0.287365 -0.076473 -0.277336 0.913596
6315.000000 43.698669 48.855612 -26.142094 0.279215 -0.085006 -0.274731 0.916153
6316.000000 44.162619 48.063206 -26.371808 0.267925 -0.097617 -0.270813 0.919428
6317.000000 44.807239 47.063704 -26.684120 0.253495 -0.114268 -0.265530 0.923134
6318.000000 45.611772 45.866193 -27.032969 0.236206 -0.134384 -0.258985 0.926863
6319.000000 46.505432 44.522037 -27.351521 0.217042 -0.156498 -0.251577 0.930113
6320.000000 47.403161 43.164984 -27.591705 0.197653 -0.178224 -0.244040 0.932531
6321.000000 48.165778 41.919139 -27.780300 0.179775 -0.196709 -0.237283 0.934175
6322.000000 48.666878 40.873229 -28.040646 0.164513 -0.209365 -0.232090 0.935541
6323.000000 48.804676 40.088270 -28.541229 0.152040 -0.214515 -0.228872 0.937275
6324.000000 48.513924 39.531148 -29.401060 0.141905 -0.211691 -0.227627 0.939806
6325.000000 47.813969 39.183914 -30.626609 0.133594 -0.201530 -0.228065 0.943146
6326.000000 46.737756 39.017055 -32.116793 0.126813 -0.185416 -0.229782 0.946963
6327.000000 45.341230 38.974171 -33.732529 0.121324 -0.165046 -0.232343 0.950819
6328.000000 43.716715 39.025267 -35.370749 0.116615 -0.142122 -0.235314 0.954374
6329.000000 41.959484 39.095389 -36.992223 0.111801 -0.118213 -0.238298 0.957466
6330.000000 40.136461 39.095782 -38.595645 0.105879 -0.094703 -0.240989 0.960076
6331.000000 38.313260 38.929352 -40.186142 0.098134 -0.072731 -0.243216 0.962250
6332.000000 36.564404 38.556998 -41.743495 0.088409 -0.053122 -0.244937 0.964037
6333.000000 34.962432 37.992058 -43.217799 0.077126 -0.036384 -0.246195 0.965461
6334.000000 33.551409 37.277779 -44.539930 0.065077 -0.022809 -0.247069 0.966541
6335.000000 32.393398 36.465501 -45.644016 0.053118 -0.012589 -0.247635 0.967314
6336.000000 31.538321 35.643634 -46.490569 0.041877 -0.005849 -0.247961 0.967847
6337.000000 31.000980 34.786905 -47.081804 0.031578 -0.002542 -0.248111 0.968213
6338.000000 30.733903 33.919423 -47.464028 0.021988 -0.002280 -0.248146 0.968470
6339.000000 30.673807 33.010174 -47.734677 0.012411 -0.004188 -0.248118 0.968641
6340.000000 30.679388 31.970918 -48.033194 0.001763 -0.006925 -0.248059 0.968719
6341.000000 30.541873 30.714601 -48.515991 -0.011187 -0.008896 -0.247958 0.968665
6342.000000 30.134045 29.207769 -49.294264 -0.027352 -0.008643 -0.247748 0.968400
6343.000000 29.355550 27.451280 -50.380918 -0.046764 -0.005282 -0.247319 0.967791
6344.000000 28.191304 25.500926 -51.653282 -0.068260 0.001161 -0.246577 0.966716
6345.000000 26.796876 23.584816 -52.907451 -0.089693 0.009671 -0.245536 0.965181
6346.000000 25.399421 21.862154 -53.931417 -0.108720 0.018488 -0.244363 0.963393
6347.000000 24.235105 20.464345 -54.595634 -0.123788 0.025638 -0.243334 0.961669
6348.000000 23.505014 19.378920 -54.885112 -0.134793 0.029585 -0.242712 0.960233
6349.000000 23.251658 18.501848 -54.878092 -0.143030 0.029777 -0.242623 0.959057
6350.000000 23.346862 17.615912 -54.706636 -0.150510 0.026828 -0.242997 0.957904
6351.000000 23.595377 16.597461 -54.506259 -0.159059 0.022212 -0.243604 0.956485
6352.000000 23.807719 15.351116 -54.372388 -0.169716 0.017534 -0.244159 0.954607
6353.000000 23.858846 13.889862 -54.335506 -0.182639 0.013753 -0.244462 0.952204
6354.000000 23.784808 12.236063 -54.361589 -0.197415 0.010813 -0.244491 0.949281
6355.000000 23.668376 10.442325 -54.380467 -0.213465 0.007869 -0.244397 0.945854
6356.000000 23.612050 8.541221 -54.321052 -0.230275 0.003919 -0.244404 0.941926
6357.000000 23.723862 6.554220 -54.136326 -0.247434 -0.001604 -0.244673 0.937502
6358.000000 23.979280 4.528217 -53.813158 -0.264559 -0.008573 -0.245217 0.932633
6359.000000 24.332934 2.531699 -53.371666 -0.281254 -0.016266 -0.245899 0.927451
6360.000000 24.664673 0.631883 -52.856585 -0.297117 -0.023657 -0.246485 0.922175
6361.000000 24.886618 -1.089743 -52.327080 -0.311783 -0.029724 -0.246722 0.917080
6362.000000 24.928591 -2.583470 -51.840488 -0.324946 -0.033629 -0.246391 0.912453
6363.000000 24.735644 -3.820299 -51.450540 -0.336332 -0.034710 -0.245308 0.908570
6364.000000 24.224082 -4.725110 -51.204422 -0.345667 -0.032357 -0.243289 0.905692
6365.000000 23.356985 -5.283362 -51.139604 -0.352673 -0.025983 -0.240133 0.904037
6366.000000 22.123818 -5.469052 -51.267159 -0.357176 -0.015273 -0.235695 0.903681
6367.000000 20.530352 -5.293474 -51.543734 -0.359272 -0.000625 -0.230041 0.904436
6368.000000 18.701518 -4.863216 -51.876095 -0.359478 0.016569 -0.223564 0.905826
6369.000000 16.855022 -4.343194 -52.153955 -0.358715 0.034120 -0.216961 0.907241
6370.000000 15.191414 -3.877745 -52.294091 -0.358055 0.049757 -0.211018 0.908181
6371.000000 13.841312 -3.593957 -52.270621 -0.358351 0.061940 -0.206313 0.908396
6372.000000 12.886397 -3.565942 -52.101452 -0.359994 0.070298 -0.203026 0.907878
6373.000000 12.246196 -3.748003 -51.826659 -0.362928 0.075473 -0.200954 0.906755
6374.000000 11.813303 -4.098808 -51.485396 -0.366877 0.078588 -0.199685 0.905180
6375.000000 11.476131 -4.551408 -51.108311 -0.371582 0.080684 -0.198819 0.903265
6376.000000 11.169802 -5.077697 -50.711388 -0.376892 0.082377 -0.198109 0.901065
6377.000000 10.890626 -5.657524 -50.296864 -0.382714 0.083792 -0.197506 0.898610
6378.000000 10.649580 -6.296323 -49.856939 -0.388920 0.084684 -0.197114 0.895944
6379.000000 10.503181 -6.953589 -49.384152 -0.395313 0.084706 -0.197088 0.893146
6380.000000 10.454215 -7.647807 -48.875574 -0.401687 0.083711 -0.197501 0.890300
6381.000000 10.486685 -8.323452 -48.339833 -0.407920 0.081991 -0.198233 0.887459
6382.000000 10.509958 -8.988342 -47.796745 -0.414022 0.080298 -0.198943 0.884624
6383.000000 10.441910 -9.620092 -47.271552 -0.420111 0.079605 -0.199178 0.881758
6384.000000 10.194346 -10.219032 -46.784555 -0.426321 0.080714 -0.198546 0.878815
6385.000000 9.737150 -10.787776 -46.340979 -0.432715 0.083929 -0.196878 0.875758
6386.000000 9.097044 -11.322614 -45.930256 -0.439238 0.089000 -0.194275 0.872586
6387.000000 8.332427 -11.824070 -45.534262 -0.445735 0.095326 -0.191017 0.869336
6388.000000 7.513084 -12.298081 -45.138336 -0.452010 0.102293 -0.187402 0.866085
6389.000000 6.669735 -12.717743 -44.736838 -0.457899 0.109539 -0.183613 0.862911
6390.000000 5.828283 -13.102935 -44.331163 -0.463339 0.117035 -0.179660 0.859850
6391.000000 4.944489 -13.429677 -43.923726 -0.468401 0.125024 -0.175405 0.856856
6392.000000 3.988009 -13.732126 -43.513381 -0.473272 0.133882 -0.170636 0.853799
6393.000000 2.928958 -14.017427 -43.093687 -0.478157 0.143945 -0.165156 0.850511
6394.000000 1.744948 -14.290229 -42.653058 -0.483146 0.155281 -0.158910 0.846880
6395.000000 0.486646 -14.546522 -42.179722 -0.488171 0.167428 -0.152145 0.842917
6396.000000 -0.713300 -14.822567 -41.665458 -0.493133 0.179273 -0.145507 0.838754
6397.000000 -1.731680 -15.141207 -41.105765 -0.498121 0.189260 -0.139961 0.834546
6398.000000 -2.446676 -15.549488 -40.499395 -0.503524 0.195900 -0.136504 0.830333
6399.000000 -2.787094 -16.100093 -39.840429 -0.509904 0.198337 -0.135797 0.825966
6400.000000 -2.770040 -16.838409 -39.121372 -0.517661 0.196699 -0.137869 0.821175
6401.000000 -2.515843 -17.716869 -38.324482 -0.526707 0.192163 -0.141989 0.815777
6402.000000 -2.177950 -18.657228 -37.469564 -0.536363 0.186694 -0.146788 0.809885
6403.000000 -1.975125 -19.516762 -36.611414 -0.545561 0.182412 -0.150698 0.803977
6404.000000 -1.946942 -20.209960 -35.814195 -0.553252 0.180695 -0.152636 0.798726
6405.000000 -2.068431 -20.688660 -35.125591 -0.558793 0.181519 -0.152543 0.794689
6406.000000 -2.288310 -20.943436 -34.546717 -0.562153 0.183639 -0.151307 0.792065
6407.000000 -2.479445 -21.062467 -34.052059 -0.563851 0.185633 -0.150008 0.790639
6408.000000 -2.613807 -21.112552 -33.603080 -0.564717 0.187026 -0.149070 0.789870
6409.000000 -2.797404 -21.154190 -33.149785 -0.565615 0.188559 -0.148035 0.789057
6410.000000 -3.030563 -21.244714 -32.654947 -0.567282 0.191401 -0.146113 0.787533
6411.000000 -3.410921 -21.408752 -32.090087 -0.570234 0.196109 -0.142941 0.784820
6412.000000 -3.938872 -21.674384 -31.433438 -0.574702 0.202234 -0.138865 0.780728
6413.000000 -4.514314 -22.028724 -30.681261 -0.580575 0.208793 -0.134603 0.775384
6414.000000 -5.076381 -22.447294 -29.853822 -0.587438 0.215008 -0.130701 0.769159
6415.000000 -5.589481 -22.907427 -28.981462 -0.594713 0.220669 -0.127260 0.762514
6416.000000 -6.054675 -23.356385 -28.097940 -0.601857 0.225988 -0.124042 0.755851
6417.000000 -6.500607 -23.776835 -27.224272 -0.608537 0.231249 -0.120770 0.749414
6418.000000 -6.929732 -24.144724 -26.364672 -0.614723 0.236566 -0.117342 0.743225
6419.000000 -7.348726 -24.475298 -25.504630 -0.620686 0.241858 -0.113874 0.737080
6420.000000 -7.742735 -24.838783 -24.617761 -0.626805 0.246958 -0.110583 0.730684
6421.000000 -8.104508 -25.218681 -23.699582 -0.633197 0.251768 -0.107577 0.723949
6422.000000 -8.449561 -25.516861 -22.785114 -0.639381 0.256357 -0.104698 0.717294
6423.000000 -8.771209 -25.772995 -21.944005 -0.644326 0.260923 -0.101540 0.711655
6424.000000 -9.061588 -25.900077 -21.267201 -0.646912 0.265614 -0.097704 0.708102
6425.000000 -9.326299 -25.849682 -20.806350 -0.646533 0.270310 -0.093140 0.707285
6426.000000 -9.538253 -25.658526 -20.553996 -0.643406 0.274524 -0.088335 0.709128
6427.000000 -9.671519 -25.371113 -20.454202 -0.638409 0.277539 -0.084155 0.712969
6428.000000 -9.704916 -25.045255 -20.444474 -0.632548 0.278731 -0.081415 0.718028
6429.000000 -9.631582 -24.698137 -20.486964 -0.626397 0.277885 -0.080436 0.723835
6430.000000 -9.455303 -24.361262 -20.570731 -0.619879 0.275283 -0.080908 0.730358
6431.000000 -9.211394 -23.997410 -20.722352 -0.612540 0.271500 -0.082168 0.737788
6432.000000 -8.923092 -23.561185 -20.938469 -0.604140 0.267035 -0.083695 0.746125
6433.000000 -8.592829 -23.113292 -21.180628 -0.595138 0.262030 -0.085480 0.754880
6434.000000 -8.227103 -22.717495 -21.375542 -0.586738 0.256271 -0.087993 0.763099
6435.000000 -7.820631 -22.426811 -21.440220 -0.580388 0.249460 -0.091812 0.769734
6436.000000 -7.386687 -22.264901 -21.326342 -0.577025 0.241534 -0.097177 0.774119
6437.000000 -6.927866 -22.293880 -21.034605 -0.576534 0.232828 -0.103762 0.776295
6438.000000 -6.486388 -22.413145 -20.626032 -0.577797 0.223992 -0.110796 0.776983
6439.000000 -6.077092 -22.519983 -20.185827 -0.579281 0.215755 -0.117404 0.777238
6440.000000 -5.739848 -22.609649 -19.790738 -0.579717 0.208685 -0.122929 0.777989
6441.000000 -5.450428 -22.625778 -19.482620 -0.578400 0.203133 -0.127010 0.779781
6442.000000 -5.247881 -22.483966 -19.279995 -0.575022 0.199336 -0.129452 0.782852
6443.000000 -5.121979 -22.221439 -19.197482 -0.569355 0.197543 -0.130062 0.787334
6444.000000 -5.077878 -21.844979 -19.244195 -0.561139 0.198011 -0.128640 0.793326
6445.000000 -5.123030 -21.340306 -19.416853 -0.550236 0.200861 -0.125099 0.800778
6446.000000 -5.257697 -20.692342 -19.690780 -0.536774 0.205984 -0.119546 0.809416
6447.000000 -5.481367 -19.921232 -20.030544 -0.521076 0.213087 -0.112238 0.818826
6448.000000 -5.783715 -19.038064 -20.402212 -0.503446 0.221869 -0.103427 0.828625
6449.000000 -6.161612 -18.061686 -20.780608 -0.484019 0.232204 -0.093218 0.838521
6450.000000 -6.635338 -16.987335 -21.139593 -0.462860 0.244243 -0.081537 0.848209
6451.000000 -7.217988 -15.836747 -21.442018 -0.440231 0.258350 -0.068262 0.857200
6452.000000 -7.936756 -14.652120 -21.633848 -0.416853 0.274807 -0.053481 0.864786
6453.000000 -8.774164 -13.498541 -21.660236 -0.393949 0.293341 -0.037770 0.870246
6454.000000 -9.665845 -12.455826 -21.494365 -0.373009 0.312756 -0.022258 0.873242
6455.000000 -10.506375 -11.593367 -21.159308 -0.355401 0.331029 -0.008374 0.874094
6456.000000 -11.200069 -10.949055 -20.721106 -0.342001 0.345986 0.002622 0.873683
6457.000000 -11.687867 -10.531621 -20.255074 -0.333056 0.356182 0.010055 0.872987
6458.000000 -11.960391 -10.301789 -19.808267 -0.328273 0.361467 0.013976 0.872573
6459.000000 -12.040484 -10.245545 -19.379958 -0.326997 0.362986 0.015065 0.872403
6460.000000 -12.022371 -10.302618 -18.941552 -0.328328 0.362718 0.014404 0.872026
6461.000000 -12.031218 -10.406306 -18.458275 -0.331199 0.362767 0.013208 0.870938
6462.000000 -12.105693 -10.539084 -17.916045 -0.334502 0.364538 0.012476 0.868944
6463.000000 -12.237089 -10.635055 -17.338252 -0.337140 0.368032 0.012686 0.866446
6464.000000 -12.342380 -10.677839 -16.806820 -0.337785 0.371607 0.013785 0.864650
6465.000000 -12.345232 -10.582904 -16.448444 -0.334509 0.372416 0.015509 0.865546
6466.000000 -12.205528 -10.190606 -16.407082 -0.324979 0.367286 0.017666 0.871308
6467.000000 -11.756514 -9.534260 -16.752762 -0.307712 0.353688 0.020030 0.883072
6468.000000 -10.907968 -8.694790 -17.417356 -0.283833 0.330709 0.021997 0.899770
6469.000000 -9.782557 -7.736964 -18.186646 -0.257738 0.299936 0.022592 0.918204
6470.000000 -8.535427 -6.869486 -18.821667 -0.235497 0.265553 0.021038 0.934655
6471.000000 -7.271783 -6.246731 -19.156648 -0.221607 0.232859 0.017407 0.946765
6472.000000 -6.188901 -5.958045 -19.197540 -0.216432 0.205811 0.012691 0.954273
6473.000000 -5.334015 -5.910711 -19.036006 -0.216259 0.185398 0.008201 0.958537
6474.000000 -4.718207 -5.878041 -18.790493 -0.215753 0.170002 0.004828 0.961523
6475.000000 -4.251815 -5.721234 -18.554732 -0.210861 0.157240 0.002819 0.964783
6476.000000 -3.832270 -5.358488 -18.358733 -0.200289 0.145750 0.002040 0.968833
6477.000000 -3.474501 -4.823592 -18.179414 -0.185128 0.135729 0.002288 0.973293
6478.000000 -3.207847 -4.189854 -17.980544 -0.167455 0.128143 0.003365 0.977511
6479.000000 -3.028984 -3.523790 -17.739245 -0.149024 0.123459 0.005030 0.981083
6480.000000 -2.920074 -2.891466 -17.459351 -0.130717 0.120950 0.006990 0.983989
6481.000000 -2.849324 -2.278427 -17.149062 -0.112767 0.119029 0.008966 0.986426
6482.000000 -2.778615 -1.691441 -16.819138 -0.095393 0.116247 0.010771 0.988570
6483.000000 -2.653318 -1.168571 -16.472601 -0.079381 0.112134 0.012294 0.990441
6484.000000 -2.518283 -0.762072 -16.109927 -0.066200 0.107245 0.013439 0.991935
6485.000000 -2.375345 -0.477164 -15.728682 -0.057428 0.102472 0.014109 0.992977
6486.000000 -2.238820 -0.355462 -15.336071 -0.053733 0.098217 0.014271 0.993611
6487.000000 -2.109088 -0.350642 -14.938928 -0.054132 0.094094 0.014021 0.993992
6488.000000 -1.969420 -0.377254 -14.544227 -0.056306 0.089327 0.013559 0.994317
6489.000000 -1.801649 -0.393352 -14.154419 -0.057863 0.083429 0.013084 0.994746
6490.000000 -1.651119 -0.449596 -13.768695 -0.057604 0.076542 0.012705 0.995320
6491.000000 -1.442616 -0.410242 -13.379738 -0.055765 0.069232 0.012430 0.995963
6492.000000 -1.259721 -0.318356 -12.986271 -0.053216 0.061997 0.012213 0.996582
6493.000000 -1.080432 -0.246340 -12.589191 -0.050476 0.054955 0.012018 0.997140
6494.000000 -0.917367 -0.167971 -12.189267 -0.047356 0.047917 0.011842 0.997658
6495.000000 -0.753075 -0.080038 -11.787193 -0.043298 0.040648 0.011700 0.998166
6496.000000 -0.581993 0.034281 -11.382128 -0.037984 0.033030 0.011596 0.998665
6497.000000 -0.427713 0.176987 -10.974164 -0.031802 0.025017 0.011512 0.999115
6498.000000 -0.244719 0.284716 -10.561791 -0.025971 0.016600 0.011413 0.999460
6499.000000 -0.065618 0.348386 -10.146739 -0.022155 0.007970 0.011279 0.999659
6500.000000 0.066443 0.370301 -9.732390 -0.021652 -0.000189 0.011121 0.999704
6501.000000 0.187616 0.335032 -9.317773 -0.024575 -0.006669 0.010985 0.999615
6502.000000 0.247678 0.268445 -8.904983 -0.029648 -0.010241 0.010923 0.999448
6503.000000 0.251937 0.195665 -8.492280 -0.034845 -0.010466 0.010963 0.999278
6504.000000 0.250776 0.130939 -8.080571 -0.038444 -0.008125 0.011084 0.999166
6505.000000 0.219620 0.088184 -7.668199 -0.039761 -0.004814 0.011226 0.999135
6506.000000 0.166640 0.089650 -7.253838 -0.039191 -0.001949 0.011340 0.999165
6507.000000 0.118772 0.110941 -6.839037 -0.037764 0.000032 0.011415 0.999221
6508.000000 0.095519 0.127982 -6.423847 -0.036672 0.001675 0.011476 0.999260
6509.000000 0.080246 0.112749 -6.009144 -0.036998 0.003861 0.011552 0.999241
6510.000000 0.049725 0.092048 -5.594558 -0.039527 0.007075 0.011656 0.999125
6511.000000 0.012773 0.055397 -5.180544 -0.044496 0.011090 0.011776 0.998879
6512.000000 -0.016083 -0.005855 -4.765545 -0.051350 0.015141 0.011881 0.998495
6513.000000 -0.036614 -0.055955 -4.349922 -0.058715 0.018348 0.011938 0.998035
6514.000000 -0.061225 -0.081428 -3.934595 -0.064723 0.020077 0.011932 0.997630
6515.000000 -0.067347 -0.121231 -3.519280 -0.067596 0.020082 0.011873 0.997440
6516.000000 -0.051685 -0.117842 -3.103952 -0.066206 0.018439 0.011786 0.997566
6517.000000 -0.052227 -0.102751 -2.691153 -0.060388 0.015457 0.011696 0.997987
6518.000000 -0.027066 -0.078003 -2.278275 -0.050926 0.011654 0.011620 0.998567
6519.000000 -0.028673 -0.048984 -1.865512 -0.039293 0.007723 0.011572 0.999131
6520.000000 -0.024647 -0.036116 -1.451863 -0.027298 0.004368 0.011551 0.999551
6521.000000 -0.013392 -0.002714 -1.037598 -0.016710 0.002032 0.011549 0.999792
6522.000000 -0.008181 0.001961 -0.622225 -0.008905 0.000743 0.011552 0.999893
6523.000000 0.002986 -0.011850 -0.207270 -0.004555 0.000214 0.011553 0.999923
6524.000000 -0.026989 -0.025810 0.007897 0.008565 0.012335 -0.057888 0.998210
6525.000000 -0.179916 -0.043261 0.046714 0.055910 0.059960 -0.329164 0.940707
6526.000000 -0.309426 0.093348 0.116422 0.098704 0.102704 -0.573645 0.806623
6527.000000 -0.304060 0.114042 -0.273295 0.087230 0.098866 -0.575197 0.807320
6528.000000 -0.323734 0.179964 -0.683033 0.063669 0.091660 -0.578137 0.808271
6529.000000 -0.339985 0.196746 -1.097006 0.032071 0.083538 -0.581502 0.808609
6530.000000 -0.337130 0.185294 -1.509345 -0.000282 0.077667 -0.584199 0.807886
6531.000000 -0.354535 0.124087 -1.921430 -0.027029 0.075817 -0.585758 0.806479
6532.000000 -0.404693 0.091025 -2.331898 -0.045208 0.077555 -0.586341 0.805075
6533.000000 -0.420567 0.076266 -2.742337 -0.055120 0.080909 -0.586362 0.804111
6534.000000 -0.437151 0.048065 -3.155620 -0.058626 0.083513 -0.586219 0.803701
6535.000000 -0.430376 0.065912 -3.572665 -0.057635 0.083377 -0.586198 0.803802
6536.000000 -0.356237 0.064669 -3.991666 -0.053591 0.079260 -0.586449 0.804316
6537.000000 -0.280084 0.046102 -4.411918 -0.047708 0.070976 -0.586968 0.805080
6538.000000 -0.193803 0.040640 -4.834069 -0.041264 0.059630 -0.587631 0.805873
6539.000000 -0.087220 0.022328 -5.254459 -0.035550 0.047402 -0.588268 0.806492
6540.000000 0.003958 -0.009861 -5.671775 -0.031532 0.036728 -0.588760 0.806857
6541.000000 0.075104 -0.036778 -6.088362 -0.029580 0.029254 -0.589073 0.807008
6542.000000 0.123989 -0.049906 -6.504401 -0.029518 0.025168 -0.589237 0.807028
6543.000000 0.125330 -0.088694 -6.921275 -0.030881 0.023291 -0.589313 0.806978
6544.000000 0.133341 -0.143341 -7.337480 -0.033020 0.021833 -0.589369 0.806894
6545.000000 0.151651 -0.193298 -7.753728 -0.034977 0.019390 -0.589458 0.806809
6546.000000 0.210363 -0.200525 -8.166968 -0.035471 0.015705 -0.589597 0.806766
6547.000000 0.271751 -0.180554 -8.581019 -0.033388 0.011788 -0.589761 0.806801
6548.000000 0.343104 -0.146676 -8.995974 -0.028572 0.009364 -0.589893 0.806921
6549.000000 0.372954 -0.060836 -9.410422 -0.022209 0.009964 -0.589927 0.807089
6550.000000 0.365734 0.071960 -9.827446 -0.016267 0.014211 -0.589835 0.807235
6551.000000 0.292530 0.191712 -10.243569 -0.012337 0.021643 -0.589635 0.807286
6552.000000 0.172741 0.347154 -10.660433 -0.010813 0.031017 -0.589370 0.807195
6553.000000 0.014475 0.465686 -11.074170 -0.011007 0.040706 -0.589079 0.806974
6554.000000 -0.141103 0.537746 -11.485889 -0.011955 0.048878 -0.588818 0.806698
6555.000000 -0.228438 0.573421 -11.899516 -0.013170 0.053421 -0.588681 0.806491
6556.000000 -0.204192 0.502435 -12.318547 -0.014808 0.051922 -0.588795 0.806477
6557.000000 -0.026209 0.285262 -12.742657 -0.017354 0.042033 -0.589222 0.806690
6558.000000 0.341696 -0.089314 -13.157643 -0.021163 0.022277 -0.589843 0.806933
6559.000000 0.863683 -0.640857 -13.535494 -0.026118 -0.007033 -0.590313 0.806721
6560.000000 1.567099 -1.344203 -13.837921 -0.031478 -0.043320 -0.590214 0.805469
6561.000000 2.327088 -2.014738 -14.045351 -0.035991 -0.082217 -0.589354 0.802874
6562.000000 3.070688 -2.612090 -14.189230 -0.038339 -0.119035 -0.587942 0.799177
6563.000000 3.766038 -3.132430 -14.319007 -0.037754 -0.150583 -0.586441 0.794976
6564.000000 4.429054 -3.492903 -14.463724 -0.034462 -0.176269 -0.585189 0.790756
6565.000000 5.010850 -3.754299 -14.620548 -0.029675 -0.197765 -0.584136 0.786634
6566.000000 5.528537 -3.981247 -14.771391 -0.025128 -0.217510 -0.582899 0.782488
6567.000000 6.062985 -4.317963 -14.898300 -0.022456 -0.237103 -0.581037 0.778250
6568.000000 6.483317 -4.645760 -14.997982 -0.022673 -0.256652 -0.578321 0.774055
6569.000000 6.864895 -5.027195 -15.094782 -0.025962 -0.275305 -0.574799 0.770156
6570.000000 7.201445 -5.520813 -15.198960 -0.031818 -0.292263 -0.570685 0.766739
6571.000000 7.420479 -5.984663 -15.317849 -0.039406 -0.307365 -0.566203 0.763798
6572.000000 7.605429 -6.435283 -15.445366 -0.047886 -0.320945 -0.561527 0.761176
6573.000000 7.759731 -6.885513 -15.579491 -0.056541 -0.333377 -0.556813 0.758697
6574.000000 7.897509 -7.327871 -15.719001 -0.064745 -0.344895 -0.552240 0.756232
6575.000000 8.058926 -7.720205 -15.859947 -0.071924 -0.355820 -0.547974 0.753620
6576.000000 8.251292 -8.066448 -15.990688 -0.077542 -0.366883 -0.544116 0.750548
6577.000000 8.521070 -8.432266 -16.082305 -0.081054 -0.379257 -0.540693 0.746489
6578.000000 8.946025 -8.749085 -16.103192 -0.081818 -0.394147 -0.537746 0.740799
6579.000000 9.505307 -9.028358 -16.029233 -0.079120 -0.412177 -0.535405 0.732934
6580.000000 10.217173 -9.240829 -15.853220 -0.072516 -0.432937 -0.533850 0.722711
6581.000000 11.027636 -9.396380 -15.596660 -0.062419 -0.455046 -0.533098 0.710523
6582.000000 11.840427 -9.545357 -15.299624 -0.050478 -0.476725 -0.532776 0.697377
6583.000000 12.570585 -9.658825 -15.009537 -0.039291 -0.496601 -0.532088 0.684636
6584.000000 13.174752 -9.830738 -14.759451 -0.031431 -0.514231 -0.530071 0.673500
6585.000000 13.654169 -10.081746 -14.552408 -0.028319 -0.530061 -0.526007 0.664492
6586.000000 14.028848 -10.438043 -14.366931 -0.029646 -0.544846 -0.519815 0.657310
6587.000000 14.312581 -10.817517 -14.186438 -0.033668 -0.558989 -0.512213 0.651180
6588.000000 14.562851 -11.164159 -14.016966 -0.038142 -0.572294 -0.504471 0.645395
6589.000000 14.799059 -11.478167 -13.888945 -0.041320 -0.584261 -0.497822 0.639614
6590.000000 15.063999 -11.746478 -13.818810 -0.042473 -0.594615 -0.492896 0.633784
6591.000000 15.307960 -11.916351 -13.806344 -0.041795 -0.603541 -0.489581 0.627935
6592.000000 15.552251 -12.020308 -13.831556 -0.039956 -0.611482 -0.487326 0.622099
6593.000000 15.788072 -12.072834 -13.875328 0.037695 0.618767 0.485547 -0.616401
6594.000000 16.011074 -12.212360 -13.950438 0.035616 0.625379 0.483885 -0.611137
6595.000000 16.183556 -12.287831 -14.076808 0.034083 0.630936 0.482301 -0.606749
6596.000000 16.315470 -12.335815 -14.287259 0.033152 0.634822 0.481077 -0.603711
6597.000000 16.354146 -12.308914 -14.612694 0.032661 0.636450 0.480626 -0.602382
6598.000000 16.338197 -12.311798 -15.074224 0.032515 0.635596 0.481134 -0.602885
6599.000000 16.227174 -12.280845 -15.648160 0.032940 0.632625 0.482269 -0.605077
6600.000000 16.061188 -12.200359 -16.285847 0.034458 0.628426 0.483244 -0.608579
6601.000000 15.845386 -12.204491 -16.926309 0.037629 0.624133 0.483148 -0.612871
6602.000000 15.595078 -12.297232 -17.514683 0.042799 0.620789 0.481271 -0.617388
6603.000000 15.351573 -12.534008 -18.008862 -0.050008 -0.619104 -0.477260 0.621637
6604.000000 15.106273 -12.852344 -18.397613 -0.059006 -0.619256 -0.471183 0.625321
6605.000000 14.873946 -13.270690 -18.696435 -0.069284 -0.620802 -0.463540 0.628439
6606.000000 14.658447 -13.743564 -18.947613 -0.080166 -0.622823 -0.455142 0.631278
6607.000000 14.402518 -14.182417 -19.205547 -0.090995 -0.624289 -0.446842 0.634284
6608.000000 14.128537 -14.612380 -19.515140 -0.101336 -0.624466 -0.439228 0.637849
6609.000000 13.796566 -14.968173 -19.890884 -0.111072 -0.623103 -0.432474 0.642162
6610.000000 13.408800 -15.270410 -20.326808 -0.120341 -0.620342 -0.426415 0.647197
6611.000000 12.993083 -15.564582 -20.803058 -0.129386 -0.616488 -0.420755 0.652815
6612.000000 12.524860 -15.820011 -21.303387 -0.138416 -0.611784 -0.415238 0.658893
6613.000000 12.006415 -16.094685 -21.820942 -0.147573 -0.606271 -0.409721 0.665422
6614.000000 11.434699 -16.342246 -22.358236 -0.156993 -0.599731 -0.404124 0.672577
6615.000000 10.743745 -16.584581 -22.927776 -0.166912 -0.591681 -0.398330 0.680726
6616.000000 9.926202 -16.846137 -23.536871 -0.177686 -0.581479 -0.392122 0.690326
6617.000000 8.897513 -17.074561 -24.180063 -0.189655 -0.568596 -0.385216 0.701668
6618.000000 7.700633 -17.339537 -24.826171 -0.202957 -0.552988 -0.377364 0.714569
6619.000000 6.358974 -17.629109 -25.420678 -0.217476 -0.535385 -0.368428 0.728236
6620.000000 4.957228 -18.000069 -25.900269 -0.232993 -0.517220 -0.358389 0.741455
6621.000000 3.570923 -18.475649 -26.214413 -0.249403 -0.500187 -0.347296 0.752992
6622.000000 2.313902 -19.083157 -26.329143 -0.266772 -0.485669 -0.335226 0.761960
6623.000000 1.224500 -19.871259 -26.240094 -0.285153 -0.474379 -0.322329 0.767956
6624.000000 0.326547 -20.771122 -25.967570 -0.304311 -0.466354 -0.308914 0.771026
6625.000000 -0.390104 -21.734362 -25.559470 -0.323572 -0.461170 -0.295508 0.771556
6626.000000 -0.945761 -22.709274 -25.091843 -0.341903 -0.458200 -0.282818 0.770174
6627.000000 -1.341455 -23.574130 -24.647332 -0.358188 -0.456786 -0.271590 0.767650
6628.000000 -1.628712 -24.297884 -24.311198 -0.371535 -0.456317 -0.262410 0.764773
6629.000000 -1.816300 -24.858011 -24.139226 -0.381505 -0.456279 -0.255554 0.762204
6630.000000 -1.942030 -25.213743 -24.151355 -0.388162 -0.456293 -0.250952 0.760362
6631.000000 -2.018028 -25.432552 -24.335678 -0.391957 -0.456184 -0.248283 0.759356
6632.000000 -2.057751 -25.501736 -24.659609 -0.393518 -0.455992 -0.247140 0.759036
6633.000000 -2.053425 -25.509437 -25.082717 -0.393432 -0.455890 -0.247169 0.759133
6634.000000 -2.017501 -25.425975 -25.583156 -0.392072 -0.455985 -0.248143 0.759461
6635.000000 -1.968188 -25.274270 -26.155824 -0.389511 -0.456173 -0.249979 0.760064
6636.000000 -1.885388 -25.012721 -26.816281 -0.385536 -0.456150 -0.252730 0.761194
6637.000000 -1.799027 -24.638996 -27.585780 -0.379812 -0.455600 -0.256531 0.763128
6638.000000 -1.706511 -24.112092 -28.470296 -0.372141 -0.454435 -0.261478 0.765917
6639.000000 -1.593405 -23.453791 -29.441882 -0.362774 -0.452931 -0.267449 0.769233
6640.000000 -1.427977 -22.730485 -30.432328 -0.352620 -0.451675 -0.273950 0.772399
6641.000000 -1.222056 -22.094690 -31.347847 -0.343209 -0.451256 -0.280079 0.774682
6642.000000 -1.006379 -21.645714 -32.104724 -0.336349 -0.451699 -0.284658 0.775762
6643.000000 -0.933630 -21.455135 -32.652770 -0.333629 -0.451922 -0.286471 0.776140
6644.000000 -1.194055 -21.572834 -32.983603 -0.336054 -0.449696 -0.284485 0.777116
6645.000000 -1.976597 -21.942335 -33.099910 -0.343980 -0.442499 -0.277970 0.780131
6646.000000 -3.365622 -22.601730 -32.973909 -0.357225 -0.428917 -0.266617 0.785707
6647.000000 -5.193930 -23.469873 -32.535854 -0.375147 -0.409703 -0.250744 0.792802
6648.000000 -7.220734 -24.543726 -31.725113 -0.396640 -0.387636 -0.231517 0.799259
6649.000000 -9.219052 -25.787320 -30.590546 -0.420088 -0.366170 -0.210860 0.803109
6650.000000 -10.877333 -27.048409 -29.282179 -0.443340 -0.347750 -0.190957 0.803775
6651.000000 -12.167479 -28.196988 -28.049469 -0.463808 -0.332952 -0.173663 0.802413
6652.000000 -13.158172 -28.952503 -27.147737 -0.478805 -0.320844 -0.160170 0.801343
6653.000000 -13.922442 -29.245607 -26.794104 -0.486139 -0.309990 -0.150983 0.802981
6654.000000 -14.606746 -29.031816 -27.085510 -0.484742 -0.299305 -0.146024 0.808776
6655.000000 -15.176439 -28.280471 -27.971482 -0.474995 -0.288364 -0.144744 0.818704
6656.000000 -15.693650 -27.065536 -29.287150 -0.458525 -0.277278 -0.146280 0.831549
6657.000000 -16.215937 -25.514162 -30.826710 -0.437555 -0.266390 -0.149677 0.845682
6658.000000 -16.636999 -23.723701 -32.423506 -0.414165 -0.256012 -0.154110 0.859753
6659.000000 -17.019866 -21.829703 -33.964786 -0.389871 -0.246317 -0.159002 0.872953
6660.000000 -17.360980 -19.881896 -35.400792 -0.365596 -0.237349 -0.164000 0.884934
6661.000000 -17.653385 -17.932516 -36.708536 -0.341820 -0.229040 -0.168906 0.895640
6662.000000 -17.936371 -16.003010 -37.889482 -0.318658 -0.221201 -0.173620 0.905198
6663.000000 -18.176787 -14.033499 -38.955008 -0.295875 -0.213580 -0.178141 0.913842
6664.000000 -18.443019 -12.046510 -39.920665 -0.272971 -0.206033 -0.182582 0.921792
6665.000000 -18.648806 -9.970279 -40.811041 -0.249391 -0.198763 -0.187141 0.929126
6666.000000 -18.747842 -7.805127 -41.650272 -0.224770 -0.192440 -0.192046 0.935716
6667.000000 -18.664931 -5.538821 -42.465434 -0.199089 -0.188047 -0.197449 0.941284
6668.000000 -18.303188 -3.246999 -43.268035 -0.172730 -0.186422 -0.203324 0.945553
6669.000000 -17.681132 -0.994582 -44.048342 -0.146472 -0.187708 -0.209415 0.948397
6670.000000 -16.917353 1.154108 -44.773130 -0.121409 -0.191124 -0.215298 0.949936
6671.000000 -16.084208 3.077473 -45.406464 -0.098714 -0.195290 -0.220559 0.950511
6672.000000 -15.343124 4.750167 -45.932099 -0.079190 -0.198870 -0.224966 0.950563
6673.000000 -14.814629 6.194272 -46.357146 -0.062731 -0.201038 -0.228573 0.950475
6674.000000 -14.421156 7.529818 -46.690251 -0.048016 -0.201474 -0.231718 0.950479
6675.000000 -14.217720 8.986504 -46.919028 -0.032829 -0.200093 -0.234909 0.950633
6676.000000 -14.115335 10.723007 -47.009893 -0.015081 -0.196953 -0.238587 0.950820
6677.000000 -14.018160 12.751279 -46.936294 0.005893 -0.192471 -0.242851 0.950760
6678.000000 -13.928249 14.916004 -46.723927 0.028640 -0.187644 -0.247341 0.950154
6679.000000 -13.743386 16.924598 -46.484293 0.050083 -0.183871 -0.251387 0.948940
6680.000000 -13.482674 18.470972 -46.374927 0.067009 -0.182325 -0.254349 0.947404
6681.000000 -13.138762 19.390941 -46.506603 0.077572 -0.183290 -0.255928 0.945985
6682.000000 -12.789766 19.724968 -46.884245 0.081913 -0.185989 -0.256270 0.945000
6683.000000 -12.525926 19.639903 -47.415888 0.081689 -0.189022 -0.255829 0.944536
6684.000000 -12.409291 19.338123 -47.990369 0.079041 -0.191113 -0.255116 0.944534
6685.000000 -12.432543 19.018687 -48.531400 0.075711 -0.191689 -0.254484 0.944860
6686.000000 -12.575750 18.739201 -49.015425 0.072687 -0.190954 -0.254065 0.945359
6687.000000 -12.772493 18.555791 -49.453696 0.070319 -0.189522 -0.253839 0.945887
6688.000000 -12.972146 18.429111 -49.863580 0.068595 -0.187863 -0.253746 0.946370
6689.000000 -13.202211 18.363307 -50.249734 0.067353 -0.185969 -0.253760 0.946829
6690.000000 -13.482866 18.332236 -50.601555 0.066416 -0.183400 -0.253900 0.947358
6691.000000 -13.877871 18.369917 -50.901055 0.065696 -0.179619 -0.254209 0.948050
6692.000000 -14.417445 18.470303 -51.130795 0.065291 -0.174321 -0.254729 0.948927
6693.000000 -15.083070 18.670418 -51.280365 0.065493 -0.167569 -0.255490 0.949924
6694.000000 -15.835822 19.007977 -51.347829 0.066629 -0.159712 -0.256489 0.950929
6695.000000 -16.624203 19.451651 -51.344192 0.068800 -0.151204 -0.257682 0.951843
6696.000000 -17.418252 19.972791 -51.293388 0.071695 -0.142464 -0.258972 0.952626
6697.000000 -18.196648 20.479749 -51.225098 0.074661 -0.133791 -0.260245 0.953309
6698.000000 -18.968124 20.955653 -51.170648 0.076992 -0.125327 -0.261407 0.953956
6699.000000 -19.749450 21.274166 -51.145324 0.078187 -0.117079 -0.262415 0.954630
6700.000000 -20.560300 21.497838 -51.159313 0.077977 -0.109005 -0.263258 0.955371
6701.000000 -21.374342 21.514031 -51.222283 0.076161 -0.101166 -0.263926 0.956195
6702.000000 -22.200709 21.336192 -51.352694 0.072507 -0.093854 -0.264385 0.957097
6703.000000 -22.957389 20.957585 -51.590045 0.066856 -0.087615 -0.264583 0.958045
6704.000000 -23.606984 20.339820 -51.961678 0.059389 -0.083144 -0.264481 0.958963
6705.000000 -24.034688 19.511408 -52.485542 0.050834 -0.081132 -0.264083 0.959736
6706.000000 -24.173389 18.669185 -53.159244 0.042483 -0.082123 -0.263455 0.960231
6707.000000 -23.876032 17.878780 -53.961796 0.035925 -0.086396 -0.262720 0.960325
6708.000000 -23.211541 17.329754 -54.861483 0.032612 -0.093865 -0.262031 0.959930
6709.000000 -22.096892 17.117225 -55.800587 0.033384 -0.104013 -0.261521 0.958996
6710.000000 -20.660361 17.294816 -56.715744 0.038160 -0.115935 -0.261254 0.957522
6711.000000 -19.051076 17.775973 -57.551535 0.045867 -0.128462 -0.261199 0.955599
6712.000000 -17.458970 18.388355 -58.282252 0.054659 -0.140375 -0.261243 0.953446
6713.000000 -16.063937 18.921115 -58.922468 0.062458 -0.150662 -0.261243 0.951395
6714.000000 -14.975137 19.274633 -59.518465 0.067706 -0.158817 -0.261079 0.949753
6715.000000 -14.169629 19.331382 -60.109350 0.069968 -0.165021 -0.260697 0.948636
6716.000000 -13.589766 19.180775 -60.715842 0.069952 -0.170065 -0.260114 0.947906
6717.000000 -13.012543 18.892182 -61.340928 0.068909 -0.174962 -0.259391 0.947289
6718.000000 -12.402487 18.598280 -61.982348 0.067841 -0.180438 -0.258592 0.946557
6719.000000 -11.674253 18.270056 -62.627948 0.067107 -0.186601 -0.257756 0.945642
6720.000000 -10.909539 18.017932 -63.264410 0.066560 -0.193005 -0.256913 0.944624
6721.000000 -10.190262 17.736189 -63.883561 0.065932 -0.199023 -0.256091 0.943642
6722.000000 -9.567767 17.435845 -64.476928 0.065064 -0.204257 -0.255310 0.942795
6723.000000 -9.023612 17.136190 -65.050894 0.063910 -0.208694 -0.254564 0.942104
6724.000000 -8.597682 16.822997 -65.610175 0.062484 -0.212542 -0.253832 0.941536
6725.000000 -8.215595 16.489815 -66.160234 0.060846 -0.215929 -0.253109 0.941068
6726.000000 -7.907706 16.173961 -66.694282 0.059115 -0.218742 -0.252433 0.940710
6727.000000 -7.709053 15.870049 -67.204237 0.057434 -0.220704 -0.251865 0.940508
6728.000000 -7.654097 15.653767 -67.683312 0.055889 -0.221570 -0.251451 0.940508
6729.000000 -7.743046 15.466928 -68.130891 0.054452 -0.221250 -0.251193 0.940737
6730.000000 -7.991128 15.319709 -68.551919 0.052979 -0.219814 -0.251053 0.941195
6731.000000 -8.394268 15.173113 -68.955554 0.051257 -0.217413 -0.250967 0.941870
6732.000000 -8.892279 14.980039 -69.345907 0.049088 -0.214222 -0.250875 0.942741
6733.000000 -9.520709 14.754795 -69.730300 0.046360 -0.210428 -0.250731 0.943772
6734.000000 -10.217151 14.455688 -70.111370 0.043064 -0.206239 -0.250509 0.944911
6735.000000 -10.947810 14.086596 -70.490774 0.039238 -0.201861 -0.250196 0.946105
6736.000000 -11.733152 13.641450 -70.870081 0.034874 -0.197428 -0.249777 0.947321
6737.000000 -12.533456 13.109123 -71.248000 0.029885 -0.192927 -0.249238 0.948560
6738.000000 -13.412467 12.481378 -71.617997 0.024134 -0.188176 -0.248569 0.949853
6739.000000 -14.407807 11.739020 -71.969119 0.017498 -0.182924 -0.247764 0.951234
6740.000000 -15.507803 10.882065 -72.288746 0.009905 -0.177022 -0.246814 0.952706
6741.000000 -16.740525 9.908816 -72.570342 0.001334 -0.170529 -0.245704 0.954226
6742.000000 -18.055008 8.808769 -72.813156 -0.008197 -0.163701 -0.244419 0.955717
6743.000000 -19.402470 7.573323 -73.020756 -0.018614 -0.156875 -0.242953 0.957088
6744.000000 -20.729661 6.217858 -73.198811 -0.029749 -0.150371 -0.241325 0.958262
6745.000000 -21.980598 4.785107 -73.356147 -0.041280 -0.144471 -0.239585 0.959178
6746.000000 -23.101094 3.331091 -73.505879 -0.052701 -0.139448 -0.237820 0.959801
6747.000000 -24.034344 1.947954 -73.670778 -0.063356 -0.135561 -0.236147 0.960127
6748.000000 -24.724909 0.722939 -73.878952 -0.072557 -0.133005 -0.234695 0.960189
6749.000000 -25.131183 -0.270151 -74.157905 -0.079727 -0.131866 -0.233579 0.960050
6750.000000 -25.261168 -0.984475 -74.523941 -0.084498 -0.132129 -0.232875 0.959777
6751.000000 -25.097789 -1.349346 -74.987557 -0.086731 -0.133745 -0.232621 0.959415
6752.000000 -24.652477 -1.416755 -75.551889 -0.086477 -0.136720 -0.232821 0.958970
6753.000000 -23.900610 -1.191873 -76.214707 -0.083919 -0.141156 -0.233456 0.958400
6754.000000 -22.815581 -0.728006 -76.966765 -0.079294 -0.147176 -0.234493 0.957635
6755.000000 -21.420923 -0.019131 -77.787034 -0.072851 -0.154763 -0.235882 0.956609
6756.000000 -19.769142 0.873534 -78.638039 -0.064871 -0.163595 -0.237549 0.955300
6757.000000 -17.961620 1.914421 -79.471611 -0.055746 -0.173028 -0.239395 0.953752
6758.000000 -16.134065 3.077548 -80.244932 -0.046018 -0.182250 -0.241302 0.952072
6759.000000 -14.440880 4.280754 -80.930630 -0.036312 -0.190515 -0.243153 0.950401
6760.000000 -12.989484 5.453012 -81.524121 -0.027199 -0.197310 -0.244861 0.948879
6761.000000 -11.837506 6.546773 -82.036853 -0.019078 -0.202394 -0.246374 0.947614
6762.000000 -11.012442 7.515810 -82.485660 -0.012159 -0.205730 -0.247674 0.946670
6763.000000 -10.503191 8.366663 -82.887102 -0.006513 -0.207361 -0.248767 0.946084
6764.000000 -10.336140 9.079532 -83.251092 -0.002150 -0.207308 -0.249667 0.945878
6765.000000 -10.486750 9.656793 -83.583292 0.000939 -0.205555 -0.250388 0.946072
6766.000000 -10.982520 10.107100 -83.884088 0.002777 -0.202120 -0.250944 0.946661
6767.000000 -11.765833 10.435047 -84.153662 0.003452 -0.197173 -0.251348 0.947594
6768.000000 -12.784550 10.651252 -84.394121 0.003139 -0.191086 -0.251618 0.948770
6769.000000 -13.932271 10.756196 -84.614790 0.002020 -0.184427 -0.251757 0.950053
6770.000000 -15.085728 10.702364 -84.838593 -0.000024 -0.177952 -0.251711 0.951301
6771.000000 -16.130133 10.283977 -85.114801 -0.003899 -0.172716 -0.251284 0.952371
6772.000000 -16.885076 9.106256 -85.515893 -0.011570 -0.170144 -0.250089 0.953086
6773.000000 -17.221532 6.707771 -86.082165 -0.025294 -0.171651 -0.247686 0.953178
6774.000000 -17.096022 3.033043 -86.726014 -0.045222 -0.177455 -0.244012 0.952325
6775.000000 -16.687817 -0.972926 -87.265129 -0.066355 -0.185152 -0.239995 0.950641
6776.000000 -16.510461 -2.422808 -87.471368 -0.074232 -0.188210 -0.238475 0.949840
6777.000000 -16.903293 0.959817 -87.016597 -0.056200 -0.181338 -0.241937 0.951538
6778.000000 -17.214648 5.004153 -86.406072 -0.034642 -0.174091 -0.245980 0.952883
6779.000000 -17.113225 8.080260 -85.780045 -0.017578 -0.170327 -0.249059 0.953231
6780.000000 -16.551061 9.826596 -85.295417 -0.007105 -0.170998 -0.250813 0.952787
6781.000000 -15.634137 10.556539 -84.965504 -0.001633 -0.175098 -0.251566 0.951868
6782.000000 -14.517862 10.756196 -84.723918 0.001145 -0.181109 -0.251765 0.950690
6783.000000 -13.347982 10.716059 -84.505957 0.002676 -0.187786 -0.251705 0.949407
6784.000000 -12.249732 10.554767 -84.277410 0.003405 -0.194240 -0.251499 0.948160
6785.000000 -11.339739 10.288459 -84.022786 0.003251 -0.199817 -0.251164 0.947090
6786.000000 -10.691666 9.902678 -83.737590 0.002011 -0.204042 -0.250686 0.946319
6787.000000 -10.372315 9.386188 -83.421048 -0.000447 -0.206645 -0.250048 0.945925
6788.000000 -10.377191 8.742545 -83.073394 -0.004172 -0.207545 -0.249240 0.945932
6789.000000 -10.712486 7.958014 -82.691471 -0.009176 -0.206756 -0.248246 0.946331
6790.000000 -11.384161 7.048974 -82.268174 -0.015461 -0.204278 -0.247051 0.947099
6791.000000 -12.371960 6.009225 -81.789561 -0.022997 -0.200072 -0.245644 0.948210
6792.000000 -13.679885 4.872400 -81.238373 -0.031652 -0.194117 -0.244029 0.949614
6793.000000 -15.262432 3.678035 -80.599479 -0.041123 -0.186541 -0.242241 0.951226
6794.000000 -17.036956 2.487785 -79.868104 -0.050919 -0.177716 -0.240348 0.952920
6795.000000 -18.875653 1.374548 -79.059931 -0.060421 -0.168286 -0.238457 0.954551
6796.000000 -20.624258 0.408535 -78.211640 -0.069032 -0.159057 -0.236686 0.955989
6797.000000 -22.157667 -0.401024 -77.370306 -0.076283 -0.150785 -0.235148 0.957157
6798.000000 -23.396671 -0.993296 -76.580293 -0.081849 -0.143963 -0.233927 0.958047
6799.000000 -24.313431 -1.335822 -75.871445 -0.085472 -0.138747 -0.233086 0.958705
6800.000000 -24.911627 -1.415606 -75.257195 -0.086906 -0.135058 -0.232665 0.959205
6801.000000 -25.220218 -1.200132 -74.742554 -0.085933 -0.132769 -0.232691 0.959605
6802.000000 -25.229932 -0.664055 -74.328981 -0.082427 -0.131825 -0.233172 0.959926
6803.000000 -24.966884 0.193248 -74.008228 -0.076425 -0.132257 -0.234089 0.960140
6804.000000 -24.406114 1.299466 -73.768393 -0.068179 -0.134108 -0.235386 0.960188
6805.000000 -23.585737 2.630033 -73.584250 -0.058168 -0.137348 -0.236964 0.960000
6806.000000 -22.563515 4.061640 -73.430387 -0.047043 -0.141833 -0.238699 0.959528
6807.000000 -21.369563 5.508639 -73.279564 -0.035492 -0.147328 -0.240464 0.958755
6808.000000 -20.063725 6.913439 -73.113118 -0.024108 -0.153564 -0.242157 0.957704
6809.000000 -18.723582 8.201739 -72.920918 -0.013302 -0.160267 -0.243708 0.956423
6810.000000 -17.391551 9.375260 -72.696275 -0.003314 -0.167136 -0.245084 0.954981
6811.000000 -16.111438 10.416039 -72.434404 0.005742 -0.173837 -0.246280 0.953464
6812.000000 -14.935648 11.329613 -72.133278 0.013824 -0.180056 -0.247308 0.951960
6813.000000 -13.891219 12.130596 -71.796757 0.020932 -0.185626 -0.248184 0.950531
6814.000000 -12.966188 12.800836 -71.434800 0.027114 -0.190599 -0.248920 0.949197
6815.000000 -12.124941 13.391292 -71.059310 0.032466 -0.195194 -0.249523 0.947936
6816.000000 -11.335005 13.870730 -70.680378 0.037127 -0.199648 -0.250000 0.946711
6817.000000 -10.574837 14.274652 -70.300929 0.041216 -0.204062 -0.250364 0.945504
6818.000000 -9.858495 14.621781 -69.921423 0.044781 -0.208369 -0.250630 0.944331
6819.000000 -9.193047 14.866474 -69.539896 0.047797 -0.212388 -0.250811 0.943239
6820.000000 -8.620202 15.094173 -69.151871 0.050238 -0.215905 -0.250925 0.942283
6821.000000 -8.176727 15.247187 -68.755387 0.052163 -0.218724 -0.251007 0.941506
6822.000000 -7.852627 15.382336 -68.344112 0.053733 -0.220663 -0.251112 0.940937
6823.000000 -7.682059 15.545190 -67.910549 0.055164 -0.221556 -0.251304 0.940593
6824.000000 -7.665151 15.758229 -67.447364 0.056643 -0.221284 -0.251637 0.940481
6825.000000 -7.790866 16.018283 -66.953127 0.058260 -0.219848 -0.252132 0.940586
6826.000000 -8.046404 16.332269 -66.429946 0.059982 -0.217423 -0.252762 0.940872
6827.000000 -8.389441 16.652422 -65.887068 0.061685 -0.214294 -0.253468 0.941290
6828.000000 -8.795648 16.989651 -65.332200 0.063229 -0.210679 -0.254198 0.941807
6829.000000 -9.283385 17.280908 -64.765909 0.064523 -0.206564 -0.254934 0.942431
6830.000000 -9.871813 17.591434 -64.183011 0.065533 -0.201747 -0.255695 0.943199
6831.000000 -10.532253 17.875545 -63.577531 0.066270 -0.196096 -0.256498 0.944121
6832.000000 -11.296366 18.132200 -62.949189 0.066828 -0.189814 -0.257334 0.945137
6833.000000 -12.046719 18.433927 -62.304686 0.067434 -0.183452 -0.258176 0.946120
6834.000000 -12.721065 18.745636 -61.660345 0.068340 -0.177605 -0.258998 0.946946
6835.000000 -13.295775 19.051187 -61.025791 0.069483 -0.172474 -0.259766 0.947600
6836.000000 -13.854265 19.270162 -60.410747 0.070170 -0.167624 -0.260428 0.948238
6837.000000 -14.546006 19.338586 -59.812979 0.069189 -0.162125 -0.260916 0.949132
6838.000000 -15.477954 19.131823 -59.223099 0.065458 -0.155012 -0.261186 0.950509
6839.000000 -16.727780 18.670543 -58.611001 0.058801 -0.145768 -0.261257 0.952386
6840.000000 -18.241232 18.081687 -57.930179 0.050260 -0.134567 -0.261218 0.954532
6841.000000 -19.863671 17.503948 -57.146122 0.041749 -0.122201 -0.261205 0.956606
6842.000000 -21.417392 17.166561 -56.264735 0.035317 -0.109821 -0.261357 0.958324
6843.000000 -22.701706 17.171240 -55.330620 0.032469 -0.098653 -0.261747 0.959532
6844.000000 -23.597208 17.567395 -54.402471 0.033792 -0.089753 -0.262360 0.960193
6845.000000 -24.070623 18.254993 -53.546004 0.038880 -0.083845 -0.263091 0.960334
6846.000000 -24.151615 19.086779 -52.804487 0.046536 -0.081227 -0.263791 0.960026
6847.000000 -23.852742 19.942129 -52.204448 0.055178 -0.081791 -0.264317 0.959376
6848.000000 -23.300130 20.673947 -51.757159 0.063318 -0.085113 -0.264571 0.958514
6849.000000 -22.592828 21.187360 -51.456918 0.069931 -0.090558 -0.264520 0.957569
6850.000000 -21.790811 21.433332 -51.275410 0.074578 -0.097415 -0.264185 0.956637
6851.000000 -20.964678 21.539564 -51.183986 0.077284 -0.105044 -0.263615 0.955772
6852.000000 -20.152297 21.399871 -51.147465 0.078270 -0.113020 -0.262857 0.954990
6853.000000 -19.354300 21.134632 -51.153432 0.077753 -0.121179 -0.261931 0.954286
6854.000000 -18.589228 20.723783 -51.194915 0.075944 -0.129530 -0.260844 0.953632
6855.000000 -17.803770 20.235488 -51.259169 0.073216 -0.138107 -0.259618 0.952977
6856.000000 -17.020923 19.696116 -51.322532 0.070192 -0.146841 -0.258322 0.952250
6857.000000 -16.222272 19.220183 -51.353654 0.067594 -0.155511 -0.257066 0.951401
6858.000000 -15.459909 18.816258 -51.324264 0.065929 -0.163751 -0.255961 0.950433
6859.000000 -14.737780 18.557559 -51.215997 0.065294 -0.171110 -0.255079 0.949417
6860.000000 -14.131363 18.401831 -51.025431 0.065440 -0.177164 -0.254440 0.948468
6861.000000 -13.661412 18.347966 -50.759043 0.066028 -0.181689 -0.254030 0.947680
6862.000000 -13.337901 18.341836 -50.431024 0.066856 -0.184805 -0.253812 0.947078
6863.000000 -13.077922 18.393294 -50.060126 0.067925 -0.186965 -0.253739 0.946597
6864.000000 -12.872120 18.484633 -49.661556 0.069385 -0.188708 -0.253779 0.946135
6865.000000 -12.673531 18.644716 -49.238901 0.071416 -0.190287 -0.253932 0.945626
6866.000000 -12.493967 18.866842 -48.780426 0.074127 -0.191450 -0.254247 0.945098
6867.000000 -12.400635 19.173457 -48.267625 0.077382 -0.191593 -0.254777 0.944665
6868.000000 -12.447135 19.502342 -47.703811 0.080543 -0.190241 -0.255479 0.944485
6869.000000 -12.641385 19.720416 -47.138071 0.082237 -0.187555 -0.256114 0.944704
6870.000000 -12.960437 19.624531 -46.669203 0.080441 -0.184504 -0.256230 0.945428
6871.000000 -13.309910 19.010338 -46.407548 0.073123 -0.182519 -0.255312 0.946655
6872.000000 -13.632881 17.770410 -46.404170 0.059271 -0.182776 -0.253033 0.948185
6873.000000 -13.846726 15.963488 -46.598230 0.039742 -0.185538 -0.249465 0.949612
6874.000000 -13.983252 13.832483 -46.842232 0.017214 -0.190017 -0.245106 0.950537
6875.000000 -14.064483 11.707405 -46.994352 -0.004956 -0.194831 -0.240657 0.950842
6876.000000 -14.165695 9.815141 -46.983427 -0.024363 -0.198729 -0.236670 0.950737
6877.000000 -14.295007 8.229665 -46.819851 -0.040631 -0.201012 -0.233275 0.950540
6878.000000 -14.599787 6.862710 -46.535265 -0.055282 -0.201481 -0.230173 0.950458
6879.000000 -15.057636 5.495653 -46.156356 -0.070631 -0.200159 -0.226854 0.950518
6880.000000 -15.684413 3.948547 -45.682677 -0.088535 -0.197219 -0.222873 0.950575
6881.000000 -16.502067 2.145244 -45.102706 -0.109700 -0.193205 -0.218027 0.950317
6882.000000 -17.317225 0.102397 -44.420436 -0.133715 -0.189229 -0.212411 0.949313
6883.000000 -18.010091 -2.115161 -43.662368 -0.159526 -0.186729 -0.206367 0.947152
6884.000000 -18.516725 -4.384030 -42.869285 -0.185955 -0.186858 -0.200338 0.943594
6885.000000 -18.735504 -6.676620 -42.059500 -0.212048 -0.189939 -0.194681 0.938647
6886.000000 -18.722927 -8.898019 -41.235784 -0.237221 -0.195425 -0.189537 0.932529
6887.000000 -18.545409 -11.022630 -40.373505 -0.261296 -0.202333 -0.184832 0.925539
6888.000000 -18.318497 -13.048419 -39.448653 -0.284475 -0.209795 -0.180361 0.917894
6889.000000 -18.061973 -15.018333 -38.436284 -0.307246 -0.217378 -0.175900 0.909619
6890.000000 -17.798346 -16.973936 -37.313645 -0.330169 -0.225078 -0.171290 0.900549
6891.000000 -17.508484 -18.900832 -36.071486 -0.353630 -0.233121 -0.166473 0.890442
6892.000000 -17.201157 -20.862982 -34.697509 -0.377692 -0.241744 -0.161503 0.879105
6893.000000 -16.827332 -22.781896 -33.205682 -0.402061 -0.251074 -0.156525 0.866492
6894.000000 -16.437356 -24.640313 -31.626469 -0.426053 -0.261123 -0.151806 0.852789
6895.000000 -15.961693 -26.326190 -30.040615 -0.448462 -0.271787 -0.147803 0.838551
6896.000000 -15.435178 -27.722975 -28.588627 -0.467466 -0.282819 -0.145221 0.824864
6897.000000 -14.904847 -28.721294 -27.462433 -0.480834 -0.293869 -0.144973 0.813279
6898.000000 -14.271601 -29.203950 -26.859072 -0.486542 -0.304669 -0.148000 0.805326
6899.000000 -13.557931 -29.160752 -26.892864 -0.483529 -0.315343 -0.155031 0.801701
6900.000000 -12.701025 -28.628912 -27.541681 -0.472147 -0.326652 -0.166395 0.801678
6901.000000 -11.562176 -27.648712 -28.640022 -0.454094 -0.339932 -0.181893 0.803219
6902.000000 -10.098370 -26.423181 -29.943438 -0.431892 -0.356499 -0.200685 0.803806
6903.000000 -8.245595 -25.153733 -31.191913 -0.408242 -0.376635 -0.221230 0.801587
6904.000000 -6.199514 -23.979989 -32.177935 -0.385536 -0.398805 -0.241443 0.796255
6905.000000 -4.237853 -23.012014 -32.798848 -0.365659 -0.419877 -0.259193 0.789187
6906.000000 -2.602952 -22.233563 -33.071242 -0.349967 -0.436515 -0.272897 0.782627
6907.000000 -1.506537 -21.734617 -33.069874 -0.339329 -0.446850 -0.281825 0.778303
6908.000000 -1.015304 -21.475890 -32.844213 -0.334162 -0.451281 -0.286007 0.776454
6909.000000 -0.935101 -21.509025 -32.406476 -0.334393 -0.451956 -0.285981 0.775971
6910.000000 -1.111045 -21.842230 -31.750139 -0.339350 -0.451407 -0.282641 0.775363
6911.000000 -1.329267 -22.394503 -30.905351 -0.347709 -0.451339 -0.277131 0.773686
6912.000000 -1.517013 -23.093509 -29.940236 -0.357711 -0.452230 -0.270681 0.770884
6913.000000 -1.649402 -23.799054 -28.948574 -0.367629 -0.453694 -0.264356 0.767546
6914.000000 -1.753025 -24.401446 -28.014290 -0.376218 -0.455086 -0.258861 0.764426
6915.000000 -1.841823 -24.839283 -27.186451 -0.382912 -0.455954 -0.254490 0.762049
6916.000000 -1.930020 -25.158563 -26.473663 -0.387721 -0.456211 -0.251232 0.760544
6917.000000 -1.995822 -25.360778 -25.859850 -0.390950 -0.456084 -0.248953 0.759716
6918.000000 -2.037571 -25.476105 -25.324097 -0.392900 -0.455913 -0.247547 0.759272
6919.000000 -2.061087 -25.519976 -24.860257 -0.393651 -0.455919 -0.247025 0.759049
6920.000000 -2.043437 -25.478387 -24.483387 -0.392977 -0.456089 -0.247545 0.759127
6921.000000 -1.982757 -25.345222 -24.223365 -0.390379 -0.456256 -0.249401 0.759759
6922.000000 -1.888547 -25.053173 -24.121759 -0.385226 -0.456296 -0.252988 0.761178
6923.000000 -1.729861 -24.594498 -24.202402 -0.376949 -0.456272 -0.258689 0.763417
6924.000000 -1.503322 -23.965387 -24.461835 -0.365268 -0.456468 -0.266718 0.766210
6925.000000 -1.153201 -23.162070 -24.860721 -0.350366 -0.457339 -0.276979 0.769004
6926.000000 -0.692819 -22.225883 -25.328296 -0.332925 -0.459450 -0.289025 0.771058
6927.000000 -0.044410 -21.250730 -25.775848 -0.313987 -0.463443 -0.302168 0.771574
6928.000000 0.754338 -20.307475 -26.124337 -0.294667 -0.469977 -0.315658 0.769839
6929.000000 1.754123 -19.450456 -26.309221 -0.275841 -0.479604 -0.328866 0.765335
6930.000000 2.921609 -18.765070 -26.297949 -0.257960 -0.492551 -0.341376 0.757834
6931.000000 4.245798 -18.220525 -26.081286 -0.241085 -0.508462 -0.352970 0.747500
6932.000000 5.670958 -17.793043 -25.677346 -0.225121 -0.526266 -0.363544 0.734983
6933.000000 7.045971 -17.483985 -25.133608 -0.210079 -0.544359 -0.373035 0.721377
6934.000000 8.323313 -17.203028 -24.505428 -0.196141 -0.561106 -0.381420 0.707960
6935.000000 9.438293 -16.961163 -23.855689 -0.183506 -0.575391 -0.388774 0.695777
6936.000000 10.362463 -16.723537 -23.227701 -0.172169 -0.586889 -0.395295 0.685318
6937.000000 11.107276 -16.458208 -22.638244 -0.161870 -0.595933 -0.401263 0.676498
6938.000000 11.734970 -16.226409 -22.086343 -0.152238 -0.603154 -0.406938 0.668903
6939.000000 12.273534 -15.962611 -21.559838 -0.142972 -0.609135 -0.412485 0.662095
6940.000000 12.764968 -15.691846 -21.051037 -0.133893 -0.614234 -0.417990 0.655800
6941.000000 13.214792 -15.433021 -20.560564 -0.124877 -0.618533 -0.423553 0.649942
6942.000000 13.609545 -15.121900 -20.102405 -0.115750 -0.621879 -0.429375 0.644597
6943.000000 13.966572 -14.781984 -19.693809 -0.106275 -0.623975 -0.435748 0.639910
6944.000000 14.259987 -14.405685 -19.352364 -0.096241 -0.624566 -0.442929 0.635979
6945.000000 14.529474 -13.961291 -19.072095 -0.085622 -0.623681 -0.450934 0.632732
6946.000000 14.769403 -13.493857 -18.824267 -0.074694 -0.621820 -0.459379 0.629866
6947.000000 14.995067 -13.052870 -18.556000 -0.064025 -0.619904 -0.467512 0.626939
6948.000000 15.228751 -12.680189 -18.216392 -0.054310 -0.618964 -0.474458 0.623557
6949.000000 15.468715 -12.400387 -17.774996 0.046158 0.619714 0.479538 -0.619570
6950.000000 15.714277 -12.241657 -17.230131 0.039955 0.622287 0.482463 -0.615135
6951.000000 15.951283 -12.197816 -16.609427 0.035809 0.626221 0.483382 -0.610662
6952.000000 16.160681 -12.239620 -15.962833 0.033524 0.630610 0.482835 -0.606694
6953.000000 16.285049 -12.305857 -15.348848 0.032628 0.634329 0.481665 -0.603789
6954.000000 16.362994 -12.309618 -14.827989 0.032540 0.636325 0.480767 -0.602407
6955.000000 16.335790 -12.327272 -14.433010 0.032863 0.635944 0.480733 -0.602819
6956.000000 16.253802 -12.303296 -14.168019 0.033550 0.633129 0.481617 -0.605035
6957.000000 16.109328 -12.251754 -14.005621 0.034771 0.628325 0.483072 -0.608802
6958.000000 15.900897 -12.156892 -13.908410 0.036603 0.622173 0.484712 -0.613690
6959.000000 15.680560 -12.042258 -13.850773 -0.038836 -0.615198 -0.486406 0.619219
6960.000000 15.425001 -11.961968 -13.815146 -0.040973 -0.607607 -0.488360 0.625011
6961.000000 15.178923 -11.842915 -13.806593 -0.042326 -0.599231 -0.491066 0.630861
6962.000000 14.932262 -11.610112 -13.846851 -0.042154 -0.589638 -0.495135 0.636703
6963.000000 14.674095 -11.334254 -13.946310 -0.039964 -0.578472 -0.500952 0.642511
6964.000000 14.441646 -10.992552 -14.098402 -0.035979 -0.565777 -0.508273 0.648275
6965.000000 14.178150 -10.630938 -14.276590 -0.031462 -0.551997 -0.516118 0.654165
6966.000000 13.848298 -10.251141 -14.458159 -0.028512 -0.537545 -0.523150 0.660717
6967.000000 13.440087 -9.941831 -14.652191 -0.029260 -0.522323 -0.528318 0.668732
6968.000000 12.884138 -9.735147 -14.878093 -0.034818 -0.505685 -0.531302 0.678814
6969.000000 12.212500 -9.603750 -15.150288 -0.044614 -0.486941 -0.532539 0.690870
6970.000000 11.447066 -9.484123 -15.450444 -0.056530 -0.466043 -0.532925 0.703988
6971.000000 10.611964 -9.333793 -15.733295 -0.067831 -0.443934 -0.533386 0.716813
6972.000000 9.843333 -9.146304 -15.953141 -0.076307 -0.422284 -0.534521 0.728108
6973.000000 9.208050 -8.888651 -16.079223 -0.080942 -0.402769 -0.536488 0.737161
6974.000000 8.718036 -8.600947 -16.103206 -0.081825 -0.386328 -0.539154 0.743887
6975.000000 8.362550 -8.244017 -16.043641 -0.079598 -0.372825 -0.542349 0.748681
6976.000000 8.151177 -7.894860 -15.928060 -0.074961 -0.361268 -0.545991 0.752170
6977.000000 7.974164 -7.533874 -15.789586 -0.068497 -0.350398 -0.550060 0.754959
6978.000000 7.829387 -7.099842 -15.648914 -0.060736 -0.339237 -0.554497 0.757471
6979.000000 7.685194 -6.672848 -15.511747 -0.052232 -0.327288 -0.559164 0.759928
6980.000000 7.516592 -6.199947 -15.380440 -0.043582 -0.314318 -0.563880 0.762459
6981.000000 7.320851 -5.761667 -15.256930 -0.035450 -0.300031 -0.568478 0.765217
6982.000000 7.039905 -5.258998 -15.144946 -0.028618 -0.284022 -0.572801 0.768383
6983.000000 6.677709 -4.825132 -15.045909 -0.023952 -0.266152 -0.576649 0.772053
6984.000000 6.282515 -4.483432 -14.950041 -0.022172 -0.246925 -0.579789 0.776132
6985.000000 5.809853 -4.138719 -14.838763 -0.023476 -0.227285 -0.582067 0.780377
6986.000000 5.271305 -3.867168 -14.698081 -0.027260 -0.207723 -0.583570 0.784572
6987.000000 4.732638 -3.631566 -14.541512 -0.032152 -0.187385 -0.584657 0.788689
6988.000000 4.103878 -3.329786 -14.389118 -0.036390 -0.164093 -0.585777 0.792852
6989.000000 3.425587 -2.880151 -14.253463 -0.038425 -0.135569 -0.587174 0.797102
6990.000000 2.703297 -2.323783 -14.121920 -0.037504 -0.101139 -0.588690 0.801129
6991.000000 1.948155 -1.688027 -13.952632 -0.033928 -0.062750 -0.589876 0.804337
6992.000000 1.188462 -0.983963 -13.697620 -0.028817 -0.024548 -0.590355 0.806255
6993.000000 0.582203 -0.341554 -13.353751 -0.023529 0.008708 -0.590125 0.806922
6994.000000 0.140256 0.117891 -12.952494 -0.019094 0.033420 -0.589526 0.806832
6995.000000 -0.137179 0.409015 -12.530246 -0.015937 0.048151 -0.588971 0.806561
6996.000000 -0.232952 0.555114 -12.108187 -0.013908 0.053583 -0.588700 0.806454
6997.000000 -0.196033 0.564951 -11.692267 -0.012532 0.051748 -0.588726 0.806577
6998.000000 -0.068982 0.502082 -11.279955 -0.011434 0.045105 -0.588940 0.806836
6999.000000 0.097692 0.416833 -10.867852 -0.010760 0.035932 -0.589225 0.807098
7000.000000 0.237946 0.268129 -10.452165 -0.011300 0.026184 -0.589508 0.807259
7001.000000 0.336758 0.129888 -10.035424 -0.013994 0.017593 -0.589746 0.807276
7002.000000 0.374666 0.001831 -9.618691 -0.019063 0.011637 -0.589897 0.807170
7003.000000 0.368585 -0.108688 -9.203334 -0.025466 0.009221 -0.589925 0.807003
7004.000000 0.304338 -0.171505 -8.788238 -0.031277 0.010279 -0.589836 0.806852
7005.000000 0.241331 -0.190833 -8.373892 -0.034793 0.013674 -0.589679 0.806772
7006.000000 0.177563 -0.201362 -7.960552 -0.035490 0.017666 -0.589521 0.806779
7007.000000 0.141569 -0.169696 -7.545496 -0.034096 0.020782 -0.589407 0.806849
7008.000000 0.124716 -0.116278 -7.129543 -0.031904 0.022618 -0.589340 0.806938
7009.000000 0.129481 -0.064645 -6.712733 -0.030057 0.024063 -0.589282 0.807009
7010.000000 0.102277 -0.044913 -6.296465 -0.029337 0.026836 -0.589170 0.807030
7011.000000 0.042340 -0.024827 -5.880121 -0.030299 0.032542 -0.588938 0.806954
7012.000000 -0.039020 0.006881 -5.463332 -0.033291 0.041738 -0.588536 0.806706
7013.000000 -0.140501 0.033516 -5.044679 -0.038243 0.053467 -0.587962 0.806213
7014.000000 -0.241878 0.044458 -4.622966 -0.044472 0.065568 -0.587293 0.805488
7015.000000 -0.301895 0.051865 -4.201621 -0.050803 0.075601 -0.586680 0.804680
7016.000000 -0.413524 0.073512 -3.782910 -0.055918 0.081856 -0.586286 0.804016
7017.000000 -0.428275 0.052385 -3.363391 -0.058592 0.083886 -0.586181 0.803693
7018.000000 -0.429968 0.063620 -2.948657 -0.057544 0.082443 -0.586290 0.803838
7019.000000 -0.414127 0.083510 -2.536797 -0.051095 0.079181 -0.586394 0.804525
7020.000000 -0.386361 0.103342 -2.127126 -0.037230 0.076339 -0.586147 0.805741
7021.000000 -0.335363 0.157054 -1.715151 -0.014632 0.076217 -0.585121 0.807224
7022.000000 -0.337263 0.195881 -1.303354 0.015529 0.080161 -0.582981 0.808373
7023.000000 -0.347026 0.195684 -0.889402 0.048448 0.087506 -0.579843 0.808565
7024.000000 -0.310295 0.154891 -0.476900 0.076842 0.095579 -0.576536 0.807815
7025.000000 -0.307322 0.051741 -0.074946 0.094368 0.101223 -0.574238 0.806907
7026.000000 -0.300509 0.119601 0.115768 0.106555 0.098204 -0.608136 0.780495
7027.000000 -0.243014 0.213833 0.115031 -0.135732 -0.078378 0.733579 -0.661284
7028.000000 -0.156528 0.282396 0.117321 -0.160675 -0.056108 0.836140 -0.521446
7029.000000 -0.147387 0.277565 -0.172970 -0.146697 -0.055623 0.838449 -0.521909
7030.000000 -0.097466 0.332160 -0.474288 -0.118245 -0.055401 0.842642 -0.522402
7031.000000 -0.104837 0.359748 -0.786136 -0.080641 -0.056930 0.847072 -0.522231
7032.000000 -0.131236 0.352270 -1.097232 -0.042949 -0.061471 0.850175 -0.521132
7033.000000 -0.159290 0.336641 -1.403518 -0.012600 -0.069001 0.851581 -0.519509
7034.000000 -0.197398 0.314271 -1.706580 0.007576 -0.078140 0.851792 -0.517964
7035.000000 -0.254018 0.320195 -2.010241 0.018809 -0.087073 0.851433 -0.516843
7036.000000 -0.282723 0.344536 -2.314681 0.023968 -0.094570 0.850908 -0.516177
7037.000000 -0.285973 0.360040 -2.620705 0.025585 -0.100256 0.850406 -0.515853
7038.000000 -0.294131 0.368979 -2.928447 0.025214 -0.104150 0.850001 -0.515767
7039.000000 -0.300878 0.369077 -3.237695 0.023669 -0.106059 0.849753 -0.515860
7040.000000 -0.280776 0.387657 -3.549553 0.021414 -0.105350 0.849743 -0.516120
7041.000000 -0.239377 0.366795 -3.864034 0.018809 -0.101156 0.850057 -0.516543
7042.000000 -0.177685 0.283227 -4.179253 0.016245 -0.092908 0.850714 -0.517097
7043.000000 -0.135936 0.227550 -4.495712 0.014172 -0.080959 0.851615 -0.517685
7044.000000 -0.068808 0.142289 -4.812335 0.012992 -0.066875 0.852559 -0.518172
7045.000000 -0.002860 0.041532 -5.126221 0.012888 -0.053059 0.853352 -0.518467
7046.000000 0.041320 -0.051942 -5.437037 0.013737 -0.041821 0.853899 -0.518574
7047.000000 0.060696 -0.120990 -5.746913 0.015149 -0.034485 0.854207 -0.518567
7048.000000 0.066642 -0.158673 -6.057499 0.016595 -0.031106 0.854337 -0.518523
7049.000000 0.069073 -0.166274 -6.368696 0.017638 -0.030786 0.854349 -0.518486
7050.000000 0.059917 -0.153334 -6.680367 0.018255 -0.032237 0.854297 -0.518464
7051.000000 0.022331 -0.140070 -6.992496 0.019051 -0.034171 0.854224 -0.518431
7052.000000 -0.013692 -0.153136 -7.303695 0.020974 -0.035441 0.854176 -0.518350
7053.000000 -0.056447 -0.192239 -7.614254 0.024510 -0.035110 0.854189 -0.518197
7054.000000 -0.084719 -0.256983 -7.923248 0.028916 -0.032611 0.854275 -0.517992
7055.000000 -0.066218 -0.335153 -8.230501 0.032249 -0.027992 0.854431 -0.517807
7056.000000 -0.010219 -0.400175 -8.537475 0.032390 -0.022072 0.854652 -0.517720
7057.000000 0.086126 -0.447938 -8.845685 0.028372 -0.016290 0.854904 -0.517753
7058.000000 0.226689 -0.443903 -9.154666 0.021009 -0.012286 0.855114 -0.517868
7059.000000 0.346254 -0.367905 -9.463536 0.012417 -0.011368 0.855212 -0.518005
7060.000000 0.442774 -0.248085 -9.775173 0.004843 -0.014081 0.855181 -0.518116
7061.000000 0.454306 -0.110819 -10.087139 -0.000400 -0.020051 0.855048 -0.518160
7062.000000 0.423494 0.053391 -10.400184 -0.003325 -0.028167 0.854842 -0.518112
7063.000000 0.376843 0.231262 -10.711893 -0.004935 -0.037058 0.854576 -0.517979
7064.000000 0.317718 0.402678 -11.020201 -0.006461 -0.045605 0.854257 -0.517807
7065.000000 0.258617 0.560718 -11.324963 -0.008670 -0.053198 0.853894 -0.517648
7066.000000 0.242524 0.718811 -11.627859 -0.011657 -0.059651 0.853504 -0.517530
7067.000000 0.253796 0.862780 -11.929259 -0.015111 -0.064942 0.853108 -0.517457
7068.000000 0.277392 0.985571 -12.230101 -0.018715 -0.069118 0.852728 -0.517424
7069.000000 0.305389 1.095076 -12.530912 -0.022316 -0.072468 0.852365 -0.517421
7070.000000 0.345358 1.217478 -12.830605 -0.025841 -0.075748 0.851990 -0.517405
7071.000000 0.350612 1.354975 -13.127430 -0.029254 -0.079987 0.851548 -0.517312
7072.000000 0.333259 1.540922 -13.419194 -0.032664 -0.085721 0.850995 -0.517100
7073.000000 0.342475 1.751816 -13.704878 -0.036436 -0.092161 0.850333 -0.516829
7074.000000 0.404095 1.892253 -13.986214 -0.041003 -0.097217 0.849649 -0.516687
7075.000000 0.534653 1.975835 -14.277658 -0.046434 -0.098778 0.849071 -0.516881
7076.000000 0.669390 2.035165 -14.572134 -0.052131 -0.096428 0.848671 -0.517438
7077.000000 0.837697 2.015779 -14.877018 -0.057039 -0.092120 0.848421 -0.518115
7078.000000 0.966427 1.987686 -15.183653 -0.060274 -0.089190 0.848243 -0.518553
7079.000000 0.972832 2.055360 -15.486607 -0.061627 -0.090505 0.848047 -0.518485
7080.000000 0.870183 2.233005 -15.780503 -0.061537 -0.097157 0.847726 -0.517818
7081.000000 0.653024 2.519305 -16.058583 -0.060587 -0.108362 0.847178 -0.516601
7082.000000 0.383083 2.871635 -16.319381 -0.058970 -0.122209 0.846400 -0.514971
7083.000000 0.070349 3.196703 -16.565286 -0.056340 -0.136594 0.845524 -0.513086
7084.000000 -0.277914 3.510057 -16.812108 -0.052106 -0.149971 0.844755 -0.511061
7085.000000 -0.669978 3.733819 -17.061257 -0.045968 -0.161773 0.844221 -0.508928
7086.000000 -1.080431 3.919539 -17.310734 -0.038351 -0.172450 0.843845 -0.506671
7087.000000 -1.496285 4.101999 -17.547526 -0.030450 -0.183151 0.843338 -0.504292
7088.000000 -1.907335 4.357009 -17.757646 -0.023783 -0.195196 0.842311 -0.501841
7089.000000 -2.304617 4.730312 -17.928466 -0.019500 -0.209519 0.840437 -0.499387
7090.000000 -2.665192 5.219848 -18.051778 -0.017932 -0.226153 0.837586 -0.496974
7091.000000 -2.968690 5.776864 -18.136041 -0.018662 -0.243919 0.833941 -0.494669
7092.000000 -3.197242 6.342535 -18.211908 -0.021042 -0.260522 0.830029 -0.492684
7093.000000 -3.307848 6.807013 -18.325470 -0.024715 -0.273228 0.826569 -0.491446
7094.000000 -3.259535 7.104667 -18.520024 -0.029914 -0.280035 0.824099 -0.491475
7095.000000 -3.023265 7.272469 -18.800705 -0.037475 -0.280936 0.822531 -0.493065
7096.000000 -2.608908 7.445617 -19.114949 -0.048577 -0.278712 0.820955 -0.495976
7097.000000 -2.076068 7.799129 -19.363024 -0.064095 -0.278611 0.817904 -0.499301
7098.000000 -1.602068 8.509900 -19.429033 -0.083671 -0.286645 0.811955 -0.501561
7099.000000 -1.336214 9.675814 -19.218740 -0.105111 -0.306955 0.802313 -0.501024
7100.000000 -1.386347 11.179963 -18.679000 -0.124855 -0.339510 0.789212 -0.496276
7101.000000 -1.736307 12.751159 -17.864969 -0.139680 -0.379576 0.774066 -0.487066
7102.000000 -2.238626 14.168951 -16.959224 -0.148513 -0.419598 0.759129 -0.474979
7103.000000 -2.700017 15.262825 -16.185729 -0.152750 -0.452499 0.746633 -0.463089
7104.000000 -3.011041 15.960820 -15.725712 -0.154717 -0.474385 0.737964 -0.454346
7105.000000 -3.206342 16.295573 -15.635374 -0.155692 -0.485232 0.733447 -0.449851
7106.000000 -3.319021 16.348224 -15.857304 -0.155293 -0.487738 0.732665 -0.448552
7107.000000 -3.353121 16.233375 -16.285858 -0.152632 -0.485446 0.734753 -0.448535
7108.000000 -3.393364 16.011814 -16.808373 -0.147956 -0.481202 0.738463 -0.448583
7109.000000 -3.438771 15.777016 -17.341132 -0.143107 -0.476590 0.742331 -0.448695
7110.000000 -3.451630 15.575281 -17.836807 -0.140362 -0.472264 0.745144 -0.449472
7111.000000 -3.353684 15.460984 -18.271189 -0.140829 -0.468544 0.746357 -0.451203
7112.000000 -3.198897 15.420099 -18.640458 -0.143873 -0.465750 0.746133 -0.453500
7113.000000 -3.031709 15.451640 -18.956741 -0.147829 -0.464168 0.745058 -0.455614
7114.000000 -2.900614 15.518031 -19.236944 -0.151083 -0.463863 0.743791 -0.456925
7115.000000 -2.861102 15.574980 -19.505531 -0.152519 -0.464578 0.742919 -0.457140
7116.000000 -2.942720 15.588153 -19.790948 -0.151238 -0.465837 0.743010 -0.456134
7117.000000 -3.187297 15.509787 -20.119183 -0.146204 -0.467190 0.744660 -0.453695
7118.000000 -3.611511 15.318417 -20.500545 -0.136372 -0.468488 0.748288 -0.449430
7119.000000 -4.256737 15.019700 -20.909833 -0.121280 -0.470025 0.753785 -0.442917
7120.000000 -5.127267 14.664077 -21.287621 -0.101547 -0.472481 0.760338 -0.433977
7121.000000 -6.176154 14.314560 -21.563833 -0.078803 -0.476643 0.766681 -0.422849
7122.000000 -7.334185 14.045265 -21.689920 -0.055090 -0.483011 0.771635 -0.410177
7123.000000 -8.512533 13.894836 -21.658198 -0.032130 -0.491498 0.774566 -0.396794
7124.000000 -9.654866 13.861090 -21.499799 -0.010926 -0.501438 0.775502 -0.383456
7125.000000 -10.714253 13.907692 -21.262095 0.008234 -0.511904 0.774913 -0.370671
7126.000000 -11.680856 14.000979 -20.989063 0.025510 -0.522113 0.773375 -0.358661
7127.000000 -12.559346 14.101642 -20.707624 0.041228 -0.531660 0.771317 -0.347430
7128.000000 -13.365540 14.208282 -20.427213 0.055699 -0.540508 0.768937 -0.336874
7129.000000 -14.105367 14.319825 -20.146197 0.069137 -0.548823 0.766266 -0.326878
7130.000000 -14.796591 14.435911 -19.861686 0.081639 -0.556798 0.763268 -0.317385
7131.000000 -15.434200 14.568138 -19.576229 0.093146 -0.564534 0.759924 -0.308450
7132.000000 -16.004731 14.711254 -19.303805 0.103399 -0.571978 0.756290 -0.300291
7133.000000 -16.484152 14.868311 -19.072849 0.111936 -0.578919 0.752526 -0.293305
7134.000000 -16.855099 15.027491 -18.920327 0.118222 -0.585075 0.748858 -0.287964
7135.000000 -17.079697 15.188037 -18.871674 0.121935 -0.590270 0.745469 -0.284584
7136.000000 -17.215305 15.354096 -18.926578 0.123246 -0.594600 0.742381 -0.283076
7137.000000 -17.268967 15.534835 -19.052765 0.122789 -0.598403 0.739443 -0.282951
7138.000000 -17.264625 15.718084 -19.215974 0.121233 -0.602005 0.736492 -0.283676
7139.000000 -17.208286 15.915600 -19.409753 0.118762 -0.605406 0.733545 -0.285115
7140.000000 -17.060643 16.109129 -19.665830 0.114974 -0.608243 0.730815 -0.287629
7141.000000 -16.829643 16.288118 -20.011321 0.109371 -0.610140 0.728492 -0.291662
7142.000000 -16.523308 16.487852 -20.439927 0.102011 -0.611169 0.726474 -0.297155
7143.000000 -16.154708 16.695458 -20.889284 0.093724 -0.612011 0.724321 -0.303343
7144.000000 -15.802723 16.943277 -21.273960 0.085773 -0.613673 0.721476 -0.309065
7145.000000 -15.558068 17.243984 -21.523389 0.079320 -0.617020 0.717542 -0.313256
7146.000000 -15.470635 17.609631 -21.602734 0.075107 -0.622454 0.712411 -0.315246
7147.000000 -15.575351 18.014303 -21.513094 0.073355 -0.629849 0.706242 -0.314850
7148.000000 -15.775058 18.446315 -21.292679 0.073703 -0.638625 0.699371 -0.312420
7149.000000 -16.043199 18.864743 -21.001813 0.075247 -0.647907 0.692229 -0.308826
7150.000000 -16.311896 19.272784 -20.718062 0.076835 -0.656791 0.685251 -0.305209
7151.000000 -16.528318 19.643488 -20.501477 0.077570 -0.664637 0.678772 -0.302504
7152.000000 -16.654221 19.980445 -20.376360 0.077213 -0.671229 0.672962 -0.301017
7153.000000 -16.720426 20.265542 -20.329269 -0.076242 0.676716 -0.667863 0.300335
7154.000000 -16.816361 20.517863 -20.323301 -0.075582 0.681434 -0.663470 0.299571
7155.000000 -16.942755 20.714242 -20.317057 -0.076198 0.685719 -0.659786 0.297769
7156.000000 -17.156993 20.859850 -20.291775 -0.078697 0.689747 -0.656838 0.294311
7157.000000 -17.463002 20.945044 -20.244018 -0.083058 0.693423 -0.654694 0.289208
7158.000000 -17.806948 20.967888 -20.218409 -0.088611 0.696362 -0.653491 0.283158
7159.000000 -18.125616 20.923663 -20.275400 -0.094293 0.698010 -0.653451 0.277294
7160.000000 -18.365071 20.810614 -20.480805 -0.099062 0.697855 -0.654824 0.272745
7161.000000 -18.482152 20.622024 -20.877765 -0.102235 0.695591 -0.657775 0.270248
7162.000000 -18.450070 20.349517 -21.469154 -0.103641 0.691236 -0.662257 0.269937
7163.000000 -18.314608 20.013415 -22.211082 -0.103644 0.685206 -0.667933 0.271323
7164.000000 -18.116928 19.635447 -23.020725 -0.103023 0.678287 -0.674195 0.273448
7165.000000 -17.965877 19.253382 -23.804408 0.102684 -0.671413 0.680367 -0.275250
7166.000000 -17.858492 18.872548 -24.509276 0.103232 -0.665228 0.686008 -0.276057
7167.000000 -17.777515 18.494669 -25.135462 0.104676 -0.659771 0.691109 -0.275887
7168.000000 -17.766198 18.117563 -25.727525 0.106530 -0.654561 0.696004 -0.275282
7169.000000 -17.740590 17.728053 -26.332331 0.108243 -0.649065 0.701047 -0.274828
7170.000000 -17.684299 17.313816 -26.968578 0.109540 -0.643081 0.706355 -0.274791
7171.000000 -17.574067 16.870153 -27.629089 0.110406 -0.636733 0.711811 -0.275148
7172.000000 -17.426609 16.415856 -28.301007 0.110887 -0.630183 0.717282 -0.275826
7173.000000 -17.261434 15.950701 -28.981988 0.111036 -0.623427 0.722777 -0.276774
7174.000000 -17.079079 15.454142 -29.670275 0.111091 -0.616365 0.728407 -0.277808
7175.000000 -16.923215 14.917620 -30.348698 0.111600 -0.609005 0.734238 -0.278484
7176.000000 -16.849695 14.343619 -30.985482 0.113234 -0.601577 0.740176 -0.278250
7177.000000 -16.885315 13.740714 -31.552451 0.116304 -0.594507 0.745924 -0.276825
7178.000000 -17.015435 13.172764 -32.035048 0.120337 -0.588345 0.751002 -0.274526
7179.000000 -17.159071 12.735888 -32.444797 0.124101 -0.583710 0.754831 -0.272234
7180.000000 -17.236931 12.501499 -32.806493 0.126231 -0.581111 0.756950 -0.270928
7181.000000 -17.204297 12.481389 -33.141481 0.126150 -0.580603 0.757314 -0.271036
7182.000000 -17.123566 12.577382 -33.458597 0.124626 -0.581496 0.756512 -0.272065
7183.000000 -17.096391 12.643981 -33.751102 0.123397 -0.582493 0.755658 -0.272866
7184.000000 -17.125706 12.621169 -34.053499 0.124013 -0.582265 0.755889 -0.272436
7185.000000 -17.261594 12.377825 -34.379226 0.126679 -0.580085 0.757748 -0.270686
7186.000000 -17.406270 11.970903 -34.761558 0.129959 -0.576095 0.760955 -0.268650
7187.000000 -17.374863 11.526258 -35.233363 0.131497 -0.571082 0.764703 -0.267961
7188.000000 -17.023917 11.185397 -35.819786 0.129244 -0.565967 0.768169 -0.269988
7189.000000 -16.320018 11.006380 -36.512204 0.122440 -0.561358 0.770828 -0.275155
7190.000000 -15.337928 10.989542 -37.260432 0.111858 -0.557420 0.772518 -0.282818
7191.000000 -14.174436 11.094133 -38.002168 0.099338 -0.554023 0.773387 -0.291657
7192.000000 -13.003304 11.239680 -38.689961 0.086933 -0.550879 0.773820 -0.300295
7193.000000 -11.962587 11.309250 -39.317154 0.076090 -0.547519 0.774374 -0.307862
7194.000000 -11.036999 11.226870 -39.920560 0.067094 -0.543146 0.775682 -0.314338
7195.000000 -10.066503 10.954743 -40.563479 0.058850 -0.536645 0.778288 -0.320649
7196.000000 -8.824352 10.444211 -41.291227 0.049127 -0.526926 0.782372 -0.328374
7197.000000 -7.061763 9.761605 -42.100563 0.035391 -0.513524 0.787468 -0.339020
7198.000000 -4.636366 9.083323 -42.897076 0.015958 -0.497070 0.792425 -0.353170
7199.000000 -1.726708 8.513132 -43.533673 -0.009232 -0.479225 0.795780 -0.370124
7200.000000 1.639631 8.240722 -43.901441 -0.038869 -0.461950 0.796396 -0.388388
7201.000000 5.163952 8.311273 -43.923554 -0.071326 -0.446523 0.793858 -0.406594
7202.000000 8.731060 8.688201 -43.593841 -0.105475 -0.433019 0.788385 -0.424050
7203.000000 12.238271 9.272420 -42.921882 -0.140568 -0.420671 0.780492 -0.440578
7204.000000 15.627924 9.937695 -41.949260 -0.175561 -0.408746 0.770823 -0.456001
7205.000000 18.772543 10.608090 -40.763064 -0.208884 -0.397189 0.760140 -0.469889
7206.000000 21.539023 11.240122 -39.489140 -0.239064 -0.386568 0.749217 -0.481754
7207.000000 23.889448 11.841091 -38.227466 -0.265672 -0.377537 0.738512 -0.491411
7208.000000 25.908537 12.471506 -36.988926 -0.289664 -0.370309 0.727898 -0.499129
7209.000000 27.747840 13.160718 -35.699169 -0.312737 -0.364435 0.716827 -0.505511
7210.000000 29.497147 13.878383 -34.279102 -0.336039 -0.358898 0.704898 -0.511262
7211.000000 31.203915 14.505595 -32.745545 -0.359059 -0.352413 0.692500 -0.517036
7212.000000 32.761599 14.891328 -31.280892 -0.379397 -0.343929 0.681103 -0.523325
7213.000000 34.011244 14.884547 -30.196465 -0.393554 -0.333202 0.672950 -0.530311
7214.000000 34.748029 14.433178 -29.827649 -0.398250 -0.321117 0.670228 -0.537658
7215.000000 34.871697 13.518985 -30.394908 -0.391617 -0.309456 0.674108 -0.544475
7216.000000 34.292046 12.211012 -31.889723 -0.373835 -0.300164 0.684160 -0.549613
7217.000000 33.007422 10.654326 -34.074226 -0.347125 -0.294528 0.698469 -0.552176
7218.000000 31.136840 9.009809 -36.575068 -0.315159 -0.292754 0.714394 -0.551916
7219.000000 28.905166 7.448172 -39.027873 -0.282049 -0.294139 0.729532 -0.549285
7220.000000 26.596413 6.102688 -41.186614 -0.251304 -0.297588 0.742353 -0.545160
7221.000000 24.454930 5.046918 -42.952642 -0.225171 -0.302067 0.752290 -0.540474
7222.000000 22.642236 4.297879 -44.336598 -0.204568 -0.306838 0.759450 -0.535947
7223.000000 21.206452 3.837909 -45.399322 -0.189456 -0.311510 0.764234 -0.531990
7224.000000 20.148098 3.641136 -46.211480 -0.179297 -0.316019 0.767084 -0.528741
7225.000000 19.414325 3.684774 -46.835936 -0.173368 -0.320544 0.768358 -0.526138
7226.000000 18.931960 3.943757 -47.322077 -0.170897 -0.325364 0.768335 -0.524017
7227.000000 18.653253 4.405914 -47.706235 -0.171123 -0.330669 0.767255 -0.522202
7228.000000 18.510436 5.016881 -48.012661 -0.173330 -0.336392 0.765364 -0.520591
7229.000000 18.480025 5.717276 -48.257636 -0.176887 -0.342165 0.762937 -0.519194
7230.000000 18.553145 6.421818 -48.452842 -0.181263 -0.347417 0.760264 -0.518116
7231.000000 18.719474 7.061571 -48.610413 -0.186026 -0.351624 0.757611 -0.517475
7232.000000 18.953879 7.599797 -48.745354 -0.190818 -0.354586 0.755159 -0.517293
7233.000000 19.227978 8.052405 -48.878022 -0.195313 -0.356634 0.752976 -0.517389
7234.000000 19.431682 8.461240 -49.035380 -0.199131 -0.358686 0.751037 -0.517333
7235.000000 19.447324 8.931398 -49.255771 -0.201743 -0.362139 0.749281 -0.516462
7236.000000 19.108871 9.551836 -49.579984 -0.202468 -0.368570 0.747652 -0.513984
7237.000000 18.278673 10.412799 -50.027114 -0.200712 -0.379239 0.746062 -0.509199
7238.000000 16.922183 11.554065 -50.562127 -0.196404 -0.394490 0.744305 -0.501810
7239.000000 15.180535 12.951862 -51.089394 -0.190383 -0.413354 0.742025 -0.492230
7240.000000 13.338096 14.525655 -51.493970 -0.184347 -0.433742 0.738853 -0.481643
7241.000000 11.719310 16.172989 -51.709729 -0.180195 -0.453285 0.734598 -0.471623
7242.000000 10.526213 17.808902 -51.738839 -0.179106 -0.470378 0.729331 -0.463403
7243.000000 9.784990 19.375251 -51.625096 -0.180999 -0.484750 0.723300 -0.457267
7244.000000 9.359788 20.895558 -51.420198 -0.184763 -0.497256 0.716795 -0.452553
7245.000000 9.032054 22.374210 -51.159354 -0.189027 -0.509105 0.710057 -0.448219
7246.000000 8.645120 23.856428 -50.863559 -0.192838 -0.521107 0.703261 -0.443491
7247.000000 8.165393 25.306228 -50.541785 -0.195865 -0.533375 0.696537 -0.438160
7248.000000 7.616003 26.716940 -50.206839 -0.198194 -0.545516 0.690012 -0.432452
7249.000000 7.062266 28.030825 -49.876097 -0.200032 -0.557003 0.683827 -0.426750
7250.000000 6.546865 29.210695 -49.568010 -0.201560 -0.567442 0.678101 -0.421382
7251.000000 6.088015 30.274197 -49.298339 -0.202926 -0.576655 0.672885 -0.416553
7252.000000 5.715068 31.189354 -49.069396 -0.204274 -0.584642 0.668144 -0.412370
7253.000000 5.422876 32.024014 -48.881275 -0.205735 -0.591491 0.663801 -0.408877
7254.000000 5.217802 32.733366 -48.731148 -0.207381 -0.597291 0.659799 -0.406081
7255.000000 5.102514 33.363351 -48.624757 -0.209199 -0.602074 0.656156 -0.403981
7256.000000 5.059057 33.889448 -48.571436 -0.211113 -0.605824 0.652953 -0.402568
7257.000000 5.088971 34.302016 -48.586368 -0.213045 -0.608529 0.650263 -0.401825
7258.000000 5.182555 34.611301 -48.666697 -0.214967 -0.610221 0.648098 -0.401731
7259.000000 5.339194 34.821096 -48.809753 -0.216907 -0.610968 0.646415 -0.402266
7260.000000 5.574871 34.942350 -49.011060 -0.218893 -0.610818 0.645168 -0.403418
7261.000000 5.855422 34.957130 -49.271309 -0.220898 -0.609778 0.644369 -0.405171
7262.000000 6.202309 34.878621 -49.597042 -0.222823 -0.607833 0.644084 -0.407486
7263.000000 6.587551 34.688020 -49.993599 -0.224539 -0.604987 0.644387 -0.410290
7264.000000 6.999505 34.375961 -50.461511 -0.225944 -0.601289 0.645309 -0.413494
7265.000000 7.433985 33.959104 -50.992386 -0.227027 -0.596824 0.646796 -0.417031
7266.000000 7.898987 33.457278 -51.568051 -0.227891 -0.591712 0.648703 -0.420865
7267.000000 8.402651 32.894042 -52.162857 -0.228726 -0.586115 0.650810 -0.424972
7268.000000 8.943457 32.312176 -52.748728 -0.229722 -0.580248 0.652877 -0.429293
7269.000000 9.516211 31.748142 -53.301926 -0.230991 -0.574380 0.654704 -0.433697
7270.000000 10.104325 31.240357 -53.806393 -0.232547 -0.568807 0.656156 -0.437996
7271.000000 10.689049 30.819477 -54.249946 -0.234356 -0.563847 0.657126 -0.441972
7272.000000 11.219669 30.528739 -54.619119 -0.236416 -0.559853 0.657486 -0.445404
7273.000000 11.688967 30.412117 -54.899376 -0.238752 -0.557202 0.657083 -0.448068
7274.000000 12.056797 30.505603 -55.081149 -0.241349 -0.556193 0.655825 -0.449771
7275.000000 12.318450 30.795382 -55.175265 -0.244058 -0.556851 0.653804 -0.450436
7276.000000 12.453019 31.203898 -55.220898 -0.246586 -0.558742 0.651388 -0.450217
7277.000000 12.502270 31.596967 -55.289444 -0.248536 -0.560929 0.649217 -0.449562
7278.000000 12.506657 31.738245 -55.360954 -0.249156 -0.561746 0.648474 -0.449271
7279.000000 12.480626 31.410433 -55.246605 -0.247661 -0.559874 0.650223 -0.449906
7280.000000 12.392514 30.991586 -55.200421 -0.245368 -0.557689 0.652612 -0.450416
7281.000000 12.198571 30.626398 -55.137564 -0.242704 -0.556328 0.654894 -0.450230
7282.000000 11.891679 30.431231 -55.003382 -0.240023 -0.556481 0.656561 -0.449048
7283.000000 11.466624 30.444944 -54.771377 -0.237549 -0.558337 0.657388 -0.446845
7284.000000 10.964492 30.651894 -54.444895 -0.235354 -0.561706 0.657391 -0.443770
7285.000000 10.401024 31.017656 -54.036317 -0.233421 -0.566229 0.656708 -0.440038
7286.000000 9.810817 31.489388 -53.560946 -0.231735 -0.571537 0.655484 -0.435873
7287.000000 9.226158 32.023454 -53.030676 -0.230320 -0.577296 0.653830 -0.431495
7288.000000 8.664102 32.606336 -52.458447 -0.229194 -0.583199 0.651862 -0.427112
7289.000000 8.143878 33.178900 -51.864910 -0.228299 -0.588962 0.649746 -0.422886
7290.000000 7.663929 33.716421 -51.276112 -0.227476 -0.594340 0.647709 -0.418912
7291.000000 7.214117 34.179701 -50.720014 -0.226522 -0.599146 0.645988 -0.415224
7292.000000 6.792239 34.546379 -50.219039 -0.225284 -0.603240 0.644772 -0.411847
7293.000000 6.391687 34.795579 -49.786010 -0.223715 -0.606521 0.644158 -0.408832
7294.000000 6.022638 34.932875 -49.425586 -0.221879 -0.608919 0.644157 -0.406263
7295.000000 5.704542 34.958757 -49.133245 -0.219898 -0.610410 0.644709 -0.404221
7296.000000 5.449961 34.895389 -48.903480 -0.217894 -0.611003 0.645738 -0.402765
7297.000000 5.254616 34.731189 -48.730769 -0.215933 -0.610709 0.647200 -0.401920
7298.000000 5.129058 34.466724 -48.618771 -0.214006 -0.609498 0.649117 -0.401698
7299.000000 5.060447 34.114787 -48.570665 -0.212080 -0.607306 0.651541 -0.402114
7300.000000 5.072292 33.631935 -48.591839 -0.210150 -0.604080 0.654494 -0.403189
7301.000000 5.152411 33.067476 -48.672156 -0.208273 -0.599810 0.657928 -0.404945
7302.000000 5.306668 32.388065 -48.801179 -0.206534 -0.594519 0.661758 -0.407392
7303.000000 5.559591 31.621711 -48.970686 -0.204984 -0.588202 0.665928 -0.410536
7304.000000 5.890734 30.742562 -49.178454 -0.203593 -0.580797 0.670459 -0.414377
7305.000000 6.308947 29.759213 -49.427973 -0.202254 -0.572205 0.675429 -0.418891
7306.000000 6.793585 28.638819 -49.718160 -0.200825 -0.562369 0.680902 -0.424009
7307.000000 7.339802 27.382679 -50.039376 -0.199162 -0.551371 0.686869 -0.429577
7308.000000 7.895096 26.026458 -50.375278 -0.197104 -0.539496 0.693241 -0.435329
7309.000000 8.411676 24.583327 -50.705147 -0.194450 -0.527225 0.699883 -0.440894
7310.000000 8.857356 23.119505 -51.015548 -0.191023 -0.515064 0.706658 -0.445931
7311.000000 9.190031 21.632636 -51.294895 -0.186907 -0.503196 0.713442 -0.450399
7312.000000 9.550283 20.140009 -51.531362 -0.182736 -0.491159 0.720090 -0.454797
7313.000000 10.106466 18.602034 -51.696791 -0.179733 -0.477869 0.726393 -0.460098
7314.000000 11.061465 16.996496 -51.745507 -0.179242 -0.462187 0.732078 -0.467244
7315.000000 12.484315 15.348139 -51.626638 -0.181935 -0.443747 0.736862 -0.476468
7316.000000 14.251114 13.722512 -51.313070 -0.187242 -0.423512 0.740569 -0.486966
7317.000000 16.082862 12.221977 -50.834257 -0.193517 -0.403582 0.743256 -0.497236
7318.000000 17.659072 10.948565 -50.288550 -0.198848 -0.386320 0.745224 -0.505823
7319.000000 18.762041 9.951008 -49.788831 -0.201922 -0.373325 0.746861 -0.511912
7320.000000 19.327858 9.218315 -49.402600 -0.202385 -0.364889 0.748454 -0.515473
7321.000000 19.478071 8.684473 -49.135186 -0.200628 -0.360139 0.750140 -0.517048
7322.000000 19.346881 8.260017 -48.951507 -0.197336 -0.357581 0.751980 -0.517417
7323.000000 19.090686 7.836920 -48.810501 -0.193124 -0.355680 0.754034 -0.517327
7324.000000 18.829916 7.346556 -48.679623 -0.188439 -0.353254 0.756352 -0.517333
7325.000000 18.621654 6.750839 -48.535332 -0.183620 -0.349674 0.758921 -0.517736
7326.000000 18.503386 6.072896 -48.360714 -0.179002 -0.344893 0.761613 -0.518606
7327.000000 18.478857 5.358428 -48.142044 -0.174975 -0.339306 0.764199 -0.519861
7328.000000 18.568223 4.699186 -47.867727 -0.172020 -0.333495 0.766394 -0.521373
7329.000000 18.774033 4.152475 -47.525026 -0.170719 -0.327953 0.767912 -0.523080
7330.000000 19.147199 3.786825 -47.093715 -0.171748 -0.322901 0.768493 -0.525029
7331.000000 19.742593 3.631564 -46.543828 -0.175851 -0.318262 0.767899 -0.527368
7332.000000 20.635104 3.711724 -45.832309 -0.183800 -0.313778 0.765876 -0.530278
7333.000000 21.875262 4.034603 -44.903605 -0.196352 -0.309197 0.762110 -0.533883
7334.000000 23.505432 4.637162 -43.689110 -0.214164 -0.304448 0.756195 -0.538158
7335.000000 25.493149 5.538023 -42.119818 -0.237576 -0.299753 0.747687 -0.542836
7336.000000 27.742506 6.741572 -40.153490 -0.266207 -0.295676 0.736288 -0.547348
7337.000000 30.045852 8.211305 -37.826566 -0.298503 -0.293117 0.722181 -0.550847
7338.000000 32.133578 9.831609 -35.309679 -0.331539 -0.293186 0.706395 -0.552385
7339.000000 33.733158 11.455426 -32.917449 -0.361390 -0.296850 0.690942 -0.551250
7340.000000 34.670805 12.904414 -31.036566 -0.384024 -0.304410 0.678454 -0.547322
7341.000000 34.893785 14.034879 -29.988897 -0.396389 -0.315105 0.671329 -0.541204
7342.000000 34.452828 14.715910 -29.904701 -0.397245 -0.327232 0.670803 -0.533984
7343.000000 33.439943 14.942573 -30.669127 -0.387474 -0.338818 0.676471 -0.526738
7344.000000 32.010936 14.736922 -31.987224 -0.369771 -0.348461 0.686547 -0.520095
7345.000000 30.375290 14.210317 -33.519360 -0.347695 -0.355852 0.698690 -0.514110
7346.000000 28.629494 13.520187 -35.007497 -0.324344 -0.361704 0.710970 -0.508422
7347.000000 26.837044 12.808872 -36.356525 -0.301214 -0.367256 0.722457 -0.502443
7348.000000 24.928899 12.149785 -37.608512 -0.277892 -0.373710 0.733223 -0.495480
7349.000000 22.766733 11.541510 -38.853879 -0.252785 -0.381826 0.743831 -0.486852
7350.000000 20.204018 10.929220 -40.128691 -0.224427 -0.391715 0.754668 -0.476097
7351.000000 17.243118 10.275279 -41.375772 -0.192537 -0.402895 0.765557 -0.463171
7352.000000 13.950874 9.602659 -42.468708 -0.158166 -0.414678 0.775835 -0.448449
7353.000000 10.499286 8.960404 -43.299390 -0.122955 -0.426757 0.784704 -0.432436
7354.000000 6.940884 8.464883 -43.802275 -0.088237 -0.439568 0.791460 -0.415433
7355.000000 3.402055 8.232978 -43.957714 -0.054831 -0.453973 0.795518 -0.397558
7356.000000 -0.073830 8.334346 -43.758534 -0.023602 -0.470411 0.796474 -0.379191
7357.000000 -3.249033 8.772798 -43.243107 0.004022 -0.488194 0.794389 -0.361382
7358.000000 -5.917090 9.412699 -42.508330 0.026431 -0.505593 0.790055 -0.345673
7359.000000 -8.023414 10.113530 -41.689743 0.042899 -0.520674 0.784852 -0.333265
7360.000000 -9.489788 10.732391 -40.915461 0.054338 -0.532239 0.780157 -0.324228
7361.000000 -10.567326 11.119841 -40.234061 0.062998 -0.540237 0.776799 -0.317425
7362.000000 -11.493373 11.291794 -39.617717 0.071397 -0.545524 0.774894 -0.311199
7363.000000 -12.472934 11.280586 -39.008893 0.081267 -0.549267 0.774042 -0.304236
7364.000000 -13.578091 11.173771 -38.354119 0.093009 -0.552443 0.773626 -0.296072
7365.000000 -14.765463 11.027614 -37.635947 0.105706 -0.555669 0.773036 -0.287182
7366.000000 -15.861188 10.976934 -36.883132 0.117522 -0.559309 0.771792 -0.278748
7367.000000 -16.720102 11.075467 -36.155156 0.126396 -0.563579 0.769618 -0.272196
7368.000000 -17.244427 11.339096 -35.511732 0.130929 -0.568489 0.766513 -0.268582
7369.000000 -17.428406 11.738059 -34.984672 0.131095 -0.573655 0.762818 -0.268035
7370.000000 -17.344595 12.185014 -34.561337 0.128382 -0.578277 0.759228 -0.269606
7371.000000 -17.186945 12.523389 -34.211729 0.125145 -0.581430 0.756615 -0.271684
7372.000000 -17.079734 12.672167 -33.901541 0.123421 -0.582597 0.755584 -0.272838
7373.000000 -17.100059 12.621703 -33.607127 0.123857 -0.582072 0.756013 -0.272571
7374.000000 -17.177914 12.511585 -33.300918 0.125472 -0.580947 0.756998 -0.271500
7375.000000 -17.229701 12.470970 -32.976695 0.126451 -0.580621 0.757330 -0.270814
7376.000000 -17.213093 12.591237 -32.630067 0.125435 -0.582137 0.756121 -0.271411
7377.000000 -17.088101 12.933684 -32.247489 0.122346 -0.585799 0.753108 -0.273312
7378.000000 -16.933822 13.457577 -31.803237 0.118264 -0.591274 0.748583 -0.275739
7379.000000 -16.850487 14.043118 -31.278683 0.114598 -0.597965 0.743100 -0.277682
7380.000000 -16.871783 14.632007 -30.674389 0.112242 -0.605276 0.737207 -0.278510
7381.000000 -16.993919 15.193044 -30.012464 0.111244 -0.612713 0.731298 -0.278227
7382.000000 -17.169559 15.708897 -29.325814 0.111048 -0.619938 0.725568 -0.277302
7383.000000 -17.347872 16.188391 -28.640152 0.110995 -0.626837 0.720020 -0.276272
7384.000000 -17.505519 16.642829 -27.963980 0.110693 -0.633479 0.714548 -0.275449
7385.000000 -17.632580 17.095912 -27.296843 0.110024 -0.639939 0.709076 -0.274926
7386.000000 -17.726179 17.528042 -26.645957 0.108948 -0.646131 0.703672 -0.274754
7387.000000 -17.756419 17.921106 -26.026628 0.107429 -0.651872 0.698493 -0.275010
7388.000000 -17.767615 18.309989 -25.432375 0.105590 -0.657173 0.693556 -0.275597
7389.000000 -17.807225 18.680387 -24.830046 0.103865 -0.662431 0.688610 -0.276067
7390.000000 -17.914470 19.063150 -24.167989 0.102832 -0.668216 0.683265 -0.275793
7391.000000 -18.026543 19.444909 -23.420712 0.102768 -0.674792 0.677328 -0.274446
7392.000000 -18.221819 19.825365 -22.613365 -0.103353 0.681798 -0.671035 0.272363
7393.000000 -18.391419 20.192842 -21.825875 -0.103777 0.688389 -0.664979 0.270470
7394.000000 -18.483733 20.493383 -21.150849 -0.103148 0.693659 -0.659838 0.269836
7395.000000 -18.441616 20.722664 -20.654034 -0.100872 0.696994 -0.656099 0.271217
7396.000000 -18.256953 20.878949 -20.356000 -0.096845 0.698184 -0.653948 0.274797
7397.000000 -17.971846 20.956401 -20.232255 -0.091506 0.697383 -0.653310 0.280127
7398.000000 -17.629841 20.964035 -20.225189 -0.085747 0.695018 -0.653962 0.286236
7399.000000 -17.319129 20.910588 -20.267947 -0.080673 0.691647 -0.655659 0.291936
7400.000000 -17.046231 20.795021 -20.305190 -0.077197 0.687764 -0.658217 0.296263
7401.000000 -16.849393 20.619341 -20.326215 -0.075680 0.683614 -0.661538 0.298851
7402.000000 -16.763415 20.398178 -20.323909 -0.075808 0.679148 -0.665578 0.300026
7403.000000 -16.682716 20.130531 -20.345026 -0.076752 0.674092 -0.670324 0.300625
7404.000000 -16.609931 19.816451 -20.427571 0.077513 -0.668087 0.675779 -0.301619
7405.000000 -16.424834 19.462355 -20.598843 0.077342 -0.660867 0.681935 -0.303706
7406.000000 -16.182411 19.073899 -20.854697 0.076104 -0.652448 0.688695 -0.306951
7407.000000 -15.911535 18.660612 -21.151609 0.074397 -0.643262 0.695805 -0.310699
7408.000000 -15.666871 18.227574 -21.416104 0.073312 -0.634115 0.702869 -0.313846
7409.000000 -15.512879 17.811798 -21.577090 0.073932 -0.625934 0.709439 -0.315337
7410.000000 -15.481200 17.416726 -21.585206 0.076907 -0.619472 0.715121 -0.314550
7411.000000 -15.662298 17.082498 -21.418475 0.082301 -0.615098 0.719659 -0.311405
7412.000000 -15.970154 16.811491 -21.094827 0.089627 -0.612677 0.723016 -0.306336
7413.000000 -16.341960 16.593396 -20.667469 0.097908 -0.611553 0.725450 -0.300231
7414.000000 -16.690820 16.384129 -20.217842 0.105875 -0.610734 0.727466 -0.294259
7415.000000 -16.943824 16.200852 -19.827026 0.112414 -0.609319 0.729600 -0.289442
7416.000000 -17.154071 16.011673 -19.527577 0.117070 -0.606924 0.732137 -0.286204
7417.000000 -17.256992 15.820245 -19.308772 0.120127 -0.603747 0.735008 -0.284292
7418.000000 -17.271931 15.623038 -19.130948 0.122121 -0.600219 0.737974 -0.283229
7419.000000 -17.251725 15.445353 -18.983147 0.123190 -0.596542 0.740906 -0.282878
7420.000000 -17.157594 15.272801 -18.887884 0.122859 -0.592526 0.743894 -0.283620
7421.000000 -16.981781 15.105886 -18.882037 0.120403 -0.587794 0.747122 -0.286024
7422.000000 -16.687272 14.948208 -18.984774 0.115390 -0.582111 0.750666 -0.290402
7423.000000 -16.261558 14.791720 -19.181100 0.107917 -0.575529 0.754411 -0.296621
7424.000000 -15.727798 14.640895 -19.436927 0.098454 -0.568303 0.758136 -0.304252
7425.000000 -15.123741 14.502671 -19.718564 0.087528 -0.560695 0.761638 -0.312838
7426.000000 -14.460688 14.377581 -20.004607 0.075505 -0.552844 0.764810 -0.322068
7427.000000 -13.742944 14.264897 -20.286988 0.062538 -0.544719 0.767640 -0.331812
7428.000000 -12.972029 14.154726 -20.567297 0.048603 -0.536164 0.770162 -0.342076
7429.000000 -12.129100 14.051973 -20.848407 0.033543 -0.526979 0.772394 -0.352954
7430.000000 -11.209381 13.951405 -21.127868 0.017088 -0.517076 0.774230 -0.364565
7431.000000 -10.196019 13.876986 -21.387845 -0.001093 -0.506661 0.775360 -0.376974
7432.000000 -9.092743 13.864631 -21.592101 -0.021276 -0.496343 0.775260 -0.390080
7433.000000 -7.926299 13.953733 -21.692657 -0.043434 -0.487020 0.773366 -0.403523
7434.000000 -6.747824 14.166793 -21.647186 -0.066946 -0.479541 0.769387 -0.416655
7435.000000 -5.632716 14.482941 -21.442319 -0.090424 -0.474306 0.763618 -0.428654
7436.000000 -4.667202 14.846850 -21.107189 -0.111910 -0.471087 0.757004 -0.438746
7437.000000 -3.905935 15.182087 -20.704741 -0.129472 -0.469191 0.750838 -0.446474
7438.000000 -3.373370 15.429188 -20.303933 -0.141938 -0.467838 0.746217 -0.451819
7439.000000 -3.046158 15.561145 -19.948279 -0.149261 -0.466520 0.743606 -0.455115
7440.000000 -2.882249 15.590232 -19.644350 -0.152278 -0.465172 0.742807 -0.456799
7441.000000 -2.866975 15.551719 -19.370892 -0.152084 -0.464120 0.743271 -0.457178
7442.000000 -2.959159 15.479397 -19.100078 -0.149625 -0.463864 0.744410 -0.456395
7443.000000 -3.114074 15.431994 -18.804274 -0.145849 -0.464796 0.745659 -0.454626
7444.000000 -3.270957 15.433497 -18.463904 -0.142123 -0.467011 0.746394 -0.452325
7445.000000 -3.417909 15.507378 -18.062060 -0.140196 -0.470309 0.745955 -0.450228
7446.000000 -3.455344 15.664819 -17.596015 -0.141361 -0.474370 0.743922 -0.448967
7447.000000 -3.415277 15.896035 -17.076672 -0.145401 -0.478887 0.740465 -0.448595
7448.000000 -3.369592 16.129756 -16.541584 -0.150461 -0.483440 0.736496 -0.448576
7449.000000 -3.346516 16.305367 -16.053239 -0.154271 -0.486985 0.733419 -0.448488
7450.000000 -3.273088 16.351785 -15.713232 -0.155729 -0.487304 0.732634 -0.448922
7451.000000 -3.118641 16.168756 -15.636345 -0.155320 -0.481062 0.735200 -0.451593
7452.000000 -2.875430 15.661410 -15.909336 -0.153896 -0.464904 0.741777 -0.458199
7453.000000 -2.484778 14.763715 -16.542602 -0.151056 -0.437275 0.752463 -0.468798
7454.000000 -1.980906 13.491017 -17.409553 -0.144805 -0.400086 0.766420 -0.481210
7455.000000 -1.530554 11.973031 -18.296945 -0.133014 -0.359046 0.781765 -0.492175
7456.000000 -1.319245 10.401238 -18.989984 -0.115429 -0.321898 0.796133 -0.499230
7457.000000 -1.434327 9.037827 -19.363317 -0.094364 -0.295152 0.807608 -0.501746
7458.000000 -1.822232 8.100293 -19.425780 -0.073468 -0.281276 0.815362 -0.500671
7459.000000 -2.346900 7.588463 -19.254474 -0.055767 -0.278010 0.819711 -0.497669
7460.000000 -2.836357 7.347230 -18.959066 -0.042512 -0.279931 0.821829 -0.494397
7461.000000 -3.165368 7.198571 -18.651511 -0.033328 -0.281118 0.823240 -0.492074
7462.000000 -3.306049 6.976615 -18.411036 -0.027084 -0.277429 0.825196 -0.491274
7463.000000 -3.269679 6.594478 -18.260800 -0.022717 -0.267520 0.828199 -0.491938
7464.000000 -3.094976 6.063698 -18.172397 -0.019680 -0.252538 0.831975 -0.493614
7465.000000 -2.824770 5.493146 -18.097333 -0.018052 -0.235017 0.835837 -0.495799
7466.000000 -2.490966 4.963010 -17.996061 -0.018390 -0.217591 0.839130 -0.498173
7467.000000 -2.109068 4.527559 -17.848727 -0.021302 -0.202045 0.841494 -0.500611
7468.000000 -1.702590 4.217283 -17.656736 -0.026874 -0.188932 0.842913 -0.503071
7469.000000 -1.290475 4.003739 -17.431777 -0.034341 -0.177713 0.843632 -0.505495
7470.000000 -0.874932 3.830066 -17.186764 -0.042284 -0.167191 0.844027 -0.507816
7471.000000 -0.473100 3.632995 -16.936192 -0.049268 -0.156062 0.844458 -0.510009
7472.000000 -0.099235 3.365154 -16.688482 -0.054456 -0.143469 0.845114 -0.512087
7473.000000 0.233564 3.032685 -16.442770 -0.057819 -0.129451 0.845961 -0.514051
7474.000000 0.524052 2.691890 -16.191203 -0.059873 -0.115093 0.846812 -0.515827
7475.000000 0.770866 2.365622 -15.921884 -0.061144 -0.102295 0.847483 -0.517271
7476.000000 0.936147 2.128968 -15.635085 -0.061722 -0.093175 0.847910 -0.518226
7477.000000 0.985843 2.010763 -15.335983 -0.061169 -0.089200 0.848154 -0.518592
7478.000000 0.914420 1.988862 -15.030394 -0.058897 -0.090272 0.848328 -0.518384
7479.000000 0.748100 2.036359 -14.723562 -0.054751 -0.094322 0.848532 -0.517784
7480.000000 0.604129 2.009848 -14.424732 -0.049311 -0.098022 0.848848 -0.517124
7481.000000 0.461978 1.938621 -14.130346 -0.043632 -0.098516 0.849339 -0.516734
7482.000000 0.365423 1.831440 -13.845145 -0.038602 -0.095015 0.849985 -0.516727
7483.000000 0.330713 1.650365 -13.562904 -0.034475 -0.088963 0.850674 -0.516963
7484.000000 0.342595 1.441154 -13.274045 -0.030942 -0.082679 0.851287 -0.517220
7485.000000 0.352555 1.281351 -12.979535 -0.027560 -0.077691 0.851781 -0.517372
7486.000000 0.327543 1.158276 -12.680913 -0.024092 -0.074052 0.852182 -0.517418
7487.000000 0.290625 1.040206 -12.380537 -0.020521 -0.070861 0.852545 -0.517421
7488.000000 0.264664 0.926744 -12.079690 -0.016907 -0.067161 0.852915 -0.517436
7489.000000 0.245991 0.793397 -11.778699 -0.013348 -0.062442 0.853305 -0.517488
7490.000000 0.245682 0.640448 -11.476624 -0.010081 -0.056570 0.853701 -0.517583
7491.000000 0.284081 0.481879 -11.172881 -0.007460 -0.049539 0.854080 -0.517723
7492.000000 0.348924 0.318847 -10.866547 -0.005644 -0.041425 0.854422 -0.517894
7493.000000 0.401838 0.142002 -10.556367 -0.004213 -0.032597 0.854716 -0.518054
7494.000000 0.441110 -0.031900 -10.243644 -0.002104 -0.023927 0.854953 -0.518149
7495.000000 0.459574 -0.181407 -9.931055 0.001901 -0.016716 0.855125 -0.518149
7496.000000 0.400887 -0.312951 -9.619094 0.008390 -0.012273 0.855211 -0.518066
7497.000000 0.289191 -0.413011 -9.308877 0.016715 -0.011386 0.855180 -0.517937
7498.000000 0.155770 -0.454963 -9.000277 0.024994 -0.013971 0.855020 -0.517804
7499.000000 0.030497 -0.427785 -8.691325 0.030891 -0.019060 0.854778 -0.517723
7500.000000 -0.042892 -0.369293 -8.383949 0.032819 -0.025116 0.854534 -0.517748
7501.000000 -0.079198 -0.297351 -8.076842 0.030862 -0.030533 0.854344 -0.517891
7502.000000 -0.077521 -0.221538 -7.769264 0.026706 -0.034146 0.854223 -0.518097
7503.000000 -0.033855 -0.169492 -7.459021 0.022553 -0.035523 0.854174 -0.518283
7504.000000 0.003333 -0.142348 -7.148236 0.019819 -0.034953 0.854194 -0.518399
7505.000000 0.042631 -0.144983 -6.836480 0.018572 -0.033219 0.854260 -0.518451
7506.000000 0.069735 -0.161502 -6.524376 0.017976 -0.031374 0.854328 -0.518474
7507.000000 0.067604 -0.165798 -6.213061 0.017182 -0.030641 0.854354 -0.518502
7508.000000 0.064802 -0.143892 -5.902101 0.015901 -0.032341 0.854290 -0.518546
7509.000000 0.053175 -0.090096 -5.591922 0.014405 -0.037633 0.854079 -0.518579
7510.000000 0.022990 -0.007501 -5.281933 0.013212 -0.047005 0.853658 -0.518541
7511.000000 -0.034311 0.092453 -4.969706 0.012806 -0.059775 0.852983 -0.518346
7512.000000 -0.103597 0.188152 -4.654234 0.013452 -0.074044 0.852095 -0.517948
7513.000000 -0.163299 0.258622 -4.337220 0.015119 -0.087326 0.851145 -0.517395
7514.000000 -0.209378 0.326649 -4.021160 0.017495 -0.097544 0.850346 -0.516808
7515.000000 -0.269094 0.391724 -3.706962 0.020133 -0.103739 0.849856 -0.516312
7516.000000 -0.289781 0.375443 -3.393198 0.022608 -0.106086 0.849712 -0.515969
7517.000000 -0.304474 0.370433 -3.082822 0.024555 -0.105382 0.849853 -0.515792
7518.000000 -0.287497 0.365232 -2.774392 0.025585 -0.102429 0.850188 -0.515785
7519.000000 -0.285634 0.353257 -2.467455 0.025100 -0.097639 0.850648 -0.515980
7520.000000 -0.273434 0.333582 -2.162345 0.021968 -0.091041 0.851175 -0.516459
7521.000000 -0.224544 0.308205 -1.858124 0.014140 -0.082731 0.851652 -0.517343
7522.000000 -0.176963 0.328100 -1.555337 -0.001248 -0.073487 0.851794 -0.518696
7523.000000 -0.144023 0.343666 -1.250919 -0.026563 -0.064925 0.851070 -0.520346
7524.000000 -0.121163 0.364985 -0.941937 -0.061253 -0.058789 0.848842 -0.521784
7525.000000 -0.094918 0.347296 -0.629960 -0.100047 -0.055847 0.844947 -0.522433
7526.000000 -0.113092 0.311106 -0.320731 -0.134112 -0.055397 0.840391 -0.522196
7527.000000 -0.188278 0.251405 -0.025791 -0.155381 -0.055891 0.837031 -0.521644
7528.000000 -0.223428 0.232364 0.088231 -0.145560 -0.052494 0.765852 -0.624122
7529.000000 -0.293211 -0.077079 0.004058 0.065101 0.030540 -0.378042 0.922992
7530.000000 -0.051467 -0.279413 -0.015097 -0.031416 0.001052 0.103022 0.994182
7531.000000 -0.054557 -0.288655 -0.466917 -0.034977 0.001856 0.103029 0.994061
7532.000000 -0.059908 -0.341861 -0.913891 -0.042843 0.003673 0.103039 0.993747
7533.000000 -0.064382 -0.335617 -1.358856 -0.054601 0.006506 0.103046 0.993155
7534.000000 -0.057486 -0.321692 -1.800129 -0.068400 0.010079 0.103050 0.992270
7535.000000 -0.069236 -0.376234 -2.244981 -0.081629 0.013952 0.103066 0.991221
7536.000000 -0.091383 -0.394116 -2.690050 -0.091789 0.017622 0.103126 0.990267
7537.000000 -0.081592 -0.415161 -3.138758 -0.097125 0.020557 0.103248 0.989689
7538.000000 -0.103747 -0.408472 -3.592238 -0.096824 0.022170 0.103416 0.989666
7539.000000 -0.089846 -0.326001 -4.047569 -0.091021 0.021900 0.103575 0.990206
7540.000000 -0.067517 -0.262565 -4.504918 -0.080857 0.019477 0.103662 0.991129
7541.000000 -0.052464 -0.174833 -4.964096 -0.068456 0.015209 0.103646 0.992139
7542.000000 -0.020593 -0.077411 -5.420859 -0.056463 0.010009 0.103547 0.992970
7543.000000 0.019280 0.004984 -5.875369 -0.047147 0.004999 0.103411 0.993508
7544.000000 0.048129 0.074340 -6.329070 -0.041567 0.000909 0.103278 0.993783
7545.000000 0.081073 0.108574 -6.782611 -0.039297 -0.002300 0.103161 0.993885
7546.000000 0.141985 0.117800 -7.235834 -0.038820 -0.005215 0.103048 0.993905
7547.000000 0.195313 0.139807 -7.689026 -0.038283 -0.008243 0.102926 0.993918
7548.000000 0.204239 0.195490 -8.140560 -0.036288 -0.010962 0.102809 0.993979
7549.000000 0.181907 0.251624 -8.591146 -0.032514 -0.012147 0.102738 0.994103
7550.000000 0.153228 0.314254 -9.043677 -0.027927 -0.010552 0.102755 0.994259
7551.000000 0.071290 0.333280 -9.495392 -0.024362 -0.005789 0.102863 0.994380
7552.000000 -0.055706 0.327200 -9.949526 -0.023562 0.001427 0.103022 0.994399
7553.000000 -0.197616 0.260404 -10.402880 -0.026204 0.009750 0.103179 0.994270
7554.000000 -0.370681 0.154493 -10.855752 -0.031528 0.017826 0.103293 0.993991
7555.000000 -0.476487 0.008890 -11.305303 -0.037700 0.024434 0.103348 0.993630
7556.000000 -0.540942 -0.095781 -11.755878 -0.042497 0.028141 0.103346 0.993339
7557.000000 -0.493501 -0.104394 -12.210662 -0.043835 0.027017 0.103253 0.993321
7558.000000 -0.272575 0.025787 -12.670121 -0.040060 0.018898 0.102982 0.993696
7559.000000 0.127293 0.343236 -13.121532 -0.030204 0.002268 0.102415 0.994280
7560.000000 0.725000 0.802930 -13.536430 -0.014300 -0.022674 0.101476 0.994477
7561.000000 1.499817 1.441482 -13.873426 0.006450 -0.053445 0.100187 0.993511
7562.000000 2.242916 2.142247 -14.109756 0.029947 -0.085770 0.098648 0.990967
7563.000000 2.931035 2.847499 -14.279334 0.053928 -0.115194 0.096942 0.987129
7564.000000 3.549026 3.535277 -14.429293 0.076741 -0.138984 0.095084 0.982727
7565.000000 4.012588 4.203416 -14.582982 0.097687 -0.157132 0.093078 0.978317
7566.000000 4.380917 4.771568 -14.739592 0.116719 -0.171817 0.091035 0.973945
7567.000000 4.773875 5.321666 -14.886857 0.133810 -0.185804 0.089219 0.969336
7568.000000 5.188294 5.764126 -15.010243 0.148564 -0.200928 0.087966 0.964271
7569.000000 5.608075 6.143900 -15.123982 0.160390 -0.217565 0.087531 0.958790
7570.000000 6.150057 6.476445 -15.238491 0.168997 -0.235105 0.087979 0.953114
7571.000000 6.676297 6.686875 -15.363566 0.174695 -0.252731 0.089171 0.947448
7572.000000 7.185734 6.851143 -15.498393 0.178272 -0.269846 0.090847 0.941886
7573.000000 7.679175 6.977063 -15.642686 0.180663 -0.286081 0.092703 0.936442
7574.000000 8.173989 7.088678 -15.791517 0.182786 -0.301211 0.094429 0.931099
7575.000000 8.604044 7.244878 -15.934878 0.185630 -0.315218 0.095688 0.925756
7576.000000 9.014650 7.443210 -16.053100 0.190422 -0.328383 0.096069 0.920149
7577.000000 9.447370 7.788803 -16.112971 0.198581 -0.341138 0.095069 0.913867
7578.000000 9.812172 8.286141 -16.086919 0.211345 -0.353684 0.092172 0.906502
7579.000000 10.147647 8.937751 -15.955674 0.229156 -0.365728 0.087054 0.897860
7580.000000 10.426780 9.719424 -15.728299 0.251116 -0.376687 0.079873 0.888070
7581.000000 10.704473 10.540423 -15.437855 0.274938 -0.386286 0.071475 0.877544
7582.000000 10.943834 11.289913 -15.132338 0.297639 -0.395070 0.063308 0.866789
7583.000000 11.223025 11.922136 -14.853323 0.316720 -0.404271 0.056951 0.856160
7584.000000 11.561279 12.418689 -14.614071 0.331114 -0.415058 0.053414 0.845717
7585.000000 11.977247 12.803285 -14.404607 0.341344 -0.427686 0.052657 0.835342
7586.000000 12.377959 13.081759 -14.213529 0.348894 -0.441237 0.053656 0.825048
7587.000000 12.758910 13.310818 -14.050696 0.355333 -0.454123 0.054994 0.815160
7588.000000 13.094604 13.555986 -13.937677 0.361714 -0.464992 0.055543 0.806139
7589.000000 13.389274 13.793369 -13.882856 0.368453 -0.473356 0.054845 0.798228
7590.000000 13.560873 14.040918 -13.882089 0.375490 -0.479583 0.053059 0.791323
7591.000000 13.669974 14.295088 -13.918548 0.382484 -0.484415 0.050691 0.785162
7592.000000 13.852137 14.511530 -13.998073 0.388925 -0.488428 0.048310 0.779642
7593.000000 13.954370 14.692229 -14.139770 0.394228 -0.491742 0.046353 0.775001
7594.000000 14.014901 14.826745 -14.374417 0.397857 -0.494051 0.045033 0.771748
7595.000000 13.991587 14.876278 -14.732181 0.399452 -0.494936 0.044393 0.770393
7596.000000 14.005609 14.844066 -15.229771 0.398879 -0.494310 0.044475 0.771087
7597.000000 13.963866 14.737668 -15.841025 0.396231 -0.492711 0.045473 0.773414
7598.000000 13.903651 14.547794 -16.507788 0.391801 -0.491238 0.047719 0.776466
7599.000000 13.929559 14.308602 -17.164164 0.386035 -0.491175 0.051509 0.779148
7600.000000 14.071932 14.037517 -17.750037 0.379443 -0.493513 0.056937 0.780529
7601.000000 14.328531 13.748822 -18.233309 0.372453 -0.498607 0.063836 0.780125
7602.000000 14.686823 13.451520 -18.615307 0.365288 -0.506040 0.071828 0.778029
7603.000000 15.120755 13.153934 -18.930026 0.357936 -0.514759 0.080449 0.774876
7604.000000 15.551372 12.825359 -19.230785 0.350239 -0.523477 0.089284 0.771578
7605.000000 15.984648 12.477665 -19.569970 0.342016 -0.531154 0.098079 0.768948
7606.000000 16.340880 12.080571 -19.972086 0.333154 -0.537306 0.106771 0.767405
7607.000000 16.641455 11.627373 -20.438075 0.323621 -0.541980 0.115439 0.766942
7608.000000 16.903919 11.137817 -20.952604 0.313416 -0.545501 0.124218 0.767313
7609.000000 17.138194 10.586142 -21.499700 0.302490 -0.548173 0.133259 0.768276
7610.000000 17.360923 9.971747 -22.074445 0.290640 -0.550112 0.142761 0.769756
7611.000000 17.536741 9.255037 -22.681205 0.277421 -0.551225 0.153046 0.771859
7612.000000 17.739470 8.399453 -23.329153 0.262171 -0.551295 0.164568 0.774763
7613.000000 17.881440 7.340829 -24.011848 0.244233 -0.550132 0.177769 0.778526
7614.000000 18.033207 6.094387 -24.701233 0.223341 -0.547770 0.192819 0.782871
7615.000000 18.204965 4.684803 -25.340407 0.199917 -0.544657 0.209411 0.787102
7616.000000 18.453301 3.189783 -25.857028 0.175016 -0.541741 0.226801 0.790220
7617.000000 18.822088 1.681337 -26.192475 0.149931 -0.540293 0.244059 0.791227
7618.000000 19.345694 0.289769 -26.306500 0.125733 -0.541483 0.260360 0.789430
7619.000000 20.081662 -0.944459 -26.197413 0.103085 -0.545920 0.275122 0.784636
7620.000000 20.943711 -1.969628 -25.894305 0.082371 -0.553396 0.287989 0.777194
7621.000000 21.872754 -2.816267 -25.464149 0.063936 -0.562964 0.298753 0.767939
7622.000000 22.797396 -3.447143 -24.996112 0.048181 -0.573262 0.307324 0.758025
7623.000000 23.600588 -3.932143 -24.591837 0.035462 -0.582913 0.313762 0.748671
7624.000000 24.242995 -4.259136 -24.334594 0.025917 -0.590864 0.318291 0.740877
7625.000000 24.687685 -4.483561 -24.270900 0.019371 -0.596567 0.321261 0.735204
7626.000000 24.978523 -4.615568 -24.405584 0.015402 -0.600001 0.323039 0.731715
7627.000000 25.090852 -4.680520 -24.712741 0.013509 -0.601538 0.323908 0.730105
7628.000000 25.119981 -4.682883 -25.149360 0.013260 -0.601676 0.324041 0.729937
7629.000000 25.034590 -4.641107 -25.692122 0.014356 -0.600752 0.323548 0.730896
7630.000000 24.853713 -4.571623 -26.332895 0.016635 -0.598743 0.322544 0.732936
7631.000000 24.542442 -4.449403 -27.083803 0.020048 -0.595329 0.321141 0.736240
7632.000000 24.112024 -4.305046 -27.956210 0.024623 -0.590187 0.319388 0.740989
7633.000000 23.517030 -4.121601 -28.937018 0.030352 -0.583404 0.317231 0.747049
7634.000000 22.827309 -3.896224 -29.970258 0.036995 -0.575752 0.314606 0.753767
7635.000000 22.174000 -3.633619 -30.963813 0.043831 -0.568575 0.311667 0.760043
7636.000000 21.680561 -3.395351 -31.820648 0.049469 -0.563224 0.309060 0.764731
7637.000000 21.406421 -3.322827 -32.471873 0.051835 -0.560280 0.308085 0.767126
7638.000000 21.422901 -3.635960 -32.883915 0.048485 -0.559167 0.310493 0.767187
7639.000000 21.685104 -4.504111 -33.039365 0.037333 -0.558572 0.317863 0.765223
7640.000000 22.245733 -6.001889 -32.898885 0.017590 -0.557450 0.330738 0.761283
7641.000000 23.011844 -7.933153 -32.397018 -0.009578 -0.555827 0.348037 0.754874
7642.000000 23.983215 -10.079118 -31.497542 -0.041225 -0.554704 0.367270 0.745464
7643.000000 25.076312 -12.179192 -30.290368 -0.073565 -0.555041 0.385571 0.733385
7644.000000 26.152476 -13.929761 -28.985909 -0.103089 -0.556593 0.400972 0.720277
7645.000000 26.994533 -15.325871 -27.880586 -0.127229 -0.557563 0.413064 0.708741
7646.000000 27.388624 -16.357305 -27.255478 -0.144485 -0.555362 0.422711 0.701436
7647.000000 27.280072 -17.174280 -27.293574 -0.154325 -0.547845 0.431164 0.700106
7648.000000 26.611322 -17.791052 -28.006711 -0.157088 -0.534215 0.439254 0.704977
7649.000000 25.410082 -18.255804 -29.257058 -0.153846 -0.515159 0.447141 0.714848
7650.000000 23.790287 -18.674522 -30.825171 -0.146123 -0.492326 0.454545 0.727772
7651.000000 21.871045 -18.945908 -32.507105 -0.135503 -0.467570 0.461129 0.741874
7652.000000 19.811138 -19.164787 -34.151672 -0.123294 -0.442374 0.466713 0.755833
7653.000000 17.670246 -19.310893 -35.686222 -0.110403 -0.417632 0.471301 0.768941
7654.000000 15.538242 -19.422521 -37.076080 -0.097355 -0.393679 0.475021 0.780957
7655.000000 13.375243 -19.500417 -38.328495 -0.084349 -0.370402 0.478045 0.791935
7656.000000 11.190022 -19.552464 -39.453757 -0.071247 -0.347444 0.480492 0.802081
7657.000000 8.951370 -19.540271 -40.478862 -0.057570 -0.324500 0.482343 0.811622
7658.000000 6.626454 -19.437028 -41.432103 -0.042584 -0.301650 0.483406 0.820678
7659.000000 4.231529 -19.125497 -42.339212 -0.025559 -0.279468 0.483407 0.829194
7660.000000 1.821375 -18.542327 -43.215275 -0.006173 -0.258814 0.482159 0.836959
7661.000000 -0.516960 -17.703024 -44.050354 0.015098 -0.240431 0.479726 0.843699
7662.000000 -2.729376 -16.727104 -44.816801 0.036892 -0.224627 0.476466 0.849212
7663.000000 -4.695548 -15.683679 -45.482976 0.057407 -0.211223 0.472912 0.853489
7664.000000 -6.421018 -14.769432 -46.033422 0.075217 -0.199606 0.469551 0.856751
7665.000000 -7.974125 -14.055053 -46.470238 0.090006 -0.188721 0.466605 0.859397
7666.000000 -9.515705 -13.498340 -46.792076 0.102697 -0.177092 0.463954 0.861881
7667.000000 -11.261645 -13.130804 -46.976910 0.114875 -0.163212 0.461239 0.864537
7668.000000 -13.254849 -12.776040 -47.003380 0.127822 -0.146423 0.458106 0.867387
7669.000000 -15.402468 -12.435273 -46.875525 0.141763 -0.127736 0.454457 0.870090
7670.000000 -17.471419 -12.031411 -46.680217 0.155748 -0.109801 0.450592 0.872154
7671.000000 -19.152042 -11.610150 -46.564350 0.168207 -0.095735 0.447116 0.873286
7672.000000 -20.231699 -11.164713 -46.658146 0.177732 -0.087494 0.444617 0.873540
7673.000000 -20.704581 -10.780218 -46.998800 0.183632 -0.084952 0.443340 0.873220
7674.000000 -20.712843 -10.528171 -47.514911 0.186052 -0.086247 0.443107 0.872698
7675.000000 -20.461291 -10.441252 -48.098956 0.185753 -0.088998 0.443512 0.872280
7676.000000 -20.164538 -10.501141 -48.667255 0.183766 -0.091448 0.444158 0.872119
7677.000000 -19.919151 -10.671348 -49.186035 0.181064 -0.092890 0.444793 0.872208
7678.000000 -19.748107 -10.889788 -49.658158 0.178305 -0.093345 0.445312 0.872463
7679.000000 -19.663990 -11.140162 -50.092013 0.175682 -0.093000 0.445709 0.872829
7680.000000 -19.640518 -11.457139 -50.485739 0.172971 -0.091831 0.446021 0.873335
7681.000000 -19.708630 -11.848427 -50.825737 0.169784 -0.089575 0.446278 0.874063
7682.000000 -19.860854 -12.379477 -51.092712 0.165903 -0.085903 0.446474 0.875076
7683.000000 -20.140079 -13.032826 -51.272413 0.161454 -0.080604 0.446556 0.876370
7684.000000 -20.572194 -13.779602 -51.361151 0.156795 -0.073713 0.446464 0.877868
7685.000000 -21.094559 -14.584695 -51.372908 0.152175 -0.065600 0.446196 0.879459
7686.000000 -21.662206 -15.423917 -51.342752 0.147384 -0.057046 0.445862 0.881040
7687.000000 -22.086147 -16.326350 -51.322526 0.141606 -0.049213 0.445683 0.882549
7688.000000 -22.242313 -17.332098 -51.373808 0.133468 -0.043435 0.445946 0.883986
7689.000000 -21.896724 -18.606839 -51.523472 0.121179 -0.040712 0.446899 0.885403
7690.000000 -20.976948 -20.292381 -51.707409 0.102682 -0.041002 0.448631 0.886852
7691.000000 -19.564611 -22.713921 -51.715313 0.075874 -0.042665 0.450988 0.888275
7692.000000 -17.872206 -26.112690 -51.190866 0.039104 -0.042701 0.453592 0.889327
7693.000000 -16.147968 -30.589519 -49.733150 -0.008038 -0.038105 0.455920 0.889169
7694.000000 -14.539662 -35.824561 -47.064069 -0.063929 -0.027785 0.457390 0.886530
7695.000000 -13.146394 -41.183873 -43.241004 -0.124685 -0.013683 0.457426 0.880357
7696.000000 -11.786198 -46.088661 -38.799577 -0.184936 0.000036 0.455584 0.870771
7697.000000 -10.510033 -49.937601 -34.444926 -0.239468 0.009350 0.451774 0.859341
7698.000000 -9.344246 -52.635000 -30.824911 -0.284896 0.012559 0.446403 0.848175
7699.000000 -8.220053 -54.544790 -28.170058 -0.320369 0.010737 0.440290 0.838685
7700.000000 -7.312682 -55.784294 -26.364323 -0.346925 0.006521 0.434393 0.831206
7701.000000 -6.679028 -56.589299 -25.188944 -0.366004 0.002471 0.429559 0.825539
7702.000000 -6.276723 -57.031275 -24.547709 -0.378274 0.000097 0.426406 0.821637
7703.000000 -6.152570 -57.274122 -24.458081 -0.383689 -0.000169 0.425264 0.819716
7704.000000 -6.287383 -57.248176 -24.918877 -0.382515 0.001492 0.426104 0.819827
7705.000000 -6.556847 -57.057919 -25.800770 -0.376177 0.004687 0.428501 0.821496
7706.000000 -7.013633 -56.708532 -26.881874 -0.367065 0.008969 0.431777 0.823864
7707.000000 -7.497793 -56.384599 -27.947347 -0.357517 0.013859 0.435275 0.826151
7708.000000 -8.014472 -56.033757 -28.892069 -0.348887 0.018901 0.438579 0.827991
7709.000000 -8.489975 -55.788253 -29.730898 -0.341344 0.023741 0.441557 0.829427
7710.000000 -8.939711 -55.519037 -30.537961 -0.334297 0.028188 0.444278 0.830704
7711.000000 -9.395431 -55.221916 -31.393376 -0.326954 0.032193 0.446889 0.832079
7712.000000 -9.854978 -54.855593 -32.349225 -0.318695 0.035781 0.449519 0.833718
7713.000000 -10.368306 -54.380684 -33.434585 -0.309209 0.038961 0.452226 0.835682
7714.000000 -10.875033 -53.803278 -34.644780 -0.298479 0.041676 0.454987 0.837950
7715.000000 -11.432245 -53.125230 -35.970527 -0.286660 0.043814 0.457733 0.840468
7716.000000 -11.970003 -52.329844 -37.393774 -0.273923 0.045305 0.460409 0.843171
7717.000000 -12.557841 -51.447153 -38.898051 -0.260338 0.046212 0.463009 0.845997
7718.000000 -13.146692 -50.426579 -40.467345 -0.245859 0.046731 0.465577 0.848886
7719.000000 -13.808765 -49.306925 -42.083330 -0.230364 0.047086 0.468164 0.851785
7720.000000 -14.525686 -48.056089 -43.738390 -0.213725 0.047386 0.470788 0.854654
7721.000000 -15.299127 -46.635001 -45.429261 -0.195870 0.047574 0.473424 0.857462
7722.000000 -16.161638 -45.095917 -47.149329 -0.176841 0.047497 0.476010 0.860166
7723.000000 -17.037186 -43.378118 -48.880417 -0.156855 0.047033 0.478474 0.862697
7724.000000 -17.965982 -41.564059 -50.588752 -0.136321 0.046130 0.480742 0.864971
7725.000000 -18.839126 -39.643552 -52.239838 -0.115797 0.044758 0.482745 0.866917
7726.000000 -19.702821 -37.727584 -53.808702 -0.095894 0.042835 0.484431 0.868502
7727.000000 -20.427846 -35.807792 -55.287640 -0.077148 0.040236 0.485781 0.869739
7728.000000 -21.029493 -33.960560 -56.680990 -0.059903 0.036883 0.486813 0.870669
7729.000000 -21.502306 -32.168783 -57.998402 -0.044273 0.032797 0.487576 0.871340
7730.000000 -21.823556 -30.496798 -59.246525 -0.030241 0.028053 0.488122 0.871800
7731.000000 -21.977775 -28.883169 -60.436953 -0.017807 0.022730 0.488496 0.872088
7732.000000 -21.993952 -27.435175 -61.565284 -0.007003 0.017001 0.488740 0.872236
7733.000000 -21.963523 -26.070688 -62.619003 0.002287 0.011328 0.488891 0.872268
7734.000000 -21.947073 -24.917476 -63.565199 0.010535 0.006501 0.488979 0.872208
7735.000000 -22.113943 -23.799717 -64.382390 0.018504 0.003343 0.489010 0.872075
7736.000000 -22.497252 -22.803099 -65.062994 0.026866 0.002211 0.488971 0.871883
7737.000000 -23.123503 -21.843615 -65.636161 0.035735 0.002666 0.488850 0.871631
7738.000000 -23.767090 -20.884489 -66.160301 0.044507 0.003570 0.488675 0.871323
7739.000000 -24.245765 -20.023304 -66.707037 0.052155 0.003564 0.488518 0.870986
7740.000000 -24.389693 -19.247251 -67.337041 0.057814 0.001648 0.488469 0.870663
7741.000000 -24.132690 -18.552608 -68.069625 0.061318 -0.002390 0.488569 0.870365
7742.000000 -23.635596 -17.959609 -68.868579 0.063418 -0.007923 0.488778 0.870064
7743.000000 -23.076045 -17.266420 -69.677670 0.065514 -0.013802 0.488987 0.869718
7744.000000 -22.705355 -16.519465 -70.443189 0.069039 -0.018907 0.489078 0.869298
7745.000000 -22.651938 -15.532734 -71.137696 0.074788 -0.022670 0.488971 0.868792
7746.000000 -22.862461 -14.389780 -71.766104 0.082562 -0.025333 0.488665 0.868187
7747.000000 -23.145085 -13.113506 -72.362773 0.091274 -0.027819 0.488250 0.867472
7748.000000 -23.277415 -11.854555 -72.991900 0.099454 -0.031284 0.487890 0.866657
7749.000000 -23.065332 -10.655097 -73.698814 0.105884 -0.036564 0.487751 0.865766
7750.000000 -22.420900 -9.592817 -74.494786 0.110092 -0.043824 0.487911 0.864813
7751.000000 -21.465538 -8.619206 -75.350944 0.112458 -0.052578 0.488316 0.863792
7752.000000 -20.339393 -7.733068 -76.219605 0.113905 -0.062044 0.488822 0.862687
7753.000000 -19.173502 -6.796010 -77.059717 0.115398 -0.071538 0.489279 0.861494
7754.000000 -18.119565 -5.808202 -77.852830 0.117617 -0.080675 0.489578 0.860215
7755.000000 -17.186861 -4.680228 -78.592023 0.120916 -0.089316 0.489663 0.858855
7756.000000 -16.450277 -3.421247 -79.273194 0.125427 -0.097462 0.489506 0.857411
7757.000000 -15.792542 -2.008783 -79.904450 0.131064 -0.105246 0.489114 0.855870
7758.000000 -15.222883 -0.494362 -80.494664 0.137416 -0.112990 0.488555 0.854204
7759.000000 -14.567427 1.059194 -81.063509 0.143732 -0.121193 0.487975 0.852369
7760.000000 -13.680104 2.571615 -81.632845 0.149164 -0.130340 0.487556 0.850324
7761.000000 -12.535939 3.996711 -82.215166 0.153122 -0.140667 0.487432 0.848043
7762.000000 -11.073259 5.300187 -82.805985 0.155465 -0.152051 0.487635 0.845531
7763.000000 -9.386091 6.452191 -83.386569 0.156386 -0.164096 0.488110 0.842831
7764.000000 -7.559674 7.458075 -83.941987 0.156132 -0.176295 0.488783 0.840020
7765.000000 -5.682932 8.285822 -84.466460 0.154799 -0.188153 0.489621 0.837202
7766.000000 -3.800469 8.885576 -84.965047 0.152305 -0.199227 0.490646 0.834493
7767.000000 -1.968459 9.177725 -85.448173 0.148468 -0.209159 0.491920 0.832000
7768.000000 -0.185919 9.126878 -85.930567 0.143066 -0.217711 0.493523 0.829801
7769.000000 1.548361 8.663280 -86.418262 0.135855 -0.224772 0.495543 0.827924
7770.000000 3.246931 7.744965 -86.911651 0.126591 -0.230304 0.498065 0.826357
7771.000000 4.920836 6.341834 -87.400163 0.115090 -0.234261 0.501142 0.825065
7772.000000 6.566572 4.433008 -87.862954 0.101332 -0.236575 0.504773 0.823996
7773.000000 8.150886 2.057145 -88.271576 0.085598 -0.237162 0.508862 0.823096
7774.000000 9.573273 -0.685397 -88.603383 0.068618 -0.235841 0.513207 0.822368
7775.000000 10.615476 -3.652418 -88.863838 0.051700 -0.232042 0.517516 0.821986
7776.000000 10.903524 -6.681505 -89.103626 0.036720 -0.224542 0.521484 0.822367
7777.000000 10.014252 -9.595626 -89.390753 0.025710 -0.211943 0.524878 0.823968
7778.000000 7.850349 -12.197246 -89.735850 0.019856 -0.194444 0.527541 0.826739
7779.000000 5.143652 -14.202807 -90.083068 0.018370 -0.176283 0.529338 0.829692
7780.000000 4.109561 -14.829854 -90.248171 0.018456 -0.169562 0.529867 0.830752
7781.000000 6.479303 -13.300921 -89.911726 0.018704 -0.184979 0.528557 0.828288
7782.000000 9.066539 -10.951415 -89.558838 0.022132 -0.203663 0.526309 0.825246
7783.000000 10.623080 -8.162316 -89.238175 0.030610 -0.218935 0.523264 0.822998
7784.000000 10.879287 -5.170872 -88.981780 0.043835 -0.228852 0.519560 0.822048
7785.000000 10.161575 -2.151825 -88.740461 0.060045 -0.234312 0.515386 0.822113
7786.000000 8.892834 0.726445 -88.447644 0.077197 -0.236762 0.511019 0.822705
7787.000000 7.375816 3.299100 -88.075934 0.093678 -0.237091 0.506770 0.823527
7788.000000 5.745283 5.445054 -87.636401 0.108484 -0.235628 0.502892 0.824506
7789.000000 4.085678 7.107428 -87.157426 0.121127 -0.232483 0.499533 0.825680
7790.000000 2.396081 8.262885 -86.664486 0.131494 -0.227731 0.496737 0.827103
7791.000000 0.686596 8.944974 -86.173598 0.139702 -0.221431 0.494475 0.828822
7792.000000 -1.068149 9.200494 -85.689036 0.145978 -0.213617 0.492675 0.830861
7793.000000 -2.884254 9.061339 -85.206730 0.150568 -0.204354 0.491247 0.833213
7794.000000 -4.739733 8.622757 -84.718361 0.153707 -0.193813 0.490107 0.835827
7795.000000 -6.626797 7.897752 -84.207806 0.155602 -0.182296 0.489181 0.838605
7796.000000 -8.481193 6.969044 -83.668027 0.156395 -0.170208 0.488425 0.841434
7797.000000 -10.251791 5.897023 -83.098648 0.156086 -0.158022 0.487844 0.844201
7798.000000 -11.840877 4.672036 -82.510608 0.154488 -0.146247 0.487495 0.846814
7799.000000 -13.142874 3.311927 -81.922878 0.151347 -0.135356 0.487452 0.849213
7800.000000 -14.155247 1.827656 -81.347166 0.146605 -0.125626 0.487735 0.851375
7801.000000 -14.916451 0.285120 -80.780240 0.140634 -0.117000 0.488256 0.853310
7802.000000 -15.506732 -1.270157 -80.203424 0.134192 -0.109094 0.488848 0.855055
7803.000000 -16.111073 -2.722637 -79.595161 0.128121 -0.101384 0.489337 0.856654
7804.000000 -16.798943 -4.067427 -78.940557 0.123019 -0.093446 0.489616 0.858144
7805.000000 -17.623039 -5.256523 -78.229012 0.119119 -0.085060 0.489650 0.859545
7806.000000 -18.634187 -6.331488 -77.463770 0.116389 -0.076164 0.489453 0.860865
7807.000000 -19.747702 -7.275293 -76.644520 0.114595 -0.066819 0.489065 0.862101
7808.000000 -20.916669 -8.169818 -75.786290 0.113232 -0.057271 0.488567 0.863250
7809.000000 -21.980092 -9.102055 -74.917820 0.111454 -0.048061 0.488091 0.864312
7810.000000 -22.793137 -10.104430 -74.086527 0.108259 -0.039965 0.487794 0.865297
7811.000000 -23.216394 -11.237131 -73.333724 0.102938 -0.033669 0.487785 0.866219
7812.000000 -23.248123 -12.476503 -72.669933 0.095520 -0.029364 0.488052 0.867075
7813.000000 -23.021531 -13.780048 -72.065180 0.086891 -0.026525 0.488462 0.867843
7814.000000 -22.724350 -14.966394 -71.458741 0.078473 -0.024094 0.488840 0.868503
7815.000000 -22.642150 -16.064565 -70.799460 0.071623 -0.020960 0.489051 0.869057
7816.000000 -22.856729 -16.897104 -70.069126 0.067027 -0.016504 0.489053 0.869518
7817.000000 -23.360704 -17.631164 -69.274692 0.064369 -0.010896 0.488890 0.869899
7818.000000 -23.884930 -18.252215 -68.465454 0.062465 -0.005035 0.488666 0.870218
7819.000000 -24.307841 -18.894264 -67.691056 0.059809 -0.000127 0.488501 0.870511
7820.000000 -24.365238 -19.606427 -67.009832 0.055265 0.002879 0.488475 0.870821
7821.000000 -24.041252 -20.437372 -66.426405 0.048537 0.003758 0.488588 0.871155
7822.000000 -23.454810 -21.361936 -65.899981 0.040193 0.003149 0.488766 0.871483
7823.000000 -22.795458 -22.323922 -65.359874 0.031260 0.002299 0.488920 0.871765
7824.000000 -22.268752 -23.288795 -64.738758 0.022612 0.002532 0.489001 0.871987
7825.000000 -22.005334 -24.349688 -63.991288 0.014504 0.004675 0.489003 0.872149
7826.000000 -21.940823 -25.481524 -63.106759 0.006497 0.008752 0.488942 0.872248
7827.000000 -21.983384 -26.730045 -62.103862 -0.002189 0.014114 0.488825 0.872265
7828.000000 -21.996765 -28.147491 -61.008737 -0.012202 0.019896 0.488632 0.872178
7829.000000 -21.921557 -29.670018 -59.849613 -0.023822 0.025458 0.488328 0.871963
7830.000000 -21.684257 -31.332886 -58.629090 -0.037059 0.030503 0.487873 0.871594
7831.000000 -21.282021 -33.060063 -57.348470 -0.051886 0.034928 0.487225 0.871034
7832.000000 -20.744174 -34.882015 -55.994109 -0.068326 0.038655 0.486334 0.870239
7833.000000 -20.080832 -36.752209 -54.560539 -0.086350 0.041627 0.485148 0.869162
7834.000000 -19.285443 -38.690600 -53.034748 -0.105731 0.043873 0.483630 0.867755
7835.000000 -18.408956 -40.605435 -51.423722 -0.126020 0.045506 0.481780 0.865988
7836.000000 -17.498739 -42.489162 -49.739507 -0.146624 0.046638 0.479637 0.863872
7837.000000 -16.598628 -44.254200 -48.015526 -0.166946 0.047319 0.477262 0.861458
7838.000000 -15.729057 -45.884847 -46.286329 -0.186493 0.047578 0.474728 0.858831
7839.000000 -14.903968 -47.364123 -44.579579 -0.204951 0.047503 0.472108 0.856068
7840.000000 -14.147513 -48.701462 -42.905564 -0.222194 0.047243 0.469472 0.853225
7841.000000 -13.467583 -49.877809 -41.270387 -0.238247 0.046919 0.466866 0.850337
7842.000000 -12.850332 -50.954169 -39.676204 -0.253217 0.046505 0.464293 0.847437
7843.000000 -12.256140 -51.891878 -38.137426 -0.267237 0.045821 0.461716 0.844573
7844.000000 -11.709547 -52.752152 -36.670866 -0.280399 0.044640 0.459082 0.841800
7845.000000 -11.145664 -53.488526 -35.294198 -0.292694 0.042824 0.456366 0.839182
7846.000000 -10.621534 -54.107484 -34.024894 -0.303992 0.040383 0.453603 0.836781
7847.000000 -10.102928 -54.631753 -32.876076 -0.314112 0.037423 0.450863 0.834659
7848.000000 -9.639291 -55.037921 -31.857281 -0.322966 0.034037 0.448196 0.832859
7849.000000 -9.157631 -55.376290 -30.955148 -0.330708 0.030245 0.445588 0.831366
7850.000000 -8.722424 -55.653727 -30.133243 -0.337809 0.026020 0.442941 0.830067
7851.000000 -8.238177 -55.920337 -29.320721 -0.345005 0.021362 0.440107 0.828746
7852.000000 -7.773555 -56.205454 -28.437389 -0.353052 0.016387 0.436966 0.827132
7853.000000 -7.248708 -56.539940 -27.425035 -0.362232 0.011368 0.433532 0.825051
7854.000000 -6.762610 -56.895889 -26.332495 -0.371807 0.006721 0.430074 0.822649
7855.000000 -6.397296 -57.180909 -25.319617 -0.379855 0.002925 0.427147 0.820516
7856.000000 -6.195408 -57.297251 -24.630085 -0.383867 0.000443 0.425454 0.819533
7857.000000 -6.167635 -57.181521 -24.431917 -0.381843 -0.000297 0.425576 0.820415
7858.000000 -6.455572 -56.832288 -24.801290 -0.372985 0.001027 0.427744 0.823356
7859.000000 -6.945398 -56.236773 -25.710521 -0.357333 0.004352 0.431799 0.828157
7860.000000 -7.731488 -55.231189 -27.176538 -0.334663 0.008750 0.437257 0.834704
7861.000000 -8.772640 -53.671050 -29.379309 -0.303840 0.012128 0.443379 0.843178
7862.000000 -9.919476 -51.410137 -32.516959 -0.263431 0.011707 0.449239 0.853610
7863.000000 -11.128815 -48.170606 -36.564747 -0.213186 0.005420 0.453912 0.865151
7864.000000 -12.465723 -43.732933 -41.056096 -0.155226 -0.006489 0.456756 0.875920
7865.000000 -13.821796 -38.533609 -45.271293 -0.094016 -0.020975 0.457621 0.883914
7866.000000 -15.327317 -33.133410 -48.554541 -0.035083 -0.033611 0.456799 0.888242
7867.000000 -17.003439 -28.229839 -50.601672 0.016783 -0.041116 0.454826 0.889473
7868.000000 -18.731245 -24.271932 -51.546190 0.058800 -0.043097 0.452290 0.888887
7869.000000 -20.326925 -21.402825 -51.752608 0.090439 -0.041828 0.449751 0.887578
7870.000000 -21.510551 -19.378581 -51.620607 0.112841 -0.040543 0.447671 0.886123
7871.000000 -22.126493 -17.928327 -51.436857 0.127966 -0.041661 0.446326 0.884693
7872.000000 -22.222631 -16.806736 -51.336935 0.137936 -0.045989 0.445742 0.883274
7873.000000 -21.894309 -15.858146 -51.326917 0.144693 -0.052956 0.445736 0.881805
7874.000000 -21.376913 -15.000050 -51.360216 0.149837 -0.061313 0.446026 0.880256
7875.000000 -20.829596 -14.172194 -51.375155 0.154480 -0.069770 0.446348 0.878659
7876.000000 -20.332842 -13.406759 -51.328045 0.159128 -0.077343 0.446534 0.877100
7877.000000 -19.985236 -12.692081 -51.194041 0.163729 -0.083462 0.446533 0.875691
7878.000000 -19.766012 -12.100434 -50.969499 0.167930 -0.087933 0.446386 0.874532
7879.000000 -19.662189 -11.635032 -50.663655 0.171458 -0.090860 0.446155 0.873666
7880.000000 -19.647907 -11.295567 -50.294378 0.174362 -0.092531 0.445873 0.873060
7881.000000 -19.695277 -11.008825 -49.879519 0.176983 -0.093267 0.445524 0.872632
7882.000000 -19.823284 -10.777052 -49.427335 0.179668 -0.093227 0.445069 0.872320
7883.000000 -20.021301 -10.575045 -48.933235 0.182453 -0.092304 0.444486 0.872137
7884.000000 -20.314456 -10.451616 -48.388250 0.184905 -0.090328 0.443824 0.872165
7885.000000 -20.601602 -10.467434 -47.804791 0.186180 -0.087574 0.443257 0.872463
7886.000000 -20.753280 -10.633889 -47.241482 0.185240 -0.085273 0.443116 0.872962
7887.000000 -20.539849 -10.961400 -46.800588 0.181144 -0.085599 0.443828 0.873428
7888.000000 -19.770837 -11.375663 -46.579911 0.173400 -0.090843 0.445719 0.873507
7889.000000 -18.377173 -11.828103 -46.602369 0.162269 -0.102118 0.448763 0.872841
7890.000000 -16.468854 -12.243284 -46.778371 0.148843 -0.118471 0.452517 0.871228
7891.000000 -14.319986 -12.607728 -46.955121 0.134704 -0.137181 0.456337 0.868788
7892.000000 -12.229580 -12.956048 -47.011142 0.121209 -0.155163 0.459739 0.865952
7893.000000 -10.357259 -13.302024 -46.903379 0.108752 -0.170506 0.462630 0.863177
7894.000000 -8.729247 -13.749076 -46.646251 0.096520 -0.183101 0.465262 0.860633
7895.000000 -7.213281 -14.395339 -46.265788 0.082957 -0.194156 0.468026 0.858122
7896.000000 -5.585460 -15.194773 -45.772753 0.066701 -0.205246 0.471186 0.855225
7897.000000 -3.742033 -16.207446 -45.163737 0.047418 -0.217654 0.474691 0.851497
7898.000000 -1.650851 -17.232113 -44.444692 0.026041 -0.232207 0.478168 0.846615
7899.000000 0.645845 -18.141681 -43.638766 0.004294 -0.249308 0.481075 0.840473
7900.000000 3.019396 -18.866835 -42.781916 -0.016153 -0.268896 0.482942 0.833187
7901.000000 5.437131 -19.303046 -41.889532 -0.034362 -0.290424 0.483555 0.825014
7902.000000 7.797586 -19.512564 -40.962724 -0.050290 -0.313038 0.482990 0.816210
7903.000000 10.082106 -19.559846 -39.977167 -0.064522 -0.335977 0.481501 0.806916
7904.000000 12.283995 -19.514119 -38.905653 -0.077832 -0.358908 0.479338 0.797096
7905.000000 14.466091 -19.470549 -37.718822 -0.090847 -0.381976 0.476610 0.786565
7906.000000 16.598609 -19.365953 -36.399656 -0.103879 -0.405555 0.473259 0.775087
7907.000000 18.746772 -19.248597 -34.935665 -0.116893 -0.429913 0.469125 0.762517
7908.000000 20.850534 -19.055486 -33.340406 -0.129531 -0.454957 0.464049 0.748929
7909.000000 22.857965 -18.825061 -31.663079 -0.141084 -0.480083 0.457955 0.734774
7910.000000 24.645819 -18.477486 -30.015149 -0.150442 -0.504095 0.450926 0.721055
7911.000000 26.070902 -18.032573 -28.577730 -0.156129 -0.525276 0.443235 0.709402
7912.000000 27.017503 -17.511819 -27.571405 -0.156539 -0.541782 0.435230 0.701814
7913.000000 27.400389 -16.781934 -27.186764 -0.150330 -0.552355 0.427019 0.699972
7914.000000 27.249985 -15.880109 -27.492825 -0.136772 -0.557018 0.418113 0.704419
7915.000000 26.632850 -14.673411 -28.390273 -0.115950 -0.557308 0.407399 0.714135
7916.000000 25.623321 -13.100896 -29.631796 -0.088865 -0.555745 0.393697 0.726810
7917.000000 24.525258 -11.165349 -30.923586 -0.057545 -0.554667 0.376693 0.739686
7918.000000 23.472634 -8.989241 -31.993812 -0.025073 -0.555127 0.357598 0.750553
7919.000000 22.604300 -6.926254 -32.697327 0.004784 -0.556653 0.338966 0.758430
7920.000000 21.930155 -5.185182 -33.010129 0.028511 -0.558105 0.323640 0.763520
7921.000000 21.532400 -3.987777 -32.996144 0.043975 -0.558889 0.313490 0.766442
7922.000000 21.378483 -3.426121 -32.708004 0.051024 -0.559570 0.308753 0.767430
7923.000000 21.511571 -3.316151 -32.175254 0.051212 -0.561461 0.308265 0.766232
7924.000000 21.902954 -3.507003 -31.414365 0.046915 -0.565609 0.310256 0.762645
7925.000000 22.485007 -3.765084 -30.478636 0.040459 -0.572010 0.313150 0.757037
7926.000000 23.177791 -4.020343 -29.452237 0.033590 -0.579611 0.315976 0.750388
7927.000000 23.825377 -4.220785 -28.435603 0.027350 -0.586970 0.318366 0.743883
7928.000000 24.343258 -4.382010 -27.504919 0.022188 -0.592983 0.320310 0.738431
7929.000000 24.713801 -4.514221 -26.693549 0.018199 -0.597237 0.321887 0.734415
7930.000000 24.958968 -4.612886 -25.999773 0.015353 -0.599898 0.323102 0.731773
7931.000000 25.088297 -4.664626 -25.408512 0.013653 -0.601339 0.323866 0.730285
7932.000000 25.123040 -4.689825 -24.916408 0.013201 -0.601754 0.324059 0.729866
7933.000000 25.050195 -4.656901 -24.540750 0.014226 -0.600975 0.323574 0.730703
7934.000000 24.857383 -4.556563 -24.314621 0.017096 -0.598551 0.322278 0.733199
7935.000000 24.495138 -4.384603 -24.277557 0.022292 -0.594009 0.319947 0.737760
7936.000000 23.933692 -4.108908 -24.440615 0.030297 -0.587148 0.316245 0.744532
7937.000000 23.209268 -3.707657 -24.779776 0.041426 -0.578245 0.310800 0.753207
7938.000000 22.347648 -3.159714 -25.229094 0.055698 -0.568112 0.303313 0.762986
7939.000000 21.400588 -2.414548 -25.689418 0.072844 -0.557999 0.293643 0.772726
7940.000000 20.497357 -1.487636 -26.067249 0.092466 -0.549323 0.281808 0.781203
7941.000000 19.693985 -0.350715 -26.279112 0.114188 -0.543289 0.267960 0.787398
7942.000000 19.067193 0.964169 -26.278630 0.137670 -0.540502 0.252371 0.790704
7943.000000 18.616888 2.420810 -26.051203 0.162420 -0.540752 0.235503 0.791041
7944.000000 18.306663 3.953939 -25.617015 0.187569 -0.543099 0.218064 0.788866
7945.000000 18.117307 5.405488 -25.031574 0.211891 -0.546259 0.200961 0.785059
7946.000000 17.947908 6.738547 -24.358771 0.234147 -0.549085 0.185070 0.780660
7947.000000 17.814151 7.894230 -23.666899 0.253568 -0.550873 0.170939 0.776545
7948.000000 17.632614 8.839713 -22.999942 0.270095 -0.551405 0.158622 0.773202
7949.000000 17.450179 9.629840 -22.373127 0.284240 -0.550784 0.147780 0.770718
7950.000000 17.249137 10.281270 -21.783937 0.296702 -0.549236 0.137936 0.768948
7951.000000 17.007108 10.869541 -21.222477 0.308051 -0.546931 0.128695 0.767730
7952.000000 16.781150 11.389949 -20.690184 0.318603 -0.543863 0.119805 0.767041
7953.000000 16.483797 11.859075 -20.197814 0.328472 -0.539810 0.111100 0.767052
7954.000000 16.155198 12.282553 -19.761772 0.337668 -0.534428 0.102435 0.768032
7955.000000 15.775702 12.644494 -19.393488 0.346202 -0.527490 0.093695 0.770142
7956.000000 15.343735 12.989835 -19.078591 0.354143 -0.519194 0.084860 0.773188
7957.000000 14.895637 13.302288 -18.777840 0.361643 -0.510319 0.076089 0.776530
7958.000000 14.494519 13.604058 -18.435266 0.368888 -0.502086 0.067724 0.779259
7959.000000 14.191933 13.901261 -18.004968 0.375978 -0.495724 0.060222 0.780558
7960.000000 13.974649 14.180732 -17.469207 0.382812 -0.492004 0.054023 0.780044
7961.000000 13.904254 14.444328 -16.841146 0.389053 -0.490957 0.049409 0.777919
7962.000000 13.920231 14.657611 -16.171457 0.394214 -0.491877 0.046418 0.774918
7963.000000 13.995230 14.792638 -15.524093 0.397801 -0.493573 0.044841 0.772094
7964.000000 13.999363 14.881061 -14.965449 0.399436 -0.494795 0.044336 0.770496
7965.000000 14.000788 14.850607 -14.534779 0.398923 -0.494689 0.044628 0.770812
7966.000000 13.976224 14.764640 -14.241853 0.396279 -0.493051 0.045608 0.773165
7967.000000 13.907920 14.614010 -14.059581 0.391755 -0.490184 0.047259 0.777183
7968.000000 13.767145 14.402113 -13.952369 0.385809 -0.486505 0.049470 0.782315
7969.000000 13.645846 14.174933 -13.897539 0.379021 -0.482129 0.051911 0.788163
7970.000000 13.486633 13.921643 -13.876660 0.371950 -0.476692 0.054061 0.794666
7971.000000 13.263953 13.680406 -13.902101 0.365034 -0.469480 0.055352 0.802044
7972.000000 12.931523 13.426959 -13.986992 0.358491 -0.459864 0.055413 0.810518
7973.000000 12.566102 13.204264 -14.126831 0.352171 -0.447863 0.054366 0.820023
7974.000000 12.184244 12.948369 -14.307103 0.345349 -0.434440 0.053025 0.830171
7975.000000 11.765481 12.627573 -14.506382 0.336669 -0.421174 0.052734 0.840527
7976.000000 11.380827 12.199840 -14.729816 0.324503 -0.409422 0.054805 0.850922
7977.000000 11.075679 11.616506 -14.987355 0.307739 -0.399532 0.059819 0.861448
7978.000000 10.826601 10.918835 -15.282961 0.286610 -0.390712 0.067259 0.872167
7979.000000 10.573410 10.139924 -15.588134 0.262977 -0.381644 0.075746 0.882867
7980.000000 10.291897 9.318756 -15.852448 0.239733 -0.371376 0.083686 0.893087
7981.000000 9.992909 8.589077 -16.034709 0.219640 -0.359804 0.089896 0.902340
7982.000000 9.632828 8.019688 -16.112249 0.204333 -0.347443 0.093886 0.910339
7983.000000 9.239691 7.592654 -16.092262 0.193992 -0.334789 0.095776 0.917121
7984.000000 8.806524 7.338999 -15.999067 0.187695 -0.321878 0.096018 0.923009
7985.000000 8.396585 7.160911 -15.864664 0.184047 -0.308344 0.095141 0.928439
7986.000000 7.926737 7.030591 -15.717270 0.181700 -0.293792 0.093602 0.933761
7987.000000 7.443860 6.916398 -15.569524 0.179558 -0.278091 0.091772 0.939150
7988.000000 6.918990 6.775527 -15.429345 0.176690 -0.261379 0.089967 0.944652
7989.000000 6.424600 6.593612 -15.299688 0.172168 -0.243951 0.088496 0.950271
7990.000000 5.851446 6.312498 -15.180084 0.165091 -0.226276 0.087649 0.955961
7991.000000 5.384685 5.955590 -15.066940 0.154874 -0.209082 0.087637 0.961571
7992.000000 4.993715 5.558166 -14.951650 0.141516 -0.193168 0.088503 0.966864
7993.000000 4.554897 5.040446 -14.815311 0.125523 -0.178749 0.090078 0.971689
7994.000000 4.205948 4.498858 -14.661523 0.107438 -0.164727 0.092048 0.976140
7995.000000 3.795617 3.879031 -14.505449 0.087458 -0.148662 0.094096 0.980508
7996.000000 3.256921 3.191571 -14.354646 0.065545 -0.127859 0.096033 0.984954
7997.000000 2.594203 2.496637 -14.199577 0.042002 -0.101075 0.097813 0.989167
7998.000000 1.878046 1.789688 -14.003156 0.018003 -0.069711 0.099442 0.992435
7999.000000 1.102446 1.094899 -13.716476 -0.004413 -0.037571 0.100870 0.994180
8000.000000 0.399302 0.554224 -13.336219 -0.022960 -0.009265 0.101993 0.994477
8001.000000 -0.095350 0.166916 -12.898114 -0.035918 0.011686 0.102742 0.993991
8002.000000 -0.404200 -0.058995 -12.440039 -0.042667 0.023955 0.103147 0.993462
8003.000000 -0.536156 -0.114893 -11.982546 -0.043714 0.028321 0.103315 0.993284
8004.000000 -0.516901 -0.052693 -11.530253 -0.040408 0.026758 0.103355 0.993463
8005.000000 -0.431161 0.082933 -11.080776 -0.034646 0.021393 0.103328 0.993814
8006.000000 -0.287715 0.213436 -10.629704 -0.028628 0.013896 0.103243 0.994147
8007.000000 -0.116101 0.297629 -10.175878 -0.024468 0.005539 0.103104 0.994354
8008.000000 0.005954 0.338041 -9.722796 -0.023541 -0.002410 0.102940 0.994406
8009.000000 0.118747 0.330825 -9.269451 -0.025893 -0.008545 0.102799 0.994328
8010.000000 0.174982 0.279627 -8.817195 -0.030218 -0.011748 0.102734 0.994180
8011.000000 0.192554 0.225148 -8.365866 -0.034592 -0.011835 0.102764 0.994034
8012.000000 0.207047 0.160956 -7.915099 -0.037518 -0.009705 0.102865 0.993940
8013.000000 0.170552 0.129667 -7.462287 -0.038666 -0.006718 0.102988 0.993908
8014.000000 0.110872 0.108840 -7.009560 -0.038952 -0.003755 0.103105 0.993900
8015.000000 0.058957 0.101119 -6.555577 -0.040095 -0.000775 0.103218 0.993850
8016.000000 0.035637 0.041488 -6.102361 -0.043884 0.002823 0.103343 0.993673
8017.000000 0.000027 -0.034995 -5.648180 -0.051369 0.007418 0.103481 0.993276
8018.000000 -0.038862 -0.124383 -5.192951 -0.062246 0.012653 0.103605 0.992588
8019.000000 -0.061750 -0.222790 -4.734574 -0.074774 0.017528 0.103667 0.991642
8020.000000 -0.071621 -0.288574 -4.275857 -0.086372 0.020954 0.103631 0.990637
8021.000000 -0.108094 -0.384085 -3.820564 -0.094563 0.022297 0.103501 0.989873
8022.000000 -0.087520 -0.406307 -3.364547 -0.097693 0.021567 0.103329 0.989603
8023.000000 -0.091799 -0.404414 -2.913964 -0.095133 0.019217 0.103179 0.989916
8024.000000 -0.081964 -0.387432 -2.467168 -0.087224 0.015845 0.103089 0.990714
8025.000000 -0.058563 -0.352156 -2.022701 -0.075254 0.012009 0.103055 0.991752
8026.000000 -0.067878 -0.325415 -1.579876 -0.061401 0.008225 0.103048 0.992745
8027.000000 -0.057476 -0.343168 -1.136872 -0.048323 0.004974 0.103044 0.993490
8028.000000 -0.060849 -0.321948 -0.690737 -0.038356 0.002630 0.103034 0.993935
8029.000000 -0.049956 -0.272361 -0.241404 -0.032735 0.001348 0.103025 0.994139
8030.000000 -0.041403 -0.183371 -0.008213 -0.020030 -0.007581 0.071531 0.997208
8031.000000 0.105899 0.155889 0.073239 0.025615 -0.041916 -0.054916 0.997282
8032.000000 0.388919 0.370299 0.241241 0.070767 -0.075444 -0.180305 0.978157
8033.000000 0.375660 0.352440 -0.200359 0.067393 -0.072078 -0.180391 0.978633
8034.000000 0.374590 0.355984 -0.647901 0.059982 -0.064898 -0.180555 0.979587
8035.000000 0.387984 0.339252 -1.097768 0.048870 -0.054585 -0.180731 0.980800
8036.000000 0.366910 0.346229 -1.551896 0.035391 -0.042723 -0.180840 0.981947
8037.000000 0.329914 0.314323 -2.006343 0.021112 -0.030822 -0.180851 0.982801
8038.000000 0.296377 0.265837 -2.458222 0.007200 -0.019677 -0.180778 0.983301
8039.000000 0.226080 0.230260 -2.906923 -0.005697 -0.009419 -0.180650 0.983486
8040.000000 0.159798 0.158596 -3.351387 -0.017085 -0.000094 -0.180488 0.983429
8041.000000 0.129430 0.159034 -3.790013 -0.026287 0.007811 -0.180312 0.983227
8042.000000 0.113518 0.124636 -4.228648 -0.032584 0.013406 -0.180164 0.983005
8043.000000 0.085798 0.095028 -4.667130 -0.035749 0.015996 -0.180090 0.982870
8044.000000 0.081537 0.092088 -5.104656 -0.036414 0.015709 -0.180105 0.982848
8045.000000 0.095377 0.083807 -5.541311 -0.035864 0.013593 -0.180182 0.982885
8046.000000 0.115994 0.076209 -5.978206 -0.035414 0.011030 -0.180274 0.982917
8047.000000 0.133354 0.080561 -6.414953 -0.035832 0.008919 -0.180352 0.982909
8048.000000 0.152620 0.056658 -6.852163 -0.037131 0.007220 -0.180416 0.982863
8049.000000 0.195676 0.022332 -7.288521 -0.038669 0.005235 -0.180490 0.982802
8050.000000 0.245065 0.006331 -7.724800 -0.039396 0.002433 -0.180599 0.982765
8051.000000 0.282725 0.048759 -8.158579 -0.038262 -0.000810 -0.180735 0.982787
8052.000000 0.299088 0.108362 -8.592462 -0.034812 -0.003158 -0.180852 0.982889
8053.000000 0.312220 0.181098 -9.027692 -0.029703 -0.003033 -0.180892 0.983050
8054.000000 0.257141 0.247996 -9.462220 -0.024642 0.000449 -0.180823 0.983207
8055.000000 0.146424 0.318334 -9.899409 -0.021572 0.007045 -0.180668 0.983282
8056.000000 -0.001777 0.335219 -10.335551 -0.021594 0.015663 -0.180477 0.983217
8057.000000 -0.204237 0.339950 -10.771813 -0.024413 0.024908 -0.180293 0.982994
8058.000000 -0.383334 0.278679 -11.204589 -0.028652 0.033344 -0.180141 0.982658
8059.000000 -0.518366 0.215466 -11.637064 -0.032621 0.039321 -0.180042 0.982331
8060.000000 -0.541578 0.177416 -12.072885 -0.034917 0.040707 -0.180059 0.982193
8061.000000 -0.368412 0.158078 -12.514379 -0.034584 0.035026 -0.180285 0.982382
8062.000000 0.039822 0.192369 -12.955383 -0.031054 0.020184 -0.180784 0.982825
8063.000000 0.687111 0.253289 -13.373831 -0.024143 -0.004461 -0.181516 0.983081
8064.000000 1.588044 0.334225 -13.731709 -0.014111 -0.037253 -0.182324 0.982431
8065.000000 2.611609 0.502303 -13.996508 -0.001640 -0.074263 -0.183031 0.980297
8066.000000 3.583212 0.708835 -14.176045 0.012359 -0.110512 -0.183583 0.976694
8067.000000 4.487323 0.932923 -14.319502 0.027015 -0.141950 -0.184094 0.972229
8068.000000 5.283789 1.199538 -14.463939 0.041666 -0.167057 -0.184726 0.967591
8069.000000 5.928429 1.505447 -14.618807 0.055823 -0.187036 -0.185495 0.963064
8070.000000 6.477656 1.766426 -14.772072 0.068958 -0.204556 -0.186184 0.958508
8071.000000 7.103520 1.983111 -14.907994 0.080332 -0.221973 -0.186434 0.953686
8072.000000 7.642269 2.114067 -15.018330 0.089102 -0.240240 -0.185923 0.948566
8073.000000 8.194748 2.184374 -15.124421 0.094690 -0.259014 -0.184516 0.943345
8074.000000 8.815500 2.143415 -15.235415 0.097122 -0.277485 -0.182292 0.938264
8075.000000 9.330554 2.030929 -15.358957 0.097030 -0.295097 -0.179461 0.933433
8076.000000 9.829028 1.885424 -15.491963 0.095340 -0.311665 -0.176284 0.928816
8077.000000 10.285227 1.729582 -15.632833 0.092965 -0.327156 -0.173023 0.924332
8078.000000 10.741593 1.559654 -15.778014 0.090716 -0.341570 -0.169937 0.919903
8079.000000 11.165008 1.460251 -15.919890 0.089423 -0.355107 -0.167287 0.915378
8080.000000 11.591744 1.403946 -16.040095 0.090069 -0.368359 -0.165355 0.910416
8081.000000 12.113228 1.444714 -16.105923 0.093804 -0.382164 -0.164472 0.904489
8082.000000 12.663555 1.645840 -16.089090 0.101746 -0.397133 -0.165014 0.897052
8083.000000 13.277954 1.982237 -15.969295 0.114533 -0.413183 -0.167290 0.887793
8084.000000 13.922124 2.465759 -15.752701 0.131757 -0.429506 -0.171295 0.876826
8085.000000 14.581775 3.017741 -15.469347 0.151633 -0.445100 -0.176466 0.864727
8086.000000 15.175674 3.530884 -15.165696 0.171329 -0.459472 -0.181646 0.852371
8087.000000 15.727023 3.949867 -14.886738 0.187966 -0.472984 -0.185406 0.840583
8088.000000 16.264853 4.238442 -14.650927 0.199801 -0.486534 -0.186625 0.829780
8089.000000 16.797867 4.355040 -14.445188 0.206825 -0.500799 -0.185032 0.819870
8090.000000 17.299444 4.371868 -14.255702 0.210478 -0.515630 -0.181368 0.810512
8091.000000 17.744220 4.366688 -14.080521 0.212730 -0.530058 -0.177029 0.801527
8092.000000 18.156996 4.352563 -13.944866 0.215190 -0.542900 -0.173382 0.793027
8093.000000 18.556486 4.388121 -13.864814 0.218654 -0.553477 -0.171199 0.785203
8094.000000 18.862236 4.469028 -13.843563 0.223172 -0.561891 -0.170511 0.778074
8095.000000 19.118286 4.593225 -13.865255 0.228346 -0.568748 -0.170858 0.771487
8096.000000 19.322714 4.734445 -13.913183 0.233598 -0.574650 -0.171634 0.765344
8097.000000 19.567757 4.828305 -14.003107 0.238324 -0.579830 -0.172362 0.759796
8098.000000 19.715641 4.916543 -14.155907 0.242015 -0.584054 -0.172827 0.755275
8099.000000 19.821855 4.979807 -14.408580 0.244348 -0.586778 -0.173085 0.752348
8100.000000 19.823280 5.026738 -14.787737 0.245188 -0.587509 -0.173295 0.751455
8101.000000 19.793864 4.975516 -15.300431 0.244481 -0.586225 -0.173440 0.752654
8102.000000 19.681505 4.914878 -15.916713 0.242166 -0.583587 -0.173162 0.755510
8103.000000 19.523824 4.778151 -16.575835 0.238205 -0.580783 -0.171864 0.759218
8104.000000 19.413857 4.561071 -17.214921 0.232665 -0.579114 -0.168982 0.762849
8105.000000 19.390765 4.258419 -17.778727 0.225765 -0.579575 -0.164210 0.765609
8106.000000 19.455891 3.884801 -18.238870 0.217812 -0.582557 -0.157596 0.767039
8107.000000 19.602258 3.453282 -18.597845 0.209117 -0.587714 -0.149517 0.767142
8108.000000 19.805702 2.984800 -18.889431 0.199937 -0.594059 -0.140576 0.766392
8109.000000 20.001311 2.491276 -19.166125 0.190464 -0.600332 -0.131419 0.765542
8110.000000 20.185907 1.979985 -19.480881 0.180811 -0.605486 -0.122515 0.765300
8111.000000 20.273026 1.479836 -19.857910 0.171008 -0.609014 -0.114049 0.766062
8112.000000 20.286542 0.966348 -20.300146 0.161010 -0.610951 -0.105942 0.767848
8113.000000 20.266129 0.430821 -20.790057 0.150734 -0.611626 -0.097994 0.770448
8114.000000 20.172485 -0.119211 -21.310963 0.140074 -0.611364 -0.090004 0.773636
8115.000000 20.055795 -0.724437 -21.854349 0.128879 -0.610293 -0.081803 0.777330
8116.000000 19.875152 -1.360764 -22.421991 0.116864 -0.608276 -0.073192 0.781656
8117.000000 19.610248 -2.106007 -23.025612 0.103544 -0.604963 -0.063866 0.786905
8118.000000 19.261292 -2.974005 -23.669421 0.088309 -0.599929 -0.053420 0.793368
8119.000000 18.761253 -3.990397 -24.340511 0.070692 -0.592907 -0.041511 0.801087
8120.000000 18.191211 -5.171388 -24.998614 0.050685 -0.584077 -0.028054 0.809628
8121.000000 17.567240 -6.461778 -25.579471 0.028837 -0.574263 -0.013318 0.818055
8122.000000 16.992751 -7.875551 -26.021458 0.006016 -0.564842 0.002170 0.825174
8123.000000 16.560070 -9.301431 -26.270733 -0.016974 -0.557352 0.017833 0.829911
8124.000000 16.338713 -10.697750 -26.303660 -0.039621 -0.552960 0.033185 0.831603
8125.000000 16.366395 -12.067193 -26.128565 -0.061609 -0.552100 0.047838 0.830121
8126.000000 16.597864 -13.322812 -25.780613 -0.082563 -0.554418 0.061421 0.825852
8127.000000 16.959118 -14.471001 -25.331206 -0.101887 -0.558992 0.073530 0.819598
8128.000000 17.401226 -15.427751 -24.865882 -0.118832 -0.564651 0.083777 0.812422
8129.000000 17.808791 -16.208665 -24.481008 -0.132731 -0.570281 0.091905 0.805429
8130.000000 18.159341 -16.782281 -24.249248 -0.143241 -0.575032 0.097885 0.799524
8131.000000 18.393425 -17.171466 -24.206927 -0.150444 -0.578433 0.101920 0.795232
8132.000000 18.551878 -17.414647 -24.354321 -0.154765 -0.580409 0.104350 0.792644
8133.000000 18.600657 -17.517098 -24.660491 -0.156777 -0.581209 0.105514 0.791507
8134.000000 18.620213 -17.533064 -25.085712 -0.157001 -0.581218 0.105666 0.791436
8135.000000 18.577252 -17.455914 -25.603915 -0.155789 -0.580702 0.104974 0.792146
8136.000000 18.478986 -17.316288 -26.207695 -0.153284 -0.579619 0.103551 0.793614
8137.000000 18.308274 -17.070534 -26.910207 -0.149442 -0.577635 0.101459 0.796060
8138.000000 18.051795 -16.746813 -27.728619 -0.144114 -0.574371 0.098695 0.799743
8139.000000 17.675608 -16.309609 -28.661341 -0.137227 -0.569760 0.095216 0.804659
8140.000000 17.224583 -15.780360 -29.668108 -0.129032 -0.564295 0.091048 0.810328
8141.000000 16.784239 -15.190479 -30.668885 -0.120319 -0.559002 0.086460 0.815822
8142.000000 16.456141 -14.664909 -31.565455 -0.112491 -0.554987 0.082144 0.820115
8143.000000 16.262420 -14.302014 -32.280696 -0.107438 -0.552696 0.079279 0.822617
8144.000000 16.132415 -14.330607 -32.771407 -0.107257 -0.551346 0.079411 0.823534
8145.000000 15.989568 -14.879920 -33.031852 -0.113816 -0.549113 0.084081 0.823681
8146.000000 15.683390 -16.077395 -33.040636 -0.128194 -0.544196 0.094280 0.823728
8147.000000 15.288484 -17.879098 -32.746769 -0.150133 -0.536064 0.109893 0.823419
8148.000000 14.861798 -20.055694 -32.081180 -0.177863 -0.525955 0.129443 0.821572
8149.000000 14.539317 -22.427558 -31.047641 -0.208494 -0.516128 0.150429 0.817015
8150.000000 14.400875 -24.660365 -29.770323 -0.238753 -0.508334 0.170210 0.809705
8151.000000 14.431941 -26.552151 -28.491955 -0.265608 -0.502649 0.186968 0.801149
8152.000000 14.384683 -27.976535 -27.492074 -0.286586 -0.497482 0.200140 0.793930
8153.000000 14.138411 -28.889670 -27.021456 -0.299960 -0.490609 0.210149 0.790673
8154.000000 13.559705 -29.388909 -27.213683 -0.304971 -0.480353 0.217776 0.792986
8155.000000 12.627061 -29.431724 -28.041380 -0.301981 -0.466217 0.223662 0.800890
8156.000000 11.346403 -29.107657 -29.346655 -0.292368 -0.448826 0.228163 0.813030
8157.000000 9.773281 -28.547842 -30.914271 -0.278065 -0.429412 0.231470 0.827471
8158.000000 8.056730 -27.733439 -32.559509 -0.260979 -0.409232 0.233740 0.842487
8159.000000 6.267946 -26.820723 -34.152668 -0.242584 -0.389211 0.235152 0.856954
8160.000000 4.459123 -25.818870 -35.635404 -0.223829 -0.369857 0.235891 0.870323
8161.000000 2.679880 -24.794433 -36.979697 -0.205224 -0.351307 0.236136 0.882443
8162.000000 0.901445 -23.745257 -38.192388 -0.186917 -0.333399 0.236037 0.893417
8163.000000 -0.880744 -22.654010 -39.283678 -0.168715 -0.315799 0.235674 0.903473
8164.000000 -2.683887 -21.520546 -40.275616 -0.150128 -0.298265 0.234997 0.912839
8165.000000 -4.524473 -20.275631 -41.196219 -0.130506 -0.280947 0.233809 0.921613
8166.000000 -6.329640 -18.837114 -42.070293 -0.109256 -0.264505 0.231841 0.929704
8167.000000 -8.043062 -17.170826 -42.920938 -0.086126 -0.249881 0.228895 0.936882
8168.000000 -9.557065 -15.297626 -43.743843 -0.061487 -0.237813 0.225007 0.942887
8169.000000 -10.914726 -13.328585 -44.519682 -0.036451 -0.228426 0.220495 0.947563
8170.000000 -12.040059 -11.387703 -45.210477 -0.012646 -0.221195 0.215867 0.950954
8171.000000 -12.980463 -9.609580 -45.793450 0.008421 -0.215244 0.211607 0.953321
8172.000000 -13.858444 -8.138747 -46.266040 0.026134 -0.209623 0.207960 0.955054
8173.000000 -14.720287 -6.865762 -46.634913 0.041211 -0.203327 0.204830 0.956559
8174.000000 -15.766837 -5.695344 -46.891485 0.055447 -0.195274 0.201841 0.958151
8175.000000 -17.090115 -4.477525 -47.006585 0.070772 -0.184627 0.198549 0.959939
8176.000000 -18.623302 -3.106187 -46.958643 0.088108 -0.171478 0.194705 0.961729
8177.000000 -20.255870 -1.672159 -46.773677 0.106719 -0.157329 0.190448 0.963114
8178.000000 -21.704156 -0.268669 -46.562315 0.124518 -0.144729 0.186307 0.963763
8179.000000 -22.740997 0.908245 -46.479664 0.139132 -0.136081 0.182969 0.963663
8180.000000 -23.251385 1.745655 -46.634981 0.149017 -0.132380 0.180909 0.963089
8181.000000 -23.305734 2.215751 -47.028590 0.153976 -0.132804 0.180152 0.962393
8182.000000 -23.098110 2.349225 -47.569839 0.154936 -0.135364 0.180328 0.961849
8183.000000 -22.815260 2.239060 -48.149915 0.153333 -0.138054 0.180946 0.961607
8184.000000 -22.605509 2.005340 -48.697487 0.150536 -0.139715 0.181629 0.961681
8185.000000 -22.507314 1.726287 -49.191453 0.147535 -0.140170 0.182191 0.961973
8186.000000 -22.489741 1.459329 -49.642398 0.144862 -0.139771 0.182592 0.962361
8187.000000 -22.544757 1.226838 -50.062031 0.142647 -0.138819 0.182850 0.962781
8188.000000 -22.668243 1.000167 -50.451518 0.140833 -0.137326 0.182976 0.963238
8189.000000 -22.860798 0.849516 -50.805227 0.139627 -0.135204 0.182930 0.963722
8190.000000 -23.116829 0.846325 -51.123430 0.140092 -0.132710 0.182574 0.964069
8191.000000 -23.401184 1.282158 -51.421746 0.144555 -0.130761 0.181647 0.963851
8192.000000 -23.613842 2.521645 -51.712885 0.156307 -0.130835 0.179794 0.962353
8193.000000 -23.656116 4.946022 -51.950345 0.178342 -0.134395 0.176667 0.958604
8194.000000 -23.475989 8.560313 -51.986907 0.211537 -0.142054 0.172089 0.951556
8195.000000 -23.132225 13.142214 -51.610803 0.253350 -0.152967 0.166221 0.940630
8196.000000 -22.696235 18.061196 -50.715885 0.298107 -0.164850 0.159601 0.926544
8197.000000 -22.410869 22.455405 -49.445904 0.339079 -0.174691 0.152921 0.911660
8198.000000 -22.457630 25.813862 -48.156458 0.371152 -0.179754 0.146607 0.899133
8199.000000 -22.963374 28.006390 -47.117222 0.392492 -0.178362 0.140525 0.891286
8200.000000 -24.002728 29.075340 -46.367710 0.404483 -0.170222 0.134095 0.888502
8201.000000 -25.459288 29.487145 -45.747315 0.410402 -0.156338 0.126746 0.889418
8202.000000 -27.276382 29.570688 -45.071962 0.413708 -0.138588 0.118319 0.891986
8203.000000 -29.184083 29.655418 -44.228163 0.416770 -0.119095 0.109149 0.894542
8204.000000 -31.066816 29.769177 -43.259604 0.420401 -0.099726 0.099874 0.896294
8205.000000 -32.776067 29.917428 -42.297462 0.424148 -0.081973 0.091248 0.897247
8206.000000 -34.121453 30.052133 -41.529990 0.426940 -0.067172 0.084052 0.897856
8207.000000 -35.058026 30.031803 -41.167359 0.427669 -0.056605 0.079034 0.898693
8208.000000 -35.499021 29.786977 -41.367913 0.425506 -0.051175 0.076713 0.900245
8209.000000 -35.485240 29.247097 -42.174295 0.420032 -0.050861 0.077104 0.902796
8210.000000 -35.110692 28.492986 -43.481089 0.411333 -0.054513 0.079631 0.906362
8211.000000 -34.444226 27.461078 -45.095370 0.400011 -0.060293 0.083360 0.910718
8212.000000 -33.728395 26.221119 -46.802208 0.386988 -0.066424 0.087391 0.915528
8213.000000 -33.048866 24.864689 -48.454738 0.373114 -0.071699 0.091129 0.920511
8214.000000 -32.514617 23.413441 -49.980837 0.358868 -0.075561 0.094318 0.925531
8215.000000 -32.095948 21.888131 -51.379238 0.344364 -0.078037 0.096985 0.930547
8216.000000 -31.730898 20.290088 -52.689773 0.329616 -0.079763 0.099388 0.935475
8217.000000 -31.298768 18.690406 -53.975654 0.314844 -0.081965 0.101935 0.940087
8218.000000 -30.630223 17.129393 -55.296544 0.300667 -0.086073 0.105002 0.944016
8219.000000 -29.660618 15.782108 -56.663192 0.288120 -0.093014 0.108695 0.946848
8220.000000 -28.401376 14.773544 -58.017884 0.278530 -0.102630 0.112726 0.948252
8221.000000 -27.004721 14.332904 -59.241003 0.273205 -0.113602 0.116481 0.948096
8222.000000 -25.769535 14.456852 -60.208606 0.272952 -0.123828 0.119230 0.946545
8223.000000 -24.948079 15.153638 -60.816259 0.277532 -0.130837 0.120329 0.944128
8224.000000 -24.957461 16.154684 -61.002275 0.285380 -0.132067 0.119315 0.941743
8225.000000 -26.007552 17.090040 -60.748023 0.293868 -0.125199 0.115912 0.940495
8226.000000 -28.173231 17.591139 -60.049454 0.300132 -0.108744 0.110012 0.941272
8227.000000 -31.421280 17.476672 -58.880117 0.302057 -0.082701 0.101716 0.944233
8228.000000 -35.449812 16.705056 -57.200151 0.298950 -0.048852 0.091433 0.948621
8229.000000 -39.844507 15.455421 -55.032073 0.291581 -0.010486 0.079939 0.953142
8230.000000 -44.023165 14.023833 -52.532787 0.281621 0.028340 0.068297 0.956672
8231.000000 -47.650327 12.683929 -50.017734 0.270761 0.063730 0.057608 0.958806
8232.000000 -50.503281 11.430213 -47.862445 0.259872 0.092783 0.048694 0.959941
8233.000000 -52.504995 10.229363 -46.351202 0.248662 0.114059 0.041866 0.960940
8234.000000 -53.711832 8.968585 -45.619423 0.236102 0.127531 0.036941 0.962615
8235.000000 -54.265413 7.568572 -45.632715 0.221414 0.134132 0.033482 0.965331
8236.000000 -54.303434 6.032510 -46.240211 0.204896 0.135226 0.031085 0.968899
8237.000000 -53.984850 4.434426 -47.251857 0.187888 0.132229 0.029506 0.972802
8238.000000 -53.361447 2.902729 -48.499122 0.171875 0.126427 0.028598 0.976554
8239.000000 -52.578618 1.492968 -49.858592 0.157493 0.118900 0.028188 0.979931
8240.000000 -51.690528 0.146290 -51.246085 0.144251 0.110515 0.028043 0.982950
8241.000000 -50.752880 -1.198740 -52.597357 0.131101 0.101964 0.027929 0.985716
8242.000000 -49.847705 -2.648187 -53.850397 0.117302 0.093820 0.027688 0.988267
8243.000000 -49.016317 -4.190731 -54.955966 0.102871 0.086538 0.027271 0.990548
8244.000000 -48.293275 -5.775804 -55.889097 0.088436 0.080410 0.026716 0.992471
8245.000000 -47.708581 -7.290831 -56.652080 0.074759 0.075546 0.026091 0.993994
8246.000000 -47.260445 -8.682665 -57.266492 0.062337 0.071927 0.025452 0.995135
8247.000000 -46.965922 -9.938634 -57.750718 0.051273 0.069527 0.024824 0.995952
8248.000000 -46.807710 -11.081525 -58.105838 0.041361 0.068420 0.024200 0.996505
8249.000000 -46.830776 -12.123779 -58.317748 0.032289 0.068786 0.023565 0.996830
8250.000000 -47.054296 -13.118025 -58.371097 0.023851 0.070771 0.022913 0.996944
8251.000000 -47.428957 -14.014016 -58.276804 0.016087 0.074294 0.022267 0.996858
8252.000000 -47.949094 -14.805354 -58.083985 0.009298 0.078938 0.021674 0.996600
8253.000000 -48.523112 -15.444514 -57.872581 0.003928 0.084029 0.021191 0.996230
8254.000000 -49.068799 -15.837129 -57.733255 0.000416 0.088823 0.020870 0.995829
8255.000000 -49.495281 -15.999944 -57.745748 -0.000888 0.092684 0.020750 0.995479
8256.000000 -49.783641 -15.871365 -57.971266 0.000280 0.095133 0.020860 0.995246
8257.000000 -49.861836 -15.411158 -58.454575 0.004153 0.095799 0.021228 0.995166
8258.000000 -49.708095 -14.605347 -59.227202 0.010959 0.094359 0.021880 0.995237
8259.000000 -49.267805 -13.407602 -60.305737 0.020874 0.090510 0.022842 0.995415
8260.000000 -48.516114 -11.790427 -61.683573 0.033943 0.084025 0.024125 0.995593
8261.000000 -47.422205 -9.753246 -63.316350 0.050003 0.074860 0.025727 0.995607
8262.000000 -46.003235 -7.323211 -65.117997 0.068629 0.063266 0.027617 0.995251
8263.000000 -44.314499 -4.566419 -66.969756 0.089119 0.049818 0.029731 0.994330
8264.000000 -42.444376 -1.605782 -68.746375 0.110521 0.035336 0.031968 0.992731
8265.000000 -40.519768 1.408534 -70.348177 0.131732 0.020720 0.034208 0.990478
8266.000000 -38.638284 4.312230 -71.722334 0.151654 0.006782 0.036335 0.987742
8267.000000 -36.899345 6.952965 -72.866951 0.169361 -0.005865 0.038262 0.984794
8268.000000 -35.376906 9.205091 -73.813321 0.184218 -0.016834 0.039938 0.981929
8269.000000 -34.082210 11.010044 -74.607830 0.195923 -0.025912 0.041337 0.979405
8270.000000 -33.068739 12.354597 -75.292535 0.204466 -0.032974 0.042444 0.977397
8271.000000 -32.359459 13.226050 -75.892348 0.210024 -0.037915 0.043237 0.976004
8272.000000 -31.958294 13.685196 -76.422060 0.212839 -0.040685 0.043697 0.975262
8273.000000 -31.846317 13.726884 -76.894567 0.213138 -0.041388 0.043835 0.975160
8274.000000 -31.996694 13.400179 -77.326083 0.211137 -0.040348 0.043712 0.975645
8275.000000 -32.334591 12.744691 -77.734805 0.207084 -0.038046 0.043419 0.976618
8276.000000 -32.778221 11.794215 -78.135152 0.201201 -0.034966 0.043046 0.977979
8277.000000 -33.281913 10.537733 -78.539091 0.193435 -0.031458 0.042665 0.979680
8278.000000 -33.804566 8.877346 -78.955887 0.183197 -0.027710 0.042329 0.981774
8279.000000 -34.333571 6.680866 -79.381132 0.169668 -0.023831 0.042078 0.984314
8280.000000 -34.827237 3.983901 -79.781438 0.153167 -0.020036 0.041928 0.987107
8281.000000 -35.225876 1.351724 -80.129942 0.137100 -0.016868 0.041864 0.989528
8282.000000 -35.362242 0.402256 -80.301074 0.131297 -0.015802 0.041854 0.990333
8283.000000 -35.045966 2.599597 -79.961017 0.144708 -0.018321 0.041888 0.988418
8284.000000 -34.585681 5.376749 -79.587284 0.161671 -0.021899 0.041991 0.985708
8285.000000 -34.070763 7.848781 -79.168885 0.176874 -0.025778 0.042191 0.982991
8286.000000 -33.542271 9.770148 -78.745583 0.188681 -0.029607 0.042488 0.980672
8287.000000 -33.022037 11.207787 -78.335996 0.197577 -0.033251 0.042853 0.978786
8288.000000 -32.545271 12.304734 -77.935205 0.204364 -0.036578 0.043237 0.977255
8289.000000 -32.148306 13.115273 -77.532306 0.209350 -0.039322 0.043580 0.976077
8290.000000 -31.890544 13.604967 -77.114168 0.212410 -0.041057 0.043801 0.975335
8291.000000 -31.869972 13.752349 -76.664606 0.213290 -0.041279 0.043803 0.975133
8292.000000 -32.126424 13.509416 -76.164856 0.211759 -0.039570 0.043509 0.975551
8293.000000 -32.674526 12.848469 -75.602024 0.207603 -0.035715 0.042882 0.976620
8294.000000 -33.536289 11.732380 -74.962071 0.200581 -0.029702 0.041929 0.978329
8295.000000 -34.705916 10.174683 -74.226733 0.190471 -0.021618 0.040673 0.980612
8296.000000 -36.109875 8.128625 -73.361388 0.177173 -0.011576 0.039133 0.983333
8297.000000 -37.744289 5.679312 -72.322177 0.160832 0.000267 0.037328 0.986276
8298.000000 -39.566989 2.896304 -71.065697 0.141918 0.013622 0.035292 0.989155
8299.000000 -41.483835 -0.095139 -69.573540 0.121221 0.027990 0.033095 0.991679
8300.000000 -43.394264 -3.102374 -67.874647 0.099773 0.042650 0.030841 0.993617
8301.000000 -45.186910 -5.977090 -66.045822 0.078696 0.056727 0.028652 0.994871
8302.000000 -46.750724 -8.585478 -64.202922 0.059033 0.069338 0.026639 0.995489
8303.000000 -48.008456 -10.823136 -62.472563 0.041619 0.079770 0.024887 0.995633
8304.000000 -48.935265 -12.650732 -60.959079 0.027019 0.087605 0.023443 0.995513
8305.000000 -49.525773 -14.054887 -59.727955 0.015521 0.092752 0.022321 0.995318
8306.000000 -49.815979 -15.051954 -58.803265 0.007176 0.095362 0.021517 0.995184
8307.000000 -49.853412 -15.682108 -58.178644 0.001863 0.095709 0.021010 0.995186
8308.000000 -49.654073 -15.972091 -57.828873 -0.000628 0.094110 0.020774 0.995345
8309.000000 -49.301196 -15.958537 -57.716000 -0.000530 0.090904 0.020783 0.995643
8310.000000 -48.802551 -15.669609 -57.788526 0.001915 0.086506 0.021007 0.996028
8311.000000 -48.235270 -15.140819 -57.975150 0.006406 0.081475 0.021415 0.996425
8312.000000 -47.679689 -14.431167 -58.188284 0.012545 0.076514 0.021960 0.996748
8313.000000 -47.230292 -13.576901 -58.340027 0.019871 0.072358 0.022587 0.996925
8314.000000 -46.913664 -12.635159 -58.364335 0.027995 0.069573 0.023240 0.996913
8315.000000 -46.793195 -11.611694 -58.231083 0.036737 0.068407 0.023885 0.996695
8316.000000 -46.868113 -10.524400 -57.945507 0.046192 0.068802 0.024513 0.996259
8317.000000 -47.097882 -9.328592 -57.524431 0.056643 0.070573 0.025137 0.995580
8318.000000 -47.479750 -8.003546 -56.976335 0.068375 0.073583 0.025771 0.994609
8319.000000 -47.993603 -6.538676 -56.289997 0.081463 0.077819 0.026408 0.993283
8320.000000 -48.642025 -4.994349 -55.444792 0.095604 0.083319 0.027007 0.991559
8321.000000 -49.423263 -3.411400 -54.423830 0.110136 0.090049 0.027500 0.989447
8322.000000 -50.294552 -1.915341 -53.240045 0.124301 0.097809 0.027830 0.987020
8323.000000 -51.225677 -0.523084 -51.930555 0.137727 0.106222 0.027995 0.984360
8324.000000 -52.130136 0.809343 -50.552933 0.150793 0.114768 0.028098 0.981479
8325.000000 -52.996510 2.197806 -49.169668 0.164488 0.122820 0.028344 0.978292
8326.000000 -53.702302 3.654855 -47.854779 0.179689 0.129606 0.028977 0.974718
8327.000000 -54.190361 5.233659 -46.706638 0.196350 0.134154 0.030203 0.970843
8328.000000 -54.345231 6.821833 -45.873873 0.213317 0.135277 0.032170 0.967037
8329.000000 -54.061574 8.283825 -45.540593 0.229035 0.131610 0.035057 0.963843
8330.000000 -53.192111 9.614198 -45.885908 0.242618 0.121728 0.039191 0.961656
8331.000000 -51.603752 10.815161 -47.012861 0.254365 0.104424 0.045021 0.960400
8332.000000 -49.186512 12.043071 -48.875473 0.265312 0.079174 0.052897 0.959449
8333.000000 -45.924136 13.352235 -51.252017 0.276222 0.046677 0.062772 0.957905
8334.000000 -41.983419 14.731491 -53.807863 0.286808 0.009128 0.074065 0.955077
8335.000000 -37.648103 16.132662 -56.171200 0.295705 -0.029987 0.085776 0.950948
8336.000000 -33.353458 17.164800 -58.104459 0.301115 -0.066575 0.096783 0.946325
8337.000000 -29.682302 17.615547 -59.527514 0.301717 -0.096851 0.106146 0.942507
8338.000000 -26.952510 17.406790 -60.454635 0.297439 -0.118211 0.113274 0.940598
8339.000000 -25.348331 16.657752 -60.930034 0.289729 -0.129766 0.117923 0.940910
8340.000000 -24.830414 15.634044 -60.964145 0.281194 -0.132331 0.120108 0.942864
8341.000000 -25.281020 14.749592 -60.562064 0.274705 -0.127895 0.120020 0.945397
8342.000000 -26.356423 14.321986 -59.763403 0.272430 -0.118958 0.118025 0.947471
8343.000000 -27.698835 14.466397 -58.655571 0.275265 -0.108065 0.114684 0.948366
8344.000000 -29.068375 15.231735 -57.347760 0.282868 -0.097546 0.110701 0.947742
8345.000000 -30.180271 16.409201 -55.976801 0.294111 -0.089170 0.106779 0.945593
8346.000000 -31.003365 17.889267 -54.629819 0.307626 -0.083702 0.103388 0.942163
8347.000000 -31.536665 19.485072 -53.332083 0.322205 -0.080712 0.100616 0.937841
8348.000000 -31.913650 21.101494 -52.041940 0.337015 -0.078928 0.098196 0.933032
8349.000000 -32.294676 22.662537 -50.694077 0.351649 -0.076948 0.095705 0.928042
8350.000000 -32.763414 24.159951 -49.234084 0.366024 -0.073818 0.092796 0.923020
8351.000000 -33.384632 25.560307 -47.640904 0.380117 -0.069217 0.089320 0.918010
8352.000000 -34.078259 26.855229 -45.948799 0.393653 -0.063406 0.085384 0.913086
8353.000000 -34.810214 28.009509 -44.264738 0.405945 -0.057258 0.081407 0.908462
8354.000000 -35.328546 28.896044 -42.777382 0.416059 -0.052298 0.078156 0.904462
8355.000000 -35.555199 29.553557 -41.698982 0.423190 -0.050426 0.076593 0.901388
8356.000000 -35.328115 29.944905 -41.190538 0.426985 -0.053222 0.077521 0.899356
8357.000000 -34.661073 30.062805 -41.287090 0.427623 -0.061287 0.081230 0.898212
8358.000000 -33.494995 29.998731 -41.875655 0.425737 -0.074120 0.087422 0.897559
8359.000000 -31.959193 29.834147 -42.767164 0.422321 -0.090563 0.095432 0.896848
8360.000000 -30.130674 29.714126 -43.752421 0.418520 -0.109295 0.104479 0.895533
8361.000000 -28.240179 29.595737 -44.672773 0.415182 -0.128933 0.113791 0.893337
8362.000000 -26.332085 29.551567 -45.425948 0.412198 -0.147812 0.122656 0.890618
8363.000000 -24.687696 29.334137 -46.055187 0.407971 -0.163894 0.130558 0.888624
8364.000000 -23.422747 28.652839 -46.712739 0.399475 -0.175099 0.137395 0.889316
8365.000000 -22.642630 27.065136 -47.597976 0.383141 -0.179916 0.143568 0.894551
8366.000000 -22.384129 24.278803 -48.781827 0.356427 -0.177955 0.149713 0.904919
8367.000000 -22.521580 20.366277 -50.106843 0.319451 -0.170214 0.156230 0.919005
8368.000000 -22.911174 15.616179 -51.226883 0.275789 -0.158970 0.162961 0.933870
8369.000000 -23.325088 10.758998 -51.860995 0.231665 -0.147218 0.169290 0.946572
8370.000000 -23.586667 6.610570 -52.008048 0.193617 -0.137727 0.174559 0.955549
8371.000000 -23.660820 3.581031 -51.844101 0.165914 -0.132112 0.178407 0.960828
8372.000000 -23.520073 1.774232 -51.568895 0.149306 -0.130444 0.180860 0.963318
8373.000000 -23.262440 0.991659 -51.273682 0.141631 -0.131583 0.182203 0.964069
8374.000000 -22.983299 0.813694 -50.968217 0.139536 -0.133963 0.182804 0.963933
8375.000000 -22.748969 0.913509 -50.633112 0.140115 -0.136340 0.182980 0.963482
8376.000000 -22.601517 1.109174 -50.260766 0.141690 -0.138148 0.182930 0.963003
8377.000000 -22.505937 1.338268 -49.855639 0.143700 -0.139357 0.182738 0.962568
8378.000000 -22.489500 1.588613 -49.421416 0.146142 -0.140052 0.182411 0.962161
8379.000000 -22.533802 1.862591 -48.950940 0.149017 -0.140076 0.181930 0.961808
8380.000000 -22.699480 2.136704 -48.430056 0.152011 -0.139044 0.181295 0.961609
8381.000000 -22.954107 2.311230 -47.860727 0.154363 -0.136791 0.180610 0.961686
8382.000000 -23.222220 2.319621 -47.287919 0.154870 -0.133955 0.180155 0.962089
8383.000000 -23.326077 2.026747 -46.806320 0.152074 -0.132186 0.180384 0.962737
8384.000000 -23.058208 1.373507 -46.524742 0.144710 -0.133624 0.181767 0.963413
8385.000000 -22.293455 0.347855 -46.496173 0.132349 -0.139806 0.184499 0.963794
8386.000000 -21.019355 -0.950125 -46.662042 0.115876 -0.150665 0.188319 0.963540
8387.000000 -19.445905 -2.397033 -46.878037 0.097363 -0.164383 0.192602 0.962498
8388.000000 -17.834632 -3.806433 -47.003636 0.079194 -0.178306 0.196697 0.960857
8389.000000 -16.399356 -5.106276 -46.968011 0.062880 -0.190299 0.200256 0.959025
8390.000000 -15.206432 -6.273271 -46.778960 0.048303 -0.199586 0.203347 0.957331
8391.000000 -14.284326 -7.485985 -46.463426 0.033907 -0.206627 0.206349 0.955812
8392.000000 -13.424024 -8.839747 -46.042977 0.017684 -0.212453 0.209704 0.954241
8393.000000 -12.525956 -10.463498 -45.516224 -0.001703 -0.218119 0.213669 0.952243
8394.000000 -11.506566 -12.344991 -44.877447 -0.024288 -0.224592 0.218162 0.949407
8395.000000 -10.259411 -14.321543 -44.140130 -0.048923 -0.232805 0.222799 0.945394
8396.000000 -8.825647 -16.264567 -43.335880 -0.073942 -0.243503 0.227055 0.940045
8397.000000 -7.203757 -18.039763 -42.497895 -0.097920 -0.256908 0.230495 0.933425
8398.000000 -5.423879 -19.582743 -41.636586 -0.120111 -0.272559 0.232939 0.925756
8399.000000 -3.600954 -20.912607 -40.743269 -0.140488 -0.289549 0.234484 0.917301
8400.000000 -1.784186 -22.105496 -39.790347 -0.159508 -0.307027 0.235384 0.908232
8401.000000 0.014325 -23.192222 -38.752062 -0.177827 -0.324581 0.235888 0.898544
8402.000000 1.794631 -24.280880 -37.601573 -0.196038 -0.342292 0.236122 0.888061
8403.000000 3.564284 -25.302154 -36.325319 -0.214491 -0.360486 0.236065 0.876537
8404.000000 5.362311 -26.331347 -34.910145 -0.233211 -0.379434 0.235594 0.863792
8405.000000 7.168486 -27.280399 -33.367843 -0.251874 -0.399161 0.234542 0.849835
8406.000000 8.927249 -28.163864 -31.736942 -0.269765 -0.419350 0.232724 0.834992
8407.000000 10.586377 -28.861178 -30.110302 -0.285676 -0.439288 0.229956 0.820083
8408.000000 12.029038 -29.304509 -28.647631 -0.297888 -0.457859 0.226071 0.806548
8409.000000 13.137170 -29.466909 -27.555493 -0.304410 -0.473753 0.220908 0.796299
8410.000000 13.896067 -29.187199 -27.032766 -0.303515 -0.485965 0.214214 0.791094
8411.000000 14.295349 -28.491017 -27.178541 -0.294296 -0.494387 0.205492 0.791672
8412.000000 14.429076 -27.333541 -27.940047 -0.276959 -0.500140 0.193992 0.797196
8413.000000 14.403082 -25.651119 -29.113332 -0.252776 -0.505297 0.179032 0.805436
8414.000000 14.443099 -23.582691 -30.426863 -0.223870 -0.511926 0.160612 0.813645
8415.000000 14.685370 -21.228913 -31.603815 -0.193020 -0.520866 0.139931 0.819671
8416.000000 15.067760 -18.932155 -32.463694 -0.163437 -0.531123 0.119316 0.822776
8417.000000 15.500270 -16.921684 -32.935983 -0.138295 -0.540493 0.101471 0.823678
8418.000000 15.847385 -15.387474 -33.069337 -0.120007 -0.547065 0.088465 0.823707
8419.000000 16.074390 -14.529964 -32.931109 -0.109601 -0.550469 0.081096 0.823647
8420.000000 16.192078 -14.257512 -32.555082 -0.106610 -0.552002 0.078868 0.823230
8421.000000 16.345509 -14.454243 -31.949226 -0.109487 -0.553644 0.080439 0.821597
8422.000000 16.602843 -14.914753 -31.135762 -0.116185 -0.556782 0.084205 0.818171
8423.000000 16.994543 -15.482060 -30.175438 -0.124667 -0.561552 0.088774 0.813165
8424.000000 17.458317 -16.055234 -29.159708 -0.133258 -0.567080 0.093209 0.807450
8425.000000 17.877304 -16.543554 -28.182144 -0.140860 -0.572218 0.097047 0.802064
8426.000000 18.189821 -16.918292 -27.304410 -0.146973 -0.576178 0.100163 0.797737
8427.000000 18.404069 -17.205929 -26.545385 -0.151539 -0.578766 0.102587 0.794696
8428.000000 18.535736 -17.396704 -25.894607 -0.154697 -0.580248 0.104349 0.792775
8429.000000 18.605426 -17.502499 -25.334261 -0.156561 -0.581020 0.105418 0.791702
8430.000000 18.618879 -17.539557 -24.859988 -0.157086 -0.581290 0.105704 0.791361
8431.000000 18.584613 -17.480827 -24.490344 -0.156025 -0.580932 0.105072 0.791918
8432.000000 18.488788 -17.310510 -24.258361 -0.152930 -0.579589 0.103313 0.793735
8433.000000 18.292258 -17.001378 -24.203551 -0.147235 -0.576915 0.100126 0.797161
8434.000000 17.987328 -16.510584 -24.342411 -0.138414 -0.572805 0.095156 0.802297
8435.000000 17.607485 -15.842533 -24.658020 -0.126194 -0.567530 0.088114 0.808839
8436.000000 17.182516 -14.977243 -25.094669 -0.110704 -0.561759 0.078907 0.816054
8437.000000 16.759762 -13.913993 -25.563279 -0.092474 -0.556494 0.067686 0.822910
8438.000000 16.458117 -12.713078 -25.972829 -0.072247 -0.552910 0.054788 0.828293
8439.000000 16.326733 -11.401936 -26.240846 -0.050716 -0.552094 0.040622 0.831246
8440.000000 16.415145 -10.004188 -26.314396 -0.028362 -0.554722 0.025574 0.831159
8441.000000 16.753333 -8.586049 -26.172130 -0.005497 -0.560768 0.010013 0.827894
8442.000000 17.274144 -7.154143 -25.821374 0.017492 -0.569404 -0.005631 0.821852
8443.000000 17.880910 -5.808431 -25.303430 0.039940 -0.579217 -0.020817 0.813928
8444.000000 18.490348 -4.562113 -24.674470 0.060965 -0.588682 -0.034967 0.805304
8445.000000 19.025178 -3.461987 -24.003484 0.079813 -0.596669 -0.047662 0.797085
8446.000000 19.467269 -2.521644 -23.343183 0.096203 -0.602685 -0.058808 0.789973
8447.000000 19.747704 -1.716090 -22.718733 0.110405 -0.606808 -0.068643 0.784144
8448.000000 19.981146 -1.036358 -22.134433 0.122999 -0.609420 -0.077565 0.779398
8449.000000 20.123095 -0.418667 -21.579888 0.134557 -0.610932 -0.085940 0.775416
8450.000000 20.224297 0.161159 -21.047594 0.145459 -0.611598 -0.094015 0.771978
8451.000000 20.298909 0.697875 -20.539823 0.155913 -0.611423 -0.101962 0.769063
8452.000000 20.294035 1.222859 -20.071833 0.166038 -0.610164 -0.109962 0.766838
8453.000000 20.230924 1.741483 -19.659931 0.175930 -0.607461 -0.118228 0.765547
8454.000000 20.096657 2.226381 -19.316430 0.185656 -0.603095 -0.126917 0.765311
8455.000000 19.920793 2.731064 -19.026604 0.195229 -0.597280 -0.135989 0.765930
8456.000000 19.698141 3.217794 -18.749047 0.204574 -0.590816 -0.145112 0.766830
8457.000000 19.518499 3.677590 -18.429335 0.213540 -0.584913 -0.153705 0.767236
8458.000000 19.420100 4.081915 -18.022133 0.221900 -0.580755 -0.161117 0.766502
8459.000000 19.384054 4.430275 -17.509260 0.229367 -0.579037 -0.166838 0.764377
8460.000000 19.465318 4.689582 -16.901521 0.235622 -0.579733 -0.170648 0.761099
8461.000000 19.593663 4.863803 -16.244898 0.240391 -0.582122 -0.172680 0.757316
8462.000000 19.747221 4.942203 -15.599282 0.243529 -0.585009 -0.173389 0.753919
8463.000000 19.821228 5.014691 -15.029249 0.245031 -0.587094 -0.173390 0.751809
8464.000000 19.811836 5.010838 -14.579164 0.244959 -0.587409 -0.173189 0.751632
8465.000000 19.784394 4.959746 -14.268143 0.243363 -0.585641 -0.172971 0.753578
8466.000000 19.655410 4.876613 -14.070375 0.240324 -0.582092 -0.172629 0.757372
8467.000000 19.459715 4.773367 -13.951948 0.236062 -0.577334 -0.172025 0.762474
8468.000000 19.208163 4.683770 -13.884619 0.231001 -0.571792 -0.171227 0.768358
8469.000000 18.980333 4.530411 -13.849790 0.225711 -0.565471 -0.170594 0.774723
8470.000000 18.715163 4.414987 -13.847796 0.220799 -0.557923 -0.170690 0.781559
8471.000000 18.354049 4.373411 -13.897962 0.216779 -0.548483 -0.172090 0.789024
8472.000000 17.956807 4.349037 -14.006427 0.213864 -0.536738 -0.175053 0.797202
8473.000000 17.526422 4.371762 -14.164928 0.211662 -0.522973 -0.179189 0.805971
8474.000000 17.057363 4.372042 -14.349253 0.208950 -0.508191 -0.183380 0.815141
8475.000000 16.523561 4.304465 -14.544900 0.203849 -0.493564 -0.186156 0.824734
8476.000000 16.000156 4.115241 -14.764049 0.194526 -0.479697 -0.186375 0.835054
8477.000000 15.453037 3.762954 -15.021601 0.180177 -0.466284 -0.183788 0.846367
8478.000000 14.883900 3.279304 -15.316656 0.161697 -0.452436 -0.179144 0.858524
8479.000000 14.245988 2.749054 -15.616255 0.141525 -0.437444 -0.173795 0.870867
8480.000000 13.593687 2.216137 -15.871443 0.122670 -0.421377 -0.169096 0.882497
8481.000000 12.966592 1.790964 -16.042544 0.107529 -0.405060 -0.165925 0.892655
8482.000000 12.382273 1.528386 -16.109415 0.097191 -0.389489 -0.164542 0.900987
8483.000000 11.843592 1.401258 -16.081831 0.091476 -0.375142 -0.164759 0.907610
8484.000000 11.374022 1.429506 -15.984572 0.089435 -0.361718 -0.166212 0.912982
8485.000000 10.956581 1.501615 -15.850057 0.089893 -0.348421 -0.168540 0.917669
8486.000000 10.513950 1.640819 -15.705442 0.091775 -0.334493 -0.171442 0.922117
8487.000000 10.065063 1.805024 -15.561437 0.094186 -0.319547 -0.174648 0.926562
8488.000000 9.572619 1.970899 -15.424010 0.096325 -0.303514 -0.177900 0.931103
8489.000000 9.085049 2.088192 -15.295954 0.097336 -0.286417 -0.180937 0.935817
8490.000000 8.502769 2.179471 -15.178323 0.096272 -0.268332 -0.183495 0.940776
8491.000000 7.911433 2.159298 -15.071249 0.092308 -0.249614 -0.185331 0.945952
8492.000000 7.382514 2.054097 -14.965147 0.085090 -0.231000 -0.186287 0.951155
8493.000000 6.787119 1.891631 -14.843388 0.074919 -0.213180 -0.186388 0.956139
8494.000000 6.210528 1.638069 -14.696727 0.062559 -0.195930 -0.185870 0.960807
8495.000000 5.622048 1.358668 -14.540599 0.048835 -0.177533 -0.185102 0.965316
8496.000000 4.906602 1.051175 -14.390184 0.034374 -0.155274 -0.184389 0.969902
8497.000000 4.044035 0.820676 -14.249332 0.019652 -0.126998 -0.183832 0.974521
8498.000000 3.104319 0.601489 -14.094003 0.005227 -0.092781 -0.183322 0.978651
8499.000000 2.108277 0.413291 -13.877204 -0.008126 -0.055539 -0.182698 0.981566
8500.000000 1.105421 0.288113 -13.562934 -0.019483 -0.020040 -0.181923 0.982915
8501.000000 0.333004 0.221459 -13.169425 -0.028016 0.009042 -0.181128 0.983019
8502.000000 -0.199572 0.166133 -12.736316 -0.033240 0.028837 -0.180500 0.982590
8503.000000 -0.484134 0.165492 -12.293028 -0.035123 0.038902 -0.180140 0.982244
8504.000000 -0.549720 0.194004 -11.854328 -0.034047 0.040741 -0.180031 0.982227
8505.000000 -0.458640 0.242885 -11.420592 -0.030768 0.036761 -0.180082 0.982483
8506.000000 -0.300545 0.318500 -10.988641 -0.026463 0.029321 -0.180212 0.982834
8507.000000 -0.100933 0.342897 -10.553998 -0.022723 0.020295 -0.180382 0.983125
8508.000000 0.082692 0.325981 -10.117137 -0.021182 0.011187 -0.180573 0.983270
8509.000000 0.206282 0.288283 -9.680896 -0.022759 0.003413 -0.180753 0.983259
8510.000000 0.294484 0.218292 -9.244969 -0.027037 -0.001723 -0.180871 0.983134
8511.000000 0.310139 0.137725 -8.809842 -0.032377 -0.003485 -0.180885 0.982965
8512.000000 0.291068 0.079541 -8.375449 -0.036815 -0.002201 -0.180800 0.982828
8513.000000 0.265713 0.020179 -7.941984 -0.039112 0.000800 -0.180665 0.982766
8514.000000 0.221229 0.012977 -7.506512 -0.039205 0.003939 -0.180540 0.982778
8515.000000 0.170238 0.034373 -7.070606 -0.037930 0.006311 -0.180450 0.982832
8516.000000 0.141274 0.076856 -6.633366 -0.036399 0.008054 -0.180385 0.982889
8517.000000 0.125411 0.076725 -6.196679 -0.035496 0.009898 -0.180316 0.982918
8518.000000 0.105573 0.078586 -5.759698 -0.035561 0.012291 -0.180228 0.982905
8519.000000 0.086946 0.090184 -5.323073 -0.036201 0.014791 -0.180138 0.982864
8520.000000 0.080756 0.092135 -4.886001 -0.036323 0.016164 -0.180087 0.982847
8521.000000 0.097062 0.105073 -4.448039 -0.034539 0.015093 -0.180115 0.982923
8522.000000 0.127325 0.149609 -4.008929 -0.029831 0.010954 -0.180231 0.983111
8523.000000 0.135716 0.149706 -3.570786 -0.022009 0.004087 -0.180399 0.983339
8524.000000 0.200442 0.203618 -3.130252 -0.011617 -0.004623 -0.180572 0.983482
8525.000000 0.261165 0.248632 -2.683036 0.000596 -0.014440 -0.180719 0.983428
8526.000000 0.318141 0.288271 -2.232551 0.014060 -0.025136 -0.180823 0.983094
8527.000000 0.344178 0.335639 -1.779505 0.028264 -0.036708 -0.180858 0.982418
8528.000000 0.386362 0.346764 -1.324160 0.042324 -0.048742 -0.180797 0.981400
8529.000000 0.370409 0.334611 -0.873685 0.054821 -0.060045 -0.180647 0.980182
8530.000000 0.372260 0.360202 -0.423404 0.064206 -0.068957 -0.180466 0.979058
8531.000000 0.377899 0.360911 0.021202 0.069513 -0.074183 -0.180338 0.978337
8532.000000 0.383979 0.374810 0.242632 0.069448 -0.079173 -0.175439 0.978841
8533.000000 0.363708 0.392500 0.247635 0.064145 -0.094054 -0.155906 0.981189
8534.000000 0.342652 0.409583 0.251730 0.058801 -0.108876 -0.136273 0.982913
8535.000000 0.355759 0.377220 -0.100443 0.057548 -0.103138 -0.136573 0.983564
8536.000000 0.363872 0.375544 -0.457534 0.054337 -0.091246 -0.137131 0.984844
8537.000000 0.365785 0.349842 -0.819717 0.048552 -0.074997 -0.137753 0.986429
8538.000000 0.374111 0.352229 -1.182023 0.040209 -0.057735 -0.138227 0.987898
8539.000000 0.336766 0.353483 -1.547641 0.030095 -0.042374 -0.138460 0.989003
8540.000000 0.294624 0.329492 -1.910713 0.019345 -0.030191 -0.138498 0.989713
8541.000000 0.273828 0.288504 -2.270623 0.008751 -0.020812 -0.138434 0.990114
8542.000000 0.231148 0.253770 -2.628684 -0.001551 -0.013012 -0.138330 0.990300
8543.000000 0.178737 0.217054 -2.984986 -0.011741 -0.005606 -0.138205 0.990318
8544.000000 0.123446 0.144329 -3.338551 -0.021634 0.001918 -0.138057 0.990186
8545.000000 0.081579 0.127529 -3.688415 -0.030342 0.009135 -0.137887 0.989941
8546.000000 0.067221 0.114770 -4.037697 -0.036612 0.014897 -0.137727 0.989681
8547.000000 0.043873 0.080729 -4.387048 -0.039623 0.018012 -0.137628 0.989527
8548.000000 0.038937 0.077245 -4.735718 -0.039593 0.018020 -0.137626 0.989529
8549.000000 0.058609 0.093924 -5.083945 -0.037727 0.015538 -0.137708 0.989632
8550.000000 0.092304 0.104841 -5.431563 -0.035578 0.011941 -0.137828 0.989745
8551.000000 0.124601 0.103735 -5.779320 -0.034304 0.008679 -0.137938 0.989809
8552.000000 0.142806 0.101555 -6.127716 -0.034326 0.006680 -0.138006 0.989814
8553.000000 0.143074 0.102031 -6.476162 -0.035472 0.006047 -0.138030 0.989774
8554.000000 0.140996 0.071997 -6.825221 -0.037342 0.006061 -0.138032 0.989705
8555.000000 0.157923 0.031296 -7.173946 -0.039510 0.005491 -0.138054 0.989621
8556.000000 0.200262 0.003138 -7.521682 -0.041410 0.003264 -0.138141 0.989541
8557.000000 0.257842 -0.012054 -7.868810 -0.042146 -0.000759 -0.138306 0.989492
8558.000000 0.315652 0.029136 -8.213155 -0.040666 -0.005434 -0.138517 0.989510
8559.000000 0.356344 0.095298 -8.557924 -0.036401 -0.008809 -0.138704 0.989626
8560.000000 0.379705 0.190524 -8.903616 -0.029941 -0.009174 -0.138800 0.989825
8561.000000 0.340586 0.304101 -9.249653 -0.023105 -0.005940 -0.138785 0.990035
8562.000000 0.236071 0.388955 -9.596690 -0.018180 0.000235 -0.138685 0.990170
8563.000000 0.099438 0.431693 -9.945546 -0.016772 0.008035 -0.138553 0.990180
8564.000000 -0.052866 0.402037 -10.294528 -0.019042 0.016266 -0.138434 0.990055
8565.000000 -0.235742 0.349178 -10.643497 -0.023811 0.024272 -0.138341 0.989801
8566.000000 -0.411121 0.266309 -10.989387 -0.029366 0.031828 -0.138256 0.989449
8567.000000 -0.560184 0.167656 -11.331886 -0.034323 0.038685 -0.138160 0.989059
8568.000000 -0.688998 0.106111 -11.674064 -0.037969 0.044092 -0.138064 0.988713
8569.000000 -0.745486 0.074013 -12.018961 -0.039998 0.046611 -0.138028 0.988522
8570.000000 -0.671175 0.065719 -12.370467 -0.040071 0.044314 -0.138139 0.988609
8571.000000 -0.423943 0.094600 -12.728697 -0.037673 0.035301 -0.138470 0.989020
8572.000000 0.031404 0.183406 -13.082666 -0.032362 0.018328 -0.139048 0.989587
8573.000000 0.690321 0.299299 -13.411160 -0.024116 -0.006646 -0.139820 0.989861
8574.000000 1.557643 0.442316 -13.681910 -0.013410 -0.038093 -0.140660 0.989234
8575.000000 2.542020 0.655228 -13.872201 -0.001008 -0.072885 -0.141426 0.987262
8576.000000 3.459193 0.890241 -13.987737 0.012283 -0.106847 -0.142064 0.983997
8577.000000 4.260695 1.141805 -14.072189 0.025741 -0.136023 -0.142660 0.980042
8578.000000 4.918791 1.394340 -14.171662 0.038805 -0.158208 -0.143372 0.976170
8579.000000 5.426455 1.670632 -14.307616 0.051222 -0.173780 -0.144301 0.972807
8580.000000 5.807487 1.980059 -14.469373 0.063114 -0.185235 -0.145406 0.969826
8581.000000 6.149777 2.257009 -14.626387 0.074722 -0.195740 -0.146511 0.966766
8582.000000 6.536568 2.524155 -14.752817 0.085931 -0.207670 -0.147351 0.963212
8583.000000 7.047998 2.744512 -14.839470 0.096014 -0.221850 -0.147640 0.959044
8584.000000 7.516443 2.888033 -14.898420 0.103931 -0.237652 -0.147185 0.954493
8585.000000 7.980242 2.970670 -14.961732 0.108975 -0.253734 -0.145969 0.949967
8586.000000 8.457958 2.977816 -15.044657 0.111207 -0.268989 -0.144145 0.945780
8587.000000 8.929544 2.906966 -15.149852 0.111349 -0.283140 -0.141915 0.941962
8588.000000 9.314785 2.810840 -15.264848 0.110292 -0.296584 -0.139439 0.938313
8589.000000 9.710964 2.706297 -15.376235 0.108678 -0.309726 -0.136820 0.934633
8590.000000 10.103595 2.589728 -15.484405 0.106823 -0.322507 -0.134160 0.930902
8591.000000 10.471869 2.472332 -15.597965 0.104914 -0.334506 -0.131585 0.927246
8592.000000 10.826448 2.363487 -15.722169 0.103222 -0.345389 -0.129245 0.923768
8593.000000 11.134718 2.302853 -15.856062 0.102187 -0.355244 -0.127289 0.920412
8594.000000 11.435282 2.268724 -15.982946 0.102393 -0.364648 -0.125847 0.916903
8595.000000 11.800315 2.282415 -16.073521 0.104529 -0.374509 -0.125053 0.912786
8596.000000 12.214840 2.413117 -16.097998 0.109394 -0.385689 -0.125094 0.907540
8597.000000 12.683493 2.650113 -16.033418 0.117817 -0.398485 -0.126277 0.900768
8598.000000 13.209575 3.012543 -15.873226 0.130380 -0.412329 -0.128964 0.892387
8599.000000 13.742962 3.515066 -15.636308 0.146963 -0.426018 -0.133355 0.882682
8600.000000 14.262110 4.106469 -15.354723 0.166364 -0.438405 -0.139192 0.872210
8601.000000 14.726500 4.687113 -15.068372 0.186340 -0.449016 -0.145603 0.861662
8602.000000 15.123359 5.206807 -14.815486 0.204231 -0.458231 -0.151285 0.851720
8603.000000 15.486331 5.578043 -14.619072 0.217912 -0.467018 -0.154960 0.842850
8604.000000 15.857422 5.811489 -14.476376 0.226565 -0.476520 -0.155838 0.835052
8605.000000 16.249278 5.870951 -14.351334 0.230845 -0.487590 -0.153890 0.827819
8606.000000 16.693311 5.854334 -14.207335 0.232386 -0.500340 -0.149845 0.820489
8607.000000 17.122482 5.801346 -14.032219 0.233015 -0.513894 -0.144965 0.812775
8608.000000 17.514429 5.778870 -13.855784 0.234098 -0.526676 -0.140608 0.805009
8609.000000 17.855165 5.778871 -13.728486 0.236277 -0.537268 -0.137723 0.797840
8610.000000 18.142464 5.853981 -13.674202 0.239567 -0.545221 -0.136534 0.791644
8611.000000 18.381661 5.936180 -13.678342 0.243665 -0.551150 -0.136647 0.786249
8612.000000 18.562084 6.064144 -13.710081 0.248257 -0.556058 -0.137480 0.781196
8613.000000 18.741349 6.200743 -13.745163 0.253127 -0.560598 -0.138632 0.776169
8614.000000 18.873388 6.360220 -13.776932 0.258049 -0.564930 -0.139890 0.771165
8615.000000 19.086705 6.457331 -13.823634 0.262646 -0.569066 -0.141007 0.766354
8616.000000 19.248828 6.561771 -13.895572 0.266444 -0.573027 -0.141661 0.761958
8617.000000 19.366176 6.629112 -14.010123 0.269094 -0.576590 -0.141729 0.758317
8618.000000 19.463311 6.664052 -14.205317 0.270558 -0.579064 -0.141518 0.755947
8619.000000 19.447838 6.695027 -14.512138 0.271015 -0.579629 -0.141552 0.755344
8620.000000 19.408990 6.682710 -14.946583 0.270590 -0.578009 -0.142052 0.756643
8621.000000 19.294156 6.623857 -15.478394 0.269189 -0.574806 -0.142663 0.759462
8622.000000 19.129468 6.567995 -16.060437 0.266610 -0.571147 -0.142705 0.763115
8623.000000 18.966015 6.427535 -16.644429 0.262773 -0.568071 -0.141633 0.766933
8624.000000 18.859783 6.237586 -17.196318 0.257822 -0.566247 -0.139237 0.770393
8625.000000 18.813762 5.993842 -17.687506 0.252032 -0.566139 -0.135495 0.773051
8626.000000 18.881373 5.688685 -18.090048 0.245655 -0.568143 -0.130413 0.774506
8627.000000 19.013045 5.352220 -18.392877 0.238867 -0.572399 -0.124063 0.774539
8628.000000 19.237357 4.993659 -18.605096 0.231793 -0.578486 -0.116730 0.773305
8629.000000 19.501511 4.615814 -18.765383 0.224542 -0.585415 -0.108907 0.771369
8630.000000 19.768685 4.222092 -18.925994 0.217188 -0.592012 -0.101122 0.769497
8631.000000 19.966520 3.836011 -19.130859 0.209758 -0.597395 -0.093722 0.768334
8632.000000 20.120273 3.452222 -19.402817 0.202233 -0.601211 -0.086809 0.768187
8633.000000 20.180775 3.064340 -19.736627 0.194584 -0.603573 -0.080295 0.769019
8634.000000 20.200868 2.667437 -20.117637 0.186770 -0.604843 -0.074007 0.770587
8635.000000 20.211972 2.247576 -20.524654 0.178735 -0.605412 -0.067762 0.772618
8636.000000 20.175294 1.816650 -20.944752 0.170423 -0.605561 -0.061419 0.774906
8637.000000 20.125233 1.360065 -21.368461 0.161803 -0.605410 -0.054916 0.777357
8638.000000 20.070378 0.870975 -21.797345 0.152878 -0.604929 -0.048258 0.779974
8639.000000 19.987926 0.370232 -22.235588 0.143612 -0.603978 -0.041448 0.782859
8640.000000 19.854937 -0.171447 -22.693663 0.133789 -0.602330 -0.034367 0.786205
8641.000000 19.695843 -0.797034 -23.182587 0.122921 -0.599690 -0.026699 0.790284
8642.000000 19.436588 -1.530229 -23.707742 0.110346 -0.595715 -0.017997 0.795377
8643.000000 19.070158 -2.405853 -24.265481 0.095539 -0.590113 -0.007898 0.801609
8644.000000 18.640692 -3.430515 -24.832426 0.078476 -0.582858 0.003638 0.808767
8645.000000 18.146016 -4.568654 -25.367369 0.059755 -0.574407 0.016255 0.816224
8646.000000 17.651974 -5.751475 -25.820803 0.040324 -0.565729 0.029364 0.823081
8647.000000 17.235708 -6.986349 -26.154897 0.021012 -0.558051 0.042419 0.828455
8648.000000 16.965657 -8.170096 -26.339201 0.002208 -0.552452 0.055107 0.831718
8649.000000 16.867640 -9.305213 -26.361731 -0.016092 -0.549563 0.067334 0.832579
8650.000000 16.979435 -10.425266 -26.225578 -0.034014 -0.549519 0.079081 0.831034
8651.000000 17.245568 -11.477932 -25.945458 -0.051535 -0.552046 0.090264 0.827310
8652.000000 17.640143 -12.452740 -25.553518 -0.068389 -0.556570 0.100686 0.821837
8653.000000 18.096782 -13.355508 -25.102586 -0.084101 -0.562336 0.110083 0.815222
8654.000000 18.592563 -14.121919 -24.651559 -0.098108 -0.568540 0.118185 0.808189
8655.000000 19.028909 -14.749179 -24.264192 -0.109900 -0.574471 0.124789 0.801457
8656.000000 19.403054 -15.233647 -23.993098 -0.119173 -0.579587 0.129826 0.795627
8657.000000 19.702953 -15.586374 -23.867755 -0.125922 -0.583541 0.133405 0.791092
8658.000000 19.883919 -15.817013 -23.892891 -0.130437 -0.586178 0.135788 0.787999
8659.000000 19.999370 -15.963077 -24.054126 -0.133156 -0.587528 0.137285 0.786278
8660.000000 20.019651 -16.036223 -24.330075 -0.134469 -0.587779 0.138125 0.785719
8661.000000 19.984731 -16.045246 -24.694316 -0.134605 -0.587237 0.138379 0.786057
8662.000000 19.926798 -15.998436 -25.129811 -0.133671 -0.586245 0.138023 0.787019
8663.000000 19.835348 -15.889619 -25.614942 -0.131814 -0.585112 0.137067 0.788341
8664.000000 19.723046 -15.750735 -26.127178 -0.129329 -0.584027 0.135660 0.789800
8665.000000 19.649011 -15.590074 -26.648749 -0.126549 -0.582961 0.134041 0.791312
8666.000000 19.521939 -15.417262 -27.196718 -0.123517 -0.581515 0.132353 0.793137
8667.000000 19.279570 -15.171513 -27.829283 -0.119679 -0.578835 0.130448 0.795997
8668.000000 18.859732 -14.827125 -28.637643 -0.113888 -0.573790 0.127842 0.800907
8669.000000 18.177559 -14.280039 -29.694982 -0.104810 -0.565521 0.123835 0.808620
8670.000000 17.201294 -13.429267 -30.997947 -0.091505 -0.554099 0.117746 0.818985
8671.000000 16.058716 -12.246599 -32.447162 -0.073839 -0.540828 0.109150 0.830746
8672.000000 14.889145 -10.721467 -33.895426 -0.052480 -0.527894 0.098040 0.841999
8673.000000 13.859854 -8.904147 -35.200096 -0.028512 -0.517516 0.084817 0.850982
8674.000000 13.148096 -6.856055 -36.278026 -0.002852 -0.511182 0.070026 0.856610
8675.000000 12.849817 -4.572045 -37.095753 0.024278 -0.509426 0.053971 0.858477
8676.000000 12.941777 -2.018916 -37.640359 0.053651 -0.512005 0.036405 0.856532
8677.000000 13.390032 0.910587 -37.878570 0.086923 -0.517991 0.016497 0.850798
8678.000000 14.042040 4.375211 -37.744582 0.125862 -0.525607 -0.006811 0.841338
8679.000000 14.699777 8.416369 -37.136296 0.170928 -0.532277 -0.034041 0.828436
8680.000000 15.226906 12.692386 -36.003709 0.219828 -0.535444 -0.064255 0.812925
8681.000000 15.492004 16.700222 -34.483815 0.267292 -0.533958 -0.094604 0.796551
8682.000000 15.532493 19.977468 -32.972291 0.306820 -0.528858 -0.121022 0.782000
8683.000000 15.392678 22.166505 -31.926185 0.333482 -0.522512 -0.139982 0.772124
8684.000000 15.103272 23.211491 -31.643800 0.345821 -0.516691 -0.150242 0.768678
8685.000000 14.661255 23.302180 -32.128456 0.345849 -0.511291 -0.153340 0.771658
8686.000000 14.009416 22.762816 -33.162968 0.337602 -0.504731 -0.152525 0.779748
8687.000000 13.028292 21.910894 -34.479917 0.325196 -0.495360 -0.150918 0.791258
8688.000000 11.734409 20.955384 -35.883961 0.311310 -0.482641 -0.150133 0.804738
8689.000000 10.220796 19.908953 -37.262897 0.296810 -0.467374 -0.150129 0.819101
8690.000000 8.533451 18.842286 -38.589020 0.281560 -0.451062 -0.150089 0.833511
8691.000000 6.860208 17.664497 -39.818881 0.265655 -0.435019 -0.149472 0.847256
8692.000000 5.219436 16.530452 -40.914734 0.250061 -0.419806 -0.148505 0.859755
8693.000000 3.673475 15.512005 -41.835827 0.236269 -0.405196 -0.147937 0.870694
8694.000000 2.144379 14.719930 -42.568917 0.225481 -0.390505 -0.148500 0.880120
8695.000000 0.560735 14.277170 -43.117798 0.218177 -0.375022 -0.150579 0.888304
8696.000000 -1.059556 14.208792 -43.490563 0.214309 -0.358425 -0.154186 0.895450
8697.000000 -2.677859 14.447743 -43.693583 0.213650 -0.340999 -0.159080 0.901536
8698.000000 -4.234308 14.915825 -43.743717 0.215840 -0.323482 -0.164857 0.906419
8699.000000 -5.740561 15.605696 -43.676481 0.220277 -0.306615 -0.171060 0.910057
8700.000000 -7.097637 16.436681 -43.522939 0.226265 -0.290848 -0.177316 0.912563
8701.000000 -8.252168 17.338560 -43.306552 0.233387 -0.276464 -0.183398 0.914037
8702.000000 -9.200044 18.307936 -43.049590 0.241599 -0.263886 -0.189146 0.914449
8703.000000 -9.957586 19.324410 -42.787331 0.250767 -0.253719 -0.194322 0.913773
8704.000000 -10.401529 20.249672 -42.576273 0.259940 -0.246476 -0.198540 0.912284
8705.000000 -10.653551 20.960661 -42.521393 0.267020 -0.242287 -0.201321 0.910751
8706.000000 -10.734560 21.142918 -42.730446 0.269205 -0.240717 -0.202273 0.910313
8707.000000 -10.840799 20.673347 -43.269908 0.264117 -0.240568 -0.201371 0.912041
8708.000000 -11.197642 19.498481 -44.071040 0.251065 -0.239769 -0.199176 0.916409
8709.000000 -11.989307 17.817053 -44.936681 0.231709 -0.235796 -0.196742 0.923041
8710.000000 -13.230665 15.999438 -45.625112 0.209531 -0.226839 -0.195117 0.930898
8711.000000 -14.927147 14.281504 -46.020089 0.188197 -0.213072 -0.194745 0.938753
8712.000000 -16.761615 12.876723 -46.141551 0.169837 -0.196987 -0.195267 0.945633
8713.000000 -18.369134 11.719921 -46.160960 0.154459 -0.182365 -0.195829 0.951071
8714.000000 -19.543198 10.639165 -46.288806 0.140749 -0.172515 -0.195634 0.955068
8715.000000 -20.117542 9.477851 -46.638741 0.127386 -0.168873 -0.194326 0.957858
8716.000000 -20.189195 8.174772 -47.195140 0.113873 -0.170687 -0.192058 0.959694
8717.000000 -19.995562 6.849339 -47.852915 0.100585 -0.175738 -0.189301 0.960814
8718.000000 -19.663470 5.560280 -48.503783 0.088442 -0.181545 -0.186589 0.961459
8719.000000 -19.377170 4.525285 -49.075165 0.078580 -0.186391 -0.184352 0.961820
8720.000000 -19.173841 3.855652 -49.562275 0.072039 -0.189710 -0.182845 0.961971
8721.000000 -18.997532 3.539870 -49.995318 0.069326 -0.191834 -0.182138 0.961883
8722.000000 -18.846025 3.570638 -50.406951 0.070021 -0.193438 -0.182096 0.961520
8723.000000 -18.617221 3.818621 -50.817659 0.072734 -0.195067 -0.182414 0.960928
8724.000000 -18.369252 4.060201 -51.236579 0.075579 -0.196937 -0.182726 0.960268
8725.000000 -18.148993 4.161956 -51.657077 0.076999 -0.198894 -0.182762 0.959745
8726.000000 -18.010462 4.072951 -52.062246 0.076576 -0.200399 -0.182508 0.959514
8727.000000 -18.022016 3.976851 -52.416134 0.075504 -0.200517 -0.182293 0.959615
8728.000000 -18.260142 4.144600 -52.667532 0.076415 -0.198011 -0.182739 0.959979
8729.000000 -18.812634 4.931296 -52.757406 0.082467 -0.191705 -0.184530 0.960415
8730.000000 -19.663134 6.580327 -52.621380 0.095970 -0.181180 -0.188062 0.960519
8731.000000 -20.644527 9.077984 -52.213471 0.117239 -0.167557 -0.193155 0.959620
8732.000000 -21.450822 12.139716 -51.568211 0.144371 -0.153724 -0.199002 0.957039
8733.000000 -21.846290 15.384780 -50.857758 0.174156 -0.143420 -0.204424 0.952529
8734.000000 -21.606862 18.420713 -50.276468 0.203531 -0.139376 -0.208359 0.946433
8735.000000 -20.729174 21.104904 -49.920231 0.230674 -0.141711 -0.210392 0.939384
8736.000000 -19.615368 23.430022 -49.688073 0.255147 -0.147816 -0.210986 0.931953
8737.000000 -18.528796 25.532886 -49.426259 0.277244 -0.153864 -0.211200 0.924585
8738.000000 -17.738521 27.460542 -49.008019 0.297123 -0.156861 -0.212037 0.917689
8739.000000 -17.459801 29.192242 -48.437417 0.314384 -0.155883 -0.213892 0.911654
8740.000000 -17.502873 30.653950 -47.836960 0.328303 -0.151976 -0.216459 0.906789
8741.000000 -17.744400 31.762483 -47.365804 0.338393 -0.147190 -0.219031 0.903245
8742.000000 -17.933956 32.469040 -47.148572 0.344764 -0.143560 -0.220880 0.900966
8743.000000 -17.943780 32.805017 -47.243942 0.348051 -0.142499 -0.221507 0.899716
8744.000000 -17.724426 32.859826 -47.641212 0.349100 -0.144545 -0.220745 0.899171
8745.000000 -17.249633 32.697821 -48.272687 0.348685 -0.149371 -0.218760 0.899028
8746.000000 -16.615521 32.407743 -49.045557 0.347395 -0.156035 -0.215960 0.899072
8747.000000 -15.899241 32.041139 -49.874705 0.345582 -0.163487 -0.212786 0.899204
8748.000000 -15.147800 31.605536 -50.726496 0.343325 -0.171114 -0.209484 0.899424
8749.000000 -14.364981 31.103304 -51.610269 0.340460 -0.178993 -0.206000 0.899785
8750.000000 -13.517711 30.490866 -52.553238 0.336799 -0.187589 -0.202115 0.900292
8751.000000 -12.548469 29.754485 -53.543026 0.332518 -0.197059 -0.197779 0.900824
8752.000000 -11.581826 29.093312 -54.492209 0.328496 -0.206647 -0.193412 0.901099
8753.000000 -10.720753 28.652022 -55.257140 0.326301 -0.214672 -0.189922 0.900763
8754.000000 -10.158516 28.724062 -55.683648 0.327709 -0.219195 -0.188367 0.899488
8755.000000 -10.059197 29.476283 -55.660614 0.333964 -0.218891 -0.189483 0.897023
8756.000000 -10.399289 30.948788 -55.143686 0.345232 -0.213517 -0.193385 0.893212
8757.000000 -11.145525 32.962417 -54.152780 0.360504 -0.203760 -0.199616 0.888072
8758.000000 -12.176375 35.267842 -52.780612 0.377928 -0.190722 -0.207428 0.881912
8759.000000 -13.412052 37.617405 -51.173949 0.395334 -0.175481 -0.216088 0.875342
8760.000000 -14.767919 39.701009 -49.503019 0.410796 -0.158981 -0.225027 0.869100
8761.000000 -16.189288 41.428168 -47.928304 0.423142 -0.142161 -0.233807 0.863756
8762.000000 -17.547909 42.806740 -46.551307 0.432280 -0.126101 -0.241993 0.859460
8763.000000 -18.730556 43.887153 -45.405906 0.439120 -0.111962 -0.249100 0.855913
8764.000000 -19.634895 44.771657 -44.480335 0.445033 -0.100721 -0.254674 0.852609
8765.000000 -20.185341 45.565392 -43.745859 0.451101 -0.092838 -0.258477 0.849164
8766.000000 -20.455369 46.288857 -43.184554 0.457614 -0.088102 -0.260602 0.845526
8767.000000 -20.483034 46.959097 -42.792378 0.464102 -0.085792 -0.261436 0.841962
8768.000000 -20.388900 47.486631 -42.583150 0.469731 -0.085028 -0.261482 0.838898
8769.000000 -20.274853 47.857820 -42.577618 0.473697 -0.085064 -0.261195 0.836751
8770.000000 -20.203595 47.991920 -42.790441 0.475411 -0.085338 -0.260926 0.835835
8771.000000 -20.231200 47.910229 -43.222715 0.474522 -0.085385 -0.260963 0.836323
8772.000000 -20.390801 47.578278 -43.850674 0.470926 -0.084809 -0.261527 0.838236
8773.000000 -20.711414 47.040071 -44.632164 0.464809 -0.083387 -0.262716 0.841415
8774.000000 -21.162386 46.325139 -45.515300 0.456694 -0.081196 -0.264427 0.845527
8775.000000 -21.705867 45.502042 -46.444251 0.447408 -0.078590 -0.266396 0.850107
8776.000000 -22.242816 44.642732 -47.363582 0.437944 -0.076001 -0.268322 0.854653
8777.000000 -22.761882 43.840746 -48.220084 0.429187 -0.073635 -0.270050 0.858749
8778.000000 -23.261114 43.153635 -48.957327 0.421565 -0.071122 -0.271742 0.862195
8779.000000 -23.903753 42.586257 -49.503029 0.414741 -0.067145 -0.274047 0.865089
8780.000000 -24.949166 42.102355 -49.745757 0.407612 -0.059326 -0.278105 0.867750
8781.000000 -26.719646 41.662851 -49.535614 0.398862 -0.045101 -0.285070 0.870408
8782.000000 -29.226191 41.299402 -48.792841 0.388132 -0.024212 -0.294899 0.872813
8783.000000 -31.847505 41.011722 -47.768989 0.377428 -0.001909 -0.305040 0.874354
8784.000000 -32.732091 40.922016 -47.376506 0.373494 0.006431 -0.308750 0.874720
8785.000000 -30.594859 41.142738 -48.276848 0.382530 -0.012640 -0.300202 0.873722
8786.000000 -27.910691 41.474447 -49.226282 0.393691 -0.035325 -0.289715 0.871679
8787.000000 -25.733085 41.877343 -49.706203 0.403502 -0.053124 -0.281181 0.869081
8788.000000 -24.344322 42.327369 -49.671116 0.411303 -0.063893 -0.275774 0.866427
8789.000000 -23.545227 42.856194 -49.260167 0.418107 -0.069444 -0.272756 0.863694
8790.000000 -23.004593 43.479272 -48.607476 0.425235 -0.072453 -0.270873 0.860554
8791.000000 -22.513243 44.233798 -47.803025 0.433435 -0.074795 -0.269210 0.856776
8792.000000 -21.972259 45.063122 -46.908673 0.442637 -0.077271 -0.267380 0.852414
8793.000000 -21.429689 45.919358 -45.977772 0.452136 -0.079916 -0.265399 0.847791
8794.000000 -20.925083 46.701998 -45.064632 0.460955 -0.082370 -0.263520 0.843382
8795.000000 -20.533101 47.336931 -44.225078 0.468158 -0.084206 -0.262045 0.839684
8796.000000 -20.295716 47.770734 -43.514304 0.473058 -0.085195 -0.261169 0.837107
8797.000000 -20.200173 47.976658 -42.980080 0.475304 -0.085417 -0.260890 0.835898
8798.000000 -20.221791 47.944409 -42.655492 0.474863 -0.085202 -0.261039 0.836125
8799.000000 -20.329946 47.690873 -42.553327 0.471965 -0.084985 -0.261356 0.837687
8800.000000 -20.444444 47.246250 -42.664112 0.467078 -0.085269 -0.261527 0.840340
8801.000000 -20.495471 46.642779 -42.966755 0.460910 -0.086700 -0.261149 0.843710
8802.000000 -20.352976 45.934191 -43.444104 0.454317 -0.090114 -0.259730 0.847358
8803.000000 -19.949880 45.165883 -44.090088 0.448009 -0.096357 -0.256800 0.850916
8804.000000 -19.226989 44.338034 -44.917216 0.442110 -0.105935 -0.252101 0.854261
8805.000000 -18.161633 43.373378 -45.949146 0.435903 -0.118722 -0.245713 0.857624
8806.000000 -16.885891 42.157650 -47.211903 0.428074 -0.133963 -0.238004 0.861487
8807.000000 -15.480669 40.618689 -48.696473 0.417391 -0.150548 -0.229463 0.866295
8808.000000 -14.068761 38.693738 -50.334635 0.403404 -0.167332 -0.220552 0.872136
8809.000000 -12.791504 36.456117 -51.995283 0.386766 -0.183316 -0.211692 0.878632
8810.000000 -11.622512 34.096372 -53.506088 0.369081 -0.197580 -0.203374 0.885088
8811.000000 -10.743034 31.900374 -54.703432 0.352469 -0.209121 -0.196254 0.890797
8812.000000 -10.165691 30.127418 -55.464290 0.339009 -0.216812 -0.191104 0.895290
8813.000000 -10.047470 29.006731 -55.732852 0.330191 -0.219688 -0.188568 0.898417
8814.000000 -10.402562 28.615937 -55.520506 0.326456 -0.217477 -0.188844 0.900260
8815.000000 -11.129520 28.832132 -54.907784 0.327056 -0.210980 -0.191489 0.901029
8816.000000 -12.058225 29.401846 -54.031117 0.330389 -0.201927 -0.195551 0.901015
8817.000000 -13.048371 30.129557 -53.045734 0.334700 -0.192236 -0.199990 0.900569
8818.000000 -13.955412 30.817272 -52.073328 0.338732 -0.183175 -0.204119 0.900024
8819.000000 -14.761539 31.369774 -51.162507 0.341984 -0.174995 -0.207778 0.899584
8820.000000 -15.525269 31.842076 -50.298764 0.344515 -0.167289 -0.211148 0.899300
8821.000000 -16.242505 32.225576 -49.456821 0.346543 -0.159716 -0.214397 0.899129
8822.000000 -16.944504 32.569522 -48.647449 0.348122 -0.152544 -0.217432 0.899036
8823.000000 -17.512469 32.808050 -47.933449 0.349034 -0.146660 -0.219883 0.899065
8824.000000 -17.867739 32.864334 -47.408135 0.348803 -0.143135 -0.221297 0.899376
8825.000000 -17.970218 32.673424 -47.156174 0.346741 -0.142653 -0.221365 0.900232
8826.000000 -17.860524 32.167282 -47.220263 0.342012 -0.145123 -0.220084 0.901959
8827.000000 -17.620262 31.257072 -47.575925 0.333835 -0.149556 -0.217793 0.904850
8828.000000 -17.453802 29.955863 -48.130994 0.321804 -0.154178 -0.215126 0.909061
8829.000000 -17.538656 28.348932 -48.735656 0.306125 -0.156840 -0.212842 0.914542
8830.000000 -18.079343 26.513783 -49.240005 0.287472 -0.155855 -0.211498 0.921052
8831.000000 -19.050349 24.515097 -49.571304 0.266471 -0.151074 -0.211068 0.928235
8832.000000 -20.182551 22.300739 -49.797174 0.243232 -0.144528 -0.210809 0.935687
8833.000000 -21.227765 19.811634 -50.073544 0.217437 -0.139857 -0.209604 0.942988
8834.000000 -21.807350 16.942236 -50.540072 0.189044 -0.140536 -0.206623 0.949641
8835.000000 -21.717294 13.764452 -51.207857 0.159143 -0.147912 -0.201842 0.955016
8836.000000 -21.088232 10.565688 -51.913348 0.130259 -0.160433 -0.196054 0.958570
8837.000000 -20.148194 7.734020 -52.451893 0.105707 -0.174612 -0.190450 0.960242
8838.000000 -19.209942 5.641531 -52.721185 0.088212 -0.186943 -0.186074 0.960545
8839.000000 -18.497779 4.434441 -52.736718 0.078617 -0.195387 -0.183430 0.960207
8840.000000 -18.095799 4.001955 -52.558101 0.075512 -0.199673 -0.182388 0.959772
8841.000000 -17.992671 4.011507 -52.249328 0.075983 -0.200704 -0.182362 0.959525
8842.000000 -18.062474 4.137542 -51.863930 0.076982 -0.199752 -0.182659 0.959588
8843.000000 -18.246476 4.125627 -51.447341 0.076528 -0.197929 -0.182787 0.959977
8844.000000 -18.498995 3.957277 -51.026244 0.074256 -0.195973 -0.182592 0.960594
8845.000000 -18.735535 3.678000 -50.611477 0.071240 -0.194227 -0.182233 0.961245
8846.000000 -18.926650 3.517702 -50.202181 0.069315 -0.192661 -0.182050 0.961736
8847.000000 -19.079962 3.651910 -49.783357 0.070205 -0.190880 -0.182396 0.961960
8848.000000 -19.269989 4.145510 -49.327678 0.074845 -0.188235 -0.183498 0.961922
8849.000000 -19.506816 4.998128 -48.801118 0.083154 -0.184151 -0.185391 0.961667
8850.000000 -19.834398 6.188033 -48.185347 0.094301 -0.178680 -0.187909 0.961182
8851.000000 -20.118574 7.514119 -47.518298 0.107152 -0.172971 -0.190706 0.960328
8852.000000 -20.199080 8.835056 -46.897058 0.120642 -0.169216 -0.193287 0.958880
8853.000000 -19.905371 10.078763 -46.433707 0.134078 -0.169918 -0.195120 0.956598
8854.000000 -19.027783 11.177787 -46.201759 0.147492 -0.176700 -0.195861 0.953237
8855.000000 -17.604795 12.279796 -46.149127 0.161842 -0.189255 -0.195600 0.948541
8856.000000 -15.853152 13.539304 -46.106974 0.178598 -0.205094 -0.194942 0.942357
8857.000000 -14.036017 15.103989 -45.862828 0.198575 -0.220449 -0.194779 0.934896
8858.000000 -12.547771 16.926594 -45.310066 0.220725 -0.231986 -0.195781 0.926894
8859.000000 -11.535382 18.686321 -44.515585 0.241984 -0.238326 -0.197916 0.919496
8860.000000 -10.974397 20.170014 -43.646828 0.258538 -0.240408 -0.200377 0.913899
8861.000000 -10.769656 20.995903 -42.960070 0.267666 -0.240575 -0.202034 0.910857
8862.000000 -10.708424 21.130475 -42.586439 0.268899 -0.241229 -0.202039 0.910320
8863.000000 -10.547084 20.650223 -42.522449 0.263911 -0.244012 -0.200140 0.911457
8864.000000 -10.218570 19.802635 -42.669384 0.255458 -0.249712 -0.196580 0.913094
8865.000000 -9.606783 18.821060 -42.916944 0.246097 -0.258463 -0.191826 0.914241
8866.000000 -8.747352 17.809762 -43.180553 0.237354 -0.269914 -0.186325 0.914381
8867.000000 -7.701804 16.881145 -43.421591 0.229693 -0.283463 -0.180389 0.913428
8868.000000 -6.443190 16.009332 -43.608701 0.223113 -0.298576 -0.174199 0.911442
8869.000000 -4.997725 15.236297 -43.722814 0.217823 -0.314931 -0.167932 0.908389
8870.000000 -3.463838 14.654544 -43.735635 0.214421 -0.332200 -0.161887 0.904135
8871.000000 -1.873261 14.295269 -43.612723 0.213596 -0.349775 -0.156495 0.898634
8872.000000 -0.246077 14.199495 -43.325816 0.215826 -0.366859 -0.152202 0.892002
8873.000000 1.358198 14.450222 -42.865876 0.221389 -0.382896 -0.149342 0.884350
8874.000000 2.916495 15.078016 -42.225678 0.230453 -0.397910 -0.148043 0.875581
8875.000000 4.430732 16.004961 -41.399149 0.242849 -0.412462 -0.148119 0.865425
8876.000000 6.033304 17.084336 -40.386151 0.257729 -0.427307 -0.148992 0.853689
8877.000000 7.686809 18.267299 -39.219134 0.273650 -0.442952 -0.149856 0.840507
8878.000000 9.388260 19.382574 -37.934531 0.289290 -0.459253 -0.150164 0.826347
8879.000000 11.001087 20.443632 -36.580259 0.304137 -0.475238 -0.150080 0.811866
8880.000000 12.414374 21.441466 -35.179710 0.318346 -0.489396 -0.150393 0.797828
8881.000000 13.564625 22.359236 -33.800809 0.331707 -0.500464 -0.151676 0.785176
8882.000000 14.367169 23.089458 -32.594376 0.342483 -0.508275 -0.153203 0.775172
8883.000000 14.903859 23.357506 -31.800619 0.347147 -0.514017 -0.152503 0.769427
8884.000000 15.265537 22.824738 -31.682386 0.341386 -0.519495 -0.146163 0.769556
8885.000000 15.482471 21.218472 -32.366036 0.321941 -0.525694 -0.131580 0.776329
8886.000000 15.537957 18.459273 -33.697648 0.288424 -0.531722 -0.108562 0.788859
8887.000000 15.388795 14.755256 -35.270394 0.244150 -0.535268 -0.079655 0.804695
8888.000000 14.994312 10.564642 -36.635541 0.195170 -0.534419 -0.048910 0.820922
8889.000000 14.378825 6.335746 -37.505524 0.147696 -0.529236 -0.019950 0.835283
8890.000000 13.703914 2.566387 -37.864153 0.105605 -0.521742 0.005324 0.846525
8891.000000 13.128188 -0.609565 -37.800768 0.069678 -0.514661 0.026812 0.854137
8892.000000 12.847855 -3.339515 -37.403494 0.038596 -0.510214 0.045417 0.857980
8893.000000 12.944352 -5.736729 -36.720690 0.010506 -0.509732 0.062157 0.858021
8894.000000 13.455085 -7.911194 -35.770070 -0.015858 -0.513789 0.077588 0.854254
8895.000000 14.345167 -9.842895 -34.572567 -0.040754 -0.522269 0.091657 0.846860
8896.000000 15.468740 -11.526548 -33.181276 -0.063557 -0.534169 0.103892 0.836558
8897.000000 16.640537 -12.879380 -31.712850 -0.083191 -0.547570 0.113773 0.824805
8898.000000 17.723511 -13.899913 -30.319973 -0.098715 -0.560151 0.121086 0.813526
8899.000000 18.560107 -14.583805 -29.133080 -0.109834 -0.570082 0.126059 0.804395
8900.000000 19.091989 -15.018076 -28.205353 -0.117113 -0.576676 0.129274 0.798134
8901.000000 19.417445 -15.306974 -27.497370 -0.121759 -0.580398 0.131451 0.794376
8902.000000 19.601782 -15.506397 -26.916589 -0.125083 -0.582328 0.133206 0.792151
8903.000000 19.679052 -15.673037 -26.386949 -0.127962 -0.583506 0.134863 0.790543
8904.000000 19.779012 -15.822813 -25.869188 -0.130627 -0.584558 0.136405 0.789064
8905.000000 19.884368 -15.949603 -25.367413 -0.132843 -0.585681 0.137614 0.787651
8906.000000 19.962269 -16.031876 -24.904926 -0.134266 -0.586776 0.138279 0.786477
8907.000000 20.002842 -16.045200 -24.503717 -0.134676 -0.587586 0.138326 0.785793
8908.000000 20.021139 -16.009705 -24.178941 -0.133970 -0.587774 0.137779 0.785869
8909.000000 19.951412 -15.898298 -23.958001 -0.131994 -0.587006 0.136630 0.786978
8910.000000 19.808548 -15.716814 -23.862155 -0.128433 -0.585026 0.134726 0.789366
8911.000000 19.559504 -15.419917 -23.911327 -0.122851 -0.581723 0.131784 0.793183
8912.000000 19.230131 -15.016411 -24.111823 -0.114859 -0.577157 0.127501 0.798399
8913.000000 18.817844 -14.448680 -24.445971 -0.104306 -0.571578 0.121682 0.804743
8914.000000 18.345199 -13.759791 -24.873282 -0.091352 -0.565431 0.114310 0.811712
8915.000000 17.858769 -12.916805 -25.331742 -0.076422 -0.559348 0.105530 0.818629
8916.000000 17.433130 -11.975091 -25.760567 -0.060071 -0.554102 0.095585 0.824758
8917.000000 17.095232 -10.956278 -26.101734 -0.042835 -0.550491 0.084753 0.829422
8918.000000 16.900410 -9.864042 -26.313059 -0.025096 -0.549194 0.073271 0.832098
8919.000000 16.896365 -8.747222 -26.371226 -0.006996 -0.550649 0.061279 0.832455
8920.000000 17.080246 -7.580971 -26.266650 0.011540 -0.554940 0.048818 0.830376
8921.000000 17.437144 -6.375534 -26.005052 0.030617 -0.561690 0.035924 0.826001
8922.000000 17.889451 -5.155434 -25.606827 0.050069 -0.570021 0.022786 0.819787
8923.000000 18.399563 -3.989542 -25.106825 0.069267 -0.578732 0.009846 0.812511
8924.000000 18.867351 -2.899742 -24.549807 0.087265 -0.586677 -0.002295 0.805102
8925.000000 19.265714 -1.947830 -23.983598 0.103238 -0.593128 -0.013134 0.798354
8926.000000 19.586385 -1.145978 -23.440452 0.116888 -0.597891 -0.022505 0.792690
8927.000000 19.775111 -0.476792 -22.933666 0.128525 -0.601155 -0.030633 0.788134
8928.000000 19.928529 0.111185 -22.461277 0.138794 -0.603258 -0.037956 0.784459
8929.000000 20.043356 0.625383 -22.014598 0.148295 -0.604525 -0.044875 0.781373
8930.000000 20.101620 1.117281 -21.582121 0.157378 -0.605217 -0.051605 0.778640
8931.000000 20.141111 1.596870 -21.155936 0.166151 -0.605522 -0.058188 0.776113
8932.000000 20.191624 2.033249 -20.733811 0.174617 -0.605528 -0.064609 0.773738
8933.000000 20.199108 2.456286 -20.319303 0.182784 -0.605194 -0.070890 0.771560
8934.000000 20.207752 2.865867 -19.922799 0.190700 -0.604318 -0.077135 0.769729
8935.000000 20.148514 3.268138 -19.561846 0.198426 -0.602554 -0.083512 0.768493
8936.000000 20.046504 3.637486 -19.258265 0.206009 -0.599501 -0.090207 0.768129
8937.000000 19.862459 4.035272 -19.020405 0.213483 -0.594891 -0.097362 0.768798
8938.000000 19.643881 4.420463 -18.842506 0.220875 -0.588821 -0.104982 0.770378
8939.000000 19.365182 4.798522 -18.688799 0.228184 -0.581920 -0.112845 0.772377
8940.000000 19.117126 5.179228 -18.508236 0.235359 -0.575265 -0.120492 0.774053
8941.000000 18.938333 5.529333 -18.254077 0.242304 -0.570000 -0.127385 0.774701
8942.000000 18.834770 5.842602 -17.900940 0.248904 -0.566858 -0.133120 0.773950
8943.000000 18.827733 6.116580 -17.451122 0.255014 -0.565951 -0.137534 0.771849
8944.000000 18.909169 6.346686 -16.926016 0.260421 -0.566971 -0.140604 0.768736
8945.000000 19.035439 6.510091 -16.354563 0.264845 -0.569486 -0.142329 0.765039
8946.000000 19.217025 6.598671 -15.766894 0.268057 -0.572961 -0.142796 0.761230
8947.000000 19.359143 6.651398 -15.202347 0.270024 -0.576540 -0.142384 0.757902
8948.000000 19.437896 6.697652 -14.715064 0.270913 -0.579074 -0.141753 0.755768
8949.000000 19.451833 6.680451 -14.341631 0.270900 -0.579622 -0.141478 0.755404
8950.000000 19.429892 6.655977 -14.095913 0.269965 -0.578019 -0.141625 0.756938
8951.000000 19.315566 6.592616 -13.946013 0.267922 -0.574891 -0.141760 0.760014
8952.000000 19.172824 6.513574 -13.855470 0.264673 -0.571072 -0.141409 0.764087
8953.000000 18.984676 6.405656 -13.798256 0.260418 -0.567020 -0.140486 0.768723
8954.000000 18.809086 6.288615 -13.760353 0.255601 -0.562790 -0.139260 0.773655
8955.000000 18.640812 6.131583 -13.727655 0.250669 -0.558356 -0.138031 0.778686
8956.000000 18.482375 5.995697 -13.693108 0.245915 -0.553678 -0.137005 0.783707
8957.000000 18.278362 5.892558 -13.670133 0.241537 -0.548374 -0.136466 0.788874
8958.000000 18.002337 5.814980 -13.692360 0.237799 -0.541555 -0.136930 0.794619
8959.000000 17.695288 5.771064 -13.783573 0.235038 -0.532302 -0.138949 0.801314
8960.000000 17.323520 5.787200 -13.940829 0.233443 -0.520485 -0.142647 0.808858
8961.000000 16.911581 5.825424 -14.122861 0.232714 -0.507107 -0.147420 0.816673
8962.000000 16.471335 5.873790 -14.283324 0.231839 -0.493787 -0.152059 0.824199
8963.000000 16.045567 5.856772 -14.414198 0.229164 -0.481830 -0.155188 0.831409
8964.000000 15.671014 5.713612 -14.542819 0.222857 -0.471614 -0.155769 0.838839
8965.000000 15.303635 5.413199 -14.709520 0.211685 -0.462605 -0.153439 0.847138
8966.000000 14.929990 4.953614 -14.935165 0.195703 -0.453747 -0.148622 0.856578
8967.000000 14.508664 4.402106 -15.209808 0.176447 -0.443927 -0.142401 0.866901
8968.000000 13.998258 3.804582 -15.498777 0.156432 -0.432424 -0.136133 0.877500
8969.000000 13.474154 3.252809 -15.762431 0.138216 -0.419275 -0.130949 0.887670
8970.000000 12.945562 2.809525 -15.964614 0.123566 -0.405343 -0.127412 0.896769
8971.000000 12.439480 2.518930 -16.077808 0.113114 -0.391900 -0.125520 0.904359
8972.000000 12.004277 2.333941 -16.095654 0.106568 -0.379896 -0.124953 0.910334
8973.000000 11.602419 2.260753 -16.034847 0.103172 -0.369460 -0.125360 0.914953
8974.000000 11.282936 2.283725 -15.922003 0.102094 -0.359950 -0.126496 0.918701
8975.000000 10.984356 2.328562 -15.788582 0.102589 -0.350419 -0.128210 0.922087
8976.000000 10.656651 2.410438 -15.658441 0.104017 -0.340093 -0.130376 0.925483
8977.000000 10.285077 2.535587 -15.540083 0.105862 -0.328632 -0.132852 0.929056
8978.000000 9.915944 2.643627 -15.430304 0.107769 -0.316185 -0.135488 0.932768
8979.000000 9.505208 2.765131 -15.321056 0.109529 -0.303184 -0.138141 0.936483
8980.000000 9.127108 2.857073 -15.207414 0.110922 -0.289917 -0.140700 0.940132
8981.000000 8.710256 2.950819 -15.094828 0.111482 -0.276187 -0.143069 0.943835
8982.000000 8.210916 2.984573 -15.000412 0.110408 -0.261504 -0.145120 0.947822
8983.000000 7.744125 2.937141 -14.927876 0.106828 -0.245743 -0.146666 0.952201
8984.000000 7.287771 2.823401 -14.870439 0.100303 -0.229627 -0.147511 0.956792
8985.000000 6.790897 2.649136 -14.800885 0.091178 -0.214490 -0.147580 0.961197
8986.000000 6.326216 2.389233 -14.694352 0.080408 -0.201436 -0.146983 0.965067
8987.000000 5.978829 2.122306 -14.550379 0.068947 -0.190426 -0.145974 0.968337
8988.000000 5.627152 1.826788 -14.387096 0.057216 -0.179821 -0.144840 0.971294
8989.000000 5.193576 1.523350 -14.234859 0.045095 -0.166700 -0.143808 0.974421
8990.000000 4.606656 1.269053 -14.117981 0.032347 -0.148028 -0.142992 0.978057
8991.000000 3.877659 1.014834 -14.030604 0.019031 -0.122228 -0.142357 0.982055
8992.000000 3.011273 0.769929 -13.937080 0.005574 -0.090241 -0.141759 0.985764
8993.000000 2.052737 0.544017 -13.788175 -0.007370 -0.055319 -0.141059 0.988427
8994.000000 1.099485 0.366593 -13.555793 -0.019026 -0.021721 -0.140242 0.989696
8995.000000 0.333983 0.238043 -13.251978 -0.028586 0.006785 -0.139416 0.989798
8996.000000 -0.219837 0.135544 -12.907183 -0.035395 0.027846 -0.138729 0.989306
8997.000000 -0.568470 0.072035 -12.548960 -0.039215 0.040747 -0.138274 0.988778
8998.000000 -0.728433 0.066874 -12.193736 -0.040308 0.046191 -0.138060 0.988525
8999.000000 -0.729938 0.087007 -11.845909 -0.039202 0.045826 -0.138034 0.988590
9000.000000 -0.629835 0.132325 -11.502862 -0.036333 0.041644 -0.138110 0.988874
9001.000000 -0.486686 0.213753 -11.160856 -0.031978 0.035375 -0.138210 0.989254
9002.000000 -0.326801 0.312040 -10.816945 -0.026592 0.028115 -0.138299 0.989634
9003.000000 -0.142817 0.378876 -10.469246 -0.021220 0.020316 -0.138384 0.989943
9004.000000 0.029035 0.419946 -10.119806 -0.017497 0.012151 -0.138490 0.990135
9005.000000 0.167092 0.422313 -9.771325 -0.016990 0.004017 -0.138619 0.990192
9006.000000 0.294200 0.346601 -9.422680 -0.020275 -0.003143 -0.138742 0.990116
9007.000000 0.369950 0.251947 -9.076809 -0.026424 -0.007990 -0.138806 0.989935
9008.000000 0.373035 0.135935 -8.730521 -0.033355 -0.009437 -0.138766 0.989718
9009.000000 0.337473 0.059519 -8.385502 -0.038877 -0.007410 -0.138618 0.989555
9010.000000 0.288380 0.005917 -8.040844 -0.041739 -0.003129 -0.138410 0.989490
9011.000000 0.227812 -0.009956 -7.695557 -0.041991 0.001434 -0.138215 0.989511
9012.000000 0.177065 0.017449 -7.347845 -0.040541 0.004623 -0.138087 0.989579
9013.000000 0.145920 0.049117 -6.999747 -0.038418 0.005929 -0.138037 0.989664
9014.000000 0.140788 0.092167 -6.650599 -0.036342 0.006044 -0.138032 0.989742
9015.000000 0.144958 0.101276 -6.301978 -0.034782 0.006220 -0.138023 0.989799
9016.000000 0.135965 0.102590 -5.953467 -0.034154 0.007494 -0.137978 0.989818
9017.000000 0.109569 0.104591 -5.605341 -0.034788 0.010193 -0.137887 0.989784
9018.000000 0.074643 0.101679 -5.257824 -0.036600 0.013781 -0.137767 0.989692
9019.000000 0.046156 0.084643 -4.909903 -0.038791 0.017015 -0.137659 0.989574
9020.000000 0.038053 0.074983 -4.561425 -0.039930 0.018390 -0.137614 0.989510
9021.000000 0.055277 0.094739 -4.212514 -0.038539 0.016839 -0.137667 0.989585
9022.000000 0.073564 0.129087 -3.863262 -0.033853 0.012281 -0.137803 0.989805
9023.000000 0.096940 0.126154 -3.513464 -0.026214 0.005626 -0.137974 0.990073
9024.000000 0.157838 0.188254 -3.162683 -0.016764 -0.001854 -0.138135 0.990270
9025.000000 0.202566 0.236918 -2.806951 -0.006656 -0.009312 -0.138270 0.990328
9026.000000 0.257036 0.269833 -2.449900 0.003575 -0.016799 -0.138384 0.990230
9027.000000 0.283982 0.309554 -2.090938 0.014006 -0.025219 -0.138474 0.989946
9028.000000 0.312334 0.344747 -1.729682 0.024735 -0.035877 -0.138498 0.989404
9029.000000 0.360146 0.355841 -1.364831 0.035302 -0.049693 -0.138373 0.988503
9030.000000 0.370385 0.343383 -1.000594 0.044667 -0.066281 -0.138018 0.987199
9031.000000 0.368738 0.368240 -0.638139 0.051784 -0.083471 -0.137449 0.985626
9032.000000 0.358018 0.375808 -0.277061 0.056237 -0.097914 -0.136829 0.984138
9033.000000 0.336919 0.402939 0.079941 0.058356 -0.106713 -0.136389 0.983161
9034.000000 0.320853 0.300734 0.219175 0.065684 -0.086609 -0.196352 0.974490
9035.000000 0.055620 0.041915 0.108970 0.090168 0.005157 -0.425893 0.900255
9036.000000 -0.294188 0.133830 0.116427 0.108591 0.096577 -0.626806 0.765504
9037.000000 -0.285415 0.152000 -0.261524 0.096718 0.093347 -0.628460 0.766139
9038.000000 -0.293687 0.220536 -0.658787 0.072374 0.087404 -0.631570 0.766969
9039.000000 -0.311289 0.238846 -1.060899 0.039809 0.081014 -0.635071 0.767162
9040.000000 -0.310424 0.227043 -1.461336 0.006586 0.076973 -0.637796 0.766321
9041.000000 -0.328067 0.169881 -1.860653 -0.020758 0.076719 -0.639299 0.764840
9042.000000 -0.388400 0.140775 -2.259088 -0.039279 0.079679 -0.639800 0.763390
9043.000000 -0.409039 0.131023 -2.656828 -0.049435 0.083959 -0.639747 0.762385
9044.000000 -0.430204 0.111185 -3.057272 -0.053277 0.087400 -0.639534 0.761918
9045.000000 -0.422313 0.117010 -3.460840 -0.052834 0.088183 -0.639442 0.761936
9046.000000 -0.381307 0.126486 -3.868222 -0.049548 0.085053 -0.639628 0.762356
9047.000000 -0.289470 0.089465 -4.275366 -0.044504 0.077583 -0.640119 0.763052
9048.000000 -0.217676 0.075401 -4.684982 -0.038784 0.066523 -0.640806 0.763831
9049.000000 -0.114612 0.047507 -5.094081 -0.033527 0.053824 -0.641514 0.764486
9050.000000 -0.019300 0.005163 -5.499936 -0.029653 0.042010 -0.642093 0.764900
9051.000000 0.053727 -0.036484 -5.904244 -0.027584 0.033140 -0.642481 0.765087
9052.000000 0.105076 -0.062261 -6.308250 -0.027224 0.027967 -0.642692 0.765130
9053.000000 0.123524 -0.082866 -6.712240 -0.028232 0.025761 -0.642782 0.765095
9054.000000 0.107150 -0.129964 -7.116925 -0.030225 0.024822 -0.642820 0.765018
9055.000000 0.112766 -0.184281 -7.520708 -0.032651 0.023379 -0.642873 0.764920
9056.000000 0.137107 -0.226836 -7.923945 -0.034513 0.020448 -0.642978 0.764833
9057.000000 0.202883 -0.231650 -8.324863 -0.034470 0.016304 -0.643137 0.764801
9058.000000 0.269832 -0.224017 -8.726503 -0.031539 0.012326 -0.643310 0.764856
9059.000000 0.351331 -0.179273 -9.129354 -0.025939 0.010306 -0.643434 0.764992
9060.000000 0.380102 -0.078821 -9.531826 -0.019204 0.011596 -0.643449 0.765161
9061.000000 0.375912 0.058712 -9.936721 -0.013343 0.016549 -0.643334 0.765290
9062.000000 0.302490 0.197593 -10.340969 -0.009641 0.024510 -0.643116 0.765316
9063.000000 0.189809 0.369573 -10.745025 -0.008058 0.034233 -0.642828 0.765202
9064.000000 0.034367 0.508236 -11.144985 -0.007582 0.044407 -0.642489 0.764969
9065.000000 -0.121131 0.644544 -11.541447 -0.007066 0.054031 -0.642107 0.764676
9066.000000 -0.244299 0.793764 -11.935008 -0.005865 0.062596 -0.641689 0.764384
9067.000000 -0.344690 0.936312 -12.326181 -0.003948 0.070120 -0.641244 0.764116
9068.000000 -0.439187 1.093812 -12.715276 -0.001614 0.077065 -0.640768 0.763855
9069.000000 -0.540515 1.247903 -13.101394 0.000893 0.083994 -0.640247 0.763563
9070.000000 -0.657992 1.422512 -13.483747 0.003671 0.091024 -0.639667 0.763235
9071.000000 -0.700413 1.611981 -13.860405 0.007135 0.097497 -0.639036 0.762940
9072.000000 -0.658441 1.768045 -14.238582 0.011604 0.102359 -0.638389 0.762790
9073.000000 -0.679412 1.930654 -14.617779 0.016744 0.105174 -0.637776 0.762824
9074.000000 -0.647140 2.059133 -15.004793 0.021387 0.106923 -0.637244 0.762909
9075.000000 -0.682800 2.181372 -15.392394 0.024004 0.109753 -0.636835 0.762771
9076.000000 -0.837230 2.294042 -15.774563 0.023471 0.115708 -0.636559 0.762138
9077.000000 -1.158955 2.390261 -16.144115 0.019489 0.125450 -0.636380 0.760857
9078.000000 -1.590910 2.457774 -16.494307 0.012428 0.137965 -0.636256 0.758940
9079.000000 -2.128713 2.502629 -16.830193 0.002914 0.151426 -0.636189 0.756522
9080.000000 -2.709420 2.479397 -17.150955 -0.008367 0.164495 -0.636187 0.753749
9081.000000 -3.309979 2.449292 -17.454142 -0.020590 0.177138 -0.636139 0.750683
9082.000000 -3.934017 2.452265 -17.728380 -0.032705 0.190435 -0.635760 0.747311
9083.000000 -4.605183 2.520327 -17.964375 -0.043560 0.205552 -0.634695 0.743648
9084.000000 -5.269137 2.681588 -18.156798 -0.052086 0.222570 -0.632741 0.739857
9085.000000 -5.858259 2.943805 -18.326349 -0.057339 0.240029 -0.630008 0.736334
9086.000000 -6.298206 3.291601 -18.510627 -0.058420 0.255696 -0.626829 0.733684
9087.000000 -6.532278 3.699190 -18.738865 -0.054562 0.268316 -0.623379 0.732413
9088.000000 -6.633060 4.245174 -18.992812 -0.045621 0.279255 -0.619281 0.732411
9089.000000 -6.745759 5.018106 -19.188044 -0.032771 0.292702 -0.613644 0.732593
9090.000000 -7.093633 5.987481 -19.205264 -0.018766 0.313724 -0.605621 0.731059
9091.000000 -7.816499 7.114663 -18.944132 -0.007157 0.345020 -0.595091 0.725794
9092.000000 -8.838621 8.228896 -18.365001 -0.000639 0.384516 -0.582951 0.715762
9093.000000 -9.983851 9.221974 -17.595049 0.000345 0.425835 -0.570893 0.701959
9094.000000 -11.017704 10.004972 -16.861799 -0.002477 0.461482 -0.560795 0.687413
9095.000000 -11.796644 10.457310 -16.401974 -0.006696 0.486390 -0.554032 0.675595
9096.000000 -12.296681 10.586631 -16.324706 -0.010706 0.499489 -0.551017 0.668413
9097.000000 -12.468581 10.591594 -16.597846 -0.013976 0.503008 -0.551137 0.665610
9098.000000 -12.440611 10.506577 -17.087201 -0.016327 0.500712 -0.553041 0.665708
9099.000000 -12.336080 10.369192 -17.659642 -0.017347 0.496239 -0.555187 0.667243
9100.000000 -12.190572 10.297716 -18.216040 -0.016640 0.492125 -0.556447 0.669255
9101.000000 -12.070806 10.277503 -18.713017 -0.014526 0.489540 -0.556524 0.671133
9102.000000 -11.980714 10.317599 -19.154311 -0.012339 0.488503 -0.555986 0.672378
9103.000000 -11.964920 10.319073 -19.566532 -0.012079 0.488296 -0.555953 0.672560
9104.000000 -12.065518 10.159154 -19.985784 -0.015802 0.487933 -0.557666 0.671328
9105.000000 -12.298613 9.771635 -20.433174 -0.025118 0.486648 -0.562040 0.668322
9106.000000 -12.692068 9.138525 -20.890381 -0.040797 0.484301 -0.569292 0.663095
9107.000000 -13.278554 8.291989 -21.296352 -0.062487 0.481504 -0.578749 0.655209
9108.000000 -14.050544 7.304509 -21.575043 -0.088705 0.479353 -0.589026 0.644516
9109.000000 -14.971135 6.286949 -21.673173 -0.117264 0.478844 -0.598579 0.631396
9110.000000 -15.991644 5.336617 -21.587418 -0.145981 0.480371 -0.606319 0.616694
9111.000000 -17.037881 4.512230 -21.356688 0.173265 -0.483622 0.611890 -0.601398
9112.000000 -18.050388 3.820957 -21.037419 0.198326 -0.487906 0.615529 -0.586292
9113.000000 -18.999906 3.237740 -20.677718 0.221006 -0.492585 0.617692 -0.571815
9114.000000 -19.872313 2.751896 -20.307202 0.241426 -0.497320 0.618750 -0.558154
9115.000000 -20.661799 2.347318 -19.946416 0.259630 -0.502033 0.618894 -0.545459
9116.000000 -21.359716 2.032181 -19.619367 0.275396 -0.506762 0.618194 -0.534028
9117.000000 -21.953592 1.819596 -19.359741 0.288265 -0.511536 0.616697 -0.524327
9118.000000 -22.418542 1.712887 -19.201747 0.297800 -0.516359 0.614482 -0.516817
9119.000000 -22.778865 1.707941 -19.167651 0.303865 -0.521233 0.611649 -0.511730
9120.000000 -23.042903 1.797465 -19.256964 0.306688 -0.526162 0.608296 -0.508990
9121.000000 -23.204301 1.976024 -19.459238 0.306648 -0.531127 0.604509 -0.508370
9122.000000 -23.231149 2.258243 -19.761599 0.304041 -0.536076 0.600348 -0.509671
9123.000000 -23.186779 2.600593 -20.150646 0.299162 -0.541007 0.595811 -0.512662
9124.000000 -23.135615 3.012490 -20.589810 0.292667 -0.546085 0.590813 -0.516795
9125.000000 -23.070163 3.459084 -21.006318 0.285822 -0.551688 0.585230 -0.521011
9126.000000 -23.090128 3.911393 -21.314560 0.280257 -0.558276 0.579011 -0.523957
9127.000000 -23.279809 4.320577 -21.449756 0.277316 -0.566131 0.572254 -0.524515
9128.000000 -23.619101 4.664963 -21.401980 -0.277418 0.575140 -0.565178 0.522328
9129.000000 -24.052686 4.966726 -21.215318 -0.279914 0.584790 -0.558030 0.517948
9130.000000 -24.541027 5.223489 -20.969737 -0.283512 0.594385 -0.551040 0.512525
9131.000000 -25.023018 5.437233 -20.742475 -0.287041 0.603295 -0.544437 0.507179
9132.000000 -25.413174 5.643259 -20.578131 -0.290065 0.611100 -0.538504 0.502425
9133.000000 -25.791750 5.774766 -20.482016 -0.292992 0.617576 -0.533604 0.498018
9134.000000 -26.133044 5.830070 -20.428749 -0.296613 0.622599 -0.530122 0.493316
9135.000000 -26.455448 5.783880 -20.420300 -0.301417 0.626038 -0.528353 0.487921
9136.000000 -26.733112 5.643959 -20.472136 -0.307109 0.627700 -0.528407 0.482144
9137.000000 -26.935751 5.427605 -20.645127 -0.312663 0.627372 -0.530214 0.476989
9138.000000 -27.012142 5.163750 -21.005301 -0.316836 0.624941 -0.533585 0.473657
9139.000000 -26.913371 4.898291 -21.584128 -0.318826 0.620507 -0.538258 0.472863
9140.000000 -26.666249 4.628845 -22.354756 -0.318671 0.614441 -0.543899 0.474432
9141.000000 -26.318818 4.363939 -23.238161 -0.317158 0.607316 -0.550128 0.477427
9142.000000 -25.954131 4.058985 -24.145978 -0.315315 0.599723 -0.556603 0.480731
9143.000000 -25.513977 3.760915 -25.029105 -0.313825 0.592049 -0.563108 0.483634
9144.000000 -25.123260 3.406961 -25.876502 -0.312765 0.584390 -0.569574 0.486057
9145.000000 -24.746072 3.047937 -26.707205 -0.311781 0.576647 -0.576017 0.488339
9146.000000 -24.307562 2.682584 -27.548474 0.310472 -0.568692 0.582471 -0.490840
9147.000000 -23.821437 2.317504 -28.406330 0.308705 -0.560440 0.588976 -0.493675
9148.000000 -23.305234 1.922387 -29.270405 0.306718 -0.551841 0.595602 -0.496643
9149.000000 -22.784779 1.478950 -30.115143 0.305027 -0.542915 0.602401 -0.499315
9150.000000 -22.308409 0.990765 -30.907237 0.304159 -0.533903 0.609255 -0.501241
9151.000000 -21.900383 0.477503 -31.617066 0.304299 -0.525420 0.615722 -0.502218
9152.000000 -21.596617 0.010974 -32.233514 0.305108 -0.518372 0.621098 -0.502431
9153.000000 -21.410040 -0.301703 -32.763120 0.305961 -0.513518 0.624792 -0.502317
9154.000000 -21.311889 -0.493825 -33.230669 0.306455 -0.510884 0.626785 -0.502219
9155.000000 -21.257813 -0.649205 -33.661343 0.306693 -0.509528 0.627804 -0.502178
9156.000000 -21.192613 -0.756627 -34.098849 0.306963 -0.508009 0.628942 -0.502128
9157.000000 -21.046253 -0.931551 -34.582805 0.307063 -0.505283 0.630937 -0.502315
9158.000000 -20.757358 -1.123651 -35.152681 0.305960 -0.501339 0.633689 -0.503474
9159.000000 -20.262168 -1.174108 -35.833181 0.302267 -0.497057 0.636425 -0.506491
9160.000000 -19.579614 -1.031811 -36.621082 0.295210 -0.493438 0.638333 -0.511763
9161.000000 -18.762925 -0.682855 -37.467648 0.285328 -0.490870 0.639128 -0.518798
9162.000000 -17.891490 -0.188306 -38.308690 0.274365 -0.488935 0.639208 -0.526384
9163.000000 -17.070868 0.215537 -39.090707 0.264497 -0.486717 0.639436 -0.533169
9164.000000 -16.357818 0.372694 -39.794153 0.257468 -0.483203 0.640756 -0.538197
9165.000000 -15.773333 0.155921 -40.438239 0.254084 -0.477575 0.643850 -0.541129
9166.000000 -15.275084 -0.449085 -41.031670 0.254157 -0.469434 0.648918 -0.542164
9167.000000 -14.819009 -1.372501 -41.581328 0.256764 -0.458982 0.655618 -0.541824
9168.000000 -14.376985 -2.498606 -42.088682 0.260675 -0.447024 0.663210 -0.540713
9169.000000 -13.943773 -3.686553 -42.555459 0.264804 -0.434669 0.670861 -0.539340
9170.000000 -13.497929 -4.814529 -42.989772 0.268479 -0.422875 0.677955 -0.538026
9171.000000 -13.068591 -5.819376 -43.401473 0.271436 -0.412111 0.684249 -0.536927
9172.000000 -12.641931 -6.715118 -43.802330 0.273642 -0.402329 0.689818 -0.536100
9173.000000 -12.203134 -7.526902 -44.199832 0.275147 -0.393167 0.694905 -0.535556
9174.000000 -11.729320 -8.291812 -44.596469 0.276039 -0.384206 0.699769 -0.535268
9175.000000 -11.208661 -9.039074 -44.989796 0.276429 -0.375149 0.704580 -0.535180
9176.000000 -10.640750 -9.775661 -45.377293 0.276390 -0.365951 0.709367 -0.535245
9177.000000 -10.053323 -10.476071 -45.760512 0.275874 -0.356875 0.713997 -0.535483
9178.000000 -9.441738 -11.082429 -46.150879 0.274676 -0.348447 0.718220 -0.536001
9179.000000 -8.825567 -11.526872 -46.565838 0.272508 -0.341277 0.721766 -0.536957
9180.000000 -8.211305 -11.768676 -47.021222 0.269151 -0.335773 0.724473 -0.538472
9181.000000 -7.594080 -11.809261 -47.519687 0.264615 -0.331902 0.726383 -0.540545
9182.000000 -6.972168 -11.706411 -48.047144 0.259197 -0.329143 0.727745 -0.543019
9183.000000 -6.326578 -11.557389 -48.579835 0.253399 -0.326695 0.728924 -0.545645
9184.000000 -5.661124 -11.442822 -49.094082 0.247748 -0.323825 0.730249 -0.548174
9185.000000 -4.995285 -11.427884 -49.575441 0.242630 -0.320161 0.731883 -0.550432
9186.000000 -4.331917 -11.521415 -50.022009 0.238209 -0.315774 0.733790 -0.552354
9187.000000 -3.700731 -11.680719 -50.438939 0.234458 -0.311023 0.735816 -0.553958
9188.000000 -3.111018 -11.887643 -50.836021 0.231262 -0.306287 0.737801 -0.555299
9189.000000 -2.580231 -12.106114 -51.218352 0.228582 -0.301737 0.739677 -0.556402
9190.000000 -2.113852 -12.375167 -51.580728 0.226636 -0.297235 0.741506 -0.557186
9191.000000 -1.739605 -12.770241 -51.903771 0.226022 -0.292339 0.743465 -0.557415
9192.000000 -1.491962 -13.415093 -52.155014 0.227658 -0.286413 0.745790 -0.556720
9193.000000 -1.420316 -14.422812 -52.294400 0.232444 -0.278822 0.748677 -0.554717
9194.000000 -1.536941 -15.849314 -52.284592 0.240710 -0.269195 0.752165 -0.551217
9195.000000 -1.770699 -17.595461 -52.112967 0.251754 -0.257654 0.756082 -0.546419
9196.000000 -2.016189 -19.503972 -51.813925 0.263817 -0.244877 0.760128 -0.540964
9197.000000 -2.156286 -21.338159 -51.475201 0.274619 -0.231904 0.764039 -0.535770
9198.000000 -2.073246 -22.883432 -51.206360 0.282162 -0.219748 0.767713 -0.531707
9199.000000 -1.688804 -24.015288 -51.092873 0.285315 -0.209056 0.771190 -0.529299
9200.000000 -1.002246 -24.740429 -51.168778 0.283883 -0.199997 0.774558 -0.528650
9201.000000 -0.041820 -25.080374 -51.418016 0.278271 -0.192408 0.777880 -0.529572
9202.000000 1.183456 -25.075471 -51.803231 0.269065 -0.186023 0.781164 -0.531772
9203.000000 2.612426 -24.810520 -52.280915 0.256820 -0.180586 0.784377 -0.534962
9204.000000 4.236031 -24.341576 -52.802605 0.242107 -0.175811 0.787474 -0.538850
9205.000000 6.010942 -23.730598 -53.315017 0.225632 -0.171297 0.790426 -0.543115
9206.000000 7.880425 -23.075453 -53.761100 0.208282 -0.166530 0.793238 -0.547412
9207.000000 9.802030 -22.504647 -54.097051 0.191000 -0.160989 0.795941 -0.551434
9208.000000 11.710608 -22.073176 -54.296217 0.174570 -0.154338 0.798564 -0.554979
9209.000000 13.569974 -21.827071 -54.368156 0.159410 -0.146626 0.801088 -0.557985
9210.000000 15.347333 -21.689251 -54.351030 0.145500 -0.138426 0.803417 -0.560526
9211.000000 16.991595 -21.544385 -54.310362 0.132545 -0.130766 0.805392 -0.562740
9212.000000 18.452430 -21.319569 -54.319670 0.120335 -0.124750 0.806862 -0.564740
9213.000000 19.692076 -20.945926 -54.426878 0.109041 -0.120964 0.807778 -0.566544
9214.000000 20.690114 -20.511462 -54.622687 0.099185 -0.118959 0.808266 -0.568082
9215.000000 21.534606 -20.193037 -54.832325 0.091212 -0.117160 0.808620 -0.569287
9216.000000 22.339862 -20.149325 -54.931966 0.084988 -0.113330 0.809207 -0.570190
9217.000000 23.341926 -20.529747 -54.784763 0.079610 -0.105406 0.810305 -0.570927
9218.000000 24.697921 -21.317394 -54.287161 0.073731 -0.092381 0.811946 -0.571641
9219.000000 26.455796 -22.383874 -53.412027 0.066187 -0.074805 0.813893 -0.572364
9220.000000 28.496729 -23.515647 -52.239373 0.056524 -0.054700 0.815766 -0.573009
9221.000000 30.614530 -24.493114 -50.947080 0.045106 -0.034857 0.817242 -0.573468
9222.000000 32.583519 -25.175861 -49.753394 0.032816 -0.017836 0.818202 -0.573716
9223.000000 34.258629 -25.505730 -48.825786 0.020598 -0.005103 0.818719 -0.573802
9224.000000 35.616825 -25.529697 -48.218844 0.009132 0.003333 0.818945 -0.573789
9225.000000 36.731266 -25.402270 -47.864381 -0.001229 0.008705 0.819008 -0.573714
9226.000000 37.663411 -25.231496 -47.625610 -0.010343 0.012893 0.818972 -0.573596
9227.000000 38.516401 -25.192799 -47.353237 -0.018149 0.017778 0.818842 -0.573456
9228.000000 39.397329 -25.386505 -46.928543 -0.024603 0.024792 0.818587 -0.573320
9229.000000 40.312339 -25.877088 -46.276842 -0.029672 0.034743 0.818142 -0.573198
9230.000000 41.260576 -26.661822 -45.370626 -0.033277 0.047841 0.817427 -0.573076
9231.000000 42.224016 -27.732397 -44.221928 -0.035193 0.063829 0.816356 -0.572931
9232.000000 43.112744 -29.035866 -42.877895 -0.034990 0.082149 0.814853 -0.572750
9233.000000 43.874579 -30.538280 -41.406130 -0.032140 0.102112 0.812853 -0.572548
9234.000000 44.463106 -32.195623 -39.870832 -0.026274 0.123031 0.810298 -0.572355
9235.000000 44.858401 -33.948270 -38.314836 -0.017487 0.144310 0.807145 -0.572177
9236.000000 45.100854 -35.710628 -36.750748 -0.006507 0.165484 0.803394 -0.571954
9237.000000 45.282226 -37.418463 -35.169935 0.005360 0.186209 0.799141 -0.571552
9238.000000 45.470844 -38.983808 -33.568975 0.016498 0.206141 0.794619 -0.570801
9239.000000 45.723823 -40.311998 -31.987019 0.025329 0.224702 0.790222 -0.569575
9240.000000 46.046627 -41.316074 -30.533570 0.030534 0.240913 0.786487 -0.567862
9241.000000 46.463415 -41.934268 -29.374913 0.031108 0.253470 0.784024 -0.565766
9242.000000 46.956238 -42.124534 -28.691764 0.026464 0.261013 0.783381 -0.563459
9243.000000 47.453913 -41.841234 -28.657410 0.016836 0.262273 0.784850 -0.561196
9244.000000 47.853789 -41.086044 -29.469745 0.003980 0.255977 0.788324 -0.559469
9245.000000 47.902680 -39.870448 -31.377456 -0.008393 0.240766 0.793312 -0.559122
9246.000000 47.232538 -38.215443 -34.617959 -0.015163 0.215567 0.799057 -0.561079
9247.000000 45.486475 -36.226452 -39.244674 -0.011469 0.180410 0.804579 -0.565662
9248.000000 42.242084 -34.048708 -44.913863 0.005290 0.137140 0.808649 -0.572058
9249.000000 37.372025 -31.935755 -50.901304 0.034413 0.089383 0.810012 -0.578538
9250.000000 31.107426 -30.166875 -56.384774 0.072470 0.041574 0.807917 -0.583344
9251.000000 24.067482 -28.940077 -60.757843 0.114927 -0.002378 0.802499 -0.585476
9252.000000 17.019435 -28.322166 -63.798202 0.157525 -0.039938 0.794681 -0.584870
9253.000000 10.577620 -28.214423 -65.626601 0.196785 -0.069897 0.785806 -0.582151
9254.000000 5.244285 -28.506360 -66.543592 0.229992 -0.091835 0.777328 -0.578300
9255.000000 1.345923 -29.061805 -66.902481 0.255300 -0.105747 0.770569 -0.574337
9256.000000 -1.023351 -29.739732 -67.012488 0.271990 -0.112111 0.766404 -0.571033
9257.000000 -1.975375 -30.442555 -67.076135 0.280512 -0.112144 0.765010 -0.568768
9258.000000 -1.789019 -31.054007 -67.199109 0.282141 -0.107816 0.765891 -0.567612
9259.000000 -0.848717 -31.454738 -67.433026 0.278428 -0.101474 0.768192 -0.567505
9260.000000 0.533542 -31.512055 -67.809750 0.270767 -0.095238 0.771083 -0.568371
9261.000000 2.118722 -31.160361 -68.343533 0.260236 -0.090535 0.773982 -0.570117
9262.000000 3.759661 -30.392480 -69.022056 0.247683 -0.088000 0.776566 -0.572586
9263.000000 5.357927 -29.261678 -69.808298 0.233933 -0.087739 0.778661 -0.575555
9264.000000 6.796423 -27.835500 -70.673152 0.219963 -0.089731 0.780124 -0.578767
9265.000000 7.920700 -26.197319 -71.584631 0.206946 -0.094095 0.780791 -0.581966
9266.000000 8.567266 -24.419923 -72.540985 0.196100 -0.101089 0.780510 -0.584918
9267.000000 8.600728 -22.569896 -73.540603 0.188410 -0.110879 0.779199 -0.587415
9268.000000 7.947167 -20.711903 -74.565372 0.184392 -0.123301 0.776880 -0.589283
9269.000000 6.649914 -18.911395 -75.575685 0.183996 -0.137784 0.773681 -0.590406
9270.000000 4.829484 -17.234764 -76.519496 0.186725 -0.153440 0.769817 -0.590739
9271.000000 2.677663 -15.759173 -77.349338 0.191870 -0.169235 0.765559 -0.590310
9272.000000 0.349839 -14.548592 -78.037468 0.198770 -0.184137 0.761214 -0.589184
9273.000000 -1.998398 -13.694837 -78.572973 0.206968 -0.197220 0.757099 -0.587426
9274.000000 -4.250602 -13.269538 -78.962250 0.216205 -0.207745 0.753506 -0.585086
9275.000000 -6.319502 -13.319470 -79.220163 0.226259 -0.215203 0.750676 -0.582220
9276.000000 -8.110787 -13.847650 -79.369224 0.236755 -0.219377 0.748761 -0.578946
9277.000000 -9.576865 -14.761552 -79.443155 0.247067 -0.220426 0.747793 -0.575479
9278.000000 -10.661540 -15.902958 -79.485920 0.256380 -0.218966 0.747656 -0.572131
9279.000000 -11.358734 -17.044829 -79.553422 0.263837 -0.216050 0.748089 -0.569276
9280.000000 -11.689815 -17.933991 -79.711299 0.268635 -0.213005 0.748742 -0.567318
9281.000000 -11.685816 -18.304659 -80.029203 0.269992 -0.211208 0.749250 -0.566675
9282.000000 -11.360270 -17.909441 -80.567797 0.267105 -0.211859 0.749293 -0.567742
9283.000000 -10.708608 -16.589968 -81.341067 0.259474 -0.215646 0.748634 -0.570716
9284.000000 -9.798781 -14.462863 -82.262439 0.247886 -0.222164 0.747225 -0.575196
9285.000000 -8.870059 -12.160300 -83.140800 0.235698 -0.229268 0.745459 -0.579805
9286.000000 -8.536348 -11.317189 -83.498269 0.231192 -0.231914 0.744746 -0.581481
9287.000000 -9.311104 -13.268939 -82.720799 0.241534 -0.225852 0.746336 -0.577612
9288.000000 -10.275948 -15.601805 -81.793362 0.254039 -0.218651 0.748013 -0.572828
9289.000000 -11.073407 -17.367631 -80.927657 0.263879 -0.213351 0.749061 -0.568996
9290.000000 -11.565317 -18.215209 -80.268314 0.269125 -0.211167 0.749347 -0.566974
9291.000000 -11.728532 -18.200407 -79.845884 0.269794 -0.211869 0.749035 -0.566806
9292.000000 -11.569017 -17.537037 -79.616751 0.266616 -0.214456 0.748411 -0.568160
9293.000000 -11.061718 -16.490828 -79.512746 0.260392 -0.217611 0.747822 -0.570617
9294.000000 -10.168965 -15.319562 -79.465282 0.251903 -0.219953 0.747634 -0.573767
9295.000000 -8.887700 -14.267435 -79.413145 0.241982 -0.220265 0.748162 -0.577219
9296.000000 -7.254593 -13.529402 -79.306496 0.231485 -0.217700 0.749599 -0.580623
9297.000000 -5.310813 -13.234259 -79.106332 0.221148 -0.211878 0.751984 -0.583713
9298.000000 -3.141525 -13.422466 -78.785202 0.211469 -0.202840 0.755221 -0.586326
9299.000000 -0.835370 -14.075085 -78.324244 0.202726 -0.190957 0.759109 -0.588380
9300.000000 1.524217 -15.113917 -77.712308 0.195134 -0.176859 0.763377 -0.589829
9301.000000 3.783195 -16.466480 -76.950989 0.189040 -0.161386 0.767718 -0.590616
9302.000000 5.799888 -18.054312 -76.059013 0.185013 -0.145528 0.771816 -0.590671
9303.000000 7.374885 -19.801060 -75.075460 0.183764 -0.130335 0.775379 -0.589942
9304.000000 8.361824 -21.641387 -74.051750 0.185933 -0.116788 0.778160 -0.588436
9305.000000 8.664351 -23.499486 -73.035949 0.191815 -0.105635 0.779985 -0.586235
9306.000000 8.312056 -25.321704 -72.057106 0.201181 -0.097247 0.780777 -0.583487
9307.000000 7.408345 -27.038281 -71.123322 0.213258 -0.091601 0.780567 -0.580384
9308.000000 6.109157 -28.581285 -70.235212 0.226906 -0.088450 0.779482 -0.577147
9309.000000 4.569434 -29.865007 -69.405467 0.240901 -0.087588 0.777683 -0.574024
9310.000000 2.938995 -30.827434 -68.666351 0.254163 -0.088982 0.775326 -0.571273
9311.000000 1.312071 -31.388752 -68.057110 0.265804 -0.092639 0.772556 -0.569142
9312.000000 -0.195992 -31.532381 -67.602128 0.275016 -0.098234 0.769607 -0.567821
9313.000000 -1.393960 -31.286202 -67.299516 0.280858 -0.104752 0.766921 -0.567432
9314.000000 -2.001838 -30.768616 -67.126296 0.282091 -0.110381 0.765216 -0.568054
9315.000000 -1.658594 -30.099033 -67.041531 0.277205 -0.112811 0.765378 -0.569761
9316.000000 -0.026180 -29.398297 -66.973174 0.264719 -0.109816 0.768133 -0.572569
9317.000000 3.104847 -28.762413 -66.771257 0.243707 -0.099779 0.773665 -0.576275
9318.000000 7.749664 -28.322035 -66.176605 0.214284 -0.081878 0.781428 -0.580300
9319.000000 13.676496 -28.205158 -64.849615 0.177760 -0.055906 0.790284 -0.583718
9320.000000 20.496298 -28.557477 -62.444358 0.136444 -0.022058 0.798812 -0.585488
9321.000000 27.638675 -29.477940 -58.733062 0.093431 0.018921 0.805580 -0.584768
9322.000000 34.384231 -30.995151 -53.751629 0.052603 0.065214 0.809410 -0.581236
9323.000000 39.997985 -32.966767 -47.922470 0.018474 0.113548 0.809735 -0.575409
9324.000000 44.069339 -35.148031 -41.986598 -0.004757 0.159597 0.806879 -0.568729
9325.000000 46.531099 -37.257979 -36.768803 -0.014859 0.199165 0.801917 -0.563064
9326.000000 47.685127 -39.094458 -32.821508 -0.012814 0.229450 0.796145 -0.559769
9327.000000 47.941981 -40.533796 -30.269822 -0.002569 0.249568 0.790671 -0.559061
9328.000000 47.680610 -41.521285 -28.943314 0.010625 0.260154 0.786359 -0.560220
9329.000000 47.207591 -42.040619 -28.582131 0.022207 0.262505 0.783848 -0.562299
9330.000000 46.705718 -42.089620 -28.963231 0.029451 0.257949 0.783449 -0.564626
9331.000000 46.238697 -41.670389 -29.905406 0.031449 0.247735 0.785059 -0.566852
9332.000000 45.875778 -40.858105 -31.234705 0.028455 0.233178 0.788234 -0.568775
9333.000000 45.589524 -39.681662 -32.770317 0.021292 0.215644 0.792374 -0.570252
9334.000000 45.368457 -38.223391 -34.371026 0.011123 0.196302 0.796893 -0.571230
9335.000000 45.183556 -36.570573 -35.963086 -0.000586 0.175922 0.801319 -0.571786
9336.000000 44.996490 -34.831444 -37.534053 -0.012201 0.154934 0.805341 -0.572078
9337.000000 44.680966 -33.065871 -39.093740 -0.022216 0.133658 0.808798 -0.572266
9338.000000 44.187521 -31.352143 -40.643031 -0.029592 0.112492 0.811648 -0.572449
9339.000000 43.511015 -29.761068 -42.153367 -0.033926 0.091969 0.813918 -0.572649
9340.000000 42.685609 -28.353777 -43.570487 -0.035389 0.072739 0.815663 -0.572845
9341.000000 41.753594 -27.163079 -44.824315 -0.034468 0.055503 0.816941 -0.573008
9342.000000 40.779041 -26.236447 -45.855644 -0.031667 0.040905 0.817824 -0.573138
9343.000000 39.863400 -25.596220 -46.632885 -0.027313 0.029375 0.818393 -0.573257
9344.000000 38.956403 -25.265630 -47.165315 -0.021547 0.020954 0.818734 -0.573387
9345.000000 38.093121 -25.187060 -47.501937 -0.014413 0.015145 0.818920 -0.573527
9346.000000 37.211064 -25.301025 -47.740482 -0.005946 0.010822 0.819001 -0.573659
9347.000000 36.208620 -25.480454 -48.017236 0.003802 0.006291 0.818992 -0.573758
9348.000000 34.979498 -25.546913 -48.484044 0.014742 -0.000401 0.818859 -0.573805
9349.000000 33.458731 -25.375809 -49.249480 0.026647 -0.010898 0.818507 -0.573774
9350.000000 31.632710 -24.879402 -50.325754 0.039008 -0.025869 0.817786 -0.573616
9351.000000 29.548929 -24.036588 -51.593741 0.050986 -0.044568 0.816566 -0.573265
9352.000000 27.451902 -22.958570 -52.853698 0.061615 -0.064901 0.814863 -0.572704
9353.000000 25.535488 -21.835974 -53.895007 0.070216 -0.084064 0.812904 -0.572005
9354.000000 23.972844 -20.874811 -54.583798 0.076817 -0.099535 0.811067 -0.571282
9355.000000 22.797257 -20.279973 -54.897211 0.082274 -0.109976 0.809683 -0.570569
9356.000000 21.921194 -20.120113 -54.904806 0.087921 -0.115643 0.808863 -0.569770
9357.000000 21.119958 -20.327564 -54.732841 0.094953 -0.118167 0.808437 -0.568727
9358.000000 20.224905 -20.726730 -54.517110 0.103897 -0.119814 0.808061 -0.567352
9359.000000 19.109701 -21.148221 -54.360222 0.114545 -0.122579 0.807386 -0.565670
9360.000000 17.751340 -21.448150 -54.304973 0.126347 -0.127496 0.806196 -0.563763
9361.000000 16.186103 -21.621072 -54.328681 0.138922 -0.134455 0.804459 -0.561665
9362.000000 14.472145 -21.756341 -54.367126 0.152314 -0.142531 0.802286 -0.559305
9363.000000 12.654875 -21.930561 -54.346781 0.166823 -0.150591 0.799842 -0.556547
9364.000000 10.761933 -22.267200 -54.213159 0.182642 -0.157810 0.797262 -0.553274
9365.000000 8.841557 -22.776322 -53.944562 0.199577 -0.163884 0.794601 -0.549474
9366.000000 6.939297 -23.402998 -53.549558 0.217006 -0.168980 0.791848 -0.545281
9367.000000 5.105721 -24.043793 -53.063497 0.234038 -0.173552 0.788969 -0.540957
9368.000000 3.409781 -24.596635 -52.539782 0.249732 -0.178137 0.785943 -0.536838
9369.000000 1.872807 -24.973809 -52.033398 0.263289 -0.183202 0.782783 -0.533261
9370.000000 0.540474 -25.114374 -51.596404 0.274081 -0.189082 0.779529 -0.530531
9371.000000 -0.554854 -24.955526 -51.273639 0.281563 -0.196035 0.776223 -0.528932
9372.000000 -1.381680 -24.429239 -51.107398 0.285155 -0.204328 0.772883 -0.528762
9373.000000 -1.913588 -23.503857 -51.126662 0.284319 -0.214198 0.769471 -0.530280
9374.000000 -2.149381 -22.156037 -51.325387 0.278893 -0.225672 0.765906 -0.533554
9375.000000 -2.115572 -20.444773 -51.643047 0.269516 -0.238346 0.762111 -0.538275
9376.000000 -1.900868 -18.537805 -51.974626 0.257798 -0.251360 0.758108 -0.543719
9377.000000 -1.645176 -16.692603 -52.218479 0.245974 -0.263633 0.754088 -0.548950
9378.000000 -1.464588 -15.089935 -52.309626 0.236159 -0.274269 0.750352 -0.553152
9379.000000 -1.434398 -13.863714 -52.241339 0.229617 -0.282858 0.747156 -0.555901
9380.000000 -1.598558 -13.058156 -52.040732 0.226496 -0.289547 0.744567 -0.557209
9381.000000 -1.908470 -12.549105 -51.748992 0.226110 -0.294873 0.742455 -0.557391
9382.000000 -2.338860 -12.228052 -51.402885 0.227490 -0.299501 0.740589 -0.556845
9383.000000 -2.840168 -11.991358 -51.028990 0.229852 -0.303989 0.738752 -0.555882
9384.000000 -3.404961 -11.776072 -50.639318 0.232796 -0.308636 0.736821 -0.554658
9385.000000 -4.007608 -11.597921 -50.233648 0.236256 -0.313418 0.734799 -0.553192
9386.000000 -4.667155 -11.457810 -49.802866 0.240330 -0.318039 0.732810 -0.551436
9387.000000 -5.322757 -11.420453 -49.339561 0.245107 -0.322097 0.731026 -0.549343
9388.000000 -6.002908 -11.487073 -48.840434 0.250526 -0.325347 0.729554 -0.546935
9389.000000 -6.651212 -11.631286 -48.314507 0.256311 -0.327932 0.728334 -0.544330
9390.000000 -7.287233 -11.768152 -47.781181 0.261988 -0.330430 0.727110 -0.541746
9391.000000 -7.904504 -11.811826 -47.265543 0.267018 -0.333656 0.725516 -0.539445
9392.000000 -8.517162 -11.675441 -46.787989 0.270984 -0.338307 0.723228 -0.537641
9393.000000 -9.132389 -11.328227 -46.354135 0.273731 -0.344671 0.720092 -0.536415
9394.000000 -9.745367 -10.794520 -45.953865 0.275378 -0.352541 0.716177 -0.535698
9395.000000 -10.348070 -10.131890 -45.568962 0.276201 -0.361370 0.711715 -0.535338
9396.000000 -10.931494 -9.412667 -45.184411 0.276462 -0.370559 0.706981 -0.535194
9397.000000 -11.470098 -8.662198 -44.793730 0.276290 -0.379699 0.702176 -0.535203
9398.000000 -11.975569 -7.914681 -44.398252 0.275663 -0.388685 0.697352 -0.535383
9399.000000 -12.424885 -7.127332 -44.001174 0.274477 -0.397698 0.692404 -0.535793
9400.000000 -12.858299 -6.277854 -43.602626 0.272631 -0.407116 0.687110 -0.536478
9401.000000 -13.285886 -5.332466 -43.197609 0.270053 -0.417357 0.681203 -0.537444
9402.000000 -13.716196 -4.261473 -42.776168 0.266722 -0.428659 0.674502 -0.538662
9403.000000 -14.157202 -3.091168 -42.326665 0.262765 -0.440827 0.667075 -0.540035
9404.000000 -14.597249 -1.922817 -41.840372 0.258632 -0.453124 0.659356 -0.541329
9405.000000 -15.044004 -0.878251 -41.311861 0.255219 -0.464459 0.652103 -0.542128
9406.000000 -15.519038 -0.102290 -40.740539 0.253733 -0.473821 0.646146 -0.541856
9407.000000 -16.051393 0.316245 -40.123336 0.255311 -0.480691 0.642056 -0.539923
9408.000000 -16.691506 0.370153 -39.448889 0.260553 -0.485181 0.639908 -0.535939
9409.000000 -17.471641 0.021368 -38.707684 0.269167 -0.487926 0.639242 -0.529950
9410.000000 -18.330478 -0.439422 -37.892760 0.279845 -0.489874 0.639209 -0.522611
9411.000000 -19.190413 -0.884114 -37.040697 0.290534 -0.492032 0.638859 -0.515124
9412.000000 -19.946983 -1.130843 -36.216184 0.299159 -0.495120 0.637517 -0.508854
9413.000000 -20.537948 -1.168473 -35.477997 0.304512 -0.499170 0.635117 -0.504707
9414.000000 -20.925386 -1.026886 -34.854753 0.306751 -0.503422 0.632257 -0.502714
9415.000000 -21.133282 -0.839270 -34.332872 0.307081 -0.506824 0.629817 -0.502156
9416.000000 -21.228146 -0.688712 -33.876084 0.306818 -0.508874 0.628295 -0.502150
9417.000000 -21.277948 -0.550467 -33.452559 0.306584 -0.510135 0.627349 -0.502198
9418.000000 -21.348849 -0.393909 -33.003317 0.306257 -0.511962 0.625972 -0.502256
9419.000000 -21.492767 -0.167139 -32.507849 0.305565 -0.515646 0.623175 -0.502387
9420.000000 -21.734614 0.219546 -31.937622 0.304658 -0.521658 0.618592 -0.502395
9421.000000 -22.091972 0.722887 -31.273501 0.304113 -0.529542 0.612578 -0.501846
9422.000000 -22.537678 1.235829 -30.519431 0.304467 -0.538391 0.605841 -0.500392
9423.000000 -23.041150 1.709371 -29.697241 0.305798 -0.547411 0.598981 -0.498047
9424.000000 -23.567001 2.122641 -28.838914 0.307711 -0.556186 0.592269 -0.495166
9425.000000 -24.068350 2.499353 -27.975674 0.309639 -0.564607 0.585713 -0.492221
9426.000000 -24.532824 2.867052 -27.125775 0.311184 -0.572703 0.579241 -0.489547
9427.000000 -24.936315 3.231445 -26.291930 -0.312292 0.580538 -0.572797 0.487190
9428.000000 -25.317951 3.589035 -25.456347 -0.313258 0.588221 -0.566346 0.484889
9429.000000 -25.727572 3.914237 -24.592478 -0.314507 0.595884 -0.559859 0.482251
9430.000000 -26.148078 4.209136 -23.692491 -0.316222 0.603547 -0.553352 0.479099
9431.000000 -26.497425 4.497232 -22.788590 -0.318018 0.610971 -0.546963 0.475825
9432.000000 -26.807576 4.769297 -21.949581 -0.318980 0.617645 -0.540981 0.473398
9433.000000 -26.989141 5.031997 -21.267743 -0.318123 0.622958 -0.535777 0.472931
9434.000000 -26.993447 5.299294 -20.798678 -0.314990 0.626420 -0.531719 0.475032
9435.000000 -26.847916 5.542827 -20.539159 -0.309984 0.627796 -0.529101 0.479410
9436.000000 -26.592403 5.730269 -20.435199 -0.304203 0.627105 -0.528153 0.485030
9437.000000 -26.287491 5.827566 -20.422191 -0.298865 0.624527 -0.529012 0.490705
9438.000000 -25.940216 5.827910 -20.455249 -0.294670 0.620277 -0.531664 0.495741
9439.000000 -25.607157 5.717366 -20.522678 -0.291492 0.614513 -0.535901 0.500216
9440.000000 -25.224695 5.550908 -20.651205 -0.288608 0.607354 -0.541366 0.504728
9441.000000 -24.785058 5.334446 -20.850017 -0.285334 0.598957 -0.547674 0.509792
9442.000000 -24.296583 5.100866 -21.094585 -0.281661 0.589638 -0.554502 0.515288
9443.000000 -23.832406 4.824430 -21.322074 -0.278441 0.579927 -0.561598 0.520348
9444.000000 -23.436180 4.493984 -21.446559 -0.277004 0.570516 -0.568740 0.523751
9445.000000 -23.146171 4.131619 -21.406574 0.278406 -0.562042 0.575688 -0.524579
9446.000000 -23.062150 3.687234 -21.178834 0.282780 -0.554834 0.582197 -0.522725
9447.000000 -23.097366 3.228814 -20.806113 0.289188 -0.548791 0.588101 -0.518976
9448.000000 -23.165786 2.796318 -20.367685 0.296051 -0.543509 0.593378 -0.514640
9449.000000 -23.202360 2.434625 -19.947667 0.301857 -0.538538 0.598130 -0.510979
9450.000000 -23.225211 2.106050 -19.597058 0.305650 -0.533606 0.602473 -0.508791
9451.000000 -23.127836 1.877169 -19.344439 0.307005 -0.528643 0.606452 -0.508429
9452.000000 -22.927387 1.742749 -19.197401 0.305658 -0.523691 0.610032 -0.510080
9453.000000 -22.608944 1.704096 -19.168731 0.301259 -0.518789 0.613137 -0.513969
9454.000000 -22.207430 1.749263 -19.266657 0.293467 -0.513941 0.615673 -0.520276
9455.000000 -21.675270 1.913860 -19.478963 0.282225 -0.509143 0.617541 -0.528929
9456.000000 -21.022697 2.181132 -19.776568 0.267844 -0.504393 0.618647 -0.539559
9457.000000 -20.274628 2.539436 -20.124047 0.250812 -0.499677 0.618930 -0.551671
9458.000000 -19.446218 2.986461 -20.492354 0.231491 -0.494955 0.618343 -0.564875
9459.000000 -18.536019 3.515046 -20.860556 0.209958 -0.490225 0.616768 -0.578960
9460.000000 -17.552410 4.152294 -21.204737 0.186095 -0.485680 0.613923 -0.593786
9461.000000 -16.514668 4.904289 -21.486806 0.159870 -0.481820 0.609370 -0.609064
9462.000000 -15.474043 5.797464 -21.651722 -0.131720 0.479358 -0.602715 0.624179
9463.000000 -14.495689 6.791520 -21.648308 -0.102836 0.478851 -0.593977 0.638214
9464.000000 -13.641986 7.809893 -21.455821 -0.075158 0.480276 -0.583885 0.650203
9465.000000 -12.964347 8.739007 -21.104604 -0.050960 0.482895 -0.573820 0.659504
9466.000000 -12.473908 9.485771 -20.663513 -0.032155 0.485586 -0.565327 0.666016
9467.000000 -12.165274 9.995414 -20.205925 -0.019689 0.487433 -0.559486 0.670072
9468.000000 -11.996490 10.269533 -19.773596 -0.013327 0.488192 -0.556522 0.672142
9469.000000 -11.962321 10.334964 -19.361554 -0.011834 0.488357 -0.555826 0.672625
9470.000000 -12.019247 10.293100 -18.939565 -0.013325 0.488861 -0.556270 0.671864
9471.000000 -12.124751 10.274207 -18.472265 -0.015698 0.490618 -0.556616 0.670244
9472.000000 -12.269444 10.321029 -17.943499 -0.017213 0.494033 -0.555968 0.668232
9473.000000 -12.391969 10.437430 -17.370643 -0.017037 0.498557 -0.554171 0.666367
9474.000000 -12.470043 10.552196 -16.825001 -0.015285 0.502341 -0.551965 0.665398
9475.000000 -12.421423 10.599120 -16.424696 -0.012442 0.502224 -0.550758 0.666545
9476.000000 -12.088359 10.551800 -16.314394 -0.008779 0.494335 -0.552072 0.671396
9477.000000 -11.437924 10.278464 -16.587095 -0.004541 0.475440 -0.556945 0.680990
9478.000000 -10.529081 9.647798 -17.207853 -0.000746 0.444772 -0.565494 0.694546
9479.000000 -9.408444 8.743482 -17.990718 0.000474 0.405438 -0.576790 0.709178
9480.000000 -8.301803 7.684955 -18.690629 -0.003173 0.364069 -0.589129 0.721367
9481.000000 -7.407620 6.539728 -19.114851 -0.012452 0.328094 -0.600637 0.728995
9482.000000 -6.877640 5.478785 -19.226300 -0.025693 0.302003 -0.609961 0.732175
9483.000000 -6.678002 4.602518 -19.104964 -0.039546 0.285333 -0.616718 0.732585
9484.000000 -6.589964 3.947992 -18.866508 -0.050691 0.273787 -0.621459 0.732297
9485.000000 -6.439261 3.484362 -18.618795 -0.057140 0.262375 -0.625146 0.732862
9486.000000 -6.104021 3.112487 -18.414310 -0.058455 0.248211 -0.628454 0.734860
9487.000000 -5.574994 2.799068 -18.242115 -0.055178 0.231384 -0.631453 0.738027
9488.000000 -4.943940 2.589130 -18.065503 -0.048175 0.213881 -0.633831 0.741750
9489.000000 -4.265147 2.475431 -17.851867 -0.038361 0.197724 -0.635332 0.745511
9490.000000 -3.616455 2.445809 -17.595375 -0.026733 0.183618 -0.636014 0.749037
9491.000000 -3.009779 2.466597 -17.305409 -0.014421 0.170819 -0.636183 0.752253
9492.000000 -2.417761 2.494938 -16.992276 -0.002552 0.158045 -0.636183 0.755173
9493.000000 -1.848676 2.482925 -16.663674 0.007936 0.144686 -0.636214 0.757783
9494.000000 -1.369755 2.437694 -16.322771 0.016306 0.131472 -0.636312 0.759971
9495.000000 -0.982576 2.341939 -15.961272 0.021898 0.120135 -0.636460 0.761581
9496.000000 -0.742165 2.237605 -15.584476 0.024170 0.112256 -0.636682 0.762529
9497.000000 -0.648110 2.122420 -15.199032 0.023037 0.108055 -0.637023 0.762886
9498.000000 -0.674487 2.001116 -14.810715 0.019224 0.106063 -0.637497 0.762875
9499.000000 -0.656365 1.852064 -14.429142 0.014146 0.103998 -0.638075 0.762788
9500.000000 -0.683451 1.687711 -14.047697 0.009244 0.100184 -0.638711 0.762841
9501.000000 -0.695304 1.525835 -13.673460 0.005288 0.094397 -0.639356 0.763076
9502.000000 -0.600257 1.329199 -13.293018 0.002226 0.087519 -0.639965 0.763401
9503.000000 -0.485360 1.171932 -12.908821 -0.000379 0.080507 -0.640514 0.763715
9504.000000 -0.392960 1.006999 -12.521097 -0.002812 0.073626 -0.641010 0.763988
9505.000000 -0.296112 0.866134 -12.130824 -0.004980 0.066467 -0.641470 0.764247
9506.000000 -0.186557 0.719586 -11.738605 -0.006565 0.058457 -0.641902 0.764527
9507.000000 -0.047306 0.572557 -11.343528 -0.007385 0.049332 -0.642303 0.764826
9508.000000 0.117111 0.446073 -10.945639 -0.007760 0.039336 -0.642665 0.765098
9509.000000 0.251454 0.283819 -10.543327 -0.008634 0.029237 -0.642979 0.765276
9510.000000 0.344028 0.120401 -10.138564 -0.011193 0.020224 -0.643236 0.765319
9511.000000 0.387180 -0.007303 -9.734518 -0.016056 0.013635 -0.643406 0.765235
9512.000000 0.369552 -0.135826 -9.330239 -0.022584 0.010489 -0.643458 0.765077
9513.000000 0.312210 -0.209863 -8.927946 -0.029002 0.010968 -0.643383 0.764916
9514.000000 0.235985 -0.226812 -8.525605 -0.033386 0.014181 -0.643225 0.764817
9515.000000 0.170290 -0.233308 -8.124237 -0.034811 0.018462 -0.643053 0.764808
9516.000000 0.117579 -0.210589 -7.722839 -0.033734 0.022113 -0.642918 0.764872
9517.000000 0.109790 -0.157047 -7.318808 -0.031433 0.024252 -0.642841 0.764970
9518.000000 0.114036 -0.104297 -6.914620 -0.029132 0.025253 -0.642803 0.765061
9519.000000 0.122789 -0.068967 -6.510083 -0.027581 0.026586 -0.642748 0.765119
9520.000000 0.082050 -0.051760 -6.106294 -0.027210 0.030106 -0.642606 0.765121
9521.000000 0.019728 -0.017095 -5.702127 -0.028389 0.037124 -0.642312 0.765017
9522.000000 -0.063706 0.027794 -5.297431 -0.031377 0.047655 -0.641826 0.764725
9523.000000 -0.167669 0.063437 -4.889848 -0.036031 0.060223 -0.641169 0.764184
9524.000000 -0.259853 0.083638 -4.479946 -0.041657 0.072404 -0.640448 0.763445
9525.000000 -0.325637 0.107260 -4.071361 -0.047181 0.081844 -0.639839 0.762680
9526.000000 -0.420695 0.129471 -3.664739 -0.051476 0.087158 -0.639495 0.762102
9527.000000 -0.426542 0.105579 -3.258483 -0.053487 0.088217 -0.639460 0.761871
9528.000000 -0.417357 0.124428 -2.856703 -0.052005 0.085909 -0.639640 0.762086
9529.000000 -0.401397 0.135130 -2.457695 -0.045288 0.081793 -0.639815 0.762821
9530.000000 -0.364126 0.151253 -2.060387 -0.031155 0.077898 -0.639648 0.764076
9531.000000 -0.313633 0.203361 -1.660959 -0.008100 0.076365 -0.638697 0.765616
9532.000000 -0.308676 0.236386 -1.261405 0.022805 0.078563 -0.636578 0.766861
9533.000000 -0.313580 0.238525 -0.859301 0.056675 0.084079 -0.633355 0.767189
9534.000000 -0.285111 0.194132 -0.458699 0.085979 0.090614 -0.629882 0.766580
9535.000000 -0.297866 0.091990 -0.069301 0.104102 0.095325 -0.627439 0.765765
9536.000000 -0.286584 0.149609 0.116186 0.113191 0.093604 -0.647556 0.747728
9537.000000 -0.247789 0.207794 0.115909 -0.130682 -0.081012 0.725374 -0.670964
9538.000000 -0.197118 0.255987 0.116737 -0.146550 -0.067414 0.794187 -0.585871
9539.000000 -0.184145 0.257791 -0.202277 -0.133184 -0.066384 0.796283 -0.586335
9540.000000 -0.147803 0.320195 -0.535528 -0.105930 -0.065025 0.800117 -0.586825
9541.000000 -0.165844 0.353176 -0.876917 -0.069801 -0.064958 0.804216 -0.586639
9542.000000 -0.177755 0.334462 -1.217935 -0.033425 -0.067692 0.807139 -0.585514
9543.000000 -0.204592 0.312344 -1.554502 -0.003973 -0.073452 0.808508 -0.583869
9544.000000 -0.255018 0.280011 -1.889195 0.015691 -0.081061 0.808756 -0.582320
9545.000000 -0.310522 0.294045 -2.224246 0.026582 -0.088809 0.808453 -0.581214
9546.000000 -0.325851 0.307427 -2.559961 0.031366 -0.095378 0.807985 -0.580585
9547.000000 -0.336613 0.314359 -2.897879 0.032487 -0.100048 0.807560 -0.580329
9548.000000 -0.346590 0.310889 -3.237833 0.031495 -0.102296 0.807300 -0.580353
9549.000000 -0.328440 0.331668 -3.581022 0.029236 -0.101415 0.807308 -0.580615
9550.000000 -0.273851 0.301003 -3.926299 0.026248 -0.096613 0.807659 -0.581088
9551.000000 -0.211700 0.231454 -4.272464 0.023046 -0.087579 0.808342 -0.581706
9552.000000 -0.150334 0.179419 -4.620135 0.020203 -0.075077 0.809221 -0.582337
9553.000000 -0.069187 0.100956 -4.967050 0.018238 -0.061062 0.810090 -0.582831
9554.000000 0.003588 0.012673 -5.310808 0.017430 -0.048075 0.810782 -0.583110
9555.000000 0.048642 -0.065125 -5.652135 0.017681 -0.038239 0.811234 -0.583202
9556.000000 0.074071 -0.117733 -5.993488 0.018569 -0.032489 0.811469 -0.583196
9557.000000 0.087361 -0.139888 -6.335295 0.019624 -0.030452 0.811549 -0.583160
9558.000000 0.081773 -0.140741 -6.677556 0.020710 -0.030865 0.811535 -0.583120
9559.000000 0.040201 -0.145754 -7.020450 0.022200 -0.032124 0.811489 -0.583062
9560.000000 0.007576 -0.176130 -7.362342 0.024645 -0.032709 0.811467 -0.582962
9561.000000 -0.023229 -0.226332 -7.703874 0.028041 -0.031510 0.811509 -0.582815
9562.000000 -0.011186 -0.289488 -8.042924 0.031287 -0.028115 0.811628 -0.582659
9563.000000 0.038948 -0.343622 -8.381364 0.032515 -0.023014 0.811812 -0.582558
9564.000000 0.114488 -0.384199 -8.720087 0.030216 -0.017523 0.812035 -0.582562
9565.000000 0.232487 -0.388246 -9.060150 0.024337 -0.013375 0.812239 -0.582663
9566.000000 0.335823 -0.318818 -9.399778 0.016441 -0.012095 0.812351 -0.582812
9567.000000 0.421181 -0.196021 -9.742006 0.008798 -0.014458 0.812333 -0.582949
9568.000000 0.431476 -0.058006 -10.084352 0.003112 -0.020250 0.812198 -0.583022
9569.000000 0.395468 0.109410 -10.427636 -0.000238 -0.028442 0.811978 -0.582994
9570.000000 0.335907 0.293340 -10.769600 -0.002052 -0.037670 0.811694 -0.582864
9571.000000 0.250099 0.464798 -11.107829 -0.003534 -0.046742 0.811353 -0.582673
9572.000000 0.171388 0.627334 -11.442743 -0.005538 -0.054908 0.810969 -0.582480
9573.000000 0.136760 0.791961 -11.775610 -0.008291 -0.061839 0.810559 -0.582324
9574.000000 0.128014 0.940184 -12.106848 -0.011593 -0.067508 0.810143 -0.582217
9575.000000 0.129027 1.072639 -12.437369 -0.015139 -0.072206 0.809730 -0.582147
9576.000000 0.141352 1.220564 -12.766612 -0.018691 -0.076613 0.809303 -0.582074
9577.000000 0.127945 1.371881 -13.093156 -0.022145 -0.081593 0.808823 -0.581942
9578.000000 0.091775 1.559189 -13.415213 -0.025624 -0.087537 0.808256 -0.581724
9579.000000 0.093098 1.764953 -13.731934 -0.029507 -0.093707 0.807607 -0.581481
9580.000000 0.161335 1.897937 -14.045027 -0.034208 -0.098362 0.806944 -0.581374
9581.000000 0.279906 2.005450 -14.367702 -0.039728 -0.099958 0.806363 -0.581557
9582.000000 0.376956 2.100481 -14.691353 -0.045374 -0.098586 0.805913 -0.582002
9583.000000 0.522272 2.120789 -15.024736 -0.050024 -0.096372 0.805578 -0.582455
9584.000000 0.579657 2.184242 -15.357601 -0.052762 -0.096396 0.805306 -0.582586
9585.000000 0.512355 2.314577 -15.684139 -0.053347 -0.100958 0.805015 -0.582162
9586.000000 0.299300 2.534785 -15.997904 -0.052100 -0.110474 0.804603 -0.581115
9587.000000 -0.011311 2.824749 -16.294599 -0.049403 -0.123577 0.804017 -0.579521
9588.000000 -0.383942 3.096416 -16.572974 -0.045296 -0.138074 0.803327 -0.577538
9589.000000 -0.809801 3.366507 -16.847721 -0.039545 -0.152076 0.802691 -0.575322
9590.000000 -1.271087 3.558215 -17.119442 -0.032091 -0.164757 0.802216 -0.572952
9591.000000 -1.742484 3.723782 -17.385445 -0.023487 -0.176526 0.801805 -0.570434
9592.000000 -2.217944 3.907146 -17.632212 -0.014926 -0.188651 0.801146 -0.567761
9593.000000 -2.706059 4.175837 -17.846113 -0.007786 -0.202507 0.799843 -0.564961
9594.000000 -3.189406 4.561800 -18.014980 -0.003021 -0.218739 0.797614 -0.562100
9595.000000 -3.623777 5.038251 -18.139504 -0.000889 -0.236652 0.794469 -0.559298
9596.000000 -3.974686 5.559805 -18.245590 -0.001178 -0.254157 0.790799 -0.556813
9597.000000 -4.185779 6.040885 -18.376668 -0.003734 -0.268473 0.787251 -0.555107
9598.000000 -4.206057 6.406359 -18.575677 -0.008856 -0.277506 0.784338 -0.554731
9599.000000 -4.018744 6.705877 -18.847448 -0.017318 -0.281379 0.781946 -0.555955
9600.000000 -3.667070 7.084488 -19.134185 -0.029916 -0.283287 0.779140 -0.558385
9601.000000 -3.266925 7.694130 -19.328229 -0.046661 -0.288870 0.774497 -0.560831
9602.000000 -3.036608 8.659293 -19.309945 -0.066036 -0.303908 0.766789 -0.561527
9603.000000 -3.115663 9.994495 -18.989955 -0.085027 -0.331252 0.755607 -0.558661
9604.000000 -3.528465 11.494924 -18.344073 -0.100313 -0.368790 0.741701 -0.551190
9605.000000 -4.153957 12.929553 -17.494704 -0.110043 -0.410012 0.726923 -0.539782
9606.000000 -4.789451 14.127538 -16.662887 -0.114713 -0.447055 0.713602 -0.527025
9607.000000 -5.277293 14.955736 -16.075201 -0.116264 -0.474229 0.703647 -0.516207
9608.000000 -5.621088 15.390108 -15.860002 -0.116292 -0.489797 0.697943 -0.509364
9609.000000 -5.829615 15.502261 -16.002182 -0.115120 -0.495464 0.696322 -0.506358
9610.000000 -5.880281 15.431120 -16.401849 -0.112457 -0.494615 0.697842 -0.505693
9611.000000 -5.877264 15.239580 -16.927918 -0.108693 -0.490565 0.701061 -0.506009
9612.000000 -5.859608 15.019369 -17.479867 -0.105320 -0.485641 0.704404 -0.506828
9613.000000 -5.805173 14.848940 -17.994895 -0.104020 -0.481142 0.706667 -0.508236
9614.000000 -5.670595 14.769477 -18.445640 -0.105388 -0.477708 0.707387 -0.510188
9615.000000 -5.536528 14.770412 -18.830030 -0.108552 -0.475624 0.706837 -0.512230
9616.000000 -5.406418 14.826099 -19.165917 -0.111811 -0.474899 0.705729 -0.513728
9617.000000 -5.353934 14.882731 -19.479694 -0.113451 -0.475246 0.704906 -0.514177
9618.000000 -5.432115 14.870752 -19.805124 -0.112021 -0.476147 0.705188 -0.513269
9619.000000 -5.686882 14.735234 -20.169507 -0.106253 -0.477086 0.707291 -0.510723
9620.000000 -6.129700 14.456291 -20.579018 -0.095154 -0.477859 0.711614 -0.506164
9621.000000 -6.798790 14.043797 -21.000427 -0.078440 -0.478775 0.717935 -0.499190
9622.000000 -7.693376 13.550641 -21.367339 -0.056914 -0.480587 0.725305 -0.489623
9623.000000 -8.773904 13.052275 -21.609416 -0.032353 -0.484133 0.732357 -0.477726
9624.000000 -9.962320 12.625129 -21.685421 -0.006887 -0.489881 0.737893 -0.464201
9625.000000 -11.177698 12.316671 -21.600120 0.017720 -0.497642 0.741334 -0.449958
9626.000000 -12.352132 12.123231 -21.394068 0.040458 -0.506679 0.742774 -0.435806
9627.000000 -13.443345 12.021849 -21.118311 0.061041 -0.516094 0.742710 -0.422260
9628.000000 -14.438760 11.966086 -20.813819 0.079635 -0.525223 0.741684 -0.409517
9629.000000 -15.349051 11.939199 -20.502226 0.096561 -0.533798 0.740055 -0.397560
9630.000000 -16.178705 11.935087 -20.189088 0.112093 -0.541859 0.737970 -0.386297
9631.000000 -16.943698 11.949343 -19.876063 0.126344 -0.549550 0.735449 -0.375694
9632.000000 -17.635798 11.989488 -19.571974 0.139188 -0.556950 0.732506 -0.365880
9633.000000 -18.243471 12.055923 -19.299485 0.150244 -0.563987 0.729220 -0.357188
9634.000000 -18.730579 12.149501 -19.092501 0.158972 -0.570474 0.725756 -0.350094
9635.000000 -19.075122 12.269045 -18.983340 0.164939 -0.576243 0.722293 -0.345009
9636.000000 -19.306099 12.419222 -18.985052 0.168113 -0.581283 0.718933 -0.342030
9637.000000 -19.444117 12.597207 -19.081142 0.168922 -0.585767 0.715650 -0.340864
9638.000000 -19.488960 12.789778 -19.246429 0.167940 -0.589894 0.712379 -0.341083
9639.000000 -19.452784 13.008116 -19.470045 0.165436 -0.593684 0.709135 -0.342489
9640.000000 -19.306045 13.243404 -19.768651 0.161251 -0.596944 0.706022 -0.345236
9641.000000 -19.097949 13.481045 -20.148085 0.155186 -0.599527 0.703090 -0.349499
9642.000000 -18.817951 13.766878 -20.588292 0.147555 -0.601653 0.700158 -0.354992
9643.000000 -18.503293 14.066555 -21.018572 0.139382 -0.604008 0.696829 -0.360799
9644.000000 -18.246870 14.408998 -21.354123 0.132069 -0.607485 0.692678 -0.365673
9645.000000 -18.125181 14.795426 -21.530014 0.126839 -0.612766 0.687473 -0.368525
9646.000000 -18.234190 15.205252 -21.521243 0.124298 -0.620005 0.681260 -0.368820
9647.000000 -18.447880 15.626104 -21.356606 0.124258 -0.628782 0.674314 -0.366734
9648.000000 -18.752795 16.034363 -21.095032 0.125824 -0.638276 0.667032 -0.363097
9649.000000 -19.079136 16.430976 -20.817671 0.127772 -0.647578 0.659827 -0.359089
9650.000000 -19.371373 16.794137 -20.592288 -0.129107 0.655997 -0.653037 0.355727
9651.000000 -19.566657 17.132099 -20.450775 -0.129528 0.663227 -0.646891 0.353390
9652.000000 -19.731431 17.413916 -20.384909 -0.129526 0.669315 -0.641528 0.351685
9653.000000 -19.892382 17.644921 -20.361906 -0.130076 0.674501 -0.637050 0.349708
9654.000000 -20.131991 17.805576 -20.334775 -0.132097 0.679002 -0.633557 0.346571
9655.000000 -20.428953 17.885498 -20.308283 -0.135965 0.682836 -0.631150 0.341902
9656.000000 -20.749206 17.885750 -20.298818 -0.141291 0.685751 -0.629939 0.336095
9657.000000 -21.063683 17.807986 -20.365956 -0.147076 0.687288 -0.630063 0.330188
9658.000000 -21.300077 17.661143 -20.580208 -0.152129 0.686967 -0.631683 0.325437
9659.000000 -21.407192 17.445240 -20.993378 -0.155545 0.684490 -0.634895 0.322780
9660.000000 -21.349705 17.163363 -21.610736 -0.157034 0.679906 -0.639600 0.322459
9661.000000 -21.181999 16.825569 -22.382560 -0.156992 0.673687 -0.645420 0.323933
9662.000000 -20.947804 16.463357 -23.219807 -0.156296 0.666627 -0.651771 0.326151
9663.000000 -20.770651 16.076619 -24.033561 -0.155869 0.659548 -0.658086 0.328061
9664.000000 -20.569230 15.677989 -24.784745 0.156223 -0.652916 0.664059 -0.329119
9665.000000 -20.433490 15.274111 -25.479458 0.157268 -0.646682 0.669730 -0.329440
9666.000000 -20.324556 14.851774 -26.155370 0.158531 -0.640476 0.675330 -0.329525
9667.000000 -20.210762 14.425472 -26.843499 0.159550 -0.633982 0.681044 -0.329833
9668.000000 -20.028761 13.971298 -27.558303 0.160096 -0.627113 0.686897 -0.330563
9669.000000 -19.798468 13.503376 -28.293197 0.160160 -0.619929 0.692829 -0.331700
9670.000000 -19.548143 13.019110 -29.039482 0.159908 -0.612461 0.698836 -0.333091
9671.000000 -19.288342 12.496941 -29.785065 0.159723 -0.604688 0.704985 -0.334421
9672.000000 -19.064605 11.927255 -30.506713 0.160191 -0.596673 0.711304 -0.335211
9673.000000 -18.931647 11.322112 -31.172301 0.161827 -0.588705 0.717632 -0.335028
9674.000000 -18.885421 10.713976 -31.758694 0.164612 -0.581351 0.723526 -0.333832
9675.000000 -18.911574 10.178191 -32.259746 0.167771 -0.575368 0.728341 -0.332151
9676.000000 -18.946242 9.836732 -32.690036 0.170121 -0.571448 0.731480 -0.330823
9677.000000 -18.932288 9.715815 -33.074216 0.170899 -0.569800 0.732767 -0.330415
9678.000000 -18.909851 9.713810 -33.430802 0.170418 -0.569820 0.732705 -0.330766
9679.000000 -18.916967 9.707091 -33.763074 0.169918 -0.570188 0.732386 -0.331096
9680.000000 -18.931192 9.644830 -34.111228 0.170589 -0.569483 0.732970 -0.330673
9681.000000 -18.979662 9.383198 -34.495092 0.172482 -0.566907 0.735034 -0.329532
9682.000000 -18.954178 9.000760 -34.950454 0.174205 -0.562623 0.738300 -0.328667
9683.000000 -18.715640 8.632695 -35.508006 0.173674 -0.557495 0.741938 -0.329491
9684.000000 -18.185635 8.396054 -36.179617 0.169391 -0.552468 0.745136 -0.332953
9685.000000 -17.387280 8.321768 -36.933212 0.161341 -0.548050 0.747478 -0.338948
9686.000000 -16.411786 8.386346 -37.709360 0.150984 -0.544237 0.749013 -0.346395
9687.000000 -15.411474 8.511890 -38.448115 0.140470 -0.540755 0.750104 -0.353831
9688.000000 -14.556246 8.558645 -39.114291 0.131725 -0.537282 0.751236 -0.360028
9689.000000 -13.911758 8.480883 -39.702734 0.125984 -0.533462 0.752894 -0.364275
9690.000000 -13.551887 8.155372 -40.239978 0.123795 -0.528830 0.755522 -0.366335
9691.000000 -13.428556 7.579212 -40.737637 0.125150 -0.522876 0.759443 -0.366313
9692.000000 -13.484111 6.740984 -41.207599 0.129489 -0.515290 0.764706 -0.364602
9693.000000 -13.646849 5.697074 -41.651984 0.135748 -0.506213 0.770977 -0.361822
9694.000000 -13.845912 4.544864 -42.070335 0.142652 -0.496278 0.777641 -0.358654
9695.000000 -14.029995 3.405308 -42.461813 0.149189 -0.486344 0.784060 -0.355615
9696.000000 -14.163285 2.349380 -42.830076 0.154887 -0.477103 0.789823 -0.352934
9697.000000 -14.270646 1.416133 -43.179039 0.159721 -0.468823 0.794831 -0.350627
9698.000000 -14.338244 0.583205 -43.516045 0.163814 -0.461366 0.799218 -0.348650
9699.000000 -14.372459 -0.189132 -43.849807 0.167247 -0.454390 0.803219 -0.346984
9700.000000 -14.364484 -0.926010 -44.186132 0.170083 -0.447545 0.807049 -0.345611
9701.000000 -14.311537 -1.659128 -44.525332 0.172449 -0.440564 0.810868 -0.344467
9702.000000 -14.214624 -2.416848 -44.862585 0.174536 -0.433278 0.814771 -0.343446
9703.000000 -14.102515 -3.206121 -45.192255 0.176498 -0.425632 0.818784 -0.342460
9704.000000 -13.961603 -4.012924 -45.511961 0.178341 -0.417729 0.822844 -0.341502
9705.000000 -13.804741 -4.805675 -45.826065 0.179875 -0.409871 0.826799 -0.340667
9706.000000 -13.600617 -5.526665 -46.147155 0.180741 -0.402508 0.830437 -0.340140
9707.000000 -13.325526 -6.117640 -46.492690 0.180513 -0.396107 0.833558 -0.340140
9708.000000 -12.967098 -6.539589 -46.878102 0.178869 -0.390971 0.836053 -0.340828
9709.000000 -12.519190 -6.786021 -47.307239 0.175765 -0.387097 0.837943 -0.342220
9710.000000 -11.996078 -6.900564 -47.769341 0.171514 -0.384143 0.839390 -0.344153
9711.000000 -11.428384 -6.969555 -48.242929 0.166706 -0.381529 0.840652 -0.346337
9712.000000 -10.852247 -7.067324 -48.705665 0.161986 -0.378643 0.841999 -0.348466
9713.000000 -10.295543 -7.251630 -49.141476 0.157842 -0.375066 0.843617 -0.350318
9714.000000 -9.790621 -7.542792 -49.543919 0.154500 -0.370716 0.845540 -0.351797
9715.000000 -9.338842 -7.917760 -49.915149 0.151941 -0.365828 0.847664 -0.352916
9716.000000 -8.931140 -8.344644 -50.262749 0.149995 -0.360793 0.849816 -0.353754
9717.000000 -8.576630 -8.751173 -50.595913 0.148430 -0.355964 0.851849 -0.354416
9718.000000 -8.247828 -9.149282 -50.923700 0.147041 -0.351526 0.853692 -0.354992
9719.000000 -7.946643 -9.501522 -51.248832 0.145747 -0.347471 0.855352 -0.355519
9720.000000 -7.682076 -9.846490 -51.566824 0.144709 -0.343647 0.856900 -0.355934
9721.000000 -7.489180 -10.225441 -51.863672 0.144415 -0.339814 0.858432 -0.356042
9722.000000 -7.456605 -10.706060 -52.115317 0.145694 -0.335688 0.860057 -0.355512
9723.000000 -7.654933 -11.359410 -52.290030 0.149573 -0.330961 0.861872 -0.353934
9724.000000 -8.195630 -12.258384 -52.350378 0.156916 -0.325357 0.863918 -0.350950
9725.000000 -9.063996 -13.408650 -52.266268 0.167917 -0.318710 0.866141 -0.346450
9726.000000 -10.168288 -14.758106 -52.032107 0.181721 -0.311051 0.868405 -0.340730
9727.000000 -11.336961 -16.206778 -51.686810 0.196502 -0.302635 0.870587 -0.334480
9728.000000 -12.381286 -17.624770 -51.313873 0.210042 -0.293880 0.872672 -0.328574
9729.000000 -13.113186 -18.906095 -51.009525 0.220499 -0.285217 0.874766 -0.323754
9730.000000 -13.444369 -19.983030 -50.845714 0.226915 -0.276942 0.877009 -0.320418
9731.000000 -13.387123 -20.855359 -50.846506 0.229242 -0.269131 0.879500 -0.318586
9732.000000 -12.989736 -21.572036 -50.994747 0.228006 -0.261680 0.882264 -0.318036
9733.000000 -12.304701 -22.156783 -51.256615 0.223847 -0.254431 0.885279 -0.318495
9734.000000 -11.351851 -22.630442 -51.603724 0.217213 -0.247294 0.888491 -0.319762
9735.000000 -10.185531 -23.017843 -52.017416 0.208318 -0.240272 0.891831 -0.321731
9736.000000 -8.796168 -23.322546 -52.477858 0.197344 -0.233357 0.895225 -0.324302
9737.000000 -7.240531 -23.563913 -52.950097 0.184693 -0.226395 0.898614 -0.327301
9738.000000 -5.552272 -23.826324 -53.383318 0.171104 -0.218986 0.901983 -0.330446
9739.000000 -3.838328 -24.198479 -53.706110 0.157708 -0.210413 0.905388 -0.333356
9740.000000 -2.229646 -24.898282 -53.824672 0.146176 -0.199529 0.908980 -0.335525
9741.000000 -0.929833 -26.164578 -53.603292 0.139005 -0.184681 0.912964 -0.336255
9742.000000 -0.222601 -28.336020 -52.850099 0.139569 -0.163881 0.917430 -0.334643
9743.000000 -0.423586 -31.629440 -51.296117 0.151432 -0.135372 0.921976 -0.329703
9744.000000 -1.682128 -36.049185 -48.613410 0.176878 -0.098439 0.925306 -0.320675
9745.000000 -3.819734 -41.195188 -44.505958 0.215371 -0.054042 0.925307 -0.307410
9746.000000 -6.446084 -46.432900 -38.928079 0.263128 -0.004757 0.919951 -0.290570
9747.000000 -8.993900 -51.102061 -32.195599 0.314340 0.046062 0.908510 -0.271439
9748.000000 -11.033358 -54.768762 -24.908939 0.363237 0.095389 0.892047 -0.251420
9749.000000 -12.361764 -57.288005 -17.728780 0.405468 0.141112 0.872936 -0.231660
9750.000000 -13.031224 -58.778157 -11.256684 0.438187 0.181776 0.854150 -0.213021
9751.000000 -13.224185 -59.465811 -6.001801 0.459657 0.215982 0.838768 -0.196306
9752.000000 -13.217145 -59.681102 -2.384450 0.469271 0.242117 0.829393 -0.182403
9753.000000 -13.199244 -59.698462 -0.626349 0.467952 0.258717 0.827301 -0.172218
9754.000000 -13.218025 -59.684930 -0.690140 0.458238 0.265117 0.831885 -0.166431
9755.000000 -13.212300 -59.662807 -2.293477 0.443599 0.261884 0.841037 -0.165210
9756.000000 -13.134132 -59.552895 -5.007403 0.427192 0.250708 0.852301 -0.168036
9757.000000 -12.963401 -59.268079 -8.402606 0.410752 0.233897 0.863931 -0.173775
9758.000000 -12.695205 -58.756169 -12.148751 0.394275 0.213793 0.875255 -0.181021
9759.000000 -12.307394 -58.008626 -16.037440 0.376602 0.192360 0.886358 -0.188517
9760.000000 -11.727469 -57.042672 -19.947353 0.356422 0.170979 0.897515 -0.195437
9761.000000 -10.887948 -55.880023 -23.793550 0.333105 0.150451 0.908754 -0.201423
9762.000000 -9.759232 -54.556302 -27.483439 0.307057 0.131201 0.919721 -0.206434
9763.000000 -8.383383 -53.156577 -30.890873 0.279655 0.113640 0.929816 -0.210525
9764.000000 -6.879819 -51.784068 -33.860879 0.252903 0.098481 0.938443 -0.213696
9765.000000 -5.410792 -50.607750 -36.236502 0.228954 0.086787 0.945224 -0.215870
9766.000000 -4.110668 -49.767426 -37.910293 0.209610 0.079657 0.950076 -0.216965
9767.000000 -3.109852 -49.398611 -38.842110 0.195958 0.077785 0.953136 -0.216985
9768.000000 -2.460340 -49.531201 -39.074303 0.188228 0.081137 0.954627 -0.216044
9769.000000 -2.150974 -50.090742 -38.713165 0.185895 0.088937 0.954770 -0.214355
9770.000000 -2.123940 -50.946494 -37.907946 0.187906 0.099881 0.953779 -0.212181
9771.000000 -2.285538 -51.966362 -36.831473 0.192964 0.112439 0.951897 -0.209798
9772.000000 -2.583434 -52.972194 -35.657777 0.199784 0.125135 0.949414 -0.207461
9773.000000 -2.936031 -53.894952 -34.545552 0.207302 0.136750 0.946647 -0.205387
9774.000000 -3.296443 -54.663480 -33.612487 0.214751 0.146453 0.943890 -0.203731
9775.000000 -3.650203 -55.247488 -32.929846 0.221648 0.153827 0.941368 -0.202576
9776.000000 -3.974927 -55.656362 -32.526169 0.227732 0.158789 0.939225 -0.201942
9777.000000 -4.277720 -55.898230 -32.402039 0.232918 0.161438 0.937527 -0.201815
9778.000000 -4.555525 -55.988950 -32.543929 0.237262 0.161924 0.936275 -0.202178
9779.000000 -4.814696 -55.936704 -32.930633 0.240904 0.160417 0.935424 -0.203013
9780.000000 -5.070394 -55.761128 -33.528633 0.244005 0.157165 0.934897 -0.204275
9781.000000 -5.322309 -55.490978 -34.285280 0.246713 0.152577 0.934597 -0.205870
9782.000000 -5.578113 -55.160642 -35.123728 0.249222 0.147265 0.934391 -0.207642
9783.000000 -5.850742 -54.831126 -35.937805 0.251907 0.142059 0.934087 -0.209390
9784.000000 -6.181492 -54.595676 -36.594127 0.255410 0.137967 0.933415 -0.210875
9785.000000 -6.593344 -54.535096 -36.964476 0.260420 0.135939 0.932103 -0.211865
9786.000000 -7.080360 -54.686156 -37.006424 0.266985 0.136322 0.930100 -0.212247
9787.000000 -7.559085 -54.969321 -36.868652 0.273636 0.138245 0.927901 -0.212161
9788.000000 -7.728108 -55.079269 -36.838697 0.276074 0.139164 0.927063 -0.212063
9789.000000 -7.331777 -54.823484 -36.941499 0.270465 0.137201 0.928966 -0.212241
9790.000000 -6.827319 -54.589522 -37.022596 0.263555 0.135849 0.931174 -0.212131
9791.000000 -6.373619 -54.542214 -36.820982 0.257697 0.136651 0.932851 -0.211443
9792.000000 -6.009208 -54.694408 -36.294592 0.253508 0.139808 0.933815 -0.210181
9793.000000 -5.713526 -54.987239 -35.541713 0.250508 0.144588 0.934266 -0.208534
9794.000000 -5.450269 -55.328678 -34.700181 0.247975 0.149965 0.934492 -0.206745
9795.000000 -5.195836 -55.637698 -33.891250 0.245398 0.155005 0.934726 -0.205039
9796.000000 -4.942703 -55.864574 -33.205961 0.242513 0.158988 0.935125 -0.203595
9797.000000 -4.685462 -55.980584 -32.708445 0.239160 0.161407 0.935804 -0.202539
9798.000000 -4.416481 -55.960553 -32.441832 0.235187 0.161942 0.936848 -0.201936
9799.000000 -4.129054 -55.798251 -32.429854 0.230436 0.160394 0.938319 -0.201816
9800.000000 -3.815850 -55.473777 -32.692661 0.224800 0.156605 0.940243 -0.202194
9801.000000 -3.472345 -54.975622 -33.236986 0.218289 0.150442 0.942588 -0.203088
9802.000000 -3.113286 -54.299918 -34.050964 0.211071 0.141876 0.945251 -0.204500
9803.000000 -2.755754 -53.451771 -35.085846 0.203511 0.131140 0.948047 -0.206380
9804.000000 -2.421743 -52.478407 -36.246368 0.196227 0.118854 0.950711 -0.208609
9805.000000 -2.184542 -51.444925 -37.392680 0.190137 0.106054 0.952932 -0.210999
9806.000000 -2.108312 -50.491950 -38.355647 0.186436 0.094110 0.954402 -0.213311
9807.000000 -2.267474 -49.766245 -38.959383 0.186444 0.084554 0.954853 -0.215277
9808.000000 -2.739253 -49.403528 -39.040355 0.191370 0.078841 0.954063 -0.216623
9809.000000 -3.569428 -49.521059 -38.467915 0.202038 0.078047 0.951816 -0.217105
9810.000000 -4.727390 -50.133114 -37.165935 0.218619 0.082593 0.947886 -0.216555
9811.000000 -6.133207 -51.164669 -35.130761 0.240452 0.092128 0.942076 -0.214913
9812.000000 -7.644035 -52.461224 -32.440105 0.266061 0.105700 0.934344 -0.212229
9813.000000 -9.098257 -53.862444 -29.231364 0.293409 0.122174 0.924918 -0.208592
9814.000000 -10.358973 -55.233770 -25.665110 0.320356 0.140645 0.914306 -0.204047
9815.000000 -11.340138 -56.484673 -21.883765 0.345155 0.160577 0.903139 -0.198554
9816.000000 -12.045742 -57.552758 -17.995292 0.366887 0.181601 0.891919 -0.192081
9817.000000 -12.520710 -58.409642 -14.084382 0.385678 0.203142 0.880815 -0.184801
9818.000000 -12.837741 -59.038565 -10.247718 0.402575 0.224122 0.869637 -0.177296
9819.000000 -13.059555 -59.436943 -6.643385 0.418939 0.242855 0.858136 -0.170628
9820.000000 -13.187420 -59.627753 -3.539575 0.435466 0.257151 0.846539 -0.166177
9821.000000 -13.224484 -59.681467 -1.324437 0.451313 0.264621 0.836050 -0.165265
9822.000000 -13.205181 -59.687698 -0.443049 0.463936 0.263187 0.828867 -0.168749
9823.000000 -13.208014 -59.703953 -1.269203 0.469853 0.251677 0.827430 -0.176795
9824.000000 -13.228806 -59.614446 -3.969016 0.465929 0.230161 0.833208 -0.188945
9825.000000 -13.171092 -59.196147 -8.446340 0.450397 0.199784 0.845850 -0.204370
9826.000000 -12.768319 -58.152426 -14.371045 0.423148 0.162159 0.863307 -0.222151
9827.000000 -11.791671 -56.164114 -21.265571 0.385394 0.118800 0.882644 -0.241450
9828.000000 -10.094461 -53.081620 -28.580033 0.339390 0.071066 0.900779 -0.261461
9829.000000 -7.761224 -48.876145 -35.673654 0.288687 0.020669 0.914964 -0.281200
9830.000000 -5.109346 -43.848725 -41.890728 0.238431 -0.029805 0.923386 -0.299366
9831.000000 -2.664807 -38.576129 -46.750313 0.194660 -0.077044 0.925867 -0.314550
9832.000000 -0.919949 -33.711743 -50.117090 0.162412 -0.117941 0.923912 -0.325727
9833.000000 -0.196657 -29.837491 -52.192680 0.143895 -0.150669 0.919750 -0.332646
9834.000000 -0.483073 -27.116874 -53.308230 0.138088 -0.175150 0.915145 -0.335805
9835.000000 -1.523902 -25.442861 -53.766877 0.141851 -0.192722 0.910911 -0.336122
9836.000000 -3.007799 -24.497232 -53.798018 0.151575 -0.205352 0.907148 -0.334572
9837.000000 -4.691303 -23.987587 -53.563561 0.164293 -0.214905 0.903674 -0.331959
9838.000000 -6.405041 -23.690033 -53.175675 0.177955 -0.222783 0.900300 -0.328877
9839.000000 -8.040585 -23.453476 -52.715052 0.191191 -0.229900 0.896923 -0.325764
9840.000000 -9.519115 -23.177533 -52.243499 0.203073 -0.236806 0.893525 -0.322950
9841.000000 -10.795169 -22.836212 -51.803327 0.213039 -0.243767 0.890150 -0.320664
9842.000000 -11.864831 -22.408882 -51.420914 0.220823 -0.250850 0.886864 -0.319035
9843.000000 -12.680713 -21.877603 -51.113342 0.226257 -0.258039 0.883743 -0.318155
9844.000000 -13.228115 -21.228799 -50.904254 0.229027 -0.265371 0.880848 -0.318169
9845.000000 -13.463212 -20.439066 -50.825829 0.228565 -0.272982 0.878220 -0.319324
9846.000000 -13.334469 -19.470178 -50.907628 0.224234 -0.281021 0.875861 -0.321891
9847.000000 -12.788091 -18.292752 -51.147671 0.215739 -0.289514 0.873709 -0.325994
9848.000000 -11.893479 -16.934134 -51.498200 0.203559 -0.298271 0.871637 -0.331431
9849.000000 -10.757307 -15.475157 -51.868826 0.189128 -0.306914 0.869511 -0.337617
9850.000000 -9.596508 -14.066589 -52.166915 0.174565 -0.314996 0.867278 -0.343707
9851.000000 -8.591434 -12.807820 -52.327563 0.161987 -0.322167 0.865015 -0.348881
9852.000000 -7.876144 -11.777305 -52.336828 0.152778 -0.328282 0.862867 -0.352633
9853.000000 -7.516031 -11.009029 -52.214591 0.147245 -0.333418 0.860936 -0.354880
9854.000000 -7.450189 -10.450413 -51.996949 0.144795 -0.337807 0.859226 -0.355882
9855.000000 -7.570443 -10.030036 -51.719173 0.144425 -0.341749 0.857661 -0.356044
9856.000000 -7.807855 -9.670417 -51.409350 0.145174 -0.345544 0.856135 -0.355749
9857.000000 -8.094739 -9.325189 -51.086620 0.146378 -0.349458 0.854541 -0.355263
9858.000000 -8.407687 -8.956466 -50.760206 0.147723 -0.353693 0.852795 -0.354710
9859.000000 -8.747133 -8.549691 -50.430500 0.149180 -0.358337 0.850854 -0.354101
9860.000000 -9.127611 -8.134152 -50.091405 0.150905 -0.363304 0.848747 -0.353364
9861.000000 -9.559271 -7.717117 -49.733003 0.153130 -0.368316 0.846588 -0.352398
9862.000000 -10.031810 -7.385779 -49.347072 0.156067 -0.372979 0.844544 -0.351105
9863.000000 -10.574368 -7.139343 -48.927604 0.159822 -0.376955 0.842768 -0.349435
9864.000000 -11.136298 -7.012130 -48.476854 0.164299 -0.380153 0.841300 -0.347425
9865.000000 -11.713285 -6.937168 -48.006164 0.169138 -0.382834 0.840026 -0.345234
9866.000000 -12.264012 -6.857046 -47.535391 0.173750 -0.385538 0.838707 -0.343135
9867.000000 -12.755831 -6.679846 -47.087472 0.177488 -0.388890 0.837066 -0.341442
9868.000000 -13.159118 -6.349938 -46.679840 0.179879 -0.393373 0.834886 -0.340392
9869.000000 -13.471345 -5.842372 -46.315774 0.180788 -0.399162 0.832072 -0.340061
9870.000000 -13.706342 -5.179727 -45.984761 0.180418 -0.406096 0.828671 -0.340351
9871.000000 -13.889885 -4.411411 -45.668990 0.179166 -0.413769 0.824848 -0.341059
9872.000000 -14.032491 -3.608481 -45.353265 0.177441 -0.421698 0.820816 -0.341975
9873.000000 -14.162172 -2.804543 -45.028534 0.175528 -0.429498 0.816766 -0.342951
9874.000000 -14.261721 -2.033111 -44.694507 0.173516 -0.436966 0.812806 -0.343947
9875.000000 -14.346290 -1.291756 -44.355531 0.171314 -0.444084 0.808953 -0.345017
9876.000000 -14.373196 -0.558094 -44.017468 0.168734 -0.450970 0.805144 -0.346264
9877.000000 -14.362160 0.192073 -43.682877 0.165610 -0.457841 0.801252 -0.347778
9878.000000 -14.306960 0.988073 -43.348495 0.161853 -0.465011 0.797088 -0.349599
9879.000000 -14.221324 1.866280 -43.006619 0.157405 -0.472844 0.792417 -0.351736
9880.000000 -14.104183 2.865062 -42.648577 0.152152 -0.481609 0.787037 -0.354225
9881.000000 -13.935332 3.972144 -42.268927 0.146009 -0.491260 0.780914 -0.357098
9882.000000 -13.746856 5.124000 -41.864632 0.139194 -0.501300 0.774303 -0.360248
9883.000000 -13.554902 6.237983 -41.433043 0.132459 -0.510908 0.767750 -0.363301
9884.000000 -13.435765 7.190330 -40.975787 0.127003 -0.519291 0.761918 -0.365634
9885.000000 -13.462137 7.900453 -40.492770 0.124051 -0.526046 0.757309 -0.366566
9886.000000 -13.702575 8.338833 -39.977490 0.124433 -0.531280 0.754062 -0.365579
9887.000000 -14.189536 8.558387 -39.416527 0.128430 -0.535442 0.751971 -0.362420
9888.000000 -14.967229 8.540110 -38.790213 0.135782 -0.539038 0.750634 -0.357141
9889.000000 -15.905110 8.454947 -38.086224 0.145613 -0.542475 0.749585 -0.350202
9890.000000 -16.914114 8.340890 -37.322496 0.156321 -0.546083 0.748329 -0.342581
9891.000000 -17.807604 8.339985 -36.549777 0.165773 -0.550173 0.746421 -0.335684
9892.000000 -18.484131 8.493172 -35.830384 0.172042 -0.554923 0.743630 -0.330872
9893.000000 -18.868975 8.802860 -35.214786 0.174343 -0.560099 0.740130 -0.328788
9894.000000 -18.983841 9.201756 -34.711523 0.173493 -0.564934 0.736562 -0.328976
9895.000000 -18.958606 9.533002 -34.296990 0.171440 -0.568441 0.733815 -0.330149
9896.000000 -18.903720 9.717004 -33.935800 0.170068 -0.570041 0.732509 -0.331000
9897.000000 -18.907760 9.719366 -33.599189 0.170080 -0.570056 0.732499 -0.330990
9898.000000 -18.931433 9.695706 -33.254013 0.170752 -0.569673 0.732846 -0.330536
9899.000000 -18.945499 9.750634 -32.886405 0.170716 -0.570357 0.732340 -0.330495
9900.000000 -18.933091 9.979319 -32.482259 0.169115 -0.573120 0.730145 -0.331394
9901.000000 -18.899775 10.419187 -32.019887 0.166218 -0.578139 0.726111 -0.333001
9902.000000 -18.901742 11.006830 -31.477170 0.163108 -0.584906 0.720671 -0.334536
9903.000000 -18.993133 11.627385 -30.848062 0.160847 -0.592654 0.714488 -0.335256
9904.000000 -19.173414 12.217761 -30.150677 0.159836 -0.600699 0.708127 -0.334915
9905.000000 -19.417334 12.762578 -29.413573 0.159774 -0.608613 0.701888 -0.333791
9906.000000 -19.678143 13.265753 -28.665407 0.160056 -0.616232 0.695820 -0.332379
9907.000000 -19.919892 13.737160 -27.923778 0.160182 -0.623556 0.689855 -0.331087
9908.000000 -20.125139 14.201653 -27.197873 0.159887 -0.630591 0.683957 -0.330142
9909.000000 -20.283353 14.644854 -26.495461 0.159092 -0.637276 0.678168 -0.329632
9910.000000 -20.384153 15.061298 -25.817205 0.157905 -0.643600 0.672524 -0.329478
9911.000000 -20.490442 15.478316 -25.137053 0.156684 -0.649769 0.666920 -0.329345
9912.000000 -20.671405 15.879849 -24.417801 0.155941 -0.656168 0.661120 -0.328704
9913.000000 -20.856642 16.272222 -23.632890 -0.156003 0.663049 -0.654960 0.327194
9914.000000 -21.067692 16.645221 -22.799178 -0.156663 0.670207 -0.648568 0.325022
9915.000000 -21.276823 17.003470 -21.982447 -0.157157 0.676956 -0.642404 0.323031
9916.000000 -21.396384 17.307991 -21.278400 -0.156521 0.682442 -0.637078 0.322344
9917.000000 -21.372756 17.557473 -20.760243 -0.154076 0.686005 -0.633090 0.323813
9918.000000 -21.193815 17.745491 -20.450532 -0.149762 0.687385 -0.630677 0.327596
9919.000000 -20.910926 17.858736 -20.318337 -0.144202 0.686724 -0.629824 0.333074
9920.000000 -20.575683 17.896770 -20.298023 -0.138498 0.684434 -0.630387 0.339087
9921.000000 -20.264890 17.857466 -20.323979 -0.133807 0.681012 -0.632212 0.344422
9922.000000 -20.009124 17.733983 -20.347493 -0.130863 0.676830 -0.635174 0.348324
9923.000000 -19.823524 17.538879 -20.369340 -0.129667 0.672005 -0.639172 0.350792
9924.000000 -19.645041 17.277555 -20.410183 -0.129524 0.666400 -0.644105 0.352509
9925.000000 -19.486417 16.966840 -20.510707 -0.129417 0.659764 -0.649874 0.354438
9926.000000 -19.227739 16.616734 -20.695442 0.128554 -0.651927 0.656363 -0.357285
9927.000000 -18.918532 16.236781 -20.953483 0.126824 -0.643002 0.663397 -0.361066
9928.000000 -18.601169 15.835492 -21.233379 0.124915 -0.633499 0.670689 -0.365038
9929.000000 -18.326678 15.411387 -21.455586 0.124008 -0.624247 0.677855 -0.368036
9930.000000 -18.159793 15.001164 -21.548060 0.125225 -0.616154 0.684480 -0.368999
9931.000000 -18.169470 14.598933 -21.464644 0.129138 -0.609876 0.690211 -0.367401
9932.000000 -18.361831 14.236348 -21.203242 0.135531 -0.605554 0.694877 -0.363430
9933.000000 -18.661470 13.911964 -20.809949 0.143451 -0.602746 0.698572 -0.357932
9934.000000 -18.967089 13.619598 -20.364174 0.151517 -0.600614 0.701645 -0.352136
9935.000000 -19.199376 13.361390 -19.948675 0.158451 -0.598318 0.704538 -0.347180
9936.000000 -19.401378 13.122361 -19.609044 0.163572 -0.595395 0.707555 -0.343678
9937.000000 -19.496204 12.899056 -19.351521 0.166880 -0.591840 0.710748 -0.341634
9938.000000 -19.478194 12.689665 -19.156190 0.168627 -0.587868 0.714015 -0.340822
9939.000000 -19.387774 12.504526 -19.022979 0.168775 -0.583579 0.717286 -0.341249
9940.000000 -19.200178 12.343806 -18.970769 0.166858 -0.578846 0.720599 -0.343267
9941.000000 -18.923171 12.206712 -19.024416 0.162315 -0.573454 0.724015 -0.347285
9942.000000 -18.497861 12.099462 -19.185155 0.154933 -0.567312 0.727498 -0.353411
9943.000000 -17.950660 12.016744 -19.429797 0.144972 -0.560524 0.730897 -0.361366
9944.000000 -17.301529 11.963952 -19.722011 0.132960 -0.553287 0.734028 -0.370673
9945.000000 -16.572963 11.936843 -20.032396 0.119380 -0.545742 0.736764 -0.380910
9946.000000 -15.773765 11.936985 -20.345684 0.104489 -0.537884 0.739066 -0.391847
9947.000000 -14.905754 11.949889 -20.658449 0.088286 -0.529582 0.740931 -0.403446
9948.000000 -13.952224 11.991420 -20.967845 0.070567 -0.520720 0.742289 -0.415786
9949.000000 -12.907889 12.064587 -21.261763 0.051015 -0.511390 0.742893 -0.428938
9950.000000 -11.772979 12.208406 -21.508883 0.029355 -0.502059 0.742278 -0.442830
9951.000000 -10.569104 12.455984 -21.660769 0.005606 -0.493547 0.739883 -0.457113
9952.000000 -9.359954 12.826009 -21.668959 -0.019608 -0.486727 0.735368 -0.471111
9953.000000 -8.213698 13.296983 -21.507495 -0.044879 -0.482100 0.728956 -0.483930
9954.000000 -7.221217 13.804634 -21.195389 -0.068185 -0.479513 0.721571 -0.494726
9955.000000 -6.434716 14.264745 -20.791852 -0.087476 -0.478260 0.714568 -0.502998
9956.000000 -5.881499 14.614197 -20.369760 -0.101410 -0.477487 0.709171 -0.508722
9957.000000 -5.539213 14.818914 -19.981146 -0.109752 -0.476636 0.705976 -0.512221
9958.000000 -5.372324 14.888307 -19.638952 -0.113202 -0.475663 0.704860 -0.513909
9959.000000 -5.365594 14.863119 -19.323357 -0.112929 -0.474967 0.705229 -0.514106
9960.000000 -5.466427 14.792752 -19.002742 -0.110283 -0.475102 0.706300 -0.513084
9961.000000 -5.609273 14.756366 -18.644879 -0.106844 -0.476490 0.707232 -0.511238
9962.000000 -5.743477 14.799285 -18.229044 -0.104395 -0.479268 0.707217 -0.509164
9963.000000 -5.842649 14.922531 -17.744542 -0.104338 -0.483287 0.705719 -0.507452
9964.000000 -5.867939 15.133110 -17.204919 -0.106840 -0.488111 0.702807 -0.506355
9965.000000 -5.882176 15.341504 -16.656692 -0.110640 -0.492818 0.699340 -0.505779
9966.000000 -5.872902 15.484967 -16.178179 -0.113979 -0.495630 0.696771 -0.505836
9967.000000 -5.745429 15.479956 -15.891134 -0.115876 -0.493673 0.696666 -0.507461
9968.000000 -5.462745 15.219303 -15.919548 -0.116419 -0.483420 0.700252 -0.512249
9969.000000 -5.055604 14.592021 -16.326676 -0.115751 -0.462080 0.708122 -0.521198
9970.000000 -4.483583 13.568932 -17.061645 -0.112902 -0.429495 0.719941 -0.533360
9971.000000 -3.826302 12.230274 -17.931957 -0.105895 -0.389445 0.734276 -0.545855
9972.000000 -3.285308 10.741859 -18.703931 -0.093302 -0.349077 0.748900 -0.555508
9973.000000 -3.032115 9.289336 -19.191935 -0.075801 -0.316049 0.761614 -0.560634
9974.000000 -3.120450 8.125888 -19.351805 -0.056181 -0.294927 0.771077 -0.561518
9975.000000 -3.456859 7.352317 -19.250403 -0.037824 -0.285225 0.777138 -0.559708
9976.000000 -3.859378 6.874706 -18.994896 -0.023071 -0.282264 0.780680 -0.557076
9977.000000 -4.137145 6.557160 -18.704578 -0.012612 -0.279961 0.783117 -0.555149
9978.000000 -4.221983 6.237365 -18.466021 -0.005934 -0.273710 0.785703 -0.554724
9979.000000 -4.101435 5.813945 -18.304964 -0.002167 -0.261880 0.788968 -0.555827
9980.000000 -3.811913 5.296438 -18.192390 -0.000748 -0.245627 0.792662 -0.557991
9981.000000 -3.415382 4.791851 -18.081760 -0.001634 -0.227587 0.796140 -0.560680
9982.000000 -2.950894 4.354552 -17.936655 -0.005074 -0.210334 0.798852 -0.563532
9983.000000 -2.460361 4.027495 -17.744086 -0.011103 -0.195296 0.800598 -0.566374
9984.000000 -1.979235 3.806252 -17.512114 -0.019112 -0.182450 0.801532 -0.569116
9985.000000 -1.506943 3.644088 -17.253962 -0.027869 -0.170688 0.802018 -0.571713
9986.000000 -1.039495 3.469334 -16.983641 -0.036013 -0.158583 0.802434 -0.574155
9987.000000 -0.591086 3.243268 -16.710907 -0.042640 -0.145219 0.802992 -0.576452
9988.000000 -0.187960 2.960607 -16.434910 -0.047538 -0.130788 0.803676 -0.578567
9989.000000 0.155036 2.672562 -16.148355 -0.050920 -0.116709 0.804331 -0.580378
9990.000000 0.425527 2.414597 -15.843154 -0.052923 -0.105149 0.804830 -0.581715
9991.000000 0.560276 2.237871 -15.521939 -0.053312 -0.098034 0.805169 -0.582452
9992.000000 0.568002 2.144535 -15.191630 -0.051664 -0.095924 0.805438 -0.582579
9993.000000 0.450922 2.117394 -14.857892 -0.047893 -0.097394 0.805734 -0.582249
9994.000000 0.323023 2.061363 -14.527876 -0.042602 -0.099552 0.806121 -0.581758
9995.000000 0.220357 1.951232 -14.205733 -0.036893 -0.099587 0.806639 -0.581425
9996.000000 0.118668 1.838937 -13.887824 -0.031740 -0.096344 0.807271 -0.581398
9997.000000 0.082905 1.667553 -13.574464 -0.027485 -0.090689 0.807938 -0.581597
9998.000000 0.110032 1.459798 -13.254804 -0.023863 -0.084460 0.808552 -0.581843
9999.000000 0.139758 1.293303 -12.930374 -0.020429 -0.078986 0.809072 -0.582019
10000.000000 0.133419 1.144673 -12.602228 -0.016924 -0.074390 0.809520 -0.582114
10001.000000 0.128408 1.007817 -12.272174 -0.013353 -0.069945 0.809936 -0.582179
10002.000000 0.130116 0.868402 -11.941362 -0.009893 -0.064822 0.810351 -0.582264
10003.000000 0.149703 0.710942 -11.609436 -0.006827 -0.058536 0.810766 -0.582396
10004.000000 0.204595 0.544494 -11.275536 -0.004442 -0.050967 0.811166 -0.582574
10005.000000 0.296517 0.382208 -10.939265 -0.002767 -0.042284 0.811530 -0.582773
10006.000000 0.368802 0.201256 -10.598972 -0.001261 -0.033010 0.811843 -0.582940
10007.000000 0.416107 0.021582 -10.255945 0.001175 -0.024130 0.812097 -0.583022
10008.000000 0.438324 -0.127450 -9.913233 0.005653 -0.016975 0.812278 -0.582996
10009.000000 0.381838 -0.263250 -9.570515 0.012455 -0.012812 0.812358 -0.582885
10010.000000 0.289053 -0.362531 -9.229924 0.020500 -0.012306 0.812310 -0.582735
10011.000000 0.169043 -0.394164 -8.890050 0.027657 -0.015174 0.812144 -0.582603
10012.000000 0.074116 -0.365024 -8.550623 0.031851 -0.020212 0.811922 -0.582546
10013.000000 0.009926 -0.319167 -8.212169 0.032272 -0.025711 0.811713 -0.582597
10014.000000 -0.026850 -0.256983 -7.873969 0.029792 -0.030078 0.811559 -0.582734
10015.000000 -0.008351 -0.198877 -7.533096 0.026266 -0.032378 0.811479 -0.582893
10016.000000 0.022492 -0.157825 -7.191533 0.023281 -0.032583 0.811472 -0.583018
10017.000000 0.062365 -0.141125 -6.849049 0.021366 -0.031490 0.811512 -0.583095
10018.000000 0.091200 -0.141410 -6.506250 0.020151 -0.030451 0.811550 -0.583141
10019.000000 0.081612 -0.132473 -6.164357 0.019096 -0.031071 0.811525 -0.583179
10020.000000 0.063415 -0.095181 -5.822748 0.018078 -0.034849 0.811375 -0.583206
10021.000000 0.029225 -0.028635 -5.481580 0.017444 -0.042672 0.811038 -0.583174
10022.000000 -0.030016 0.056737 -5.139358 0.017686 -0.054286 0.810465 -0.582998
10023.000000 -0.110477 0.142655 -4.793903 0.019085 -0.068102 0.809669 -0.582609
10024.000000 -0.185387 0.209351 -4.446145 0.021544 -0.081663 0.808769 -0.582030
10025.000000 -0.234601 0.261612 -4.099209 0.024639 -0.092607 0.807965 -0.581386
10026.000000 -0.312236 0.331696 -3.754103 0.027802 -0.099543 0.807439 -0.580828
10027.000000 -0.335963 0.318585 -3.408893 0.030487 -0.102299 0.807265 -0.580456
10028.000000 -0.349111 0.313240 -3.067565 0.032190 -0.101513 0.807403 -0.580310
10029.000000 -0.329344 0.312014 -2.728648 0.032266 -0.097981 0.807759 -0.580418
10030.000000 -0.321189 0.301258 -2.391850 0.029565 -0.092297 0.808224 -0.580846
10031.000000 -0.289160 0.286260 -2.056864 0.022078 -0.085016 0.808644 -0.581704
10032.000000 -0.224001 0.291040 -1.721700 0.007087 -0.077133 0.808734 -0.583052
10033.000000 -0.189113 0.325314 -1.386617 -0.017544 -0.070242 0.808001 -0.584716
10034.000000 -0.170828 0.343823 -1.048158 -0.051114 -0.065923 0.805875 -0.586180
10035.000000 -0.150559 0.337895 -0.706218 -0.088463 -0.064716 0.802242 -0.586851
10036.000000 -0.157749 0.296201 -0.366401 -0.121137 -0.065660 0.798054 -0.586622
10037.000000 -0.222272 0.220383 -0.040448 -0.141490 -0.066991 0.794994 -0.586069
10038.000000 -0.195274 0.257391 0.116748 -0.147208 -0.066891 0.796306 -0.582882
10039.000000 -0.187795 0.262869 0.116814 -0.149818 -0.064787 0.804670 -0.570845
10040.000000 -0.180155 0.268121 0.116909 -0.152395 -0.062669 0.812851 -0.558678
10041.000000 -0.168436 0.266998 -0.190407 -0.138784 -0.061887 0.815030 -0.559138
10042.000000 -0.126110 0.326426 -0.510698 -0.111050 -0.061047 0.819003 -0.559620
10043.000000 -0.139520 0.357336 -0.840126 -0.074331 -0.061709 0.823229 -0.559430
10044.000000 -0.157972 0.342734 -1.168964 -0.037429 -0.065258 0.826217 -0.558306
10045.000000 -0.185247 0.324384 -1.493182 -0.007616 -0.071796 0.827594 -0.556664
10046.000000 -0.229226 0.292440 -1.814829 0.012256 -0.080055 0.827822 -0.555113
10047.000000 -0.288826 0.307697 -2.137380 0.023288 -0.088299 0.827493 -0.554000
10048.000000 -0.308310 0.325111 -2.460309 0.028226 -0.095271 0.826998 -0.553354
10049.000000 -0.313676 0.336092 -2.785229 0.029554 -0.100422 0.826534 -0.553067
10050.000000 -0.332666 0.337972 -3.111987 0.028832 -0.103458 0.826204 -0.553039
10051.000000 -0.315335 0.346581 -3.441121 0.026891 -0.103855 0.826096 -0.553224
10052.000000 -0.287876 0.353853 -3.773871 0.024231 -0.100800 0.826300 -0.553607
10053.000000 -0.215662 0.278594 -4.106634 0.021292 -0.093637 0.826855 -0.554157
10054.000000 -0.169871 0.223442 -4.441129 0.018571 -0.082523 0.827686 -0.554780
10055.000000 -0.098970 0.150919 -4.776355 0.016570 -0.068828 0.828610 -0.555333
10056.000000 -0.023543 0.058988 -5.109262 0.015630 -0.054894 0.829422 -0.555699
10057.000000 0.031806 -0.031279 -5.438937 0.015779 -0.043158 0.830005 -0.555860
10058.000000 0.061304 -0.101346 -5.767384 0.016701 -0.035202 0.830348 -0.555882
10059.000000 0.075392 -0.141410 -6.096357 0.017880 -0.031300 0.830501 -0.555850
10060.000000 0.083097 -0.151495 -6.425775 0.018913 -0.030629 0.830528 -0.555813
10061.000000 0.064997 -0.144931 -6.755705 0.019855 -0.031801 0.830485 -0.555778
10062.000000 0.022443 -0.146685 -7.086005 0.021294 -0.033328 0.830428 -0.555720
10063.000000 -0.011530 -0.176474 -7.415312 0.023904 -0.033890 0.830407 -0.555612
10064.000000 -0.047343 -0.228006 -7.744220 0.027626 -0.032542 0.830455 -0.555448
10065.000000 -0.038282 -0.296901 -8.070361 0.031195 -0.028968 0.830578 -0.555273
10066.000000 0.007937 -0.358059 -8.396087 0.032598 -0.023677 0.830768 -0.555159
10067.000000 0.084037 -0.405809 -8.722143 0.030299 -0.017956 0.831001 -0.555155
10068.000000 0.206866 -0.417462 -9.049598 0.024309 -0.013493 0.831218 -0.555251
10069.000000 0.320715 -0.356264 -9.376642 0.016263 -0.011810 0.831345 -0.555393
10070.000000 0.415488 -0.241474 -9.706103 0.008466 -0.013730 0.831342 -0.555527
10071.000000 0.439745 -0.106026 -10.036223 0.002620 -0.019118 0.831224 -0.555603
10072.000000 0.410859 0.056236 -10.367202 -0.000898 -0.027010 0.831020 -0.555585
10073.000000 0.363466 0.239695 -10.697291 -0.002887 -0.036048 0.830749 -0.555471
10074.000000 0.293338 0.415541 -11.023763 -0.004554 -0.045013 0.830420 -0.555299
10075.000000 0.221327 0.579263 -11.346601 -0.006736 -0.053131 0.830043 -0.555122
10076.000000 0.191501 0.744473 -11.667420 -0.009619 -0.060065 0.829638 -0.554979
10077.000000 0.189418 0.894201 -11.986650 -0.012965 -0.065740 0.829228 -0.554879
10078.000000 0.199929 1.023806 -12.305281 -0.016482 -0.070295 0.828832 -0.554819
10079.000000 0.216624 1.151946 -12.623411 -0.019997 -0.074222 0.828441 -0.554776
10080.000000 0.231593 1.289100 -12.939773 -0.023429 -0.078388 0.828018 -0.554700
10081.000000 0.210578 1.450934 -13.252308 -0.026808 -0.083604 0.827515 -0.554537
10082.000000 0.189199 1.657648 -13.559692 -0.030374 -0.089806 0.826907 -0.554290
10083.000000 0.223487 1.834510 -13.860692 -0.034560 -0.095622 0.826234 -0.554076
10084.000000 0.322500 1.943927 -14.165018 -0.039648 -0.099019 0.825596 -0.554090
10085.000000 0.444854 2.038352 -14.476040 -0.045353 -0.098852 0.825086 -0.554441
10086.000000 0.576606 2.085724 -14.793025 -0.050752 -0.096070 0.824722 -0.555002
10087.000000 0.720590 2.079640 -15.115898 -0.054766 -0.093477 0.824460 -0.555454
10088.000000 0.749528 2.146055 -15.436459 -0.056788 -0.094172 0.824226 -0.555481
10089.000000 0.659819 2.300340 -15.749192 -0.056926 -0.099910 0.823921 -0.554916
10090.000000 0.433843 2.553692 -16.047250 -0.055661 -0.110461 0.823443 -0.553753
10091.000000 0.133191 2.873569 -16.327918 -0.053295 -0.124094 0.822765 -0.552103
10092.000000 -0.221585 3.170387 -16.592431 -0.049674 -0.138610 0.821993 -0.550133
10093.000000 -0.619339 3.454394 -16.855651 -0.044403 -0.152313 0.821311 -0.547976
10094.000000 -1.055737 3.659292 -17.118165 -0.037359 -0.164572 0.820820 -0.545687
10095.000000 -1.502663 3.834405 -17.376635 -0.029116 -0.175895 0.820414 -0.543263
10096.000000 -1.952218 4.025210 -17.617369 -0.020927 -0.187545 0.819773 -0.540704
10097.000000 -2.406545 4.301690 -17.826601 -0.014217 -0.200876 0.818505 -0.538049
10098.000000 -2.851277 4.699023 -17.991871 -0.009949 -0.216605 0.816316 -0.535361
10099.000000 -3.251322 5.193808 -18.110897 -0.008311 -0.234240 0.813186 -0.532721
10100.000000 -3.578860 5.736041 -18.204614 -0.008944 -0.251929 0.809457 -0.530313
10101.000000 -3.791150 6.248258 -18.313914 -0.011479 -0.266949 0.805774 -0.528521
10102.000000 -3.837132 6.629656 -18.485852 -0.016000 -0.276855 0.802767 -0.527883
10103.000000 -3.683930 6.893046 -18.740884 -0.023176 -0.280940 0.800564 -0.528803
10104.000000 -3.344059 7.155019 -19.041784 -0.034005 -0.281336 0.798471 -0.531166
10105.000000 -2.880862 7.583485 -19.295240 -0.049149 -0.282973 0.795131 -0.534114
10106.000000 -2.484416 8.332643 -19.382203 -0.068056 -0.291961 0.789110 -0.536128
10107.000000 -2.321524 9.500914 -19.200547 -0.088450 -0.312779 0.779555 -0.535387
10108.000000 -2.490808 10.979250 -18.689133 -0.106886 -0.345669 0.766655 -0.530404
10109.000000 -2.952511 12.505644 -17.897967 -0.120414 -0.385946 0.751788 -0.520924
10110.000000 -3.542992 13.879312 -17.012630 -0.128213 -0.425953 0.737183 -0.508612
10111.000000 -4.064411 14.932122 -16.263355 -0.131703 -0.458577 0.725077 -0.496614
10112.000000 -4.426717 15.588597 -15.837941 -0.132967 -0.480029 0.716888 -0.487814
10113.000000 -4.675378 15.879287 -15.788040 -0.133045 -0.490439 0.712954 -0.483183
10114.000000 -4.804576 15.896621 -16.052320 -0.131659 -0.492579 0.712760 -0.481669
10115.000000 -4.823330 15.764273 -16.513761 -0.128428 -0.489964 0.715215 -0.481569
10116.000000 -4.832929 15.547929 -17.053044 -0.124137 -0.485417 0.718848 -0.481890
10117.000000 -4.837221 15.319802 -17.591286 -0.120675 -0.480614 0.722172 -0.482612
10118.000000 -4.780187 15.164499 -18.079858 -0.119732 -0.476384 0.724177 -0.484035
10119.000000 -4.640209 15.094866 -18.502328 -0.121593 -0.473159 0.724612 -0.486079
10120.000000 -4.493541 15.106318 -18.861942 -0.125088 -0.471199 0.723875 -0.488189
10121.000000 -4.357645 15.164496 -19.176600 -0.128478 -0.470558 0.722680 -0.489697
10122.000000 -4.301395 15.225092 -19.471554 -0.130222 -0.470996 0.721778 -0.490144
10123.000000 -4.371009 15.229199 -19.778715 -0.129085 -0.472031 0.721888 -0.489286
10124.000000 -4.613021 15.125991 -20.125228 -0.123908 -0.473168 0.723674 -0.486883
10125.000000 -5.037795 14.893688 -20.521003 -0.113666 -0.474195 0.727565 -0.482564
10126.000000 -5.685564 14.537431 -20.938487 -0.097949 -0.475384 0.733428 -0.475919
10127.000000 -6.561628 14.107978 -21.315499 -0.077409 -0.477437 0.740412 -0.466746
10128.000000 -7.624217 13.673487 -21.580964 -0.053717 -0.481180 0.747201 -0.455269
10129.000000 -8.801226 13.310427 -21.687999 -0.028963 -0.487124 0.752580 -0.442147
10130.000000 -10.006019 13.064850 -21.633383 -0.004937 -0.495155 0.755906 -0.428256
10131.000000 -11.175468 12.937047 -21.452516 0.017305 -0.504582 0.757212 -0.414399
10132.000000 -12.263245 12.895733 -21.195230 0.037440 -0.514487 0.756976 -0.401110
10133.000000 -13.255530 12.903960 -20.904763 0.055612 -0.524134 0.755759 -0.388611
10134.000000 -14.162688 12.930118 -20.606065 0.072145 -0.533179 0.753963 -0.376901
10135.000000 -14.989746 12.974441 -20.306275 0.087340 -0.541623 0.751765 -0.365877
10136.000000 -15.755057 13.025666 -20.005223 0.101378 -0.549628 0.749189 -0.355454
10137.000000 -16.455701 13.098577 -19.704321 0.114261 -0.557335 0.746220 -0.345655
10138.000000 -17.084524 13.190637 -19.416624 0.125760 -0.564750 0.742892 -0.336680
10139.000000 -17.622251 13.304671 -19.169378 0.135420 -0.571718 0.739332 -0.328920
10140.000000 -18.043875 13.432364 -18.998953 0.142701 -0.578002 0.735740 -0.322856
10141.000000 -18.314829 13.578636 -18.931919 0.147268 -0.583450 0.732293 -0.318820
10142.000000 -18.493122 13.740886 -18.971629 0.149253 -0.588125 0.729036 -0.316763
10143.000000 -18.579737 13.924865 -19.091847 0.149221 -0.592285 0.725883 -0.316270
10144.000000 -18.594448 14.119379 -19.264862 0.147756 -0.596156 0.722737 -0.316887
10145.000000 -18.533119 14.328720 -19.486950 0.145004 -0.599700 0.719639 -0.318516
10146.000000 -18.360025 14.548674 -19.783176 0.140657 -0.602640 0.716743 -0.321435
10147.000000 -18.135422 14.763844 -20.163620 0.134442 -0.604783 0.714117 -0.325884
10148.000000 -17.826617 15.019473 -20.606385 0.126687 -0.606384 0.711559 -0.331562
10149.000000 -17.484934 15.285262 -21.037570 0.118431 -0.608201 0.708618 -0.337528
10150.000000 -17.200579 15.597706 -21.372781 0.111034 -0.611183 0.704828 -0.342555
10151.000000 -17.046669 15.962112 -21.549904 0.105645 -0.616029 0.699928 -0.345612
10152.000000 -17.119319 16.368049 -21.545319 0.102845 -0.622909 0.693948 -0.346183
10153.000000 -17.304981 16.787608 -21.384358 0.102510 -0.631429 0.687156 -0.344392
10154.000000 -17.583500 17.209116 -21.122231 0.103847 -0.640789 0.679953 -0.340983
10155.000000 -17.886019 17.614727 -20.835997 0.105681 -0.650062 0.672770 -0.337092
10156.000000 -18.154752 17.991093 -20.596943 0.106959 -0.658506 0.665970 -0.333788
10157.000000 -18.348725 18.338104 -20.442501 -0.107237 0.665758 -0.659787 0.331583
10158.000000 -18.467834 18.635339 -20.369940 -0.106851 0.671842 -0.654340 0.330226
10159.000000 -18.611881 18.891153 -20.346680 -0.106701 0.677020 -0.649688 0.328882
10160.000000 -18.784475 19.083906 -20.329484 -0.107783 0.681582 -0.645887 0.326585
10161.000000 -19.029228 19.211747 -20.305052 -0.110709 0.685665 -0.643006 0.322723
10162.000000 -19.335329 19.263611 -20.271602 -0.115399 0.689133 -0.641136 0.317370
10163.000000 -19.675911 19.245489 -20.279189 -0.121093 0.691584 -0.640413 0.311317
10164.000000 -19.969125 19.154127 -20.393167 -0.126656 0.692495 -0.641029 0.305763
10165.000000 -20.164790 18.986700 -20.678448 -0.131030 0.691416 -0.643171 0.301837
10166.000000 -20.213967 18.753934 -21.168095 -0.133606 0.688161 -0.646905 0.300163
10167.000000 -20.116859 18.455613 -21.845310 -0.134399 0.682929 -0.652043 0.300640
10168.000000 -19.932607 18.095048 -22.643324 -0.134015 0.676334 -0.658108 0.302500
10169.000000 -19.722879 17.721163 -23.467905 -0.133385 0.669251 -0.664459 0.304641
10170.000000 -19.575666 17.333124 -24.242725 0.133327 -0.662459 0.670560 -0.306140
10171.000000 -19.418173 16.935710 -24.944258 0.134145 -0.656269 0.676212 -0.306682
10172.000000 -19.339138 16.538963 -25.595573 0.135569 -0.650453 0.681572 -0.306579
10173.000000 -19.267559 16.128203 -26.240370 0.137066 -0.644554 0.686938 -0.306397
10174.000000 -19.181719 15.705587 -26.906147 0.138229 -0.638279 0.692481 -0.306534
10175.000000 -19.030706 15.253378 -27.599121 0.138919 -0.631617 0.698176 -0.307101
10176.000000 -18.835070 14.788210 -28.309434 0.139160 -0.624675 0.703934 -0.308047
10177.000000 -18.621122 14.308248 -29.030180 0.139085 -0.617477 0.709748 -0.309248
10178.000000 -18.396150 13.792509 -29.752891 0.139030 -0.609978 0.715701 -0.310433
10179.000000 -18.204988 13.233073 -30.456474 0.139571 -0.602221 0.721835 -0.311133
10180.000000 -18.101741 12.640452 -31.109004 0.141285 -0.594469 0.728016 -0.310868
10181.000000 -18.096615 12.028760 -31.685620 0.144266 -0.587225 0.733862 -0.309518
10182.000000 -18.169400 11.473498 -32.177535 0.147818 -0.581169 0.738784 -0.307556
10183.000000 -18.245247 11.096639 -32.598332 0.150692 -0.576987 0.742173 -0.305871
10184.000000 -18.255231 10.941352 -32.972921 0.151871 -0.575039 0.743720 -0.305198
10185.000000 -18.230436 10.937308 -33.318672 0.151378 -0.574980 0.743715 -0.305565
10186.000000 -18.200942 10.988083 -33.643243 0.150393 -0.575695 0.743094 -0.306217
10187.000000 -18.192716 11.003251 -33.965489 0.150442 -0.575736 0.743069 -0.306176
10188.000000 -18.278627 10.802985 -34.309958 0.152184 -0.574047 0.744479 -0.305061
10189.000000 -18.352874 10.446955 -34.707052 0.154734 -0.570437 0.747348 -0.303531
10190.000000 -18.287756 10.023218 -35.191207 0.156050 -0.565544 0.750997 -0.303004
10191.000000 -17.942090 9.683934 -35.786945 0.154116 -0.560330 0.754560 -0.304824
10192.000000 -17.289045 9.494034 -36.487438 0.148107 -0.555500 0.757442 -0.309459
10193.000000 -16.405782 9.448371 -37.243468 0.138814 -0.551259 0.759487 -0.316266
10194.000000 -15.393271 9.503608 -37.993530 0.128158 -0.547461 0.760896 -0.323881
10195.000000 -14.433524 9.559004 -38.687061 0.118241 -0.543875 0.762051 -0.330905
10196.000000 -13.659339 9.535265 -39.305006 0.110617 -0.540280 0.763359 -0.336368
10197.000000 -13.129690 9.365555 -39.850751 0.106132 -0.536379 0.765220 -0.339811
10198.000000 -12.870169 8.993251 -40.352515 0.105109 -0.531713 0.768025 -0.341132
10199.000000 -12.851887 8.375667 -40.821575 0.107459 -0.525777 0.772065 -0.340480
10200.000000 -13.008007 7.518720 -41.267107 0.112584 -0.518293 0.777352 -0.338263
10201.000000 -13.264389 6.479683 -41.689938 0.119378 -0.509444 0.783526 -0.335117
10202.000000 -13.542225 5.356755 -42.089591 0.126570 -0.499876 0.789976 -0.331727
10203.000000 -13.793774 4.261583 -42.465565 0.133212 -0.490415 0.796107 -0.328575
10204.000000 -13.985006 3.256342 -42.820348 0.138940 -0.481690 0.801562 -0.325835
10205.000000 -14.146386 2.371155 -43.156514 0.143816 -0.473913 0.806281 -0.323473
10206.000000 -14.266916 1.579645 -43.480496 0.147999 -0.466918 0.810414 -0.321424
10207.000000 -14.355404 0.844011 -43.801097 0.151563 -0.460366 0.814188 -0.319670
10208.000000 -14.398462 0.140649 -44.124719 0.154545 -0.453927 0.817808 -0.318207
10209.000000 -14.401553 -0.560742 -44.452198 0.157059 -0.447356 0.821420 -0.316977
10210.000000 -14.355080 -1.284465 -44.779093 0.159302 -0.440494 0.825114 -0.315872
10211.000000 -14.305675 -2.044225 -45.098985 0.161452 -0.433261 0.828930 -0.314790
10212.000000 -14.229002 -2.835210 -45.408221 0.163561 -0.425705 0.832835 -0.313702
10213.000000 -14.145212 -3.624919 -45.709101 0.165490 -0.418049 0.836709 -0.312675
10214.000000 -14.015790 -4.376101 -46.011299 0.166928 -0.410683 0.840364 -0.311870
10215.000000 -13.828233 -5.023115 -46.330187 0.167451 -0.404064 0.843598 -0.311504
10216.000000 -13.556249 -5.518912 -46.683008 0.166668 -0.398554 0.846270 -0.311775
10217.000000 -13.182645 -5.846420 -47.079385 0.164388 -0.394278 0.848348 -0.312773
10218.000000 -12.712102 -6.031596 -47.515480 0.160758 -0.391057 0.849926 -0.314416
10219.000000 -12.178301 -6.126471 -47.973893 0.156263 -0.388434 0.851207 -0.316461
10220.000000 -11.620022 -6.217821 -48.432151 0.151553 -0.385821 0.852450 -0.318595
10221.000000 -11.079378 -6.363384 -48.870968 0.147220 -0.382699 0.853885 -0.320544
10222.000000 -10.566708 -6.625557 -49.279320 0.143617 -0.378810 0.855627 -0.322149
10223.000000 -10.121962 -6.972593 -49.654929 0.140839 -0.374228 0.857640 -0.323375
10224.000000 -9.727884 -7.395613 -50.003020 0.138782 -0.369275 0.859781 -0.324272
10225.000000 -9.380317 -7.835928 -50.331509 0.137241 -0.364345 0.861880 -0.324933
10226.000000 -9.077089 -8.248208 -50.649496 0.135982 -0.359721 0.863819 -0.325463
10227.000000 -8.794552 -8.640218 -50.964792 0.134811 -0.355514 0.865561 -0.325946
10228.000000 -8.526872 -8.985940 -51.279819 0.133648 -0.351682 0.867127 -0.326419
10229.000000 -8.282023 -9.311388 -51.592239 0.132586 -0.348132 0.868561 -0.326844
10230.000000 -8.080289 -9.625944 -51.895885 0.131892 -0.344821 0.869884 -0.327115
10231.000000 -7.976452 -9.938738 -52.184040 0.131924 -0.341833 0.871066 -0.327094
10232.000000 -7.985990 -10.233262 -52.453897 0.132979 -0.339387 0.872022 -0.326666
10233.000000 -8.154019 -10.486906 -52.708733 0.135089 -0.337756 0.872644 -0.325828
10234.000000 -8.420039 -10.657078 -52.961457 0.137831 -0.337123 0.872862 -0.324750
10235.000000 -8.682045 -10.716956 -53.234003 0.140293 -0.337456 0.872697 -0.323792
10236.000000 -8.824303 -10.644647 -53.553628 0.141298 -0.338490 0.872275 -0.323414
10237.000000 -8.713079 -10.445063 -53.939413 0.139852 -0.339805 0.871778 -0.324001
10238.000000 -8.289366 -10.143199 -54.392299 0.135568 -0.340968 0.871369 -0.325697
10239.000000 -7.579744 -9.798400 -54.891436 0.128762 -0.341662 0.871127 -0.328368
10240.000000 -6.646902 -9.428534 -55.407415 0.120189 -0.341770 0.871045 -0.331705
10241.000000 -5.575870 -9.066769 -55.916477 0.110638 -0.341395 0.871046 -0.335391
10242.000000 -4.431704 -8.685281 -56.400704 0.100689 -0.340837 0.871000 -0.339191
10243.000000 -3.309185 -8.287895 -56.870289 0.090643 -0.340595 0.870719 -0.342969
10244.000000 -2.197805 -7.735217 -57.332842 0.080416 -0.341440 0.869910 -0.346712
10245.000000 -1.085128 -6.873921 -57.801069 0.069354 -0.344440 0.868129 -0.350576
10246.000000 0.131193 -5.529524 -58.282558 0.056203 -0.350710 0.864815 -0.354878
10247.000000 1.574986 -3.550979 -58.743272 0.039507 -0.360880 0.859433 -0.359973
10248.000000 3.347633 -0.930118 -59.097626 0.018326 -0.374647 0.851650 -0.366055
10249.000000 5.498709 2.250603 -59.229167 -0.007204 -0.390837 0.841455 -0.373026
10250.000000 7.929170 5.766961 -59.040542 -0.035828 -0.407986 0.829154 -0.380484
10251.000000 10.467041 9.363230 -58.501556 -0.065633 -0.424982 0.815272 -0.387833
10252.000000 12.894746 12.868466 -57.655227 -0.094703 -0.441370 0.800408 -0.394425
10253.000000 15.052644 16.235389 -56.587310 -0.121615 -0.457366 0.785042 -0.399669
10254.000000 16.802129 19.482280 -55.366277 -0.145651 -0.473784 0.769336 -0.403034
10255.000000 18.083667 22.760563 -54.017299 -0.166747 -0.491841 0.753041 -0.404000
10256.000000 18.860582 26.150525 -52.503033 -0.185258 -0.512595 0.735669 -0.402141
10257.000000 19.228377 29.678327 -50.775482 -0.201640 -0.536066 0.716960 -0.397421
10258.000000 19.322284 33.149555 -48.853120 -0.216107 -0.560698 0.697435 -0.390513
10259.000000 19.263225 36.262107 -46.907743 -0.228372 -0.583779 0.678651 -0.382729
10260.000000 19.109672 38.736439 -45.249904 -0.237619 -0.602711 0.662831 -0.375408
10261.000000 18.843729 40.406776 -44.182471 -0.242856 -0.616205 0.651939 -0.369173
10262.000000 18.411822 41.287961 -43.848901 -0.243558 -0.624590 0.646722 -0.363754
10263.000000 17.816344 41.588472 -44.160568 -0.240217 -0.629227 0.646377 -0.358561
10264.000000 17.078208 41.498813 -44.868163 -0.234382 -0.631598 0.649022 -0.353439
10265.000000 16.357708 41.261716 -45.696046 -0.228119 -0.632685 0.652639 -0.348904
10266.000000 15.815054 40.984564 -46.454673 -0.223219 -0.632871 0.655808 -0.345781
10267.000000 15.579927 40.774296 -47.060580 -0.220686 -0.632200 0.657894 -0.344668
10268.000000 15.678734 40.605285 -47.503629 -0.220723 -0.630708 0.658785 -0.345675
10269.000000 16.063451 40.512466 -47.792004 -0.223022 -0.628574 0.658573 -0.348480
10270.000000 16.662810 40.464386 -47.952103 -0.227007 -0.626068 0.657441 -0.352532
10271.000000 17.373237 40.466835 -48.025652 -0.231934 -0.623416 0.655713 -0.357210
10272.000000 18.089865 40.463842 -48.080092 -0.236939 -0.620721 0.653890 -0.361930
10273.000000 18.732825 40.424995 -48.197290 -0.241175 -0.617988 0.652549 -0.366204
10274.000000 19.213681 40.287777 -48.447254 -0.243982 -0.615190 0.652180 -0.369696
10275.000000 19.511386 40.027697 -48.872301 -0.245016 -0.612282 0.653066 -0.372267
10276.000000 19.622526 39.625997 -49.482471 -0.244246 -0.609179 0.655280 -0.373971
10277.000000 19.576042 39.081455 -50.261513 -0.241877 -0.605777 0.658718 -0.374993
10278.000000 19.402093 38.413574 -51.170961 -0.238264 -0.602047 0.663128 -0.375541
10279.000000 19.144133 37.668526 -52.152953 -0.233854 -0.598129 0.668104 -0.375753
10280.000000 18.839887 36.913638 -53.135225 -0.229177 -0.594345 0.673113 -0.375701
10281.000000 18.537361 36.232192 -54.042412 -0.224826 -0.591082 0.677575 -0.375457
10282.000000 18.287449 35.712237 -54.808102 -0.221411 -0.588657 0.680965 -0.375162
10283.000000 18.153981 35.412942 -55.380466 -0.219509 -0.587251 0.682867 -0.375026
10284.000000 18.198676 35.390865 -55.712116 -0.219695 -0.586947 0.682914 -0.375308
10285.000000 18.518631 35.713295 -55.733993 -0.222721 -0.587821 0.680609 -0.376343
10286.000000 19.237239 36.465473 -55.331988 -0.229658 -0.589983 0.675178 -0.378566
10287.000000 20.456711 37.716283 -54.376935 -0.241438 -0.593435 0.665852 -0.382340
10288.000000 22.096682 39.368196 -52.876060 -0.257403 -0.597726 0.652946 -0.387465
10289.000000 23.715780 40.987708 -51.246985 -0.273486 -0.601704 0.639534 -0.392625
10290.000000 24.287406 41.574603 -50.669734 -0.279325 -0.603077 0.634543 -0.394500
10291.000000 22.956634 40.226124 -52.028265 -0.265842 -0.599851 0.645966 -0.390173
10292.000000 21.240032 38.509782 -53.681928 -0.249053 -0.595530 0.659740 -0.384785
10293.000000 19.781054 37.028526 -54.929213 -0.234923 -0.591561 0.671026 -0.380251
10294.000000 18.819999 36.028413 -55.594760 -0.225627 -0.588735 0.678340 -0.377277
10295.000000 18.318450 35.504493 -55.767758 -0.220792 -0.587230 0.682097 -0.375706
10296.000000 18.148385 35.365409 -55.579771 -0.219301 -0.586957 0.683148 -0.375097
10297.000000 18.202254 35.530787 -55.121300 -0.220237 -0.587821 0.682124 -0.375060
10298.000000 18.404492 35.946555 -54.446488 -0.222964 -0.589750 0.679432 -0.375304
10299.000000 18.683526 36.558517 -53.602696 -0.226922 -0.592625 0.675447 -0.375596
10300.000000 18.996271 37.287372 -52.648851 -0.231513 -0.596196 0.670641 -0.375757
10301.000000 19.279714 38.048489 -51.657135 -0.236127 -0.600095 0.665576 -0.375684
10302.000000 19.503040 38.761462 -50.703104 -0.240200 -0.603949 0.660823 -0.375316
10303.000000 19.618400 39.370675 -49.852936 -0.243242 -0.607520 0.656858 -0.374553
10304.000000 19.590013 39.844837 -49.154718 -0.244848 -0.610761 0.654010 -0.373217
10305.000000 19.388145 40.173048 -48.636627 -0.244729 -0.613754 0.652457 -0.371098
10306.000000 18.996941 40.370334 -48.302306 -0.242786 -0.616600 0.652220 -0.368061
10307.000000 18.427105 40.452751 -48.126009 -0.239201 -0.619361 0.653124 -0.364148
10308.000000 17.736787 40.468774 -48.050054 -0.234482 -0.622072 0.654777 -0.359598
10309.000000 17.007171 40.465093 -47.995959 -0.229405 -0.624751 0.656624 -0.354831
10310.000000 16.341648 40.481944 -47.886095 -0.224847 -0.627350 0.658106 -0.350389
10311.000000 15.834009 40.541898 -47.666379 -0.221622 -0.629705 0.658807 -0.346884
10312.000000 15.584817 40.681858 -47.301831 -0.220394 -0.631550 0.658485 -0.344918
10313.000000 15.655525 40.873154 -46.778134 -0.221627 -0.632643 0.657001 -0.344954
10314.000000 16.057778 41.123431 -46.091275 -0.225415 -0.632884 0.654335 -0.347119
10315.000000 16.702056 41.386706 -45.281886 -0.231177 -0.632266 0.650817 -0.351047
10316.000000 17.459646 41.576718 -44.483148 -0.237485 -0.630619 0.647460 -0.355973
10317.000000 18.131910 41.495201 -43.937732 -0.242317 -0.627278 0.646043 -0.361156
10318.000000 18.654320 40.937084 -43.924295 -0.243771 -0.620964 0.648637 -0.366401
10319.000000 18.988123 39.673323 -44.627608 -0.240790 -0.610152 0.656686 -0.372155
10320.000000 19.196500 37.597564 -46.022309 -0.233437 -0.593884 0.670229 -0.378948
10321.000000 19.303443 34.769685 -47.866048 -0.222555 -0.572614 0.687818 -0.386637
10322.000000 19.301726 31.437626 -49.832002 -0.209117 -0.548392 0.707226 -0.394168
10323.000000 19.090557 27.904791 -51.667806 -0.193692 -0.524050 0.726473 -0.400115
10324.000000 18.528096 24.429003 -53.283954 -0.176296 -0.501845 0.744518 -0.403440
10325.000000 17.499944 21.104824 -54.708807 -0.156551 -0.482528 0.761292 -0.403848
10326.000000 15.988211 17.876629 -55.993763 -0.134010 -0.465451 0.777238 -0.401619
10327.000000 14.020819 14.573915 -57.144365 -0.108491 -0.449380 0.792768 -0.397249
10328.000000 11.701096 11.131177 -58.111137 -0.080364 -0.433254 0.807927 -0.391262
10329.000000 9.196923 7.569000 -58.813665 -0.050709 -0.416548 0.822373 -0.384213
10330.000000 6.687873 3.977313 -59.178380 -0.021241 -0.399375 0.835538 -0.376728
10331.000000 4.380542 0.608321 -59.198876 0.006049 -0.382532 0.846842 -0.369448
10332.000000 2.408734 -2.319021 -58.940662 0.029498 -0.367372 0.855850 -0.362889
10333.000000 0.816542 -4.611066 -58.519643 0.048377 -0.355302 0.862410 -0.357308
10334.000000 -0.493602 -6.286363 -58.041566 0.063133 -0.347109 0.866700 -0.352649
10335.000000 -1.648844 -7.358111 -57.564870 0.075056 -0.342596 0.869174 -0.348612
10336.000000 -2.754137 -8.033194 -57.100903 0.085577 -0.340820 0.870404 -0.344840
10337.000000 -3.877818 -8.500807 -56.637056 0.095672 -0.340636 0.870904 -0.341087
10338.000000 -4.996473 -8.866182 -56.162595 0.105687 -0.341113 0.871039 -0.337288
10339.000000 -6.118190 -9.249304 -55.664030 0.115494 -0.341628 0.871042 -0.333521
10340.000000 -7.141977 -9.614549 -55.148836 0.124644 -0.341787 0.871070 -0.329974
10341.000000 -7.969390 -9.971753 -54.637896 0.132438 -0.341386 0.871225 -0.326928
10342.000000 -8.539604 -10.300323 -54.158348 0.138060 -0.340429 0.871556 -0.324713
10343.000000 -8.803056 -10.563626 -53.737607 0.140923 -0.339140 0.872024 -0.323571
10344.000000 -8.775754 -10.696940 -53.386309 0.141050 -0.337910 0.872507 -0.323502
10345.000000 -8.556137 -10.706657 -53.093695 0.139169 -0.337181 0.872822 -0.324228
10346.000000 -8.280384 -10.585457 -52.834160 0.136428 -0.337311 0.872805 -0.325300
10347.000000 -8.048978 -10.367892 -52.582693 0.133917 -0.338454 0.872381 -0.326293
10348.000000 -7.961193 -10.091987 -52.321229 0.132313 -0.340525 0.871579 -0.326934
10349.000000 -8.016440 -9.784754 -52.042204 0.131795 -0.343275 0.870497 -0.327150
10350.000000 -8.171040 -9.471219 -51.745653 0.132171 -0.346445 0.869237 -0.327007
10351.000000 -8.400657 -9.148323 -51.436673 0.133092 -0.349877 0.867858 -0.326642
10352.000000 -8.659550 -8.815328 -51.122350 0.134227 -0.353557 0.866363 -0.326184
10353.000000 -8.933094 -8.454416 -50.807290 0.135394 -0.357565 0.864714 -0.325707
10354.000000 -9.226585 -8.044633 -50.491231 0.136590 -0.361983 0.862873 -0.325208
10355.000000 -9.547283 -7.620574 -50.169185 0.137961 -0.366786 0.860844 -0.324626
10356.000000 -9.919992 -7.172847 -49.831941 0.139732 -0.371773 0.858706 -0.323860
10357.000000 -10.336822 -6.789098 -49.471050 0.142128 -0.376589 0.856607 -0.322808
10358.000000 -10.817429 -6.479955 -49.079200 0.145316 -0.380854 0.854716 -0.321394
10359.000000 -11.346724 -6.282232 -48.654884 0.149311 -0.384348 0.853133 -0.319606
10360.000000 -11.903533 -6.166215 -48.204387 0.153894 -0.387163 0.851817 -0.317536
10361.000000 -12.453596 -6.081769 -47.743270 0.158579 -0.389706 0.850588 -0.315407
10362.000000 -12.957831 -5.955294 -47.293310 0.162718 -0.392559 0.849189 -0.313526
10363.000000 -13.380571 -5.706007 -46.875686 0.165714 -0.396266 0.847380 -0.312184
10364.000000 -13.704604 -5.290772 -46.501432 0.167242 -0.401156 0.845009 -0.311550
10365.000000 -13.935205 -4.713922 -46.167486 0.167331 -0.407254 0.842044 -0.311618
10366.000000 -14.085842 -4.010601 -45.859219 0.166296 -0.414301 0.838577 -0.312232
10367.000000 -14.188660 -3.231750 -45.559294 0.164564 -0.421868 0.834787 -0.313173
10368.000000 -14.269918 -2.437874 -45.254773 0.162516 -0.429514 0.830877 -0.314245
10369.000000 -14.334962 -1.661758 -44.940314 0.160381 -0.436925 0.827007 -0.315332
10370.000000 -14.381476 -0.920684 -44.616037 0.158201 -0.443969 0.823252 -0.316416
10371.000000 -14.407145 -0.210271 -44.288121 0.155850 -0.450670 0.819608 -0.317569
10372.000000 -14.382058 0.491243 -43.962291 0.153122 -0.457150 0.816007 -0.318905
10373.000000 -14.318122 1.208700 -43.640705 0.149856 -0.463609 0.812332 -0.320510
10374.000000 -14.210002 1.964881 -43.319506 0.145987 -0.470338 0.808407 -0.322412
10375.000000 -14.069716 2.797531 -42.990494 0.141473 -0.477686 0.804007 -0.324612
10376.000000 -13.896828 3.746163 -42.645450 0.136193 -0.485937 0.798929 -0.327153
10377.000000 -13.667316 4.803381 -42.280158 0.129996 -0.495084 0.793111 -0.330104
10378.000000 -13.406251 5.918240 -41.892905 0.122996 -0.504698 0.786757 -0.333415
10379.000000 -13.126649 7.015132 -41.481408 0.115854 -0.514007 0.780363 -0.336761
10380.000000 -12.909794 7.974818 -41.047145 0.109734 -0.522229 0.774566 -0.339531
10381.000000 -12.833319 8.715087 -40.590354 0.105887 -0.528930 0.769881 -0.341034
10382.000000 -12.965636 9.204582 -40.106601 0.105183 -0.534174 0.766482 -0.340733
10383.000000 -13.337937 9.495108 -39.582522 0.107952 -0.538393 0.764196 -0.338355
10384.000000 -14.023417 9.552929 -39.004707 0.114075 -0.542094 0.762661 -0.333871
10385.000000 -14.893356 9.541644 -38.349431 0.122992 -0.545655 0.761479 -0.327541
10386.000000 -15.901985 9.464926 -37.623125 0.133518 -0.549320 0.760249 -0.320066
10387.000000 -16.873522 9.452647 -36.862215 0.143767 -0.553310 0.758563 -0.312667
10388.000000 -17.658495 9.569540 -36.126409 0.151608 -0.557843 0.756106 -0.306806
10389.000000 -18.156201 9.839472 -35.474516 0.155578 -0.562922 0.752837 -0.303564
10390.000000 -18.348597 10.233596 -34.936599 0.155688 -0.568091 0.749131 -0.303045
10391.000000 -18.323891 10.640024 -34.499618 0.153470 -0.572457 0.745762 -0.304269
10392.000000 -18.231542 10.925825 -34.132462 0.151119 -0.575143 0.743572 -0.305736
10393.000000 -18.197441 10.999692 -33.801109 0.150214 -0.575883 0.742938 -0.306329
10394.000000 -18.196626 10.981913 -33.486504 0.150846 -0.575332 0.743405 -0.305921
10395.000000 -18.242082 10.930434 -33.148827 0.151782 -0.574828 0.743866 -0.305284
10396.000000 -18.260631 10.989484 -32.789886 0.151523 -0.575735 0.743175 -0.305385
10397.000000 -18.209709 11.259320 -32.395266 0.149420 -0.578808 0.740701 -0.306622
10398.000000 -18.130530 11.733072 -31.941811 0.146043 -0.584002 0.736479 -0.308562
10399.000000 -18.090552 12.323960 -31.408450 0.142642 -0.590743 0.731014 -0.310313
10400.000000 -18.148027 12.936241 -30.790820 0.140259 -0.598318 0.724937 -0.311141
10401.000000 -18.296344 13.519052 -30.108863 0.139185 -0.606121 0.718748 -0.310878
10402.000000 -18.507792 14.055592 -29.392269 0.139024 -0.613767 0.712702 -0.309868
10403.000000 -18.732714 14.552879 -28.668757 0.139147 -0.621111 0.706830 -0.308628
10404.000000 -18.938679 15.020779 -27.952636 0.139090 -0.628177 0.701050 -0.307533
10405.000000 -19.110919 15.483326 -27.249868 0.138634 -0.634989 0.695316 -0.306765
10406.000000 -19.241544 15.923938 -26.568756 0.137704 -0.641470 0.689685 -0.306413
10407.000000 -19.308840 16.331476 -25.916393 0.136340 -0.647540 0.684239 -0.306466
10408.000000 -19.370337 16.740481 -25.273434 0.134814 -0.653343 0.678910 -0.306676
10409.000000 -19.491170 17.134229 -24.602262 0.133632 -0.659292 0.673439 -0.306523
10410.000000 -19.648925 17.527260 -23.863940 0.133250 -0.665785 0.667563 -0.305507
10411.000000 -19.817544 17.910301 -23.058552 -0.133672 0.672797 -0.661287 0.303604
10412.000000 -20.033938 18.278821 -22.234868 -0.134299 0.679750 -0.654999 0.301464
10413.000000 -20.178822 18.610012 -21.486308 -0.134199 0.685763 -0.649322 0.300167
10414.000000 -20.210257 18.882645 -20.897484 -0.132557 0.690058 -0.644844 0.300707
10415.000000 -20.082642 19.081823 -20.511362 -0.129044 0.692224 -0.641901 0.303542
10416.000000 -19.833347 19.206208 -20.318472 -0.123964 0.692265 -0.640541 0.308399
10417.000000 -19.510991 19.262327 -20.266643 -0.118188 0.690518 -0.640620 0.314360
10418.000000 -19.186916 19.246090 -20.286364 -0.112867 0.687496 -0.641938 0.320198
10419.000000 -18.891544 19.156764 -20.318874 -0.109003 0.683685 -0.644327 0.324863
10420.000000 -18.662789 18.994053 -20.344052 -0.107036 0.679364 -0.647677 0.327905
10421.000000 -18.536497 18.770933 -20.354865 -0.106680 0.674525 -0.651912 0.329616
10422.000000 -18.404534 18.495882 -20.397524 -0.107079 0.668933 -0.656968 0.330842
10423.000000 -18.270689 18.167619 -20.508448 0.107219 -0.662287 0.662792 -0.332546
10424.000000 -18.024849 17.807324 -20.707272 0.106436 -0.654420 0.669304 -0.335317
10425.000000 -17.733219 17.412718 -20.976922 0.104777 -0.645490 0.676334 -0.339023
10426.000000 -17.439798 17.003344 -21.261567 0.103039 -0.636062 0.683579 -0.342823
10427.000000 -17.195702 16.572334 -21.481660 0.102405 -0.627007 0.690631 -0.345549
10428.000000 -17.058897 16.163660 -21.569955 0.103912 -0.619227 0.697061 -0.346216
10429.000000 -17.108984 15.775538 -21.483538 0.108037 -0.613349 0.702521 -0.344376
10430.000000 -17.329713 15.439168 -21.222071 0.114544 -0.609493 0.706852 -0.340233
10431.000000 -17.656340 15.147359 -20.828769 0.122538 -0.607205 0.710168 -0.334585
10432.000000 -17.989851 14.888732 -20.381089 0.130706 -0.605613 0.712854 -0.328615
10433.000000 -18.249598 14.653805 -19.963053 0.137781 -0.603808 0.715401 -0.323470
10434.000000 -18.465835 14.438864 -19.624542 0.143056 -0.601265 0.718157 -0.319791
10435.000000 -18.588148 14.228689 -19.369735 0.146553 -0.597983 0.721174 -0.317563
10436.000000 -18.592191 14.018100 -19.172645 0.148645 -0.594251 0.724310 -0.316457
10437.000000 -18.548296 13.833648 -19.023551 0.149447 -0.590251 0.727454 -0.316354
10438.000000 -18.414818 13.660325 -18.939826 0.148555 -0.585871 0.730644 -0.317564
10439.000000 -18.194274 13.502744 -18.951377 0.145328 -0.580833 0.733992 -0.320577
10440.000000 -17.848345 13.366929 -19.072363 0.139388 -0.574959 0.737527 -0.325648
10441.000000 -17.369977 13.243919 -19.285924 0.130854 -0.568305 0.741129 -0.332618
10442.000000 -16.779197 13.143373 -19.557427 0.120207 -0.561086 0.744595 -0.341044
10443.000000 -16.110253 13.060696 -19.854123 0.107973 -0.553514 0.747754 -0.350469
10444.000000 -15.376798 12.998574 -20.155877 0.094499 -0.545669 0.750526 -0.360592
10445.000000 -14.584596 12.948765 -20.456235 0.079895 -0.537467 0.752911 -0.371310
10446.000000 -13.719019 12.913709 -20.755653 0.064062 -0.528738 0.754918 -0.382663
10447.000000 -12.772055 12.896517 -21.052160 0.046752 -0.519374 0.756459 -0.394758
10448.000000 -11.731462 12.905772 -21.330396 0.027634 -0.509529 0.757250 -0.407663
10449.000000 -10.599748 12.987790 -21.555716 0.006442 -0.499751 0.756788 -0.421283
10450.000000 -9.403702 13.172030 -21.679228 -0.016774 -0.490911 0.754512 -0.435243
10451.000000 -8.204172 13.479585 -21.655544 -0.041346 -0.483868 0.750124 -0.448861
10452.000000 -7.072501 13.886275 -21.465956 -0.065827 -0.479053 0.743916 -0.461263
10453.000000 -6.098794 14.330002 -21.136682 -0.088196 -0.476249 0.736857 -0.471646
10454.000000 -5.333162 14.730486 -20.730268 -0.106478 -0.474733 0.730287 -0.479553
10455.000000 -4.799259 15.027014 -20.317779 -0.119467 -0.473690 0.725348 -0.484990
10456.000000 -4.472283 15.191672 -19.945592 -0.127073 -0.472610 0.722536 -0.488298
10457.000000 -4.316901 15.236325 -19.621680 -0.130086 -0.471473 0.721663 -0.489891
10458.000000 -4.314905 15.202266 -19.324469 -0.129638 -0.470668 0.722147 -0.490071
10459.000000 -4.420095 15.130024 -19.023619 -0.126902 -0.470721 0.723287 -0.489053
10460.000000 -4.571674 15.090088 -18.688765 -0.123244 -0.472012 0.724349 -0.487170
10461.000000 -4.712249 15.121771 -18.299867 -0.120359 -0.474626 0.724577 -0.485006
10462.000000 -4.821662 15.231017 -17.843288 -0.119831 -0.478396 0.723373 -0.483228
10463.000000 -4.836958 15.431604 -17.325940 -0.122174 -0.482982 0.720628 -0.482179
10464.000000 -4.830522 15.656900 -16.779953 -0.126312 -0.487801 0.716983 -0.481696
10465.000000 -4.816779 15.850121 -16.266382 -0.130260 -0.491663 0.713742 -0.481531
10466.000000 -4.755490 15.914145 -15.887373 -0.132575 -0.492319 0.712446 -0.482147
10467.000000 -4.564378 15.774756 -15.768111 -0.133151 -0.486481 0.714405 -0.485008
10468.000000 -4.264415 15.310219 -16.003106 -0.132511 -0.470775 0.720448 -0.491698
10469.000000 -3.821910 14.453238 -16.607050 -0.130357 -0.443521 0.730704 -0.502363
10470.000000 -3.244784 13.223112 -17.452783 -0.124980 -0.406482 0.744302 -0.514944
10471.000000 -2.693100 11.750854 -18.319079 -0.114376 -0.365332 0.759339 -0.526169
10472.000000 -2.363462 10.216725 -18.986558 -0.098132 -0.327903 0.773464 -0.533482
10473.000000 -2.365090 8.865500 -19.330196 -0.078271 -0.300756 0.784791 -0.536212
10474.000000 -2.662712 7.909049 -19.367124 -0.058234 -0.286194 0.792529 -0.535350
10475.000000 -3.119492 7.338645 -19.181732 -0.041034 -0.281615 0.797053 -0.532649
10476.000000 -3.534172 7.013205 -18.890376 -0.028075 -0.281346 0.799579 -0.529840
10477.000000 -3.786079 6.771273 -18.603799 -0.019196 -0.279565 0.801588 -0.528139
10478.000000 -3.837643 6.456884 -18.389647 -0.013462 -0.272643 0.804161 -0.528025
10479.000000 -3.703076 6.004717 -18.254286 -0.009982 -0.259949 0.807564 -0.529308
10480.000000 -3.425532 5.462088 -18.158700 -0.008373 -0.243238 0.811360 -0.531469
10481.000000 -3.059172 4.937652 -18.056471 -0.008817 -0.225270 0.814856 -0.534027
10482.000000 -2.632164 4.485343 -17.915314 -0.011748 -0.208439 0.817535 -0.536705
10483.000000 -2.178808 4.149334 -17.726731 -0.017310 -0.193933 0.819240 -0.539385
10484.000000 -1.727653 3.919893 -17.500155 -0.024922 -0.181588 0.820148 -0.541998
10485.000000 -1.279165 3.750123 -17.248724 -0.033321 -0.170282 0.820622 -0.544493
10486.000000 -0.836364 3.564113 -16.986684 -0.041085 -0.158615 0.821042 -0.546848
10487.000000 -0.415932 3.326312 -16.724267 -0.047265 -0.145631 0.821631 -0.549073
10488.000000 -0.035963 3.018312 -16.460677 -0.051666 -0.131368 0.822380 -0.551148
10489.000000 0.291704 2.709698 -16.189898 -0.054615 -0.117031 0.823125 -0.552979
10490.000000 0.560547 2.416733 -15.900501 -0.056440 -0.104669 0.823708 -0.554404
10491.000000 0.720386 2.209825 -15.594167 -0.057065 -0.096380 0.824089 -0.555276
10492.000000 0.752998 2.105054 -15.276905 -0.056034 -0.093258 0.824345 -0.555535
10493.000000 0.659494 2.077894 -14.954473 -0.052987 -0.094541 0.824583 -0.555264
10494.000000 0.501817 2.073853 -14.632601 -0.048162 -0.097642 0.824888 -0.554713
10495.000000 0.389616 1.990487 -14.321220 -0.042470 -0.099376 0.825321 -0.554225
10496.000000 0.263930 1.894163 -14.011223 -0.036992 -0.097735 0.825903 -0.554043
10497.000000 0.199547 1.757622 -13.711080 -0.032363 -0.092890 0.826573 -0.554167
10498.000000 0.196052 1.549429 -13.406645 -0.028542 -0.086638 0.827223 -0.554420
10499.000000 0.224173 1.364728 -13.096636 -0.025116 -0.080839 0.827779 -0.554632
10500.000000 0.229198 1.220822 -12.781917 -0.021725 -0.076214 0.828237 -0.554746
10501.000000 0.205635 1.083746 -12.464511 -0.018246 -0.072289 0.828637 -0.554798
10502.000000 0.193983 0.961267 -12.145992 -0.014716 -0.068137 0.829028 -0.554845
10503.000000 0.188045 0.821955 -11.827173 -0.011255 -0.063057 0.829432 -0.554923
10504.000000 0.201729 0.662747 -11.507249 -0.008100 -0.056755 0.829842 -0.555045
10505.000000 0.252526 0.496648 -11.185466 -0.005555 -0.049207 0.830236 -0.555208
10506.000000 0.331691 0.330222 -10.861085 -0.003694 -0.040600 0.830591 -0.555389
10507.000000 0.389709 0.147219 -10.532567 -0.002007 -0.031470 0.830893 -0.555538
10508.000000 0.427306 -0.029506 -10.201591 0.000600 -0.022833 0.831131 -0.555607
10509.000000 0.440831 -0.173546 -9.871289 0.005242 -0.016035 0.831296 -0.555575
10510.000000 0.370605 -0.304599 -9.540946 0.012200 -0.012305 0.831360 -0.555464
10511.000000 0.268571 -0.396105 -9.213109 0.020399 -0.012232 0.831297 -0.555320
10512.000000 0.140433 -0.419243 -8.885800 0.027694 -0.015461 0.831116 -0.555194
10513.000000 0.042707 -0.383377 -8.558985 0.031954 -0.020768 0.830882 -0.555143
10514.000000 -0.019606 -0.329694 -8.233268 0.032291 -0.026472 0.830665 -0.555204
10515.000000 -0.050673 -0.260783 -7.907649 0.029551 -0.031022 0.830507 -0.555358
10516.000000 -0.030213 -0.199491 -7.579826 0.025677 -0.033492 0.830421 -0.555535
10517.000000 0.005928 -0.158739 -7.250818 0.022430 -0.033800 0.830410 -0.555673
10518.000000 0.043653 -0.143080 -6.920874 0.020463 -0.032609 0.830455 -0.555754
10519.000000 0.080248 -0.148810 -6.590617 0.019369 -0.031079 0.830512 -0.555796
10520.000000 0.079365 -0.149755 -6.261052 0.018426 -0.030640 0.830526 -0.555831
10521.000000 0.069808 -0.125396 -5.931786 0.017291 -0.032776 0.830444 -0.555868
10522.000000 0.048873 -0.069623 -5.603133 0.016174 -0.038659 0.830204 -0.555882
10523.000000 0.007970 0.012266 -5.274448 0.015581 -0.048623 0.829745 -0.555802
10524.000000 -0.060228 0.106149 -4.943226 0.015957 -0.061728 0.829040 -0.555543
10525.000000 -0.136545 0.190709 -4.608860 0.017453 -0.075867 0.828150 -0.555074
10526.000000 -0.195293 0.247876 -4.273673 0.019871 -0.088518 0.827246 -0.554468
10527.000000 -0.252230 0.319759 -3.939828 0.022767 -0.097748 0.826535 -0.553865
10528.000000 -0.306999 0.358504 -3.607130 0.025624 -0.102811 0.826154 -0.553392
10529.000000 -0.325180 0.336815 -3.276169 0.027979 -0.104034 0.826116 -0.553106
10530.000000 -0.322349 0.338512 -2.948402 0.029385 -0.102229 0.826347 -0.553025
10531.000000 -0.310549 0.331479 -2.622508 0.029223 -0.098092 0.826755 -0.553173
10532.000000 -0.302536 0.317130 -2.298638 0.026344 -0.091992 0.827251 -0.553624
10533.000000 -0.263037 0.297035 -1.976174 0.018716 -0.084276 0.827697 -0.554495
10534.000000 -0.204134 0.309249 -1.654125 0.003562 -0.075822 0.827812 -0.555847
10535.000000 -0.169823 0.334228 -1.331524 -0.021345 -0.068208 0.827089 -0.557509
10536.000000 -0.149921 0.353288 -1.005111 -0.055363 -0.063079 0.824929 -0.558971
10537.000000 -0.126549 0.343131 -0.675305 -0.093290 -0.061084 0.821198 -0.559643
10538.000000 -0.138482 0.303646 -0.347858 -0.126521 -0.061390 0.816868 -0.559420
10539.000000 -0.208159 0.234304 -0.034546 -0.147241 -0.062340 0.813691 -0.558875
