0.000000 0.000000 0.000000 0.000000 0.000000 0.000000 -0.000000 1.000000
1.000000 -0.000983 0.006881 0.335213 0.002363 0.000039 0.000000 0.999997
2.000000 0.008370 -0.017077 0.670463 0.007556 -0.000142 0.000001 0.999971
3.000000 0.009759 -0.032596 1.005925 0.015458 -0.001028 0.000001 0.999880
4.000000 0.009357 -0.033012 1.341435 0.025394 -0.003068 -0.000009 0.999673
5.000000 0.009866 -0.073384 1.675038 0.036477 -0.006325 -0.000044 0.999314
6.000000 -0.011209 -0.116621 2.007507 0.047702 -0.010372 -0.000108 0.998808
7.000000 -0.028781 -0.164312 2.339100 0.057948 -0.014495 -0.000193 0.998214
8.000000 -0.032218 -0.220334 2.670324 0.066069 -0.018059 -0.000282 0.997652
9.000000 -0.057771 -0.280264 2.999520 0.071108 -0.020720 -0.000371 0.997253
10.000000 -0.073769 -0.325122 3.332253 0.072510 -0.022367 -0.000463 0.997117
11.000000 -0.081535 -0.384640 3.662888 0.070243 -0.022917 -0.000555 0.997267
12.000000 -0.109621 -0.436130 3.993149 0.064869 -0.022195 -0.000623 0.997647
13.000000 -0.127704 -0.453435 4.327989 0.057517 -0.020045 -0.000639 0.998143
14.000000 -0.133250 -0.475339 4.662998 0.049672 -0.016567 -0.000587 0.998628
15.000000 -0.134164 -0.502800 4.997761 0.042769 -0.012247 -0.000482 0.999010
16.000000 -0.134756 -0.523458 5.332855 0.037797 -0.007866 -0.000356 0.999254
17.000000 -0.136199 -0.535607 5.668494 0.035105 -0.004228 -0.000243 0.999375
18.000000 -0.134043 -0.555860 6.003865 0.034472 -0.001891 -0.000167 0.999404
19.000000 -0.127113 -0.588618 6.338035 0.035343 -0.000959 -0.000134 0.999375
20.000000 -0.123651 -0.618809 6.672187 0.037102 -0.000930 -0.000132 0.999311
21.000000 -0.136221 -0.632914 7.007918 0.039218 -0.000727 -0.000123 0.999230
22.000000 -0.151105 -0.666442 7.341621 0.041163 0.000859 -0.000060 0.999152
23.000000 -0.154207 -0.696157 7.676342 0.042205 0.004390 0.000086 0.999099
24.000000 -0.133220 -0.741600 8.008153 0.041402 0.009154 0.000298 0.999101
25.000000 -0.096449 -0.776793 8.340498 0.038027 0.013300 0.000508 0.999188
26.000000 -0.077531 -0.786373 8.675315 0.032214 0.014806 0.000642 0.999371
27.000000 -0.076508 -0.797651 9.011073 0.025293 0.012609 0.000663 0.999600
28.000000 -0.075883 -0.786419 9.346476 0.019410 0.007082 0.000592 0.999786
29.000000 -0.075603 -0.788725 9.682299 0.016564 -0.000384 0.000476 0.999863
30.000000 -0.099466 -0.794851 10.016908 0.017656 -0.008284 0.000366 0.999810
31.000000 -0.117578 -0.813830 10.351211 0.022148 -0.015716 0.000293 0.999631
32.000000 -0.119607 -0.852393 10.685675 0.028494 -0.022514 0.000258 0.999340
33.000000 -0.141472 -0.882491 11.019154 0.035006 -0.028872 0.000231 0.998970
34.000000 -0.180331 -0.903264 11.351949 0.040533 -0.034752 0.000187 0.998574
35.000000 -0.208593 -0.937957 11.684841 0.044537 -0.039467 0.000133 0.998228
36.000000 -0.242443 -0.977302 12.016637 0.046684 -0.041624 0.000118 0.998042
37.000000 -0.286351 -1.013978 12.347545 0.046418 -0.039419 0.000216 0.998144
38.000000 -0.322502 -1.047364 12.679532 0.042944 -0.031139 0.000499 0.998592
39.000000 -0.336833 -1.087729 13.011986 0.035627 -0.015676 0.001021 0.999242
40.000000 -0.316648 -1.094791 13.348617 0.024421 0.007067 0.001797 0.999675
41.000000 -0.289171 -1.077647 13.684306 0.009976 0.035882 0.002779 0.999302
42.000000 -0.247661 -1.083127 14.016586 -0.006591 0.068130 0.003866 0.997647
43.000000 -0.127534 -1.057674 14.330646 -0.024013 0.100043 0.004969 0.994681
44.000000 0.011969 -1.013192 14.634572 -0.041089 0.127739 0.006076 0.990938
45.000000 0.130783 -0.953303 14.941876 -0.056898 0.148708 0.007250 0.987216
46.000000 0.217084 -0.889102 15.259476 -0.071079 0.162854 0.008556 0.984049
47.000000 0.328988 -0.851222 15.574340 -0.083983 0.172305 0.009996 0.981406
48.000000 0.451898 -0.783860 15.879181 -0.096387 0.180151 0.011500 0.978837
49.000000 0.591766 -0.687886 16.169575 -0.108822 0.189027 0.012916 0.975838
50.000000 0.691954 -0.616907 16.481591 -0.121002 0.200285 0.014013 0.972136
51.000000 0.817500 -0.504694 16.769150 -0.131884 0.213869 0.014532 0.967810
52.000000 1.008026 -0.391985 17.024424 -0.140318 0.228705 0.014313 0.963224
53.000000 1.189981 -0.301096 17.292317 -0.145785 0.243455 0.013388 0.958800
54.000000 1.324970 -0.215578 17.586916 -0.148658 0.257333 0.011938 0.954745
55.000000 1.490888 -0.106590 17.858600 -0.149856 0.270421 0.010166 0.950953
56.000000 1.699231 -0.012254 18.106692 -0.150255 0.283229 0.008216 0.947173
57.000000 1.883363 0.085335 18.368700 -0.150323 0.295985 0.006176 0.943270
58.000000 2.093692 0.175671 18.614721 -0.150180 0.308382 0.004127 0.939324
59.000000 2.293423 0.277488 18.864534 -0.149883 0.319894 0.002171 0.935520
60.000000 2.500022 0.367659 19.112523 -0.149668 0.330219 0.000437 0.931963
61.000000 2.728471 0.446021 19.347671 -0.149998 0.339478 -0.000928 0.928576
62.000000 2.955584 0.543480 19.575997 -0.151496 0.348206 -0.001771 0.925094
63.000000 3.157378 0.645532 19.823480 -0.154905 0.357217 -0.001928 0.921085
64.000000 3.384047 0.727986 20.056928 -0.161063 0.367264 -0.001169 0.916065
65.000000 3.626797 0.826747 20.268606 -0.170795 0.378533 0.000837 0.909693
66.000000 3.868668 0.944156 20.469443 -0.184630 0.390352 0.004465 0.901952
67.000000 4.123393 1.064939 20.652136 -0.202392 0.401489 0.009925 0.893166
68.000000 4.370484 1.203544 20.830018 -0.222901 0.410908 0.016980 0.883844
69.000000 4.595887 1.379669 21.005743 -0.244041 0.418398 0.024786 0.874513
70.000000 4.830494 1.569177 21.153389 -0.263291 0.424636 0.032029 0.865642
71.000000 5.066774 1.761447 21.294179 -0.278574 0.430809 0.037363 0.857557
72.000000 5.305986 1.940745 21.446851 -0.289002 0.438140 0.039903 0.850246
73.000000 5.548501 2.127983 21.583459 -0.295097 0.447509 0.039523 0.843262
74.000000 5.794547 2.299878 21.733829 -0.298375 0.459120 0.036849 0.835956
75.000000 6.055821 2.475687 21.851263 -0.300567 0.472219 0.033029 0.827996
76.000000 6.337650 2.636353 21.939753 -0.302952 0.485194 0.029367 0.819722
77.000000 6.610255 2.812785 22.023343 -0.306111 0.496280 0.026883 0.811960
78.000000 6.884952 2.983346 22.112638 -0.310064 0.504526 0.025990 0.805381
79.000000 7.138784 3.166528 22.231521 -0.314588 0.510239 0.026463 0.799994
80.000000 7.400652 3.358786 22.318419 -0.319478 0.514512 0.027755 0.795261
81.000000 7.679471 3.535114 22.382180 -0.324634 0.518295 0.029420 0.790644
82.000000 7.951909 3.710495 22.462451 -0.329968 0.521906 0.031270 0.785976
83.000000 8.220789 3.898039 22.513809 -0.335256 0.525301 0.033182 0.781384
84.000000 8.465460 4.107815 22.609659 -0.340088 0.528563 0.034850 0.777012
85.000000 8.733262 4.301683 22.670437 -0.343999 0.531860 0.035889 0.772982
86.000000 9.008296 4.487482 22.714952 -0.346682 0.534962 0.036197 0.769621
87.000000 9.277644 4.680206 22.762958 -0.348100 0.537041 0.036144 0.767533
88.000000 9.561315 4.853518 22.802783 -0.348379 0.537202 0.036254 0.767289
89.000000 9.814751 5.058050 22.884970 -0.347607 0.535268 0.036675 0.768968
90.000000 10.063107 5.271722 22.959905 -0.345740 0.532022 0.036998 0.772041
91.000000 10.340543 5.446978 23.032226 -0.342700 0.528679 0.036585 0.775704
92.000000 10.606871 5.640778 23.094357 -0.338542 0.526188 0.035027 0.779287
93.000000 10.875403 5.822834 23.180333 -0.333503 0.525034 0.032265 0.782352
94.000000 11.147067 6.002373 23.262019 -0.327914 0.525531 0.028383 0.784528
95.000000 11.407110 6.188323 23.362536 -0.322065 0.528055 0.023426 0.785419
96.000000 11.689477 6.354156 23.436795 -0.316138 0.532838 0.017435 0.784752
97.000000 11.977317 6.511259 23.508070 -0.310201 0.539578 0.010614 0.782635
98.000000 12.267208 6.668513 23.570292 -0.304238 0.547360 0.003351 0.779631
99.000000 12.557274 6.817495 23.647349 -0.298171 0.555009 -0.003930 0.776559
100.000000 12.862890 6.951384 23.685735 -0.291896 0.561583 -0.010945 0.774146
101.000000 13.154392 7.099977 23.758518 -0.285328 0.566649 -0.017614 0.772779
102.000000 13.463210 7.214941 23.817574 -0.278443 0.570252 -0.023995 0.772468
103.000000 13.761370 7.348890 23.893234 -0.271262 0.572720 -0.030209 0.772979
104.000000 14.068839 7.469782 23.949060 -0.263805 0.574454 -0.036389 0.774006
105.000000 14.373526 7.582301 24.030159 -0.256058 0.575783 -0.042659 0.775299
106.000000 14.689424 7.678419 24.090184 -0.247995 0.576888 -0.049097 0.776716
107.000000 14.996095 7.785567 24.173049 -0.239609 0.577795 -0.055716 0.778226
108.000000 15.307051 7.878963 24.257227 -0.230907 0.578407 -0.062489 0.779886
109.000000 15.626857 7.951926 24.327914 -0.221810 0.578563 -0.069439 0.781820
110.000000 15.944681 8.034529 24.397207 -0.212021 0.578071 -0.076755 0.784213
111.000000 16.253585 8.110328 24.508775 -0.200959 0.576719 -0.084836 0.787282
112.000000 16.574164 8.173419 24.582700 -0.187918 0.574271 -0.094173 0.791221
113.000000 16.895262 8.218543 24.667999 -0.172418 0.570526 -0.105082 0.796071
114.000000 17.207711 8.254569 24.785291 -0.154573 0.565493 -0.117473 0.801576
115.000000 17.519631 8.260760 24.908808 -0.135157 0.559594 -0.130818 0.807139
116.000000 17.825394 8.237930 25.044922 -0.115269 0.553700 -0.144389 0.811961
117.000000 18.132260 8.241674 25.179473 -0.095818 0.548899 -0.157576 0.815291
118.000000 18.434686 8.209969 25.321836 -0.077214 0.546123 -0.170065 0.816619
119.000000 18.738480 8.153949 25.452803 -0.059437 0.545900 -0.181796 0.815727
120.000000 19.037567 8.109940 25.598567 -0.042335 0.548318 -0.192790 0.812642
121.000000 19.338409 8.035011 25.727803 -0.025877 0.553104 -0.203007 0.807586
122.000000 19.634429 7.938197 25.852244 -0.010234 0.559709 -0.212325 0.800961
123.000000 19.941171 7.847000 25.955059 0.004257 0.567396 -0.220575 0.793341
124.000000 20.236945 7.740764 26.073252 0.017178 0.575358 -0.227596 0.785410
125.000000 20.532995 7.612824 26.166326 0.028123 0.582861 -0.233273 0.777859
126.000000 20.834059 7.497640 26.259385 0.036824 0.589345 -0.237584 0.771278
127.000000 21.129610 7.366839 26.350386 0.043254 0.594452 -0.240640 0.766060
128.000000 21.429251 7.246024 26.440325 0.047659 0.598031 -0.242688 0.762359
129.000000 21.726008 7.117186 26.529026 0.050453 0.600117 -0.244029 0.760108
130.000000 22.024202 6.994333 26.622776 0.052038 0.600899 -0.244903 0.759101
131.000000 22.322634 6.860096 26.700995 0.052645 0.600666 -0.245394 0.759086
132.000000 22.617173 6.738326 26.805522 0.052322 0.599745 -0.245441 0.759821
133.000000 22.910960 6.608250 26.903357 0.051074 0.598451 -0.244955 0.761081
134.000000 23.210946 6.483750 26.989405 0.049048 0.597049 -0.243959 0.762634
135.000000 23.514462 6.370207 27.077712 0.046582 0.595700 -0.242639 0.764264
136.000000 23.804021 6.260090 27.206609 0.044005 0.594335 -0.241241 0.765919
137.000000 24.109315 6.147991 27.290890 0.041298 0.592450 -0.239894 0.767951
138.000000 24.407080 6.015295 27.370745 0.037862 0.589000 -0.238463 0.771221
139.000000 24.705395 5.903747 27.478079 0.032617 0.582679 -0.236537 0.776835
140.000000 25.006469 5.802616 27.586680 0.024400 0.572577 -0.233516 0.785513
141.000000 25.301122 5.699816 27.708928 0.012420 0.558886 -0.228749 0.796973
142.000000 25.583501 5.633028 27.879372 -0.003475 0.543113 -0.221725 0.809848
143.000000 25.865582 5.581778 28.057880 -0.022815 0.527590 -0.212272 0.822234
144.000000 26.157586 5.554807 28.219538 -0.044790 0.514526 -0.200619 0.832472
145.000000 26.452082 5.553257 28.380967 -0.068665 0.505262 -0.187207 0.839613
146.000000 26.737961 5.554235 28.555696 -0.094239 0.500149 -0.172317 0.843372
147.000000 27.032274 5.574211 28.716735 -0.122166 0.498818 -0.155745 0.843801
148.000000 27.320263 5.633893 28.874538 -0.153954 0.500299 -0.136697 0.841019
149.000000 27.617368 5.714083 29.014625 -0.191384 0.502847 -0.114021 0.835175
150.000000 27.935062 5.776928 29.123944 -0.235251 0.503957 -0.086843 0.826525
151.000000 28.216164 5.923859 29.221036 -0.283952 0.501184 -0.055466 0.815543
152.000000 28.439683 6.169327 29.263987 -0.333039 0.493572 -0.022083 0.803109
153.000000 28.643628 6.427683 29.330944 -0.376581 0.482534 0.009430 0.790733
154.000000 28.841997 6.691190 29.400943 -0.409603 0.471052 0.034925 0.780459
155.000000 29.047654 6.952579 29.454631 -0.429830 0.461620 0.051890 0.774248
156.000000 29.263063 7.207349 29.499056 -0.437770 0.454678 0.060502 0.773282
157.000000 29.484976 7.452521 29.555767 -0.435696 0.448751 0.063070 0.777697
158.000000 29.710276 7.685679 29.642255 -0.426404 0.441912 0.062382 0.786767
159.000000 29.930348 7.907960 29.764810 -0.412183 0.433231 0.060221 0.799243
160.000000 30.116877 8.158113 29.888729 -0.394390 0.423150 0.057008 0.813726
161.000000 30.327197 8.393973 30.002203 -0.373949 0.412736 0.052613 0.828881
162.000000 30.541230 8.593060 30.166857 -0.352469 0.402640 0.047486 0.843440
163.000000 30.784020 8.740994 30.346382 -0.332901 0.392705 0.043056 0.856216
164.000000 31.010368 8.883223 30.551370 -0.318619 0.382368 0.041026 0.866368
165.000000 31.200805 9.080024 30.743159 -0.311293 0.371227 0.042199 0.873789
166.000000 31.381833 9.307361 30.911706 -0.309407 0.359215 0.045903 0.879275
167.000000 31.578829 9.526477 31.071267 -0.308974 0.346457 0.050478 0.884282
168.000000 31.756890 9.718664 31.280149 -0.305947 0.333112 0.054346 0.890213
169.000000 31.939652 9.891781 31.504017 -0.298363 0.319331 0.056788 0.897654
170.000000 32.085054 10.083260 31.737922 -0.286913 0.305270 0.058015 0.906160
171.000000 32.266948 10.271118 31.949623 -0.274180 0.291053 0.058829 0.914687
172.000000 32.425958 10.410747 32.207443 -0.263435 0.276711 0.060198 0.922176
173.000000 32.565798 10.538674 32.487244 -0.257435 0.262235 0.062865 0.927905
174.000000 32.714526 10.708705 32.736847 -0.257245 0.247801 0.067003 0.931628
175.000000 32.841269 10.909357 32.975081 -0.261510 0.234084 0.072017 0.933612
176.000000 32.920030 11.110075 33.232775 -0.266902 0.222626 0.076637 0.934520
177.000000 33.047501 11.304618 33.474640 -0.269808 0.216166 0.079227 0.934986
178.000000 33.147522 11.481838 33.738935 -0.268258 0.218746 0.078096 0.934927
179.000000 33.224468 11.651363 34.020630 -0.262840 0.235234 0.071816 0.932964
180.000000 33.357762 11.821494 34.278807 -0.256091 0.269979 0.059626 0.926268
181.000000 33.561592 11.956760 34.508150 -0.250828 0.324713 0.041858 0.910985
182.000000 33.804940 12.063921 34.712435 -0.248457 0.396497 0.020059 0.883548
183.000000 34.088240 12.211611 34.789399 -0.248420 0.477188 -0.003317 0.842952
184.000000 34.410354 12.314107 34.749863 -0.249297 0.555601 -0.025411 0.792788
185.000000 34.744182 12.370781 34.684444 -0.250584 0.621721 -0.043314 0.740807
186.000000 35.074491 12.404452 34.636450 -0.253441 0.670149 -0.054336 0.695497
187.000000 35.394992 12.461977 34.558914 -0.259771 0.700597 -0.056473 0.662189
188.000000 35.714394 12.549956 34.475694 -0.270665 0.715986 -0.049131 0.641632
189.000000 36.016530 12.674917 34.402443 -0.285615 0.720174 -0.033523 0.631387
190.000000 36.299066 12.832083 34.330398 -0.302919 0.716519 -0.012182 0.628245
191.000000 36.604280 12.951733 34.248464 -0.320638 0.707359 0.012157 0.629831
192.000000 36.877072 13.133255 34.178813 -0.337281 0.694128 0.037436 0.634843
193.000000 37.139464 13.336957 34.130086 -0.351948 0.677788 0.062396 0.642528
194.000000 37.394208 13.552361 34.093974 -0.364203 0.659237 0.086253 0.652168
195.000000 37.638083 13.781129 34.067566 -0.374000 0.639456 0.108498 0.662908
196.000000 37.877851 14.015425 34.061277 -0.381696 0.619395 0.128925 0.673822
197.000000 38.109911 14.258035 34.066203 -0.387993 0.599840 0.147648 0.683998
198.000000 38.327827 14.512328 34.088096 -0.393744 0.581441 0.164899 0.692604
199.000000 38.534113 14.775224 34.117708 -0.399679 0.564828 0.180764 0.698963
200.000000 38.727208 15.047674 34.151162 -0.406195 0.550615 0.195067 0.702693
201.000000 38.911846 15.325134 34.188957 -0.413264 0.539201 0.207499 0.703860
202.000000 39.091942 15.606700 34.220095 -0.420459 0.530508 0.217872 0.703070
203.000000 39.262997 15.894537 34.242060 -0.427050 0.523825 0.226331 0.701434
204.000000 39.436423 16.181165 34.262914 -0.432151 0.517926 0.233384 0.700379
205.000000 39.603487 16.470915 34.292521 -0.434886 0.511411 0.239739 0.701326
206.000000 39.766212 16.762246 34.324174 -0.434548 0.503119 0.246022 0.705346
207.000000 39.914463 17.061002 34.361243 -0.430723 0.492422 0.252560 0.712890
208.000000 40.085306 17.338677 34.440544 -0.423386 0.479318 0.259321 0.723706
209.000000 40.223621 17.634217 34.516886 -0.412915 0.464343 0.266009 0.736971
210.000000 40.375658 17.909394 34.635754 -0.400014 0.448396 0.272197 0.751557
211.000000 40.522348 18.182537 34.760936 -0.385544 0.432550 0.277461 0.766337
212.000000 40.666641 18.448453 34.904406 -0.370367 0.417881 0.281451 0.780378
213.000000 40.807184 18.712560 35.055662 -0.355266 0.405350 0.283934 0.793006
214.000000 40.952374 18.962954 35.225410 -0.340938 0.395750 0.284803 0.803760
215.000000 41.100467 19.207450 35.401100 -0.328004 0.389669 0.284065 0.812329
216.000000 41.250993 19.447814 35.580495 -0.316945 0.387417 0.281840 0.818548
217.000000 41.409980 19.683939 35.758663 -0.308014 0.388887 0.278367 0.822439
218.000000 41.577087 19.918565 35.930755 -0.301186 0.393470 0.274016 0.824247
219.000000 41.751372 20.152115 36.096969 -0.296227 0.400105 0.269265 0.824416
220.000000 41.933297 20.381431 36.261040 -0.292837 0.407510 0.264651 0.823494
221.000000 42.123564 20.610594 36.416160 -0.290771 0.414486 0.260672 0.822012
222.000000 42.303693 20.841787 36.579309 -0.289884 0.420154 0.257706 0.820381
223.000000 42.493556 21.072801 36.732035 -0.290107 0.424022 0.255979 0.818852
224.000000 42.678969 21.305359 36.887608 -0.291434 0.425877 0.255602 0.817534
225.000000 42.866454 21.538919 37.039069 -0.293935 0.425625 0.256652 0.816440
226.000000 43.048402 21.775072 37.193393 -0.297770 0.423168 0.259234 0.815512
227.000000 43.221339 22.016881 37.348733 -0.303167 0.418378 0.263482 0.814633
228.000000 43.391806 22.259056 37.506030 -0.310361 0.411129 0.269514 0.813641
229.000000 43.551400 22.507240 37.666264 -0.319497 0.401343 0.277375 0.812348
230.000000 43.693961 22.765300 37.827098 -0.330537 0.389026 0.286987 0.810581
231.000000 43.820481 23.030212 37.989789 -0.343193 0.374322 0.298121 0.808224
232.000000 43.929754 23.301000 38.155244 -0.356906 0.357549 0.310386 0.805256
233.000000 44.017913 23.578601 38.321881 -0.370895 0.339223 0.323268 0.801787
234.000000 44.085114 23.863187 38.487035 -0.384272 0.320006 0.336210 0.798056
235.000000 44.133834 24.149196 38.655569 -0.396203 0.300603 0.348710 0.794394
236.000000 44.167492 24.436450 38.825638 -0.406067 0.281651 0.360402 0.791134
237.000000 44.188858 24.722105 39.000474 -0.413571 0.263640 0.371082 0.788512
238.000000 44.199296 25.005102 39.180338 -0.418798 0.246902 0.380679 0.786595
239.000000 44.201150 25.288182 39.360428 -0.422190 0.231644 0.389199 0.785252
240.000000 44.194192 25.566766 39.547717 -0.424471 0.217999 0.396667 0.784191
241.000000 44.176473 25.843079 39.737529 -0.426539 0.206088 0.403081 0.783018
242.000000 44.157701 26.117022 39.930404 -0.429314 0.196044 0.408398 0.781324
243.000000 44.127409 26.390595 40.122324 -0.433613 0.187993 0.412545 0.778746
244.000000 44.093060 26.668408 40.307674 -0.440126 0.181996 0.415456 0.774960
245.000000 44.056857 26.949328 40.487537 -0.449534 0.177975 0.417097 0.769593
246.000000 44.010060 27.235799 40.654991 -0.462594 0.175683 0.417476 0.762139
247.000000 43.967854 27.524319 40.820743 -0.479729 0.174711 0.416647 0.752158
248.000000 43.918124 27.819390 40.972039 -0.499776 0.174545 0.414806 0.740063
249.000000 43.860049 28.116572 41.115975 -0.518438 0.174668 0.412575 0.728351
250.000000 43.827957 28.270108 41.187799 -0.525006 0.174723 0.411690 0.724122
251.000000 43.890831 27.968119 41.044841 -0.509695 0.174598 0.413675 0.733894
252.000000 43.939806 27.671330 40.895985 -0.489567 0.174562 0.415829 0.746284
253.000000 43.988013 27.378217 40.740721 -0.470668 0.175063 0.417206 0.757472
254.000000 44.036132 27.089837 40.576052 -0.455563 0.176635 0.417443 0.766162
255.000000 44.072467 26.807140 40.399831 -0.444421 0.179750 0.416436 0.772503
256.000000 44.108326 26.530820 40.212803 -0.436552 0.184739 0.414158 0.777024
257.000000 44.141942 26.254197 40.025938 -0.431228 0.191763 0.410622 0.780166
258.000000 44.169894 25.978808 39.836128 -0.427784 0.200824 0.405881 0.782260
259.000000 44.186448 25.703069 39.645379 -0.425473 0.211819 0.400008 0.783645
260.000000 44.195377 25.428117 39.453035 -0.423415 0.224612 0.393064 0.784710
261.000000 44.199482 25.147067 39.269038 -0.420684 0.239079 0.385072 0.785867
262.000000 44.196569 24.864955 39.088157 -0.416449 0.255097 0.376016 0.787469
263.000000 44.181783 24.578839 38.913310 -0.410117 0.272503 0.365875 0.789735
264.000000 44.155631 24.292918 38.739465 -0.401420 0.291036 0.354674 0.792696
265.000000 44.110505 24.006194 38.570896 -0.390463 0.310286 0.342542 0.796195
266.000000 44.051825 23.720581 38.404940 -0.377715 0.329682 0.329766 0.799935
267.000000 43.976108 23.440058 38.236955 -0.363921 0.348541 0.316785 0.803572
268.000000 43.878482 23.164203 38.072595 -0.349962 0.366166 0.304142 0.806812
269.000000 43.760088 22.895603 37.909766 -0.336692 0.381957 0.292385 0.809480
270.000000 43.623196 22.636489 37.746040 -0.324790 0.395496 0.281973 0.811533
271.000000 43.475147 22.380651 37.586927 -0.314683 0.406555 0.273218 0.813044
272.000000 43.309101 22.136937 37.426620 -0.306527 0.415067 0.266270 0.814162
273.000000 43.138126 21.891734 37.274031 -0.300257 0.421073 0.261142 0.815075
274.000000 42.956837 21.658582 37.114493 -0.295673 0.424680 0.257743 0.815961
275.000000 42.772058 21.424292 36.960875 -0.292530 0.426020 0.255943 0.816962
276.000000 42.584880 21.190480 36.809263 -0.290630 0.425208 0.255617 0.818164
277.000000 42.398178 20.958776 36.653999 -0.289859 0.422331 0.256679 0.819594
278.000000 42.210888 20.728633 36.497649 -0.290186 0.417523 0.259045 0.821196
279.000000 42.024145 20.498132 36.340538 -0.291650 0.411115 0.262554 0.822794
280.000000 41.838170 20.268062 36.181795 -0.294353 0.403791 0.266908 0.824056
281.000000 41.663078 20.033019 36.018398 -0.298492 0.396610 0.271657 0.824503
282.000000 41.494108 19.801077 35.844272 -0.304349 0.390847 0.276273 0.823580
283.000000 41.330860 19.563941 35.671629 -0.312209 0.387713 0.280239 0.820774
284.000000 41.174549 19.326356 35.493564 -0.322218 0.388060 0.283127 0.815736
285.000000 41.027748 19.086309 35.310757 -0.334263 0.392242 0.284630 0.808332
286.000000 40.881758 18.838493 35.137735 -0.347964 0.400141 0.284572 0.798640
287.000000 40.737316 18.585875 34.970875 -0.362761 0.411295 0.282890 0.786902
288.000000 40.592975 18.318920 34.827642 -0.377993 0.425005 0.279633 0.773497
289.000000 40.450152 18.050255 34.687188 -0.392920 0.440391 0.274969 0.758987
290.000000 40.303405 17.771845 34.570692 -0.406717 0.456426 0.269193 0.744172
291.000000 40.158825 17.485449 34.473437 -0.418504 0.472015 0.262699 0.730100
292.000000 40.000022 17.199562 34.402812 -0.427479 0.486148 0.255927 0.717930
293.000000 39.840194 16.912357 34.336265 -0.433083 0.498085 0.249253 0.708677
294.000000 39.693046 16.612566 34.302496 -0.435135 0.507541 0.242860 0.702907
295.000000 39.521916 16.325362 34.272787 -0.433864 0.514828 0.236604 0.700523
296.000000 39.348512 16.038435 34.254443 -0.429844 0.520866 0.229990 0.700741
297.000000 39.178181 15.749797 34.236907 -0.423884 0.526983 0.222317 0.702273
298.000000 39.002800 15.465227 34.205141 -0.416886 0.534544 0.212943 0.703650
299.000000 38.823597 15.183550 34.171918 -0.409678 0.544549 0.201534 0.703572
300.000000 38.629288 14.912466 34.134001 -0.402856 0.557388 0.188129 0.701165
301.000000 38.430423 14.643839 34.103750 -0.396654 0.572871 0.173010 0.696097
302.000000 38.218631 14.385521 34.074517 -0.390885 0.590457 0.156446 0.688545
303.000000 37.994694 14.135859 34.064550 -0.384966 0.609512 0.138485 0.679057
304.000000 37.761755 13.894388 34.062693 -0.378073 0.629407 0.118938 0.668402
305.000000 37.517867 13.664638 34.078729 -0.369396 0.649438 0.097598 0.657458
306.000000 37.266087 13.444690 34.106991 -0.358389 0.668729 0.074500 0.647154
307.000000 37.009590 13.233110 34.152933 -0.344898 0.686293 0.050012 0.638393
308.000000 36.741326 13.037363 34.202779 -0.329163 0.701187 0.024773 0.631961
309.000000 36.451484 12.889724 34.285987 -0.311835 0.712520 -0.000237 0.628549
310.000000 36.167572 12.737828 34.367992 -0.294100 0.719156 -0.023389 0.629105
311.000000 35.866646 12.609240 34.438671 -0.277722 0.719249 -0.042221 0.635428
312.000000 35.554447 12.501913 34.516077 -0.264641 0.709932 -0.053953 0.650423
313.000000 35.235545 12.429572 34.600424 -0.256069 0.687484 -0.056593 0.677194
314.000000 34.910229 12.386363 34.662856 -0.251695 0.648269 -0.049835 0.716878
315.000000 34.577019 12.347449 34.715794 -0.249852 0.590665 -0.035063 0.766459
316.000000 34.246618 12.269310 34.777460 -0.248814 0.517385 -0.014708 0.818650
317.000000 33.937652 12.139565 34.776488 -0.248237 0.436402 0.008394 0.864790
318.000000 33.680151 12.004725 34.617327 -0.249275 0.358872 0.031324 0.898939
319.000000 33.451906 11.896323 34.395987 -0.253138 0.294904 0.051369 0.919953
320.000000 33.282249 11.738078 34.153574 -0.259440 0.250128 0.066468 0.930435
321.000000 33.182560 11.566060 33.880874 -0.265903 0.224946 0.075669 0.934328
322.000000 33.106530 11.395670 33.601435 -0.269613 0.216030 0.079226 0.935074
323.000000 32.976972 11.208531 33.355720 -0.268846 0.218547 0.078293 0.934788
324.000000 32.882070 11.010562 33.102792 -0.264309 0.227933 0.074474 0.934153
325.000000 32.783900 10.807389 32.854612 -0.258997 0.240781 0.069467 0.932802
326.000000 32.639663 10.617684 32.616231 -0.256639 0.254986 0.064769 0.930012
327.000000 32.495887 10.472109 32.348620 -0.259723 0.269486 0.061341 0.925288
328.000000 32.351230 10.346456 32.071768 -0.268360 0.283899 0.059388 0.918617
329.000000 32.173816 10.181136 31.842659 -0.280505 0.298177 0.058413 0.910492
330.000000 32.013797 9.985481 31.621700 -0.292991 0.312326 0.057512 0.901832
331.000000 31.850631 9.803624 31.391556 -0.302739 0.326266 0.055751 0.893751
332.000000 31.664402 9.629012 31.172381 -0.307971 0.339849 0.052570 0.887070
333.000000 31.487757 9.415723 30.984960 -0.309291 0.352919 0.048195 0.881739
334.000000 31.284519 9.194992 30.833379 -0.309886 0.365324 0.043828 0.876692
335.000000 31.113992 8.973149 30.647363 -0.314103 0.376909 0.041220 0.870391
336.000000 30.896307 8.807807 30.452612 -0.324929 0.387620 0.041658 0.861648
337.000000 30.665505 8.671961 30.249618 -0.342222 0.397686 0.045070 0.850117
338.000000 30.426641 8.500722 30.085284 -0.363184 0.407641 0.050072 0.836313
339.000000 30.222234 8.279169 29.939913 -0.384429 0.417925 0.054954 0.821299
340.000000 30.022620 8.031650 29.830730 -0.403677 0.428300 0.058756 0.806320
341.000000 29.824280 7.795173 29.699865 -0.419804 0.437802 0.061433 0.792667
342.000000 29.597337 7.570581 29.595511 -0.431789 0.445538 0.062987 0.781720
343.000000 29.373413 7.331320 29.524520 -0.437808 0.451718 0.062357 0.774846
344.000000 29.154339 7.080978 29.476664 -0.435221 0.457899 0.057129 0.773077
345.000000 28.943422 6.822520 29.430245 -0.421340 0.465996 0.044527 0.776748
346.000000 28.742637 6.559265 29.366948 -0.394621 0.476655 0.023145 0.785200
347.000000 28.543226 6.297389 29.295701 -0.355865 0.488310 -0.005816 0.796793
348.000000 28.331255 6.044442 29.238574 -0.308811 0.497950 -0.038811 0.809429
349.000000 28.083053 5.834749 29.172462 -0.259215 0.503167 -0.071590 0.821283
350.000000 27.776276 5.743276 29.072513 -0.212544 0.503751 -0.101014 0.831177
351.000000 27.465938 5.675852 28.948049 -0.171873 0.501583 -0.125884 0.838467
352.000000 27.176868 5.597060 28.796598 -0.137461 0.499295 -0.146600 0.842803
353.000000 26.884672 5.565816 28.636984 -0.107831 0.499056 -0.164278 0.843995
354.000000 26.596336 5.545457 28.466183 -0.081221 0.502196 -0.179945 0.841916
355.000000 26.306013 5.555380 28.298225 -0.056520 0.509376 -0.194107 0.836459
356.000000 26.010027 5.562963 28.140732 -0.033526 0.520642 -0.206694 0.827699
357.000000 25.723647 5.606622 27.970723 -0.012761 0.535168 -0.217296 0.816220
358.000000 25.443481 5.662118 27.788959 0.004945 0.551123 -0.225540 0.803350
359.000000 25.154306 5.751360 27.647399 0.018906 0.566114 -0.231389 0.790959
360.000000 24.854357 5.851156 27.534588 0.028943 0.578120 -0.235205 0.780780
361.000000 24.557467 5.958746 27.419971 0.035542 0.586274 -0.237596 0.773672
362.000000 24.256665 6.079059 27.333366 0.039731 0.591002 -0.239209 0.769361
363.000000 23.956517 6.207011 27.252262 0.042691 0.593511 -0.240563 0.766845
364.000000 23.658838 6.314405 27.142541 0.045296 0.595038 -0.241937 0.765078
365.000000 23.364071 6.426211 27.029096 0.047845 0.596364 -0.243323 0.763449
366.000000 23.059387 6.544395 26.948883 0.050141 0.597750 -0.244512 0.761836
367.000000 22.764018 6.673689 26.855230 0.051810 0.599126 -0.245267 0.760399
368.000000 22.470245 6.798027 26.750500 0.052601 0.600271 -0.245480 0.759373
369.000000 22.173900 6.927970 26.661727 0.052458 0.600889 -0.245198 0.758985
370.000000 21.874386 7.056619 26.578764 0.051378 0.600654 -0.244515 0.759465
371.000000 21.578895 7.179288 26.477201 0.049230 0.599251 -0.243429 0.761063
372.000000 21.278931 7.310485 26.402647 0.045686 0.596434 -0.241771 0.764019
373.000000 20.981719 7.427474 26.299852 0.040313 0.592085 -0.239256 0.768483
374.000000 20.684668 7.560170 26.215250 0.032763 0.586258 -0.235596 0.774418
375.000000 20.382255 7.675096 26.125535 0.022919 0.579206 -0.230607 0.781547
376.000000 20.090997 7.798127 26.013388 0.010941 0.571391 -0.224248 0.789370
377.000000 19.788098 7.891979 25.901924 -0.002819 0.563468 -0.216594 0.797234
378.000000 19.487105 7.990428 25.791251 -0.017936 0.556222 -0.207789 0.804437
379.000000 19.186825 8.072706 25.665859 -0.034019 0.550443 -0.198002 0.810340
380.000000 18.887042 8.125684 25.525881 -0.050808 0.546789 -0.187385 0.814449
381.000000 18.586319 8.188276 25.390750 -0.068232 0.545677 -0.176024 0.816454
382.000000 18.282687 8.226174 25.252435 -0.086404 0.547214 -0.163915 0.816225
383.000000 17.976393 8.248410 25.117574 -0.105450 0.551097 -0.151057 0.813851
384.000000 17.673697 8.247077 24.973613 -0.125205 0.556579 -0.137620 0.809694
385.000000 17.362117 8.260805 24.850687 -0.144994 0.562607 -0.124071 0.804398
386.000000 17.049754 8.239061 24.730162 -0.163754 0.568156 -0.111117 0.798772
387.000000 16.735580 8.200161 24.620183 -0.180485 0.572568 -0.099425 0.793540
388.000000 16.413490 8.144411 24.543513 -0.194726 0.575647 -0.089320 0.789135
389.000000 16.099989 8.074163 24.447682 -0.206693 0.577517 -0.080669 0.785649
390.000000 15.786995 7.990632 24.359537 -0.217032 0.578411 -0.073031 0.782946
391.000000 15.466678 7.918394 24.290989 -0.226420 0.578554 -0.065935 0.780808
392.000000 15.152118 7.835717 24.208894 -0.235299 0.578147 -0.059085 0.779031
393.000000 14.843144 7.731979 24.129925 -0.243841 0.577370 -0.052385 0.777458
394.000000 14.529740 7.633254 24.066603 -0.252067 0.576358 -0.045854 0.775996
395.000000 14.217174 7.527793 24.002456 -0.259970 0.575154 -0.039506 0.774631
396.000000 13.918480 7.404334 23.914773 -0.267568 0.573655 -0.033295 0.773446
397.000000 13.611123 7.285493 23.854223 -0.274888 0.571602 -0.027115 0.772640
398.000000 13.306106 7.159106 23.799054 -0.281924 0.568617 -0.020834 0.772502
399.000000 13.005187 7.032555 23.721492 -0.288651 0.564311 -0.014322 0.773323
400.000000 12.708854 6.887829 23.664197 -0.295066 0.558470 -0.007480 0.775236
401.000000 12.417357 6.736688 23.602057 -0.301224 0.551270 -0.000310 0.778052
402.000000 12.120976 6.593496 23.537234 -0.307226 0.543412 0.007009 0.781195
403.000000 11.833456 6.433575 23.469899 -0.313170 0.536009 0.014107 0.783850
404.000000 11.548178 6.268971 23.405133 -0.319105 0.530167 0.020552 0.785285
405.000000 11.279269 6.094491 23.308271 -0.325008 0.526517 0.026038 0.785157
406.000000 11.007236 5.919098 23.219465 -0.330757 0.525053 0.030459 0.783576
407.000000 10.742441 5.728124 23.141019 -0.336113 0.525425 0.033791 0.780907
408.000000 10.478490 5.539776 23.056134 -0.340750 0.527288 0.035960 0.777537
409.000000 10.199240 5.362846 22.998500 -0.344368 0.530291 0.036918 0.773847
410.000000 9.934791 5.169859 22.921219 -0.346817 0.533734 0.036889 0.770380
411.000000 9.691899 4.950887 22.844945 -0.348125 0.536467 0.036440 0.767909
412.000000 9.423222 4.764135 22.768108 -0.348373 0.537396 0.036156 0.767160
413.000000 9.140801 4.584428 22.752722 -0.347543 0.536194 0.036180 0.768375
414.000000 8.868939 4.398933 22.685546 -0.345502 0.533476 0.036121 0.771185
415.000000 8.599848 4.202855 22.643186 -0.342184 0.530206 0.035466 0.774941
416.000000 8.336993 4.008873 22.568043 -0.337759 0.526935 0.034072 0.779165
417.000000 8.100597 3.789535 22.470175 -0.332639 0.523631 0.032232 0.783660
418.000000 7.811853 3.628407 22.425711 -0.327288 0.520123 0.030327 0.788311
419.000000 7.539981 3.445167 22.354525 -0.322027 0.516430 0.028557 0.792958
420.000000 7.267821 3.265611 22.274121 -0.316996 0.512483 0.027041 0.797586
421.000000 7.017049 3.070547 22.167521 -0.312270 0.507638 0.026088 0.802565
422.000000 6.745523 2.903821 22.063644 -0.308000 0.500767 0.026239 0.808505
423.000000 6.477543 2.719423 21.980801 -0.304424 0.491062 0.027935 0.815723
424.000000 6.195180 2.557509 21.897698 -0.301683 0.478841 0.031103 0.823851
425.000000 5.922703 2.388151 21.797436 -0.299511 0.465570 0.034999 0.832053
426.000000 5.669689 2.216228 21.658479 -0.296976 0.453057 0.038410 0.839684
427.000000 5.429389 2.028440 21.519368 -0.292511 0.442537 0.040055 0.846755
428.000000 5.183204 1.856047 21.369352 -0.284393 0.434263 0.039009 0.853823
429.000000 4.952000 1.660909 21.223889 -0.271517 0.427650 0.035006 0.861492
430.000000 4.711785 1.477574 21.078312 -0.254053 0.421605 0.028568 0.869995
431.000000 4.478922 1.288025 20.926780 -0.233550 0.414870 0.020864 0.879149
432.000000 4.246364 1.136730 20.740956 -0.212417 0.406450 0.013291 0.888539
433.000000 3.998171 1.000402 20.560816 -0.193069 0.396084 0.006967 0.897660
434.000000 3.743989 0.887191 20.372589 -0.177190 0.384446 0.002428 0.905980
435.000000 3.506129 0.773746 20.163830 -0.165437 0.372768 -0.000346 0.913058
436.000000 3.265984 0.686303 19.944583 -0.157586 0.362080 -0.001681 0.918728
437.000000 3.059822 0.600930 19.694266 -0.152911 0.352622 -0.001947 0.923186
438.000000 2.843643 0.490432 19.462310 -0.150557 0.343861 -0.001424 0.926871
439.000000 2.612964 0.406385 19.231326 -0.149729 0.334957 -0.000301 0.930261
440.000000 2.392542 0.325981 18.990510 -0.149741 0.325208 0.001267 0.933711
441.000000 2.199634 0.222876 18.736572 -0.150041 0.314277 0.003130 0.937394
442.000000 1.984254 0.131937 18.494224 -0.150277 0.302262 0.005147 0.941291
443.000000 1.797264 0.032706 18.234801 -0.150318 0.289622 0.007203 0.945236
444.000000 1.593095 -0.055482 17.983170 -0.150115 0.276833 0.009207 0.949076
445.000000 1.399863 -0.162850 17.728047 -0.149404 0.263945 0.011081 0.952832
446.000000 1.268878 -0.257120 17.432220 -0.147495 0.250516 0.012715 0.956726
447.000000 1.100396 -0.345157 17.157454 -0.143419 0.236160 0.013930 0.960971
448.000000 0.909988 -0.446251 16.897323 -0.136460 0.221219 0.014518 0.965521
449.000000 0.742264 -0.563781 16.632522 -0.126685 0.206837 0.014359 0.970033
450.000000 0.650592 -0.651416 16.321689 -0.114997 0.194331 0.013522 0.974078
451.000000 0.518244 -0.736583 16.026309 -0.102597 0.184342 0.012232 0.977416
452.000000 0.389801 -0.823759 15.728385 -0.090200 0.176240 0.010748 0.980147
453.000000 0.270312 -0.869912 15.417745 -0.077645 0.167977 0.009262 0.982685
454.000000 0.172581 -0.918033 15.100414 -0.064187 0.156542 0.007885 0.985552
455.000000 0.076292 -0.985082 14.786955 -0.049191 0.139132 0.006650 0.989029
456.000000 -0.057526 -1.037449 14.483034 -0.032661 0.114624 0.005519 0.992857
457.000000 -0.193387 -1.073678 14.175716 -0.015274 0.084385 0.004419 0.996306
458.000000 -0.277248 -1.079547 13.851899 0.001879 0.051794 0.003316 0.998651
459.000000 -0.302052 -1.088371 13.516890 0.017541 0.020848 0.002268 0.999626
460.000000 -0.329440 -1.094978 13.180087 0.030484 -0.005172 0.001379 0.999521
461.000000 -0.335234 -1.071838 12.845000 0.039786 -0.024339 0.000728 0.998911
462.000000 -0.310015 -1.029743 12.513060 0.045131 -0.036128 0.000330 0.998328
463.000000 -0.263097 -0.996365 12.182164 0.046900 -0.041182 0.000148 0.998050
464.000000 -0.224303 -0.957571 11.850889 0.045869 -0.040974 0.000116 0.998107
465.000000 -0.194719 -0.919382 11.518472 0.042744 -0.037328 0.000159 0.998388
466.000000 -0.162705 -0.891117 11.185481 0.037937 -0.031896 0.000212 0.998771
467.000000 -0.125808 -0.870263 10.852609 0.031818 -0.025739 0.000245 0.999162
468.000000 -0.118371 -0.832405 10.518494 0.025202 -0.019183 0.000272 0.999498
469.000000 -0.112708 -0.800202 10.183970 0.019560 -0.012083 0.000324 0.999736
470.000000 -0.081513 -0.794087 9.849946 0.016619 -0.004355 0.000418 0.999852
471.000000 -0.076494 -0.783115 9.514281 0.017517 0.003489 0.000536 0.999840
472.000000 -0.075933 -0.796186 9.178787 0.022080 0.010188 0.000636 0.999704
473.000000 -0.077180 -0.790883 8.843256 0.028767 0.014180 0.000666 0.999485
474.000000 -0.082020 -0.784598 8.507563 0.035369 0.014482 0.000588 0.999269
475.000000 -0.115734 -0.762273 8.174071 0.040055 0.011441 0.000409 0.999132
476.000000 -0.147445 -0.714260 7.843153 0.042092 0.006715 0.000187 0.999091
477.000000 -0.154425 -0.682422 7.508726 0.041853 0.002393 0.000002 0.999121
478.000000 -0.144501 -0.648367 7.174889 0.040251 -0.000167 -0.000101 0.999190
479.000000 -0.128697 -0.625034 6.840147 0.038146 -0.000931 -0.000131 0.999272
480.000000 -0.122828 -0.608086 6.504674 0.036147 -0.000888 -0.000131 0.999346
481.000000 -0.131228 -0.570472 6.171158 0.034759 -0.001266 -0.000146 0.999395
482.000000 -0.135664 -0.544375 5.836272 0.034562 -0.002877 -0.000200 0.999398
483.000000 -0.135758 -0.529144 5.500648 0.036169 -0.005911 -0.000296 0.999328
484.000000 -0.134232 -0.514749 5.165230 0.040004 -0.010011 -0.000419 0.999149
485.000000 -0.134017 -0.489148 4.830374 0.046027 -0.014467 -0.000539 0.998835
486.000000 -0.131325 -0.462920 4.495560 0.053560 -0.018451 -0.000621 0.998394
487.000000 -0.121606 -0.445137 4.160421 0.061352 -0.021301 -0.000639 0.997889
488.000000 -0.092106 -0.414146 3.827709 0.067885 -0.022728 -0.000594 0.997434
489.000000 -0.076716 -0.353580 3.497896 0.071814 -0.022788 -0.000510 0.997158
490.000000 -0.068798 -0.302492 3.165662 0.072279 -0.021673 -0.000416 0.997149
491.000000 -0.039248 -0.250015 2.835548 0.069020 -0.019512 -0.000326 0.997424
492.000000 -0.030849 -0.191754 2.504677 0.062341 -0.016376 -0.000237 0.997921
493.000000 -0.022304 -0.139253 2.173411 0.053021 -0.012469 -0.000149 0.998516
494.000000 0.000813 -0.095120 1.841383 0.042139 -0.008292 -0.000072 0.999077
495.000000 0.012453 -0.050674 1.508454 0.030852 -0.004561 -0.000023 0.999514
496.000000 0.004991 -0.028687 1.173766 0.020224 -0.001888 -0.000002 0.999794
497.000000 0.011204 -0.028347 0.838156 0.011202 -0.000463 0.000002 0.999937
498.000000 0.003545 -0.003698 0.502822 0.004593 0.000003 0.000000 0.999989
499.000000 -0.002927 0.009751 0.167613 0.000879 0.000026 0.000000 1.000000
500.000000 0.024025 0.028635 -0.007734 -0.021158 -0.007528 0.109916 0.993687
501.000000 0.120123 0.143173 -0.038670 -0.100519 -0.035766 0.522191 0.846128
502.000000 0.216222 0.257712 -0.069607 -0.159893 -0.056892 0.830634 0.530326
503.000000 0.125881 0.267732 0.183330 -0.146187 -0.055980 0.832876 0.530861
504.000000 0.126567 0.251501 0.471432 -0.118237 -0.054877 0.836963 0.531509
505.000000 0.115733 0.245676 0.760184 -0.081175 -0.055258 0.841317 0.531548
506.000000 0.105256 0.226405 1.047637 -0.043814 -0.058757 0.844412 0.530656
507.000000 0.095564 0.170212 1.331597 -0.013447 -0.065679 0.845857 0.529179
508.000000 0.084743 0.106978 1.613131 0.007070 -0.074717 0.846109 0.527700
509.000000 0.053863 0.047558 1.893625 0.018857 -0.083864 0.845770 0.526578
510.000000 0.045373 0.009728 2.180494 0.024689 -0.091660 0.845253 0.525867
511.000000 0.037282 -0.054252 2.462347 0.027024 -0.097702 0.844747 0.525478
512.000000 0.021339 -0.126514 2.742053 0.027349 -0.102226 0.844305 0.525310
513.000000 -0.009351 -0.184213 3.023553 0.026420 -0.105402 0.843949 0.525302
514.000000 -0.041729 -0.246695 3.303507 0.024665 -0.106956 0.843727 0.525430
515.000000 -0.046113 -0.299189 3.587704 0.022367 -0.106189 0.843721 0.525699
516.000000 -0.067570 -0.365584 3.867306 0.019752 -0.102209 0.844015 0.526120
517.000000 -0.115198 -0.444620 4.141209 0.017103 -0.094348 0.844640 0.526677
518.000000 -0.129493 -0.460197 4.429030 0.014836 -0.082748 0.845519 0.527286
519.000000 -0.132405 -0.482543 4.717130 0.013387 -0.068754 0.846468 0.527812
520.000000 -0.133539 -0.504868 5.005404 0.012994 -0.054656 0.847289 0.528153
521.000000 -0.134560 -0.521817 5.293946 0.013595 -0.042796 0.847872 0.528296
522.000000 -0.136072 -0.532086 5.582787 0.014894 -0.034644 0.848216 0.528306
523.000000 -0.135372 -0.546662 5.871605 0.016453 -0.030441 0.848375 0.528263
524.000000 -0.131444 -0.569415 6.159819 0.017766 -0.029470 0.848411 0.528218
525.000000 -0.123852 -0.602199 6.446867 0.018458 -0.030604 0.848371 0.528195
526.000000 -0.125418 -0.621262 6.735309 0.018651 -0.032718 0.848293 0.528187
527.000000 -0.137309 -0.633903 7.024222 0.019161 -0.034826 0.848212 0.528163
528.000000 -0.150248 -0.663260 7.311277 0.021118 -0.036047 0.848167 0.528078
529.000000 -0.154815 -0.689979 7.599053 0.025045 -0.035604 0.848187 0.527905
530.000000 -0.143960 -0.721200 7.886173 0.030081 -0.032997 0.848277 0.527667
531.000000 -0.116294 -0.761887 8.171224 0.034101 -0.028280 0.848434 0.527444
532.000000 -0.085442 -0.783003 8.457959 0.034818 -0.022204 0.848660 0.527324
533.000000 -0.077398 -0.787430 8.746660 0.031136 -0.016088 0.848933 0.527337
534.000000 -0.076409 -0.798192 9.035589 0.023780 -0.011441 0.849182 0.527441
535.000000 -0.075847 -0.787678 9.324256 0.014849 -0.009534 0.849326 0.527574
536.000000 -0.075888 -0.786036 9.613225 0.006693 -0.011055 0.849340 0.527687
537.000000 -0.086688 -0.794563 9.901782 0.000880 -0.015912 0.849251 0.527748
538.000000 -0.112980 -0.800530 10.189260 -0.002293 -0.023270 0.849092 0.527728
539.000000 -0.118350 -0.827548 10.477173 -0.003652 -0.031861 0.848875 0.527619
540.000000 -0.121702 -0.861336 10.764909 -0.004540 -0.040465 0.848606 0.527455
541.000000 -0.145664 -0.884149 11.051740 -0.006043 -0.048307 0.848290 0.527290
542.000000 -0.179041 -0.902063 11.338176 -0.008511 -0.055132 0.847933 0.527160
543.000000 -0.203472 -0.931025 11.624765 -0.011634 -0.060969 0.847554 0.527067
544.000000 -0.230530 -0.964907 11.910578 -0.014930 -0.065843 0.847178 0.527002
545.000000 -0.264865 -0.998175 12.195604 -0.018164 -0.069689 0.846829 0.526966
546.000000 -0.305975 -1.026486 12.480393 -0.021363 -0.072590 0.846510 0.526967
547.000000 -0.331527 -1.058442 12.766382 -0.024567 -0.075120 0.846195 0.526980
548.000000 -0.374370 -1.083495 13.051031 -0.027680 -0.078380 0.845831 0.526935
549.000000 -0.418644 -1.098347 13.336384 -0.030627 -0.083404 0.845361 0.526754
550.000000 -0.449254 -1.121503 13.622768 -0.033634 -0.090144 0.844755 0.526433
551.000000 -0.500097 -1.183814 13.898609 -0.037252 -0.096896 0.844056 0.526111
552.000000 -0.578613 -1.262121 14.167427 -0.041956 -0.100985 0.843392 0.526052
553.000000 -0.637950 -1.308071 14.446523 -0.047618 -0.100567 0.842896 0.526446
554.000000 -0.681275 -1.280334 14.731442 -0.053340 -0.096169 0.842593 0.527203
555.000000 -0.739076 -1.299593 15.013464 -0.057907 -0.090645 0.842422 0.527973
556.000000 -0.794590 -1.323302 15.295835 -0.060521 -0.087543 0.842304 0.528391
557.000000 -0.846587 -1.338042 15.579765 -0.061221 -0.089269 0.842159 0.528253
558.000000 -0.900535 -1.373011 15.861744 -0.060668 -0.096301 0.841877 0.527531
559.000000 -0.965990 -1.402119 16.141602 -0.059561 -0.107558 0.841359 0.526307
560.000000 -1.028878 -1.448857 16.420235 -0.058124 -0.121185 0.840597 0.524722
561.000000 -1.120905 -1.519207 16.684512 -0.056003 -0.135238 0.839718 0.522923
562.000000 -1.185272 -1.577368 16.960147 -0.052528 -0.148201 0.838934 0.521025
563.000000 -1.265216 -1.639808 17.230611 -0.047175 -0.159385 0.838418 0.519063
564.000000 -1.337817 -1.710944 17.501244 -0.040002 -0.169039 0.838172 0.517005
565.000000 -1.399804 -1.795101 17.770646 -0.031853 -0.178129 0.837982 0.514822
566.000000 -1.453320 -1.890389 18.038008 -0.024158 -0.187921 0.837496 0.512545
567.000000 -1.511520 -1.984995 18.305090 -0.018332 -0.199564 0.836352 0.510249
568.000000 -1.578275 -2.079953 18.570246 -0.015142 -0.213718 0.834296 0.507981
569.000000 -1.658286 -2.189179 18.825090 -0.014467 -0.230190 0.831287 0.505732
570.000000 -1.749556 -2.316596 19.068028 -0.015627 -0.247698 0.827566 0.503524
571.000000 -1.836689 -2.447939 19.310298 -0.017950 -0.263993 0.823669 0.501552
572.000000 -1.931045 -2.588116 19.545109 -0.021181 -0.276446 0.820293 0.500248
573.000000 -2.038266 -2.730407 19.773890 -0.025573 -0.283023 0.817989 0.500138
574.000000 -2.144614 -2.862950 20.007679 -0.031849 -0.283346 0.816785 0.501560
575.000000 -2.236682 -2.974739 20.256973 -0.041104 -0.279476 0.815957 0.504399
576.000000 -2.315183 -3.079853 20.514641 -0.054444 -0.275912 0.814171 0.507971
577.000000 -2.419036 -3.167069 20.769645 -0.072207 -0.278472 0.809975 0.511057
578.000000 -2.552814 -3.243093 21.016968 -0.093094 -0.292169 0.802337 0.512080
579.000000 -2.712435 -3.329687 21.245144 -0.114018 -0.318908 0.791050 0.509448
580.000000 -2.905323 -3.445752 21.422371 -0.131211 -0.356186 0.776985 0.502204
581.000000 -3.114998 -3.597396 21.553794 -0.142222 -0.397736 0.762003 0.490847
582.000000 -3.303597 -3.774874 21.682484 -0.147324 -0.436015 0.748326 0.477697
583.000000 -3.472468 -3.971374 21.809830 -0.149043 -0.465207 0.737646 0.466098
584.000000 -3.648122 -4.164868 21.934058 -0.150075 -0.483006 0.730642 0.458634
585.000000 -3.858749 -4.311866 22.063654 -0.151297 -0.490540 0.727207 0.455687
586.000000 -4.084298 -4.437168 22.196296 -0.151528 -0.490962 0.726941 0.455579
587.000000 -4.272471 -4.600716 22.339945 -0.149149 -0.487718 0.729280 0.456109
588.000000 -4.441834 -4.787184 22.482243 -0.144073 -0.483273 0.733257 0.456098
589.000000 -4.601085 -4.972141 22.636208 -0.138269 -0.478785 0.737499 0.455787
590.000000 -4.784923 -5.137856 22.786077 -0.134445 -0.474583 0.740726 0.456093
591.000000 -4.966244 -5.298194 22.943816 -0.134170 -0.470803 0.742280 0.457563
592.000000 -5.144522 -5.468181 23.094774 -0.137041 -0.467709 0.742253 0.459922
593.000000 -5.344762 -5.609064 23.248250 -0.141354 -0.465645 0.741219 0.462372
594.000000 -5.536151 -5.764994 23.398839 -0.145369 -0.464825 0.739827 0.464179
595.000000 -5.716446 -5.928249 23.554636 -0.148054 -0.465165 0.738561 0.465004
596.000000 -5.907425 -6.089323 23.700221 -0.148917 -0.466291 0.737784 0.464834
597.000000 -6.101699 -6.244503 23.847232 -0.147381 -0.467685 0.737939 0.463676
598.000000 -6.299870 -6.396835 23.992217 -0.142443 -0.468919 0.739599 0.461323
599.000000 -6.486743 -6.561719 24.138671 -0.132991 -0.469867 0.743215 0.457351
600.000000 -6.658918 -6.735916 24.291983 -0.118504 -0.470824 0.748723 0.451326
601.000000 -6.812712 -6.916991 24.456425 -0.099557 -0.472469 0.755357 0.443055
602.000000 -6.949969 -7.113708 24.617602 -0.077709 -0.475628 0.761890 0.432738
603.000000 -7.077724 -7.319191 24.775560 -0.054899 -0.480910 0.767155 0.420933
604.000000 -7.194901 -7.538389 24.922975 -0.032762 -0.488372 0.770486 0.408376
605.000000 -7.304054 -7.766379 25.063059 -0.012260 -0.497466 0.771849 0.395760
606.000000 -7.405569 -8.001831 25.196472 0.006309 -0.507297 0.771670 0.383582
607.000000 -7.498383 -8.243673 25.324496 0.023079 -0.517025 0.770519 0.372092
608.000000 -7.582514 -8.490733 25.448509 0.038349 -0.526150 0.768853 0.361330
609.000000 -7.664365 -8.742197 25.565049 0.052425 -0.534553 0.766911 0.351216
610.000000 -7.735255 -8.999407 25.675978 0.065539 -0.542362 0.764747 0.341630
611.000000 -7.797980 -9.260292 25.783021 0.077839 -0.549784 0.762325 0.332476
612.000000 -7.858596 -9.524553 25.882659 0.089385 -0.556991 0.759594 0.323710
613.000000 -7.913032 -9.791456 25.978718 0.100131 -0.564064 0.756534 0.315378
614.000000 -7.960623 -10.062568 26.066705 0.109868 -0.570958 0.753184 0.307651
615.000000 -8.002058 -10.335414 26.151746 0.118192 -0.577485 0.749677 0.300876
616.000000 -8.045911 -10.610494 26.228307 0.124556 -0.583353 0.746225 0.295523
617.000000 -8.075091 -10.890836 26.291937 0.128515 -0.588314 0.743039 0.291998
618.000000 -8.113674 -11.167126 26.366723 0.130059 -0.592361 0.740193 0.290358
619.000000 -8.166479 -11.439172 26.448217 0.129757 -0.595805 0.737552 0.290167
620.000000 -8.219363 -11.714096 26.519480 0.128470 -0.599106 0.734875 0.290733
621.000000 -8.274793 -11.987465 26.596033 0.126735 -0.602502 0.732044 0.291618
622.000000 -8.316868 -12.266237 26.651116 0.124334 -0.605754 0.729206 0.293021
623.000000 -8.344443 -12.551927 26.697794 0.120501 -0.608293 0.726685 0.295615
624.000000 -8.418913 -12.821713 26.760993 0.114667 -0.609721 0.724673 0.299903
625.000000 -8.489429 -13.088598 26.847059 0.107082 -0.610249 0.722984 0.305652
626.000000 -8.569037 -13.356508 26.920322 0.098787 -0.610703 0.721108 0.311908
627.000000 -8.645103 -13.626542 26.990266 0.091047 -0.612097 0.718497 0.317506
628.000000 -8.730086 -13.895313 27.053780 0.084841 -0.615170 0.714824 0.321550
629.000000 -8.809302 -14.166400 27.113070 0.080735 -0.620199 0.710043 0.323535
630.000000 -8.922670 -14.421179 27.188380 0.078959 -0.627069 0.704304 0.323274
631.000000 -9.004725 -14.694974 27.229453 0.079341 -0.635343 0.697882 0.320944
632.000000 -9.081760 -14.971325 27.263584 0.081174 -0.644294 0.691135 0.317220
633.000000 -9.156715 -15.249363 27.287184 0.083331 -0.653059 0.684456 0.313193
634.000000 -9.238968 -15.525361 27.311860 0.084743 -0.660932 0.678177 0.309940
635.000000 -9.339096 -15.794565 27.344599 0.084887 -0.667596 0.672479 0.308028
636.000000 -9.410693 -16.074254 27.356542 -0.083957 0.673117 -0.667397 -0.307319
637.000000 -9.508531 -16.345539 27.369555 -0.082672 0.677772 -0.662916 -0.307137
638.000000 -9.609905 -16.615786 27.391637 -0.081969 0.681882 -0.659037 -0.306575
639.000000 -9.705875 -16.883262 27.405732 -0.082702 0.685722 -0.655782 -0.304787
640.000000 -9.786030 -17.164450 27.407798 -0.085360 0.689435 -0.653171 -0.301266
641.000000 -9.871699 -17.437812 27.411975 -0.089854 0.692924 -0.651242 -0.296086
642.000000 -9.947611 -17.716673 27.408846 -0.095495 0.695826 -0.650102 -0.289956
643.000000 -10.015793 -17.997529 27.402265 -0.101251 0.697623 -0.649945 -0.283975
644.000000 -10.079622 -18.279389 27.400961 -0.106136 0.697837 -0.650999 -0.279213
645.000000 -10.150300 -18.559481 27.400186 -0.109502 0.696165 -0.653438 -0.276374
646.000000 -10.213157 -18.841491 27.400176 -0.111126 0.692535 -0.657303 -0.275678
647.000000 -10.272068 -19.124218 27.410834 -0.111195 0.687158 -0.662418 -0.276860
648.000000 -10.346196 -19.403170 27.424851 -0.110299 0.680594 -0.668342 -0.279185
649.000000 -10.406391 -19.684085 27.454152 0.109336 -0.673728 0.674423 0.281585
650.000000 -10.500330 -19.951982 27.509453 0.109201 -0.667471 0.680031 0.283048
651.000000 -10.555376 -20.233538 27.533317 0.110338 -0.662295 0.684866 0.283108
652.000000 -10.596913 -20.519849 27.548890 0.112506 -0.657974 0.689098 0.282059
653.000000 -10.663677 -20.798978 27.582770 0.115032 -0.653822 0.693198 0.280645
654.000000 -10.720569 -21.078110 27.628539 0.117333 -0.649224 0.697586 0.279490
655.000000 -10.773945 -21.358158 27.675114 0.119258 -0.643970 0.702409 0.278750
656.000000 -10.828761 -21.635323 27.726549 0.121033 -0.638128 0.707633 0.278207
657.000000 -10.875049 -21.917539 27.770422 0.123032 -0.631667 0.713325 0.277538
658.000000 -10.922461 -22.196670 27.828937 0.125670 -0.624238 0.719802 0.276440
659.000000 -10.967917 -22.476128 27.886756 0.129443 -0.615337 0.727479 0.274552
660.000000 -11.011378 -22.754847 27.948515 0.134913 -0.604706 0.736520 0.271420
661.000000 -11.040567 -23.026310 28.043464 0.142498 -0.592664 0.746557 0.266637
662.000000 -11.046100 -23.299973 28.132649 0.152222 -0.580168 0.756694 0.260091
663.000000 -11.054794 -23.572965 28.227997 0.163634 -0.568582 0.765767 0.252067
664.000000 -11.041969 -23.843913 28.327527 0.176083 -0.559370 0.772663 0.243086
665.000000 -11.010712 -24.113940 28.425553 0.189234 -0.553894 0.776446 0.233502
666.000000 -10.994359 -24.385586 28.522994 0.203563 -0.553356 0.776254 0.223136
667.000000 -10.952904 -24.657121 28.611491 0.220338 -0.558683 0.771168 0.211243
668.000000 -10.924534 -24.933450 28.690687 0.240826 -0.570173 0.760337 0.196962
669.000000 -10.895494 -25.210863 28.761062 0.265055 -0.587003 0.743462 0.180106
670.000000 -10.774824 -25.471454 28.738004 0.291127 -0.607114 0.721454 0.161748
671.000000 -10.676502 -25.739911 28.680903 0.315921 -0.627830 0.696628 0.143991
672.000000 -10.594100 -26.014740 28.645065 0.336835 -0.646875 0.671930 0.128861
673.000000 -10.504932 -26.286173 28.604331 -0.353156 0.663072 -0.649548 -0.117064
674.000000 -10.421775 -26.554415 28.534839 -0.366073 0.676330 -0.630068 -0.107626
675.000000 -10.326446 -26.816642 28.460370 -0.377594 0.687134 -0.612814 -0.098638
676.000000 -10.224282 -27.073550 28.376463 -0.389347 0.695920 -0.596907 -0.088352
677.000000 -10.126276 -27.322544 28.276447 -0.401995 0.702693 -0.582126 -0.075842
678.000000 -10.018914 -27.563953 28.159730 -0.415289 0.707038 -0.569127 -0.061046
679.000000 -9.879902 -27.787912 28.033163 -0.428427 0.708430 -0.559101 -0.044542
680.000000 -9.762543 -28.022745 27.912707 -0.440423 0.706574 -0.553205 -0.027290
681.000000 -9.608514 -28.236782 27.796734 -0.450417 0.701578 -0.552092 -0.010337
682.000000 -9.426226 -28.426600 27.674250 -0.457934 0.693864 -0.555715 0.005558
683.000000 -9.284892 -28.660644 27.579246 -0.462979 0.683958 -0.563423 0.020169
684.000000 -9.121544 -28.878165 27.483309 -0.465865 0.672367 -0.574250 0.033618
685.000000 -8.926724 -29.074048 27.399780 -0.466803 0.659640 -0.587259 0.045797
686.000000 -8.720473 -29.266296 27.335318 -0.465576 0.646509 -0.601778 0.055939
687.000000 -8.535534 -29.475205 27.261619 -0.461598 0.633873 -0.617404 0.062806
688.000000 -8.328662 -29.675155 27.229319 0.454328 -0.622534 0.633847 -0.065386
689.000000 -8.142222 -29.893914 27.198744 0.443710 -0.612859 0.650760 -0.063533
690.000000 -7.955893 -30.113628 27.179811 0.430305 -0.604630 0.667747 -0.058084
691.000000 -7.781503 -30.343511 27.164068 0.415119 -0.597178 0.684474 -0.050500
692.000000 -7.615243 -30.577700 27.173945 0.399308 -0.589704 0.700721 -0.042343
693.000000 -7.458805 -30.819575 27.198020 0.383938 -0.581580 0.716337 -0.034887
694.000000 -7.293286 -31.055357 27.220351 0.369820 -0.572501 0.731190 -0.028928
695.000000 -7.131334 -31.287678 27.271066 0.357393 -0.562473 0.745172 -0.024750
696.000000 -6.997033 -31.540214 27.314566 0.346610 -0.551811 0.758207 -0.022102
697.000000 -6.836382 -31.768982 27.379674 0.336891 -0.541202 0.770194 -0.020185
698.000000 -6.674941 -31.996376 27.454915 0.327251 -0.531677 0.780966 -0.017831
699.000000 -6.496753 -32.198747 27.550900 0.316794 -0.524235 0.790331 -0.014032
700.000000 -6.377076 -32.450529 27.624457 0.305435 -0.519210 0.798157 -0.008652
701.000000 -6.269554 -32.706164 27.706450 0.294492 -0.515994 0.804373 -0.002839
702.000000 -6.141946 -32.945923 27.805008 0.286729 -0.513517 0.808755 0.001213
703.000000 -6.038963 -33.199138 27.898172 0.285734 -0.511150 0.810605 0.000998
704.000000 -5.899827 -33.420580 28.022314 0.294844 -0.509118 0.808601 -0.005477
705.000000 -5.775676 -33.661508 28.122772 0.315905 -0.507961 0.801134 -0.019085
706.000000 -5.608389 -33.882640 28.191152 0.348226 -0.507611 0.787099 -0.039302
707.000000 -5.389725 -34.070573 28.202510 0.388322 -0.507099 0.766763 -0.064269
708.000000 -5.157598 -34.241560 28.209727 0.430980 -0.505242 0.742061 -0.091282
709.000000 -4.907001 -34.383151 28.202617 0.471229 -0.501565 0.715925 -0.117592
710.000000 -4.652495 -34.519379 28.183695 0.505969 -0.496552 0.691020 -0.141150
711.000000 -4.400945 -34.659970 28.166387 0.534261 -0.491114 0.668927 -0.160962
712.000000 -4.131364 -34.750879 28.122631 0.556526 -0.485831 0.650302 -0.177069
713.000000 -3.858376 -34.830101 28.071992 0.573561 -0.480514 0.635525 -0.190375
714.000000 -3.603558 -34.952689 28.017843 0.586001 -0.474330 0.625048 -0.202310
715.000000 -3.344291 -35.063722 27.959991 0.594238 -0.466494 0.619210 -0.214111
716.000000 -3.062467 -35.109466 27.921297 0.598536 -0.457183 0.617837 -0.225866
717.000000 -2.778769 -35.157459 27.895528 0.599235 -0.448035 0.620049 -0.236054
718.000000 -2.497152 -35.219598 27.880102 0.597028 -0.441690 0.624344 -0.242203
719.000000 -2.216299 -35.286925 27.875831 0.593103 -0.440483 0.628864 -0.242351
720.000000 -1.940997 -35.372990 27.865184 0.588969 -0.445168 0.631770 -0.236235
721.000000 -1.675915 -35.481233 27.831459 0.586028 -0.454647 0.631715 -0.225398
722.000000 -1.416002 -35.599977 27.788479 0.585118 -0.466827 0.628217 -0.212255
723.000000 -1.150822 -35.703057 27.738079 0.586255 -0.479811 0.621732 -0.198834
724.000000 -0.891844 -35.820331 27.688730 0.588630 -0.492537 0.613447 -0.186023
725.000000 -0.632577 -35.920788 27.612365 0.590886 -0.504611 0.605017 -0.173713
726.000000 -0.392403 -36.058544 27.530276 0.591551 -0.515740 0.598324 -0.161518
727.000000 -0.155785 -36.194632 27.440849 0.589462 -0.525354 0.595162 -0.149400
728.000000 0.086510 -36.326604 27.355626 0.584014 -0.532662 0.596838 -0.137778
729.000000 0.324603 -36.476244 27.289975 0.575145 -0.537002 0.603873 -0.127178
730.000000 0.549053 -36.645196 27.223204 0.563118 -0.538155 0.615962 -0.117802
731.000000 0.782549 -36.807007 27.175247 0.548286 -0.536455 0.632176 -0.109328
732.000000 1.016145 -36.975054 27.149981 0.531014 -0.532667 0.651210 -0.101072
733.000000 1.239768 -37.156933 27.136223 0.511813 -0.527714 0.671584 -0.092415
734.000000 1.454423 -37.349434 27.148603 0.491526 -0.522371 0.691813 -0.083218
735.000000 1.664361 -37.546950 27.169788 0.471323 -0.517167 0.710590 -0.073854
736.000000 1.857370 -37.759421 27.199718 0.452364 -0.512641 0.726894 -0.064737
737.000000 2.049465 -37.970319 27.245031 0.435272 -0.509816 0.739952 -0.055643
738.000000 2.255910 -38.162699 27.300124 0.419818 -0.510420 0.749106 -0.045438
739.000000 2.454930 -38.364719 27.358402 0.405139 -0.516390 0.753753 -0.032558
740.000000 2.622812 -38.593378 27.410742 0.390366 -0.528791 0.753484 -0.016015
741.000000 2.759207 -38.845735 27.441067 0.375233 -0.546903 0.748386 0.003820
742.000000 2.883032 -39.106322 27.455653 0.360247 -0.568334 0.739312 0.025237
743.000000 2.994347 -39.372868 27.458052 0.346331 -0.590113 0.727808 0.046006
744.000000 3.093832 -39.643957 27.462186 0.334279 -0.609920 0.715620 0.064366
745.000000 3.182084 -39.918931 27.455496 0.324428 -0.626625 0.704106 0.079510
746.000000 3.266796 -40.194543 27.439169 0.316696 -0.640062 0.694019 0.091442
747.000000 3.338633 -40.473968 27.422357 0.310794 -0.650466 0.685705 0.100543
748.000000 3.409970 -40.752895 27.398478 0.306363 -0.658053 0.679413 0.107270
749.000000 3.480054 -41.032578 27.379866 0.303027 -0.662928 0.675383 0.112070
750.000000 3.550601 -41.310954 27.348509 0.300474 -0.665327 0.673607 0.115364
751.000000 3.620579 -41.589874 27.317803 0.298628 -0.665943 0.673461 0.117443
752.000000 3.648555 -41.730437 27.302274 0.298039 -0.665928 0.673630 0.118049
753.000000 3.585866 -41.449716 27.331318 0.299454 -0.665794 0.673397 0.116547
754.000000 3.516714 -41.171212 27.362950 0.301666 -0.664407 0.674234 0.113882
755.000000 3.443925 -40.892974 27.389119 0.304581 -0.660822 0.677105 0.109883
756.000000 3.375423 -40.613336 27.412687 0.308418 -0.654604 0.682290 0.104175
757.000000 3.303740 -40.333907 27.431420 0.313538 -0.645626 0.689626 0.096318
758.000000 3.225803 -40.056357 27.447091 0.320313 -0.633741 0.698857 0.085858
759.000000 3.138599 -39.781294 27.459814 0.329076 -0.618687 0.709718 0.072354
760.000000 3.045070 -39.507949 27.459951 0.340040 -0.600362 0.721701 0.055561
761.000000 2.940069 -39.239037 27.457263 0.353097 -0.579351 0.733751 0.035833
762.000000 2.823156 -38.975126 27.447398 0.367667 -0.557392 0.744262 0.014470
763.000000 2.694199 -38.717277 27.429294 0.382829 -0.537253 0.751505 -0.006427
764.000000 2.543887 -38.475261 27.385430 0.397800 -0.521785 0.754243 -0.024757
765.000000 2.356604 -38.262967 27.329308 0.412445 -0.512633 0.752026 -0.039420
766.000000 2.148714 -38.071512 27.272740 0.427385 -0.509562 0.745057 -0.050778
767.000000 1.956282 -37.862001 27.225173 0.443579 -0.510923 0.733871 -0.060238
768.000000 1.758820 -37.655089 27.186383 0.461631 -0.514772 0.719104 -0.069257
769.000000 1.561502 -37.445706 27.160264 0.481335 -0.519724 0.701454 -0.078524
770.000000 1.345570 -37.254710 27.138861 0.501738 -0.525053 0.681804 -0.087870
771.000000 1.134588 -37.059566 27.148518 0.521611 -0.530282 0.661324 -0.096816
772.000000 0.900423 -36.890183 27.161577 0.539929 -0.534764 0.641431 -0.105219
773.000000 0.661783 -36.731216 27.194719 0.556031 -0.537621 0.623629 -0.113490
774.000000 0.435003 -36.564541 27.259435 0.569505 -0.537969 0.609332 -0.122345
775.000000 0.204723 -36.402404 27.322707 0.579995 -0.535230 0.599687 -0.132326
776.000000 -0.034654 -36.263363 27.402750 0.587173 -0.529345 0.595342 -0.143491
777.000000 -0.269019 -36.113496 27.479632 0.590903 -0.520784 0.596204 -0.155431
778.000000 -0.512221 -35.994899 27.580368 0.591502 -0.510321 0.601335 -0.167616
779.000000 -0.761957 -35.872181 27.652610 0.589867 -0.498670 0.609135 -0.179832
780.000000 -1.020759 -35.763414 27.720646 0.587364 -0.486241 0.617720 -0.192343
781.000000 -1.284205 -35.653652 27.763378 0.585464 -0.473306 0.625288 -0.205495
782.000000 -1.545995 -35.540446 27.809096 0.585298 -0.460534 0.630388 -0.218966
783.000000 -1.807143 -35.421781 27.842393 0.587280 -0.449431 0.632166 -0.231260
784.000000 -2.078052 -35.328177 27.874120 0.590966 -0.442120 0.630620 -0.240014
785.000000 -2.356546 -35.252071 27.876799 0.595189 -0.440351 0.626696 -0.243091
786.000000 -2.637912 -35.189103 27.890855 0.598432 -0.444341 0.622047 -0.239786
787.000000 -2.921047 -35.135712 27.907488 0.599303 -0.452434 0.618577 -0.231304
788.000000 -3.204191 -35.088259 27.936828 0.596863 -0.461954 0.618004 -0.220054
789.000000 -3.479897 -35.020029 27.987974 0.590627 -0.470639 0.621544 -0.208185
790.000000 -3.726781 -34.880415 28.040427 0.580326 -0.477591 0.629720 -0.196421
791.000000 -3.992904 -34.786463 28.101476 0.565652 -0.483219 0.642406 -0.183989
792.000000 -4.269635 -34.716894 28.147264 0.546097 -0.488445 0.659158 -0.169440
793.000000 -4.528712 -34.593672 28.178976 0.520913 -0.493835 0.679567 -0.151544
794.000000 -4.776538 -34.445449 28.189719 0.489391 -0.499169 0.703191 -0.129803
795.000000 -5.036210 -34.319411 28.213025 0.451654 -0.503619 0.728985 -0.104676
796.000000 -5.278382 -34.162732 28.211149 0.409671 -0.506392 0.754784 -0.077701
797.000000 -5.495261 -33.972391 28.196697 0.367608 -0.507457 0.777634 -0.051349
798.000000 -5.710311 -33.783087 28.164866 0.330816 -0.507729 0.794961 -0.028456
799.000000 -5.839376 -33.540771 28.074837 0.303856 -0.508412 0.805642 -0.011388
800.000000 -5.976875 -33.315650 27.958362 0.288861 -0.510055 0.810186 -0.001371
801.000000 -6.086518 -33.069828 27.855038 0.285157 -0.512324 0.810066 0.001784
802.000000 -6.205474 -32.825632 27.756357 0.289997 -0.514722 0.806823 -0.000433
803.000000 -6.328896 -32.582129 27.662490 0.299768 -0.517443 0.801473 -0.005680
804.000000 -6.443938 -32.329493 27.586211 0.311182 -0.521438 0.794441 -0.011499
805.000000 -6.590920 -32.105663 27.495357 0.322158 -0.527653 0.785835 -0.016149
806.000000 -6.753826 -31.882775 27.413421 0.332127 -0.536234 0.775744 -0.019138
807.000000 -6.920928 -31.657988 27.342175 0.341674 -0.546441 0.764340 -0.021121
808.000000 -7.056203 -31.407526 27.300506 0.351820 -0.557188 0.751813 -0.023272
809.000000 -7.208315 -31.170385 27.235753 0.363386 -0.567594 0.738295 -0.026619
810.000000 -7.377395 -30.938568 27.206748 0.376685 -0.577167 0.723866 -0.031690
811.000000 -7.537075 -30.698471 27.188042 0.391510 -0.585750 0.708616 -0.038466
812.000000 -7.692786 -30.457159 27.155421 0.407220 -0.593490 0.692668 -0.046404
813.000000 -7.868855 -30.228766 27.175135 0.422862 -0.600858 0.676159 -0.054458
814.000000 -8.047184 -30.001749 27.184347 0.437300 -0.608598 0.659268 -0.061175
815.000000 -8.237028 -29.786155 27.216517 0.449416 -0.617488 0.642270 -0.064982
816.000000 -8.429697 -29.572052 27.240748 -0.458393 0.628005 -0.625543 0.064666
817.000000 -8.628784 -29.371587 27.298821 -0.463971 0.640072 -0.609471 0.059860
818.000000 -8.823147 -29.170474 27.370028 -0.466491 0.653070 -0.594360 0.051196
819.000000 -9.032098 -28.982673 27.440807 -0.466579 0.666105 -0.580531 0.039897
820.000000 -9.200888 -28.764199 27.524068 -0.464672 0.678341 -0.568509 0.027033
821.000000 -9.354197 -28.542346 27.626728 -0.460749 0.689152 -0.559115 0.013019
822.000000 -9.514899 -28.328678 27.733215 -0.454496 0.698028 -0.553341 -0.002230
823.000000 -9.683541 -28.126540 27.849618 -0.445711 0.704448 -0.552037 -0.018718
824.000000 -9.824524 -27.906858 27.972740 -0.434628 0.707911 -0.555580 -0.035942
825.000000 -9.946722 -27.672496 28.092408 -0.421938 0.708130 -0.563663 -0.052954
826.000000 -10.073796 -27.448637 28.221448 -0.408603 0.705204 -0.575335 -0.068705
827.000000 -10.180094 -27.202102 28.327073 -0.395557 0.699577 -0.589353 -0.082397
828.000000 -10.274956 -26.944810 28.418283 -0.383375 0.691767 -0.604727 -0.093737
829.000000 -10.374519 -26.687014 28.501992 -0.371887 0.682004 -0.621226 -0.103200
830.000000 -10.465509 -26.420395 28.567436 -0.359918 0.670043 -0.639469 -0.112162
831.000000 -10.548165 -26.151195 28.630922 0.345530 -0.655356 0.660373 0.122572
832.000000 -10.635161 -25.877044 28.659615 0.326960 -0.637664 0.684093 0.136012
833.000000 -10.722894 -25.604683 28.709538 0.303880 -0.617559 0.709208 0.152649
834.000000 -10.832341 -25.340192 28.757960 0.278045 -0.596813 0.732984 0.170998
835.000000 -10.918029 -25.073687 28.733442 0.252547 -0.578023 0.752633 0.188821
836.000000 -10.934735 -24.795071 28.650248 0.230073 -0.563678 0.766511 0.204438
837.000000 -10.980621 -24.522268 28.567151 0.211551 -0.555247 0.774381 0.217440
838.000000 -11.001661 -24.249459 28.475016 0.196185 -0.552941 0.776902 0.228453
839.000000 -11.026673 -23.979253 28.375647 0.182563 -0.556086 0.774997 0.238365
840.000000 -11.045646 -23.708769 28.276469 0.169764 -0.563591 0.769550 0.247665
841.000000 -11.053516 -23.437141 28.178698 0.157758 -0.574169 0.761437 0.256233
842.000000 -11.052473 -23.162335 28.091306 0.147111 -0.586394 0.751684 0.263575
843.000000 -11.026132 -22.891255 27.994541 0.138428 -0.598815 0.741460 0.269251
844.000000 -10.995127 -22.614905 27.916736 0.131933 -0.610233 0.731838 0.273171
845.000000 -10.945689 -22.336279 27.858031 0.127379 -0.619998 0.723470 0.275621
846.000000 -10.897011 -22.056968 27.802159 0.124242 -0.628106 0.716438 0.277063
847.000000 -10.850110 -21.777358 27.742096 0.121979 -0.634990 0.710406 0.277907
848.000000 -10.794409 -21.500523 27.692460 0.120142 -0.641118 0.704972 0.278474
849.000000 -10.755804 -21.213903 27.663023 0.118334 -0.646677 0.699945 0.279076
850.000000 -10.693718 -20.939179 27.600709 0.116231 -0.651602 0.695340 0.280014
851.000000 -10.627865 -20.659932 27.565946 0.113769 -0.655923 0.691133 0.281350
852.000000 -10.573406 -20.377728 27.536274 0.111331 -0.660065 0.687031 0.282680
853.000000 -10.534753 -20.090218 27.529578 0.109610 -0.664746 0.682545 0.283252
854.000000 -10.453854 -19.817631 27.482829 0.109122 -0.670479 0.677315 0.282480
855.000000 -10.375597 -19.544334 27.436421 -0.109764 0.677138 -0.671406 -0.280446
856.000000 -10.309958 -19.263561 27.416239 -0.110817 0.683975 -0.665317 -0.277942
857.000000 -10.241469 -18.983126 27.402845 -0.111327 0.690039 -0.659725 -0.276070
858.000000 -10.181443 -18.700585 27.404379 -0.110529 0.694589 -0.655198 -0.275764
859.000000 -10.116834 -18.419001 27.397776 -0.108033 0.697247 -0.652039 -0.277528
860.000000 -10.046448 -18.138724 27.400688 -0.103852 0.697952 -0.650307 -0.281386
861.000000 -9.979322 -17.857778 27.406396 -0.098426 0.696896 -0.649886 -0.286874
862.000000 -9.905739 -17.578472 27.407315 -0.092592 0.694479 -0.650563 -0.293075
863.000000 -9.842780 -17.295859 27.419325 -0.087408 0.691224 -0.652117 -0.298852
864.000000 -9.747452 -17.021927 27.408352 -0.083780 0.687594 -0.654395 -0.303254
865.000000 -9.640269 -16.761080 27.382984 -0.082114 0.683822 -0.657330 -0.305877
866.000000 -9.560538 -16.479532 27.384867 -0.082189 0.679876 -0.660900 -0.306961
867.000000 -9.456291 -16.211191 27.359200 -0.083302 0.675532 -0.665082 -0.307217
868.000000 -9.377495 -15.933330 27.353818 -0.084520 0.670485 -0.669862 -0.307556
869.000000 -9.288073 -15.660402 27.327648 0.084977 -0.664419 0.675251 0.308809
870.000000 -9.197455 -15.387401 27.300281 0.084180 -0.657137 0.681251 0.311418
871.000000 -9.118213 -15.111193 27.269958 0.082287 -0.648751 0.687763 0.315170
872.000000 -9.042123 -14.833056 27.250057 0.080141 -0.639788 0.694524 0.319194
873.000000 -8.965302 -14.558142 27.206533 0.078911 -0.631070 0.701158 0.322338
874.000000 -8.867181 -14.292254 27.155935 0.079555 -0.623424 0.707278 0.323685
875.000000 -8.766028 -14.032811 27.080575 0.082504 -0.617439 0.712566 0.322819
876.000000 -8.687444 -13.761513 27.019507 0.087709 -0.613396 0.716802 0.319762
877.000000 -8.607270 -13.491636 26.954521 0.094776 -0.611226 0.719921 0.314855
878.000000 -8.527113 -13.222007 26.888457 0.102942 -0.610420 0.722107 0.308792
879.000000 -8.456077 -12.954647 26.803554 0.111041 -0.610057 0.723815 0.302642
880.000000 -8.371975 -12.690688 26.722849 0.117841 -0.609150 0.725617 0.297541
881.000000 -8.332801 -12.407833 26.678111 0.122646 -0.607148 0.727887 0.294125
882.000000 -8.295746 -12.125682 26.628868 0.125660 -0.604179 0.730607 0.292218
883.000000 -8.244084 -11.852130 26.554185 0.127653 -0.600795 0.733476 0.291139
884.000000 -8.192074 -11.576419 26.485767 0.129188 -0.597449 0.736231 0.290395
885.000000 -8.141780 -11.303503 26.405203 0.130085 -0.594129 0.738862 0.290124
886.000000 -8.089711 -11.030039 26.327788 0.129566 -0.590440 0.741577 0.290959
887.000000 -8.059882 -10.750262 26.262037 0.126850 -0.585955 0.744589 0.293517
888.000000 -8.021903 -10.473450 26.189341 0.121653 -0.580520 0.747929 0.297991
889.000000 -7.984512 -10.197782 26.111656 0.114240 -0.574285 0.751438 0.304117
890.000000 -7.935252 -9.926537 26.025054 0.105146 -0.567542 0.754889 0.311421
891.000000 -7.886424 -9.656751 25.933836 0.094867 -0.560543 0.758104 0.319483
892.000000 -7.832087 -9.390474 25.835760 0.083706 -0.553406 0.761000 0.328044
893.000000 -7.767045 -9.128480 25.732644 0.071785 -0.546109 0.763571 0.337003
894.000000 -7.701045 -8.869708 25.622312 0.059091 -0.538519 0.765858 0.346364
895.000000 -7.622844 -8.616991 25.506080 0.045520 -0.530437 0.767910 0.356200
896.000000 -7.542019 -8.366116 25.387578 0.030881 -0.521678 0.769731 0.366623
897.000000 -7.454347 -8.122104 25.259970 0.014902 -0.512215 0.771183 0.377745
898.000000 -7.355572 -7.883040 25.130990 -0.002735 -0.502348 0.771917 0.389595
899.000000 -7.248591 -7.652559 24.993444 -0.022275 -0.492768 0.771394 0.402038
900.000000 -7.137635 -7.427249 24.850550 -0.043669 -0.484390 0.769078 0.414702
901.000000 -7.015558 -7.214639 24.697569 -0.066308 -0.477985 0.764738 0.426977
902.000000 -6.883449 -7.014311 24.536520 -0.088875 -0.473811 0.758717 0.438124
903.000000 -6.738272 -6.824620 24.373926 -0.109509 -0.471508 0.751971 0.447468
904.000000 -6.574421 -6.646905 24.215698 -0.126369 -0.470309 0.745765 0.454615
905.000000 -6.394693 -6.478165 24.064983 -0.138336 -0.469420 0.741150 0.459569
906.000000 -6.202522 -6.318659 23.919408 -0.145412 -0.468339 0.738545 0.462672
907.000000 -6.001441 -6.170132 23.774460 -0.148502 -0.466986 0.737711 0.464385
908.000000 -5.811753 -6.008541 23.627886 -0.148740 -0.465661 0.738088 0.465040
909.000000 -5.627188 -5.846339 23.476014 -0.146914 -0.464868 0.739155 0.464719
910.000000 -5.440624 -5.685929 23.324496 -0.143482 -0.465077 0.740533 0.463387
911.000000 -5.249140 -5.535637 23.168543 -0.139138 -0.466529 0.741819 0.461189
912.000000 -5.054136 -5.383827 23.020326 -0.135303 -0.469148 0.742435 0.458676
913.000000 -4.876369 -5.216473 22.865655 -0.133845 -0.472627 0.741722 0.456681
914.000000 -4.691063 -5.057475 22.710580 -0.135967 -0.476641 0.739299 0.455810
915.000000 -4.522158 -4.880211 22.557694 -0.141086 -0.481003 0.735434 0.455925
916.000000 -4.356846 -4.694604 22.411080 -0.146865 -0.485546 0.731144 0.456184
917.000000 -4.188265 -4.509744 22.265218 -0.150723 -0.489613 0.727833 0.455873
918.000000 -3.972268 -4.373007 22.130325 -0.151654 -0.491413 0.726707 0.455425
919.000000 -3.748989 -4.245243 21.997758 -0.150700 -0.487886 0.728500 0.456666
920.000000 -3.557258 -4.070674 21.872137 -0.149534 -0.475528 0.733679 0.461766
921.000000 -3.389363 -3.871586 21.746643 -0.148413 -0.451981 0.742545 0.471502
922.000000 -3.212481 -3.683297 21.617843 -0.145387 -0.417719 0.754874 0.484293
923.000000 -3.011027 -3.517768 21.490479 -0.137541 -0.376906 0.769467 0.496935
924.000000 -2.804408 -3.382943 21.341891 -0.123288 -0.336556 0.784267 0.506414
925.000000 -2.628914 -3.283869 21.135451 -0.103793 -0.303958 0.797122 0.511305
926.000000 -2.483104 -3.204961 20.893855 -0.082417 -0.283714 0.806623 0.511932
927.000000 -2.362307 -3.126729 20.642982 -0.062808 -0.276065 0.812454 0.509668
928.000000 -2.276104 -3.026472 20.386159 -0.047213 -0.277302 0.815278 0.506158
929.000000 -2.193159 -2.921856 20.129906 -0.036028 -0.281704 0.816398 0.502832
930.000000 -2.092410 -2.798639 19.889467 -0.028413 -0.283900 0.817277 0.500652
931.000000 -1.983904 -2.659738 19.659564 -0.023197 -0.280543 0.818989 0.500015
932.000000 -1.881410 -2.517023 19.429144 -0.019448 -0.270854 0.821873 0.500783
933.000000 -1.794432 -2.381698 19.189039 -0.016671 -0.256163 0.825597 0.502486
934.000000 -1.703427 -2.251612 18.947314 -0.014866 -0.238937 0.829488 0.504616
935.000000 -1.616331 -2.131878 18.699498 -0.014526 -0.221718 0.832903 0.506855
936.000000 -1.543543 -2.031612 18.438405 -0.016396 -0.206315 0.835447 0.509111
937.000000 -1.481588 -1.938247 18.171415 -0.020943 -0.193453 0.837026 0.511395
938.000000 -1.426912 -1.842734 17.904208 -0.027851 -0.182858 0.837800 0.513691
939.000000 -1.367079 -1.751538 17.636818 -0.035968 -0.173578 0.838090 0.515929
940.000000 -1.304898 -1.676013 17.364823 -0.043782 -0.164356 0.838270 0.518049
941.000000 -1.224591 -1.610897 17.095310 -0.050101 -0.154021 0.838637 0.520053
942.000000 -1.156215 -1.548596 16.821179 -0.054477 -0.141921 0.839300 0.521983
943.000000 -1.070307 -1.484018 16.553853 -0.057189 -0.128269 0.840159 0.523841
944.000000 -0.998177 -1.425345 16.280694 -0.058894 -0.114202 0.841003 0.525550
945.000000 -0.931807 -1.386857 16.002180 -0.060155 -0.101509 0.841651 0.526974
946.000000 -0.873026 -1.354748 15.720905 -0.061051 -0.092162 0.842043 0.527961
947.000000 -0.818573 -1.328883 15.438412 -0.061077 -0.087728 0.842241 0.528396
948.000000 -0.771847 -1.314186 15.153259 -0.059476 -0.088599 0.842361 0.528243
949.000000 -0.707445 -1.281578 14.873696 -0.055835 -0.093318 0.842496 0.527612
950.000000 -0.659095 -1.294319 14.588587 -0.050549 -0.098728 0.842723 0.526797
951.000000 -0.611701 -1.295058 14.305711 -0.044708 -0.101371 0.843119 0.526190
952.000000 -0.539437 -1.223025 14.032453 -0.039457 -0.099431 0.843710 0.526032
953.000000 -0.467826 -1.148580 13.762968 -0.035329 -0.093681 0.844411 0.526257
954.000000 -0.435974 -1.106820 13.479614 -0.032093 -0.086628 0.845075 0.526606
955.000000 -0.397400 -1.091227 13.193560 -0.029169 -0.080638 0.845612 0.526865
956.000000 -0.351693 -1.073208 12.908678 -0.026144 -0.076582 0.846022 0.526971
957.000000 -0.318830 -1.041070 12.623502 -0.022968 -0.073841 0.846355 0.526976
958.000000 -0.284925 -1.013114 12.337973 -0.019763 -0.071236 0.846667 0.526963
959.000000 -0.246754 -0.981911 12.053159 -0.016557 -0.067898 0.847000 0.526980
960.000000 -0.216134 -0.947748 11.767799 -0.013284 -0.063530 0.847364 0.527031
961.000000 -0.191674 -0.915489 11.481512 -0.010024 -0.058170 0.847745 0.527109
962.000000 -0.163832 -0.891677 11.194898 -0.007165 -0.051848 0.848116 0.527220
963.000000 -0.129812 -0.875150 10.908479 -0.005173 -0.044508 0.848454 0.527370
964.000000 -0.118840 -0.844720 10.621110 -0.004073 -0.036223 0.848747 0.527541
965.000000 -0.117355 -0.812070 10.333192 -0.003118 -0.027494 0.848990 0.527683
966.000000 -0.102394 -0.795133 10.045468 -0.001006 -0.019353 0.849179 0.527749
967.000000 -0.076552 -0.791644 9.757761 0.003444 -0.013104 0.849307 0.527726
968.000000 -0.076324 -0.782632 9.468655 0.010548 -0.009853 0.849349 0.527635
969.000000 -0.075929 -0.796134 9.179931 0.019356 -0.010085 0.849270 0.527507
970.000000 -0.077018 -0.793034 8.891175 0.027807 -0.013491 0.849066 0.527382
971.000000 -0.078367 -0.785953 8.602108 0.033524 -0.019056 0.848794 0.527316
972.000000 -0.099482 -0.774891 8.314381 0.034981 -0.025339 0.848539 0.527368
973.000000 -0.131528 -0.744381 8.028329 0.032374 -0.030872 0.848347 0.527547
974.000000 -0.152579 -0.702206 7.743271 0.027537 -0.034583 0.848224 0.527790
975.000000 -0.153782 -0.677528 7.454979 0.022853 -0.036074 0.848168 0.528003
976.000000 -0.144128 -0.647558 7.167724 0.019900 -0.035599 0.848183 0.528131
977.000000 -0.130689 -0.626406 6.879943 0.018794 -0.033830 0.848250 0.528179
978.000000 -0.122729 -0.614512 6.590793 0.018581 -0.031604 0.848334 0.528190
979.000000 -0.128075 -0.584558 6.303509 0.018198 -0.029847 0.848398 0.528204
980.000000 -0.133850 -0.556877 6.015825 0.017171 -0.029618 0.848405 0.528239
981.000000 -0.136087 -0.538492 5.727234 0.015672 -0.032078 0.848315 0.528287
982.000000 -0.135425 -0.527075 5.438340 0.014182 -0.038213 0.848071 0.528313
983.000000 -0.133960 -0.514350 5.149635 0.013185 -0.048326 0.847612 0.528246
984.000000 -0.133091 -0.494043 4.861239 0.013056 -0.061560 0.846904 0.528009
985.000000 -0.131276 -0.471038 4.573064 0.013988 -0.075921 0.845998 0.527567
986.000000 -0.126713 -0.450913 4.284988 0.015893 -0.088960 0.845058 0.526983
987.000000 -0.092592 -0.406599 4.003504 0.018408 -0.098780 0.844288 0.526385
988.000000 -0.050726 -0.322843 3.730414 0.021084 -0.104654 0.843826 0.525890
989.000000 -0.045572 -0.276515 3.444660 0.023569 -0.106918 0.843691 0.525546
990.000000 -0.028586 -0.210166 3.164444 0.025626 -0.106418 0.843817 0.525349
991.000000 0.008415 -0.158563 2.882365 0.027010 -0.103988 0.844115 0.525288
992.000000 0.030691 -0.090784 2.602216 0.027379 -0.100135 0.844517 0.525371
993.000000 0.041910 -0.019790 2.321942 0.026178 -0.094891 0.844993 0.525639
994.000000 0.048473 0.031444 2.037501 0.022342 -0.087980 0.845518 0.526175
995.000000 0.068766 0.072951 1.752447 0.013891 -0.079392 0.845982 0.527085
996.000000 0.092330 0.139434 1.472777 -0.001959 -0.070058 0.846092 0.528410
997.000000 0.098516 0.199229 1.189811 -0.027464 -0.061840 0.845323 0.529953
998.000000 0.114537 0.245303 0.904711 -0.061991 -0.056558 0.843074 0.531210
999.000000 0.120559 0.247756 0.615798 -0.100321 -0.054762 0.839222 0.531641
1000.000000 0.130270 0.257200 0.327089 -0.133832 -0.055365 0.834766 0.531215
1001.000000 0.130912 0.284135 0.039228 -0.154704 -0.056514 0.831498 0.530551
1002.000000 0.204138 0.258127 -0.058277 -0.145558 -0.052856 0.762074 0.628699
1003.000000 0.155800 0.259786 -0.012961 -0.069503 -0.029747 0.388920 0.918164
1004.000000 0.107463 0.261445 0.032356 0.022493 0.000184 -0.073434 0.997046
1005.000000 0.102445 0.240550 0.253735 0.022133 0.000373 -0.073431 0.997055
1006.000000 0.106999 0.237948 0.476200 0.022405 0.000483 -0.073428 0.997049
1007.000000 0.115978 0.248892 0.698936 0.025315 -0.000056 -0.073434 0.996979
1008.000000 0.114820 0.245707 0.920815 0.032810 -0.001822 -0.073453 0.996757
1009.000000 0.104430 0.218517 1.141274 0.045228 -0.004992 -0.073482 0.996258
1010.000000 0.099387 0.174281 1.359638 0.060622 -0.009142 -0.073513 0.995408
1011.000000 0.089473 0.120527 1.575914 0.075665 -0.013390 -0.073546 0.994327
1012.000000 0.064521 0.066492 1.790398 0.087533 -0.016814 -0.073572 0.993299
1013.000000 0.050113 0.036735 2.010356 0.095336 -0.018946 -0.073575 0.992542
1014.000000 0.045070 0.001989 2.230216 0.100054 -0.020067 -0.073559 0.992056
1015.000000 0.038500 -0.048819 2.446851 0.103264 -0.021028 -0.073564 0.991707
1016.000000 0.027621 -0.105065 2.662144 0.105893 -0.022624 -0.073650 0.991388
1017.000000 0.009678 -0.156009 2.878002 0.107938 -0.024987 -0.073833 0.991097
1018.000000 -0.018833 -0.195487 3.095241 0.109053 -0.027553 -0.074070 0.990889
1019.000000 -0.041971 -0.248077 3.309887 0.109114 -0.029648 -0.074294 0.990805
1020.000000 -0.045817 -0.290239 3.528209 0.108110 -0.031052 -0.074484 0.990858
1021.000000 -0.052019 -0.327059 3.747827 0.105625 -0.031898 -0.074673 0.991085
1022.000000 -0.084484 -0.393614 3.957520 0.100694 -0.032075 -0.074887 0.991576
1023.000000 -0.118939 -0.448455 4.169994 0.092419 -0.030910 -0.075092 0.992403
1024.000000 -0.128905 -0.457603 4.392065 0.080912 -0.027641 -0.075210 0.993495
1025.000000 -0.131652 -0.474255 4.613820 0.067641 -0.022232 -0.075200 0.994623
1026.000000 -0.132992 -0.492032 4.835659 0.054796 -0.015660 -0.075092 0.995547
1027.000000 -0.133684 -0.508492 5.057624 0.044221 -0.009353 -0.074954 0.996162
1028.000000 -0.134488 -0.521191 5.279758 0.036798 -0.004322 -0.074831 0.996508
1029.000000 -0.135774 -0.529169 5.502081 0.032562 -0.000745 -0.074734 0.996671
1030.000000 -0.136093 -0.538354 5.724475 0.031113 0.001744 -0.074662 0.996722
1031.000000 -0.134685 -0.551706 5.946695 0.031807 0.003468 -0.074610 0.996699
1032.000000 -0.131269 -0.570249 6.168463 0.033749 0.004341 -0.074584 0.996634
1033.000000 -0.125561 -0.595005 6.389502 0.035945 0.003988 -0.074599 0.996558
1034.000000 -0.122895 -0.615674 6.610720 0.037698 0.002246 -0.074663 0.996493
1035.000000 -0.128769 -0.624634 6.833053 0.038954 -0.000346 -0.074760 0.996440
1036.000000 -0.138800 -0.636207 7.055337 0.040204 -0.002461 -0.074837 0.996382
1037.000000 -0.149002 -0.659564 7.276421 0.041954 -0.002437 -0.074828 0.996311
1038.000000 -0.154345 -0.681435 7.497769 0.044171 0.000890 -0.074680 0.996228
1039.000000 -0.153284 -0.699966 7.719847 0.046096 0.007438 -0.074383 0.996136
1040.000000 -0.138780 -0.731097 7.939365 0.046535 0.015667 -0.073989 0.996050
1041.000000 -0.117737 -0.760495 8.158652 0.044432 0.023081 -0.073594 0.996031
1042.000000 -0.092498 -0.779174 8.379491 0.039406 0.027295 -0.073295 0.996158
1043.000000 -0.078377 -0.785954 8.601512 0.031989 0.027080 -0.073133 0.996441
1044.000000 -0.077246 -0.790057 8.824004 0.023481 0.022789 -0.073084 0.996789
1045.000000 -0.076364 -0.798364 9.046384 0.015526 0.015909 -0.073096 0.997077
1046.000000 -0.075820 -0.791100 9.268608 0.009651 0.008126 -0.073134 0.997242
1047.000000 -0.076433 -0.782758 9.490906 0.006933 0.000619 -0.073176 0.997295
1048.000000 -0.075727 -0.789993 9.713516 0.007823 -0.006010 -0.073204 0.997268
1049.000000 -0.090418 -0.794633 9.935288 0.012064 -0.011437 -0.073201 0.997179
1050.000000 -0.111217 -0.798689 10.156579 0.018732 -0.015485 -0.073154 0.997024
1051.000000 -0.117895 -0.816588 10.378178 0.026432 -0.018361 -0.073070 0.996807
1052.000000 -0.118688 -0.842159 10.599817 0.033686 -0.020827 -0.072980 0.996547
1053.000000 -0.124094 -0.867203 10.821162 0.039428 -0.023878 -0.072939 0.996271
1054.000000 -0.144389 -0.883653 11.041887 0.043393 -0.028059 -0.072987 0.995993
1055.000000 -0.171421 -0.896135 11.262332 0.046099 -0.033090 -0.073107 0.995708
1056.000000 -0.191784 -0.915684 11.482992 0.048389 -0.038164 -0.073242 0.995408
1057.000000 -0.210236 -0.940125 11.703462 0.050817 -0.042614 -0.073340 0.995099
1058.000000 -0.231972 -0.966248 11.923374 0.053357 -0.046298 -0.073395 0.994798
1059.000000 -0.258022 -0.991965 12.142822 0.055595 -0.049484 -0.073441 0.994518
1060.000000 -0.288519 -1.015426 12.361996 0.057200 -0.052536 -0.073513 0.994266
1061.000000 -0.316313 -1.036218 12.581709 0.058270 -0.055748 -0.073622 0.994020
1062.000000 -0.334817 -1.065493 12.801394 0.059379 -0.059319 -0.073746 0.993739
1063.000000 -0.368131 -1.086605 13.020417 0.061324 -0.063325 -0.073836 0.993367
1064.000000 -0.408403 -1.103346 13.239033 0.064691 -0.067682 -0.073846 0.992865
1065.000000 -0.447341 -1.131932 13.456071 0.069370 -0.072250 -0.073769 0.992233
1066.000000 -0.474640 -1.176729 13.672242 0.074302 -0.077004 -0.073685 0.991524
1067.000000 -0.513269 -1.214457 13.887623 0.077747 -0.082062 -0.073748 0.990849
1068.000000 -0.563379 -1.249825 14.101863 0.078165 -0.087514 -0.074111 0.990323
1069.000000 -0.610625 -1.291361 14.315961 0.075332 -0.093318 -0.074807 0.989960
1070.000000 -0.656635 -1.309943 14.532197 0.070991 -0.099464 -0.075665 0.989617
1071.000000 -0.707025 -1.309848 14.748931 0.068365 -0.106213 -0.076359 0.989047
1072.000000 -0.746154 -1.317655 14.967854 0.070571 -0.114027 -0.076547 0.988007
1073.000000 -0.806338 -1.352269 15.177689 0.078840 -0.123120 -0.076059 0.986327
1074.000000 -0.883808 -1.419194 15.376860 0.091853 -0.133054 -0.074996 0.983990
1075.000000 -0.951911 -1.455803 15.585374 0.106656 -0.142827 -0.073660 0.981223
1076.000000 -1.028078 -1.512913 15.786118 0.120404 -0.151383 -0.072367 0.978442
1077.000000 -1.104307 -1.573451 15.986423 0.131578 -0.158032 -0.071279 0.976029
1078.000000 -1.177299 -1.626027 16.189869 0.140004 -0.162412 -0.070378 0.974201
1079.000000 -1.258771 -1.685117 16.388260 0.146168 -0.164174 -0.069528 0.973061
1080.000000 -1.344713 -1.760858 16.578902 0.150688 -0.162884 -0.068548 0.972658
1081.000000 -1.420719 -1.816037 16.780620 0.154377 -0.158441 -0.067267 0.972903
1082.000000 -1.486583 -1.874526 16.985160 0.158543 -0.151702 -0.065570 0.973422
1083.000000 -1.541869 -1.940398 17.190273 0.164966 -0.144674 -0.063458 0.973565
1084.000000 -1.590288 -2.005335 17.397499 0.175255 -0.139801 -0.061062 0.972632
1085.000000 -1.649446 -2.084323 17.597299 0.189868 -0.138609 -0.058593 0.970208
1086.000000 -1.718551 -2.179110 17.787522 0.207488 -0.140557 -0.056215 0.966454
1087.000000 -1.798157 -2.288892 17.966451 0.225371 -0.142960 -0.053885 0.962220
1088.000000 -1.883119 -2.407791 18.137585 0.240690 -0.142243 -0.051272 0.958753
1089.000000 -1.958016 -2.520782 18.313822 0.252077 -0.135817 -0.047900 0.956931
1090.000000 -2.006706 -2.612580 18.508566 0.260265 -0.123486 -0.043497 0.956620
1091.000000 -2.034974 -2.709534 18.706224 0.267356 -0.107522 -0.038279 0.956815
1092.000000 -2.062654 -2.839413 18.885638 0.275377 -0.091413 -0.032909 0.956414
1093.000000 -2.091297 -2.974567 19.060451 0.285441 -0.078100 -0.028106 0.954795
1094.000000 -2.118741 -3.105131 19.237659 0.298066 -0.068795 -0.024240 0.951754
1095.000000 -2.149192 -3.213942 19.431137 0.313873 -0.062969 -0.021185 0.947138
1096.000000 -2.179639 -3.349355 19.606961 0.333428 -0.059206 -0.018521 0.940733
1097.000000 -2.201574 -3.510359 19.759378 0.356217 -0.056174 -0.015880 0.932578
1098.000000 -2.222749 -3.685321 19.895106 0.380031 -0.053158 -0.013162 0.923351
1099.000000 -2.245804 -3.862557 20.027648 0.401840 -0.050033 -0.010507 0.914281
1100.000000 -2.259994 -4.033925 20.168861 0.419650 -0.046916 -0.008081 0.906437
1101.000000 -2.276653 -4.219237 20.293487 0.433824 -0.043815 -0.005862 0.899913
1102.000000 -2.300355 -4.371795 20.451712 0.446841 -0.040463 -0.003591 0.893691
1103.000000 -2.311978 -4.556816 20.574076 0.461747 -0.036393 -0.000891 0.886265
1104.000000 -2.324416 -4.752392 20.682396 0.480445 -0.031153 0.002550 0.876467
1105.000000 -2.329491 -4.945703 20.792756 0.502865 -0.024538 0.006847 0.863989
1106.000000 -2.334682 -5.150669 20.878333 0.527297 -0.016716 0.011883 0.849433
1107.000000 -2.323280 -5.361830 20.947866 0.551454 -0.008200 0.017347 0.833984
1108.000000 -2.311918 -5.575635 21.008689 0.573611 0.000293 0.022807 0.818810
1109.000000 -2.299150 -5.791160 21.061973 0.593381 0.008035 0.027783 0.804402
1110.000000 -2.279185 -6.005679 21.115659 0.611861 0.014439 0.031801 0.790193
1111.000000 -2.256045 -6.221275 21.170533 0.630972 0.019126 0.034443 0.774804
1112.000000 -2.234474 -6.439121 21.214076 0.652163 0.021888 0.035381 0.756936
1113.000000 -2.218088 -6.658008 21.215013 0.675270 0.022598 0.034409 0.736421
1114.000000 -2.202721 -6.877529 21.180858 0.698476 0.021196 0.031465 0.714628
1115.000000 -2.179099 -7.097971 21.146258 0.719469 0.017830 0.026710 0.693781
1116.000000 -2.161894 -7.318415 21.135357 0.736848 0.013035 0.020647 0.675617
1117.000000 -2.184836 -7.537476 21.102829 0.750655 0.007715 0.014148 0.660498
1118.000000 -2.181982 -7.755321 21.055827 0.761876 0.002780 0.008152 0.647666
1119.000000 -2.180928 -7.971837 21.005404 0.771538 -0.001382 0.003088 0.636174
1120.000000 -2.177851 -8.187988 20.952935 0.780093 -0.005241 -0.001599 0.625639
1121.000000 -2.183544 -8.402847 20.897088 0.787341 -0.010027 -0.007450 0.616392
1122.000000 -2.188707 -8.608058 20.831451 0.792686 -0.017219 -0.016436 0.609166
1123.000000 -2.183852 -8.810953 20.752301 0.795520 -0.027866 -0.030096 0.604538
1124.000000 -2.237849 -9.034803 20.701227 0.795653 -0.042063 -0.048710 0.602324
1125.000000 -2.284904 -9.246850 20.638806 0.793709 -0.058833 -0.070950 0.601274
1126.000000 -2.365349 -9.450622 20.600851 0.791210 -0.076498 -0.094245 0.599376
1127.000000 -2.439444 -9.651634 20.541452 0.790088 -0.093353 -0.115760 0.594681
1128.000000 -2.531528 -9.849015 20.497189 0.791772 -0.108240 -0.133436 0.586153
1129.000000 -2.623528 -10.037097 20.421616 0.796453 -0.120719 -0.146541 0.574121
1130.000000 -2.710367 -10.223517 20.336782 0.803058 -0.130845 -0.155552 0.560162
1131.000000 -2.808204 -10.403373 20.249796 0.809916 -0.138834 -0.161577 0.546492
1132.000000 -2.906301 -10.579562 20.155757 0.815627 -0.144843 -0.165666 0.535097
1133.000000 -3.004853 -10.755554 20.062267 0.819611 -0.148965 -0.168370 0.526971
1134.000000 -3.109209 -10.933631 19.979056 0.822182 -0.151321 -0.169684 0.521849
1135.000000 -3.203337 -11.114109 19.889607 0.824197 -0.152135 -0.169315 0.518543
1136.000000 -3.305098 -11.291438 19.802134 0.826530 -0.151719 -0.167045 0.515680
1137.000000 -3.398556 -11.470042 19.708901 0.829622 -0.150405 -0.162982 0.512390
1138.000000 -3.486345 -11.646319 19.605384 0.833321 -0.148486 -0.157610 0.508613
1139.000000 -3.571841 -11.822498 19.499962 0.837081 -0.146193 -0.151622 0.504910
1140.000000 -3.655238 -12.001344 19.397425 0.840322 -0.143674 -0.145639 0.502001
1141.000000 -3.735570 -12.181903 19.295205 0.842719 -0.140982 -0.139966 0.500357
1142.000000 -3.821239 -12.357174 19.188347 0.844276 -0.138088 -0.134553 0.500026
1143.000000 -3.896142 -12.537069 19.081265 0.845237 -0.134953 -0.129164 0.500678
1144.000000 -3.965706 -12.726474 18.985959 0.845952 -0.131598 -0.123586 0.501771
1145.000000 -4.041995 -12.906984 18.881348 0.846740 -0.128113 -0.117747 0.502747
1146.000000 -4.108024 -13.091621 18.776543 0.847789 -0.124603 -0.111692 0.503242
1147.000000 -4.171544 -13.277027 18.671342 0.849102 -0.121142 -0.105536 0.503203
1148.000000 -4.234905 -13.461301 18.564514 0.850534 -0.117767 -0.099424 0.502830
1149.000000 -4.292836 -13.646898 18.456373 0.851927 -0.114502 -0.093487 0.502365
1150.000000 -4.342715 -13.835324 18.349042 0.853254 -0.111367 -0.087779 0.501846
1151.000000 -4.403062 -14.021507 18.243249 0.854705 -0.108382 -0.082239 0.500969
1152.000000 -4.457646 -14.207621 18.134733 0.856659 -0.105586 -0.076758 0.499095
1153.000000 -4.494303 -14.399922 18.028698 0.859561 -0.103060 -0.071276 0.495433
1154.000000 -4.543762 -14.585214 17.916020 0.863740 -0.100885 -0.065795 0.489333
1155.000000 -4.589138 -14.768473 17.798275 0.869229 -0.099012 -0.060236 0.480634
1156.000000 -4.626520 -14.944927 17.668263 0.875652 -0.097143 -0.054248 0.469951
1157.000000 -4.664893 -15.121764 17.538382 0.882214 -0.094716 -0.047141 0.458809
1158.000000 -4.698013 -15.286520 17.393046 0.887801 -0.091079 -0.038075 0.449516
1159.000000 -4.734876 -15.450827 17.247882 0.891188 -0.085809 -0.026526 0.444654
1160.000000 -4.749563 -15.622627 17.107611 0.891352 -0.079006 -0.012789 0.446191
1161.000000 -4.744172 -15.790671 16.962364 0.887870 -0.071364 0.001869 0.454523
1162.000000 -4.730547 -15.985789 16.859325 0.881258 -0.063904 0.015684 0.468032
1163.000000 -4.738434 -16.183671 16.757531 0.873013 -0.057496 0.027264 0.483527
1164.000000 -4.731465 -16.381013 16.654895 0.865177 -0.052454 0.036237 0.497397
1165.000000 -4.723258 -16.582622 16.561496 0.859618 -0.048464 0.043240 0.506793
1166.000000 -4.714218 -16.781958 16.463013 0.857485 -0.044872 0.049358 0.510167
1167.000000 -4.703386 -16.977772 16.357925 0.859143 -0.041074 0.055504 0.507056
1168.000000 -4.692837 -17.169191 16.245686 0.864438 -0.036726 0.062146 0.497529
1169.000000 -4.656668 -17.361253 16.137691 0.872889 -0.031673 0.069453 0.481911
1170.000000 -4.628978 -17.544106 16.014255 0.883567 -0.025749 0.077700 0.461096
1171.000000 -4.610315 -17.713878 15.872844 0.894939 -0.018710 0.087558 0.437113
1172.000000 -4.576513 -17.850367 15.701119 0.905102 -0.010424 0.099931 0.413152
1173.000000 -4.510253 -17.984188 15.533099 0.912443 -0.001141 0.115330 0.392613
1174.000000 -4.457438 -18.147089 15.391209 0.916257 0.008474 0.133272 0.377677
1175.000000 -4.376545 -18.292999 15.246471 0.916894 0.017604 0.152253 0.368531
1176.000000 -4.285931 -18.419059 15.085583 0.915401 0.025612 0.170388 0.363805
1177.000000 -4.202630 -18.571167 14.946349 0.912949 0.032185 0.186175 0.361700
1178.000000 -4.111991 -18.718154 14.806179 0.910389 0.037259 0.198839 0.360923
1179.000000 -4.014315 -18.851605 14.657245 0.908130 0.040844 0.208159 0.360973
1180.000000 -3.908890 -18.987777 14.516428 0.906256 0.042913 0.214148 0.361938
1181.000000 -3.812661 -19.131774 14.376833 0.904694 0.043446 0.216953 0.364105
1182.000000 -3.718235 -19.273631 14.233856 0.903324 0.042551 0.216959 0.367591
1183.000000 -3.627902 -19.420828 14.094193 0.902058 0.040541 0.214835 0.372147
1184.000000 -3.542814 -19.572954 13.956331 0.900917 0.037859 0.211335 0.377164
1185.000000 -3.449344 -19.723019 13.820269 0.900063 0.034910 0.206997 0.381865
1186.000000 -3.367359 -19.880939 13.686789 0.899735 0.031930 0.201999 0.385555
1187.000000 -3.279571 -20.034021 13.550422 0.900101 0.028978 0.196298 0.387874
1188.000000 -3.205583 -20.189360 13.410523 0.901106 0.026020 0.189903 0.388931
1189.000000 -3.128211 -20.340256 13.266413 0.902462 0.023028 0.183048 0.389263
1190.000000 -3.061134 -20.494943 13.121304 0.903778 0.020024 0.176141 0.389562
1191.000000 -2.989923 -20.651390 12.980075 0.904758 0.017067 0.169573 0.390341
1192.000000 -2.926831 -20.809879 12.837301 0.905316 0.014224 0.163550 0.391730
1193.000000 -2.863077 -20.968238 12.694858 0.905550 0.011535 0.158067 0.393524
1194.000000 -2.800848 -21.128701 12.553877 0.905631 0.008999 0.152979 0.395409
1195.000000 -2.741302 -21.288567 12.411192 0.905689 0.006585 0.148124 0.397169
1196.000000 -2.685347 -21.449604 12.268309 0.905772 0.004256 0.143395 0.398745
1197.000000 -2.631686 -21.611481 12.125448 0.905864 0.001992 0.138766 0.400187
1198.000000 -2.580129 -21.773748 11.982399 0.905933 -0.000205 0.134267 0.401569
1199.000000 -2.528606 -21.937332 11.840816 0.905945 -0.002325 0.129945 0.402955
1200.000000 -2.478169 -22.099637 11.697391 0.905870 -0.004356 0.125841 0.404406
1201.000000 -2.433990 -22.264920 11.554652 0.905681 -0.006291 0.121989 0.405982
1202.000000 -2.389247 -22.429674 11.412528 0.905356 -0.008126 0.118411 0.407730
1203.000000 -2.345178 -22.594564 11.269946 0.904893 -0.009863 0.115099 0.409662
1204.000000 -2.304291 -22.763004 11.130492 0.904314 -0.011524 0.112000 0.411752
1205.000000 -2.262959 -22.929843 10.989344 0.903649 -0.013136 0.109033 0.413954
1206.000000 -2.224534 -23.096326 10.846804 0.902922 -0.014719 0.106150 0.416230
1207.000000 -2.187839 -23.269819 10.711931 0.902142 -0.016255 0.103379 0.418556
1208.000000 -2.153870 -23.438913 10.572114 0.901303 -0.017699 0.100814 0.420923
1209.000000 -2.118996 -23.606914 10.430554 0.900400 -0.019012 0.098537 0.423331
1210.000000 -2.085287 -23.782454 10.298247 0.899432 -0.020193 0.096550 0.425785
1211.000000 -2.050203 -23.951691 10.158321 0.898404 -0.021280 0.094771 0.428295
1212.000000 -2.018314 -24.127962 10.026534 0.897319 -0.022319 0.093106 0.430872
1213.000000 -1.989989 -24.299358 9.887485 0.896175 -0.023326 0.091522 0.433532
1214.000000 -1.956384 -24.476279 9.756842 0.894966 -0.024286 0.090049 0.436277
1215.000000 -1.929292 -24.652327 9.623652 0.893693 -0.025166 0.088750 0.439093
1216.000000 -1.897680 -24.830466 9.494195 0.892363 -0.025943 0.087672 0.441959
1217.000000 -1.870910 -25.006968 9.361614 0.890975 -0.026602 0.086837 0.444877
1218.000000 -1.841372 -25.185808 9.232661 0.889516 -0.027143 0.086250 0.447869
1219.000000 -1.814579 -25.366050 9.105156 0.887979 -0.027570 0.085903 0.450947
1220.000000 -1.787933 -25.546329 8.977630 0.886391 -0.027890 0.085770 0.454067
1221.000000 -1.758285 -25.728746 8.853785 0.884810 -0.028121 0.085798 0.457121
1222.000000 -1.732067 -25.911245 8.729430 0.883307 -0.028290 0.085918 0.459985
1223.000000 -1.702657 -26.094395 8.606648 0.881936 -0.028426 0.086055 0.462575
1224.000000 -1.674611 -26.279113 8.485888 0.880719 -0.028560 0.086151 0.464862
1225.000000 -1.646793 -26.462721 8.363394 0.879654 -0.028710 0.086172 0.466861
1226.000000 -1.620227 -26.647746 8.242780 0.878727 -0.028876 0.086124 0.468602
1227.000000 -1.591084 -26.833280 8.123528 0.877918 -0.029037 0.086051 0.470119
1228.000000 -1.565204 -27.017919 8.002293 0.877201 -0.029163 0.086015 0.471454
1229.000000 -1.539234 -27.204358 7.883779 0.876552 -0.029231 0.086066 0.472646
1230.000000 -1.510420 -27.388968 7.763094 0.875967 -0.029237 0.086211 0.473704
1231.000000 -1.482633 -27.577325 7.648081 0.875467 -0.029194 0.086421 0.474591
1232.000000 -1.455309 -27.762883 7.528814 0.875093 -0.029121 0.086652 0.475243
1233.000000 -1.429471 -27.952500 7.407270 0.874882 -0.029032 0.086867 0.475598
1234.000000 -1.398990 -28.136212 7.293394 0.874858 -0.028938 0.087041 0.475615
1235.000000 -1.372095 -28.322517 7.174640 0.875034 -0.028847 0.087159 0.475276
1236.000000 -1.343355 -28.507838 7.054962 0.875409 -0.028759 0.087214 0.474580
1237.000000 -1.316528 -28.694456 6.936939 0.875968 -0.028671 0.087223 0.473552
1238.000000 -1.289094 -28.878802 6.815463 0.876676 -0.028572 0.087209 0.472247
1239.000000 -1.260376 -29.063672 6.695176 0.877491 -0.028455 0.087198 0.470740
1240.000000 -1.231056 -29.246723 6.572322 0.878376 -0.028317 0.087202 0.469095
1241.000000 -1.204082 -29.431783 6.451847 0.879311 -0.028157 0.087233 0.467344
1242.000000 -1.175633 -29.613980 6.327400 0.880291 -0.027967 0.087305 0.465492
1243.000000 -1.146429 -29.797109 6.204493 0.881307 -0.027738 0.087434 0.463555
1244.000000 -1.116915 -29.977865 6.078305 0.882332 -0.027470 0.087632 0.461581
1245.000000 -1.088728 -30.159632 5.953195 0.883321 -0.027152 0.087931 0.459646
1246.000000 -1.059568 -30.340190 5.826569 0.884219 -0.026712 0.088483 0.457835
1247.000000 -1.028636 -30.519855 5.699095 0.884940 -0.025911 0.089760 0.456238
1248.000000 -0.999899 -30.700119 5.571971 0.885318 -0.024235 0.092784 0.454990
1249.000000 -0.970094 -30.879705 5.444073 0.885044 -0.020856 0.099212 0.454335
1250.000000 -0.940711 -31.057973 5.314321 0.883615 -0.014846 0.110946 0.454637
1251.000000 -0.907889 -31.236273 5.185511 0.880453 -0.005731 0.129010 0.456208
1252.000000 -0.827324 -31.416733 5.083623 0.875395 0.005687 0.151833 0.458909
1253.000000 -0.750691 -31.573666 4.943662 0.869637 0.016612 0.173737 0.461813
1254.000000 -0.710073 -31.647960 4.874362 0.867397 0.020496 0.181516 0.462877
1255.000000 -0.787350 -31.502059 5.028475 0.872450 0.011471 0.163429 0.460424
1256.000000 -0.866755 -31.321903 5.127514 0.878131 -0.000188 0.140072 0.457455
1257.000000 -0.925790 -31.147630 5.250183 0.882280 -0.010667 0.119202 0.455257
1258.000000 -0.955685 -30.968902 5.379280 0.884511 -0.018229 0.104313 0.454342
1259.000000 -0.984444 -30.790126 5.508478 0.885289 -0.022819 0.095450 0.454567
1260.000000 -1.015507 -30.610237 5.635620 0.885187 -0.025228 0.090963 0.455559
1261.000000 -1.044839 -30.430561 5.763411 0.884609 -0.026381 0.088982 0.457003
1262.000000 -1.074274 -30.250250 5.890340 0.883786 -0.026957 0.088156 0.458720
1263.000000 -1.103182 -30.068105 6.014721 0.882834 -0.027320 0.087764 0.460603
1264.000000 -1.132742 -29.888147 6.142113 0.881821 -0.027609 0.087524 0.462568
1265.000000 -1.161442 -29.706290 6.266992 0.880796 -0.027857 0.087362 0.464532
1266.000000 -1.189286 -29.522430 6.389089 0.879796 -0.028066 0.087263 0.466430
1267.000000 -1.217216 -29.338850 6.511546 0.878837 -0.028241 0.087213 0.468232
1268.000000 -1.245836 -29.156196 6.635206 0.877926 -0.028389 0.087197 0.469932
1269.000000 -1.274169 -28.970662 6.754579 0.877073 -0.028516 0.087202 0.471514
1270.000000 -1.301618 -28.786510 6.876299 0.876306 -0.028623 0.087217 0.472929
1271.000000 -1.331040 -28.601528 6.996324 0.875667 -0.028716 0.087223 0.474104
1272.000000 -1.357580 -28.415085 7.114692 0.875197 -0.028803 0.087194 0.474971
1273.000000 -1.386061 -28.228853 7.232958 0.874921 -0.028892 0.087108 0.475490
1274.000000 -1.412500 -28.043678 7.349953 0.874845 -0.028985 0.086961 0.475650
1275.000000 -1.442980 -27.857203 7.469949 0.874965 -0.029078 0.086764 0.475461
1276.000000 -1.467368 -27.669242 7.587042 0.875261 -0.029160 0.086537 0.474951
1277.000000 -1.498122 -27.484225 7.706953 0.875704 -0.029221 0.086311 0.474172
1278.000000 -1.523645 -27.296596 7.823610 0.876251 -0.029242 0.086128 0.473193
1279.000000 -1.552160 -27.110940 7.942784 0.876869 -0.029205 0.086028 0.472067
1280.000000 -1.579882 -26.926295 8.063548 0.877550 -0.029106 0.086025 0.470807
1281.000000 -1.605900 -26.740647 8.183184 0.878309 -0.028959 0.086087 0.469386
1282.000000 -1.633513 -26.555490 8.303467 0.879174 -0.028792 0.086155 0.467762
1283.000000 -1.661504 -26.370528 8.423866 0.880168 -0.028633 0.086171 0.465896
1284.000000 -1.689137 -26.186786 8.546182 0.881308 -0.028492 0.086111 0.463756
1285.000000 -1.717844 -26.003150 8.668413 0.882603 -0.028360 0.085988 0.461318
1286.000000 -1.743232 -25.821011 8.793509 0.884045 -0.028212 0.085851 0.458583
1287.000000 -1.773033 -25.637633 8.915867 0.885595 -0.028015 0.085768 0.455610
1288.000000 -1.800497 -25.456550 9.042056 0.887189 -0.027742 0.085812 0.452507
1289.000000 -1.829937 -25.275436 9.167769 0.888756 -0.027370 0.086047 0.449398
1290.000000 -1.856100 -25.096657 9.297543 0.890255 -0.026887 0.086513 0.446362
1291.000000 -1.886655 -24.918144 9.426617 0.891677 -0.026287 0.087224 0.443410
1292.000000 -1.913742 -24.741260 9.558759 0.893035 -0.025569 0.088182 0.440521
1293.000000 -1.942562 -24.563457 9.689248 0.894337 -0.024738 0.089374 0.437678
1294.000000 -1.973419 -24.388208 9.822657 0.895579 -0.023813 0.090768 0.434894
1295.000000 -2.002931 -24.213836 9.957412 0.896755 -0.022826 0.092303 0.432191
1296.000000 -2.034424 -24.038574 10.090747 0.897869 -0.021804 0.093928 0.429574
1297.000000 -2.066539 -23.868300 10.230199 0.898925 -0.020745 0.095641 0.427032
1298.000000 -2.102300 -23.692970 10.362112 0.899924 -0.019617 0.097511 0.424552
1299.000000 -2.135188 -23.522829 10.501556 0.900860 -0.018373 0.099637 0.422122
1300.000000 -2.171671 -23.353326 10.639650 0.901730 -0.016991 0.102064 0.419735
1301.000000 -2.206035 -23.182634 10.779336 0.902539 -0.015495 0.104745 0.417388
1302.000000 -2.243672 -23.013394 10.918472 0.903292 -0.013931 0.107581 0.415085
1303.000000 -2.285909 -22.846237 11.059041 0.903990 -0.012334 0.110504 0.412842
1304.000000 -2.324955 -22.679563 11.201076 0.904616 -0.010701 0.113528 0.410690
1305.000000 -2.369718 -22.511719 11.340007 0.905141 -0.009006 0.116724 0.408674
1306.000000 -2.410992 -22.346839 11.483223 0.905536 -0.007221 0.120165 0.406832
1307.000000 -2.457341 -22.181640 11.625129 0.905792 -0.005336 0.123882 0.405175
1308.000000 -2.504460 -22.019074 11.769335 0.905920 -0.003352 0.127864 0.403669
1309.000000 -2.552994 -21.855452 11.911993 0.905948 -0.001275 0.132082 0.402258
1310.000000 -2.602341 -21.691768 12.054288 0.905904 0.000884 0.136498 0.400881
1311.000000 -2.657812 -21.530554 12.197147 0.905819 0.003116 0.141067 0.399478
1312.000000 -2.710777 -21.369085 12.340697 0.905727 0.005411 0.145747 0.397978
1313.000000 -2.771725 -21.207982 12.481460 0.905658 0.007779 0.150531 0.396312
1314.000000 -2.831022 -21.049521 12.625911 0.905600 0.010250 0.155485 0.394473
1315.000000 -2.892415 -20.889175 12.767212 0.905463 0.012859 0.160748 0.392596
1316.000000 -2.958568 -20.731537 12.909588 0.905087 0.015628 0.166489 0.390967
1317.000000 -3.025750 -20.572839 13.050213 0.904321 0.018535 0.172796 0.389874
1318.000000 -3.094840 -20.418011 13.194216 0.903148 0.021524 0.179574 0.389377
1319.000000 -3.168065 -20.266227 13.339170 0.901765 0.024528 0.186510 0.389144
1320.000000 -3.242122 -20.112078 13.481279 0.900537 0.027502 0.193178 0.388534
1321.000000 -3.325056 -19.957500 13.618484 0.899829 0.030452 0.199240 0.386891
1322.000000 -3.407507 -19.801130 13.753159 0.899819 0.033417 0.204581 0.383869
1323.000000 -3.496792 -19.648869 13.888250 0.900439 0.036399 0.209252 0.379603
1324.000000 -3.583448 -19.495159 14.025396 0.901465 0.039256 0.213215 0.374645
1325.000000 -3.674109 -19.347607 14.163472 0.902680 0.041659 0.216115 0.369766
1326.000000 -3.765726 -19.202956 14.305380 0.903992 0.043162 0.217270 0.365689
1327.000000 -3.860952 -19.058923 14.445639 0.905443 0.043369 0.215931 0.362857
1328.000000 -3.962367 -18.919391 14.585972 0.907147 0.042071 0.211565 0.361323
1329.000000 -4.063649 -18.784266 14.730824 0.909211 0.039238 0.203919 0.360849
1330.000000 -4.158703 -18.646466 14.877123 0.911648 0.034909 0.192920 0.361195
1331.000000 -4.243751 -18.497606 15.018916 0.914231 0.029086 0.178640 0.362524
1332.000000 -4.330814 -18.351999 15.162276 0.916336 0.021775 0.161536 0.365731
1333.000000 -4.419994 -18.228086 15.325545 0.916917 0.013146 0.142751 0.372442
1334.000000 -4.485326 -18.064665 15.460693 0.914792 0.003677 0.124058 0.384386
1335.000000 -4.542854 -17.914219 15.614135 0.909195 -0.005873 0.107255 0.402275
1336.000000 -4.602057 -17.785848 15.789030 0.900288 -0.014718 0.093380 0.424905
1337.000000 -4.612703 -17.630763 15.946460 0.889283 -0.022383 0.082371 0.449322
1338.000000 -4.641384 -17.454385 16.078776 0.878031 -0.028834 0.073427 0.472057
1339.000000 -4.674949 -17.265767 16.192559 0.868314 -0.034295 0.065707 0.490446
1340.000000 -4.699236 -17.073234 16.301019 0.861358 -0.038980 0.058750 0.503082
1341.000000 -4.710599 -16.880849 16.412196 0.857841 -0.043027 0.052387 0.509424
1342.000000 -4.718218 -16.682676 16.513113 0.858084 -0.046661 0.046343 0.509280
1343.000000 -4.728986 -16.481071 16.606548 0.862021 -0.050365 0.039920 0.502782
1344.000000 -4.732498 -16.282901 16.707503 0.868915 -0.054811 0.032055 0.490872
1345.000000 -4.740775 -16.083863 16.806439 0.877217 -0.060533 0.021804 0.475763
1346.000000 -4.726561 -15.887955 16.911734 0.884882 -0.067548 0.008988 0.460805
1347.000000 -4.754514 -15.706020 17.033297 0.890059 -0.075229 -0.005467 0.449562
1348.000000 -4.740472 -15.534027 17.174063 0.891718 -0.082568 -0.019872 0.444552
1349.000000 -4.718091 -15.368488 17.320568 0.889842 -0.088656 -0.032616 0.446382
1350.000000 -4.682385 -15.207087 17.469284 0.885206 -0.093085 -0.042899 0.453767
1351.000000 -4.645107 -15.032817 17.602666 0.878979 -0.096042 -0.050888 0.464308
1352.000000 -4.607999 -14.858009 17.735069 0.872364 -0.098108 -0.057332 0.475467
1353.000000 -4.568978 -14.674967 17.855384 0.866334 -0.099923 -0.063039 0.485291
1354.000000 -4.517097 -14.493726 17.973380 0.861480 -0.101927 -0.068537 0.492713
1355.000000 -4.474757 -14.304450 18.082511 0.857966 -0.104283 -0.074018 0.497535
1356.000000 -4.435209 -14.113029 18.188478 0.855591 -0.106956 -0.079497 0.500205
1357.000000 -4.371758 -13.928589 18.295747 0.853944 -0.109855 -0.084995 0.501486
1358.000000 -4.316637 -13.741392 18.402712 0.852592 -0.112917 -0.090606 0.502122
1359.000000 -4.261925 -13.554730 18.510468 0.851241 -0.116119 -0.096428 0.502600
1360.000000 -4.207368 -13.367944 18.618154 0.849814 -0.119442 -0.102465 0.503041
1361.000000 -4.137007 -13.185318 18.724059 0.848419 -0.122864 -0.108618 0.503280
1362.000000 -4.077019 -12.998503 18.828724 0.847228 -0.126356 -0.114740 0.503065
1363.000000 -4.002870 -12.817683 18.935502 0.846321 -0.129865 -0.120699 0.502303
1364.000000 -3.931671 -12.630957 19.032705 0.845603 -0.133298 -0.126407 0.501207
1365.000000 -3.859517 -12.445790 19.133197 0.844810 -0.136551 -0.131871 0.500260
1366.000000 -3.777822 -12.271200 19.244044 0.843591 -0.139563 -0.137240 0.500041
1367.000000 -3.696862 -12.090759 19.345833 0.841633 -0.142350 -0.142760 0.501008
1368.000000 -3.610506 -11.913391 19.448795 0.838795 -0.144956 -0.148602 0.503317
1369.000000 -3.531537 -11.733057 19.552324 0.835233 -0.147375 -0.154649 0.506705
1370.000000 -3.442728 -11.557908 19.656901 0.831424 -0.149505 -0.160418 0.510537
1371.000000 -3.351029 -11.383879 19.760777 0.827977 -0.151154 -0.165215 0.514111
1372.000000 -3.256315 -11.200628 19.843948 0.825282 -0.152060 -0.168420 0.517128
1373.000000 -3.153404 -11.025435 19.934238 0.823198 -0.151903 -0.169729 0.520060
1374.000000 -3.058541 -10.844100 20.021391 0.821026 -0.150353 -0.169216 0.524095
1375.000000 -2.953525 -10.667438 20.106509 0.817833 -0.147134 -0.167180 0.530614
1376.000000 -2.857808 -10.491682 20.203763 0.812974 -0.142079 -0.163815 0.540418
1377.000000 -2.758470 -10.314191 20.293963 0.806558 -0.135095 -0.158864 0.553151
1378.000000 -2.666395 -10.130801 20.379609 0.799616 -0.126063 -0.151495 0.567249
1379.000000 -2.578241 -9.943560 20.461652 0.793781 -0.114785 -0.140553 0.580501
1380.000000 -2.486802 -9.750636 20.522922 0.790534 -0.101086 -0.125157 0.590909
1381.000000 -2.397988 -9.552082 20.568648 0.790365 -0.085116 -0.105382 0.597472
1382.000000 -2.323402 -9.348918 20.620026 0.792408 -0.067668 -0.082650 0.600566
1383.000000 -2.262222 -9.143286 20.670672 0.794864 -0.050222 -0.059518 0.601769
1384.000000 -2.208481 -8.922531 20.726401 0.795908 -0.034559 -0.038830 0.603182
1385.000000 -2.173936 -8.704614 20.785220 0.794444 -0.022078 -0.022628 0.606514
1386.000000 -2.200837 -8.510533 20.875348 0.790294 -0.013239 -0.011434 0.612479
1387.000000 -2.176407 -8.295424 20.923106 0.783912 -0.007424 -0.004257 0.620812
1388.000000 -2.178861 -8.080074 20.979638 0.775953 -0.003286 0.000775 0.630781
1389.000000 -2.181266 -7.863362 21.029624 0.766857 0.000610 0.005512 0.641794
1390.000000 -2.183371 -7.646915 21.081152 0.756515 0.005157 0.011041 0.653862
1391.000000 -2.180403 -7.427601 21.120626 0.744148 0.010378 0.017389 0.667708
1392.000000 -2.161265 -7.208631 21.139769 0.728640 0.015560 0.023794 0.684307
1393.000000 -2.192527 -6.987616 21.161418 0.709370 0.019735 0.029292 0.703951
1394.000000 -2.210851 -6.767672 21.200187 0.687012 0.022159 0.033180 0.725550
1395.000000 -2.225602 -6.548500 21.220946 0.663561 0.022506 0.035141 0.746957
1396.000000 -2.244794 -6.329982 21.195748 0.641273 0.020757 0.035141 0.766227
1397.000000 -2.267699 -6.113187 21.142988 0.621220 0.017013 0.033317 0.782743
1398.000000 -2.289878 -5.898445 21.088663 0.602668 0.011433 0.029940 0.797348
1399.000000 -2.306399 -5.683514 21.035544 0.583757 0.004299 0.025386 0.811520
1400.000000 -2.317070 -5.468179 20.979962 0.562844 -0.003903 0.020108 0.826309
1401.000000 -2.330895 -5.256641 20.912413 0.539543 -0.012502 0.014587 0.841739
1402.000000 -2.333294 -5.046280 20.840035 0.514973 -0.020753 0.009289 0.856905
1403.000000 -2.327431 -4.848237 20.739051 0.491269 -0.028016 0.004594 0.870545
1404.000000 -2.317708 -4.656539 20.626314 0.470579 -0.033940 0.000725 0.881705
1405.000000 -2.307500 -4.458776 20.519085 0.453896 -0.038549 -0.002317 0.890217
1406.000000 -2.288105 -4.299979 20.367922 0.440278 -0.042197 -0.004756 0.896857
1407.000000 -2.267580 -4.127612 20.230336 0.427072 -0.045374 -0.006957 0.903052
1408.000000 -2.252999 -3.947001 20.099450 0.411283 -0.048468 -0.009261 0.910171
1409.000000 -2.235304 -3.773698 19.961543 0.391357 -0.051603 -0.011814 0.918715
1410.000000 -2.210710 -3.597490 19.827895 0.368186 -0.054683 -0.014525 0.928029
1411.000000 -2.192193 -3.426821 19.686390 0.344518 -0.057659 -0.017211 0.936849
1412.000000 -2.164946 -3.278293 19.521672 0.323175 -0.060924 -0.019832 0.944168
1413.000000 -2.133458 -3.156611 19.335966 0.305525 -0.065528 -0.022634 0.949657
1414.000000 -2.105164 -3.043252 19.146736 0.291401 -0.072946 -0.026053 0.953460
1415.000000 -2.076931 -2.907212 18.973156 0.280117 -0.084285 -0.030402 0.955775
1416.000000 -2.048712 -2.772163 18.797343 0.271158 -0.099270 -0.035564 0.956741
1417.000000 -2.021290 -2.655758 18.610154 0.263804 -0.115748 -0.040956 0.956730
1418.000000 -1.986535 -2.570068 18.408193 0.256455 -0.130296 -0.045827 0.956637
1419.000000 -1.922857 -2.466024 18.224197 0.246876 -0.139820 -0.049707 0.957618
1420.000000 -1.840865 -2.348081 18.052248 0.233485 -0.143198 -0.052644 0.960316
1421.000000 -1.757025 -2.232194 17.878488 0.216591 -0.141926 -0.055059 0.964320
1422.000000 -1.682717 -2.129789 17.693718 0.198452 -0.139317 -0.057389 0.968460
1423.000000 -1.618662 -2.042807 17.498485 0.182060 -0.138723 -0.059824 0.971613
1424.000000 -1.564248 -1.972001 17.294561 0.169561 -0.141834 -0.062283 0.973269
1425.000000 -1.514829 -1.908791 17.087145 0.161356 -0.148067 -0.064560 0.973587
1426.000000 -1.454839 -1.842374 16.883482 0.156295 -0.155256 -0.066473 0.973164
1427.000000 -1.384143 -1.790826 16.678338 0.152569 -0.161032 -0.067955 0.972715
1428.000000 -1.302245 -1.721918 16.483870 0.148591 -0.163932 -0.069066 0.972768
1429.000000 -1.216572 -1.653823 16.290141 0.143331 -0.163647 -0.069957 0.973541
1430.000000 -1.140414 -1.599845 16.088275 0.136111 -0.160524 -0.070812 0.975034
1431.000000 -1.067363 -1.545022 15.885376 0.126349 -0.154973 -0.071795 0.977172
1432.000000 -0.987985 -1.480342 15.687364 0.113794 -0.147311 -0.072994 0.979807
1433.000000 -0.920208 -1.440356 15.479697 0.099231 -0.138032 -0.074340 0.982636
1434.000000 -0.844071 -1.386569 15.277434 0.084920 -0.128036 -0.075583 0.985232
1435.000000 -0.772741 -1.326715 15.075160 0.073974 -0.118424 -0.076388 0.987253
1436.000000 -0.727838 -1.313548 14.858182 0.068727 -0.109962 -0.076533 0.988599
1437.000000 -0.682180 -1.308492 14.640528 0.069243 -0.102735 -0.076055 0.989377
1438.000000 -0.633102 -1.306310 14.423671 0.073169 -0.096340 -0.075233 0.989800
1439.000000 -0.587813 -1.270375 14.208827 0.077093 -0.090377 -0.074423 0.990126
1440.000000 -0.537881 -1.231670 13.994832 0.078391 -0.084739 -0.073886 0.990563
1441.000000 -0.491527 -1.196655 13.780128 0.076325 -0.079486 -0.073687 0.991174
1442.000000 -0.462455 -1.154108 13.564023 0.071904 -0.074598 -0.073720 0.991882
1443.000000 -0.428557 -1.115145 13.347822 0.066910 -0.069945 -0.073815 0.992563
1444.000000 -0.387916 -1.094508 13.129849 0.062815 -0.065469 -0.073853 0.993133
1445.000000 -0.350086 -1.077609 12.910883 0.060199 -0.061270 -0.073799 0.993567
1446.000000 -0.323487 -1.049145 12.691976 0.058771 -0.057480 -0.073685 0.993888
1447.000000 -0.304728 -1.025877 12.471605 0.057776 -0.054107 -0.073563 0.994144
1448.000000 -0.272707 -1.004093 12.252431 0.056483 -0.051006 -0.073472 0.994389
1449.000000 -0.244450 -0.979273 12.033144 0.054542 -0.047930 -0.073417 0.994655
1450.000000 -0.220573 -0.953122 11.813488 0.052095 -0.044541 -0.073371 0.994947
1451.000000 -0.200849 -0.927513 11.593282 0.049574 -0.040489 -0.073297 0.995254
1452.000000 -0.182241 -0.905077 11.372655 0.047248 -0.035674 -0.073177 0.995560
1453.000000 -0.158588 -0.889246 11.152082 0.044850 -0.030514 -0.073041 0.995853
1454.000000 -0.131807 -0.876965 10.931620 0.041615 -0.025826 -0.072952 0.996132
1455.000000 -0.120158 -0.855259 10.710547 0.036784 -0.022227 -0.072950 0.996409
1456.000000 -0.118371 -0.828926 10.489013 0.030197 -0.019581 -0.073022 0.996681
1457.000000 -0.115948 -0.806167 10.267353 0.022549 -0.017034 -0.073115 0.996923
1458.000000 -0.102436 -0.795139 10.045897 0.015174 -0.013633 -0.073183 0.997110
1459.000000 -0.079603 -0.793608 9.824597 0.009568 -0.008890 -0.073207 0.997231
1460.000000 -0.075985 -0.785633 9.602207 0.006927 -0.002829 -0.073193 0.997290
1461.000000 -0.075956 -0.784772 9.379725 0.007853 0.004290 -0.073155 0.997280
1462.000000 -0.075981 -0.797088 9.157509 0.012248 0.012041 -0.073114 0.997176
1463.000000 -0.076841 -0.794975 8.935214 0.019332 0.019561 -0.073085 0.996946
1464.000000 -0.077427 -0.786784 8.712755 0.027771 0.025368 -0.073097 0.996615
1465.000000 -0.083107 -0.784107 8.490391 0.035928 0.027755 -0.073197 0.996284
1466.000000 -0.104706 -0.771236 8.268887 0.042273 0.025701 -0.073429 0.996073
1467.000000 -0.129593 -0.747150 8.048857 0.045846 0.019642 -0.073785 0.996026
1468.000000 -0.148330 -0.712425 7.830272 0.046577 0.011487 -0.074193 0.996089
1469.000000 -0.154794 -0.690753 7.608796 0.045241 0.003826 -0.074548 0.996183
1470.000000 -0.152426 -0.670980 7.386982 0.043036 -0.001216 -0.074773 0.996271
1471.000000 -0.144044 -0.647369 7.166067 0.041001 -0.002811 -0.074848 0.996348
1472.000000 -0.133544 -0.629187 6.944275 0.039541 -0.001568 -0.074805 0.996413
1473.000000 -0.125033 -0.620734 6.721819 0.038365 0.000989 -0.074710 0.996467
1474.000000 -0.122913 -0.607642 6.499905 0.036897 0.003277 -0.074625 0.996523
1475.000000 -0.128719 -0.581786 6.279091 0.034871 0.004339 -0.074586 0.996595
1476.000000 -0.133246 -0.560265 6.057653 0.032685 0.004032 -0.074593 0.996670
1477.000000 -0.135623 -0.544445 5.835625 0.031242 0.002696 -0.074633 0.996718
1478.000000 -0.136132 -0.533306 5.613283 0.031524 0.000608 -0.074695 0.996708
1479.000000 -0.135134 -0.525500 5.390900 0.034300 -0.002368 -0.074779 0.996607
1480.000000 -0.134024 -0.515464 5.168667 0.040099 -0.006648 -0.074889 0.996363
1481.000000 -0.133372 -0.500580 4.946623 0.049146 -0.012392 -0.075024 0.995893
1482.000000 -0.132451 -0.483156 4.724727 0.061031 -0.019001 -0.075154 0.995121
1483.000000 -0.130502 -0.465636 4.502935 0.074364 -0.025163 -0.075220 0.994072
1484.000000 -0.126594 -0.450744 4.281169 0.087006 -0.029566 -0.075166 0.992928
1485.000000 -0.102407 -0.423259 4.063156 0.097000 -0.031716 -0.074996 0.991948
1486.000000 -0.065108 -0.360831 3.852992 0.103535 -0.032101 -0.074777 0.991291
1487.000000 -0.046869 -0.306648 3.638598 0.107104 -0.031539 -0.074576 0.990945
1488.000000 -0.045281 -0.271630 3.418389 0.108756 -0.030430 -0.074392 0.990814
1489.000000 -0.032911 -0.218835 3.203011 0.109213 -0.028687 -0.074186 0.990831
1490.000000 -0.003411 -0.176462 2.986603 0.108627 -0.026293 -0.073949 0.990979
1491.000000 0.019709 -0.131869 2.769884 0.107011 -0.023734 -0.073731 0.991236
1492.000000 0.033771 -0.076934 2.554546 0.104635 -0.021719 -0.073594 0.991546
1493.000000 0.042153 -0.022064 2.338821 0.101765 -0.020507 -0.073555 0.991873
1494.000000 0.047594 0.021997 2.120798 0.097978 -0.019587 -0.073568 0.992272
1495.000000 0.054514 0.049000 1.899605 0.091913 -0.018042 -0.073577 0.992881
1496.000000 0.079272 0.092793 1.683302 0.082104 -0.015250 -0.073561 0.993788
1497.000000 0.095723 0.148051 1.468030 0.068399 -0.011316 -0.073530 0.994880
1498.000000 0.101834 0.198132 1.250723 0.052749 -0.006992 -0.073497 0.995875
1499.000000 0.108542 0.234353 1.031277 0.038475 -0.003244 -0.073467 0.996550
1500.000000 0.117564 0.250738 0.810042 0.028416 -0.000761 -0.073442 0.996894
1501.000000 0.111857 0.243513 0.587617 0.023388 0.000336 -0.073429 0.997026
1502.000000 0.103198 0.235544 0.364804 0.022082 0.000468 -0.073429 0.997056
1503.000000 0.105165 0.253327 0.143215 0.022314 0.000268 -0.073433 0.997050
1504.000000 0.095523 0.232395 0.028760 0.020338 0.000154 -0.066400 0.997586
1505.000000 0.047761 0.116198 0.014380 0.011708 0.000033 -0.038229 0.999200
1506.000000 0.000000 0.000000 0.000000 0.003068 -0.000088 -0.010025 0.999945
1507.000000 0.000683 0.003269 0.404521 0.005771 -0.000339 -0.010024 0.999933
1508.000000 0.010909 -0.026551 0.809150 0.011775 -0.001126 -0.010022 0.999880
1509.000000 0.005347 -0.028635 1.214139 0.020955 -0.002821 -0.010021 0.999726
1510.000000 0.011599 -0.065566 1.617447 0.032319 -0.005618 -0.010030 0.999411
1511.000000 -0.012038 -0.118059 2.018731 0.044346 -0.009310 -0.010064 0.998922
1512.000000 -0.030105 -0.177300 2.418772 0.055294 -0.013310 -0.010127 0.998330
1513.000000 -0.037866 -0.246745 2.818221 0.063521 -0.016897 -0.010213 0.997785
1514.000000 -0.070785 -0.308961 3.217066 0.067809 -0.019466 -0.010306 0.997455
1515.000000 -0.079782 -0.375974 3.617007 0.067688 -0.020608 -0.010389 0.997440
1516.000000 -0.111705 -0.437772 4.015696 0.063621 -0.020097 -0.010438 0.997717
1517.000000 -0.129933 -0.458184 4.419967 0.056937 -0.017922 -0.010430 0.998162
1518.000000 -0.134002 -0.488621 4.824062 0.049456 -0.014404 -0.010360 0.998619
1519.000000 -0.134347 -0.518483 5.228203 0.042924 -0.010235 -0.010248 0.998973
1520.000000 -0.136184 -0.534068 5.633137 0.038493 -0.006309 -0.010128 0.999188
1521.000000 -0.133572 -0.558558 6.037830 0.036501 -0.003330 -0.010031 0.999278
1522.000000 -0.124003 -0.601481 6.440666 0.036573 -0.001418 -0.009963 0.999280
1523.000000 -0.128898 -0.625222 6.845230 0.037897 0.000020 -0.009910 0.999233
1524.000000 -0.147828 -0.656606 7.248806 0.039429 0.001927 -0.009838 0.999172
1525.000000 -0.154528 -0.694202 7.652352 0.040036 0.004854 -0.009721 0.999139
1526.000000 -0.129208 -0.747686 8.052860 0.038716 0.008312 -0.009571 0.999170
1527.000000 -0.085702 -0.782866 8.454653 0.035062 0.010820 -0.009441 0.999282
1528.000000 -0.077134 -0.791604 8.859621 0.029730 0.010736 -0.009393 0.999456
1529.000000 -0.075821 -0.791357 9.264480 0.024429 0.007261 -0.009448 0.999631
1530.000000 -0.075558 -0.788235 9.669630 0.021219 0.000859 -0.009578 0.999729
1531.000000 -0.105038 -0.795624 10.073366 0.021451 -0.007202 -0.009731 0.999697
1532.000000 -0.118336 -0.827516 10.476916 0.025086 -0.015638 -0.009861 0.999514
1533.000000 -0.127653 -0.872748 10.880115 0.030843 -0.023578 -0.009950 0.999197
1534.000000 -0.173459 -0.897573 11.281785 0.036926 -0.030354 -0.010005 0.998807
1535.000000 -0.208480 -0.937806 11.683543 0.041681 -0.034949 -0.010031 0.998469
1536.000000 -0.250513 -0.985162 12.083820 0.043810 -0.035674 -0.009988 0.998353
1537.000000 -0.306312 -1.026962 12.483075 0.042259 -0.030385 -0.009792 0.998597
1538.000000 -0.336598 -1.076372 12.883734 0.036224 -0.017196 -0.009345 0.999152
1539.000000 -0.321565 -1.095632 13.289001 0.025396 0.004604 -0.008592 0.999630
1540.000000 -0.288506 -1.077163 13.694309 0.010239 0.033821 -0.007566 0.999347
1541.000000 -0.224251 -1.079906 14.092534 -0.007993 0.067210 -0.006378 0.997686
1542.000000 -0.065527 -1.039934 14.465854 -0.027618 0.100271 -0.005134 0.994564
1543.000000 0.093874 -0.975899 14.833126 -0.047079 0.128867 -0.003850 0.990536
1544.000000 0.207921 -0.899789 15.213314 -0.065414 0.150906 -0.002450 0.986378
1545.000000 0.338812 -0.850154 15.593807 -0.082398 0.167030 -0.000882 0.982502
1546.000000 0.486059 -0.758012 15.959403 -0.098226 0.179868 0.000769 0.978774
1547.000000 0.648467 -0.652790 16.314462 -0.112945 0.192396 0.002255 0.974793
1548.000000 0.767204 -0.542182 16.684255 -0.126091 0.206451 0.003251 0.970293
1549.000000 0.986728 -0.403302 16.996377 -0.136841 0.222255 0.003491 0.965332
1550.000000 1.208713 -0.291674 17.317433 -0.144584 0.238969 0.002887 0.960198
1551.000000 1.368353 -0.184392 17.674317 -0.149362 0.255640 0.001541 0.955163
1552.000000 1.595439 -0.054465 17.985893 -0.151836 0.271764 -0.000339 0.950310
1553.000000 1.834455 0.055531 18.293379 -0.152876 0.287228 -0.002519 0.945580
1554.000000 2.077111 0.169007 18.596614 -0.153209 0.301943 -0.004788 0.940922
1555.000000 2.318488 0.291103 18.898052 -0.153377 0.315696 -0.006949 0.936356
1556.000000 2.575974 0.393933 19.193165 -0.153936 0.328354 -0.008791 0.931885
1557.000000 2.853862 0.494782 19.472538 -0.155663 0.340151 -0.010066 0.927343
1558.000000 3.108346 0.624525 19.759326 -0.159603 0.351709 -0.010466 0.922344
1559.000000 3.373992 0.724405 20.047831 -0.166943 0.363687 -0.009602 0.916389
1560.000000 3.665492 0.846315 20.303267 -0.178692 0.376266 -0.007055 0.909089
1561.000000 3.965040 0.985564 20.537631 -0.195187 0.388920 -0.002530 0.900354
1562.000000 4.268145 1.146191 20.752873 -0.215621 0.400721 0.003876 0.890458
1563.000000 4.545403 1.339401 20.973285 -0.237916 0.411030 0.011448 0.879954
1564.000000 4.828581 1.567865 21.152172 -0.259240 0.420063 0.018881 0.869474
1565.000000 5.112342 1.800513 21.323513 -0.277034 0.428881 0.024661 0.859479
1566.000000 5.406391 2.010996 21.506437 -0.290002 0.438805 0.027675 0.850049
1567.000000 5.697547 2.234578 21.676353 -0.298453 0.450603 0.027714 0.840901
1568.000000 6.007018 2.444490 21.832786 -0.303856 0.463968 0.025563 0.831716
1569.000000 6.345034 2.640503 21.941882 -0.307965 0.477594 0.022606 0.822527
1570.000000 6.672468 2.856517 22.041790 -0.312089 0.489876 0.020183 0.813766
1571.000000 7.002243 3.059448 22.159128 -0.316838 0.499770 0.019076 0.805903
1572.000000 7.306503 3.293897 22.285754 -0.322280 0.507207 0.019384 0.799062
1573.000000 7.638963 3.508310 22.373329 -0.328216 0.512845 0.020745 0.792991
1574.000000 7.970196 3.719078 22.463742 -0.334335 0.517482 0.022648 0.787350
1575.000000 8.281089 3.958892 22.544455 -0.340227 0.521649 0.024607 0.781999
1576.000000 8.592649 4.197761 22.641573 -0.345398 0.525491 0.026234 0.777091
1577.000000 8.919911 4.430380 22.692761 -0.349369 0.528761 0.027329 0.773050
1578.000000 9.245126 4.660358 22.763240 -0.351817 0.530904 0.027939 0.770445
1579.000000 9.586333 4.871102 22.810533 -0.352609 0.531366 0.028246 0.769753
1580.000000 9.885938 5.126254 22.906390 -0.351738 0.530057 0.028295 0.771051
1581.000000 10.201239 5.364070 22.999038 -0.349253 0.527586 0.027828 0.773887
1582.000000 10.535122 5.581957 23.068894 -0.345270 0.525068 0.026386 0.777429
1583.000000 10.854777 5.806938 23.174467 -0.340026 0.523685 0.023571 0.780756
1584.000000 11.182293 6.024335 23.272724 -0.333871 0.524352 0.019210 0.783081
1585.000000 11.501193 6.241956 23.392436 -0.327175 0.527550 0.013358 0.783880
1586.000000 11.845317 6.439723 23.473196 -0.320213 0.533210 0.006263 0.783014
1587.000000 12.192600 6.633117 23.551972 -0.313095 0.540646 -0.001679 0.780814
1588.000000 12.544138 6.810385 23.644145 -0.305795 0.548712 -0.009995 0.778013
1589.000000 12.909223 6.976047 23.698828 -0.298224 0.556220 -0.018281 0.775466
1590.000000 13.265292 7.143815 23.791826 -0.290292 0.562368 -0.026317 0.773809
1591.000000 13.633175 7.295181 23.861693 -0.281948 0.566930 -0.034090 0.773261
1592.000000 14.004939 7.438930 23.930407 -0.273171 0.570129 -0.041723 0.773686
1593.000000 14.369884 7.581039 24.029451 -0.263952 0.572360 -0.049375 0.774788
1594.000000 14.751135 7.695679 24.103368 -0.254274 0.573949 -0.057172 0.776311
1595.000000 15.121514 7.826843 24.200702 -0.244082 0.575028 -0.065204 0.778149
1596.000000 15.501484 7.926729 24.297652 -0.233204 0.575527 -0.073591 0.780365
1597.000000 15.886858 8.017474 24.382711 -0.221248 0.575226 -0.082584 0.783163
1598.000000 16.260420 8.112028 24.510648 -0.207591 0.573830 -0.092597 0.786798
1599.000000 16.647915 8.185276 24.600487 -0.191575 0.571074 -0.104076 0.791417
1600.000000 17.029761 8.237173 24.722393 -0.172881 0.566881 -0.117241 0.796877
1601.000000 17.406445 8.261489 24.868603 -0.151822 0.561564 -0.131887 0.802622
1602.000000 17.779464 8.238074 25.023617 -0.129311 0.555943 -0.147411 0.807760
1603.000000 18.149133 8.239980 25.187547 -0.106468 0.551225 -0.163050 0.811314
1604.000000 18.514438 8.199687 25.358209 -0.084162 0.548643 -0.178159 0.812506
1605.000000 18.877903 8.126763 25.521332 -0.062839 0.549033 -0.192331 0.810940
1606.000000 19.240114 8.059245 25.688019 -0.042665 0.552583 -0.205328 0.806643
1607.000000 19.599255 7.949900 25.839359 -0.023814 0.558830 -0.216969 0.800041
1608.000000 19.968312 7.838655 25.965241 -0.006629 0.566843 -0.227059 0.791890
1609.000000 20.322336 7.701938 26.106549 0.008400 0.575481 -0.235416 0.783154
1610.000000 20.685647 7.559829 26.215572 0.020812 0.583658 -0.241956 0.774834
1611.000000 21.043672 7.399892 26.319056 0.030360 0.590534 -0.246750 0.767764
1612.000000 21.404742 7.256828 26.434680 0.037126 0.595631 -0.250034 0.762449
1613.000000 21.762851 7.102023 26.541874 0.041469 0.598848 -0.252133 0.759006
1614.000000 22.123302 6.950905 26.648951 0.043869 0.600425 -0.253343 0.757220
1615.000000 22.481036 6.793898 26.754784 0.044758 0.600816 -0.253845 0.756690
1616.000000 22.835627 6.641638 26.878380 0.044436 0.600490 -0.253717 0.757010
1617.000000 23.195213 6.490233 26.988122 0.043088 0.599689 -0.253014 0.757958
1618.000000 23.560769 6.352395 27.095543 0.040801 0.598290 -0.251832 0.759582
1619.000000 23.919651 6.197720 27.202698 0.037572 0.595867 -0.250283 0.762161
1620.000000 24.280350 6.061924 27.327595 0.033301 0.591960 -0.248413 0.766006
1621.000000 24.641647 5.927200 27.451483 0.027867 0.586400 -0.246164 0.771208
1622.000000 25.003405 5.803642 27.585764 0.021289 0.579572 -0.243422 0.777425
1623.000000 25.360694 5.680604 27.731684 0.013920 0.572480 -0.240156 0.783835
1624.000000 25.716809 5.590139 27.902682 0.006584 0.566512 -0.236600 0.789330
1625.000000 26.071282 5.500356 28.077261 0.000616 0.562811 -0.233427 0.792941
1626.000000 26.437241 5.405730 28.221595 -0.002205 0.561535 -0.231821 0.794313
1627.000000 26.810459 5.321947 28.355399 0.000137 0.561532 -0.233354 0.793869
1628.000000 27.181243 5.215379 28.477451 0.009439 0.560911 -0.239534 0.792410
1629.000000 27.545329 5.116833 28.620387 0.026589 0.558232 -0.251123 0.790321
1630.000000 27.870642 4.953230 28.800863 0.050941 0.553507 -0.267524 0.787062
1631.000000 28.156238 4.722251 28.982441 0.080258 0.548246 -0.286721 0.781521
1632.000000 28.453358 4.500364 29.144591 0.111387 0.544451 -0.305978 0.773009
1633.000000 28.735764 4.243392 29.277904 0.141232 0.543201 -0.322961 0.762026
1634.000000 28.998760 3.969207 29.421469 0.167386 0.543829 -0.336578 0.750298
1635.000000 29.269040 3.686483 29.524590 0.188211 0.544198 -0.347070 0.740249
1636.000000 29.510076 3.372641 29.617880 0.202671 0.541747 -0.355446 0.734229
1637.000000 29.764732 3.083335 29.739061 0.210301 0.534602 -0.362758 0.733744
1638.000000 30.015508 2.805864 29.893347 0.211322 0.522195 -0.369607 0.738949
1639.000000 30.228936 2.510943 30.076038 0.206687 0.505245 -0.376078 0.748715
1640.000000 30.471677 2.255158 30.273690 0.197844 0.485233 -0.381973 0.761252
1641.000000 30.709730 2.007541 30.487935 0.186310 0.463716 -0.387094 0.774864
1642.000000 30.914532 1.750808 30.727466 0.173310 0.441869 -0.391368 0.788382
1643.000000 31.138874 1.537066 30.988271 0.159656 0.420402 -0.394830 0.801175
1644.000000 31.345100 1.313024 31.256657 0.145847 0.399678 -0.397568 0.812973
1645.000000 31.550883 1.127590 31.551205 0.132180 0.379788 -0.399709 0.823724
1646.000000 31.757234 0.939696 31.845085 0.118774 0.360540 -0.401407 0.833532
1647.000000 31.944860 0.753406 32.151006 0.105504 0.341523 -0.402781 0.842614
1648.000000 32.134870 0.602374 32.474653 0.091980 0.322337 -0.403847 0.851203
1649.000000 32.317729 0.458087 32.805789 0.077608 0.302910 -0.404467 0.859435
1650.000000 32.476470 0.329793 33.155427 0.061714 0.283693 -0.404381 0.867287
1651.000000 32.644301 0.220686 33.507821 0.043755 0.265541 -0.403316 0.874591
1652.000000 32.791380 0.139279 33.875358 0.023630 0.249335 -0.401147 0.881110
1653.000000 32.953908 0.081184 34.240483 0.001982 0.235545 -0.398013 0.886623
1654.000000 33.146164 0.047843 34.595482 -0.019774 0.224075 -0.394313 0.891020
1655.000000 33.307213 0.035098 34.967594 -0.039876 0.214452 -0.390564 0.894360
1656.000000 33.466599 0.030824 35.339635 -0.056960 0.206113 -0.387199 0.896855
1657.000000 33.649928 0.044824 35.700791 -0.070715 0.198431 -0.384399 0.898811
1658.000000 33.789754 0.042748 36.080890 -0.082069 0.190457 -0.382030 0.900580
1659.000000 33.966844 0.042962 36.445046 -0.092773 0.180825 -0.379724 0.902499
1660.000000 34.146759 0.058596 36.807591 -0.104561 0.168244 -0.377059 0.904758
1661.000000 34.271480 0.098775 37.191695 -0.118273 0.152469 -0.373770 0.907227
1662.000000 34.397046 0.195977 37.564317 -0.133418 0.134984 -0.369926 0.909469
1663.000000 34.494864 0.297549 37.944216 -0.148420 0.118687 -0.365977 0.911014
1664.000000 34.616380 0.420726 38.310793 -0.161385 0.106573 -0.362587 0.911662
1665.000000 34.726915 0.534760 38.688154 -0.170925 0.100254 -0.360300 0.911547
1666.000000 34.855946 0.636274 39.051246 -0.176578 0.099306 -0.359266 0.910981
1667.000000 34.995096 0.734253 39.421278 -0.178732 0.101754 -0.359234 0.910303
1668.000000 35.136252 0.838362 39.786239 -0.178266 0.105230 -0.359768 0.909788
1669.000000 35.268071 0.928582 40.158481 -0.176179 0.108033 -0.360482 0.909584
1670.000000 35.393471 1.027018 40.530900 -0.173373 0.109550 -0.361149 0.909677
1671.000000 35.528873 1.109743 40.903346 -0.170547 0.109998 -0.361682 0.909945
1672.000000 35.650531 1.202573 41.278631 -0.168099 0.109847 -0.362075 0.910263
1673.000000 35.781442 1.286112 41.652796 -0.166037 0.109326 -0.362358 0.910591
1674.000000 35.922450 1.386222 42.019153 -0.164027 0.108292 -0.362571 0.910994
1675.000000 36.044721 1.466244 42.396959 -0.161611 0.106378 -0.362745 0.911582
1676.000000 36.166625 1.560940 42.771425 -0.158509 0.103230 -0.362883 0.912433
1677.000000 36.284698 1.638584 43.151123 -0.154812 0.098647 -0.362941 0.913551
1678.000000 36.396903 1.725943 43.530516 -0.150935 0.092599 -0.362847 0.914869
1679.000000 36.496543 1.788347 43.917979 -0.147339 0.085237 -0.362547 0.916289
1680.000000 36.587849 1.889026 44.299231 -0.144189 0.076932 -0.362057 0.917718
1681.000000 36.680321 1.967204 44.685802 -0.141132 0.068327 -0.361493 0.919095
1682.000000 36.753017 2.075827 45.069220 -0.137301 0.060325 -0.361055 0.920407
1683.000000 36.827330 2.140327 45.462634 -0.131473 0.053975 -0.360986 0.921678
1684.000000 36.890957 2.244300 45.848450 -0.122237 0.050210 -0.361507 0.922957
1685.000000 36.944470 2.314628 46.243949 -0.108078 0.049353 -0.362738 0.924286
1686.000000 37.012903 2.374358 46.638060 -0.087436 0.050478 -0.364619 0.925667
1687.000000 37.074516 2.396508 47.037976 -0.058901 0.051077 -0.366901 0.926987
1688.000000 37.169313 2.377605 47.432404 -0.021664 0.047668 -0.369228 0.927863
1689.000000 37.214410 2.332540 47.832328 0.023887 0.037481 -0.371254 0.927467
1690.000000 37.173766 2.262811 48.228692 0.075754 0.020408 -0.372671 0.924641
1691.000000 37.061768 2.094598 48.581891 0.130532 -0.000171 -0.373135 0.918549
1692.000000 36.936393 1.970015 48.950462 0.184371 -0.018528 -0.372172 0.909479
1693.000000 36.805142 1.809292 49.289471 0.234353 -0.029047 -0.369166 0.898861
1694.000000 36.668082 1.554839 49.576583 0.279641 -0.028321 -0.363421 0.888214
1695.000000 36.548549 1.302248 49.873094 0.321715 -0.015686 -0.354224 0.877940
1696.000000 36.476451 1.112814 50.225790 0.363259 0.007568 -0.340966 0.867022
1697.000000 36.419902 0.834337 50.490488 0.405928 0.039266 -0.323382 0.853876
1698.000000 36.345332 0.437030 50.599659 0.448420 0.076833 -0.301832 0.837803
1699.000000 36.331831 0.066728 50.760414 0.486605 0.117216 -0.277521 0.820035
1700.000000 36.349252 -0.315014 50.877697 0.515893 0.156849 -0.252469 0.803438
1701.000000 36.423545 -0.708167 50.939152 0.533843 0.192142 -0.229109 0.790950
1702.000000 36.530184 -1.072873 51.083235 0.540970 0.220275 -0.209622 0.784149
1703.000000 36.600071 -1.456629 51.183882 0.539604 0.239806 -0.195328 0.783050
1704.000000 36.717150 -1.829623 51.289519 0.532143 0.250796 -0.186395 0.786881
1705.000000 36.785239 -2.207994 51.413261 0.520043 0.254484 -0.181964 0.794785
1706.000000 36.900391 -2.564592 51.565751 0.503885 0.252773 -0.180572 0.805977
1707.000000 36.988140 -2.917118 51.742640 0.484011 0.247787 -0.180635 0.819577
1708.000000 37.064211 -3.259564 51.945632 0.461057 0.241510 -0.180827 0.834506
1709.000000 37.158334 -3.580474 52.173073 0.436048 0.235509 -0.180295 0.849642
1710.000000 37.283951 -3.874477 52.421739 0.410154 0.230781 -0.178678 0.864053
1711.000000 37.376204 -4.182132 52.668342 0.384371 0.227800 -0.175960 0.877157
1712.000000 37.491891 -4.455414 52.950230 0.359331 0.226699 -0.172279 0.888712
1713.000000 37.610542 -4.709096 53.236629 0.335318 0.227443 -0.167793 0.898709
1714.000000 37.742839 -4.956734 53.526595 0.312410 0.229946 -0.162643 0.907233
1715.000000 37.899304 -5.190382 53.818722 0.290627 0.234175 -0.156922 0.914371
1716.000000 38.028517 -5.409323 54.133758 0.269979 0.240248 -0.150660 0.920160
1717.000000 38.196447 -5.610658 54.441814 0.250408 0.248415 -0.143831 0.924607
1718.000000 38.368742 -5.798159 54.756382 0.231701 0.258867 -0.136396 0.927739
1719.000000 38.553689 -5.980711 55.066526 0.213458 0.271540 -0.128340 0.929640
1720.000000 38.768413 -6.144525 55.367831 0.195124 0.286133 -0.119651 0.930451
1721.000000 38.985591 -6.299607 55.672621 0.176060 0.302397 -0.110238 0.930272
1722.000000 39.221231 -6.433212 55.972040 0.155563 0.320478 -0.099854 0.929044
1723.000000 39.465537 -6.535913 56.277096 0.132832 0.341047 -0.088074 0.926437
1724.000000 39.737251 -6.638444 56.557873 0.106963 0.365114 -0.074351 0.921804
1725.000000 40.028136 -6.720501 56.825791 0.077091 0.393588 -0.058163 0.914200
1726.000000 40.338374 -6.736512 57.085813 0.042737 0.426707 -0.039257 0.902526
1727.000000 40.680532 -6.734274 57.301230 0.004226 0.463504 -0.017904 0.885904
1728.000000 41.045876 -6.681255 57.465995 -0.037021 0.501585 0.004968 0.864302
1729.000000 41.417349 -6.566369 57.578514 -0.078501 0.537532 0.027883 0.839118
1730.000000 41.786312 -6.419071 57.654620 -0.117036 0.567920 0.049140 0.813237
1731.000000 42.153595 -6.256195 57.703319 -0.149453 0.590428 0.067176 0.790282
1732.000000 42.511122 -6.072955 57.750135 -0.173312 0.604341 0.080816 0.773436
1733.000000 42.862115 -5.881588 57.812000 -0.187387 0.610247 0.089431 0.764518
1734.000000 43.219176 -5.697568 57.861163 -0.191776 0.609321 0.093035 0.763737
1735.000000 43.582555 -5.533962 57.933014 -0.187704 0.602785 0.092273 0.770002
1736.000000 43.945364 -5.392410 58.042253 -0.177099 0.591789 0.088186 0.781438
1737.000000 44.305280 -5.261391 58.169721 -0.162064 0.577566 0.081849 0.795898
1738.000000 44.655366 -5.143498 58.333892 -0.144435 0.561487 0.074109 0.811405
1739.000000 45.002471 -5.005542 58.498640 -0.125662 0.544824 0.065613 0.826481
1740.000000 45.358921 -4.950438 58.675359 -0.107002 0.528381 0.057022 0.840305
1741.000000 45.706912 -4.907807 58.877283 -0.089672 0.512351 0.049080 0.852670
1742.000000 46.055334 -4.868923 59.078907 -0.074642 0.496559 0.042393 0.863748
1743.000000 46.374743 -4.792533 59.315576 -0.062221 0.480890 0.037128 0.873782
1744.000000 46.698520 -4.747736 59.552996 -0.051916 0.465553 0.032961 0.882881
1745.000000 47.015576 -4.713074 59.801969 -0.042823 0.451006 0.029353 0.891010
1746.000000 47.327659 -4.689644 60.059036 -0.034224 0.437647 0.025905 0.898122
1747.000000 47.631788 -4.667989 60.325154 -0.025873 0.425531 0.022502 0.904294
1748.000000 47.933845 -4.657395 60.594221 -0.017842 0.414319 0.019203 0.909754
1749.000000 48.228130 -4.643180 60.871145 -0.010228 0.403484 0.016076 0.914788
1750.000000 48.515943 -4.646867 61.154227 -0.003042 0.392663 0.013133 0.919584
1751.000000 48.791592 -4.654685 61.450139 0.003694 0.381936 0.010374 0.924123
1752.000000 49.065052 -4.665100 61.748252 0.009829 0.371870 0.007854 0.928200
1753.000000 49.331202 -4.681565 62.052671 0.015098 0.363262 0.005684 0.931548
1754.000000 49.578649 -4.702697 62.371409 0.019237 0.356757 0.003977 0.933991
1755.000000 49.860105 -4.716796 62.662084 0.022041 0.352619 0.002823 0.935503
1756.000000 49.981687 -4.720573 62.823397 0.022876 0.351445 0.002480 0.935926
1757.000000 49.721968 -4.713967 62.514045 0.020819 0.354388 0.003326 0.934861
1758.000000 49.457671 -4.692844 62.209700 0.017322 0.359721 0.004766 0.932887
1759.000000 49.194902 -4.672658 61.903124 0.012589 0.367335 0.006718 0.929979
1760.000000 48.931435 -4.655484 61.596576 0.006852 0.376771 0.009078 0.926236
1761.000000 48.661430 -4.650100 61.295369 0.000388 0.387262 0.011728 0.921895
1762.000000 48.375268 -4.645868 61.009258 -0.006582 0.398079 0.014582 0.917212
1763.000000 48.086310 -4.653450 60.727167 -0.013981 0.408885 0.017616 0.912309
1764.000000 47.778039 -4.666161 60.465165 -0.021809 0.419845 0.020834 0.907095
1765.000000 47.476766 -4.683300 60.195708 -0.030016 0.431447 0.024196 0.901314
1766.000000 47.172779 -4.699004 59.928724 -0.038488 0.444164 0.027623 0.894692
1767.000000 46.861085 -4.733513 59.672513 -0.047273 0.458150 0.031118 0.887071
1768.000000 46.540061 -4.766152 59.428202 -0.056858 0.473154 0.034941 0.878448
1769.000000 46.217335 -4.826662 59.193172 -0.068120 0.488705 0.039594 0.868884
1770.000000 45.883167 -4.881266 58.973964 -0.081830 0.504439 0.045556 0.858353
1771.000000 45.533345 -4.932922 58.776675 -0.098099 0.520322 0.052925 0.846665
1772.000000 45.176082 -4.981224 58.593671 -0.116241 0.536550 0.061283 0.833574
1773.000000 44.838899 -5.090581 58.400542 -0.135111 0.553164 0.069916 0.819064
1774.000000 44.484551 -5.205819 58.247200 -0.153475 0.569672 0.078111 0.803628
1775.000000 44.125875 -5.327381 58.106636 -0.170011 0.584997 0.085239 0.788422
1776.000000 43.763153 -5.459312 57.986207 -0.183085 0.597771 0.090574 0.775207
1777.000000 43.401331 -5.616039 57.894995 -0.190688 0.606682 0.093140 0.766094
1778.000000 43.043249 -5.794365 57.836656 -0.190738 0.610559 0.091832 0.763154
1779.000000 42.685874 -5.975512 57.781175 -0.181597 0.608227 0.085766 0.767937
1780.000000 42.330960 -6.160667 57.723656 -0.162560 0.598445 0.074599 0.780944
1781.000000 41.972467 -6.344693 57.683377 -0.134186 0.580241 0.058645 0.801171
1782.000000 41.605127 -6.505284 57.623422 -0.098344 0.553602 0.038823 0.826043
1783.000000 41.231225 -6.627359 57.527143 -0.057922 0.520053 0.016526 0.852007
1784.000000 40.860503 -6.715526 57.391962 -0.016190 0.482583 -0.006575 0.875676
1785.000000 40.507604 -6.733637 57.197187 0.023939 0.444763 -0.028844 0.894864
1786.000000 40.182316 -6.732751 56.956631 0.060478 0.409594 -0.049048 0.908939
1787.000000 39.883922 -6.690412 56.686169 0.092572 0.378763 -0.066590 0.918442
1788.000000 39.600690 -6.599993 56.412623 0.120348 0.352578 -0.081491 0.924427
1789.000000 39.338159 -6.475866 56.131597 0.144531 0.330392 -0.094171 0.927946
1790.000000 39.106653 -6.378002 55.814687 0.166038 0.311180 -0.105190 0.929803
1791.000000 38.878157 -6.220967 55.519953 0.185726 0.294059 -0.115046 0.930483
1792.000000 38.656724 -6.059715 55.222107 0.204341 0.278617 -0.124078 0.930173
1793.000000 38.463231 -5.894477 54.907313 0.222553 0.264941 -0.132446 0.928835
1794.000000 38.281439 -5.708119 54.597535 0.240967 0.253352 -0.140191 0.926334
1795.000000 38.108475 -5.508021 54.290610 0.260068 0.244053 -0.147319 0.922551
1796.000000 37.961920 -5.291707 53.982241 0.280162 0.236967 -0.153859 0.917433
1797.000000 37.826958 -5.080699 53.662899 0.301377 0.231841 -0.159850 0.910972
1798.000000 37.674337 -4.841715 53.374656 0.323724 0.228479 -0.165294 0.903149
1799.000000 37.558565 -4.583142 53.094908 0.347188 0.226845 -0.170127 0.893901
1800.000000 37.424768 -4.313100 52.811027 0.371734 0.227014 -0.174230 0.883132
1801.000000 37.332699 -4.028088 52.543742 0.397200 0.229058 -0.177450 0.870790
1802.000000 37.222321 -3.731724 52.291559 0.423142 0.232945 -0.179628 0.856983
1803.000000 37.112312 -3.421465 52.056350 0.448736 0.238399 -0.180684 0.842114
1804.000000 37.030235 -3.085434 51.848044 0.472862 0.244700 -0.180780 0.826947
1805.000000 36.928562 -2.746515 51.651332 0.494383 0.250559 -0.180514 0.812540
1806.000000 36.857340 -2.383866 51.486654 0.512452 0.254171 -0.180990 0.800020
1807.000000 36.749637 -2.021695 51.344718 0.526623 0.253444 -0.183699 0.790373
1808.000000 36.666810 -1.641329 51.234054 0.536518 0.246313 -0.190225 0.784406
1809.000000 36.556082 -1.269171 51.128741 0.541183 0.231145 -0.201788 0.782927
1810.000000 36.477489 -0.888270 51.016243 0.538635 0.207230 -0.218773 0.786808
1811.000000 36.407371 -0.510382 50.902616 0.526316 0.175242 -0.240427 0.796541
1812.000000 36.318447 -0.122575 50.832112 0.502585 0.137359 -0.264938 0.811387
1813.000000 36.334792 0.248193 50.670600 0.468363 0.096887 -0.289912 0.828975
1814.000000 36.377124 0.638462 50.549206 0.427408 0.057493 -0.313048 0.846178
1815.000000 36.456265 0.998104 50.389278 0.384454 0.022514 -0.332710 0.860809
1816.000000 36.503841 1.204578 50.043538 0.342397 -0.005262 -0.348131 0.872664
1817.000000 36.604554 1.421597 49.719429 0.300918 -0.023444 -0.359297 0.883066
1818.000000 36.735992 1.688546 49.436087 0.257540 -0.030190 -0.366681 0.893480
1819.000000 36.872408 1.903765 49.128331 0.209954 -0.025047 -0.370967 0.904254
1820.000000 36.998826 2.026686 48.764906 0.157790 -0.010012 -0.372867 0.914315
1821.000000 37.124839 2.185843 48.407962 0.103025 0.010227 -0.373048 0.922018
1822.000000 37.198010 2.293414 48.030359 0.049218 0.029672 -0.372058 0.926429
1823.000000 37.204156 2.361174 47.632649 0.000158 0.043510 -0.370298 0.927893
1824.000000 37.120795 2.390557 47.235173 -0.041381 0.050088 -0.368082 0.927521
1825.000000 37.043460 2.390940 46.837738 -0.074227 0.051053 -0.365731 0.926350
1826.000000 36.969327 2.347690 46.442024 -0.098663 0.049789 -0.363608 0.924973
1827.000000 36.926358 2.279333 46.044933 -0.115871 0.049440 -0.362032 0.923614
1828.000000 36.853128 2.198434 45.654920 -0.127373 0.051728 -0.361162 0.922314
1829.000000 36.794239 2.106979 45.265573 -0.134722 0.056878 -0.360959 0.921045
1830.000000 36.709858 2.022121 44.878616 -0.139384 0.064187 -0.361243 0.919758
1831.000000 36.636692 1.928300 44.492094 -0.142692 0.072616 -0.361774 0.918415
1832.000000 36.548656 1.832104 44.108710 -0.145717 0.081169 -0.362321 0.917007
1833.000000 36.450844 1.757547 43.723063 -0.149081 0.089065 -0.362724 0.915573
1834.000000 36.337944 1.681245 43.341854 -0.152864 0.095801 -0.362917 0.914191
1835.000000 36.227514 1.597531 42.961164 -0.156714 0.101123 -0.362926 0.912962
1836.000000 36.107838 1.509820 42.584407 -0.160149 0.104975 -0.362820 0.911973
1837.000000 35.979400 1.430590 42.208393 -0.162895 0.107470 -0.362661 0.911259
1838.000000 35.854859 1.335716 41.834966 -0.165055 0.108894 -0.362471 0.910776
1839.000000 35.713697 1.244991 41.466264 -0.167034 0.109634 -0.362228 0.910423
1840.000000 35.589679 1.156362 41.091007 -0.169266 0.109974 -0.361895 0.910103
1841.000000 35.459806 1.070038 40.717117 -0.171929 0.109877 -0.361434 0.909798
1842.000000 35.335781 0.972629 40.344287 -0.174816 0.108952 -0.360830 0.909599
1843.000000 35.202989 0.887116 39.971123 -0.177365 0.106779 -0.360121 0.909644
1844.000000 35.067234 0.782314 39.604185 -0.178764 0.103494 -0.359458 0.910012
1845.000000 34.923285 0.686007 39.237114 -0.178044 0.100259 -0.359151 0.910637
1846.000000 34.791539 0.586751 38.868654 -0.174229 0.099208 -0.359634 0.911299
1847.000000 34.661788 0.472924 38.500225 -0.166635 0.102668 -0.361285 0.911682
1848.000000 34.556062 0.360257 38.128424 -0.155263 0.111961 -0.364171 0.911448
1849.000000 34.449615 0.244595 37.753943 -0.141058 0.126483 -0.367925 0.910349
1850.000000 34.339308 0.145091 37.376852 -0.125747 0.143780 -0.371898 0.908409
1851.000000 34.214363 0.072895 36.998707 -0.111175 0.160706 -0.375497 0.905989
1852.000000 34.064494 0.050023 36.622367 -0.098450 0.174955 -0.378459 0.903586
1853.000000 33.870540 0.040552 36.266657 -0.087382 0.185941 -0.380897 0.901503
1854.000000 33.722636 0.045616 35.889513 -0.076593 0.194559 -0.383180 0.899696
1855.000000 33.561044 0.038659 35.519111 -0.064223 0.202238 -0.385730 0.897879
1856.000000 33.379732 0.025805 35.156444 -0.048845 0.210157 -0.388815 0.895696
1857.000000 33.231338 0.043392 34.779690 -0.030135 0.219067 -0.392413 0.892812
1858.000000 33.053370 0.059855 34.415886 -0.008992 0.229544 -0.396202 0.888961
1859.000000 32.858664 0.101829 34.062638 0.012924 0.242131 -0.399681 0.884003
1860.000000 32.720045 0.167071 33.688021 0.033943 0.257152 -0.402368 0.877964
1861.000000 32.565622 0.273671 33.328452 0.053013 0.274424 -0.403984 0.871021
1862.000000 32.402833 0.394011 32.978276 0.069891 0.293228 -0.404531 0.863416
1863.000000 32.220590 0.523567 32.640215 0.084942 0.312638 -0.404227 0.855361
1864.000000 32.049897 0.680591 32.308063 0.098807 0.331966 -0.403357 0.846958
1865.000000 31.846516 0.837165 31.995315 0.112140 0.351032 -0.402130 0.838149
1866.000000 31.656172 1.039672 31.700502 0.125446 0.370106 -0.400604 0.828735
1867.000000 31.446394 1.212955 31.400141 0.138983 0.389634 -0.398704 0.818477
1868.000000 31.244155 1.424565 31.120562 0.152748 0.409936 -0.396282 0.807206
1869.000000 31.025305 1.641137 30.856456 0.166528 0.431059 -0.393196 0.794892
1870.000000 30.812121 1.875872 30.604575 0.179933 0.452779 -0.389336 0.781685
1871.000000 30.598768 2.136694 30.377644 0.192327 0.474577 -0.384638 0.768011
1872.000000 30.342858 2.374960 30.173773 0.202693 0.495519 -0.379112 0.754752
1873.000000 30.122736 2.657056 29.981988 0.209628 0.514205 -0.372899 0.743368
1874.000000 29.898501 2.949928 29.811839 0.211594 0.529037 -0.366225 0.735681
1875.000000 29.632048 3.221554 29.674732 0.207344 0.538831 -0.359184 0.733251
1876.000000 29.391561 3.529907 29.568000 0.196280 0.543469 -0.351450 0.736613
1877.000000 29.135914 3.835415 29.485328 0.178542 0.544210 -0.342161 0.744906
1878.000000 28.866756 4.103538 29.345718 0.154889 0.543389 -0.330202 0.756111
1879.000000 28.599912 4.378933 29.212654 0.126640 0.543506 -0.314856 0.767743
1880.000000 28.298588 4.607618 29.068906 0.095801 0.546062 -0.296510 0.777638
1881.000000 28.018440 4.842539 28.891309 0.065166 0.550813 -0.276940 0.784642
1882.000000 27.712887 5.047061 28.710703 0.037972 0.556058 -0.258820 0.788904
1883.000000 27.367955 5.160042 28.532745 0.017033 0.559868 -0.244654 0.791456
1884.000000 26.994490 5.272161 28.424567 0.003832 0.561414 -0.235789 0.793223
1885.000000 26.625516 5.369040 28.286690 -0.001804 0.561488 -0.232092 0.794268
1886.000000 26.250182 5.445657 28.154848 -0.001312 0.561914 -0.232335 0.793897
1887.000000 25.894254 5.547980 27.991058 0.003327 0.564338 -0.234904 0.791412
1888.000000 25.538954 5.632468 27.815199 0.010176 0.569269 -0.238384 0.786767
1889.000000 25.181906 5.740940 27.658019 0.017664 0.575976 -0.241848 0.780673
1890.000000 24.820280 5.862563 27.522018 0.024709 0.583095 -0.244861 0.774230
1891.000000 24.460293 5.996487 27.393362 0.030734 0.589378 -0.247343 0.768447
1892.000000 24.100143 6.126456 27.261042 0.035576 0.594120 -0.249389 0.763911
1893.000000 23.740609 6.275561 27.148386 0.039309 0.597239 -0.251098 0.760730
1894.000000 23.378349 6.422363 27.042159 0.042060 0.599086 -0.252476 0.758672
1895.000000 23.014098 6.563267 26.933775 0.043883 0.600148 -0.253433 0.757409
1896.000000 22.658735 6.720277 26.820150 0.044735 0.600720 -0.253857 0.756763
1897.000000 22.304083 6.868091 26.695526 0.044480 0.600737 -0.253676 0.756826
1898.000000 21.942376 7.028728 26.599399 0.042882 0.599816 -0.252834 0.757929
1899.000000 21.585627 7.176234 26.478976 0.039571 0.597467 -0.251211 0.760500
1900.000000 21.222984 7.332534 26.384736 0.034073 0.593320 -0.248561 0.764871
1901.000000 20.865518 7.482818 26.267730 0.025947 0.587298 -0.244560 0.771102
1902.000000 20.502398 7.624796 26.157853 0.014956 0.579687 -0.238913 0.778884
1903.000000 20.147855 7.777237 26.036517 0.001187 0.571156 -0.231462 0.787531
1904.000000 19.783885 7.893195 25.900578 -0.014985 0.562686 -0.222220 0.796102
1905.000000 19.422366 8.011870 25.762622 -0.033058 0.555420 -0.211330 0.803589
1906.000000 19.059344 8.105801 25.608768 -0.052601 0.550428 -0.198988 0.809115
1907.000000 18.698306 8.163680 25.434997 -0.073364 0.548438 -0.185380 0.812076
1908.000000 18.331032 8.221279 25.274794 -0.095210 0.549602 -0.170702 0.812240
1909.000000 17.961763 8.247799 25.111338 -0.117867 0.553389 -0.155261 0.809791
1910.000000 17.596398 8.255664 24.938363 -0.140677 0.558721 -0.139587 0.805330
1911.000000 17.219882 8.255527 24.789906 -0.162600 0.564323 -0.124410 0.799764
1912.000000 16.841983 8.214248 24.650204 -0.182560 0.569149 -0.110449 0.794067
1913.000000 16.453731 8.152496 24.553103 -0.199911 0.572634 -0.098131 0.788984
1914.000000 16.075030 8.068163 24.437720 -0.214677 0.574684 -0.087433 0.784862
1915.000000 15.695055 7.967465 24.340800 -0.227396 0.575494 -0.077989 0.781675
1916.000000 15.308863 7.879159 24.257696 -0.238748 0.575361 -0.069342 0.779199
1917.000000 14.933142 7.764157 24.160096 -0.249249 0.574552 -0.061153 0.777191
1918.000000 14.558462 7.642021 24.072156 -0.259172 0.573221 -0.053249 0.775508
1919.000000 14.182042 7.515340 23.992846 -0.268617 0.571341 -0.045537 0.774171
1920.000000 13.816929 7.370179 23.899787 -0.277615 0.568676 -0.037914 0.773369
1921.000000 13.454425 7.211211 23.816562 -0.286174 0.564841 -0.030231 0.773398
1922.000000 13.084232 7.069552 23.737643 -0.294307 0.559491 -0.022335 0.774503
1923.000000 12.726953 6.894990 23.665727 -0.302050 0.552599 -0.014160 0.776660
1924.000000 12.373411 6.714936 23.592576 -0.309473 0.544679 -0.005818 0.779434
1925.000000 12.018966 6.534336 23.517204 -0.316672 0.536771 0.002368 0.782042
1926.000000 11.671947 6.343130 23.433287 -0.323716 0.530101 0.009944 0.783646
1927.000000 11.335517 6.141203 23.334085 -0.330570 0.525625 0.016459 0.783691
1928.000000 11.013818 5.923253 23.221585 -0.337038 0.523721 0.021585 0.782084
1929.000000 10.691924 5.697344 23.124536 -0.342786 0.524169 0.025167 0.779174
1930.000000 10.371391 5.466790 23.037919 -0.347437 0.526256 0.027258 0.775628
1931.000000 10.037771 5.252937 22.952376 -0.350692 0.528904 0.028153 0.772323
1932.000000 9.741269 4.991836 22.861345 -0.352379 0.530912 0.028312 0.770169
1933.000000 9.420439 4.762467 22.767689 -0.352422 0.531366 0.028121 0.769843
1934.000000 9.084281 4.540891 22.737798 -0.350796 0.530013 0.027683 0.771532
1935.000000 8.753223 4.317655 22.674160 -0.347558 0.527228 0.026851 0.774928
1936.000000 8.431199 4.082774 22.599701 -0.342935 0.523617 0.025480 0.779469
1937.000000 8.142612 3.822435 22.479922 -0.337339 0.519606 0.023648 0.784636
1938.000000 7.800723 3.620181 22.420818 -0.331275 0.515247 0.021661 0.790132
1939.000000 7.469285 3.401569 22.340163 -0.325203 0.510198 0.019964 0.795953
1940.000000 7.149597 3.175035 22.235759 -0.319481 0.503765 0.019069 0.802365
1941.000000 6.839204 2.957646 22.096024 -0.314372 0.495148 0.019444 0.809704
1942.000000 6.512622 2.742497 21.991672 -0.309971 0.483990 0.021262 0.818059
1943.000000 6.173269 2.545219 21.890883 -0.305975 0.470852 0.024093 0.827102
1944.000000 5.849378 2.337711 21.762639 -0.301422 0.457154 0.026833 0.836322
1945.000000 5.550664 2.129771 21.584669 -0.294718 0.444461 0.028038 0.845464
1946.000000 5.256994 1.907723 21.416375 -0.284138 0.433635 0.026551 0.854705
1947.000000 4.974292 1.679980 21.236948 -0.268697 0.424413 0.022064 0.864401
1948.000000 4.686086 1.455754 21.062236 -0.248880 0.415655 0.015278 0.874675
1949.000000 4.408275 1.233526 20.868019 -0.226706 0.406072 0.007586 0.885242
1950.000000 4.117446 1.061418 20.647542 -0.205015 0.394982 0.000467 0.895521
1951.000000 3.809798 0.918418 20.425614 -0.186366 0.382639 -0.005046 0.904892
1952.000000 3.521223 0.779837 20.176821 -0.172224 0.369918 -0.008563 0.912922
1953.000000 3.233275 0.674526 19.910512 -0.162776 0.357618 -0.010218 0.919516
1954.000000 2.987666 0.561139 19.609808 -0.157282 0.345913 -0.010398 0.924931
1955.000000 2.714914 0.441210 19.334157 -0.154594 0.334328 -0.009517 0.929643
1956.000000 2.442134 0.346160 19.048237 -0.153566 0.322158 -0.007924 0.934114
1957.000000 2.205210 0.225746 18.743553 -0.153282 0.308954 -0.005895 0.938625
1958.000000 1.946566 0.115931 18.450243 -0.153095 0.294691 -0.003655 0.943242
1959.000000 1.722839 -0.002520 18.135401 -0.152485 0.279581 -0.001405 0.947935
1960.000000 1.473089 -0.116848 17.835078 -0.150832 0.263782 0.000653 0.952716
1961.000000 1.289899 -0.241830 17.495555 -0.147313 0.247354 0.002295 0.957658
1962.000000 1.099363 -0.345666 17.155854 -0.141103 0.230565 0.003292 0.962766
1963.000000 0.869300 -0.470792 16.843384 -0.131816 0.214173 0.003475 0.967855
1964.000000 0.698803 -0.609582 16.506856 -0.119764 0.199183 0.002834 0.972612
1965.000000 0.572604 -0.699891 16.133688 -0.105740 0.186018 0.001553 0.976839
1966.000000 0.408982 -0.810529 15.779362 -0.090444 0.173661 -0.000055 0.980644
1967.000000 0.272788 -0.877024 15.404182 -0.074067 0.159573 -0.001685 0.984402
1968.000000 0.153172 -0.935842 15.021954 -0.056417 0.140728 -0.003169 0.988434
1969.000000 0.018250 -1.010704 14.648755 -0.037447 0.115320 -0.004501 0.992612
1970.000000 -0.149281 -1.063261 14.281439 -0.017738 0.084071 -0.005759 0.996285
1971.000000 -0.272080 -1.081671 13.896328 0.001407 0.050262 -0.006984 0.998711
1972.000000 -0.304171 -1.089659 13.492206 0.018296 0.018444 -0.008107 0.999630
1973.000000 -0.334479 -1.091909 13.085776 0.031400 -0.007348 -0.009007 0.999439
1974.000000 -0.322831 -1.047968 12.683843 0.039837 -0.024860 -0.009605 0.998851
1975.000000 -0.277025 -1.007375 12.283470 0.043552 -0.033916 -0.009916 0.998426
1976.000000 -0.227714 -0.961514 11.883890 0.043144 -0.035925 -0.010023 0.998372
1977.000000 -0.191772 -0.915662 11.482739 0.039558 -0.033013 -0.010023 0.998621
1978.000000 -0.149466 -0.885606 11.081019 0.033955 -0.027161 -0.009981 0.999004
1979.000000 -0.119530 -0.851561 10.678678 0.027809 -0.019710 -0.009910 0.999370
1980.000000 -0.116147 -0.806806 10.275066 0.022901 -0.011438 -0.009801 0.999624
1981.000000 -0.083498 -0.794381 9.871893 0.020872 -0.003053 -0.009655 0.999731
1982.000000 -0.076315 -0.782632 9.466906 0.022450 0.004356 -0.009506 0.999693
1983.000000 -0.076301 -0.798536 9.062113 0.026942 0.009421 -0.009408 0.999548
1984.000000 -0.077629 -0.786252 8.656977 0.032519 0.011181 -0.009404 0.999364
1985.000000 -0.106557 -0.769898 8.253258 0.037168 0.009797 -0.009499 0.999216
1986.000000 -0.146681 -0.715847 7.853690 0.039662 0.006592 -0.009647 0.999145
1987.000000 -0.153638 -0.677105 7.450230 0.039919 0.003266 -0.009785 0.999150
1988.000000 -0.138176 -0.635697 7.047568 0.038707 0.000862 -0.009878 0.999201
1989.000000 -0.123149 -0.617419 6.642539 0.037140 -0.000698 -0.009937 0.999260
1990.000000 -0.129706 -0.577454 6.239571 0.036323 -0.002263 -0.009994 0.999288
1991.000000 -0.135668 -0.544336 5.835617 0.037202 -0.004676 -0.010076 0.999246
1992.000000 -0.135346 -0.526898 5.430592 0.040405 -0.008188 -0.010187 0.999098
1993.000000 -0.134167 -0.504982 5.026064 0.045981 -0.012346 -0.010307 0.998813
1994.000000 -0.132907 -0.472116 4.622072 0.053179 -0.016296 -0.010402 0.998398
1995.000000 -0.124098 -0.448311 4.217698 0.060498 -0.019207 -0.010442 0.997929
1996.000000 -0.091076 -0.412176 3.815915 0.066082 -0.020566 -0.010420 0.997548
1997.000000 -0.075292 -0.339194 3.417658 0.068293 -0.020234 -0.010350 0.997406
1998.000000 -0.059285 -0.282793 3.016295 0.066207 -0.018339 -0.010259 0.997585
1999.000000 -0.031633 -0.211370 2.618609 0.059838 -0.015198 -0.010168 0.998041
2000.000000 -0.024670 -0.145837 2.218893 0.050063 -0.011317 -0.010092 0.998631
2001.000000 0.002330 -0.092084 1.818250 0.038357 -0.007382 -0.010044 0.999186
2002.000000 0.011247 -0.039750 1.416221 0.026450 -0.004084 -0.010023 0.999592
2003.000000 0.009602 -0.032533 1.011599 0.016013 -0.001840 -0.010021 0.999820
2004.000000 0.006603 -0.011772 0.606803 0.008342 -0.000641 -0.010024 0.999915
2005.000000 -0.002851 0.010038 0.202266 0.004069 -0.000171 -0.010025 0.999941
2006.000000 0.011940 0.029049 0.003595 0.005181 -0.000036 -0.016919 0.999843
2007.000000 0.059702 0.145247 0.017975 0.013632 0.000171 -0.044481 0.998917
2008.000000 0.107463 0.261445 0.032356 0.022071 0.000379 -0.072006 0.997160
2009.000000 0.102305 0.236687 0.310579 0.023332 0.000121 -0.072010 0.997131
2010.000000 0.111977 0.243664 0.590411 0.026984 -0.000702 -0.072020 0.997038
2011.000000 0.116742 0.249101 0.869645 0.034335 -0.002497 -0.072039 0.996808
2012.000000 0.104275 0.217594 1.146778 0.045760 -0.005444 -0.072064 0.996335
2013.000000 0.097563 0.159745 1.420695 0.059970 -0.009247 -0.072090 0.995551
2014.000000 0.078306 0.090727 1.691363 0.074419 -0.013209 -0.072111 0.994529
2015.000000 0.051494 0.041670 1.964640 0.086686 -0.016658 -0.072129 0.993481
2016.000000 0.044800 -0.000264 2.241146 0.095640 -0.019384 -0.072154 0.992608
2017.000000 0.035751 -0.065975 2.512880 0.101515 -0.021672 -0.072214 0.991973
2018.000000 0.018576 -0.135071 2.783419 0.105115 -0.023936 -0.072336 0.991537
2019.000000 -0.013203 -0.188412 3.055961 0.107005 -0.026308 -0.072523 0.991261
2020.000000 -0.042777 -0.252046 3.326104 0.107201 -0.028532 -0.072753 0.991161
2021.000000 -0.046254 -0.301194 3.601385 0.105236 -0.030125 -0.072996 0.991307
2022.000000 -0.068279 -0.366898 3.871304 0.100400 -0.030533 -0.073221 0.991779
2023.000000 -0.114450 -0.443598 4.136135 0.092177 -0.029218 -0.073394 0.992604
2024.000000 -0.129266 -0.459153 4.414312 0.080825 -0.025854 -0.073477 0.993680
2025.000000 -0.132252 -0.480592 4.692917 0.067689 -0.020635 -0.073453 0.994785
2026.000000 -0.133444 -0.502432 4.971679 0.054885 -0.014393 -0.073345 0.995691
2027.000000 -0.134349 -0.519830 5.250681 0.044454 -0.008277 -0.073199 0.996292
2028.000000 -0.135899 -0.530129 5.529974 0.037588 -0.003224 -0.073060 0.996614
2029.000000 -0.135773 -0.542906 5.809333 0.034357 0.000297 -0.072953 0.996743
2030.000000 -0.132752 -0.562876 6.088248 0.033952 0.002173 -0.072893 0.996759
2031.000000 -0.126281 -0.592063 6.366167 0.035203 0.002491 -0.072882 0.996716
2032.000000 -0.123125 -0.617685 6.644327 0.037107 0.001648 -0.072911 0.996647
2033.000000 -0.132140 -0.628765 6.923955 0.039136 0.000603 -0.072947 0.996567
2034.000000 -0.145788 -0.651468 7.202066 0.041134 0.000780 -0.072937 0.996488
2035.000000 -0.154054 -0.679919 7.479930 0.042888 0.003397 -0.072826 0.996416
2036.000000 -0.152094 -0.703695 7.758719 0.043754 0.008564 -0.072599 0.996364
2037.000000 -0.130835 -0.745246 8.034218 0.042737 0.014868 -0.072302 0.996356
2038.000000 -0.099685 -0.774698 8.310832 0.039051 0.019930 -0.072028 0.996439
2039.000000 -0.078676 -0.785859 8.589122 0.032761 0.021624 -0.071854 0.996642
2040.000000 -0.077092 -0.792016 8.868660 0.025036 0.019143 -0.071803 0.996921
2041.000000 -0.076008 -0.797434 9.147940 0.017812 0.013207 -0.071841 0.997170
2042.000000 -0.076121 -0.783131 9.427125 0.013073 0.005445 -0.071921 0.997310
2043.000000 -0.075667 -0.789726 9.706744 0.012113 -0.002469 -0.072002 0.997328
2044.000000 -0.095975 -0.794721 9.985217 0.015093 -0.009418 -0.072053 0.997242
2045.000000 -0.116539 -0.805432 10.263362 0.021056 -0.015046 -0.072056 0.997065
2046.000000 -0.120775 -0.833840 10.541769 0.028375 -0.019684 -0.072016 0.996805
2047.000000 -0.126304 -0.865762 10.819892 0.035460 -0.024031 -0.071971 0.996486
2048.000000 -0.150874 -0.886813 11.097191 0.041349 -0.028691 -0.071966 0.996137
2049.000000 -0.182984 -0.904846 11.374208 0.045869 -0.033814 -0.072019 0.995774
2050.000000 -0.205807 -0.934010 11.651338 0.049303 -0.039100 -0.072118 0.995409
2051.000000 -0.232147 -0.967098 11.927679 0.051894 -0.044122 -0.072239 0.995059
2052.000000 -0.265804 -0.999075 12.203293 0.053631 -0.048643 -0.072376 0.994746
2053.000000 -0.305754 -1.026325 12.478696 0.054507 -0.052715 -0.072534 0.994479
2054.000000 -0.330152 -1.057078 12.755314 0.054974 -0.056598 -0.072703 0.994228
2055.000000 -0.371041 -1.082221 13.030581 0.056082 -0.060685 -0.072838 0.993915
2056.000000 -0.414448 -1.096810 13.306440 0.058927 -0.065399 -0.072886 0.993448
2057.000000 -0.445801 -1.116261 13.583456 0.063597 -0.070988 -0.072849 0.992778
2058.000000 -0.487930 -1.171142 13.852684 0.068485 -0.077251 -0.072838 0.991986
2059.000000 -0.563151 -1.246485 14.112168 0.070858 -0.083430 -0.073038 0.991304
2060.000000 -0.626357 -1.305395 14.379721 0.068670 -0.088507 -0.073578 0.990978
2061.000000 -0.668873 -1.286299 14.654432 0.062259 -0.091786 -0.074395 0.991042
2062.000000 -0.719014 -1.287257 14.929334 0.054471 -0.093337 -0.075234 0.991293
2063.000000 -0.779926 -1.317695 15.200073 0.049009 -0.093987 -0.075795 0.991473
2064.000000 -0.826226 -1.330262 15.475715 0.048429 -0.094891 -0.075886 0.991409
2065.000000 -0.878299 -1.358430 15.748805 0.053259 -0.097002 -0.075485 0.990987
2066.000000 -0.936298 -1.388257 16.020675 0.062464 -0.100693 -0.074700 0.990141
2067.000000 -1.000176 -1.426850 16.289954 0.074400 -0.105604 -0.073680 0.988880
2068.000000 -1.070324 -1.484031 16.553897 0.087480 -0.110726 -0.072540 0.987332
2069.000000 -1.154284 -1.546757 16.812082 0.100500 -0.114740 -0.071315 0.985722
2070.000000 -1.218722 -1.606421 17.077779 0.112828 -0.116543 -0.069967 0.984272
2071.000000 -1.297689 -1.669217 17.338066 0.124453 -0.115756 -0.068428 0.983071
2072.000000 -1.359405 -1.740255 17.601334 0.135773 -0.112998 -0.066688 0.982013
2073.000000 -1.420133 -1.827252 17.859758 0.147262 -0.109775 -0.064851 0.980845
2074.000000 -1.470231 -1.919437 18.118739 0.159283 -0.107985 -0.063133 0.979277
2075.000000 -1.528493 -2.010036 18.377111 0.172123 -0.109184 -0.061752 0.977056
2076.000000 -1.595843 -2.103980 18.631840 0.185975 -0.113967 -0.060820 0.974026
2077.000000 -1.676423 -2.214149 18.875224 0.200670 -0.121777 -0.060308 0.970188
2078.000000 -1.765142 -2.338907 19.109292 0.215293 -0.131238 -0.060122 0.965821
2079.000000 -1.848460 -2.466721 19.343454 0.228093 -0.140743 -0.060220 0.961529
2080.000000 -1.941941 -2.603170 19.569236 0.236885 -0.148990 -0.060687 0.958126
2081.000000 -2.046130 -2.740434 19.790449 0.239863 -0.155391 -0.061716 0.956300
2082.000000 -2.148574 -2.867781 20.017096 0.236484 -0.160471 -0.063561 0.956182
2083.000000 -2.237199 -2.975381 20.258591 0.228104 -0.166141 -0.066464 0.957052
2084.000000 -2.312964 -3.077103 20.507802 0.218094 -0.175456 -0.070481 0.957435
2085.000000 -2.411838 -3.162455 20.754730 0.211256 -0.191490 -0.075206 0.955535
2086.000000 -2.539467 -3.235911 20.994419 0.212487 -0.215625 -0.079627 0.949745
2087.000000 -2.690731 -3.317588 21.218682 0.224994 -0.246279 -0.082346 0.939118
2088.000000 -2.872538 -3.424790 21.398577 0.248731 -0.279109 -0.082174 0.923839
2089.000000 -3.075845 -3.566138 21.529656 0.279898 -0.308890 -0.078812 0.905557
2090.000000 -3.263469 -3.733140 21.653497 0.312077 -0.331997 -0.073257 0.887141
2091.000000 -3.429799 -3.919890 21.777453 0.338736 -0.347721 -0.067564 0.871655
2092.000000 -3.594425 -4.111296 21.898086 0.355868 -0.357497 -0.063779 0.861096
2093.000000 -3.787087 -4.269989 22.020906 0.363281 -0.362948 -0.062610 0.855790
2094.000000 -4.004932 -4.390810 22.149471 0.363962 -0.364600 -0.062964 0.854772
2095.000000 -4.208203 -4.528242 22.282194 0.361978 -0.362262 -0.062945 0.856608
2096.000000 -4.370238 -4.709132 22.422105 0.360190 -0.356359 -0.061446 0.859939
2097.000000 -4.529031 -4.888724 22.564888 0.359185 -0.348740 -0.058934 0.863651
2098.000000 -4.693378 -5.059520 22.712414 0.357951 -0.342097 -0.056890 0.866951
2099.000000 -4.872646 -5.213194 22.862402 0.355435 -0.338513 -0.056562 0.869411
2100.000000 -5.044855 -5.374472 23.012210 0.351593 -0.338429 -0.058126 0.870901
2101.000000 -5.231679 -5.523760 23.155201 0.347365 -0.340800 -0.060771 0.871493
2102.000000 -5.417624 -5.667391 23.306653 0.343939 -0.344072 -0.063409 0.871378
2103.000000 -5.600194 -5.821326 23.451933 0.342047 -0.347079 -0.065296 0.870791
2104.000000 -5.776093 -5.978868 23.601126 0.341769 -0.349226 -0.066186 0.869974
2105.000000 -5.960157 -6.135310 23.741957 0.342835 -0.350073 -0.066034 0.869225
2106.000000 -6.152370 -6.280909 23.883063 0.345085 -0.348835 -0.064624 0.868938
2107.000000 -6.341103 -6.431650 24.023697 0.348721 -0.344359 -0.061448 0.869503
2108.000000 -6.519404 -6.592708 24.166482 0.354228 -0.335656 -0.055931 0.871051
2109.000000 -6.683412 -6.762703 24.315775 0.362094 -0.322598 -0.047810 0.873231
2110.000000 -6.829629 -6.939574 24.475210 0.372580 -0.306225 -0.037370 0.875222
2111.000000 -6.961262 -7.130585 24.631091 0.385622 -0.288405 -0.025387 0.876056
2112.000000 -7.083960 -7.330172 24.783403 0.400827 -0.271075 -0.012848 0.875038
2113.000000 -7.196908 -7.542588 24.925609 0.417496 -0.255549 -0.000627 0.872004
2114.000000 -7.302509 -7.763057 25.061069 0.434735 -0.242252 0.010722 0.867297
2115.000000 -7.400800 -7.990522 25.190393 0.451661 -0.230928 0.021002 0.861530
2116.000000 -7.491108 -8.224334 25.313921 0.467638 -0.221039 0.030276 0.855301
2117.000000 -7.573338 -8.462337 25.435096 0.482397 -0.212099 0.038721 0.849004
2118.000000 -7.652716 -8.705552 25.547592 0.495990 -0.203813 0.046511 0.842788
2119.000000 -7.723857 -8.952598 25.657112 0.508641 -0.196052 0.053769 0.836634
2120.000000 -7.784690 -9.204551 25.761462 0.520600 -0.188790 0.060564 0.830462
2121.000000 -7.847374 -9.458693 25.859106 0.532051 -0.182045 0.066914 0.824199
2122.000000 -7.899066 -9.716434 25.953803 0.543074 -0.175876 0.072794 0.817826
2123.000000 -7.944428 -9.978077 26.040901 0.553598 -0.170401 0.078108 0.811414
2124.000000 -7.990080 -10.240158 26.126323 0.563355 -0.165835 0.082664 0.805169
2125.000000 -8.027934 -10.507017 26.200002 0.571875 -0.162500 0.086168 0.799455
2126.000000 -8.062299 -10.775759 26.267305 0.578647 -0.160723 0.088307 0.794694
2127.000000 -8.091977 -11.045899 26.332280 0.583432 -0.160655 0.088934 0.791131
2128.000000 -8.143001 -11.310179 26.407338 0.586544 -0.162090 0.088227 0.788612
2129.000000 -8.191632 -11.574113 26.485227 0.588782 -0.164506 0.086668 0.786614
2130.000000 -8.241818 -11.840874 26.551082 0.590917 -0.167372 0.084752 0.784615
2131.000000 -8.294845 -12.104301 26.627259 0.593066 -0.170525 0.082614 0.782540
2132.000000 -8.330429 -12.377044 26.673334 0.594519 -0.174284 0.079903 0.780889
2133.000000 -8.361490 -12.652824 26.714531 0.594302 -0.179138 0.076088 0.780337
2134.000000 -8.444080 -12.908478 26.788581 0.592056 -0.185278 0.070946 0.781094
2135.000000 -8.510627 -13.167210 26.871920 0.588492 -0.192390 0.064824 0.782599
2136.000000 -8.589386 -13.427160 26.937420 0.585045 -0.199850 0.058459 0.783814
2137.000000 -8.663684 -13.688187 27.004549 0.583109 -0.207068 0.052586 0.783799
2138.000000 -8.745072 -13.948322 27.066204 0.583519 -0.213634 0.047714 0.782042
2139.000000 -8.827339 -14.207567 27.127121 0.586567 -0.219248 0.044164 0.778408
2140.000000 -8.934788 -14.456152 27.193444 0.592177 -0.223674 0.042128 0.772995
2141.000000 -9.010467 -14.722243 27.232619 0.599877 -0.226868 0.041554 0.766128
2142.000000 -9.086289 -14.989205 27.264337 0.608687 -0.229151 0.041971 0.758438
2143.000000 -9.159194 -15.257831 27.288188 0.617319 -0.231143 0.042567 0.750785
2144.000000 -9.238773 -15.524756 27.311803 0.624696 -0.233462 0.042552 0.743935
2145.000000 -9.335807 -15.785035 27.343581 0.630376 -0.236394 0.041552 0.738253
2146.000000 -9.405810 -16.055178 27.356323 0.634566 -0.239785 0.039742 0.733655
2147.000000 -9.498197 -16.318396 27.366774 0.637846 -0.243141 0.037706 0.729803
2148.000000 -9.599884 -16.577506 27.392777 0.640901 -0.245813 0.036210 0.726299
2149.000000 -9.681492 -16.843977 27.395945 0.644356 -0.247183 0.035995 0.722780
2150.000000 -9.767337 -17.109310 27.405366 0.648616 -0.246845 0.037558 0.718996
2151.000000 -9.859680 -17.371222 27.416304 0.653662 -0.244762 0.040942 0.714941
2152.000000 -9.926703 -17.642882 27.408750 0.658950 -0.241311 0.045664 0.710963
2153.000000 -9.993521 -17.914248 27.405620 0.663582 -0.237134 0.050889 0.707698
2154.000000 -10.057111 -18.186260 27.400899 0.666653 -0.232895 0.055763 0.705850
2155.000000 -10.126547 -18.456946 27.397514 0.667538 -0.229060 0.059698 0.705947
2156.000000 -10.188055 -18.729516 27.404252 0.665975 -0.225839 0.062446 0.708220
2157.000000 -10.245400 -19.002895 27.403912 0.662057 -0.223225 0.064057 0.712564
2158.000000 -10.312779 -19.273812 27.416726 0.656295 -0.221035 0.064834 0.718483
2159.000000 -10.375796 -19.545446 27.436520 0.649683 -0.218939 0.065322 0.725059
2160.000000 -10.450948 -19.809922 27.481084 0.643511 -0.216537 0.066170 0.731181
2161.000000 -10.531493 -20.072736 27.528214 0.638795 -0.213537 0.067855 0.736029
2162.000000 -10.569695 -20.350496 27.534994 0.635689 -0.209917 0.070416 0.739511
2163.000000 -10.619196 -20.624297 27.561567 0.633445 -0.205914 0.073484 0.742259
2164.000000 -10.685405 -20.893843 27.594690 0.631029 -0.201828 0.076591 0.745118
2165.000000 -10.743662 -21.160417 27.652000 0.627845 -0.197816 0.079493 0.748572
2166.000000 -10.783111 -21.437338 27.680942 0.623929 -0.193825 0.082245 0.752582
2167.000000 -10.837736 -21.703828 27.732310 0.619579 -0.189643 0.085079 0.756914
2168.000000 -10.884543 -21.975449 27.783783 0.614883 -0.184927 0.088299 0.761528
2169.000000 -10.931386 -22.245480 27.838293 0.609620 -0.179150 0.092303 0.766647
2170.000000 -10.975356 -22.515637 27.894695 0.603541 -0.171639 0.097596 0.772498
2171.000000 -11.014505 -22.784902 27.957246 0.596716 -0.161794 0.104630 0.778977
2172.000000 -11.042771 -23.046926 28.050819 0.589681 -0.149444 0.113541 0.785526
2173.000000 -11.047120 -23.311708 28.136823 0.583302 -0.135074 0.123956 0.791295
2174.000000 -11.054993 -23.575700 28.228931 0.578520 -0.119747 0.135061 0.795446
2175.000000 -11.042277 -23.837666 28.325356 0.576203 -0.104722 0.145904 0.797330
2176.000000 -11.012164 -24.098817 28.420096 0.577248 -0.090917 0.155770 0.796401
2177.000000 -10.995571 -24.361153 28.515169 0.582797 -0.078478 0.164445 0.791926
2178.000000 -10.959793 -24.624122 28.601319 0.594239 -0.066719 0.172217 0.782796
2179.000000 -10.929330 -24.890936 28.678138 0.612615 -0.054593 0.179543 0.767780
2180.000000 -10.914355 -25.161532 28.755101 0.637603 -0.041536 0.186567 0.746278
2181.000000 -10.799339 -25.413286 28.748240 0.666885 -0.028101 0.192809 0.719235
2182.000000 -10.699112 -25.671052 28.694769 0.696756 -0.015774 0.197384 0.689436
2183.000000 -10.618572 -25.936157 28.653292 0.723758 -0.005974 0.199650 0.660513
2184.000000 -10.532857 -26.200613 28.624221 0.746126 0.000913 0.199765 0.635129
2185.000000 -10.454976 -26.460832 28.558408 0.764028 0.005681 0.198656 0.613812
2186.000000 -10.365358 -26.717902 28.494564 0.778738 0.009640 0.197481 0.595378
2187.000000 -10.267605 -26.966697 28.412392 0.791529 0.013824 0.197073 0.578319
2188.000000 -10.176596 -27.215041 28.322671 0.802987 0.018659 0.197795 0.561909
2189.000000 -10.072401 -27.452971 28.219539 0.812971 0.024122 0.199783 0.546428
2190.000000 -9.972530 -27.688719 28.108314 0.820953 0.030029 0.203189 0.532774
2191.000000 -9.866734 -27.920526 27.993347 0.826396 0.036158 0.208175 0.521944
2192.000000 -9.748493 -28.146745 27.880381 0.828995 0.042252 0.214740 0.514654
2193.000000 -9.623080 -28.371127 27.770569 0.828776 0.048075 0.222690 0.511104
2194.000000 -9.500917 -28.600030 27.666566 0.826064 0.053588 0.231839 0.510878
2195.000000 -9.364039 -28.823781 27.570912 0.821347 0.059032 0.242199 0.513073
2196.000000 -9.247882 -29.061032 27.482350 0.815095 0.064749 0.253856 0.516706
2197.000000 -9.094682 -29.278471 27.398017 0.807622 0.070800 0.266624 0.521196
2198.000000 -8.933992 -29.490879 27.323079 0.799037 0.076785 0.279915 0.526584
2199.000000 -8.761204 -29.693440 27.247496 0.789284 0.082098 0.293074 0.533291
2200.000000 -8.625575 -29.930175 27.188291 0.778219 0.086385 0.305835 0.541644
2201.000000 -8.455240 -30.147721 27.150342 0.765714 0.089688 0.318348 0.551628
2202.000000 -8.278123 -30.360848 27.113740 0.751764 0.092072 0.330660 0.563061
2203.000000 -8.100859 -30.575242 27.092634 0.736608 0.093106 0.342175 0.575896
2204.000000 -7.916649 -30.785787 27.078885 0.720805 0.091787 0.351629 0.590230
2205.000000 -7.741992 -31.001545 27.098206 0.705204 0.087042 0.357636 0.605977
2206.000000 -7.569099 -31.218938 27.129805 0.690729 0.078435 0.359405 0.622551
2207.000000 -7.422203 -31.455479 27.150206 0.678028 0.066597 0.357225 0.638932
2208.000000 -7.282224 -31.693013 27.195472 0.667162 0.053155 0.352482 0.654084
2209.000000 -7.158779 -31.940612 27.235786 0.657567 0.040214 0.347205 0.667411
2210.000000 -7.036269 -32.186489 27.282354 0.648357 0.029584 0.343268 0.678915
2211.000000 -6.920204 -32.436108 27.329086 0.638816 0.022016 0.341581 0.689022
2212.000000 -6.807076 -32.684089 27.388683 0.628810 0.016814 0.341673 0.698266
2213.000000 -6.634692 -32.882389 27.483091 0.618877 0.012116 0.341968 0.707038
2214.000000 -6.555406 -33.141309 27.541125 0.609934 0.005828 0.340662 0.715469
2215.000000 -6.427940 -33.372720 27.636887 0.602749 -0.003253 0.336706 0.723403
2216.000000 -6.324292 -33.611460 27.726603 0.597494 -0.014777 0.330344 0.730517
2217.000000 -6.250296 -33.869443 27.803636 0.593654 -0.027059 0.322933 0.736585
2218.000000 -6.202306 -34.136963 27.868897 0.590301 -0.038097 0.316149 0.741716
2219.000000 -6.107949 -34.379631 27.967515 0.586530 -0.046758 0.311034 0.746361
2220.000000 -6.021875 -34.632172 28.050239 0.581775 -0.053326 0.307534 0.751078
2221.000000 -5.939129 -34.877474 28.155301 0.575865 -0.059001 0.304840 0.756287
2222.000000 -5.889445 -35.136694 28.245685 0.568859 -0.064811 0.302216 0.762145
2223.000000 -5.831101 -35.390005 28.343139 0.560886 -0.070832 0.299566 0.768538
2224.000000 -5.777930 -35.640896 28.454630 0.552200 -0.076312 0.297337 0.775141
2225.000000 -5.728685 -35.889246 28.572223 0.543340 -0.080449 0.295956 0.781486
2226.000000 -5.686807 -36.136393 28.693244 0.535167 -0.083161 0.295341 0.787054
2227.000000 -5.635580 -36.375351 28.828294 0.528662 -0.085345 0.294800 0.791407
2228.000000 -5.586679 -36.625074 28.944857 0.524608 -0.088536 0.293303 0.794305
2229.000000 -5.525594 -36.858608 29.083608 0.523331 -0.094193 0.289945 0.795729
2230.000000 -5.497578 -37.112204 29.198579 0.524620 -0.102952 0.284367 0.795808
2231.000000 -5.474780 -37.367782 29.309536 0.527841 -0.114300 0.276931 0.794751
2232.000000 -5.471114 -37.625851 29.415274 0.532171 -0.126880 0.268540 0.792832
2233.000000 -5.451585 -37.883884 29.520193 0.536851 -0.139196 0.260203 0.790386
2234.000000 -5.442500 -38.146625 29.616097 0.541336 -0.150252 0.252625 0.787756
2235.000000 -5.462095 -38.403911 29.720809 0.545296 -0.159783 0.246025 0.785234
2236.000000 -5.455266 -38.673731 29.790239 0.548519 -0.168093 0.240223 0.783048
2237.000000 -5.453507 -38.930747 29.901584 0.550829 -0.175643 0.234911 0.781379
2238.000000 -5.474376 -39.199217 29.973971 0.552115 -0.182574 0.229995 0.780345
2239.000000 -5.476362 -39.464701 30.061583 0.552422 -0.188455 0.225786 0.779958
2240.000000 -5.526082 -39.725748 30.145419 0.551991 -0.192580 0.222804 0.780113
2241.000000 -5.558197 -39.986780 30.233792 0.551118 -0.194761 0.221198 0.780646
2242.000000 -5.554284 -40.251384 30.327521 0.549932 -0.195996 0.220254 0.781440
2243.000000 -5.525162 -40.510315 30.424411 0.548296 -0.198254 0.218545 0.782499
2244.000000 -5.574820 -40.774841 30.507082 0.545944 -0.203327 0.214760 0.783889
2245.000000 -5.618842 -41.036719 30.588634 0.542753 -0.211548 0.208635 0.785581
2246.000000 -5.654435 -41.295269 30.687007 0.539011 -0.221325 0.201320 0.787371
2247.000000 -5.696738 -41.554866 30.778277 0.535480 -0.229773 0.194950 0.788961
2248.000000 -5.805369 -41.802153 30.848751 0.533134 -0.234022 0.191677 0.790103
2249.000000 -5.853398 -42.058598 30.950896 0.532607 -0.232566 0.192634 0.790654
2250.000000 -5.876462 -42.320894 31.042812 0.533754 -0.226092 0.197297 0.790610
2251.000000 -5.892186 -42.586088 31.128935 0.535720 -0.217372 0.203604 0.790126
2252.000000 -5.889978 -42.845224 31.231779 0.537574 -0.210145 0.208842 0.789454
2253.000000 -5.916684 -43.105461 31.326991 0.538961 -0.207497 0.210819 0.788683
2254.000000 -5.940039 -43.369073 31.414709 0.540220 -0.210657 0.208687 0.787550
2255.000000 -5.986524 -43.624065 31.518690 0.541893 -0.218747 0.203079 0.785659
2256.000000 -6.033049 -43.879364 31.620547 0.544091 -0.229295 0.195725 0.782995
2257.000000 -6.083396 -44.139365 31.637381 0.546250 -0.238907 0.188998 0.780266
2258.000000 -6.137106 -44.257182 31.509296 0.547017 -0.242192 0.186692 0.779270
2259.000000 -6.043965 -44.011584 31.663720 0.545232 -0.234454 0.192118 0.781565
2260.000000 -6.012071 -43.753382 31.564832 0.542947 -0.223910 0.199483 0.784398
2261.000000 -5.961915 -43.495141 31.471199 0.540982 -0.214211 0.206229 0.786715
2262.000000 -5.924030 -43.234848 31.379660 0.539569 -0.208360 0.210259 0.788190
2263.000000 -5.897523 -42.979412 31.269648 0.538318 -0.208120 0.210328 0.789090
2264.000000 -5.891510 -42.711802 31.190294 0.536702 -0.213346 0.206519 0.789800
2265.000000 -5.889152 -42.454543 31.082625 0.534700 -0.221783 0.200413 0.790407
2266.000000 -5.859751 -42.189739 30.997163 0.533014 -0.229823 0.194603 0.790701
2267.000000 -5.840388 -41.926659 30.905828 0.532632 -0.234020 0.191618 0.790456
2268.000000 -5.751145 -41.678201 30.812969 0.534104 -0.232562 0.192821 0.789600
2269.000000 -5.665783 -41.429351 30.725762 0.537157 -0.225911 0.197869 0.788209
2270.000000 -5.645799 -41.163659 30.639730 0.540913 -0.216405 0.205006 0.786482
2271.000000 -5.587366 -40.905094 30.555159 0.544447 -0.207101 0.211950 0.784706
2272.000000 -5.545980 -40.644168 30.460685 0.547224 -0.200373 0.216961 0.783150
2273.000000 -5.549146 -40.382540 30.375975 0.549187 -0.196864 0.219592 0.781932
2274.000000 -5.549121 -40.120882 30.276056 0.550567 -0.195386 0.220723 0.781013
2275.000000 -5.553553 -39.855520 30.188363 0.551596 -0.193882 0.221851 0.780342
2276.000000 -5.497121 -39.592491 30.112553 0.552279 -0.190771 0.224116 0.779978
2277.000000 -5.475844 -39.333975 30.011154 0.552379 -0.185691 0.227769 0.780075
2278.000000 -5.462110 -39.063219 29.944402 0.551602 -0.179200 0.232394 0.780779
2279.000000 -5.448483 -38.803334 29.844133 0.549798 -0.171942 0.237520 0.782140
2280.000000 -5.457263 -38.539276 29.753353 0.547011 -0.164060 0.243044 0.784087
2281.000000 -5.463570 -38.275175 29.667755 0.543397 -0.155198 0.249207 0.786466
2282.000000 -5.439602 -38.015719 29.567000 0.539143 -0.144915 0.256294 0.789074
2283.000000 -5.461191 -37.757451 29.462092 0.534507 -0.133150 0.264310 0.791652
2284.000000 -5.473706 -37.493060 29.370709 0.529919 -0.120535 0.272789 0.793879
2285.000000 -5.488641 -37.239777 29.254809 0.526039 -0.108375 0.280833 0.795406
2286.000000 -5.506650 -36.987159 29.136922 0.523687 -0.098190 0.287428 0.795925
2287.000000 -5.553230 -36.738762 29.018638 0.523624 -0.090990 0.291896 0.795195
2288.000000 -5.614038 -36.501333 28.885393 0.526296 -0.086712 0.294237 0.793044
2289.000000 -5.663685 -36.256618 28.761355 0.531649 -0.084231 0.295123 0.789403
2290.000000 -5.721060 -36.017944 28.628904 0.539105 -0.081949 0.295584 0.784398
2291.000000 -5.753672 -35.762785 28.518453 0.547744 -0.078576 0.296530 0.778378
2292.000000 -5.804589 -35.516342 28.397135 0.556606 -0.073700 0.298364 0.771840
2293.000000 -5.874265 -35.267429 28.291646 0.564982 -0.067830 0.300873 0.765291
2294.000000 -5.906183 -35.004787 28.203139 0.572492 -0.061859 0.303542 0.759136
2295.000000 -5.977425 -34.753683 28.103236 0.578964 -0.056194 0.306143 0.753604
2296.000000 -6.064540 -34.504540 28.011595 0.584294 -0.050238 0.309124 0.748678
2297.000000 -6.163353 -34.262732 27.911647 0.588513 -0.042739 0.313361 0.744064
2298.000000 -6.221553 -34.001204 27.839901 0.591978 -0.032836 0.319374 0.739246
2299.000000 -6.286511 -33.740000 27.765781 0.595450 -0.020956 0.326660 0.733684
2300.000000 -6.361760 -33.481424 27.690917 0.599898 -0.008793 0.333760 0.727083
2301.000000 -6.501770 -33.266102 27.578336 0.606094 0.001653 0.339032 0.719517
2302.000000 -6.578829 -33.004421 27.522087 0.614224 0.009279 0.341608 0.711299
2303.000000 -6.711928 -32.772201 27.441045 0.623780 0.014542 0.341915 0.702695
2304.000000 -6.869689 -32.563295 27.357327 0.633852 0.019217 0.341486 0.693722
2305.000000 -6.973610 -32.309652 27.302873 0.643652 0.025427 0.342140 0.684109
2306.000000 -7.089633 -32.059607 27.256045 0.652968 0.034531 0.344982 0.673370
2307.000000 -7.220922 -31.816597 27.217533 0.662259 0.046492 0.349779 0.660988
2308.000000 -7.352398 -31.573973 27.175149 0.672388 0.059948 0.355054 0.646713
2309.000000 -7.494610 -31.335978 27.144270 0.684137 0.072837 0.358744 0.630836
2310.000000 -7.655601 -31.110429 27.112202 0.697774 0.083208 0.359060 0.614218
2311.000000 -7.827332 -30.892546 27.078831 0.712920 0.089893 0.355134 0.597950
2312.000000 -8.009118 -30.680700 27.091163 0.728740 0.092815 0.347252 0.582872
2313.000000 -8.190225 -30.467748 27.094736 0.744310 0.092810 0.336584 0.569298
2314.000000 -8.367399 -30.255026 27.132700 0.758911 0.091006 0.324547 0.557172
2315.000000 -8.542098 -30.039072 27.163262 0.772151 0.088149 0.312109 0.546443
2316.000000 -8.697888 -29.814560 27.219813 0.783925 0.084374 0.299500 0.537255
2317.000000 -8.827999 -29.578220 27.286798 0.794314 0.079558 0.286540 0.529745
2318.000000 -9.019693 -29.387710 27.355382 0.803469 0.073840 0.273250 0.523755
2319.000000 -9.178355 -29.174492 27.439887 0.811499 0.067747 0.260131 0.518856
2320.000000 -9.313741 -28.944567 27.521775 0.818388 0.061842 0.247867 0.514760
2321.000000 -9.427313 -28.709062 27.619646 0.823925 0.056295 0.236860 0.511739
2322.000000 -9.559451 -28.483528 27.717063 0.827703 0.050861 0.227119 0.510624
2323.000000 -9.684398 -28.258022 27.824958 0.829223 0.045207 0.218557 0.512423
2324.000000 -9.812804 -28.036189 27.936233 0.828057 0.039227 0.211269 0.517830
2325.000000 -9.919935 -27.806486 28.054100 0.824019 0.033081 0.205479 0.526951
2326.000000 -10.024357 -27.572650 28.163877 0.817249 0.027033 0.201297 0.539308
2327.000000 -10.121292 -27.336097 28.270942 0.808192 0.021322 0.198623 0.554004
2328.000000 -10.219661 -27.091170 28.371272 0.797419 0.016155 0.197283 0.570036
2329.000000 -10.318193 -26.842451 28.452443 0.785317 0.011663 0.197149 0.586748
2330.000000 -10.411569 -26.590310 28.527816 0.771691 0.007683 0.198013 0.604338
2331.000000 -10.493637 -26.330915 28.593283 0.755568 0.003481 0.199288 0.624011
2332.000000 -10.577374 -26.069139 28.640751 0.735550 -0.002194 0.199932 0.647293
2333.000000 -10.657064 -25.802862 28.670006 0.710775 -0.010503 0.198818 0.674655
2334.000000 -10.746558 -25.541217 28.723385 0.681990 -0.021695 0.195359 0.704453
2335.000000 -10.857388 -25.287187 28.761710 0.651923 -0.034785 0.189838 0.733313
2336.000000 -10.915609 -25.024714 28.718486 0.624380 -0.048175 0.183108 0.757826
2337.000000 -10.937505 -24.756703 28.639397 0.602537 -0.060759 0.175914 0.776088
2338.000000 -10.985182 -24.493822 28.557548 0.587697 -0.072579 0.168414 0.788023
2339.000000 -11.002512 -24.229906 28.467674 0.579375 -0.084553 0.160248 0.794667
2340.000000 -11.028228 -23.968701 28.371693 0.576242 -0.097637 0.150986 0.797255
2341.000000 -11.045746 -23.707041 28.275797 0.577001 -0.112125 0.140570 0.796705
2342.000000 -11.053437 -23.444385 28.181173 0.580655 -0.127450 0.129483 0.793618
2343.000000 -11.050465 -23.178777 28.095661 0.586350 -0.142455 0.118604 0.788564
2344.000000 -11.029352 -22.916056 28.003952 0.593176 -0.155919 0.108862 0.782292
2345.000000 -10.999931 -22.649816 27.924938 0.600198 -0.167033 0.100876 0.775684
2346.000000 -10.952176 -22.380495 27.867680 0.606689 -0.175655 0.094756 0.769477
2347.000000 -10.906256 -22.110332 27.812865 0.612342 -0.182211 0.090173 0.764006
2348.000000 -10.861117 -21.840263 27.754032 0.617283 -0.187380 0.086618 0.759176
2349.000000 -10.816070 -21.567993 27.716909 0.621794 -0.191775 0.083634 0.754718
2350.000000 -10.767923 -21.296927 27.671674 0.625960 -0.195828 0.080876 0.750523
2351.000000 -10.708802 -21.029979 27.615947 0.629543 -0.199812 0.078070 0.746763
2352.000000 -10.653423 -20.758846 27.577895 0.632312 -0.203866 0.075055 0.743631
2353.000000 -10.591072 -20.488397 27.545436 0.634527 -0.207943 0.071918 0.740921
2354.000000 -10.552587 -20.210903 27.533220 0.637071 -0.211794 0.069042 0.737914
2355.000000 -10.496132 -19.939712 27.507339 0.640937 -0.215121 0.066894 0.733790
2356.000000 -10.405369 -19.680673 27.453535 0.646464 -0.217800 0.065663 0.728242
2357.000000 -10.347551 -19.408882 27.425278 0.653016 -0.220001 0.065073 0.721758
2358.000000 -10.275829 -19.139143 27.411509 0.659355 -0.222095 0.064521 0.715375
2359.000000 -10.218260 -18.865864 27.399740 0.664289 -0.224463 0.063381 0.710154
2360.000000 -10.157664 -18.593114 27.401516 0.667065 -0.227369 0.061224 0.706809
2361.000000 -10.090655 -18.321936 27.400384 0.667393 -0.230908 0.057871 0.705634
2362.000000 -10.027778 -18.049620 27.401113 0.665360 -0.234987 0.053415 0.706558
2363.000000 -9.961573 -17.778126 27.407792 0.661409 -0.239269 0.048271 0.709196
2364.000000 -9.886995 -17.508953 27.408047 0.656328 -0.243171 0.043184 0.712908
2365.000000 -9.822448 -17.237144 27.418178 0.651063 -0.246007 0.039041 0.716989
2366.000000 -9.735563 -16.968770 27.410267 0.646374 -0.247240 0.036539 0.720929
2367.000000 -9.629722 -16.718492 27.384172 0.642546 -0.246694 0.035902 0.724561
2368.000000 -9.548033 -16.448207 27.381308 0.639360 -0.244604 0.036841 0.728032
2369.000000 -9.447362 -16.188457 27.358431 0.636277 -0.241506 0.038706 0.731661
2370.000000 -9.374084 -15.918804 27.353273 0.632626 -0.238057 0.040719 0.735836
2371.000000 -9.286103 -15.655416 27.326978 0.627748 -0.234851 0.042177 0.740944
2372.000000 -9.198602 -15.391346 27.300599 0.621209 -0.232233 0.042672 0.747225
2373.000000 -9.121756 -15.124296 27.271083 0.613104 -0.230140 0.042302 0.754553
2374.000000 -9.049346 -14.854742 27.253563 0.604222 -0.228089 0.041685 0.762335
2375.000000 -8.975926 -14.588374 27.212744 0.595815 -0.225414 0.041677 0.769711
2376.000000 -8.884372 -14.329121 27.167222 0.589070 -0.221619 0.042952 0.775910
2377.000000 -8.779031 -14.082129 27.089138 0.584710 -0.216577 0.045758 0.780458
2378.000000 -8.706015 -13.818173 27.033421 0.582992 -0.210452 0.050002 0.783153
2379.000000 -8.625511 -13.557672 26.972407 0.583821 -0.203519 0.055423 0.784003
2380.000000 -8.550576 -13.296299 26.907672 0.586657 -0.196117 0.061621 0.783310
2381.000000 -8.476716 -13.037846 26.830654 0.590358 -0.188748 0.067966 0.781814
2382.000000 -8.405182 -12.780586 26.748330 0.593413 -0.182056 0.073674 0.780570
2383.000000 -8.340869 -12.516502 26.692937 0.594665 -0.176551 0.078160 0.780445
2384.000000 -8.312079 -12.241181 26.645185 0.593945 -0.172297 0.081365 0.781616
2385.000000 -8.270965 -11.972024 26.590438 0.592018 -0.168902 0.083723 0.783567
2386.000000 -8.218387 -11.707038 26.518323 0.589834 -0.165905 0.085734 0.785634
2387.000000 -8.166884 -11.441391 26.448892 0.587715 -0.163214 0.087518 0.787587
2388.000000 -8.116077 -11.178366 26.369696 0.585154 -0.161213 0.088722 0.789768
2389.000000 -8.077226 -10.911553 26.296788 0.581282 -0.160479 0.088807 0.792761
2390.000000 -8.049820 -10.640118 26.236190 0.575505 -0.161400 0.087424 0.796932
2391.000000 -8.006835 -10.374435 26.161125 0.567804 -0.163992 0.084568 0.802218
2392.000000 -7.969575 -10.109508 26.081183 0.558598 -0.167986 0.080498 0.808251
2393.000000 -7.922181 -9.847044 25.997996 0.548410 -0.173041 0.075531 0.814616
2394.000000 -7.871360 -9.587627 25.907382 0.537616 -0.178883 0.069917 0.821024
2395.000000 -7.816448 -9.330780 25.812318 0.526381 -0.185350 0.063795 0.827344
2396.000000 -7.754420 -9.077743 25.711183 0.514693 -0.192358 0.057222 0.833556
2397.000000 -7.689593 -8.828174 25.603531 0.502417 -0.199870 0.050201 0.839708
2398.000000 -7.612261 -8.584173 25.491406 0.489328 -0.207885 0.042689 0.845884
2399.000000 -7.534279 -8.342269 25.375201 0.475173 -0.216473 0.034591 0.852147
2400.000000 -7.449165 -8.106491 25.251624 0.459793 -0.225838 0.025755 0.858443
2401.000000 -7.352469 -7.875754 25.126856 0.443285 -0.236375 0.015996 0.864505
2402.000000 -7.248815 -7.653023 24.993730 0.426103 -0.248626 0.005176 0.869824
2403.000000 -7.141779 -7.434900 24.855696 0.409032 -0.263040 -0.006654 0.873761
2404.000000 -7.024191 -7.228583 24.708340 0.392991 -0.279576 -0.019126 0.875802
2405.000000 -6.897270 -7.034051 24.552911 0.378799 -0.297366 -0.031510 0.875838
2406.000000 -6.758574 -6.848643 24.396421 0.367006 -0.314721 -0.042840 0.874312
2407.000000 -6.602848 -6.676063 24.241435 0.357843 -0.329633 -0.052191 0.872105
2408.000000 -6.431869 -6.511301 24.094126 0.351207 -0.340570 -0.059010 0.870163
2409.000000 -6.248174 -6.354560 23.953240 0.346703 -0.347076 -0.063295 0.869096
2410.000000 -6.053715 -6.210490 23.813517 0.343809 -0.349782 -0.065512 0.868997
2411.000000 -5.869192 -6.056547 23.670855 0.342152 -0.349850 -0.066247 0.869568
2412.000000 -5.685448 -5.900876 23.528866 0.341720 -0.348284 -0.065869 0.870395
2413.000000 -5.510482 -5.743302 23.378570 0.342782 -0.345656 -0.064471 0.871129
2414.000000 -5.325357 -5.593528 23.231920 0.345490 -0.342412 -0.062150 0.871509
2415.000000 -5.130521 -5.457785 23.084668 0.349449 -0.339406 -0.059384 0.871299
2416.000000 -4.959652 -5.292018 22.938094 0.353637 -0.338074 -0.057142 0.870277
2417.000000 -4.784166 -5.137217 22.785442 0.356884 -0.339852 -0.056472 0.868300
2418.000000 -4.606027 -4.977237 22.640576 0.358679 -0.345135 -0.057756 0.865388
2419.000000 -4.452118 -4.798618 22.491247 0.359633 -0.352600 -0.060233 0.861806
2420.000000 -4.288160 -4.618680 22.353613 0.360970 -0.359674 -0.062387 0.858163
2421.000000 -4.112023 -4.455053 22.212845 0.363074 -0.363933 -0.063105 0.855422
2422.000000 -3.895039 -4.331686 22.085047 0.364204 -0.364258 -0.062716 0.854832
2423.000000 -3.685821 -4.198029 21.958380 0.360657 -0.360701 -0.062899 0.857826
2424.000000 -3.510388 -4.016617 21.838146 0.348596 -0.353233 -0.065345 0.865700
2425.000000 -3.348661 -3.824452 21.715881 0.326430 -0.340721 -0.070283 0.878870
2426.000000 -3.172807 -3.646891 21.591098 0.296301 -0.321391 -0.076196 0.896163
2427.000000 -2.973934 -3.491643 21.467601 0.263750 -0.294670 -0.080861 0.914914
2428.000000 -2.777390 -3.366935 21.315994 0.235613 -0.262758 -0.082668 0.931993
2429.000000 -2.611734 -3.274636 21.110236 0.217244 -0.230359 -0.081287 0.945057
2430.000000 -2.472998 -3.199244 20.874990 0.210601 -0.202568 -0.077538 0.953206
2431.000000 -2.357837 -3.123010 20.631943 0.213955 -0.182487 -0.072804 0.956881
2432.000000 -2.275330 -3.025386 20.383534 0.223024 -0.170132 -0.068345 0.957416
2433.000000 -2.195251 -2.924381 20.135581 0.232753 -0.163059 -0.064870 0.956572
2434.000000 -2.098348 -2.806018 19.902468 0.238932 -0.158011 -0.062520 0.956052
2435.000000 -1.993475 -2.672371 19.679789 0.239173 -0.152419 -0.061116 0.956990
2436.000000 -1.893084 -2.534172 19.457541 0.233123 -0.145082 -0.060398 0.959665
2437.000000 -1.807750 -2.401894 19.226541 0.222056 -0.136079 -0.060133 0.963617
2438.000000 -1.720720 -2.275811 18.992623 0.208082 -0.126403 -0.060180 0.968040
2439.000000 -1.634313 -2.156374 18.755336 0.193253 -0.117567 -0.060518 0.972198
2440.000000 -1.560756 -2.055761 18.505429 0.178920 -0.111137 -0.061229 0.975647
2441.000000 -1.498497 -1.965124 18.247895 0.165584 -0.108146 -0.062390 0.978261
2442.000000 -1.443510 -1.873035 17.989688 0.153187 -0.108587 -0.063962 0.980128
2443.000000 -1.389562 -1.781919 17.731257 0.141471 -0.111327 -0.065770 0.981461
2444.000000 -1.330697 -1.702609 17.469816 0.130120 -0.114546 -0.067580 0.982538
2445.000000 -1.257863 -1.633200 17.208994 0.118709 -0.116459 -0.069224 0.983643
2446.000000 -1.182194 -1.574386 16.946548 0.106764 -0.115964 -0.070660 0.984967
2447.000000 -1.119448 -1.518167 16.680171 0.094052 -0.112952 -0.071939 0.986520
2448.000000 -1.030002 -1.449770 16.424813 0.080884 -0.108220 -0.073121 0.988129
2449.000000 -0.969314 -1.404263 16.155359 0.068196 -0.103047 -0.074211 0.989557
2450.000000 -0.905364 -1.375755 15.884942 0.057413 -0.098655 -0.075131 0.990619
2451.000000 -0.852737 -1.341444 15.612367 0.050207 -0.095756 -0.075742 0.991248
2452.000000 -0.801046 -1.325243 15.338260 0.048029 -0.094338 -0.075905 0.991480
2453.000000 -0.752619 -1.305680 15.063688 0.051245 -0.093704 -0.075565 0.991405
2454.000000 -0.691964 -1.278736 14.792571 0.058300 -0.092740 -0.074831 0.991161
2455.000000 -0.648704 -1.303396 14.516614 0.065860 -0.090387 -0.073965 0.990970
2456.000000 -0.598019 -1.282095 14.244475 0.070381 -0.086164 -0.073265 0.991088
2457.000000 -0.524352 -1.208152 13.982410 0.070155 -0.080415 -0.072900 0.991613
2458.000000 -0.460426 -1.139156 13.720343 0.066176 -0.074071 -0.072829 0.992386
2459.000000 -0.432239 -1.104523 13.444859 0.061094 -0.068083 -0.072874 0.993137
2460.000000 -0.393404 -1.089962 13.168383 0.057246 -0.062941 -0.072875 0.993706
2461.000000 -0.349297 -1.071829 12.892929 0.055369 -0.058589 -0.072778 0.994085
2462.000000 -0.318447 -1.040349 12.617075 0.054738 -0.054658 -0.072619 0.994355
2463.000000 -0.285358 -1.013416 12.340969 0.054164 -0.050723 -0.072452 0.994608
2464.000000 -0.248064 -0.983471 12.065548 0.052875 -0.046448 -0.072305 0.994896
2465.000000 -0.218061 -0.950446 11.789627 0.050700 -0.041665 -0.072176 0.995231
2466.000000 -0.194716 -0.918474 11.512823 0.047701 -0.036465 -0.072064 0.995591
2467.000000 -0.168696 -0.894166 11.235633 0.043767 -0.031206 -0.071985 0.995956
2468.000000 -0.135255 -0.878429 10.958673 0.038581 -0.026300 -0.071961 0.996314
2469.000000 -0.122238 -0.850284 10.680901 0.032026 -0.021849 -0.071991 0.996651
2470.000000 -0.119636 -0.818274 10.402566 0.024655 -0.017449 -0.072039 0.996944
2471.000000 -0.109205 -0.797159 10.124227 0.017796 -0.012390 -0.072061 0.997165
2472.000000 -0.081183 -0.794039 9.846247 0.013148 -0.006104 -0.072033 0.997297
2473.000000 -0.076289 -0.784451 9.566883 0.012082 0.001420 -0.071964 0.997333
2474.000000 -0.075822 -0.789916 9.287511 0.015027 0.009441 -0.071878 0.997255
2475.000000 -0.076519 -0.797578 9.008336 0.021229 0.016516 -0.071814 0.997055
2476.000000 -0.077415 -0.787050 8.728893 0.028968 0.020892 -0.071815 0.996778
2477.000000 -0.086033 -0.782699 8.449726 0.036183 0.021287 -0.071926 0.996526
2478.000000 -0.115892 -0.762110 8.172358 0.041249 0.017709 -0.072156 0.996383
2479.000000 -0.142956 -0.723117 7.896745 0.043543 0.011713 -0.072454 0.996352
2480.000000 -0.154783 -0.691553 7.619331 0.043491 0.005716 -0.072725 0.996387
2481.000000 -0.151035 -0.666494 7.340896 0.042069 0.001742 -0.072896 0.996450
2482.000000 -0.138892 -0.637174 7.063330 0.040145 0.000446 -0.072952 0.996527
2483.000000 -0.126558 -0.623414 6.784151 0.038121 0.001068 -0.072931 0.996608
2484.000000 -0.122816 -0.608141 6.504892 0.036119 0.002170 -0.072893 0.996683
2485.000000 -0.129982 -0.576191 6.227367 0.034443 0.002513 -0.072882 0.996743
2486.000000 -0.134659 -0.551865 5.948881 0.033873 0.001440 -0.072917 0.996762
2487.000000 -0.136163 -0.535745 5.669674 0.035553 -0.001260 -0.073001 0.996697
2488.000000 -0.135130 -0.525480 5.390296 0.040546 -0.005577 -0.073127 0.996483
2489.000000 -0.133839 -0.511989 5.111144 0.049273 -0.011251 -0.073274 0.996030
2490.000000 -0.132978 -0.491765 4.832273 0.061106 -0.017571 -0.073407 0.995273
2491.000000 -0.131077 -0.469520 4.553601 0.074357 -0.023438 -0.073478 0.994245
2492.000000 -0.126387 -0.450493 4.274992 0.086833 -0.027796 -0.073449 0.993123
2493.000000 -0.092513 -0.406470 4.003035 0.096720 -0.030120 -0.073316 0.992151
2494.000000 -0.051348 -0.324894 3.739162 0.103221 -0.030512 -0.073112 0.991498
2495.000000 -0.045648 -0.279641 3.462945 0.106532 -0.029441 -0.072875 0.991198
2496.000000 -0.031600 -0.215983 3.191682 0.107335 -0.027466 -0.072635 0.991186
2497.000000 0.005123 -0.164271 2.919403 0.106260 -0.025117 -0.072422 0.991379
2498.000000 0.028519 -0.101431 2.648062 0.103552 -0.022789 -0.072267 0.991733
2499.000000 0.040952 -0.031365 2.377399 0.098914 -0.020554 -0.072178 0.992262
2500.000000 0.047975 0.024665 2.103648 0.091588 -0.018102 -0.072139 0.993016
2501.000000 0.060346 0.059621 1.826314 0.080933 -0.015024 -0.072120 0.993993
2502.000000 0.090858 0.125556 1.556422 0.067337 -0.011257 -0.072101 0.995058
2503.000000 0.101132 0.191141 1.284156 0.052660 -0.007277 -0.072077 0.995981
2504.000000 0.109703 0.236952 1.008537 0.039578 -0.003832 -0.072051 0.996608
2505.000000 0.116758 0.249913 0.730223 0.030139 -0.001458 -0.072029 0.996946
2506.000000 0.105961 0.236988 0.450440 0.024767 -0.000193 -0.072014 0.997096
2507.000000 0.104330 0.249933 0.171529 0.022500 0.000295 -0.072008 0.997150
2508.000000 0.119547 0.261030 0.021026 0.007316 -0.011775 0.008258 0.999870
2509.000000 0.167885 0.259371 -0.024290 -0.051197 -0.058772 0.323311 0.943077
2510.000000 0.216222 0.257712 -0.069607 -0.104175 -0.099415 0.603408 0.784323
2511.000000 0.129599 0.258631 0.304023 -0.092481 -0.095910 0.605017 0.784986
2512.000000 0.116881 0.246208 0.714098 -0.068485 -0.089395 0.608050 0.785871
2513.000000 0.101017 0.212459 1.121855 -0.036348 -0.082222 0.611490 0.786128
2514.000000 0.090297 0.127863 1.523744 -0.003509 -0.077356 0.614203 0.785340
2515.000000 0.052252 0.044079 1.922738 0.023575 -0.076383 0.615731 0.783891
2516.000000 0.041739 -0.021209 2.328076 0.041951 -0.078795 0.616269 0.782461
2517.000000 0.022590 -0.122508 2.725838 0.052008 -0.082663 0.616248 0.781473
2518.000000 -0.023578 -0.202193 3.125824 0.055712 -0.085733 0.616067 0.781030
2519.000000 -0.045822 -0.289828 3.525398 0.055038 -0.086104 0.616007 0.781084
2520.000000 -0.077825 -0.383098 3.922364 0.051424 -0.082520 0.616224 0.781546
2521.000000 -0.127590 -0.452877 4.320517 0.046008 -0.074659 0.616730 0.782274
2522.000000 -0.132480 -0.483555 4.729681 0.039958 -0.063434 0.617409 0.783062
2523.000000 -0.133926 -0.513724 5.139206 0.034483 -0.050912 0.618086 0.783702
2524.000000 -0.135972 -0.530824 5.549316 0.030529 -0.039593 0.618625 0.784094
2525.000000 -0.134544 -0.552623 5.959443 0.028495 -0.031363 0.618978 0.784265
2526.000000 -0.126226 -0.592288 6.367977 0.028256 -0.026720 0.619166 0.784297
2527.000000 -0.126457 -0.623008 6.777054 0.029424 -0.024715 0.619247 0.784255
2528.000000 -0.145065 -0.649686 7.186474 0.031514 -0.023579 0.619292 0.784174
2529.000000 -0.154822 -0.689647 7.594908 0.033795 -0.021674 0.619361 0.784079
2530.000000 -0.133857 -0.740627 8.001535 0.035112 -0.018326 0.619484 0.784010
2531.000000 -0.089729 -0.780777 8.408092 0.034171 -0.014158 0.619649 0.784007
2532.000000 -0.077261 -0.789810 8.817932 0.030329 -0.010754 0.619809 0.784093
2533.000000 -0.075849 -0.793571 9.228079 0.024255 -0.009842 0.619896 0.784247
2534.000000 -0.075693 -0.786995 9.638426 0.017744 -0.012477 0.619862 0.784411
2535.000000 -0.102609 -0.795163 10.047597 0.012673 -0.018646 0.619705 0.784511
2536.000000 -0.118259 -0.825167 10.456367 0.009912 -0.027432 0.619459 0.784487
2537.000000 -0.126582 -0.871399 10.864870 0.009030 -0.037514 0.619153 0.784322
2538.000000 -0.172415 -0.896817 11.271767 0.008867 -0.047665 0.618801 0.784050
2539.000000 -0.208063 -0.937242 11.678749 0.008381 -0.057052 0.618409 0.783738
2540.000000 -0.250537 -0.985536 12.084192 0.007131 -0.065360 0.617984 0.783437
2541.000000 -0.307062 -1.027264 12.488721 0.005235 -0.072792 0.617529 0.783155
2542.000000 -0.349505 -1.071952 12.894302 0.003012 -0.079882 0.617037 0.782864
2543.000000 -0.413403 -1.096443 13.299154 0.000586 -0.087040 0.616493 0.782534
2544.000000 -0.458123 -1.135956 13.704781 -0.002302 -0.094051 0.615892 0.782193
2545.000000 -0.556357 -1.239725 14.088937 -0.006091 -0.100031 0.615251 0.781935
2546.000000 -0.643769 -1.306397 14.483556 -0.010849 -0.104131 0.614612 0.781851
2547.000000 -0.710358 -1.282737 14.888082 -0.015812 -0.106547 0.614027 0.781901
2548.000000 -0.793360 -1.322891 15.287611 -0.019508 -0.108869 0.613546 0.781875
2549.000000 -0.867294 -1.350785 15.690319 -0.020458 -0.113296 0.613210 0.781485
2550.000000 -0.953203 -1.394871 16.089312 -0.017871 -0.121249 0.613016 0.780507
2551.000000 -1.045919 -1.463283 16.483374 -0.011817 -0.132504 0.612922 0.778865
2552.000000 -1.164500 -1.558705 16.863476 -0.002882 -0.145522 0.612899 0.776640
2553.000000 -1.271513 -1.645452 17.249874 0.008195 -0.158649 0.612953 0.773984
2554.000000 -1.366667 -1.750937 17.634943 0.020603 -0.171252 0.613027 0.771004
2555.000000 -1.448592 -1.882068 18.014870 0.033370 -0.184012 0.612904 0.767707
2556.000000 -1.532618 -2.016001 18.394156 0.045373 -0.198191 0.612241 0.764083
2557.000000 -1.637129 -2.160216 18.763791 0.055473 -0.214405 0.610745 0.760226
2558.000000 -1.765443 -2.339340 19.110095 0.062612 -0.231791 0.608384 0.756453
2559.000000 -1.890467 -2.530354 19.451246 0.065774 -0.248312 0.605409 0.753323
2560.000000 -2.039882 -2.732471 19.777289 0.064050 -0.262258 0.602064 0.751424
2561.000000 -2.187126 -2.914568 20.113768 0.057062 -0.274068 0.598168 0.750883
2562.000000 -2.303410 -3.064708 20.477534 0.045660 -0.287102 0.592984 0.750905
2563.000000 -2.453640 -3.188080 20.838217 0.032334 -0.306329 0.585646 0.749757
2564.000000 -2.660714 -3.301097 21.179729 0.020656 -0.335301 0.575844 0.745352
2565.000000 -2.929721 -3.461739 21.439040 0.013706 -0.373285 0.564240 0.736277
2566.000000 -3.219354 -3.689812 21.622568 0.012466 -0.414852 0.552345 0.722951
2567.000000 -3.465299 -3.962738 21.804419 0.015519 -0.452487 0.541988 0.708000
2568.000000 -3.723206 -4.227067 21.981860 0.020344 -0.480292 0.534647 0.695024
2569.000000 -4.039439 -4.410273 22.169755 0.024977 -0.496189 0.530945 0.686491
2570.000000 -4.308806 -4.641882 22.371197 0.028638 -0.501734 0.530484 0.682664
2571.000000 -4.543007 -4.906140 22.579729 0.031168 -0.500508 0.532059 0.682227
2572.000000 -4.795752 -5.147012 22.795240 0.032323 -0.496340 0.534149 0.683584
2573.000000 -5.050438 -5.380090 23.017091 0.031793 -0.492106 0.535530 0.685586
2574.000000 -5.325700 -5.593801 23.232211 0.029823 -0.489278 0.535762 0.687515
2575.000000 -5.595061 -5.816668 23.447492 0.027622 -0.488039 0.535293 0.688852
2576.000000 -5.857914 -6.047049 23.662364 0.027131 -0.487705 0.535209 0.689173
2577.000000 -6.134325 -6.267777 23.870209 0.030446 -0.487236 0.536787 0.688138
2578.000000 -6.409685 -6.491432 24.076659 0.039263 -0.485771 0.541022 0.685405
2579.000000 -6.658991 -6.735996 24.292052 0.054459 -0.483068 0.548228 0.680533
2580.000000 -6.872477 -6.998787 24.523734 0.075791 -0.479685 0.557814 0.673054
2581.000000 -7.058290 -7.285499 24.751114 0.101863 -0.476725 0.568434 0.662752
2582.000000 -7.222858 -7.598019 24.959953 0.130523 -0.475270 0.578511 0.649929
2583.000000 -7.373719 -7.926010 25.155095 0.159549 -0.475825 0.586873 0.635386
2584.000000 -7.507738 -8.268336 25.337602 0.187267 -0.478176 0.593074 0.620115
2585.000000 -7.624681 -8.622617 25.508576 0.212798 -0.481674 0.597290 0.604939
2586.000000 -7.731896 -8.984388 25.669723 0.235920 -0.485685 0.599956 0.590343
2587.000000 -7.822690 -9.354463 25.822090 0.256715 -0.489846 0.601446 0.576551
2588.000000 -7.902800 -9.732893 25.958979 0.275210 -0.494065 0.601958 0.563743
2589.000000 -7.971144 -10.117823 26.083807 0.291166 -0.498376 0.601563 0.552236
2590.000000 -8.027941 -10.507028 26.200017 0.304129 -0.502820 0.600303 0.542506
2591.000000 -8.076395 -10.903157 26.294804 0.313681 -0.507418 0.598247 0.535006
2592.000000 -8.140001 -11.293816 26.402120 0.319713 -0.512178 0.595490 0.529951
2593.000000 -8.214845 -11.681134 26.514394 0.322466 -0.517096 0.592134 0.527262
2594.000000 -8.291548 -12.070197 26.621755 0.322305 -0.522134 0.588271 0.526719
2595.000000 -8.337372 -12.472875 26.687150 0.319536 -0.527239 0.583961 0.528116
2596.000000 -8.430610 -12.860194 26.773110 0.314528 -0.532418 0.579202 0.531158
2597.000000 -8.532604 -13.239531 26.893421 0.308072 -0.537850 0.573918 0.535189
2598.000000 -8.644006 -13.622781 26.989333 0.301555 -0.543899 0.568029 0.539056
2599.000000 -8.759706 -14.006723 27.076575 0.296629 -0.550960 0.561551 0.541401
2600.000000 -8.904749 -14.375504 27.179345 -0.294509 0.559216 -0.554642 -0.541216
2601.000000 -9.020198 -14.764404 27.237965 -0.295404 0.568458 -0.547541 -0.538322
2602.000000 -9.130817 -15.157559 27.274781 -0.298477 0.578140 -0.540476 -0.533433
2603.000000 -9.246851 -15.549289 27.314205 -0.302394 0.587590 -0.533650 -0.527743
2604.000000 -9.378009 -15.935543 27.353894 -0.306100 0.596238 -0.527283 -0.522280
2605.000000 -9.501177 -16.326214 27.367550 -0.309357 0.603704 -0.521680 -0.517387
2606.000000 -9.629650 -16.718159 27.384189 -0.312693 0.609770 -0.517238 -0.512707
2607.000000 -9.764939 -17.100308 27.405430 -0.316849 0.614283 -0.514350 -0.507648
2608.000000 -9.882720 -17.491569 27.408808 -0.322094 0.617080 -0.513275 -0.502012
2609.000000 -9.986877 -17.888470 27.406036 -0.327878 0.617966 -0.514054 -0.496349
2610.000000 -10.081736 -18.287687 27.400891 -0.333044 0.616783 -0.516540 -0.491780
2611.000000 -10.178241 -18.686471 27.404255 -0.336433 0.613517 -0.520482 -0.489395
2612.000000 -10.263413 -19.087767 27.408912 -0.337513 0.608388 -0.525571 -0.489616
2613.000000 -10.364332 -19.484946 27.431340 -0.336623 0.601850 -0.531453 -0.491954
2614.000000 -10.474367 -19.873846 27.495042 -0.334711 0.594484 -0.537775 -0.495334
2615.000000 -10.559942 -20.271431 27.533493 -0.332739 0.586801 -0.544259 -0.498731
2616.000000 -10.631551 -20.674207 27.567770 -0.331180 0.579069 -0.550755 -0.501664
2617.000000 -10.719421 -21.070013 27.627336 -0.329921 0.571308 -0.557226 -0.504241
2618.000000 -10.803181 -21.463415 27.704521 0.328554 -0.563408 0.563686 0.506835
2619.000000 -10.875859 -21.861716 27.771885 0.326772 -0.555262 0.570166 0.509722
2620.000000 -10.947692 -22.256754 27.856566 0.324603 -0.546795 0.576724 0.512872
2621.000000 -11.022735 -22.649418 27.949479 0.322437 -0.537974 0.583438 0.515964
2622.000000 -11.104457 -23.036324 28.057292 0.320835 -0.528908 0.590296 0.518529
2623.000000 -11.171688 -23.423747 28.174354 0.320194 -0.520025 0.597022 0.520206
2624.000000 -11.225568 -23.813250 28.290123 0.320458 -0.512133 0.603008 0.520967
2625.000000 -11.250531 -24.201294 28.421883 0.321133 -0.506133 0.607557 0.521131
2626.000000 -11.265973 -24.590340 28.552897 0.321688 -0.502442 0.610344 0.521103
2627.000000 -11.342177 -24.977183 28.665755 0.321974 -0.500541 0.611772 0.521082
2628.000000 -11.424445 -25.354833 28.771301 0.322188 -0.499125 0.612830 0.521064
2629.000000 -11.476814 -25.743031 28.886923 0.322322 -0.496896 0.614470 0.521181
2630.000000 -11.505429 -26.131315 29.015103 0.321645 -0.493402 0.616942 0.521998
2631.000000 -11.524558 -26.518741 29.146338 0.318852 -0.489238 0.619685 0.524375
2632.000000 -11.554591 -26.903203 29.286116 0.312885 -0.485461 0.621829 0.528923
2633.000000 -11.641258 -27.274852 29.436197 0.303793 -0.482736 0.622856 0.535468
2634.000000 -11.716299 -27.644455 29.597259 0.292940 -0.480894 0.622947 0.543014
2635.000000 -11.817897 -28.008596 29.753620 0.282433 -0.479089 0.622880 0.550205
2636.000000 -11.883353 -28.369495 29.923839 0.274235 -0.476230 0.623658 0.555923
2637.000000 -11.995790 -28.728918 30.090224 0.269487 -0.471357 0.626108 0.559632
2638.000000 -12.079674 -29.091676 30.262655 0.268302 -0.463908 0.630599 0.561381
2639.000000 -12.133894 -29.455815 30.444221 0.269939 -0.453925 0.636927 0.561613
2640.000000 -12.178744 -29.812880 30.641631 0.273217 -0.442099 0.644419 0.560915
2641.000000 -12.216994 -30.162529 30.852197 0.276988 -0.429540 0.652208 0.559819
2642.000000 -12.248454 -30.516907 31.056672 0.280467 -0.417318 0.659581 0.558692
2643.000000 -12.268915 -30.865135 31.272807 0.283292 -0.406066 0.666181 0.557727
2644.000000 -12.283113 -31.212649 31.490729 0.285381 -0.395862 0.672008 0.557007
2645.000000 -12.294405 -31.557508 31.712999 0.286761 -0.386402 0.677277 0.556558
2646.000000 -12.304956 -31.895526 31.945588 0.287505 -0.377254 0.682256 0.556369
2647.000000 -12.308202 -32.234558 32.176591 0.287712 -0.368083 0.687141 0.556393
2648.000000 -12.303709 -32.567949 32.415731 0.287459 -0.358795 0.691989 0.556583
2649.000000 -12.294007 -32.891799 32.667570 0.286723 -0.349608 0.696689 0.556945
2650.000000 -12.277460 -33.215654 32.919152 0.285333 -0.341033 0.701000 0.557567
2651.000000 -12.254952 -33.533600 33.177557 0.283025 -0.333690 0.704641 0.558596
2652.000000 -12.236411 -33.848507 33.440185 0.279582 -0.328029 0.707430 0.560156
2653.000000 -12.224206 -34.162013 33.704823 0.274990 -0.324065 0.709387 0.562256
2654.000000 -12.221616 -34.471080 33.974648 0.269511 -0.321307 0.710753 0.564762
2655.000000 -12.227205 -34.781185 34.243471 0.263612 -0.318950 0.711896 0.567436
2656.000000 -12.226685 -35.085932 34.517687 0.257810 -0.316223 0.713160 0.570034
2657.000000 -12.229449 -35.381713 34.801923 0.252497 -0.312710 0.714730 0.572380
2658.000000 -12.232815 -35.677696 35.085694 0.247859 -0.308444 0.716587 0.574396
2659.000000 -12.225982 -35.965805 35.377968 0.243891 -0.303773 0.718580 0.576092
2660.000000 -12.229216 -36.256537 35.667351 0.240501 -0.299078 0.720547 0.577515
2661.000000 -12.225599 -36.539230 35.964807 0.237669 -0.294537 0.722420 0.578680
2662.000000 -12.225837 -36.820900 36.263333 0.235634 -0.289994 0.724265 0.579500
2663.000000 -12.226022 -37.097545 36.566394 0.235010 -0.284972 0.726273 0.579732
2664.000000 -12.222632 -37.377198 36.866372 0.236711 -0.278787 0.728696 0.579005
2665.000000 -12.218036 -37.650415 37.172362 0.241588 -0.270783 0.731734 0.576955
2666.000000 -12.200581 -37.920066 37.480518 0.249870 -0.260612 0.735413 0.573423
2667.000000 -12.135014 -38.191785 37.780718 0.260735 -0.248482 0.739533 0.568651
2668.000000 -12.053588 -38.464529 38.076187 0.272343 -0.235185 0.743769 0.563316
2669.000000 -11.954501 -38.728597 38.374305 0.282419 -0.221855 0.747843 0.558347
2670.000000 -11.853848 -38.982265 38.680768 0.289053 -0.209549 0.751644 0.554589
2671.000000 -11.744640 -39.233226 38.986356 0.291226 -0.198896 0.755208 0.552529
2672.000000 -11.655512 -39.484641 39.298110 0.288825 -0.190026 0.758622 0.552235
2673.000000 -11.562497 -39.717961 39.622459 0.282286 -0.182742 0.761945 0.553497
2674.000000 -11.452969 -39.948878 39.943251 0.272195 -0.176753 0.765188 0.556017
2675.000000 -11.369928 -40.170471 40.278500 0.259123 -0.171771 0.768322 0.559492
2676.000000 -11.302665 -40.379004 40.624981 0.243682 -0.167457 0.771311 0.563610
2677.000000 -11.246418 -40.591038 40.971796 0.226638 -0.163346 0.774142 0.568029
2678.000000 -11.194431 -40.779467 41.332514 0.208914 -0.158870 0.776837 0.572398
2679.000000 -11.159718 -40.961695 41.699028 0.191440 -0.153500 0.779438 0.576425
2680.000000 -11.126295 -41.129451 42.071679 0.174927 -0.146963 0.781967 0.579939
2681.000000 -11.109436 -41.288455 42.449588 0.159691 -0.139447 0.784386 0.582917
2682.000000 -11.068963 -41.429033 42.832779 0.145644 -0.131692 0.786568 0.585454
2683.000000 -11.032002 -41.562168 43.219068 0.132533 -0.124821 0.788342 0.587683
2684.000000 -11.020089 -41.682557 43.611199 0.120301 -0.119857 0.789579 0.589684
2685.000000 -11.011337 -41.795720 44.005452 0.109291 -0.117132 0.790273 0.591442
2686.000000 -11.023533 -41.908321 44.399765 0.100094 -0.115950 0.790592 0.592875
2687.000000 -11.030615 -42.038832 44.788413 0.093077 -0.114767 0.790826 0.593935
2688.000000 -11.034306 -42.155866 45.181539 0.087967 -0.111834 0.791272 0.594679
2689.000000 -11.029182 -42.280350 45.572500 0.083792 -0.105916 0.792104 0.595259
2690.000000 -11.023943 -42.374435 45.971882 0.079238 -0.096704 0.793315 0.595836
2691.000000 -11.008568 -42.458208 46.373005 0.073169 -0.084739 0.794762 0.596505
2692.000000 -10.995909 -42.528362 46.776732 0.064986 -0.071001 0.796250 0.597262
2693.000000 -10.986102 -42.582481 47.183191 0.054662 -0.056453 0.797608 0.598036
2694.000000 -10.977298 -42.619129 47.591342 0.042555 -0.041773 0.798723 0.598737
2695.000000 -10.970313 -42.641074 48.001011 0.029174 -0.027298 0.799537 0.599286
2696.000000 -10.965728 -42.645763 48.411166 0.015078 -0.013145 0.800029 0.599628
2697.000000 -10.981377 -42.634525 48.820784 0.000868 0.000534 0.800197 0.599736
2698.000000 -10.977166 -42.608218 49.229407 -0.012804 0.013111 0.800076 0.599618
2699.000000 -10.994956 -42.550482 49.635216 -0.025316 0.022956 0.799778 0.599322
2700.000000 -10.986753 -42.498585 50.042272 -0.036186 0.027170 0.799531 0.598918
2701.000000 -10.998226 -42.418728 50.444656 -0.045117 0.022106 0.799594 0.598436
2702.000000 -10.987830 -42.335141 50.846084 -0.051942 0.004755 0.800010 0.597715
2703.000000 -11.063613 -42.341096 51.246406 -0.056474 -0.025702 0.800363 0.596296
2704.000000 -11.181693 -42.414080 51.630860 -0.058360 -0.067277 0.799871 0.593527
2705.000000 -11.277829 -42.463283 52.024948 -0.056992 -0.116059 0.797828 0.588857
2706.000000 -11.407765 -42.569894 52.397792 -0.051553 -0.167963 0.793977 0.582006
2707.000000 -11.584818 -42.707220 52.741417 -0.041326 -0.220043 0.788481 0.572862
2708.000000 -11.742106 -42.888921 53.073572 -0.026216 -0.270663 0.781611 0.561371
2709.000000 -11.866931 -43.123383 53.386346 -0.007145 -0.318893 0.773519 0.547654
2710.000000 -12.021795 -43.392211 53.653785 0.014067 -0.363920 0.764274 0.532212
2711.000000 -12.179242 -43.685886 53.890172 0.035365 -0.404923 0.754061 0.515925
2712.000000 -12.309021 -44.007016 54.109826 0.055232 -0.441288 0.743283 0.499744
2713.000000 -12.454570 -44.334444 54.309244 0.073071 -0.472873 0.732448 0.484326
2714.000000 -12.597218 -44.677135 54.483799 0.089036 -0.500062 0.721959 0.469879
2715.000000 -12.730619 -45.030777 54.643595 0.103537 -0.523562 0.711996 0.456316
2716.000000 -12.848953 -45.399051 54.779189 0.116767 -0.544057 0.702568 0.443582
2717.000000 -12.972826 -45.773375 54.891876 0.128500 -0.561942 0.693667 0.431896
2718.000000 -13.079563 -46.156442 54.992564 0.138171 -0.577287 0.685383 0.421781
2719.000000 -13.198951 -46.535897 55.089456 0.145105 -0.590029 0.677862 0.413901
2720.000000 -13.306971 -46.922231 55.171400 0.148715 -0.600210 0.671169 0.408858
2721.000000 -13.416772 -47.311733 55.239204 0.148620 -0.608091 0.665178 0.407032
2722.000000 -13.544679 -47.693416 55.319170 0.144737 -0.614076 0.659618 0.408492
2723.000000 -13.679632 -48.072830 55.397268 0.137358 -0.618517 0.654242 0.412962
2724.000000 -13.835339 -48.444251 55.471192 0.127168 -0.621545 0.649011 0.419875
2725.000000 -14.009701 -48.806162 55.553129 0.115136 -0.623021 0.644179 0.428511
2726.000000 -14.187739 -49.167145 55.630003 0.102326 -0.622571 0.640258 0.438182
2727.000000 -14.380688 -49.519848 55.709924 0.089729 -0.619646 0.637925 0.448375
2728.000000 -14.580434 -49.861028 55.818868 0.078157 -0.613618 0.637872 0.458785
2729.000000 -14.800782 -50.192559 55.900794 0.068156 -0.604017 0.640557 0.469260
2730.000000 -15.001162 -50.528851 56.023448 0.059870 -0.590933 0.645847 0.479682
2731.000000 -15.207162 -50.849166 56.178736 0.052962 -0.575349 0.652838 0.489868
2732.000000 -15.391428 -51.156702 56.377054 0.046733 -0.559039 0.660100 0.499559
2733.000000 -15.590339 -51.465294 56.558435 0.040501 -0.543873 0.666324 0.508501
2734.000000 -15.804283 -51.761636 56.743309 0.034005 -0.530903 0.670945 0.516545
2735.000000 -16.019952 -52.057024 56.929356 0.027558 -0.519901 0.674311 0.523687
2736.000000 -16.235199 -52.344475 57.127656 0.021862 -0.509658 0.677358 0.530054
2737.000000 -16.452089 -52.624467 57.333967 0.017622 -0.498755 0.681045 0.535827
2738.000000 -16.662877 -52.898000 57.555349 0.015244 -0.486229 0.685931 0.541155
2739.000000 -16.865024 -53.166384 57.789936 0.014748 -0.471845 0.692050 0.546087
2740.000000 -17.052857 -53.432889 58.039159 0.015890 -0.456004 0.699058 0.550568
2741.000000 -17.235683 -53.688877 58.302710 0.018344 -0.439468 0.706460 0.554477
2742.000000 -17.413781 -53.935648 58.577951 0.021815 -0.423060 0.713805 0.557697
2743.000000 -17.575515 -54.182252 58.862599 0.026036 -0.407438 0.720769 0.560185
2744.000000 -17.725298 -54.430366 59.152233 0.030713 -0.392994 0.727161 0.562005
2745.000000 -17.875965 -54.666344 59.451583 0.035511 -0.379873 0.732892 0.563298
2746.000000 -18.012330 -54.908053 59.753555 0.040113 -0.368061 0.737945 0.564233
2747.000000 -18.146339 -55.141584 60.062631 0.044278 -0.357464 0.742351 0.564955
2748.000000 -18.266150 -55.378069 60.375775 0.047887 -0.347954 0.746172 0.565564
2749.000000 -18.390801 -55.606316 60.693061 0.050966 -0.339404 0.749491 0.566101
2750.000000 -18.504616 -55.835113 61.014092 0.053689 -0.331701 0.752406 0.566549
2751.000000 -18.622214 -56.052150 61.341832 0.056327 -0.324754 0.755010 0.566853
2752.000000 -18.729768 -56.278946 61.666533 0.059122 -0.318496 0.757376 0.566962
2753.000000 -18.827030 -56.500970 61.997437 0.062178 -0.312843 0.759555 0.566867
2754.000000 -18.930595 -56.721155 62.327679 0.065489 -0.307601 0.761609 0.566607
2755.000000 -19.019294 -56.942152 62.661898 0.069102 -0.302322 0.763679 0.566234
2756.000000 -19.117901 -57.160515 62.994773 0.073256 -0.296271 0.766005 0.565768
2757.000000 -19.207629 -57.383187 63.327046 0.078254 -0.288731 0.768811 0.565190
2758.000000 -19.282409 -57.603317 63.665118 0.083992 -0.279780 0.772024 0.564489
2759.000000 -19.362454 -57.816576 64.006363 0.089373 -0.271206 0.774993 0.563778
2760.000000 -19.363132 -57.904994 64.190403 0.091282 -0.268133 0.776033 0.563511
2761.000000 -19.320738 -57.713010 63.834132 0.086844 -0.275252 0.773604 0.564120
2762.000000 -19.245163 -57.495982 63.494294 0.081070 -0.284369 0.770392 0.564852
2763.000000 -19.161360 -57.277672 63.157228 0.075639 -0.292713 0.767342 0.565495
2764.000000 -19.065279 -57.055175 62.826728 0.071090 -0.299446 0.764792 0.566013
2765.000000 -18.972701 -56.831997 62.495231 0.067248 -0.305007 0.762629 0.566432
2766.000000 -18.881202 -56.612209 62.161158 0.063803 -0.310191 0.760592 0.566755
2767.000000 -18.781860 -56.389986 61.830954 0.060617 -0.315601 0.758486 0.566939
2768.000000 -18.677620 -56.166142 61.503173 0.057695 -0.321543 0.756219 0.566934
2769.000000 -18.565486 -55.944764 61.176462 0.055002 -0.328137 0.753741 0.566723
2770.000000 -18.448286 -55.718206 60.855138 0.052356 -0.335453 0.750993 0.566339
2771.000000 -18.327264 -55.492937 60.534342 0.049485 -0.343567 0.747888 0.565841
2772.000000 -18.205099 -55.261392 60.218491 0.046154 -0.352581 0.744330 0.565270
2773.000000 -18.085922 -55.019439 59.909391 0.042261 -0.362618 0.740226 0.564613
2774.000000 -17.945565 -54.791272 59.598878 0.037854 -0.373808 0.735503 0.563800
2775.000000 -17.798838 -54.554994 59.297671 0.033118 -0.386266 0.730112 0.562706
2776.000000 -17.657649 -54.306828 59.003040 0.028338 -0.400055 0.724044 0.561171
2777.000000 -17.500517 -54.058651 58.716991 0.023849 -0.415120 0.717350 0.559031
2778.000000 -17.328147 -53.812617 58.437913 0.019969 -0.431201 0.710164 0.556178
2779.000000 -17.146057 -53.560664 58.169946 0.016973 -0.447770 0.702741 0.552603
2780.000000 -16.959277 -53.301420 57.912384 0.015135 -0.464064 0.695473 0.548391
2781.000000 -16.764708 -53.037752 57.665554 0.014772 -0.479256 0.688852 0.543671
2782.000000 -16.558056 -52.760572 57.444829 0.016191 -0.492726 0.683325 0.538541
2783.000000 -16.346881 -52.480189 57.233048 0.019526 -0.504365 0.679074 0.533003
2784.000000 -16.126973 -52.200477 57.029442 0.024568 -0.514778 0.675809 0.526956
2785.000000 -15.907148 -51.914257 56.834078 0.030736 -0.525217 0.672733 0.520223
2786.000000 -15.702371 -51.614124 56.643858 0.037279 -0.537098 0.668833 0.512639
2787.000000 -15.481767 -51.313905 56.472501 0.043647 -0.551219 0.663400 0.504136
2788.000000 -15.300900 -51.007094 56.269821 0.049810 -0.567159 0.656529 0.494792
2789.000000 -15.107888 -50.684500 56.106344 0.056282 -0.583356 0.649213 0.484820
2790.000000 -14.909665 -50.357332 55.959791 0.063808 -0.597872 0.642915 0.474487
2791.000000 -14.685806 -50.028466 55.861718 0.072940 -0.609276 0.638863 0.464021
2792.000000 -14.478219 -49.691543 55.765080 0.083773 -0.617057 0.637575 0.453564
2793.000000 -14.286412 -49.342046 55.670244 0.095945 -0.621457 0.638848 0.443237
2794.000000 -14.091529 -48.990424 55.588276 0.108763 -0.623068 0.642065 0.433254
2795.000000 -13.923861 -48.627249 55.499736 0.121315 -0.622496 0.646518 0.424023
2796.000000 -13.749595 -48.260051 55.442460 0.132559 -0.620210 0.651599 0.416157
2797.000000 -13.610680 -47.883582 55.358198 0.141451 -0.616475 0.656916 0.410380
2798.000000 -13.478330 -47.503380 55.280163 0.147144 -0.611295 0.662363 0.407360
2799.000000 -13.361581 -47.117124 55.205464 0.149144 -0.604414 0.668101 0.407531
2800.000000 -13.256629 -46.732067 55.112814 0.147355 -0.595429 0.674415 0.410994
2801.000000 -13.134463 -46.348918 55.033233 0.142020 -0.583986 0.681519 0.417520
2802.000000 -13.024660 -45.962399 54.954059 0.133635 -0.569936 0.689439 0.426601
2803.000000 -12.912143 -45.584488 54.839852 0.122851 -0.553315 0.698049 0.437581
2804.000000 -12.786871 -45.213089 54.718822 0.110315 -0.534152 0.707218 0.449839
2805.000000 -12.666668 -44.851921 54.565789 0.096448 -0.512226 0.716909 0.462994
2806.000000 -12.530603 -44.506041 54.392138 0.081261 -0.486977 0.727143 0.476983
2807.000000 -12.376196 -44.171675 54.211898 0.064408 -0.457666 0.737843 0.491917
2808.000000 -12.246201 -43.844087 54.002027 0.045537 -0.423707 0.748711 0.507770
2809.000000 -12.104864 -43.534570 53.773854 0.024820 -0.384971 0.759268 0.524112
2810.000000 -11.944110 -43.252578 53.525924 0.003326 -0.341860 0.769033 0.540100
2811.000000 -11.802249 -43.006984 53.230304 -0.017077 -0.295127 0.777714 0.554770
2812.000000 -11.665392 -42.790286 52.910699 -0.034349 -0.245602 0.785205 0.567410
2813.000000 -11.492787 -42.630064 52.575661 -0.047065 -0.194108 0.791417 0.577726
2814.000000 -11.333206 -42.506553 52.217650 -0.054834 -0.141839 0.796125 0.585713
2815.000000 -11.216950 -42.416666 51.834653 -0.058131 -0.091039 0.799072 0.591453
2816.000000 -11.119723 -42.381733 51.437877 -0.057779 -0.045319 0.800274 0.595121
2817.000000 -11.016511 -42.316039 51.047758 -0.054511 -0.008897 0.800239 0.597133
2818.000000 -10.984075 -42.378667 50.645658 -0.048802 0.015083 0.799772 0.598127
2819.000000 -10.993016 -42.458126 50.243345 -0.040906 0.026021 0.799512 0.598690
2820.000000 -10.990717 -42.529983 49.839298 -0.030979 0.025990 0.799631 0.599129
2821.000000 -10.983338 -42.581162 49.432541 -0.019240 0.018528 0.799938 0.599488
2822.000000 -10.972297 -42.606025 49.022819 -0.006076 0.007033 0.800168 0.599703
2823.000000 -10.970751 -42.642540 48.616072 0.007947 -0.006225 0.800153 0.599712
2824.000000 -10.971701 -42.643408 48.205926 0.022179 -0.020177 0.799824 0.599485
2825.000000 -10.972214 -42.628580 47.796145 0.035990 -0.034499 0.799170 0.599035
2826.000000 -10.988225 -42.608690 47.386607 0.048801 -0.049101 0.798200 0.598401
2827.000000 -10.988460 -42.557202 46.979783 0.060075 -0.063777 0.796953 0.597653
2828.000000 -10.998569 -42.502487 46.573121 0.069355 -0.078027 0.795513 0.596876
2829.000000 -11.012563 -42.425131 46.170469 0.076445 -0.091009 0.794021 0.596158
2830.000000 -11.024022 -42.324666 45.772938 0.081643 -0.101704 0.792668 0.595540
2831.000000 -11.037019 -42.221839 45.375837 0.085843 -0.109290 0.791636 0.594978
2832.000000 -11.035400 -42.100148 44.984077 0.090331 -0.113615 0.791008 0.594338
2833.000000 -11.030108 -41.983219 44.591074 0.096312 -0.115472 0.790700 0.593451
2834.000000 -11.013038 -41.850175 44.203256 0.104432 -0.116431 0.790463 0.592204
2835.000000 -11.012594 -41.737472 43.808822 0.114607 -0.118234 0.789987 0.590598
2836.000000 -11.028951 -41.618503 43.416420 0.126295 -0.122058 0.789032 0.588711
2837.000000 -11.044650 -41.493708 43.026001 0.138984 -0.128073 0.787516 0.586600
2838.000000 -11.091256 -41.361809 42.640286 0.152535 -0.135534 0.785517 0.584232
2839.000000 -11.116530 -41.208466 42.260711 0.167147 -0.143294 0.783196 0.581491
2840.000000 -11.140302 -41.042311 41.886291 0.183033 -0.150379 0.780712 0.578251
2841.000000 -11.177471 -40.871531 41.515952 0.200093 -0.156323 0.778147 0.574468
2842.000000 -11.216102 -40.680551 41.153992 0.217801 -0.161190 0.775504 0.570240
2843.000000 -11.273232 -40.487918 40.796412 0.235305 -0.165410 0.772746 0.565804
2844.000000 -11.339380 -40.281775 40.447947 0.251655 -0.169556 0.769836 0.561491
2845.000000 -11.411506 -40.056831 40.112758 0.265995 -0.174155 0.766771 0.557654
2846.000000 -11.498758 -39.834422 39.779376 0.277648 -0.179604 0.763578 0.554619
2847.000000 -11.605781 -39.601415 39.459249 0.286037 -0.186204 0.760293 0.552689
2848.000000 -11.696412 -39.357087 39.142650 0.290578 -0.194246 0.756929 0.552170
2849.000000 -11.797425 -39.109442 38.831559 0.290722 -0.203997 0.753450 0.553334
2850.000000 -11.908075 -38.852826 38.530939 0.286254 -0.215522 0.749778 0.556276
2851.000000 -12.001976 -38.591097 38.229571 0.277709 -0.228451 0.745837 0.560727
2852.000000 -12.088611 -38.325928 37.928984 0.266587 -0.241912 0.741657 0.565998
2853.000000 -12.175382 -38.057405 37.630919 0.255075 -0.254755 0.737437 0.571159
2854.000000 -12.218155 -37.783685 37.328357 0.245328 -0.265970 0.733501 0.575370
2855.000000 -12.217386 -37.511536 37.021479 0.238717 -0.275045 0.730131 0.578163
2856.000000 -12.228521 -37.235396 36.718203 0.235509 -0.282070 0.727418 0.579513
2857.000000 -12.223146 -36.962463 36.411948 0.235092 -0.287583 0.725233 0.579710
2858.000000 -12.223519 -36.678834 36.115236 0.236523 -0.292289 0.723337 0.579144
2859.000000 -12.225209 -36.396196 35.817658 0.239008 -0.296789 0.721495 0.578132
2860.000000 -12.223797 -36.106881 35.526795 0.242129 -0.301410 0.719574 0.576835
2861.000000 -12.231199 -35.825052 35.228902 0.245796 -0.306133 0.717578 0.575282
2862.000000 -12.227653 -35.524811 34.948982 0.250090 -0.310654 0.715630 0.573430
2863.000000 -12.225370 -35.238469 34.655079 0.255075 -0.314573 0.713904 0.571246
2864.000000 -12.225973 -34.929880 34.384918 0.260670 -0.317670 0.712496 0.568758
2865.000000 -12.223794 -34.626230 34.108941 0.266580 -0.320132 0.711328 0.566094
2866.000000 -12.221290 -34.314371 33.842307 0.272336 -0.322582 0.710122 0.563472
2867.000000 -12.229470 -34.003863 33.574073 0.277420 -0.325854 0.708502 0.561143
2868.000000 -12.245362 -33.690923 33.309070 0.281452 -0.330636 0.706146 0.559306
2869.000000 -12.266722 -33.373834 33.049466 0.284310 -0.337171 0.702919 0.558022
2870.000000 -12.286549 -33.055515 32.791109 0.286125 -0.345205 0.698911 0.557215
2871.000000 -12.298064 -32.732747 32.537938 0.287159 -0.354162 0.694370 0.556739
2872.000000 -12.308234 -32.400277 32.297515 0.287641 -0.363448 0.689573 0.556469
2873.000000 -12.300489 -32.067496 32.057467 0.287669 -0.372684 0.684703 0.556358
2874.000000 -12.303542 -31.726256 31.829427 0.287207 -0.381814 0.679788 0.556434
2875.000000 -12.288975 -31.386450 31.599656 0.286156 -0.391066 0.674695 0.556748
2876.000000 -12.274510 -31.039208 31.381372 0.284428 -0.400846 0.669181 0.557333
2877.000000 -12.261542 -30.689861 31.166283 0.281970 -0.411554 0.662985 0.558182
2878.000000 -12.233057 -30.338969 30.955279 0.278795 -0.423334 0.655978 0.559244
2879.000000 -12.187817 -29.989775 30.745040 0.275101 -0.435837 0.648328 0.560390
2880.000000 -12.156192 -29.634570 30.542561 0.271450 -0.448178 0.640581 0.561344
2881.000000 -12.110681 -29.273200 30.353397 0.268837 -0.459204 0.633567 0.561651
2882.000000 -12.040559 -28.910186 30.175339 0.268479 -0.467968 0.628098 0.560730
2883.000000 -11.949343 -28.549973 30.000817 0.271399 -0.474092 0.624638 0.558038
2884.000000 -11.841501 -28.191099 29.841969 0.277950 -0.477858 0.623104 0.553297
2885.000000 -11.758833 -27.829163 29.675634 0.287507 -0.480055 0.622871 0.546735
2886.000000 -11.683599 -27.461342 29.510606 0.298462 -0.481747 0.622980 0.539200
2887.000000 -11.594769 -27.090851 29.357810 0.308672 -0.483958 0.622487 0.531993
2888.000000 -11.534470 -26.711933 29.214382 0.316295 -0.487242 0.620879 0.526367
2889.000000 -11.521232 -26.325844 29.076512 0.320597 -0.491338 0.618336 0.522940
2890.000000 -11.492239 -25.937676 28.948399 0.322161 -0.495290 0.615622 0.521450
2891.000000 -11.456915 -25.547650 28.828665 0.322291 -0.498167 0.613541 0.521082
2892.000000 -11.424232 -25.159478 28.707490 0.322078 -0.499865 0.612278 0.521072
2893.000000 -11.316838 -24.780906 28.608679 0.321856 -0.501338 0.611174 0.521090
2894.000000 -11.258366 -24.395580 28.487632 0.321446 -0.504007 0.609164 0.521122
2895.000000 -11.237031 -24.008276 28.353441 0.320783 -0.508852 0.605497 0.521096
2896.000000 -11.189062 -23.618331 28.236028 0.320237 -0.515896 0.600154 0.520687
2897.000000 -11.132172 -23.229764 28.120912 0.320385 -0.524401 0.593707 0.519490
2898.000000 -11.064803 -22.843355 28.001803 0.321533 -0.533454 0.586858 0.517341
2899.000000 -10.984618 -22.453371 27.902290 0.323485 -0.542427 0.580058 0.514454
2900.000000 -10.907468 -22.060277 27.812981 0.325718 -0.551072 0.573430 0.511278
2901.000000 -10.840607 -21.662414 27.737743 0.327722 -0.559371 0.566921 0.508236
2902.000000 -10.766827 -21.264026 27.672435 -0.329276 0.567382 -0.560456 -0.505513
2903.000000 -10.681094 -20.871898 27.592139 -0.330536 0.575198 -0.553994 -0.502975
2904.000000 -10.588635 -20.475005 27.543988 -0.331903 0.582935 -0.547510 -0.500260
2905.000000 -10.530562 -20.067927 27.527791 -0.333688 0.590659 -0.541009 -0.497076
2906.000000 -10.406446 -19.684265 27.454185 -0.335727 0.598235 -0.534579 -0.493587
2907.000000 -10.316091 -19.285938 27.417337 -0.337263 0.605260 -0.528435 -0.490581
2908.000000 -10.222512 -18.886772 27.399727 -0.337260 0.611162 -0.522904 -0.489190
2909.000000 -10.133627 -18.486185 27.397884 -0.335014 0.615403 -0.518347 -0.490267
2910.000000 -10.035593 -18.087689 27.400732 -0.330619 0.617638 -0.515098 -0.493850
2911.000000 -9.940372 -17.688471 27.409061 -0.324983 0.617774 -0.513439 -0.499122
2912.000000 -9.841120 -17.290006 27.419387 -0.319350 0.615908 -0.513579 -0.504886
2913.000000 -9.712756 -16.898173 27.407746 -0.314634 0.612230 -0.515579 -0.510253
2914.000000 -9.575699 -16.516298 27.388758 -0.310965 0.606922 -0.519288 -0.515059
2915.000000 -9.428215 -16.134747 27.357305 -0.307765 0.600135 -0.524363 -0.519771
2916.000000 -9.319307 -15.739986 27.338239 -0.304310 0.592043 -0.530392 -0.524943
2917.000000 -9.187545 -15.353485 27.297488 -0.300411 0.582934 -0.537021 -0.530612
2918.000000 -9.078693 -14.959289 27.263008 -0.296749 0.573287 -0.543991 -0.536056
2919.000000 -8.968429 -14.568158 27.208295 -0.294611 0.563742 -0.551100 -0.540081
2920.000000 -8.822118 -14.195981 27.123115 0.295178 -0.554942 0.558136 0.541658
2921.000000 -8.704666 -13.814012 27.032334 0.298798 -0.547284 0.564857 0.540497
2922.000000 -8.590502 -13.431134 26.938444 0.304717 -0.540771 0.571051 0.537229
2923.000000 -8.479704 -13.049917 26.834572 0.311407 -0.535083 0.576632 0.533111
2924.000000 -8.366807 -12.673321 26.718845 0.317276 -0.529812 0.581641 0.529460
2925.000000 -8.317591 -12.270409 26.652089 0.321229 -0.524681 0.586170 0.527188
2926.000000 -8.249381 -11.878003 26.561206 0.322728 -0.519604 0.590261 0.526736
2927.000000 -8.175219 -11.486763 26.462308 0.321476 -0.514619 0.593881 0.528324
2928.000000 -8.100695 -11.099875 26.347822 0.317128 -0.509777 0.596950 0.532172
2929.000000 -8.055684 -10.703517 26.251904 0.309347 -0.505099 0.599369 0.538456
2930.000000 -7.999157 -10.311283 26.145927 0.298053 -0.500580 0.601038 0.547118
2931.000000 -7.934917 -9.924731 26.024422 0.283531 -0.496206 0.601872 0.557799
2932.000000 -7.862137 -9.544136 25.890067 0.266258 -0.491947 0.601818 0.570008
2933.000000 -7.776449 -9.168751 25.747973 0.246602 -0.487757 0.600832 0.583337
2934.000000 -7.682029 -8.801395 25.591374 0.224657 -0.483646 0.598790 0.597550
2935.000000 -7.567262 -8.443647 25.426142 0.200331 -0.479826 0.595405 0.612477
2936.000000 -7.445512 -8.095652 25.245798 0.173645 -0.476812 0.590243 0.627782
2937.000000 -7.300995 -7.759814 25.059124 0.145113 -0.475295 0.582952 0.642810
2938.000000 -7.143697 -7.438454 24.858079 0.116016 -0.475760 0.573629 0.656614
2939.000000 -6.967464 -7.139903 24.638540 0.088359 -0.478076 0.563096 0.668251
2940.000000 -6.770101 -6.862649 24.409244 0.064421 -0.481400 0.552795 0.677143
2941.000000 -6.538199 -6.610920 24.183041 0.046050 -0.484557 0.544269 0.683267
2942.000000 -6.274827 -6.376170 23.973274 0.034088 -0.486662 0.538533 0.687009
2943.000000 -5.991828 -6.162206 23.766970 0.028192 -0.487551 0.535716 0.688845
2944.000000 -5.721929 -5.932999 23.559058 0.027028 -0.487822 0.535122 0.689162
2945.000000 -5.461644 -5.702994 23.340719 0.028641 -0.488488 0.535557 0.688286
2946.000000 -5.184213 -5.494058 23.121926 0.030935 -0.490479 0.535781 0.686595
2947.000000 -4.924839 -5.259899 22.907865 0.032274 -0.494105 0.534978 0.684556
2948.000000 -4.662958 -5.032191 22.688161 0.031942 -0.498580 0.533130 0.682766
2949.000000 -4.429747 -4.773852 22.471821 0.030053 -0.501716 0.531112 0.682128
2950.000000 -4.189679 -4.510959 22.266390 0.026943 -0.500057 0.530370 0.684050
2951.000000 -3.878456 -4.322702 22.075286 0.022758 -0.489702 0.532343 0.690134
2952.000000 -3.586726 -4.103086 21.892786 0.017860 -0.467846 0.537877 0.701063
2953.000000 -3.346504 -3.822012 21.714265 0.013610 -0.434605 0.546866 0.715451
2954.000000 -3.079513 -3.568994 21.531886 0.012414 -0.394087 0.558214 0.730027
2955.000000 -2.786454 -3.372270 21.324911 0.016467 -0.353414 0.570188 0.741426
2956.000000 -2.550759 -3.241989 21.013531 0.026062 -0.319521 0.581036 0.748080
2957.000000 -2.369239 -3.132291 20.659744 0.039025 -0.295645 0.589624 0.750610
2958.000000 -2.248478 -2.989577 20.294468 0.051795 -0.280129 0.595796 0.750914
2959.000000 -2.116241 -2.828148 19.942245 0.061198 -0.268284 0.600220 0.751009
2960.000000 -1.962981 -2.631790 19.614943 0.065566 -0.255647 0.603780 0.752194
2961.000000 -1.827031 -2.432379 19.282345 0.064752 -0.240297 0.606953 0.754767
2962.000000 -1.700124 -2.247010 18.938606 0.059477 -0.223064 0.609662 0.758299
2963.000000 -1.581465 -2.084330 18.581684 0.050729 -0.206060 0.611607 0.762170
2964.000000 -1.488819 -1.949905 18.204402 0.039540 -0.190857 0.612663 0.765934
2965.000000 -1.413884 -1.814515 17.824265 0.027010 -0.177533 0.613010 0.769397
2966.000000 -1.324180 -1.695431 17.441943 0.014289 -0.165000 0.612997 0.772532
2967.000000 -1.212516 -1.600862 17.058688 0.002437 -0.152144 0.612917 0.775357
2968.000000 -1.115648 -1.515445 16.669190 -0.007665 -0.138909 0.612901 0.777816
2969.000000 -0.999508 -1.426347 16.286850 -0.015248 -0.126540 0.612959 0.779767
2970.000000 -0.906506 -1.376374 15.890348 -0.019620 -0.116805 0.613098 0.781078
2971.000000 -0.829057 -1.330982 15.489722 -0.020397 -0.110697 0.613359 0.781742
2972.000000 -0.758002 -1.308043 15.085978 -0.017921 -0.107581 0.613770 0.781915
2973.000000 -0.673810 -1.283364 14.685931 -0.013386 -0.105479 0.614310 0.781869
2974.000000 -0.606913 -1.290749 14.283522 -0.008375 -0.102338 0.614928 0.781870
2975.000000 -0.500114 -1.183832 13.898672 -0.004064 -0.097236 0.615574 0.782047
2976.000000 -0.438289 -1.108502 13.502541 -0.000771 -0.090608 0.616199 0.782360
2977.000000 -0.381787 -1.086148 13.096512 0.001832 -0.083447 0.616772 0.782704
2978.000000 -0.323491 -1.049163 12.692053 0.004148 -0.076344 0.617288 0.783013
2979.000000 -0.277437 -1.007897 12.286453 0.006244 -0.069156 0.617760 0.783295
2980.000000 -0.227472 -0.961425 11.881682 0.007854 -0.061339 0.618200 0.783585
2981.000000 -0.191154 -0.914862 11.475336 0.008708 -0.052487 0.618609 0.783895
2982.000000 -0.147831 -0.884976 11.068387 0.008935 -0.042645 0.618982 0.784196
2983.000000 -0.119214 -0.849474 10.660784 0.009302 -0.032395 0.619312 0.784421
2984.000000 -0.115462 -0.804926 10.251883 0.011004 -0.022791 0.619591 0.784517
2985.000000 -0.080963 -0.793988 9.843477 0.014942 -0.015161 0.619797 0.784473
2986.000000 -0.076147 -0.782998 9.433111 0.020924 -0.010691 0.619896 0.784332
2987.000000 -0.076461 -0.797940 9.023081 0.027476 -0.009897 0.619866 0.784164
2988.000000 -0.078167 -0.786013 8.612602 0.032604 -0.012245 0.619734 0.784039
2989.000000 -0.112354 -0.765358 8.204663 0.034989 -0.016260 0.619563 0.783998
2990.000000 -0.150136 -0.708419 7.799477 0.034659 -0.020171 0.619415 0.784039
2991.000000 -0.152434 -0.671395 7.390355 0.032693 -0.022794 0.619321 0.784126
2992.000000 -0.135022 -0.631546 6.982262 0.030391 -0.024155 0.619270 0.784218
2993.000000 -0.122551 -0.613385 6.571942 0.028692 -0.025489 0.619215 0.784283
2994.000000 -0.131357 -0.569821 6.164018 0.028172 -0.028623 0.619089 0.784293
2995.000000 -0.136009 -0.539891 5.754470 0.029270 -0.035024 0.618824 0.784202
2996.000000 -0.134846 -0.523836 5.344187 0.032276 -0.044958 0.618378 0.783930
2997.000000 -0.133335 -0.499662 4.934382 0.037079 -0.057177 0.617758 0.783410
2998.000000 -0.130764 -0.467319 4.525071 0.042985 -0.069359 0.617059 0.782675
2999.000000 -0.111458 -0.439011 4.117071 0.048871 -0.079098 0.616446 0.781889
3000.000000 -0.050591 -0.322388 3.728396 0.053526 -0.084853 0.616077 0.781271
3001.000000 -0.042767 -0.251693 3.323801 0.055821 -0.086352 0.616009 0.780999
3002.000000 0.003568 -0.167097 2.925255 0.054519 -0.084429 0.616157 0.781185
3003.000000 0.034518 -0.071114 2.527262 0.047911 -0.080691 0.616301 0.781899
3004.000000 0.046539 0.018977 2.126831 0.033888 -0.077267 0.616098 0.783138
3005.000000 0.073134 0.080456 1.722262 0.011029 -0.076368 0.615114 0.784654
3006.000000 0.095705 0.171941 1.323399 -0.019549 -0.079353 0.612985 0.785856
3007.000000 0.114677 0.245311 0.919386 -0.052998 -0.085695 0.609800 0.786124
3008.000000 0.124884 0.250430 0.509046 -0.081897 -0.092926 0.606402 0.785452
3009.000000 0.125137 0.277041 0.099485 -0.099755 -0.098060 0.604024 0.784594
3010.000000 0.216222 0.257712 -0.069607 -0.104689 -0.099092 0.606133 0.782191
3011.000000 0.216222 0.257712 -0.069607 -0.106732 -0.097790 0.616958 0.773568
3012.000000 0.216222 0.257712 -0.069607 -0.108754 -0.096469 0.627661 0.764793
3013.000000 0.129406 0.259001 0.298348 -0.096875 -0.093250 0.629317 0.765428
3014.000000 0.117232 0.246356 0.702752 -0.072518 -0.087328 0.632430 0.766255
3015.000000 0.101817 0.215654 1.105099 -0.039938 -0.080966 0.635933 0.766446
3016.000000 0.091262 0.132907 1.501660 -0.006701 -0.076956 0.638659 0.765603
3017.000000 0.053805 0.047440 1.894565 0.020653 -0.076728 0.640161 0.764121
3018.000000 0.042641 -0.013647 2.294863 0.039179 -0.079709 0.640660 0.762670
3019.000000 0.025374 -0.112829 2.687374 0.049338 -0.084004 0.640606 0.761665
3020.000000 -0.017496 -0.194041 3.081555 0.053185 -0.087459 0.640392 0.761196
3021.000000 -0.045720 -0.281713 3.474855 0.052751 -0.088258 0.640299 0.761213
3022.000000 -0.067884 -0.366169 3.869084 0.049478 -0.085146 0.640484 0.761632
3023.000000 -0.125727 -0.449976 4.258187 0.044447 -0.077692 0.640973 0.762326
3024.000000 -0.132035 -0.478087 4.661767 0.038741 -0.066642 0.641661 0.763105
3025.000000 -0.133706 -0.509025 5.065549 0.033495 -0.053939 0.642370 0.763760
3026.000000 -0.135607 -0.528103 5.469881 0.029630 -0.042110 0.642951 0.764175
3027.000000 -0.135348 -0.546846 5.874446 0.027566 -0.033218 0.643340 0.764362
3028.000000 -0.128749 -0.581646 6.277815 0.027207 -0.028026 0.643552 0.764405
3029.000000 -0.123755 -0.619401 6.680638 0.028206 -0.025810 0.643642 0.764371
3030.000000 -0.139991 -0.638990 7.085079 0.030184 -0.024874 0.643681 0.764294
3031.000000 -0.154170 -0.680562 7.487333 0.032600 -0.023442 0.643733 0.764196
3032.000000 -0.143615 -0.721862 7.889893 0.034468 -0.020524 0.643838 0.764109
3033.000000 -0.102136 -0.773047 8.289590 0.034452 -0.016380 0.643996 0.764077
3034.000000 -0.077469 -0.786534 8.693003 0.031560 -0.012382 0.644170 0.764131
3035.000000 -0.076165 -0.798527 9.097691 0.025989 -0.010324 0.644295 0.764266
3036.000000 -0.076472 -0.782904 9.502104 0.019258 -0.011563 0.644311 0.764434
3037.000000 -0.087208 -0.794581 9.906487 0.013378 -0.016464 0.644198 0.764564
3038.000000 -0.116937 -0.809817 10.309349 0.009669 -0.024359 0.643983 0.764591
3039.000000 -0.120203 -0.855483 10.712546 0.008177 -0.033912 0.643704 0.764479
3040.000000 -0.153771 -0.887272 11.114253 0.008074 -0.043505 0.643398 0.764252
3041.000000 -0.194490 -0.919080 11.515627 0.008543 -0.051382 0.643123 0.763989
3042.000000 -0.231152 -0.965375 11.916220 0.009406 -0.055546 0.642987 0.763802
3043.000000 -0.281610 -1.010696 12.315314 0.011114 -0.053727 0.643119 0.763798
3044.000000 -0.325576 -1.052745 12.715289 0.014339 -0.043729 0.643582 0.763993
3045.000000 -0.333020 -1.093211 13.117343 0.019509 -0.024187 0.644236 0.764196
3046.000000 -0.301505 -1.088018 13.523324 0.026484 0.004576 0.644708 0.763957
3047.000000 -0.267518 -1.082824 13.926611 0.034390 0.040119 0.644547 0.762736
3048.000000 -0.137094 -1.060172 14.309232 0.041723 0.078288 0.643537 0.760257
3049.000000 0.030046 -1.005972 14.675848 0.046838 0.114559 0.641895 0.756739
3050.000000 0.159793 -0.929279 15.049941 0.048673 0.145741 0.640130 0.752744
3051.000000 0.282108 -0.873640 15.431497 0.047295 0.171107 0.638644 0.748745
3052.000000 0.419403 -0.803727 15.805165 0.043906 0.192198 0.637428 0.744861
3053.000000 0.585449 -0.691826 16.157571 0.040345 0.211446 0.636103 0.740969
3054.000000 0.706208 -0.601372 16.532489 0.038380 0.230566 0.634208 0.736985
3055.000000 0.884750 -0.461294 16.864159 0.039150 0.249763 0.631477 0.733023
3056.000000 1.113507 -0.338725 17.177829 0.042929 0.268153 0.627942 0.729342
3057.000000 1.298411 -0.235401 17.520320 0.049263 0.284793 0.623823 0.726162
3058.000000 1.488096 -0.108174 17.854959 0.057350 0.299415 0.619349 0.723511
3059.000000 1.738364 0.004128 18.154829 0.066398 0.312384 0.614675 0.721237
3060.000000 1.962321 0.122757 18.468922 0.075749 0.324186 0.609918 0.719143
3061.000000 2.219785 0.233534 18.762242 0.084837 0.335087 0.605223 0.717095
3062.000000 2.457911 0.352202 19.066053 0.093130 0.345263 0.600761 0.714987
3063.000000 2.731568 0.447130 19.350756 0.100154 0.355177 0.596651 0.712619
3064.000000 3.002673 0.569588 19.626154 0.105506 0.365796 0.592909 0.709591
3065.000000 3.248834 0.680162 19.926928 0.108763 0.378406 0.589487 0.705326
3066.000000 3.537858 0.786702 20.191142 0.109348 0.394087 0.586394 0.699200
3067.000000 3.826681 0.925938 20.438455 0.106591 0.413128 0.583773 0.690777
3068.000000 4.133211 1.070889 20.659804 0.100159 0.434734 0.581813 0.680050
3069.000000 4.422191 1.244373 20.880685 0.090677 0.457252 0.580503 0.667618
3070.000000 4.700718 1.468215 21.071386 0.079988 0.478840 0.579437 0.654650
3071.000000 4.988647 1.692473 21.245532 0.070702 0.498223 0.577836 0.642557
3072.000000 5.272055 1.917903 21.425820 0.065146 0.515127 0.574826 0.632436
3073.000000 5.564869 2.141322 21.592751 0.064346 0.530139 0.569822 0.624592
3074.000000 5.864351 2.348058 21.770079 0.067643 0.544095 0.562866 0.618520
3075.000000 6.189473 2.554321 21.895936 0.073116 0.557431 0.554748 0.613335
3076.000000 6.527617 2.752761 21.996445 0.078540 0.569963 0.546740 0.608316
3077.000000 6.854532 2.966170 22.101617 0.082317 0.581233 0.539998 0.603154
3078.000000 7.163174 3.185678 22.240824 0.083904 0.591028 0.535025 0.597825
3079.000000 7.484066 3.410606 22.343396 0.083643 0.599578 0.531602 0.592376
3080.000000 7.813791 3.629836 22.426575 0.082253 0.607322 0.529143 0.586858
3081.000000 8.154754 3.833137 22.484004 0.080453 0.614546 0.527093 0.581406
3082.000000 8.443979 4.092194 22.603497 0.078807 0.621195 0.525132 0.576318
3083.000000 8.765553 4.327590 22.676343 0.077654 0.626890 0.523233 0.572019
3084.000000 9.096467 4.549964 22.741303 0.077020 0.631035 0.521687 0.568951
3085.000000 9.433260 4.770193 22.769749 0.076673 0.633027 0.520965 0.567445
3086.000000 9.752084 5.001164 22.864907 0.076414 0.632559 0.521365 0.567634
3087.000000 10.048950 5.261301 22.955708 0.076403 0.629865 0.522661 0.569436
3088.000000 10.382887 5.474347 23.039932 0.077189 0.625702 0.524111 0.572579
3089.000000 10.703024 5.704081 23.128242 0.079428 0.621098 0.524781 0.576657
3090.000000 11.024556 5.929840 23.225087 0.083586 0.617061 0.523895 0.581191
3091.000000 11.345039 6.148407 23.338284 0.089829 0.614363 0.520993 0.585709
3092.000000 11.682205 6.349566 23.435350 0.098033 0.613374 0.515976 0.589857
3093.000000 12.029116 6.540099 23.519305 0.107789 0.613914 0.509161 0.593503
3094.000000 12.383605 6.719763 23.594535 0.118443 0.615268 0.501254 0.596793
3095.000000 12.737234 6.899009 23.666661 0.129248 0.616456 0.493142 0.600073
3096.000000 13.093688 7.073665 23.740421 0.139609 0.616637 0.485570 0.603730
3097.000000 13.463847 7.214966 23.817693 0.149259 0.615384 0.478893 0.608019
3098.000000 13.826087 7.373485 23.901034 0.158249 0.612703 0.473069 0.612992
3099.000000 14.190470 7.518364 23.995427 0.166816 0.608852 0.467823 0.618558
3100.000000 14.567045 7.644389 24.073272 0.175216 0.604118 0.462854 0.624586
3101.000000 14.941125 7.766810 24.161851 0.183624 0.598664 0.457961 0.630996
3102.000000 15.316707 7.880810 24.259055 0.192134 0.592446 0.453058 0.637833
3103.000000 15.702393 7.969394 24.342341 0.200856 0.585167 0.448101 0.645324
3104.000000 16.081763 8.069729 24.440455 0.210012 0.576281 0.442987 0.653879
3105.000000 16.460405 8.153770 24.554717 0.219922 0.565117 0.437516 0.663971
3106.000000 16.848137 8.214775 24.652275 0.230862 0.551176 0.431427 0.675854
3107.000000 17.225561 8.255947 24.792167 0.242913 0.534522 0.424490 0.689266
3108.000000 17.601618 8.255148 24.940607 0.255959 0.516012 0.416559 0.703346
3109.000000 17.966615 8.248032 25.113443 0.269871 0.497143 0.407568 0.716873
3110.000000 18.335455 8.220825 25.276819 0.284691 0.479554 0.397491 0.728684
3111.000000 18.702331 8.162703 25.436712 0.300617 0.464483 0.386333 0.737992
3112.000000 19.062961 8.105036 25.610453 0.317770 0.452504 0.374189 0.744477
3113.000000 19.425604 8.010885 25.764010 0.335933 0.443591 0.361341 0.748204
3114.000000 19.786875 7.892332 25.901533 0.354432 0.437359 0.348304 0.749519
3115.000000 20.150349 7.776277 26.037548 0.372238 0.433284 0.335787 0.748966
3116.000000 20.504880 7.623744 26.158698 0.388233 0.430827 0.324553 0.747214
3117.000000 20.867459 7.481865 26.268347 0.401505 0.429483 0.315228 0.744963
3118.000000 21.224471 7.331940 26.385244 0.411566 0.428796 0.308147 0.742827
3119.000000 21.586189 7.176209 26.479103 0.418418 0.428387 0.303295 0.741231
3120.000000 21.943140 7.028548 26.599629 0.422450 0.428024 0.300388 0.740337
3121.000000 22.303312 6.868341 26.695188 0.424256 0.427682 0.299029 0.740051
3122.000000 22.658350 6.720426 26.820001 0.424434 0.427498 0.298851 0.740128
3123.000000 23.013806 6.563395 26.933695 0.423411 0.427612 0.299597 0.740347
3124.000000 23.377542 6.422662 27.041918 0.421334 0.427986 0.301151 0.740685
3125.000000 23.739513 6.276044 27.148061 0.418047 0.428367 0.303543 0.741350
3126.000000 24.098653 6.127009 27.260535 0.413196 0.428419 0.306918 0.742649
3127.000000 24.458426 5.997194 27.392790 0.406455 0.427953 0.311431 0.744756
3128.000000 24.818067 5.863315 27.521173 0.397819 0.427080 0.317094 0.747525
3129.000000 25.179353 5.741905 27.657059 0.387861 0.426229 0.323594 0.750453
3130.000000 25.536048 5.633192 27.813796 0.377818 0.425981 0.330211 0.752831
3131.000000 25.891000 5.548786 27.989446 0.369389 0.426679 0.335891 0.754105
3132.000000 26.246383 5.446620 28.153578 0.364247 0.427867 0.339472 0.754329
3133.000000 26.621322 5.370012 28.285276 0.363548 0.427903 0.339933 0.754438
3134.000000 26.989983 5.273441 28.423013 0.367745 0.424241 0.336521 0.756000
3135.000000 27.363122 5.161198 28.530770 0.376747 0.414545 0.328763 0.760348
3136.000000 27.708261 5.049410 28.708141 0.390175 0.398065 0.316517 0.767544
3137.000000 28.014090 4.846087 28.888547 0.407451 0.376355 0.300213 0.776024
3138.000000 28.293656 4.611103 29.066279 0.427691 0.352695 0.281065 0.783383
3139.000000 28.595069 4.383411 29.210385 0.449524 0.330525 0.260934 0.787778
3140.000000 28.861991 4.108606 29.343135 0.470974 0.311916 0.241839 0.788927
3141.000000 29.130598 3.840896 29.483617 0.489549 0.297085 0.225452 0.788197
3142.000000 29.386719 3.536318 29.566116 0.502635 0.284993 0.212879 0.787921
3143.000000 29.626685 3.227771 29.672162 0.508144 0.274333 0.204644 0.790349
3144.000000 29.892914 2.956127 29.808396 0.505140 0.264197 0.200711 0.796711
3145.000000 30.117824 2.663995 29.977720 0.494133 0.254255 0.200520 0.806833
3146.000000 30.337004 2.381230 30.168957 0.476822 0.244590 0.203142 0.819481
3147.000000 30.592762 2.143005 30.372227 0.455407 0.235422 0.207552 0.833128
3148.000000 30.806803 1.882722 30.598274 0.431866 0.226915 0.212889 0.846569
3149.000000 31.018967 1.646698 30.849261 0.407587 0.219122 0.218573 0.859118
3150.000000 31.238340 1.431023 31.112987 0.383397 0.212027 0.224270 0.870491
3151.000000 31.440349 1.218337 31.391443 0.359744 0.205552 0.229797 0.880639
3152.000000 31.649817 1.045417 31.691636 0.336768 0.199526 0.235060 0.889676
3153.000000 31.841261 0.843406 31.985545 0.314272 0.193702 0.240055 0.897823
3154.000000 32.043794 0.685710 32.297520 0.291782 0.187902 0.244883 0.905311
3155.000000 32.215214 0.529284 32.629242 0.268737 0.182229 0.249726 0.912255
3156.000000 32.397635 0.398087 32.966100 0.244755 0.177228 0.254798 0.918566
3157.000000 32.559602 0.277211 33.316056 0.219783 0.173833 0.260263 0.923981
3158.000000 32.714546 0.170161 33.674663 0.194133 0.173000 0.266149 0.928196
3159.000000 32.852722 0.104237 34.048913 0.168439 0.175156 0.272281 0.931027
3160.000000 33.045962 0.061409 34.402284 0.143604 0.179795 0.278300 0.932524
3161.000000 33.224927 0.043734 34.764996 0.120678 0.185602 0.283797 0.932978
3162.000000 33.373367 0.025768 35.141304 0.100581 0.191069 0.288477 0.932822
3163.000000 33.553234 0.038012 35.504211 0.083658 0.195146 0.292280 0.932465
3164.000000 33.716961 0.045752 35.873231 0.069227 0.197450 0.295422 0.932173
3165.000000 33.862771 0.040612 36.250801 0.055483 0.198011 0.298345 0.932043
3166.000000 34.056348 0.049359 36.606272 0.040081 0.196954 0.301566 0.932020
3167.000000 34.208728 0.071216 36.981143 0.021332 0.194491 0.305412 0.931902
3168.000000 34.333654 0.141058 37.359303 -0.000628 0.191169 0.309783 0.931391
3169.000000 34.444929 0.239915 37.735792 -0.023545 0.188000 0.314148 0.930276
3170.000000 34.548959 0.353512 38.109067 -0.043985 0.186171 0.317795 0.928661
3171.000000 34.657287 0.467979 38.482945 -0.058979 0.186445 0.320199 0.926948
3172.000000 34.784335 0.581210 38.848597 -0.067313 0.188704 0.321239 0.925562
3173.000000 34.916596 0.681256 39.219054 -0.069756 0.191976 0.321194 0.924724
3174.000000 35.059889 0.777093 39.584857 -0.068312 0.194940 0.320563 0.924430
3175.000000 35.196348 0.882395 39.950987 -0.065131 0.196590 0.319819 0.924568
3176.000000 35.328554 0.967311 40.324044 -0.061749 0.196638 0.319244 0.924989
3177.000000 35.451579 1.066139 40.696458 -0.058910 0.195491 0.318905 0.925534
3178.000000 35.582700 1.151308 41.069705 -0.056786 0.193833 0.318747 0.926069
3179.000000 35.705886 1.240871 41.444598 -0.055289 0.192130 0.318697 0.926532
3180.000000 35.845847 1.329978 41.813712 -0.054282 0.190361 0.318734 0.926944
3181.000000 35.972085 1.426067 42.185777 -0.053716 0.188207 0.318887 0.927364
3182.000000 36.100560 1.503784 42.561691 -0.053828 0.185598 0.319201 0.927775
3183.000000 36.220284 1.592984 42.937642 -0.055412 0.183346 0.319710 0.927954
3184.000000 36.331900 1.676009 43.317714 -0.060003 0.183476 0.320432 0.927394
3185.000000 36.444533 1.754725 43.698116 -0.069674 0.188895 0.321341 0.925313
3186.000000 36.544103 1.824774 44.083801 -0.086281 0.202316 0.322289 0.920735
3187.000000 36.671944 1.982388 44.432287 -0.110372 0.224783 0.322930 0.912692
3188.000000 36.849105 2.180739 44.739492 -0.140388 0.254587 0.322801 0.900709
3189.000000 37.013499 2.407047 45.033209 -0.172804 0.287365 0.321672 0.885487
3190.000000 37.201702 2.682299 45.260540 -0.203368 0.317512 0.319932 0.869179
3191.000000 37.405804 2.976942 45.457472 -0.228794 0.340140 0.318614 0.854660
3192.000000 37.586816 3.236686 45.707371 -0.247927 0.352515 0.318960 0.844115
3193.000000 37.776722 3.504335 45.943923 -0.261777 0.354443 0.321829 0.838015
3194.000000 37.941704 3.789206 46.181803 -0.272610 0.347798 0.327346 0.835203
3195.000000 38.057264 4.065500 46.453530 -0.282722 0.335585 0.334931 0.833830
3196.000000 38.204509 4.356221 46.697101 -0.293567 0.320880 0.343610 0.832338
3197.000000 38.271597 4.636723 46.978167 -0.305472 0.305986 0.352422 0.829975
3198.000000 38.373059 4.951018 47.211619 -0.317839 0.292113 0.360692 0.826771
3199.000000 38.468353 5.265485 47.449121 -0.329495 0.279687 0.368036 0.823260
3200.000000 38.506115 5.571906 47.711361 -0.339020 0.269003 0.374167 0.820184
3201.000000 38.554597 5.882935 47.964076 -0.345011 0.260609 0.378747 0.818292
3202.000000 38.574659 6.197317 48.218224 -0.346369 0.255071 0.381488 0.818190
3203.000000 38.645220 6.519841 48.453228 -0.342635 0.252375 0.382412 0.820164
3204.000000 38.721264 6.813723 48.718770 -0.334242 0.251658 0.381969 0.824045
3205.000000 38.814631 7.083524 49.005361 -0.322457 0.251600 0.380848 0.829261
3206.000000 38.869248 7.377050 49.278425 -0.308906 0.251092 0.379652 0.835101
3207.000000 38.968012 7.639199 49.570526 -0.294965 0.249578 0.378732 0.840993
3208.000000 39.045149 7.901595 49.869119 -0.281408 0.246864 0.378235 0.846644
3209.000000 39.152459 8.157434 50.163437 -0.268449 0.242851 0.378212 0.852006
3210.000000 39.239715 8.399344 50.475633 -0.255929 0.237589 0.378613 0.857149
3211.000000 39.321485 8.639728 50.790710 -0.243472 0.231608 0.379185 0.862147
3212.000000 39.397551 8.849798 51.128867 -0.230629 0.226093 0.379464 0.867006
3213.000000 39.467657 9.072057 51.459734 -0.217156 0.222579 0.378931 0.871615
3214.000000 39.559824 9.269379 51.800066 -0.203368 0.222320 0.377270 0.875718
3215.000000 39.681736 9.463103 52.133013 -0.190320 0.225830 0.374513 0.878931
3216.000000 39.792435 9.644080 52.477657 -0.179576 0.232972 0.370983 0.880822
3217.000000 39.944700 9.813996 52.810454 -0.172563 0.243515 0.367033 0.881027
3218.000000 40.065038 10.006660 53.145023 -0.169810 0.257713 0.362742 0.879299
3219.000000 40.202742 10.212678 53.464815 -0.170473 0.276522 0.357691 0.875518
3220.000000 40.378168 10.415795 53.767881 -0.172432 0.301308 0.350962 0.869659
3221.000000 40.545715 10.653673 54.046919 -0.172997 0.332989 0.341428 0.861752
3222.000000 40.748265 10.889011 54.304310 -0.170040 0.370668 0.328469 0.851939
3223.000000 40.955813 11.104202 54.561755 -0.163124 0.410342 0.312952 0.840875
3224.000000 41.320416 11.264572 54.670604 -0.153987 0.444978 0.297784 0.830426
3225.000000 41.692217 11.437577 54.757131 -0.145846 0.466807 0.287054 0.823663
3226.000000 41.988392 11.621268 54.953113 -0.141593 0.470782 0.283864 0.823248
3227.000000 42.231042 11.833477 55.195778 -0.142028 0.457000 0.288438 0.829326
3228.000000 42.439503 12.043171 55.470688 -0.145577 0.430734 0.298111 0.839289
3229.000000 42.635027 12.245779 55.760346 -0.149707 0.400017 0.309107 0.849722
3230.000000 42.831718 12.444519 56.050958 -0.152701 0.372032 0.318562 0.858366
3231.000000 43.022715 12.637839 56.349594 -0.154433 0.350590 0.325422 0.864487
3232.000000 43.215480 12.826791 56.649710 -0.155985 0.336042 0.330070 0.868216
3233.000000 43.393472 13.022560 56.955581 -0.158733 0.326864 0.333437 0.869933
3234.000000 43.568442 13.227073 57.257142 -0.163554 0.321258 0.336307 0.870024
3235.000000 43.744432 13.429887 57.560176 -0.170511 0.317875 0.339067 0.868859
3236.000000 43.907613 13.657620 57.851839 -0.179003 0.315772 0.341807 0.866841
3237.000000 44.072203 13.880766 58.145589 -0.188123 0.314114 0.344528 0.864432
3238.000000 44.237693 14.108737 58.436071 -0.196983 0.311947 0.347301 0.862130
3239.000000 44.395021 14.347961 58.722224 -0.204865 0.308189 0.350313 0.860425
3240.000000 44.542757 14.588923 59.011597 -0.211234 0.301813 0.353803 0.859717
3241.000000 44.684347 14.830124 59.303823 -0.215741 0.292152 0.357938 0.860223
3242.000000 44.806478 15.071393 59.604346 -0.218291 0.279219 0.362703 0.861877
3243.000000 44.917503 15.299513 59.919522 -0.219135 0.263887 0.367853 0.864307
3244.000000 45.007553 15.517089 60.248082 -0.218886 0.247829 0.372948 0.866937
3245.000000 45.087427 15.735030 60.579102 -0.218389 0.233156 0.377463 0.869176
3246.000000 45.158763 15.947232 60.915927 -0.218486 0.221887 0.380934 0.870586
3247.000000 45.232695 16.163078 61.250048 -0.219793 0.215439 0.383049 0.870948
3248.000000 45.302919 16.380886 61.583750 -0.222570 0.214334 0.383705 0.870226
3249.000000 45.382436 16.610244 61.907437 -0.226726 0.218184 0.382993 0.868509
3250.000000 45.474041 16.845830 62.223460 -0.231919 0.225910 0.381162 0.865964
3251.000000 45.569554 17.090733 62.531263 -0.237699 0.236087 0.378561 0.862817
3252.000000 45.674600 17.340959 62.831487 -0.243645 0.247303 0.375565 0.859319
3253.000000 45.785929 17.597781 63.123825 -0.249466 0.258433 0.372506 0.855698
3254.000000 45.902932 17.858359 63.410542 -0.255018 0.268762 0.369620 0.852123
3255.000000 46.019070 18.125532 63.691515 -0.260202 0.277961 0.367029 0.848718
3256.000000 46.142728 18.389601 63.972047 -0.264691 0.285962 0.364722 0.845661
3257.000000 46.263006 18.669295 64.238670 -0.267535 0.292791 0.362544 0.843362
3258.000000 46.389961 18.947077 64.504041 -0.266961 0.298436 0.360199 0.842570
3259.000000 46.516771 19.228950 64.765303 -0.260984 0.302804 0.357351 0.844096
3260.000000 46.642492 19.510945 65.026627 -0.249262 0.305787 0.353904 0.848007
3261.000000 46.775637 19.792666 65.284018 -0.235432 0.307424 0.350447 0.852789
3262.000000 46.862672 19.894093 65.435869 -0.230086 0.307821 0.349162 0.854630
3263.000000 46.706422 19.655590 65.152759 -0.242190 0.306761 0.352101 0.850451
3264.000000 46.578654 19.369423 64.897003 -0.255731 0.304472 0.355688 0.845804
3265.000000 46.453246 19.087464 64.635315 -0.264737 0.300788 0.358855 0.843009
3266.000000 46.327236 18.807525 64.371727 -0.267810 0.295766 0.361415 0.842721
3267.000000 46.199485 18.529434 64.106967 -0.266412 0.289522 0.363633 0.844377
3268.000000 46.081230 18.258463 63.830790 -0.262573 0.282110 0.365846 0.847128
3269.000000 45.960568 17.991060 63.552006 -0.257666 0.273511 0.368285 0.850392
3270.000000 45.842433 17.728361 63.267762 -0.252280 0.263726 0.371031 0.853897
3271.000000 45.730355 17.467841 62.978992 -0.246583 0.252934 0.374026 0.857511
3272.000000 45.622462 17.215213 62.681743 -0.240673 0.241644 0.377090 0.861097
3273.000000 45.521504 16.966893 62.378549 -0.234765 0.230784 0.379934 0.864450
3274.000000 45.425895 16.727403 62.066585 -0.229220 0.221648 0.382197 0.867327
3275.000000 45.343216 16.494533 61.746171 -0.224492 0.215695 0.383507 0.869483
3276.000000 45.267073 16.270640 61.417942 -0.220996 0.214223 0.383558 0.870719
3277.000000 45.193283 16.054347 61.084185 -0.218964 0.218005 0.382172 0.870904
3278.000000 45.123488 15.843788 60.745896 -0.218317 0.226988 0.379353 0.870003
3279.000000 45.045324 15.631045 60.410675 -0.218613 0.240184 0.375310 0.868138
3280.000000 44.964099 15.413944 60.079571 -0.219098 0.255821 0.370440 0.865636
3281.000000 44.864801 15.186909 59.759878 -0.218896 0.271764 0.365254 0.863028
3282.000000 44.744127 14.954641 59.451279 -0.217254 0.286061 0.360252 0.860923
3283.000000 44.610308 14.715127 59.154756 -0.213733 0.297411 0.355785 0.859815
3284.000000 44.470376 14.467723 58.866940 -0.208265 0.305382 0.351985 0.859927
3285.000000 44.315526 14.228758 58.579298 -0.201084 0.310335 0.348762 0.861175
3286.000000 44.155218 13.995246 58.289487 -0.192635 0.313160 0.345898 0.863236
3287.000000 43.992020 13.758898 58.005851 -0.183543 0.314943 0.343168 0.865655
3288.000000 43.831570 13.539309 57.706175 -0.174619 0.316715 0.340440 0.867929
3289.000000 43.657645 13.329817 57.406961 -0.166792 0.319354 0.337690 0.869574
3290.000000 43.482295 13.124723 57.105471 -0.160861 0.323711 0.334901 0.870159
3291.000000 43.308807 12.919822 56.803340 -0.157137 0.330901 0.331856 0.869301
3292.000000 43.113006 12.743981 56.496381 -0.155141 0.342528 0.327966 0.866628
3293.000000 42.925943 12.548670 56.195913 -0.153676 0.360405 0.322316 0.861745
3294.000000 42.734837 12.356620 55.896608 -0.151391 0.385353 0.314136 0.854343
3295.000000 42.538386 12.154571 55.607468 -0.147711 0.415422 0.303662 0.844627
3296.000000 42.345733 11.939117 55.324932 -0.143572 0.444949 0.292874 0.834046
3297.000000 42.117806 11.733958 55.061035 -0.141278 0.465885 0.285294 0.825590
3298.000000 41.849857 11.527598 54.839926 -0.143121 0.471154 0.284423 0.822577
3299.000000 41.514119 11.347193 54.706987 -0.149578 0.457911 0.291619 0.826379
3300.000000 41.126209 11.187445 54.628725 -0.158649 0.428798 0.305075 0.835399
3301.000000 40.833470 11.003088 54.450416 -0.167018 0.390641 0.320895 0.846482
3302.000000 40.655997 10.763146 54.175813 -0.172036 0.351247 0.335369 0.857063
3303.000000 40.455308 10.532469 53.913637 -0.173050 0.316282 0.346607 0.865958
3304.000000 40.289514 10.312316 53.618129 -0.171458 0.288086 0.354608 0.872847
3305.000000 40.124842 10.110059 53.308761 -0.169823 0.266458 0.360359 0.877668
3306.000000 40.012119 9.911489 52.974444 -0.170673 0.250113 0.364944 0.880415
3307.000000 39.867993 9.711748 52.651709 -0.175542 0.237819 0.369046 0.881154
3308.000000 39.738124 9.563932 52.299466 -0.184559 0.228967 0.372819 0.880067
3309.000000 39.624631 9.353706 51.972446 -0.196660 0.223602 0.376013 0.877463
3310.000000 39.508912 9.182103 51.624553 -0.210252 0.221991 0.378248 0.873752
3311.000000 39.434436 8.966764 51.290144 -0.223968 0.223994 0.379326 0.869354
3312.000000 39.361560 8.747922 50.957872 -0.237123 0.228698 0.379395 0.864598
3313.000000 39.278040 8.514427 50.638019 -0.249722 0.234629 0.378903 0.859663
3314.000000 39.194587 8.273704 50.323613 -0.262154 0.240358 0.378370 0.854599
3315.000000 39.097407 8.027550 50.018451 -0.274857 0.245023 0.378164 0.849358
3316.000000 39.001618 7.775197 49.717886 -0.288114 0.248377 0.378426 0.843856
3317.000000 38.921030 7.510767 49.421224 -0.301921 0.250477 0.379145 0.838066
3318.000000 38.831048 7.230419 49.144181 -0.315804 0.251450 0.380231 0.832145
3319.000000 38.778430 6.941355 48.865417 -0.328672 0.251628 0.381450 0.826531
3320.000000 38.677415 6.678526 48.575039 -0.338957 0.251849 0.382320 0.821895
3321.000000 38.612241 6.356805 48.337607 -0.345134 0.253403 0.382158 0.818917
3322.000000 38.555180 6.039698 48.093290 -0.346317 0.257464 0.380356 0.817989
3323.000000 38.540239 5.727038 47.836513 -0.342536 0.264478 0.376673 0.819047
3324.000000 38.488642 5.417694 47.581228 -0.334615 0.274100 0.371273 0.821620
3325.000000 38.428343 5.111817 47.323610 -0.323842 0.285705 0.364497 0.825010
3326.000000 38.316133 4.790020 47.100991 -0.311662 0.298884 0.356653 0.828452
3327.000000 38.247291 4.496574 46.834365 -0.299406 0.313357 0.348050 0.831279
3328.000000 38.133633 4.210597 46.574917 -0.288007 0.328375 0.339198 0.833166
3329.000000 37.997870 3.926702 46.318755 -0.277639 0.342185 0.330937 0.834450
3330.000000 37.866184 3.647194 46.058481 -0.267415 0.352018 0.324279 0.836311
3331.000000 37.679085 3.364413 45.833005 -0.255386 0.354706 0.320053 0.840552
3332.000000 37.501631 3.114564 45.570598 -0.239127 0.347678 0.318511 0.848816
3333.000000 37.304198 2.830587 45.357602 -0.216851 0.329997 0.319140 0.861526
3334.000000 37.103205 2.538878 45.155842 -0.188564 0.303111 0.320826 0.877290
3335.000000 36.931850 2.289128 44.890771 -0.156565 0.270948 0.322355 0.893399
3336.000000 36.759465 2.078192 44.587979 -0.124824 0.238989 0.322987 0.907184
3337.000000 36.598935 1.895271 44.265614 -0.097435 0.212455 0.322677 0.917196
3338.000000 36.490959 1.782409 43.893255 -0.077033 0.194484 0.321827 0.923401
3339.000000 36.389420 1.720032 43.506725 -0.064070 0.185333 0.320868 0.926602
3340.000000 36.277128 1.633562 43.127598 -0.057209 0.182943 0.320044 0.927810
3341.000000 36.160489 1.554898 42.748161 -0.054358 0.184329 0.319429 0.927919
3342.000000 36.036694 1.461830 42.374340 -0.053654 0.186935 0.319021 0.927578
3343.000000 35.915416 1.380235 41.996998 -0.053938 0.189350 0.318794 0.927150
3344.000000 35.773643 1.280447 41.631270 -0.054731 0.191271 0.318704 0.926740
3345.000000 35.643921 1.196652 41.257220 -0.055968 0.192977 0.318711 0.926310
3346.000000 35.521795 1.104624 40.882333 -0.057761 0.194686 0.318809 0.925809
3347.000000 35.387250 1.021063 40.510259 -0.060242 0.196171 0.319047 0.925255
3348.000000 35.260816 0.924155 40.138259 -0.063402 0.196802 0.319501 0.924753
3349.000000 35.128864 0.832353 39.766929 -0.066824 0.195967 0.320182 0.924454
3350.000000 34.987335 0.729222 39.401964 -0.069378 0.193573 0.320919 0.924515
3351.000000 34.850245 0.631912 39.034801 -0.069162 0.190296 0.321323 0.925071
3352.000000 34.717869 0.527159 38.663778 -0.063972 0.187372 0.320880 0.926194
3353.000000 34.611165 0.415130 38.292112 -0.052288 0.186029 0.319171 0.927787
3354.000000 34.490122 0.291952 37.926058 -0.034290 0.186853 0.316102 0.929510
3355.000000 34.391772 0.191298 37.546571 -0.012172 0.189489 0.312011 0.930911
3356.000000 34.266077 0.095479 37.174159 0.010656 0.192884 0.307557 0.931714
3357.000000 34.139996 0.057667 36.790608 0.031168 0.195875 0.303406 0.931991
3358.000000 33.957978 0.042488 36.429555 0.048126 0.197676 0.299890 0.932027
3359.000000 33.783671 0.043029 36.064536 0.062415 0.197941 0.296877 0.932088
3360.000000 33.642996 0.044477 35.685290 0.076220 0.196523 0.293910 0.932301
3361.000000 33.459015 0.030242 35.324834 0.091737 0.193319 0.290481 0.932648
3362.000000 33.301525 0.036172 34.952447 0.110235 0.188460 0.286249 0.932948
3363.000000 33.139182 0.048361 34.581303 0.131837 0.182651 0.281137 0.932855
3364.000000 32.946126 0.082496 34.227186 0.155850 0.177234 0.275331 0.931929
3365.000000 32.786573 0.141585 33.861365 0.181240 0.173713 0.269203 0.929788
3366.000000 32.638764 0.224960 33.494813 0.207010 0.173050 0.263159 0.926255
3367.000000 32.470211 0.334504 33.143611 0.232382 0.175264 0.257475 0.921405
3368.000000 32.311130 0.462315 32.794437 0.256875 0.179592 0.252221 0.915503
3369.000000 32.129333 0.607678 32.463708 0.280359 0.185026 0.247289 0.908852
3370.000000 31.937805 0.757955 32.141170 0.303063 0.190802 0.242480 0.901638
3371.000000 31.751256 0.946067 31.836103 0.325485 0.196604 0.237587 0.893845
3372.000000 31.544580 1.132562 31.542114 0.348176 0.202498 0.232464 0.885285
3373.000000 31.339305 1.319255 31.248629 0.371488 0.208720 0.227063 0.875714
3374.000000 31.132783 1.543153 30.980936 0.395445 0.215490 0.221434 0.864959
3375.000000 30.908892 1.757205 30.720711 0.419756 0.222929 0.215713 0.852980
3376.000000 30.704281 2.014354 30.482080 0.443801 0.231081 0.210147 0.839929
3377.000000 30.465044 2.260833 30.268668 0.466492 0.239931 0.205184 0.826268
3378.000000 30.223769 2.517735 30.071458 0.486130 0.249375 0.201545 0.812939
3379.000000 30.010447 2.812597 29.889459 0.500552 0.259203 0.200200 0.801362
3380.000000 29.758689 3.089058 29.736092 0.507708 0.269233 0.202163 0.793018
3381.000000 29.505132 3.379103 29.615671 0.506428 0.279555 0.208208 0.788688
3382.000000 29.264007 3.692566 29.523000 0.496929 0.290782 0.218643 0.787847
3383.000000 28.993719 3.974034 29.418423 0.480788 0.304075 0.233224 0.788662
3384.000000 28.731060 4.248335 29.275576 0.460443 0.320721 0.251141 0.788707
3385.000000 28.448216 4.504093 29.142202 0.438517 0.341250 0.270993 0.786011
3386.000000 28.152022 4.726089 28.979572 0.417273 0.364536 0.290889 0.779987
3387.000000 27.866143 4.956267 28.798208 0.398378 0.387683 0.308816 0.771770
3388.000000 27.540599 5.118339 28.617904 0.382939 0.407109 0.323191 0.763654
3389.000000 27.176459 5.216904 28.476320 0.371664 0.420245 0.333204 0.757783
3390.000000 26.806164 5.323065 28.353720 0.365031 0.426703 0.338747 0.754936
3391.000000 26.433270 5.406503 28.220065 0.363298 0.428177 0.340146 0.754307
3392.000000 26.067859 5.501365 28.075633 0.366319 0.427285 0.338013 0.754311
3393.000000 25.713728 5.590856 27.901149 0.373290 0.426215 0.333241 0.753622
3394.000000 25.357966 5.681416 27.730456 0.382750 0.425996 0.326948 0.751755
3395.000000 25.000986 5.804418 27.584896 0.392943 0.426616 0.320275 0.749012
3396.000000 24.639634 5.927962 27.450736 0.402354 0.427547 0.314130 0.746081
3397.000000 24.278701 6.062503 27.326928 0.410073 0.428252 0.309026 0.743602
3398.000000 23.918360 6.198264 27.202296 0.415841 0.428452 0.305096 0.741904
3399.000000 23.559831 6.352776 27.095269 0.419861 0.428197 0.302235 0.740957
3400.000000 23.194598 6.490467 26.987936 0.422508 0.427778 0.300274 0.740492
3401.000000 22.835522 6.641692 26.878353 0.424056 0.427514 0.299119 0.740227
3402.000000 22.481300 6.793795 26.754887 0.424517 0.427559 0.298812 0.740061
3403.000000 22.123706 6.950700 26.649037 0.423592 0.427844 0.299540 0.740132
3404.000000 21.763497 7.101914 26.542086 0.420752 0.428206 0.301622 0.740697
3405.000000 21.405653 7.256581 26.434828 0.415376 0.428576 0.305455 0.741945
3406.000000 21.045298 7.399197 26.319608 0.406948 0.429084 0.311400 0.743848
3407.000000 20.687662 7.559115 26.216250 0.395251 0.430046 0.319623 0.746109
3408.000000 20.324639 7.700888 26.107352 0.380527 0.431885 0.329965 0.748196
3409.000000 19.971064 7.837794 25.966293 0.363493 0.435086 0.341932 0.749437
3410.000000 19.602327 7.948852 25.840529 0.345199 0.440171 0.354805 0.749133
3411.000000 19.243608 8.058386 25.689447 0.326757 0.447683 0.367826 0.746669
3412.000000 18.881712 8.126301 25.523230 0.309043 0.458097 0.380372 0.741591
3413.000000 18.518660 8.199088 25.360159 0.292503 0.471652 0.392044 0.733681
3414.000000 18.153690 8.239507 25.189775 0.277157 0.488097 0.402666 0.723053
3415.000000 17.784474 8.237908 25.025895 0.262809 0.506516 0.412198 0.710257
3416.000000 17.411958 8.261551 24.870749 0.249322 0.525416 0.420654 0.696295
3417.000000 17.035678 8.237699 24.724419 0.236753 0.543153 0.428076 0.682410
3418.000000 16.654415 8.186336 24.602026 0.225253 0.558507 0.434565 0.669690
3419.000000 16.267145 8.113332 24.513085 0.214852 0.571024 0.440312 0.658707
3420.000000 15.893970 8.019516 24.384626 0.205361 0.580967 0.445574 0.649437
3421.000000 15.508884 7.928664 24.299732 0.196458 0.588968 0.450590 0.641475
3422.000000 15.129276 7.829147 24.202756 0.187861 0.595663 0.455513 0.634352
3423.000000 14.759244 7.698416 24.105311 0.179412 0.601478 0.460405 0.627744
3424.000000 14.378416 7.584045 24.031232 0.171024 0.606581 0.465319 0.621521
3425.000000 14.013399 7.442980 23.932447 0.162568 0.610904 0.470394 0.615709
3426.000000 13.641461 7.300271 23.865362 0.153824 0.614209 0.475888 0.610423
3427.000000 13.274860 7.147487 23.794110 0.144526 0.616198 0.482114 0.605788
3428.000000 12.918269 6.981310 23.701683 0.134509 0.616710 0.489256 0.601834
3429.000000 12.553775 6.815627 23.646545 0.123870 0.615943 0.497170 0.598408
3430.000000 12.202734 6.638339 23.554255 0.113051 0.614549 0.505289 0.595174
3431.000000 11.855667 6.445175 23.476099 0.102753 0.613487 0.512757 0.591740
3432.000000 11.511700 6.247965 23.395390 0.093705 0.613652 0.518739 0.587844
3433.000000 11.192733 6.031092 23.276033 0.086449 0.615510 0.522711 0.583479
3434.000000 10.865073 5.814854 23.177397 0.081250 0.618953 0.524569 0.578898
3435.000000 10.545412 5.590424 23.072092 0.078091 0.623389 0.524598 0.574530
3436.000000 10.213011 5.371213 23.002181 0.076653 0.627905 0.523426 0.570863
3437.000000 9.896393 5.135834 22.909553 0.076349 0.631453 0.521938 0.568347
3438.000000 9.598116 4.879546 22.814254 0.076533 0.633100 0.521024 0.567328
3439.000000 9.258180 4.668466 22.763206 0.076829 0.632330 0.521195 0.567990
3440.000000 8.933037 4.438616 22.695411 0.077283 0.629197 0.522387 0.570307
3441.000000 8.605641 4.206962 22.644472 0.078159 0.624196 0.524163 0.574041
3442.000000 8.292620 3.969742 22.549748 0.079583 0.617960 0.526110 0.578792
3443.000000 7.985704 3.726358 22.464554 0.081365 0.610994 0.528093 0.584109
3444.000000 7.653293 3.517718 22.376323 0.083041 0.603526 0.530291 0.589620
3445.000000 7.320558 3.303964 22.290124 0.083963 0.595431 0.533153 0.595113
3446.000000 7.015526 3.069392 22.166637 0.083378 0.586310 0.537290 0.600507
3447.000000 6.687484 2.866627 22.046162 0.080694 0.575780 0.543161 0.605758
3448.000000 6.361102 2.649596 21.946517 0.075957 0.563826 0.550648 0.610834
3449.000000 6.022550 2.454552 21.838813 0.070251 0.550839 0.558878 0.615871
3450.000000 5.712237 2.244259 21.685603 0.065583 0.537207 0.566555 0.621388
3451.000000 5.421124 2.022086 21.514757 0.064155 0.522814 0.572588 0.628245
3452.000000 5.126588 1.812269 21.332740 0.067355 0.506963 0.576555 0.637209
3453.000000 4.844009 1.578400 21.161928 0.075004 0.488850 0.578760 0.648411
3454.000000 4.560459 1.351252 20.983131 0.085328 0.468263 0.579982 0.661112
3455.000000 4.286183 1.153906 20.762808 0.095711 0.445999 0.581092 0.673986
3456.000000 3.982240 0.993197 20.549656 0.103824 0.423700 0.582703 0.685679
3457.000000 3.681232 0.854544 20.317431 0.108423 0.403212 0.585012 0.695289
3458.000000 3.390639 0.730344 20.062858 0.109433 0.385820 0.587894 0.702530
3459.000000 3.121902 0.630586 19.777606 0.107428 0.371773 0.591161 0.707654
3460.000000 2.870039 0.501843 19.488775 0.103063 0.360321 0.594737 0.711220
3461.000000 2.592500 0.399506 19.210288 0.096827 0.350204 0.598659 0.713855
3462.000000 2.332878 0.298449 18.916729 0.089115 0.340247 0.602953 0.716057
3463.000000 2.093584 0.175627 18.614602 0.080360 0.329740 0.607551 0.718119
3464.000000 1.847076 0.063824 18.314030 0.071072 0.318408 0.612299 0.720177
3465.000000 1.611899 -0.047469 18.004937 0.061798 0.306072 0.617030 0.722340
3466.000000 1.380690 -0.175840 17.696105 0.053140 0.292343 0.621619 0.724777
3467.000000 1.224080 -0.283787 17.337865 0.045823 0.276728 0.625940 0.727682
3468.000000 1.002553 -0.394871 17.017162 0.040679 0.259129 0.629798 0.731130
3469.000000 0.779468 -0.532447 16.706784 0.038386 0.240196 0.632951 0.734987
3470.000000 0.655987 -0.647676 16.341065 0.039072 0.220973 0.635250 0.738987
3471.000000 0.497579 -0.750018 15.984223 0.042027 0.201913 0.636810 0.742925
3472.000000 0.348480 -0.845465 15.620534 0.045744 0.182035 0.638020 0.746794
3473.000000 0.217326 -0.896410 15.240824 0.048333 0.159096 0.639342 0.750729
3474.000000 0.103720 -0.970401 14.860489 0.048191 0.130894 0.640995 0.754765
3475.000000 -0.052934 -1.035996 14.493079 0.044646 0.096910 0.642766 0.758596
3476.000000 -0.214074 -1.078013 14.121362 0.038236 0.059170 0.644145 0.761652
3477.000000 -0.286528 -1.076194 13.725122 0.030404 0.021731 0.644729 0.763497
3478.000000 -0.319011 -1.095289 13.320436 0.022808 -0.010856 0.644524 0.764167
3479.000000 -0.337236 -1.079671 12.915241 0.016673 -0.035179 0.643903 0.764116
3480.000000 -0.310217 -1.029907 12.514823 0.012499 -0.049866 0.643312 0.763876
3481.000000 -0.254516 -0.988862 12.115894 0.010111 -0.055531 0.643012 0.763773
3482.000000 -0.211371 -0.941608 11.716157 0.008908 -0.054065 0.643029 0.763879
3483.000000 -0.176788 -0.900160 11.314877 0.008266 -0.047776 0.643251 0.764118
3484.000000 -0.130241 -0.875568 10.913671 0.008013 -0.038810 0.643551 0.764376
3485.000000 -0.118402 -0.831506 10.511021 0.008687 -0.029026 0.643849 0.764552
3486.000000 -0.107908 -0.796592 10.107781 0.011220 -0.020110 0.644101 0.764594
3487.000000 -0.075669 -0.789632 9.704653 0.016101 -0.013576 0.644270 0.764508
3488.000000 -0.075827 -0.789150 9.299844 0.022639 -0.010482 0.644319 0.764350
3489.000000 -0.076994 -0.793230 8.895438 0.029040 -0.011007 0.644243 0.764190
3490.000000 -0.083057 -0.784136 8.490792 0.033388 -0.014250 0.644085 0.764092
3491.000000 -0.125317 -0.752444 8.089225 0.034777 -0.018539 0.643912 0.764084
3492.000000 -0.153995 -0.697239 7.689348 0.033683 -0.022183 0.643778 0.764149
3493.000000 -0.149232 -0.660727 7.286022 0.031386 -0.024309 0.643702 0.764246
3494.000000 -0.130346 -0.627039 6.883176 0.029099 -0.025302 0.643663 0.764337
3495.000000 -0.123188 -0.605634 6.478690 0.027560 -0.026639 0.643608 0.764395
3496.000000 -0.132947 -0.561852 6.076385 0.027193 -0.030174 0.643466 0.764397
3497.000000 -0.136162 -0.535860 5.672209 0.028370 -0.037213 0.643170 0.764292
3498.000000 -0.134428 -0.520636 5.267635 0.031350 -0.047763 0.642683 0.763999
3499.000000 -0.133099 -0.494228 4.863603 0.035994 -0.060341 0.642024 0.763458
3500.000000 -0.129942 -0.462439 4.460008 0.041607 -0.072519 0.641303 0.762719
3501.000000 -0.101950 -0.422461 4.060386 0.047117 -0.081946 0.640694 0.761955
3502.000000 -0.047925 -0.312329 3.675494 0.051398 -0.087242 0.640351 0.761379
3503.000000 -0.040044 -0.239771 3.277196 0.053400 -0.088284 0.640318 0.761149
3504.000000 0.008266 -0.158850 2.883750 0.051911 -0.085962 0.640499 0.761365
3505.000000 0.036096 -0.061794 2.491542 0.045190 -0.081831 0.640675 0.762100
3506.000000 0.047201 0.023721 2.095948 0.031052 -0.077918 0.640509 0.763357
3507.000000 0.076308 0.086529 1.697677 0.007990 -0.076362 0.639560 0.764898
3508.000000 0.096037 0.176022 1.303933 -0.022926 -0.078531 0.637441 0.766144
3509.000000 0.114542 0.245305 0.905186 -0.056812 -0.084016 0.634217 0.766474
3510.000000 0.125248 0.250673 0.500543 -0.086130 -0.090526 0.630740 0.765868
3511.000000 0.125333 0.277348 0.096679 -0.104263 -0.095221 0.628295 0.765054
3512.000000 0.216222 0.257712 -0.069607 -0.114824 -0.092637 0.653390 0.742506
3513.000000 0.216222 0.257712 -0.069607 -0.137642 -0.076238 0.748103 0.644659
3514.000000 0.216222 0.257712 -0.069607 -0.157799 -0.058365 0.828351 0.534348
3515.000000 0.125371 0.265754 0.212187 -0.143945 -0.057792 0.830615 0.534808
3516.000000 0.123969 0.249841 0.530467 -0.115736 -0.057388 0.834730 0.535292
3517.000000 0.114395 0.245250 0.848887 -0.078433 -0.058662 0.839087 0.535107
3518.000000 0.099339 0.204297 1.164045 -0.041011 -0.062904 0.842148 0.533992
3519.000000 0.092219 0.138698 1.476054 -0.010849 -0.070117 0.843541 0.532357
3520.000000 0.064186 0.065536 1.784197 0.009217 -0.078957 0.843756 0.530807
3521.000000 0.047123 0.023186 2.099578 0.020370 -0.087642 0.843406 0.529688
3522.000000 0.039146 -0.041360 2.411502 0.025440 -0.094948 0.842891 0.529029
3523.000000 0.023034 -0.121036 2.719925 0.026941 -0.100448 0.842402 0.528719
3524.000000 -0.010271 -0.185308 3.030135 0.026434 -0.104049 0.842021 0.528654
3525.000000 -0.043399 -0.255186 3.338698 0.024744 -0.105431 0.841822 0.528780
3526.000000 -0.047221 -0.308810 3.653091 0.022344 -0.103868 0.841892 0.529084
3527.000000 -0.084392 -0.393469 3.957024 0.019623 -0.098528 0.842304 0.529558
3528.000000 -0.126034 -0.450170 4.265519 0.017013 -0.089084 0.843043 0.530145
3529.000000 -0.131373 -0.471828 4.583120 0.014986 -0.076284 0.843970 0.530727
3530.000000 -0.133228 -0.497110 4.900801 0.013923 -0.062053 0.844875 0.531171
3531.000000 -0.134212 -0.518220 5.218767 0.013946 -0.048890 0.845588 0.531410
3532.000000 -0.135927 -0.530383 5.537106 0.014859 -0.038876 0.846050 0.531477
3533.000000 -0.135491 -0.545654 5.855501 0.016205 -0.032929 0.846291 0.531454
3534.000000 -0.131172 -0.570710 6.173204 0.017457 -0.030729 0.846375 0.531413
3535.000000 -0.123044 -0.606677 6.489593 0.018332 -0.031162 0.846360 0.531382
3536.000000 -0.127797 -0.623737 6.807458 0.019092 -0.032852 0.846298 0.531353
3537.000000 -0.142129 -0.642767 7.125660 0.020525 -0.034477 0.846237 0.531294
3538.000000 -0.153570 -0.676321 7.442177 0.023363 -0.034908 0.846221 0.531174
3539.000000 -0.151962 -0.703925 7.759986 0.027430 -0.033344 0.846276 0.530992
3540.000000 -0.127101 -0.750416 8.073852 0.031254 -0.029551 0.846405 0.530800
3541.000000 -0.091495 -0.779761 8.389606 0.032691 -0.024066 0.846601 0.530678
3542.000000 -0.077433 -0.786713 8.707676 0.030223 -0.018157 0.846844 0.530672
3543.000000 -0.076449 -0.798006 9.026194 0.023967 -0.013480 0.847072 0.530767
3544.000000 -0.075876 -0.786533 9.344413 0.015646 -0.011534 0.847208 0.530905
3545.000000 -0.075568 -0.787974 9.662992 0.007595 -0.013159 0.847214 0.531034
3546.000000 -0.095473 -0.794709 9.980681 0.001545 -0.018267 0.847106 0.531107
3547.000000 -0.117603 -0.808247 10.297657 -0.002069 -0.025930 0.846915 0.531091
3548.000000 -0.121355 -0.842505 10.614989 -0.003999 -0.034798 0.846660 0.530980
3549.000000 -0.133031 -0.876281 10.931794 -0.005478 -0.043628 0.846349 0.530811
3550.000000 -0.170072 -0.894942 11.247537 -0.007456 -0.051641 0.845991 0.530638
3551.000000 -0.198745 -0.923988 11.563491 -0.010220 -0.058521 0.845601 0.530500
3552.000000 -0.226941 -0.961200 11.878746 -0.013559 -0.064197 0.845200 0.530408
3553.000000 -0.264412 -0.997943 12.192976 -0.017145 -0.068717 0.844809 0.530360
3554.000000 -0.309321 -1.028985 12.506963 -0.020769 -0.072373 0.844433 0.530343
3555.000000 -0.338965 -1.064862 12.821997 -0.024324 -0.075889 0.844046 0.530317
3556.000000 -0.388178 -1.088282 13.135877 -0.027766 -0.080255 0.843597 0.530219
3557.000000 -0.432916 -1.104909 13.450953 -0.031207 -0.085988 0.843043 0.530010
3558.000000 -0.467953 -1.148733 13.763627 -0.035009 -0.092340 0.842386 0.529749
3559.000000 -0.547897 -1.231360 14.060532 -0.039603 -0.097314 0.841707 0.529614
3560.000000 -0.623370 -1.303760 14.363801 -0.045051 -0.098917 0.841128 0.529802
3561.000000 -0.672382 -1.284134 14.676940 -0.050749 -0.096810 0.840714 0.530332
3562.000000 -0.732729 -1.296059 14.988996 -0.055638 -0.092953 0.840442 0.530962
3563.000000 -0.795191 -1.323498 15.299848 -0.058825 -0.090624 0.840241 0.531340
3564.000000 -0.852787 -1.341473 15.612633 -0.060092 -0.092597 0.840022 0.531205
3565.000000 -0.913596 -1.379945 15.923223 -0.059847 -0.099858 0.839675 0.530465
3566.000000 -0.987049 -1.416914 16.230770 -0.058622 -0.111517 0.839109 0.529173
3567.000000 -1.062759 -1.478054 16.533868 -0.056561 -0.125585 0.838334 0.527470
3568.000000 -1.157708 -1.550034 16.828312 -0.053307 -0.139958 0.837498 0.525516
3569.000000 -1.235668 -1.618699 17.129727 -0.048347 -0.153197 0.836796 0.523418
3570.000000 -1.320737 -1.691789 17.427581 -0.041559 -0.164922 0.836313 0.521204
3571.000000 -1.388247 -1.780234 17.726091 -0.033581 -0.175778 0.835918 0.518859
3572.000000 -1.449767 -1.884144 18.020648 -0.025738 -0.187033 0.835280 0.516395
3573.000000 -1.513829 -1.988455 18.315063 -0.019489 -0.199986 0.834008 0.513864
3574.000000 -1.588541 -2.094013 18.606650 -0.015772 -0.215346 0.831818 0.511328
3575.000000 -1.679863 -2.218901 18.884546 -0.014695 -0.232720 0.828675 0.508846
3576.000000 -1.780712 -2.361449 19.151265 -0.015770 -0.250429 0.824894 0.506544
3577.000000 -1.876372 -2.509524 19.416614 -0.018473 -0.265853 0.821106 0.504744
3578.000000 -1.989186 -2.666720 19.670736 -0.022712 -0.276398 0.817999 0.503950
3579.000000 -2.108486 -2.818576 19.924888 -0.029020 -0.280836 0.815868 0.504627
3580.000000 -2.215858 -2.949256 20.193833 -0.038425 -0.280481 0.814229 0.506839
3581.000000 -2.303450 -3.064762 20.477664 -0.051961 -0.279515 0.811840 0.509987
3582.000000 -2.413979 -3.163839 20.759196 -0.069824 -0.283914 0.807189 0.512800
3583.000000 -2.561673 -3.247844 21.031652 -0.090559 -0.299052 0.799134 0.513569
3584.000000 -2.741423 -3.346105 21.278289 -0.111044 -0.326959 0.787420 0.510624
3585.000000 -2.961212 -3.482908 21.459560 -0.127746 -0.364817 0.772963 0.503108
3586.000000 -3.187317 -3.659970 21.600774 -0.138649 -0.405846 0.757740 0.491829
3587.000000 -3.384313 -3.865638 21.742805 -0.144265 -0.442321 0.744112 0.479413
3588.000000 -3.569903 -4.084759 21.881069 -0.146728 -0.468832 0.733902 0.469100
3589.000000 -3.786546 -4.269652 22.020580 -0.147806 -0.483866 0.727875 0.462845
3590.000000 -4.034818 -4.407615 22.167033 -0.147712 -0.489255 0.725861 0.460366
3591.000000 -4.252744 -4.577663 22.322286 -0.145693 -0.488421 0.727096 0.459945
3592.000000 -4.438743 -4.783764 22.479562 -0.141621 -0.484606 0.730383 0.460045
3593.000000 -4.615549 -4.986885 22.648857 -0.136894 -0.479919 0.734242 0.460245
3594.000000 -4.819251 -5.166976 22.815581 -0.133715 -0.475383 0.737329 0.460952
3595.000000 -5.017246 -5.347101 22.988133 -0.133520 -0.471465 0.738897 0.462520
3596.000000 -5.226989 -5.520684 23.151734 -0.136074 -0.468494 0.738945 0.464712
3597.000000 -5.439305 -5.684863 23.323477 -0.139882 -0.466741 0.737997 0.466846
3598.000000 -5.643763 -5.862125 23.491424 -0.143240 -0.466279 0.736747 0.468263
3599.000000 -5.849900 -6.040320 23.656346 -0.144847 -0.466871 0.735847 0.468594
3600.000000 -6.060783 -6.215544 23.818512 -0.143680 -0.468044 0.735921 0.467667
3601.000000 -6.281115 -6.381311 23.978001 -0.138667 -0.469329 0.737585 0.465264
3602.000000 -6.487604 -6.562526 24.139390 -0.128772 -0.470547 0.741267 0.461006
3603.000000 -6.676448 -6.755054 24.308844 -0.113536 -0.471976 0.746861 0.454474
3604.000000 -6.842782 -6.957472 24.489923 -0.093569 -0.474298 0.753551 0.445474
3605.000000 -6.991277 -7.176324 24.667521 -0.070504 -0.478315 0.760056 0.434233
3606.000000 -7.127427 -7.408503 24.837855 -0.046401 -0.484537 0.765177 0.421398
3607.000000 -7.250404 -7.656295 24.995744 -0.023019 -0.492873 0.768266 0.407816
3608.000000 -7.367447 -7.911103 25.146787 -0.001393 -0.502652 0.769346 0.394267
3609.000000 -7.473290 -8.176120 25.288345 0.018164 -0.512947 0.768886 0.381274
3610.000000 -7.568182 -8.446475 25.427504 0.035803 -0.522988 0.767459 0.369064
3611.000000 -7.658466 -8.723517 25.556271 0.051847 -0.532387 0.765487 0.357639
3612.000000 -7.736907 -9.006702 25.679108 0.066606 -0.541119 0.763163 0.346896
3613.000000 -7.806746 -9.294283 25.796967 0.080289 -0.549351 0.760515 0.336725
3614.000000 -7.871025 -9.586087 25.906752 0.092967 -0.557261 0.757514 0.327094
3615.000000 -7.927589 -9.881972 26.009801 0.104527 -0.564918 0.754158 0.318101
3616.000000 -7.982096 -10.180901 26.105545 0.114636 -0.572226 0.750531 0.310031
3617.000000 -8.023824 -10.484194 26.192794 0.122778 -0.578951 0.746815 0.303331
3618.000000 -8.063741 -10.790291 26.270280 0.128456 -0.584841 0.743228 0.298449
3619.000000 -8.100225 -11.097186 26.347044 0.131503 -0.589812 0.739907 0.295580
3620.000000 -8.158888 -11.397500 26.435271 0.132273 -0.594043 0.736815 0.294483
3621.000000 -8.217381 -11.699532 26.517185 0.131446 -0.597872 0.733801 0.294630
3622.000000 -8.278121 -12.001213 26.600981 0.129526 -0.601493 0.730777 0.295624
3623.000000 -8.323393 -12.309096 26.660725 0.126454 -0.604755 0.727842 0.297536
3624.000000 -8.355276 -12.624131 26.709123 0.121767 -0.607285 0.725198 0.300775
3625.000000 -8.446295 -12.916802 26.791271 0.115213 -0.608913 0.722897 0.305565
3626.000000 -8.523867 -13.211526 26.885395 0.107248 -0.610012 0.720667 0.311485
3627.000000 -8.611947 -13.508627 26.959131 0.098989 -0.611450 0.717994 0.317513
3628.000000 -8.701978 -13.805750 27.030197 0.091738 -0.614198 0.714397 0.322462
3629.000000 -8.786380 -14.106028 27.094557 0.086507 -0.618902 0.709635 0.325414
3630.000000 -8.909399 -14.386780 27.181865 0.083781 -0.625670 0.703761 0.325942
3631.000000 -9.003070 -14.687145 27.228532 0.083421 -0.634088 0.697049 0.324186
3632.000000 -9.087067 -14.992277 27.264457 0.084680 -0.643357 0.689906 0.320860
3633.000000 -9.171122 -15.298132 27.292490 0.086419 -0.652545 0.682775 0.317073
3634.000000 -9.265228 -15.601236 27.319990 0.087583 -0.660892 0.676033 0.313895
3635.000000 -9.369547 -15.900031 27.352453 0.087687 -0.668027 0.669913 0.311878
3636.000000 -9.454573 -16.206867 27.359035 -0.087000 0.673979 -0.664508 -0.310826
3637.000000 -9.569930 -16.502479 27.387343 -0.086366 0.679031 -0.659840 -0.309951
3638.000000 -9.659657 -16.810462 27.386919 -0.086791 0.683518 -0.655927 -0.308268
3639.000000 -9.766612 -17.106640 27.405376 -0.089001 0.687652 -0.652807 -0.305050
3640.000000 -9.866187 -17.407210 27.414012 -0.093112 0.691387 -0.650547 -0.300171
3641.000000 -9.947304 -17.715419 27.408861 -0.098553 0.694387 -0.649270 -0.294216
3642.000000 -10.022422 -18.025010 27.401496 -0.104288 0.696125 -0.649173 -0.288286
3643.000000 -10.094240 -18.335369 27.400074 -0.109222 0.696080 -0.650491 -0.283559
3644.000000 -10.168969 -18.644886 27.403350 -0.112583 0.693922 -0.653387 -0.280859
3645.000000 -10.236175 -18.956150 27.401564 -0.114135 0.689650 -0.657826 -0.280394
3646.000000 -10.310508 -19.265555 27.416331 -0.114215 0.683665 -0.663477 -0.281701
3647.000000 -10.381182 -19.575413 27.439332 -0.113609 0.676747 -0.669744 -0.283813
3648.000000 -10.474461 -19.874117 27.495097 0.113237 -0.669812 0.675965 0.285658
3649.000000 -10.548602 -20.179926 27.532955 0.113712 -0.663492 0.681713 0.286559
3650.000000 -10.592432 -20.496302 27.546204 0.115052 -0.657833 0.686969 0.286519
3651.000000 -10.665274 -20.804061 27.583721 0.116790 -0.652394 0.692035 0.286058
3652.000000 -10.731758 -21.109473 27.640245 0.118394 -0.646686 0.697233 0.285737
3653.000000 -10.794818 -21.416116 27.696514 0.119582 -0.640524 0.702663 0.285821
3654.000000 -10.852741 -21.725052 27.747940 0.120321 -0.634010 0.708224 0.286310
3655.000000 -10.902546 -22.034338 27.806159 0.120658 -0.627271 0.713812 0.287133
3656.000000 -10.961480 -22.339378 27.876331 0.120699 -0.620294 0.719451 0.288197
3657.000000 -11.021746 -22.643882 27.947997 0.120769 -0.613004 0.725243 0.289246
3658.000000 -11.080913 -22.946534 28.027422 0.121465 -0.605459 0.731223 0.289790
3659.000000 -11.134014 -23.244084 28.124805 0.123393 -0.597940 0.737245 0.289329
3660.000000 -11.182480 -23.545860 28.214279 0.126661 -0.590928 0.742947 0.287733
3661.000000 -11.227159 -23.848626 28.301198 0.130559 -0.585041 0.747779 0.285495
3662.000000 -11.247789 -24.149680 28.403578 0.133769 -0.580920 0.751155 0.283555
3663.000000 -11.258943 -24.451143 28.506883 0.135140 -0.578963 0.752725 0.282742
3664.000000 -11.308890 -24.749531 28.600485 0.134554 -0.578951 0.752678 0.283172
3665.000000 -11.370651 -25.049246 28.683383 0.133172 -0.579898 0.751848 0.284091
3666.000000 -11.425357 -25.343310 28.767214 0.132716 -0.580397 0.751436 0.284376
3667.000000 -11.467787 -25.644157 28.857347 0.134218 -0.579288 0.752401 0.283380
3668.000000 -11.492738 -25.946734 28.951300 0.137149 -0.576196 0.754940 0.281522
3669.000000 -11.521588 -26.247766 29.050891 0.139563 -0.571599 0.758486 0.280171
3670.000000 -11.525200 -26.548289 29.155631 0.139136 -0.566434 0.762157 0.280908
3671.000000 -11.550029 -26.845577 29.266704 0.134376 -0.561546 0.765222 0.284684
3672.000000 -11.607742 -27.137478 29.378346 0.125307 -0.557344 0.767316 0.291363
3673.000000 -11.675350 -27.425979 29.495084 0.113350 -0.553813 0.768451 0.299876
3674.000000 -11.731056 -27.711282 29.624874 0.100583 -0.550684 0.768946 0.308792
3675.000000 -11.821131 -27.991361 29.745421 0.088812 -0.547504 0.769340 0.316967
3676.000000 -11.910778 -28.268217 29.871180 0.078820 -0.543548 0.770290 0.324033
3677.000000 -11.988449 -28.549413 30.001659 0.069976 -0.537770 0.772402 0.330609
3678.000000 -12.055049 -28.831738 30.133934 0.060322 -0.529050 0.775973 0.338132
3679.000000 -12.146672 -29.105488 30.266959 0.047286 -0.516732 0.780705 0.348211
3680.000000 -12.199988 -29.374724 30.426718 0.028825 -0.501164 0.785586 0.361743
3681.000000 -12.363240 -29.561081 30.628238 0.004392 -0.483775 0.789168 0.378360
3682.000000 -12.502286 -29.771731 30.820085 -0.025025 -0.466499 0.790175 0.396707
3683.000000 -12.652555 -29.976150 31.011463 -0.057792 -0.450822 0.787998 0.415306
3684.000000 -12.821997 -30.165867 31.203037 -0.092569 -0.437116 0.782725 0.433246
3685.000000 -13.016819 -30.326211 31.395597 -0.128431 -0.424789 0.774847 0.450190
3686.000000 -13.242107 -30.449748 31.584330 -0.164301 -0.413083 0.765029 0.465938
3687.000000 -13.477927 -30.554475 31.771184 -0.198641 -0.401795 0.754056 0.480106
3688.000000 -13.723727 -30.638949 31.955330 -0.229952 -0.391375 0.742732 0.492238
3689.000000 -13.976691 -30.718005 32.131896 -0.257692 -0.382456 0.731562 0.502134
3690.000000 -14.229051 -30.790771 32.312067 -0.282692 -0.375298 0.720489 0.510032
3691.000000 -14.484332 -30.860718 32.489106 -0.306566 -0.369496 0.709017 0.516513
3692.000000 -14.756907 -30.894055 32.650754 -0.330422 -0.364031 0.696786 0.522295
3693.000000 -15.040741 -30.919469 32.787421 -0.353714 -0.357585 0.684229 0.528062
3694.000000 -15.333357 -30.926962 32.912777 -0.373993 -0.349089 0.672866 0.534338
3695.000000 -15.627899 -30.923581 33.033462 -0.387708 -0.338323 0.664983 0.541310
3696.000000 -15.907776 -30.879218 33.178325 -0.391584 -0.326223 0.662761 0.548625
3697.000000 -16.180982 -30.851911 33.339834 -0.383848 -0.314599 0.667278 0.555364
3698.000000 -16.442304 -30.845061 33.521458 -0.364881 -0.305374 0.677938 0.560365
3699.000000 -16.684937 -30.862045 33.727048 -0.337161 -0.299773 0.692654 0.562751
3700.000000 -16.908720 -30.907296 33.949094 -0.304585 -0.297946 0.708697 0.562321
3701.000000 -17.122557 -30.968502 34.176995 -0.271373 -0.299180 0.723685 0.559578
3702.000000 -17.325424 -31.042634 34.411129 -0.240998 -0.302400 0.736183 0.555436
3703.000000 -17.521755 -31.129316 34.646171 -0.215581 -0.306613 0.745722 0.550828
3704.000000 -17.716052 -31.222993 34.880839 -0.195908 -0.311103 0.752473 0.546460
3705.000000 -17.901822 -31.323731 35.119172 -0.181868 -0.315420 0.756869 0.542755
3706.000000 -18.092218 -31.425028 35.353444 -0.172961 -0.319195 0.759374 0.539954
3707.000000 -18.276250 -31.531415 35.590578 -0.168661 -0.321826 0.760410 0.538292
3708.000000 -18.469212 -31.634669 35.821830 -0.168545 -0.322132 0.760394 0.538167
3709.000000 -18.660116 -31.743758 36.052297 -0.172150 -0.318229 0.759811 0.540168
3710.000000 -18.865454 -31.848956 36.272051 -0.178569 -0.307853 0.759234 0.544889
3711.000000 -19.060056 -31.936015 36.509309 -0.186049 -0.289026 0.759270 0.552592
3712.000000 -19.254599 -31.951773 36.757762 -0.192024 -0.260752 0.760391 0.562975
3713.000000 -19.452201 -31.972124 37.003814 -0.193922 -0.223359 0.762651 0.575212
3714.000000 -19.594301 -31.959157 37.287796 -0.190430 -0.178483 0.765442 0.588200
3715.000000 -19.704295 -31.969197 37.586440 -0.182351 -0.128929 0.767609 0.600751
3716.000000 -19.797769 -31.923197 37.887649 -0.172261 -0.078509 0.768081 0.611730
3717.000000 -19.819824 -31.823203 38.186109 -0.163032 -0.031598 0.766587 0.620296
3718.000000 -19.865645 -31.733365 38.488108 -0.156179 0.007824 0.763823 0.626195
3719.000000 -19.927529 -31.645983 38.787910 -0.151165 0.037294 0.760943 0.629860
3720.000000 -19.959440 -31.528034 39.081513 -0.145927 0.056414 0.758889 0.632147
3721.000000 -20.004206 -31.432718 39.382064 -0.138119 0.066478 0.758059 0.633917
3722.000000 -20.031243 -31.342018 39.686222 -0.126244 0.069520 0.758355 0.635711
3723.000000 -20.051530 -31.269790 39.995714 -0.110214 0.067460 0.759400 0.637663
3724.000000 -20.062941 -31.210202 40.307635 -0.091275 0.061735 0.760757 0.639614
3725.000000 -20.065275 -31.167664 40.623815 -0.071545 0.053305 0.762081 0.641305
3726.000000 -20.059288 -31.135919 40.940663 -0.053442 0.042805 0.763183 0.642544
3727.000000 -20.056773 -31.121738 41.258806 -0.039198 0.030663 0.764024 0.643265
3728.000000 -20.055890 -31.115009 41.577224 -0.030487 0.017207 0.764633 0.643514
3729.000000 -20.061728 -31.114286 41.895705 -0.028148 0.002728 0.765024 0.643381
3730.000000 -20.080807 -31.119710 42.213555 -0.032025 -0.012465 0.765143 0.642942
3731.000000 -20.124513 -31.113622 42.528935 -0.040970 -0.028024 0.764898 0.642236
3732.000000 -20.177760 -31.120659 42.842864 -0.053113 -0.043587 0.764228 0.641276
3733.000000 -20.249635 -31.118850 43.152948 -0.066330 -0.058839 0.763175 0.640080
3734.000000 -20.333478 -31.115082 43.458935 -0.078784 -0.073547 0.761884 0.638684
3735.000000 -20.423095 -31.125576 43.764546 -0.089351 -0.087504 0.760534 0.637140
3736.000000 -20.522712 -31.129318 44.066740 -0.097805 -0.100387 0.759247 0.635532
3737.000000 -20.622141 -31.160769 44.367114 -0.104702 -0.111664 0.758043 0.633986
3738.000000 -20.731095 -31.181914 44.665647 -0.111001 -0.120668 0.756861 0.632676
3739.000000 -20.844859 -31.197529 44.962646 -0.117538 -0.126858 0.755622 0.631765
3740.000000 -20.962164 -31.213746 45.257454 -0.124579 -0.130108 0.754304 0.631330
3741.000000 -21.083558 -31.219568 45.551449 -0.131689 -0.130823 0.752977 0.631323
3742.000000 -21.204173 -31.218042 45.846423 -0.137990 -0.129796 0.751790 0.631604
3743.000000 -21.331658 -31.208832 46.138231 -0.142685 -0.127893 0.750893 0.632016
3744.000000 -21.449712 -31.211854 46.433917 -0.145565 -0.125748 0.750337 0.632450
3745.000000 -21.567208 -31.212801 46.729704 -0.147186 -0.123657 0.750020 0.632862
3746.000000 -21.687517 -31.217022 47.024145 -0.148618 -0.121671 0.749737 0.633248
3747.000000 -21.797816 -31.210782 47.322458 -0.150891 -0.119761 0.749284 0.633611
3748.000000 -21.919907 -31.201948 47.616424 -0.154506 -0.117912 0.748559 0.633944
3749.000000 -22.054028 -31.190996 47.905085 -0.159310 -0.116120 0.747583 0.634237
3750.000000 -22.169808 -31.175350 48.201248 -0.164778 -0.114370 0.746450 0.634492
3751.000000 -22.302977 -31.158639 48.489878 -0.170459 -0.112670 0.745247 0.634710
3752.000000 -22.436383 -31.135104 48.778131 -0.176266 -0.111113 0.743993 0.634869
3753.000000 -22.556307 -31.114587 49.071972 -0.182472 -0.109888 0.742635 0.634918
3754.000000 -22.691557 -31.090827 49.359519 -0.189460 -0.109197 0.741095 0.634791
3755.000000 -22.832781 -31.056133 49.642769 -0.197436 -0.109111 0.739317 0.634448
3756.000000 -22.976144 -31.017366 49.924560 -0.206291 -0.109486 0.737304 0.633908
3757.000000 -23.125535 -30.986902 50.204048 -0.215626 -0.109977 0.735116 0.633258
3758.000000 -23.279929 -30.943956 50.479117 -0.224783 -0.110087 0.732873 0.632654
3759.000000 -23.438300 -30.900709 50.752324 -0.232755 -0.109089 0.730785 0.632360
3760.000000 -23.598968 -30.840767 51.020207 -0.238081 -0.105897 0.729164 0.632790
3761.000000 -23.761875 -30.794079 51.289765 -0.239196 -0.099332 0.728324 0.634399
3762.000000 -23.925838 -30.743962 51.557650 -0.235600 -0.089278 0.728322 0.637235
3763.000000 -24.096622 -30.679230 51.818292 -0.229378 -0.078338 0.728778 0.640415
3764.000000 -24.177764 -30.646131 51.949904 -0.226728 -0.074214 0.728989 0.641609
3765.000000 -24.011099 -30.709584 51.687745 -0.232562 -0.083620 0.728530 0.638879
3766.000000 -23.850174 -30.770832 51.420263 -0.237933 -0.094660 0.728232 0.635693
3767.000000 -23.678134 -30.817175 51.156351 -0.239240 -0.103088 0.728633 0.633428
3768.000000 -23.515829 -30.865375 50.886446 -0.235853 -0.107847 0.729894 0.632453
3769.000000 -23.356675 -30.921571 50.616775 -0.228998 -0.109785 0.731792 0.632446
3770.000000 -23.204951 -30.968335 50.340746 -0.220279 -0.110118 0.733990 0.632937
3771.000000 -23.053564 -31.001802 50.062773 -0.210933 -0.109744 0.736226 0.633589
3772.000000 -22.904229 -31.037578 49.783894 -0.201773 -0.109258 0.738338 0.634198
3773.000000 -22.760298 -31.070510 49.501688 -0.193323 -0.109082 0.740237 0.634647
3774.000000 -22.622801 -31.103663 49.216289 -0.185849 -0.109467 0.741892 0.634880
3775.000000 -22.500908 -31.124040 48.923184 -0.179294 -0.110445 0.743332 0.634912
3776.000000 -22.369958 -31.149547 48.634119 -0.173336 -0.111863 0.744628 0.634800
3777.000000 -22.237772 -31.168562 48.344956 -0.167608 -0.113510 0.745854 0.634606
3778.000000 -22.111478 -31.185159 48.053440 -0.161996 -0.115240 0.747029 0.634369
3779.000000 -21.989718 -31.198760 47.759616 -0.156788 -0.117009 0.748097 0.634096
3780.000000 -21.858412 -31.209290 47.469756 -0.152526 -0.118829 0.748957 0.633782
3781.000000 -21.736993 -31.216627 47.175520 -0.149602 -0.120708 0.749541 0.633433
3782.000000 -21.629147 -31.212716 46.876427 -0.147854 -0.122653 0.749889 0.633058
3783.000000 -21.511267 -31.217552 46.580645 -0.146472 -0.124689 0.750160 0.632659
3784.000000 -21.390820 -31.206689 46.285975 -0.144334 -0.126824 0.750575 0.632234
3785.000000 -21.266736 -31.215345 45.992863 -0.140569 -0.128907 0.751299 0.631802
3786.000000 -21.142507 -31.219271 45.699545 -0.134999 -0.130471 0.752355 0.631438
3787.000000 -21.022450 -31.214840 45.404617 -0.128175 -0.130739 0.753634 0.631280
3788.000000 -20.894270 -31.210189 45.113615 -0.121007 -0.128837 0.754971 0.631488
3789.000000 -20.787613 -31.188950 44.814271 -0.114206 -0.124135 0.756252 0.632163
3790.000000 -20.675143 -31.171702 44.517017 -0.107865 -0.116491 0.757455 0.633291
3791.000000 -20.567512 -31.140417 44.218833 -0.101392 -0.106267 0.758637 0.634741
3792.000000 -20.468989 -31.130795 43.916880 -0.093823 -0.094107 0.759879 0.636338
3793.000000 -20.374182 -31.124896 43.613005 -0.084339 -0.080635 0.761206 0.637926
3794.000000 -20.290006 -31.117553 43.306589 -0.072742 -0.066273 0.762547 0.639404
3795.000000 -20.216722 -31.117028 42.997218 -0.059714 -0.051268 0.763742 0.640706
3796.000000 -20.152809 -31.114496 42.685639 -0.046775 -0.035826 0.764617 0.641787
3797.000000 -20.101673 -31.116232 42.371392 -0.035968 -0.020222 0.765072 0.642621
3798.000000 -20.068949 -31.116296 42.054767 -0.029360 -0.004801 0.765123 0.643197
3799.000000 -20.058637 -31.115801 41.736483 -0.028506 0.010077 0.764857 0.643490
3800.000000 -20.054696 -31.118565 41.418016 -0.034076 0.024081 0.764356 0.643443
3801.000000 -20.057047 -31.127750 41.099645 -0.045716 0.036917 0.763635 0.642968
3802.000000 -20.062506 -31.150299 40.782068 -0.062141 0.048284 0.762665 0.641988
3803.000000 -20.064503 -31.186135 40.465658 -0.081358 0.057813 0.761439 0.640507
3804.000000 -20.058086 -31.235574 40.151069 -0.100989 0.064986 0.760065 0.638655
3805.000000 -20.043330 -31.303264 39.840236 -0.118697 0.069025 0.758811 0.636672
3806.000000 -20.017824 -31.386933 39.534017 -0.132730 0.068747 0.758086 0.634793
3807.000000 -19.984150 -31.478976 39.230979 -0.142468 0.062457 0.758318 0.633053
3808.000000 -19.940830 -31.585039 38.934285 -0.148729 0.048097 0.759774 0.631117
3809.000000 -19.899950 -31.691583 38.637798 -0.153549 0.023877 0.762328 0.628259
3810.000000 -19.830072 -31.765841 38.336294 -0.159295 -0.010751 0.765294 0.623566
3811.000000 -19.822877 -31.891602 38.037716 -0.167398 -0.054343 0.767555 0.616347
3812.000000 -19.751176 -31.943482 37.736641 -0.177363 -0.103558 0.768099 0.606500
3813.000000 -19.651601 -31.969607 37.436517 -0.186831 -0.154073 0.766682 0.594604
3814.000000 -19.531822 -31.963260 37.141427 -0.192852 -0.201707 0.764044 0.581686
3815.000000 -19.357190 -31.980217 36.878010 -0.193609 -0.243122 0.761400 0.568927
3816.000000 -19.152318 -31.930350 36.637874 -0.189400 -0.276082 0.759678 0.557490
3817.000000 -18.960828 -31.893166 36.391388 -0.182324 -0.299587 0.759140 0.548372
3818.000000 -18.762566 -31.797244 36.161949 -0.175094 -0.313990 0.759483 0.542160
3819.000000 -18.564550 -31.689772 35.936862 -0.169923 -0.320846 0.760140 0.538862
3820.000000 -18.375573 -31.580895 35.704808 -0.168104 -0.322372 0.760505 0.538004
3821.000000 -18.182177 -31.478904 35.473335 -0.170264 -0.320711 0.760050 0.538961
3822.000000 -17.994747 -31.375714 35.237115 -0.176808 -0.317403 0.758331 0.541229
3823.000000 -17.809261 -31.272453 35.000174 -0.188211 -0.313305 0.754936 0.544508
3824.000000 -17.618105 -31.177128 34.763969 -0.205019 -0.308857 0.749422 0.548582
3825.000000 -17.426487 -31.082785 34.528096 -0.227593 -0.304434 0.741322 0.553139
3826.000000 -17.225608 -31.004285 34.293064 -0.255664 -0.300609 0.730294 0.557620
3827.000000 -17.017799 -30.933685 34.062064 -0.287814 -0.298245 0.716438 0.561186
3828.000000 -16.798103 -30.883808 33.836989 -0.321210 -0.298417 0.700677 0.562870
3829.000000 -16.564756 -30.852305 33.622919 -0.351893 -0.302086 0.684957 0.561916
3830.000000 -16.314945 -30.845484 33.425562 -0.375657 -0.309586 0.671943 0.558149
3831.000000 -16.044587 -30.863924 33.258550 -0.389197 -0.320223 0.664173 0.552139
3832.000000 -15.770011 -30.903196 33.102097 -0.391033 -0.332340 0.663061 0.544971
3833.000000 -15.480948 -30.931207 32.972589 -0.381899 -0.343958 0.668339 0.537745
3834.000000 -15.187309 -30.926078 32.849036 -0.364442 -0.353633 0.678265 0.531114
3835.000000 -14.895202 -30.924090 32.721575 -0.342252 -0.361011 0.690478 0.525142
3836.000000 -14.618843 -30.882365 32.571563 -0.318483 -0.366802 0.702994 0.519446
3837.000000 -14.357192 -30.822223 32.401302 -0.294672 -0.372279 0.714837 0.513405
3838.000000 -14.103978 -30.752186 32.221310 -0.270439 -0.378666 0.726040 0.506302
3839.000000 -13.848354 -30.681871 32.044708 -0.244246 -0.386698 0.737117 0.497461
3840.000000 -13.601558 -30.594048 31.863515 -0.214740 -0.396434 0.748395 0.486448
3841.000000 -13.358447 -30.507209 31.677007 -0.181768 -0.407370 0.759634 0.473250
3842.000000 -13.127634 -30.387040 31.492995 -0.146452 -0.418889 0.770134 0.458233
3843.000000 -12.913251 -30.256589 31.296776 -0.110421 -0.430834 0.779073 0.441853
3844.000000 -12.741762 -30.066147 31.108144 -0.074992 -0.443745 0.785723 0.424389
3845.000000 -12.570933 -29.880382 30.914125 -0.041086 -0.458408 0.789492 0.406049
3846.000000 -12.430085 -29.668331 30.722468 -0.009794 -0.475008 0.790050 0.387417
3847.000000 -12.267242 -29.476004 30.530201 0.017322 -0.492577 0.787631 0.369736
3848.000000 -12.175894 -29.243745 30.339922 0.038809 -0.509287 0.783213 0.354538
3849.000000 -12.110029 -28.967397 30.196832 0.054381 -0.523347 0.778242 0.342770
3850.000000 -12.024363 -28.689044 30.069139 0.065409 -0.533837 0.774007 0.334146
3851.000000 -11.952407 -28.408967 29.934108 0.074351 -0.540960 0.771171 0.327306
3852.000000 -11.851832 -28.132466 29.813739 0.083598 -0.545682 0.769703 0.320623
3853.000000 -11.769070 -27.853182 29.686084 0.094493 -0.549138 0.769115 0.313018
3854.000000 -11.703973 -27.568014 29.561191 0.106938 -0.552221 0.768749 0.304369
3855.000000 -11.642702 -27.280777 29.438361 0.119564 -0.555507 0.767990 0.295479
3856.000000 -11.569020 -26.994653 29.318508 0.130317 -0.559352 0.766397 0.287711
3857.000000 -11.532922 -26.698127 29.208770 0.137334 -0.563918 0.763797 0.282399
3858.000000 -11.521705 -26.398278 29.102332 0.139829 -0.569027 0.760359 0.280196
3859.000000 -11.503393 -26.096764 29.003719 0.138572 -0.574031 0.756641 0.280678
3860.000000 -11.476558 -25.795691 28.903829 0.135602 -0.577977 0.753495 0.282489
3861.000000 -11.452013 -25.492700 28.813052 0.133215 -0.580089 0.751713 0.284039
3862.000000 -11.430671 -25.190744 28.716150 0.132733 -0.580290 0.751516 0.284374
3863.000000 -11.331184 -24.901975 28.643304 0.133854 -0.579390 0.752288 0.283642
3864.000000 -11.267860 -24.602116 28.556644 0.135045 -0.578759 0.752866 0.282831
3865.000000 -11.254622 -24.300287 28.455082 0.134723 -0.579667 0.752170 0.282979
3866.000000 -11.236223 -23.999909 28.350611 0.132337 -0.582725 0.749680 0.284425
3867.000000 -11.207612 -23.697010 28.257019 0.128606 -0.587802 0.745510 0.286641
3868.000000 -11.166518 -23.395019 28.165409 0.124884 -0.594335 0.740167 0.288657
3869.000000 -11.116849 -23.093576 28.076460 0.122251 -0.601670 0.734246 0.289706
3870.000000 -11.054947 -22.794250 27.988880 0.120995 -0.609252 0.728214 0.289616
3871.000000 -10.992885 -22.491711 27.910893 0.120698 -0.616689 0.722323 0.288750
3872.000000 -10.933898 -22.186355 27.841922 0.120703 -0.623818 0.716619 0.287645
3873.000000 -10.878682 -21.879889 27.775210 0.120536 -0.630666 0.711016 0.286684
3874.000000 -10.821180 -21.570848 27.723596 0.120005 -0.637301 0.705436 0.286020
3875.000000 -10.766332 -21.261330 27.672026 0.119045 -0.643660 0.699923 0.285725
3876.000000 -10.696723 -20.959074 27.603317 0.117634 -0.649594 0.694605 0.285855
3877.000000 -10.625659 -20.650903 27.564880 0.115908 -0.655121 0.689502 0.286302
3878.000000 -10.568208 -20.339039 27.534598 0.114296 -0.660600 0.684388 0.286631
3879.000000 -10.520993 -20.023795 27.522579 0.113353 -0.666557 0.678909 0.286242
3880.000000 -10.420508 -19.727392 27.462692 -0.113344 0.673230 -0.672896 -0.284826
3881.000000 -10.350048 -19.419540 27.426088 -0.113939 0.680264 -0.666577 -0.282727
3882.000000 -10.269057 -19.111879 27.410222 -0.114318 0.686830 -0.660533 -0.280878
3883.000000 -10.204132 -18.800213 27.401759 -0.113577 0.692035 -0.655427 -0.280361
3884.000000 -10.134396 -18.489436 27.397950 -0.111128 0.695274 -0.651738 -0.281927
3885.000000 -10.055851 -18.180766 27.400871 -0.106915 0.696352 -0.649641 -0.285708
3886.000000 -9.982499 -17.870901 27.406245 -0.101456 0.695449 -0.649059 -0.291171
3887.000000 -9.901820 -17.562882 27.407129 -0.095725 0.693009 -0.649775 -0.297267
3888.000000 -9.828730 -17.252685 27.418910 -0.090840 0.689584 -0.651564 -0.302797
3889.000000 -9.729785 -16.947027 27.410387 -0.087649 0.685625 -0.654265 -0.306876
3890.000000 -9.617980 -16.656134 27.388809 -0.086390 0.681327 -0.657787 -0.309267
3891.000000 -9.512116 -16.354967 27.370573 -0.086612 0.676595 -0.662081 -0.310429
3892.000000 -9.405865 -16.055401 27.356325 -0.087399 0.671136 -0.667119 -0.311271
3893.000000 -9.322627 -15.748764 27.339338 0.087768 -0.664617 0.672887 0.312736
3894.000000 -9.215916 -15.450507 27.305355 0.087121 -0.656857 0.679337 0.315356
3895.000000 -9.127676 -15.146071 27.273380 0.085563 -0.648016 0.686313 0.318950
3896.000000 -9.044284 -14.839370 27.251152 0.083915 -0.638675 0.693503 0.322655
3897.000000 -8.959092 -14.536392 27.203339 0.083339 -0.629716 0.700486 0.325317
3898.000000 -8.845596 -14.246810 27.140730 0.084824 -0.622043 0.706824 0.325986
3899.000000 -8.746606 -13.954102 27.067397 0.088826 -0.616286 0.712165 0.324227
3900.000000 -8.654232 -13.657347 26.997665 0.095163 -0.612609 0.716333 0.320190
3901.000000 -8.569984 -13.359704 26.921041 0.103072 -0.610624 0.719420 0.314562
3902.000000 -8.483299 -13.064344 26.839243 0.111348 -0.609482 0.721803 0.308438
3903.000000 -8.401789 -12.771059 26.745447 0.118714 -0.608203 0.724014 0.302985
3904.000000 -8.336947 -12.466987 26.686365 0.124341 -0.606132 0.726473 0.298964
3905.000000 -8.296942 -12.155379 26.630377 0.128160 -0.603191 0.729285 0.296443
3906.000000 -8.244092 -11.852171 26.554196 0.130612 -0.599709 0.732289 0.295029
3907.000000 -8.186686 -11.548131 26.478889 0.132017 -0.595989 0.735308 0.294434
3908.000000 -8.131179 -11.247920 26.388129 0.132133 -0.592000 0.738340 0.294840
3909.000000 -8.080097 -10.944893 26.304938 0.130298 -0.587436 0.741532 0.296768
3910.000000 -8.049318 -10.635644 26.235004 0.125947 -0.582011 0.744993 0.300641
3911.000000 -8.001675 -10.332209 26.150981 0.118988 -0.575679 0.748670 0.306479
3912.000000 -7.954700 -10.031609 26.057431 0.109792 -0.568628 0.752369 0.313926
3913.000000 -7.902841 -9.733096 25.959045 0.098902 -0.561123 0.755877 0.322504
3914.000000 -7.843532 -9.438919 25.852333 0.086756 -0.553338 0.759060 0.331840
3915.000000 -7.771959 -9.149363 25.740641 0.073574 -0.545285 0.761881 0.341743
3916.000000 -7.699427 -8.863793 25.619666 0.059371 -0.536828 0.764365 0.352190
3917.000000 -7.612606 -8.585250 25.491891 0.044003 -0.527776 0.766524 0.363258
3918.000000 -7.523223 -8.310036 25.358704 0.027204 -0.518033 0.768262 0.375067
3919.000000 -7.422850 -8.042451 25.218041 0.008642 -0.507791 0.769271 0.387681
3920.000000 -7.311236 -7.781973 25.072358 -0.011952 -0.497639 0.769034 0.400998
3921.000000 -7.191114 -7.530522 24.918021 -0.034536 -0.488472 0.766988 0.414647
3922.000000 -7.060982 -7.290116 24.754500 -0.058458 -0.481141 0.762846 0.427963
3923.000000 -6.918769 -7.065523 24.578988 -0.082296 -0.476051 0.756911 0.440101
3924.000000 -6.762264 -6.853095 24.400526 -0.104061 -0.472973 0.750144 0.450279
3925.000000 -6.583991 -6.656627 24.224385 -0.121811 -0.471200 0.743860 0.458045
3926.000000 -6.385989 -6.470514 24.058237 -0.134379 -0.469941 0.739164 0.463395
3927.000000 -6.172933 -6.296165 23.897852 -0.141725 -0.468693 0.736519 0.466670
3928.000000 -5.953990 -6.129965 23.737056 -0.144674 -0.467418 0.735722 0.468298
3929.000000 -5.744001 -5.951879 23.576499 -0.144328 -0.466470 0.736214 0.468577
3930.000000 -5.544464 -5.772112 23.405496 -0.141709 -0.466356 0.737367 0.467675
3931.000000 -5.333805 -5.600286 23.239067 -0.137934 -0.467454 0.738553 0.465833
3932.000000 -5.113346 -5.443357 23.071425 -0.134530 -0.469842 0.739086 0.463576
3933.000000 -4.919231 -5.254800 22.902991 -0.133219 -0.473325 0.738319 0.461628
3934.000000 -4.716371 -5.079582 22.730604 -0.134986 -0.477596 0.735947 0.460502
3935.000000 -4.527121 -4.886349 22.562876 -0.139203 -0.482287 0.732335 0.460117
3936.000000 -4.344936 -4.681644 22.401267 -0.143861 -0.486724 0.728573 0.459984
3937.000000 -4.154432 -4.484570 22.239005 -0.146984 -0.489393 0.726138 0.460015
3938.000000 -3.909836 -4.339632 22.093740 -0.147948 -0.487566 0.726403 0.461226
3939.000000 -3.671966 -4.186302 21.949523 -0.147388 -0.477730 0.730358 0.465432
3940.000000 -3.475971 -3.975588 21.812469 -0.145749 -0.457011 0.738506 0.473822
3941.000000 -3.289178 -3.759619 21.671981 -0.142000 -0.425075 0.750591 0.485552
3942.000000 -3.077432 -3.567372 21.530621 -0.133949 -0.385438 0.765298 0.497810
3943.000000 -2.846616 -3.408608 21.378337 -0.120050 -0.345003 0.780431 0.507434
3944.000000 -2.646899 -3.293586 21.160875 -0.101066 -0.311469 0.793706 0.512644
3945.000000 -2.484363 -3.205669 20.896190 -0.079997 -0.289907 0.803628 0.513553
3946.000000 -2.352765 -3.118649 20.619176 -0.060398 -0.280659 0.809885 0.511536
3947.000000 -2.261082 -3.005961 20.335722 -0.044633 -0.279720 0.813224 0.508361
3948.000000 -2.164806 -2.887533 20.056601 -0.033262 -0.281058 0.815051 0.505561
3949.000000 -2.049178 -2.744309 19.796883 -0.025551 -0.279367 0.816821 0.504087
3950.000000 -1.930815 -2.587796 19.544596 -0.020382 -0.271860 0.819434 0.504187
3951.000000 -1.827953 -2.433863 19.285027 -0.016938 -0.258604 0.822954 0.505553
3952.000000 -1.730495 -2.289573 19.018139 -0.015002 -0.241683 0.826830 0.507658
3953.000000 -1.631858 -2.153026 18.747902 -0.014926 -0.223857 0.830354 0.510076
3954.000000 -1.549474 -2.039986 18.461872 -0.017288 -0.207360 0.833037 0.512593
3955.000000 -1.480782 -1.936933 18.167714 -0.022337 -0.193232 0.834746 0.515133
3956.000000 -1.421933 -1.831804 17.872837 -0.029547 -0.181267 0.835655 0.517639
3957.000000 -1.354401 -1.732957 17.577804 -0.037647 -0.170388 0.836122 0.520048
3958.000000 -1.280380 -1.653416 17.278237 -0.045161 -0.159229 0.836530 0.522326
3959.000000 -1.190303 -1.582134 16.981285 -0.051063 -0.146769 0.837120 0.524481
3960.000000 -1.118615 -1.517577 16.677725 -0.055118 -0.132845 0.837911 0.526516
3961.000000 -1.020598 -1.442289 16.384824 -0.057709 -0.118390 0.838741 0.528362
3962.000000 -0.950321 -1.393496 16.077615 -0.059335 -0.105249 0.839422 0.529881
3963.000000 -0.881989 -1.360994 15.768131 -0.060121 -0.095584 0.839871 0.530910
3964.000000 -0.822358 -1.329482 15.456859 -0.059683 -0.090962 0.840140 0.531346
3965.000000 -0.769884 -1.313317 15.142749 -0.057476 -0.091392 0.840338 0.531203
3966.000000 -0.699713 -1.279438 14.834195 -0.053362 -0.094906 0.840565 0.530657
3967.000000 -0.649166 -1.303054 14.519768 -0.047930 -0.098255 0.840900 0.530034
3968.000000 -0.589695 -1.273581 14.210178 -0.042242 -0.098613 0.841399 0.529660
3969.000000 -0.504101 -1.187897 13.912982 -0.037189 -0.095144 0.842042 0.529651
3970.000000 -0.448035 -1.119513 13.608853 -0.033033 -0.089192 0.842724 0.529877
3971.000000 -0.412540 -1.096144 13.293187 -0.029469 -0.082962 0.843335 0.530128
3972.000000 -0.362697 -1.078723 12.978865 -0.026057 -0.077911 0.843832 0.530281
3973.000000 -0.321416 -1.045866 12.664846 -0.022560 -0.074087 0.844244 0.530335
3974.000000 -0.286690 -1.014293 12.349909 -0.018960 -0.070619 0.844620 0.530350
3975.000000 -0.244491 -0.980003 12.035950 -0.015338 -0.066592 0.845002 0.530379
3976.000000 -0.211776 -0.942261 11.721279 -0.011840 -0.061510 0.845400 0.530448
3977.000000 -0.185788 -0.907703 11.405509 -0.008746 -0.055230 0.845799 0.530563
3978.000000 -0.149899 -0.886444 11.089729 -0.006371 -0.047765 0.846175 0.530722
3979.000000 -0.124515 -0.860820 10.773515 -0.004722 -0.039279 0.846511 0.530899
3980.000000 -0.120177 -0.824070 10.456332 -0.003169 -0.030299 0.846795 0.531046
3981.000000 -0.110258 -0.797770 10.139080 -0.000541 -0.021860 0.847020 0.531111
3982.000000 -0.079443 -0.793553 9.822149 0.004260 -0.015320 0.847173 0.531080
3983.000000 -0.076476 -0.782928 9.503615 0.011453 -0.011883 0.847227 0.530974
3984.000000 -0.075917 -0.795879 9.185317 0.019918 -0.012093 0.847155 0.530834
3985.000000 -0.077108 -0.791935 8.866983 0.027490 -0.015561 0.846965 0.530710
3986.000000 -0.079989 -0.785422 8.548418 0.031982 -0.021064 0.846719 0.530660
3987.000000 -0.109148 -0.767904 8.231395 0.032396 -0.026955 0.846495 0.530726
3988.000000 -0.140952 -0.726947 7.917068 0.029504 -0.031712 0.846332 0.530892
3989.000000 -0.154811 -0.690142 7.601084 0.025307 -0.034406 0.846239 0.531089
3990.000000 -0.149277 -0.660347 7.283757 0.021749 -0.034902 0.846221 0.531243
3991.000000 -0.134585 -0.630341 6.966711 0.019667 -0.033749 0.846264 0.531329
3992.000000 -0.123403 -0.617626 6.648289 0.018686 -0.031936 0.846332 0.531369
3993.000000 -0.127298 -0.587845 6.331544 0.017941 -0.030702 0.846377 0.531396
3994.000000 -0.133868 -0.556771 6.014489 0.016870 -0.031419 0.846349 0.531433
3995.000000 -0.136142 -0.536983 5.696340 0.015512 -0.035389 0.846195 0.531471
3996.000000 -0.135053 -0.525052 5.377895 0.014316 -0.043400 0.845850 0.531460
3997.000000 -0.133690 -0.508635 5.059741 0.013804 -0.055186 0.845262 0.531316
3998.000000 -0.132549 -0.484542 4.741933 0.014319 -0.069193 0.844438 0.530973
3999.000000 -0.129422 -0.459863 4.424347 0.015899 -0.083007 0.843495 0.530446
4000.000000 -0.110014 -0.436605 4.108331 0.018275 -0.094302 0.842638 0.529843
4001.000000 -0.058295 -0.345301 3.807398 0.020999 -0.101710 0.842053 0.529302
4002.000000 -0.045770 -0.285039 3.495096 0.023609 -0.105073 0.841817 0.528910
4003.000000 -0.031112 -0.214912 3.185252 0.025703 -0.105055 0.841894 0.528694
4004.000000 0.009248 -0.156924 2.874516 0.026874 -0.102496 0.842194 0.528661
4005.000000 0.032641 -0.081230 2.565812 0.026517 -0.097929 0.842637 0.528838
4006.000000 0.043617 -0.005272 2.256316 0.023487 -0.091510 0.843154 0.529307
4007.000000 0.051414 0.042031 1.941039 0.015740 -0.083416 0.843621 0.530187
4008.000000 0.083278 0.102787 1.630689 0.000441 -0.074449 0.843754 0.531541
4009.000000 0.095756 0.172570 1.320408 -0.024730 -0.066199 0.843033 0.533199
4010.000000 0.108422 0.233769 1.007261 -0.059188 -0.060375 0.840832 0.534652
4011.000000 0.117659 0.246541 0.689610 -0.097686 -0.057714 0.836996 0.535317
4012.000000 0.130057 0.255064 0.371385 -0.131469 -0.057486 0.832520 0.535091
4013.000000 0.129755 0.282074 0.054136 -0.152553 -0.058114 0.829224 0.534545
4014.000000 0.259891 0.270259 -0.099234 -0.186904 -0.050331 0.846580 0.495819
4015.000000 0.434567 0.320447 -0.217743 -0.297451 -0.017049 0.895995 0.329280
4016.000000 0.609243 0.370635 -0.336253 -0.395057 0.016976 0.906430 0.148415
4017.000000 0.407293 0.437945 -0.223831 -0.374699 0.008545 0.915417 0.146761
4018.000000 0.313710 0.434731 -0.047303 -0.331545 -0.008500 0.932459 0.143271
4019.000000 0.267593 0.392669 0.153918 -0.270823 -0.030463 0.952163 0.138249
4020.000000 0.226410 0.343470 0.353948 -0.204763 -0.051186 0.968426 0.132677
4021.000000 0.191278 0.313981 0.558173 -0.145794 -0.065969 0.978812 0.127747
4022.000000 0.164037 0.297207 0.766482 -0.100812 -0.073937 0.984358 0.124138
4023.000000 0.144051 0.271988 0.974426 -0.070140 -0.077596 0.987033 0.121760
4024.000000 0.124339 0.245238 1.181958 -0.050404 -0.080461 0.988203 0.120164
4025.000000 0.112751 0.210824 1.388572 -0.037838 -0.084779 0.988546 0.118988
4026.000000 0.106637 0.164506 1.593631 -0.029819 -0.090740 0.988401 0.118070
4027.000000 0.091269 0.119582 1.798637 -0.024758 -0.097195 0.988010 0.117370
4028.000000 0.065371 0.070800 2.000921 -0.021584 -0.102908 0.987566 0.116862
4029.000000 0.057814 0.036240 2.208941 -0.019621 -0.107309 0.987180 0.116515
4030.000000 0.051235 -0.011645 2.413544 -0.018710 -0.110473 0.986872 0.116315
4031.000000 0.042548 -0.064759 2.616586 -0.019061 -0.112705 0.986617 0.116281
4032.000000 0.028688 -0.114944 2.819941 -0.020757 -0.114296 0.986384 0.116415
4033.000000 0.006423 -0.156126 3.024788 -0.023367 -0.115572 0.986148 0.116662
4034.000000 -0.020597 -0.197078 3.229072 -0.026135 -0.116893 0.985891 0.116923
4035.000000 -0.034161 -0.248102 3.432499 -0.028509 -0.118276 0.985635 0.117138
4036.000000 -0.040747 -0.293465 3.637643 -0.030359 -0.118862 0.985487 0.117326
4037.000000 -0.062539 -0.355457 3.837090 -0.031599 -0.116870 0.985658 0.117561
4038.000000 -0.097806 -0.415394 4.035274 -0.031704 -0.110451 0.986359 0.117864
4039.000000 -0.124790 -0.449740 4.239493 -0.029812 -0.098986 0.987599 0.118159
4040.000000 -0.129787 -0.461646 4.449123 -0.025446 -0.083818 0.989102 0.118336
4041.000000 -0.132009 -0.477833 4.658589 -0.019140 -0.067720 0.990475 0.118355
4042.000000 -0.133113 -0.494584 4.868138 -0.012286 -0.053469 0.991465 0.118268
4043.000000 -0.133740 -0.509839 5.077806 -0.006313 -0.042655 0.992059 0.118151
4044.000000 -0.134528 -0.521542 5.287627 -0.001921 -0.035523 0.992370 0.118050
4045.000000 -0.135752 -0.529019 5.497617 0.001063 -0.031602 0.992513 0.117972
4046.000000 -0.136125 -0.537529 5.707677 0.003227 -0.030325 0.992556 0.117909
4047.000000 -0.134976 -0.549685 5.917600 0.004968 -0.031116 0.992530 0.117858
4048.000000 -0.132068 -0.566353 6.127152 0.006156 -0.033196 0.992460 0.117824
4049.000000 -0.127166 -0.588390 6.336096 0.006272 -0.035586 0.992377 0.117825
4050.000000 -0.122545 -0.611431 6.544789 0.004890 -0.037485 0.992308 0.117877
4051.000000 -0.125702 -0.622190 6.754712 0.002225 -0.038700 0.992259 0.117977
4052.000000 -0.134137 -0.630561 6.964858 -0.000640 -0.039675 0.992210 0.118084
4053.000000 -0.144458 -0.648264 7.174021 -0.002043 -0.041046 0.992147 0.118133
4054.000000 -0.152208 -0.670661 7.382764 -0.000457 -0.043054 0.992073 0.118057
4055.000000 -0.154830 -0.689421 7.592150 0.004715 -0.045250 0.991992 0.117823
4056.000000 -0.150110 -0.708582 7.801531 0.012669 -0.046634 0.991902 0.117449
4057.000000 -0.133284 -0.741595 8.008358 0.021329 -0.046084 0.991831 0.117013
4058.000000 -0.110977 -0.766462 8.216100 0.028085 -0.042862 0.991854 0.116621
4059.000000 -0.088215 -0.781577 8.424686 0.030867 -0.036964 0.992039 0.116358
4060.000000 -0.077848 -0.786128 8.634346 0.029007 -0.029176 0.992369 0.116241
4061.000000 -0.077175 -0.790938 8.844542 0.023381 -0.020821 0.992730 0.116222
4062.000000 -0.076318 -0.798469 9.054564 0.015748 -0.013350 0.993006 0.116246
4063.000000 -0.075871 -0.791347 9.264446 0.007763 -0.008014 0.993154 0.116281
4064.000000 -0.076337 -0.782645 9.474405 0.000365 -0.005676 0.993196 0.116315
4065.000000 -0.076637 -0.788593 9.684593 -0.006111 -0.006701 0.993169 0.116334
4066.000000 -0.085522 -0.794615 9.894351 -0.011460 -0.010882 0.993086 0.116322
4067.000000 -0.107748 -0.796388 10.103288 -0.015378 -0.017449 0.992946 0.116268
4068.000000 -0.119339 -0.809230 10.312423 -0.017777 -0.025212 0.992751 0.116166
4069.000000 -0.121982 -0.831207 10.521748 -0.019224 -0.032824 0.992516 0.116039
4070.000000 -0.124016 -0.855908 10.730982 -0.020861 -0.039159 0.992265 0.115939
4071.000000 -0.133780 -0.876919 10.939843 -0.023708 -0.043700 0.992013 0.115923
4072.000000 -0.157607 -0.889303 11.148126 -0.027943 -0.046705 0.991756 0.116006
4073.000000 -0.181357 -0.903306 11.356413 -0.032860 -0.048974 0.991481 0.116138
4074.000000 -0.198856 -0.924176 11.564827 -0.037519 -0.051277 0.991185 0.116255
4075.000000 -0.216493 -0.948380 11.772919 -0.041426 -0.053877 0.990884 0.116321
4076.000000 -0.238090 -0.973183 11.980488 -0.044671 -0.056476 0.990594 0.116354
4077.000000 -0.263785 -0.997070 12.187680 -0.047599 -0.058580 0.990331 0.116394
4078.000000 -0.293453 -1.018617 12.394663 -0.050498 -0.059944 0.990096 0.116472
4079.000000 -0.317696 -1.038294 12.602391 -0.053565 -0.060787 0.989870 0.116588
4080.000000 -0.335860 -1.066573 12.809740 -0.056965 -0.061745 0.989606 0.116711
4081.000000 -0.367470 -1.086323 13.016618 -0.060754 -0.063618 0.989253 0.116793
4082.000000 -0.405415 -1.101923 13.223152 -0.064802 -0.067012 0.988773 0.116781
4083.000000 -0.442709 -1.127036 13.428353 -0.068912 -0.071909 0.988165 0.116660
4084.000000 -0.469926 -1.168621 13.632475 -0.073081 -0.077390 0.987471 0.116494
4085.000000 -0.502385 -1.206106 13.836226 -0.077561 -0.081770 0.986783 0.116438
4086.000000 -0.548354 -1.238922 14.038785 -0.082595 -0.083297 0.986218 0.116676
4087.000000 -0.594766 -1.276891 14.240884 -0.088155 -0.081193 0.985839 0.117291
4088.000000 -0.637419 -1.307897 14.444083 -0.094027 -0.076497 0.985567 0.118175
4089.000000 -0.684199 -1.308448 14.648921 -0.100174 -0.072069 0.985192 0.119028
4090.000000 -0.727231 -1.313420 14.854525 -0.106931 -0.071434 0.984474 0.119477
4091.000000 -0.768361 -1.324364 15.059992 -0.114724 -0.076936 0.983208 0.119250
4092.000000 -0.834165 -1.377559 15.252105 -0.123553 -0.088395 0.981285 0.118321
4093.000000 -0.907918 -1.434130 15.441341 -0.132765 -0.103300 0.978790 0.116933
4094.000000 -0.969972 -1.467107 15.639333 -0.141360 -0.118371 0.976052 0.115449
4095.000000 -1.044594 -1.526618 15.826756 -0.148533 -0.131275 0.973487 0.114142
4096.000000 -1.115186 -1.581524 16.017037 -0.153925 -0.141280 0.971368 0.113097
4097.000000 -1.184527 -1.631127 16.209050 -0.157400 -0.148738 0.969796 0.112243
4098.000000 -1.262185 -1.687798 16.395910 -0.158649 -0.154219 0.968828 0.111437
4099.000000 -1.343401 -1.759756 16.575795 -0.157124 -0.158140 0.968550 0.110525
4100.000000 -1.415651 -1.812502 16.765913 -0.152504 -0.161035 0.968944 0.109349
4101.000000 -1.478829 -1.865874 16.959423 -0.145387 -0.164032 0.969710 0.107791
4102.000000 -1.533162 -1.928686 17.152426 -0.137572 -0.168908 0.970230 0.105819
4103.000000 -1.577613 -1.988954 17.348754 -0.131502 -0.177503 0.969785 0.103523
4104.000000 -1.631088 -2.059480 17.539599 -0.129050 -0.190736 0.967857 0.101085
4105.000000 -1.693276 -2.144297 17.722363 -0.130317 -0.207798 0.964416 0.098691
4106.000000 -1.764694 -2.242772 17.895552 -0.133260 -0.226151 0.960107 0.096398
4107.000000 -1.844305 -2.352887 18.059100 -0.134471 -0.242566 0.956158 0.094025
4108.000000 -1.921698 -2.464284 18.221511 -0.130790 -0.254767 0.953770 0.091162
4109.000000 -1.982979 -2.563500 18.394480 -0.120877 -0.262637 0.953295 0.087399
4110.000000 -2.017818 -2.644060 18.584875 -0.105885 -0.268100 0.953981 0.082648
4111.000000 -2.043703 -2.748642 18.764662 -0.088863 -0.273714 0.954571 0.077324
4112.000000 -2.070114 -2.875181 18.931628 -0.073222 -0.281139 0.954145 0.072162
4113.000000 -2.097141 -3.002777 19.096398 -0.061195 -0.290800 0.952415 0.067790
4114.000000 -2.123070 -3.120738 19.267436 -0.053155 -0.302818 0.949385 0.064382
4115.000000 -2.152260 -3.225805 19.448962 -0.048007 -0.317872 0.944910 0.061627
4116.000000 -2.180760 -3.355450 19.613680 -0.044186 -0.336780 0.938693 0.059016
4117.000000 -2.201344 -3.507840 19.757335 -0.040533 -0.359135 0.930710 0.056197
4118.000000 -2.220971 -3.672969 19.885737 -0.036646 -0.382615 0.921649 0.053166
4119.000000 -2.243500 -3.840192 20.011049 -0.032696 -0.403958 0.912814 0.050189
4120.000000 -2.257440 -4.001205 20.145147 -0.028989 -0.420936 0.905380 0.047537
4121.000000 -2.272119 -4.176708 20.262795 -0.025589 -0.433725 0.899545 0.045243
4122.000000 -2.293566 -4.329210 20.403478 -0.022175 -0.444731 0.894355 0.043038
4123.000000 -2.308967 -4.487938 20.536725 -0.018167 -0.457148 0.888283 0.040482
4124.000000 -2.319282 -4.675303 20.636939 -0.012986 -0.473245 0.880050 0.037179
4125.000000 -2.327598 -4.856255 20.743674 -0.006314 -0.493428 0.869140 0.032929
4126.000000 -2.333177 -5.043422 20.838839 0.001769 -0.516377 0.855909 0.027783
4127.000000 -2.331712 -5.241950 20.907669 0.010812 -0.539919 0.841360 0.022004
4128.000000 -2.318467 -5.441480 20.972317 0.020131 -0.562016 0.826727 0.016000
4129.000000 -2.308522 -5.644590 21.025977 0.029001 -0.581543 0.812934 0.010227
4130.000000 -2.294467 -5.847865 21.076037 0.036827 -0.598747 0.800075 0.005118
4131.000000 -2.274452 -6.050494 21.127022 0.043239 -0.615182 0.787198 0.001031
4132.000000 -2.252531 -6.254522 21.178712 0.048080 -0.632950 0.772696 -0.001757
4133.000000 -2.232611 -6.460482 21.216458 0.051289 -0.653381 0.755283 -0.003051
4134.000000 -2.217482 -6.667265 21.214044 0.052757 -0.676010 0.734996 -0.002710
4135.000000 -2.202958 -6.874617 21.181392 0.052301 -0.698728 0.713473 -0.000623
4136.000000 -2.181179 -7.082786 21.147927 -0.049871 0.719100 -0.693107 -0.003210
4137.000000 -2.155779 -7.291434 21.138262 -0.045839 0.735776 -0.675619 -0.008464
4138.000000 -2.184343 -7.497981 21.109618 -0.041068 0.748924 -0.661227 -0.014342
4139.000000 -2.182556 -7.704429 21.068064 -0.036586 0.759636 -0.649016 -0.019804
4140.000000 -2.181130 -7.908694 21.019160 -0.033007 0.768999 -0.637939 -0.024172
4141.000000 -2.178442 -8.113283 20.971459 -0.030114 0.777530 -0.627514 -0.027692
4142.000000 -2.176590 -8.316541 20.917339 -0.026862 0.785143 -0.617922 -0.031637
4143.000000 -2.202159 -8.519763 20.873129 -0.021783 0.791371 -0.609771 -0.037907
4144.000000 -2.173978 -8.702011 20.786216 -0.013571 0.795597 -0.603745 -0.048314
4145.000000 -2.204638 -8.907181 20.729758 -0.001633 0.797345 -0.600139 -0.063803
4146.000000 -2.257054 -9.117047 20.678943 0.013592 0.796681 -0.598399 -0.083868
4147.000000 -2.307976 -9.312425 20.625536 0.030722 0.794523 -0.597029 -0.106518
4148.000000 -2.382164 -9.504544 20.583618 0.047953 0.792552 -0.594087 -0.128933
4149.000000 -2.459183 -9.693116 20.532499 0.063744 0.792560 -0.587987 -0.148516
4150.000000 -2.545793 -9.878665 20.486905 0.077248 0.795592 -0.578148 -0.163744
4151.000000 -2.632091 -10.055644 20.413422 0.088324 0.801435 -0.565221 -0.174431
4152.000000 -2.714373 -10.231509 20.333047 0.097229 0.808803 -0.550881 -0.181425
4153.000000 -2.807019 -10.401264 20.250867 0.104275 0.816026 -0.537249 -0.185989
4154.000000 -2.899869 -10.567732 20.162343 0.109644 0.821810 -0.526135 -0.189178
4155.000000 -2.991830 -10.733870 20.072630 0.113398 0.825678 -0.518399 -0.191465
4156.000000 -3.091961 -10.901428 19.994521 0.115594 0.827989 -0.513733 -0.192745
4157.000000 -3.178517 -11.073383 19.910323 0.116380 0.829624 -0.510960 -0.192611
4158.000000 -3.277595 -11.238019 19.825323 0.115999 0.831516 -0.508679 -0.190711
4159.000000 -3.365780 -11.411067 19.745516 0.114731 0.834210 -0.505924 -0.187006
4160.000000 -3.451294 -11.575660 19.646702 0.112840 0.837667 -0.502501 -0.181861
4161.000000 -3.535399 -11.740803 19.547620 0.110561 0.841386 -0.498891 -0.175937
4162.000000 -3.609565 -11.911386 19.449940 0.108081 0.844743 -0.495831 -0.169937
4163.000000 -3.691595 -12.078632 19.352677 0.105500 0.847310 -0.493898 -0.164316
4164.000000 -3.767238 -12.249644 19.256836 0.102812 0.848982 -0.493290 -0.159137
4165.000000 -3.846799 -12.413498 19.152135 0.099944 0.849921 -0.493839 -0.154173
4166.000000 -3.915446 -12.586464 19.055050 0.096849 0.850437 -0.495113 -0.149133
4167.000000 -3.979802 -12.764232 18.967712 0.093573 0.850876 -0.496550 -0.143849
4168.000000 -4.052768 -12.934286 18.866224 0.090218 0.851519 -0.497644 -0.138299
4169.000000 -4.113788 -13.110475 18.766001 0.086873 0.852491 -0.498142 -0.132543
4170.000000 -4.174881 -13.285186 18.666569 0.083575 0.853722 -0.498122 -0.126686
4171.000000 -4.234391 -13.459318 18.565648 0.080344 0.855017 -0.497876 -0.120872
4172.000000 -4.289121 -13.634611 18.463487 0.077209 0.856197 -0.497678 -0.115251
4173.000000 -4.336116 -13.812550 18.362002 0.074197 0.857230 -0.497571 -0.109887
4174.000000 -4.391775 -13.988648 18.261727 0.071307 0.858295 -0.497277 -0.104689
4175.000000 -4.449493 -14.162571 18.158601 0.068535 0.859758 -0.496208 -0.099485
4176.000000 -4.483358 -14.345565 18.060698 0.065934 0.862054 -0.493607 -0.094166
4177.000000 -4.525047 -14.522715 17.955782 0.063633 0.865530 -0.488798 -0.088801
4178.000000 -4.573063 -14.693917 17.843962 0.061791 0.870244 -0.481521 -0.083642
4179.000000 -4.609535 -14.865791 17.728734 0.060586 0.875810 -0.472249 -0.079164
4180.000000 -4.644695 -15.031064 17.603936 0.060288 0.881335 -0.462385 -0.076244
4181.000000 -4.680240 -15.196360 17.478834 0.061341 0.885510 -0.454184 -0.076334
4182.000000 -4.712416 -15.348430 17.337577 0.064282 0.886875 -0.450243 -0.081251
4183.000000 -4.743571 -15.505675 17.201881 0.069432 0.884215 -0.452560 -0.092374
4184.000000 -4.798770 -15.675617 17.090120 0.076562 0.876971 -0.461569 -0.109611
4185.000000 -4.889840 -15.841013 16.997293 0.084794 0.865593 -0.475827 -0.130948
4186.000000 -4.983303 -16.010838 16.916364 0.092894 0.851572 -0.492686 -0.153152
4187.000000 -5.071648 -16.185295 16.839362 0.099797 0.836914 -0.509508 -0.173253
4188.000000 -5.159036 -16.363044 16.769110 0.105033 0.823269 -0.524595 -0.189725
4189.000000 -5.264585 -16.532229 16.702956 0.108743 0.811356 -0.537429 -0.202599
4190.000000 -5.359035 -16.710903 16.644533 0.111361 0.801037 -0.548331 -0.212770
4191.000000 -5.468534 -16.882275 16.592256 0.113305 0.791779 -0.557941 -0.221246
4192.000000 -5.570756 -17.058865 16.541553 0.114883 0.783058 -0.566808 -0.228803
4193.000000 -5.671941 -17.237313 16.495950 0.116337 0.774556 -0.575199 -0.235955
4194.000000 -5.780832 -17.413069 16.457914 0.117848 0.766219 -0.583093 -0.242945
4195.000000 -5.895888 -17.587019 16.431613 0.119464 0.758211 -0.590324 -0.249725
4196.000000 -6.009878 -17.760863 16.401318 0.121081 0.750765 -0.596766 -0.256051
4197.000000 -6.123600 -17.935931 16.378669 0.122538 0.743998 -0.602461 -0.261712
4198.000000 -6.238668 -18.109449 16.350370 0.123722 0.737833 -0.607603 -0.266672
4199.000000 -6.352716 -18.284715 16.330608 0.124557 0.732127 -0.612415 -0.270968
4200.000000 -6.472039 -18.457710 16.324133 0.124861 0.726897 -0.617021 -0.274436
4201.000000 -6.591174 -18.629489 16.303404 0.124244 0.722422 -0.621432 -0.276573
4202.000000 -6.712904 -18.800678 16.297725 0.122232 0.719101 -0.625594 -0.276740
4203.000000 -6.830026 -18.975034 16.291731 0.118608 0.717133 -0.629457 -0.274657
4204.000000 -6.937254 -19.155391 16.285600 0.113762 0.716255 -0.632996 -0.270837
4205.000000 -7.039174 -19.337977 16.263439 0.108708 0.715807 -0.636198 -0.266563
4206.000000 -7.130505 -19.526455 16.245458 0.104630 0.715124 -0.639014 -0.263269
4207.000000 -7.237074 -19.707517 16.253987 0.102195 0.713985 -0.641328 -0.261686
4208.000000 -7.349676 -19.885062 16.252183 0.101106 0.712744 -0.643012 -0.261360
4209.000000 -7.463663 -20.060513 16.233064 0.100232 0.712111 -0.644034 -0.260906
4210.000000 -7.564094 -20.244954 16.234514 0.098202 0.712776 -0.644483 -0.258744
4211.000000 -7.667073 -20.428243 16.232642 0.094034 0.715167 -0.644436 -0.253765
4212.000000 -7.771238 -20.609954 16.215203 0.087446 0.719410 -0.643799 -0.245613
4213.000000 -7.859561 -20.800000 16.204158 0.078816 0.725366 -0.642320 -0.234645
4214.000000 -7.934354 -20.996043 16.190308 0.068946 0.732615 -0.639803 -0.221750
4215.000000 -8.008673 -21.190663 16.161446 0.058733 0.740461 -0.636374 -0.208079
4216.000000 -8.078725 -21.385094 16.124102 0.048873 0.748073 -0.632531 -0.194687
4217.000000 -8.138686 -21.582879 16.085595 0.039683 0.754799 -0.628894 -0.182198
4218.000000 -8.198789 -21.781594 16.053174 0.031136 0.760431 -0.625809 -0.170702
4219.000000 -8.255510 -21.981840 16.024752 0.023068 0.765198 -0.623181 -0.159955
4220.000000 -8.304807 -22.180984 15.978178 0.015384 0.769480 -0.620681 -0.149733
4221.000000 -8.336231 -22.384172 15.933954 0.008140 0.773466 -0.618118 -0.140050
4222.000000 -8.381455 -22.583380 15.885241 0.001467 0.777063 -0.615618 -0.131095
4223.000000 -8.422699 -22.784006 15.837911 -0.004561 0.780048 -0.613489 -0.123027
4224.000000 -8.443934 -22.987029 15.788493 -0.009976 0.782300 -0.611953 -0.115849
4225.000000 -8.480465 -23.188543 15.741563 -0.014867 0.783883 -0.611007 -0.109440
4226.000000 -8.506294 -23.390573 15.690575 -0.019303 0.784989 -0.610467 -0.103678
4227.000000 -8.529955 -23.593001 15.639769 -0.023309 0.785841 -0.610090 -0.098488
4228.000000 -8.546556 -23.796964 15.592106 -0.026918 0.786618 -0.609678 -0.093804
4229.000000 -8.571859 -23.999035 15.541302 -0.030199 0.787425 -0.609127 -0.089524
4230.000000 -8.593289 -24.200833 15.487338 -0.033217 0.788281 -0.608431 -0.085564
4231.000000 -8.608294 -24.402945 15.432716 -0.035944 0.789140 -0.607657 -0.081971
4232.000000 -8.611920 -24.607951 15.387365 -0.038227 0.789923 -0.606900 -0.078951
4233.000000 -8.631960 -24.806719 15.322559 -0.039874 0.790554 -0.606252 -0.076763
4234.000000 -8.646798 -25.011887 15.279229 -0.040777 0.790971 -0.605799 -0.075555
4235.000000 -8.657837 -25.211646 15.215029 -0.040951 0.791127 -0.605614 -0.075315
4236.000000 -8.673944 -25.415101 15.165188 -0.040471 0.791003 -0.605729 -0.075948
4237.000000 -8.687210 -25.618377 15.114273 -0.039391 0.790623 -0.606115 -0.077383
4238.000000 -8.705314 -25.820820 15.061586 -0.037740 0.790032 -0.606707 -0.079576
4239.000000 -8.725767 -26.022456 15.005766 -0.035589 0.789249 -0.607474 -0.082430
4240.000000 -8.738152 -26.226438 14.956057 -0.033120 0.788238 -0.608470 -0.085718
4241.000000 -8.772908 -26.427381 14.906612 -0.030592 0.786920 -0.609819 -0.089116
4242.000000 -8.801963 -26.629164 14.857842 -0.028235 0.785212 -0.611651 -0.092346
4243.000000 -8.815503 -26.832546 14.806277 -0.026122 0.783084 -0.614012 -0.095324
4244.000000 -8.841980 -27.037029 14.765590 -0.024177 0.780584 -0.616825 -0.098141
4245.000000 -8.877576 -27.239900 14.724225 -0.022293 0.777845 -0.619901 -0.100914
4246.000000 -8.903963 -27.443576 14.680469 -0.020444 0.775043 -0.623015 -0.103646
4247.000000 -8.932723 -27.648319 14.643285 -0.018666 0.772335 -0.625985 -0.106268
4248.000000 -8.968508 -27.851397 14.604614 -0.016942 0.769814 -0.628702 -0.108784
4249.000000 -8.994884 -28.056839 14.569699 -0.015145 0.767497 -0.631127 -0.111345
4250.000000 -9.035368 -28.259260 14.531683 -0.013122 0.765354 -0.633272 -0.114135
4251.000000 -9.063861 -28.465592 14.502616 -0.010872 0.763325 -0.635208 -0.117165
4252.000000 -9.104656 -28.668907 14.468789 -0.008658 0.761326 -0.637083 -0.120140
4253.000000 -9.144688 -28.872039 14.433134 -0.006944 0.759294 -0.639069 -0.122537
4254.000000 -9.195872 -29.073400 14.402712 -0.006171 0.757250 -0.641245 -0.123851
4255.000000 -9.227651 -29.280094 14.382282 -0.006522 0.755334 -0.643498 -0.123851
4256.000000 -9.256888 -29.486366 14.354782 -0.007865 0.753750 -0.645566 -0.122653
4257.000000 -9.295700 -29.690581 14.324169 -0.009902 0.752648 -0.647214 -0.120572
4258.000000 -9.333232 -29.895757 14.298908 -0.012358 0.752044 -0.648361 -0.117921
4259.000000 -9.361392 -30.101730 14.268083 -0.015035 0.751859 -0.649054 -0.114939
4260.000000 -9.386501 -30.308928 14.244139 -0.017736 0.751991 -0.649369 -0.111869
4261.000000 -9.415572 -30.515610 14.219841 -0.020192 0.752332 -0.649384 -0.109038
4262.000000 -9.440487 -30.721758 14.187599 -0.022085 0.752713 -0.649247 -0.106834
4263.000000 -9.466416 -30.927512 14.154001 -0.023171 0.752914 -0.649182 -0.105572
4264.000000 -9.486395 -31.134533 14.124542 -0.023424 0.752794 -0.649356 -0.105302
4265.000000 -9.517122 -31.341488 14.104841 -0.023142 0.752446 -0.649710 -0.105674
4266.000000 -9.534646 -31.444231 14.091463 -0.022967 0.752284 -0.649867 -0.105896
4267.000000 -9.499742 -31.238405 14.115632 -0.023319 0.752632 -0.649525 -0.105445
4268.000000 -9.477760 -31.030328 14.135776 -0.023391 0.752896 -0.649236 -0.105324
4269.000000 -9.455386 -30.824535 14.171440 -0.022737 0.752849 -0.649191 -0.106074
4270.000000 -9.427580 -30.618677 14.203338 -0.021228 0.752531 -0.649321 -0.107834
4271.000000 -9.401551 -30.412358 14.233291 -0.019015 0.752144 -0.649407 -0.110400
4272.000000 -9.374088 -30.205284 14.255900 -0.016397 0.751891 -0.649255 -0.113397
4273.000000 -9.347887 -29.998768 14.284288 -0.013680 0.751905 -0.648759 -0.116457
4274.000000 -9.314844 -29.793211 14.312513 -0.011091 0.752287 -0.647849 -0.119302
4275.000000 -9.276727 -29.588429 14.339583 -0.008816 0.753135 -0.646451 -0.121702
4276.000000 -9.239186 -29.383616 14.367670 -0.007087 0.754488 -0.644572 -0.123384
4277.000000 -9.209377 -29.177282 14.393196 -0.006208 0.756263 -0.642377 -0.124015
4278.000000 -9.172150 -28.971930 14.415939 -0.006421 0.758267 -0.640136 -0.123352
4279.000000 -9.124210 -28.771053 14.453780 -0.007707 0.760315 -0.638053 -0.121447
4280.000000 -9.084247 -28.567336 14.486160 -0.009734 0.762326 -0.636142 -0.118689
4281.000000 -9.051316 -28.361924 14.516773 -0.012016 0.764330 -0.634259 -0.115631
4282.000000 -9.010001 -28.158969 14.549808 -0.014167 0.766407 -0.632232 -0.112704
4283.000000 -8.983142 -27.954183 14.588733 -0.016063 0.768631 -0.629951 -0.110046
4284.000000 -8.956235 -27.748602 14.622809 -0.017803 0.771049 -0.627378 -0.107533
4285.000000 -8.917945 -27.546350 14.663324 -0.019545 0.773670 -0.624527 -0.104974
4286.000000 -8.894307 -27.340998 14.700471 -0.021363 0.776441 -0.621466 -0.102289
4287.000000 -8.859215 -27.138023 14.742147 -0.023232 0.779233 -0.618344 -0.099530
4288.000000 -8.829717 -26.934917 14.787089 -0.025136 0.781874 -0.615372 -0.096744
4289.000000 -8.806084 -26.730581 14.829598 -0.027150 0.784200 -0.612767 -0.093864
4290.000000 -8.793211 -26.528080 14.884675 -0.029384 0.786118 -0.610669 -0.090762
4291.000000 -8.751862 -26.327367 14.931170 -0.031846 0.787623 -0.609091 -0.087424
4292.000000 -8.731283 -26.124464 14.980488 -0.034379 0.788777 -0.607937 -0.084040
4293.000000 -8.716527 -25.921350 15.033084 -0.036718 0.789665 -0.607067 -0.080931
4294.000000 -8.698553 -25.719655 15.088972 -0.038634 0.790352 -0.606388 -0.078388
4295.000000 -8.676867 -25.516355 15.136920 -0.040004 0.790843 -0.605892 -0.076568
4296.000000 -8.667154 -25.313078 15.189531 -0.040788 0.791099 -0.605635 -0.075528
4297.000000 -8.651371 -25.112192 15.248387 -0.040951 0.791084 -0.605670 -0.075320
4298.000000 -8.641569 -24.909282 15.301576 -0.040420 0.790793 -0.605996 -0.076034
4299.000000 -8.621115 -24.706226 15.350873 -0.039140 0.790261 -0.606557 -0.077740
4300.000000 -8.607461 -24.505920 15.411508 -0.037154 0.789546 -0.607271 -0.080372
4301.000000 -8.601982 -24.300842 15.456172 -0.034624 0.788715 -0.608048 -0.083712
4302.000000 -8.583635 -24.100874 15.518196 -0.031740 0.787849 -0.608794 -0.087505
4303.000000 -8.555338 -23.897550 15.563325 -0.028595 0.787015 -0.609423 -0.091620
4304.000000 -8.541009 -23.695038 15.617441 -0.025160 0.786231 -0.609898 -0.096089
4305.000000 -8.514986 -23.491826 15.663628 -0.021358 0.785435 -0.610272 -0.101015
4306.000000 -8.497066 -23.289407 15.717511 -0.017140 0.784481 -0.610702 -0.106484
4307.000000 -8.459888 -23.087851 15.764065 -0.012482 0.783165 -0.611415 -0.112557
4308.000000 -8.435665 -22.885704 15.815123 -0.007340 0.781266 -0.612641 -0.119333
4309.000000 -8.402840 -22.683648 15.862071 -0.001628 0.778644 -0.614488 -0.126946
4310.000000 -8.357881 -22.483967 15.909540 0.004725 0.775327 -0.616842 -0.135469
4311.000000 -8.322166 -22.282105 15.955070 0.011699 0.771510 -0.619406 -0.144815
4312.000000 -8.281940 -22.081205 16.002578 0.019178 0.767381 -0.621934 -0.154784
4313.000000 -8.227472 -21.881966 16.041204 0.027052 0.762898 -0.624457 -0.165253
4314.000000 -8.168980 -21.681959 16.067983 0.035339 0.757745 -0.627278 -0.176338
4315.000000 -8.108746 -21.483919 16.104668 0.044190 0.751572 -0.630655 -0.188312
4316.000000 -8.045615 -21.287315 16.143288 0.053730 0.744345 -0.634464 -0.201296
4317.000000 -7.970847 -21.093879 16.177460 0.063831 0.736515 -0.638179 -0.214939
4318.000000 -7.897929 -20.897769 16.199381 0.073978 0.728867 -0.641193 -0.228369
4319.000000 -7.817409 -20.703724 16.205558 0.083342 0.722193 -0.643182 -0.240435
4320.000000 -7.720363 -20.518436 16.223945 0.091032 0.717059 -0.644205 -0.250078
4321.000000 -7.614115 -20.337547 16.236528 0.096421 0.713741 -0.644522 -0.256647
4322.000000 -7.515185 -20.151782 16.231072 0.099437 0.712247 -0.644323 -0.260124
4323.000000 -7.407207 -19.972603 16.243864 0.100730 0.712304 -0.643602 -0.261253
4324.000000 -7.292824 -19.796731 16.255105 0.101539 0.713337 -0.642254 -0.261439
4325.000000 -7.182849 -19.617324 16.250186 0.103201 0.714602 -0.640243 -0.262264
4326.000000 -7.083841 -19.432801 16.250228 0.106485 0.715523 -0.637660 -0.264722
4327.000000 -6.989320 -19.246162 16.278089 0.111183 0.716025 -0.634641 -0.268660
4328.000000 -6.887339 -19.062926 16.286353 0.116286 0.716593 -0.631267 -0.272897
4329.000000 -6.771498 -18.887882 16.296058 0.120614 0.717952 -0.627565 -0.275969
4330.000000 -6.652998 -18.714359 16.299214 0.123437 0.720596 -0.623548 -0.276935
4331.000000 -6.531142 -18.543963 16.314206 0.124698 0.724540 -0.619254 -0.275712
4332.000000 -6.412090 -18.371449 16.327870 0.124795 0.729441 -0.614741 -0.272829
4333.000000 -6.295488 -18.196996 16.338095 0.124190 0.734927 -0.610039 -0.268906
4334.000000 -6.180206 -18.023251 16.364101 0.123168 0.740850 -0.605086 -0.264276
4335.000000 -6.066266 -17.848256 16.387093 0.121839 0.747297 -0.599697 -0.258971
4336.000000 -5.953706 -17.673851 16.419253 0.120283 0.754406 -0.593645 -0.252961
4337.000000 -5.837812 -17.500162 16.443111 0.118647 0.762159 -0.586802 -0.246374
4338.000000 -5.725411 -17.325525 16.475737 0.117079 0.770361 -0.579217 -0.239467
4339.000000 -5.620690 -17.148278 16.517962 0.115612 0.778789 -0.571059 -0.232408
4340.000000 -5.520570 -16.969896 16.566513 0.114124 0.787377 -0.562443 -0.225101
4341.000000 -5.413047 -16.796918 16.618151 0.112396 0.796312 -0.553258 -0.217165
4342.000000 -5.311784 -16.621271 16.672728 0.110160 0.806027 -0.543084 -0.207956
4343.000000 -5.211832 -16.447289 16.735327 0.107054 0.817089 -0.531287 -0.196565
4344.000000 -5.113446 -16.275002 16.803608 0.102626 0.829896 -0.517326 -0.181971
4345.000000 -5.028486 -16.097141 16.877112 0.096541 0.844202 -0.501236 -0.163602
4346.000000 -4.938835 -15.924181 16.955580 0.088937 0.858790 -0.484111 -0.142151
4347.000000 -4.841443 -15.758952 17.041981 0.080614 0.871727 -0.468192 -0.119956
4348.000000 -4.765876 -15.590059 17.142646 0.072791 0.881164 -0.456277 -0.100311
4349.000000 -4.731376 -15.426403 17.269965 0.066579 0.886103 -0.450547 -0.085998
4350.000000 -4.695030 -15.271484 17.406984 0.062546 0.886630 -0.451529 -0.078080
4351.000000 -4.663482 -15.115118 17.543302 0.060611 0.883683 -0.457913 -0.075801
4352.000000 -4.627100 -14.948138 17.666000 0.060300 0.878652 -0.467267 -0.077432
4353.000000 -4.592186 -14.781974 17.789624 0.061096 0.872964 -0.477069 -0.081275
4354.000000 -4.550962 -14.608015 17.900175 0.062644 0.867744 -0.485458 -0.086173
4355.000000 -4.502613 -14.434920 18.008868 0.064736 0.863632 -0.491508 -0.091478
4356.000000 -4.466132 -14.254638 18.110700 0.067206 0.860776 -0.495147 -0.096840
4357.000000 -4.422419 -14.075656 18.211235 0.069905 0.858950 -0.496885 -0.102098
4358.000000 -4.362878 -13.900763 18.311487 0.072738 0.857739 -0.497478 -0.107278
4359.000000 -4.312140 -13.723678 18.412770 0.075687 0.856725 -0.497623 -0.112539
4360.000000 -4.259554 -13.547680 18.514614 0.078762 0.855628 -0.497761 -0.118030
4361.000000 -4.208490 -13.371109 18.616311 0.081950 0.854375 -0.498007 -0.123763
4362.000000 -4.141573 -13.198818 18.716428 0.085217 0.853084 -0.498181 -0.129619
4363.000000 -4.085089 -13.021794 18.815963 0.088541 0.851964 -0.497970 -0.135441
4364.000000 -4.017394 -12.849617 18.916136 0.091899 0.851160 -0.497163 -0.141105
4365.000000 -3.946980 -12.675266 19.012562 0.095228 0.850646 -0.495846 -0.146526
4366.000000 -3.880870 -12.499664 19.102295 0.098424 0.850210 -0.494420 -0.151677
4367.000000 -3.808407 -12.331610 19.205511 0.101405 0.849525 -0.493442 -0.156648
4368.000000 -3.728034 -12.164711 19.304715 0.104174 0.848253 -0.493431 -0.161681
4369.000000 -3.651779 -11.994484 19.401449 0.106801 0.846140 -0.494702 -0.167066
4370.000000 -3.573079 -11.825513 19.498260 0.109337 0.843144 -0.497248 -0.172910
4371.000000 -3.492868 -11.658848 19.597806 0.111736 0.839534 -0.500674 -0.178950
4372.000000 -3.410186 -11.492124 19.695390 0.113848 0.835867 -0.504278 -0.184577
4373.000000 -3.321858 -11.325734 19.787840 0.115459 0.832751 -0.507392 -0.189070
4374.000000 -3.229210 -11.155156 19.868106 0.116318 0.830491 -0.509835 -0.191893
4375.000000 -3.135349 -10.987591 19.952849 0.116150 0.828828 -0.512201 -0.192882
4376.000000 -3.042419 -10.817373 20.033653 0.114684 0.826980 -0.515742 -0.192254
4377.000000 -2.944406 -10.650708 20.115693 0.111720 0.823978 -0.521838 -0.190430
4378.000000 -2.853905 -10.484706 20.207481 0.107164 0.819149 -0.531296 -0.187710
4379.000000 -2.760039 -10.317036 20.292590 0.100969 0.812529 -0.543847 -0.183934
4380.000000 -2.672501 -10.144086 20.373532 0.093026 0.805033 -0.558097 -0.178313
4381.000000 -2.590083 -9.967261 20.451765 0.083078 0.798224 -0.571984 -0.169620
4382.000000 -2.503592 -9.786873 20.515507 0.070804 0.793680 -0.583522 -0.156716
4383.000000 -2.416311 -9.599870 20.554900 0.056100 0.792216 -0.591496 -0.139205
4384.000000 -2.349125 -9.408604 20.610383 0.039434 0.793394 -0.595871 -0.117935
4385.000000 -2.276934 -9.215826 20.647491 0.022030 0.795696 -0.597787 -0.095038
4386.000000 -2.232325 -9.013446 20.706293 0.005638 0.797279 -0.599110 -0.073357
4387.000000 -2.182389 -8.802090 20.754634 -0.008066 0.796794 -0.601650 -0.055417
4388.000000 -2.187807 -8.610781 20.829804 -0.018128 0.793771 -0.606458 -0.042505
4389.000000 -2.185796 -8.418058 20.894084 -0.024644 0.788468 -0.613620 -0.034357
4390.000000 -2.177568 -8.215140 20.945705 -0.028622 0.781474 -0.622582 -0.029500
4391.000000 -2.180376 -8.011235 20.996317 -0.031524 0.773362 -0.632647 -0.025980
4392.000000 -2.181604 -7.806541 21.043367 -0.034676 0.764438 -0.643383 -0.022135
4393.000000 -2.184168 -7.601637 21.090662 -0.038737 0.754507 -0.654922 -0.017184
4394.000000 -2.176635 -7.394296 21.125387 -0.043479 0.742733 -0.668078 -0.011390
4395.000000 -2.165104 -7.187256 21.140140 -0.048011 0.727922 -0.683953 -0.005698
4396.000000 -2.193469 -6.978584 21.162911 -0.051322 0.709328 -0.703007 -0.001085
4397.000000 -2.210634 -6.770855 21.199669 0.052779 -0.687522 0.724241 -0.001890
4398.000000 -2.224490 -6.563816 21.220815 0.052251 -0.664526 0.745430 -0.003093
4399.000000 -2.242097 -6.357331 21.201174 0.049893 -0.642814 0.764391 -0.002600
4400.000000 -2.263470 -6.152218 21.152965 0.045860 -0.623782 0.780251 -0.000539
4401.000000 -2.284961 -5.949134 21.101387 0.040223 -0.606928 0.793733 0.002927
4402.000000 -2.302441 -5.746413 21.050948 0.033073 -0.590364 0.806424 0.007565
4403.000000 -2.313464 -5.542753 21.000186 0.024664 -0.572120 0.819695 0.013056
4404.000000 -2.324731 -5.341351 20.941111 0.015483 -0.551247 0.833982 0.019002
4405.000000 -2.334771 -5.141868 20.875401 0.006210 -0.528215 0.848721 0.024950
4406.000000 -2.329563 -4.948432 20.794164 -0.002428 -0.504684 0.862763 0.030456
4407.000000 -2.325001 -4.765634 20.690296 -0.009841 -0.482876 0.874927 0.035175
4408.000000 -2.313137 -4.581907 20.586993 -0.015751 -0.464664 0.884490 0.038942
4409.000000 -2.303485 -4.401284 20.478032 -0.020285 -0.450583 0.891523 0.041832
4410.000000 -2.281701 -4.259198 20.326588 -0.023916 -0.439248 0.896961 0.044156
4411.000000 -2.264283 -4.088232 20.205013 -0.027262 -0.427743 0.902299 0.046356
4412.000000 -2.250849 -3.922713 20.075502 -0.030799 -0.413044 0.908880 0.048812
4413.000000 -2.232928 -3.756358 19.948578 -0.034657 -0.393740 0.917115 0.051651
4414.000000 -2.209796 -3.590076 19.822151 -0.038617 -0.370938 0.926241 0.054695
4415.000000 -2.192484 -3.428938 19.688390 -0.042381 -0.347630 0.934898 0.057641
4416.000000 -2.167049 -3.287652 19.533699 -0.046020 -0.326826 0.942034 0.060333
4417.000000 -2.137302 -3.170167 19.359983 -0.050319 -0.309903 0.947346 0.062955
4418.000000 -2.109948 -3.067973 19.177723 -0.056721 -0.296488 0.951065 0.065976
4419.000000 -2.083708 -2.938829 19.014266 -0.066690 -0.285690 0.953443 0.069853
4420.000000 -2.056778 -2.810946 18.848854 -0.080689 -0.277152 0.954515 0.074676
4421.000000 -2.030761 -2.691832 18.677262 -0.097403 -0.270752 0.954360 0.080015
4422.000000 -2.003352 -2.604564 18.488419 -0.113855 -0.265503 0.953571 0.085132
4423.000000 -1.955222 -2.516256 18.305945 -0.126598 -0.259159 0.953318 0.089410
4424.000000 -1.884147 -2.409266 18.139717 -0.133382 -0.249258 0.954720 0.092684
4425.000000 -1.803910 -2.296830 17.978197 -0.134307 -0.234784 0.958001 0.095243
4426.000000 -1.727799 -2.191867 17.810247 -0.131777 -0.217017 0.962302 0.097537
4427.000000 -1.661060 -2.100142 17.632085 -0.129300 -0.198914 0.966302 0.099874
4428.000000 -1.603294 -2.022391 17.445094 -0.129766 -0.183545 0.969023 0.102308
4429.000000 -1.554102 -1.959112 17.250777 -0.134172 -0.172650 0.970169 0.104701
4430.000000 -1.506225 -1.898438 17.055473 -0.141417 -0.166111 0.970047 0.106854
4431.000000 -1.448246 -1.836778 16.863137 -0.149171 -0.162422 0.969313 0.108623
4432.000000 -1.380814 -1.788480 16.669495 -0.155192 -0.159663 0.968673 0.109979
4433.000000 -1.303267 -1.722867 16.486088 -0.158267 -0.156350 0.968599 0.111004
4434.000000 -1.222103 -1.657784 16.303472 -0.158334 -0.151697 0.969231 0.111844
4435.000000 -1.149332 -1.606220 16.113275 -0.155913 -0.145289 0.970511 0.112654
4436.000000 -1.080727 -1.555502 15.921231 -0.151460 -0.136632 0.972363 0.113589
4437.000000 -1.006525 -1.495096 15.733687 -0.145157 -0.125176 0.974725 0.114764
4438.000000 -0.938470 -1.448916 15.540933 -0.137200 -0.110997 0.977424 0.116182
4439.000000 -0.871375 -1.409864 15.345853 -0.128172 -0.095627 0.980093 0.117662
4440.000000 -0.799228 -1.346133 15.157509 -0.119035 -0.082037 0.982330 0.118863
4441.000000 -0.744333 -1.317235 14.958155 -0.110682 -0.073363 0.983919 0.119456
4442.000000 -0.707538 -1.309917 14.751340 -0.103446 -0.071082 0.984890 0.119324
4443.000000 -0.659912 -1.309800 14.546658 -0.097053 -0.074024 0.985408 0.118629
4444.000000 -0.616088 -1.295827 14.342180 -0.091063 -0.079025 0.985701 0.117714
4445.000000 -0.572270 -1.256788 14.139841 -0.085322 -0.082682 0.986007 0.116938
4446.000000 -0.524501 -1.222458 13.937610 -0.080003 -0.082974 0.986479 0.116511
4447.000000 -0.483676 -1.188573 13.734541 -0.075262 -0.079837 0.987119 0.116440
4448.000000 -0.458430 -1.146929 13.530280 -0.070977 -0.074670 0.987824 0.116574
4449.000000 -0.424580 -1.112437 13.325981 -0.066856 -0.069308 0.988484 0.116733
4450.000000 -0.386087 -1.093788 13.119990 -0.062759 -0.065107 0.989030 0.116801
4451.000000 -0.350436 -1.077821 12.913161 -0.058814 -0.062520 0.989444 0.116761
4452.000000 -0.324675 -1.051307 12.706423 -0.055216 -0.061202 0.989746 0.116651
4453.000000 -0.308210 -1.028351 12.498262 -0.051999 -0.060398 0.989985 0.116527
4454.000000 -0.278132 -1.008225 12.291187 -0.049038 -0.059352 0.990211 0.116428
4455.000000 -0.250432 -0.985330 12.084120 -0.046154 -0.057615 0.990459 0.116370
4456.000000 -0.226771 -0.960806 11.876761 -0.043111 -0.055208 0.990736 0.116339
4457.000000 -0.207268 -0.936082 11.668940 -0.039572 -0.052548 0.991034 0.116294
4458.000000 -0.190494 -0.913098 11.460632 -0.035268 -0.050090 0.991335 0.116202
4459.000000 -0.170619 -0.895258 11.252228 -0.030379 -0.047876 0.991621 0.116070
4460.000000 -0.144131 -0.884062 11.044046 -0.025681 -0.045351 0.991886 0.115954
4461.000000 -0.127411 -0.867275 10.835477 -0.022097 -0.041655 0.992139 0.115918
4462.000000 -0.122554 -0.843618 10.626394 -0.019941 -0.036201 0.992391 0.115982
4463.000000 -0.121258 -0.819477 10.417079 -0.018556 -0.029117 0.992637 0.116103
4464.000000 -0.115183 -0.801266 10.207814 -0.016750 -0.021266 0.992854 0.116222
4465.000000 -0.096634 -0.794964 9.998854 -0.013614 -0.013934 0.993023 0.116301
4466.000000 -0.078942 -0.792393 9.789586 -0.008945 -0.008433 0.993134 0.116333
4467.000000 -0.076461 -0.784788 9.579492 -0.002999 -0.005767 0.993190 0.116327
4468.000000 -0.075981 -0.785236 9.369397 0.003961 -0.006434 0.993185 0.116299
4469.000000 -0.075990 -0.797007 9.159514 0.011722 -0.010350 0.993095 0.116263
4470.000000 -0.076763 -0.795572 8.949575 0.019699 -0.016890 0.992883 0.116231
4471.000000 -0.077405 -0.787265 8.739455 0.026563 -0.024977 0.992554 0.116223
4472.000000 -0.080850 -0.785090 8.529376 0.030494 -0.033231 0.992191 0.116283
4473.000000 -0.098816 -0.775316 8.320271 0.030054 -0.040215 0.991924 0.116471
4474.000000 -0.123025 -0.755170 8.112140 0.025100 -0.044827 0.991825 0.116805
4475.000000 -0.142139 -0.724677 7.905067 0.017073 -0.046661 0.991861 0.117232
4476.000000 -0.153886 -0.697856 7.697037 0.008450 -0.046117 0.991948 0.117650
4477.000000 -0.154164 -0.680559 7.487359 0.001696 -0.044183 0.992034 0.117960
4478.000000 -0.148970 -0.659853 7.278329 -0.001690 -0.041982 0.992111 0.118113
4479.000000 -0.139267 -0.637568 7.069632 -0.001633 -0.040281 0.992181 0.118120
4480.000000 -0.129473 -0.625931 6.859834 0.000720 -0.039175 0.992236 0.118033
4481.000000 -0.123250 -0.617852 6.649646 0.003670 -0.038162 0.992282 0.117922
4482.000000 -0.124012 -0.601439 6.440295 0.005775 -0.036626 0.992340 0.117844
4483.000000 -0.129881 -0.576646 6.231714 0.006384 -0.034413 0.992418 0.117819
4484.000000 -0.133757 -0.557401 6.022437 0.005659 -0.032055 0.992499 0.117838
4485.000000 -0.135755 -0.543097 5.812671 0.004145 -0.030504 0.992550 0.117882
4486.000000 -0.136114 -0.532873 5.602650 0.002212 -0.030667 0.992545 0.117939
4487.000000 -0.135145 -0.525558 5.392604 -0.000288 -0.033198 0.992458 0.118008
4488.000000 -0.134074 -0.516263 5.182695 -0.003913 -0.038651 0.992242 0.118097
4489.000000 -0.133446 -0.502527 4.972955 -0.009123 -0.047591 0.991806 0.118209
4490.000000 -0.132661 -0.486267 4.763351 -0.015682 -0.060229 0.991023 0.118319
4491.000000 -0.131077 -0.469541 4.553848 -0.022461 -0.075694 0.989826 0.118363
4492.000000 -0.128057 -0.454406 4.344409 -0.027932 -0.091710 0.988343 0.118267
4493.000000 -0.114339 -0.443436 4.135380 -0.031057 -0.105311 0.986923 0.118020
4494.000000 -0.080504 -0.387075 3.935711 -0.031846 -0.114295 0.985935 0.117707
4495.000000 -0.048879 -0.322477 3.738168 -0.031075 -0.118317 0.985517 0.117434
4496.000000 -0.036913 -0.270147 3.535311 -0.029499 -0.118764 0.985536 0.117231
4497.000000 -0.029274 -0.223049 3.330503 -0.027388 -0.117606 0.985759 0.117037
4498.000000 -0.007844 -0.175152 3.127181 -0.024776 -0.116211 0.986022 0.116796
4499.000000 0.018842 -0.136608 2.922249 -0.021993 -0.114950 0.986268 0.116530
4500.000000 0.036456 -0.090727 2.718108 -0.019755 -0.113563 0.986499 0.116329
4501.000000 0.047347 -0.038058 2.515143 -0.018713 -0.111687 0.986740 0.116276
4502.000000 0.054597 0.013461 2.311555 -0.019024 -0.109027 0.987017 0.116396
4503.000000 0.061269 0.055673 2.105468 -0.020474 -0.105278 0.987363 0.116670
4504.000000 0.076183 0.094626 1.899545 -0.022988 -0.100199 0.987786 0.117094
4505.000000 0.101035 0.141033 1.696046 -0.026994 -0.093994 0.988223 0.117694
4506.000000 0.109925 0.188329 1.491203 -0.033377 -0.087610 0.988518 0.118501
4507.000000 0.116965 0.230315 1.285549 -0.043419 -0.082382 0.988453 0.119538
4508.000000 0.134382 0.257319 1.078024 -0.059159 -0.078939 0.987752 0.120892
4509.000000 0.153179 0.286973 0.870778 -0.083856 -0.076077 0.985949 0.122822
4510.000000 0.176710 0.305325 0.662094 -0.121404 -0.070704 0.982061 0.125768
4511.000000 0.207821 0.325828 0.455276 -0.173793 -0.059473 0.974341 0.130070
4512.000000 0.246674 0.366975 0.253955 -0.237606 -0.041347 0.960982 0.135454
4513.000000 0.288507 0.416576 0.052671 -0.302717 -0.019237 0.942411 0.140904
4514.000000 0.350766 0.443174 -0.141114 -0.355891 0.000976 0.923171 0.145246
4515.000000 0.490912 0.415085 -0.290521 -0.387422 0.013784 0.909876 0.147786
4516.000000 0.565574 0.358088 -0.306625 -0.372113 0.003168 0.898781 0.231767
4517.000000 0.390898 0.307900 -0.188116 -0.253690 -0.051242 0.800160 0.541072
4518.000000 0.216222 0.257712 -0.069607 -0.104221 -0.099382 0.603616 0.784162
4519.000000 0.129608 0.258622 0.304162 -0.092523 -0.095882 0.605225 0.784824
4520.000000 0.116874 0.246204 0.714375 -0.068519 -0.089377 0.608260 0.785708
4521.000000 0.100999 0.212381 1.122264 -0.036375 -0.082216 0.611701 0.785964
4522.000000 0.090272 0.127739 1.524283 -0.003529 -0.077362 0.614414 0.785174
4523.000000 0.052218 0.044001 1.923426 0.023558 -0.076399 0.615941 0.783725
4524.000000 0.041716 -0.021397 2.328885 0.041933 -0.078815 0.616478 0.782294
4525.000000 0.022519 -0.122741 2.726776 0.051985 -0.082683 0.616458 0.781307
4526.000000 -0.023722 -0.202403 3.126901 0.055684 -0.085747 0.616277 0.780864
4527.000000 -0.045825 -0.290019 3.526633 0.055003 -0.086107 0.616218 0.780919
4528.000000 -0.078074 -0.383497 3.923665 0.051385 -0.082508 0.616436 0.781382
4529.000000 -0.127622 -0.452971 4.322034 0.045967 -0.074631 0.616943 0.782111
4530.000000 -0.132489 -0.483688 4.731337 0.039921 -0.063396 0.617623 0.782898
4531.000000 -0.133932 -0.513832 5.141002 0.034455 -0.050871 0.618299 0.783537
4532.000000 -0.135979 -0.530895 5.551253 0.030512 -0.039559 0.618838 0.783928
4533.000000 -0.134520 -0.552773 5.961513 0.028489 -0.031340 0.619190 0.784098
4534.000000 -0.126159 -0.592562 6.370173 0.028260 -0.026707 0.619378 0.784129
4535.000000 -0.126390 -0.623059 6.779350 0.029437 -0.024708 0.619459 0.784087
4536.000000 -0.145178 -0.649965 7.188942 0.031531 -0.023572 0.619504 0.784006
4537.000000 -0.154821 -0.689856 7.597533 0.033806 -0.021666 0.619573 0.783911
4538.000000 -0.133569 -0.741019 8.004087 0.035103 -0.018322 0.619696 0.783843
4539.000000 -0.089393 -0.780925 8.410772 0.034128 -0.014171 0.619861 0.783841
4540.000000 -0.077242 -0.789936 8.820961 0.030245 -0.010797 0.620020 0.783929
4541.000000 -0.075885 -0.793375 9.231260 0.024139 -0.009925 0.620106 0.784084
4542.000000 -0.076409 -0.786963 9.641703 0.017620 -0.012594 0.620070 0.784248
4543.000000 -0.102574 -0.795295 10.051059 0.012578 -0.018767 0.619912 0.784346
4544.000000 -0.119604 -0.825275 10.459881 0.009914 -0.027472 0.619669 0.784320
4545.000000 -0.127043 -0.871679 10.868580 0.009283 -0.037223 0.619380 0.784153
4546.000000 -0.172819 -0.897110 11.275610 0.009736 -0.046322 0.619087 0.783894
4547.000000 -0.208408 -0.937710 11.682721 0.010590 -0.052875 0.618866 0.783644
4548.000000 -0.251070 -0.985684 12.088326 0.011848 -0.054682 0.618837 0.783525
4549.000000 -0.307583 -1.027877 12.492928 0.014023 -0.049360 0.619113 0.783624
4550.000000 -0.336958 -1.078013 12.899003 0.017667 -0.034927 0.619680 0.783878
4551.000000 -0.319879 -1.095430 13.309870 0.022957 -0.010686 0.620294 0.783961
4552.000000 -0.286823 -1.076283 13.720423 0.029430 0.022018 0.620525 0.783325
4553.000000 -0.213695 -1.077937 14.122404 0.035959 0.059736 0.620011 0.781489
4554.000000 -0.050030 -1.035092 14.499349 0.041051 0.097833 0.618736 0.778402
4555.000000 0.107859 -0.968017 14.872263 0.043452 0.132181 0.617079 0.774502
4556.000000 0.217018 -0.889142 15.259277 0.042761 0.160730 0.615513 0.770377
4557.000000 0.355935 -0.840628 15.643165 0.039659 0.184008 0.614235 0.766344
4558.000000 0.510644 -0.741959 16.010332 0.035638 0.204213 0.613037 0.762373
4559.000000 0.665100 -0.641048 16.375440 0.032431 0.223558 0.611482 0.758327
4560.000000 0.799189 -0.517668 16.740284 0.031443 0.242990 0.609205 0.754212
4561.000000 1.029871 -0.380600 17.053927 0.033373 0.262069 0.606095 0.750236
4562.000000 1.249069 -0.269825 17.382447 0.038143 0.279813 0.602282 0.746663
4563.000000 1.409916 -0.156189 17.744002 0.045124 0.295639 0.597990 0.743619
4564.000000 1.653255 -0.030640 18.052662 0.053489 0.309656 0.593410 0.741024
4565.000000 1.884302 0.085843 18.370018 0.062474 0.322313 0.588685 0.738689
4566.000000 2.143143 0.196377 18.669714 0.071431 0.333952 0.583964 0.736451
4567.000000 2.382368 0.321573 18.978299 0.079778 0.344766 0.579425 0.734193
4568.000000 2.652935 0.419850 19.271971 0.086984 0.355120 0.575215 0.731745
4569.000000 2.932819 0.531601 19.552505 0.092581 0.365843 0.571398 0.728760
4570.000000 3.182153 0.655350 19.853360 0.096095 0.378168 0.567961 0.724689
4571.000000 3.467498 0.758673 20.130481 0.096933 0.393270 0.564919 0.718894
4572.000000 3.759626 0.894958 20.385693 0.094407 0.411656 0.562399 0.710869
4573.000000 4.071390 1.035976 20.613063 0.088103 0.432771 0.560584 0.700495
4574.000000 4.372684 1.205287 20.832345 0.078479 0.455119 0.559496 0.688239
4575.000000 4.650264 1.425130 21.039844 0.067225 0.476874 0.558765 0.675169
4576.000000 4.941756 1.652312 21.218006 0.056926 0.496661 0.557623 0.662679
4577.000000 5.226748 1.887012 21.397235 0.050070 0.514065 0.555151 0.651949
4578.000000 5.525341 2.108494 21.570764 0.047955 0.529567 0.550679 0.643438
4579.000000 5.826236 2.321717 21.750786 0.050173 0.543968 0.544154 0.636772
4580.000000 6.152213 2.533264 21.884194 0.054933 0.557722 0.536294 0.631124
4581.000000 6.496814 2.731946 21.986727 0.059990 0.570673 0.528356 0.625758
4582.000000 6.827314 2.951047 22.091698 0.063623 0.582350 0.521554 0.620324
4583.000000 7.142939 3.169800 22.233173 0.065144 0.592490 0.516492 0.614774
4584.000000 7.466379 3.399797 22.339508 0.064788 0.601280 0.513036 0.609146
4585.000000 7.802205 3.621276 22.421459 0.063242 0.609159 0.510624 0.603481
4586.000000 8.147967 3.827094 22.481657 0.061241 0.616448 0.508679 0.597902
4587.000000 8.441158 4.090123 22.602668 0.059380 0.623130 0.506846 0.592697
4588.000000 8.767268 4.328966 22.676634 0.058023 0.628837 0.505079 0.588296
4589.000000 9.102746 4.554702 22.743061 0.057223 0.632971 0.503650 0.585158
4590.000000 9.444921 4.777319 22.771897 0.056789 0.634926 0.503005 0.583636
4591.000000 9.766423 5.013744 22.869597 0.056558 0.634406 0.503410 0.583874
4592.000000 10.069004 5.276007 22.961645 0.056703 0.631672 0.504620 0.585776
4593.000000 10.408651 5.491579 23.044307 0.057752 0.627520 0.505888 0.589033
4594.000000 10.733598 5.722662 23.138204 0.060322 0.623022 0.506289 0.593191
4595.000000 11.060208 5.951002 23.236364 0.064841 0.619217 0.505057 0.597731
4596.000000 11.383360 6.174104 23.353809 0.071435 0.616874 0.501759 0.602164
4597.000000 11.727896 6.378162 23.444432 0.079937 0.616310 0.496348 0.606144
4598.000000 12.080664 6.570014 23.529473 0.089898 0.617256 0.489206 0.609582
4599.000000 12.440783 6.749519 23.608829 0.100655 0.618917 0.481082 0.612675
4600.000000 12.804009 6.925358 23.674552 0.111489 0.620281 0.472859 0.615813
4601.000000 13.162697 7.103056 23.762351 0.121867 0.620532 0.465229 0.619395
4602.000000 13.537226 7.251700 23.834212 0.131576 0.619299 0.458483 0.623658
4603.000000 13.910205 7.401527 23.913556 0.140704 0.616638 0.452532 0.628630
4604.000000 14.278623 7.549447 24.013445 0.149491 0.612827 0.447088 0.634199
4605.000000 14.663373 7.672103 24.085773 0.158175 0.608141 0.441868 0.640233
4606.000000 15.040502 7.800829 24.181910 0.166909 0.602702 0.436696 0.646675
4607.000000 15.423301 7.907532 24.283180 0.175799 0.596402 0.431494 0.653614
4608.000000 15.815002 7.997122 24.365946 0.185002 0.588872 0.426192 0.661335
4609.000000 16.195020 8.096931 24.487158 0.194802 0.579514 0.420638 0.670283
4610.000000 16.584933 8.175231 24.585401 0.205549 0.567688 0.414586 0.680881
4611.000000 16.974541 8.230822 24.699271 0.217481 0.553049 0.407768 0.693227
4612.000000 17.355760 8.260775 24.847916 0.230599 0.535920 0.399984 0.706843
4613.000000 17.734781 8.240829 25.002843 0.244730 0.517410 0.391140 0.720696
4614.000000 18.109442 8.243772 25.169158 0.259742 0.499141 0.381223 0.733526
4615.000000 18.479764 8.204352 25.342079 0.275690 0.482690 0.370250 0.744258
4616.000000 18.848522 8.130957 25.506611 0.292733 0.469107 0.358280 0.752251
4617.000000 19.215117 8.065458 25.677723 0.310868 0.458752 0.345491 0.757327
4618.000000 19.579528 7.956770 25.831611 0.329690 0.451432 0.332264 0.759680
4619.000000 19.953115 7.843347 25.959519 0.348352 0.446651 0.319213 0.759774
4620.000000 20.312396 7.706471 26.103048 0.365744 0.443812 0.307088 0.758260
4621.000000 20.680182 7.561733 26.213739 0.380796 0.442330 0.296611 0.755884
4622.000000 21.043091 7.400131 26.318880 0.392767 0.441673 0.288282 0.753360
4623.000000 21.408689 7.255242 26.435520 0.401402 0.441395 0.282259 0.751250
4624.000000 21.771524 7.098640 26.544850 0.406914 0.441178 0.278376 0.749860
4625.000000 22.137184 6.944598 26.652456 0.409830 0.440908 0.276269 0.749210
4626.000000 22.499504 6.786684 26.762021 0.410778 0.440669 0.275538 0.749101
4627.000000 22.858749 6.631309 26.885708 0.410290 0.440628 0.275865 0.749272
4628.000000 23.223830 6.479426 26.996611 0.408654 0.440846 0.277067 0.749594
4629.000000 23.593925 6.338753 27.105233 0.405851 0.441155 0.279105 0.750179
4630.000000 23.957401 6.182009 27.214521 0.401602 0.441227 0.282071 0.751312
4631.000000 24.322555 6.047074 27.344918 0.395556 0.440782 0.286121 0.753247
4632.000000 24.688650 5.909567 27.469580 0.387562 0.439800 0.291333 0.755974
4633.000000 25.055873 5.786445 27.605812 0.377967 0.438613 0.297529 0.759102
4634.000000 25.417204 5.664384 27.757516 0.367788 0.437806 0.304139 0.761943
4635.000000 25.777793 5.575927 27.933086 0.358617 0.437890 0.310205 0.763819
4636.000000 26.136694 5.480216 28.108001 0.352225 0.438747 0.314551 0.764524
4637.000000 26.511467 5.391702 28.249113 0.350051 0.439125 0.316037 0.764693
4638.000000 26.888275 5.301427 28.385654 0.352880 0.436683 0.313746 0.765733
4639.000000 27.265925 5.188678 28.498517 0.360874 0.428901 0.307057 0.769110
4640.000000 27.626437 5.087021 28.663499 0.373760 0.414488 0.295711 0.775279
4641.000000 27.946314 4.899152 28.846340 0.390946 0.394370 0.280012 0.783088
4642.000000 28.229061 4.659309 29.029710 0.411487 0.371465 0.261063 0.790277
4643.000000 28.536625 4.435057 29.183158 0.433961 0.349290 0.240698 0.794820
4644.000000 28.812417 4.161674 29.316820 0.456385 0.330292 0.221020 0.796097
4645.000000 29.082042 3.889666 29.465740 0.476270 0.315058 0.203842 0.795207
4646.000000 29.347923 3.587208 29.551514 0.490954 0.302698 0.190379 0.794414
4647.000000 29.590163 3.271273 29.654795 0.498208 0.291837 0.181214 0.796104
4648.000000 29.858904 2.992434 29.788304 0.496885 0.281420 0.176353 0.801753
4649.000000 30.092862 2.699234 29.956270 0.487275 0.271012 0.175295 0.811411
4650.000000 30.312426 2.408450 30.148456 0.470937 0.260670 0.177167 0.823943
4651.000000 30.571162 2.165054 30.353212 0.450064 0.250665 0.180970 0.837770
4652.000000 30.791608 1.902368 30.580383 0.426731 0.241237 0.185833 0.851570
4653.000000 31.004942 1.659176 30.833304 0.402455 0.232506 0.191146 0.864543
4654.000000 31.228781 1.441606 31.100599 0.378164 0.224490 0.196542 0.876338
4655.000000 31.433757 1.224299 31.381972 0.354361 0.217124 0.201816 0.886880
4656.000000 31.646095 1.048752 31.686441 0.331209 0.210239 0.206864 0.896274
4657.000000 31.840688 0.844092 31.984478 0.308531 0.203590 0.211672 0.904740
4658.000000 32.045712 0.684065 32.301182 0.285863 0.196995 0.216335 0.912510
4659.000000 32.220027 0.524564 32.637073 0.262644 0.190561 0.221037 0.919700
4660.000000 32.403080 0.393443 32.980298 0.238470 0.184844 0.225997 0.926223
4661.000000 32.567808 0.272572 33.335585 0.213264 0.180781 0.231388 0.931824
4662.000000 32.724978 0.164445 33.699614 0.187320 0.179306 0.237236 0.936205
4663.000000 32.866146 0.099181 34.079082 0.161296 0.180800 0.243350 0.939189
4664.000000 33.064573 0.057688 34.436644 0.136156 0.184720 0.249354 0.940831
4665.000000 33.242859 0.042703 34.806500 0.113018 0.189762 0.254827 0.941425
4666.000000 33.393475 0.026192 35.188152 0.092819 0.194471 0.259477 0.941402
4667.000000 33.579419 0.040144 35.554557 0.075818 0.197847 0.263264 0.941170
4668.000000 33.737400 0.045138 35.932418 0.061165 0.199500 0.266434 0.940995
4669.000000 33.893528 0.040581 36.311945 0.046910 0.199391 0.269453 0.940977
4670.000000 34.088943 0.052128 36.672905 0.030736 0.197584 0.272825 0.941054
4671.000000 34.232479 0.079174 37.057399 0.011215 0.194321 0.276820 0.941002
4672.000000 34.358818 0.161492 37.438754 -0.011123 0.190282 0.281262 0.940511
4673.000000 34.466368 0.262514 37.821996 -0.033729 0.186637 0.285569 0.939404
4674.000000 34.580523 0.384311 38.196952 -0.053177 0.184638 0.289040 0.937836
4675.000000 34.686496 0.497628 38.576710 -0.066808 0.184962 0.291207 0.936229
4676.000000 34.819905 0.608459 38.948706 -0.073843 0.187298 0.292028 0.934979
4677.000000 34.956030 0.708640 39.323002 -0.075375 0.190501 0.291848 0.934266
4678.000000 35.101069 0.809086 39.693712 -0.073497 0.193209 0.291180 0.934068
4679.000000 35.236048 0.908879 40.068165 -0.070245 0.194514 0.290469 0.934269
4680.000000 35.368059 1.001846 40.445609 -0.066976 0.194287 0.289946 0.934718
4681.000000 35.500974 1.090963 40.823144 -0.064292 0.193033 0.289647 0.935259
4682.000000 35.626666 1.182776 41.203171 -0.062302 0.191397 0.289507 0.935773
4683.000000 35.756270 1.268620 41.583029 -0.060904 0.189697 0.289473 0.936222
4684.000000 35.900973 1.368445 41.954050 -0.059977 0.187794 0.289539 0.936645
4685.000000 36.023203 1.454616 42.336296 -0.059564 0.185430 0.289741 0.937080
4686.000000 36.150865 1.546105 42.715503 -0.060130 0.182847 0.290124 0.937432
4687.000000 36.268530 1.627515 43.100195 -0.062847 0.181354 0.290730 0.937356
4688.000000 36.382479 1.714454 43.484916 -0.069643 0.183404 0.291587 0.936211
4689.000000 36.487133 1.778822 43.876337 -0.082715 0.191932 0.292655 0.933099
4690.000000 36.595354 1.890460 44.255321 -0.103515 0.209025 0.293733 0.926992
4691.000000 36.756741 2.075204 44.583392 -0.131640 0.234524 0.294413 0.917055
4692.000000 36.931728 2.288959 44.890553 -0.164389 0.265411 0.294278 0.903290
4693.000000 37.105826 2.542709 45.158924 -0.197498 0.296564 0.293310 0.887138
4694.000000 37.310091 2.839080 45.363170 -0.226794 0.322547 0.292170 0.871300
4695.000000 37.509432 3.125748 45.581242 -0.249826 0.339441 0.292008 0.858544
4696.000000 37.690387 3.380015 45.845563 -0.266530 0.345786 0.293913 0.850299
4697.000000 37.877841 3.667439 46.075292 -0.278725 0.342503 0.298407 0.846143
4698.000000 38.006204 3.949846 46.343114 -0.288913 0.332148 0.305258 0.844408
4699.000000 38.148960 4.239825 46.598787 -0.299120 0.317872 0.313666 0.843267
4700.000000 38.252439 4.527858 46.868144 -0.310278 0.302414 0.322641 0.841532
4701.000000 38.330150 4.831002 47.130062 -0.322207 0.287514 0.331355 0.838881
4702.000000 38.441880 5.156641 47.357775 -0.333932 0.273959 0.339279 0.835659
4703.000000 38.493370 5.466051 47.622556 -0.344069 0.262133 0.346056 0.832555
4704.000000 38.548932 5.780465 47.879735 -0.351154 0.252552 0.351335 0.830345
4705.000000 38.559044 6.098229 48.140514 -0.353942 0.245847 0.354770 0.829712
4706.000000 38.627307 6.421637 48.384303 -0.351726 0.242245 0.356258 0.831075
4707.000000 38.694205 6.739810 48.634544 -0.344634 0.241136 0.356121 0.834421
4708.000000 38.797896 7.005104 48.930105 -0.333675 0.241251 0.355019 0.839297
4709.000000 38.845626 7.302519 49.209704 -0.320403 0.241305 0.353636 0.845018
4710.000000 38.946601 7.576683 49.498049 -0.306314 0.240498 0.352436 0.850953
4711.000000 39.021383 7.847385 49.798779 -0.292384 0.238494 0.351642 0.856726
4712.000000 39.130141 8.103978 50.099598 -0.278981 0.235159 0.351335 0.862226
4713.000000 39.222072 8.351017 50.413655 -0.266027 0.230515 0.351482 0.867498
4714.000000 39.304752 8.596382 50.732029 -0.253191 0.225011 0.351864 0.872614
4715.000000 39.382156 8.816367 51.070684 -0.240058 0.219745 0.352042 0.877582
4716.000000 39.459392 9.039970 51.405995 -0.226391 0.216242 0.351494 0.882291
4717.000000 39.543020 9.246850 51.749907 -0.212461 0.215855 0.349861 0.886490
4718.000000 39.667314 9.435291 52.091998 -0.199255 0.219230 0.347128 0.889797
4719.000000 39.779835 9.628207 52.436493 -0.188296 0.226301 0.343590 0.891784
4720.000000 39.930091 9.793411 52.779207 -0.181059 0.236814 0.339616 0.892075
4721.000000 40.056267 9.990127 53.116516 -0.178200 0.250953 0.335328 0.890406
4722.000000 40.190641 10.198828 53.443379 -0.179032 0.269645 0.330358 0.886624
4723.000000 40.367507 10.404103 53.751929 -0.181547 0.294299 0.323820 0.880664
4724.000000 40.535932 10.644362 54.037208 -0.183081 0.325921 0.314595 0.872518
4725.000000 40.743510 10.883050 54.296653 -0.181419 0.363677 0.302042 0.862320
4726.000000 40.952124 11.101971 54.559621 -0.175917 0.403555 0.286986 0.850785
4727.000000 41.321228 11.264893 54.670752 -0.168010 0.438451 0.272241 0.839892
4728.000000 41.697731 11.440580 54.759221 -0.160561 0.460534 0.261740 0.832839
4729.000000 41.996725 11.628044 54.959532 -0.156072 0.464839 0.258349 0.832359
4730.000000 42.241294 11.842949 55.207561 -0.154794 0.451935 0.261907 0.838569
4731.000000 42.450207 12.054809 55.488855 -0.154151 0.428292 0.269036 0.848778
4732.000000 42.649425 12.260205 55.782154 -0.149842 0.404146 0.274742 0.859494
4733.000000 42.850422 12.459013 56.078150 -0.137670 0.389676 0.274517 0.868240
4734.000000 43.055694 12.645463 56.379723 -0.115125 0.391397 0.265745 0.873461
4735.000000 43.282816 12.806870 56.678258 -0.082502 0.410386 0.248250 0.873584
4736.000000 43.648857 12.819139 56.863288 -0.043297 0.442681 0.224280 0.867097
4737.000000 44.019491 12.842305 57.040977 -0.003300 0.481462 0.197895 0.853827
4738.000000 44.411294 12.839812 57.163438 0.031514 0.520093 0.173593 0.835689
4739.000000 44.798080 12.860651 57.297282 0.057008 0.554424 0.154844 0.815713
4740.000000 45.196668 12.855515 57.394667 0.071406 0.583209 0.143558 0.796342
4741.000000 45.597528 12.848967 57.481814 0.074331 0.606930 0.140646 0.778672
4742.000000 46.004470 12.846151 57.532434 0.065717 0.626205 0.146738 0.762900
4743.000000 46.410712 12.886874 57.570537 0.045754 0.640762 0.162150 0.749025
4744.000000 46.805639 12.987941 57.606366 0.015858 0.649386 0.186066 0.737174
4745.000000 47.174431 13.159953 57.655024 -0.020327 0.650727 0.215769 0.727726
4746.000000 47.508822 13.385966 57.722359 -0.056987 0.644364 0.246834 0.721540
4747.000000 47.815322 13.648750 57.796241 -0.087528 0.631317 0.274434 0.720045
4748.000000 48.115461 13.918076 57.876912 -0.106685 0.613543 0.295025 0.724668
4749.000000 48.421211 14.163403 57.993443 -0.112283 0.592903 0.307392 0.735777
4750.000000 48.744072 14.356781 58.156043 -0.105945 0.570548 0.312678 0.751986
4751.000000 49.079721 14.519809 58.323998 -0.092517 0.547181 0.313653 0.770490
4752.000000 49.394930 14.668781 58.539229 -0.078399 0.523660 0.313671 0.788191
4753.000000 49.708378 14.803751 58.765983 -0.069438 0.501181 0.315603 0.802739
4754.000000 50.010503 14.947948 59.002591 -0.069252 0.480923 0.321059 0.812920
4755.000000 50.294951 15.119522 59.243419 -0.078585 0.463613 0.330126 0.818477
4756.000000 50.551739 15.323855 59.489657 -0.095714 0.449486 0.341681 0.819790
4757.000000 50.786413 15.551086 59.737642 -0.117504 0.438574 0.354032 0.817623
4758.000000 51.010152 15.789765 59.985408 -0.140621 0.431000 0.365546 0.812921
4759.000000 51.224359 16.043556 60.226197 -0.162425 0.427012 0.375021 0.806622
4760.000000 51.429718 16.316690 60.453407 -0.181315 0.426770 0.381802 0.799512
4761.000000 51.633266 16.590845 60.681243 -0.196590 0.430085 0.385727 0.792209
4762.000000 51.842141 16.872875 60.894297 -0.208044 0.436130 0.387065 0.785295
4763.000000 52.054353 17.161616 61.094300 -0.215506 0.443137 0.386522 0.779607
4764.000000 52.274992 17.452363 61.282010 -0.218544 0.448272 0.385246 0.776451
4765.000000 52.504093 17.744029 61.458007 -0.216692 0.448335 0.384570 0.777268
4766.000000 52.739788 18.036016 61.624355 -0.210406 0.441797 0.385307 0.782358
4767.000000 52.976293 18.332300 61.781242 -0.202352 0.431439 0.387014 0.789388
4768.000000 53.088567 18.432083 61.914090 -0.199178 0.427072 0.387770 0.792194
4769.000000 52.855438 18.183714 61.707430 -0.206325 0.436708 0.386120 0.785893
4770.000000 52.620115 17.890822 61.542364 -0.214002 0.445846 0.384755 0.779351
4771.000000 52.390504 17.596843 61.370945 -0.218238 0.449105 0.384760 0.776297
4772.000000 52.166671 17.305276 61.188418 -0.217614 0.446147 0.385891 0.777615
4773.000000 51.946046 17.018471 60.994691 -0.212294 0.439668 0.386966 0.782228
4774.000000 51.738323 16.730628 60.788907 -0.202801 0.432851 0.386686 0.788661
4775.000000 51.531519 16.452673 60.568580 -0.189423 0.428016 0.384114 0.795850
4776.000000 51.326722 16.177843 60.342622 -0.172295 0.426423 0.378769 0.803126
4777.000000 51.117283 15.914750 60.107637 -0.151812 0.428543 0.370592 0.809917
4778.000000 50.900489 15.669773 59.860111 -0.129084 0.434356 0.359982 0.815528
4779.000000 50.673746 15.433153 59.613224 -0.106243 0.443624 0.347866 0.819084
4780.000000 50.424863 15.219386 59.366882 -0.086353 0.456149 0.335693 0.819623
4781.000000 50.154487 15.033154 59.121357 -0.072789 0.471875 0.325189 0.816264
4782.000000 49.863819 14.870411 58.881797 -0.068134 0.490716 0.317851 0.808410
4783.000000 49.555481 14.734526 58.647932 -0.072982 0.512210 0.314262 0.795961
4784.000000 49.236606 14.601927 58.426871 -0.085141 0.535370 0.313580 0.779613
4785.000000 48.909496 14.448568 58.234837 -0.099729 0.558946 0.313495 0.761153
4786.000000 48.578482 14.265784 58.076219 -0.110364 0.581893 0.310774 0.743398
4787.000000 48.263616 14.046885 57.932885 -0.111166 0.603492 0.302214 0.729456
4788.000000 47.965107 13.784097 57.832861 -0.098753 0.622891 0.285741 0.721531
4789.000000 47.660636 13.518759 57.760367 -0.073407 0.638563 0.261336 0.720105
4790.000000 47.343438 13.270133 57.684891 -0.039015 0.648477 0.231444 0.724147
4791.000000 46.991181 13.069994 57.635783 -0.001771 0.651025 0.200442 0.732111
4792.000000 46.610462 12.928560 57.587919 0.031878 0.645910 0.173166 0.742831
4793.000000 46.207023 12.863410 57.559833 0.057109 0.634134 0.153292 0.755721
4794.000000 45.800344 12.847379 57.513307 0.071469 0.617114 0.142532 0.770550
4795.000000 45.396239 12.849292 57.441847 0.074306 0.595650 0.141014 0.787270
4796.000000 44.996621 12.860228 57.349561 0.065635 0.569501 0.148198 0.805853
4797.000000 44.603676 12.849576 57.232765 0.045586 0.537933 0.163371 0.825748
4798.000000 44.216033 12.831894 57.099374 0.015072 0.501129 0.185230 0.845182
4799.000000 43.838292 12.826812 56.945862 -0.023000 0.461714 0.211099 0.861237
4800.000000 43.453376 12.829438 56.783000 -0.063393 0.425264 0.236850 0.871225
4801.000000 43.158047 12.737836 56.531479 -0.099927 0.398881 0.258001 0.874268
4802.000000 42.958454 12.554502 56.224039 -0.127751 0.388313 0.271269 0.871382
4803.000000 42.751159 12.372057 55.920360 -0.144951 0.395177 0.275589 0.864220
4804.000000 42.551755 12.168096 55.626555 -0.152740 0.415595 0.272382 0.854259
4805.000000 42.355963 11.950873 55.339231 -0.154643 0.440864 0.265325 0.843402
4806.000000 42.126901 11.742027 55.070341 -0.155133 0.460259 0.259407 0.834748
4807.000000 41.856711 11.531687 54.844953 -0.157862 0.465020 0.259082 0.831693
4808.000000 41.517563 11.348812 54.707727 -0.164038 0.451512 0.266227 0.835675
4809.000000 41.124297 11.186642 54.628199 -0.172102 0.422139 0.279333 0.845075
4810.000000 40.829845 10.998694 54.445036 -0.179106 0.383739 0.294696 0.856633
4811.000000 40.649506 10.754327 54.167544 -0.182737 0.344199 0.308728 0.867653
4812.000000 40.448309 10.521758 53.898882 -0.182600 0.309229 0.319606 0.876862
4813.000000 40.279400 10.299437 53.598801 -0.180241 0.281140 0.327356 0.883918
4814.000000 40.114624 10.093866 53.284135 -0.178254 0.259646 0.332973 0.888785
4815.000000 40.000987 9.894262 52.943783 -0.179091 0.243389 0.337521 0.891497
4816.000000 39.851001 9.694011 52.616935 -0.184144 0.231132 0.341641 0.892161
4817.000000 39.724764 9.541266 52.258611 -0.193392 0.222323 0.345434 0.890981
4818.000000 39.607496 9.328693 51.927410 -0.205680 0.217064 0.348619 0.888281
4819.000000 39.496022 9.150906 51.574632 -0.219414 0.215599 0.350823 0.884476
4820.000000 39.422989 8.927952 51.237725 -0.233290 0.217677 0.351888 0.879981
4821.000000 39.348975 8.710270 50.897641 -0.246684 0.222257 0.352012 0.875121
4822.000000 39.264643 8.470814 50.574957 -0.259620 0.227817 0.351667 0.870073
4823.000000 39.177500 8.224444 50.258456 -0.272464 0.232987 0.351360 0.864885
4824.000000 39.073494 7.968591 49.955547 -0.285613 0.236997 0.351426 0.859510
4825.000000 38.987091 7.710402 49.648979 -0.299293 0.239656 0.351981 0.853872
4826.000000 38.895085 7.445735 49.348598 -0.313385 0.241038 0.352995 0.847989
4827.000000 38.824170 7.153076 49.070801 -0.327226 0.241349 0.354328 0.842096
4828.000000 38.747876 6.868969 48.784652 -0.339547 0.241128 0.355645 0.836709
4829.000000 38.655768 6.587884 48.501493 -0.348745 0.241449 0.356356 0.832520
4830.000000 38.588257 6.258644 48.264927 -0.353473 0.243676 0.355748 0.830134
4831.000000 38.554543 5.938918 48.010438 -0.353146 0.248809 0.353298 0.829797
4832.000000 38.515106 5.622888 47.753128 -0.348079 0.257021 0.348907 0.831291
4833.000000 38.476092 5.310914 47.488778 -0.339292 0.267804 0.342832 0.834043
4834.000000 38.388820 4.995026 47.241320 -0.328177 0.280543 0.335440 0.837303
4835.000000 38.280516 4.672812 47.009842 -0.316194 0.294828 0.327070 0.840311
4836.000000 38.216760 4.386894 46.724760 -0.304568 0.310156 0.318141 0.842513
4837.000000 38.070780 4.092080 46.476632 -0.293927 0.325310 0.309329 0.843858
4838.000000 37.951876 3.811099 46.202224 -0.283922 0.338014 0.301578 0.845095
4839.000000 37.788650 3.522397 45.958162 -0.273035 0.345215 0.295834 0.847797
4840.000000 37.594635 3.247856 45.722252 -0.258887 0.343924 0.292652 0.853843
4841.000000 37.412942 2.987194 45.465042 -0.239152 0.332282 0.291890 0.864404
4842.000000 37.206009 2.688540 45.264755 -0.212830 0.310498 0.292696 0.878990
4843.000000 37.014587 2.408651 45.034937 -0.181183 0.281311 0.293873 0.895363
4844.000000 36.847740 2.179081 44.737103 -0.147683 0.249583 0.294463 0.910599
4845.000000 36.668300 1.978318 44.425164 -0.116779 0.220847 0.294153 0.922531
4846.000000 36.540074 1.821050 44.070036 -0.092121 0.199352 0.293214 0.930483
4847.000000 36.439374 1.752396 43.678241 -0.075272 0.186689 0.292102 0.934964
4848.000000 36.325871 1.670396 43.292579 -0.065594 0.181750 0.291127 0.936968
4849.000000 36.210527 1.587418 42.907383 -0.061114 0.181834 0.290397 0.937481
4850.000000 36.089204 1.494782 42.526485 -0.059670 0.184113 0.289907 0.937281
4851.000000 35.959266 1.417396 42.144717 -0.059691 0.186674 0.289620 0.936862
4852.000000 35.826970 1.317992 41.769317 -0.060385 0.188791 0.289492 0.936433
4853.000000 35.687713 1.230684 41.393117 -0.061538 0.190555 0.289479 0.936004
4854.000000 35.564367 1.137305 41.012842 -0.063214 0.192232 0.289562 0.935524
4855.000000 35.427917 1.053660 40.634902 -0.065546 0.193745 0.289772 0.934986
4856.000000 35.304014 0.950948 40.257299 -0.068560 0.194570 0.290178 0.934472
4857.000000 35.171757 0.864479 39.878334 -0.071939 0.194064 0.290810 0.934127
4858.000000 35.030017 0.756933 39.508329 -0.074723 0.191990 0.291543 0.934108
4859.000000 34.886444 0.659038 39.136232 -0.075176 0.188880 0.292032 0.934553
4860.000000 34.753064 0.557185 38.761869 -0.071118 0.185936 0.291771 0.935542
4861.000000 34.634593 0.441556 38.386094 -0.060818 0.184505 0.290299 0.937009
4862.000000 34.515343 0.319971 38.012725 -0.044050 0.185368 0.287447 0.938655
4863.000000 34.415886 0.212762 37.629275 -0.022606 0.188326 0.283478 0.940033
4864.000000 34.292763 0.112858 37.250570 0.000278 0.192335 0.279014 0.940829
4865.000000 34.167769 0.061927 36.862660 0.021413 0.196105 0.274744 0.941063
4866.000000 33.993436 0.044609 36.491387 0.039189 0.198692 0.271069 0.941014
4867.000000 33.807139 0.042008 36.125684 0.054137 0.199663 0.267928 0.940967
4868.000000 33.666684 0.045499 35.739859 0.068299 0.198896 0.264900 0.941065
4869.000000 33.483773 0.032191 35.372724 0.083943 0.196363 0.261470 0.941291
4870.000000 33.318194 0.032735 34.997383 0.102513 0.192236 0.257264 0.941463
4871.000000 33.157741 0.047077 34.619266 0.124268 0.187197 0.252180 0.941233
4872.000000 32.964536 0.079317 34.258622 0.148546 0.182526 0.246393 0.940164
4873.000000 32.796361 0.136720 33.889927 0.174264 0.179693 0.240280 0.937874
4874.000000 32.649325 0.216772 33.516110 0.200351 0.179677 0.234261 0.934183
4875.000000 32.478625 0.328215 33.159433 0.225986 0.182541 0.228633 0.929159
4876.000000 32.315829 0.458422 32.806045 0.250690 0.187560 0.223472 0.923058
4877.000000 32.132314 0.604810 32.469742 0.274354 0.193734 0.218667 0.916178
4878.000000 31.938643 0.757412 32.142313 0.297232 0.200288 0.214012 0.908701
4879.000000 31.749189 0.948254 31.833024 0.319835 0.206901 0.209294 0.900607
4880.000000 31.539323 1.136705 31.534525 0.342706 0.213636 0.204372 0.891709
4881.000000 31.331416 1.327795 31.237740 0.366184 0.220733 0.199203 0.881762
4882.000000 31.120974 1.554783 30.966813 0.390272 0.228410 0.193849 0.870597
4883.000000 30.894705 1.773602 30.703678 0.414641 0.236781 0.188461 0.858190
4884.000000 30.686740 2.036017 30.463527 0.438595 0.245868 0.183314 0.844736
4885.000000 30.439251 2.283031 30.249192 0.460928 0.255608 0.178887 0.830789
4886.000000 30.199892 2.549671 30.050232 0.479815 0.265817 0.175927 0.817416
4887.000000 29.982234 2.849402 29.868362 0.493042 0.276220 0.175397 0.806131
4888.000000 29.720351 3.126271 29.717424 0.498635 0.286615 0.178266 0.798396
4889.000000 29.468608 3.427302 29.599665 0.495613 0.297160 0.185246 0.794826
4890.000000 29.220345 3.743841 29.509822 0.484419 0.308606 0.196596 0.794639
4891.000000 28.945050 4.022064 29.389636 0.466813 0.322237 0.212027 0.795797
4892.000000 28.678313 4.302750 29.249860 0.445325 0.339313 0.230647 0.795835
4893.000000 28.382590 4.549931 29.111210 0.422592 0.360093 0.250925 0.792960
4894.000000 28.090876 4.781086 28.938313 0.400873 0.383039 0.270842 0.786909
4895.000000 27.791447 5.003628 28.754889 0.381865 0.404994 0.288357 0.779108
4896.000000 27.451442 5.141914 28.571762 0.366735 0.422522 0.301964 0.771880
4897.000000 27.075567 5.248416 28.450409 0.356241 0.433585 0.310978 0.767066
4898.000000 26.701764 5.349976 28.313723 0.350817 0.438426 0.315409 0.765001
4899.000000 26.322376 5.429187 28.178455 0.350545 0.439123 0.315715 0.764600
4900.000000 25.957457 5.531909 28.022220 0.354970 0.438270 0.312668 0.764300
4901.000000 25.597706 5.618131 27.843788 0.362964 0.437722 0.307311 0.763031
4902.000000 25.236224 5.720914 27.678709 0.372862 0.438123 0.300835 0.760606
4903.000000 24.870571 5.845872 27.540389 0.382917 0.439199 0.294334 0.757526
4904.000000 24.505897 5.979113 27.407125 0.391795 0.440346 0.288585 0.754527
4905.000000 24.140578 6.111619 27.275013 0.398822 0.441078 0.283952 0.752172
4906.000000 23.775814 6.260068 27.158878 0.403930 0.441242 0.280463 0.750657
4907.000000 23.409488 6.410832 27.051291 0.407411 0.441008 0.277979 0.749838
4908.000000 23.039901 6.552350 26.941604 0.409609 0.440709 0.276363 0.749413
4909.000000 22.679279 6.711288 26.827172 0.410688 0.440615 0.275584 0.749164
4910.000000 22.319945 6.860918 26.699977 0.410512 0.440774 0.275754 0.749105
4911.000000 21.953673 7.024168 26.602713 0.408657 0.441049 0.277126 0.749451
4912.000000 21.591753 7.173778 26.480806 0.404520 0.441291 0.280070 0.750457
4913.000000 21.224826 7.331803 26.385364 0.397498 0.441510 0.284986 0.752228
4914.000000 20.862645 7.484150 26.267056 0.387195 0.441929 0.292160 0.754600
4915.000000 20.494651 7.627798 26.155968 0.373620 0.442936 0.301605 0.757133
4916.000000 20.135474 7.781922 26.031458 0.357279 0.445026 0.312986 0.759173
4917.000000 19.765847 7.898412 25.894858 0.339107 0.448761 0.325671 0.759972
4918.000000 19.400175 8.018401 25.753220 0.320237 0.454739 0.338899 0.758820
4919.000000 19.032257 8.110817 25.596067 0.301678 0.463528 0.351970 0.755149
4920.000000 18.665906 8.171444 25.421823 0.284068 0.475502 0.364383 0.748618
4921.000000 18.294499 8.224726 25.256223 0.267589 0.490607 0.375867 0.739206
4922.000000 17.919544 8.244846 25.091828 0.252127 0.508139 0.386315 0.727315
4923.000000 17.548300 8.259450 24.919106 0.237550 0.526742 0.395697 0.713819
4924.000000 17.166235 8.251439 24.769711 0.223901 0.544743 0.404005 0.699931
4925.000000 16.782404 8.207869 24.631213 0.211361 0.560719 0.411288 0.686850
4926.000000 16.388557 8.138991 24.537738 0.200037 0.573943 0.417692 0.675358
4927.000000 16.006982 8.051316 24.414632 0.189805 0.584464 0.423460 0.665626
4928.000000 15.619350 7.950536 24.325979 0.180346 0.592824 0.428863 0.657352
4929.000000 15.231226 7.858684 24.230809 0.171327 0.599676 0.434102 0.650070
4930.000000 14.852439 7.735319 24.133047 0.162529 0.605516 0.439282 0.643402
4931.000000 14.469542 7.613754 24.052168 0.153834 0.610581 0.444464 0.637164
4932.000000 14.093568 7.480744 23.958552 0.145124 0.614856 0.449766 0.631349
4933.000000 13.718944 7.331944 23.886790 0.136200 0.618132 0.455424 0.626061
4934.000000 13.350227 7.173774 23.804284 0.126806 0.620106 0.461744 0.621435
4935.000000 12.980956 7.018809 23.718283 0.116757 0.620580 0.468942 0.617529
4936.000000 12.614883 6.846343 23.656600 0.106102 0.619696 0.476932 0.614211
4937.000000 12.258471 6.664701 23.568029 0.095223 0.618060 0.485211 0.611150
4938.000000 11.904751 6.471733 23.489807 0.084773 0.616634 0.492953 0.607925
4939.000000 11.555294 6.273101 23.406945 0.075469 0.616372 0.499304 0.604223
4940.000000 11.229173 6.055912 23.288347 0.067883 0.617830 0.503679 0.599987
4941.000000 10.896004 5.838779 23.186195 0.062323 0.620977 0.505913 0.595446
4942.000000 10.570814 5.611681 23.080858 0.058813 0.625246 0.506252 0.591031
4943.000000 10.236846 5.385354 23.008435 0.057074 0.629709 0.505306 0.587261
4944.000000 9.912793 5.150585 22.914529 0.056557 0.633276 0.503952 0.584632
4945.000000 9.611271 4.889099 22.818455 0.056647 0.634973 0.503078 0.583535
4946.000000 9.267550 4.674164 22.763108 0.056976 0.634250 0.503204 0.584180
4947.000000 8.937297 4.441305 22.696330 0.057562 0.631142 0.504295 0.586543
4948.000000 8.605082 4.206565 22.644348 0.058627 0.626139 0.505944 0.590366
4949.000000 8.288071 3.965500 22.547691 0.060264 0.619881 0.507759 0.595228
4950.000000 7.974446 3.721070 22.463988 0.062257 0.612870 0.509622 0.600667
4951.000000 7.638337 3.507901 22.373201 0.064115 0.605307 0.511739 0.606314
4952.000000 7.301636 3.290384 22.284264 0.065162 0.597028 0.514594 0.611968
4953.000000 6.993686 3.053176 22.154533 0.064649 0.587611 0.518799 0.617561
4954.000000 6.658836 2.847181 22.037825 0.062053 0.576698 0.524757 0.623057
4955.000000 6.326091 2.629885 21.936419 0.057553 0.564327 0.532250 0.628437
4956.000000 5.984949 2.430001 21.823974 0.052378 0.550922 0.540319 0.633875
4957.000000 5.673063 2.218458 21.660659 0.048611 0.536862 0.547645 0.639922
4958.000000 5.378121 1.990439 21.490134 0.048405 0.522003 0.553186 0.647422
4959.000000 5.082271 1.774936 21.304108 0.052948 0.505647 0.556606 0.657045
4960.000000 4.792883 1.542455 21.129409 0.061784 0.487064 0.558304 0.668766
4961.000000 4.507174 1.309728 20.947278 0.072906 0.466176 0.559126 0.681721
4962.000000 4.219500 1.123738 20.724944 0.083629 0.443907 0.559961 0.694548
4963.000000 3.914301 0.963630 20.502045 0.091726 0.421949 0.561395 0.705961
4964.000000 3.615815 0.821444 20.258893 0.096130 0.402061 0.563581 0.715180
4965.000000 3.319631 0.705237 19.997324 0.096892 0.385318 0.566386 0.722045
4966.000000 3.061372 0.601731 19.696275 0.094632 0.371723 0.569633 0.726901
4967.000000 2.794362 0.470509 19.413192 0.090012 0.360364 0.573257 0.730350
4968.000000 2.513837 0.372560 19.127465 0.083554 0.349961 0.577272 0.733009
4969.000000 2.263805 0.259843 18.823104 0.075715 0.339448 0.581661 0.735332
4970.000000 2.009430 0.142150 18.522513 0.066994 0.328247 0.586313 0.737565
4971.000000 1.777719 0.022441 18.206880 0.057947 0.316128 0.591057 0.739836
4972.000000 1.524791 -0.088125 17.901588 0.049184 0.302847 0.595727 0.742276
4973.000000 1.318293 -0.220516 17.571420 0.041408 0.287973 0.600183 0.745076
4974.000000 1.139985 -0.325772 17.218880 0.035433 0.271162 0.604263 0.748387
4975.000000 0.910421 -0.445998 16.897886 0.032031 0.252636 0.607750 0.752189
4976.000000 0.717377 -0.588994 16.567704 0.031597 0.233265 0.610448 0.756269
4977.000000 0.600041 -0.682807 16.185840 0.033831 0.213897 0.612331 0.760364
4978.000000 0.430927 -0.798239 15.829390 0.037653 0.194337 0.613651 0.764361
4979.000000 0.282958 -0.866066 15.452621 0.041431 0.172911 0.614843 0.768345
4980.000000 0.163757 -0.926145 15.064722 0.043475 0.147203 0.616263 0.772439
4981.000000 0.033906 -1.004412 14.684778 0.042638 0.115665 0.617923 0.776514
4982.000000 -0.135466 -1.059759 14.312912 0.038777 0.079029 0.619452 0.780083
4983.000000 -0.267812 -1.082768 13.924841 0.032778 0.040530 0.620373 0.782573
4984.000000 -0.302153 -1.088435 13.515708 0.026102 0.004780 0.620485 0.783769
4985.000000 -0.333672 -1.092690 13.103884 0.020119 -0.024002 0.620006 0.783972
4986.000000 -0.323855 -1.049796 12.696350 0.015638 -0.043367 0.619370 0.783745
4987.000000 -0.278049 -1.008129 12.290636 0.012782 -0.053055 0.618933 0.783546
4988.000000 -0.227908 -0.961734 11.885735 0.011143 -0.054521 0.618819 0.783560
4989.000000 -0.191482 -0.915305 11.479244 0.010129 -0.050047 0.618961 0.783760
4990.000000 -0.148314 -0.885165 11.072152 0.009431 -0.041966 0.619231 0.784030
4991.000000 -0.120110 -0.849708 10.664400 0.009401 -0.032319 0.619528 0.784253
4992.000000 -0.116688 -0.804956 10.255332 0.010946 -0.022888 0.619799 0.784351
4993.000000 -0.081852 -0.793911 9.846815 0.014827 -0.015286 0.620004 0.784309
4994.000000 -0.076179 -0.782931 9.436360 0.020800 -0.010794 0.620104 0.784170
4995.000000 -0.076430 -0.798011 9.026184 0.027374 -0.009960 0.620076 0.784001
4996.000000 -0.078128 -0.786028 8.615609 0.032541 -0.012271 0.619945 0.783874
4997.000000 -0.111845 -0.765640 8.206926 0.034965 -0.016262 0.619775 0.783831
4998.000000 -0.149993 -0.708742 7.802130 0.034662 -0.020164 0.619627 0.783871
4999.000000 -0.152452 -0.671636 7.392888 0.032708 -0.022787 0.619533 0.783958
5000.000000 -0.134982 -0.631650 6.984617 0.030406 -0.024149 0.619482 0.784050
5001.000000 -0.122513 -0.613529 6.574202 0.028701 -0.025480 0.619428 0.784115
5002.000000 -0.131312 -0.570027 6.166152 0.028172 -0.028606 0.619302 0.784126
5003.000000 -0.136002 -0.539996 5.756474 0.029259 -0.034996 0.619037 0.784036
5004.000000 -0.134857 -0.523906 5.346053 0.032253 -0.044920 0.618591 0.783765
5005.000000 -0.133340 -0.499792 4.936107 0.037046 -0.057136 0.617972 0.783246
5006.000000 -0.130782 -0.467441 4.526657 0.042945 -0.069326 0.617272 0.782512
5007.000000 -0.111684 -0.439379 4.118460 0.048831 -0.079078 0.616658 0.781725
5008.000000 -0.050676 -0.322675 3.729674 0.053488 -0.084848 0.616288 0.781107
5009.000000 -0.042819 -0.251965 3.324942 0.055789 -0.086361 0.616220 0.780835
5010.000000 0.003447 -0.167289 2.926268 0.054494 -0.084447 0.616367 0.781019
5011.000000 0.034477 -0.071342 2.528132 0.047891 -0.080712 0.616511 0.781733
5012.000000 0.046523 0.018856 2.127583 0.033871 -0.077285 0.616308 0.782972
5013.000000 0.073052 0.080307 1.722861 0.011012 -0.076380 0.615324 0.784488
5014.000000 0.095697 0.171841 1.323874 -0.019571 -0.079354 0.613196 0.785691
5015.000000 0.114678 0.245307 0.919732 -0.053029 -0.085683 0.610010 0.785961
5016.000000 0.124877 0.250424 0.509254 -0.081936 -0.092902 0.606610 0.785290
5017.000000 0.125144 0.277034 0.099555 -0.099800 -0.098028 0.604231 0.784433
5018.000000 0.163966 0.171799 -0.076046 -0.102204 -0.079665 0.563144 0.816135
5019.000000 -0.045058 -0.171854 -0.101804 -0.091092 0.001021 0.385375 0.918252
5020.000000 -0.254082 -0.515506 -0.127562 -0.075547 0.081657 0.188853 0.975684
5021.000000 -0.207475 -0.439911 0.203699 -0.072732 0.078443 0.188966 0.976140
5022.000000 -0.163663 -0.394765 0.540623 -0.066424 0.071565 0.189184 0.977075
5023.000000 -0.140731 -0.339103 0.878507 -0.056731 0.061669 0.189433 0.978312
5024.000000 -0.138620 -0.325083 1.220053 -0.044746 0.050365 0.189620 0.979543
5025.000000 -0.110618 -0.321125 1.562093 -0.032038 0.039322 0.189698 0.980532
5026.000000 -0.088257 -0.308984 1.903899 -0.019939 0.029544 0.189682 0.981198
5027.000000 -0.095156 -0.300222 2.246839 -0.008986 0.021127 0.189613 0.981590
5028.000000 -0.086689 -0.304615 2.589557 0.001095 0.013500 0.189518 0.981784
5029.000000 -0.069398 -0.319658 2.931758 0.010844 0.005919 0.189401 0.981822
5030.000000 -0.073114 -0.319371 3.274441 0.020352 -0.001970 0.189252 0.981716
5031.000000 -0.076279 -0.360684 3.612883 0.028906 -0.009732 0.189071 0.981490
5032.000000 -0.105153 -0.432011 3.949648 0.035311 -0.016191 0.188889 0.981230
5033.000000 -0.126629 -0.451840 4.291282 0.038658 -0.020022 0.188766 0.981057
5034.000000 -0.133015 -0.473026 4.633514 0.038992 -0.020574 0.188745 0.981036
5035.000000 -0.134164 -0.501056 4.975442 0.037360 -0.018323 0.188820 0.981130
5036.000000 -0.134677 -0.522838 5.317675 0.035248 -0.014627 0.188945 0.981246
5037.000000 -0.136200 -0.535250 5.660487 0.033859 -0.011039 0.189066 0.981318
5038.000000 -0.134054 -0.555798 6.003041 0.033698 -0.008658 0.189147 0.981332
5039.000000 -0.126930 -0.589381 6.344349 0.034651 -0.007800 0.189179 0.981300
5040.000000 -0.123950 -0.619516 6.685691 0.036354 -0.007949 0.189175 0.981238
5041.000000 -0.137270 -0.634460 7.028535 0.038474 -0.007951 0.189177 0.981157
5042.000000 -0.151899 -0.669318 7.369359 0.040634 -0.006549 0.189230 0.981070
5043.000000 -0.153504 -0.699172 7.711388 0.042136 -0.003147 0.189366 0.980997
5044.000000 -0.129351 -0.747354 8.049896 0.041899 0.001616 0.189570 0.980971
5045.000000 -0.091392 -0.779815 8.389655 0.038954 0.006002 0.189785 0.981034
5046.000000 -0.077412 -0.787110 8.732013 0.033247 0.008053 0.189938 0.981200
5047.000000 -0.076240 -0.798602 9.074872 0.026084 0.006614 0.189984 0.981418
5048.000000 -0.076113 -0.783376 9.417457 0.019712 0.001799 0.189924 0.981599
5049.000000 -0.077927 -0.791449 9.760424 0.016235 -0.005318 0.189802 0.981674
5050.000000 -0.107585 -0.796365 10.101864 0.016553 -0.013438 0.189673 0.981616
5051.000000 -0.119545 -0.823416 10.443429 0.020049 -0.021637 0.189564 0.981425
5052.000000 -0.122815 -0.863414 10.784959 0.025128 -0.029514 0.189469 0.981121
5053.000000 -0.155173 -0.887824 11.125113 0.030172 -0.036898 0.189365 0.980749
5054.000000 -0.190302 -0.913885 11.465199 0.034196 -0.043373 0.189245 0.980375
5055.000000 -0.219708 -0.952089 11.804887 0.036864 -0.047904 0.189146 0.980087
5056.000000 -0.258025 -0.991998 12.143375 0.038045 -0.048806 0.189151 0.979996
5057.000000 -0.306075 -1.026795 12.481277 0.037434 -0.044089 0.189345 0.980206
5058.000000 -0.334007 -1.068661 12.820290 0.034578 -0.032038 0.189782 0.980694
5059.000000 -0.330542 -1.094584 13.162238 0.029202 -0.011821 0.190439 0.981193
5060.000000 -0.302959 -1.088939 13.506278 0.021463 0.016050 0.191210 0.981183
5061.000000 -0.277584 -1.079380 13.848491 0.011873 0.049485 0.191933 0.980088
5062.000000 -0.191991 -1.073367 14.179230 0.001033 0.084940 0.192485 0.977616
5063.000000 -0.052951 -1.036054 14.492932 -0.010526 0.118171 0.192882 0.974023
5064.000000 0.082699 -0.981922 14.803549 -0.022331 0.145629 0.193284 0.970018
5065.000000 0.178655 -0.912761 15.124423 -0.033977 0.165875 0.193870 0.966305
5066.000000 0.281353 -0.866566 15.448223 -0.045270 0.180051 0.194704 0.963132
5067.000000 0.404274 -0.815296 15.764348 -0.056286 0.191046 0.195687 0.960229
5068.000000 0.537976 -0.722851 16.066684 -0.067111 0.201935 0.196595 0.957115
5069.000000 0.664531 -0.641483 16.373225 -0.077411 0.214679 0.197142 0.953444
5070.000000 0.766977 -0.542371 16.683818 -0.086314 0.229633 0.197060 0.949203
5071.000000 0.949947 -0.423424 16.948849 -0.092814 0.245846 0.196204 0.944695
5072.000000 1.140021 -0.325754 17.218933 -0.096400 0.261885 0.194626 0.940342
5073.000000 1.294750 -0.238165 17.509898 -0.097344 0.276774 0.192518 0.936406
5074.000000 1.446967 -0.132575 17.799055 -0.096459 0.290463 0.190075 0.932844
5075.000000 1.654794 -0.030026 18.054446 -0.094588 0.303504 0.187423 0.929414
5076.000000 1.849906 0.065649 18.318585 -0.092278 0.316317 0.184641 0.925925
5077.000000 2.056766 0.160925 18.574458 -0.089783 0.328774 0.181824 0.922381
5078.000000 2.266402 0.261453 18.826807 -0.087282 0.340418 0.179106 0.918922
5079.000000 2.472539 0.357672 19.082364 -0.085056 0.350939 0.176637 0.915645
5080.000000 2.704482 0.437549 19.323742 -0.083534 0.360471 0.174557 0.912476
5081.000000 2.937537 0.534010 19.557353 -0.083249 0.369624 0.172972 0.909136
5082.000000 3.145089 0.640489 19.808010 -0.084811 0.379338 0.171979 0.905170
5083.000000 3.374540 0.724600 20.048328 -0.088939 0.390519 0.171725 0.900053
5084.000000 3.622553 0.824684 20.264846 -0.096425 0.403536 0.172481 0.893371
5085.000000 3.869559 0.944538 20.470089 -0.107908 0.417869 0.174616 0.885015
5086.000000 4.129348 1.068527 20.656774 -0.123410 0.432310 0.178381 0.875248
5087.000000 4.379914 1.211062 20.839965 -0.141909 0.445625 0.183601 0.864622
5088.000000 4.611729 1.392678 21.015707 -0.161303 0.457188 0.189498 0.853845
5089.000000 4.852430 1.584158 21.167170 -0.178950 0.467187 0.194832 0.843655
5090.000000 5.092001 1.783310 21.310371 -0.192605 0.476429 0.198339 0.834614
5091.000000 5.338755 1.962982 21.466782 -0.201237 0.485985 0.199179 0.826831
5092.000000 5.585105 2.157097 21.604717 -0.205293 0.496800 0.197204 0.819851
5093.000000 5.838864 2.330443 21.757308 -0.206302 0.509231 0.192995 0.812943
5094.000000 6.109754 2.508568 21.870209 -0.206127 0.522688 0.187712 0.805651
5095.000000 6.399151 2.671539 21.957533 -0.206287 0.535736 0.182727 0.798150
5096.000000 6.674123 2.857641 22.042272 -0.207604 0.546856 0.179130 0.791051
5097.000000 6.956369 3.027216 22.137593 -0.210203 0.555354 0.177309 0.784830
5098.000000 7.210741 3.222533 22.256836 -0.213780 0.561666 0.176948 0.779435
5099.000000 7.484365 3.410789 22.343460 -0.217950 0.566814 0.177418 0.774430
5100.000000 7.766548 3.595329 22.407359 -0.222455 0.571570 0.178247 0.769448
5101.000000 8.056931 3.762279 22.466888 -0.227108 0.576145 0.179229 0.764432
5102.000000 8.304809 3.980877 22.555079 -0.231609 0.580500 0.180189 0.759545
5103.000000 8.569778 4.181643 22.636327 -0.235491 0.584663 0.180810 0.754998
5104.000000 8.843219 4.383235 22.684005 -0.238329 0.588562 0.180845 0.751059
5105.000000 9.123066 4.570351 22.748462 -0.240003 0.591675 0.180469 0.748164
5106.000000 9.409754 4.756116 22.766232 -0.240707 0.593127 0.180240 0.746843
5107.000000 9.685371 4.945661 22.842773 -0.240673 0.592331 0.180603 0.747398
5108.000000 9.933739 5.168951 22.920899 -0.239882 0.589548 0.181419 0.749651
5109.000000 10.204031 5.365774 22.999787 -0.238078 0.585782 0.182029 0.753023
5110.000000 10.488973 5.547126 23.058023 -0.235028 0.582161 0.181739 0.756850
5111.000000 10.758899 5.738501 23.146179 -0.230742 0.579469 0.180189 0.760596
5112.000000 11.029637 5.932894 23.226746 -0.225436 0.578185 0.177308 0.763834
5113.000000 11.304167 6.115534 23.319641 -0.219364 0.578734 0.173084 0.766152
5114.000000 11.583382 6.289526 23.413843 -0.212710 0.581458 0.167500 0.767206
5115.000000 11.875404 6.455749 23.481654 -0.205611 0.586292 0.160691 0.766919
5116.000000 12.169116 6.620590 23.546906 -0.198216 0.592539 0.153062 0.765624
5117.000000 12.470235 6.766769 23.619044 -0.190679 0.599074 0.145187 0.763985
5118.000000 12.774450 6.913523 23.670595 -0.183110 0.604818 0.137565 0.762720
5119.000000 13.074232 7.065206 23.734859 -0.175541 0.609128 0.130453 0.762319
5120.000000 13.386521 7.185038 23.806996 -0.167950 0.611883 0.123859 0.762923
5121.000000 13.692283 7.320798 23.880491 -0.160293 0.613329 0.117643 0.764391
5122.000000 14.009007 7.440889 23.931452 -0.152507 0.613855 0.111611 0.766464
5123.000000 14.315613 7.562429 24.022066 -0.144514 0.613809 0.105582 0.768900
5124.000000 14.637211 7.665299 24.082063 -0.136252 0.613412 0.099431 0.771540
5125.000000 14.952222 7.770529 24.164189 -0.127702 0.612732 0.093123 0.774325
5126.000000 15.270659 7.868900 24.243737 -0.118883 0.611706 0.086681 0.777283
5127.000000 15.595636 7.946073 24.319746 -0.109745 0.610168 0.080105 0.780535
5128.000000 15.920935 8.027891 24.390615 -0.100037 0.607865 0.073251 0.784300
5129.000000 16.236475 8.106737 24.502442 -0.089235 0.604462 0.065782 0.788882
5130.000000 16.563355 8.171662 24.580049 -0.076688 0.599580 0.057257 0.794571
5131.000000 16.891463 8.218180 24.666691 -0.061952 0.592931 0.047365 0.801468
5132.000000 17.210771 8.255350 24.785933 -0.045125 0.584556 0.036130 0.809291
5133.000000 17.529369 8.260370 24.912253 -0.026876 0.575036 0.023939 0.817336
5134.000000 17.841128 8.238614 25.052608 -0.008120 0.565454 0.011349 0.824662
5135.000000 18.154437 8.239430 25.190142 0.010447 0.557070 -0.001176 0.830399
5136.000000 18.463567 8.206452 25.334932 0.028581 0.550899 -0.013410 0.833975
5137.000000 18.773098 8.145856 25.469164 0.046380 0.547467 -0.025314 0.835157
5138.000000 19.078704 8.101481 25.617758 0.063982 0.546821 -0.036883 0.833986
5139.000000 19.386412 8.022279 25.747475 0.081335 0.548651 -0.048019 0.830699
5140.000000 19.689523 7.920954 25.870734 0.098129 0.552401 -0.058503 0.825713
5141.000000 20.002137 7.827981 25.978206 0.113857 0.557365 -0.068044 0.819604
5142.000000 20.301137 7.711632 26.098923 0.127933 0.562805 -0.076344 0.813053
5143.000000 20.607437 7.585872 26.188615 0.139826 0.568070 -0.083168 0.806739
5144.000000 20.912820 7.460124 26.280509 0.149212 0.572659 -0.088416 0.801237
5145.000000 21.215305 7.335446 26.382102 0.156070 0.576240 -0.092170 0.796928
5146.000000 21.522487 7.204438 26.461715 0.160677 0.578644 -0.094682 0.793970
5147.000000 21.823806 7.077373 26.562392 0.163482 0.579884 -0.096273 0.792300
5148.000000 22.129940 6.947900 26.650655 0.164926 0.580164 -0.097196 0.791683
5149.000000 22.433734 6.812336 26.736607 0.165328 0.579855 -0.097567 0.791780
5150.000000 22.733287 6.687409 26.845266 0.164880 0.579387 -0.097393 0.792237
5151.000000 23.034540 6.554603 26.939973 0.163705 0.579046 -0.096677 0.792818
5152.000000 23.342976 6.435382 27.031773 0.161884 0.578785 -0.095488 0.793526
5153.000000 23.650874 6.314649 27.121909 0.159408 0.578210 -0.093936 0.794631
5154.000000 23.954229 6.183313 27.213521 0.156148 0.576781 -0.092082 0.796532
5155.000000 24.259819 6.069139 27.319373 0.151878 0.574097 -0.089878 0.799542
5156.000000 24.565599 5.956218 27.425397 0.146380 0.570061 -0.087190 0.803742
5157.000000 24.869488 5.846224 27.540010 0.139579 0.564901 -0.083898 0.808928
5158.000000 25.175405 5.743399 27.655569 0.131689 0.559186 -0.079990 0.814599
5159.000000 25.477752 5.648067 27.785899 0.123305 0.553860 -0.075639 0.819948
5160.000000 25.778824 5.575685 27.933600 0.115401 0.550109 -0.071241 0.824007
5161.000000 26.078714 5.498151 28.080792 0.109180 0.548843 -0.067430 0.826017
5162.000000 26.387942 5.415500 28.202586 0.105865 0.549954 -0.065069 0.825899
5163.000000 26.704999 5.349145 28.314922 0.106592 0.551918 -0.065196 0.824484
5164.000000 27.016774 5.265773 28.432084 0.112389 0.552240 -0.068928 0.823194
5165.000000 27.333605 5.168799 28.519571 0.124061 0.548666 -0.077186 0.823175
5166.000000 27.631331 5.084982 28.666136 0.141811 0.540449 -0.090244 0.824415
5167.000000 27.900826 4.932336 28.818809 0.164833 0.528889 -0.107304 0.825586
5168.000000 28.141715 4.735486 28.972547 0.191301 0.516751 -0.126492 0.824847
5169.000000 28.388963 4.545574 29.114276 0.218898 0.506858 -0.145477 0.820985
5170.000000 28.638394 4.342360 29.230793 0.245535 0.500714 -0.162377 0.814022
5171.000000 28.862839 4.107704 29.343594 0.269701 0.497994 -0.176334 0.805090
5172.000000 29.089314 3.882503 29.468728 0.290282 0.496999 -0.187426 0.795990
5173.000000 29.313536 3.631315 29.539317 0.306225 0.495540 -0.196198 0.788779
5174.000000 29.515841 3.365129 29.620468 0.316489 0.491706 -0.203250 0.785334
5175.000000 29.729087 3.117605 29.721665 0.320403 0.484343 -0.209049 0.786799
5176.000000 29.951043 2.888465 29.846226 0.318090 0.473280 -0.213872 0.793148
5177.000000 30.136077 2.638225 29.993651 0.310536 0.459249 -0.217814 0.803252
5178.000000 30.321345 2.398407 30.155948 0.299245 0.443477 -0.220883 0.815470
5179.000000 30.538970 2.196015 30.326197 0.285720 0.427095 -0.223134 0.828351
5180.000000 30.731158 1.980429 30.511355 0.271085 0.410768 -0.224720 0.841002
5181.000000 30.903839 1.762996 30.714651 0.255983 0.394747 -0.225803 0.853030
5182.000000 31.093456 1.580944 30.934400 0.240718 0.379163 -0.226471 0.864292
5183.000000 31.273018 1.392379 31.158614 0.225490 0.364196 -0.226753 0.874699
5184.000000 31.443964 1.215109 31.396643 0.210545 0.350000 -0.226704 0.884181
5185.000000 31.621467 1.070248 31.651931 0.196124 0.336556 -0.226441 0.892743
5186.000000 31.791265 0.902261 31.898226 0.182342 0.323677 -0.226080 0.900484
5187.000000 31.950954 0.749537 32.159461 0.169194 0.311232 -0.225676 0.907512
5188.000000 32.114026 0.622089 32.432331 0.156787 0.299459 -0.225207 0.913797
5189.000000 32.263241 0.494045 32.712790 0.145539 0.289119 -0.224621 0.919116
5190.000000 32.412370 0.385947 33.002419 0.136044 0.281307 -0.223865 0.923170
5191.000000 32.558711 0.274501 33.290153 0.128659 0.276964 -0.222881 0.925776
5192.000000 32.714994 0.142937 33.565627 0.123193 0.276435 -0.221603 0.926984
5193.000000 32.880064 0.025985 33.841691 0.119087 0.279374 -0.219988 0.927024
5194.000000 33.034233 -0.087313 34.126067 0.115982 0.285124 -0.218089 0.926115
5195.000000 33.208226 -0.180841 34.406455 0.114284 0.293388 -0.216080 0.924214
5196.000000 33.402104 -0.311489 34.657663 0.115358 0.304907 -0.214213 0.920781
5197.000000 33.577693 -0.434289 34.924895 0.121347 0.321744 -0.212736 0.914603
5198.000000 33.737410 -0.509444 35.217218 0.134757 0.346711 -0.211863 0.903740
5199.000000 33.948267 -0.666533 35.412634 0.157836 0.381821 -0.211789 0.885690
5200.000000 34.165717 -0.857762 35.591620 0.191610 0.426416 -0.212703 0.858028
5201.000000 34.426731 -0.997656 35.729478 0.234625 0.476238 -0.214657 0.819799
5202.000000 34.642498 -1.230735 35.747299 0.282033 0.524437 -0.217314 0.773432
5203.000000 34.829858 -1.526375 35.685998 0.326164 0.564277 -0.219804 0.725876
5204.000000 35.011057 -1.846927 35.590045 0.358927 0.591767 -0.220951 0.687142
5205.000000 35.208342 -2.154741 35.503906 0.374742 0.606267 -0.219773 0.666115
5206.000000 35.443881 -2.412291 35.471873 0.372100 0.609037 -0.215834 0.666356
5207.000000 35.699096 -2.637564 35.502866 0.353144 0.601820 -0.209151 0.685097
5208.000000 35.944971 -2.865900 35.581357 0.321775 0.586605 -0.199735 0.715864
5209.000000 36.185607 -3.095423 35.677118 0.281402 0.565683 -0.187211 0.752175
5210.000000 36.452865 -3.281894 35.774120 0.233858 0.541148 -0.170955 0.789458
5211.000000 36.715961 -3.423476 35.922616 0.180230 0.514510 -0.150696 0.824674
5212.000000 36.974428 -3.456053 36.144880 0.122501 0.487080 -0.127092 0.855333
5213.000000 37.230631 -3.482082 36.370983 0.064127 0.460584 -0.101774 0.879427
5214.000000 37.487883 -3.466396 36.596868 0.008937 0.437001 -0.076808 0.896131
5215.000000 37.736363 -3.416958 36.827104 -0.040395 0.417650 -0.053914 0.906107
5216.000000 37.983101 -3.342439 37.053073 -0.082851 0.402540 -0.034002 0.911011
5217.000000 38.222053 -3.254756 37.282385 -0.118413 0.390665 -0.017289 0.912721
5218.000000 38.447794 -3.128539 37.507381 -0.147139 0.380820 -0.003725 0.912859
5219.000000 38.671533 -2.990876 37.727369 -0.168773 0.372177 0.006699 0.912664
5220.000000 38.889138 -2.850583 37.951994 -0.182955 0.364326 0.013956 0.913016
5221.000000 39.110513 -2.719816 38.178377 -0.189653 0.357066 0.018135 0.914443
5222.000000 39.321657 -2.587668 38.414244 -0.189408 0.350301 0.019533 0.917078
5223.000000 39.538046 -2.464646 38.649764 -0.183309 0.344151 0.018588 0.920659
5224.000000 39.737763 -2.357063 38.906562 -0.172756 0.339049 0.015768 0.924636
5225.000000 39.942423 -2.262819 39.164695 -0.159192 0.335587 0.011518 0.928389
5226.000000 40.149832 -2.171987 39.422194 -0.143862 0.334154 0.006257 0.931453
5227.000000 40.373450 -2.098961 39.670593 -0.127693 0.334655 0.000380 0.933649
5228.000000 40.589180 -2.039181 39.930456 -0.111307 0.336588 -0.005776 0.935033
5229.000000 40.809484 -1.995926 40.189009 -0.095141 0.339390 -0.011952 0.935746
5230.000000 41.029385 -1.962981 40.449800 -0.079563 0.342751 -0.017964 0.935879
5231.000000 41.253495 -1.937695 40.706496 -0.064923 0.346667 -0.023670 0.935439
5232.000000 41.480551 -1.918686 40.960897 -0.051524 0.351306 -0.028950 0.934393
5233.000000 41.703369 -1.909494 41.220017 -0.039590 0.356849 -0.033710 0.932714
5234.000000 41.938762 -1.910609 41.468947 -0.029244 0.363406 -0.037880 0.930401
5235.000000 42.181792 -1.914189 41.710423 -0.020534 0.370990 -0.041415 0.927486
5236.000000 42.422771 -1.923911 41.953658 -0.013504 0.379514 -0.044269 0.924028
5237.000000 42.667875 -1.934107 42.193046 -0.008275 0.388805 -0.046365 0.920116
5238.000000 42.923089 -1.951511 42.421408 -0.005115 0.398629 -0.047564 0.915864
5239.000000 43.185889 -1.972995 42.640258 -0.004456 0.408711 -0.047653 0.911408
5240.000000 43.447734 -1.980095 42.861466 -0.006878 0.418751 -0.046342 0.906892
5241.000000 43.716281 -1.995556 43.074223 -0.013108 0.428467 -0.043257 0.902426
5242.000000 43.992034 -1.994099 43.277887 -0.024027 0.437633 -0.037927 0.898032
5243.000000 44.268304 -1.984335 43.480650 -0.040663 0.446088 -0.029774 0.893569
5244.000000 44.549931 -1.954332 43.673822 -0.064069 0.453703 -0.018177 0.888661
5245.000000 44.828897 -1.896146 43.864161 -0.095029 0.460307 -0.002619 0.882655
5246.000000 45.107496 -1.804944 44.041559 -0.133597 0.465616 0.017056 0.874679
5247.000000 45.378537 -1.672278 44.202993 -0.178602 0.469236 0.040356 0.863881
5248.000000 45.631204 -1.485109 44.338862 -0.227456 0.470835 0.065997 0.849837
5249.000000 45.860145 -1.261073 44.460549 -0.276528 0.470450 0.092048 0.832908
5250.000000 46.074269 -1.007741 44.547043 -0.322040 0.468709 0.116336 0.814290
5251.000000 46.261120 -0.738889 44.650983 -0.361007 0.466753 0.136927 0.795655
5252.000000 46.455657 -0.465205 44.712468 -0.391683 0.465863 0.152437 0.778665
5253.000000 46.626376 -0.174219 44.772081 -0.413410 0.467070 0.162090 0.764634
5254.000000 46.812775 0.108006 44.820943 -0.426172 0.470976 0.165575 0.754416
5255.000000 46.989147 0.399607 44.859304 -0.430259 0.477811 0.162852 0.748367
5256.000000 47.187055 0.671404 44.921873 -0.426177 0.487535 0.154062 0.746289
5257.000000 47.404774 0.931580 44.969531 -0.414721 0.499826 0.139605 0.747456
5258.000000 47.644269 1.171817 45.018083 -0.397058 0.514005 0.120316 0.750778
5259.000000 47.905349 1.387596 45.070385 -0.374766 0.529036 0.097563 0.755084
5260.000000 48.188070 1.571323 45.132013 -0.349804 0.543738 0.073133 0.759367
5261.000000 48.485401 1.732723 45.187046 -0.324337 0.557118 0.048936 0.762909
5262.000000 48.791411 1.871649 45.251823 -0.300417 0.568659 0.026632 0.765289
5263.000000 49.103460 1.997876 45.313621 -0.279593 0.578368 0.007342 0.766332
5264.000000 49.419525 2.112864 45.377382 -0.262629 0.586609 -0.008487 0.766057
5265.000000 49.737525 2.225321 45.439229 -0.249482 0.593807 -0.021013 0.764663
5266.000000 50.059912 2.331771 45.483535 -0.239533 0.600197 -0.030766 0.762522
5267.000000 50.384170 2.429372 45.534971 -0.231997 0.605734 -0.038340 0.760127
5268.000000 50.709844 2.522702 45.584099 -0.226308 0.610183 -0.044120 0.757968
5269.000000 51.038899 2.604005 45.633788 -0.222361 0.613252 -0.048116 0.756414
5270.000000 51.202906 2.644660 45.659430 -0.221147 0.614173 -0.049338 0.755944
5271.000000 50.874660 2.559541 45.613288 -0.224101 0.611909 -0.046358 0.757098
5272.000000 50.547642 2.470647 45.562580 -0.228941 0.608112 -0.041443 0.758992
5273.000000 50.219908 2.385522 45.515966 -0.235508 0.603084 -0.034794 0.761324
5274.000000 49.897366 2.279036 45.469977 -0.244158 0.597100 -0.026197 0.763657
5275.000000 49.578844 2.169304 45.406517 -0.255608 0.590318 -0.015135 0.765481
5276.000000 49.260368 2.059373 45.345317 -0.270614 0.582643 -0.001007 0.766351
5277.000000 48.945430 1.941600 45.280273 -0.289550 0.573725 0.016566 0.765981
5278.000000 48.636086 1.807460 45.219791 -0.312071 0.563129 0.037462 0.764260
5279.000000 48.335572 1.655431 45.156171 -0.336998 0.550639 0.060892 0.761263
5280.000000 48.046494 1.481040 45.097513 -0.362485 0.536499 0.085437 0.757281
5281.000000 47.773749 1.281297 45.042746 -0.386376 0.521488 0.109268 0.752877
5282.000000 47.524412 1.052294 44.991058 -0.406577 0.506737 0.130491 0.748922
5283.000000 47.300433 0.797275 44.948916 -0.421308 0.493393 0.147502 0.746530
5284.000000 47.083599 0.540203 44.885745 -0.429197 0.482325 0.159199 0.746866
5285.000000 46.904202 0.251930 44.840437 -0.429274 0.474024 0.164985 0.750869
5286.000000 46.710087 -0.026600 44.795692 -0.420899 0.468664 0.164610 0.759014
5287.000000 46.535815 -0.316552 44.741635 -0.403676 0.466157 0.158023 0.771215
5288.000000 46.355922 -0.599342 44.673839 -0.377443 0.466101 0.145379 0.786862
5289.000000 46.171323 -0.873959 44.592499 -0.342481 0.467676 0.127195 0.804865
5290.000000 45.965658 -1.133865 44.506324 -0.299942 0.469687 0.104544 0.823711
5291.000000 45.748459 -1.374954 44.398252 -0.252209 0.470867 0.079107 0.841675
5292.000000 45.506351 -1.584201 44.274263 -0.202759 0.470298 0.052993 0.857263
5293.000000 45.245808 -1.746090 44.123647 -0.155425 0.467662 0.028314 0.869674
5294.000000 44.969748 -1.855506 43.953017 -0.113402 0.463146 0.006717 0.878971
5295.000000 44.690988 -1.929130 43.767996 -0.078578 0.457146 -0.010915 0.885847
5296.000000 44.408675 -1.971794 43.578230 -0.051460 0.450009 -0.024444 0.891205
5297.000000 44.129856 -1.992260 43.380051 -0.031563 0.441957 -0.034242 0.895827
5298.000000 43.853972 -1.998533 43.176359 -0.017920 0.433130 -0.040907 0.900224
5299.000000 43.582087 -1.991389 42.967564 -0.009466 0.423665 -0.045048 0.904648
5300.000000 43.316256 -1.978688 42.751563 -0.005240 0.413755 -0.047194 0.909149
5301.000000 43.051396 -1.962320 42.534611 -0.004440 0.403657 -0.047764 0.913652
5302.000000 42.794815 -1.946230 42.307794 -0.006413 0.393667 -0.047088 0.918024
5303.000000 42.546954 -1.929261 42.071720 -0.010651 0.384077 -0.045419 0.922122
5304.000000 42.302067 -1.916031 41.832530 -0.016804 0.375143 -0.042930 0.925820
5305.000000 42.058508 -1.909916 41.591529 -0.024682 0.367072 -0.039729 0.929016
5306.000000 41.818406 -1.908143 41.347033 -0.034214 0.359997 -0.035872 0.931636
5307.000000 41.600690 -1.908575 41.082460 -0.045364 0.353956 -0.031400 0.933634
5308.000000 41.364794 -1.921733 40.835345 -0.058052 0.348884 -0.026370 0.934994
5309.000000 41.137862 -1.935991 40.579917 -0.072105 0.344631 -0.020863 0.935732
5310.000000 40.916671 -1.973479 40.321000 -0.087256 0.341007 -0.014988 0.935883
5311.000000 40.698655 -2.014930 40.059333 -0.103172 0.337907 -0.008874 0.935465
5312.000000 40.482124 -2.073290 39.800827 -0.119497 0.335481 -0.002681 0.934434
5313.000000 40.266944 -2.140953 39.543200 -0.135838 0.334188 0.003373 0.932660
5314.000000 40.045481 -2.215785 39.293313 -0.151682 0.334611 0.008989 0.930025
5315.000000 39.835082 -2.304050 39.036931 -0.166266 0.337079 0.013796 0.926576
5316.000000 39.642581 -2.409535 38.774236 -0.178497 0.341432 0.017384 0.922638
5317.000000 39.427156 -2.521525 38.531910 -0.187007 0.347129 0.019324 0.918780
5318.000000 39.216625 -2.655611 38.297018 -0.190341 0.353621 0.019156 0.915617
5319.000000 38.997738 -2.788943 38.069450 -0.187220 0.360632 0.016416 0.913578
5320.000000 38.780201 -2.919618 37.838897 -0.176810 0.368168 0.010722 0.912730
5321.000000 38.565113 -3.062834 37.613785 -0.158868 0.376381 0.001882 0.912740
5322.000000 38.336308 -3.189817 37.392498 -0.133639 0.385552 -0.010116 0.912901
5323.000000 38.105448 -3.304524 37.167150 -0.101484 0.396278 -0.025247 0.912155
5324.000000 37.859408 -3.383477 36.941757 -0.062495 0.409613 -0.043560 0.909073
5325.000000 37.613527 -3.449746 36.712361 -0.016560 0.426764 -0.065025 0.901870
5326.000000 37.359349 -3.477791 36.484130 0.035927 0.448319 -0.089123 0.888694
5327.000000 37.100446 -3.474027 36.259857 0.093144 0.473589 -0.114518 0.868288
5328.000000 36.844611 -3.448945 36.033245 0.151690 0.500800 -0.139229 0.840717
5329.000000 36.592594 -3.370533 35.822415 0.207718 0.528014 -0.161311 0.807486
5330.000000 36.313413 -3.197485 35.725946 0.258461 0.553760 -0.179583 0.770907
5331.000000 36.064779 -2.982023 35.628545 0.302563 0.576714 -0.193900 0.733661
5332.000000 35.823152 -2.751154 35.538138 0.338765 0.595072 -0.204797 0.699418
5333.000000 35.572691 -2.524736 35.479575 0.364431 0.606561 -0.212828 0.673779
5334.000000 35.319968 -2.292104 35.478414 0.375662 0.609013 -0.218154 0.663619
5335.000000 35.106299 -2.004779 35.542969 0.369147 0.600584 -0.220694 0.674035
5336.000000 34.919838 -1.685891 35.639574 0.344402 0.579673 -0.220617 0.704766
5337.000000 34.738338 -1.373088 35.723759 0.305041 0.545736 -0.218651 0.749209
5338.000000 34.539556 -1.104022 35.751058 0.258214 0.501001 -0.215940 0.797304
5339.000000 34.301243 -0.916343 35.677002 0.212183 0.451067 -0.213559 0.840184
5340.000000 34.052454 -0.778267 35.494477 0.173404 0.403116 -0.212114 0.873176
5341.000000 33.822056 -0.551972 35.352078 0.144981 0.362958 -0.211713 0.895779
5342.000000 33.665742 -0.460509 35.069866 0.126969 0.333044 -0.212212 0.909905
5343.000000 33.487018 -0.372770 34.793275 0.117584 0.312489 -0.213411 0.918140
5344.000000 33.303822 -0.244359 34.533806 0.114355 0.298641 -0.215112 0.922748
5345.000000 33.122646 -0.129925 34.266810 0.114894 0.288926 -0.217083 0.925308
5346.000000 32.955840 -0.033248 33.983671 0.117406 0.281934 -0.219066 0.926682
5347.000000 32.792051 0.074544 33.702698 0.121005 0.277512 -0.220837 0.927133
5348.000000 32.641183 0.212957 33.427346 0.125718 0.276231 -0.222283 0.926543
5349.000000 32.474524 0.331247 33.152105 0.132086 0.278663 -0.223405 0.924657
5350.000000 32.344272 0.439321 32.854358 0.140539 0.284828 -0.224267 0.921317
5351.000000 32.184190 0.553971 32.573150 0.150981 0.294044 -0.224932 0.916596
5352.000000 32.040570 0.688361 32.292047 0.162880 0.305225 -0.225452 0.910757
5353.000000 31.864392 0.817124 32.027894 0.175688 0.317397 -0.225883 0.904085
5354.000000 31.709285 0.989150 31.775052 0.189153 0.330060 -0.226267 0.896708
5355.000000 31.532212 1.142314 31.524252 0.203258 0.343194 -0.226591 0.888572
5356.000000 31.358148 1.299144 31.274814 0.217965 0.356998 -0.226764 0.879558
5357.000000 31.185734 1.488439 31.045868 0.233085 0.371590 -0.226658 0.869608
5358.000000 30.995881 1.667413 30.822950 0.248358 0.386891 -0.226187 0.858763
5359.000000 30.817332 1.869177 30.610766 0.263568 0.402712 -0.225317 0.847105
5360.000000 30.640106 2.091219 30.416479 0.278491 0.418902 -0.223999 0.834739
5361.000000 30.427201 2.293569 30.240078 0.292680 0.435308 -0.222103 0.821898
5362.000000 30.226030 2.514758 30.073463 0.305258 0.451501 -0.219457 0.809199
5363.000000 30.046183 2.764297 29.917557 0.314881 0.466563 -0.215953 0.797830
5364.000000 29.845351 3.006218 29.780705 0.319982 0.479246 -0.211573 0.789412
5365.000000 29.618835 3.236951 29.668409 0.319254 0.488500 -0.206284 0.785425
5366.000000 29.415583 3.497972 29.577538 0.312123 0.494013 -0.199906 0.786491
5367.000000 29.205180 3.760989 29.505497 0.298902 0.496460 -0.192063 0.792021
5368.000000 28.974183 3.993010 29.406726 0.280504 0.497417 -0.182209 0.800434
5369.000000 28.752097 4.226141 29.286037 0.258001 0.499010 -0.169736 0.809700
5370.000000 28.518169 4.450394 29.174602 0.232444 0.503296 -0.154267 0.817841
5371.000000 28.259287 4.636046 29.047374 0.205101 0.511387 -0.136148 0.823335
5372.000000 28.024887 4.837250 28.895413 0.177779 0.522699 -0.116778 0.825557
5373.000000 27.769609 5.016368 28.742473 0.152757 0.534935 -0.098370 0.825126
5374.000000 27.486086 5.133813 28.589530 0.132199 0.545103 -0.083137 0.823695
5375.000000 27.174992 5.217371 28.475973 0.117458 0.551034 -0.072453 0.822992
5376.000000 26.860815 5.308736 28.375051 0.108798 0.552448 -0.066545 0.823733
5377.000000 26.546356 5.385279 28.260861 0.105656 0.550975 -0.064751 0.825270
5378.000000 26.229463 5.451108 28.147682 0.107086 0.549164 -0.066007 0.826193
5379.000000 25.928920 5.539269 28.008189 0.112002 0.549140 -0.069213 0.825294
5380.000000 25.628433 5.610812 27.858884 0.119220 0.551715 -0.073412 0.822197
5381.000000 25.326783 5.690893 27.716602 0.127505 0.556402 -0.077851 0.817373
5382.000000 25.024728 5.796747 27.593605 0.135743 0.562063 -0.082015 0.811747
5383.000000 24.717317 5.898990 27.481038 0.143137 0.567595 -0.085624 0.806236
5384.000000 24.411493 6.014820 27.377898 0.149292 0.572242 -0.088603 0.801499
5385.000000 24.107175 6.123854 27.263440 0.154155 0.575610 -0.091031 0.797887
5386.000000 23.802514 6.248326 27.166887 0.157889 0.577633 -0.093047 0.795458
5387.000000 23.497781 6.377377 27.077135 0.160733 0.578571 -0.094751 0.794005
5388.000000 23.188019 6.492974 26.985987 0.162873 0.578924 -0.096135 0.793144
5389.000000 22.883075 6.620464 26.893352 0.164377 0.579194 -0.097100 0.792518
5390.000000 22.583791 6.752374 26.793691 0.165202 0.579617 -0.097549 0.791983
5391.000000 22.283800 6.877332 26.690063 0.165243 0.580056 -0.097448 0.791665
5392.000000 21.976137 7.014780 26.609206 0.164351 0.580124 -0.096807 0.791879
5393.000000 21.673167 7.139100 26.509604 0.162275 0.579402 -0.095574 0.792986
5394.000000 21.368757 7.272734 26.426354 0.158628 0.577593 -0.093561 0.795280
5395.000000 21.063472 7.391648 26.325744 0.152946 0.574590 -0.090467 0.798918
5396.000000 20.761409 7.530226 26.239121 0.144842 0.570473 -0.085989 0.803857
5397.000000 20.452514 7.645006 26.144836 0.134179 0.565494 -0.079951 0.809827
5398.000000 20.153605 7.775026 26.038882 0.121138 0.560069 -0.072366 0.816340
5399.000000 19.847008 7.874936 25.921410 0.106163 0.554778 -0.063410 0.822757
5400.000000 19.536524 7.972390 25.813409 0.089830 0.550328 -0.053359 0.828385
5401.000000 19.231707 8.061320 25.684572 0.072703 0.547457 -0.042516 0.832585
5402.000000 18.925232 8.121990 25.544708 0.055203 0.546808 -0.031144 0.834855
5403.000000 18.618628 8.182010 25.403988 0.037511 0.548828 -0.019403 0.834868
5404.000000 18.308245 8.223599 25.264310 0.019567 0.553662 -0.007335 0.832479
5405.000000 17.995971 8.248802 25.125442 0.001213 0.561038 0.005058 0.827773
5406.000000 17.686227 8.245675 24.979580 -0.017508 0.570173 0.017660 0.821148
5407.000000 17.368381 8.261045 24.853160 -0.036121 0.579881 0.030120 0.813343
5408.000000 17.049424 8.238944 24.729894 -0.053769 0.588937 0.041898 0.805299
5409.000000 16.728227 8.198848 24.618611 -0.069603 0.596485 0.052490 0.797876
5410.000000 16.399325 8.141374 24.540216 -0.083217 0.602229 0.061677 0.791575
5411.000000 16.079883 8.069383 24.439508 -0.094814 0.606325 0.069621 0.786469
5412.000000 15.759252 7.983329 24.354191 -0.104989 0.609131 0.076730 0.782336
5413.000000 15.431238 7.910205 24.286505 -0.114363 0.611015 0.083414 0.778861
5414.000000 15.111640 7.823895 24.198110 -0.123326 0.612271 0.089917 0.775777
5415.000000 14.797818 7.713845 24.115863 -0.132012 0.613109 0.096296 0.772915
5416.000000 14.475709 7.616241 24.053383 -0.140419 0.613647 0.102526 0.770200
5417.000000 14.159023 7.506632 23.982300 -0.148541 0.613886 0.108606 0.767649
5418.000000 13.850430 7.381748 23.904873 -0.156421 0.613683 0.114617 0.765369
5419.000000 13.540651 7.254155 23.835132 -0.164134 0.612746 0.120716 0.763564
5420.000000 13.227035 7.129155 23.782215 -0.171751 0.610690 0.127098 0.762500
5421.000000 12.925810 6.985769 23.704055 -0.179325 0.607171 0.133940 0.762395
5422.000000 12.616506 6.847120 23.656775 -0.186895 0.602098 0.141322 0.763267
5423.000000 12.320886 6.691452 23.582819 -0.194457 0.595845 0.149119 0.764800
5424.000000 12.022392 6.536274 23.517918 -0.201941 0.589304 0.156944 0.766361
5425.000000 11.727413 6.377868 23.444334 -0.209208 0.583640 0.164229 0.767219
5426.000000 11.438872 6.206502 23.373381 -0.216101 0.579814 0.170460 0.766850
5427.000000 11.172573 6.018157 23.269709 -0.222482 0.578204 0.175367 0.765133
5428.000000 10.893731 5.837022 23.185547 -0.228199 0.578625 0.178915 0.762304
5429.000000 10.619587 5.650230 23.099094 -0.233029 0.580665 0.181130 0.758761
5430.000000 10.348336 5.451915 23.033712 -0.236715 0.583894 0.182028 0.754917
5431.000000 10.064815 5.272968 22.960409 -0.239125 0.587713 0.181799 0.751240
5432.000000 9.811187 5.054676 22.883866 -0.240385 0.591136 0.180989 0.748342
5433.000000 9.551530 4.846761 22.799813 -0.240776 0.593015 0.180340 0.746885
5434.000000 9.260962 4.670168 22.763182 -0.240458 0.592661 0.180298 0.747279
5435.000000 8.986678 4.473111 22.708752 -0.239304 0.590270 0.180678 0.749447
5436.000000 8.706833 4.281129 22.665377 -0.237057 0.586665 0.180902 0.752929
5437.000000 8.433305 4.084333 22.600334 -0.233659 0.582602 0.180564 0.757215
5438.000000 8.188375 3.865086 22.497861 -0.229405 0.578350 0.179729 0.761959
5439.000000 7.902557 3.686245 22.456180 -0.224777 0.573882 0.178727 0.766936
5440.000000 7.628053 3.501199 22.371130 -0.220172 0.569217 0.177805 0.771947
5441.000000 7.345331 3.321404 22.298159 -0.215811 0.564324 0.177116 0.776913
5442.000000 7.082210 3.121693 22.205496 -0.211895 0.558722 0.176985 0.782053
5443.000000 6.814988 2.944187 22.087246 -0.208756 0.551429 0.178004 0.787821
5444.000000 6.538978 2.760716 22.000119 -0.206779 0.541608 0.180712 0.794510
5445.000000 6.254047 2.590069 21.915429 -0.206096 0.529368 0.185101 0.801893
5446.000000 5.971390 2.420999 21.818411 -0.206254 0.515907 0.190401 0.809349
5447.000000 5.710351 2.243013 21.684425 -0.206060 0.502826 0.195317 0.816429
5448.000000 5.463743 2.056032 21.538058 -0.203759 0.491193 0.198523 0.823286
5449.000000 5.212537 1.877091 21.388172 -0.197553 0.481100 0.199119 0.830582
5450.000000 4.975264 1.680821 21.237525 -0.186376 0.471837 0.196881 0.838971
5451.000000 4.729979 1.492777 21.089716 -0.170506 0.462343 0.192319 0.848634
5452.000000 4.492038 1.298088 20.936458 -0.151657 0.451632 0.186536 0.859205
5453.000000 4.256174 1.141052 20.746367 -0.132395 0.439166 0.180844 0.870000
5454.000000 4.001822 1.002075 20.563380 -0.115193 0.425161 0.176292 0.880278
5455.000000 3.742261 0.886319 20.371121 -0.101645 0.410604 0.173354 0.889394
5456.000000 3.499123 0.770959 20.157795 -0.092214 0.396809 0.171955 0.896923
5457.000000 3.254598 0.682233 19.932911 -0.086505 0.384703 0.171746 0.902786
5458.000000 3.045723 0.593492 19.676371 -0.083757 0.374348 0.172395 0.907264
5459.000000 2.822414 0.481648 19.441117 -0.083200 0.365041 0.173697 0.910853
5460.000000 2.586827 0.397595 19.204425 -0.084175 0.355800 0.175541 0.914060
5461.000000 2.364704 0.313661 18.956757 -0.086110 0.345823 0.177831 0.917261
5462.000000 2.167462 0.207291 18.697765 -0.088519 0.334726 0.180444 0.920632
5463.000000 1.946638 0.115962 18.450330 -0.091043 0.322616 0.183230 0.924152
5464.000000 1.759859 0.013813 18.182677 -0.093467 0.309934 0.186043 0.927681
5465.000000 1.546809 -0.076921 17.928488 -0.095604 0.297027 0.188770 0.931129
5466.000000 1.361195 -0.189421 17.661156 -0.097073 0.283740 0.191328 0.934592
5467.000000 1.234126 -0.278387 17.353693 -0.097158 0.269498 0.193625 0.938318
5468.000000 1.048887 -0.370859 17.080462 -0.094972 0.253968 0.195495 0.942477
5469.000000 0.851821 -0.481850 16.819256 -0.089914 0.237672 0.196730 0.946955
5470.000000 0.706965 -0.600522 16.535016 -0.082104 0.221917 0.197193 0.951382
5471.000000 0.612826 -0.675022 16.213422 -0.072370 0.208015 0.196932 0.955358
5472.000000 0.468465 -0.772139 15.917482 -0.061729 0.196345 0.196167 0.958727
5473.000000 0.341994 -0.846371 15.607709 -0.050803 0.185740 0.195188 0.961676
5474.000000 0.225719 -0.885378 15.286814 -0.039668 0.173565 0.194259 0.964658
5475.000000 0.136860 -0.948973 14.962205 -0.028193 0.156639 0.193546 0.968096
5476.000000 0.017776 -1.011005 14.647725 -0.016426 0.132773 0.193070 0.972021
5477.000000 -0.124528 -1.056899 14.337368 -0.004687 0.102091 0.192695 0.975922
5478.000000 -0.247616 -1.083120 14.016751 0.006574 0.067223 0.192233 0.979022
5479.000000 -0.289642 -1.078025 13.677319 0.016861 0.032264 0.191588 0.980800
5480.000000 -0.317851 -1.095065 13.334362 0.025601 0.001250 0.190820 0.981290
5481.000000 -0.337204 -1.086210 12.990638 0.032206 -0.022954 0.190088 0.980970
5482.000000 -0.320564 -1.043685 12.651257 0.036312 -0.039059 0.189533 0.980425
5483.000000 -0.281176 -1.010387 12.312325 0.037992 -0.047271 0.189220 0.980060
5484.000000 -0.237566 -0.972287 11.974256 0.037653 -0.048932 0.189130 0.980009
5485.000000 -0.204342 -0.932243 11.635191 0.035706 -0.045974 0.189188 0.980214
5486.000000 -0.174815 -0.898595 11.295105 0.032343 -0.040297 0.189306 0.980558
5487.000000 -0.134087 -0.878674 10.955235 0.027734 -0.033282 0.189420 0.980940
5488.000000 -0.119687 -0.843716 10.614293 0.022502 -0.025626 0.189516 0.981285
5489.000000 -0.117230 -0.806353 10.272555 0.017992 -0.017563 0.189615 0.981537
5490.000000 -0.089169 -0.794808 9.931386 0.015926 -0.009324 0.189736 0.981662
5491.000000 -0.076436 -0.785095 9.588944 0.017519 -0.001556 0.189867 0.981652
5492.000000 -0.075876 -0.792479 9.246148 0.022650 0.004576 0.189965 0.981519
5493.000000 -0.076949 -0.793596 8.903506 0.029718 0.007792 0.189976 0.981308
5494.000000 -0.079532 -0.785583 8.560532 0.036396 0.007419 0.189873 0.981106
5495.000000 -0.110361 -0.766873 8.219482 0.040799 0.003986 0.189681 0.980990
5496.000000 -0.144404 -0.720335 7.881231 0.042307 -0.000845 0.189462 0.980976
5497.000000 -0.154677 -0.685154 7.540151 0.041529 -0.005089 0.189288 0.981030
5498.000000 -0.145661 -0.651111 7.199031 0.039582 -0.007488 0.189194 0.981113
5499.000000 -0.129424 -0.625858 6.857222 0.037381 -0.008053 0.189172 0.981199
5500.000000 -0.122733 -0.608981 6.514578 0.035431 -0.007810 0.189179 0.981272
5501.000000 -0.131172 -0.570743 6.173912 0.034056 -0.008052 0.189169 0.981321
5502.000000 -0.135692 -0.544113 5.831858 0.033621 -0.009657 0.189113 0.981332
5503.000000 -0.135695 -0.528766 5.489049 0.034414 -0.012735 0.189008 0.981290
5504.000000 -0.134212 -0.513549 5.146482 0.036275 -0.016555 0.188880 0.981190
5505.000000 -0.133956 -0.487000 4.804478 0.038330 -0.019728 0.188773 0.981074
5506.000000 -0.130764 -0.460777 4.462473 0.039156 -0.020705 0.188742 0.981027
5507.000000 -0.119415 -0.443099 4.120165 0.037390 -0.018500 0.188817 0.981126
5508.000000 -0.087496 -0.402708 3.781080 0.032451 -0.013214 0.188977 0.981356
5509.000000 -0.071619 -0.326067 3.444247 0.024820 -0.005927 0.189164 0.981614
5510.000000 -0.072898 -0.327600 3.103271 0.015655 0.002007 0.189331 0.981787
5511.000000 -0.075419 -0.311050 2.760584 0.005988 0.009741 0.189463 0.981821
5512.000000 -0.095310 -0.300482 2.418329 -0.003873 0.017264 0.189568 0.981708
5513.000000 -0.090387 -0.303500 2.075288 -0.014321 0.025191 0.189652 0.981424
5514.000000 -0.095405 -0.315334 1.732868 -0.025856 0.034248 0.189699 0.980904
5515.000000 -0.127268 -0.324870 1.391260 -0.038385 0.044727 0.189673 0.980077
5516.000000 -0.138223 -0.320680 1.048198 -0.050931 0.056080 0.189539 0.978946
5517.000000 -0.150999 -0.371271 0.709960 -0.061952 0.066907 0.189311 0.977674
5518.000000 -0.185018 -0.413766 0.371568 -0.070037 0.075457 0.189065 0.976553
5519.000000 -0.226082 -0.477806 0.037366 -0.074507 0.080455 0.188896 0.975856
5520.000000 -0.213911 -0.429179 -0.109793 -0.064481 0.072799 0.158967 0.982483
5521.000000 -0.053224 -0.083867 -0.038719 -0.019610 0.036638 0.037952 0.998415
5522.000000 0.107463 0.261445 0.032356 0.025619 -0.000191 -0.083754 0.996157
5523.000000 0.104070 0.235711 0.396590 0.028445 -0.000856 -0.083762 0.996079
5524.000000 0.117309 0.250593 0.762396 0.035035 -0.002440 -0.083778 0.995865
5525.000000 0.104895 0.221098 1.125501 0.045623 -0.005054 -0.083796 0.995425
5526.000000 0.095026 0.144204 1.483351 0.059129 -0.008505 -0.083811 0.994689
5527.000000 0.059315 0.057868 1.836734 0.073421 -0.012357 -0.083823 0.993695
5528.000000 0.045820 0.008213 2.198861 0.086168 -0.016153 -0.083849 0.992614
5529.000000 0.033781 -0.076877 2.554331 0.095752 -0.019622 -0.083914 0.991668
5530.000000 0.006344 -0.162200 2.908738 0.101527 -0.022659 -0.084041 0.991018
5531.000000 -0.038868 -0.235721 3.263699 0.103387 -0.025097 -0.084230 0.990751
5532.000000 -0.046557 -0.304287 3.622507 0.101238 -0.026520 -0.084452 0.990916
5533.000000 -0.087170 -0.397849 3.972213 0.094968 -0.026328 -0.084650 0.991525
5534.000000 -0.127748 -0.453369 4.328336 0.084915 -0.024058 -0.084769 0.992484
5535.000000 -0.132250 -0.480569 4.692625 0.072364 -0.019752 -0.084777 0.993572
5536.000000 -0.133683 -0.508462 5.057181 0.059474 -0.014112 -0.084688 0.994531
5537.000000 -0.135328 -0.526546 5.422187 0.048566 -0.008298 -0.084546 0.995201
5538.000000 -0.135880 -0.541673 5.787489 0.041189 -0.003462 -0.084408 0.995574
5539.000000 -0.131593 -0.568683 6.152104 0.037627 -0.000267 -0.084308 0.995729
5540.000000 -0.122709 -0.609051 6.515168 0.037092 0.001423 -0.084250 0.995753
5541.000000 -0.130223 -0.626911 6.880320 0.038294 0.002511 -0.084209 0.995709
5542.000000 -0.147621 -0.656190 7.244278 0.039905 0.004219 -0.084142 0.995645
5543.000000 -0.154802 -0.690692 7.608128 0.040711 0.007295 -0.084017 0.995606
5544.000000 -0.136287 -0.736034 7.970059 0.039675 0.011319 -0.083840 0.995625
5545.000000 -0.097561 -0.776116 8.331575 0.036228 0.014708 -0.083670 0.995726
5546.000000 -0.077454 -0.786571 8.696089 0.030720 0.015574 -0.083576 0.995906
5547.000000 -0.076303 -0.798531 9.061473 0.024604 0.012880 -0.083590 0.996113
5548.000000 -0.076119 -0.783145 9.426539 0.019973 0.007006 -0.083688 0.996267
5549.000000 -0.077803 -0.792755 9.792043 0.018602 -0.000645 -0.083819 0.996307
5550.000000 -0.111164 -0.798644 10.155695 0.021072 -0.008587 -0.083935 0.996211
5551.000000 -0.118418 -0.832552 10.519754 0.026583 -0.015978 -0.084005 0.995983
5552.000000 -0.127886 -0.873031 10.883352 0.033505 -0.022653 -0.084030 0.995642
5553.000000 -0.169619 -0.894952 11.245601 0.040187 -0.028588 -0.084039 0.995241
5554.000000 -0.202076 -0.929168 11.608023 0.045414 -0.033272 -0.084049 0.994870
5555.000000 -0.237016 -0.971712 11.969408 0.048314 -0.035422 -0.084037 0.994660
5556.000000 -0.283704 -1.012165 12.329638 0.048023 -0.033191 -0.083938 0.994760
5557.000000 -0.323394 -1.048983 12.690882 0.043609 -0.024722 -0.083667 0.995232
5558.000000 -0.335714 -1.090261 13.053144 0.034383 -0.008804 -0.083137 0.995906
5559.000000 -0.310499 -1.092772 13.419716 0.020348 0.014545 -0.082296 0.996294
5560.000000 -0.282734 -1.076712 13.784688 0.002383 0.043694 -0.081163 0.995740
5561.000000 -0.207017 -1.076591 14.140450 -0.017944 0.075400 -0.079828 0.993791
5562.000000 -0.060899 -1.038597 14.475768 -0.038808 0.105526 -0.078393 0.990562
5563.000000 0.083954 -0.981327 14.806711 -0.058642 0.130448 -0.076895 0.986728
5564.000000 0.185733 -0.908161 15.149047 -0.076589 0.148522 -0.075297 0.983059
5565.000000 0.303227 -0.865569 15.492872 -0.092696 0.160653 -0.073561 0.979891
5566.000000 0.428986 -0.797343 15.828483 -0.107644 0.169578 -0.071720 0.976991
5567.000000 0.579396 -0.695608 16.146293 -0.122066 0.178374 -0.069922 0.973855
5568.000000 0.692509 -0.616328 16.483693 -0.135907 0.189104 -0.068416 0.970097
5569.000000 0.834113 -0.493419 16.793950 -0.148343 0.202244 -0.067480 0.965680
5570.000000 1.043078 -0.373818 17.072256 -0.158339 0.216995 -0.067295 0.960892
5571.000000 1.239775 -0.275235 17.363761 -0.165376 0.232144 -0.067863 0.956114
5572.000000 1.377097 -0.178315 17.689869 -0.169762 0.246892 -0.069028 0.951557
5573.000000 1.582244 -0.060262 17.970525 -0.172344 0.261108 -0.070578 0.947174
5574.000000 1.803863 0.036417 18.244641 -0.173957 0.274963 -0.072327 0.942817
5575.000000 2.011387 0.142934 18.524685 -0.175096 0.288433 -0.074139 0.938430
5576.000000 2.240910 0.245695 18.790685 -0.175988 0.301174 -0.075896 0.934110
5577.000000 2.456710 0.351747 19.064704 -0.176880 0.312819 -0.077460 0.929977
5578.000000 2.703148 0.437083 19.322409 -0.178250 0.323328 -0.078656 0.926013
5579.000000 2.951005 0.541039 19.571252 -0.180860 0.333124 -0.079265 0.921974
5580.000000 3.171287 0.651097 19.840457 -0.185686 0.342927 -0.079015 0.917431
5581.000000 3.421933 0.741667 20.090686 -0.193783 0.353321 -0.077557 0.911920
5582.000000 3.683915 0.855953 20.319841 -0.206023 0.364292 -0.074491 0.905150
5583.000000 3.954865 0.981106 20.530518 -0.222693 0.375084 -0.069498 0.897156
5584.000000 4.225152 1.126663 20.728523 -0.243095 0.384633 -0.062585 0.888282
5585.000000 4.481102 1.289696 20.928409 -0.265408 0.392309 -0.054333 0.879033
5586.000000 4.734528 1.496534 21.092571 -0.287066 0.398424 -0.045924 0.869909
5587.000000 4.995224 1.698240 21.249508 -0.305597 0.404143 -0.038845 0.861261
5588.000000 5.250176 1.903091 21.412080 -0.319531 0.410940 -0.034331 0.853141
5589.000000 5.516090 2.100587 21.565800 -0.328870 0.419928 -0.032866 0.845236
5590.000000 5.782319 2.291492 21.727053 -0.334846 0.431344 -0.034011 0.837057
5591.000000 6.066712 2.482471 21.855207 -0.339156 0.444326 -0.036614 0.828376
5592.000000 6.374020 2.656974 21.950247 -0.343185 0.457195 -0.039307 0.819544
5593.000000 6.668131 2.853563 22.040530 -0.347640 0.468237 -0.041027 0.811306
5594.000000 6.968188 3.035181 22.142354 -0.352654 0.476576 -0.041333 0.804240
5595.000000 7.239871 3.244695 22.265785 -0.358109 0.482466 -0.040370 0.798345
5596.000000 7.534884 3.441989 22.353561 -0.363873 0.486812 -0.038566 0.793172
5597.000000 7.829871 3.641547 22.433691 -0.369832 0.490438 -0.036324 0.788274
5598.000000 8.141502 3.821483 22.479578 -0.375775 0.493768 -0.033960 0.783475
5599.000000 8.399313 4.058759 22.589773 -0.381327 0.496978 -0.031793 0.778840
5600.000000 8.689909 4.268286 22.662061 -0.386019 0.500115 -0.030158 0.774574
5601.000000 8.987533 4.473674 22.708990 -0.389448 0.502923 -0.029208 0.771068
5602.000000 9.281222 4.682326 22.762897 -0.391397 0.504745 -0.028779 0.768904
5603.000000 9.588219 4.872447 22.811126 -0.391827 0.504891 -0.028560 0.768597
5604.000000 9.859335 5.101240 22.898386 -0.390784 0.503245 -0.028462 0.770209
5605.000000 10.137762 5.323647 22.981523 -0.388328 0.500500 -0.028776 0.773222
5606.000000 10.441875 5.514295 23.049846 -0.384569 0.497784 -0.029970 0.776801
5607.000000 10.729837 5.720357 23.136998 -0.379729 0.496112 -0.032373 0.780148
5608.000000 11.018959 5.926435 23.223256 -0.374152 0.496170 -0.036059 0.782640
5609.000000 11.311043 6.121335 23.322844 -0.368225 0.498402 -0.040954 0.783791
5610.000000 11.610404 6.305555 23.420120 -0.362251 0.503026 -0.046922 0.783286
5611.000000 11.921956 6.481143 23.494430 -0.356367 0.509825 -0.053742 0.781149
5612.000000 12.236297 6.654701 23.562316 -0.350531 0.518004 -0.061082 0.777862
5613.000000 12.552850 6.815131 23.646327 -0.344582 0.526404 -0.068571 0.774248
5614.000000 12.884196 6.962175 23.691272 -0.338330 0.533959 -0.075932 0.771139
5615.000000 13.202721 7.120076 23.773384 -0.331643 0.540068 -0.083058 0.769052
5616.000000 13.537069 7.251827 23.833361 -0.324479 0.544666 -0.089986 0.768085
5617.000000 13.867451 7.387363 23.907298 -0.316861 0.548051 -0.096826 0.768026
5618.000000 14.195185 7.519847 23.994961 -0.308831 0.550636 -0.103703 0.768550
5619.000000 14.534537 7.634373 24.066818 -0.300410 0.552761 -0.110717 0.769384
5620.000000 14.873949 7.743660 24.141158 -0.291599 0.554593 -0.117922 0.770383
5621.000000 15.212016 7.853540 24.224931 -0.282372 0.556130 -0.125338 0.771541
5622.000000 15.556596 7.938677 24.309634 -0.272603 0.557242 -0.133031 0.772963
5623.000000 15.903594 8.022403 24.386973 -0.261946 0.557736 -0.141224 0.774836
5624.000000 16.240109 8.107307 24.504231 -0.249792 0.557396 -0.150333 0.777376
5625.000000 16.588779 8.175775 24.586288 -0.235430 0.556010 -0.160847 0.780740
5626.000000 16.936997 8.224502 24.683593 -0.218417 0.553444 -0.173052 0.784886
5627.000000 17.276696 8.258670 24.813299 -0.198936 0.549807 -0.186794 0.789459
5628.000000 17.616301 8.253620 24.947045 -0.177844 0.545609 -0.201466 0.793784
5629.000000 17.945450 8.246826 25.104018 -0.156318 0.541771 -0.216263 0.797044
5630.000000 18.278923 8.226552 25.250674 -0.135341 0.539384 -0.230501 0.798509
5631.000000 18.609513 8.183866 25.400394 -0.115410 0.539351 -0.243794 0.797713
5632.000000 18.936470 8.121045 25.550195 -0.096609 0.542120 -0.255998 0.794505
5633.000000 19.263362 8.053556 25.697483 -0.078898 0.547612 -0.267059 0.789035
5634.000000 19.586817 7.954203 25.834524 -0.062350 0.555295 -0.276897 0.781721
5635.000000 19.919801 7.853462 25.947180 -0.047220 0.564325 -0.285394 0.773213
5636.000000 20.242118 7.738483 26.075389 -0.033890 0.573722 -0.292436 0.764314
5637.000000 20.565422 7.600718 26.175575 -0.022736 0.582559 -0.297972 0.755858
5638.000000 20.891731 7.470246 26.274843 -0.013985 0.590109 -0.302061 0.748555
5639.000000 21.213991 7.335967 26.381647 -0.007606 0.595929 -0.304895 0.742866
5640.000000 21.541029 7.195871 26.466436 -0.003312 0.599865 -0.306766 0.738949
5641.000000 21.862423 7.061493 26.574865 -0.000686 0.602017 -0.307971 0.736701
5642.000000 22.188911 6.920939 26.665439 0.000637 0.602669 -0.308700 0.735863
5643.000000 22.510584 6.782300 26.766301 0.000853 0.602202 -0.308987 0.736124
5644.000000 22.830036 6.644202 26.877042 0.000057 0.601018 -0.308781 0.737178
5645.000000 23.154074 6.505905 26.974885 -0.001611 0.599475 -0.308073 0.738727
5646.000000 23.485430 6.381126 27.067013 -0.003883 0.597790 -0.306983 0.740536
5647.000000 23.801164 6.261101 27.205564 -0.006499 0.595860 -0.305718 0.742594
5648.000000 24.132838 6.137616 27.297354 -0.009505 0.593057 -0.304415 0.745335
5649.000000 24.457768 5.995966 27.385437 -0.013467 0.588210 -0.302990 0.749683
5650.000000 24.781077 5.876316 27.507720 -0.019402 0.580003 -0.301054 0.756695
5651.000000 25.108480 5.768218 27.628416 -0.028426 0.567720 -0.297952 0.766884
5652.000000 25.424424 5.666578 27.777320 -0.041319 0.551904 -0.292929 0.779671
5653.000000 25.729517 5.605530 27.974441 -0.058260 0.534413 -0.285387 0.793450
5654.000000 26.041980 5.560126 28.158274 -0.078876 0.517749 -0.275108 0.806245
5655.000000 26.363802 5.555626 28.330876 -0.102590 0.504075 -0.262247 0.816462
5656.000000 26.676486 5.549528 28.518818 -0.129150 0.494530 -0.247025 0.823249
5657.000000 26.995392 5.571547 28.696661 -0.159080 0.489049 -0.229316 0.826401
5658.000000 27.309593 5.630874 28.868847 -0.193702 0.486443 -0.208448 0.826076
5659.000000 27.633348 5.717439 29.020957 -0.234371 0.484530 -0.183460 0.822584
5660.000000 27.977833 5.789779 29.137693 -0.280978 0.480610 -0.153892 0.816322
5661.000000 28.269598 5.978184 29.228380 -0.330577 0.472643 -0.120802 0.807920
5662.000000 28.502941 6.252642 29.282103 -0.377484 0.460641 -0.087357 0.798552
5663.000000 28.719197 6.538570 29.357784 -0.415352 0.446987 -0.058195 0.790126
5664.000000 28.944590 6.818300 29.431221 -0.439866 0.434913 -0.037462 0.784834
5665.000000 29.193323 7.079964 29.494152 -0.450139 0.426230 -0.026718 0.784212
5666.000000 29.452922 7.324570 29.573708 -0.448301 0.420251 -0.024329 0.788558
5667.000000 29.712294 7.555252 29.687494 -0.438046 0.414608 -0.026767 0.797182
5668.000000 29.982351 7.777547 29.795381 -0.422996 0.407051 -0.030733 0.808974
5669.000000 30.221911 8.012128 29.944179 -0.405568 0.396785 -0.034535 0.822729
5670.000000 30.435326 8.256045 30.107651 -0.386838 0.384572 -0.038040 0.837266
5671.000000 30.687186 8.459499 30.283470 -0.367302 0.371814 -0.041667 0.851533
5672.000000 30.916862 8.655903 30.485389 -0.347739 0.359465 -0.045455 0.864752
5673.000000 31.173901 8.808952 30.700403 -0.329419 0.347528 -0.048835 0.876540
5674.000000 31.375901 9.002641 30.934386 -0.313622 0.335265 -0.051026 0.886925
5675.000000 31.600519 9.199934 31.145559 -0.301100 0.321763 -0.051489 0.896190
5676.000000 31.828380 9.360741 31.384705 -0.292016 0.306476 -0.050083 0.904594
5677.000000 32.026913 9.514557 31.651586 -0.286235 0.289495 -0.046984 0.912170
5678.000000 32.171954 9.704562 31.927625 -0.283506 0.271486 -0.042560 0.918754
5679.000000 32.349379 9.902009 32.177385 -0.283415 0.253330 -0.037269 0.924181
5680.000000 32.531105 10.089318 32.435059 -0.285429 0.235778 -0.031542 0.928410
5681.000000 32.661920 10.279056 32.719535 -0.289163 0.219374 -0.025693 0.931450
5682.000000 32.771246 10.469459 33.011331 -0.294505 0.204644 -0.019951 0.933268
5683.000000 32.921983 10.674830 33.273531 -0.301227 0.192252 -0.014608 0.933857
5684.000000 33.010793 10.899722 33.547449 -0.308284 0.182949 -0.010157 0.933482
5685.000000 33.149010 11.118931 33.805016 -0.313471 0.177320 -0.007265 0.932867
5686.000000 33.227978 11.362555 34.066194 -0.313887 0.175395 -0.006532 0.933097
5687.000000 33.342988 11.580609 34.333109 -0.307097 0.176165 -0.008090 0.935196
5688.000000 33.491662 11.798522 34.588243 -0.292376 0.177398 -0.011311 0.939637
5689.000000 33.661384 11.932867 34.876580 -0.271285 0.176252 -0.014979 0.946105
5690.000000 33.774096 12.067844 35.195647 -0.247108 0.170724 -0.017938 0.953661
5691.000000 33.887301 12.215293 35.510957 -0.223339 0.161051 -0.019749 0.961141
5692.000000 33.952123 12.341681 35.847360 -0.202208 0.149909 -0.020794 0.967578
5693.000000 34.034531 12.472808 36.177716 -0.184199 0.141068 -0.021843 0.972468
5694.000000 34.134533 12.572312 36.514824 -0.168658 0.137404 -0.023503 0.975767
5695.000000 34.211408 12.675754 36.857924 -0.154741 0.139576 -0.025920 0.977702
5696.000000 34.354151 12.755157 37.183511 -0.142020 0.146063 -0.028817 0.978604
5697.000000 34.476770 12.847618 37.515232 -0.130610 0.154255 -0.031735 0.978846
5698.000000 34.593916 12.924242 37.851844 -0.121000 0.161773 -0.034255 0.978783
5699.000000 34.737230 12.962871 38.186418 -0.113682 0.167272 -0.036136 0.978668
5700.000000 34.845694 13.030989 38.528492 -0.108655 0.170542 -0.037369 0.978628
5701.000000 34.988552 13.132039 38.852744 -0.105074 0.172109 -0.038169 0.978714
5702.000000 35.107380 13.184246 39.191624 -0.101462 0.172735 -0.038881 0.978957
5703.000000 35.227996 13.277559 39.526162 -0.096518 0.173073 -0.039806 0.979360
5704.000000 35.362078 13.311881 39.862371 -0.089950 0.173532 -0.041034 0.979853
5705.000000 35.483543 13.342976 40.206148 -0.082625 0.174275 -0.042421 0.980307
5706.000000 35.619202 13.410162 40.540400 -0.075851 0.175284 -0.043726 0.980617
5707.000000 35.737777 13.427567 40.881833 -0.070273 0.176383 -0.044817 0.980786
5708.000000 35.877494 13.477148 41.215839 -0.065165 0.177226 -0.045803 0.980942
5709.000000 36.011229 13.524374 41.553126 -0.058572 0.177330 -0.047016 0.981281
5710.000000 36.138013 13.575300 41.892077 -0.048292 0.176235 -0.048833 0.981949
5711.000000 36.272058 13.575186 42.230627 -0.033174 0.173692 -0.051449 0.982896
5712.000000 36.358887 13.593596 42.585424 -0.014013 0.169718 -0.054724 0.983872
5713.000000 36.514799 13.533969 42.909144 0.006553 0.164468 -0.058210 0.984642
5714.000000 36.602648 13.451519 43.254046 0.025175 0.158062 -0.061373 0.985198
5715.000000 36.700697 13.433466 43.603031 0.039248 0.150516 -0.063848 0.985763
5716.000000 36.814242 13.391238 43.946106 0.047778 0.141774 -0.065555 0.986570
5717.000000 36.880502 13.320662 44.298560 0.051277 0.131753 -0.066634 0.987710
5718.000000 36.969932 13.276626 44.650119 0.051060 0.120323 -0.067315 0.989133
5719.000000 37.041583 13.256240 45.007559 0.048560 0.107270 -0.067814 0.990725
5720.000000 37.114275 13.215798 45.363226 0.044894 0.092348 -0.068281 0.992368
5721.000000 37.149342 13.186025 45.725231 0.040612 0.075432 -0.068778 0.993947
5722.000000 37.187599 13.155686 46.086832 0.035623 0.056715 -0.069291 0.995346
5723.000000 37.196658 13.127029 46.450860 0.029395 0.036774 -0.069771 0.996451
5724.000000 37.182957 13.113266 46.815503 0.021412 0.016423 -0.070186 0.997169
5725.000000 37.177588 13.110307 47.180605 0.011566 -0.003593 -0.070538 0.997436
5726.000000 37.155296 13.120106 47.544977 0.000249 -0.022840 -0.070851 0.997225
5727.000000 37.105996 13.140941 47.905709 -0.011894 -0.041228 -0.071143 0.996543
5728.000000 37.055099 13.177380 48.265412 -0.024298 -0.058835 -0.071416 0.995413
5729.000000 37.004178 13.206583 48.625535 -0.036646 -0.075685 -0.071671 0.993877
5730.000000 36.911474 13.255421 48.974609 -0.048839 -0.091613 -0.071919 0.991993
5731.000000 36.831829 13.312691 49.326638 -0.060867 -0.106295 -0.072188 0.989841
5732.000000 36.747243 13.379101 49.675515 -0.072718 -0.119372 -0.072519 0.987524
5733.000000 36.642399 13.450757 50.017884 -0.084359 -0.130578 -0.072952 0.985145
5734.000000 36.545589 13.534792 50.359589 -0.095758 -0.139778 -0.073521 0.982796
5735.000000 36.436602 13.627947 50.695615 -0.106908 -0.146937 -0.074255 0.980544
5736.000000 36.330219 13.726528 51.030627 -0.117835 -0.152078 -0.075181 0.978435
5737.000000 36.225446 13.830854 51.364875 -0.128607 -0.155258 -0.076327 0.976488
5738.000000 36.117333 13.945953 51.693982 -0.139307 -0.156565 -0.077715 0.974701
5739.000000 36.015871 14.067902 52.022969 -0.149998 -0.156071 -0.079366 0.973059
5740.000000 35.914992 14.196634 52.349494 -0.160697 -0.153784 -0.081301 0.971554
5741.000000 35.815551 14.332386 52.673759 -0.171376 -0.149642 -0.083544 0.970185
5742.000000 35.725523 14.476093 52.997264 -0.181990 -0.143573 -0.086122 0.968942
5743.000000 35.646392 14.628686 53.319605 -0.192494 -0.135612 -0.089043 0.967795
5744.000000 35.575197 14.782582 53.643170 -0.202848 -0.125988 -0.092273 0.966678
5745.000000 35.515246 14.945532 53.964526 -0.212989 -0.115178 -0.095719 0.965509
5746.000000 35.469323 15.116403 54.284164 -0.222805 -0.103871 -0.099228 0.964221
5747.000000 35.429890 15.291793 54.602209 -0.232104 -0.092862 -0.102605 0.962796
5748.000000 35.403505 15.473069 54.918453 -0.240636 -0.082900 -0.105655 0.961280
5749.000000 35.380327 15.656361 55.233614 -0.248143 -0.074576 -0.108215 0.959767
5750.000000 35.359808 15.849305 55.543293 -0.254444 -0.068288 -0.110172 0.958362
5751.000000 35.341260 16.037333 55.855923 -0.259478 -0.064272 -0.111460 0.957140
5752.000000 35.328438 16.221978 56.170806 -0.263264 -0.062644 -0.112043 0.956145
5753.000000 35.307239 16.422544 56.475485 -0.265818 -0.063413 -0.111914 0.955403
5754.000000 35.288005 16.619766 56.782127 -0.267113 -0.066467 -0.111093 0.954930
5755.000000 35.255690 16.811664 57.091339 -0.267153 -0.071589 -0.109632 0.954717
5756.000000 35.224256 16.999239 57.403239 -0.266071 -0.078490 -0.107608 0.954707
5757.000000 35.177152 17.190107 57.711181 -0.264152 -0.086820 -0.105126 0.954796
5758.000000 35.122731 17.379459 58.018673 -0.261729 -0.096164 -0.102317 0.954873
5759.000000 35.063156 17.567203 58.326497 -0.259061 -0.106042 -0.099329 0.954870
5760.000000 34.990630 17.753867 58.632057 -0.256281 -0.115963 -0.096308 0.954776
5761.000000 34.912737 17.936835 58.938576 -0.253438 -0.125512 -0.093375 0.954619
5762.000000 34.830034 18.119248 59.244210 -0.250573 -0.134426 -0.090605 0.954428
5763.000000 34.744122 18.298177 59.550688 -0.247741 -0.142608 -0.088032 0.954221
5764.000000 34.643454 18.479302 59.851625 -0.244967 -0.150098 -0.085648 0.954005
5765.000000 34.546889 18.653293 60.157750 -0.242074 -0.157008 -0.083395 0.953831
5766.000000 34.446145 18.829565 60.461581 -0.238303 -0.163468 -0.081126 0.953891
5767.000000 34.335227 19.006845 60.761206 -0.231836 -0.169564 -0.078534 0.954637
5768.000000 34.223183 19.179471 61.063033 -0.219707 -0.175270 -0.075133 0.956747
5769.000000 34.109990 19.353168 61.363846 -0.199041 -0.180378 -0.070450 0.960668
5770.000000 33.989579 19.523192 61.665006 -0.170145 -0.184494 -0.064539 0.965840
5771.000000 33.850789 19.612623 61.981463 -0.140213 -0.187211 -0.058658 0.970490
5772.000000 33.763366 19.557954 62.134344 -0.129166 -0.187978 -0.056511 0.972001
5773.000000 33.940225 19.605892 61.812432 -0.154531 -0.186047 -0.061455 0.968365
5774.000000 34.048910 19.436392 61.514681 -0.185372 -0.182588 -0.067606 0.963186
5775.000000 34.166349 19.264535 61.214365 -0.210544 -0.177920 -0.072969 0.958484
5776.000000 34.279628 19.091375 60.913273 -0.226689 -0.172473 -0.076969 0.955479
5777.000000 34.392500 18.918379 60.611970 -0.235571 -0.166559 -0.079898 0.954139
5778.000000 34.497335 18.741953 60.309707 -0.240382 -0.160287 -0.082277 0.953811
5779.000000 34.598125 18.567376 60.004996 -0.243564 -0.153617 -0.084511 0.953906
5780.000000 34.693473 18.387703 59.701701 -0.246350 -0.146433 -0.086819 0.954113
5781.000000 34.788425 18.210396 59.396737 -0.249149 -0.138608 -0.089294 0.954327
5782.000000 34.869130 18.028914 59.090216 -0.252005 -0.130058 -0.091967 0.954526
5783.000000 34.954987 17.845493 58.786081 -0.254865 -0.120805 -0.094825 0.954703
5784.000000 35.026847 17.660141 58.479469 -0.257681 -0.111026 -0.097814 0.954833
5785.000000 35.094398 17.473868 58.172607 -0.260415 -0.101068 -0.100836 0.954883
5786.000000 35.153253 17.285295 57.865317 -0.262984 -0.091394 -0.103754 0.954841
5787.000000 35.200342 17.097931 57.555136 -0.265195 -0.082501 -0.106417 0.954746
5788.000000 35.238656 16.904739 57.247536 -0.266738 -0.074838 -0.108684 0.954693
5789.000000 35.272684 16.715957 56.936584 -0.267286 -0.068786 -0.110438 0.954793
5790.000000 35.296040 16.519528 56.629783 -0.266624 -0.064666 -0.111587 0.955132
5791.000000 35.320893 16.321448 56.324018 -0.264696 -0.062733 -0.112067 0.955741
5792.000000 35.336907 16.133428 56.011261 -0.261525 -0.063156 -0.111841 0.956612
5793.000000 35.352312 15.940203 55.701648 -0.257120 -0.065986 -0.110903 0.957724
5794.000000 35.367422 15.754187 55.387426 -0.251451 -0.071160 -0.109274 0.959045
5795.000000 35.392008 15.564421 55.076226 -0.244531 -0.078504 -0.107004 0.960516
5796.000000 35.417224 15.381050 54.761179 -0.236483 -0.087708 -0.104182 0.962044
5797.000000 35.448355 15.203412 54.443427 -0.227534 -0.098280 -0.100946 0.963525
5798.000000 35.492852 15.032311 54.123767 -0.217948 -0.109538 -0.097477 0.964883
5799.000000 35.543728 14.863620 53.803916 -0.207950 -0.120692 -0.093977 0.966105
5800.000000 35.609852 14.700795 53.483468 -0.197693 -0.130984 -0.090624 0.967237
5801.000000 35.685001 14.550109 53.159244 -0.187258 -0.139820 -0.087541 0.968360
5802.000000 35.772464 14.400514 52.837711 -0.176694 -0.146850 -0.084790 0.969549
5803.000000 35.862877 14.263124 52.511509 -0.166042 -0.151950 -0.082382 0.970852
5804.000000 35.960482 14.129526 52.185769 -0.155347 -0.155155 -0.080296 0.972289
5805.000000 36.064520 14.004174 51.858807 -0.144652 -0.156541 -0.078507 0.973862
5806.000000 36.169013 13.887218 51.529107 -0.133961 -0.156140 -0.076989 0.975575
5807.000000 36.275053 13.778249 51.197036 -0.123236 -0.153908 -0.075725 0.977441
5808.000000 36.378261 13.676238 50.861764 -0.112396 -0.149757 -0.074692 0.979470
5809.000000 36.493053 13.579520 50.528764 -0.101364 -0.143612 -0.073866 0.981654
5810.000000 36.594560 13.494792 50.188459 -0.090090 -0.135432 -0.073218 0.983962
5811.000000 36.693869 13.413248 49.846758 -0.078567 -0.125220 -0.072721 0.986336
5812.000000 36.790186 13.342674 49.502027 -0.066816 -0.113054 -0.072343 0.988697
5813.000000 36.873813 13.285620 49.150965 -0.054874 -0.099133 -0.072048 0.990944
5814.000000 36.965621 13.225089 48.802745 -0.042763 -0.083782 -0.071794 0.992974
5815.000000 37.027211 13.180923 48.446058 -0.030489 -0.067360 -0.071546 0.994693
5816.000000 37.077262 13.152132 48.085942 -0.018089 -0.050124 -0.071282 0.996032
5817.000000 37.127365 13.133550 47.724811 -0.005759 -0.032137 -0.070999 0.996942
5818.000000 37.162733 13.118664 47.362563 0.006053 -0.013325 -0.070698 0.997390
5819.000000 37.174587 13.109320 46.997930 0.016707 0.006337 -0.070368 0.997361
5820.000000 37.192617 13.117541 46.633190 0.025642 0.026598 -0.069987 0.996863
5821.000000 37.191769 13.143363 46.268883 0.032702 0.046849 -0.069538 0.995942
5822.000000 37.170998 13.168734 45.905651 0.038233 0.066271 -0.069035 0.994676
5823.000000 37.123514 13.201723 45.545193 0.042822 0.084137 -0.068525 0.993173
5824.000000 37.077265 13.239486 45.185808 0.046823 0.100056 -0.068046 0.991547
5825.000000 37.004266 13.272851 44.829531 0.050014 0.114015 -0.067576 0.989915
5826.000000 36.934052 13.290291 44.470738 0.051540 0.126225 -0.067010 0.988393
5827.000000 36.848121 13.351637 44.121716 0.050084 0.136930 -0.066160 0.987099
5828.000000 36.759514 13.431157 43.775907 0.044202 0.146299 -0.064793 0.986126
5829.000000 36.637908 13.437105 43.432535 0.032883 0.154434 -0.062708 0.985463
5830.000000 36.557833 13.482250 43.079713 0.016302 0.161406 -0.059861 0.984936
5831.000000 36.442058 13.576256 42.747121 -0.003695 0.167242 -0.056475 0.984290
5832.000000 36.308255 13.587641 42.411060 -0.023968 0.171875 -0.053027 0.983399
5833.000000 36.219999 13.572365 42.055253 -0.041338 0.175149 -0.050041 0.982400
5834.000000 36.072880 13.555159 41.723066 -0.054004 0.176955 -0.047830 0.981572
5835.000000 35.939468 13.502425 41.386347 -0.062201 0.177402 -0.046356 0.981076
5836.000000 35.801766 13.442961 41.054183 -0.067762 0.176865 -0.045306 0.980854
5837.000000 35.667240 13.406674 40.713683 -0.072923 0.175840 -0.044297 0.980714
5838.000000 35.563444 13.377458 40.368711 -0.079101 0.174753 -0.043097 0.980483
5839.000000 35.420168 13.326973 40.035345 -0.086298 0.173865 -0.041723 0.980093
5840.000000 35.286495 13.305688 39.696551 -0.093405 0.173272 -0.040386 0.979603
5841.000000 35.174553 13.231267 39.355845 -0.099205 0.172908 -0.039305 0.979141
5842.000000 35.046871 13.157015 39.021874 -0.103369 0.172493 -0.038514 0.978814
5843.000000 34.915250 13.083683 38.691261 -0.106769 0.171491 -0.037803 0.978653
5844.000000 34.792236 12.990148 38.358252 -0.110914 0.169164 -0.036825 0.978635
5845.000000 34.667563 12.944172 38.018282 -0.117037 0.164811 -0.035282 0.978721
5846.000000 34.529346 12.892882 37.684358 -0.125544 0.158211 -0.033065 0.978833
5847.000000 34.423087 12.798177 37.347275 -0.136126 0.150113 -0.030303 0.978784
5848.000000 34.273863 12.718976 37.022755 -0.148235 0.142434 -0.027336 0.978260
5849.000000 34.173179 12.622740 36.686966 -0.161536 0.137814 -0.024627 0.976886
5850.000000 34.086462 12.525427 36.344645 -0.176179 0.138489 -0.022576 0.974306
5851.000000 33.985295 12.406592 36.014615 -0.192839 0.144978 -0.021271 0.970228
5852.000000 33.927263 12.282898 35.676057 -0.212375 0.155430 -0.020321 0.964534
5853.000000 33.834222 12.142124 35.351516 -0.234991 0.166286 -0.018979 0.957480
5854.000000 33.720204 11.989434 35.039410 -0.259348 0.174084 -0.016596 0.949820
5855.000000 33.577727 11.898428 34.718988 -0.282447 0.177287 -0.013172 0.942666
5856.000000 33.413552 11.687458 34.461728 -0.300683 0.176901 -0.009561 0.937125
5857.000000 33.280546 11.473808 34.201176 -0.311489 0.175556 -0.007045 0.933865
5858.000000 33.189831 11.241925 33.933467 -0.314454 0.175928 -0.006605 0.932804
5859.000000 33.080723 11.006577 33.678515 -0.311287 0.179655 -0.008473 0.933141
5860.000000 32.968077 10.789311 33.407884 -0.304825 0.187170 -0.012232 0.933756
5861.000000 32.847012 10.564838 33.148177 -0.297732 0.198109 -0.017204 0.933709
5862.000000 32.709296 10.376718 32.866596 -0.291637 0.211762 -0.022794 0.932516
5863.000000 32.603617 10.183190 32.574899 -0.287092 0.227402 -0.028618 0.930079
5864.000000 32.445750 9.996058 32.302010 -0.284190 0.244441 -0.034437 0.926444
5865.000000 32.252400 9.805434 32.056124 -0.283164 0.262374 -0.039994 0.921617
5866.000000 32.104550 9.604150 31.790262 -0.284510 0.280564 -0.044910 0.915599
5867.000000 31.933456 9.435452 31.515708 -0.288726 0.298166 -0.048725 0.908494
5868.000000 31.715972 9.284283 31.260636 -0.296134 0.314353 -0.051014 0.900491
5869.000000 31.486071 9.104240 31.039313 -0.306931 0.328716 -0.051491 0.891677
5870.000000 31.273118 8.902415 30.821749 -0.321142 0.341498 -0.050122 0.881893
5871.000000 31.051155 8.730378 30.588956 -0.338336 0.353480 -0.047246 0.870832
5872.000000 30.790502 8.569750 30.384823 -0.357453 0.365565 -0.043565 0.858308
5873.000000 30.567448 8.355360 30.191289 -0.377135 0.378181 -0.039820 0.844489
5874.000000 30.315622 8.144609 30.026779 -0.396333 0.390835 -0.036298 0.829970
5875.000000 30.110554 7.890095 29.865246 -0.414487 0.402237 -0.032690 0.815682
5876.000000 29.847146 7.667128 29.738585 -0.430934 0.411160 -0.028709 0.802757
5877.000000 29.581976 7.441349 29.629113 -0.443980 0.417552 -0.025179 0.792400
5878.000000 29.322768 7.204228 29.529858 -0.450520 0.423031 -0.024680 0.785791
5879.000000 29.066594 6.951435 29.462602 -0.446706 0.430133 -0.030876 0.783891
5880.000000 28.829131 6.680305 29.396272 -0.429417 0.440584 -0.046599 0.786966
5881.000000 28.611562 6.395278 29.318716 -0.397891 0.453810 -0.071942 0.794080
5882.000000 28.390048 6.112874 29.250979 -0.354782 0.467043 -0.103850 0.803253
5883.000000 28.132701 5.865891 29.190333 -0.305711 0.477193 -0.137639 0.812332
5884.000000 27.806847 5.748737 29.082762 -0.257041 0.482982 -0.169229 0.819768
5885.000000 27.468051 5.676443 28.949019 -0.213233 0.485567 -0.196521 0.824704
5886.000000 27.153515 5.592157 28.783658 -0.175706 0.487502 -0.219337 0.826656
5887.000000 26.834534 5.562217 28.609846 -0.143626 0.491330 -0.238511 0.825275
5888.000000 26.523371 5.547646 28.419678 -0.115503 0.498763 -0.254927 0.820309
5889.000000 26.203306 5.554517 28.243307 -0.090375 0.510439 -0.268983 0.811747
5890.000000 25.884209 5.578888 28.068894 -0.068146 0.525823 -0.280586 0.800086
5891.000000 25.576967 5.634285 27.875050 -0.049297 0.543215 -0.289496 0.786562
5892.000000 25.268718 5.710040 27.693426 -0.034363 0.560164 -0.295725 0.773035
5893.000000 24.945657 5.821881 27.565442 -0.023467 0.574371 -0.299696 0.761400
5894.000000 24.620219 5.935431 27.444162 -0.016115 0.584595 -0.302122 0.752802
5895.000000 24.292938 6.062212 27.343331 -0.011310 0.590976 -0.303735 0.747238
5896.000000 23.967219 6.203198 27.254990 -0.007931 0.594631 -0.305070 0.743831
5897.000000 23.643473 6.320389 27.135077 -0.005156 0.596881 -0.306360 0.741519
5898.000000 23.320667 6.442309 27.017339 -0.002691 0.598647 -0.307563 0.739608
5899.000000 22.990513 6.573626 26.928375 -0.000682 0.600273 -0.308485 0.737908
5900.000000 22.670695 6.715009 26.823931 0.000576 0.601675 -0.308949 0.736571
5901.000000 22.351219 6.847089 26.709213 0.000877 0.602550 -0.308901 0.735876
5902.000000 22.025274 6.993930 26.623063 0.000122 0.602508 -0.308389 0.736125
5903.000000 21.701350 7.127340 26.520014 -0.001817 0.601150 -0.307436 0.737630
5904.000000 21.377477 7.268827 26.428394 -0.005224 0.598132 -0.305931 0.740687
5905.000000 21.052266 7.396270 26.321933 -0.010512 0.593252 -0.303618 0.745492
5906.000000 20.729995 7.543157 26.229763 -0.018055 0.586530 -0.300188 0.752027
5907.000000 20.400830 7.666983 26.130853 -0.028022 0.578262 -0.295392 0.759981
5908.000000 20.083245 7.800856 26.010265 -0.040305 0.569039 -0.289102 0.768759
5909.000000 19.752673 7.902237 25.890712 -0.054585 0.559702 -0.281321 0.777568
5910.000000 19.427525 8.010297 25.764836 -0.070466 0.551227 -0.272138 0.785572
5911.000000 19.099770 8.096258 25.627437 -0.087617 0.544549 -0.261675 0.792032
5912.000000 18.774221 8.145603 25.469706 -0.105871 0.540378 -0.250036 0.796407
5913.000000 18.444354 8.208814 25.326214 -0.125233 0.539033 -0.237279 0.798410
5914.000000 18.115028 8.243285 25.171619 -0.145717 0.540332 -0.223483 0.798037
5915.000000 17.781237 8.238011 25.024423 -0.167064 0.543577 -0.208898 0.795598
5916.000000 17.445505 8.261765 24.883211 -0.188519 0.547729 -0.194064 0.791703
5917.000000 17.105872 8.244649 24.750347 -0.208945 0.551738 -0.179760 0.787155
5918.000000 16.764603 8.205174 24.626663 -0.227261 0.554875 -0.166735 0.782729
5919.000000 16.413900 8.144497 24.543613 -0.242926 0.556845 -0.155388 0.778951
5920.000000 16.073241 8.067654 24.437189 -0.256102 0.557684 -0.145632 0.776010
5921.000000 15.731021 7.976491 24.348371 -0.267418 0.557580 -0.137043 0.773829
5922.000000 15.381527 7.897559 24.276826 -0.277570 0.556750 -0.129141 0.772209
5923.000000 15.042282 7.800802 24.183171 -0.287042 0.555405 -0.121602 0.770938
5924.000000 14.708380 7.683225 24.093828 -0.296053 0.553710 -0.114295 0.769866
5925.000000 14.364093 7.579268 24.029762 -0.304669 0.551741 -0.107189 0.768940
5926.000000 14.034636 7.453450 23.938078 -0.312896 0.549419 -0.100253 0.768234
5927.000000 13.698309 7.323324 23.882004 -0.320724 0.546484 -0.093409 0.767962
5928.000000 13.371211 7.180489 23.807510 -0.328120 0.542543 -0.086541 0.768437
5929.000000 13.040074 7.050157 23.726448 -0.335046 0.537209 -0.079525 0.769952
5930.000000 12.717902 6.891426 23.664944 -0.341504 0.530338 -0.072278 0.772588
5931.000000 12.400015 6.727791 23.597942 -0.347583 0.522251 -0.064829 0.776040
5932.000000 12.078592 6.568801 23.529074 -0.353451 0.513810 -0.057371 0.779602
5933.000000 11.764250 6.399174 23.452192 -0.359297 0.506190 -0.050244 0.782402
5934.000000 11.456304 6.216402 23.378991 -0.365231 0.500416 -0.043815 0.783754
5935.000000 11.171176 6.017277 23.269280 -0.371210 0.496993 -0.038363 0.783408
5936.000000 10.875017 5.822537 23.180224 -0.377008 0.495892 -0.034058 0.781534
5937.000000 10.584175 5.622752 23.085801 -0.382264 0.496767 -0.031010 0.778547
5938.000000 10.290255 5.416386 23.021606 -0.386601 0.499067 -0.029236 0.774995
5939.000000 9.993644 5.218713 22.939101 -0.389728 0.501943 -0.028538 0.771590
5940.000000 9.728335 4.980855 22.857065 -0.391486 0.504266 -0.028485 0.769184
5941.000000 9.439275 4.773857 22.770826 -0.391800 0.505054 -0.028657 0.768500
5942.000000 9.132566 4.577841 22.750804 -0.390613 0.504007 -0.028948 0.769780
5943.000000 8.834560 4.377839 22.683658 -0.387910 0.501593 -0.029600 0.772693
5944.000000 8.543487 4.163171 22.630056 -0.383810 0.498562 -0.030892 0.776642
5945.000000 8.266445 3.944639 22.537358 -0.378629 0.495381 -0.032830 0.781127
5946.000000 7.986979 3.726959 22.464611 -0.372825 0.492126 -0.035139 0.785862
5947.000000 7.686620 3.539915 22.383884 -0.366838 0.488680 -0.037479 0.790707
5948.000000 7.384058 3.347817 22.311927 -0.360959 0.484772 -0.039545 0.795701
5949.000000 7.101334 3.136895 22.215122 -0.355336 0.479777 -0.040986 0.801168
5950.000000 6.818154 2.945952 22.088385 -0.350083 0.472753 -0.041359 0.807612
5951.000000 6.524175 2.750381 21.995342 -0.345341 0.463026 -0.040332 0.815303
5952.000000 6.219080 2.570785 21.904987 -0.341145 0.450892 -0.038028 0.823936
5953.000000 5.921586 2.387389 21.796936 -0.337108 0.437732 -0.035217 0.832771
5954.000000 5.646868 2.200992 21.643707 -0.332173 0.425361 -0.033173 0.841207
5955.000000 5.385055 1.995403 21.494171 -0.324719 0.415120 -0.033224 0.849193
5956.000000 5.119635 1.806564 21.328235 -0.313174 0.407322 -0.036215 0.857146
5957.000000 4.865516 1.593226 21.175142 -0.296846 0.401240 -0.042128 0.865514
5958.000000 4.608464 1.389980 21.013657 -0.276487 0.395504 -0.050056 0.874429
5959.000000 4.363375 1.197996 20.822542 -0.254164 0.388710 -0.058565 0.883672
5960.000000 4.093456 1.047792 20.629364 -0.232517 0.380072 -0.066260 0.892799
5961.000000 3.814813 0.920667 20.429455 -0.213821 0.369778 -0.072246 0.901291
5962.000000 3.554893 0.793910 20.205829 -0.199348 0.358767 -0.076250 0.908698
5963.000000 3.291728 0.695423 19.970320 -0.189263 0.348032 -0.078462 0.914821
5964.000000 3.064367 0.603272 19.700177 -0.182929 0.337979 -0.079267 0.919796
5965.000000 2.828767 0.484243 19.447453 -0.179343 0.328273 -0.079049 0.924026
5966.000000 2.577883 0.394578 19.195149 -0.177464 0.318199 -0.078117 0.927984
5967.000000 2.343364 0.303609 18.930102 -0.176411 0.307147 -0.076713 0.932017
5968.000000 2.130638 0.190984 18.655601 -0.175561 0.294921 -0.075033 0.936253
5969.000000 1.898679 0.093370 18.389712 -0.174568 0.281762 -0.073233 0.940624
5970.000000 1.697747 -0.012855 18.104915 -0.173231 0.268074 -0.071437 0.945000
5971.000000 1.472481 -0.117205 17.834261 -0.171220 0.254056 -0.069768 0.949353
5972.000000 1.302458 -0.232353 17.531429 -0.167854 0.239590 -0.068384 0.953806
5973.000000 1.140451 -0.325544 17.219594 -0.162227 0.224586 -0.067492 0.958482
5974.000000 0.937239 -0.430561 16.932522 -0.153697 0.209496 -0.067289 0.963307
5975.000000 0.748791 -0.557840 16.647024 -0.142370 0.195401 -0.067862 0.967959
5976.000000 0.647085 -0.653701 16.309777 -0.129097 0.183430 -0.069114 0.972065
5977.000000 0.500172 -0.748223 15.989736 -0.114904 0.173828 -0.070802 0.975484
5978.000000 0.363986 -0.837427 15.662671 -0.100265 0.165313 -0.072648 0.978438
5979.000000 0.244545 -0.886916 15.320957 -0.084838 0.155187 -0.074447 0.981416
5980.000000 0.140875 -0.945967 14.976073 -0.067869 0.140342 -0.076112 0.984838
5981.000000 0.014697 -1.012267 14.640681 -0.048928 0.118799 -0.077653 0.988667
5982.000000 -0.136837 -1.060129 14.309762 -0.028419 0.090918 -0.079119 0.992304
5983.000000 -0.260057 -1.083568 13.965719 -0.007600 0.059479 -0.080513 0.994948
5984.000000 -0.295064 -1.083079 13.602475 0.011770 0.028564 -0.081762 0.996173
5985.000000 -0.325594 -1.095683 13.236311 0.027932 0.002003 -0.082756 0.996176
5986.000000 -0.336226 -1.074952 12.871097 0.039618 -0.017728 -0.083439 0.995567
5987.000000 -0.309632 -1.029437 12.509756 0.046386 -0.029835 -0.083830 0.994953
5988.000000 -0.258830 -0.992706 12.149618 0.048626 -0.034978 -0.084003 0.994664
5989.000000 -0.218154 -0.950190 11.788908 0.047206 -0.034772 -0.084049 0.994735
5990.000000 -0.187045 -0.910108 11.426833 0.043041 -0.031149 -0.084044 0.995045
5991.000000 -0.147325 -0.884787 11.064544 0.036964 -0.025728 -0.084035 0.995445
5992.000000 -0.119966 -0.854242 10.701702 0.029979 -0.019402 -0.084022 0.995824
5993.000000 -0.117423 -0.812505 10.337691 0.023540 -0.012373 -0.083976 0.996113
5994.000000 -0.094764 -0.794671 9.973922 0.019378 -0.004651 -0.083881 0.996276
5995.000000 -0.075922 -0.785892 9.609319 0.018810 0.003300 -0.083752 0.996304
5996.000000 -0.075833 -0.792621 9.243991 0.021972 0.010266 -0.083631 0.996202
5997.000000 -0.077065 -0.792474 8.878850 0.027612 0.014681 -0.083570 0.996011
5998.000000 -0.081694 -0.784739 8.513462 0.033665 0.015552 -0.083610 0.995808
5999.000000 -0.118698 -0.759604 8.150462 0.038257 0.013218 -0.083749 0.995664
6000.000000 -0.150613 -0.707305 7.790281 0.040475 0.009267 -0.083932 0.995606
6001.000000 -0.153177 -0.674879 7.425910 0.040479 0.005580 -0.084088 0.995620
6002.000000 -0.138863 -0.637124 7.062760 0.039127 0.003219 -0.084181 0.995677
6003.000000 -0.124112 -0.620120 6.697532 0.037561 0.001965 -0.084229 0.995736
6004.000000 -0.127232 -0.588113 6.333773 0.037057 0.000725 -0.084274 0.995753
6005.000000 -0.134423 -0.553391 5.969959 0.038961 -0.001647 -0.084352 0.995673
6006.000000 -0.136118 -0.532962 5.604848 0.044388 -0.005700 -0.084474 0.995420
6007.000000 -0.134300 -0.519285 5.239618 0.053649 -0.011148 -0.084620 0.994906
6008.000000 -0.133140 -0.495106 4.874858 0.065808 -0.017033 -0.084742 0.994081
6009.000000 -0.130593 -0.466205 4.510459 0.078832 -0.022130 -0.084787 0.993029
6010.000000 -0.115922 -0.445544 4.146289 0.090359 -0.025465 -0.084722 0.991972
6011.000000 -0.057410 -0.342962 3.800451 0.098615 -0.026663 -0.084557 0.991168
6012.000000 -0.045515 -0.275887 3.441540 0.102824 -0.025971 -0.084340 0.990777
6013.000000 -0.017693 -0.194007 3.087236 0.102949 -0.023972 -0.084129 0.990833
6014.000000 0.022776 -0.122476 2.731144 0.099128 -0.021201 -0.083969 0.991299
6015.000000 0.040957 -0.031330 2.377257 0.091416 -0.017937 -0.083875 0.992112
6016.000000 0.049916 0.035867 2.018101 0.080113 -0.014285 -0.083833 0.993152
6017.000000 0.081874 0.098734 1.660194 0.066331 -0.010413 -0.083817 0.994217
6018.000000 0.100680 0.186595 1.305139 0.052128 -0.006698 -0.083804 0.995095
6019.000000 0.113525 0.243470 0.944422 0.039865 -0.003623 -0.083787 0.995679
6020.000000 0.111512 0.243079 0.579613 0.031223 -0.001519 -0.083769 0.995995
6021.000000 0.103185 0.244763 0.214222 0.026651 -0.000432 -0.083757 0.996130
6022.000000 0.095523 0.232395 0.028760 0.023170 -0.000183 -0.075748 0.996858
6023.000000 0.047761 0.116198 0.014380 0.013360 -0.000150 -0.043675 0.998956
6024.000000 0.000000 0.000000 0.000000 0.003535 -0.000117 -0.011553 0.999927
6025.000000 0.000983 0.002523 0.414719 0.006287 -0.000406 -0.011553 0.999913
6026.000000 0.011143 -0.027898 0.829561 0.012399 -0.001270 -0.011550 0.999856
6027.000000 0.006310 -0.029051 1.244794 0.021729 -0.003061 -0.011549 0.999692
6028.000000 0.010471 -0.071093 1.658004 0.033226 -0.005937 -0.011558 0.999363
6029.000000 -0.015654 -0.124837 2.069263 0.045271 -0.009658 -0.011592 0.998861
6030.000000 -0.030673 -0.187436 2.479268 0.056032 -0.013618 -0.011655 0.998268
6031.000000 -0.044818 -0.260298 2.888115 0.063822 -0.017088 -0.011740 0.997746
6032.000000 -0.073045 -0.319996 3.298233 0.067468 -0.019452 -0.011832 0.997462
6033.000000 -0.083658 -0.392927 3.707350 0.066643 -0.020297 -0.011908 0.997499
6034.000000 -0.119267 -0.443008 4.117574 0.062009 -0.019422 -0.011943 0.997815
6035.000000 -0.131872 -0.465438 4.532176 0.055080 -0.016899 -0.011917 0.998268
6036.000000 -0.134153 -0.498719 4.946376 0.047756 -0.013169 -0.011833 0.998702
6037.000000 -0.134915 -0.524529 5.360947 0.041720 -0.009022 -0.011716 0.999020
6038.000000 -0.135975 -0.540944 5.776204 0.037956 -0.005337 -0.011601 0.999198
6039.000000 -0.130818 -0.572393 6.190590 0.036599 -0.002654 -0.011511 0.999260
6040.000000 -0.122704 -0.615314 6.603544 0.037104 -0.000839 -0.011445 0.999246
6041.000000 -0.136756 -0.633632 7.018834 0.038510 0.000865 -0.011381 0.999193
6042.000000 -0.153310 -0.675362 7.431732 0.039656 0.003271 -0.011288 0.999144
6043.000000 -0.147280 -0.714598 7.845465 0.039384 0.006486 -0.011156 0.999141
6044.000000 -0.106119 -0.770184 8.255389 0.036915 0.009525 -0.011016 0.999212
6045.000000 -0.077563 -0.786325 8.669069 0.032358 0.010751 -0.010930 0.999359
6046.000000 -0.076213 -0.798600 9.084419 0.026964 0.008873 -0.010942 0.999537
6047.000000 -0.076464 -0.782865 9.499452 0.022736 0.003725 -0.011047 0.999674
6048.000000 -0.088085 -0.794600 9.914437 0.021448 -0.003765 -0.011200 0.999700
6049.000000 -0.117271 -0.811558 10.327854 0.023710 -0.012283 -0.011351 0.999579
6050.000000 -0.120956 -0.858772 10.741600 0.028741 -0.020855 -0.011467 0.999304
6051.000000 -0.158799 -0.889340 11.153770 0.034943 -0.029075 -0.011554 0.998899
6052.000000 -0.198597 -0.924423 11.565714 0.040794 -0.036886 -0.011644 0.998419
6053.000000 -0.237804 -0.972827 11.976551 0.045477 -0.044322 -0.011766 0.997912
6054.000000 -0.292145 -1.017754 12.386009 0.048997 -0.051452 -0.011927 0.997402
6055.000000 -0.335481 -1.062037 12.796601 0.051866 -0.058459 -0.012114 0.996868
6056.000000 -0.399356 -1.091844 13.206010 0.054530 -0.065588 -0.012317 0.996280
6057.000000 -0.448780 -1.120713 13.617372 0.056830 -0.072902 -0.012557 0.995640
6058.000000 -0.532847 -1.216536 14.010646 0.057974 -0.080078 -0.012880 0.995018
6059.000000 -0.631059 -1.307283 14.405792 0.057274 -0.086526 -0.013313 0.994513
6060.000000 -0.696114 -1.278926 14.815127 0.055163 -0.091835 -0.013803 0.994149
6061.000000 -0.782941 -1.318952 15.218911 0.053546 -0.096186 -0.014186 0.993821
6062.000000 -0.855536 -1.343118 15.627309 0.054966 -0.100288 -0.014250 0.993337
6063.000000 -0.939024 -1.389134 16.031804 0.061187 -0.104800 -0.013838 0.992513
6064.000000 -1.031830 -1.451257 16.432125 0.072329 -0.109727 -0.012920 0.991242
6065.000000 -1.154665 -1.548605 16.815598 0.087138 -0.114341 -0.011574 0.989545
6066.000000 -1.257888 -1.633222 17.209067 0.103977 -0.117803 -0.009898 0.987529
6067.000000 -1.358663 -1.739164 17.597854 0.121691 -0.120023 -0.007990 0.985252
6068.000000 -1.442117 -1.870544 17.982726 0.139832 -0.122022 -0.005992 0.982610
6069.000000 -1.525984 -2.006388 18.366655 0.158258 -0.125455 -0.004142 0.979387
6070.000000 -1.629967 -2.150447 18.742133 0.176477 -0.131578 -0.002736 0.975467
6071.000000 -1.759190 -2.330362 19.093460 0.193157 -0.140498 -0.002048 0.971054
6072.000000 -1.885493 -2.523056 19.439173 0.206258 -0.151356 -0.002289 0.966718
6073.000000 -2.036115 -2.727657 19.769367 0.214005 -0.163414 -0.003657 0.963060
6074.000000 -2.185496 -2.912598 20.109462 0.216358 -0.177229 -0.006346 0.960072
6075.000000 -2.303392 -3.064684 20.477475 0.216054 -0.194833 -0.010346 0.956689
6076.000000 -2.455826 -3.189357 20.842414 0.218088 -0.218492 -0.015100 0.951037
6077.000000 -2.666364 -3.304182 21.187271 0.227374 -0.248688 -0.019437 0.941317
6078.000000 -2.940530 -3.468935 21.446196 0.245778 -0.282863 -0.022104 0.926873
6079.000000 -3.232110 -3.702071 21.631404 0.270688 -0.316087 -0.022529 0.909016
6080.000000 -3.479535 -3.979871 21.815150 0.296395 -0.343338 -0.021120 0.890967
6081.000000 -3.744725 -4.242325 21.995143 0.317321 -0.361653 -0.018848 0.876447
6082.000000 -4.066088 -4.425985 22.185492 0.330660 -0.370778 -0.016542 0.867706
6083.000000 -4.332043 -4.667549 22.390606 0.336783 -0.372559 -0.014584 0.864618
6084.000000 -4.566808 -4.934736 22.604215 0.337815 -0.369968 -0.013141 0.865351
6085.000000 -4.827206 -5.173776 22.822555 0.335977 -0.366136 -0.012456 0.867703
6086.000000 -5.082954 -5.413387 23.045615 0.332865 -0.363398 -0.012740 0.870046
6087.000000 -5.364638 -5.624966 23.264592 0.329641 -0.362589 -0.013801 0.871594
6088.000000 -5.634507 -5.853285 23.482780 0.327401 -0.362937 -0.014876 0.872275
6089.000000 -5.903555 -6.085987 23.697220 0.327248 -0.362585 -0.014814 0.872480
6090.000000 -6.186183 -6.305924 23.907281 0.330179 -0.359393 -0.012424 0.872734
6091.000000 -6.460302 -6.537229 24.116958 0.336979 -0.351722 -0.006797 0.873322
6092.000000 -6.705965 -6.787743 24.339016 0.348145 -0.339039 0.002456 0.873980
6093.000000 -6.914603 -7.059323 24.573884 0.363720 -0.322178 0.015024 0.873890
6094.000000 -7.097852 -7.354922 24.800879 0.383140 -0.303051 0.029902 0.872049
6095.000000 -7.260276 -7.676183 25.008008 0.405251 -0.283866 0.045683 0.867816
6096.000000 -7.409749 -8.011789 25.201801 0.428570 -0.266283 0.061037 0.861218
6097.000000 -7.540351 -8.360957 25.384914 0.451697 -0.251013 0.075102 0.852832
6098.000000 -7.657727 -8.721228 25.555158 0.473648 -0.237990 0.087570 0.843415
6099.000000 -7.757633 -9.090456 25.716844 0.493954 -0.226840 0.098498 0.833577
6100.000000 -7.849129 -9.468468 25.862493 0.512490 -0.217282 0.108009 0.823697
6101.000000 -7.922989 -9.852851 26.000041 0.529182 -0.209309 0.116093 0.814050
6102.000000 -7.990431 -10.242899 26.127205 0.543807 -0.203154 0.122560 0.804973
6103.000000 -8.049724 -10.639243 26.235958 0.556022 -0.199139 0.127133 0.796882
6104.000000 -8.091321 -11.041411 26.331004 0.565579 -0.197482 0.129615 0.790140
6105.000000 -8.165419 -11.433371 26.446443 0.572491 -0.198172 0.129999 0.784909
6106.000000 -8.239498 -11.829250 26.547829 0.576982 -0.201001 0.128447 0.781148
6107.000000 -8.308742 -12.225824 26.641522 0.579302 -0.205704 0.125164 0.778736
6108.000000 -8.357236 -12.633860 26.710883 0.579687 -0.212047 0.120331 0.777508
6109.000000 -8.471291 -13.015841 26.823495 0.578603 -0.219758 0.114202 0.777099
6110.000000 -8.582100 -13.401419 26.930925 0.577041 -0.228379 0.107279 0.776761
6111.000000 -8.696566 -13.789215 27.026032 0.576472 -0.237243 0.100358 0.775451
6112.000000 -8.813718 -14.176809 27.116565 0.578313 -0.245625 0.094308 0.772223
6113.000000 -8.963561 -14.552188 27.205592 0.583228 -0.253010 0.089712 0.766670
6114.000000 -9.075764 -14.947684 27.262667 0.590770 -0.259265 0.086606 0.759126
6115.000000 -9.185570 -15.346797 27.296897 0.599653 -0.264607 0.084534 0.750502
6116.000000 -9.318581 -15.738097 27.337971 0.608464 -0.269334 0.082912 0.741860
6117.000000 -9.429115 -16.137526 27.357349 0.616339 -0.273502 0.081481 0.733950
6118.000000 -9.578753 -16.523526 27.389471 0.623210 -0.276770 0.080529 0.726996
6119.000000 -9.717471 -16.909789 27.408852 0.629499 -0.278556 0.080711 0.720849
6120.000000 -9.845789 -17.307110 27.419118 0.635535 -0.278388 0.082570 0.715386
6121.000000 -9.946083 -17.710482 27.408914 0.641074 -0.276227 0.086109 0.710850
6122.000000 -10.041286 -18.114808 27.400655 0.645269 -0.272520 0.090718 0.707906
6123.000000 -10.141013 -18.517989 27.398705 0.647099 -0.267983 0.095495 0.707339
6124.000000 -10.229825 -18.923664 27.400393 0.645970 -0.263252 0.099721 0.709562
6125.000000 -10.327073 -19.327012 27.419661 0.642084 -0.258630 0.103183 0.714277
6126.000000 -10.420929 -19.728602 27.462947 0.636370 -0.254079 0.106143 0.720562
6127.000000 -10.539732 -20.119352 27.531261 0.629981 -0.249399 0.109047 0.727346
6128.000000 -10.599036 -20.531184 27.550118 0.623708 -0.244441 0.112195 0.733927
6129.000000 -10.692674 -20.932811 27.599869 0.617708 -0.239226 0.115600 0.740166
6130.000000 -10.778948 -21.329545 27.682540 0.611681 -0.233902 0.119072 0.746296
6131.000000 -10.854111 -21.732514 27.749191 0.605265 -0.228613 0.122425 0.752597
6132.000000 -10.922754 -22.133923 27.830758 0.598328 -0.223352 0.125643 0.759165
6133.000000 -11.001366 -22.531941 27.920102 0.591061 -0.217901 0.128933 0.765861
6134.000000 -11.077862 -22.926988 28.022682 0.583917 -0.211971 0.132590 0.772353
6135.000000 -11.150877 -23.316636 28.143126 0.577482 -0.205520 0.136713 0.778193
6136.000000 -11.210819 -23.710317 28.260548 0.572277 -0.199053 0.140973 0.782945
6137.000000 -11.244902 -24.104270 28.387242 0.568575 -0.193529 0.144677 0.786344
6138.000000 -11.259317 -24.497362 28.522509 0.566314 -0.189758 0.147224 0.788420
6139.000000 -11.330093 -24.888564 28.639182 0.565112 -0.187698 0.148616 0.789513
6140.000000 -11.431949 -25.269449 28.741338 0.564332 -0.186382 0.149506 0.790215
6141.000000 -11.471702 -25.663672 28.862866 0.563161 -0.184712 0.150617 0.791230
6142.000000 -11.501080 -26.057375 28.989476 0.560724 -0.182517 0.151993 0.793205
6143.000000 -11.523105 -26.449494 29.122065 0.556308 -0.180848 0.152804 0.796534
6144.000000 -11.549422 -26.838492 29.264201 0.549648 -0.181199 0.151944 0.801228
6145.000000 -11.627293 -27.217192 29.413665 0.541091 -0.184290 0.148941 0.806892
6146.000000 -11.707763 -27.591960 29.572836 0.531521 -0.189406 0.144404 0.812870
6147.000000 -11.809008 -27.960570 29.731987 0.522052 -0.194684 0.139747 0.818554
6148.000000 -11.861987 -28.328243 29.905466 0.513602 -0.197977 0.136514 0.823640
6149.000000 -11.985699 -28.690751 30.071515 0.506559 -0.197661 0.135788 0.828185
6150.000000 -12.073850 -29.056882 30.246652 0.500736 -0.193072 0.137918 0.832445
6151.000000 -12.130434 -29.425945 30.428904 0.495606 -0.184600 0.142532 0.836649
6152.000000 -12.176072 -29.788075 30.627224 0.490661 -0.173480 0.148755 0.840850
6153.000000 -12.214201 -30.142697 30.839250 0.485662 -0.161308 0.155562 0.844934
6154.000000 -12.246845 -30.500691 31.047086 0.480640 -0.149468 0.162122 0.848741
6155.000000 -12.268532 -30.853151 31.265725 0.475703 -0.138749 0.167993 0.852193
6156.000000 -12.282734 -31.204964 31.486128 0.470846 -0.129321 0.173099 0.855346
6157.000000 -12.294245 -31.554173 31.710780 0.465907 -0.120946 0.177582 0.858351
6158.000000 -12.304955 -31.896306 31.946096 0.460674 -0.113245 0.181663 0.861367
6159.000000 -12.308291 -32.239274 32.180103 0.455010 -0.105891 0.185525 0.864485
6160.000000 -12.303338 -32.576787 32.422036 0.448912 -0.098760 0.189239 0.867706
6161.000000 -12.294003 -32.904325 32.677243 0.442502 -0.092048 0.192708 0.870967
6162.000000 -12.276786 -33.231472 32.932595 0.435968 -0.086266 0.195678 0.874185
6163.000000 -12.253646 -33.552942 33.194524 0.429496 -0.082062 0.197841 0.877302
6164.000000 -12.235025 -33.871358 33.460637 0.423195 -0.079901 0.198987 0.880299
6165.000000 -12.223830 -34.188725 33.728415 0.417059 -0.079767 0.199149 0.883198
6166.000000 -12.222458 -34.500801 34.002335 0.410981 -0.081081 0.198618 0.886042
6167.000000 -12.227717 -34.814730 34.274097 0.404823 -0.082904 0.197844 0.888877
6168.000000 -12.226920 -35.124941 34.549927 0.398513 -0.084329 0.197242 0.891724
6169.000000 -12.228105 -35.420512 34.841576 0.392107 -0.084821 0.197047 0.894556
6170.000000 -12.233390 -35.722461 35.126454 0.385780 -0.084326 0.197274 0.897299
6171.000000 -12.227209 -36.009496 35.426658 0.379746 -0.083129 0.197791 0.899868
6172.000000 -12.228848 -36.305359 35.717949 0.374168 -0.081562 0.198452 0.902199
6173.000000 -12.223932 -36.590536 36.019921 0.369147 -0.079713 0.199222 0.904260
6174.000000 -12.225195 -36.876898 36.320856 0.364794 -0.077216 0.200247 0.906016
6175.000000 -12.228909 -37.156190 36.628161 0.361315 -0.073217 0.201862 0.907382
6176.000000 -12.219576 -37.437380 36.933465 0.359000 -0.066576 0.204498 0.908222
6177.000000 -12.219808 -37.710021 37.246652 0.358047 -0.056332 0.208489 0.908384
6178.000000 -12.189677 -37.986253 37.554865 0.358310 -0.042299 0.213863 0.907793
6179.000000 -12.111875 -38.260402 37.856832 0.359150 -0.025450 0.220228 0.906567
6180.000000 -12.029882 -38.532226 38.159957 0.359561 -0.007779 0.226867 0.905089
6181.000000 -11.927556 -38.798553 38.461338 0.358503 0.008378 0.233004 0.903944
6182.000000 -11.820586 -39.058597 38.766972 0.355240 0.021167 0.238077 0.903701
6183.000000 -11.716179 -39.309861 39.080719 0.349476 0.029704 0.241865 0.904702
6184.000000 -11.623460 -39.557258 39.400712 0.341274 0.034002 0.244428 0.906990
6185.000000 -11.520635 -39.794392 39.725677 0.330878 0.034560 0.245955 0.910402
6186.000000 -11.424855 -40.023612 40.057900 0.318570 0.031990 0.246639 0.914691
6187.000000 -11.345922 -40.249870 40.396912 0.304620 0.026913 0.246662 0.919587
6188.000000 -11.280352 -40.458419 40.749929 0.289313 0.020066 0.246220 0.924809
6189.000000 -11.223494 -40.659249 41.108545 0.272986 0.012390 0.245554 0.930069
6190.000000 -11.181116 -40.851082 41.474477 0.256025 0.004942 0.244916 0.935117
6191.000000 -11.143840 -41.026422 41.849053 0.238835 -0.001363 0.244501 0.939774
6192.000000 -11.118291 -41.195861 42.227137 0.221803 -0.006071 0.244375 0.943953
6193.000000 -11.095600 -41.351260 42.611858 0.205316 -0.009409 0.244445 0.947630
6194.000000 -11.046752 -41.485389 43.001849 0.189832 -0.012219 0.244504 0.950806
6195.000000 -11.029410 -41.612690 43.396390 0.175912 -0.015511 0.244348 0.953472
6196.000000 -11.012635 -41.733675 43.793338 0.164096 -0.019799 0.243904 0.955610
6197.000000 -11.012733 -41.847229 44.192718 0.154564 -0.024621 0.243290 0.957243
6198.000000 -11.029996 -41.980956 44.585531 0.146737 -0.028616 0.242764 0.958496
6199.000000 -11.035415 -42.099790 44.983114 0.139138 -0.030138 0.242600 0.959624
6200.000000 -11.036969 -42.223122 45.379557 0.129744 -0.028074 0.242960 0.960910
6201.000000 -11.024302 -42.326849 45.781795 0.116792 -0.022385 0.243812 0.962504
6202.000000 -11.006340 -42.403571 46.188209 0.099633 -0.014167 0.244950 0.964299
6203.000000 -10.985589 -42.443609 46.600932 0.079138 -0.005256 0.246087 0.965997
6204.000000 -10.961390 -42.461845 47.014813 0.057369 0.002404 0.246990 0.967315
6205.000000 -10.946845 -42.464111 47.429724 0.036696 0.007373 0.247568 0.968147
6206.000000 -10.938097 -42.452162 47.844513 0.018839 0.009121 0.247873 0.968566
6207.000000 -10.928732 -42.434886 48.259543 0.004353 0.008106 0.248017 0.968712
6208.000000 -10.938941 -42.440197 48.673982 -0.007299 0.005551 0.248092 0.968693
6209.000000 -10.947885 -42.419600 49.087977 -0.017259 0.003037 0.248137 0.968566
6210.000000 -10.963807 -42.385218 49.501720 -0.026728 0.002073 0.248139 0.968353
6211.000000 -10.963939 -42.364283 49.915893 -0.036613 0.003780 0.248054 0.968047
6212.000000 -10.979462 -42.317506 50.327828 -0.047383 0.008781 0.247824 0.967606
6213.000000 -10.973127 -42.265643 50.739619 -0.059039 0.017270 0.247386 0.966962
6214.000000 -10.965907 -42.197251 51.148756 -0.071141 0.029188 0.246675 0.966043
6215.000000 -10.949943 -42.100481 51.552251 -0.082918 0.044372 0.245619 0.964794
6216.000000 -10.917120 -41.999573 51.953879 -0.093504 0.062593 0.244139 0.963190
6217.000000 -10.868905 -41.891975 52.351714 -0.102259 0.083465 0.242166 0.961214
6218.000000 -10.791197 -41.775247 52.742593 -0.109034 0.106330 0.239694 0.958829
6219.000000 -10.689019 -41.636489 53.120383 -0.114286 0.130199 0.236826 0.955981
6220.000000 -10.573402 -41.527960 53.503760 -0.118920 0.153802 0.233803 0.952648
6221.000000 -10.438147 -41.402989 53.875827 -0.123930 0.175655 0.230985 0.948911
6222.000000 -10.290446 -41.254989 54.234454 -0.130024 0.194114 0.228791 0.945023
6223.000000 -10.128950 -41.082936 54.576229 -0.137546 0.207453 0.227660 0.941390
6224.000000 -9.974386 -40.934014 54.931731 -0.146717 0.214082 0.228017 0.938430
6225.000000 -9.817989 -40.768093 55.278849 -0.157948 0.212936 0.230225 0.936326
6226.000000 -9.682940 -40.599985 55.633677 -0.171786 0.203897 0.234455 0.934851
6227.000000 -9.580713 -40.415669 55.991144 -0.188435 0.188048 0.240509 0.933427
6228.000000 -9.520403 -40.207064 56.345007 -0.207259 0.167585 0.247769 0.931434
6229.000000 -9.494697 -39.992240 56.699504 -0.226766 0.145322 0.255350 0.928577
6230.000000 -9.481784 -39.755676 57.040453 -0.245166 0.123961 0.262399 0.925027
6231.000000 -9.482318 -39.524271 57.385316 -0.261098 0.105456 0.268341 0.921249
6232.000000 -9.491334 -39.298580 57.733794 -0.273963 0.090797 0.272942 0.917716
6233.000000 -9.511058 -39.061212 58.073072 -0.283685 0.080237 0.276192 0.914769
6234.000000 -9.538181 -38.811520 58.403898 -0.290227 0.073692 0.278174 0.912665
6235.000000 -9.565186 -38.564923 58.736670 -0.293318 0.070994 0.278979 0.911644
6236.000000 -9.588443 -38.325377 59.074828 -0.292603 0.071900 0.278704 0.911887
6237.000000 -9.595125 -38.086742 59.414423 -0.287969 0.075964 0.277483 0.913404
6238.000000 -9.594155 -37.857963 59.760692 -0.279751 0.082468 0.275508 0.915988
6239.000000 -9.574920 -37.628947 60.106555 -0.268702 0.090510 0.273018 0.919276
6240.000000 -9.547953 -37.419864 60.464348 -0.255812 0.099206 0.270248 0.922867
6241.000000 -9.509139 -37.220910 60.826868 -0.242126 0.107862 0.267396 0.926413
6242.000000 -9.459332 -37.026566 61.190445 -0.228569 0.116031 0.264608 0.929665
6243.000000 -9.399960 -36.841733 61.557559 -0.215821 0.123441 0.261991 0.932494
6244.000000 -9.333394 -36.662376 61.926156 -0.204256 0.129912 0.259627 0.934878
6245.000000 -9.262043 -36.488869 62.296564 -0.193978 0.135304 0.257572 0.936868
6246.000000 -9.186257 -36.320105 62.668301 -0.184927 0.139530 0.255852 0.938548
6247.000000 -9.107704 -36.157143 63.042042 -0.176990 0.142555 0.254473 0.939998
6248.000000 -9.025851 -35.996928 63.416355 -0.170074 0.144377 0.253430 0.941277
6249.000000 -8.942283 -35.842256 63.792637 -0.164134 0.144995 0.252719 0.942427
6250.000000 -8.857916 -35.692632 64.169746 -0.159151 0.144420 0.252336 0.943473
6251.000000 -8.778280 -35.545011 64.549908 -0.155110 0.142704 0.252263 0.944426
6252.000000 -8.698161 -35.400671 64.931113 -0.151958 0.139966 0.252468 0.945293
6253.000000 -8.627680 -35.258896 65.314901 -0.149600 0.136369 0.252906 0.946077
6254.000000 -8.555435 -35.114465 65.697496 -0.147898 0.132081 0.253527 0.946787
6255.000000 -8.489102 -34.970927 66.081474 -0.146683 0.127260 0.254282 0.947433
6256.000000 -8.423779 -34.835270 66.468254 -0.145751 0.122075 0.255119 0.948034
6257.000000 -8.371223 -34.695148 66.855774 -0.144881 0.116752 0.255978 0.948606
6258.000000 -8.316461 -34.556583 67.243319 -0.143886 0.111555 0.256800 0.949161
6259.000000 -8.264825 -34.423963 67.633476 -0.142653 0.106733 0.257533 0.949702
6260.000000 -8.217143 -34.302783 68.027312 -0.141146 0.102462 0.258150 0.950230
6261.000000 -8.171399 -34.158324 68.414781 -0.139356 0.098835 0.258638 0.950746
6262.000000 -8.132757 -34.034695 68.809048 -0.137269 0.095889 0.258993 0.951254
6263.000000 -8.090174 -33.912215 69.203186 -0.134881 0.093613 0.259221 0.951761
6264.000000 -8.043544 -33.789272 69.597553 -0.132238 0.091929 0.259338 0.952264
6265.000000 -8.001181 -33.668368 69.993071 -0.129448 0.090686 0.259376 0.952756
6266.000000 -7.955510 -33.548286 70.387428 -0.126649 0.089711 0.259371 0.953225
6267.000000 -7.914486 -33.433962 70.784625 -0.124005 0.088905 0.259347 0.953655
6268.000000 -7.868563 -33.318617 71.180892 -0.121829 0.088375 0.259305 0.953996
6269.000000 -7.825767 -33.210584 71.579397 -0.120841 0.088561 0.259226 0.954126
6270.000000 -7.783114 -33.100638 71.977600 -0.122346 0.090276 0.259070 0.953816
6271.000000 -7.736674 -32.993154 72.376018 -0.127818 0.094392 0.258801 0.952772
6272.000000 -7.693938 -32.887142 72.775270 -0.137493 0.100980 0.258393 0.950858
6273.000000 -7.650036 -32.781956 73.174546 -0.148553 0.108225 0.257903 0.948528
6274.000000 -7.621830 -32.730504 73.373518 -0.152784 0.110957 0.257697 0.947596
6275.000000 -7.673382 -32.832106 72.974372 -0.143174 0.104725 0.258148 0.949681
6276.000000 -7.718262 -32.938840 72.575609 -0.132216 0.097435 0.258614 0.951916
6277.000000 -7.760092 -33.048516 72.177240 -0.124520 0.091997 0.258952 0.953402
6278.000000 -7.805680 -33.156715 71.778901 -0.121182 0.089167 0.259160 0.954044
6279.000000 -7.849974 -33.269431 71.381736 -0.121118 0.088335 0.259272 0.954099
6280.000000 -7.893803 -33.379309 70.983886 -0.122827 0.088587 0.259329 0.953842
6281.000000 -7.929202 -33.492317 70.585686 -0.125294 0.089286 0.259361 0.953447
6282.000000 -7.980293 -33.613010 70.190701 -0.128041 0.090174 0.259377 0.952994
6283.000000 -8.021542 -33.727460 69.794468 -0.130853 0.091264 0.259365 0.952512
6284.000000 -8.070685 -33.852157 69.402177 -0.133586 0.092705 0.259291 0.952013
6285.000000 -8.109170 -33.969260 69.004993 -0.136112 0.094671 0.259122 0.951508
6286.000000 -8.157296 -34.099359 68.613535 -0.138351 0.097276 0.258832 0.951001
6287.000000 -8.197176 -34.228002 68.220649 -0.140287 0.100564 0.258411 0.950489
6288.000000 -8.237345 -34.356609 67.828189 -0.141935 0.104521 0.257857 0.949968
6289.000000 -8.294398 -34.492675 67.439755 -0.143303 0.109084 0.257180 0.949433
6290.000000 -8.339383 -34.626017 67.048930 -0.144408 0.114121 0.256397 0.948885
6291.000000 -8.399012 -34.765020 66.662114 -0.145321 0.119415 0.255550 0.948323
6292.000000 -8.438554 -34.907112 66.269600 -0.146196 0.124700 0.254694 0.947738
6293.000000 -8.520991 -35.042600 65.889084 -0.147242 0.129727 0.253891 0.947117
6294.000000 -8.585842 -35.184007 65.503952 -0.148677 0.134301 0.253197 0.946441
6295.000000 -8.658493 -35.327517 65.121257 -0.150687 0.138264 0.252661 0.945695
6296.000000 -8.737828 -35.472483 64.740420 -0.153428 0.141453 0.252333 0.944870
6297.000000 -8.815434 -35.618313 64.359489 -0.157015 0.143698 0.252262 0.943960
6298.000000 -8.900862 -35.769126 63.982167 -0.161523 0.144855 0.252487 0.942962
6299.000000 -8.984031 -35.920589 63.604791 -0.166983 0.144836 0.253033 0.941867
6300.000000 -9.066909 -36.076475 63.228976 -0.173408 0.143617 0.253910 0.940656
6301.000000 -9.148765 -36.237391 62.854990 -0.180826 0.141193 0.255120 0.939298
6302.000000 -9.225286 -36.404566 62.482668 -0.189306 0.137566 0.256669 0.937742
6303.000000 -9.298025 -36.575579 62.111376 -0.198958 0.132749 0.258559 0.935917
6304.000000 -9.367931 -36.750794 61.741494 -0.209879 0.126804 0.260773 0.933739
6305.000000 -9.432983 -36.933138 61.374042 -0.222063 0.119843 0.263272 0.931136
6306.000000 -9.485313 -37.123409 61.008685 -0.235281 0.112027 0.265987 0.928086
6307.000000 -9.530290 -37.320943 60.646074 -0.249006 0.103572 0.268822 0.924664
6308.000000 -9.562729 -37.524378 60.285498 -0.262421 0.094826 0.271655 0.921058
6309.000000 -9.587310 -37.739991 59.931494 -0.274522 0.086355 0.274312 0.917569
6310.000000 -9.596920 -37.973818 59.588591 -0.284269 0.078965 0.276575 0.914583
6311.000000 -9.594496 -38.202231 59.241751 -0.290766 0.073576 0.278201 0.912494
6312.000000 -9.577012 -38.444899 58.905623 -0.293453 0.071018 0.278970 0.911602
6313.000000 -9.552557 -38.685251 58.568038 -0.292228 0.071874 0.278718 0.912005
6314.000000 -9.523674 -38.935704 58.238088 -0.287365 0.076473 0.277336 0.913596
6315.000000 -9.496812 -39.190622 57.911651 -0.279215 0.085006 0.274731 0.916153
6316.000000 -9.487372 -39.408250 57.557454 -0.267925 0.097617 0.270813 0.919428
6317.000000 -9.482406 -39.641003 57.213617 -0.253495 0.114268 0.265530 0.923134
6318.000000 -9.487338 -39.878901 56.873426 -0.236206 0.134384 0.258985 0.926863
6319.000000 -9.504609 -40.099738 56.522085 -0.217042 0.156498 0.251577 0.930113
6320.000000 -9.548183 -40.315408 56.170079 -0.197653 0.178224 0.244040 0.932531
6321.000000 -9.625996 -40.511524 55.812705 -0.179775 0.196709 0.237283 0.934175
6322.000000 -9.748951 -40.682498 55.454991 -0.164513 0.209365 0.232090 0.935541
6323.000000 -9.895220 -40.853347 55.105863 -0.152040 0.214515 0.228872 0.937275
6324.000000 -10.050814 -41.008974 54.753813 -0.141905 0.211691 0.227627 0.939806
6325.000000 -10.213083 -41.170715 54.407804 -0.133594 0.201530 0.228065 0.943146
6326.000000 -10.367369 -41.333557 54.058224 -0.126813 0.185416 0.229782 0.946963
6327.000000 -10.509319 -41.466584 53.691464 -0.121324 0.165046 0.232343 0.950819
6328.000000 -10.633313 -41.589469 53.314738 -0.116615 0.142122 0.235314 0.954374
6329.000000 -10.745014 -41.712082 52.935047 -0.111801 0.118213 0.238298 0.957466
6330.000000 -10.830795 -41.837552 52.548574 -0.105879 0.094703 0.240989 0.960076
6331.000000 -10.891188 -41.949055 52.153478 -0.098134 0.072731 0.243216 0.962250
6332.000000 -10.932185 -42.050376 51.752973 -0.088409 0.053122 0.244937 0.964037
6333.000000 -10.962540 -42.148473 51.350513 -0.077126 0.036384 0.246195 0.965461
6334.000000 -10.974106 -42.230511 50.943970 -0.065077 0.022809 0.247069 0.966541
6335.000000 -10.980631 -42.287948 50.533122 -0.053118 0.012589 0.247635 0.967314
6336.000000 -10.971512 -42.354384 50.122245 -0.041877 0.005849 0.247961 0.967847
6337.000000 -10.970860 -42.385635 49.708992 -0.031578 0.002542 0.248111 0.968213
6338.000000 -10.950429 -42.403116 49.295009 -0.021988 0.002280 0.248146 0.968470
6339.000000 -10.932121 -42.429603 48.881193 -0.012411 0.004188 0.248118 0.968641
6340.000000 -10.932459 -42.450796 48.466105 -0.001763 0.006925 0.248059 0.968719
6341.000000 -10.927625 -42.445217 48.051896 0.011187 0.008896 0.247958 0.968665
6342.000000 -10.935884 -42.452527 47.636838 0.027352 0.008643 0.247748 0.968400
6343.000000 -10.954766 -42.468794 47.222374 0.046764 0.005282 0.247319 0.967791
6344.000000 -10.979000 -42.444350 46.808623 0.068260 -0.001161 0.246577 0.966716
6345.000000 -10.998719 -42.427760 46.394266 0.089693 -0.009671 0.245536 0.965181
6346.000000 -11.022941 -42.376057 45.983113 0.108720 -0.018488 0.244363 0.963393
6347.000000 -11.028876 -42.281883 45.578714 0.123788 -0.025638 0.243334 0.961669
6348.000000 -11.034323 -42.156250 45.182940 0.134793 -0.029585 0.242712 0.960233
6349.000000 -11.030598 -42.037993 44.784997 0.143030 -0.029777 0.242623 0.959057
6350.000000 -11.023161 -41.905529 44.391766 0.150510 -0.026828 0.242997 0.957904
6351.000000 -11.011950 -41.791446 43.992746 0.159059 -0.022212 0.243604 0.956485
6352.000000 -11.021293 -41.676392 43.593924 0.169716 -0.017534 0.244159 0.954607
6353.000000 -11.033049 -41.555080 43.196842 0.182639 -0.013753 0.244462 0.952204
6354.000000 -11.072080 -41.420828 42.805896 0.197415 -0.010813 0.244491 0.949281
6355.000000 -11.110573 -41.275024 42.419299 0.213465 -0.007869 0.244397 0.945854
6356.000000 -11.129146 -41.112665 42.037470 0.230275 -0.003919 0.244404 0.941926
6357.000000 -11.164029 -40.942858 41.660149 0.247434 0.001604 0.244673 0.937502
6358.000000 -11.198610 -40.755629 41.290876 0.264559 0.008573 0.245217 0.932633
6359.000000 -11.253157 -40.563311 40.927010 0.281254 0.016266 0.245899 0.927451
6360.000000 -11.313611 -40.351248 40.575151 0.297117 0.023657 0.246485 0.922175
6361.000000 -11.382661 -40.134219 40.228523 0.311783 0.029724 0.246722 0.917080
6362.000000 -11.468132 -39.911601 39.888485 0.324946 0.033629 0.246391 0.912453
6363.000000 -11.577752 -39.675969 39.564858 0.336332 0.034710 0.245308 0.908570
6364.000000 -11.668912 -39.435300 39.239257 0.345667 0.032357 0.243289 0.905692
6365.000000 -11.764473 -39.180855 38.925306 0.352673 0.025983 0.240133 0.904037
6366.000000 -11.878478 -38.926077 38.618101 0.357176 0.015273 0.235695 0.903681
6367.000000 -11.979650 -38.667723 38.308850 0.359272 0.000625 0.230041 0.904436
6368.000000 -12.068447 -38.400072 38.004130 0.359478 -0.016569 0.223564 0.905826
6369.000000 -12.155938 -38.124477 37.706068 0.358715 -0.034120 0.216961 0.907241
6370.000000 -12.211616 -37.851201 37.398542 0.358055 -0.049757 0.211018 0.908181
6371.000000 -12.216593 -37.575408 37.088541 0.358351 -0.061940 0.206313 0.908396
6372.000000 -12.226148 -37.294544 36.782805 0.359994 -0.070298 0.203026 0.907878
6373.000000 -12.222797 -37.017073 36.474086 0.362928 -0.075473 0.200954 0.906755
6374.000000 -12.224738 -36.732248 36.171786 0.366877 -0.078588 0.199685 0.905180
6375.000000 -12.224981 -36.446483 35.870324 0.371582 -0.080684 0.198819 0.903265
6376.000000 -12.225085 -36.156511 35.573113 0.376892 -0.082377 0.198109 0.901065
6377.000000 -12.229679 -35.868508 35.274253 0.382714 -0.083792 0.197506 0.898610
6378.000000 -12.229199 -35.567538 34.988120 0.388920 -0.084684 0.197114 0.895944
6379.000000 -12.227327 -35.275449 34.692922 0.395313 -0.084706 0.197088 0.893146
6380.000000 -12.226183 -34.964250 34.418351 0.401687 -0.083711 0.197501 0.890300
6381.000000 -12.223807 -34.659495 34.136312 0.407920 -0.081991 0.198233 0.887459
6382.000000 -12.220406 -34.343668 33.866686 0.414022 -0.080298 0.198943 0.884624
6383.000000 -12.228726 -34.029578 33.595021 0.420111 -0.079605 0.199178 0.881758
6384.000000 -12.244177 -33.713034 33.326556 0.426321 -0.080714 0.198546 0.878815
6385.000000 -12.265237 -33.392462 33.063303 0.432715 -0.083929 0.196878 0.875758
6386.000000 -12.285513 -33.070047 32.802200 0.439238 -0.089000 0.194275 0.872586
6387.000000 -12.297728 -32.743189 32.546221 0.445735 -0.095326 0.191017 0.869336
6388.000000 -12.308413 -32.407146 32.302299 0.452010 -0.102293 0.187402 0.866085
6389.000000 -12.300407 -32.070318 32.059409 0.457899 -0.109539 0.183613 0.862911
6390.000000 -12.303504 -31.724999 31.828541 0.463339 -0.117035 0.179660 0.859850
6391.000000 -12.288857 -31.381036 31.596083 0.468401 -0.125024 0.175405 0.856856
6392.000000 -12.274108 -31.029636 31.375114 0.473272 -0.133882 0.170636 0.853799
6393.000000 -12.260771 -30.676113 31.157383 0.478157 -0.143945 0.165156 0.850511
6394.000000 -12.231782 -30.320266 30.945174 0.483146 -0.155281 0.158910 0.846880
6395.000000 -12.185625 -29.967179 30.731837 0.488171 -0.167428 0.152145 0.842917
6396.000000 -12.152361 -29.607088 30.528153 0.493133 -0.179273 0.145507 0.838754
6397.000000 -12.105580 -29.241199 30.337205 0.498121 -0.189260 0.139961 0.834546
6398.000000 -12.032949 -28.873760 30.157717 0.503524 -0.195900 0.136504 0.830333
6399.000000 -11.939059 -28.509068 29.982204 0.509904 -0.198337 0.135797 0.825966
6400.000000 -11.845395 -28.145157 29.819854 0.517661 -0.196699 0.137869 0.821175
6401.000000 -11.745459 -27.779556 29.653386 0.526707 -0.192163 0.141989 0.815777
6402.000000 -11.670988 -27.406576 29.486802 0.536363 -0.186694 0.146788 0.809885
6403.000000 -11.578228 -27.031745 29.333089 0.545561 -0.182412 0.150698 0.803977
6404.000000 -11.528551 -26.646245 29.188350 0.553252 -0.180695 0.152636 0.798726
6405.000000 -11.522653 -26.253823 29.052908 0.558793 -0.181519 0.152543 0.794689
6406.000000 -11.487849 -25.860858 28.923777 0.562153 -0.183639 0.151307 0.792065
6407.000000 -11.443449 -25.466505 28.806640 0.563851 -0.185633 0.150008 0.790639
6408.000000 -11.387289 -25.079371 28.689608 0.564717 -0.187026 0.149070 0.789870
6409.000000 -11.291300 -24.691777 28.584195 0.565615 -0.188559 0.148035 0.789057
6410.000000 -11.254625 -24.300369 28.455109 0.567282 -0.191401 0.146113 0.787533
6411.000000 -11.229093 -23.908232 28.320428 0.570234 -0.196109 0.142941 0.784820
6412.000000 -11.182004 -23.513318 28.203570 0.574702 -0.202234 0.138865 0.780728
6413.000000 -11.120734 -23.119980 28.085214 0.580575 -0.208793 0.134603 0.775384
6414.000000 -11.039923 -22.729480 27.971274 0.587438 -0.215008 0.130701 0.769159
6415.000000 -10.960399 -22.333333 27.874891 0.594713 -0.220669 0.127260 0.762514
6416.000000 -10.886942 -21.934512 27.785351 0.601857 -0.225988 0.124042 0.755851
6417.000000 -10.814506 -21.531279 27.716552 0.608537 -0.231249 0.120770 0.749414
6418.000000 -10.737940 -21.129364 27.646545 0.614723 -0.236566 0.117342 0.743225
6419.000000 -10.646595 -20.731800 27.574855 0.620686 -0.241858 0.113874 0.737080
6420.000000 -10.566603 -20.326370 27.534248 0.626805 -0.246958 0.110583 0.730684
6421.000000 -10.489841 -19.920591 27.503971 0.633197 -0.251768 0.107577 0.723949
6422.000000 -10.372852 -19.529122 27.435088 0.639381 -0.256357 0.104698 0.717294
6423.000000 -10.272694 -19.126739 27.410953 0.644326 -0.260923 0.101540 0.711655
6424.000000 -10.186046 -18.720744 27.404350 0.646912 -0.265614 0.097704 0.708102
6425.000000 -10.089326 -18.316910 27.400483 0.646533 -0.270310 0.093140 0.707285
6426.000000 -9.993169 -17.912903 27.405647 0.643406 -0.274524 0.088335 0.709128
6427.000000 -9.887605 -17.511286 27.407959 0.638409 -0.277539 0.084155 0.712969
6428.000000 -9.769047 -17.115420 27.405380 0.632548 -0.278731 0.081415 0.718028
6429.000000 -9.631894 -16.728503 27.383660 0.626397 -0.277885 0.080436 0.723835
6430.000000 -9.503090 -16.331237 27.368061 0.619879 -0.275283 0.080908 0.730358
6431.000000 -9.378112 -15.935976 27.353922 0.612540 -0.271500 0.082168 0.737788
6432.000000 -9.245431 -15.545026 27.313818 0.604140 -0.267035 0.083695 0.746125
6433.000000 -9.128417 -15.148477 27.274084 0.595138 -0.262030 0.085480 0.754880
6434.000000 -9.016780 -14.750476 27.236092 0.586738 -0.256271 0.087993 0.763099
6435.000000 -8.897346 -14.358163 27.175127 0.580388 -0.249460 0.091812 0.769734
6436.000000 -8.754021 -13.983276 27.072808 0.577025 -0.241534 0.097177 0.774119
6437.000000 -8.636136 -13.595425 26.982376 0.576534 -0.232828 0.103762 0.776295
6438.000000 -8.522770 -13.207958 26.884339 0.577797 -0.223992 0.110796 0.776983
6439.000000 -8.419730 -12.824296 26.761799 0.579281 -0.215755 0.117404 0.777238
6440.000000 -8.334277 -12.428701 26.681128 0.579717 -0.208685 0.122929 0.777989
6441.000000 -8.283233 -12.023694 26.608726 0.578400 -0.203133 0.127010 0.779781
6442.000000 -8.203486 -11.630742 26.499355 0.575022 -0.199336 0.129452 0.782852
6443.000000 -8.129176 -11.238233 26.385393 0.569355 -0.197543 0.130062 0.787334
6444.000000 -8.069305 -10.841079 26.280873 0.561139 -0.198011 0.128640 0.793326
6445.000000 -8.016522 -10.442182 26.179467 0.550236 -0.200861 0.125099 0.800778
6446.000000 -7.957864 -10.048230 26.062400 0.536774 -0.205984 0.119546 0.809416
6447.000000 -7.887033 -9.659473 25.934781 0.521076 -0.213087 0.112238 0.818826
6448.000000 -7.802789 -9.279294 25.790709 0.503446 -0.221869 0.103427 0.828625
6449.000000 -7.710546 -8.904446 25.637511 0.484019 -0.232204 0.093218 0.838521
6450.000000 -7.598399 -8.540570 25.471605 0.462860 -0.244243 0.081537 0.848209
6451.000000 -7.476775 -8.185691 25.293366 0.440231 -0.258350 0.068262 0.857200
6452.000000 -7.337549 -7.841455 25.107212 0.416853 -0.274807 0.053481 0.864786
6453.000000 -7.182303 -7.512534 24.906600 0.393949 -0.293341 0.037770 0.870246
6454.000000 -7.008908 -7.204012 24.689296 0.373009 -0.312756 0.022258 0.873242
6455.000000 -6.814244 -6.919014 24.458122 0.355401 -0.331029 0.008374 0.874094
6456.000000 -6.586922 -6.659620 24.227041 0.342001 -0.345986 -0.002622 0.873683
6457.000000 -6.325858 -6.418593 24.011965 0.333056 -0.356182 -0.010055 0.872987
6458.000000 -6.040326 -6.200417 23.803666 0.328273 -0.361467 -0.013976 0.872573
6459.000000 -5.765780 -5.970159 23.593223 0.326997 -0.362986 -0.015065 0.872403
6460.000000 -5.502697 -5.736798 23.372489 0.328328 -0.362718 -0.014404 0.872026
6461.000000 -5.225964 -5.520018 23.150983 0.331199 -0.362767 -0.013208 0.870938
6462.000000 -4.957052 -5.289590 22.935837 0.334502 -0.364538 -0.012476 0.868944
6463.000000 -4.693110 -5.059284 22.712201 0.337140 -0.368032 -0.012686 0.866446
6464.000000 -4.454063 -4.800791 22.492966 0.337785 -0.371607 -0.013785 0.864650
6465.000000 -4.212504 -4.532594 22.285968 0.334509 -0.372416 -0.015509 0.865546
6466.000000 -3.903670 -4.336325 22.090118 0.324979 -0.367286 -0.017666 0.871308
6467.000000 -3.603690 -4.121016 21.904416 0.307712 -0.353688 -0.020030 0.883072
6468.000000 -3.359638 -3.836965 21.724133 0.283833 -0.330709 -0.021997 0.899770
6469.000000 -3.091837 -3.578697 21.539419 0.257738 -0.299936 -0.022592 0.918204
6470.000000 -2.794573 -3.377079 21.332702 0.235497 -0.265553 -0.021038 0.934655
6471.000000 -2.554468 -3.243981 21.019727 0.221607 -0.232859 -0.017407 0.946765
6472.000000 -2.370134 -3.132992 20.661877 0.216432 -0.205811 -0.012691 0.954273
6473.000000 -2.247772 -2.988677 20.292192 0.216259 -0.185398 -0.008201 0.958537
6474.000000 -2.113517 -2.824788 19.936125 0.215753 -0.170002 -0.004828 0.961523
6475.000000 -1.958404 -2.625611 19.605085 0.210861 -0.157240 -0.002819 0.964783
6476.000000 -1.822017 -2.424332 19.267735 0.200289 -0.145750 -0.002040 0.968833
6477.000000 -1.693026 -2.237139 18.919809 0.185128 -0.135729 -0.002288 0.973293
6478.000000 -1.574605 -2.074910 18.556952 0.167455 -0.128143 -0.003365 0.977511
6479.000000 -1.482272 -1.939361 18.174553 0.149024 -0.123459 -0.005030 0.981083
6480.000000 -1.405021 -1.801997 17.790309 0.130717 -0.120950 -0.006990 0.983989
6481.000000 -1.314462 -1.685366 17.402067 0.112767 -0.119029 -0.008966 0.986426
6482.000000 -1.198841 -1.590601 17.014636 0.095393 -0.116247 -0.010771 0.988570
6483.000000 -1.097661 -1.503175 16.621909 0.079381 -0.112134 -0.012294 0.990441
6484.000000 -0.987271 -1.417083 16.231741 0.066200 -0.107245 -0.013439 0.991935
6485.000000 -0.894087 -1.369063 15.829961 0.057428 -0.102472 -0.014109 0.992977
6486.000000 -0.815763 -1.328428 15.424122 0.053733 -0.098217 -0.014271 0.993611
6487.000000 -0.739989 -1.300046 15.016826 0.054132 -0.094094 -0.014021 0.993992
6488.000000 -0.662193 -1.291511 14.609893 0.056306 -0.089327 -0.013559 0.994317
6489.000000 -0.588407 -1.272248 14.205049 0.057863 -0.083429 -0.013084 0.994746
6490.000000 -0.479411 -1.161921 13.817576 0.057604 -0.076542 -0.012705 0.995320
6491.000000 -0.428355 -1.102492 13.411482 0.055765 -0.069232 -0.012430 0.995963
6492.000000 -0.366279 -1.080283 13.001165 0.053216 -0.061997 -0.012213 0.996582
6493.000000 -0.316859 -1.037510 12.591224 0.050476 -0.054955 -0.012018 0.997140
6494.000000 -0.262967 -0.996599 12.181365 0.047356 -0.047917 -0.011842 0.997658
6495.000000 -0.216473 -0.948176 11.771387 0.043298 -0.040648 -0.011700 0.998166
6496.000000 -0.181060 -0.903908 11.359705 0.037984 -0.033030 -0.011596 0.998665
6497.000000 -0.133349 -0.878162 10.947949 0.031802 -0.025017 -0.011512 0.999115
6498.000000 -0.118444 -0.834346 10.534810 0.025971 -0.016600 -0.011413 0.999460
6499.000000 -0.108891 -0.797080 10.121008 0.022155 -0.007970 -0.011279 0.999659
6500.000000 -0.075669 -0.789748 9.707292 0.021652 0.000189 -0.011121 0.999704
6501.000000 -0.075823 -0.789644 9.291882 0.024575 0.006669 -0.010985 0.999615
6502.000000 -0.077064 -0.792386 8.876842 0.029648 0.010241 -0.010923 0.999448
6503.000000 -0.085112 -0.783161 8.461678 0.034845 0.010466 -0.010963 0.999278
6504.000000 -0.129356 -0.747353 8.049869 0.038444 0.008125 -0.011084 0.999166
6505.000000 -0.154643 -0.693125 7.638910 0.039761 0.004814 -0.011226 0.999135
6506.000000 -0.146838 -0.654021 7.225279 0.039191 0.001949 -0.011340 0.999165
6507.000000 -0.127604 -0.624017 6.811253 0.037764 -0.000032 -0.011415 0.999221
6508.000000 -0.125326 -0.595956 6.396909 0.036672 -0.001675 -0.011476 0.999260
6509.000000 -0.134300 -0.554314 5.983616 0.036998 -0.003861 -0.011552 0.999241
6510.000000 -0.136047 -0.531509 5.568573 0.039527 -0.007075 -0.011656 0.999125
6511.000000 -0.134219 -0.514004 5.153547 0.044496 -0.011090 -0.011776 0.998879
6512.000000 -0.133711 -0.481555 4.739298 0.051350 -0.015141 -0.011881 0.998495
6513.000000 -0.127617 -0.453296 4.324874 0.058715 -0.018348 -0.011938 0.998035
6514.000000 -0.100811 -0.427120 3.911371 0.064723 -0.020077 -0.011932 0.997630
6515.000000 -0.076822 -0.354573 3.503276 0.067596 -0.020082 -0.011873 0.997440
6516.000000 -0.064916 -0.293218 3.092068 0.066206 -0.018439 -0.011786 0.997566
6517.000000 -0.032435 -0.222744 2.684199 0.060388 -0.015457 -0.011696 0.997987
6518.000000 -0.026953 -0.154178 2.274392 0.050926 -0.011654 -0.011620 0.998567
6519.000000 -0.000722 -0.098004 1.863800 0.039293 -0.007723 -0.011572 0.999131
6520.000000 0.011872 -0.043607 1.451818 0.027298 -0.004368 -0.011551 0.999551
6521.000000 0.008835 -0.032218 1.037150 0.016710 -0.002032 -0.011549 0.999792
6522.000000 0.007082 -0.013219 0.622101 0.008905 -0.000743 -0.011552 0.999893
6523.000000 -0.002822 0.010028 0.207369 0.004555 -0.000214 -0.011553 0.999923
6524.000000 0.024025 0.028635 -0.007734 -0.008565 -0.012335 0.057888 0.998210
6525.000000 0.120123 0.143173 -0.038670 -0.055910 -0.059960 0.329164 0.940707
6526.000000 0.216222 0.257712 -0.069607 -0.098704 -0.102704 0.573645 0.806623
6527.000000 0.129814 0.258200 0.310852 -0.087230 -0.098866 0.575197 0.807320
6528.000000 0.116485 0.246043 0.727750 -0.063669 -0.091660 0.578137 0.808271
6529.000000 0.100159 0.208582 1.142008 -0.032071 -0.083538 0.581502 0.808609
6530.000000 0.088945 0.121740 1.550284 0.000282 -0.077667 0.584199 0.807886
6531.000000 0.050786 0.040327 1.956727 0.027029 -0.075817 0.585758 0.806479
6532.000000 0.040564 -0.030658 2.367958 0.045208 -0.077555 0.586341 0.805075
6533.000000 0.018892 -0.133813 2.772155 0.055120 -0.080909 0.586362 0.804111
6534.000000 -0.030346 -0.213406 3.178819 0.058626 -0.083513 0.586219 0.803701
6535.000000 -0.046101 -0.298992 3.586361 0.057635 -0.083377 0.586198 0.803802
6536.000000 -0.089749 -0.401972 3.986834 0.053591 -0.079260 0.586449 0.804316
6537.000000 -0.128960 -0.457831 4.395378 0.047708 -0.070976 0.586968 0.805080
6538.000000 -0.132891 -0.490109 4.811399 0.041264 -0.059630 0.587631 0.805873
6539.000000 -0.134250 -0.518690 5.227847 0.035550 -0.047402 0.588268 0.806492
6540.000000 -0.136162 -0.534642 5.644888 0.031532 -0.036728 0.588760 0.806857
6541.000000 -0.133182 -0.560597 6.061612 0.029580 -0.029254 0.589073 0.807008
6542.000000 -0.123233 -0.605382 6.476375 0.029518 -0.025168 0.589237 0.807028
6543.000000 -0.130893 -0.627060 6.893279 0.030881 -0.023291 0.589313 0.806978
6544.000000 -0.150056 -0.663004 7.308547 0.033020 -0.021833 0.589369 0.806894
6545.000000 -0.153149 -0.700401 7.724419 0.034977 -0.019390 0.589458 0.806809
6546.000000 -0.120342 -0.757961 8.136021 0.035471 -0.015705 0.589597 0.806766
6547.000000 -0.079891 -0.785458 8.550848 0.033388 -0.011788 0.589761 0.806801
6548.000000 -0.076683 -0.796284 8.968101 0.028572 -0.009364 0.589893 0.806921
6549.000000 -0.076017 -0.784535 9.384965 0.022209 -0.009964 0.589927 0.807089
6550.000000 -0.079432 -0.792792 9.802184 0.016267 -0.014211 0.589835 0.807235
6551.000000 -0.115167 -0.802173 10.217450 0.012337 -0.021643 0.589635 0.807286
6552.000000 -0.119791 -0.845998 10.633208 0.010813 -0.031017 0.589370 0.807195
6553.000000 -0.145148 -0.883944 11.047709 0.011007 -0.040706 0.589079 0.806974
6554.000000 -0.189984 -0.913506 11.461420 0.011955 -0.048878 0.588818 0.806698
6555.000000 -0.226744 -0.960401 11.874582 0.013170 -0.053421 0.588681 0.806491
6556.000000 -0.277402 -1.007653 12.286107 0.014808 -0.051922 0.588795 0.806477
6557.000000 -0.324034 -1.050108 12.698411 0.017354 -0.042033 0.589222 0.806690
6558.000000 -0.333250 -1.093036 13.112686 0.021163 -0.022277 0.589843 0.806933
6559.000000 -0.300841 -1.087576 13.531183 0.026118 0.007033 0.590313 0.806721
6560.000000 -0.263941 -1.083327 13.946594 0.031478 0.043320 0.590214 0.805469
6561.000000 -0.123666 -1.056681 14.339265 0.035991 0.082217 0.589354 0.802874
6562.000000 0.047739 -0.998572 14.716894 0.038339 0.119035 0.587942 0.799177
6563.000000 0.172333 -0.915944 15.104981 0.037754 0.150583 0.586441 0.794976
6564.000000 0.304862 -0.864915 15.497586 0.034462 0.176269 0.585189 0.790756
6565.000000 0.450394 -0.782762 15.879176 0.029675 0.197765 0.584136 0.786634
6566.000000 0.624062 -0.668157 16.241095 0.025128 0.217510 0.582899 0.782488
6567.000000 0.740374 -0.565546 16.628166 0.022456 0.237103 0.581037 0.778250
6568.000000 0.954627 -0.420817 16.954868 0.022673 0.256652 0.578321 0.774055
6569.000000 1.184427 -0.303867 17.284581 0.025962 0.275305 0.574799 0.770156
6570.000000 1.354615 -0.194087 17.648681 0.031818 0.292263 0.570685 0.766739
6571.000000 1.583780 -0.059578 17.972320 0.039406 0.307365 0.566203 0.763798
6572.000000 1.831308 0.053456 18.288199 0.047886 0.320945 0.561527 0.761176
6573.000000 2.080841 0.170499 18.600680 0.056541 0.333377 0.556813 0.758697
6574.000000 2.328805 0.296402 18.911482 0.064745 0.344895 0.552240 0.756232
6575.000000 2.596268 0.400774 19.214176 0.071924 0.355820 0.547974 0.753620
6576.000000 2.882183 0.507293 19.501004 0.077542 0.366883 0.544116 0.750548
6577.000000 3.139779 0.638268 19.801179 0.081054 0.379257 0.540693 0.746489
6578.000000 3.421823 0.741627 20.090589 0.081818 0.394147 0.537746 0.740799
6579.000000 3.719883 0.874829 20.351795 0.079120 0.412177 0.535405 0.732934
6580.000000 4.034313 1.017373 20.586340 0.072516 0.432937 0.533850 0.722711
6581.000000 4.346151 1.185428 20.805341 0.062419 0.455046 0.533098 0.710523
6582.000000 4.625449 1.404121 21.024312 0.050478 0.476725 0.532776 0.697377
6583.000000 4.921001 1.635281 21.206327 0.039291 0.496601 0.532088 0.684636
6584.000000 5.210334 1.875540 21.386764 0.031431 0.514231 0.530071 0.673500
6585.000000 5.514153 2.098927 21.564766 0.028319 0.530061 0.526007 0.664492
6586.000000 5.819279 2.316913 21.747136 0.029646 0.544846 0.519815 0.657310
6587.000000 6.150115 2.532063 21.883519 0.033668 0.558989 0.512213 0.651180
6588.000000 6.500187 2.734176 21.987775 0.038142 0.572294 0.504471 0.645395
6589.000000 6.836380 2.956079 22.094994 0.041320 0.584261 0.497822 0.639614
6590.000000 7.156153 3.180180 22.238238 0.042473 0.594615 0.492896 0.633784
6591.000000 7.486766 3.412260 22.343970 0.041795 0.603541 0.489581 0.627935
6592.000000 7.825774 3.638597 22.431900 0.039956 0.611482 0.487326 0.622099
6593.000000 8.174664 3.851686 22.491791 0.037695 0.618767 0.485547 0.616401
6594.000000 8.476076 4.115453 22.612610 0.035616 0.625379 0.483885 0.611137
6595.000000 8.807534 4.359794 22.682027 0.034083 0.630936 0.482301 0.606749
6596.000000 9.147383 4.589748 22.754170 0.033152 0.634822 0.481077 0.603711
6597.000000 9.498342 4.811161 22.784480 0.032661 0.636450 0.480626 0.602382
6598.000000 9.817385 5.060554 22.885783 0.032515 0.635596 0.481134 0.602885
6599.000000 10.131308 5.319352 22.979694 0.032940 0.632625 0.482269 0.605077
6600.000000 10.477573 5.539134 23.055971 0.034458 0.628426 0.483244 0.608579
6601.000000 10.807223 5.771437 23.160748 0.037629 0.624133 0.483148 0.612871
6602.000000 11.142114 5.999368 23.260553 0.042799 0.620789 0.481271 0.617388
6603.000000 11.470314 6.224363 23.383337 0.050008 0.619104 0.477260 0.621637
6604.000000 11.824096 6.428808 23.467329 0.059006 0.619256 0.471183 0.625321
6605.000000 12.181781 6.627415 23.549602 0.069284 0.620802 0.463540 0.628439
6606.000000 12.543813 6.810206 23.644059 0.080166 0.622823 0.455142 0.631278
6607.000000 12.919011 6.981746 23.701917 0.090995 0.624289 0.446842 0.634284
6608.000000 13.287228 7.152050 23.796547 0.101336 0.624466 0.439228 0.637849
6609.000000 13.664455 7.309656 23.872375 0.111072 0.623103 0.432474 0.642162
6610.000000 14.046888 7.459435 23.941642 0.120341 0.620342 0.426415 0.647197
6611.000000 14.425745 7.599953 24.041261 0.129386 0.616488 0.420755 0.652815
6612.000000 14.816177 7.721437 24.121348 0.138416 0.611784 0.415238 0.658893
6613.000000 15.199853 7.849955 24.221665 0.147573 0.606271 0.409721 0.665422
6614.000000 15.593469 7.945670 24.319171 0.156993 0.599731 0.404124 0.672577
6615.000000 15.987988 8.046417 24.408988 0.166912 0.591681 0.398330 0.680726
6616.000000 16.375382 8.136019 24.534836 0.177686 0.581479 0.392122 0.690326
6617.000000 16.775621 8.206888 24.629400 0.189655 0.568596 0.385216 0.701668
6618.000000 17.165877 8.251537 24.769797 0.202957 0.552988 0.377364 0.714569
6619.000000 17.554166 8.259100 24.921304 0.217476 0.535385 0.368428 0.728236
6620.000000 17.931241 8.245783 25.097374 0.232993 0.517220 0.358389 0.741455
6621.000000 18.311535 8.223266 25.265830 0.249403 0.500187 0.347296 0.752992
6622.000000 18.689790 8.165741 25.431422 0.266772 0.485669 0.335226 0.761960
6623.000000 19.061687 8.105308 25.609860 0.285153 0.474379 0.322329 0.767956
6624.000000 19.435369 8.007861 25.768225 0.304311 0.466354 0.308914 0.771026
6625.000000 19.808546 7.886077 25.908540 0.323572 0.461170 0.295508 0.771556
6626.000000 20.181707 7.763967 26.050444 0.341903 0.458200 0.282818 0.770174
6627.000000 20.548836 7.606878 26.170801 0.358188 0.456786 0.271590 0.767650
6628.000000 20.921164 7.456125 26.282795 0.371535 0.456317 0.262410 0.764773
6629.000000 21.290153 7.305925 26.405961 0.381505 0.456279 0.255554 0.762204
6630.000000 21.661643 7.143942 26.505274 0.388162 0.456293 0.250952 0.760362
6631.000000 22.030910 6.991522 26.624613 0.391957 0.456184 0.248283 0.759356
6632.000000 22.401755 6.825413 26.725350 0.393518 0.455992 0.247140 0.759036
6633.000000 22.766521 6.672571 26.856152 0.393432 0.455890 0.247169 0.759133
6634.000000 23.135055 6.513516 26.970200 0.392072 0.455985 0.248143 0.759461
6635.000000 23.511635 6.371980 27.081183 0.389511 0.456173 0.249979 0.760064
6636.000000 23.881830 6.213813 27.191001 0.385536 0.456150 0.252730 0.761194
6637.000000 24.253291 6.071436 27.316798 0.379812 0.455600 0.256531 0.763128
6638.000000 24.625252 5.933418 27.445481 0.372141 0.454435 0.261478 0.765917
6639.000000 24.997600 5.805502 27.583687 0.362774 0.452931 0.267449 0.769233
6640.000000 25.365673 5.679132 27.733928 0.352620 0.451675 0.273950 0.772399
6641.000000 25.732369 5.586521 27.910432 0.343209 0.451256 0.280079 0.774682
6642.000000 26.097319 5.492540 28.089589 0.336349 0.451699 0.284658 0.775762
6643.000000 26.475844 5.398345 28.236243 0.333629 0.451922 0.286471 0.776140
6644.000000 26.859463 5.309094 28.374526 0.336054 0.449696 0.284485 0.777116
6645.000000 27.242689 5.195902 28.492376 0.343980 0.442499 0.277970 0.780131
6646.000000 27.611176 5.093205 28.655305 0.357225 0.428917 0.266617 0.785707
6647.000000 27.937771 4.905538 28.841122 0.375147 0.409703 0.250744 0.792802
6648.000000 28.225535 4.662129 29.027574 0.396640 0.387636 0.231517 0.799259
6649.000000 28.537837 4.434034 29.183720 0.420088 0.366170 0.210860 0.803109
6650.000000 28.817813 4.155883 29.319637 0.443340 0.347750 0.190957 0.803775
6651.000000 29.092320 3.879529 29.469927 0.463808 0.332952 0.173663 0.802413
6652.000000 29.360903 3.570292 29.556301 0.478805 0.320844 0.160170 0.801343
6653.000000 29.607511 3.250360 29.663014 0.486139 0.309990 0.150983 0.802981
6654.000000 29.881309 2.968791 29.801374 0.484742 0.299305 0.146024 0.808776
6655.000000 30.114664 2.668461 29.974980 0.474995 0.288364 0.144744 0.818704
6656.000000 30.340814 2.377140 30.172094 0.458525 0.277278 0.146280 0.831549
6657.000000 30.603802 2.131345 30.382229 0.437555 0.266390 0.149677 0.845682
6658.000000 30.822470 1.862598 30.616883 0.414165 0.256012 0.154110 0.859753
6659.000000 31.044139 1.624750 30.877825 0.389871 0.246317 0.159002 0.872953
6660.000000 31.266758 1.399368 31.150299 0.365596 0.237349 0.164000 0.884934
6661.000000 31.475539 1.187975 31.442216 0.341820 0.229040 0.168906 0.895640
6662.000000 31.691512 1.006550 31.749922 0.318658 0.221201 0.173620 0.905198
6663.000000 31.882135 0.799858 32.058026 0.295875 0.213580 0.178141 0.913842
6664.000000 32.090414 0.644169 32.383842 0.272971 0.206033 0.182582 0.921792
6665.000000 32.273374 0.488693 32.724853 0.249391 0.198763 0.187141 0.929126
6666.000000 32.442016 0.359291 33.083731 0.224770 0.192440 0.192046 0.935716
6667.000000 32.617309 0.240861 33.442853 0.199089 0.188047 0.197449 0.941284
6668.000000 32.771343 0.147769 33.818483 0.172730 0.186422 0.203324 0.945553
6669.000000 32.929326 0.085276 34.198250 0.146472 0.187708 0.209415 0.948397
6670.000000 33.129867 0.049126 34.562572 0.121409 0.191124 0.215298 0.949936
6671.000000 33.298547 0.036692 34.944598 0.098714 0.195290 0.220559 0.950511
6672.000000 33.460880 0.030384 35.328485 0.079190 0.198870 0.224966 0.950563
6673.000000 33.649758 0.044816 35.700406 0.062731 0.201038 0.228573 0.950475
6674.000000 33.793887 0.042562 36.091810 0.048016 0.201474 0.231718 0.950479
6675.000000 33.978676 0.043656 36.465651 0.032829 0.200093 0.234909 0.950633
6676.000000 34.159705 0.060560 36.841098 0.015081 0.196953 0.238587 0.950820
6677.000000 34.287059 0.108974 37.235807 -0.005893 0.192471 0.242851 0.950760
6678.000000 34.413330 0.210466 37.620301 -0.028640 0.187644 0.247341 0.950154
6679.000000 34.514474 0.319036 38.010018 -0.050083 0.183871 0.251387 0.948940
6680.000000 34.635437 0.442647 38.389891 -0.067009 0.182325 0.254349 0.947404
6681.000000 34.756398 0.559595 38.770857 -0.077572 0.183290 0.255928 0.945985
6682.000000 34.892122 0.663348 39.152071 -0.081913 0.185989 0.256270 0.945000
6683.000000 35.038545 0.762572 39.529861 -0.081689 0.189022 0.255829 0.944536
6684.000000 35.181759 0.871551 39.906306 -0.079041 0.191113 0.255116 0.944534
6685.000000 35.316547 0.959138 40.291400 -0.075711 0.191689 0.254484 0.944860
6686.000000 35.443208 1.062017 40.675179 -0.072687 0.190954 0.254065 0.945359
6687.000000 35.579464 1.148910 41.059758 -0.070319 0.189522 0.253839 0.945887
6688.000000 35.706480 1.241188 41.446255 -0.068595 0.187863 0.253746 0.946370
6689.000000 35.851269 1.333421 41.826472 -0.067353 0.185969 0.253760 0.946829
6690.000000 35.980195 1.431067 42.210822 -0.066416 0.183400 0.253900 0.947358
6691.000000 36.112199 1.513485 42.597945 -0.065696 0.179619 0.254209 0.948050
6692.000000 36.235021 1.602600 42.986370 -0.065291 0.174321 0.254729 0.948927
6693.000000 36.348504 1.688804 43.378492 -0.065493 0.167569 0.255490 0.949924
6694.000000 36.462934 1.763103 43.772388 -0.066629 0.159712 0.256489 0.950929
6695.000000 36.561588 1.850417 44.167672 -0.068800 0.151204 0.257682 0.951843
6696.000000 36.655422 1.941409 44.563779 -0.071695 0.142464 0.258972 0.952626
6697.000000 36.727619 2.047141 44.960427 -0.074661 0.133791 0.260245 0.953309
6698.000000 36.811610 2.120404 45.362689 -0.076992 0.125327 0.261407 0.953956
6699.000000 36.870225 2.226782 45.761371 -0.078187 0.117079 0.262415 0.954630
6700.000000 36.956142 2.294621 46.164234 -0.077977 0.109005 0.263258 0.955371
6701.000000 37.000029 2.387453 46.569692 -0.076161 0.101166 0.263926 0.956195
6702.000000 37.051180 2.480048 46.970876 -0.072507 0.093854 0.264385 0.957097
6703.000000 37.096631 2.534327 47.383668 -0.066856 0.087615 0.264583 0.958045
6704.000000 37.149956 2.594699 47.792910 -0.059389 0.083144 0.264481 0.958963
6705.000000 37.181589 2.666180 48.202845 -0.050834 0.081132 0.264083 0.959736
6706.000000 37.261658 2.689108 48.612077 -0.042483 0.082123 0.263455 0.960231
6707.000000 37.291797 2.707879 49.026323 -0.035925 0.086396 0.262720 0.960325
6708.000000 37.387972 2.755175 49.431032 -0.032612 0.093865 0.262031 0.959930
6709.000000 37.458689 2.801250 49.839514 -0.033384 0.104013 0.261521 0.958996
6710.000000 37.551724 2.850641 50.243195 -0.038160 0.115935 0.261254 0.957522
6711.000000 37.656953 2.917415 50.641390 -0.045867 0.128462 0.261199 0.955599
6712.000000 37.766899 3.010296 51.033005 -0.054659 0.140375 0.261243 0.953446
6713.000000 37.872588 3.132971 51.417580 -0.062458 0.150662 0.261243 0.951395
6714.000000 38.002459 3.224439 51.803764 -0.067706 0.158817 0.261079 0.949753
6715.000000 38.106617 3.318119 52.196652 -0.069968 0.165021 0.260697 0.948636
6716.000000 38.245600 3.404250 52.580249 -0.069952 0.170065 0.260114 0.947906
6717.000000 38.345081 3.486595 52.975925 -0.068909 0.174962 0.259391 0.947289
6718.000000 38.493978 3.572770 53.357082 -0.067841 0.180438 0.258592 0.946557
6719.000000 38.609872 3.694002 53.739884 -0.067107 0.186601 0.257756 0.945642
6720.000000 38.769670 3.764581 54.118298 -0.066560 0.193005 0.256913 0.944624
6721.000000 38.922223 3.863340 54.494573 -0.065932 0.199023 0.256091 0.943642
6722.000000 39.070170 3.971559 54.868695 -0.065064 0.204257 0.255310 0.942795
6723.000000 39.207455 4.057474 55.254011 -0.063910 0.208694 0.254564 0.942104
6724.000000 39.379042 4.156590 55.620520 -0.062484 0.212542 0.253832 0.941536
6725.000000 39.535855 4.251465 55.994891 -0.060846 0.215929 0.253109 0.941068
6726.000000 39.700257 4.334616 56.368047 -0.059115 0.218742 0.252433 0.940710
6727.000000 39.856383 4.436718 56.740476 -0.057434 0.220704 0.251865 0.940508
6728.000000 40.032761 4.511413 57.111134 -0.055889 0.221570 0.251451 0.940508
6729.000000 40.187848 4.602540 57.486976 -0.054452 0.221250 0.251193 0.940737
6730.000000 40.349747 4.690277 57.860318 -0.052979 0.219814 0.251053 0.941195
6731.000000 40.521313 4.782252 58.229793 -0.051257 0.217413 0.250967 0.941870
6732.000000 40.659302 4.868995 58.612653 -0.049088 0.214222 0.250875 0.942741
6733.000000 40.826543 4.943737 58.986570 -0.046360 0.210428 0.250731 0.943772
6734.000000 40.979527 5.018242 59.367136 -0.043064 0.206239 0.250509 0.944911
6735.000000 41.117864 5.083734 59.755441 -0.039238 0.201861 0.250196 0.946105
6736.000000 41.272646 5.157165 60.135652 -0.034874 0.197428 0.249777 0.947321
6737.000000 41.408704 5.216050 60.525418 -0.029885 0.192927 0.249238 0.948560
6738.000000 41.554977 5.270496 60.911595 -0.024134 0.188176 0.248569 0.949853
6739.000000 41.704969 5.327841 61.296437 -0.017498 0.182924 0.247764 0.951234
6740.000000 41.831780 5.365691 61.691861 -0.009905 0.177022 0.246814 0.952706
6741.000000 41.966671 5.396008 62.085151 -0.001334 0.170529 0.245704 0.954226
6742.000000 42.097054 5.414399 62.480843 0.008197 0.163701 0.244419 0.955717
6743.000000 42.222343 5.426795 62.878180 0.018614 0.156875 0.242953 0.957088
6744.000000 42.343966 5.429489 63.276818 0.029749 0.150371 0.241325 0.958262
6745.000000 42.463251 5.414318 63.676729 0.041280 0.144471 0.239585 0.959178
6746.000000 42.580247 5.389091 64.076136 0.052701 0.139448 0.237820 0.959801
6747.000000 42.702038 5.350399 64.472761 0.063356 0.135561 0.236147 0.960127
6748.000000 42.824476 5.303371 64.868188 0.072557 0.133005 0.234695 0.960189
6749.000000 42.937934 5.252722 65.267043 0.079727 0.131866 0.233579 0.960050
6750.000000 43.055449 5.218266 65.665148 0.084498 0.132129 0.232875 0.959777
6751.000000 43.182810 5.154385 66.057025 0.086731 0.133745 0.232621 0.959415
6752.000000 43.312689 5.112116 66.450861 0.086477 0.136720 0.232821 0.958970
6753.000000 43.445297 5.070242 66.844148 0.083919 0.141156 0.233456 0.958400
6754.000000 43.565794 5.041867 67.242582 0.079294 0.147176 0.234493 0.957635
6755.000000 43.708605 5.004379 67.632781 0.072851 0.154763 0.235882 0.956609
6756.000000 43.860838 4.989848 68.020964 0.064871 0.163595 0.237549 0.955300
6757.000000 44.015488 4.998564 68.408135 0.055746 0.173028 0.239395 0.953752
6758.000000 44.175360 5.004141 68.793347 0.046018 0.182250 0.241302 0.952072
6759.000000 44.340951 5.023027 69.175719 0.036312 0.190515 0.243153 0.950401
6760.000000 44.508220 5.053863 69.556604 0.027199 0.197310 0.244861 0.948879
6761.000000 44.676142 5.086808 69.937106 0.019078 0.202394 0.246374 0.947614
6762.000000 44.842369 5.134722 70.316726 0.012159 0.205730 0.247674 0.946670
6763.000000 45.005888 5.171731 70.698748 0.006513 0.207361 0.248767 0.946084
6764.000000 45.177822 5.222733 71.075351 0.002150 0.207308 0.249667 0.945878
6765.000000 45.333981 5.270574 71.459384 -0.000939 0.205555 0.250388 0.946072
6766.000000 45.499158 5.322039 71.838791 -0.002777 0.202120 0.250944 0.946661
6767.000000 45.649787 5.363990 72.225261 -0.003452 0.197173 0.251348 0.947594
6768.000000 45.797780 5.404498 72.612784 -0.003139 0.191086 0.251618 0.948770
6769.000000 45.937331 5.443890 73.004056 -0.002020 0.184427 0.251757 0.950053
6770.000000 46.069061 5.474949 73.398727 0.000024 0.177952 0.251711 0.951301
6771.000000 46.206848 5.513237 73.790258 0.003899 0.172716 0.251284 0.952371
6772.000000 46.330171 5.542759 74.187537 0.011570 0.170144 0.250089 0.953086
6773.000000 46.449729 5.573861 74.585985 0.025294 0.171651 0.247686 0.953178
6774.000000 46.570917 5.601204 74.984339 0.045222 0.177455 0.244012 0.952325
6775.000000 46.700216 5.622980 75.379735 0.066355 0.185152 0.239995 0.950641
6776.000000 46.804274 5.578663 75.550936 0.074232 0.188210 0.238475 0.949840
6777.000000 46.630836 5.614312 75.183610 0.056200 0.181338 0.241937 0.951538
6778.000000 46.513608 5.586768 74.784137 0.034642 0.174091 0.245980 0.952883
6779.000000 46.391203 5.558561 74.386342 0.017578 0.170327 0.249059 0.953231
6780.000000 46.270854 5.522931 73.988601 0.007105 0.170998 0.250813 0.952787
6781.000000 46.138521 5.497087 73.593631 0.001633 0.175098 0.251566 0.951868
6782.000000 46.004965 5.461952 73.200523 -0.001145 0.181109 0.251765 0.950690
6783.000000 45.866134 5.425971 72.808763 -0.002676 0.187786 0.251705 0.949407
6784.000000 45.722051 5.384992 72.419864 -0.003405 0.194240 0.251499 0.948160
6785.000000 45.576177 5.341004 72.031634 -0.003251 0.199817 0.251164 0.947090
6786.000000 45.417264 5.291086 71.649391 -0.002011 0.204042 0.250686 0.946319
6787.000000 45.259207 5.246531 71.265944 0.000447 0.206645 0.250048 0.945925
6788.000000 45.092429 5.193938 70.887255 0.004172 0.207545 0.249240 0.945932
6789.000000 44.920571 5.150439 70.509446 0.009176 0.206756 0.248246 0.946331
6790.000000 44.760203 5.108426 70.126799 0.015461 0.204278 0.247051 0.947099
6791.000000 44.589143 5.071887 69.748066 0.022997 0.200072 0.245644 0.948210
6792.000000 44.423330 5.038993 69.366628 0.031652 0.194117 0.244029 0.949614
6793.000000 44.257004 5.012429 68.985064 0.041123 0.186541 0.242241 0.951226
6794.000000 44.093043 4.997204 68.601695 0.050919 0.177716 0.240348 0.952920
6795.000000 43.935819 4.994148 68.215502 0.060421 0.168286 0.238457 0.954551
6796.000000 43.786840 4.993131 67.826019 0.069032 0.159057 0.236686 0.955989
6797.000000 43.637104 5.024117 67.437739 0.076283 0.150785 0.235148 0.957157
6798.000000 43.501372 5.057525 67.044644 0.081849 0.143963 0.233927 0.958047
6799.000000 43.377596 5.087241 66.647638 0.085472 0.138747 0.233086 0.958705
6800.000000 43.249396 5.127738 66.252807 0.086906 0.135058 0.232665 0.959205
6801.000000 43.125769 5.182352 65.857880 0.085933 0.132769 0.232691 0.959605
6802.000000 42.995468 5.232574 65.466005 0.082427 0.131825 0.233172 0.959926
6803.000000 42.884142 5.279319 65.066732 0.076425 0.132257 0.234089 0.960140
6804.000000 42.753214 5.334092 64.674825 0.068179 0.134108 0.235386 0.960188
6805.000000 42.634977 5.362520 64.275563 0.058168 0.137348 0.236964 0.960000
6806.000000 42.526626 5.399003 63.874625 0.047043 0.141833 0.238699 0.959528
6807.000000 42.405503 5.424129 63.476373 0.035492 0.147328 0.240464 0.958755
6808.000000 42.278845 5.421649 63.079170 0.024108 0.153564 0.242157 0.957704
6809.000000 42.153911 5.424551 62.681125 0.013302 0.160267 0.243708 0.956423
6810.000000 42.033246 5.406948 62.282270 0.003314 0.167136 0.245084 0.954981
6811.000000 41.902512 5.377892 61.887583 -0.005742 0.173837 0.246280 0.953464
6812.000000 41.766233 5.341293 61.495495 -0.013824 0.180056 0.247308 0.951960
6813.000000 41.630458 5.292833 61.104684 -0.020932 0.185626 0.248184 0.950531
6814.000000 41.481747 5.252640 60.717284 -0.027114 0.190599 0.248920 0.949197
6815.000000 41.340963 5.182439 60.331032 -0.032466 0.195194 0.249523 0.947936
6816.000000 41.192295 5.122985 59.946185 -0.037127 0.199648 0.250000 0.946711
6817.000000 41.043845 5.054624 59.562295 -0.041216 0.204062 0.250364 0.945504
6818.000000 40.905403 4.973191 59.177760 -0.044781 0.208369 0.250630 0.944331
6819.000000 40.737878 4.913780 58.801373 -0.047797 0.212388 0.250811 0.943239
6820.000000 40.589801 4.811990 58.424618 -0.050238 0.215905 0.250925 0.942283
6821.000000 40.435618 4.738110 58.044379 -0.052163 0.218724 0.251007 0.941506
6822.000000 40.267740 4.655942 57.671735 -0.053733 0.220663 0.251112 0.940937
6823.000000 40.108051 4.566355 57.297490 -0.055164 0.221556 0.251304 0.940593
6824.000000 39.948118 4.471922 56.924274 -0.056643 0.221284 0.251637 0.940481
6825.000000 39.778022 4.383119 56.555295 -0.058260 0.219848 0.252132 0.940586
6826.000000 39.616135 4.288938 56.183558 -0.059982 0.217423 0.252762 0.940872
6827.000000 39.447557 4.204294 55.812237 -0.061685 0.214294 0.253468 0.941290
6828.000000 39.291765 4.097540 55.440737 -0.063229 0.210679 0.254198 0.941807
6829.000000 39.134436 4.020302 55.061484 -0.064523 0.206564 0.254934 0.942431
6830.000000 39.003133 3.916675 54.678931 -0.065533 0.201747 0.255695 0.943199
6831.000000 38.838527 3.812279 54.310232 -0.066270 0.196096 0.256498 0.944121
6832.000000 38.687399 3.741063 53.928420 -0.066828 0.189814 0.257334 0.945137
6833.000000 38.550266 3.630351 53.549085 -0.067434 0.183452 0.258176 0.946120
6834.000000 38.419545 3.528707 53.166806 -0.068340 0.177605 0.258998 0.946946
6835.000000 38.290855 3.435225 52.781457 -0.069483 0.172474 0.259766 0.947600
6836.000000 38.163552 3.363650 52.392436 -0.070170 0.167624 0.260428 0.948238
6837.000000 38.061082 3.273710 51.998044 -0.069189 0.162125 0.260916 0.949132
6838.000000 37.936804 3.178537 51.610706 -0.065458 0.155012 0.261186 0.950509
6839.000000 37.817433 3.073637 51.225498 -0.058801 0.145768 0.261257 0.952386
6840.000000 37.713776 2.958119 50.838138 -0.050260 0.134567 0.261218 0.954532
6841.000000 37.600099 2.882351 50.443607 -0.041749 0.122201 0.261205 0.956606
6842.000000 37.511657 2.822341 50.040242 -0.035317 0.109821 0.261357 0.958324
6843.000000 37.419218 2.780822 49.636334 -0.032469 0.098653 0.261747 0.959532
6844.000000 37.338322 2.729483 49.228753 -0.033792 0.089753 0.262360 0.960193
6845.000000 37.270981 2.694424 48.820367 -0.038880 0.083845 0.263091 0.960334
6846.000000 37.222251 2.683339 48.406851 -0.046536 0.081227 0.263791 0.960026
6847.000000 37.164630 2.631805 47.998022 -0.055178 0.081791 0.264317 0.959376
6848.000000 37.119890 2.565928 47.588249 -0.063318 0.085113 0.264571 0.958514
6849.000000 37.082850 2.500806 47.177990 -0.069931 0.090558 0.264520 0.957569
6850.000000 37.016897 2.450257 46.766873 -0.074578 0.097415 0.264185 0.956637
6851.000000 36.983979 2.331543 46.368311 -0.077284 0.105044 0.263615 0.955772
6852.000000 36.911546 2.265691 45.962345 -0.078270 0.113020 0.262857 0.954990
6853.000000 36.841075 2.169960 45.562723 -0.077753 0.121179 0.261931 0.954286
6854.000000 36.772910 2.092504 45.158924 -0.075944 0.129530 0.260844 0.953632
6855.000000 36.690751 1.987657 44.763709 -0.073216 0.138107 0.259618 0.952977
6856.000000 36.602874 1.904036 44.365023 -0.070192 0.146841 0.258322 0.952250
6857.000000 36.510348 1.800637 43.971894 -0.067594 0.155511 0.257066 0.951401
6858.000000 36.409744 1.735531 43.572456 -0.065929 0.163751 0.255961 0.950433
6859.000000 36.294540 1.645199 43.181746 -0.065294 0.171110 0.255079 0.949417
6860.000000 36.171854 1.565642 42.790924 -0.065440 0.177164 0.254440 0.948468
6861.000000 36.047558 1.467837 42.404970 -0.066028 0.181689 0.254030 0.947680
6862.000000 35.921452 1.385364 42.015958 -0.066856 0.184805 0.253812 0.947078
6863.000000 35.776294 1.282358 41.638610 -0.067925 0.186965 0.253739 0.946597
6864.000000 35.642628 1.195538 41.253085 -0.069385 0.188708 0.253779 0.946135
6865.000000 35.516425 1.100887 40.866671 -0.071416 0.190287 0.253932 0.945626
6866.000000 35.379160 1.013033 40.483030 -0.074127 0.191450 0.254247 0.945098
6867.000000 35.247037 0.915710 40.099485 -0.077382 0.191593 0.254777 0.944665
6868.000000 35.110293 0.816833 39.718085 -0.080543 0.190241 0.255479 0.944485
6869.000000 34.963285 0.713491 39.341540 -0.082237 0.187555 0.256114 0.944704
6870.000000 34.824391 0.611971 38.961481 -0.080441 0.184504 0.256230 0.945428
6871.000000 34.688752 0.499859 38.582999 -0.073123 0.182519 0.255312 0.946655
6872.000000 34.580624 0.384332 38.197155 -0.059271 0.182776 0.253033 0.948185
6873.000000 34.464969 0.260931 37.816102 -0.039742 0.185538 0.249465 0.949612
6874.000000 34.355087 0.158125 37.426817 -0.017214 0.190017 0.245106 0.950537
6875.000000 34.226809 0.077051 37.038653 0.004956 0.194831 0.240657 0.950842
6876.000000 34.077643 0.051129 36.649119 0.024363 0.198729 0.236670 0.950737
6877.000000 33.878461 0.040526 36.282520 0.040631 0.201012 0.233275 0.950540
6878.000000 33.724479 0.045566 35.894831 0.055282 0.201481 0.230173 0.950458
6879.000000 33.558044 0.038411 35.513378 0.070631 0.200159 0.226854 0.950518
6880.000000 33.372541 0.025772 35.139317 0.088535 0.197219 0.222873 0.950575
6881.000000 33.219003 0.044031 34.751550 0.109700 0.193205 0.218027 0.950317
6882.000000 33.032962 0.064307 34.378645 0.133715 0.189229 0.212411 0.949313
6883.000000 32.838444 0.111531 34.012701 0.159526 0.186729 0.206367 0.947152
6884.000000 32.695860 0.181911 33.627549 0.185955 0.186858 0.200338 0.943594
6885.000000 32.530992 0.294283 33.260275 0.212048 0.189939 0.194681 0.938647
6886.000000 32.364869 0.422501 32.900598 0.237221 0.195425 0.189537 0.932529
6887.000000 32.175064 0.562329 32.556097 0.261296 0.202333 0.184832 0.925539
6888.000000 31.992584 0.723320 32.217638 0.284475 0.209795 0.180361 0.917894
6889.000000 31.792099 0.901318 31.899579 0.307246 0.217378 0.175900 0.909619
6890.000000 31.583742 1.101442 31.598383 0.330169 0.225078 0.171290 0.900549
6891.000000 31.370379 1.286344 31.291935 0.353630 0.233121 0.166473 0.890442
6892.000000 31.159642 1.515884 31.013542 0.377692 0.241744 0.161503 0.879105
6893.000000 30.928543 1.735240 30.744192 0.402061 0.251074 0.156525 0.866492
6894.000000 30.717351 1.997954 30.496193 0.426053 0.261123 0.151806 0.852789
6895.000000 30.473399 2.253685 30.274996 0.448462 0.271787 0.147803 0.838551
6896.000000 30.223861 2.517613 30.071540 0.467466 0.282819 0.145221 0.824864
6897.000000 30.003666 2.821561 29.884298 0.480834 0.293869 0.144973 0.813279
6898.000000 29.741768 3.105247 29.727828 0.486542 0.304669 0.148000 0.805326
6899.000000 29.483267 3.407873 29.606020 0.483529 0.315343 0.155031 0.801701
6900.000000 29.232269 3.730114 29.513311 0.472147 0.326652 0.166395 0.801678
6901.000000 28.952701 4.014353 29.394083 0.454094 0.339932 0.181893 0.803219
6902.000000 28.681664 4.299358 29.251474 0.431892 0.356499 0.200685 0.803806
6903.000000 28.381314 4.550803 29.110595 0.408242 0.376635 0.221230 0.801587
6904.000000 28.085200 4.786058 28.934557 0.385536 0.398805 0.241443 0.796255
6905.000000 27.779707 5.010542 28.748200 0.365659 0.419877 0.259193 0.789187
6906.000000 27.432331 5.146019 28.562202 0.349967 0.436515 0.272897 0.782627
6907.000000 27.049450 5.256221 28.442560 0.339329 0.446850 0.281825 0.778303
6908.000000 26.669663 5.358203 28.302046 0.334162 0.451281 0.286007 0.776454
6909.000000 26.283513 5.437738 28.165585 0.334393 0.451956 0.285981 0.775971
6910.000000 25.915066 5.542779 28.001353 0.339350 0.451407 0.282641 0.775363
6911.000000 25.549236 5.629920 27.820172 0.347709 0.451339 0.277131 0.773686
6912.000000 25.181554 5.741073 27.657887 0.357711 0.452230 0.270681 0.770884
6913.000000 24.809167 5.866356 27.517749 0.367629 0.453694 0.264356 0.767546
6914.000000 24.438196 6.004830 27.386506 0.376218 0.455086 0.258861 0.764426
6915.000000 24.067360 6.138729 27.250021 0.382912 0.455954 0.254490 0.762049
6916.000000 23.697486 6.294460 27.135623 0.387721 0.456211 0.251232 0.760544
6917.000000 23.323249 6.442630 27.025965 0.390950 0.456084 0.248953 0.759716
6918.000000 22.949617 6.591114 26.914045 0.392900 0.455913 0.247547 0.759272
6919.000000 22.584241 6.752169 26.793841 0.393651 0.455919 0.247025 0.759049
6920.000000 22.217454 6.907757 26.672602 0.392977 0.456089 0.247545 0.759127
6921.000000 21.844771 7.068681 26.569206 0.390379 0.456256 0.249401 0.759759
6922.000000 21.476764 7.224614 26.450725 0.385226 0.456296 0.252988 0.761178
6923.000000 21.104660 7.375690 26.340662 0.376949 0.456272 0.258689 0.763417
6924.000000 20.736775 7.540451 26.231830 0.365268 0.456468 0.266718 0.766210
6925.000000 20.361667 7.684224 26.119381 0.350366 0.457339 0.276979 0.769004
6926.000000 19.997821 7.829362 25.976541 0.332925 0.459450 0.289025 0.771058
6927.000000 19.617795 7.943652 25.846283 0.313987 0.463443 0.302168 0.771574
6928.000000 19.247965 8.057318 25.691225 0.294667 0.469977 0.315658 0.769839
6929.000000 18.874869 8.127144 25.519818 0.275841 0.479604 0.328866 0.765335
6930.000000 18.500451 8.201628 25.351772 0.257960 0.492551 0.341376 0.757834
6931.000000 18.124291 8.242437 25.175784 0.241085 0.508462 0.352970 0.747500
6932.000000 17.743470 8.240134 25.006953 0.225121 0.526266 0.363544 0.734983
6933.000000 17.358484 8.260836 24.849050 0.210079 0.544359 0.373035 0.721377
6934.000000 16.971129 8.230306 24.697784 0.196141 0.561106 0.381420 0.707960
6935.000000 16.574986 8.173551 24.582905 0.183506 0.575391 0.388774 0.695777
6936.000000 16.179418 8.093256 24.480790 0.172169 0.586889 0.395295 0.685318
6937.000000 15.792593 7.991482 24.361126 0.161870 0.595933 0.401263 0.676498
6938.000000 15.394123 7.900273 24.277954 0.152238 0.603154 0.406938 0.668903
6939.000000 15.005831 7.788934 24.174960 0.142972 0.609135 0.412485 0.662095
6940.000000 14.621356 7.660750 24.080146 0.133893 0.614234 0.417990 0.655800
6941.000000 14.231389 7.532774 24.005635 0.124877 0.618533 0.423553 0.649942
6942.000000 13.856263 7.383690 23.905718 0.115750 0.621879 0.429375 0.644597
6943.000000 13.480773 7.224084 23.822251 0.106275 0.623975 0.435748 0.639910
6944.000000 13.100053 7.076417 23.742323 0.096241 0.624566 0.442929 0.635979
6945.000000 12.732231 6.897056 23.666200 0.085622 0.623681 0.450934 0.632732
6946.000000 12.367658 6.712259 23.591505 0.074694 0.621820 0.459379 0.629866
6947.000000 12.003067 6.525434 23.513819 0.064025 0.619904 0.467512 0.626939
6948.000000 11.646261 6.327244 23.427966 0.054310 0.618964 0.474458 0.623557
6949.000000 11.304380 6.115714 23.319740 0.046158 0.619714 0.479538 0.619570
6950.000000 10.969750 5.893867 23.207779 0.039955 0.622287 0.482463 0.615135
6951.000000 10.637725 5.662912 23.105701 0.035809 0.626221 0.483382 0.610662
6952.000000 10.305424 5.425377 23.025019 0.033524 0.630610 0.482835 0.606694
6953.000000 9.967985 5.197883 22.931318 0.032628 0.634329 0.481665 0.603789
6954.000000 9.663736 4.928636 22.835592 0.032540 0.636325 0.480767 0.602407
6955.000000 9.320532 4.705073 22.762281 0.032863 0.635944 0.480733 0.602819
6956.000000 8.982101 4.470107 22.707487 0.033550 0.633129 0.481617 0.605035
6957.000000 8.643340 4.233965 22.652584 0.034771 0.628325 0.483072 0.608802
6958.000000 8.317121 3.991813 22.560216 0.036603 0.622173 0.484712 0.613690
6959.000000 8.005732 3.735899 22.465332 0.038836 0.615198 0.486406 0.619219
6960.000000 7.661068 3.522856 22.378005 0.040973 0.607607 0.488360 0.625011
6961.000000 7.318158 3.302253 22.289370 0.042326 0.599231 0.491066 0.630861
6962.000000 7.004192 3.060892 22.160204 0.042154 0.589638 0.495135 0.636703
6963.000000 6.664877 2.851336 22.039583 0.039964 0.578472 0.500952 0.642511
6964.000000 6.326802 2.630282 21.936624 0.035979 0.565777 0.508273 0.648275
6965.000000 5.980321 2.426937 21.822089 0.031462 0.551997 0.516118 0.654165
6966.000000 5.663844 2.212353 21.654698 0.028512 0.537545 0.523150 0.660717
6967.000000 5.363962 1.980434 21.481816 0.029260 0.522323 0.528318 0.668732
6968.000000 5.064665 1.759600 21.292833 0.034818 0.505685 0.531302 0.678814
6969.000000 4.769751 1.524827 21.114753 0.044614 0.486941 0.532539 0.690870
6970.000000 4.480111 1.288937 20.927670 0.056530 0.466043 0.532925 0.703988
6971.000000 4.185517 1.104091 20.701026 0.067831 0.443934 0.533386 0.716813
6972.000000 3.873716 0.946317 20.473095 0.076307 0.422284 0.534521 0.728108
6973.000000 3.573462 0.801994 20.221891 0.080942 0.402769 0.536488 0.737161
6974.000000 3.273784 0.689076 19.952473 0.081825 0.386328 0.539154 0.743887
6975.000000 3.017800 0.578106 19.643145 0.079598 0.372825 0.542349 0.748681
6976.000000 2.739700 0.450057 19.358851 0.074961 0.361268 0.545991 0.752170
6977.000000 2.457449 0.352027 19.065534 0.068497 0.350398 0.550060 0.754959
6978.000000 2.212113 0.229380 18.752320 0.060736 0.339237 0.554497 0.757471
6979.000000 1.946346 0.115834 18.449979 0.052232 0.327288 0.559164 0.759928
6980.000000 1.715245 -0.005693 18.126067 0.043582 0.314318 0.563880 0.762459
6981.000000 1.459292 -0.125057 17.816296 0.035450 0.300031 0.568478 0.765217
6982.000000 1.278613 -0.250222 17.461078 0.028618 0.284022 0.572801 0.768383
6983.000000 1.073529 -0.358455 17.116428 0.023952 0.266152 0.576649 0.772053
6984.000000 0.836094 -0.492102 16.796835 0.022172 0.246925 0.579789 0.776132
6985.000000 0.680847 -0.627789 16.438205 0.023476 0.227285 0.582067 0.780377
6986.000000 0.534969 -0.724480 16.061263 0.027260 0.207723 0.583570 0.784572
6987.000000 0.374644 -0.831508 15.691079 0.032152 0.187385 0.584657 0.788689
6988.000000 0.237870 -0.889224 15.301265 0.036390 0.164093 0.585777 0.792852
6989.000000 0.120098 -0.960544 14.908187 0.038425 0.135569 0.587174 0.797102
6990.000000 -0.036493 -1.030714 14.528341 0.037504 0.101139 0.588690 0.801129
6991.000000 -0.204767 -1.076125 14.146403 0.033928 0.062750 0.589876 0.804337
6992.000000 -0.285651 -1.076057 13.739211 0.028817 0.024548 0.590355 0.806255
6993.000000 -0.318877 -1.095266 13.322050 0.023529 -0.008708 0.590125 0.806922
6994.000000 -0.337062 -1.078575 12.904407 0.019094 -0.033420 0.589526 0.806832
6995.000000 -0.307426 -1.027762 12.491692 0.015937 -0.048151 0.588971 0.806561
6996.000000 -0.250105 -0.984776 12.080492 0.013908 -0.053583 0.588700 0.806454
6997.000000 -0.207152 -0.936034 11.668232 0.012532 -0.051748 0.588726 0.806577
6998.000000 -0.170578 -0.895575 11.254469 0.011434 -0.045105 0.588940 0.806836
6999.000000 -0.125358 -0.869088 10.840778 0.010760 -0.035932 0.589225 0.807098
7000.000000 -0.119491 -0.821388 10.425320 0.011300 -0.026184 0.589508 0.807259
7001.000000 -0.097981 -0.794960 10.009918 0.013994 -0.017593 0.589746 0.807276
7002.000000 -0.076428 -0.785248 9.593599 0.019063 -0.011637 0.589897 0.807170
7003.000000 -0.075955 -0.796285 9.176557 0.025466 -0.009221 0.589925 0.807003
7004.000000 -0.077382 -0.787765 8.759486 0.031277 -0.010279 0.589836 0.806852
7005.000000 -0.096321 -0.776882 8.342895 0.034793 -0.013674 0.589679 0.806772
7006.000000 -0.139639 -0.729455 7.930376 0.035490 -0.017666 0.589521 0.806779
7007.000000 -0.154499 -0.683070 7.516175 0.034096 -0.020782 0.589407 0.806849
7008.000000 -0.140857 -0.640327 7.101380 0.031904 -0.022618 0.589340 0.806938
7009.000000 -0.123900 -0.619347 6.684518 0.030057 -0.024063 0.589282 0.807009
7010.000000 -0.128967 -0.580699 6.269299 0.029337 -0.026836 0.589170 0.807030
7011.000000 -0.135503 -0.545526 5.853398 0.030299 -0.032542 0.588938 0.806954
7012.000000 -0.135413 -0.527009 5.436312 0.033291 -0.041738 0.588536 0.806706
7013.000000 -0.133578 -0.505869 5.019552 0.038243 -0.053467 0.587962 0.806213
7014.000000 -0.131560 -0.473425 4.603353 0.044472 -0.065568 0.587293 0.805488
7015.000000 -0.120755 -0.449407 4.186992 0.050803 -0.075601 0.586680 0.804680
7016.000000 -0.056219 -0.339692 3.790550 0.055918 -0.081856 0.586286 0.804016
7017.000000 -0.044671 -0.264243 3.380346 0.058592 -0.083886 0.586181 0.803693
7018.000000 -0.002760 -0.176106 2.975311 0.057544 -0.082443 0.586290 0.803838
7019.000000 0.032415 -0.082385 2.570210 0.051095 -0.079181 0.586394 0.804525
7020.000000 0.045738 0.012722 2.163878 0.037230 -0.076339 0.586147 0.805741
7021.000000 0.068864 0.073111 1.751797 0.014632 -0.076217 0.585121 0.807224
7022.000000 0.095303 0.166986 1.346803 -0.015529 -0.080161 0.582981 0.808373
7023.000000 0.114360 0.244589 0.936404 -0.048448 -0.087506 0.579843 0.808565
7024.000000 0.124448 0.250144 0.519277 -0.076842 -0.095579 0.576536 0.807815
7025.000000 0.124941 0.276675 0.102865 -0.094368 -0.101223 0.574238 0.806907
7026.000000 0.216222 0.257712 -0.069607 -0.106555 -0.098204 0.608136 0.780495
7027.000000 0.216222 0.257712 -0.069607 -0.135732 -0.078378 0.733579 0.661284
7028.000000 0.216222 0.257712 -0.069607 -0.160675 -0.056108 0.836140 0.521446
7029.000000 0.125050 0.266385 0.205147 -0.146697 -0.055623 0.838449 0.521909
7030.000000 0.124571 0.250224 0.516381 -0.118245 -0.055401 0.842642 0.522402
7031.000000 0.114544 0.245300 0.827724 -0.080641 -0.056930 0.847072 0.522231
7032.000000 0.100391 0.209683 1.136305 -0.042949 -0.061471 0.850175 0.521132
7033.000000 0.093277 0.146375 1.441679 -0.012600 -0.069001 0.851581 0.519509
7034.000000 0.070111 0.075182 1.743439 0.007576 -0.078140 0.851792 0.517964
7035.000000 0.048181 0.029856 2.050587 0.018809 -0.087073 0.851433 0.516843
7036.000000 0.040907 -0.027949 2.356678 0.023968 -0.094570 0.850908 0.516177
7037.000000 0.027302 -0.105430 2.658504 0.025585 -0.100256 0.850406 0.515853
7038.000000 -0.000901 -0.173644 2.961133 0.025214 -0.104150 0.850001 0.515767
7039.000000 -0.039021 -0.236037 3.263767 0.023669 -0.106059 0.849753 0.515860
7040.000000 -0.045976 -0.296441 3.569096 0.021414 -0.105350 0.849743 0.516120
7041.000000 -0.068197 -0.366747 3.870845 0.018809 -0.101156 0.850057 0.516543
7042.000000 -0.118578 -0.448193 4.166894 0.016245 -0.092908 0.850714 0.517097
7043.000000 -0.130181 -0.463744 4.477687 0.014172 -0.080959 0.851615 0.517685
7044.000000 -0.132786 -0.488263 4.788269 0.012992 -0.066875 0.852559 0.518172
7045.000000 -0.133803 -0.511222 5.099081 0.012888 -0.053059 0.853352 0.518467
7046.000000 -0.135254 -0.526151 5.410236 0.013737 -0.041821 0.853899 0.518574
7047.000000 -0.136098 -0.538214 5.721637 0.015149 -0.034485 0.854207 0.518567
7048.000000 -0.133613 -0.558221 6.032699 0.016595 -0.031106 0.854337 0.518523
7049.000000 -0.126977 -0.589182 6.342669 0.017638 -0.030786 0.854349 0.518486
7050.000000 -0.123288 -0.618004 6.652614 0.018255 -0.032237 0.854297 0.518464
7051.000000 -0.134085 -0.630538 6.964163 0.019051 -0.034171 0.854224 0.518431
7052.000000 -0.148812 -0.659366 7.273973 0.020974 -0.035441 0.854176 0.518350
7053.000000 -0.154824 -0.688782 7.584102 0.024510 -0.035110 0.854189 0.518197
7054.000000 -0.143268 -0.722527 7.893574 0.028916 -0.032611 0.854275 0.517992
7055.000000 -0.112763 -0.765012 8.201214 0.032249 -0.027992 0.854431 0.517807
7056.000000 -0.081870 -0.784666 8.510366 0.032390 -0.022072 0.854652 0.517720
7057.000000 -0.077251 -0.789969 8.821802 0.028372 -0.016290 0.854904 0.517753
7058.000000 -0.076050 -0.797890 9.133123 0.021009 -0.012286 0.855114 0.517868
7059.000000 -0.076199 -0.782803 9.444319 0.012417 -0.011368 0.855212 0.518005
7060.000000 -0.076506 -0.791580 9.755980 0.004843 -0.014081 0.855181 0.518116
7061.000000 -0.104339 -0.795489 10.066049 -0.000400 -0.020051 0.855048 0.518160
7062.000000 -0.119271 -0.815580 10.376253 -0.003325 -0.028167 0.854842 0.518112
7063.000000 -0.122336 -0.850936 10.686491 -0.004935 -0.037058 0.854576 0.517979
7064.000000 -0.138796 -0.881121 10.996012 -0.006461 -0.045605 0.854257 0.517807
7065.000000 -0.176260 -0.899058 11.304720 -0.008670 -0.053198 0.853894 0.517648
7066.000000 -0.202744 -0.929653 11.613666 -0.011657 -0.059651 0.853504 0.517530
7067.000000 -0.231505 -0.966387 11.921766 -0.015111 -0.064942 0.853108 0.517457
7068.000000 -0.269311 -1.001858 12.228958 -0.018715 -0.069118 0.852728 0.517424
7069.000000 -0.312490 -1.031813 12.536105 -0.022316 -0.072468 0.852365 0.517421
7070.000000 -0.342091 -1.067170 12.844067 -0.025841 -0.075748 0.851990 0.517405
7071.000000 -0.390622 -1.089073 13.151032 -0.029254 -0.079987 0.851548 0.517312
7072.000000 -0.433816 -1.105442 13.459200 -0.032664 -0.085721 0.850995 0.517100
7073.000000 -0.468183 -1.149011 13.764825 -0.036436 -0.092161 0.850333 0.516829
7074.000000 -0.546282 -1.229767 14.055154 -0.041003 -0.097217 0.849649 0.516687
7075.000000 -0.620963 -1.302236 14.351303 -0.046434 -0.098778 0.849071 0.516881
7076.000000 -0.669309 -1.286009 14.657260 -0.052131 -0.096428 0.848671 0.517438
7077.000000 -0.726520 -1.292104 14.963068 -0.057039 -0.092120 0.848421 0.518115
7078.000000 -0.790162 -1.321765 15.266197 -0.060274 -0.089190 0.848243 0.518553
7079.000000 -0.845208 -1.337338 15.572510 -0.061627 -0.090505 0.848047 0.518485
7080.000000 -0.903582 -1.374765 15.876441 -0.061537 -0.097157 0.847726 0.517818
7081.000000 -0.974671 -1.407897 16.177740 -0.060587 -0.108362 0.847178 0.516601
7082.000000 -1.044000 -1.461600 16.476924 -0.058970 -0.122209 0.846400 0.514971
7083.000000 -1.142896 -1.536461 16.762030 -0.056340 -0.136594 0.845524 0.513086
7084.000000 -1.212497 -1.601466 17.059011 -0.052106 -0.149971 0.844755 0.511061
7085.000000 -1.300683 -1.672018 17.349045 -0.045968 -0.161773 0.844221 0.508928
7086.000000 -1.368258 -1.753252 17.642154 -0.038351 -0.172450 0.843845 0.506671
7087.000000 -1.431829 -1.851961 17.930450 -0.030450 -0.183151 0.843338 0.504292
7088.000000 -1.491904 -1.954803 18.218353 -0.023783 -0.195196 0.842311 0.501841
7089.000000 -1.560782 -2.055798 18.505530 -0.019500 -0.209519 0.840437 0.499387
7090.000000 -1.643699 -2.169193 18.783226 -0.017932 -0.226153 0.837586 0.496974
7091.000000 -1.741231 -2.304761 19.046193 -0.018662 -0.243919 0.833941 0.494669
7092.000000 -1.835630 -2.446234 19.307255 -0.021042 -0.260522 0.830029 0.492684
7093.000000 -1.937804 -2.597474 19.560117 -0.024715 -0.273228 0.826569 0.491446
7094.000000 -2.053875 -2.750268 19.806812 -0.029914 -0.280035 0.824099 0.491475
7095.000000 -2.166641 -2.889760 20.061167 -0.037475 -0.280936 0.822531 0.493065
7096.000000 -2.260641 -3.005376 20.334259 -0.048577 -0.278712 0.820955 0.495976
7097.000000 -2.349752 -3.115981 20.611465 -0.064095 -0.278611 0.817904 0.499301
7098.000000 -2.477101 -3.201574 20.882678 -0.083671 -0.286645 0.811955 0.501561
7099.000000 -2.634168 -3.286701 21.142979 -0.105111 -0.306955 0.802313 0.501024
7100.000000 -2.826039 -3.395994 21.361163 -0.124855 -0.339510 0.789212 0.496276
7101.000000 -3.050829 -3.547017 21.514531 -0.139680 -0.379576 0.774066 0.487066
7102.000000 -3.261808 -3.731461 21.652314 -0.148513 -0.419598 0.759129 0.474979
7103.000000 -3.446664 -3.940241 21.790291 -0.152750 -0.452499 0.746633 0.463089
7104.000000 -3.633471 -4.150946 21.924409 -0.154717 -0.474385 0.737964 0.454346
7105.000000 -3.858859 -4.311929 22.063720 -0.155692 -0.485232 0.733447 0.449851
7106.000000 -4.101388 -4.448058 22.206481 -0.155293 -0.487738 0.732665 0.448552
7107.000000 -4.298461 -4.630312 22.362436 -0.152632 -0.485446 0.734753 0.448535
7108.000000 -4.480366 -4.830602 22.516796 -0.147956 -0.481202 0.738463 0.448583
7109.000000 -4.656358 -5.026109 22.682830 -0.143107 -0.476590 0.742331 0.448695
7110.000000 -4.856419 -5.198994 22.848205 -0.140362 -0.472264 0.745144 0.449472
7111.000000 -5.048588 -5.378225 23.015473 -0.140829 -0.468544 0.746357 0.451203
7112.000000 -5.258244 -5.542081 23.175748 -0.143873 -0.465750 0.746133 0.453500
7113.000000 -5.464485 -5.705308 23.342907 -0.147829 -0.464168 0.745058 0.455614
7114.000000 -5.662300 -5.879673 23.508523 -0.151083 -0.463863 0.743791 0.456925
7115.000000 -5.865660 -6.053502 23.668139 -0.152519 -0.464578 0.742919 0.457140
7116.000000 -6.072401 -6.224014 23.826861 -0.151238 -0.465837 0.743010 0.456134
7117.000000 -6.287611 -6.386465 23.982762 -0.146204 -0.467190 0.744660 0.453695
7118.000000 -6.489163 -6.564009 24.140709 -0.136372 -0.468488 0.748288 0.449430
7119.000000 -6.673903 -6.752265 24.306342 -0.121280 -0.470025 0.753785 0.442917
7120.000000 -6.837079 -6.949677 24.483529 -0.101547 -0.472481 0.760338 0.433977
7121.000000 -6.982845 -7.163306 24.657196 -0.078803 -0.476643 0.766681 0.422849
7122.000000 -7.116839 -7.389180 24.824645 -0.055090 -0.483011 0.771635 0.410177
7123.000000 -7.238036 -7.630470 24.979872 -0.032130 -0.491498 0.774566 0.396794
7124.000000 -7.353670 -7.878570 25.128456 -0.010926 -0.501438 0.775502 0.383456
7125.000000 -7.459269 -8.136541 25.267604 0.008234 -0.511904 0.774913 0.370671
7126.000000 -7.553038 -8.400023 25.404760 0.025510 -0.522113 0.773375 0.358661
7127.000000 -7.641556 -8.670779 25.530833 0.041228 -0.531660 0.771317 0.347430
7128.000000 -7.721838 -8.945256 25.654231 0.055699 -0.540508 0.768937 0.336874
7129.000000 -7.789763 -9.226430 25.769762 0.069137 -0.548823 0.766266 0.326878
7130.000000 -7.856348 -9.510809 25.877472 0.081639 -0.556798 0.763268 0.317385
7131.000000 -7.914217 -9.798688 25.981239 0.093146 -0.564534 0.759924 0.308450
7132.000000 -7.966044 -10.090972 26.075347 0.103399 -0.571978 0.756290 0.300291
7133.000000 -8.008362 -10.386296 26.164069 0.111936 -0.578919 0.752526 0.293305
7134.000000 -8.053860 -10.682898 26.247088 0.118222 -0.585075 0.748858 0.287964
7135.000000 -8.084100 -10.985289 26.315459 0.121935 -0.590270 0.745469 0.284584
7136.000000 -8.137572 -11.280753 26.398009 0.123246 -0.594600 0.742381 0.283076
7137.000000 -8.191761 -11.574785 26.485385 0.122789 -0.598403 0.739443 0.282951
7138.000000 -8.248097 -11.871803 26.559524 0.121233 -0.602005 0.736492 0.283676
7139.000000 -8.297959 -12.169048 26.631337 0.118762 -0.605406 0.733545 0.285115
7140.000000 -8.337430 -12.473660 26.687254 0.114974 -0.608243 0.730815 0.287629
7141.000000 -8.401666 -12.770717 26.745344 0.109371 -0.610140 0.728492 0.291662
7142.000000 -8.481578 -13.057454 26.837014 0.102011 -0.611169 0.726474 0.297155
7143.000000 -8.565940 -13.346133 26.918033 0.093724 -0.612011 0.724321 0.303343
7144.000000 -8.648239 -13.637232 26.992886 0.085773 -0.613673 0.721476 0.309065
7145.000000 -8.739263 -13.927102 27.061520 0.079320 -0.617020 0.717542 0.313256
7146.000000 -8.831142 -14.215883 27.130008 0.075107 -0.622454 0.712411 0.315246
7147.000000 -8.947202 -14.495597 27.198256 0.073355 -0.629849 0.706242 0.314850
7148.000000 -9.028283 -14.793108 27.242453 0.073703 -0.638625 0.699371 0.312420
7149.000000 -9.112800 -15.091524 27.267960 0.075247 -0.647907 0.692229 0.308826
7150.000000 -9.198050 -15.389387 27.300529 0.076835 -0.656791 0.685251 0.305209
7151.000000 -9.297076 -15.683132 27.330683 0.077570 -0.664637 0.678772 0.302504
7152.000000 -9.388004 -15.979354 27.355127 0.077213 -0.671229 0.672962 0.301017
7153.000000 -9.481857 -16.275879 27.363008 -0.076242 0.676716 -0.667863 -0.300335
7154.000000 -9.595583 -16.564453 27.392572 -0.075582 0.681434 -0.663470 -0.299571
7155.000000 -9.691724 -16.858378 27.400459 -0.076198 0.685719 -0.659786 -0.297769
7156.000000 -9.783267 -17.157709 27.407163 -0.078697 0.689747 -0.656838 -0.294311
7157.000000 -9.874537 -17.452850 27.411004 -0.083058 0.693423 -0.654694 -0.289208
7158.000000 -9.956159 -17.753454 27.408275 -0.088611 0.696362 -0.653491 -0.283158
7159.000000 -10.029159 -18.056280 27.401025 -0.094293 0.698010 -0.653451 -0.277294
7160.000000 -10.100754 -18.359438 27.399392 -0.099062 0.697855 -0.654824 -0.272745
7161.000000 -10.172830 -18.662350 27.403815 -0.102235 0.695591 -0.657775 -0.270248
7162.000000 -10.238256 -18.966782 27.402040 -0.103641 0.691236 -0.662257 -0.269937
7163.000000 -10.311511 -19.269195 27.416503 -0.103644 0.685206 -0.667933 -0.271323
7164.000000 -10.380598 -19.572205 27.439016 -0.103023 0.678287 -0.674195 -0.273448
7165.000000 -10.471100 -19.864543 27.493113 0.102684 -0.671413 0.680367 0.275250
7166.000000 -10.546238 -20.162658 27.532662 0.103232 -0.665228 0.686008 0.276057
7167.000000 -10.588178 -20.472371 27.543724 0.104676 -0.659771 0.691109 0.275887
7168.000000 -10.657573 -20.773763 27.579999 0.106530 -0.654561 0.696004 0.275282
7169.000000 -10.720708 -21.074285 27.628699 0.108243 -0.649065 0.701047 0.274828
7170.000000 -10.786765 -21.371869 27.689272 0.109540 -0.643081 0.706355 0.274791
7171.000000 -10.842942 -21.674003 27.739587 0.110406 -0.636733 0.711811 0.275148
7172.000000 -10.893200 -21.976817 27.793376 0.110887 -0.630183 0.717282 0.275826
7173.000000 -10.950892 -22.275354 27.860800 0.111036 -0.623427 0.722777 0.276774
7174.000000 -11.009586 -22.573383 27.929950 0.111091 -0.616365 0.728407 0.277808
7175.000000 -11.069067 -22.868862 28.008302 0.111600 -0.609005 0.734238 0.278484
7176.000000 -11.125372 -23.160788 28.099035 0.113234 -0.601577 0.740176 0.278250
7177.000000 -11.176620 -23.455989 28.184712 0.116304 -0.594507 0.745924 0.276825
7178.000000 -11.219098 -23.751389 28.271795 0.120337 -0.588345 0.751002 0.274526
7179.000000 -11.240540 -24.047240 28.366916 0.124101 -0.583710 0.754831 0.272234
7180.000000 -11.256213 -24.341247 28.468696 0.126231 -0.581111 0.756950 0.270928
7181.000000 -11.275047 -24.635722 28.567205 0.126150 -0.580603 0.757314 0.271036
7182.000000 -11.333974 -24.929852 28.651846 0.124626 -0.581496 0.756512 0.272065
7183.000000 -11.432676 -25.211379 28.722360 0.123397 -0.582493 0.755658 0.272866
7184.000000 -11.455325 -25.506889 28.816638 0.124013 -0.582265 0.755889 0.272436
7185.000000 -11.477501 -25.803207 28.906155 0.126679 -0.580085 0.757748 0.270686
7186.000000 -11.503441 -26.097603 29.004011 0.129959 -0.576095 0.760955 0.268650
7187.000000 -11.521531 -26.392512 29.100171 0.131497 -0.571082 0.764703 0.267961
7188.000000 -11.531665 -26.685937 29.203859 0.129244 -0.565967 0.768169 0.269988
7189.000000 -11.565017 -26.976095 29.311518 0.122440 -0.561358 0.770828 0.275155
7190.000000 -11.636595 -27.255808 29.429110 0.111858 -0.557420 0.772518 0.282818
7191.000000 -11.699174 -27.537409 29.546229 0.099338 -0.554023 0.773387 0.291657
7192.000000 -11.756698 -27.817058 29.670200 0.086933 -0.550879 0.773820 0.300295
7193.000000 -11.843228 -28.089735 29.791710 0.076090 -0.547519 0.774374 0.307862
7194.000000 -11.939635 -28.359573 29.911349 0.067094 -0.543146 0.775682 0.314338
7195.000000 -12.011298 -28.633771 30.042845 0.058850 -0.536645 0.778288 0.320649
7196.000000 -12.086539 -28.907635 30.169195 0.049127 -0.526926 0.782372 0.328374
7197.000000 -12.166276 -29.176680 30.303760 0.035391 -0.513524 0.787468 0.339020
7198.000000 -12.225483 -29.426703 30.475704 0.015958 -0.497070 0.792425 0.353170
7199.000000 -12.396794 -29.603416 30.669087 -0.009232 -0.479225 0.795780 0.370124
7200.000000 -12.529248 -29.812480 30.857226 -0.038869 -0.461950 0.796396 0.388388
7201.000000 -12.683125 -30.005592 31.045532 -0.071326 -0.446523 0.793858 0.406594
7202.000000 -12.847329 -30.194963 31.230587 -0.105475 -0.433019 0.788385 0.424050
7203.000000 -13.044314 -30.341822 31.420705 -0.140568 -0.420671 0.780492 0.440578
7204.000000 -13.266220 -30.462400 31.603478 -0.175561 -0.408746 0.770823 0.456001
7205.000000 -13.498032 -30.561102 31.786625 -0.208884 -0.397189 0.760140 0.469889
7206.000000 -13.738410 -30.644130 31.966473 -0.239064 -0.386568 0.749217 0.481754
7207.000000 -13.986492 -30.720493 32.138538 -0.265672 -0.377537 0.738512 0.491411
7208.000000 -14.233114 -30.791898 32.314840 -0.289664 -0.370309 0.727898 0.499129
7209.000000 -14.482661 -30.860343 32.487990 -0.312737 -0.364435 0.716827 0.505511
7210.000000 -14.748847 -30.893701 32.646574 -0.336039 -0.358898 0.704898 0.511262
7211.000000 -15.026100 -30.919397 32.780704 -0.359059 -0.352413 0.692500 0.517036
7212.000000 -15.312054 -30.926608 32.903709 -0.379397 -0.343929 0.681103 0.523325
7213.000000 -15.600353 -30.925334 33.021109 -0.393554 -0.333202 0.672950 0.530311
7214.000000 -15.876002 -30.884166 33.159487 -0.398250 -0.321117 0.670228 0.537658
7215.000000 -16.143357 -30.855216 33.316607 -0.391617 -0.309456 0.674108 0.544475
7216.000000 -16.401781 -30.845158 33.489782 -0.373835 -0.300164 0.684160 0.549613
7217.000000 -16.641284 -30.857910 33.688492 -0.347125 -0.294528 0.698469 0.552176
7218.000000 -16.864281 -30.897669 33.901993 -0.315159 -0.292754 0.714394 0.551916
7219.000000 -17.074654 -30.953632 34.124589 -0.282049 -0.294139 0.729532 0.549285
7220.000000 -17.275990 -31.023163 34.351895 -0.251304 -0.297588 0.742353 0.545160
7221.000000 -17.471240 -31.102449 34.580889 -0.225171 -0.302067 0.752290 0.540474
7222.000000 -17.659520 -31.196217 34.811118 -0.204568 -0.306838 0.759450 0.535947
7223.000000 -17.845418 -31.290702 35.042468 -0.189456 -0.311510 0.764234 0.531990
7224.000000 -18.026463 -31.391623 35.274881 -0.179297 -0.316019 0.767084 0.528741
7225.000000 -18.207300 -31.493620 35.506965 -0.173368 -0.320544 0.768358 0.526138
7226.000000 -18.397810 -31.591590 35.732945 -0.170897 -0.325364 0.768335 0.524017
7227.000000 -18.583149 -31.699533 35.958961 -0.171123 -0.330669 0.767255 0.522202
7228.000000 -18.777165 -31.805240 36.178249 -0.173330 -0.336392 0.765364 0.520591
7229.000000 -18.973126 -31.912550 36.395160 -0.176887 -0.342165 0.762937 0.519194
7230.000000 -19.174234 -32.023873 36.605424 -0.181263 -0.347417 0.760264 0.518116
7231.000000 -19.380330 -32.133391 36.811747 -0.186026 -0.351624 0.757611 0.517475
7232.000000 -19.591560 -32.233483 37.017419 -0.190818 -0.354586 0.755159 0.517293
7233.000000 -19.795393 -32.340052 37.227421 -0.195313 -0.356634 0.752976 0.517389
7234.000000 -20.009248 -32.436636 37.431885 -0.199131 -0.358686 0.751037 0.517333
7235.000000 -20.218662 -32.535069 37.640063 -0.201743 -0.362139 0.749281 0.516462
7236.000000 -20.433701 -32.634016 37.842387 -0.202468 -0.368570 0.747652 0.513984
7237.000000 -20.650190 -32.735879 38.041823 -0.200712 -0.379239 0.746062 0.509199
7238.000000 -20.866577 -32.849761 38.234338 -0.196404 -0.394490 0.744305 0.501810
7239.000000 -21.077931 -32.993718 38.411730 -0.190383 -0.413354 0.742025 0.492230
7240.000000 -21.283996 -33.165690 38.568859 -0.184347 -0.433742 0.738853 0.481643
7241.000000 -21.489505 -33.350356 38.713806 -0.180195 -0.453285 0.734598 0.471623
7242.000000 -21.705331 -33.519816 38.860856 -0.179106 -0.470378 0.729331 0.463403
7243.000000 -21.935242 -33.678698 38.998556 -0.180999 -0.484750 0.723300 0.457267
7244.000000 -22.158691 -33.845574 39.137402 -0.184763 -0.497256 0.716795 0.452553
7245.000000 -22.388521 -34.020031 39.253719 -0.189027 -0.509105 0.710057 0.448219
7246.000000 -22.617574 -34.195102 39.371427 -0.192838 -0.521107 0.703261 0.443491
7247.000000 -22.851342 -34.378473 39.465017 -0.195865 -0.533375 0.696537 0.438160
7248.000000 -23.084334 -34.559885 39.563278 -0.198194 -0.545516 0.690012 0.432452
7249.000000 -23.317432 -34.747469 39.650203 -0.200032 -0.557003 0.683827 0.426750
7250.000000 -23.552678 -34.938670 39.719951 -0.201560 -0.567442 0.678101 0.421382
7251.000000 -23.786725 -35.127239 39.801834 -0.202926 -0.576655 0.672885 0.416553
7252.000000 -24.023112 -35.322497 39.855423 -0.204274 -0.584642 0.668144 0.412370
7253.000000 -24.254664 -35.515939 39.933112 -0.205735 -0.591491 0.663801 0.408877
7254.000000 -24.495487 -35.708056 39.979111 -0.207381 -0.597291 0.659799 0.406081
7255.000000 -24.729355 -35.905060 40.035003 -0.209199 -0.602074 0.656156 0.403981
7256.000000 -24.966775 -36.096316 40.087270 -0.211113 -0.605824 0.652953 0.402568
7257.000000 -25.207480 -36.291458 40.133204 -0.213045 -0.608529 0.650263 0.401825
7258.000000 -25.448061 -36.483270 40.182280 -0.214967 -0.610221 0.648098 0.401731
7259.000000 -25.690803 -36.672209 40.231075 -0.216907 -0.610968 0.646415 0.402266
7260.000000 -25.925796 -36.870355 40.281026 -0.218893 -0.610818 0.645168 0.403418
7261.000000 -26.175568 -37.051158 40.323692 -0.220898 -0.609778 0.644369 0.405171
7262.000000 -26.417809 -37.239971 40.374959 -0.222823 -0.607833 0.644084 0.407486
7263.000000 -26.662828 -37.424138 40.429469 -0.224539 -0.604987 0.644387 0.410290
7264.000000 -26.911388 -37.604416 40.481465 -0.225944 -0.601289 0.645309 0.413494
7265.000000 -27.159738 -37.783064 40.540067 -0.227027 -0.596824 0.646796 0.417031
7266.000000 -27.405213 -37.963225 40.605358 -0.227891 -0.591712 0.648703 0.420865
7267.000000 -27.650976 -38.142703 40.671169 -0.228726 -0.586115 0.650810 0.424972
7268.000000 -27.899943 -38.315033 40.743612 -0.229722 -0.580248 0.652877 0.429293
7269.000000 -28.151873 -38.481188 40.819949 -0.230991 -0.574380 0.654704 0.433697
7270.000000 -28.403792 -38.644977 40.902025 -0.232547 -0.568807 0.656156 0.437996
7271.000000 -28.652096 -38.814192 40.983758 -0.234356 -0.563847 0.657126 0.441972
7272.000000 -28.906883 -38.970252 41.071214 -0.236416 -0.559853 0.657486 0.445404
7273.000000 -29.159092 -39.130949 41.158067 -0.238752 -0.557202 0.657083 0.448068
7274.000000 -29.414085 -39.285235 41.247703 -0.241349 -0.556193 0.655825 0.449771
7275.000000 -29.666770 -39.447254 41.330454 -0.244058 -0.556851 0.653804 0.450436
7276.000000 -29.927810 -39.599990 41.403810 -0.246586 -0.558742 0.651388 0.450217
7277.000000 -30.188996 -39.755847 41.469204 -0.248536 -0.560929 0.649217 0.449562
7278.000000 -30.319040 -39.832408 41.505458 -0.249156 -0.561746 0.648474 0.449271
7279.000000 -30.061507 -39.673153 41.435679 -0.247661 -0.559874 0.650223 0.449906
7280.000000 -29.800215 -39.517803 41.369430 -0.245368 -0.557689 0.652612 0.450416
7281.000000 -29.543018 -39.362657 41.288299 -0.242704 -0.556328 0.654894 0.450230
7282.000000 -29.284908 -39.213190 41.201502 -0.240023 -0.556481 0.656561 0.449048
7283.000000 -29.032325 -39.052539 41.113320 -0.237549 -0.558337 0.657388 0.446845
7284.000000 -28.778964 -38.895238 41.023616 -0.235354 -0.561706 0.657391 0.443770
7285.000000 -28.526855 -38.730562 40.943400 -0.233421 -0.566229 0.656708 0.440038
7286.000000 -28.276059 -38.564121 40.864186 -0.231735 -0.571537 0.655484 0.435873
7287.000000 -28.026627 -38.398254 40.779388 -0.230320 -0.577296 0.653830 0.431495
7288.000000 -27.776310 -38.226274 40.710651 -0.229194 -0.583199 0.651862 0.427112
7289.000000 -27.529506 -38.051771 40.636437 -0.228299 -0.588962 0.649746 0.422886
7290.000000 -27.282039 -37.874438 40.570800 -0.227476 -0.594340 0.647709 0.418912
7291.000000 -27.035519 -37.694126 40.509861 -0.226522 -0.599146 0.645988 0.415224
7292.000000 -26.786114 -37.515933 40.454883 -0.225284 -0.603240 0.644772 0.411847
7293.000000 -26.539967 -37.332855 40.399516 -0.223715 -0.606521 0.644158 0.408832
7294.000000 -26.296229 -37.145809 40.350510 -0.221879 -0.608919 0.644157 0.406263
7295.000000 -26.052927 -36.958202 40.299734 -0.219898 -0.610410 0.644709 0.404221
7296.000000 -25.807141 -36.772677 40.257947 -0.217894 -0.611003 0.645738 0.402765
7297.000000 -25.567397 -36.579665 40.209335 -0.215933 -0.610709 0.647200 0.401920
7298.000000 -25.327938 -36.388677 40.154787 -0.214006 -0.609498 0.649117 0.401698
7299.000000 -25.088760 -36.190397 40.116649 -0.212080 -0.607306 0.651541 0.402114
7300.000000 -24.850659 -36.001680 40.054036 -0.210150 -0.604080 0.654494 0.403189
7301.000000 -24.609147 -35.808964 40.013650 -0.208273 -0.599810 0.657928 0.404945
7302.000000 -24.377276 -35.609662 39.955011 -0.206534 -0.594519 0.661758 0.407392
7303.000000 -24.137219 -35.420511 39.896763 -0.204984 -0.588202 0.665928 0.410536
7304.000000 -23.906253 -35.224219 39.825515 -0.203593 -0.580797 0.670459 0.414377
7305.000000 -23.669226 -35.033108 39.761629 -0.202254 -0.572205 0.675429 0.418891
7306.000000 -23.437103 -34.839342 39.688192 -0.200825 -0.562369 0.680902 0.424009
7307.000000 -23.200923 -34.655599 39.602141 -0.199162 -0.551371 0.686869 0.429577
7308.000000 -22.965696 -34.468643 39.520466 -0.197104 -0.539496 0.693241 0.435329
7309.000000 -22.737645 -34.282511 39.418487 -0.194450 -0.527225 0.699883 0.440894
7310.000000 -22.498020 -34.112611 39.315636 -0.191023 -0.515064 0.706658 0.445931
7311.000000 -22.278123 -33.927580 39.194367 -0.186907 -0.503196 0.713442 0.450399
7312.000000 -22.045639 -33.763995 39.067782 -0.182736 -0.491159 0.720090 0.454797
7313.000000 -21.818294 -33.601036 38.931567 -0.179733 -0.477869 0.726393 0.460098
7314.000000 -21.596945 -33.435849 38.787245 -0.179242 -0.462187 0.732078 0.467244
7315.000000 -21.384831 -33.258292 38.643347 -0.181935 -0.443747 0.736862 0.476468
7316.000000 -21.181766 -33.077452 38.492177 -0.187242 -0.423512 0.740569 0.486966
7317.000000 -20.975315 -32.916848 38.323285 -0.193517 -0.403582 0.743256 0.497236
7318.000000 -20.759688 -32.787727 38.139906 -0.198848 -0.386320 0.745224 0.505823
7319.000000 -20.539784 -32.684778 37.944526 -0.201922 -0.373325 0.746861 0.511912
7320.000000 -20.326172 -32.579854 37.743346 -0.202385 -0.364889 0.748454 0.515473
7321.000000 -20.111171 -32.490017 37.536935 -0.200628 -0.360139 0.750140 0.517048
7322.000000 -19.898920 -32.389827 37.332450 -0.197336 -0.357581 0.751980 0.517417
7323.000000 -19.692631 -32.285614 37.123794 -0.193124 -0.355680 0.754034 0.517327
7324.000000 -19.483884 -32.183774 36.916477 -0.188439 -0.353254 0.756352 0.517333
7325.000000 -19.279640 -32.076068 36.707487 -0.183620 -0.349674 0.758921 0.517736
7326.000000 -19.073955 -31.967520 36.500356 -0.179002 -0.344893 0.761613 0.518606
7327.000000 -18.877779 -31.856224 36.285640 -0.174975 -0.339306 0.764199 0.519861
7328.000000 -18.676629 -31.752833 36.071064 -0.172020 -0.333495 0.766394 0.521373
7329.000000 -18.489199 -31.646981 35.846249 -0.170719 -0.327953 0.767912 0.523080
7330.000000 -18.302004 -31.544580 35.619509 -0.171748 -0.322901 0.768493 0.525029
7331.000000 -18.119263 -31.441312 35.389580 -0.175851 -0.318262 0.767899 0.527368
7332.000000 -17.932846 -31.342007 35.160725 -0.183800 -0.313778 0.765876 0.530278
7333.000000 -17.752330 -31.242078 34.927442 -0.196352 -0.309197 0.762110 0.533883
7334.000000 -17.563303 -31.150549 34.697560 -0.214164 -0.304448 0.756195 0.538158
7335.000000 -17.372983 -31.061727 34.467346 -0.237576 -0.299753 0.747687 0.542836
7336.000000 -17.177020 -30.986307 34.237362 -0.266207 -0.295676 0.736288 0.547348
7337.000000 -16.970098 -30.920764 34.013968 -0.298503 -0.293117 0.722181 0.550847
7338.000000 -16.754840 -30.875159 33.793501 -0.331539 -0.293186 0.706395 0.552385
7339.000000 -16.523126 -30.847716 33.587437 -0.361390 -0.296850 0.690942 0.551250
7340.000000 -16.275454 -30.846376 33.398619 -0.384024 -0.304410 0.678454 0.547322
7341.000000 -16.008919 -30.867037 33.238962 -0.396389 -0.315105 0.671329 0.541204
7342.000000 -15.740361 -30.908603 33.086943 -0.397245 -0.327232 0.670803 0.533984
7343.000000 -15.456441 -30.930715 32.962022 -0.387474 -0.338818 0.676471 0.526738
7344.000000 -15.169255 -30.925683 32.841364 -0.369771 -0.348461 0.686547 0.520095
7345.000000 -14.883831 -30.923311 32.716345 -0.347695 -0.355852 0.698690 0.514110
7346.000000 -14.614067 -30.881589 32.568769 -0.324344 -0.361704 0.710970 0.508422
7347.000000 -14.358415 -30.822534 32.402135 -0.301214 -0.367256 0.722457 0.502443
7348.000000 -14.110642 -30.754238 32.226294 -0.277892 -0.373710 0.733223 0.495480
7349.000000 -13.860825 -30.685872 32.053226 -0.252785 -0.381826 0.743831 0.486852
7350.000000 -13.618976 -30.599933 31.876788 -0.224427 -0.391715 0.754668 0.476097
7351.000000 -13.380454 -30.516917 31.694515 -0.192537 -0.402895 0.765557 0.463171
7352.000000 -13.153858 -30.401424 31.514418 -0.158166 -0.414678 0.775835 0.448449
7353.000000 -12.940809 -30.277502 31.323622 -0.122955 -0.426757 0.784704 0.432436
7354.000000 -12.768700 -30.097243 31.138171 -0.088237 -0.439568 0.791460 0.415433
7355.000000 -12.597909 -29.917940 30.949089 -0.054831 -0.453973 0.795518 0.397558
7356.000000 -12.459469 -29.711447 30.761464 -0.023602 -0.470411 0.796474 0.379191
7357.000000 -12.310838 -29.514057 30.575287 0.004022 -0.488194 0.794389 0.361382
7358.000000 -12.184992 -29.311548 30.379732 0.026431 -0.505593 0.790055 0.345673
7359.000000 -12.130054 -29.043020 30.233394 0.042899 -0.520674 0.784852 0.333265
7360.000000 -12.040585 -28.772953 30.107420 0.054338 -0.532239 0.780157 0.324228
7361.000000 -11.974505 -28.497777 29.976438 0.062998 -0.540237 0.776799 0.317425
7362.000000 -11.892271 -28.223410 29.852617 0.071397 -0.545524 0.774894 0.311199
7363.000000 -11.808849 -27.951889 29.728142 0.081267 -0.549267 0.774042 0.304236
7364.000000 -11.722922 -27.676944 29.611079 0.093009 -0.552443 0.773626 0.296072
7365.000000 -11.669121 -27.398172 29.483274 0.105706 -0.555669 0.773036 0.287182
7366.000000 -11.601980 -27.116331 29.368936 0.117522 -0.559309 0.771792 0.278748
7367.000000 -11.548623 -26.829853 29.261091 0.126396 -0.563579 0.769618 0.272196
7368.000000 -11.524990 -26.539036 29.152746 0.130929 -0.568489 0.766513 0.268582
7369.000000 -11.521104 -26.245307 29.050072 0.131095 -0.573655 0.762818 0.268035
7370.000000 -11.493002 -25.950930 28.952645 0.128382 -0.578277 0.759228 0.269606
7371.000000 -11.470021 -25.655077 28.860429 0.125145 -0.581430 0.756615 0.271684
7372.000000 -11.424006 -25.361196 28.773555 0.123421 -0.582597 0.755584 0.272838
7373.000000 -11.382924 -25.071594 28.688022 0.123857 -0.582072 0.756013 0.272571
7374.000000 -11.316679 -24.780197 28.608500 0.125472 -0.580947 0.756998 0.271500
7375.000000 -11.259183 -24.488942 28.519688 0.126451 -0.580621 0.757330 0.270814
7376.000000 -11.250158 -24.193666 28.419211 0.125435 -0.582137 0.756121 0.271411
7377.000000 -11.228766 -23.899909 28.317717 0.122346 -0.585799 0.753108 0.273312
7378.000000 -11.186489 -23.603593 28.231887 0.118264 -0.591274 0.748583 0.275739
7379.000000 -11.149255 -23.308394 28.141019 0.114598 -0.597965 0.743100 0.277682
7380.000000 -11.098210 -23.015823 28.049464 0.112242 -0.605276 0.737207 0.278510
7381.000000 -11.038037 -22.721421 27.969065 0.111244 -0.612713 0.731298 0.278227
7382.000000 -10.978445 -22.424577 27.895854 0.111048 -0.619938 0.725568 0.277302
7383.000000 -10.921025 -22.125831 27.828938 0.110995 -0.626837 0.720020 0.276272
7384.000000 -10.870045 -21.825244 27.765302 0.110693 -0.633479 0.714548 0.275449
7385.000000 -10.813197 -21.523133 27.715072 0.110024 -0.639939 0.709076 0.274926
7386.000000 -10.758869 -21.220346 27.665870 0.108948 -0.646131 0.703672 0.274754
7387.000000 -10.691310 -20.924686 27.598826 0.107429 -0.651872 0.698493 0.275010
7388.000000 -10.619103 -20.623947 27.561513 0.105590 -0.657173 0.693556 0.275597
7389.000000 -10.565586 -20.318194 27.534064 0.103865 -0.662431 0.688610 0.276067
7390.000000 -10.517748 -20.010551 27.520509 0.102832 -0.668216 0.683265 0.275793
7391.000000 -10.418338 -19.721092 27.461378 0.102768 -0.674792 0.677328 0.274446
7392.000000 -10.350105 -19.419786 27.426106 -0.103353 0.681798 -0.671035 -0.272363
7393.000000 -10.270778 -19.118975 27.410580 -0.103777 0.688389 -0.664979 -0.270470
7394.000000 -10.207240 -18.814219 27.401149 -0.103148 0.693659 -0.659838 -0.269836
7395.000000 -10.139248 -18.510279 27.398474 -0.100872 0.696994 -0.656099 -0.271217
7396.000000 -10.062285 -18.208489 27.401002 -0.096845 0.698184 -0.653948 -0.274797
7397.000000 -9.991197 -17.905334 27.405786 -0.091506 0.697383 -0.653310 -0.280127
7398.000000 -9.913447 -17.603798 27.407850 -0.085747 0.695018 -0.653962 -0.286236
7399.000000 -9.843815 -17.299646 27.419266 -0.080673 0.691647 -0.655659 -0.291936
7400.000000 -9.743490 -17.003172 27.409199 -0.077197 0.687764 -0.658217 -0.296263
7401.000000 -9.630220 -16.720879 27.384034 -0.075680 0.683614 -0.661538 -0.298851
7402.000000 -9.537280 -16.420690 27.378098 -0.075808 0.679148 -0.665578 -0.300026
7403.000000 -9.426811 -16.130346 27.357240 -0.076752 0.674092 -0.670324 -0.300625
7404.000000 -9.350067 -15.828467 27.347817 0.077513 -0.668087 0.675779 0.301619
7405.000000 -9.243097 -15.537984 27.313128 0.077342 -0.660867 0.681935 0.303706
7406.000000 -9.154153 -15.240608 27.286036 0.076104 -0.652448 0.688695 0.306951
7407.000000 -9.073910 -14.940551 27.262245 0.074397 -0.643262 0.695805 0.310699
7408.000000 -8.992791 -14.642368 27.222703 0.073312 -0.634115 0.702869 0.313846
7409.000000 -8.894516 -14.351700 27.173455 0.073932 -0.625934 0.709439 0.315337
7410.000000 -8.777291 -14.076024 27.087925 0.076907 -0.619472 0.715121 0.314550
7411.000000 -8.694384 -13.782575 27.024410 0.082301 -0.615098 0.719659 0.311405
7412.000000 -8.607319 -13.491814 26.954569 0.089627 -0.612677 0.723016 0.306336
7413.000000 -8.520778 -13.201440 26.882393 0.097908 -0.611553 0.725450 0.300231
7414.000000 -8.445339 -12.913200 26.790106 0.105875 -0.610734 0.727466 0.294259
7415.000000 -8.355870 -12.627157 26.709663 0.112414 -0.609319 0.729600 0.289442
7416.000000 -8.324641 -12.319021 26.662786 0.117070 -0.606924 0.732137 0.286204
7417.000000 -8.281822 -12.017254 26.606572 0.120127 -0.603747 0.735008 0.284292
7418.000000 -8.220717 -11.723471 26.521164 0.122121 -0.600219 0.737974 0.283229
7419.000000 -8.164252 -11.426970 26.444474 0.123190 -0.596542 0.740906 0.282878
7420.000000 -8.106896 -11.133550 26.357465 0.122859 -0.592526 0.743894 0.283620
7421.000000 -8.068543 -10.834556 26.279479 0.120403 -0.587794 0.747122 0.286024
7422.000000 -8.032633 -10.533742 26.207875 0.115390 -0.582111 0.750666 0.290402
7423.000000 -7.989630 -10.236646 26.125174 0.107917 -0.575529 0.754411 0.296621
7424.000000 -7.938427 -9.944353 26.030843 0.098454 -0.568303 0.758136 0.304252
7425.000000 -7.885681 -9.653434 25.932683 0.087528 -0.560695 0.761638 0.312838
7426.000000 -7.825891 -9.366697 25.826944 0.075505 -0.552844 0.764810 0.322068
7427.000000 -7.756204 -9.084759 25.714317 0.062538 -0.544719 0.767640 0.331812
7428.000000 -7.683590 -8.806864 25.593849 0.048603 -0.536164 0.770162 0.342076
7429.000000 -7.596645 -8.535035 25.469064 0.033543 -0.526979 0.772394 0.352954
7430.000000 -7.507371 -8.267370 25.337102 0.017088 -0.517076 0.774230 0.364565
7431.000000 -7.407590 -8.006612 25.199032 -0.001093 -0.506661 0.775360 0.376974
7432.000000 -7.297828 -7.753069 25.055068 -0.021276 -0.496343 0.775260 0.390080
7433.000000 -7.179915 -7.507761 24.903546 -0.043434 -0.487020 0.773366 0.403523
7434.000000 -7.051528 -7.273979 24.742615 -0.066946 -0.479541 0.769387 0.416655
7435.000000 -6.911799 -7.055181 24.570462 -0.090424 -0.474306 0.763618 0.428654
7436.000000 -6.758071 -6.848037 24.395861 -0.111910 -0.471087 0.757004 0.438746
7437.000000 -6.583399 -6.656019 24.223845 -0.129472 -0.469191 0.750838 0.446474
7438.000000 -6.389888 -6.473988 24.061296 -0.141938 -0.467838 0.746217 0.451819
7439.000000 -6.182122 -6.302862 23.904339 -0.149261 -0.466520 0.743606 0.455115
7440.000000 -5.966994 -6.141308 23.747473 -0.152278 -0.465172 0.742807 0.456799
7441.000000 -5.761955 -5.966952 23.590302 -0.152084 -0.464120 0.743271 0.457178
7442.000000 -5.566496 -5.791230 23.423431 -0.149625 -0.463864 0.744410 0.456395
7443.000000 -5.360886 -5.621965 23.261536 -0.145849 -0.464796 0.745659 0.454626
7444.000000 -5.145947 -5.469187 23.095778 -0.142123 -0.467011 0.746394 0.452325
7445.000000 -4.953597 -5.286371 22.932838 -0.140196 -0.470309 0.745955 0.450228
7446.000000 -4.757063 -5.114318 22.763124 -0.141361 -0.474370 0.743922 0.448967
7447.000000 -4.563793 -4.931242 22.601226 -0.145401 -0.478887 0.740465 0.448595
7448.000000 -4.390253 -4.730818 22.438633 -0.150461 -0.483440 0.736496 0.448576
7449.000000 -4.209276 -4.529316 22.283132 -0.154271 -0.486985 0.733419 0.448488
7450.000000 -3.981234 -4.377853 22.135578 -0.155729 -0.487304 0.732634 0.448922
7451.000000 -3.740843 -4.239641 21.992758 -0.155320 -0.481062 0.735200 0.451593
7452.000000 -3.537129 -4.047783 21.857699 -0.153896 -0.464904 0.741777 0.458199
7453.000000 -3.356562 -3.833442 21.721817 -0.151056 -0.437275 0.752463 0.468798
7454.000000 -3.160241 -3.635780 21.582818 -0.144805 -0.400086 0.766420 0.481210
7455.000000 -2.936779 -3.466430 21.443728 -0.133014 -0.359046 0.781765 0.492175
7456.000000 -2.725108 -3.336826 21.259940 -0.115429 -0.321898 0.796133 0.499230
7457.000000 -2.551929 -3.242618 21.015489 -0.094364 -0.295152 0.807608 0.501746
7458.000000 -2.408917 -3.160552 20.748596 -0.073468 -0.281276 0.815362 0.500671
7459.000000 -2.302036 -3.062859 20.473080 -0.055767 -0.278010 0.819711 0.497669
7460.000000 -2.216426 -2.949943 20.195499 -0.042512 -0.279931 0.821829 0.494397
7461.000000 -2.111749 -2.822606 19.932166 -0.033328 -0.281118 0.823240 0.492074
7462.000000 -1.995175 -2.674605 19.683372 -0.027084 -0.277429 0.825196 0.491274
7463.000000 -1.883918 -2.520733 19.435316 -0.022717 -0.267520 0.828199 0.491938
7464.000000 -1.789918 -2.374983 19.176521 -0.019680 -0.252538 0.831975 0.493614
7465.000000 -1.691548 -2.235087 18.915879 -0.018052 -0.235017 0.835837 0.495799
7466.000000 -1.600100 -2.109782 18.646262 -0.018390 -0.217591 0.839130 0.498173
7467.000000 -1.524975 -2.004915 18.362429 -0.021302 -0.202045 0.841494 0.500611
7468.000000 -1.460883 -1.903525 18.074486 -0.026874 -0.188932 0.842913 0.503071
7469.000000 -1.403929 -1.800537 17.786207 -0.034341 -0.177713 0.843632 0.505495
7470.000000 -1.336648 -1.709536 17.496017 -0.042284 -0.167191 0.844027 0.507816
7471.000000 -1.256499 -1.631970 17.205085 -0.049268 -0.156062 0.844458 0.510009
7472.000000 -1.174712 -1.566975 16.911658 -0.054456 -0.143469 0.845114 0.512087
7473.000000 -1.096067 -1.502237 16.618013 -0.057819 -0.129451 0.845961 0.514051
7474.000000 -1.008287 -1.432925 16.328076 -0.059873 -0.115093 0.846812 0.515827
7475.000000 -0.938024 -1.388808 16.027729 -0.061144 -0.102295 0.847483 0.517271
7476.000000 -0.873731 -1.355240 15.724652 -0.061722 -0.093175 0.847910 0.518226
7477.000000 -0.814991 -1.328296 15.420080 -0.061169 -0.089200 0.848154 0.518592
7478.000000 -0.763954 -1.310680 15.113006 -0.058897 -0.090272 0.848328 0.518384
7479.000000 -0.695377 -1.278861 14.811167 -0.054751 -0.094322 0.848532 0.517784
7480.000000 -0.646795 -1.304706 14.503680 -0.049311 -0.098022 0.848848 0.517124
7481.000000 -0.587461 -1.271268 14.201307 -0.043632 -0.098516 0.849339 0.516734
7482.000000 -0.503510 -1.187297 13.910879 -0.038602 -0.095015 0.849985 0.516727
7483.000000 -0.448448 -1.120172 13.613580 -0.034475 -0.088963 0.850674 0.516963
7484.000000 -0.414227 -1.096732 13.304892 -0.030942 -0.082679 0.851287 0.517220
7485.000000 -0.365683 -1.080030 12.997472 -0.027560 -0.077691 0.851781 0.517372
7486.000000 -0.323362 -1.048975 12.690529 -0.024092 -0.074052 0.852182 0.517418
7487.000000 -0.291598 -1.017413 12.382408 -0.020521 -0.070861 0.852545 0.517421
7488.000000 -0.249276 -0.984623 12.075437 -0.016907 -0.067161 0.852915 0.517436
7489.000000 -0.216010 -0.947831 11.767867 -0.013348 -0.062442 0.853305 0.517488
7490.000000 -0.190360 -0.912920 11.459222 -0.010081 -0.056570 0.853701 0.517583
7491.000000 -0.157926 -0.889411 11.150345 -0.007460 -0.049539 0.854080 0.517723
7492.000000 -0.127313 -0.867953 10.841388 -0.005644 -0.041425 0.854422 0.517894
7493.000000 -0.120709 -0.832627 10.531415 -0.004213 -0.032597 0.854716 0.518054
7494.000000 -0.114865 -0.802351 10.221100 -0.002104 -0.023927 0.854953 0.518149
7495.000000 -0.087713 -0.794596 9.911150 0.001901 -0.016716 0.855125 0.518149
7496.000000 -0.076005 -0.785559 9.600142 0.008390 -0.012273 0.855211 0.518066
7497.000000 -0.075821 -0.789843 9.288692 0.016715 -0.011386 0.855180 0.517937
7498.000000 -0.076658 -0.796620 8.977514 0.024994 -0.013971 0.855020 0.517804
7499.000000 -0.077572 -0.786306 8.665955 0.030891 -0.019060 0.854778 0.517723
7500.000000 -0.094982 -0.777749 8.355531 0.032819 -0.025116 0.854534 0.517748
7501.000000 -0.129776 -0.746924 8.047069 0.030862 -0.030533 0.854344 0.517891
7502.000000 -0.152706 -0.701837 7.739552 0.026706 -0.034146 0.854223 0.518097
7503.000000 -0.153249 -0.675109 7.428836 0.022553 -0.035523 0.854174 0.518283
7504.000000 -0.141744 -0.642170 7.119345 0.019819 -0.034953 0.854194 0.518399
7505.000000 -0.127472 -0.624096 6.808418 0.018572 -0.033219 0.854260 0.518451
7506.000000 -0.122915 -0.607424 6.497258 0.017976 -0.031374 0.854328 0.518474
7507.000000 -0.130862 -0.572157 6.187867 0.017182 -0.030641 0.854354 0.518502
7508.000000 -0.135326 -0.547024 5.877257 0.015901 -0.032341 0.854290 0.518546
7509.000000 -0.136026 -0.531441 5.565933 0.014405 -0.037633 0.854079 0.518579
7510.000000 -0.134367 -0.520020 5.254610 0.013212 -0.047005 0.853658 0.518541
7511.000000 -0.133363 -0.500357 4.943639 0.012806 -0.059775 0.852983 0.518346
7512.000000 -0.131812 -0.475779 4.632956 0.013452 -0.074044 0.852095 0.517948
7513.000000 -0.127630 -0.452997 4.322445 0.015119 -0.087326 0.851145 0.517395
7514.000000 -0.094972 -0.410540 4.017798 0.017495 -0.097544 0.850346 0.516808
7515.000000 -0.050250 -0.321230 3.723132 0.020133 -0.103739 0.849856 0.516312
7516.000000 -0.045284 -0.271109 3.415139 0.022608 -0.106086 0.849712 0.515969
7517.000000 -0.021899 -0.199819 3.113408 0.024555 -0.105382 0.849853 0.515792
7518.000000 0.015627 -0.142558 2.809401 0.025585 -0.102429 0.850188 0.515785
7519.000000 0.035396 -0.066028 2.507807 0.025100 -0.097639 0.850648 0.515980
7520.000000 0.044836 0.005212 2.204482 0.021968 -0.091041 0.851175 0.516459
7521.000000 0.053748 0.047324 1.895496 0.014140 -0.082731 0.851652 0.517343
7522.000000 0.086247 0.111712 1.593148 -0.001248 -0.073487 0.851794 0.518696
7523.000000 0.096292 0.179065 1.289306 -0.026563 -0.064925 0.851070 0.520346
7524.000000 0.110669 0.238124 0.982949 -0.061253 -0.058789 0.848842 0.521784
7525.000000 0.118261 0.246810 0.671991 -0.100047 -0.055847 0.844947 0.522433
7526.000000 0.130235 0.255527 0.360818 -0.134112 -0.055397 0.840391 0.522196
7527.000000 0.130242 0.282468 0.050666 -0.155381 -0.055891 0.837031 0.521644
7528.000000 0.204138 0.258127 -0.058277 -0.145560 -0.052494 0.765852 0.624122
7529.000000 0.155800 0.259786 -0.012961 -0.065101 -0.030540 0.378042 0.922992
7530.000000 0.107463 0.261445 0.032356 0.031416 -0.001052 -0.103022 0.994182
7531.000000 0.107400 0.238349 0.485763 0.034977 -0.001856 -0.103029 0.994061
7532.000000 0.113795 0.243933 0.939788 0.042843 -0.003673 -0.103039 0.993747
7533.000000 0.098615 0.167712 1.387596 0.054601 -0.006506 -0.103046 0.993155
7534.000000 0.060215 0.059400 1.827594 0.068400 -0.010079 -0.103050 0.992270
7535.000000 0.043886 -0.007915 2.276905 0.081629 -0.013952 -0.103066 0.991221
7536.000000 0.023789 -0.119118 2.717590 0.091789 -0.017622 -0.103126 0.990267
7537.000000 -0.027698 -0.208614 3.160147 0.097125 -0.020557 -0.103248 0.989689
7538.000000 -0.046285 -0.301574 3.603983 0.096824 -0.022170 -0.103416 0.989666
7539.000000 -0.098458 -0.416430 4.039066 0.091021 -0.021900 -0.103575 0.990206
7540.000000 -0.130305 -0.464454 4.487213 0.080857 -0.019477 -0.103662 0.991129
7541.000000 -0.133353 -0.500115 4.940412 0.068456 -0.015209 -0.103646 0.992139
7542.000000 -0.135155 -0.525613 5.394218 0.056463 -0.010009 -0.103547 0.992970
7543.000000 -0.135537 -0.545226 5.848480 0.047147 -0.004999 -0.103411 0.993508
7544.000000 -0.128131 -0.584313 6.301360 0.041567 -0.000909 -0.103278 0.993783
7545.000000 -0.125611 -0.622343 6.754190 0.039297 0.002300 -0.103161 0.993885
7546.000000 -0.146025 -0.652058 7.207276 0.038820 0.005215 -0.103048 0.993905
7547.000000 -0.154442 -0.694779 7.659781 0.038283 0.008243 -0.102926 0.993918
7548.000000 -0.123331 -0.754864 8.109477 0.036288 0.010962 -0.102809 0.993979
7549.000000 -0.079530 -0.785583 8.560417 0.032514 0.012147 -0.102738 0.994103
7550.000000 -0.076496 -0.797747 9.014881 0.027927 0.010552 -0.102755 0.994259
7551.000000 -0.076326 -0.782632 9.468912 0.024362 0.005789 -0.102863 0.994380
7552.000000 -0.089028 -0.794617 9.922897 0.023562 -0.001427 -0.103022 0.994399
7553.000000 -0.117868 -0.816286 10.375286 0.026204 -0.009750 -0.103179 0.994270
7554.000000 -0.124432 -0.867856 10.827741 0.031528 -0.017826 -0.103293 0.993991
7555.000000 -0.173107 -0.897317 11.278380 0.037700 -0.024434 -0.103348 0.993630
7556.000000 -0.212529 -0.943106 11.728932 0.042497 -0.028141 -0.103346 0.993339
7557.000000 -0.262492 -0.995856 12.177605 0.043835 -0.027017 -0.103253 0.993321
7558.000000 -0.319041 -1.040783 12.626239 0.040060 -0.018898 -0.102982 0.993696
7559.000000 -0.334844 -1.091491 13.076893 0.030204 -0.002268 -0.102415 0.994280
7560.000000 -0.300719 -1.087493 13.532634 0.014300 0.022674 -0.101476 0.994477
7561.000000 -0.255875 -1.083583 13.984264 -0.006450 0.053445 -0.100187 0.993511
7562.000000 -0.092199 -1.047971 14.408275 -0.029947 0.085770 -0.098648 0.990967
7563.000000 0.088993 -0.978674 14.820016 -0.053928 0.115194 -0.096942 0.987129
7564.000000 0.219172 -0.895753 15.246241 -0.076741 0.138984 -0.095084 0.982727
7565.000000 0.367325 -0.835608 15.671622 -0.097687 0.157132 -0.093078 0.978317
7566.000000 0.541887 -0.719859 16.074951 -0.116719 0.171817 -0.091035 0.973945
7567.000000 0.693776 -0.614998 16.488450 -0.133810 0.185804 -0.089219 0.969336
7568.000000 0.885954 -0.460563 16.865761 -0.148564 0.200928 -0.087966 0.964271
7569.000000 1.140666 -0.325439 17.219925 -0.160390 0.217565 -0.087531 0.958790
7570.000000 1.336000 -0.207494 17.611110 -0.168997 0.235105 -0.087979 0.953114
7571.000000 1.579575 -0.061458 17.967403 -0.174695 0.252731 -0.089171 0.947448
7572.000000 1.846341 0.063346 18.312841 -0.178272 0.269846 -0.090847 0.941886
7573.000000 2.124902 0.188551 18.649182 -0.180663 0.286081 -0.092703 0.936442
7574.000000 2.391857 0.325688 18.989692 -0.182786 0.301211 -0.094429 0.931099
7575.000000 2.693780 0.433825 19.313039 -0.185630 0.315218 -0.095688 0.925756
7576.000000 2.999482 0.567789 19.622641 -0.190422 0.328383 -0.096069 0.920149
7577.000000 3.279149 0.690978 19.957851 -0.198581 0.341138 -0.095069 0.913867
7578.000000 3.605642 0.816632 20.249946 -0.211345 0.353684 -0.092172 0.906502
7579.000000 3.937145 0.973426 20.518114 -0.229156 0.365728 -0.087054 0.897860
7580.000000 4.279065 1.150845 20.758841 -0.251116 0.376687 -0.079873 0.888070
7581.000000 4.589216 1.374252 21.001528 -0.274938 0.386286 -0.071475 0.877544
7582.000000 4.910347 1.626763 21.200458 -0.297639 0.395070 -0.063308 0.866789
7583.000000 5.226585 1.886900 21.397131 -0.316720 0.404271 -0.056951 0.856160
7584.000000 5.556167 2.134286 21.587772 -0.331114 0.415058 -0.053414 0.845717
7585.000000 5.893061 2.367850 21.783856 -0.341344 0.427686 -0.052657 0.835342
7586.000000 6.263346 2.595187 21.918171 -0.348894 0.441237 -0.053656 0.825048
7587.000000 6.634916 2.830454 22.030800 -0.355333 0.454123 -0.054994 0.815160
7588.000000 7.003957 3.060718 22.160073 -0.361714 0.464992 -0.055543 0.806139
7589.000000 7.347369 3.322821 22.298843 -0.368453 0.473356 -0.054845 0.798228
7590.000000 7.721160 3.563449 22.392913 -0.375490 0.479583 -0.053059 0.791323
7591.000000 8.102521 3.790896 22.470469 -0.382484 0.484415 -0.050691 0.785162
7592.000000 8.428781 4.080979 22.598972 -0.388925 0.488428 -0.048310 0.779642
7593.000000 8.789155 4.346179 22.679961 -0.394228 0.491742 -0.046353 0.775001
7594.000000 9.158297 4.598587 22.756368 -0.397857 0.494051 -0.045033 0.771748
7595.000000 9.540121 4.838967 22.796399 -0.399452 0.494936 -0.044393 0.770393
7596.000000 9.879820 5.120584 22.904543 -0.398879 0.494310 -0.044475 0.771087
7597.000000 10.235381 5.384497 23.008055 -0.396231 0.492711 -0.045473 0.773414
7598.000000 10.602293 5.637249 23.092633 -0.391801 0.491238 -0.047719 0.776466
7599.000000 10.963053 5.889111 23.205754 -0.386035 0.491175 -0.051509 0.779148
7600.000000 11.325195 6.133021 23.329401 -0.379443 0.493513 -0.056937 0.780529
7601.000000 11.701471 6.361731 23.439164 -0.372453 0.498607 -0.063836 0.780125
7602.000000 12.091231 6.576196 23.531503 -0.365288 0.506040 -0.071828 0.778029
7603.000000 12.487124 6.776947 23.625280 -0.357936 0.514759 -0.080449 0.774876
7604.000000 12.892852 6.966838 23.693788 -0.350239 0.523477 -0.089284 0.771578
7605.000000 13.292476 7.154742 23.797155 -0.342016 0.531154 -0.098079 0.768948
7606.000000 13.703245 7.325361 23.883235 -0.333154 0.537306 -0.106771 0.767405
7607.000000 14.116589 7.490370 23.967999 -0.323621 0.541980 -0.115439 0.766942
7608.000000 14.534949 7.634645 24.067665 -0.313416 0.545501 -0.124218 0.767313
7609.000000 14.955850 7.771732 24.164931 -0.302490 0.548173 -0.133259 0.768276
7610.000000 15.378198 7.896340 24.275036 -0.290640 0.550112 -0.142761 0.769756
7611.000000 15.812055 7.996386 24.365278 -0.277421 0.551225 -0.153046 0.771859
7612.000000 16.232373 8.105810 24.500916 -0.262171 0.551295 -0.164568 0.774763
7613.000000 16.666170 8.188257 24.604750 -0.244233 0.550132 -0.177769 0.778526
7614.000000 17.093670 8.243423 24.745534 -0.223341 0.547770 -0.192819 0.782871
7615.000000 17.517258 8.260810 24.908012 -0.199917 0.544657 -0.209411 0.787102
7616.000000 17.929348 8.245634 25.096472 -0.175016 0.541741 -0.226801 0.790220
7617.000000 18.343291 8.220016 25.280401 -0.149931 0.540293 -0.244059 0.791227
7618.000000 18.754327 8.150187 25.460194 -0.125733 0.541483 -0.260360 0.789430
7619.000000 19.158836 8.080210 25.653827 -0.103085 0.545920 -0.275122 0.784636
7620.000000 19.562956 7.962712 25.824784 -0.082371 0.553396 -0.287989 0.777194
7621.000000 19.975603 7.836379 25.968020 -0.063936 0.562964 -0.298753 0.767939
7622.000000 20.372585 7.679377 26.122684 -0.048181 0.573262 -0.307324 0.758025
7623.000000 20.780870 7.521827 26.244723 -0.035462 0.582913 -0.313762 0.748671
7624.000000 21.181579 7.348106 26.370088 -0.025917 0.590864 -0.318291 0.740877
7625.000000 21.587322 7.175482 26.479438 -0.019371 0.596567 -0.321261 0.735204
7626.000000 21.988430 7.009537 26.612741 -0.015402 0.600001 -0.323039 0.731715
7627.000000 22.393108 6.829051 26.722471 -0.013509 0.601538 -0.323908 0.730105
7628.000000 22.790073 6.662033 26.863786 -0.013260 0.601676 -0.324041 0.729937
7629.000000 23.192707 6.491187 26.987377 -0.014356 0.600752 -0.323548 0.730896
7630.000000 23.602259 6.335274 27.107670 -0.016635 0.598743 -0.322544 0.732936
7631.000000 24.004772 6.162912 27.229589 -0.020048 0.595329 -0.321141 0.736240
7632.000000 24.408685 6.015864 27.376967 -0.024623 0.590187 -0.319388 0.740989
7633.000000 24.812964 5.865056 27.519215 -0.030352 0.583404 -0.317231 0.747049
7634.000000 25.218193 5.727403 27.671692 -0.036995 0.575752 -0.314606 0.753767
7635.000000 25.618329 5.613208 27.853910 -0.043831 0.568575 -0.311667 0.760043
7636.000000 26.016322 5.516078 28.050894 -0.049469 0.563224 -0.309060 0.764731
7637.000000 26.424700 5.408177 28.216758 -0.051835 0.560280 -0.308085 0.767126
7638.000000 26.842774 5.313495 28.368028 -0.048485 0.559167 -0.310493 0.767187
7639.000000 27.260112 5.190474 28.496941 -0.037333 0.558572 -0.317863 0.765223
7640.000000 27.657417 5.073662 28.680257 -0.017590 0.557450 -0.330738 0.761283
7641.000000 28.004938 4.853498 28.882758 0.009578 0.555827 -0.348037 0.754874
7642.000000 28.321386 4.591732 29.080809 0.041225 0.554704 -0.367270 0.745464
7643.000000 28.654161 4.326903 29.238289 0.073565 0.555041 -0.385571 0.733385
7644.000000 28.950169 4.016899 29.392608 0.103089 0.556593 -0.400972 0.720277
7645.000000 29.253567 3.705075 29.519747 0.127229 0.557563 -0.413064 0.708741
7646.000000 29.524639 3.353717 29.624440 0.144485 0.555362 -0.422711 0.701436
7647.000000 29.815292 3.035581 29.764594 0.154325 0.547845 -0.431164 0.700106
7648.000000 30.081386 2.715371 29.946566 0.157088 0.534215 -0.439254 0.704977
7649.000000 30.325172 2.394154 30.159145 0.153846 0.515159 -0.447141 0.714848
7650.000000 30.609948 2.124743 30.387879 0.146123 0.492326 -0.454545 0.727772
7651.000000 30.846367 1.832329 30.645491 0.135503 0.467570 -0.461129 0.741874
7652.000000 31.092447 1.581877 30.933225 0.123294 0.442374 -0.466713 0.755833
7653.000000 31.327557 1.331996 31.232428 0.110403 0.417632 -0.471301 0.768941
7654.000000 31.558101 1.121889 31.561600 0.097355 0.393679 -0.475021 0.780957
7655.000000 31.786651 0.907457 31.890785 0.084349 0.370402 -0.478045 0.791935
7656.000000 32.005881 0.714459 32.237052 0.071247 0.347444 -0.480492 0.802081
7657.000000 32.202204 0.538341 32.606989 0.057570 0.324500 -0.482343 0.811622
7658.000000 32.405792 0.390715 32.985438 0.042584 0.301650 -0.483406 0.820678
7659.000000 32.589322 0.259382 33.379157 0.025559 0.279468 -0.483407 0.829194
7660.000000 32.759222 0.151608 33.786176 0.006173 0.258814 -0.482159 0.836959
7661.000000 32.930571 0.085070 34.200413 -0.015098 0.240431 -0.479726 0.843699
7662.000000 33.147481 0.047751 34.598170 -0.036892 0.224627 -0.476466 0.849212
7663.000000 33.325184 0.031151 35.016542 -0.057407 0.211223 -0.472912 0.853489
7664.000000 33.513818 0.034688 35.429709 -0.075217 0.199606 -0.469551 0.856751
7665.000000 33.705424 0.045933 35.840710 -0.090006 0.188721 -0.466605 0.859397
7666.000000 33.869453 0.040558 36.264455 -0.102697 0.177092 -0.463954 0.861881
7667.000000 34.084981 0.051772 36.664480 -0.114875 0.163212 -0.461239 0.864537
7668.000000 34.242222 0.083202 37.090421 -0.127822 0.146423 -0.458106 0.867387
7669.000000 34.381130 0.181809 37.511221 -0.141763 0.127736 -0.454457 0.870090
7670.000000 34.492882 0.295252 37.936815 -0.155748 0.109801 -0.450592 0.872154
7671.000000 34.626128 0.431703 38.349445 -0.168207 0.095735 -0.447116 0.873286
7672.000000 34.754492 0.558067 38.765563 -0.177732 0.087494 -0.444617 0.873540
7673.000000 34.902578 0.671044 39.180859 -0.183632 0.084952 -0.443340 0.873220
7674.000000 35.062650 0.779034 39.592105 -0.186052 0.086247 -0.443107 0.872698
7675.000000 35.214157 0.894746 40.004453 -0.185753 0.088998 -0.443512 0.872280
7676.000000 35.361117 0.994980 40.422589 -0.183766 0.091448 -0.444158 0.872119
7677.000000 35.507261 1.094844 40.840568 -0.181064 0.092890 -0.444793 0.872208
7678.000000 35.645187 1.197757 41.261288 -0.178305 0.093345 -0.445312 0.872463
7679.000000 35.791670 1.293637 41.680551 -0.175682 0.093000 -0.445709 0.872829
7680.000000 35.944239 1.405479 42.093493 -0.172971 0.091831 -0.446021 0.873335
7681.000000 36.085922 1.492315 42.516468 -0.169784 0.089575 -0.446278 0.874063
7682.000000 36.220521 1.593127 42.938398 -0.165903 0.085903 -0.446474 0.875076
7683.000000 36.344526 1.686178 43.365538 -0.161454 0.080604 -0.446556 0.876370
7684.000000 36.468325 1.765879 43.795015 -0.156795 0.073713 -0.446464 0.877868
7685.000000 36.572828 1.868385 44.224504 -0.152175 0.065600 -0.446196 0.879459
7686.000000 36.675677 1.960557 44.657334 -0.147384 0.057046 -0.445862 0.881040
7687.000000 36.757317 2.079883 45.087948 -0.141606 0.049213 -0.445683 0.882549
7688.000000 36.836409 2.159167 45.528093 -0.133468 0.043435 -0.445946 0.883986
7689.000000 36.914110 2.264914 45.962678 -0.121179 0.040712 -0.446899 0.885403
7690.000000 36.963301 2.342297 46.407944 -0.102682 0.041002 -0.448631 0.886852
7691.000000 37.045343 2.391695 46.851811 -0.075874 0.042665 -0.450988 0.888275
7692.000000 37.136766 2.386460 47.296496 -0.039104 0.042701 -0.453592 0.889327
7693.000000 37.213594 2.347320 47.744113 0.008038 0.038105 -0.455920 0.889169
7694.000000 37.180171 2.271646 48.190270 0.063929 0.027785 -0.457390 0.886530
7695.000000 37.059127 2.091448 48.589818 0.124685 0.013683 -0.457426 0.880357
7696.000000 36.920094 1.957418 49.005729 0.184936 -0.000036 -0.455584 0.870771
7697.000000 36.762334 1.732601 49.357944 0.239468 -0.009350 -0.451774 0.859341
7698.000000 36.601400 1.418559 49.661439 0.284896 -0.012559 -0.446403 0.848175
7699.000000 36.484500 1.201720 50.036913 0.320369 -0.010737 -0.440290 0.838685
7700.000000 36.351869 0.933835 50.379658 0.346925 -0.006521 -0.434393 0.831206
7701.000000 36.223710 0.626907 50.684227 0.366004 -0.002471 -0.429559 0.825539
7702.000000 36.029067 0.315350 50.954493 0.378274 -0.000097 -0.426406 0.821637
7703.000000 35.890790 0.017556 51.266245 0.383689 0.000169 -0.425264 0.819716
7704.000000 35.751992 -0.290299 51.570787 0.382515 -0.001492 -0.426104 0.819827
7705.000000 35.601205 -0.525644 51.928374 0.376177 -0.004687 -0.428501 0.821496
7706.000000 35.451028 -0.804066 52.251908 0.367065 -0.008969 -0.431777 0.823864
7707.000000 35.308921 -1.033955 52.618486 0.357517 -0.013859 -0.435275 0.826151
7708.000000 35.136598 -1.303489 52.938509 0.348887 -0.018901 -0.438579 0.827991
7709.000000 34.996101 -1.534242 53.303416 0.341344 -0.023741 -0.441557 0.829427
7710.000000 34.828929 -1.770048 53.653160 0.334297 -0.028188 -0.444278 0.830704
7711.000000 34.673121 -2.004139 54.009594 0.326954 -0.032193 -0.446889 0.832079
7712.000000 34.514002 -2.217766 54.374573 0.318695 -0.035781 -0.449519 0.833718
7713.000000 34.360842 -2.447932 54.735475 0.309209 -0.038961 -0.452226 0.835682
7714.000000 34.192278 -2.638376 55.111223 0.298479 -0.041676 -0.454987 0.837950
7715.000000 34.050129 -2.840605 55.492204 0.286660 -0.043814 -0.457733 0.840468
7716.000000 33.887768 -3.012431 55.879623 0.273923 -0.045305 -0.460409 0.843171
7717.000000 33.767327 -3.194594 56.277256 0.260338 -0.046212 -0.463009 0.845997
7718.000000 33.615570 -3.355292 56.674658 0.245859 -0.046731 -0.465577 0.848886
7719.000000 33.496542 -3.512803 57.083302 0.230364 -0.047086 -0.468164 0.851785
7720.000000 33.375318 -3.647149 57.499708 0.213725 -0.047386 -0.470788 0.854654
7721.000000 33.233478 -3.767624 57.914120 0.195870 -0.047574 -0.473424 0.857462
7722.000000 33.145505 -3.878954 58.345769 0.176841 -0.047497 -0.476010 0.860166
7723.000000 33.028248 -3.963506 58.776250 0.156855 -0.047033 -0.478474 0.862697
7724.000000 32.961627 -4.046665 59.217607 0.136321 -0.046130 -0.480742 0.864971
7725.000000 32.859245 -4.091405 59.657816 0.115797 -0.044758 -0.482745 0.866917
7726.000000 32.816435 -4.144316 60.107024 0.095894 -0.042835 -0.484431 0.868502
7727.000000 32.742275 -4.165162 60.554214 0.077148 -0.040236 -0.485781 0.869739
7728.000000 32.697129 -4.176363 61.006144 0.059903 -0.036883 -0.486813 0.870669
7729.000000 32.653744 -4.204861 61.457681 0.044273 -0.032797 -0.487576 0.871340
7730.000000 32.646391 -4.203726 61.911346 0.030241 -0.028053 -0.488122 0.871800
7731.000000 32.604299 -4.198192 62.363613 0.017807 -0.022730 -0.488496 0.872088
7732.000000 32.611181 -4.160348 62.816474 0.007003 -0.017001 -0.488740 0.872236
7733.000000 32.598043 -4.179987 63.270151 -0.002287 -0.011328 -0.488891 0.872268
7734.000000 32.641713 -4.148863 63.721226 -0.010535 -0.006501 -0.488979 0.872208
7735.000000 32.628824 -4.169108 64.175724 -0.018504 -0.003343 -0.489010 0.872075
7736.000000 32.643589 -4.124754 64.627265 -0.026866 -0.002211 -0.488971 0.871883
7737.000000 32.678675 -4.093755 65.079113 -0.035735 -0.002666 -0.488850 0.871631
7738.000000 32.673005 -4.042786 65.531309 -0.044507 -0.003570 -0.488675 0.871323
7739.000000 32.704767 -3.973714 65.978985 -0.052155 -0.003564 -0.488518 0.870986
7740.000000 32.735703 -3.919647 66.427412 -0.057814 -0.001648 -0.488469 0.870663
7741.000000 32.746037 -3.868327 66.878943 -0.061318 0.002390 -0.488569 0.870365
7742.000000 32.815528 -3.826121 67.324379 -0.063418 0.007923 -0.488778 0.870064
7743.000000 32.823909 -3.808376 67.776825 -0.065514 0.013802 -0.488987 0.869718
7744.000000 32.903152 -3.754064 68.219927 -0.069039 0.018907 -0.489078 0.869298
7745.000000 32.946315 -3.723883 68.670379 -0.074788 0.022670 -0.488971 0.868792
7746.000000 33.011564 -3.661968 69.115542 -0.082562 0.025333 -0.488665 0.868187
7747.000000 33.058136 -3.587323 69.558039 -0.091274 0.027819 -0.488250 0.867472
7748.000000 33.142777 -3.498789 69.996435 -0.099454 0.031284 -0.487890 0.866657
7749.000000 33.223769 -3.428831 70.437774 -0.105884 0.036564 -0.487751 0.865766
7750.000000 33.312289 -3.345033 70.875201 -0.110092 0.043824 -0.487911 0.864813
7751.000000 33.399339 -3.301619 71.319059 -0.112458 0.052578 -0.488316 0.863792
7752.000000 33.522432 -3.248864 71.753821 -0.113905 0.062044 -0.488822 0.862687
7753.000000 33.614452 -3.191802 72.193420 -0.115398 0.071538 -0.489279 0.861494
7754.000000 33.751202 -3.138638 72.623153 -0.117617 0.080675 -0.489578 0.860215
7755.000000 33.870332 -3.079032 73.056958 -0.120916 0.089316 -0.489663 0.858855
7756.000000 34.025718 -3.050389 73.481300 -0.125427 0.097462 -0.489506 0.857411
7757.000000 34.152565 -2.979203 73.911348 -0.131064 0.105246 -0.489114 0.855870
7758.000000 34.310671 -2.928528 74.334198 -0.137416 0.112990 -0.488555 0.854204
7759.000000 34.476853 -2.862105 74.751451 -0.143732 0.121193 -0.487975 0.852369
7760.000000 34.647795 -2.776516 75.163163 -0.149164 0.130340 -0.487556 0.850324
7761.000000 34.838645 -2.736297 75.572737 -0.153122 0.140667 -0.487432 0.848043
7762.000000 35.021759 -2.687696 75.985478 -0.155465 0.152051 -0.487635 0.845531
7763.000000 35.226420 -2.642705 76.388250 -0.156386 0.164096 -0.488110 0.842831
7764.000000 35.438032 -2.602721 76.788024 -0.156132 0.176295 -0.488783 0.840020
7765.000000 35.660143 -2.575420 77.183255 -0.154799 0.188153 -0.489621 0.837202
7766.000000 35.881996 -2.551000 77.578547 -0.152305 0.199227 -0.490646 0.834493
7767.000000 36.121899 -2.538324 77.963204 -0.148468 0.209159 -0.491920 0.832000
7768.000000 36.353285 -2.534175 78.354409 -0.143066 0.217711 -0.493523 0.829801
7769.000000 36.588633 -2.534759 78.742700 -0.135855 0.224772 -0.495543 0.827924
7770.000000 36.825214 -2.547112 79.130133 -0.126591 0.230304 -0.498065 0.826357
7771.000000 37.055946 -2.576564 79.520061 -0.115090 0.234261 -0.501142 0.825065
7772.000000 37.283324 -2.617637 79.911024 -0.101332 0.236575 -0.504773 0.823996
7773.000000 37.499697 -2.670090 80.306807 -0.085598 0.237162 -0.508862 0.823096
7774.000000 37.700215 -2.740150 80.708501 -0.068618 0.235841 -0.513207 0.822368
7775.000000 37.887643 -2.827046 81.113159 -0.051700 0.232042 -0.517516 0.821986
7776.000000 38.066305 -2.924598 81.519253 -0.036720 0.224542 -0.521484 0.822367
7777.000000 38.232493 -3.034099 81.927643 -0.025710 0.211943 -0.524878 0.823968
7778.000000 38.388703 -3.156632 82.336302 -0.019856 0.194444 -0.527541 0.826739
7779.000000 38.545020 -3.280598 82.744517 -0.018370 0.176283 -0.529338 0.829692
7780.000000 38.587822 -3.313152 82.955099 -0.018456 0.169562 -0.529867 0.830752
7781.000000 38.468155 -3.217969 82.540051 -0.018704 0.184979 -0.528557 0.828288
7782.000000 38.313986 -3.096968 82.130192 -0.022132 0.203663 -0.526309 0.825246
7783.000000 38.150330 -2.981040 81.722645 -0.030610 0.218935 -0.523264 0.822998
7784.000000 37.979954 -2.876667 81.314832 -0.043835 0.228852 -0.519560 0.822048
7785.000000 37.796196 -2.781533 80.910246 -0.060045 0.234312 -0.515386 0.822113
7786.000000 37.599398 -2.703763 80.508204 -0.077197 0.236762 -0.511019 0.822705
7787.000000 37.390983 -2.637777 80.110008 -0.093678 0.237091 -0.506770 0.823527
7788.000000 37.175212 -2.596270 79.712350 -0.108484 0.235628 -0.502892 0.824506
7789.000000 36.940457 -2.561488 79.325070 -0.121127 0.232483 -0.499533 0.825680
7790.000000 36.709353 -2.543425 78.934809 -0.131494 0.227731 -0.496737 0.827103
7791.000000 36.474031 -2.531305 78.546868 -0.139702 0.221431 -0.494475 0.828822
7792.000000 36.236274 -2.533608 78.159544 -0.145978 0.213617 -0.492675 0.830861
7793.000000 36.012254 -2.543967 77.764127 -0.150568 0.204354 -0.491247 0.833213
7794.000000 35.767731 -2.565155 77.382860 -0.153707 0.193813 -0.490107 0.835827
7795.000000 35.548873 -2.590689 76.985775 -0.155602 0.182296 -0.489181 0.838605
7796.000000 35.334089 -2.616237 76.586516 -0.156395 0.170208 -0.488425 0.841434
7797.000000 35.119993 -2.665350 76.188854 -0.156086 0.158022 -0.487844 0.844201
7798.000000 34.925057 -2.716330 75.781902 -0.154488 0.146247 -0.487495 0.846814
7799.000000 34.730254 -2.757894 75.374169 -0.151347 0.135356 -0.487452 0.849213
7800.000000 34.557579 -2.818511 74.959339 -0.146605 0.125626 -0.487735 0.851375
7801.000000 34.391306 -2.899558 74.544346 -0.140634 0.117000 -0.488256 0.853310
7802.000000 34.236467 -2.949317 74.120355 -0.134192 0.109094 -0.488848 0.855055
7803.000000 34.082388 -3.022002 73.699576 -0.128121 0.101384 -0.489337 0.856654
7804.000000 33.945829 -3.064902 73.271052 -0.123019 0.093446 -0.489616 0.858144
7805.000000 33.800423 -3.101512 72.841560 -0.119119 0.085060 -0.489650 0.859545
7806.000000 33.697041 -3.159683 72.404986 -0.116389 0.076164 -0.489453 0.860865
7807.000000 33.569292 -3.216183 71.972514 -0.114595 0.066819 -0.489065 0.862101
7808.000000 33.458136 -3.279885 71.537475 -0.113232 0.057271 -0.488567 0.863250
7809.000000 33.363146 -3.322528 71.095097 -0.111454 0.048061 -0.488091 0.864312
7810.000000 33.264635 -3.387786 70.657109 -0.108259 0.039965 -0.487794 0.865297
7811.000000 33.175870 -3.459410 70.217542 -0.102938 0.033669 -0.487785 0.866219
7812.000000 33.098414 -3.546767 69.778026 -0.095520 0.029364 -0.488052 0.867075
7813.000000 33.058050 -3.626768 69.334571 -0.086891 0.026525 -0.488462 0.867843
7814.000000 32.962009 -3.695219 68.895515 -0.078473 0.024094 -0.488840 0.868503
7815.000000 32.937829 -3.736733 68.442947 -0.071623 0.020960 -0.489051 0.869057
7816.000000 32.848888 -3.790880 68.001503 -0.067027 0.016504 -0.489053 0.869518
7817.000000 32.833266 -3.825850 67.549263 -0.064369 0.010896 -0.488890 0.869899
7818.000000 32.768109 -3.829758 67.102426 -0.062465 0.005035 -0.488666 0.870218
7819.000000 32.746017 -3.892261 66.652022 -0.059809 0.000127 -0.488501 0.870511
7820.000000 32.705655 -3.952554 66.205074 -0.055265 -0.002879 -0.488475 0.870821
7821.000000 32.683207 -4.011999 65.755966 -0.048537 -0.003758 -0.488588 0.871155
7822.000000 32.679253 -4.069260 65.305248 -0.040193 -0.003149 -0.488766 0.871483
7823.000000 32.666081 -4.111948 64.853085 -0.031260 -0.002299 -0.488920 0.871765
7824.000000 32.627880 -4.147815 64.401779 -0.022612 -0.002532 -0.489001 0.871987
7825.000000 32.639077 -4.161068 63.948441 -0.014504 -0.004675 -0.489003 0.872149
7826.000000 32.621922 -4.160808 63.495423 -0.006497 -0.008752 -0.488942 0.872248
7827.000000 32.599704 -4.172778 63.043647 0.002189 -0.014114 -0.488825 0.872265
7828.000000 32.608328 -4.173835 62.589783 0.012202 -0.019896 -0.488632 0.872178
7829.000000 32.619828 -4.207601 62.137620 0.023822 -0.025458 -0.488328 0.871963
7830.000000 32.660220 -4.201860 61.684531 0.037059 -0.030503 -0.487873 0.871594
7831.000000 32.677779 -4.186703 61.232128 0.051886 -0.034928 -0.487225 0.871034
7832.000000 32.722618 -4.166425 60.780648 0.068326 -0.038655 -0.486334 0.870239
7833.000000 32.769576 -4.161890 60.329518 0.086350 -0.041627 -0.485148 0.869162
7834.000000 32.843293 -4.120923 59.882479 0.105731 -0.043873 -0.483630 0.867755
7835.000000 32.906329 -4.075559 59.436130 0.126020 -0.045506 -0.481780 0.865988
7836.000000 32.996706 -4.002729 58.997871 0.146624 -0.046638 -0.479637 0.863872
7837.000000 33.086977 -3.926218 58.560022 0.166946 -0.047319 -0.477262 0.861458
7838.000000 33.191049 -3.829686 58.128603 0.186493 -0.047578 -0.474728 0.858831
7839.000000 33.303099 -3.709397 57.705903 0.204951 -0.047503 -0.472108 0.856068
7840.000000 33.431550 -3.571371 57.292659 0.222194 -0.047243 -0.469472 0.853225
7841.000000 33.550569 -3.435693 56.876813 0.238247 -0.046919 -0.466866 0.850337
7842.000000 33.694759 -3.277662 56.476364 0.253217 -0.046505 -0.464293 0.847437
7843.000000 33.815868 -3.105123 56.073956 0.267237 -0.045821 -0.461716 0.844573
7844.000000 33.982230 -2.930704 55.689088 0.280399 -0.044640 -0.459082 0.841800
7845.000000 34.125166 -2.731297 55.307701 0.292694 -0.042824 -0.456366 0.839182
7846.000000 34.279281 -2.546191 54.923384 0.303992 -0.040383 -0.453603 0.836781
7847.000000 34.434773 -2.330193 54.555939 0.314112 -0.037423 -0.450863 0.834659
7848.000000 34.594811 -2.130353 54.181507 0.322966 -0.034037 -0.448196 0.832859
7849.000000 34.744737 -1.881424 53.831965 0.330708 -0.030245 -0.445588 0.831366
7850.000000 34.914847 -1.657874 53.475557 0.337809 -0.026020 -0.442941 0.830067
7851.000000 35.065239 -1.401364 53.133055 0.345005 -0.021362 -0.440107 0.828746
7852.000000 35.233938 -1.180155 52.776351 0.353052 -0.016387 -0.436966 0.827132
7853.000000 35.375411 -0.918159 52.432607 0.362232 -0.011368 -0.433532 0.825051
7854.000000 35.522890 -0.657300 52.095755 0.371807 -0.006721 -0.430074 0.822649
7855.000000 35.679453 -0.404468 51.754013 0.379855 -0.002925 -0.427147 0.820516
7856.000000 35.826184 -0.141605 51.424349 0.383867 -0.000443 -0.425454 0.819533
7857.000000 35.947608 0.174965 51.111872 0.381843 0.000297 -0.425576 0.820415
7858.000000 36.125176 0.459608 50.807950 0.372985 -0.001027 -0.427744 0.823356
7859.000000 36.281122 0.795454 50.545935 0.357333 -0.004352 -0.431799 0.828157
7860.000000 36.416365 1.075540 50.214698 0.334663 -0.008750 -0.437257 0.834704
7861.000000 36.538333 1.298081 49.839240 0.303840 -0.012128 -0.443379 0.843178
7862.000000 36.678617 1.573094 49.507123 0.263431 -0.011707 -0.449239 0.853610
7863.000000 36.844900 1.867993 49.195553 0.213186 -0.005420 -0.453912 0.865151
7864.000000 36.989880 2.020465 48.797881 0.155226 0.006489 -0.456756 0.875920
7865.000000 37.129237 2.192612 48.394042 0.094016 0.020975 -0.457621 0.883914
7866.000000 37.204828 2.305217 47.966443 0.035083 0.033611 -0.456799 0.888242
7867.000000 37.186800 2.371392 47.519348 -0.016783 0.041116 -0.454826 0.889473
7868.000000 37.082343 2.396278 47.076041 -0.058800 0.043097 -0.452290 0.888887
7869.000000 37.010898 2.373213 46.627872 -0.090439 0.041828 -0.449751 0.887578
7870.000000 36.939693 2.304268 46.185167 -0.112841 0.040543 -0.447671 0.886123
7871.000000 36.868694 2.222110 45.744053 -0.127966 0.041661 -0.446326 0.884693
7872.000000 36.802288 2.112659 45.309169 -0.137936 0.045989 -0.445742 0.883274
7873.000000 36.708914 2.020660 44.873896 -0.144693 0.052956 -0.445736 0.881805
7874.000000 36.622600 1.918863 44.440396 -0.149837 0.061313 -0.446026 0.880256
7875.000000 36.521846 1.808577 44.011516 -0.154480 0.069770 -0.446348 0.878659
7876.000000 36.411088 1.736472 43.576957 -0.159128 0.077343 -0.446534 0.877100
7877.000000 36.284828 1.638670 43.151528 -0.163729 0.083462 -0.446533 0.875691
7878.000000 36.154011 1.548909 42.725799 -0.167930 0.087933 -0.446386 0.874532
7879.000000 36.012485 1.448953 42.305827 -0.171458 0.090860 -0.446155 0.873666
7880.000000 35.875135 1.349201 41.884471 -0.174362 0.092531 -0.445873 0.873060
7881.000000 35.715671 1.246023 41.471712 -0.176983 0.093267 -0.445524 0.872632
7882.000000 35.576545 1.146715 41.050742 -0.179668 0.093227 -0.445069 0.872320
7883.000000 35.426906 1.053051 40.632142 -0.182453 0.092304 -0.444486 0.872137
7884.000000 35.288280 0.941012 40.214275 -0.184905 0.090328 -0.443824 0.872165
7885.000000 35.140151 0.841468 39.796394 -0.186180 0.087574 -0.443257 0.872463
7886.000000 34.981259 0.725292 39.386816 -0.185240 0.085273 -0.443116 0.872962
7887.000000 34.828588 0.615199 38.973372 -0.181144 0.085599 -0.443828 0.873428
7888.000000 34.681071 0.492158 38.561133 -0.173400 0.090843 -0.445719 0.873507
7889.000000 34.560918 0.365181 38.142035 -0.162269 0.102118 -0.448763 0.872841
7890.000000 34.441675 0.236730 37.723363 -0.148843 0.118471 -0.452517 0.871228
7891.000000 34.312931 0.126825 37.301566 -0.134704 0.137181 -0.456337 0.868788
7892.000000 34.172124 0.062717 36.874535 -0.121209 0.155163 -0.459739 0.865952
7893.000000 33.977894 0.043608 36.464291 -0.108752 0.170506 -0.462630 0.863177
7894.000000 33.780345 0.043187 36.055457 -0.096520 0.183101 -0.465262 0.860633
7895.000000 33.617908 0.042973 35.631654 -0.082957 0.194156 -0.468026 0.858122
7896.000000 33.411014 0.027042 35.226792 -0.066701 0.205246 -0.471186 0.855225
7897.000000 33.242273 0.042741 34.805125 -0.047418 0.217654 -0.474691 0.851497
7898.000000 33.043069 0.062037 34.396998 -0.026041 0.232207 -0.478168 0.846615
7899.000000 32.833084 0.114794 33.997868 -0.004294 0.249308 -0.481075 0.840473
7900.000000 32.675187 0.196903 33.580649 0.016153 0.268896 -0.482942 0.833187
7901.000000 32.491233 0.319389 33.183137 0.034362 0.290424 -0.483555 0.825014
7902.000000 32.309977 0.463053 32.792350 0.050290 0.313038 -0.482990 0.816210
7903.000000 32.108263 0.627472 32.420303 0.064522 0.335977 -0.481501 0.806916
7904.000000 31.885263 0.797080 32.063093 0.077832 0.358908 -0.479338 0.797096
7905.000000 31.675935 1.021391 31.728087 0.090847 0.381976 -0.476610 0.786565
7906.000000 31.440921 1.217824 31.392265 0.103879 0.405555 -0.473259 0.775087
7907.000000 31.213603 1.458295 31.081104 0.116893 0.429913 -0.469125 0.762517
7908.000000 30.964041 1.697983 30.786101 0.129531 0.454957 -0.464049 0.748929
7909.000000 30.732376 1.978874 30.512705 0.141084 0.480083 -0.457955 0.734774
7910.000000 30.468160 2.258167 30.271025 0.150442 0.504095 -0.450926 0.721055
7911.000000 30.199906 2.549651 30.050245 0.156129 0.525276 -0.443235 0.709402
7912.000000 29.957265 2.880818 29.850540 0.156539 0.541782 -0.435230 0.701814
7913.000000 29.663155 3.186436 29.689706 0.150330 0.552355 -0.427019 0.699972
7914.000000 29.391620 3.529829 29.568023 0.136772 0.557018 -0.418113 0.704419
7915.000000 29.102368 3.869524 29.473789 0.115950 0.557308 -0.407399 0.714135
7916.000000 28.803323 4.171433 29.312098 0.088865 0.555745 -0.393697 0.726810
7917.000000 28.494393 4.469427 29.163595 0.057545 0.554667 -0.376693 0.739686
7918.000000 28.159909 4.718915 28.984934 0.025073 0.555127 -0.357598 0.750553
7919.000000 27.837421 4.975164 28.781388 -0.004784 0.556653 -0.338966 0.758430
7920.000000 27.465142 5.138844 28.578745 -0.028511 0.558105 -0.323640 0.763520
7921.000000 27.049629 5.256168 28.442616 -0.043975 0.558889 -0.313490 0.766442
7922.000000 26.635661 5.366640 28.290142 -0.051024 0.559570 -0.308753 0.767430
7923.000000 26.215279 5.455156 28.142351 -0.051212 0.561461 -0.308265 0.766232
7924.000000 25.817586 5.566548 27.952935 -0.046915 0.565609 -0.310256 0.762645
7925.000000 25.418559 5.664008 27.758143 -0.040459 0.572010 -0.313150 0.757037
7926.000000 25.018166 5.798881 27.591154 -0.033590 0.579611 -0.315976 0.750388
7927.000000 24.612546 5.938254 27.440970 -0.027350 0.586970 -0.318366 0.743883
7928.000000 24.207587 6.087580 27.299283 -0.022188 0.592983 -0.320310 0.738431
7929.000000 23.803449 6.247916 27.167169 -0.018199 0.597237 -0.321887 0.734415
7930.000000 23.398121 6.415052 27.047959 -0.015353 0.599898 -0.323102 0.731773
7931.000000 22.989806 6.573670 26.926372 -0.013653 0.601339 -0.323866 0.730285
7932.000000 22.591697 6.749038 26.796542 -0.013201 0.601754 -0.324059 0.729866
7933.000000 22.191921 6.919552 26.666194 -0.014226 0.600975 -0.323574 0.730703
7934.000000 21.786483 7.092384 26.549950 -0.017096 0.598551 -0.322278 0.733199
7935.000000 21.384569 7.265715 26.430018 -0.022292 0.594009 -0.319947 0.737760
7936.000000 20.981048 7.427795 26.299656 -0.030297 0.587148 -0.316245 0.744532
7937.000000 20.576835 7.596614 26.178988 -0.041426 0.578245 -0.310800 0.753207
7938.000000 20.176352 7.766111 26.048237 -0.055698 0.568112 -0.303313 0.762986
7939.000000 19.768657 7.897597 25.895745 -0.072844 0.557999 -0.293643 0.772726
7940.000000 19.363650 8.028451 25.738088 -0.092466 0.549323 -0.281808 0.781203
7941.000000 18.956258 8.119400 25.559800 -0.114188 0.543289 -0.267960 0.787398
7942.000000 18.548840 8.194582 25.374066 -0.137670 0.540502 -0.252371 0.790704
7943.000000 18.139172 8.240992 25.182742 -0.162420 0.540752 -0.235503 0.791041
7944.000000 17.724811 8.241702 24.998088 -0.187569 0.543099 -0.218064 0.788866
7945.000000 17.305298 8.259250 24.826342 -0.211891 0.546259 -0.200961 0.785059
7946.000000 16.883326 8.217478 24.663972 -0.234147 0.549085 -0.185070 0.780660
7947.000000 16.448339 8.151455 24.551799 -0.253568 0.550873 -0.170939 0.776545
7948.000000 16.024361 8.055300 24.420871 -0.270095 0.551405 -0.158622 0.773202
7949.000000 15.595364 7.946028 24.319635 -0.284240 0.550784 -0.147780 0.770718
7950.000000 15.167125 7.840291 24.212916 -0.296702 0.549236 -0.137936 0.768948
7951.000000 14.750933 7.695609 24.103314 -0.308051 0.546931 -0.128695 0.767730
7952.000000 14.323645 7.565513 24.021196 -0.318603 0.543863 -0.119805 0.767041
7953.000000 13.914471 7.402978 23.914186 -0.328472 0.539810 -0.111100 0.767052
7954.000000 13.502346 7.235175 23.826835 -0.337668 0.534428 -0.102435 0.768032
7955.000000 13.088831 7.071722 23.738927 -0.346202 0.527490 -0.093695 0.770142
7956.000000 12.686004 6.878521 23.662415 -0.354143 0.519194 -0.084860 0.773188
7957.000000 12.289193 6.677927 23.575817 -0.361643 0.510319 -0.076089 0.776530
7958.000000 11.896598 6.467275 23.487568 -0.368888 0.502086 -0.067724 0.779259
7959.000000 11.510178 6.247095 23.394967 -0.375978 0.495724 -0.060222 0.780558
7960.000000 11.150521 6.004479 23.263045 -0.382812 0.492004 -0.054023 0.780044
7961.000000 10.785713 5.756292 23.154364 -0.389053 0.490957 -0.049409 0.777919
7962.000000 10.425234 5.502857 23.047071 -0.394214 0.491877 -0.046418 0.774918
7963.000000 10.050365 5.262354 22.956128 -0.397801 0.493573 -0.044841 0.772094
7964.000000 9.716644 4.971086 22.853182 -0.399436 0.494795 -0.044336 0.770496
7965.000000 9.349186 4.721315 22.762344 -0.398923 0.494689 -0.044628 0.770812
7966.000000 8.978505 4.467756 22.706506 -0.396279 0.493051 -0.045608 0.773165
7967.000000 8.609970 4.210038 22.645426 -0.391755 0.490184 -0.047259 0.777183
7968.000000 8.262121 3.940338 22.535191 -0.385809 0.486505 -0.049470 0.782315
7969.000000 7.901145 3.685507 22.455921 -0.379021 0.482129 -0.051911 0.788163
7970.000000 7.533437 3.441088 22.353285 -0.371950 0.476692 -0.054061 0.794666
7971.000000 7.169992 3.191003 22.243270 -0.365034 0.469480 -0.055352 0.802044
7972.000000 6.820615 2.947322 22.089273 -0.358491 0.459864 -0.055413 0.810518
7973.000000 6.454506 2.704887 21.973844 -0.352171 0.447863 -0.054366 0.820023
7974.000000 6.072921 2.486307 21.857429 -0.345349 0.434440 -0.053025 0.830171
7975.000000 5.721573 2.250445 21.691389 -0.336669 0.421174 -0.052734 0.840527
7976.000000 5.394059 2.001922 21.499377 -0.324503 0.409422 -0.054805 0.850922
7977.000000 5.067213 1.761831 21.294459 -0.307739 0.399532 -0.059819 0.861448
7978.000000 4.746316 1.506170 21.099979 -0.286610 0.390712 -0.067259 0.872167
7979.000000 4.432737 1.252540 20.889877 -0.262977 0.381644 -0.075746 0.882867
7980.000000 4.109199 1.056633 20.641233 -0.239733 0.371376 -0.083686 0.893087
7981.000000 3.765111 0.897626 20.390208 -0.219640 0.359804 -0.089896 0.902340
7982.000000 3.441044 0.748713 20.107461 -0.204333 0.347443 -0.093886 0.910339
7983.000000 3.133430 0.635577 19.792898 -0.193992 0.334789 -0.095776 0.917121
7984.000000 2.849802 0.493044 19.468473 -0.187695 0.321878 -0.096018 0.923009
7985.000000 2.538736 0.381233 19.154068 -0.184047 0.308344 -0.095141 0.928439
7986.000000 2.260277 0.257647 18.818068 -0.181700 0.293792 -0.093602 0.933761
7987.000000 1.977060 0.128961 18.486002 -0.179558 0.278091 -0.091772 0.939150
7988.000000 1.722506 -0.002660 18.134989 -0.176690 0.261379 -0.089967 0.944652
7989.000000 1.445353 -0.133572 17.796763 -0.172168 0.243951 -0.088496 0.950271
7990.000000 1.257991 -0.264321 17.403149 -0.165091 0.226276 -0.087649 0.955961
7991.000000 1.018095 -0.386709 17.037914 -0.154874 0.209082 -0.087637 0.961571
7992.000000 0.769327 -0.540461 16.688267 -0.141516 0.193168 -0.088503 0.966864
7993.000000 0.635436 -0.661141 16.272853 -0.125523 0.178749 -0.090078 0.971689
7994.000000 0.449392 -0.783452 15.876845 -0.107438 0.164727 -0.092048 0.976140
7995.000000 0.291968 -0.869949 15.460258 -0.087458 0.148662 -0.094096 0.980508
7996.000000 0.155588 -0.933626 15.031754 -0.065545 0.127859 -0.096033 0.984954
7997.000000 0.002541 -1.016905 14.613588 -0.042002 0.101075 -0.097813 0.989167
7998.000000 -0.183681 -1.071494 14.199879 -0.018003 0.069711 -0.099442 0.992435
7999.000000 -0.284399 -1.076161 13.759248 0.004413 0.037571 -0.100870 0.994180
8000.000000 -0.320290 -1.095488 13.304836 0.022960 0.009265 -0.101993 0.994477
8001.000000 -0.335469 -1.072515 12.850505 0.035918 -0.011686 -0.102742 0.993991
8002.000000 -0.294494 -1.019278 12.401442 0.042667 -0.023955 -0.103147 0.993462
8003.000000 -0.235235 -0.969820 11.953501 0.043714 -0.028321 -0.103315 0.993284
8004.000000 -0.193514 -0.917837 11.503775 0.040408 -0.026758 -0.103355 0.993463
8005.000000 -0.145853 -0.884222 11.053201 0.034646 -0.021393 -0.103328 0.993814
8006.000000 -0.118697 -0.842381 10.601663 0.028628 -0.013896 -0.103243 0.994147
8007.000000 -0.110755 -0.798308 10.148941 0.024468 -0.005539 -0.103104 0.994354
8008.000000 -0.075599 -0.789311 9.696306 0.023541 0.002410 -0.102940 0.994406
8009.000000 -0.075835 -0.792749 9.241865 0.025893 0.008545 -0.102799 0.994328
8010.000000 -0.077334 -0.788660 8.787705 0.030218 0.011748 -0.102734 0.994180
8011.000000 -0.097255 -0.776349 8.334465 0.034592 0.011835 -0.102764 0.994034
8012.000000 -0.144044 -0.721033 7.885235 0.037518 0.009705 -0.102865 0.993940
8013.000000 -0.153314 -0.675578 7.433150 0.038666 0.006718 -0.102988 0.993908
8014.000000 -0.134836 -0.631670 6.981467 0.038952 0.003755 -0.103105 0.993900
8015.000000 -0.122617 -0.610056 6.527027 0.040095 0.000775 -0.103218 0.993850
8016.000000 -0.132966 -0.561754 6.075241 0.043884 -0.002823 -0.103343 0.993673
8017.000000 -0.136142 -0.533641 5.621375 0.051369 -0.007418 -0.103481 0.993276
8018.000000 -0.134019 -0.515381 5.167218 0.062246 -0.012653 -0.103605 0.992588
8019.000000 -0.132385 -0.482272 4.713759 0.074774 -0.017528 -0.103667 0.991642
8020.000000 -0.125833 -0.450035 4.260633 0.086372 -0.020954 -0.103631 0.990637
8021.000000 -0.060687 -0.351238 3.824770 0.094563 -0.022297 -0.103501 0.989873
8022.000000 -0.044591 -0.263947 3.379536 0.097693 -0.021567 -0.103329 0.989603
8023.000000 0.002838 -0.167885 2.938532 0.095133 -0.019217 -0.103179 0.989916
8024.000000 0.036423 -0.062003 2.497712 0.087224 -0.015845 -0.103089 0.990714
8025.000000 0.049097 0.031695 2.053131 0.075254 -0.012009 -0.103055 0.991752
8026.000000 0.086887 0.112169 1.608222 0.061401 -0.008225 -0.103048 0.992745
8027.000000 0.103792 0.214490 1.164804 0.048323 -0.004974 -0.103044 0.993490
8028.000000 0.116362 0.249398 0.713254 0.038356 -0.002630 -0.103034 0.993935
8029.000000 0.102387 0.240112 0.258486 0.032735 -0.001348 -0.103025 0.994139
8030.000000 0.067291 0.175117 0.014587 0.020030 0.007581 -0.071531 0.997208
8031.000000 -0.093396 -0.170195 -0.056487 -0.025615 0.041916 0.054916 0.997282
8032.000000 -0.254082 -0.515506 -0.127562 -0.070767 0.075444 0.180305 0.978157
8033.000000 -0.196052 -0.423648 0.295911 -0.067393 0.072078 0.180391 0.978633
8034.000000 -0.149970 -0.368481 0.727014 -0.059982 0.064898 0.180555 0.979587
8035.000000 -0.140093 -0.324054 1.160207 -0.048870 0.054585 0.180731 0.980800
8036.000000 -0.107216 -0.320073 1.596539 -0.035391 0.042723 0.180840 0.981947
8037.000000 -0.089332 -0.304705 2.032788 -0.021112 0.030822 0.180851 0.982801
8038.000000 -0.093467 -0.301421 2.470177 -0.007200 0.019677 0.180778 0.983301
8039.000000 -0.069649 -0.318255 2.906578 0.005697 0.009419 0.180650 0.983486
8040.000000 -0.071798 -0.317405 3.343139 0.017085 0.000094 0.180488 0.983429
8041.000000 -0.086828 -0.400902 3.773325 0.026287 -0.007811 0.180312 0.983227
8042.000000 -0.123657 -0.447704 4.206442 0.032584 -0.013406 0.180164 0.983005
8043.000000 -0.133095 -0.473761 4.642880 0.035749 -0.015996 0.180090 0.982870
8044.000000 -0.134175 -0.508909 5.078942 0.036414 -0.015709 0.180105 0.982848
8045.000000 -0.135834 -0.529643 5.515730 0.035864 -0.013593 0.180182 0.982885
8046.000000 -0.134658 -0.552047 5.952757 0.035414 -0.011030 0.180274 0.982917
8047.000000 -0.125609 -0.594811 6.387982 0.035832 -0.008919 0.180352 0.982909
8048.000000 -0.127986 -0.624843 6.824356 0.037131 -0.007220 0.180416 0.982863
8049.000000 -0.148250 -0.657906 7.259925 0.038669 -0.005235 0.180490 0.982802
8050.000000 -0.153850 -0.697790 7.695586 0.039396 -0.002433 0.180599 0.982765
8051.000000 -0.121102 -0.757078 8.127539 0.038262 0.000810 0.180735 0.982787
8052.000000 -0.079480 -0.785601 8.562015 0.034812 0.003158 0.180852 0.982889
8053.000000 -0.076559 -0.797324 8.999329 0.029703 0.003033 0.180892 0.983050
8054.000000 -0.076161 -0.782937 9.436230 0.024642 -0.000449 0.180823 0.983207
8055.000000 -0.083645 -0.794395 9.873348 0.021572 -0.007045 0.180668 0.983282
8056.000000 -0.116928 -0.809752 10.308570 0.021594 -0.015663 0.180477 0.983217
8057.000000 -0.121032 -0.859054 10.744143 0.024413 -0.024908 0.180293 0.982994
8058.000000 -0.161797 -0.890686 11.178010 0.028652 -0.033344 0.180141 0.982658
8059.000000 -0.202380 -0.929580 11.611688 0.032621 -0.039321 0.180042 0.982331
8060.000000 -0.245676 -0.980518 12.043985 0.034917 -0.040707 0.180059 0.982193
8061.000000 -0.305229 -1.026207 12.474940 0.034584 -0.035026 0.180285 0.982382
8062.000000 -0.337116 -1.078889 12.907474 0.031054 -0.020184 0.180784 0.982825
8063.000000 -0.316931 -1.094860 13.345279 0.024143 0.004461 0.181516 0.983081
8064.000000 -0.282891 -1.076646 13.782389 0.014111 0.037253 0.182324 0.982431
8065.000000 -0.181403 -1.070972 14.205462 0.001640 0.074263 0.183031 0.980297
8066.000000 -0.002130 -1.018561 14.603583 -0.012359 0.110512 0.183583 0.976694
8067.000000 0.148773 -0.939608 15.004985 -0.027015 0.141950 0.184094 0.972229
8068.000000 0.270566 -0.869847 15.418593 -0.041666 0.167057 0.184726 0.967591
8069.000000 0.427385 -0.800600 15.820826 -0.055823 0.187036 0.185495 0.963064
8070.000000 0.607181 -0.678454 16.200785 -0.068958 0.204556 0.186184 0.958508
8071.000000 0.731475 -0.574191 16.606512 -0.080332 0.221973 0.186434 0.953686
8072.000000 0.951694 -0.422451 16.951094 -0.089102 0.240240 0.185923 0.948566
8073.000000 1.192852 -0.299660 17.296266 -0.094690 0.259014 0.184516 0.943345
8074.000000 1.370425 -0.182945 17.678054 -0.097122 0.277485 0.182292 0.938264
8075.000000 1.618676 -0.044650 18.012755 -0.097030 0.295097 0.179461 0.933433
8076.000000 1.869302 0.077469 18.348440 -0.095340 0.311665 0.176284 0.928816
8077.000000 2.142567 0.196126 18.669059 -0.092965 0.327156 0.173023 0.924332
8078.000000 2.398312 0.328436 18.997376 -0.090716 0.341570 0.169937 0.919903
8079.000000 2.689148 0.432222 19.308400 -0.089423 0.355107 0.167287 0.915378
8080.000000 2.984351 0.559282 19.606252 -0.090069 0.368359 0.165355 0.910416
8081.000000 3.251274 0.681040 19.929467 -0.093804 0.382164 0.164472 0.904489
8082.000000 3.564023 0.797854 20.213718 -0.101746 0.397133 0.165014 0.897052
8083.000000 3.879045 0.948595 20.476936 -0.114533 0.413183 0.167290 0.887793
8084.000000 4.205163 1.115842 20.715323 -0.131757 0.429506 0.171295 0.876826
8085.000000 4.512554 1.313876 20.951044 -0.151633 0.445100 0.176466 0.864727
8086.000000 4.817726 1.560358 21.145244 -0.171329 0.459472 0.181646 0.852371
8087.000000 5.124230 1.810341 21.331212 -0.187966 0.472984 0.185406 0.840583
8088.000000 5.442184 2.038486 21.526419 -0.199801 0.486534 0.186625 0.829780
8089.000000 5.758151 2.275020 21.713271 -0.206825 0.500799 0.185032 0.819870
8090.000000 6.099154 2.502250 21.866598 -0.210478 0.515630 0.181368 0.810512
8091.000000 6.466680 2.712513 21.977505 -0.212730 0.530058 0.177029 0.801527
8092.000000 6.818702 2.946257 22.088583 -0.215190 0.542900 0.173382 0.793027
8093.000000 7.155277 3.179493 22.237911 -0.218654 0.553477 0.171199 0.785203
8094.000000 7.502666 3.422032 22.347261 -0.223172 0.561891 0.170511 0.778074
8095.000000 7.856156 3.659527 22.444165 -0.228346 0.568748 0.170858 0.771487
8096.000000 8.214713 3.891776 22.510697 -0.233598 0.574650 0.171634 0.765344
8097.000000 8.539195 4.160155 22.629006 -0.238324 0.579830 0.172362 0.759796
8098.000000 8.891100 4.412514 22.688029 -0.242015 0.584054 0.172827 0.755275
8099.000000 9.243300 4.659207 22.763233 -0.244348 0.586778 0.173085 0.752348
8100.000000 9.609954 4.888136 22.818033 -0.245188 0.587509 0.173295 0.751455
8101.000000 9.931194 5.166747 22.920124 -0.244481 0.586225 0.173440 0.752654
8102.000000 10.280661 5.410778 23.019360 -0.242166 0.583587 0.173162 0.755510
8103.000000 10.630413 5.657898 23.103057 -0.238205 0.580783 0.171864 0.759218
8104.000000 10.978329 5.899859 23.210400 -0.232665 0.579114 0.168982 0.762849
8105.000000 11.326755 6.134278 23.330116 -0.225765 0.579575 0.164210 0.765609
8106.000000 11.688917 6.353802 23.436685 -0.217812 0.582557 0.157596 0.767039
8107.000000 12.063800 6.560154 23.526211 -0.209117 0.587714 0.149517 0.767142
8108.000000 12.446605 6.752848 23.610730 -0.199937 0.594059 0.140576 0.766392
8109.000000 12.834677 6.938360 23.679727 -0.190464 0.600332 0.131419 0.765542
8110.000000 13.216686 7.125028 23.779173 -0.180811 0.605486 0.122515 0.765300
8111.000000 13.614151 7.286901 23.855357 -0.171008 0.609014 0.114049 0.766062
8112.000000 14.014277 7.443422 23.932594 -0.161010 0.610951 0.105942 0.767848
8113.000000 14.409586 7.594592 24.037764 -0.150734 0.611626 0.097994 0.770448
8114.000000 14.818602 7.722423 24.122059 -0.140074 0.611364 0.090004 0.773636
8115.000000 15.220914 7.855898 24.227689 -0.128879 0.610293 0.081803 0.777330
8116.000000 15.634265 7.953421 24.329650 -0.116864 0.608276 0.073192 0.781656
8117.000000 16.046221 8.060875 24.427791 -0.103544 0.604963 0.063866 0.786905
8118.000000 16.454571 8.152657 24.553306 -0.088309 0.599929 0.053420 0.793368
8119.000000 16.873279 8.216689 24.660633 -0.070692 0.592907 0.041511 0.801087
8120.000000 17.279919 8.258310 24.815295 -0.050685 0.584077 0.028054 0.809628
8121.000000 17.684457 8.245874 24.978739 -0.028837 0.574263 0.013318 0.818055
8122.000000 18.082559 8.245837 25.157929 -0.006016 0.564842 -0.002170 0.825174
8123.000000 18.477537 8.204638 25.341044 0.016974 0.557352 -0.017833 0.829911
8124.000000 18.870054 8.127774 25.517412 0.039621 0.552960 -0.033185 0.831603
8125.000000 19.261206 8.054081 25.696609 0.061609 0.552100 -0.047838 0.830121
8126.000000 19.649049 7.933508 25.857315 0.082563 0.554418 -0.061421 0.825852
8127.000000 20.046653 7.813399 25.995655 0.101887 0.558992 -0.073530 0.819598
8128.000000 20.428171 7.655271 26.138419 0.118832 0.564651 -0.083777 0.812422
8129.000000 20.821027 7.503732 26.255903 0.132731 0.570281 -0.091905 0.805429
8130.000000 21.206600 7.338765 26.379069 0.143241 0.575032 -0.097885 0.799524
8131.000000 21.596582 7.171457 26.482268 0.150444 0.578433 -0.101920 0.795232
8132.000000 21.983015 7.011820 26.611210 0.154765 0.580409 -0.104350 0.792644
8133.000000 22.371760 6.838109 26.715493 0.156777 0.581209 -0.105514 0.791507
8134.000000 22.754666 6.677865 26.852280 0.157001 0.581218 -0.105666 0.791436
8135.000000 23.140912 6.511209 26.971949 0.155789 0.580702 -0.104974 0.792146
8136.000000 23.535496 6.362561 27.088157 0.153284 0.579619 -0.103551 0.793614
8137.000000 23.923128 6.196257 27.203781 0.149442 0.577635 -0.101459 0.796060
8138.000000 24.312094 6.050766 27.340623 0.144114 0.574371 -0.098695 0.799743
8139.000000 24.701701 5.904733 27.474771 0.137227 0.569760 -0.095216 0.804659
8140.000000 25.092372 5.773906 27.621324 0.129032 0.564295 -0.091048 0.810328
8141.000000 25.477337 5.648176 27.785702 0.120319 0.559002 -0.086460 0.815822
8142.000000 25.861058 5.556121 27.974583 0.112491 0.554987 -0.082144 0.820115
8143.000000 26.244855 5.447011 28.153062 0.107438 0.552696 -0.079279 0.822617
8144.000000 26.649825 5.363186 28.295040 0.107257 0.551346 -0.079411 0.823534
8145.000000 27.048018 5.256644 28.442116 0.113816 0.549113 -0.084081 0.823681
8146.000000 27.448602 5.142535 28.570327 0.128194 0.544196 -0.094280 0.823728
8147.000000 27.809701 4.992591 28.765350 0.150133 0.536064 -0.109893 0.823419
8148.000000 28.124673 4.750970 28.960958 0.177863 0.525955 -0.129443 0.821572
8149.000000 28.441604 4.508849 29.139124 0.208494 0.516128 -0.150429 0.817015
8150.000000 28.746642 4.231917 29.283312 0.238753 0.508334 -0.170210 0.809705
8151.000000 29.031355 3.938364 29.440769 0.265608 0.502649 -0.186968 0.801149
8152.000000 29.318956 3.624439 29.541192 0.286586 0.497482 -0.200140 0.793930
8153.000000 29.577267 3.287089 29.648728 0.299960 0.490609 -0.210149 0.790673
8154.000000 29.862401 2.988814 29.790303 0.304971 0.480353 -0.217776 0.792986
8155.000000 30.109638 2.675564 29.970637 0.301981 0.466217 -0.223662 0.800890
8156.000000 30.347014 2.370557 30.177175 0.292368 0.448826 -0.228163 0.813030
8157.000000 30.621258 2.112387 30.398435 0.278065 0.429412 -0.231470 0.827471
8158.000000 30.847699 1.830660 30.647093 0.260979 0.409232 -0.233740 0.842487
8159.000000 31.084330 1.589312 30.923802 0.242584 0.389211 -0.235152 0.856954
8160.000000 31.311888 1.349180 31.210980 0.223829 0.369857 -0.235891 0.870323
8161.000000 31.532737 1.141900 31.525010 0.205224 0.351307 -0.236136 0.882443
8162.000000 31.755927 0.941094 31.843113 0.186917 0.333399 -0.236037 0.893417
8163.000000 31.961028 0.743221 32.173399 0.168715 0.315799 -0.235674 0.903473
8164.000000 32.159902 0.577562 32.524907 0.150128 0.298265 -0.234997 0.912839
8165.000000 32.359773 0.428046 32.884075 0.130506 0.280947 -0.233809 0.921613
8166.000000 32.532536 0.293242 33.261973 0.109256 0.264505 -0.231841 0.929704
8167.000000 32.703487 0.176932 33.647966 0.086126 0.249881 -0.228895 0.936882
8168.000000 32.853775 0.103788 34.051393 0.061487 0.237813 -0.225007 0.942887
8169.000000 33.062683 0.058037 34.433126 0.036451 0.228426 -0.220495 0.947563
8170.000000 33.251708 0.042090 34.827463 0.012646 0.221195 -0.215867 0.950954
8171.000000 33.414014 0.027210 35.233215 -0.008421 0.215244 -0.211607 0.953321
8172.000000 33.613529 0.042678 35.622619 -0.026134 0.209623 -0.207960 0.955054
8173.000000 33.771130 0.043629 36.029843 -0.041211 0.203327 -0.204830 0.956559
8174.000000 33.955846 0.042381 36.425817 -0.055447 0.195274 -0.201841 0.958151
8175.000000 34.150413 0.059124 36.816913 -0.070772 0.184627 -0.198549 0.959939
8176.000000 34.285066 0.107630 37.230533 -0.088108 0.171478 -0.194705 0.961729
8177.000000 34.417120 0.213871 37.633620 -0.106719 0.157329 -0.190448 0.963114
8178.000000 34.524807 0.329667 38.041040 -0.124518 0.144729 -0.186307 0.963763
8179.000000 34.647004 0.456286 38.441044 -0.139132 0.136081 -0.182969 0.963663
8180.000000 34.780802 0.578634 38.838854 -0.149017 0.132380 -0.180909 0.963089
8181.000000 34.923668 0.686231 39.238011 -0.153976 0.132804 -0.180152 0.962393
8182.000000 35.078334 0.790647 39.633527 -0.154936 0.135364 -0.180328 0.961849
8183.000000 35.223190 0.900687 40.030981 -0.153333 0.138054 -0.180946 0.961607
8184.000000 35.364332 0.998137 40.433196 -0.150536 0.139715 -0.181629 0.961681
8185.000000 35.505404 1.093675 40.835381 -0.147535 0.140170 -0.182191 0.961973
8186.000000 35.638576 1.192138 41.240229 -0.144862 0.139771 -0.182592 0.962361
8187.000000 35.778326 1.283834 41.644223 -0.142647 0.138819 -0.182850 0.962781
8188.000000 35.928896 1.391835 42.040247 -0.140833 0.137326 -0.182976 0.963238
8189.000000 36.062608 1.476672 42.447810 -0.139627 0.135204 -0.182930 0.963722
8190.000000 36.191786 1.577932 42.852932 -0.140092 0.132710 -0.182574 0.964069
8191.000000 36.318415 1.663586 43.262692 -0.144555 0.130761 -0.181647 0.963851
8192.000000 36.438162 1.751834 43.673632 -0.156307 0.130835 -0.179794 0.962353
8193.000000 36.546020 1.826662 44.090419 -0.178342 0.134395 -0.176667 0.958604
8194.000000 36.688360 2.000560 44.463486 -0.211537 0.142054 -0.172089 0.951556
8195.000000 36.879391 2.218651 44.793758 -0.253350 0.152967 -0.166221 0.940630
8196.000000 37.058593 2.473483 45.099551 -0.298107 0.164850 -0.159601 0.926544
8197.000000 37.271167 2.782879 45.326653 -0.339079 0.174691 -0.152921 0.911660
8198.000000 37.486888 3.093409 45.551170 -0.371152 0.179754 -0.146607 0.899133
8199.000000 37.679139 3.364487 45.833064 -0.392492 0.178362 -0.140525 0.891286
8200.000000 37.879444 3.670238 46.077630 -0.404483 0.170222 -0.134095 0.888502
8201.000000 38.014065 3.970476 46.364319 -0.410402 0.156338 -0.126746 0.889418
8202.000000 38.169981 4.281252 46.632947 -0.413708 0.138588 -0.118319 0.891986
8203.000000 38.261370 4.585498 46.928944 -0.416770 0.119095 -0.109149 0.894542
8204.000000 38.361640 4.919367 47.190346 -0.420401 0.099726 -0.099874 0.896294
8205.000000 38.467342 5.260313 47.444610 -0.424148 0.081973 -0.091248 0.897247
8206.000000 38.509275 5.591511 47.727509 -0.426940 0.067172 -0.084052 0.897856
8207.000000 38.554615 5.927909 48.001326 -0.427669 0.056605 -0.079034 0.898693
8208.000000 38.590604 6.268517 48.272348 -0.425506 0.051175 -0.076713 0.900245
8209.000000 38.662348 6.618733 48.525059 -0.420032 0.050861 -0.077104 0.902796
8210.000000 38.766685 6.910712 48.832389 -0.411333 0.054513 -0.079631 0.906362
8211.000000 38.829934 7.220254 49.134632 -0.400011 0.060293 -0.083360 0.910718
8212.000000 38.925767 7.522498 49.434756 -0.386988 0.066424 -0.087391 0.915528
8213.000000 39.010010 7.809387 49.755146 -0.373114 0.071699 -0.091129 0.920511
8214.000000 39.121132 8.083006 50.076697 -0.358868 0.075561 -0.094318 0.925531
8215.000000 39.220821 8.347585 50.409436 -0.344364 0.078037 -0.096985 0.930547
8216.000000 39.309481 8.608955 50.748403 -0.329616 0.079763 -0.099388 0.935475
8217.000000 39.392993 8.839087 51.111428 -0.314844 0.081965 -0.101935 0.940087
8218.000000 39.469337 9.078211 51.469330 -0.300667 0.086073 -0.105002 0.944016
8219.000000 39.573697 9.286423 51.838494 -0.288120 0.093014 -0.108695 0.946848
8220.000000 39.703250 9.503126 52.194953 -0.278530 0.102630 -0.112726 0.948252
8221.000000 39.830544 9.676826 52.574427 -0.273205 0.113602 -0.116481 0.948096
8222.000000 39.993536 9.883146 52.924345 -0.272952 0.123828 -0.119230 0.946545
8223.000000 40.115719 10.095223 53.286700 -0.277532 0.130837 -0.120329 0.944128
8224.000000 40.291980 10.313426 53.621972 -0.285380 0.132067 -0.119315 0.941743
8225.000000 40.469347 10.552905 53.941196 -0.293868 0.125199 -0.115912 0.940495
8226.000000 40.588572 10.821975 54.263880 -0.300132 0.108744 -0.110012 0.941272
8227.000000 40.671271 11.064640 54.617036 -0.302057 0.082701 -0.101716 0.944233
8228.000000 40.706552 11.307090 54.979375 -0.298950 0.048852 -0.091433 0.948621
8229.000000 40.731292 11.551224 55.339994 -0.291581 0.010486 -0.079939 0.953142
8230.000000 40.657590 11.791429 55.698503 -0.281621 -0.028340 -0.068297 0.956672
8231.000000 40.555821 11.977725 56.080022 -0.270761 -0.063730 -0.057608 0.958806
8232.000000 40.459993 12.194096 56.447655 -0.259872 -0.092783 -0.048694 0.959941
8233.000000 40.356012 12.419063 56.806755 -0.248662 -0.114059 -0.041866 0.960940
8234.000000 40.235167 12.636515 57.166231 -0.236102 -0.127531 -0.036941 0.962615
8235.000000 40.111684 12.822561 57.541269 -0.221414 -0.134132 -0.033482 0.965331
8236.000000 39.987033 12.972087 57.932490 -0.204896 -0.135226 -0.031085 0.968899
8237.000000 39.895817 13.111529 58.336762 -0.187888 -0.132229 -0.029506 0.972802
8238.000000 39.781173 13.243459 58.737584 -0.171875 -0.126427 -0.028598 0.976554
8239.000000 39.694255 13.371823 59.145411 -0.157493 -0.118900 -0.028188 0.979931
8240.000000 39.614680 13.508570 59.550726 -0.144251 -0.110515 -0.028043 0.982950
8241.000000 39.528799 13.611813 59.966377 -0.131101 -0.101964 -0.027929 0.985716
8242.000000 39.460808 13.705538 60.387703 -0.117302 -0.093820 -0.027688 0.988267
8243.000000 39.396977 13.779633 60.813812 -0.102871 -0.086538 -0.027271 0.990548
8244.000000 39.331947 13.854045 61.239325 -0.088436 -0.080410 -0.026716 0.992471
8245.000000 39.272371 13.906640 61.668544 -0.074759 -0.075546 -0.026091 0.993994
8246.000000 39.211740 13.948208 62.098924 -0.062337 -0.071927 -0.025452 0.995135
8247.000000 39.165345 13.984081 62.531919 -0.051273 -0.069527 -0.024824 0.995952
8248.000000 39.104723 14.020176 62.962731 -0.041361 -0.068420 -0.024200 0.996505
8249.000000 39.050362 14.036087 63.396568 -0.032289 -0.068786 -0.023565 0.996830
8250.000000 39.004278 14.063612 63.829895 -0.023851 -0.070771 -0.022913 0.996944
8251.000000 38.923770 14.062604 64.259379 -0.016087 -0.074294 -0.022267 0.996858
8252.000000 38.852269 14.063047 64.689994 -0.009298 -0.078938 -0.021674 0.996600
8253.000000 38.776972 14.072427 65.119692 -0.003928 -0.084029 -0.021191 0.996230
8254.000000 38.698954 14.049292 65.549208 -0.000416 -0.088823 -0.020870 0.995829
8255.000000 38.602659 14.053309 65.974932 0.000888 -0.092684 -0.020750 0.995479
8256.000000 38.522229 14.055456 66.403771 -0.000280 -0.095133 -0.020860 0.995246
8257.000000 38.429736 14.050642 66.830971 -0.004153 -0.095799 -0.021228 0.995166
8258.000000 38.346094 14.062258 67.259961 -0.010959 -0.094359 -0.021880 0.995237
8259.000000 38.260619 14.083169 67.687899 -0.020874 -0.090510 -0.022842 0.995415
8260.000000 38.189044 14.114818 68.117982 -0.033943 -0.084025 -0.024125 0.995593
8261.000000 38.125362 14.165349 68.547437 -0.050003 -0.074860 -0.025727 0.995607
8262.000000 38.077379 14.236771 68.976142 -0.068629 -0.063266 -0.027617 0.995251
8263.000000 38.046790 14.326547 69.402933 -0.089119 -0.049818 -0.029731 0.994330
8264.000000 38.028717 14.441541 69.824253 -0.110521 -0.035336 -0.031968 0.992731
8265.000000 38.033567 14.576532 70.240117 -0.131732 -0.020720 -0.034208 0.990478
8266.000000 38.043881 14.726235 70.649888 -0.151654 -0.006782 -0.036335 0.987742
8267.000000 38.064763 14.885836 71.056200 -0.169361 0.005865 -0.038262 0.984794
8268.000000 38.105435 15.059777 71.455192 -0.184218 0.016834 -0.039938 0.981929
8269.000000 38.135564 15.239949 71.851020 -0.195923 0.025912 -0.041337 0.979405
8270.000000 38.179158 15.416080 72.248459 -0.204466 0.032974 -0.042444 0.977397
8271.000000 38.234964 15.608293 72.637319 -0.210024 0.037915 -0.043237 0.976004
8272.000000 38.287173 15.784274 73.033536 -0.212839 0.040685 -0.043697 0.975262
8273.000000 38.327162 15.973637 73.425208 -0.213138 0.041388 -0.043835 0.975160
8274.000000 38.370768 16.156224 73.819624 -0.211137 0.040348 -0.043712 0.975645
8275.000000 38.413666 16.330349 74.218346 -0.207084 0.038046 -0.043419 0.976618
8276.000000 38.446846 16.497532 74.620968 -0.201201 0.034966 -0.043046 0.977979
8277.000000 38.479554 16.658129 75.026323 -0.193435 0.031458 -0.042665 0.979680
8278.000000 38.504258 16.813920 75.434092 -0.183197 0.027710 -0.042329 0.981774
8279.000000 38.531147 16.960898 75.845045 -0.169668 0.023831 -0.042078 0.984314
8280.000000 38.551965 17.110999 76.255134 -0.153167 0.020036 -0.041928 0.987107
8281.000000 38.571363 17.250781 76.669144 -0.137100 0.016868 -0.041864 0.989528
8282.000000 38.584861 17.311309 76.879383 -0.131297 0.015802 -0.041854 0.990333
8283.000000 38.563417 17.181880 76.461675 -0.144708 0.018321 -0.041888 0.988418
8284.000000 38.540113 17.035036 76.050522 -0.161671 0.021899 -0.041991 0.985708
8285.000000 38.518564 16.890762 75.638317 -0.176874 0.025778 -0.042191 0.982991
8286.000000 38.492616 16.733973 75.230973 -0.188681 0.029607 -0.042488 0.980672
8287.000000 38.460257 16.579212 74.823366 -0.197577 0.033251 -0.042853 0.978786
8288.000000 38.429619 16.415431 74.419053 -0.204364 0.036578 -0.043237 0.977255
8289.000000 38.393313 16.240316 74.020188 -0.209350 0.039322 -0.043580 0.976077
8290.000000 38.346466 16.068218 73.621041 -0.212410 0.041057 -0.043801 0.975335
8291.000000 38.310872 15.880935 73.228117 -0.213290 0.041279 -0.043803 0.975133
8292.000000 38.267531 15.693974 72.835376 -0.211759 0.039570 -0.043509 0.975551
8293.000000 38.205422 15.509900 72.444203 -0.207603 0.035715 -0.042882 0.976620
8294.000000 38.153844 15.335601 72.046839 -0.200581 0.029702 -0.041929 0.978329
8295.000000 38.127910 15.140323 71.656582 -0.190471 0.021618 -0.040673 0.980612
8296.000000 38.084736 14.974906 71.254444 -0.177173 0.011576 -0.039133 0.983333
8297.000000 38.050660 14.800047 70.855410 -0.160832 -0.000267 -0.037328 0.986276
8298.000000 38.037045 14.638643 70.449712 -0.141918 -0.013622 -0.035292 0.989155
8299.000000 38.030726 14.506807 70.032932 -0.121221 -0.027990 -0.033095 0.991679
8300.000000 38.035340 14.380721 69.614384 -0.099773 -0.042650 -0.030841 0.993617
8301.000000 38.059133 14.277058 69.190325 -0.078696 -0.056727 -0.028652 0.994871
8302.000000 38.099138 14.199757 68.761751 -0.059033 -0.069338 -0.026639 0.995489
8303.000000 38.152371 14.137326 68.332319 -0.041619 -0.079770 -0.024887 0.995633
8304.000000 38.225218 14.095685 67.903276 -0.027019 -0.087605 -0.023443 0.995513
8305.000000 38.302722 14.068809 67.474000 -0.015521 -0.092752 -0.022321 0.995318
8306.000000 38.386032 14.052424 67.045201 -0.007176 -0.095362 -0.021517 0.995184
8307.000000 38.479110 14.050947 66.618127 -0.001863 -0.095709 -0.021010 0.995186
8308.000000 38.554926 14.052823 66.187983 0.000628 -0.094110 -0.020774 0.995345
8309.000000 38.653961 14.056929 65.762402 0.000530 -0.090904 -0.020783 0.995643
8310.000000 38.736209 14.060066 65.334218 -0.001915 -0.086506 -0.021007 0.996028
8311.000000 38.815212 14.059956 64.905321 -0.006406 -0.081475 -0.021415 0.996425
8312.000000 38.891481 14.067607 64.475134 -0.012545 -0.076514 -0.021960 0.996748
8313.000000 38.973617 14.063247 64.045872 -0.019871 -0.072358 -0.022587 0.996925
8314.000000 39.023320 14.057032 63.612224 -0.027995 -0.069573 -0.023240 0.996913
8315.000000 39.074826 14.029049 63.179405 -0.036737 -0.068407 -0.023885 0.996695
8316.000000 39.136502 14.004314 62.747735 -0.046192 -0.068802 -0.024513 0.996259
8317.000000 39.191087 13.968131 62.315675 -0.056643 -0.070573 -0.025137 0.995580
8318.000000 39.254325 13.927461 61.885458 -0.068375 -0.073583 -0.025771 0.994609
8319.000000 39.311467 13.874279 61.455813 -0.081463 -0.077819 -0.026408 0.993283
8320.000000 39.367886 13.827087 61.025374 -0.095604 -0.083319 -0.027007 0.991559
8321.000000 39.431817 13.745206 60.600751 -0.110136 -0.090049 -0.027500 0.989447
8322.000000 39.494926 13.666645 60.175465 -0.124301 -0.097809 -0.027830 0.987020
8323.000000 39.574266 13.567544 59.757221 -0.137727 -0.106222 -0.027995 0.984360
8324.000000 39.641425 13.447564 59.342443 -0.150793 -0.114768 -0.028098 0.981479
8325.000000 39.744386 13.293780 58.947230 -0.164488 -0.122820 -0.028344 0.978292
8326.000000 39.838745 13.177608 58.537168 -0.179689 -0.129606 -0.028977 0.974718
8327.000000 39.945855 13.041728 58.135518 -0.196350 -0.134154 -0.030203 0.970843
8328.000000 40.052882 12.893773 57.739683 -0.213317 -0.135277 -0.032170 0.967037
8329.000000 40.174249 12.738148 57.349721 -0.229035 -0.131610 -0.035057 0.963843
8330.000000 40.289519 12.529220 56.983535 -0.242618 -0.121728 -0.039191 0.961656
8331.000000 40.406410 12.318804 56.618840 -0.254365 -0.104424 -0.045021 0.960400
8332.000000 40.512558 12.085836 56.265670 -0.265312 -0.079174 -0.052897 0.959449
8333.000000 40.606240 11.874297 55.894651 -0.276222 -0.046677 -0.062772 0.957905
8334.000000 40.702366 11.685190 55.512918 -0.286808 -0.009128 -0.074065 0.955077
8335.000000 40.733778 11.418371 55.165445 -0.295705 0.029987 -0.085776 0.950948
8336.000000 40.684992 11.187861 54.797581 -0.301115 0.066575 -0.096783 0.946325
8337.000000 40.642020 10.946641 54.435914 -0.301717 0.096851 -0.106146 0.942507
8338.000000 40.539902 10.689020 54.096749 -0.297439 0.118211 -0.113274 0.940598
8339.000000 40.388087 10.426464 53.782701 -0.289729 0.129766 -0.117923 0.940910
8340.000000 40.197876 10.206312 53.456166 -0.281194 0.132331 -0.120108 0.942864
8341.000000 40.053659 9.985215 53.107852 -0.274705 0.127895 -0.120020 0.945397
8342.000000 39.916302 9.773976 52.750383 -0.272430 0.118958 -0.118025 0.947471
8343.000000 39.763137 9.603844 52.379741 -0.275265 0.108065 -0.114684 0.948366
8344.000000 39.642204 9.385208 52.020720 -0.282868 0.097546 -0.110701 0.947742
8345.000000 39.514820 9.195606 51.648163 -0.294111 0.089170 -0.106779 0.945593
8346.000000 39.433600 8.964041 51.286341 -0.307626 0.083702 -0.103388 0.942163
8347.000000 39.355339 8.728396 50.926543 -0.322205 0.080712 -0.100616 0.937841
8348.000000 39.266067 8.475187 50.581270 -0.337015 0.078928 -0.098196 0.933032
8349.000000 39.173753 8.213868 50.243165 -0.351649 0.076948 -0.095705 0.928042
8350.000000 39.062679 7.939435 49.922060 -0.366024 0.073818 -0.092796 0.923020
8351.000000 38.974774 7.661931 49.596175 -0.380117 0.069217 -0.089320 0.918010
8352.000000 38.869815 7.378658 49.279976 -0.393653 0.063406 -0.085384 0.913086
8353.000000 38.810387 7.061953 48.985032 -0.405945 0.057258 -0.081407 0.908462
8354.000000 38.704880 6.774341 48.672708 -0.416059 0.052298 -0.078156 0.904462
8355.000000 38.631722 6.442492 48.399115 -0.423190 0.050426 -0.076593 0.901388
8356.000000 38.558977 6.097569 48.139987 -0.426985 0.053222 -0.077521 0.899356
8357.000000 38.546083 5.759237 47.862477 -0.427623 0.061287 -0.081230 0.898212
8358.000000 38.489337 5.424778 47.587307 -0.425737 0.074120 -0.087422 0.897559
8359.000000 38.422532 5.093631 47.310259 -0.422321 0.090563 -0.095432 0.896848
8360.000000 38.302028 4.746671 47.068938 -0.418520 0.109295 -0.104479 0.895533
8361.000000 38.233365 4.436284 46.771799 -0.415182 0.128933 -0.113791 0.893337
8362.000000 38.087204 4.123487 46.503251 -0.412198 0.147812 -0.122656 0.890618
8363.000000 37.957221 3.822986 46.213508 -0.407971 0.163894 -0.130558 0.888624
8364.000000 37.784318 3.515803 45.952961 -0.399475 0.175099 -0.137395 0.889316
8365.000000 37.580491 3.227627 45.695369 -0.383141 0.179916 -0.143568 0.894551
8366.000000 37.381722 2.942296 45.432652 -0.356427 0.177955 -0.149713 0.904919
8367.000000 37.161398 2.623745 45.220007 -0.319451 0.170214 -0.156230 0.919005
8368.000000 36.967117 2.339243 44.954874 -0.275789 0.158970 -0.162961 0.933870
8369.000000 36.784576 2.105966 44.630018 -0.231665 0.147218 -0.169290 0.946572
8370.000000 36.606244 1.904847 44.285686 -0.193617 0.137727 -0.174559 0.955549
8371.000000 36.488990 1.780512 43.884534 -0.165914 0.132112 -0.178407 0.960828
8372.000000 36.377092 1.710124 43.468095 -0.149306 0.130444 -0.180860 0.963318
8373.000000 36.255923 1.617999 43.058159 -0.141631 0.131583 -0.182203 0.964069
8374.000000 36.129292 1.527798 42.649659 -0.139536 0.133963 -0.182804 0.963933
8375.000000 35.991449 1.437572 42.244658 -0.140115 0.136340 -0.182980 0.963482
8376.000000 35.857369 1.337332 41.840938 -0.141690 0.138148 -0.182930 0.963003
8377.000000 35.705189 1.240499 41.442654 -0.143700 0.139357 -0.182738 0.962568
8378.000000 35.572297 1.143473 41.037566 -0.146142 0.140052 -0.182411 0.962161
8379.000000 35.427894 1.053646 40.634839 -0.149017 0.140076 -0.181930 0.961808
8380.000000 35.295010 0.945223 40.232712 -0.152011 0.139044 -0.181295 0.961609
8381.000000 35.153078 0.851354 39.829867 -0.154363 0.136791 -0.180610 0.961686
8382.000000 35.000960 0.738048 39.435866 -0.154870 0.133955 -0.180155 0.962089
8383.000000 34.851624 0.632805 39.038559 -0.152074 0.132186 -0.180384 0.962737
8384.000000 34.709436 0.519833 38.640703 -0.144710 0.133624 -0.181767 0.963413
8385.000000 34.594249 0.397813 38.237324 -0.132349 0.139806 -0.184499 0.963794
8386.000000 34.470336 0.267106 37.838959 -0.115876 0.150665 -0.188319 0.963540
8387.000000 34.356306 0.159218 37.430712 -0.097363 0.164383 -0.192602 0.962498
8388.000000 34.222161 0.075422 37.023545 -0.079194 0.178306 -0.196697 0.960857
8389.000000 34.061768 0.049799 36.616942 -0.062880 0.190299 -0.200256 0.959025
8390.000000 33.853866 0.040725 36.232233 -0.048303 0.199586 -0.203347 0.957331
8391.000000 33.699069 0.045975 35.823212 -0.033907 0.206627 -0.206349 0.955812
8392.000000 33.513120 0.034629 35.428391 -0.017684 0.212453 -0.209704 0.954241
8393.000000 33.330542 0.029984 35.031203 0.001703 0.218119 -0.213669 0.952243
8394.000000 33.161805 0.046833 34.627699 0.024288 0.224592 -0.218162 0.949407
8395.000000 32.955746 0.080869 34.243619 0.048923 0.232805 -0.222799 0.945394
8396.000000 32.782170 0.143553 33.848714 0.073942 0.243503 -0.227055 0.940045
8397.000000 32.621553 0.237844 33.454088 0.097920 0.256908 -0.230495 0.933425
8398.000000 32.439306 0.361993 33.076698 0.120111 0.272559 -0.232939 0.925756
8399.000000 32.257629 0.497706 32.703449 0.140488 0.289549 -0.234484 0.917301
8400.000000 32.070130 0.662847 32.344635 0.159508 0.307027 -0.235384 0.908232
8401.000000 31.852067 0.830713 32.005585 0.177827 0.324581 -0.235888 0.898544
8402.000000 31.646458 1.048428 31.686947 0.196038 0.342292 -0.236122 0.888061
8403.000000 31.420623 1.236477 31.363155 0.214491 0.360486 -0.236065 0.876537
8404.000000 31.201755 1.471200 31.066034 0.233211 0.379434 -0.235594 0.863792
8405.000000 30.960834 1.701214 30.782347 0.251874 0.399161 -0.234542 0.849835
8406.000000 30.738108 1.971542 30.519081 0.269765 0.419350 -0.232724 0.834992
8407.000000 30.486834 2.242171 30.285226 0.285676 0.439288 -0.229956 0.820083
8408.000000 30.224058 2.517354 30.071714 0.297888 0.457859 -0.226071 0.806548
8409.000000 29.992753 2.835834 29.876111 0.304410 0.473753 -0.220908 0.796299
8410.000000 29.715053 3.131596 29.714852 0.303515 0.485965 -0.214214 0.791094
8411.000000 29.448362 3.454250 29.591051 0.294296 0.494387 -0.205492 0.791672
8412.000000 29.179751 3.789008 29.498347 0.276959 0.500140 -0.193992 0.797196
8413.000000 28.887864 4.081199 29.357281 0.252776 0.505297 -0.179032 0.805436
8414.000000 28.600321 4.378554 29.212846 0.223870 0.511926 -0.160612 0.813645
8415.000000 28.275077 4.624424 29.056198 0.193020 0.520866 -0.139931 0.819671
8416.000000 27.973049 4.878726 28.862811 0.163437 0.531123 -0.119316 0.822776
8417.000000 27.634821 5.083512 28.668018 0.138295 0.540493 -0.101471 0.823678
8418.000000 27.250540 5.193448 28.494406 0.120007 0.547065 -0.088465 0.823707
8419.000000 26.848952 5.311869 28.370436 0.109601 0.550469 -0.081096 0.823647
8420.000000 26.446698 5.403901 28.225226 0.106610 0.552002 -0.078868 0.823230
8421.000000 26.052200 5.505929 28.068158 0.109487 0.553644 -0.080439 0.821597
8422.000000 25.669435 5.601175 27.879147 0.116185 0.556782 -0.084205 0.818171
8423.000000 25.284747 5.704329 27.698519 0.124667 0.561552 -0.088774 0.813165
8424.000000 24.896118 5.837653 27.549176 0.133258 0.567080 -0.093209 0.807450
8425.000000 24.507229 5.978603 27.407525 0.140860 0.572218 -0.097047 0.802064
8426.000000 24.118007 6.119864 27.267159 0.146973 0.576178 -0.100163 0.797737
8427.000000 23.729881 6.280276 27.145203 0.151539 0.578766 -0.102587 0.794696
8428.000000 23.338213 6.437134 27.030365 0.154697 0.580248 -0.104349 0.792775
8429.000000 22.946623 6.592427 26.913129 0.156561 0.581020 -0.105418 0.791702
8430.000000 22.563405 6.760848 26.786216 0.157086 0.581290 -0.105704 0.791361
8431.000000 22.178300 6.925787 26.662719 0.156025 0.580932 -0.105072 0.791918
8432.000000 21.788364 7.091623 26.550578 0.152930 0.579589 -0.103313 0.793735
8433.000000 21.401750 7.258131 26.433881 0.147235 0.576915 -0.100126 0.797161
8434.000000 21.013294 7.413125 26.309377 0.138414 0.572805 -0.095156 0.802297
8435.000000 20.625479 7.579808 26.194722 0.126194 0.567530 -0.088114 0.808839
8436.000000 20.237511 7.740515 26.073486 0.110704 0.561759 -0.078907 0.816054
8437.000000 19.849509 7.874209 25.922266 0.092474 0.556494 -0.067686 0.822910
8438.000000 19.457004 8.000851 25.777727 0.072247 0.552910 -0.054788 0.828293
8439.000000 19.065783 8.104425 25.611767 0.050716 0.552094 -0.040622 0.831246
8440.000000 18.675821 8.169095 25.425732 0.028362 0.554722 -0.025574 0.831159
8441.000000 18.280137 8.226180 25.249581 0.005497 0.560768 -0.010013 0.827894
8442.000000 17.881493 8.241529 25.072905 -0.017492 0.569404 0.005631 0.821852
8443.000000 17.482894 8.261556 24.896254 -0.039940 0.579217 0.020817 0.813928
8444.000000 17.075570 8.241524 24.739392 -0.060965 0.588682 0.034967 0.805304
8445.000000 16.664218 8.187935 24.604299 -0.079813 0.596669 0.047662 0.797085
8446.000000 16.246324 8.108926 24.505912 -0.096203 0.602685 0.058808 0.789973
8447.000000 15.842533 8.004475 24.372118 -0.110405 0.606808 0.068643 0.784144
8448.000000 15.424858 7.908596 24.285411 -0.122999 0.609420 0.077565 0.779398
8449.000000 15.017784 7.793014 24.177280 -0.134557 0.610932 0.085940 0.775416
8450.000000 14.614357 7.658649 24.079349 -0.145459 0.611598 0.094015 0.771978
8451.000000 14.206159 7.523934 23.999845 -0.155913 0.611423 0.101962 0.769063
8452.000000 13.811818 7.368312 23.899025 -0.166038 0.610164 0.109962 0.766838
8453.000000 13.420375 7.196617 23.810464 -0.175930 0.607461 0.118228 0.765547
8454.000000 13.021975 7.041416 23.723480 -0.185656 0.603095 0.126917 0.765311
8455.000000 12.633204 6.855052 23.658377 -0.195229 0.597280 0.135989 0.765930
8456.000000 12.252781 6.662185 23.566552 -0.204574 0.590816 0.145112 0.766830
8457.000000 11.876471 6.456325 23.481954 -0.213540 0.584913 0.153705 0.767236
8458.000000 11.504743 6.243985 23.393442 -0.221900 0.580755 0.161117 0.766502
8459.000000 11.159369 6.009916 23.265693 -0.229367 0.579037 0.166838 0.764377
8460.000000 10.807829 5.771874 23.160926 -0.235622 0.579733 0.170648 0.761099
8461.000000 10.461926 5.528206 23.053242 -0.240391 0.582122 0.172680 0.757316
8462.000000 10.099596 5.297722 22.970589 -0.243529 0.585009 0.173389 0.753919
8463.000000 9.774905 5.021302 22.872348 -0.245031 0.587094 0.173390 0.751809
8464.000000 9.432237 4.769573 22.769573 -0.244959 0.587409 0.173189 0.751632
8465.000000 9.069898 4.530381 22.733540 -0.243363 0.585641 0.172971 0.753578
8466.000000 8.714023 4.286656 22.666767 -0.240324 0.582092 0.172629 0.757372
8467.000000 8.367960 4.034247 22.579293 -0.236062 0.577334 0.172025 0.762474
8468.000000 8.049764 3.758326 22.466646 -0.231001 0.571792 0.171227 0.768358
8469.000000 7.684711 3.538631 22.383424 -0.225711 0.565471 0.170594 0.774723
8470.000000 7.325174 3.307244 22.291587 -0.220799 0.557923 0.170690 0.781559
8471.000000 6.995942 3.054819 22.155723 -0.216779 0.548483 0.172090 0.789024
8472.000000 6.639906 2.833978 22.032277 -0.213864 0.536738 0.175053 0.797202
8473.000000 6.283249 2.606146 21.923999 -0.211662 0.522973 0.179189 0.805971
8474.000000 5.924425 2.389324 21.798205 -0.208950 0.508191 0.183380 0.815141
8475.000000 5.597352 2.166246 21.612211 -0.203849 0.493564 0.186156 0.824734
8476.000000 5.281552 1.924300 21.431743 -0.194526 0.479697 0.186375 0.835054
8477.000000 4.975101 1.680680 21.237428 -0.180177 0.466284 0.183788 0.846367
8478.000000 4.664796 1.437544 21.048929 -0.161697 0.452436 0.179144 0.858524
8479.000000 4.369269 1.202586 20.828735 -0.141525 0.437444 0.173795 0.870867
8480.000000 4.047144 1.023655 20.595510 -0.122670 0.421377 0.169096 0.882497
8481.000000 3.717722 0.873705 20.349901 -0.107529 0.405060 0.165925 0.892655
8482.000000 3.405036 0.735524 20.075722 -0.097191 0.389489 0.164542 0.900987
8483.000000 3.114596 0.627346 19.767783 -0.091476 0.375142 0.164759 0.907610
8484.000000 2.839422 0.488659 19.458091 -0.089435 0.361718 0.166212 0.912982
8485.000000 2.539977 0.381660 19.155382 -0.089893 0.348421 0.168540 0.917669
8486.000000 2.270558 0.264013 18.832717 -0.091775 0.334493 0.171442 0.922117
8487.000000 2.000196 0.138435 18.512212 -0.094186 0.319547 0.174648 0.926562
8488.000000 1.754267 0.011230 18.175312 -0.096325 0.303514 0.177900 0.931103
8489.000000 1.484857 -0.110023 17.850713 -0.097336 0.286417 0.180937 0.935817
8490.000000 1.286317 -0.244523 17.484687 -0.096272 0.268332 0.183495 0.940776
8491.000000 1.076214 -0.357117 17.120459 -0.092308 0.249614 0.185331 0.945952
8492.000000 0.828171 -0.497407 16.785207 -0.085090 0.231000 0.186287 0.951155
8493.000000 0.672496 -0.635134 16.404687 -0.074919 0.213180 0.186388 0.956139
8494.000000 0.512211 -0.740849 16.013635 -0.062559 0.195930 0.185870 0.960807
8495.000000 0.347616 -0.844125 15.622069 -0.048835 0.177533 0.185102 0.965316
8496.000000 0.202778 -0.896303 15.212253 -0.034374 0.155274 0.184389 0.969902
8497.000000 0.081978 -0.982224 14.802017 -0.019652 0.126998 0.183832 0.974521
8498.000000 -0.093331 -1.048262 14.405969 -0.005227 0.092781 0.183322 0.978651
8499.000000 -0.252424 -1.083457 13.998387 0.008126 0.055539 0.182698 0.981566
8500.000000 -0.298094 -1.085592 13.564319 0.019483 0.020040 0.181923 0.982915
8501.000000 -0.332586 -1.093512 13.125826 0.028016 -0.009042 0.181128 0.983019
8502.000000 -0.323451 -1.049085 12.691571 0.033240 -0.028837 0.180500 0.982590
8503.000000 -0.273642 -1.004830 12.259517 0.035123 -0.038902 0.180140 0.982244
8504.000000 -0.222001 -0.954853 11.828098 0.034047 -0.040741 0.180031 0.982227
8505.000000 -0.184244 -0.907094 11.394846 0.030768 -0.036761 0.180082 0.982483
8506.000000 -0.134701 -0.879089 10.961344 0.026463 -0.029321 0.180212 0.982834
8507.000000 -0.118432 -0.833346 10.526450 0.022723 -0.020295 0.180382 0.983125
8508.000000 -0.106551 -0.796061 10.090812 0.021182 -0.011187 0.180573 0.983270
8509.000000 -0.075601 -0.787654 9.655014 0.022759 -0.003413 0.180753 0.983259
8510.000000 -0.075863 -0.794165 9.217774 0.027037 0.001723 0.180871 0.983134
8511.000000 -0.077345 -0.788421 8.780710 0.032377 0.003485 0.180885 0.982965
8512.000000 -0.096048 -0.777043 8.344230 0.036815 0.002201 0.180800 0.982828
8513.000000 -0.141450 -0.725975 7.911957 0.039112 -0.000800 0.180665 0.982766
8514.000000 -0.154048 -0.679660 7.477377 0.039205 -0.003939 0.180540 0.982778
8515.000000 -0.137858 -0.635606 7.042772 0.037930 -0.006311 0.180450 0.982832
8516.000000 -0.122685 -0.615565 6.605561 0.036399 -0.008054 0.180385 0.982889
8517.000000 -0.131236 -0.570432 6.170724 0.035496 -0.009898 0.180316 0.982918
8518.000000 -0.136112 -0.538751 5.734340 0.035561 -0.012291 0.180228 0.982905
8519.000000 -0.134581 -0.521949 5.297193 0.036201 -0.014791 0.180138 0.982864
8520.000000 -0.134077 -0.491710 4.860891 0.036323 -0.016164 0.180087 0.982847
8521.000000 -0.130035 -0.458473 4.424750 0.034539 -0.015093 0.180115 0.982923
8522.000000 -0.109145 -0.435629 3.988536 0.029831 -0.010954 0.180231 0.983111
8523.000000 -0.074085 -0.347767 3.558779 0.022009 -0.004087 0.180399 0.983339
8524.000000 -0.073468 -0.327797 3.125263 0.011617 0.004623 0.180572 0.983482
8525.000000 -0.079991 -0.308069 2.688383 -0.000596 0.014440 0.180719 0.983428
8526.000000 -0.095255 -0.300176 2.251537 -0.014060 0.025136 0.180823 0.983094
8527.000000 -0.090614 -0.312285 1.814391 -0.028264 0.036708 0.180858 0.982418
8528.000000 -0.128364 -0.325024 1.378696 -0.042324 0.048742 0.180797 0.981400
8529.000000 -0.137327 -0.326648 0.941772 -0.054821 0.060045 0.180647 0.980182
8530.000000 -0.166638 -0.398251 0.511098 -0.064206 0.068957 0.180466 0.979058
8531.000000 -0.220632 -0.466848 0.082997 -0.069513 0.074183 0.180338 0.978337
8532.000000 -0.254371 -0.515507 -0.127833 -0.069448 0.079173 0.175439 0.978841
8533.000000 -0.255525 -0.515510 -0.128916 -0.064145 0.094054 0.155906 0.981189
8534.000000 -0.256679 -0.515512 -0.130000 -0.058801 0.108876 0.136273 0.982913
8535.000000 -0.210299 -0.437804 0.207488 -0.057548 0.103138 0.136573 0.983564
8536.000000 -0.163555 -0.393459 0.548829 -0.054337 0.091246 0.137131 0.984844
8537.000000 -0.139845 -0.336206 0.891927 -0.048552 0.074997 0.137753 0.986429
8538.000000 -0.137792 -0.325294 1.239516 -0.040209 0.057735 0.138227 0.987898
8539.000000 -0.108113 -0.320374 1.587207 -0.030095 0.042374 0.138460 0.989003
8540.000000 -0.088123 -0.307888 1.934847 -0.019345 0.030191 0.138498 0.989713
8541.000000 -0.095826 -0.299934 2.283594 -0.008751 0.020812 0.138434 0.990114
8542.000000 -0.083835 -0.306008 2.631946 0.001551 0.013012 0.138330 0.990300
8543.000000 -0.069684 -0.322440 2.979997 0.011741 0.005606 0.138205 0.990318
8544.000000 -0.072006 -0.317233 3.328088 0.021634 -0.001918 0.138057 0.990186
8545.000000 -0.079423 -0.375535 3.671510 0.030342 -0.009135 0.137887 0.989941
8546.000000 -0.111567 -0.437537 4.014574 0.036612 -0.014897 0.137727 0.989681
8547.000000 -0.128614 -0.455073 4.362453 0.039623 -0.018012 0.137628 0.989527
8548.000000 -0.133565 -0.479187 4.710313 0.039593 -0.018020 0.137626 0.989529
8549.000000 -0.134172 -0.507383 5.057995 0.037727 -0.015538 0.137708 0.989632
8550.000000 -0.135192 -0.526099 5.406138 0.035578 -0.011941 0.137828 0.989745
8551.000000 -0.136055 -0.539799 5.754731 0.034304 -0.008679 0.137938 0.989809
8552.000000 -0.132533 -0.564090 6.102773 0.034326 -0.006680 0.138006 0.989814
8553.000000 -0.123795 -0.602474 6.449284 0.035472 -0.006047 0.138030 0.989774
8554.000000 -0.127432 -0.623417 6.797339 0.037342 -0.006061 0.138032 0.989705
8555.000000 -0.143033 -0.644970 7.145277 0.039510 -0.005491 0.138054 0.989621
8556.000000 -0.154284 -0.680911 7.491887 0.041410 -0.003264 0.138141 0.989541
8557.000000 -0.147718 -0.713690 7.839236 0.042146 0.000759 0.138306 0.989492
8558.000000 -0.114691 -0.763211 8.182955 0.040666 0.005434 0.138517 0.989510
8559.000000 -0.080843 -0.785092 8.529433 0.036401 0.008809 0.138704 0.989626
8560.000000 -0.077059 -0.792444 8.878116 0.029941 0.009174 0.138800 0.989825
8561.000000 -0.075853 -0.793661 9.226533 0.023105 0.005940 0.138785 0.990035
8562.000000 -0.076230 -0.784705 9.575067 0.018180 -0.000235 0.138685 0.990170
8563.000000 -0.089069 -0.794623 9.923244 0.016772 -0.008035 0.138553 0.990180
8564.000000 -0.116024 -0.806397 10.270248 0.019042 -0.016266 0.138434 0.990055
8565.000000 -0.118808 -0.844296 10.617654 0.023811 -0.024272 0.138341 0.989801
8566.000000 -0.135007 -0.879285 10.964270 0.029366 -0.031828 0.138256 0.989449
8567.000000 -0.176294 -0.899757 11.309859 0.034323 -0.038685 0.138160 0.989059
8568.000000 -0.206074 -0.934582 11.655635 0.037969 -0.044092 0.138064 0.988713
8569.000000 -0.240542 -0.975375 12.000310 0.039998 -0.046611 0.138028 0.988522
8570.000000 -0.285824 -1.013620 12.343992 0.040071 -0.044314 0.138139 0.988609
8571.000000 -0.323220 -1.048671 12.688744 0.037673 -0.035301 0.138470 0.989020
8572.000000 -0.336292 -1.089162 13.034240 0.032362 -0.018328 0.139048 0.989587
8573.000000 -0.313616 -1.093921 13.383958 0.024116 0.006646 0.139820 0.989861
8574.000000 -0.286079 -1.076100 13.732324 0.013410 0.038093 0.140660 0.989234
8575.000000 -0.230091 -1.080880 14.075081 0.001008 0.072885 0.141426 0.987262
8576.000000 -0.096907 -1.049315 14.398086 -0.012283 0.106847 0.142064 0.983997
8577.000000 0.046202 -0.999231 14.713366 -0.025741 0.136023 0.142660 0.980042
8578.000000 0.156667 -0.932700 15.035964 -0.038805 0.158208 0.143372 0.976170
8579.000000 0.252103 -0.875724 15.366030 -0.051222 0.173780 0.144301 0.972807
8580.000000 0.374515 -0.831919 15.690059 -0.063114 0.185235 0.145406 0.969826
8581.000000 0.506279 -0.745061 16.001050 -0.074722 0.195740 0.146511 0.966766
8582.000000 0.646103 -0.654389 16.306380 -0.085931 0.207670 0.147351 0.963212
8583.000000 0.741053 -0.564910 16.629739 -0.096014 0.221850 0.147640 0.959044
8584.000000 0.915605 -0.442973 16.904615 -0.103931 0.237652 0.147185 0.954493
8585.000000 1.112245 -0.339343 17.175864 -0.108975 0.253734 0.145969 0.949967
8586.000000 1.280078 -0.249152 17.465551 -0.111207 0.268989 0.144145 0.945780
8587.000000 1.424723 -0.146573 17.766651 -0.111349 0.283140 0.141915 0.941962
8588.000000 1.632085 -0.039156 18.028211 -0.110292 0.296584 0.139439 0.938313
8589.000000 1.835072 0.055938 18.294394 -0.108678 0.309726 0.136820 0.934633
8590.000000 2.040877 0.154644 18.557129 -0.106823 0.322507 0.134160 0.930902
8591.000000 2.256416 0.255240 18.812560 -0.104914 0.334506 0.131585 0.927246
8592.000000 2.464283 0.354599 19.073181 -0.103222 0.345389 0.129245 0.923768
8593.000000 2.699680 0.435874 19.318942 -0.102187 0.355244 0.127289 0.920412
8594.000000 2.936744 0.533604 19.556538 -0.102393 0.364648 0.125847 0.916903
8595.000000 3.147810 0.641617 19.811475 -0.104529 0.374509 0.125053 0.912786
8596.000000 3.381952 0.727238 20.055038 -0.109394 0.385689 0.125094 0.907540
8597.000000 3.633846 0.830213 20.274873 -0.117817 0.398485 0.126277 0.900768
8598.000000 3.886309 0.951695 20.482150 -0.130380 0.412329 0.128964 0.892387
8599.000000 4.148778 1.080666 20.672170 -0.146963 0.426018 0.133355 0.882682
8600.000000 4.400516 1.227434 20.860663 -0.166364 0.438405 0.139192 0.872210
8601.000000 4.638788 1.415374 21.032665 -0.186340 0.449016 0.145603 0.861662
8602.000000 4.885333 1.607523 21.186666 -0.204231 0.458231 0.151285 0.851720
8603.000000 5.126741 1.812394 21.332839 -0.217912 0.467018 0.154960 0.842850
8604.000000 5.380313 1.992004 21.491413 -0.226565 0.476520 0.155838 0.835052
8605.000000 5.629946 2.189444 21.632798 -0.230845 0.487590 0.153890 0.827819
8606.000000 5.890722 2.366242 21.782757 -0.232386 0.500340 0.149845 0.820489
8607.000000 6.171201 2.544052 21.890232 -0.233015 0.513894 0.144965 0.812775
8608.000000 6.464889 2.711384 21.976964 -0.234098 0.526676 0.140608 0.805009
8609.000000 6.743421 2.902530 22.062982 -0.236277 0.537268 0.137723 0.797840
8610.000000 7.024542 3.076269 22.171926 -0.239567 0.545221 0.136534 0.791644
8611.000000 7.286157 3.279120 22.279588 -0.243665 0.551150 0.136647 0.786249
8612.000000 7.570432 3.464289 22.360196 -0.248257 0.556058 0.137480 0.781196
8613.000000 7.849785 3.655350 22.441840 -0.253127 0.560598 0.138632 0.776169
8614.000000 8.147972 3.827098 22.481658 -0.258049 0.564930 0.139890 0.771165
8615.000000 8.393276 4.054116 22.587814 -0.262646 0.569066 0.141007 0.766354
8616.000000 8.670364 4.253720 22.658151 -0.266444 0.573027 0.141661 0.761958
8617.000000 8.953563 4.451644 22.700088 -0.269094 0.576590 0.141729 0.758317
8618.000000 9.231654 4.651751 22.763103 -0.270558 0.579064 0.141518 0.755947
8619.000000 9.528297 4.830981 22.792919 -0.271015 0.579629 0.141552 0.755344
8620.000000 9.794764 5.039355 22.878709 -0.270590 0.578009 0.142052 0.756643
8621.000000 10.051198 5.262969 22.956376 -0.269189 0.574806 0.142663 0.759462
8622.000000 10.338702 5.445819 23.031870 -0.266610 0.571147 0.142705 0.763115
8623.000000 10.615103 5.646956 23.097434 -0.262773 0.568071 0.141633 0.766933
8624.000000 10.893695 5.836996 23.185537 -0.257822 0.566247 0.139237 0.770393
8625.000000 11.177258 6.021122 23.271155 -0.252032 0.566139 0.135495 0.773051
8626.000000 11.448486 6.211962 23.376503 -0.245655 0.568143 0.130413 0.774506
8627.000000 11.741972 6.386589 23.447337 -0.238867 0.572399 0.124063 0.774539
8628.000000 12.042056 6.547527 23.521924 -0.231793 0.578486 0.116730 0.773305
8629.000000 12.346883 6.702834 23.587724 -0.224542 0.585415 0.108907 0.771369
8630.000000 12.647619 6.861766 23.659546 -0.217188 0.592012 0.101122 0.769497
8631.000000 12.959331 7.005949 23.713690 -0.209758 0.597395 0.093722 0.768334
8632.000000 13.268817 7.145221 23.792790 -0.202233 0.601211 0.086809 0.768187
8633.000000 13.586498 7.274993 23.846799 -0.194584 0.603573 0.080295 0.769019
8634.000000 13.904584 7.399634 23.912708 -0.186770 0.604843 0.074007 0.770587
8635.000000 14.215479 7.527196 24.002047 -0.178735 0.605412 0.067762 0.772618
8636.000000 14.539843 7.636367 24.068739 -0.170423 0.605561 0.061419 0.774906
8637.000000 14.864445 7.740131 24.137617 -0.161803 0.605410 0.054916 0.777357
8638.000000 15.186486 7.846049 24.218032 -0.152878 0.604929 0.048258 0.779974
8639.000000 15.514338 7.929704 24.300221 -0.143612 0.603978 0.041448 0.782859
8640.000000 15.846584 8.005585 24.373073 -0.133789 0.602330 0.034367 0.786205
8641.000000 16.168968 8.090783 24.476469 -0.122921 0.599690 0.026699 0.790284
8642.000000 16.498293 8.160682 24.563982 -0.110346 0.595715 0.017997 0.795377
8643.000000 16.832653 8.213383 24.647003 -0.095539 0.590113 0.007898 0.801609
8644.000000 17.157569 8.250001 24.767893 -0.078476 0.582858 -0.003638 0.808767
8645.000000 17.481486 8.261610 24.895729 -0.059755 0.574407 -0.016255 0.816224
8646.000000 17.800640 8.237607 25.033270 -0.040324 0.565729 -0.029364 0.823081
8647.000000 18.119164 8.242926 25.173546 -0.021012 0.558051 -0.042419 0.828455
8648.000000 18.433613 8.209990 25.320652 -0.002208 0.552452 -0.055107 0.831718
8649.000000 18.748644 8.151528 25.457534 0.016092 0.549563 -0.067334 0.832579
8650.000000 19.059288 8.105813 25.608742 0.034014 0.549519 -0.079081 0.831034
8651.000000 19.371983 8.026223 25.741510 0.051535 0.552046 -0.090264 0.827310
8652.000000 19.680054 7.923841 25.867661 0.068389 0.556570 -0.100686 0.821837
8653.000000 19.998009 7.829302 25.976616 0.084101 0.562336 -0.110083 0.815222
8654.000000 20.302122 7.711179 26.099289 0.098108 0.568540 -0.118185 0.808189
8655.000000 20.613646 7.583769 26.190700 0.109900 0.574471 -0.124789 0.801457
8656.000000 20.923922 7.454809 26.283579 0.119173 0.579587 -0.129826 0.795627
8657.000000 21.231721 7.329156 26.387661 0.125922 0.583541 -0.133405 0.791092
8658.000000 21.543609 7.194874 26.467435 0.130437 0.586178 -0.135788 0.787999
8659.000000 21.850225 7.066551 26.571171 0.133156 0.587528 -0.137285 0.786278
8660.000000 22.161801 6.933382 26.658623 0.134469 0.587779 -0.138125 0.785719
8661.000000 22.469121 6.798505 26.750095 0.134605 0.587237 -0.138379 0.786057
8662.000000 22.774362 6.669057 26.858644 0.133671 0.586245 -0.138023 0.787019
8663.000000 23.081463 6.535249 26.955201 0.131814 0.585112 -0.137067 0.788341
8664.000000 23.398267 6.413534 27.038885 0.129329 0.584027 -0.135660 0.789800
8665.000000 23.701971 6.297753 27.163298 0.126549 0.582961 -0.134041 0.791312
8666.000000 24.014847 6.185794 27.266877 0.123517 0.581515 -0.132353 0.793137
8667.000000 24.324285 6.048358 27.351274 0.119679 0.578835 -0.130448 0.795997
8668.000000 24.636467 5.929372 27.450587 0.113888 0.573790 -0.127842 0.800907
8669.000000 24.947221 5.821389 27.565970 0.104810 0.565521 -0.123835 0.808620
8670.000000 25.255681 5.714350 27.687527 0.091505 0.554099 -0.117746 0.818985
8671.000000 25.550541 5.639438 27.857611 0.073839 0.540828 -0.109150 0.830746
8672.000000 25.842888 5.585445 28.044329 0.052480 0.527894 -0.098040 0.841999
8673.000000 26.145415 5.555019 28.213209 0.028512 0.517516 -0.084817 0.850982
8674.000000 26.451396 5.553295 28.380586 0.002852 0.511182 -0.070026 0.856610
8675.000000 26.748484 5.555056 28.561798 -0.024278 0.509426 -0.053971 0.858477
8676.000000 27.054136 5.576318 28.728742 -0.053651 0.512005 -0.036405 0.856532
8677.000000 27.354392 5.640506 28.893427 -0.086923 0.517991 -0.016497 0.850798
8678.000000 27.664436 5.724715 29.032420 -0.125862 0.525607 0.006811 0.841338
8679.000000 27.988754 5.803600 29.137108 -0.170928 0.532277 0.034041 0.828436
8680.000000 28.269798 5.978403 29.228404 -0.219828 0.535444 0.064255 0.812925
8681.000000 28.492848 6.240200 29.278843 -0.267292 0.533958 0.094604 0.796551
8682.000000 28.699476 6.512776 29.350525 -0.306820 0.528858 0.121022 0.782000
8683.000000 28.912344 6.781065 29.422157 -0.333482 0.522512 0.139982 0.772124
8684.000000 29.146692 7.033523 29.482405 -0.345821 0.516691 0.150242 0.768678
8685.000000 29.393555 7.270082 29.552436 -0.345849 0.511291 0.153340 0.771658
8686.000000 29.640341 7.493119 29.656287 -0.337602 0.504731 0.152525 0.779748
8687.000000 29.896103 7.707030 29.757571 -0.325196 0.495360 0.150918 0.791258
8688.000000 30.142538 7.921630 29.885754 -0.311310 0.482641 0.150133 0.804738
8689.000000 30.334811 8.165971 30.041150 -0.296810 0.467374 0.150129 0.819101
8690.000000 30.578515 8.363834 30.198753 -0.281560 0.451062 0.150089 0.833511
8691.000000 30.789780 8.569143 30.384196 -0.265655 0.435019 0.149472 0.847256
8692.000000 31.038222 8.723175 30.578568 -0.250061 0.419806 0.148505 0.859755
8693.000000 31.254718 8.884163 30.798822 -0.236269 0.405196 0.147937 0.870694
8694.000000 31.454547 9.075975 31.010088 -0.225481 0.390505 0.148500 0.880120
8695.000000 31.673067 9.254094 31.216583 -0.218177 0.375022 0.150579 0.888304
8696.000000 31.885848 9.400585 31.454145 -0.214309 0.358425 0.154186 0.895450
8697.000000 32.063567 9.552697 31.712947 -0.213650 0.340999 0.159080 0.901536
8698.000000 32.197705 9.740596 31.974250 -0.215840 0.323482 0.164857 0.906419
8699.000000 32.375271 9.926703 32.209148 -0.220277 0.306615 0.171060 0.910057
8700.000000 32.544316 10.105122 32.458299 -0.226265 0.290848 0.177316 0.912563
8701.000000 32.665810 10.286617 32.730900 -0.233387 0.276464 0.183398 0.914037
8702.000000 32.770250 10.468170 33.009341 -0.241599 0.263886 0.189146 0.914449
8703.000000 32.915027 10.662597 33.260367 -0.250767 0.253719 0.194322 0.913773
8704.000000 33.000372 10.878354 33.520395 -0.259940 0.246476 0.198540 0.912284
8705.000000 33.131901 11.085268 33.768481 -0.267020 0.242287 0.201321 0.910751
8706.000000 33.211767 11.317875 34.015129 -0.269205 0.240717 0.202273 0.910313
8707.000000 33.312457 11.530450 34.271329 -0.264117 0.240568 0.201371 0.912041
8708.000000 33.446725 11.735203 34.517186 -0.251065 0.239769 0.199176 0.916409
8709.000000 33.609831 11.911002 34.770728 -0.231709 0.235796 0.196742 0.923041
8710.000000 33.732786 12.009449 35.079276 -0.209531 0.226839 0.195117 0.930898
8711.000000 33.843464 12.154081 35.376941 -0.188197 0.213072 0.194745 0.938753
8712.000000 33.929431 12.287264 35.687832 -0.169837 0.196987 0.195267 0.945633
8713.000000 33.984336 12.405050 36.011047 -0.154459 0.182365 0.195829 0.951071
8714.000000 34.080650 12.519919 36.325513 -0.140749 0.172515 0.195634 0.955068
8715.000000 34.166066 12.611817 36.651593 -0.127386 0.168873 0.194326 0.957858
8716.000000 34.252159 12.707509 36.974593 -0.113873 0.170687 0.192058 0.959694
8717.000000 34.398829 12.780196 37.283033 -0.100585 0.175738 0.189301 0.960814
8718.000000 34.503345 12.872542 37.603226 -0.088442 0.181545 0.186589 0.961459
8719.000000 34.625072 12.933046 37.923152 -0.078580 0.186391 0.184352 0.961820
8720.000000 34.757488 12.970801 38.243910 -0.072039 0.189710 0.182845 0.961971
8721.000000 34.861266 13.041705 38.569091 -0.069326 0.191834 0.182138 0.961883
8722.000000 34.998309 13.128656 38.878523 -0.070021 0.193438 0.182096 0.961520
8723.000000 35.111115 13.194358 39.201222 -0.072734 0.195067 0.182414 0.960928
8724.000000 35.227212 13.281529 39.518934 -0.075579 0.196937 0.182726 0.960268
8725.000000 35.355714 13.366678 39.830477 -0.076999 0.198894 0.182762 0.959745
8726.000000 35.481982 13.460242 40.140927 -0.076576 0.200399 0.182508 0.959514
8727.000000 35.615597 13.519887 40.457403 -0.075504 0.200517 0.182293 0.959615
8728.000000 35.740086 13.573140 40.778617 -0.076415 0.198011 0.182739 0.959979
8729.000000 35.873809 13.634541 41.094353 -0.082467 0.191705 0.184530 0.960415
8730.000000 36.003071 13.713676 41.408491 -0.095970 0.181180 0.188062 0.960519
8731.000000 36.092961 13.819269 41.727434 -0.117239 0.167557 0.193155 0.959620
8732.000000 36.111221 13.951756 42.049008 -0.144371 0.153724 0.199002 0.957039
8733.000000 36.155955 14.106309 42.358262 -0.174156 0.143420 0.204424 0.952529
8734.000000 36.201270 14.290147 42.651637 -0.203531 0.139376 0.208359 0.946433
8735.000000 36.229019 14.459347 42.959639 -0.230674 0.141711 0.210392 0.939384
8736.000000 36.333300 14.670227 43.212371 -0.255147 0.147816 0.210986 0.931953
8737.000000 36.423148 14.877256 43.476673 -0.277244 0.153864 0.211200 0.924585
8738.000000 36.451252 15.092752 43.749714 -0.297123 0.156861 0.212037 0.917689
8739.000000 36.512405 15.342539 43.984836 -0.314384 0.155883 0.213892 0.911654
8740.000000 36.532631 15.580578 44.238020 -0.328303 0.151976 0.216459 0.906789
8741.000000 36.577742 15.821643 44.485761 -0.338393 0.147190 0.219031 0.903245
8742.000000 36.597714 16.061215 44.738103 -0.344764 0.143560 0.220880 0.900966
8743.000000 36.613418 16.305510 44.985847 -0.348051 0.142499 0.221507 0.899716
8744.000000 36.658442 16.548644 45.231731 -0.349100 0.144545 0.220745 0.899171
8745.000000 36.697014 16.790396 45.479242 -0.348685 0.149371 0.218760 0.899028
8746.000000 36.756563 17.030820 45.724285 -0.347395 0.156035 0.215960 0.899072
8747.000000 36.820317 17.268308 45.967123 -0.345582 0.163487 0.212786 0.899204
8748.000000 36.872153 17.512381 46.209349 -0.343325 0.171114 0.209484 0.899424
8749.000000 36.931436 17.748154 46.459231 -0.340460 0.178993 0.206000 0.899785
8750.000000 37.007195 17.984178 46.704402 -0.336799 0.187589 0.202115 0.900292
8751.000000 37.060789 18.230107 46.944757 -0.332518 0.197059 0.197779 0.900824
8752.000000 37.186537 18.442900 47.190902 -0.328496 0.206647 0.193412 0.901099
8753.000000 37.297703 18.670519 47.429078 -0.326301 0.214672 0.189922 0.900763
8754.000000 37.404662 18.892814 47.674822 -0.327709 0.219195 0.188367 0.899488
8755.000000 37.516215 19.130345 47.903092 -0.333964 0.218891 0.189483 0.897023
8756.000000 37.598257 19.365471 48.147153 -0.345232 0.213517 0.193385 0.893212
8757.000000 37.665547 19.626037 48.367267 -0.360504 0.203760 0.199616 0.888072
8758.000000 37.710366 19.900836 48.577390 -0.377928 0.190722 0.207428 0.881912
8759.000000 37.761530 20.165640 48.796918 -0.395334 0.175481 0.216088 0.875342
8760.000000 37.767712 20.455832 48.989483 -0.410796 0.158981 0.225027 0.869100
8761.000000 37.769207 20.748705 49.178113 -0.423142 0.142161 0.233807 0.863756
8762.000000 37.758658 21.022546 49.393386 -0.432280 0.126101 0.241993 0.859460
8763.000000 37.735074 21.293912 49.610944 -0.439120 0.111962 0.249100 0.855913
8764.000000 37.703287 21.574338 49.815064 -0.445033 0.100721 0.254674 0.852609
8765.000000 37.654827 21.851630 50.019730 -0.451101 0.092838 0.258477 0.849164
8766.000000 37.624924 22.151556 50.196212 -0.457614 0.088102 0.260602 0.845526
8767.000000 37.592056 22.437905 50.391238 -0.464102 0.085792 0.261436 0.841962
8768.000000 37.546560 22.732693 50.571658 -0.469731 0.085028 0.261482 0.838898
8769.000000 37.516102 23.022806 50.762059 -0.473697 0.085064 0.261195 0.836751
8770.000000 37.473938 23.322289 50.933352 -0.475411 0.085338 0.260926 0.835835
8771.000000 37.444031 23.615150 51.119114 -0.474522 0.085385 0.260963 0.836323
8772.000000 37.402332 23.909564 51.300655 -0.470926 0.084809 0.261527 0.838236
8773.000000 37.370307 24.196739 51.495038 -0.464809 0.083387 0.262716 0.841415
8774.000000 37.330829 24.476274 51.699408 -0.456694 0.081196 0.264427 0.845527
8775.000000 37.300741 24.752111 51.909890 -0.447408 0.078590 0.266396 0.850107
8776.000000 37.251523 25.018124 52.129098 -0.437944 0.076001 0.268322 0.854653
8777.000000 37.220661 25.285203 52.350469 -0.429187 0.073635 0.270050 0.858749
8778.000000 37.186946 25.544504 52.580841 -0.421565 0.071122 0.271742 0.862195
8779.000000 37.159982 25.807539 52.807530 -0.414741 0.067145 0.274047 0.865089
8780.000000 37.114850 26.067942 53.034516 -0.407612 0.059326 0.278105 0.867750
8781.000000 37.066967 26.331939 53.255785 -0.398862 0.045101 0.285070 0.870408
8782.000000 37.037606 26.578418 53.500988 -0.388132 0.024212 0.294899 0.872813
8783.000000 37.016376 26.830996 53.739993 -0.377428 0.001909 0.305040 0.874354
8784.000000 36.936286 26.902007 53.875108 -0.373494 -0.006431 0.308750 0.874720
8785.000000 37.029786 26.704539 53.619837 -0.382530 0.012640 0.300202 0.873722
8786.000000 37.059288 26.458814 53.375121 -0.393691 0.035325 0.289715 0.871679
8787.000000 37.091948 26.200884 53.144249 -0.403502 0.053124 0.281181 0.869081
8788.000000 37.125999 25.938308 52.918205 -0.411303 0.063893 0.275774 0.866427
8789.000000 37.169071 25.673853 52.696380 -0.418107 0.069444 0.272756 0.863694
8790.000000 37.200260 25.415074 52.464843 -0.425235 0.072453 0.270873 0.860554
8791.000000 37.242324 25.152716 52.239394 -0.433435 0.074795 0.269210 0.856776
8792.000000 37.268178 24.887627 52.015168 -0.442637 0.077271 0.267380 0.852414
8793.000000 37.315315 24.617166 51.800936 -0.452136 0.079916 0.265399 0.847791
8794.000000 37.353400 24.337927 51.595984 -0.460955 0.082370 0.263520 0.843382
8795.000000 37.388902 24.052930 51.398223 -0.468158 0.084206 0.262045 0.839684
8796.000000 37.425200 23.764938 51.205819 -0.473058 0.085195 0.261169 0.837107
8797.000000 37.454799 23.469784 51.023536 -0.475304 0.085417 0.260890 0.835898
8798.000000 37.483217 23.172638 50.844032 -0.474863 0.085202 0.261039 0.836125
8799.000000 37.527876 22.879719 50.662498 -0.471965 0.084985 0.261356 0.837687
8800.000000 37.571622 22.583649 50.485264 -0.467078 0.085269 0.261527 0.840340
8801.000000 37.616063 22.293283 50.297083 -0.460910 0.086700 0.261149 0.843710
8802.000000 37.638192 22.000359 50.109224 -0.454317 0.090114 0.259730 0.847358
8803.000000 37.671605 21.715876 49.911536 -0.448009 0.096357 0.256800 0.850916
8804.000000 37.718966 21.438491 49.706794 -0.442110 0.105935 0.252101 0.854261
8805.000000 37.739962 21.157541 49.502248 -0.435903 0.118722 0.245713 0.857624
8806.000000 37.766762 20.889045 49.281680 -0.428074 0.133963 0.238004 0.861487
8807.000000 37.775992 20.600741 49.086245 -0.417391 0.150548 0.229463 0.866295
8808.000000 37.756218 20.310294 48.894487 -0.403404 0.167332 0.220552 0.872136
8809.000000 37.751636 20.036778 48.677736 -0.386766 0.183316 0.211692 0.878632
8810.000000 37.682769 19.760156 48.477747 -0.369081 0.197580 0.203374 0.885088
8811.000000 37.645088 19.497217 48.251612 -0.352469 0.209121 0.196254 0.890797
8812.000000 37.551121 19.246502 48.028903 -0.339009 0.216812 0.191104 0.895290
8813.000000 37.459497 19.011601 47.789517 -0.330191 0.219688 0.188568 0.898417
8814.000000 37.364461 18.779224 47.548392 -0.326456 0.217477 0.188844 0.900260
8815.000000 37.249128 18.552726 47.310904 -0.327056 0.210980 0.191489 0.901029
8816.000000 37.115655 18.341558 47.066404 -0.330389 0.201927 0.195551 0.901015
8817.000000 37.035715 18.108935 46.822243 -0.334700 0.192236 0.199990 0.900569
8818.000000 36.972271 17.863180 46.583767 -0.338732 0.183175 0.204119 0.900024
8819.000000 36.901908 17.627956 46.336511 -0.341984 0.174995 0.207778 0.899584
8820.000000 36.851364 17.383129 46.094698 -0.344515 0.167289 0.211148 0.899300
8821.000000 36.767682 17.148459 45.851410 -0.346543 0.159716 0.214397 0.899129
8822.000000 36.724925 16.906944 45.605913 -0.348122 0.152544 0.217432 0.899036
8823.000000 36.679382 16.664127 45.360776 -0.349034 0.146660 0.219883 0.899065
8824.000000 36.636147 16.427282 45.108635 -0.348803 0.143135 0.221297 0.899376
8825.000000 36.604889 16.187412 44.857952 -0.346741 0.142653 0.221365 0.900232
8826.000000 36.595133 15.941621 44.611059 -0.342012 0.145123 0.220084 0.901959
8827.000000 36.559537 15.702390 44.359689 -0.333835 0.149556 0.217793 0.904850
8828.000000 36.525279 15.469000 44.104372 -0.321804 0.154178 0.215126 0.909061
8829.000000 36.475477 15.218907 43.867472 -0.306125 0.156840 0.212842 0.914542
8830.000000 36.438531 14.985555 43.612935 -0.287472 0.155855 0.211498 0.921052
8831.000000 36.390096 14.765603 43.346948 -0.266471 0.151074 0.211068 0.928235
8832.000000 36.272836 14.564163 43.088089 -0.243232 0.144528 0.210809 0.935687
8833.000000 36.212265 14.372923 42.808523 -0.217437 0.139857 0.209604 0.942988
8834.000000 36.174646 14.196132 42.506041 -0.189044 0.140536 0.206623 0.949641
8835.000000 36.129380 14.027598 42.204740 -0.159143 0.147912 0.201842 0.955016
8836.000000 36.110020 13.879725 41.889888 -0.130259 0.160433 0.196054 0.958570
8837.000000 36.049553 13.762182 41.569195 -0.105707 0.174612 0.190450 0.960242
8838.000000 35.943004 13.672389 41.249707 -0.088212 0.186943 0.186074 0.960545
8839.000000 35.805989 13.608804 40.935621 -0.078617 0.195387 0.183430 0.960207
8840.000000 35.667558 13.545973 40.622155 -0.075512 0.199673 0.182388 0.959772
8841.000000 35.549037 13.493104 40.299166 -0.075983 0.200704 0.182362 0.959525
8842.000000 35.417436 13.411136 39.987324 -0.076982 0.199752 0.182659 0.959588
8843.000000 35.281847 13.330847 39.676988 -0.076528 0.197929 0.182787 0.959977
8844.000000 35.175668 13.232286 39.358982 -0.074256 0.195973 0.182592 0.960594
8845.000000 35.052147 13.163417 39.040249 -0.071240 0.194227 0.182233 0.961245
8846.000000 34.929616 13.086026 38.723754 -0.069315 0.192661 0.182050 0.961736
8847.000000 34.806889 13.001836 38.408291 -0.070205 0.190880 0.182396 0.961960
8848.000000 34.695361 12.950201 38.082302 -0.074845 0.188235 0.183498 0.961922
8849.000000 34.558059 12.909722 37.764083 -0.083154 0.184151 0.185391 0.961667
8850.000000 34.454462 12.826181 37.441980 -0.094301 0.178680 0.187909 0.961182
8851.000000 34.326549 12.742611 37.128446 -0.107152 0.172971 0.190706 0.960328
8852.000000 34.200431 12.662923 36.815433 -0.120642 0.169216 0.193287 0.958880
8853.000000 34.127380 12.564831 36.487550 -0.134078 0.169918 0.195120 0.956598
8854.000000 34.031025 12.468799 36.166564 -0.147492 0.176700 0.195861 0.953237
8855.000000 33.952685 12.343076 35.851468 -0.161842 0.189255 0.195600 0.948541
8856.000000 33.892684 12.223496 35.529710 -0.178598 0.205094 0.194942 0.942357
8857.000000 33.786566 12.083394 35.227813 -0.198575 0.220449 0.194779 0.934896
8858.000000 33.681724 11.945012 34.925869 -0.220725 0.231986 0.195781 0.926894
8859.000000 33.524122 11.843210 34.637445 -0.241984 0.238326 0.197916 0.919496
8860.000000 33.376017 11.631912 34.395531 -0.258538 0.240408 0.200377 0.913899
8861.000000 33.256640 11.427230 34.143745 -0.267666 0.240575 0.202034 0.910857
8862.000000 33.178165 11.200213 33.890068 -0.268899 0.241229 0.202039 0.910320
8863.000000 33.062278 10.980511 33.647370 -0.263911 0.244012 0.200140 0.911457
8864.000000 32.962486 10.772187 33.386740 -0.255458 0.249712 0.196580 0.913094
8865.000000 32.842323 10.558809 33.140308 -0.246097 0.258463 0.191826 0.914241
8866.000000 32.710926 10.379759 32.871262 -0.237354 0.269914 0.186325 0.914381
8867.000000 32.611608 10.194883 32.592527 -0.229693 0.283463 0.180389 0.913428
8868.000000 32.465119 10.016130 32.329946 -0.223113 0.298576 0.174199 0.911442
8869.000000 32.281135 9.835436 32.093597 -0.217823 0.314931 0.167932 0.908389
8870.000000 32.131397 9.643359 31.845542 -0.214421 0.332200 0.161887 0.904135
8871.000000 31.980953 9.473270 31.581786 -0.213596 0.349775 0.156495 0.898634
8872.000000 31.781978 9.329304 31.331814 -0.215826 0.366859 0.152202 0.892002
8873.000000 31.562830 9.169752 31.110133 -0.221389 0.382896 0.149342 0.884350
8874.000000 31.350949 8.978678 30.908926 -0.230453 0.397910 0.148043 0.875581
8875.000000 31.157729 8.796821 30.683734 -0.242849 0.412462 0.148119 0.865425
8876.000000 30.909927 8.651848 30.480131 -0.257729 0.427307 0.148992 0.853689
8877.000000 30.691328 8.463962 30.287380 -0.273650 0.442952 0.149856 0.840507
8878.000000 30.452492 8.269409 30.118348 -0.289290 0.459253 0.150164 0.826347
8879.000000 30.243420 8.041378 29.962529 -0.304137 0.475238 0.150080 0.811866
8880.000000 30.023873 7.812373 29.816087 -0.318346 0.489396 0.150393 0.797828
8881.000000 29.766667 7.600895 29.708603 -0.331707 0.500464 0.151676 0.785176
8882.000000 29.517339 7.383108 29.599803 -0.342483 0.508275 0.153203 0.775172
8883.000000 29.269427 7.153648 29.514461 -0.347147 0.514017 0.152503 0.769427
8884.000000 29.027085 6.909423 29.452794 -0.341386 0.519495 0.146163 0.769556
8885.000000 28.803715 6.648397 29.387677 -0.321941 0.525694 0.131580 0.776329
8886.000000 28.596799 6.376082 29.313360 -0.288424 0.531722 0.108562 0.788859
8887.000000 28.384792 6.107013 29.249637 -0.244150 0.535268 0.079655 0.804695
8888.000000 28.140258 5.869144 29.193885 -0.195170 0.534419 0.048910 0.820922
8889.000000 27.827478 5.760307 29.086198 -0.147696 0.529236 0.019950 0.835283
8890.000000 27.506695 5.684207 28.968072 -0.105605 0.521742 -0.005324 0.846525
8891.000000 27.204540 5.601803 28.812354 -0.069678 0.514661 -0.026812 0.854137
8892.000000 26.901091 5.566811 28.645820 -0.038596 0.510214 -0.045417 0.857980
8893.000000 26.601004 5.545596 28.469427 -0.010506 0.509732 -0.062157 0.858021
8894.000000 26.299659 5.555316 28.294710 0.015858 0.513789 -0.077588 0.854254
8895.000000 25.992497 5.564748 28.130988 0.040754 0.522269 -0.091657 0.846860
8896.000000 25.695870 5.611825 27.952996 0.063557 0.534169 -0.103892 0.836558
8897.000000 25.404739 5.671353 27.765550 0.083191 0.547570 -0.113773 0.824805
8898.000000 25.102683 5.770284 27.625899 0.098715 0.560151 -0.121086 0.813526
8899.000000 24.790028 5.873156 27.511123 0.109834 0.570082 -0.126059 0.804395
8900.000000 24.481824 5.986914 27.393170 0.117113 0.576676 -0.129274 0.798134
8901.000000 24.171171 6.119907 27.308373 0.121759 0.580398 -0.131451 0.794376
8902.000000 23.855306 6.242192 27.223894 0.125083 0.582328 -0.133206 0.792151
8903.000000 23.553016 6.355528 27.093228 0.127962 0.583506 -0.134863 0.790543
8904.000000 23.239478 6.472823 26.996571 0.130627 0.584558 -0.136405 0.789064
8905.000000 22.926852 6.601306 26.908471 0.132843 0.585681 -0.137614 0.787651
8906.000000 22.622300 6.735993 26.807210 0.134266 0.586776 -0.138279 0.786477
8907.000000 22.317188 6.862188 26.699209 0.134676 0.587586 -0.138326 0.785793
8908.000000 22.005567 7.002346 26.617663 0.133970 0.587774 -0.137779 0.785869
8909.000000 21.696745 7.129281 26.518392 0.131994 0.587006 -0.136630 0.786978
8910.000000 21.387728 7.264399 26.430907 0.128433 0.585026 -0.134726 0.789366
8911.000000 21.077162 7.386157 26.330543 0.122851 0.581723 -0.131784 0.793183
8912.000000 20.770077 7.526529 26.241681 0.114859 0.577157 -0.127501 0.798399
8913.000000 20.456083 7.643546 26.145860 0.104306 0.571578 -0.121682 0.804743
8914.000000 20.152093 7.775610 26.038268 0.091352 0.565431 -0.114310 0.811712
8915.000000 19.840161 7.876926 25.919080 0.076422 0.559348 -0.105530 0.818629
8916.000000 19.525042 7.976622 25.808330 0.060071 0.554102 -0.095585 0.824758
8917.000000 19.214573 8.065594 25.677497 0.042835 0.550491 -0.084753 0.829422
8918.000000 18.903054 8.124005 25.533808 0.025096 0.549194 -0.073271 0.832098
8919.000000 18.590824 8.187457 25.392704 0.006996 0.550649 -0.061279 0.832455
8920.000000 18.276138 8.226578 25.247752 -0.011540 0.554940 -0.048818 0.830376
8921.000000 17.957213 8.247563 25.109369 -0.030617 0.561690 -0.035924 0.826001
8922.000000 17.643203 8.250608 24.959276 -0.050069 0.570021 -0.022786 0.819787
8923.000000 17.319163 8.259925 24.832101 -0.069267 0.578732 -0.009846 0.812511
8924.000000 16.994733 8.233435 24.707652 -0.087265 0.586677 0.002295 0.805102
8925.000000 16.665583 8.188159 24.604617 -0.103238 0.593128 0.013134 0.798354
8926.000000 16.331134 8.126900 24.528394 -0.116888 0.597891 0.022505 0.792690
8927.000000 16.009215 8.051883 24.415315 -0.128525 0.601155 0.030633 0.788134
8928.000000 15.681006 7.963538 24.338359 -0.138794 0.603258 0.037956 0.784459
8929.000000 15.347664 7.889007 24.268963 -0.148295 0.604525 0.044875 0.781373
8930.000000 15.024487 7.795368 24.178677 -0.157378 0.605217 0.051605 0.778640
8931.000000 14.706089 7.682694 24.093467 -0.166151 0.605522 0.058188 0.776113
8932.000000 14.377869 7.583788 24.031016 -0.174617 0.605528 0.064609 0.773738
8933.000000 14.061646 7.466454 23.946473 -0.182784 0.605194 0.070890 0.771560
8934.000000 13.741865 7.340931 23.890505 -0.190700 0.604318 0.077135 0.769729
8935.000000 13.432422 7.201284 23.812197 -0.198426 0.602554 0.083512 0.768493
8936.000000 13.112621 7.081831 23.746183 -0.206009 0.599501 0.090207 0.768129
8937.000000 12.808912 6.927376 23.675299 -0.213483 0.594891 0.097362 0.768798
8938.000000 12.496095 6.782366 23.628579 -0.220875 0.588821 0.104982 0.770378
8939.000000 12.191502 6.632545 23.551728 -0.228184 0.581920 0.112845 0.772377
8940.000000 11.892566 6.465073 23.486452 -0.235359 0.575265 0.120492 0.774053
8941.000000 11.595491 6.296679 23.416698 -0.242304 0.570000 0.127385 0.774701
8942.000000 11.310361 6.120761 23.322526 -0.248904 0.566858 0.133120 0.773950
8943.000000 11.031986 5.934300 23.227508 -0.255014 0.565951 0.137534 0.771849
8944.000000 10.756522 5.736982 23.145440 -0.260421 0.566971 0.140604 0.768736
8945.000000 10.481947 5.542198 23.056751 -0.264845 0.569486 0.142329 0.765039
8946.000000 10.192028 5.358405 22.996554 -0.268057 0.572961 0.142796 0.761230
8947.000000 9.918884 5.155979 22.916380 -0.270024 0.576540 0.142384 0.757902
8948.000000 9.665634 4.930112 22.836220 -0.270913 0.579074 0.141753 0.755768
8949.000000 9.382476 4.740248 22.763651 -0.270900 0.579622 0.141478 0.755404
8950.000000 9.093902 4.548041 22.740575 -0.269965 0.578019 0.141625 0.756938
8951.000000 8.807182 4.359543 22.681995 -0.267922 0.574891 0.141760 0.760014
8952.000000 8.530437 4.153997 22.626839 -0.264673 0.571072 0.141409 0.764087
8953.000000 8.266776 3.944966 22.537522 -0.260418 0.567020 0.140486 0.768723
8954.000000 8.002697 3.734438 22.465229 -0.255601 0.562790 0.139260 0.773655
8955.000000 7.714075 3.558573 22.390942 -0.250669 0.558356 0.138031 0.778686
8956.000000 7.424377 3.374048 22.328058 -0.245915 0.553678 0.137005 0.783707
8957.000000 7.151437 3.176480 22.236462 -0.241537 0.548374 0.136466 0.788874
8958.000000 6.888197 2.985213 22.113799 -0.237799 0.541555 0.136930 0.794619
8959.000000 6.603170 2.807636 22.021140 -0.235038 0.532302 0.138949 0.801314
8960.000000 6.319029 2.625950 21.934379 -0.233443 0.520485 0.142647 0.808858
8961.000000 6.027649 2.457829 21.840762 -0.232714 0.507107 0.147420 0.816673
8962.000000 5.758690 2.275386 21.713584 -0.231839 0.493787 0.152059 0.824199
8963.000000 5.505644 2.091623 21.560243 -0.229164 0.481830 0.155188 0.831409
8964.000000 5.251581 1.904048 21.412966 -0.222857 0.471614 0.155769 0.838839
8965.000000 5.007963 1.709465 21.257281 -0.211685 0.462605 0.153439 0.847138
8966.000000 4.759217 1.516531 21.108104 -0.195703 0.453747 0.148622 0.856578
8967.000000 4.517102 1.317389 20.954198 -0.176447 0.443927 0.142401 0.866901
8968.000000 4.281335 1.151817 20.760097 -0.156432 0.432424 0.136133 0.877500
8969.000000 4.020702 1.010867 20.576684 -0.138216 0.419275 0.130949 0.887670
8970.000000 3.755781 0.893071 20.382503 -0.123566 0.405343 0.127412 0.896769
8971.000000 3.508724 0.774784 20.166064 -0.113114 0.391900 0.125520 0.904359
8972.000000 3.259617 0.684030 19.938080 -0.106568 0.379896 0.124953 0.910334
8973.000000 3.046714 0.594023 19.677604 -0.103172 0.369460 0.125360 0.914953
8974.000000 2.819627 0.480518 19.438339 -0.102094 0.359950 0.126496 0.918701
8975.000000 2.580150 0.395343 19.197503 -0.102589 0.350419 0.128210 0.922087
8976.000000 2.355325 0.309313 18.945131 -0.104017 0.340093 0.130376 0.925483
8977.000000 2.154087 0.201212 18.682227 -0.105862 0.328632 0.132852 0.929056
8978.000000 1.930129 0.108539 18.430188 -0.107769 0.316185 0.135488 0.932768
8979.000000 1.740579 0.005097 18.157644 -0.109529 0.303184 0.138141 0.936483
8980.000000 1.523370 -0.088869 17.899828 -0.110922 0.289917 0.140700 0.940132
8981.000000 1.341938 -0.203184 17.623497 -0.111482 0.276187 0.143069 0.943835
8982.000000 1.206589 -0.292748 17.314665 -0.110408 0.261504 0.145120 0.947822
8983.000000 1.017321 -0.387114 17.036870 -0.106828 0.245743 0.146666 0.952201
8984.000000 0.819147 -0.503557 16.771661 -0.100303 0.229627 0.147511 0.956792
8985.000000 0.689559 -0.619366 16.472441 -0.091178 0.214490 0.147580 0.961197
8986.000000 0.581552 -0.694231 16.150333 -0.080408 0.201436 0.146983 0.965067
8987.000000 0.438483 -0.793129 15.847485 -0.068947 0.190426 0.145974 0.968337
8988.000000 0.311655 -0.857144 15.529285 -0.057216 0.179821 0.144840 0.971294
8989.000000 0.199612 -0.898124 15.201269 -0.045095 0.166700 0.143808 0.974421
8990.000000 0.108110 -0.967939 14.872814 -0.032347 0.148028 0.142992 0.978057
8991.000000 -0.023874 -1.026413 14.555751 -0.019031 0.122228 0.142357 0.982055
8992.000000 -0.167686 -1.067765 14.238487 -0.005574 0.090241 0.141759 0.985764
8993.000000 -0.270714 -1.082084 13.906087 0.007370 0.055319 0.141059 0.988427
8994.000000 -0.298565 -1.085951 13.558552 0.019026 0.021721 0.140242 0.989696
8995.000000 -0.327533 -1.095441 13.208931 0.028586 -0.006785 0.139416 0.989798
8996.000000 -0.335865 -1.073735 12.860652 0.035395 -0.027846 0.138729 0.989306
8997.000000 -0.310338 -1.030006 12.515891 0.039215 -0.040747 0.138274 0.988778
8998.000000 -0.261783 -0.995255 12.172232 0.040308 -0.046191 0.138060 0.988525
8999.000000 -0.222005 -0.954858 11.828140 0.039202 -0.045826 0.138034 0.988590
9000.000000 -0.191778 -0.915669 11.482805 0.036333 -0.041644 0.138110 0.988874
9001.000000 -0.156686 -0.888446 11.137027 0.031978 -0.035375 0.138210 0.989254
9002.000000 -0.122705 -0.864129 10.791140 0.026592 -0.028115 0.138299 0.989634
9003.000000 -0.118266 -0.823735 10.443971 0.021220 -0.020316 0.138384 0.989943
9004.000000 -0.107030 -0.796231 10.096644 0.017497 -0.012151 0.138490 0.990135
9005.000000 -0.076374 -0.791332 9.749513 0.016990 -0.004017 0.138619 0.990192
9006.000000 -0.076022 -0.783925 9.400705 0.020275 0.003143 0.138742 0.990116
9007.000000 -0.076337 -0.798443 9.052373 0.026424 0.007990 0.138806 0.989935
9008.000000 -0.077445 -0.786658 8.703723 0.033355 0.009437 0.138766 0.989718
9009.000000 -0.094817 -0.777801 8.355843 0.038877 0.007410 0.138618 0.989555
9010.000000 -0.133005 -0.741952 8.010630 0.041739 0.003129 0.138410 0.989490
9011.000000 -0.154343 -0.695302 7.665920 0.041991 -0.001434 0.138215 0.989511
9012.000000 -0.150485 -0.664005 7.318397 0.040541 -0.004623 0.138087 0.989579
9013.000000 -0.134817 -0.630634 6.971677 0.038418 -0.005929 0.138037 0.989664
9014.000000 -0.123039 -0.616353 6.622972 0.036342 -0.006044 0.138032 0.989742
9015.000000 -0.128798 -0.581456 6.276266 0.034782 -0.006220 0.138023 0.989799
9016.000000 -0.134912 -0.550357 5.928886 0.034154 -0.007494 0.137978 0.989818
9017.000000 -0.136083 -0.531956 5.580439 0.034788 -0.010193 0.137887 0.989784
9018.000000 -0.134357 -0.518692 5.231972 0.036600 -0.013781 0.137767 0.989692
9019.000000 -0.134109 -0.493639 4.884136 0.038791 -0.017015 0.137659 0.989574
9020.000000 -0.131935 -0.465756 4.536445 0.039930 -0.018390 0.137614 0.989510
9021.000000 -0.122903 -0.446699 4.188396 0.038539 -0.016839 0.137667 0.989585
9022.000000 -0.093306 -0.415869 3.842553 0.033853 -0.012281 0.137803 0.989805
9023.000000 -0.072462 -0.335463 3.500279 0.026214 -0.005626 0.137974 0.990073
9024.000000 -0.074062 -0.327540 3.154385 0.016764 0.001854 0.138135 0.990270
9025.000000 -0.072993 -0.313115 2.805846 0.006656 0.009312 0.138270 0.990328
9026.000000 -0.093981 -0.301167 2.457917 -0.003575 0.016799 0.138384 0.990230
9027.000000 -0.091353 -0.302634 2.109160 -0.014006 0.025219 0.138474 0.989946
9028.000000 -0.093508 -0.314295 1.760874 -0.024735 0.035877 0.138498 0.989404
9029.000000 -0.125231 -0.324563 1.413531 -0.035302 0.049693 0.138373 0.988503
9030.000000 -0.138807 -0.321119 1.064848 -0.044667 0.066281 0.138018 0.987199
9031.000000 -0.150793 -0.369288 0.720887 -0.051784 0.083471 0.137449 0.985626
9032.000000 -0.183266 -0.413745 0.376032 -0.056237 0.097914 0.136829 0.984138
9033.000000 -0.219132 -0.482864 0.032990 -0.058356 0.106713 0.136389 0.983161
9034.000000 -0.204134 -0.429598 -0.123290 -0.065684 0.086609 0.196352 0.974490
9035.000000 0.006044 -0.085943 -0.096448 -0.090168 -0.005157 0.425893 0.900255
9036.000000 0.216222 0.257712 -0.069607 -0.108591 -0.096577 0.626806 0.765504
9037.000000 0.129413 0.258987 0.298561 -0.096718 -0.093347 0.628460 0.766139
9038.000000 0.117219 0.246350 0.703178 -0.072374 -0.087404 0.631570 0.766969
9039.000000 0.101786 0.215534 1.105730 -0.039809 -0.081014 0.635071 0.767162
9040.000000 0.091228 0.132718 1.502491 -0.006586 -0.076973 0.637796 0.766321
9041.000000 0.053740 0.047308 1.895624 0.020758 -0.076719 0.639299 0.764840
9042.000000 0.042609 -0.013926 2.296114 0.039279 -0.079679 0.639800 0.763390
9043.000000 0.025274 -0.113197 2.688822 0.049435 -0.083959 0.639747 0.762385
9044.000000 -0.017729 -0.194335 3.083224 0.053277 -0.087400 0.639534 0.761918
9045.000000 -0.045726 -0.282030 3.476754 0.052834 -0.088183 0.639442 0.761936
9046.000000 -0.068240 -0.366826 3.871087 0.049548 -0.085053 0.639628 0.762356
9047.000000 -0.125829 -0.450033 4.260538 0.044504 -0.077583 0.640119 0.763052
9048.000000 -0.132054 -0.478292 4.664324 0.038784 -0.066523 0.640806 0.763831
9049.000000 -0.133714 -0.509210 5.068321 0.033527 -0.053824 0.641514 0.764486
9050.000000 -0.135623 -0.528201 5.472870 0.029653 -0.042010 0.642093 0.764900
9051.000000 -0.135323 -0.547048 5.877648 0.027584 -0.033140 0.642481 0.765087
9052.000000 -0.128662 -0.582024 6.281212 0.027224 -0.027967 0.642692 0.765130
9053.000000 -0.123888 -0.619322 6.684115 0.028232 -0.025761 0.642782 0.765095
9054.000000 -0.140229 -0.639143 7.088782 0.030225 -0.024822 0.642820 0.765018
9055.000000 -0.154217 -0.680892 7.491350 0.032651 -0.023379 0.642873 0.764920
9056.000000 -0.143217 -0.722622 7.894078 0.034513 -0.020448 0.642978 0.764833
9057.000000 -0.101595 -0.773400 8.293955 0.034470 -0.016304 0.643137 0.764801
9058.000000 -0.077458 -0.786586 8.697708 0.031539 -0.012326 0.643310 0.764856
9059.000000 -0.076148 -0.798479 9.102599 0.025939 -0.010306 0.643434 0.764992
9060.000000 -0.076485 -0.782987 9.507233 0.019204 -0.011596 0.643449 0.765161
9061.000000 -0.087799 -0.794595 9.911815 0.013343 -0.016549 0.643334 0.765290
9062.000000 -0.117033 -0.810330 10.314837 0.009641 -0.024510 0.643116 0.765316
9063.000000 -0.120330 -0.856138 10.718242 0.008058 -0.034233 0.642828 0.765202
9064.000000 -0.154534 -0.887576 11.120185 0.007582 -0.044407 0.642489 0.764969
9065.000000 -0.194998 -0.919681 11.521773 0.007066 -0.054031 0.642107 0.764676
9066.000000 -0.231818 -0.966345 11.922524 0.005865 -0.062596 0.641689 0.764384
9067.000000 -0.282549 -1.011504 12.321821 0.003948 -0.070120 0.641244 0.764116
9068.000000 -0.326364 -1.052918 12.722123 0.001614 -0.077065 0.640768 0.763855
9069.000000 -0.385793 -1.087498 13.121145 -0.000893 -0.083994 0.640247 0.763563
9070.000000 -0.440167 -1.110067 13.521905 -0.003671 -0.091024 0.639667 0.763235
9071.000000 -0.503746 -1.187536 13.911718 -0.007135 -0.097497 0.639036 0.762940
9072.000000 -0.608723 -1.292415 14.291811 -0.011604 -0.102359 0.638389 0.762790
9073.000000 -0.674305 -1.283112 14.689024 -0.016744 -0.105174 0.637776 0.762824
9074.000000 -0.757477 -1.307811 15.083716 -0.021387 -0.106923 0.637244 0.762909
9075.000000 -0.827519 -1.330576 15.482092 -0.024004 -0.109753 0.636835 0.762771
9076.000000 -0.903792 -1.374883 15.877446 -0.023471 -0.115708 0.636559 0.762138
9077.000000 -0.995566 -1.423368 16.268738 -0.019489 -0.125450 0.636380 0.760857
9078.000000 -1.107538 -1.509840 16.647148 -0.012428 -0.137965 0.636256 0.758940
9079.000000 -1.203706 -1.594320 17.031125 -0.002914 -0.151426 0.636189 0.756522
9080.000000 -1.316132 -1.687049 17.408770 0.008367 -0.164495 0.636187 0.753749
9081.000000 -1.404211 -1.800914 17.787269 0.020590 -0.177138 0.636139 0.750683
9082.000000 -1.479509 -1.934849 18.161855 0.032705 -0.190435 0.635760 0.747311
9083.000000 -1.568637 -2.066683 18.535013 0.043560 -0.205552 0.634695 0.743648
9084.000000 -1.682128 -2.222034 18.890660 0.052086 -0.222570 0.632741 0.739857
9085.000000 -1.808936 -2.403726 19.229927 0.057339 -0.240029 0.630008 0.736334
9086.000000 -1.938268 -2.598113 19.561142 0.058420 -0.255696 0.626829 0.733684
9087.000000 -2.089324 -2.794797 19.882745 0.054562 -0.268316 0.623379 0.732413
9088.000000 -2.226051 -2.961648 20.224224 0.045621 -0.279255 0.619281 0.732411
9089.000000 -2.339700 -3.106618 20.585005 0.032771 -0.292702 0.613644 0.732593
9090.000000 -2.506889 -3.218184 20.937300 0.018766 -0.313724 0.605621 0.731059
9091.000000 -2.725979 -3.337319 21.260940 0.007157 -0.345020 0.595091 0.725794
9092.000000 -3.006397 -3.514450 21.487658 0.000639 -0.384516 0.582951 0.715762
9093.000000 -3.282178 -3.752318 21.666916 -0.000345 -0.425835 0.570893 0.701959
9094.000000 -3.519618 -4.027461 21.844940 0.002477 -0.461482 0.560795 0.687413
9095.000000 -3.788248 -4.270710 22.021606 0.006696 -0.486390 0.554032 0.675595
9096.000000 -4.102542 -4.448808 22.207170 0.010706 -0.499489 0.551017 0.668413
9097.000000 -4.354300 -4.691838 22.408984 0.013976 -0.503008 0.551137 0.665610
9098.000000 -4.582064 -4.951870 22.618866 0.016327 -0.500712 0.553041 0.665708
9099.000000 -4.837825 -5.182893 22.831887 0.017347 -0.496239 0.555187 0.667243
9100.000000 -5.086769 -5.417328 23.048958 0.016640 -0.492125 0.556447 0.669255
9101.000000 -5.361992 -5.622850 23.262438 0.014526 -0.489540 0.556524 0.671133
9102.000000 -5.625807 -5.845037 23.474749 0.012339 -0.488503 0.555986 0.672378
9103.000000 -5.887330 -6.071957 23.684645 0.012079 -0.488296 0.555953 0.672560
9104.000000 -6.161693 -6.287667 23.889652 0.015802 -0.487933 0.557666 0.671328
9105.000000 -6.431222 -6.510778 24.093661 0.025118 -0.486648 0.562040 0.668322
9106.000000 -6.674917 -6.753376 24.307337 0.040797 -0.484301 0.569292 0.663095
9107.000000 -6.883322 -7.014131 24.536372 0.062487 -0.481504 0.578749 0.655209
9108.000000 -7.065587 -7.298052 24.760292 0.088705 -0.479353 0.589026 0.644516
9109.000000 -7.227176 -7.607300 24.965655 0.117264 -0.478844 0.598579 0.631396
9110.000000 -7.375876 -7.931146 25.157944 0.145981 -0.480371 0.606319 0.616694
9111.000000 -7.507990 -8.269000 25.337945 0.173265 -0.483622 0.611890 0.601398
9112.000000 -7.623344 -8.618526 25.506760 0.198326 -0.487906 0.615529 0.586292
9113.000000 -7.729737 -8.975206 25.666013 0.221006 -0.492585 0.617692 0.571815
9114.000000 -7.819005 -9.340442 25.816341 0.241426 -0.497320 0.618750 0.558154
9115.000000 -7.898777 -9.713301 25.952658 0.259630 -0.502033 0.618894 0.545459
9116.000000 -7.966418 -10.092939 26.075957 0.275396 -0.506762 0.618194 0.534028
9117.000000 -8.022540 -10.477019 26.190488 0.288265 -0.511536 0.616697 0.524327
9118.000000 -8.072356 -10.866861 26.286508 0.297800 -0.516359 0.614482 0.516817
9119.000000 -8.132296 -11.253456 26.389734 0.303865 -0.521233 0.611649 0.511730
9120.000000 -8.204938 -11.635894 26.501357 0.306688 -0.526162 0.608296 0.508990
9121.000000 -8.282276 -12.019302 26.607263 0.306648 -0.531127 0.604509 0.508370
9122.000000 -8.333215 -12.413597 26.678959 0.304041 -0.536076 0.600348 0.509671
9123.000000 -8.412180 -12.801018 26.754579 0.299162 -0.541007 0.595811 0.512662
9124.000000 -8.512839 -13.174844 26.874283 0.292667 -0.546085 0.590813 0.516795
9125.000000 -8.623966 -13.552121 26.970916 0.285822 -0.551688 0.585230 0.521011
9126.000000 -8.739874 -13.929287 27.062022 0.280257 -0.558276 0.579011 0.523957
9127.000000 -8.870387 -14.299044 27.158102 0.277316 -0.566131 0.572254 0.524515
9128.000000 -9.000406 -14.674781 27.227046 -0.277418 0.575140 -0.565178 -0.522328
9129.000000 -9.105375 -15.063706 27.266587 -0.279914 0.584790 -0.558030 -0.517948
9130.000000 -9.216208 -15.451378 27.305551 -0.283512 0.594385 -0.551040 -0.512525
9131.000000 -9.350777 -15.830804 27.348013 -0.287041 0.603295 -0.544437 -0.507179
9132.000000 -9.459927 -16.220308 27.359580 -0.290065 0.611100 -0.538504 -0.502425
9133.000000 -9.605420 -16.597116 27.392461 -0.292992 0.617576 -0.533604 -0.498018
9134.000000 -9.736977 -16.974517 27.410154 -0.296613 0.622599 -0.530122 -0.493316
9135.000000 -9.858099 -17.362904 27.416785 -0.301417 0.626038 -0.528353 -0.487921
9136.000000 -9.956721 -17.755976 27.408228 -0.307109 0.627700 -0.528407 -0.482144
9137.000000 -10.048991 -18.150281 27.400728 -0.312663 0.627372 -0.530214 -0.476989
9138.000000 -10.146696 -18.543219 27.399569 -0.316836 0.624941 -0.533585 -0.473657
9139.000000 -10.232792 -18.938825 27.400880 -0.318826 0.620507 -0.538258 -0.472863
9140.000000 -10.328345 -19.331871 27.419960 -0.318671 0.614441 -0.543899 -0.474432
9141.000000 -10.419199 -19.723605 27.461899 -0.317158 0.607316 -0.550128 -0.477427
9142.000000 -10.537150 -20.103806 27.530456 -0.315315 0.599723 -0.556603 -0.480731
9143.000000 -10.594141 -20.505580 27.547213 -0.313825 0.592049 -0.563108 -0.483634
9144.000000 -10.686222 -20.896967 27.595296 -0.312765 0.584390 -0.569574 -0.486057
9145.000000 -10.770470 -21.283784 27.675446 -0.311781 0.576647 -0.576017 -0.488339
9146.000000 -10.843491 -21.676757 27.740028 0.310472 -0.568692 0.582471 0.490840
9147.000000 -10.909237 -22.069195 27.815291 0.308705 -0.560440 0.588976 0.493675
9148.000000 -10.985426 -22.457115 27.903127 0.306718 -0.551841 0.595602 0.496643
9149.000000 -11.064540 -22.841880 28.001423 0.305027 -0.542915 0.602401 0.499315
9150.000000 -11.131774 -23.223342 28.118748 0.304159 -0.533903 0.609255 0.501241
9151.000000 -11.187130 -23.606484 28.232528 0.304299 -0.525420 0.615722 0.502218
9152.000000 -11.235394 -23.991356 28.347737 0.305108 -0.518372 0.621098 0.502431
9153.000000 -11.257590 -24.373508 28.479847 0.305961 -0.513518 0.624792 0.502317
9154.000000 -11.310056 -24.753749 28.601615 0.306455 -0.510884 0.626785 0.502219
9155.000000 -11.412935 -25.128758 28.700044 0.306693 -0.509528 0.627804 0.502178
9156.000000 -11.455855 -25.509826 28.817408 0.306963 -0.508009 0.628942 0.502128
9157.000000 -11.491239 -25.894624 28.934458 0.307063 -0.505283 0.630937 0.502315
9158.000000 -11.524188 -26.277564 29.060699 0.305960 -0.501339 0.633689 0.503474
9159.000000 -11.529436 -26.659998 29.193621 0.302267 -0.497057 0.636425 0.506491
9160.000000 -11.579273 -27.035660 29.334673 0.295210 -0.493438 0.638333 0.511763
9161.000000 -11.669771 -27.401085 29.484492 0.285328 -0.490870 0.639128 0.518798
9162.000000 -11.742335 -27.764714 29.646835 0.274365 -0.488935 0.639208 0.526384
9163.000000 -11.839983 -28.121753 29.808156 0.264497 -0.486717 0.639436 0.533169
9164.000000 -11.930647 -28.475498 29.968273 0.257468 -0.483203 0.640756 0.538197
9165.000000 -12.022866 -28.831793 30.137218 0.254084 -0.477575 0.643850 0.541129
9166.000000 -12.096332 -29.190288 30.310620 0.254157 -0.469434 0.648918 0.542164
9167.000000 -12.144706 -29.547616 30.494888 0.256764 -0.458982 0.655618 0.541824
9168.000000 -12.184519 -29.899184 30.691598 0.260675 -0.447024 0.663210 0.540713
9169.000000 -12.225811 -30.242360 30.901711 0.264804 -0.434669 0.670861 0.539340
9170.000000 -12.255145 -30.592433 31.103195 0.268479 -0.422875 0.677955 0.538026
9171.000000 -12.270977 -30.936601 31.315984 0.271436 -0.412111 0.684249 0.536927
9172.000000 -12.286048 -31.279437 31.531020 0.273642 -0.402329 0.689818 0.536100
9173.000000 -12.297776 -31.617632 31.753518 0.275147 -0.393167 0.694905 0.535556
9174.000000 -12.305041 -31.952256 31.981485 0.276039 -0.384206 0.699769 0.535268
9175.000000 -12.306971 -32.283701 32.213690 0.276429 -0.375149 0.704580 0.535180
9176.000000 -12.301923 -32.613603 32.448474 0.276390 -0.365951 0.709367 0.535245
9177.000000 -12.293670 -32.932120 32.698363 0.275874 -0.356875 0.713997 0.535483
9178.000000 -12.275926 -33.250092 32.948495 0.274676 -0.348447 0.718220 0.536001
9179.000000 -12.252945 -33.563529 33.203788 0.272508 -0.341277 0.721766 0.536957
9180.000000 -12.234865 -33.874080 33.463074 0.269151 -0.335773 0.724473 0.538472
9181.000000 -12.223862 -34.183690 33.723906 0.264615 -0.331902 0.726383 0.540545
9182.000000 -12.222095 -34.488174 33.990667 0.259197 -0.329143 0.727745 0.543019
9183.000000 -12.227413 -34.794378 34.255522 0.253399 -0.326695 0.728924 0.545645
9184.000000 -12.226752 -35.095632 34.525621 0.247748 -0.323825 0.730249 0.548174
9185.000000 -12.229357 -35.386475 34.806810 0.242630 -0.320161 0.731883 0.550432
9186.000000 -12.232203 -35.678383 35.087549 0.238209 -0.315774 0.733790 0.552354
9187.000000 -12.225945 -35.963213 35.375059 0.234458 -0.311023 0.735816 0.553958
9188.000000 -12.229072 -36.249880 35.660784 0.231262 -0.306287 0.737801 0.555299
9189.000000 -12.225801 -36.529014 35.954083 0.228582 -0.301737 0.739677 0.556402
9190.000000 -12.225839 -36.806728 36.248838 0.226636 -0.297235 0.741506 0.557186
9191.000000 -12.224983 -37.080241 36.547396 0.226022 -0.292339 0.743465 0.557415
9192.000000 -12.223791 -37.355588 36.843931 0.227658 -0.286413 0.745790 0.556720
9193.000000 -12.217267 -37.626979 37.144151 0.232444 -0.278822 0.748677 0.554717
9194.000000 -12.205143 -37.893336 37.448245 0.240710 -0.269195 0.752165 0.551217
9195.000000 -12.144803 -38.160505 37.746213 0.251754 -0.257654 0.756082 0.546419
9196.000000 -12.062217 -38.430285 38.036414 0.263817 -0.244877 0.760128 0.540964
9197.000000 -11.970761 -38.690607 38.332762 0.274619 -0.231904 0.764039 0.535770
9198.000000 -11.872006 -38.941163 38.635248 0.282162 -0.219748 0.767713 0.531707
9199.000000 -11.761132 -39.189129 38.935276 0.285315 -0.209056 0.771190 0.529299
9200.000000 -11.668383 -39.437147 39.241528 0.283883 -0.199997 0.774558 0.528650
9201.000000 -11.579282 -39.671924 39.558790 0.278271 -0.192408 0.777880 0.529572
9202.000000 -11.472735 -39.902673 39.873645 0.269065 -0.186023 0.781164 0.531772
9203.000000 -11.388381 -40.118230 40.205884 0.256820 -0.180586 0.784377 0.534962
9204.000000 -11.321122 -40.333353 40.541636 0.242107 -0.175811 0.787474 0.538850
9205.000000 -11.259629 -40.538758 40.885126 0.225632 -0.171297 0.790426 0.543115
9206.000000 -11.204300 -40.725842 41.239579 0.208282 -0.166530 0.793238 0.547412
9207.000000 -11.170112 -40.912458 41.598428 0.191000 -0.160989 0.795941 0.551434
9208.000000 -11.134392 -41.077973 41.965082 0.174570 -0.154338 0.798564 0.554979
9209.000000 -11.113651 -41.238142 42.336320 0.159410 -0.146626 0.801088 0.557985
9210.000000 -11.082422 -41.388204 42.710598 0.145500 -0.138426 0.803417 0.560526
9211.000000 -11.040671 -41.516981 43.092158 0.132545 -0.130766 0.805392 0.562740
9212.000000 -11.027081 -41.637465 43.478360 0.120335 -0.124750 0.806862 0.564740
9213.000000 -11.013371 -41.752151 43.866368 0.109041 -0.120964 0.807778 0.566544
9214.000000 -11.015917 -41.863507 44.255340 0.099185 -0.118959 0.808266 0.568082
9215.000000 -11.030702 -41.999987 44.636383 0.091212 -0.117160 0.808620 0.569287
9216.000000 -11.034694 -42.114188 45.024619 0.084988 -0.113330 0.809207 0.570190
9217.000000 -11.036299 -42.233812 45.411358 0.079610 -0.105406 0.810305 0.570927
9218.000000 -11.024666 -42.331908 45.803720 0.073731 -0.092381 0.811946 0.571641
9219.000000 -11.005503 -42.404625 46.200848 0.066187 -0.074805 0.813893 0.572364
9220.000000 -10.985446 -42.443633 46.603212 0.056524 -0.054700 0.815766 0.573009
9221.000000 -10.961897 -42.461478 47.006667 0.045106 -0.034857 0.817242 0.573468
9222.000000 -10.948156 -42.464403 47.411205 0.032816 -0.017836 0.818202 0.573716
9223.000000 -10.938402 -42.452070 47.815546 0.020598 -0.005103 0.818719 0.573802
9224.000000 -10.927323 -42.435722 48.220158 0.009132 0.003333 0.818945 0.573789
9225.000000 -10.939566 -42.443816 48.624156 -0.001229 0.008705 0.819008 0.573714
9226.000000 -10.942723 -42.424697 49.028170 -0.010343 0.012893 0.818972 0.573596
9227.000000 -10.959110 -42.390545 49.431356 -0.018149 0.017778 0.818842 0.573456
9228.000000 -10.965354 -42.368952 49.835182 -0.024603 0.024792 0.818587 0.573320
9229.000000 -10.975801 -42.331991 50.237324 -0.029672 0.034743 0.818142 0.573198
9230.000000 -10.976862 -42.273930 50.637978 -0.033277 0.047841 0.817427 0.573076
9231.000000 -10.973619 -42.216253 51.038220 -0.035193 0.063829 0.816356 0.572931
9232.000000 -10.957964 -42.129136 51.433092 -0.034990 0.082149 0.814853 0.572750
9233.000000 -10.928415 -42.032663 51.825262 -0.032140 0.102112 0.812853 0.572548
9234.000000 -10.883558 -41.932786 52.214929 -0.026274 0.123031 0.810298 0.572355
9235.000000 -10.823281 -41.820825 52.599078 -0.017487 0.144310 0.807145 0.572177
9236.000000 -10.733356 -41.696106 52.973421 -0.006507 0.165484 0.803394 0.571954
9237.000000 -10.624833 -41.580608 53.345213 0.005360 0.186209 0.799141 0.571552
9238.000000 -10.502548 -41.460159 53.711849 0.016498 0.206141 0.794619 0.570801
9239.000000 -10.362978 -41.329174 54.068499 0.025329 0.224702 0.790222 0.569575
9240.000000 -10.212479 -41.169977 54.409071 0.030534 0.240913 0.786487 0.567862
9241.000000 -10.054309 -41.011919 54.746239 0.031108 0.253470 0.784024 0.565766
9242.000000 -9.902282 -40.861210 55.089820 0.026464 0.261013 0.783381 0.563459
9243.000000 -9.758752 -40.695145 55.429972 0.016836 0.262273 0.784850 0.561196
9244.000000 -9.636669 -40.527811 55.777640 0.003980 0.255977 0.788324 0.559469
9245.000000 -9.555373 -40.340394 56.126746 -0.008393 0.240766 0.793312 0.559122
9246.000000 -9.508814 -40.130768 56.469813 -0.015163 0.215567 0.799057 0.561079
9247.000000 -9.473432 -39.998403 56.849815 -0.011469 0.180410 0.804579 0.565662
9248.000000 -9.428383 -39.936359 57.246451 0.005290 0.137140 0.808649 0.572058
9249.000000 -9.366899 -39.960134 57.645055 0.034413 0.089383 0.810012 0.578538
9250.000000 -9.305994 -40.020165 58.040846 0.072470 0.041574 0.807917 0.583344
9251.000000 -9.240485 -40.110570 58.429811 0.114927 -0.002378 0.802499 0.585476
9252.000000 -9.160403 -40.267261 58.793295 0.157525 -0.039938 0.794681 0.584870
9253.000000 -9.045535 -40.447002 59.135512 0.196785 -0.069897 0.785806 0.582151
9254.000000 -8.926080 -40.653853 59.462207 0.229992 -0.091835 0.777328 0.578300
9255.000000 -8.813742 -40.880398 59.778366 0.255300 -0.105747 0.770569 0.574337
9256.000000 -8.691075 -41.095752 60.098061 0.271990 -0.112111 0.766404 0.571033
9257.000000 -8.562117 -41.298546 60.423336 0.280512 -0.112144 0.765010 0.568768
9258.000000 -8.423715 -41.496626 60.748195 0.282141 -0.107816 0.765891 0.567612
9259.000000 -8.293925 -41.677271 61.086412 0.278428 -0.101474 0.768192 0.567505
9260.000000 -8.161672 -41.851667 61.427042 0.270767 -0.095238 0.771083 0.568371
9261.000000 -8.037483 -42.020835 61.773326 0.260236 -0.090535 0.773982 0.570117
9262.000000 -7.923791 -42.183757 62.125890 0.247683 -0.088000 0.776566 0.572586
9263.000000 -7.826129 -42.343589 62.481388 0.233933 -0.087739 0.778661 0.575555
9264.000000 -7.735052 -42.496877 62.848113 0.219963 -0.089731 0.780124 0.578767
9265.000000 -7.657462 -42.639068 63.219218 0.206946 -0.094095 0.780791 0.581966
9266.000000 -7.591734 -42.782454 63.592078 0.196100 -0.101089 0.780510 0.584918
9267.000000 -7.536244 -42.938701 63.961442 0.188410 -0.110879 0.779199 0.587415
9268.000000 -7.491048 -43.102289 64.328936 0.184392 -0.123301 0.776880 0.589283
9269.000000 -7.451000 -43.279901 64.690641 0.183996 -0.137784 0.773681 0.590406
9270.000000 -7.414430 -43.468163 65.047208 0.186725 -0.153440 0.769817 0.590739
9271.000000 -7.384015 -43.683909 65.388331 0.191870 -0.169235 0.765559 0.590310
9272.000000 -7.353140 -43.904364 65.726467 0.198770 -0.184137 0.761214 0.589184
9273.000000 -7.328984 -44.133654 66.058769 0.206968 -0.197220 0.757099 0.587426
9274.000000 -7.302933 -44.371339 66.385516 0.216205 -0.207745 0.753506 0.585086
9275.000000 -7.269148 -44.614480 66.707468 0.226259 -0.215203 0.750676 0.582220
9276.000000 -7.229454 -44.875014 67.014805 0.236755 -0.219377 0.748761 0.578946
9277.000000 -7.176911 -45.130749 67.324157 0.247067 -0.220426 0.747793 0.575479
9278.000000 -7.114101 -45.386744 67.631479 0.256380 -0.218966 0.747656 0.572131
9279.000000 -7.041549 -45.638999 67.939623 0.263837 -0.216050 0.748089 0.569276
9280.000000 -6.965024 -45.891077 68.247113 0.268635 -0.213005 0.748742 0.567318
9281.000000 -6.886666 -46.142597 68.554554 0.269992 -0.211208 0.749250 0.566675
9282.000000 -6.812171 -46.391465 68.865086 0.267105 -0.211859 0.749293 0.567742
9283.000000 -6.744163 -46.641833 69.176052 0.259474 -0.215646 0.748634 0.570716
9284.000000 -6.685972 -46.891939 69.489159 0.247886 -0.222164 0.747225 0.575196
9285.000000 -6.634670 -47.139974 69.805067 0.235698 -0.229268 0.745459 0.579805
9286.000000 -6.633473 -47.261766 69.965930 0.231192 -0.231914 0.744746 0.581481
9287.000000 -6.658775 -47.017560 69.645544 0.241534 -0.225852 0.746336 0.577612
9288.000000 -6.712921 -46.767081 69.332116 0.254039 -0.218651 0.748013 0.572828
9289.000000 -6.777266 -46.516908 69.020190 0.263879 -0.213351 0.749061 0.568996
9290.000000 -6.847954 -46.265736 68.710551 0.269125 -0.211167 0.749347 0.566974
9291.000000 -6.925806 -46.016766 68.400796 0.269794 -0.211869 0.749035 0.566806
9292.000000 -7.003328 -45.764066 68.094204 0.266616 -0.214456 0.748411 0.568160
9293.000000 -7.081038 -45.510678 67.788072 0.260392 -0.217611 0.747822 0.570617
9294.000000 -7.149524 -45.259164 67.478294 0.251903 -0.219953 0.747634 0.573767
9295.000000 -7.207292 -45.004696 67.168675 0.241982 -0.220265 0.748162 0.577219
9296.000000 -7.252565 -44.743286 66.862790 0.231485 -0.217700 0.749599 0.580623
9297.000000 -7.287150 -44.494081 66.545745 0.221148 -0.211878 0.751984 0.583713
9298.000000 -7.314159 -44.251796 66.222515 0.211469 -0.202840 0.755221 0.586326
9299.000000 -7.344683 -44.014100 65.896189 0.202726 -0.190957 0.759109 0.588380
9300.000000 -7.367217 -43.792244 65.558524 0.195134 -0.176859 0.763377 0.589829
9301.000000 -7.397738 -43.572243 65.219976 0.189040 -0.161386 0.767718 0.590616
9302.000000 -7.432109 -43.377197 64.867193 0.185013 -0.145528 0.771816 0.590671
9303.000000 -7.470814 -43.191230 64.509690 0.183764 -0.130335 0.775379 0.589942
9304.000000 -7.515555 -43.022112 64.144725 0.185933 -0.116788 0.778160 0.588436
9305.000000 -7.562971 -42.856315 63.778401 0.191815 -0.105635 0.779985 0.586235
9306.000000 -7.623454 -42.708582 63.406351 0.201181 -0.097247 0.780777 0.583487
9307.000000 -7.694762 -42.568870 63.033015 0.213258 -0.091601 0.780567 0.580384
9308.000000 -7.779160 -42.425293 62.663991 0.226906 -0.088450 0.779482 0.577147
9309.000000 -7.870051 -42.262803 62.304374 0.240901 -0.087588 0.777683 0.574024
9310.000000 -7.980193 -42.103412 61.948813 0.254163 -0.088982 0.775326 0.571273
9311.000000 -8.097770 -41.937086 61.599127 0.265804 -0.092639 0.772556 0.569142
9312.000000 -8.227983 -41.764903 61.256594 0.275016 -0.098234 0.769607 0.567821
9313.000000 -8.355708 -41.585332 60.916637 0.280858 -0.104752 0.766921 0.567432
9314.000000 -8.494744 -41.398702 60.585819 0.282091 -0.110381 0.765216 0.568054
9315.000000 -8.630932 -41.202497 60.258866 0.277205 -0.112811 0.765378 0.569761
9316.000000 -8.759440 -40.993201 59.937436 0.264719 -0.109816 0.768133 0.572569
9317.000000 -8.871663 -40.767553 59.620613 0.243707 -0.099779 0.773665 0.576275
9318.000000 -8.987605 -40.550093 59.299670 0.214284 -0.081878 0.781428 0.580300
9319.000000 -9.102791 -40.342660 58.971680 0.177760 -0.055906 0.790284 0.583718
9320.000000 -9.204075 -40.177038 58.617542 0.136444 -0.022058 0.798812 0.585488
9321.000000 -9.273720 -40.061651 58.236417 0.093431 0.018921 0.805580 0.584768
9322.000000 -9.337578 -39.989953 57.843113 0.052603 0.065214 0.809410 0.581236
9323.000000 -9.401683 -39.933043 57.447107 0.018474 0.113548 0.809735 0.575409
9324.000000 -9.453530 -39.958736 57.046432 -0.004757 0.159597 0.806879 0.568729
9325.000000 -9.490354 -40.062372 56.658490 -0.014859 0.199165 0.801917 0.563064
9326.000000 -9.527936 -40.238069 56.299339 -0.012814 0.229450 0.796145 0.559769
9327.000000 -9.589857 -40.436412 55.951903 -0.002569 0.249568 0.790671 0.559061
9328.000000 -9.692196 -40.614265 55.603200 0.010625 0.260154 0.786359 0.560220
9329.000000 -9.827535 -40.777814 55.258465 0.022207 0.262505 0.783848 0.562299
9330.000000 -9.979574 -40.939516 54.919879 0.029451 0.257949 0.783449 0.564626
9331.000000 -10.130209 -41.084323 54.573153 0.031449 0.247735 0.785059 0.566852
9332.000000 -10.287869 -41.252254 54.240113 0.028455 0.233178 0.788234 0.568775
9333.000000 -10.432782 -41.398092 53.891443 0.021292 0.215644 0.792374 0.570252
9334.000000 -10.565264 -41.518395 53.528403 0.011123 0.196302 0.796893 0.571230
9335.000000 -10.679298 -41.626115 53.155651 -0.000586 0.175922 0.801319 0.571786
9336.000000 -10.779751 -41.761125 52.787538 -0.012201 0.154934 0.805341 0.572078
9337.000000 -10.857904 -41.876363 52.407415 -0.022216 0.133658 0.808798 0.572266
9338.000000 -10.910854 -41.979134 52.019759 -0.029592 0.112492 0.811648 0.572449
9339.000000 -10.942302 -42.078534 51.628470 -0.033926 0.091969 0.813918 0.572649
9340.000000 -10.962795 -42.178162 51.236754 -0.035389 0.072739 0.815663 0.572845
9341.000000 -10.972188 -42.253938 50.839262 -0.034468 0.055503 0.816941 0.573008
9342.000000 -10.981957 -42.302190 50.437513 -0.031667 0.040905 0.817824 0.573138
9343.000000 -10.968438 -42.366417 50.036619 -0.027313 0.029375 0.818393 0.573257
9344.000000 -10.970836 -42.387497 49.633266 -0.021547 0.020954 0.818734 0.573387
9345.000000 -10.949359 -42.408135 49.229763 -0.014413 0.015145 0.818920 0.573527
9346.000000 -10.932488 -42.431487 48.826309 -0.005946 0.010822 0.819001 0.573659
9347.000000 -10.931867 -42.447657 48.421725 0.003802 0.006291 0.818992 0.573758
9348.000000 -10.929107 -42.447193 48.017736 0.014742 -0.000401 0.818859 0.573805
9349.000000 -10.936380 -42.453703 47.613111 0.026647 -0.010898 0.818507 0.573774
9350.000000 -10.954759 -42.468759 47.209027 0.039008 -0.025869 0.817786 0.573616
9351.000000 -10.979287 -42.443947 46.805742 0.050986 -0.044568 0.816566 0.573265
9352.000000 -10.998127 -42.428021 46.401729 0.061615 -0.064901 0.814863 0.572704
9353.000000 -11.021387 -42.379334 46.000693 0.070216 -0.084064 0.812904 0.572005
9354.000000 -11.027554 -42.288417 45.606237 0.076817 -0.099535 0.811067 0.571282
9355.000000 -11.034944 -42.167151 45.220100 0.082274 -0.109976 0.809683 0.570569
9356.000000 -11.031169 -42.050581 44.832548 0.087921 -0.115643 0.808863 0.569770
9357.000000 -11.025622 -41.925778 44.447848 0.094953 -0.118167 0.808437 0.568727
9358.000000 -11.010367 -41.812633 44.059448 0.103897 -0.119814 0.808061 0.567352
9359.000000 -11.016360 -41.701673 43.670034 0.114545 -0.122579 0.807386 0.565670
9360.000000 -11.030339 -41.581315 43.283822 0.126347 -0.127496 0.806196 0.563763
9361.000000 -11.059529 -41.451186 42.901658 0.138922 -0.134455 0.804459 0.561665
9362.000000 -11.104361 -41.317134 42.522386 0.152314 -0.142531 0.802286 0.559305
9363.000000 -11.122225 -41.164661 42.147773 0.166823 -0.150591 0.799842 0.556547
9364.000000 -11.151300 -40.997856 41.779640 0.182642 -0.157810 0.797262 0.553274
9365.000000 -11.186399 -40.822775 41.416365 0.199577 -0.163884 0.794601 0.549474
9366.000000 -11.231829 -40.636698 41.059884 0.217006 -0.168980 0.791848 0.545281
9367.000000 -11.286189 -40.434513 40.713379 0.234038 -0.173552 0.788969 0.540957
9368.000000 -11.349479 -40.231603 40.369013 0.249732 -0.178137 0.785943 0.536838
9369.000000 -11.429545 -40.011893 40.038569 0.263289 -0.183202 0.782783 0.533261
9370.000000 -11.524876 -39.787276 39.716026 0.274081 -0.189082 0.779529 0.530531
9371.000000 -11.624024 -39.555994 39.398955 0.281563 -0.196035 0.776223 0.528932
9372.000000 -11.714260 -39.314571 39.087126 0.285155 -0.204328 0.772883 0.528762
9373.000000 -11.815600 -39.070022 38.780841 0.284319 -0.214198 0.769471 0.530280
9374.000000 -11.921618 -38.815792 38.483950 0.278893 -0.225672 0.765906 0.533554
9375.000000 -12.018954 -38.556277 38.189357 0.269516 -0.238346 0.762111 0.538275
9376.000000 -12.100208 -38.292786 37.892913 0.257798 -0.251360 0.758108 0.543719
9377.000000 -12.182172 -38.027253 37.598430 0.245974 -0.263633 0.754088 0.548950
9378.000000 -12.219450 -37.756326 37.300040 0.236159 -0.274269 0.750352 0.553152
9379.000000 -12.217865 -37.489436 36.995723 0.229617 -0.282858 0.747156 0.555901
9380.000000 -12.229599 -37.217553 36.696040 0.226496 -0.289547 0.744567 0.557209
9381.000000 -12.223439 -36.946937 36.394943 0.226110 -0.294873 0.742455 0.557391
9382.000000 -12.223322 -36.666852 36.102417 0.227490 -0.299501 0.740589 0.556845
9383.000000 -12.225443 -36.388010 35.808775 0.229852 -0.303989 0.738752 0.555882
9384.000000 -12.223789 -36.102090 35.522222 0.232796 -0.308636 0.736821 0.554658
9385.000000 -12.231589 -35.824521 35.227603 0.236256 -0.313418 0.734799 0.553192
9386.000000 -12.227774 -35.527966 34.951887 0.240330 -0.318039 0.732810 0.551436
9387.000000 -12.225613 -35.245285 34.662011 0.245107 -0.322097 0.731026 0.549343
9388.000000 -12.225989 -34.940525 34.395649 0.250526 -0.325347 0.729554 0.546935
9389.000000 -12.223584 -34.642049 34.122272 0.256311 -0.327932 0.728334 0.544330
9390.000000 -12.220628 -34.334384 33.859131 0.261988 -0.330430 0.727110 0.541746
9391.000000 -12.228762 -34.028370 33.594039 0.267018 -0.333656 0.725516 0.539445
9392.000000 -12.243811 -33.719986 33.332051 0.270984 -0.338307 0.723228 0.537641
9393.000000 -12.264046 -33.408012 33.074659 0.273731 -0.344671 0.720092 0.536415
9394.000000 -12.283934 -33.093545 32.820326 0.275378 -0.352541 0.716177 0.535698
9395.000000 -12.296689 -32.774351 32.571481 0.276201 -0.361370 0.711715 0.535338
9396.000000 -12.308848 -32.448613 32.331201 0.276462 -0.370559 0.706981 0.535194
9397.000000 -12.301212 -32.120389 32.094173 0.276290 -0.379699 0.702176 0.535203
9398.000000 -12.304673 -31.783418 31.869587 0.275663 -0.388685 0.697352 0.535383
9399.000000 -12.290428 -31.449204 31.641316 0.274477 -0.397698 0.692404 0.535793
9400.000000 -12.277688 -31.106812 31.425482 0.272631 -0.407116 0.687110 0.536478
9401.000000 -12.265099 -30.762812 31.212178 0.270053 -0.417357 0.681203 0.537444
9402.000000 -12.239007 -30.419321 30.999457 0.266722 -0.428659 0.674502 0.538662
9403.000000 -12.202334 -30.072486 30.794105 0.262765 -0.440827 0.667075 0.540035
9404.000000 -12.168465 -29.724355 30.590601 0.258632 -0.453124 0.659356 0.541329
9405.000000 -12.123697 -29.369476 30.400873 0.255219 -0.464459 0.652103 0.542128
9406.000000 -12.064938 -29.009484 30.224654 0.253733 -0.473821 0.646146 0.541856
9407.000000 -11.976003 -28.653741 30.052750 0.255311 -0.480691 0.642056 0.539923
9408.000000 -11.850081 -28.300891 29.893033 0.260553 -0.485181 0.639908 0.535939
9409.000000 -11.803684 -27.941419 29.723620 0.269167 -0.487926 0.639242 0.529950
9410.000000 -11.706240 -27.581887 29.567960 0.279845 -0.489874 0.639209 0.522611
9411.000000 -11.627108 -27.216409 29.413335 0.290534 -0.492032 0.638859 0.515124
9412.000000 -11.550186 -26.847481 29.267369 0.299159 -0.495120 0.637517 0.508854
9413.000000 -11.523523 -26.468183 29.129102 0.304512 -0.499170 0.635117 0.504707
9414.000000 -11.502770 -26.085884 28.999879 0.306751 -0.503422 0.632257 0.502714
9415.000000 -11.477219 -25.702542 28.874190 0.307081 -0.506824 0.629817 0.502156
9416.000000 -11.427591 -25.318986 28.758594 0.306818 -0.508874 0.628295 0.502150
9417.000000 -11.336384 -24.947554 28.657176 0.306584 -0.510135 0.627349 0.502198
9418.000000 -11.262955 -24.565755 28.544999 0.306257 -0.511962 0.625972 0.502256
9419.000000 -11.249557 -24.181819 28.415037 0.305565 -0.515646 0.623175 0.502387
9420.000000 -11.224536 -23.798750 28.285733 0.304658 -0.521658 0.618592 0.502395
9421.000000 -11.170394 -23.414179 28.171052 0.304113 -0.529542 0.612578 0.501846
9422.000000 -11.103349 -23.032443 28.055875 0.304467 -0.538391 0.605841 0.500392
9423.000000 -11.022940 -22.650545 27.949781 0.305798 -0.547411 0.598981 0.498047
9424.000000 -10.948818 -22.263147 27.857993 0.307711 -0.556186 0.592269 0.495166
9425.000000 -10.877692 -21.873486 27.774035 0.309639 -0.564607 0.585713 0.492221
9426.000000 -10.806111 -21.480469 27.707481 0.311184 -0.572703 0.579241 0.489547
9427.000000 -10.725924 -21.091084 27.634188 -0.312292 0.580538 -0.572797 -0.487190
9428.000000 -10.638655 -20.701602 27.571147 -0.313258 0.588221 -0.566346 -0.484889
9429.000000 -10.564016 -20.305384 27.533836 -0.314507 0.595884 -0.559859 -0.482251
9430.000000 -10.486625 -19.910658 27.502170 -0.316222 0.603547 -0.553352 -0.479099
9431.000000 -10.372820 -19.528948 27.435073 -0.318018 0.610971 -0.546963 -0.475825
9432.000000 -10.275195 -19.136663 27.411402 -0.318980 0.617645 -0.540981 -0.473398
9433.000000 -10.190660 -18.740881 27.404040 -0.318123 0.622958 -0.535777 -0.472931
9434.000000 -10.097360 -18.346937 27.399761 -0.314990 0.626420 -0.531719 -0.475032
9435.000000 -10.003870 -17.952978 27.404447 -0.309984 0.627796 -0.529101 -0.479410
9436.000000 -9.901449 -17.561330 27.407119 -0.304203 0.627105 -0.528153 -0.485030
9437.000000 -9.790383 -17.174297 27.408949 -0.298865 0.624527 -0.529012 -0.490705
9438.000000 -9.653360 -16.797279 27.385044 -0.294670 0.620277 -0.531664 -0.495741
9439.000000 -9.532607 -16.408591 27.376680 -0.291492 0.614513 -0.535901 -0.500216
9440.000000 -9.399072 -16.027419 27.355975 -0.288608 0.607354 -0.541366 -0.504728
9441.000000 -9.280896 -15.642189 27.325181 -0.285334 0.598957 -0.547674 -0.509792
9442.000000 -9.159125 -15.257744 27.288019 -0.281661 0.589638 -0.554502 -0.515288
9443.000000 -9.053568 -14.868123 27.255483 -0.278441 0.579927 -0.561598 -0.520348
9444.000000 -8.943361 -14.483016 27.196762 -0.277004 0.570516 -0.568740 -0.523751
9445.000000 -8.791714 -14.121530 27.098802 0.278406 -0.562042 0.575688 0.524579
9446.000000 -8.680785 -13.741304 27.015218 0.282780 -0.554834 0.582197 0.522725
9447.000000 -8.570919 -13.362867 26.921758 0.289188 -0.548791 0.588101 0.518976
9448.000000 -8.464254 -12.987325 26.814202 0.296051 -0.543509 0.593378 0.514640
9449.000000 -8.353434 -12.614301 26.707412 0.301857 -0.538538 0.598130 0.510979
9450.000000 -8.306536 -12.216398 26.639288 0.305650 -0.533606 0.602473 0.508791
9451.000000 -8.239594 -11.829731 26.547964 0.307005 -0.528643 0.606452 0.508429
9452.000000 -8.167298 -11.443659 26.449581 0.305658 -0.523691 0.610032 0.510080
9453.000000 -8.094378 -11.061736 26.336810 0.301259 -0.518789 0.613137 0.513969
9454.000000 -8.052700 -10.669863 26.243895 0.293467 -0.513941 0.615673 0.520276
9455.000000 -7.995662 -10.283109 26.138807 0.282225 -0.509143 0.617541 0.528929
9456.000000 -7.930894 -9.902622 26.016586 0.267844 -0.504393 0.618647 0.539559
9457.000000 -7.859123 -9.527101 25.883491 0.250812 -0.499677 0.618930 0.551671
9458.000000 -7.773734 -9.156991 25.743533 0.231491 -0.494955 0.618343 0.564875
9459.000000 -7.680153 -8.794867 25.588433 0.209958 -0.490225 0.616768 0.578960
9460.000000 -7.566715 -8.441969 25.425332 0.186095 -0.485680 0.613923 0.593786
9461.000000 -7.446551 -8.098617 25.247384 0.159870 -0.481820 0.609370 0.609064
9462.000000 -7.304328 -7.766969 25.063412 0.131720 -0.479358 0.602715 0.624179
9463.000000 -7.149592 -7.449424 24.865405 0.102836 -0.478851 0.593977 0.638214
9464.000000 -6.976589 -7.153736 24.649579 0.075158 -0.480276 0.583885 0.650203
9465.000000 -6.783159 -6.878880 24.423731 0.050960 -0.482895 0.573820 0.659504
9466.000000 -6.556711 -6.629149 24.199647 0.032155 -0.485586 0.565327 0.666016
9467.000000 -6.299125 -6.396049 23.991523 0.019689 -0.487433 0.559486 0.670072
9468.000000 -6.019804 -6.184641 23.788366 0.013327 -0.488192 0.556522 0.672142
9469.000000 -5.752807 -5.959258 23.583275 0.011834 -0.488357 0.555826 0.672625
9470.000000 -5.496610 -5.731736 23.367752 0.013325 -0.488861 0.556270 0.671864
9471.000000 -5.226822 -5.520575 23.151611 0.015698 -0.490618 0.556616 0.670244
9472.000000 -4.964216 -5.296291 22.942056 0.017213 -0.494033 0.555968 0.668232
9473.000000 -4.707391 -5.071796 22.723500 0.017037 -0.498557 0.554171 0.666367
9474.000000 -4.472513 -4.821611 22.509557 0.015285 -0.502341 0.551965 0.665398
9475.000000 -4.237310 -4.559700 22.308251 0.012442 -0.502224 0.550758 0.666545
9476.000000 -3.945650 -4.358746 22.114736 0.008779 -0.494335 0.552072 0.671396
9477.000000 -3.644628 -4.161598 21.931768 0.004541 -0.475440 0.556945 0.680990
9478.000000 -3.402768 -3.887483 21.756847 0.000746 -0.444772 0.565494 0.694546
9479.000000 -3.150658 -3.627440 21.576567 -0.000474 -0.405438 0.576790 0.709178
9480.000000 -2.859431 -3.416566 21.388520 0.003173 -0.364069 0.589129 0.721367
9481.000000 -2.609398 -3.273384 21.106738 0.012452 -0.328094 0.600637 0.728995
9482.000000 -2.415960 -3.165110 20.763305 0.025693 -0.302003 0.609961 0.732175
9483.000000 -2.281666 -3.034332 20.405032 0.039546 -0.285333 0.616718 0.732585
9484.000000 -2.161801 -2.883882 20.049170 0.050691 -0.273787 0.621459 0.732297
9485.000000 -2.013234 -2.698180 19.721337 0.057140 -0.262375 0.625146 0.732862
9486.000000 -1.869161 -2.498680 19.398358 0.058455 -0.248211 0.628454 0.734860
9487.000000 -1.746588 -2.312371 19.060233 0.055178 -0.231384 0.631453 0.738027
9488.000000 -1.621659 -2.139131 18.716380 0.048175 -0.213881 0.633831 0.741750
9489.000000 -1.521819 -2.000292 18.349149 0.038361 -0.197724 0.635332 0.745511
9490.000000 -1.440543 -1.867722 17.974827 0.026733 -0.183618 0.636014 0.749037
9491.000000 -1.359038 -1.739715 17.599615 0.014421 -0.170819 0.636183 0.752253
9492.000000 -1.261731 -1.636679 17.220251 0.002552 -0.158045 0.636183 0.755173
9493.000000 -1.159217 -1.553218 16.837585 -0.007936 -0.144686 0.636214 0.757783
9494.000000 -1.040122 -1.458233 16.463388 -0.016306 -0.131472 0.636312 0.759971
9495.000000 -0.949405 -1.393082 16.073901 -0.021898 -0.120135 0.636460 0.761581
9496.000000 -0.865375 -1.349480 15.680039 -0.024170 -0.112256 0.636682 0.762529
9497.000000 -0.792611 -1.322635 15.282594 -0.023037 -0.108055 0.637023 0.762886
9498.000000 -0.710437 -1.282771 14.888467 -0.019224 -0.106063 0.637497 0.762875
9499.000000 -0.644642 -1.305962 14.489306 -0.014146 -0.103998 0.638075 0.762788
9500.000000 -0.559461 -1.242807 14.099493 -0.009244 -0.100184 0.638711 0.762841
9501.000000 -0.460524 -1.139288 13.720972 -0.005288 -0.094397 0.639356 0.763076
9502.000000 -0.416531 -1.097559 13.321159 -0.002226 -0.087519 0.639965 0.763401
9503.000000 -0.353680 -1.074298 12.921589 0.000379 -0.080507 0.640514 0.763715
9504.000000 -0.310972 -1.030384 12.521499 0.002812 -0.073626 0.641010 0.763988
9505.000000 -0.255300 -0.989930 12.122278 0.004980 -0.066467 0.641470 0.764247
9506.000000 -0.211933 -0.942360 11.722393 0.006565 -0.058457 0.641902 0.764527
9507.000000 -0.177380 -0.900632 11.320914 0.007385 -0.049332 0.642303 0.764826
9508.000000 -0.130733 -0.876030 10.919486 0.007760 -0.039336 0.642665 0.765098
9509.000000 -0.118400 -0.832177 10.516606 0.008634 -0.029237 0.642979 0.765276
9510.000000 -0.108316 -0.796785 10.113196 0.011193 -0.020224 0.643236 0.765319
9511.000000 -0.075692 -0.789844 9.709852 0.016056 -0.013635 0.643406 0.765235
9512.000000 -0.075830 -0.788842 9.304857 0.022584 -0.010489 0.643458 0.765077
9513.000000 -0.076974 -0.793447 8.900239 0.029002 -0.010968 0.643383 0.764916
9514.000000 -0.082759 -0.784269 8.495360 0.033386 -0.014181 0.643225 0.764817
9515.000000 -0.124820 -0.752984 8.093460 0.034811 -0.018462 0.643053 0.764808
9516.000000 -0.153948 -0.697569 7.693511 0.033734 -0.022113 0.642918 0.764872
9517.000000 -0.149395 -0.661041 7.289882 0.031433 -0.024252 0.642841 0.764970
9518.000000 -0.130606 -0.626778 6.886650 0.029132 -0.025253 0.642803 0.765061
9519.000000 -0.123135 -0.605963 6.482180 0.027581 -0.026586 0.642748 0.765119
9520.000000 -0.132894 -0.562132 6.079686 0.027210 -0.030106 0.642606 0.765121
9521.000000 -0.136161 -0.536001 5.675306 0.028389 -0.037124 0.642312 0.765017
9522.000000 -0.134442 -0.520770 5.270516 0.031377 -0.047655 0.641826 0.764725
9523.000000 -0.133109 -0.494436 4.866268 0.036031 -0.060223 0.641169 0.764184
9524.000000 -0.129976 -0.462619 4.462458 0.041657 -0.072404 0.640448 0.763445
9525.000000 -0.102302 -0.423075 4.062519 0.047181 -0.081844 0.639839 0.762680
9526.000000 -0.047999 -0.312659 3.677499 0.051476 -0.087158 0.639495 0.762102
9527.000000 -0.040168 -0.240247 3.278943 0.053487 -0.088217 0.639460 0.761871
9528.000000 0.008098 -0.159172 2.885311 0.052005 -0.085909 0.639640 0.762086
9529.000000 0.036040 -0.062144 2.492887 0.045288 -0.081793 0.639815 0.762821
9530.000000 0.047176 0.023550 2.097112 0.031155 -0.077898 0.639648 0.764076
9531.000000 0.076195 0.086302 1.698603 0.008100 -0.076365 0.638697 0.765616
9532.000000 0.096024 0.175869 1.304665 -0.022805 -0.078563 0.636578 0.766861
9533.000000 0.114547 0.245307 0.905720 -0.056675 -0.084079 0.633355 0.767189
9534.000000 0.125235 0.250663 0.500863 -0.085979 -0.090614 0.629882 0.766580
9535.000000 0.125326 0.277336 0.096784 -0.104102 -0.095325 0.627439 0.765765
9536.000000 0.216222 0.257712 -0.069607 -0.113191 -0.093604 0.647556 0.747728
9537.000000 0.216222 0.257712 -0.069607 -0.130682 -0.081012 0.725374 0.670964
9538.000000 0.216222 0.257712 -0.069607 -0.146550 -0.067414 0.794187 0.585871
9539.000000 0.126512 0.263681 0.236111 -0.133184 -0.066384 0.796283 0.586335
9540.000000 0.121932 0.248647 0.578332 -0.105930 -0.065025 0.800117 0.586825
9541.000000 0.114679 0.245294 0.920815 -0.069801 -0.064958 0.804216 0.586639
9542.000000 0.096873 0.185472 1.258191 -0.033425 -0.067692 0.807139 0.585514
9543.000000 0.086296 0.111874 1.592460 -0.003973 -0.073452 0.808508 0.583869
9544.000000 0.052113 0.043755 1.925583 0.015691 -0.081061 0.808756 0.582320
9545.000000 0.043414 -0.007024 2.264558 0.026582 -0.088809 0.808453 0.581214
9546.000000 0.030974 -0.089453 2.597139 0.031366 -0.095378 0.807985 0.580585
9547.000000 0.003066 -0.167889 2.929443 0.032487 -0.100048 0.807560 0.580329
9548.000000 -0.038911 -0.235653 3.262406 0.031495 -0.102296 0.807300 0.580353
9549.000000 -0.046222 -0.300770 3.598471 0.029236 -0.101415 0.807308 0.580615
9550.000000 -0.078854 -0.384742 3.927745 0.026248 -0.096613 0.807659 0.581088
9551.000000 -0.125737 -0.449981 4.258409 0.023046 -0.087579 0.808342 0.581706
9552.000000 -0.131529 -0.473153 4.599920 0.020203 -0.075077 0.809221 0.582337
9553.000000 -0.133356 -0.500198 4.941516 0.018238 -0.061062 0.810090 0.582831
9554.000000 -0.134506 -0.521357 5.283460 0.017430 -0.048075 0.810782 0.583110
9555.000000 -0.136147 -0.533827 5.625809 0.017681 -0.038239 0.811234 0.583202
9556.000000 -0.134446 -0.553247 5.968006 0.018569 -0.032489 0.811469 0.583196
9557.000000 -0.127922 -0.585202 6.309068 0.019624 -0.030452 0.811549 0.583160
9558.000000 -0.123200 -0.617857 6.649762 0.020710 -0.030865 0.811535 0.583120
9559.000000 -0.135353 -0.632102 6.992261 0.022200 -0.032124 0.811489 0.583062
9560.000000 -0.150800 -0.665580 7.332763 0.024645 -0.032709 0.811467 0.582962
9561.000000 -0.154246 -0.695980 7.674194 0.028041 -0.031510 0.811509 0.582815
9562.000000 -0.132910 -0.742214 8.012741 0.031287 -0.028115 0.811628 0.582659
9563.000000 -0.095369 -0.777495 8.351841 0.032515 -0.023014 0.811812 0.582558
9564.000000 -0.077461 -0.786541 8.693445 0.030216 -0.017523 0.812035 0.582562
9565.000000 -0.076407 -0.798198 9.035936 0.024337 -0.013375 0.812239 0.582663
9566.000000 -0.075951 -0.784845 9.378086 0.016441 -0.012095 0.812351 0.582812
9567.000000 -0.075813 -0.790267 9.720711 0.008798 -0.014458 0.812333 0.582949
9568.000000 -0.103942 -0.795412 10.061819 0.003112 -0.020250 0.812198 0.583022
9569.000000 -0.119625 -0.818305 10.402886 -0.000238 -0.028442 0.811978 0.582994
9570.000000 -0.123616 -0.857533 10.743953 -0.002052 -0.037670 0.811694 0.582864
9571.000000 -0.149156 -0.886158 11.083995 -0.003534 -0.046742 0.811353 0.582673
9572.000000 -0.187352 -0.909411 11.423535 -0.005538 -0.054908 0.810969 0.582480
9573.000000 -0.215554 -0.947242 11.762957 -0.008291 -0.061839 0.810559 0.582324
9574.000000 -0.252469 -0.987593 12.101116 -0.011593 -0.067508 0.810143 0.582217
9575.000000 -0.300104 -1.022628 12.438630 -0.015139 -0.072206 0.809730 0.582147
9576.000000 -0.332940 -1.059779 12.777408 -0.018691 -0.076613 0.809303 0.582074
9577.000000 -0.384770 -1.087158 13.114847 -0.022145 -0.081593 0.808823 0.581942
9578.000000 -0.433204 -1.105077 13.453571 -0.025624 -0.087537 0.808256 0.581724
9579.000000 -0.473045 -1.154740 13.788856 -0.029507 -0.093707 0.807607 0.581481
9580.000000 -0.561831 -1.245168 14.107618 -0.034208 -0.098362 0.806944 0.581374
9581.000000 -0.636318 -1.308137 14.436583 -0.039728 -0.099958 0.806363 0.581557
9582.000000 -0.688687 -1.278898 14.774305 -0.045374 -0.098586 0.805913 0.582002
9583.000000 -0.762637 -1.310095 15.106794 -0.050024 -0.096372 0.805578 0.582455
9584.000000 -0.819755 -1.329065 15.444235 -0.052762 -0.096396 0.805306 0.582586
9585.000000 -0.884065 -1.362422 15.778917 -0.053347 -0.100958 0.805015 0.582162
9586.000000 -0.958612 -1.397724 16.111334 -0.052100 -0.110474 0.804603 0.581115
9587.000000 -1.034144 -1.453174 16.441172 -0.049403 -0.123577 0.804017 0.579521
9588.000000 -1.141046 -1.535605 16.755256 -0.045296 -0.138074 0.803327 0.577538
9589.000000 -1.220012 -1.606734 17.081125 -0.039545 -0.152076 0.802691 0.575322
9590.000000 -1.314129 -1.685032 17.400735 -0.032091 -0.164757 0.802216 0.572952
9591.000000 -1.387200 -1.778891 17.721956 -0.023487 -0.176526 0.801805 0.570434
9592.000000 -1.453452 -1.890621 18.038652 -0.014926 -0.188651 0.801146 0.567761
9593.000000 -1.523259 -2.002405 18.355222 -0.007786 -0.202507 0.799843 0.564961
9594.000000 -1.606306 -2.118233 18.666941 -0.003021 -0.218739 0.797614 0.562100
9595.000000 -1.708779 -2.259084 18.961381 -0.000889 -0.236652 0.794469 0.559298
9596.000000 -1.815267 -2.413609 19.248128 -0.001178 -0.254157 0.790799 0.556813
9597.000000 -1.923716 -2.577891 19.528665 -0.003734 -0.268473 0.787251 0.555107
9598.000000 -2.050669 -2.746202 19.800031 -0.008856 -0.277506 0.784338 0.554731
9599.000000 -2.174195 -2.898921 20.080202 -0.017318 -0.281379 0.781946 0.555955
9600.000000 -2.274906 -3.024792 20.382097 -0.029916 -0.283287 0.779140 0.558385
9601.000000 -2.380556 -3.140904 20.686241 -0.046661 -0.288870 0.774497 0.560831
9602.000000 -2.531944 -3.231846 20.981486 -0.066036 -0.303908 0.766789 0.561527
9603.000000 -2.719457 -3.333635 21.253402 -0.085027 -0.331252 0.755607 0.558661
9604.000000 -2.952721 -3.477138 21.454121 -0.100313 -0.368790 0.741701 0.551190
9605.000000 -3.195507 -3.667471 21.606290 -0.110043 -0.410012 0.726923 0.539782
9606.000000 -3.405332 -3.890539 21.758801 -0.114713 -0.447055 0.713602 0.527025
9607.000000 -3.607277 -4.124729 21.906851 -0.116264 -0.474229 0.703647 0.516207
9608.000000 -3.851106 -4.307602 22.059131 -0.116292 -0.489797 0.697943 0.509364
9609.000000 -4.117105 -4.458460 22.215894 -0.115120 -0.495464 0.696322 0.506358
9610.000000 -4.328939 -4.664141 22.388030 -0.112457 -0.494615 0.697842 0.505693
9611.000000 -4.525469 -4.884300 22.561143 -0.108693 -0.490565 0.701061 0.506009
9612.000000 -4.729927 -5.091237 22.741357 -0.105320 -0.485641 0.704404 0.506828
9613.000000 -4.947017 -5.280265 22.927127 -0.104020 -0.481142 0.706667 0.508236
9614.000000 -5.160568 -5.479097 23.105903 -0.105388 -0.477708 0.707387 0.510188
9615.000000 -5.394914 -5.649179 23.288837 -0.108552 -0.475624 0.706837 0.512230
9616.000000 -5.618039 -5.837759 23.467704 -0.111811 -0.474899 0.705729 0.513728
9617.000000 -5.837456 -6.029923 23.647049 -0.113451 -0.475246 0.704906 0.514177
9618.000000 -6.064504 -6.218185 23.821126 -0.112021 -0.476147 0.705188 0.513269
9619.000000 -6.300576 -6.397426 23.992758 -0.106253 -0.477086 0.707291 0.510723
9620.000000 -6.520411 -6.593676 24.167359 -0.095154 -0.477859 0.711614 0.506164
9621.000000 -6.718838 -6.802269 24.352742 -0.078440 -0.478775 0.717935 0.499190
9622.000000 -6.891600 -7.025921 24.546148 -0.056914 -0.480587 0.725305 0.489623
9623.000000 -7.046353 -7.265239 24.736114 -0.032353 -0.484133 0.732357 0.477726
9624.000000 -7.187214 -7.522506 24.912949 -0.006887 -0.489881 0.737893 0.464201
9625.000000 -7.316224 -7.792950 25.078862 0.017720 -0.497642 0.741334 0.449958
9626.000000 -7.436356 -8.073640 25.234321 0.040458 -0.506679 0.742774 0.435806
9627.000000 -7.540858 -8.362526 25.385726 0.061041 -0.516094 0.742710 0.422260
9628.000000 -7.637682 -8.659733 25.525574 0.079635 -0.525223 0.741684 0.409517
9629.000000 -7.726308 -8.961726 25.660685 0.096561 -0.533798 0.740055 0.397560
9630.000000 -7.800720 -9.271175 25.787403 0.112093 -0.541859 0.737970 0.386297
9631.000000 -7.870638 -9.584408 25.906095 0.126344 -0.549550 0.735449 0.375694
9632.000000 -7.930929 -9.902810 26.016650 0.139188 -0.556950 0.732506 0.365880
9633.000000 -7.988000 -10.223971 26.120910 0.150244 -0.563987 0.729220 0.357188
9634.000000 -8.035480 -10.550452 26.212355 0.158972 -0.570474 0.725756 0.350094
9635.000000 -8.074070 -10.881668 26.289839 0.164939 -0.576243 0.722293 0.345009
9636.000000 -8.122799 -11.208863 26.377571 0.168113 -0.581283 0.718933 0.342030
9637.000000 -8.183563 -11.531565 26.474622 0.168922 -0.585767 0.715650 0.340864
9638.000000 -8.245354 -11.858400 26.555893 0.167940 -0.589894 0.712379 0.341083
9639.000000 -8.299990 -12.185594 26.633175 0.165436 -0.593684 0.709135 0.342489
9640.000000 -8.341316 -12.521389 26.693594 0.161251 -0.596944 0.706022 0.345236
9641.000000 -8.425351 -12.842491 26.767507 0.155186 -0.599527 0.703090 0.349499
9642.000000 -8.508325 -13.159145 26.869412 0.147555 -0.601653 0.700158 0.354992
9643.000000 -8.603487 -13.477904 26.950813 0.139382 -0.604008 0.696829 0.360799
9644.000000 -8.699279 -13.797488 27.028095 0.132069 -0.607485 0.692678 0.365673
9645.000000 -8.791083 -14.119771 27.098288 0.126839 -0.612766 0.687473 0.368525
9646.000000 -8.923138 -14.422464 27.188589 0.124298 -0.620005 0.681260 0.368820
9647.000000 -9.016322 -14.748524 27.235840 0.124258 -0.628782 0.674314 0.366734
9648.000000 -9.108760 -15.076543 27.267139 0.125824 -0.638276 0.667032 0.363097
9649.000000 -9.202240 -15.404143 27.301959 0.127772 -0.647578 0.659827 0.359089
9650.000000 -9.313985 -15.726059 27.336353 -0.129107 0.655997 -0.653037 -0.355727
9651.000000 -9.405735 -16.054902 27.356341 -0.129528 0.663227 -0.646891 -0.353390
9652.000000 -9.520417 -16.376771 27.373005 -0.129526 0.669315 -0.641528 -0.351685
9653.000000 -9.626889 -16.704471 27.385050 -0.130076 0.674501 -0.637050 -0.349708
9654.000000 -9.746645 -17.018035 27.408539 -0.132097 0.679002 -0.633557 -0.346571
9655.000000 -9.854335 -17.344088 27.417771 -0.135965 0.682836 -0.631150 -0.341902
9656.000000 -9.937127 -17.676765 27.409070 -0.141291 0.685751 -0.629939 -0.336095
9657.000000 -10.018747 -18.009396 27.401854 -0.147076 0.687288 -0.630063 -0.330188
9658.000000 -10.096298 -18.343010 27.399871 -0.152129 0.686967 -0.631683 -0.325437
9659.000000 -10.175882 -18.676004 27.404097 -0.155545 0.684490 -0.634895 -0.322780
9660.000000 -10.247011 -19.010901 27.404366 -0.157034 0.679906 -0.639600 -0.322459
9661.000000 -10.331110 -19.342517 27.420632 -0.156992 0.673687 -0.645420 -0.323933
9662.000000 -10.403850 -19.675508 27.452619 -0.156296 0.666627 -0.651771 -0.326151
9663.000000 -10.513330 -19.993690 27.517484 -0.155869 0.659548 -0.658086 -0.328061
9664.000000 -10.567241 -20.331443 27.534378 0.156223 -0.652916 0.664059 0.329119
9665.000000 -10.629617 -20.666633 27.566832 0.157268 -0.646682 0.669730 0.329440
9666.000000 -10.702761 -20.998523 27.609402 0.158531 -0.640476 0.675330 0.329525
9667.000000 -10.777891 -21.323840 27.681646 0.159550 -0.633982 0.681044 0.329833
9668.000000 -10.839330 -21.656168 27.736759 0.160096 -0.627113 0.686897 0.330563
9669.000000 -10.895041 -21.989016 27.795805 0.160160 -0.619929 0.692829 0.331700
9670.000000 -10.957620 -22.317185 27.870996 0.159908 -0.612461 0.698836 0.333091
9671.000000 -11.021880 -22.644646 27.948201 0.159723 -0.604688 0.704985 0.334421
9672.000000 -11.085076 -22.970257 28.033311 0.160191 -0.596673 0.711304 0.335211
9673.000000 -11.144793 -23.290318 28.136533 0.161827 -0.588705 0.717632 0.335028
9674.000000 -11.188425 -23.614891 28.235070 0.164612 -0.581351 0.723526 0.333832
9675.000000 -11.230916 -23.940647 28.331014 0.167771 -0.575368 0.728341 0.332151
9676.000000 -11.253218 -24.263552 28.443012 0.170121 -0.571448 0.731480 0.330823
9677.000000 -11.265680 -24.588324 28.552253 0.170899 -0.569800 0.732767 0.330415
9678.000000 -11.331974 -24.910847 28.646033 0.170418 -0.569820 0.732705 0.330766
9679.000000 -11.433150 -25.221904 28.725652 0.169918 -0.570188 0.732386 0.331096
9680.000000 -11.456964 -25.546967 28.828442 0.170589 -0.569483 0.732970 0.330673
9681.000000 -11.489523 -25.872407 28.927370 0.172482 -0.566907 0.735034 0.329532
9682.000000 -11.511748 -26.196824 29.034718 0.174205 -0.562623 0.738300 0.328667
9683.000000 -11.524572 -26.519420 29.146555 0.173674 -0.557495 0.741938 0.329491
9684.000000 -11.549523 -26.839648 29.264613 0.169391 -0.552468 0.745136 0.332953
9685.000000 -11.611814 -27.153177 29.385409 0.161341 -0.548050 0.747478 0.338948
9686.000000 -11.684046 -27.463251 29.511460 0.150984 -0.544237 0.749013 0.346395
9687.000000 -11.743615 -27.770810 29.649502 0.140470 -0.540755 0.750104 0.353831
9688.000000 -11.827465 -28.072901 29.783985 0.131725 -0.537282 0.751236 0.360028
9689.000000 -11.884992 -28.372533 29.925171 0.125984 -0.533462 0.752894 0.364275
9690.000000 -11.980970 -28.672743 30.062431 0.123795 -0.528830 0.755522 0.366335
9691.000000 -12.056900 -28.973641 30.207366 0.125150 -0.522876 0.759443 0.366313
9692.000000 -12.111351 -29.277637 30.355617 0.129489 -0.515290 0.764706 0.364602
9693.000000 -12.148716 -29.579523 30.512970 0.135748 -0.506213 0.770977 0.361822
9694.000000 -12.184144 -29.877147 30.678671 0.142652 -0.496278 0.777641 0.358654
9695.000000 -12.217673 -30.167943 30.855570 0.149189 -0.486344 0.784060 0.355615
9696.000000 -12.243101 -30.464217 31.025338 0.154887 -0.477103 0.789823 0.352934
9697.000000 -12.264706 -30.753906 31.206738 0.159721 -0.468823 0.794831 0.350627
9698.000000 -12.274793 -31.045781 31.385673 0.163814 -0.461366 0.799218 0.348650
9699.000000 -12.287808 -31.336176 31.566799 0.167247 -0.454390 0.803219 0.346984
9700.000000 -12.298024 -31.621456 31.756137 0.170083 -0.447545 0.807049 0.345611
9701.000000 -12.304951 -31.903327 31.950648 0.172449 -0.440564 0.810868 0.344467
9702.000000 -12.305572 -32.187276 32.141879 0.174536 -0.433278 0.814771 0.343446
9703.000000 -12.308561 -32.464754 32.342528 0.176498 -0.425632 0.818784 0.342460
9704.000000 -12.297794 -32.741142 32.544590 0.178341 -0.417729 0.822844 0.341502
9705.000000 -12.289810 -33.009887 32.756702 0.179875 -0.409871 0.826799 0.340667
9706.000000 -12.274395 -33.276591 32.971024 0.180741 -0.402508 0.830437 0.340140
9707.000000 -12.254331 -33.542732 33.185568 0.180513 -0.396107 0.833558 0.340140
9708.000000 -12.239013 -33.806734 33.403287 0.178869 -0.390971 0.836053 0.340828
9709.000000 -12.227555 -34.067094 33.625512 0.175765 -0.387097 0.837943 0.342220
9710.000000 -12.220921 -34.324717 33.851093 0.171514 -0.384143 0.839390 0.344153
9711.000000 -12.224203 -34.584550 34.074046 0.166706 -0.381529 0.840652 0.346337
9712.000000 -12.228097 -34.842382 34.299303 0.161986 -0.378643 0.841999 0.348466
9713.000000 -12.226759 -35.097629 34.527262 0.157842 -0.375066 0.843617 0.350318
9714.000000 -12.229492 -35.344777 34.764006 0.154500 -0.370716 0.845540 0.351797
9715.000000 -12.229957 -35.587266 35.005737 0.151941 -0.365828 0.847664 0.352916
9716.000000 -12.230829 -35.836342 35.240683 0.149995 -0.360793 0.849816 0.353754
9717.000000 -12.224514 -36.070032 35.490873 0.148430 -0.355964 0.851849 0.354416
9718.000000 -12.228485 -36.315842 35.729303 0.147041 -0.351526 0.853692 0.354992
9719.000000 -12.225264 -36.551485 35.977808 0.145747 -0.347471 0.855352 0.355519
9720.000000 -12.225708 -36.785928 36.227511 0.144709 -0.343647 0.856900 0.355934
9721.000000 -12.222873 -37.019995 36.477517 0.144415 -0.339814 0.858432 0.356042
9722.000000 -12.227751 -37.247648 36.733116 0.145694 -0.335688 0.860057 0.355512
9723.000000 -12.218110 -37.479981 36.984460 0.149573 -0.330961 0.861872 0.353934
9724.000000 -12.219742 -37.705927 37.241636 0.156916 -0.325357 0.863918 0.350950
9725.000000 -12.198319 -37.933394 37.496258 0.167917 -0.318710 0.866141 0.346450
9726.000000 -12.144724 -38.160760 37.746496 0.181721 -0.311051 0.868405 0.340730
9727.000000 -12.070684 -38.387830 37.991918 0.196502 -0.302635 0.870587 0.334480
9728.000000 -11.997045 -38.605803 38.245330 0.210042 -0.293880 0.872672 0.328574
9729.000000 -11.918334 -38.825059 38.495919 0.220499 -0.285217 0.874766 0.323754
9730.000000 -11.828190 -39.040910 38.746103 0.226915 -0.276942 0.877009 0.320418
9731.000000 -11.739250 -39.248294 39.003714 0.229242 -0.269131 0.879500 0.318586
9732.000000 -11.663097 -39.456306 39.264772 0.228006 -0.261680 0.882264 0.318036
9733.000000 -11.585943 -39.654747 39.532724 0.223847 -0.254431 0.885279 0.318495
9734.000000 -11.492285 -39.849039 39.798584 0.217213 -0.247294 0.888491 0.319762
9735.000000 -11.420258 -40.035014 40.076840 0.208318 -0.240272 0.891831 0.321731
9736.000000 -11.351673 -40.222494 40.355047 0.197344 -0.233357 0.895225 0.324302
9737.000000 -11.298104 -40.392337 40.647362 0.184693 -0.226395 0.898614 0.327301
9738.000000 -11.251692 -40.569413 40.936808 0.171104 -0.218986 0.901983 0.330446
9739.000000 -11.204492 -40.724990 41.238088 0.157708 -0.210413 0.905388 0.333356
9740.000000 -11.175329 -40.883759 41.540599 0.146176 -0.199529 0.908980 0.335525
9741.000000 -11.143779 -41.026663 41.849633 0.139005 -0.184681 0.912964 0.336255
9742.000000 -11.121699 -41.169793 42.160034 0.139569 -0.163881 0.917430 0.334643
9743.000000 -11.093458 -41.280209 42.482609 0.151432 -0.135372 0.921976 0.329703
9744.000000 -11.035948 -41.367570 42.808515 0.176878 -0.098439 0.925306 0.320675
9745.000000 -10.878323 -41.428770 43.101430 0.215371 -0.054042 0.925307 0.307410
9746.000000 -10.666564 -41.453305 43.368300 0.263128 -0.004757 0.919951 0.290570
9747.000000 -10.421408 -41.458119 43.606032 0.314340 0.046062 0.908510 0.271439
9748.000000 -10.161559 -41.444836 43.827798 0.363237 0.095389 0.892047 0.251420
9749.000000 -9.875514 -41.406205 44.011802 0.405468 0.141112 0.872936 0.231660
9750.000000 -9.572353 -41.347242 44.160765 0.438187 0.181776 0.854150 0.213021
9751.000000 -9.255401 -41.262691 44.258460 0.459657 0.215982 0.838768 0.196306
9752.000000 -8.945524 -41.160725 44.361974 0.469271 0.242117 0.829393 0.182403
9753.000000 -8.651012 -41.041164 44.489341 0.467952 0.258717 0.827301 0.172218
9754.000000 -8.372650 -40.917414 44.644678 0.458238 0.265117 0.831885 0.166431
9755.000000 -8.099264 -40.806622 44.818489 0.443599 0.261884 0.841037 0.165210
9756.000000 -7.832121 -40.707063 45.007995 0.427192 0.250708 0.852301 0.168036
9757.000000 -7.567198 -40.624148 45.208129 0.410752 0.233897 0.863931 0.173775
9758.000000 -7.304078 -40.558681 45.416865 0.394275 0.213793 0.875255 0.181021
9759.000000 -7.052769 -40.504893 45.643009 0.376602 0.192360 0.886358 0.188517
9760.000000 -6.815758 -40.463347 45.886380 0.356422 0.170979 0.897515 0.195437
9761.000000 -6.597091 -40.425389 46.146763 0.333105 0.150451 0.908754 0.201423
9762.000000 -6.395984 -40.387522 46.421025 0.307057 0.131201 0.919721 0.206434
9763.000000 -6.218089 -40.366108 46.712541 0.279655 0.113640 0.929816 0.210525
9764.000000 -6.063651 -40.349191 47.017609 0.252903 0.098481 0.938443 0.213696
9765.000000 -5.938797 -40.342435 47.336283 0.228954 0.086787 0.945224 0.215870
9766.000000 -5.808280 -40.328419 47.652567 0.209610 0.079657 0.950076 0.216965
9767.000000 -5.684540 -40.311741 47.971378 0.195958 0.077785 0.953136 0.216985
9768.000000 -5.561975 -40.290222 48.290337 0.188228 0.081137 0.954627 0.216044
9769.000000 -5.433226 -40.254245 48.605494 0.185895 0.088937 0.954770 0.214355
9770.000000 -5.296287 -40.203567 48.915144 0.187906 0.099881 0.953779 0.212181
9771.000000 -5.146950 -40.163698 49.220627 0.192964 0.112439 0.951897 0.209798
9772.000000 -4.995308 -40.089717 49.518341 0.199784 0.125135 0.949414 0.207461
9773.000000 -4.838639 -40.021615 49.815049 0.207302 0.136750 0.946647 0.205387
9774.000000 -4.671437 -39.954001 50.106061 0.214751 0.146453 0.943890 0.203731
9775.000000 -4.501762 -39.877598 50.393402 0.221648 0.153827 0.941368 0.202576
9776.000000 -4.325683 -39.804883 50.677826 0.227732 0.158789 0.939225 0.201942
9777.000000 -4.151648 -39.728637 50.962755 0.232918 0.161438 0.937527 0.201815
9778.000000 -3.975439 -39.655546 51.247012 0.237262 0.161924 0.936275 0.202178
9779.000000 -3.794216 -39.584288 51.528738 0.240904 0.160417 0.935424 0.203013
9780.000000 -3.614864 -39.516688 51.812602 0.244005 0.157165 0.934897 0.204275
9781.000000 -3.434410 -39.459610 52.097986 0.246713 0.152577 0.934597 0.205870
9782.000000 -3.253029 -39.406600 52.383449 0.249222 0.147265 0.934391 0.207642
9783.000000 -3.068956 -39.356223 52.667623 0.251907 0.142059 0.934087 0.209390
9784.000000 -2.892398 -39.309233 52.957030 0.255410 0.137967 0.933415 0.210875
9785.000000 -2.710536 -39.264311 53.243668 0.260420 0.135939 0.932103 0.211865
9786.000000 -2.523038 -39.225381 53.527435 0.266985 0.136322 0.930100 0.212247
9787.000000 -2.345543 -39.193427 53.818558 0.273636 0.138245 0.927901 0.212161
9788.000000 -2.248275 -39.167540 53.957281 0.276074 0.139164 0.927063 0.212063
9789.000000 -2.433597 -39.209400 53.672566 0.270465 0.137201 0.928966 0.212241
9790.000000 -2.615903 -39.248619 53.385426 0.263555 0.135849 0.931174 0.212131
9791.000000 -2.801357 -39.290163 53.100812 0.257697 0.136651 0.932851 0.211443
9792.000000 -2.981542 -39.329917 52.812444 0.253508 0.139808 0.933815 0.210181
9793.000000 -3.162324 -39.376694 52.525516 0.250508 0.144588 0.934266 0.208534
9794.000000 -3.344292 -39.430969 52.240646 0.247975 0.149965 0.934492 0.206745
9795.000000 -3.524778 -39.488822 51.955518 0.245398 0.155005 0.934726 0.205039
9796.000000 -3.704867 -39.551206 51.671005 0.242513 0.158988 0.935125 0.203595
9797.000000 -3.884514 -39.620843 51.387946 0.239160 0.161407 0.935804 0.202539
9798.000000 -4.060702 -39.691673 51.104237 0.235187 0.161942 0.936848 0.201936
9799.000000 -4.238689 -39.767898 50.820638 0.230436 0.160394 0.938319 0.201816
9800.000000 -4.414004 -39.841585 50.535882 0.224800 0.156605 0.940243 0.202194
9801.000000 -4.583553 -39.915308 50.247713 0.218289 0.150442 0.942588 0.203088
9802.000000 -4.752827 -39.988703 49.959544 0.211071 0.141876 0.945251 0.204500
9803.000000 -4.918190 -40.057561 49.667955 0.203511 0.131140 0.948047 0.206380
9804.000000 -5.071117 -40.130837 49.370507 0.196227 0.118854 0.950711 0.208609
9805.000000 -5.221422 -40.182685 49.067847 0.190137 0.106054 0.952932 0.210999
9806.000000 -5.367265 -40.230833 48.761770 0.186436 0.094110 0.954402 0.213311
9807.000000 -5.500393 -40.274744 48.449404 0.186444 0.084554 0.954853 0.215277
9808.000000 -5.621996 -40.301569 48.130427 0.191370 0.078841 0.954063 0.216623
9809.000000 -5.747635 -40.321037 47.812501 0.202038 0.078047 0.951816 0.217105
9810.000000 -5.870283 -40.335256 47.493062 0.218619 0.082593 0.947886 0.216555
9811.000000 -6.001642 -40.347299 47.177173 0.240452 0.092128 0.942076 0.214913
9812.000000 -6.143984 -40.357628 46.866673 0.266061 0.105700 0.934344 0.212229
9813.000000 -6.306324 -40.376091 46.566247 0.293409 0.122174 0.924918 0.208592
9814.000000 -6.493964 -40.405301 46.281915 0.320356 0.140645 0.914306 0.204047
9815.000000 -6.701900 -40.446197 46.013105 0.345155 0.160577 0.903139 0.198554
9816.000000 -6.932113 -40.484197 45.762714 0.366887 0.181601 0.891919 0.192081
9817.000000 -7.176791 -40.528733 45.527351 0.385678 0.203142 0.880815 0.184801
9818.000000 -7.431707 -40.588747 45.306720 0.402575 0.224122 0.869637 0.177296
9819.000000 -7.699078 -40.664030 45.106514 0.418939 0.242855 0.858136 0.170628
9820.000000 -7.967398 -40.756044 44.915154 0.435466 0.257151 0.846539 0.166177
9821.000000 -8.236780 -40.861429 44.732736 0.451313 0.264621 0.836050 0.165265
9822.000000 -8.509696 -40.976782 44.561001 0.463936 0.263187 0.828867 0.168749
9823.000000 -8.798400 -41.102495 44.427443 0.469853 0.251677 0.827430 0.176795
9824.000000 -9.098015 -41.215938 44.306987 0.465929 0.230161 0.833208 0.188945
9825.000000 -9.414697 -41.302098 44.209754 0.450397 0.199784 0.845850 0.204370
9826.000000 -9.725530 -41.382714 44.092477 0.423148 0.162159 0.863307 0.222151
9827.000000 -10.022218 -41.422508 43.925011 0.385394 0.118800 0.882644 0.241450
9828.000000 -10.294881 -41.459309 43.720887 0.339390 0.071066 0.900779 0.261461
9829.000000 -10.547178 -41.461045 43.490948 0.288687 0.020669 0.914964 0.281200
9830.000000 -10.779991 -41.445183 43.240465 0.238431 -0.029805 0.923386 0.299366
9831.000000 -10.976123 -41.407085 42.962643 0.194660 -0.077044 0.925867 0.314550
9832.000000 -11.068496 -41.326715 42.645535 0.162412 -0.117941 0.923912 0.325727
9833.000000 -11.112998 -41.229747 42.320203 0.143895 -0.150669 0.919750 0.332646
9834.000000 -11.131571 -41.097047 42.005315 0.138088 -0.175150 0.915145 0.335805
9835.000000 -11.160364 -40.959013 41.693453 0.141851 -0.192722 0.910911 0.336122
9836.000000 -11.189185 -40.808250 41.386916 0.151575 -0.205352 0.907148 0.334572
9837.000000 -11.227240 -40.648959 41.086238 0.164293 -0.214905 0.903674 0.331959
9838.000000 -11.274204 -40.484025 40.790080 0.177955 -0.222783 0.900300 0.328877
9839.000000 -11.329992 -40.311052 40.499921 0.191191 -0.229900 0.896923 0.325764
9840.000000 -11.385466 -40.126348 40.217437 0.203073 -0.236806 0.893525 0.322950
9841.000000 -11.454809 -39.943801 39.936113 0.213039 -0.243767 0.890150 0.320664
9842.000000 -11.545741 -39.751765 39.667817 0.220823 -0.250850 0.886864 0.319035
9843.000000 -11.624196 -39.555610 39.398420 0.226257 -0.258039 0.883743 0.318155
9844.000000 -11.699053 -39.350797 39.134830 0.229027 -0.265371 0.880848 0.318169
9845.000000 -11.781564 -39.142452 38.875977 0.228565 -0.272982 0.878220 0.319324
9846.000000 -11.876327 -38.931123 38.623866 0.224234 -0.281021 0.875861 0.321891
9847.000000 -11.957779 -38.721057 38.365813 0.215739 -0.289514 0.873709 0.325994
9848.000000 -12.042617 -38.499378 38.118993 0.203559 -0.298271 0.871637 0.331431
9849.000000 -12.107439 -38.272729 37.870614 0.189128 -0.306914 0.869511 0.337617
9850.000000 -12.177521 -38.048579 37.621303 0.174565 -0.314996 0.867278 0.343707
9851.000000 -12.215042 -37.822100 37.367210 0.161987 -0.322167 0.865015 0.348881
9852.000000 -12.216650 -37.596371 37.109951 0.152778 -0.328282 0.862867 0.352633
9853.000000 -12.223184 -37.367074 36.855780 0.147245 -0.333418 0.860936 0.354880
9854.000000 -12.228064 -37.134035 36.605150 0.144795 -0.337807 0.859226 0.355882
9855.000000 -12.224511 -36.905223 36.350405 0.144425 -0.341749 0.857661 0.356044
9856.000000 -12.223336 -36.667836 36.103472 0.145174 -0.345544 0.856135 0.355749
9857.000000 -12.224835 -36.431813 35.855307 0.146378 -0.349458 0.854541 0.355263
9858.000000 -12.226864 -36.194682 35.608353 0.147723 -0.353693 0.852795 0.354710
9859.000000 -12.225827 -35.954042 35.364968 0.149180 -0.358337 0.850854 0.354101
9860.000000 -12.233338 -35.715198 35.119747 0.150905 -0.363304 0.848747 0.353364
9861.000000 -12.227281 -35.463357 34.887663 0.153130 -0.368316 0.846588 0.352398
9862.000000 -12.225768 -35.224893 34.641853 0.156067 -0.372979 0.844544 0.351105
9863.000000 -12.226234 -34.964983 34.418993 0.159822 -0.376955 0.842768 0.349435
9864.000000 -12.225521 -34.715983 34.183762 0.164299 -0.380153 0.841300 0.347425
9865.000000 -12.221227 -34.456197 33.960701 0.169138 -0.382834 0.840026 0.345234
9866.000000 -12.223811 -34.197560 33.736387 0.173750 -0.385538 0.838707 0.343135
9867.000000 -12.231774 -33.934952 33.516628 0.177488 -0.388890 0.837066 0.341442
9868.000000 -12.246299 -33.673850 33.295518 0.179879 -0.393373 0.834886 0.340392
9869.000000 -12.263829 -33.410888 33.076766 0.180788 -0.399162 0.832072 0.340061
9870.000000 -12.280852 -33.145331 32.861213 0.180418 -0.406096 0.828671 0.340351
9871.000000 -12.294140 -32.873564 32.653162 0.179166 -0.413769 0.824848 0.341059
9872.000000 -12.302249 -32.604271 32.441743 0.177441 -0.421698 0.820816 0.341975
9873.000000 -12.306211 -32.324648 32.244003 0.175528 -0.429498 0.816766 0.342951
9874.000000 -12.301310 -32.047151 32.043518 0.173516 -0.436966 0.812806 0.343947
9875.000000 -12.304366 -31.761639 31.854336 0.171314 -0.444084 0.808953 0.345017
9876.000000 -12.291290 -31.479114 31.661132 0.168734 -0.450970 0.805144 0.346264
9877.000000 -12.281994 -31.190279 31.477315 0.165610 -0.457841 0.801252 0.347778
9878.000000 -12.269979 -30.901019 31.294281 0.161853 -0.465011 0.797088 0.349599
9879.000000 -12.256537 -30.609731 31.114627 0.157405 -0.472844 0.792417 0.351736
9880.000000 -12.231592 -30.314470 30.942830 0.152152 -0.481609 0.787037 0.354225
9881.000000 -12.193154 -30.024346 30.765228 0.146009 -0.491260 0.780914 0.357098
9882.000000 -12.169099 -29.729352 30.593422 0.139194 -0.501300 0.774303 0.360248
9883.000000 -12.130928 -29.430193 30.431055 0.132459 -0.510908 0.767750 0.363301
9884.000000 -12.085332 -29.126658 30.279007 0.127003 -0.519291 0.761918 0.365634
9885.000000 -12.020766 -28.823518 30.133315 0.124051 -0.526046 0.757309 0.366566
9886.000000 -11.942571 -28.523097 29.988402 0.124433 -0.531280 0.754062 0.365579
9887.000000 -11.836565 -28.225047 29.857897 0.128430 -0.535442 0.751971 0.362420
9888.000000 -11.796207 -27.920100 29.714468 0.135782 -0.539038 0.750634 0.357141
9889.000000 -11.711464 -27.615856 29.584205 0.145613 -0.542475 0.749585 0.350202
9890.000000 -11.649194 -27.307977 29.448209 0.156321 -0.546083 0.748329 0.342581
9891.000000 -11.570217 -26.999832 29.320496 0.165773 -0.550173 0.746421 0.335684
9892.000000 -11.531214 -26.681244 29.201983 0.172042 -0.554923 0.743630 0.330872
9893.000000 -11.520814 -26.358633 29.087850 0.174343 -0.560099 0.740130 0.328788
9894.000000 -11.499596 -26.034663 28.981097 0.173493 -0.564934 0.736562 0.328976
9895.000000 -11.477671 -25.709997 28.876452 0.171440 -0.568441 0.733815 0.330149
9896.000000 -11.423039 -25.386782 28.782543 0.170068 -0.570041 0.732509 0.331000
9897.000000 -11.380799 -25.067796 28.687245 0.170080 -0.570056 0.732499 0.330990
9898.000000 -11.308168 -24.746968 28.599794 0.170752 -0.569673 0.732846 0.330536
9899.000000 -11.258830 -24.425742 28.498146 0.170716 -0.570357 0.732340 0.330495
9900.000000 -11.244751 -24.102086 28.386457 0.169115 -0.573120 0.730145 0.331394
9901.000000 -11.222601 -23.777451 28.279324 0.166218 -0.578139 0.726111 0.333001
9902.000000 -11.176150 -23.452477 28.183566 0.163108 -0.584906 0.720671 0.334536
9903.000000 -11.121807 -23.128159 28.087930 0.160847 -0.592654 0.714488 0.335256
9904.000000 -11.057564 -22.806337 27.992108 0.159836 -0.600699 0.708127 0.334915
9905.000000 -10.990593 -22.481049 27.908490 0.159774 -0.608613 0.701888 0.333791
9906.000000 -10.926765 -22.152674 27.834868 0.160056 -0.616232 0.695820 0.332379
9907.000000 -10.869585 -21.822405 27.764794 0.160182 -0.623556 0.689855 0.331087
9908.000000 -10.807751 -21.490146 27.709179 0.159887 -0.630591 0.683957 0.330142
9909.000000 -10.745968 -21.157762 27.654456 0.159092 -0.637276 0.678168 0.329632
9910.000000 -10.671933 -20.831384 27.587094 0.157905 -0.643600 0.672524 0.329478
9911.000000 -10.593213 -20.500562 27.546664 0.156684 -0.649769 0.666920 0.329345
9912.000000 -10.545929 -20.160456 27.532617 0.155941 -0.656168 0.661120 0.328704
9913.000000 -10.459930 -19.833863 27.486469 -0.156003 0.663049 -0.654960 -0.327194
9914.000000 -10.369111 -19.509102 27.433374 -0.156663 0.670207 -0.648568 -0.325022
9915.000000 -10.286007 -19.177479 27.412981 -0.157157 0.676956 -0.642404 -0.323031
9916.000000 -10.213483 -18.843024 27.400134 -0.156521 0.682442 -0.637078 -0.322344
9917.000000 -10.138908 -18.508801 27.398432 -0.154076 0.686005 -0.633090 -0.323813
9918.000000 -10.054945 -18.176797 27.400851 -0.149762 0.687385 -0.630677 -0.327596
9919.000000 -9.975998 -17.843626 27.406579 -0.144202 0.686724 -0.629824 -0.333074
9920.000000 -9.887998 -17.512771 27.407904 -0.138498 0.684434 -0.630387 -0.339087
9921.000000 -9.795628 -17.185062 27.410551 -0.133807 0.681012 -0.632212 -0.344422
9922.000000 -9.691299 -16.857727 27.400282 -0.130863 0.676830 -0.635174 -0.348324
9923.000000 -9.583647 -16.534976 27.390557 -0.129667 0.672005 -0.639172 -0.350792
9924.000000 -9.458814 -16.217521 27.359459 -0.129524 0.666400 -0.644105 -0.352509
9925.000000 -9.366516 -15.887926 27.351881 -0.129417 0.659764 -0.649874 -0.354438
9926.000000 -9.252935 -15.567126 27.316128 0.128554 -0.651927 0.656363 0.357285
9927.000000 -9.154192 -15.240517 27.285889 0.126824 -0.643002 0.663397 0.361066
9928.000000 -9.065880 -14.910498 27.260036 0.124915 -0.633499 0.670689 0.365038
9929.000000 -8.974319 -14.584267 27.211779 0.124008 -0.624247 0.677855 0.368036
9930.000000 -8.856713 -14.270217 27.148691 0.125225 -0.616154 0.684480 0.368999
9931.000000 -8.747365 -13.956989 27.067979 0.129138 -0.609876 0.690211 0.367401
9932.000000 -8.648407 -13.637801 26.993024 0.135531 -0.605554 0.694877 0.363430
9933.000000 -8.557244 -13.317620 26.912111 0.143451 -0.602746 0.698572 0.357932
9934.000000 -8.467511 -13.000500 26.818497 0.151517 -0.600614 0.701645 0.352136
9935.000000 -8.370810 -12.686957 26.721959 0.158451 -0.598318 0.704538 0.347180
9936.000000 -8.328078 -12.350723 26.668843 0.163572 -0.595395 0.707555 0.343678
9937.000000 -8.282096 -12.018487 26.606989 0.166880 -0.591840 0.710748 0.341634
9938.000000 -8.216668 -11.694193 26.516400 0.168627 -0.587868 0.714015 0.340822
9939.000000 -8.153885 -11.369959 26.426518 0.168775 -0.583579 0.717286 0.341249
9940.000000 -8.092072 -11.046544 26.332464 0.166858 -0.578846 0.720599 0.343267
9941.000000 -8.056698 -10.714981 26.254474 0.162315 -0.573454 0.724015 0.347285
9942.000000 -8.008618 -10.388257 26.164560 0.154933 -0.567312 0.727498 0.353411
9943.000000 -7.960846 -10.063738 26.067057 0.144972 -0.560524 0.730897 0.361366
9944.000000 -7.904677 -9.742628 25.962166 0.132960 -0.553287 0.734028 0.370673
9945.000000 -7.840768 -9.426106 25.848000 0.119380 -0.545742 0.736764 0.380910
9946.000000 -7.763760 -9.114954 25.727258 0.104489 -0.537884 0.739066 0.391847
9947.000000 -7.684280 -8.809284 25.594945 0.088286 -0.529582 0.740931 0.403446
9948.000000 -7.588802 -8.510368 25.457670 0.070567 -0.520720 0.742289 0.415786
9949.000000 -7.488676 -8.217837 25.310419 0.051015 -0.511390 0.742893 0.428938
9950.000000 -7.376309 -7.932176 25.158515 0.029355 -0.502059 0.742278 0.442830
9951.000000 -7.251062 -7.657648 24.996578 0.005606 -0.493547 0.739883 0.457113
9952.000000 -7.118261 -7.391767 24.826421 -0.019608 -0.486727 0.735368 0.471111
9953.000000 -6.970260 -7.144126 24.641913 -0.044879 -0.482100 0.728956 0.483930
9954.000000 -6.807870 -6.910624 24.451065 -0.068185 -0.479513 0.721571 0.494726
9955.000000 -6.622318 -6.696536 24.258832 -0.087476 -0.478260 0.714568 0.502998
9956.000000 -6.412672 -6.494094 24.079001 -0.101410 -0.477487 0.709171 0.508722
9957.000000 -6.184869 -6.305167 23.906517 -0.109752 -0.476636 0.705976 0.512221
9958.000000 -5.949642 -6.126187 23.733596 -0.113202 -0.475663 0.704860 0.513909
9959.000000 -5.724018 -5.934797 23.560727 -0.112929 -0.474967 0.705229 0.514106
9960.000000 -5.508787 -5.741885 23.377245 -0.110283 -0.475102 0.706300 0.513084
9961.000000 -5.282349 -5.559878 23.195481 -0.106844 -0.476490 0.707232 0.511238
9962.000000 -5.051510 -5.381172 23.018029 -0.104395 -0.479268 0.707217 0.509164
9963.000000 -4.839957 -5.184731 22.833761 -0.104338 -0.483287 0.705719 0.507452
9964.000000 -4.620895 -4.992208 22.653436 -0.106840 -0.488111 0.702807 0.506355
9965.000000 -4.429956 -4.774081 22.472000 -0.110640 -0.492818 0.699340 0.505779
9966.000000 -4.230647 -4.552139 22.302204 -0.113979 -0.495630 0.696771 0.505836
9967.000000 -3.985570 -4.380199 22.138117 -0.115876 -0.493673 0.696666 0.507461
9968.000000 -3.722430 -4.226499 21.981379 -0.116419 -0.483420 0.700252 0.512249
9969.000000 -3.503954 -4.009011 21.833385 -0.115751 -0.462080 0.708122 0.521198
9970.000000 -3.304128 -3.775441 21.682873 -0.112902 -0.429495 0.719941 0.533360
9971.000000 -3.077720 -3.567596 21.530795 -0.105895 -0.389445 0.734276 0.545855
9972.000000 -2.830337 -3.398613 21.364841 -0.093302 -0.349077 0.748900 0.555508
9973.000000 -2.620564 -3.279377 21.123309 -0.075801 -0.316049 0.761614 0.560634
9974.000000 -2.451886 -3.187051 20.834840 -0.056181 -0.294927 0.771077 0.561518
9975.000000 -2.321735 -3.087653 20.534371 -0.037824 -0.285225 0.777138 0.559708
9976.000000 -2.227660 -2.963616 20.229112 -0.023071 -0.282264 0.780680 0.557076
9977.000000 -2.114293 -2.825746 19.937866 -0.012612 -0.279961 0.783117 0.555149
9978.000000 -1.986188 -2.662761 19.664398 -0.005934 -0.273710 0.785703 0.554724
9979.000000 -1.866118 -2.494063 19.390531 -0.002167 -0.261880 0.788968 0.555827
9980.000000 -1.763311 -2.336276 19.104411 -0.000748 -0.245627 0.792662 0.557991
9981.000000 -1.655265 -2.185032 18.816547 -0.001634 -0.227587 0.796140 0.560680
9982.000000 -1.562638 -2.058376 18.512556 -0.005074 -0.210334 0.798852 0.563532
9983.000000 -1.487144 -1.947227 18.196797 -0.011103 -0.195296 0.800598 0.566374
9984.000000 -1.422934 -1.834247 17.879873 -0.019112 -0.182450 0.801532 0.569116
9985.000000 -1.351119 -1.728290 17.562373 -0.027869 -0.170688 0.802018 0.571713
9986.000000 -1.268644 -1.642881 17.241008 -0.036013 -0.158583 0.802434 0.574155
9987.000000 -1.175883 -1.570242 16.919640 -0.042640 -0.145219 0.802992 0.576452
9988.000000 -1.087877 -1.496549 16.597700 -0.047538 -0.130788 0.803676 0.578567
9989.000000 -0.997183 -1.424593 16.276122 -0.050920 -0.116709 0.804331 0.580378
9990.000000 -0.918582 -1.382160 15.945618 -0.052923 -0.105149 0.804830 0.581715
9991.000000 -0.852618 -1.341375 15.611736 -0.053312 -0.098034 0.805169 0.582452
9992.000000 -0.791511 -1.322250 15.275223 -0.051664 -0.095924 0.805438 0.582579
9993.000000 -0.721757 -1.288982 14.941929 -0.047893 -0.097394 0.805734 0.582249
9994.000000 -0.661475 -1.292147 14.604984 -0.042602 -0.099552 0.806121 0.581758
9995.000000 -0.603920 -1.287914 14.270084 -0.036893 -0.099587 0.806639 0.581425
9996.000000 -0.514373 -1.198236 13.948730 -0.031740 -0.096344 0.807271 0.581398
9997.000000 -0.449299 -1.121580 13.623284 -0.027485 -0.090689 0.807938 0.581597
9998.000000 -0.411194 -1.095683 13.283950 -0.023863 -0.084460 0.808552 0.581843
9999.000000 -0.357496 -1.076267 12.946065 -0.020429 -0.078986 0.809072 0.582019
10000.000000 -0.317906 -1.039346 12.608049 -0.016924 -0.074390 0.809520 0.582114
10001.000000 -0.275037 -1.006200 12.269896 -0.013353 -0.069945 0.809936 0.582179
10002.000000 -0.232636 -0.967639 11.932172 -0.009893 -0.064822 0.810351 0.582264
10003.000000 -0.201120 -0.927341 11.593379 -0.006827 -0.058536 0.810766 0.582396
10004.000000 -0.170769 -0.895353 11.253676 -0.004442 -0.050967 0.811166 0.582574
10005.000000 -0.131710 -0.874783 10.914162 -0.002767 -0.042284 0.811530 0.582773
10006.000000 -0.120986 -0.837575 10.573484 -0.001261 -0.033010 0.811843 0.582940
10007.000000 -0.115339 -0.803121 10.232288 0.001175 -0.024130 0.812097 0.583022
10008.000000 -0.085571 -0.794519 9.891511 0.005653 -0.016975 0.812278 0.582996
10009.000000 -0.076406 -0.783939 9.549317 0.012455 -0.012812 0.812358 0.582885
10010.000000 -0.075878 -0.794763 9.207012 0.020500 -0.012306 0.812310 0.582735
10011.000000 -0.077115 -0.791836 8.864760 0.027657 -0.015174 0.812144 0.582603
10012.000000 -0.081213 -0.784942 8.522274 0.031851 -0.020212 0.811922 0.582546
10013.000000 -0.115017 -0.763033 8.182068 0.032272 -0.025711 0.811713 0.582597
10014.000000 -0.147360 -0.714447 7.844361 0.029792 -0.030078 0.811559 0.582734
10015.000000 -0.154356 -0.681949 7.503218 0.026266 -0.032378 0.811479 0.582893
10016.000000 -0.143904 -0.646966 7.162701 0.023281 -0.032583 0.811472 0.583018
10017.000000 -0.127854 -0.624525 6.821063 0.021366 -0.031490 0.811512 0.583095
10018.000000 -0.123182 -0.605657 6.479013 0.020151 -0.030451 0.811550 0.583141
10019.000000 -0.131851 -0.567425 6.138742 0.019096 -0.031071 0.811525 0.583179
10020.000000 -0.135836 -0.542203 5.796986 0.018078 -0.034849 0.811375 0.583206
10021.000000 -0.135521 -0.527604 5.454600 0.017444 -0.042672 0.811038 0.583174
10022.000000 -0.133842 -0.512071 5.112434 0.017686 -0.054286 0.810465 0.582998
10023.000000 -0.132701 -0.486854 4.770684 0.019085 -0.068102 0.809669 0.582609
10024.000000 -0.129496 -0.460209 4.429203 0.021544 -0.081663 0.808769 0.582030
10025.000000 -0.106946 -0.431269 4.090179 0.024639 -0.092607 0.807965 0.581386
10026.000000 -0.053682 -0.332255 3.766633 0.027802 -0.099543 0.807439 0.580828
10027.000000 -0.045441 -0.273689 3.428986 0.030487 -0.102299 0.807265 0.580456
10028.000000 -0.019633 -0.196776 3.096909 0.032190 -0.101513 0.807403 0.580310
10029.000000 0.019662 -0.131590 2.762904 0.032266 -0.097981 0.807759 0.580418
10030.000000 0.038449 -0.046337 2.431304 0.029565 -0.092297 0.808224 0.580846
10031.000000 0.047198 0.023704 2.096058 0.022078 -0.085016 0.808644 0.581704
10032.000000 0.067986 0.071675 1.757661 0.007087 -0.077133 0.808734 0.583052
10033.000000 0.093690 0.149871 1.425855 -0.017544 -0.070242 0.808001 0.584716
10034.000000 0.102621 0.218541 1.089834 -0.051114 -0.065923 0.805875 0.586180
10035.000000 0.115910 0.245811 0.749484 -0.088463 -0.064716 0.802242 0.586851
10036.000000 0.129007 0.253674 0.407279 -0.121137 -0.065660 0.798054 0.586622
10037.000000 0.128227 0.280748 0.065939 -0.141490 -0.066991 0.794994 0.586069
10038.000000 0.216222 0.257712 -0.069607 -0.147208 -0.066891 0.796306 0.582882
10039.000000 0.216222 0.257712 -0.069607 -0.149818 -0.064787 0.804670 0.570845
10040.000000 0.216222 0.257712 -0.069607 -0.152395 -0.062669 0.812851 0.558678
10041.000000 0.125881 0.264761 0.223539 -0.138784 -0.061887 0.815030 0.559138
10042.000000 0.122995 0.249254 0.553186 -0.111050 -0.061047 0.819003 0.559620
10043.000000 0.114385 0.245251 0.883026 -0.074331 -0.061709 0.823229 0.559430
10044.000000 0.097993 0.195462 1.208756 -0.037429 -0.065258 0.826217 0.558306
10045.000000 0.089931 0.126106 1.531386 -0.007616 -0.071796 0.827594 0.556664
10046.000000 0.056987 0.053447 1.850828 0.012256 -0.080055 0.827822 0.555113
10047.000000 0.045425 0.010158 2.178147 0.023288 -0.088299 0.827493 0.554000
10048.000000 0.035749 -0.063916 2.499701 0.028226 -0.095271 0.826998 0.553354
10049.000000 0.014727 -0.144791 2.819161 0.029554 -0.100422 0.826534 0.553067
10050.000000 -0.025603 -0.205234 3.141111 0.028832 -0.103458 0.826204 0.553039
10051.000000 -0.045667 -0.279420 3.461316 0.026891 -0.103855 0.826096 0.553224
10052.000000 -0.055684 -0.338175 3.785859 0.024231 -0.100800 0.826300 0.553607
10053.000000 -0.108180 -0.433439 4.097438 0.021292 -0.093637 0.826855 0.554157
10054.000000 -0.129421 -0.459858 4.424273 0.018571 -0.082523 0.827686 0.554780
10055.000000 -0.132610 -0.485449 4.753199 0.016570 -0.068828 0.828610 0.555333
10056.000000 -0.133754 -0.510138 5.082368 0.015630 -0.054894 0.829422 0.555699
10057.000000 -0.135264 -0.526207 5.411916 0.015779 -0.043158 0.830005 0.555860
10058.000000 -0.136049 -0.539228 5.741731 0.016701 -0.035202 0.830348 0.555882
10059.000000 -0.133035 -0.561398 6.071111 0.017880 -0.031300 0.830501 0.555850
10060.000000 -0.125254 -0.596247 6.399160 0.018913 -0.030629 0.830528 0.555813
10061.000000 -0.125199 -0.620959 6.727816 0.019855 -0.031801 0.830485 0.555778
10062.000000 -0.138906 -0.636387 7.057564 0.021294 -0.033328 0.830428 0.555720
10063.000000 -0.152387 -0.670830 7.385451 0.023904 -0.033890 0.830407 0.555612
10064.000000 -0.153427 -0.699477 7.714555 0.027626 -0.032542 0.830455 0.555448
10065.000000 -0.130416 -0.746015 8.040323 0.031195 -0.028968 0.830578 0.555273
10066.000000 -0.093773 -0.778461 8.367063 0.032598 -0.023677 0.830768 0.555159
10067.000000 -0.077455 -0.786570 8.696138 0.030299 -0.017956 0.831001 0.555155
10068.000000 -0.076449 -0.798004 9.026053 0.024309 -0.013493 0.831218 0.555251
10069.000000 -0.075898 -0.785935 9.355626 0.016263 -0.011810 0.831345 0.555393
10070.000000 -0.075559 -0.788884 9.685625 0.008466 -0.013730 0.831342 0.555527
10071.000000 -0.099199 -0.794825 10.014430 0.002620 -0.019118 0.831224 0.555603
10072.000000 -0.117478 -0.813026 10.342922 -0.000898 -0.027010 0.831020 0.555585
10073.000000 -0.119383 -0.850753 10.671625 -0.002887 -0.036048 0.830749 0.555471
10074.000000 -0.138980 -0.881437 10.999356 -0.004554 -0.045013 0.830420 0.555299
10075.000000 -0.177902 -0.901080 11.326354 -0.006736 -0.053131 0.830043 0.555122
10076.000000 -0.205893 -0.934317 11.653508 -0.009619 -0.060065 0.829638 0.554979
10077.000000 -0.238155 -0.973194 11.979625 -0.012965 -0.065740 0.829228 0.554879
10078.000000 -0.280084 -1.009790 12.304876 -0.016482 -0.070295 0.828832 0.554819
10079.000000 -0.319264 -1.041897 12.630793 -0.019997 -0.074222 0.828441 0.554776
10080.000000 -0.359100 -1.077050 12.956240 -0.023429 -0.078388 0.828018 0.554700
10081.000000 -0.410867 -1.095572 13.281722 -0.026808 -0.083604 0.827515 0.554537
10082.000000 -0.448016 -1.119483 13.608632 -0.030374 -0.089806 0.826907 0.554290
10083.000000 -0.507030 -1.190863 13.923323 -0.034560 -0.095622 0.826234 0.554076
10084.000000 -0.594971 -1.279006 14.231681 -0.039648 -0.099019 0.825596 0.554090
10085.000000 -0.653994 -1.299030 14.553121 -0.045353 -0.098852 0.825086 0.554441
10086.000000 -0.708421 -1.281945 14.878544 -0.050752 -0.096070 0.824722 0.555002
10087.000000 -0.779649 -1.317577 15.198377 -0.054766 -0.093477 0.824460 0.555454
10088.000000 -0.835733 -1.333161 15.523396 -0.056788 -0.094172 0.824226 0.555481
10089.000000 -0.897214 -1.371015 15.845482 -0.056926 -0.099910 0.823921 0.554916
10090.000000 -0.971602 -1.405790 16.164886 -0.055661 -0.110461 0.823443 0.553753
10091.000000 -1.045388 -1.462818 16.481607 -0.053295 -0.124094 0.822765 0.552103
10092.000000 -1.148173 -1.541111 16.784395 -0.049674 -0.138610 0.821993 0.550133
10093.000000 -1.225383 -1.611485 17.097689 -0.044403 -0.152313 0.821311 0.547976
10094.000000 -1.315399 -1.686310 17.405823 -0.037359 -0.164572 0.820820 0.545687
10095.000000 -1.385525 -1.776736 17.715294 -0.029116 -0.175895 0.820414 0.543263
10096.000000 -1.449712 -1.884045 18.020374 -0.020927 -0.187545 0.819773 0.540704
10097.000000 -1.516213 -1.992008 18.325302 -0.014217 -0.200876 0.818505 0.538049
10098.000000 -1.594369 -2.101970 18.626802 -0.009949 -0.216605 0.816316 0.535361
10099.000000 -1.690496 -2.233627 18.913077 -0.008311 -0.234240 0.813186 0.532721
10100.000000 -1.794489 -2.381783 19.189198 -0.008944 -0.251929 0.809457 0.530313
10101.000000 -1.895111 -2.537120 19.462388 -0.011479 -0.266949 0.805774 0.528521
10102.000000 -2.014708 -2.700091 19.724429 -0.016000 -0.276855 0.802767 0.527883
10103.000000 -2.137045 -2.853697 19.989887 -0.023176 -0.280940 0.800564 0.528803
10104.000000 -2.242193 -2.981621 20.274345 -0.034005 -0.281336 0.798471 0.531166
10105.000000 -2.333596 -3.100533 20.568324 -0.049149 -0.282973 0.795131 0.534114
10106.000000 -2.463377 -3.193733 20.856819 -0.068056 -0.291961 0.789110 0.536128
10107.000000 -2.627704 -3.283217 21.133705 -0.088450 -0.312779 0.779555 0.535387
10108.000000 -2.830639 -3.398797 21.365097 -0.106886 -0.345669 0.766655 0.530404
10109.000000 -3.068998 -3.560844 21.525504 -0.120414 -0.385946 0.751788 0.520924
10110.000000 -3.288949 -3.759379 21.671815 -0.128213 -0.425953 0.737183 0.508612
10111.000000 -3.482317 -3.983208 21.817239 -0.131703 -0.458577 0.725077 0.496614
10112.000000 -3.687276 -4.199228 21.959304 -0.132967 -0.480029 0.716888 0.487814
10113.000000 -3.936408 -4.353816 22.109321 -0.133045 -0.490439 0.712954 0.483183
10114.000000 -4.185307 -4.507250 22.262780 -0.131659 -0.492579 0.712760 0.481669
10115.000000 -4.378380 -4.717954 22.428817 -0.128428 -0.489964 0.715215 0.481569
10116.000000 -4.562893 -4.930192 22.600328 -0.124137 -0.485417 0.718848 0.481890
10117.000000 -4.767959 -5.123530 22.772009 -0.120675 -0.480614 0.722172 0.482612
10118.000000 -4.975283 -5.306716 22.951663 -0.119732 -0.476384 0.724177 0.484035
10119.000000 -5.185007 -5.494548 23.122463 -0.121593 -0.473159 0.724612 0.486079
10120.000000 -5.408669 -5.660201 23.299657 -0.125088 -0.471199 0.723875 0.488189
10121.000000 -5.622962 -5.842362 23.472156 -0.128478 -0.470558 0.722680 0.489697
10122.000000 -5.834441 -6.027407 23.644799 -0.130222 -0.470996 0.721778 0.490144
10123.000000 -6.052453 -6.209577 23.812618 -0.129085 -0.472031 0.721888 0.489286
10124.000000 -6.280811 -6.381061 23.977778 -0.123908 -0.473168 0.723674 0.486883
10125.000000 -6.494397 -6.568910 24.145085 -0.113666 -0.474195 0.727565 0.482564
10126.000000 -6.688881 -6.768736 24.321305 -0.097949 -0.475384 0.733428 0.475919
10127.000000 -6.859232 -6.980218 24.508529 -0.077409 -0.477437 0.740412 0.466746
10128.000000 -7.011417 -7.208013 24.692417 -0.053717 -0.481180 0.747201 0.455269
10129.000000 -7.150547 -7.451210 24.866594 -0.028963 -0.487124 0.752580 0.442147
10130.000000 -7.276728 -7.709468 25.028531 -0.004937 -0.495155 0.755906 0.428256
10131.000000 -7.394781 -7.976209 25.182653 0.017305 -0.504582 0.757212 0.414399
10132.000000 -7.501515 -8.251948 25.328985 0.037440 -0.514487 0.756976 0.401110
10133.000000 -7.596654 -8.535064 25.469078 0.055612 -0.524134 0.755759 0.388611
10134.000000 -7.688187 -8.823143 25.601241 0.072145 -0.533179 0.753963 0.376901
10135.000000 -7.764472 -9.117825 25.728421 0.087340 -0.541623 0.751765 0.365877
10136.000000 -7.838749 -9.417353 25.845043 0.101378 -0.549628 0.749189 0.355454
10137.000000 -7.900194 -9.721970 25.955603 0.114261 -0.557335 0.746220 0.345655
10138.000000 -7.954605 -10.031082 26.057260 0.125760 -0.564750 0.742892 0.336680
10139.000000 -8.002934 -10.342697 26.153484 0.135420 -0.571718 0.739332 0.328920
10140.000000 -8.051529 -10.657032 26.240629 0.142701 -0.578002 0.735740 0.322856
10141.000000 -8.083224 -10.977277 26.313319 0.147268 -0.583450 0.732293 0.318820
10142.000000 -8.139338 -11.290232 26.400985 0.149253 -0.588125 0.729036 0.316763
10143.000000 -8.197066 -11.602231 26.491573 0.149221 -0.592285 0.725883 0.316270
10144.000000 -8.257569 -11.916050 26.571895 0.147756 -0.596156 0.722737 0.316887
10145.000000 -8.310127 -12.232021 26.642999 0.145004 -0.599700 0.719639 0.318516
10146.000000 -8.345028 -12.557002 26.698515 0.140657 -0.602640 0.716743 0.321435
10147.000000 -8.431690 -12.863909 26.774291 0.134442 -0.604783 0.714117 0.325884
10148.000000 -8.511166 -13.169082 26.872500 0.126687 -0.606384 0.711559 0.331562
10149.000000 -8.603016 -13.476200 26.950355 0.118431 -0.608201 0.708618 0.337528
10150.000000 -8.694907 -13.784164 27.024795 0.111034 -0.611183 0.704828 0.342555
10151.000000 -8.782852 -14.094934 27.091893 0.105645 -0.616029 0.699928 0.345612
10152.000000 -8.909180 -14.386240 27.181749 0.102845 -0.622909 0.693948 0.346183
10153.000000 -9.005289 -14.697667 27.229768 0.102510 -0.631429 0.687156 0.344392
10154.000000 -9.092536 -15.013794 27.265245 0.103847 -0.640789 0.679953 0.340983
10155.000000 -9.180702 -15.330130 27.295217 0.105681 -0.650062 0.672770 0.337092
10156.000000 -9.281212 -15.642912 27.325207 0.106959 -0.658506 0.665970 0.333788
10157.000000 -9.382430 -15.954840 27.354537 -0.107237 0.665758 -0.659787 -0.331583
10158.000000 -9.479453 -16.269692 27.362534 -0.106851 0.671842 -0.654340 -0.330226
10159.000000 -9.599326 -16.575710 27.392771 -0.106701 0.677020 -0.649688 -0.328882
10160.000000 -9.706040 -16.883590 27.405786 -0.107783 0.681582 -0.645887 -0.326585
10161.000000 -9.804229 -17.201108 27.413442 -0.110709 0.685665 -0.643006 -0.322723
10162.000000 -9.889522 -17.518393 27.407713 -0.115399 0.689133 -0.641136 -0.317370
10163.000000 -9.974485 -17.837026 27.406677 -0.121093 0.691584 -0.640413 -0.311317
10164.000000 -10.050688 -18.157915 27.400760 -0.126656 0.692495 -0.641029 -0.305763
10165.000000 -10.131612 -18.477728 27.397733 -0.131030 0.691416 -0.643171 -0.301837
10166.000000 -10.203986 -18.799559 27.401788 -0.133606 0.688161 -0.646905 -0.300163
10167.000000 -10.271586 -19.122267 27.410740 -0.134399 0.682929 -0.652043 -0.300640
10168.000000 -10.354939 -19.441009 27.427762 -0.134015 0.676334 -0.658108 -0.302500
10169.000000 -10.431569 -19.758268 27.469390 -0.133385 0.669251 -0.664459 -0.304641
10170.000000 -10.530401 -20.067114 27.527716 0.133327 -0.662459 0.670560 0.306140
10171.000000 -10.575838 -20.394841 27.537281 0.134145 -0.656269 0.676212 0.306682
10172.000000 -10.642401 -20.715873 27.572901 0.135569 -0.650453 0.681572 0.306579
10173.000000 -10.710071 -21.035510 27.617322 0.137066 -0.644554 0.686938 0.306397
10174.000000 -10.782577 -21.349148 27.685636 0.138229 -0.638279 0.692481 0.306534
10175.000000 -10.841979 -21.669199 27.738820 0.138919 -0.631617 0.698176 0.307101
10176.000000 -10.895171 -21.989861 27.795977 0.139160 -0.624675 0.703934 0.308047
10177.000000 -10.955785 -22.305951 27.868240 0.139085 -0.617477 0.709748 0.309248
10178.000000 -11.018047 -22.621452 27.942060 0.139030 -0.609978 0.715701 0.310433
10179.000000 -11.079073 -22.934878 28.024600 0.139571 -0.602221 0.721835 0.311133
10180.000000 -11.133942 -23.243552 28.124665 0.141285 -0.594469 0.728016 0.310868
10181.000000 -11.182331 -23.555943 28.217550 0.144266 -0.587225 0.733862 0.309518
10182.000000 -11.227806 -23.869648 28.307919 0.147818 -0.581169 0.738784 0.307556
10183.000000 -11.249520 -24.181079 28.414774 0.150692 -0.576987 0.742173 0.305871
10184.000000 -11.259254 -24.493764 28.521305 0.151871 -0.575039 0.743720 0.305198
10185.000000 -11.321115 -24.802554 28.614211 0.151378 -0.574980 0.743715 0.305565
10186.000000 -11.402962 -25.108134 28.695542 0.150393 -0.575695 0.743094 0.306217
10187.000000 -11.426258 -25.418435 28.793136 0.150442 -0.575736 0.743069 0.306176
10188.000000 -11.477584 -25.730095 28.882750 0.152184 -0.574047 0.744479 0.305061
10189.000000 -11.500136 -26.042641 28.984031 0.154734 -0.570437 0.747348 0.303531
10190.000000 -11.520791 -26.354796 29.086494 0.156050 -0.565544 0.750997 0.303004
10191.000000 -11.529875 -26.665804 29.195882 0.154116 -0.560330 0.754560 0.304824
10192.000000 -11.564409 -26.973062 29.310396 0.148107 -0.555500 0.757442 0.309459
10193.000000 -11.639978 -27.269615 29.434271 0.138814 -0.551259 0.759487 0.316266
10194.000000 -11.704016 -27.567252 29.560823 0.128158 -0.547461 0.760896 0.323881
10195.000000 -11.771916 -27.862432 29.690011 0.118241 -0.543875 0.762051 0.330905
10196.000000 -11.845801 -28.153172 29.823786 0.110617 -0.540280 0.763359 0.336368
10197.000000 -11.918839 -28.440700 29.954175 0.106132 -0.536379 0.765220 0.339811
10198.000000 -11.996290 -28.730798 30.091121 0.105109 -0.531713 0.768025 0.341132
10199.000000 -12.067315 -29.021333 30.230215 0.107459 -0.525777 0.772065 0.340480
10200.000000 -12.116593 -29.314371 30.373827 0.112584 -0.518293 0.777352 0.338263
10201.000000 -12.152011 -29.604508 30.526759 0.119378 -0.509444 0.783526 0.335117
10202.000000 -12.184455 -29.891095 30.686835 0.126570 -0.499876 0.789976 0.331727
10203.000000 -12.218091 -30.170858 30.857594 0.133212 -0.490415 0.796107 0.328575
10204.000000 -12.242400 -30.456341 31.020982 0.138940 -0.481690 0.801562 0.325835
10205.000000 -12.263865 -30.735548 31.195369 0.143816 -0.473913 0.806281 0.323473
10206.000000 -12.273607 -31.017162 31.366989 0.147999 -0.466918 0.810414 0.321424
10207.000000 -12.286658 -31.296706 31.541723 0.151563 -0.460366 0.814188 0.319670
10208.000000 -12.295151 -31.572346 31.722903 0.154545 -0.453927 0.817808 0.318207
10209.000000 -12.304984 -31.843363 31.910886 0.157059 -0.447356 0.821420 0.316977
10210.000000 -12.301151 -32.118689 32.092940 0.159302 -0.440494 0.825114 0.315872
10211.000000 -12.307858 -32.385384 32.287043 0.161452 -0.433261 0.828930 0.314790
10212.000000 -12.300548 -32.654032 32.477995 0.163561 -0.425705 0.832835 0.313702
10213.000000 -12.293983 -32.912191 32.683247 0.165490 -0.418049 0.836709 0.312675
10214.000000 -12.279387 -33.173554 32.884103 0.166928 -0.410683 0.840364 0.311870
10215.000000 -12.262406 -33.429906 33.090976 0.167451 -0.404064 0.843598 0.311504
10216.000000 -12.245816 -33.682611 33.302481 0.166668 -0.398554 0.846270 0.311775
10217.000000 -12.231817 -33.933903 33.515729 0.164388 -0.394278 0.848348 0.312773
10218.000000 -12.223838 -34.187184 33.727032 0.160758 -0.391057 0.849926 0.314416
10219.000000 -12.220778 -34.436652 33.942726 0.156263 -0.388434 0.851207 0.316461
10220.000000 -12.224361 -34.686651 34.157880 0.151553 -0.385821 0.852450 0.318595
10221.000000 -12.225978 -34.927899 34.382904 0.147220 -0.382699 0.853885 0.320544
10222.000000 -12.227283 -35.178165 34.597615 0.143617 -0.378810 0.855627 0.322149
10223.000000 -12.228531 -35.410593 34.831538 0.140839 -0.374228 0.857640 0.323375
10224.000000 -12.231601 -35.648128 35.060344 0.138782 -0.369275 0.859781 0.324272
10225.000000 -12.229108 -35.884274 35.290519 0.137241 -0.364345 0.861880 0.324933
10226.000000 -12.223823 -36.110578 35.530301 0.135982 -0.359721 0.863819 0.325463
10227.000000 -12.227197 -36.345449 35.761873 0.134811 -0.355514 0.865561 0.325946
10228.000000 -12.224539 -36.572899 36.000808 0.133648 -0.351682 0.867127 0.326419
10229.000000 -12.225802 -36.799080 36.241006 0.132586 -0.348132 0.868561 0.326844
10230.000000 -12.222858 -37.024029 36.482266 0.131892 -0.344821 0.869884 0.327115
10231.000000 -12.228024 -37.243619 36.728253 0.131924 -0.341833 0.871066 0.327094
10232.000000 -12.218480 -37.467849 36.969935 0.132979 -0.339387 0.872022 0.326666
10233.000000 -12.219723 -37.685656 37.217515 0.135089 -0.337756 0.872644 0.325828
10234.000000 -12.209433 -37.906073 37.462590 0.137831 -0.337123 0.872862 0.324750
10235.000000 -12.189218 -38.135353 37.698912 0.140293 -0.337456 0.872697 0.323792
10236.000000 -12.174252 -38.362583 37.937683 0.141298 -0.338490 0.872275 0.323414
10237.000000 -12.160754 -38.591606 38.174354 0.139852 -0.339805 0.871778 0.324001
10238.000000 -12.151209 -38.818142 38.413803 0.135568 -0.340968 0.871369 0.325697
10239.000000 -12.164073 -39.044849 38.653150 0.128762 -0.341662 0.871127 0.328368
10240.000000 -12.176585 -39.263313 38.899656 0.120189 -0.341770 0.871045 0.331705
10241.000000 -12.194950 -39.482494 39.145432 0.110638 -0.341395 0.871046 0.335391
10242.000000 -12.198250 -39.694236 39.391419 0.100689 -0.340837 0.871000 0.339191
10243.000000 -12.247587 -39.910220 39.636355 0.090643 -0.340595 0.870719 0.342969
10244.000000 -12.284646 -40.122109 39.887624 0.080416 -0.341440 0.869910 0.346712
10245.000000 -12.319487 -40.322450 40.146258 0.069354 -0.344440 0.868129 0.350576
10246.000000 -12.356718 -40.530893 40.398114 0.056203 -0.350710 0.864815 0.354878
10247.000000 -12.409721 -40.744901 40.641284 0.039507 -0.360880 0.859433 0.359973
10248.000000 -12.509210 -40.966221 40.864282 0.018326 -0.374647 0.851650 0.366055
10249.000000 -12.620365 -41.185403 41.083867 -0.007204 -0.390837 0.841455 0.373026
10250.000000 -12.754610 -41.392590 41.302404 -0.035828 -0.407986 0.829154 0.380484
10251.000000 -12.918518 -41.599207 41.500349 -0.065633 -0.424982 0.815272 0.387833
10252.000000 -13.114020 -41.798180 41.676512 -0.094703 -0.441370 0.800408 0.394425
10253.000000 -13.312508 -41.998584 41.847219 -0.121615 -0.457366 0.785042 0.399669
10254.000000 -13.529012 -42.193596 41.999543 -0.145651 -0.473784 0.769336 0.403034
10255.000000 -13.742065 -42.386148 42.160419 -0.166747 -0.491841 0.753041 0.404000
10256.000000 -13.984567 -42.566197 42.292917 -0.185258 -0.512595 0.735669 0.402141
10257.000000 -14.228196 -42.760348 42.400404 -0.201640 -0.536066 0.716960 0.397421
10258.000000 -14.472291 -42.974430 42.457299 -0.216107 -0.560698 0.697435 0.390513
10259.000000 -14.722001 -43.188674 42.477637 -0.228372 -0.583779 0.678651 0.382729
10260.000000 -14.982721 -43.389923 42.497972 -0.237619 -0.602711 0.662831 0.375408
10261.000000 -15.251383 -43.579435 42.521906 -0.242856 -0.616205 0.651939 0.369173
10262.000000 -15.519322 -43.771305 42.539871 -0.243558 -0.624590 0.646722 0.363754
10263.000000 -15.756075 -43.996064 42.582524 -0.240217 -0.629227 0.646377 0.358561
10264.000000 -15.995313 -44.220824 42.610297 -0.234382 -0.631598 0.649022 0.353439
10265.000000 -16.227291 -44.451949 42.648936 -0.228119 -0.632685 0.652639 0.348904
10266.000000 -16.467289 -44.677742 42.668664 -0.223219 -0.632871 0.655808 0.345781
10267.000000 -16.699354 -44.907264 42.713520 -0.220686 -0.632200 0.657894 0.344668
10268.000000 -16.936113 -45.136570 42.744178 -0.220723 -0.630708 0.658785 0.345675
10269.000000 -17.175585 -45.356669 42.791843 -0.223022 -0.628574 0.658573 0.348480
10270.000000 -17.421189 -45.573820 42.824631 -0.227007 -0.626068 0.657441 0.352532
10271.000000 -17.672312 -45.783853 42.864736 -0.231934 -0.623416 0.655713 0.357210
10272.000000 -17.931773 -45.985153 42.896133 -0.236939 -0.620721 0.653890 0.361930
10273.000000 -18.185903 -46.191142 42.938667 -0.241175 -0.617988 0.652549 0.366204
10274.000000 -18.447382 -46.388073 42.979620 -0.243982 -0.615190 0.652180 0.369696
10275.000000 -18.705718 -46.588434 43.023557 -0.245016 -0.612282 0.653066 0.372267
10276.000000 -18.962959 -46.790001 43.068319 -0.244246 -0.609179 0.655280 0.373971
10277.000000 -19.216718 -46.995487 43.115462 -0.241877 -0.605777 0.658718 0.374993
10278.000000 -19.470312 -47.199109 43.170154 -0.238264 -0.602047 0.663128 0.375541
10279.000000 -19.719950 -47.404850 43.234823 -0.233854 -0.598129 0.668104 0.375753
10280.000000 -19.966811 -47.612107 43.305011 -0.229177 -0.594345 0.673113 0.375701
10281.000000 -20.209885 -47.823628 43.375674 -0.224826 -0.591082 0.677575 0.375457
10282.000000 -20.450548 -48.036143 43.451430 -0.221411 -0.588657 0.680965 0.375162
10283.000000 -20.689948 -48.250910 43.524880 -0.219509 -0.587251 0.682867 0.375026
10284.000000 -20.932963 -48.461468 43.598650 -0.219695 -0.586947 0.682914 0.375308
10285.000000 -21.176263 -48.671599 43.672628 -0.222721 -0.587821 0.680609 0.376343
10286.000000 -21.422540 -48.880455 43.740222 -0.229658 -0.589983 0.675178 0.378566
10287.000000 -21.672239 -49.086995 43.802136 -0.241438 -0.593435 0.665852 0.382340
10288.000000 -21.926121 -49.289235 43.861287 -0.257403 -0.597726 0.652946 0.387465
10289.000000 -22.189614 -49.478481 43.911102 -0.273486 -0.601704 0.639534 0.392625
10290.000000 -22.326451 -49.563174 43.940516 -0.279325 -0.603077 0.634543 0.394500
10291.000000 -22.053143 -49.390443 43.889993 -0.265842 -0.599851 0.645966 0.390173
10292.000000 -21.799406 -49.187487 43.832279 -0.249053 -0.595530 0.659740 0.384785
10293.000000 -21.547899 -48.982882 43.771972 -0.234923 -0.591561 0.671026 0.380251
10294.000000 -21.299179 -48.776426 43.706080 -0.225627 -0.588735 0.678340 0.377277
10295.000000 -21.053520 -48.567611 43.636154 -0.220792 -0.587230 0.682097 0.375706
10296.000000 -20.810963 -48.356109 43.563488 -0.219301 -0.586957 0.683148 0.375097
10297.000000 -20.570474 -48.143436 43.487719 -0.220237 -0.587821 0.682124 0.375060
10298.000000 -20.329209 -47.931668 43.411735 -0.222964 -0.589750 0.679432 0.375304
10299.000000 -20.089787 -47.716028 43.340853 -0.226922 -0.592625 0.675447 0.375596
10300.000000 -19.843009 -47.509093 43.269492 -0.231513 -0.596196 0.670641 0.375757
10301.000000 -19.596189 -47.300481 43.203106 -0.236127 -0.600095 0.665576 0.375684
10302.000000 -19.343129 -47.097901 43.142269 -0.240200 -0.603949 0.660823 0.375316
10303.000000 -19.089504 -46.893629 43.090895 -0.243242 -0.607520 0.656858 0.374553
10304.000000 -18.833992 -46.689758 43.045478 -0.244848 -0.610761 0.654010 0.373217
10305.000000 -18.576089 -46.489315 42.999628 -0.244729 -0.613754 0.652457 0.371098
10306.000000 -18.315734 -46.290943 42.958619 -0.242786 -0.616600 0.652220 0.368061
10307.000000 -18.058637 -46.088658 42.916397 -0.239201 -0.619361 0.653124 0.364148
10308.000000 -17.801202 -45.885196 42.881103 -0.234482 -0.622072 0.654777 0.359598
10309.000000 -17.547588 -45.677216 42.848031 -0.229405 -0.624751 0.656624 0.354831
10310.000000 -17.298201 -45.465259 42.808852 -0.224847 -0.627350 0.658106 0.350389
10311.000000 -17.060785 -45.243666 42.759623 -0.221622 -0.629705 0.658807 0.346884
10312.000000 -16.820084 -45.018924 42.728733 -0.220394 -0.631550 0.658485 0.344918
10313.000000 -16.583118 -44.792284 42.691399 -0.221627 -0.632643 0.657001 0.344954
10314.000000 -16.344082 -44.567666 42.661325 -0.225415 -0.632884 0.654335 0.347119
10315.000000 -16.114051 -44.334023 42.627444 -0.231177 -0.632266 0.650817 0.351047
10316.000000 -15.873910 -44.110352 42.597054 -0.237485 -0.630619 0.647460 0.355973
10317.000000 -15.642874 -43.878652 42.557097 -0.242317 -0.627278 0.646043 0.361156
10318.000000 -15.384577 -43.676453 42.530629 -0.243771 -0.620964 0.648637 0.366401
10319.000000 -15.120097 -43.480365 42.508650 -0.240790 -0.610152 0.656686 0.372155
10320.000000 -14.851136 -43.290466 42.491349 -0.233437 -0.593884 0.670229 0.378948
10321.000000 -14.597966 -43.080600 42.469680 -0.222555 -0.572614 0.687818 0.386637
10322.000000 -14.349894 -42.866547 42.434055 -0.209117 -0.548392 0.707226 0.394168
10323.000000 -14.105015 -42.662856 42.351130 -0.193692 -0.524050 0.726473 0.400115
10324.000000 -13.866057 -42.474796 42.224050 -0.176296 -0.501845 0.744518 0.403440
10325.000000 -13.639872 -42.287860 42.076193 -0.156551 -0.482528 0.761292 0.403848
10326.000000 -13.411950 -42.098189 41.932807 -0.134010 -0.465451 0.777238 0.401619
10327.000000 -13.208091 -41.900352 41.765628 -0.108491 -0.449380 0.792768 0.397249
10328.000000 -13.018011 -41.695956 41.589682 -0.080364 -0.433254 0.807927 0.391262
10329.000000 -12.833070 -41.495039 41.405246 -0.050709 -0.416548 0.822373 0.384213
10330.000000 -12.688136 -41.291879 41.190039 -0.021241 -0.399375 0.835538 0.376728
10331.000000 -12.558347 -41.075344 40.977678 0.006049 -0.382532 0.846842 0.369448
10332.000000 -12.460007 -40.851787 40.756118 0.029498 -0.367372 0.855850 0.362889
10333.000000 -12.371466 -40.630447 40.528889 0.048377 -0.355302 0.862410 0.357308
10334.000000 -12.342779 -40.434682 40.265092 0.063133 -0.347109 0.866700 0.352649
10335.000000 -12.306613 -40.223241 40.015158 0.075056 -0.342596 0.869174 0.348612
10336.000000 -12.265114 -40.012044 39.764732 0.085577 -0.340820 0.870404 0.344840
10337.000000 -12.231771 -39.799444 39.515129 0.095672 -0.340636 0.870904 0.341087
10338.000000 -12.179874 -39.588472 39.271039 0.105687 -0.341113 0.871039 0.337288
10339.000000 -12.182941 -39.377104 39.019044 0.115494 -0.341628 0.871042 0.333521
10340.000000 -12.175036 -39.151757 38.778215 0.124644 -0.341787 0.871070 0.329974
10341.000000 -12.155922 -38.929328 38.535539 0.132438 -0.341386 0.871225 0.326928
10342.000000 -12.151705 -38.703660 38.295051 0.138060 -0.340429 0.871556 0.324713
10343.000000 -12.167549 -38.480646 38.052662 0.140923 -0.339140 0.872024 0.323571
10344.000000 -12.179598 -38.249318 37.817765 0.141050 -0.337910 0.872507 0.323502
10345.000000 -12.200619 -38.023694 37.578239 0.139169 -0.337181 0.872822 0.324228
10346.000000 -12.217129 -37.795487 37.340435 0.136428 -0.337311 0.872805 0.325300
10347.000000 -12.216567 -37.578797 37.091891 0.133917 -0.338454 0.872381 0.326293
10348.000000 -12.223646 -37.358301 36.846705 0.132313 -0.340525 0.871579 0.326934
10349.000000 -12.228063 -37.134013 36.605127 0.131795 -0.343275 0.870497 0.327150
10350.000000 -12.224320 -36.913870 36.359519 0.132171 -0.346445 0.869237 0.327007
10351.000000 -12.223639 -36.685015 36.121828 0.133092 -0.349877 0.867858 0.326642
10352.000000 -12.225171 -36.458241 35.882228 0.134227 -0.353557 0.866363 0.326184
10353.000000 -12.228492 -36.231346 35.642833 0.135394 -0.357565 0.864714 0.325707
10354.000000 -12.226925 -35.996117 35.411754 0.136590 -0.361983 0.862873 0.325208
10355.000000 -12.232611 -35.769335 35.172273 0.137961 -0.366786 0.860844 0.324626
10356.000000 -12.227716 -35.525706 34.949756 0.139732 -0.371773 0.858706 0.323860
10357.000000 -12.228284 -35.295503 34.713443 0.142128 -0.376589 0.856607 0.322808
10358.000000 -12.226527 -35.052732 34.490470 0.145316 -0.380854 0.854716 0.321394
10359.000000 -12.227653 -34.808820 34.268687 0.149311 -0.384348 0.853133 0.319606
10360.000000 -12.223921 -34.559263 34.053081 0.153894 -0.387163 0.851817 0.317536
10361.000000 -12.221485 -34.309309 33.837944 0.158579 -0.389706 0.850588 0.315407
10362.000000 -12.227755 -34.061138 33.620663 0.162718 -0.392559 0.849189 0.313526
10363.000000 -12.238785 -33.810436 33.406508 0.165714 -0.396266 0.847380 0.312184
10364.000000 -12.253450 -33.555881 33.197099 0.167242 -0.401156 0.845009 0.311550
10365.000000 -12.272768 -33.299620 32.990335 0.167331 -0.407254 0.842044 0.311618
10366.000000 -12.287394 -33.043944 32.782335 0.166296 -0.414301 0.838577 0.312232
10367.000000 -12.296365 -32.784007 32.579439 0.164564 -0.421868 0.834787 0.313173
10368.000000 -12.305979 -32.520084 32.381712 0.162516 -0.429514 0.830877 0.314245
10369.000000 -12.308331 -32.252275 32.189752 0.160381 -0.436925 0.827007 0.315332
10370.000000 -12.304566 -31.982039 32.000189 0.158201 -0.443969 0.823252 0.316416
10371.000000 -12.302925 -31.707957 31.816523 0.155850 -0.450670 0.819608 0.317569
10372.000000 -12.290067 -31.434880 31.631795 0.153122 -0.457150 0.816007 0.318905
10373.000000 -12.280206 -31.155706 31.456307 0.149856 -0.463609 0.812332 0.320510
10374.000000 -12.269281 -30.877107 31.279922 0.145987 -0.470338 0.808407 0.322412
10375.000000 -12.255499 -30.597018 31.106124 0.141473 -0.477686 0.804007 0.324612
10376.000000 -12.231239 -30.312462 30.940934 0.136193 -0.485937 0.798929 0.327153
10377.000000 -12.194682 -30.032762 30.770159 0.129996 -0.495084 0.793111 0.330104
10378.000000 -12.171500 -29.748757 30.604488 0.122996 -0.504698 0.786757 0.333415
10379.000000 -12.134513 -29.461172 30.447022 0.115854 -0.514007 0.780363 0.336761
10380.000000 -12.092445 -29.169009 30.299674 0.109734 -0.522229 0.774566 0.339531
10381.000000 -12.033554 -28.876451 30.159042 0.105887 -0.528930 0.769881 0.341034
10382.000000 -11.958796 -28.587127 30.018908 0.105183 -0.534174 0.766482 0.340733
10383.000000 -11.849570 -28.299551 29.892420 0.107952 -0.538393 0.764196 0.338355
10384.000000 -11.817660 -28.006981 29.752878 0.114075 -0.542094 0.762661 0.333871
10385.000000 -11.731409 -27.715831 29.626689 0.122992 -0.545655 0.761479 0.327541
10386.000000 -11.674025 -27.420124 29.492566 0.133518 -0.549320 0.760249 0.320066
10387.000000 -11.603437 -27.121587 29.371261 0.143767 -0.553310 0.758563 0.312667
10388.000000 -11.547443 -26.818157 29.256777 0.151608 -0.557843 0.756106 0.306806
10389.000000 -11.524371 -26.509560 29.143374 0.155578 -0.562922 0.752837 0.303564
10390.000000 -11.512058 -26.198936 29.035353 0.155688 -0.568091 0.749131 0.303045
10391.000000 -11.490866 -25.886453 28.931821 0.153470 -0.572457 0.745762 0.304269
10392.000000 -11.456556 -25.573015 28.836711 0.151119 -0.575143 0.743572 0.305736
10393.000000 -11.432524 -25.260065 28.738155 0.150214 -0.575883 0.742938 0.306329
10394.000000 -11.338662 -24.960822 28.661083 0.150846 -0.575332 0.743405 0.305921
10395.000000 -11.278518 -24.648920 28.571287 0.151782 -0.574828 0.743866 0.305284
10396.000000 -11.256055 -24.337334 28.467375 0.151523 -0.575735 0.743175 0.305385
10397.000000 -11.238684 -24.026006 28.359515 0.149420 -0.578808 0.740701 0.306622
10398.000000 -11.211308 -23.712386 28.261099 0.146043 -0.584002 0.736479 0.308562
10399.000000 -11.167394 -23.399870 28.166899 0.142642 -0.590743 0.731014 0.310313
10400.000000 -11.115833 -23.087520 28.074481 0.140259 -0.598318 0.724937 0.311141
10401.000000 -11.051166 -22.777450 27.984355 0.139185 -0.606121 0.718748 0.310878
10402.000000 -10.986877 -22.463832 27.904629 0.139024 -0.613767 0.712702 0.309868
10403.000000 -10.925655 -22.147486 27.833745 0.139147 -0.621111 0.706830 0.308628
10404.000000 -10.870716 -21.829376 27.766042 0.139090 -0.628177 0.701050 0.307533
10405.000000 -10.810948 -21.509342 27.712588 0.138634 -0.634989 0.695316 0.306765
10406.000000 -10.752958 -21.188618 27.660874 0.137704 -0.641470 0.689685 0.306413
10407.000000 -10.681733 -20.874901 27.592516 0.136340 -0.647540 0.684239 0.306466
10408.000000 -10.604172 -20.556646 27.553148 0.134814 -0.653343 0.678910 0.306676
10409.000000 -10.555010 -20.230329 27.533331 0.133632 -0.659292 0.673439 0.306523
10410.000000 -10.486624 -19.910654 27.502169 0.133250 -0.665785 0.667563 0.305507
10411.000000 -10.386324 -19.602555 27.442210 -0.133672 0.672797 -0.661287 -0.303604
10412.000000 -10.314838 -19.281339 27.417101 -0.134299 0.679750 -0.654999 -0.301464
10413.000000 -10.237138 -18.961074 27.401779 -0.134199 0.685763 -0.649322 -0.300167
10414.000000 -10.167604 -18.638674 27.403161 -0.132557 0.690058 -0.644844 -0.300707
10415.000000 -10.089676 -18.318236 27.400457 -0.129044 0.692224 -0.641901 -0.303542
10416.000000 -10.015590 -17.996735 27.402297 -0.123964 0.692265 -0.640541 -0.308399
10417.000000 -9.936997 -17.676308 27.409069 -0.118188 0.690518 -0.640620 -0.314360
10418.000000 -9.856746 -17.355974 27.417166 -0.112867 0.687496 -0.641938 -0.320198
10419.000000 -9.751866 -17.043085 27.407354 -0.109003 0.683685 -0.644327 -0.324863
10420.000000 -9.634992 -16.741648 27.383176 -0.107036 0.679364 -0.647677 -0.327905
10421.000000 -9.538204 -16.423072 27.378377 -0.106680 0.674525 -0.651912 -0.329616
10422.000000 -9.422145 -16.115191 27.357034 -0.107079 0.668933 -0.656968 -0.330842
10423.000000 -9.339603 -15.796036 27.344724 0.107219 -0.662287 0.662792 0.332546
10424.000000 -9.227120 -15.487941 27.308809 0.106436 -0.654420 0.669304 0.335317
10425.000000 -9.134894 -15.172716 27.277161 0.104777 -0.645490 0.676334 0.339023
10426.000000 -9.049367 -14.854814 27.253586 0.103039 -0.636062 0.683579 0.342823
10427.000000 -8.960466 -14.541260 27.204006 0.102405 -0.627007 0.690631 0.345549
10428.000000 -8.843024 -14.241364 27.138852 0.103912 -0.619227 0.697061 0.346216
10429.000000 -8.742114 -13.937393 27.063848 0.108037 -0.613349 0.702521 0.344376
10430.000000 -8.646181 -13.630229 26.991176 0.114544 -0.609493 0.706852 0.340233
10431.000000 -8.558544 -13.321822 26.912949 0.122538 -0.607205 0.710168 0.334585
10432.000000 -8.471410 -13.016324 26.823653 0.130706 -0.605613 0.712854 0.328615
10433.000000 -8.380047 -12.714126 26.728844 0.137781 -0.603808 0.715401 0.323470
10434.000000 -8.331664 -12.392566 26.675798 0.143056 -0.601265 0.718157 0.319791
10435.000000 -8.291563 -12.070307 26.621779 0.146553 -0.597983 0.721174 0.317563
10436.000000 -8.226554 -11.759978 26.529111 0.148645 -0.594251 0.724310 0.316457
10437.000000 -8.167570 -11.445142 26.450031 0.149447 -0.590251 0.727454 0.316354
10438.000000 -8.107056 -11.134379 26.357699 0.148555 -0.585871 0.730644 0.317564
10439.000000 -8.066609 -10.817485 26.275886 0.145328 -0.580833 0.733992 0.320577
10440.000000 -8.026628 -10.499748 26.197743 0.139388 -0.574959 0.737527 0.325648
10441.000000 -7.982803 -10.185712 26.107288 0.130854 -0.568305 0.741129 0.332618
10442.000000 -7.926691 -9.876199 26.007902 0.120207 -0.561086 0.744595 0.341044
10443.000000 -7.867483 -9.570115 25.900268 0.107973 -0.553514 0.747754 0.350469
10444.000000 -7.799971 -9.268230 25.786209 0.094499 -0.545669 0.750526 0.360592
10445.000000 -7.728510 -8.970254 25.664044 0.079895 -0.537467 0.752911 0.371310
10446.000000 -7.644157 -8.678784 25.534645 0.064062 -0.528738 0.754918 0.382663
10447.000000 -7.550471 -8.392142 25.400814 0.046752 -0.519374 0.756459 0.394758
10448.000000 -7.451364 -8.113171 25.255209 0.027634 -0.509529 0.757250 0.407663
10449.000000 -7.337572 -7.841149 25.107024 0.006442 -0.499751 0.756788 0.421283
10450.000000 -7.214221 -7.579436 24.948509 -0.016774 -0.490911 0.754512 0.435243
10451.000000 -7.082390 -7.327400 24.781429 -0.041346 -0.483868 0.750124 0.448861
10452.000000 -6.936576 -7.092811 24.601060 -0.065827 -0.479053 0.743916 0.461263
10453.000000 -6.776735 -6.870846 24.416611 -0.088196 -0.476249 0.736857 0.471646
10454.000000 -6.593791 -6.666681 24.233264 -0.106478 -0.474733 0.730287 0.479553
10455.000000 -6.389395 -6.473503 24.060873 -0.119467 -0.473690 0.725348 0.484990
10456.000000 -6.168678 -6.292982 23.894783 -0.127073 -0.472610 0.722536 0.488298
10457.000000 -5.942668 -6.120112 23.728053 -0.130086 -0.471473 0.721663 0.489891
10458.000000 -5.725170 -5.935788 23.561648 -0.129638 -0.470668 0.722147 0.490071
10459.000000 -5.518230 -5.749807 23.384648 -0.126902 -0.470721 0.723287 0.489053
10460.000000 -5.300118 -5.573559 23.210452 -0.123244 -0.472012 0.724349 0.487170
10461.000000 -5.075144 -5.405303 23.038750 -0.120359 -0.474626 0.724577 0.485006
10462.000000 -4.872743 -5.213279 22.862487 -0.119831 -0.478396 0.723373 0.483228
10463.000000 -4.661144 -5.030525 22.686699 -0.122174 -0.482982 0.720628 0.482179
10464.000000 -4.474275 -4.823621 22.511171 -0.126312 -0.487801 0.716983 0.481696
10465.000000 -4.281555 -4.611156 22.347896 -0.130260 -0.491663 0.713742 0.481531
10466.000000 -4.065203 -4.425453 22.184968 -0.132575 -0.492319 0.712446 0.482147
10467.000000 -3.807829 -4.282626 22.033369 -0.133151 -0.486481 0.714405 0.485008
10468.000000 -3.580114 -4.095944 21.888203 -0.132511 -0.470775 0.720448 0.491698
10469.000000 -3.387397 -3.869268 21.745149 -0.130357 -0.443521 0.730704 0.502363
10470.000000 -3.183292 -3.656315 21.598077 -0.124980 -0.406482 0.744302 0.514944
10471.000000 -2.948433 -3.474242 21.451350 -0.114376 -0.365332 0.759339 0.526169
10472.000000 -2.723579 -3.335961 21.258181 -0.098132 -0.327903 0.773464 0.533482
10473.000000 -2.541481 -3.236997 20.997855 -0.078271 -0.300756 0.784791 0.536212
10474.000000 -2.393002 -3.149819 20.714265 -0.058234 -0.286194 0.792529 0.535350
10475.000000 -2.286598 -3.041339 20.421741 -0.041034 -0.281615 0.797053 0.532649
10476.000000 -2.192838 -2.921468 20.129039 -0.028075 -0.281346 0.799579 0.529840
10477.000000 -2.076814 -2.779168 19.855703 -0.019196 -0.279565 0.801588 0.528139
10478.000000 -1.953287 -2.618672 19.594009 -0.013462 -0.272643 0.804161 0.528025
10479.000000 -1.842740 -2.457641 19.327510 -0.009982 -0.259949 0.807564 0.529308
10480.000000 -1.743106 -2.307421 19.051100 -0.008373 -0.243238 0.811360 0.531469
10481.000000 -1.640013 -2.164154 18.772371 -0.008817 -0.225270 0.814856 0.534027
10482.000000 -1.553409 -2.045510 18.477225 -0.011748 -0.208439 0.817535 0.536705
10483.000000 -1.481866 -1.938700 18.172691 -0.017310 -0.193933 0.819240 0.539385
10484.000000 -1.421161 -1.829854 17.867225 -0.024922 -0.181588 0.820148 0.541998
10485.000000 -1.350938 -1.728035 17.561522 -0.033321 -0.170282 0.820622 0.544493
10486.000000 -1.272108 -1.645988 17.251733 -0.041085 -0.158615 0.821042 0.546848
10487.000000 -1.181416 -1.573625 16.943035 -0.047265 -0.145631 0.821631 0.549073
10488.000000 -1.101187 -1.505683 16.630865 -0.051666 -0.131368 0.822380 0.551148
10489.000000 -1.007429 -1.432283 16.324031 -0.054615 -0.117031 0.823125 0.552979
10490.000000 -0.932689 -1.387131 16.005834 -0.056440 -0.104669 0.823708 0.554404
10491.000000 -0.866230 -1.350059 15.684621 -0.057065 -0.096380 0.824089 0.555276
10492.000000 -0.804744 -1.326193 15.361500 -0.056034 -0.093258 0.824345 0.555535
10493.000000 -0.745770 -1.302705 15.037807 -0.052987 -0.094541 0.824583 0.555264
10494.000000 -0.678713 -1.281189 14.716100 -0.048162 -0.097642 0.824888 0.554713
10495.000000 -0.628475 -1.306359 14.391304 -0.042470 -0.099376 0.825321 0.554225
10496.000000 -0.552575 -1.235980 14.076182 -0.036992 -0.097735 0.825903 0.554043
10497.000000 -0.468961 -1.149945 13.768823 -0.032363 -0.092890 0.826573 0.554167
10498.000000 -0.432264 -1.104537 13.445090 -0.028542 -0.086638 0.827223 0.554420
10499.000000 -0.385417 -1.087374 13.118829 -0.025116 -0.080839 0.827779 0.554632
10500.000000 -0.335102 -1.061712 12.793780 -0.021725 -0.076214 0.828237 0.554746
10501.000000 -0.304220 -1.025285 12.467440 -0.018246 -0.072289 0.828637 0.554798
10502.000000 -0.257864 -0.992213 12.142315 -0.014716 -0.068137 0.829028 0.554845
10503.000000 -0.220864 -0.953605 11.816719 -0.011255 -0.063057 0.829432 0.554923
10504.000000 -0.192374 -0.916360 11.489995 -0.008100 -0.056755 0.829842 0.555045
10505.000000 -0.159927 -0.889831 11.162782 -0.005555 -0.049207 0.830236 0.555208
10506.000000 -0.124826 -0.868650 10.835686 -0.003694 -0.040600 0.830591 0.555389
10507.000000 -0.118364 -0.831095 10.507320 -0.002007 -0.031470 0.830893 0.555538
10508.000000 -0.112436 -0.799894 10.178578 0.000600 -0.022833 0.831131 0.555607
10509.000000 -0.081520 -0.794107 9.850357 0.005242 -0.016035 0.831296 0.555575
10510.000000 -0.076496 -0.783240 9.520529 0.012200 -0.012305 0.831360 0.555464
10511.000000 -0.075906 -0.795607 9.190846 0.020399 -0.012232 0.831297 0.555320
10512.000000 -0.077127 -0.791675 8.861164 0.027694 -0.015461 0.831116 0.555194
10513.000000 -0.080758 -0.785127 8.531242 0.031954 -0.020768 0.830882 0.555143
10514.000000 -0.112483 -0.765231 8.203508 0.032291 -0.026472 0.830665 0.555204
10515.000000 -0.144695 -0.719777 7.877973 0.029551 -0.031022 0.830507 0.555358
10516.000000 -0.154737 -0.685957 7.549834 0.025677 -0.033492 0.830421 0.555535
10517.000000 -0.146729 -0.653590 7.221557 0.022430 -0.033800 0.830410 0.555673
10518.000000 -0.131240 -0.626885 6.892798 0.020463 -0.032609 0.830455 0.555754
10519.000000 -0.122606 -0.612697 6.563108 0.019369 -0.031079 0.830512 0.555796
10520.000000 -0.129798 -0.577029 6.235358 0.018426 -0.030640 0.830526 0.555831
10521.000000 -0.135081 -0.548937 5.906531 0.017291 -0.032776 0.830444 0.555868
10522.000000 -0.136056 -0.531856 5.576823 0.016174 -0.038659 0.830204 0.555882
10523.000000 -0.134333 -0.519655 5.247087 0.015581 -0.048623 0.829745 0.555802
10524.000000 -0.133283 -0.498404 4.917744 0.015957 -0.061728 0.829040 0.555543
10525.000000 -0.131426 -0.472268 4.588714 0.017453 -0.075867 0.828150 0.555074
10526.000000 -0.125796 -0.450013 4.259756 0.019871 -0.088518 0.827246 0.554468
10527.000000 -0.081355 -0.388698 3.940864 0.022767 -0.097748 0.826535 0.553865
10528.000000 -0.046597 -0.304623 3.624802 0.025624 -0.102811 0.826154 0.553392
10529.000000 -0.041530 -0.245814 3.300048 0.027979 -0.104034 0.826116 0.553106
10530.000000 -0.003381 -0.176906 2.979977 0.029385 -0.102229 0.826347 0.553025
10531.000000 0.027250 -0.105640 2.659317 0.029223 -0.098092 0.826755 0.553173
10532.000000 0.041411 -0.023892 2.339562 0.026344 -0.091992 0.827251 0.553624
10533.000000 0.049014 0.034062 2.014726 0.018716 -0.084276 0.827697 0.554495
10534.000000 0.077101 0.088152 1.691070 0.003562 -0.075822 0.827812 0.555847
10535.000000 0.094876 0.161917 1.370506 -0.021345 -0.068208 0.827089 0.557509
10536.000000 0.105339 0.226621 1.046462 -0.055363 -0.063079 0.824929 0.558971
10537.000000 0.116764 0.246159 0.718027 -0.093290 -0.061084 0.821198 0.559643
10538.000000 0.129630 0.254374 0.388424 -0.126521 -0.061390 0.816868 0.559420
10539.000000 0.129014 0.281441 0.059738 -0.147241 -0.062340 0.813691 0.558875
