0.000000 0.000000 -0.000000 -0.000000 0.000000 0.000000 -0.000000 1.000000
1.000000 -0.029423 0.000358 -0.049204 -0.000766 0.069516 -0.000340 0.997580
2.000000 -0.039053 -0.000006 -0.081905 -0.003135 0.142708 -0.000783 0.989760
3.000000 -0.040531 -0.001433 -0.111176 -0.006657 0.215970 -0.001466 0.976376
4.000000 -0.046964 -0.004038 -0.141960 -0.010774 0.285401 -0.002344 0.958345
5.000000 -0.060319 -0.006783 -0.172975 -0.014978 0.347837 -0.003209 0.937430
6.000000 -0.077455 -0.008789 -0.203446 -0.018922 0.401495 -0.003774 0.915658
7.000000 -0.089341 -0.010629 -0.236545 -0.023403 0.431662 -0.004734 0.901719
8.000000 -0.091519 -0.012656 -0.273743 -0.028314 0.439209 -0.006454 0.897915
9.000000 -0.090952 -0.015203 -0.312008 -0.033631 0.441539 -0.008675 0.896570
10.000000 -0.089998 -0.017837 -0.350540 -0.038350 0.442662 -0.010792 0.895803
11.000000 -0.087806 -0.019940 -0.389588 -0.041640 0.441320 -0.012394 0.896297
12.000000 -0.084828 -0.021610 -0.428982 -0.043749 0.438100 -0.013547 0.897759
13.000000 -0.081250 -0.022920 -0.468565 -0.044988 0.433701 -0.014367 0.899819
14.000000 -0.076932 -0.023880 -0.508213 -0.045666 0.428818 -0.014971 0.902112
15.000000 -0.072197 -0.024635 -0.547795 -0.046095 0.424147 -0.015463 0.904287
16.000000 -0.067948 -0.025486 -0.587190 -0.046592 0.420381 -0.015940 0.906010
17.000000 -0.065317 -0.026825 -0.626304 -0.047462 0.418196 -0.016492 0.906966
18.000000 -0.064653 -0.028851 -0.665156 -0.048800 0.417575 -0.017156 0.907169
19.000000 -0.065260 -0.031499 -0.703851 -0.050495 0.417838 -0.017918 0.906940
20.000000 -0.066639 -0.034725 -0.742446 -0.052475 0.418562 -0.018771 0.906477
21.000000 -0.068823 -0.038569 -0.780936 -0.054732 0.419718 -0.019721 0.905788
22.000000 -0.071368 -0.039479 -0.819532 -0.055273 0.421063 -0.019866 0.905128
23.000000 -0.073226 -0.028692 -0.858652 -0.049717 0.422131 -0.017182 0.905007
24.000000 -0.075906 -0.013357 -0.897600 -0.042490 0.423640 -0.013674 0.904730
25.000000 -0.079973 0.003525 -0.936133 -0.035261 0.425787 -0.010111 0.904079
26.000000 -0.085295 0.022081 -0.974208 -0.027976 0.428450 -0.006485 0.903109
27.000000 -0.091935 0.040780 -1.011817 -0.020563 0.431498 -0.002784 0.901875
28.000000 -0.100128 0.056059 -1.049133 -0.012948 0.434803 0.000996 0.900432
29.000000 -0.108887 0.071927 -1.086134 -0.005063 0.438232 0.004874 0.898835
30.000000 -0.117690 0.090075 -1.122727 0.003147 0.441650 0.008888 0.897138
31.000000 -0.126280 0.110699 -1.158853 0.011730 0.444924 0.013085 0.895396
32.000000 -0.135151 0.128833 -1.194922 0.018805 0.448252 0.016544 0.893556
33.000000 -0.145557 0.132343 -1.232260 0.020137 0.452157 0.017108 0.891547
34.000000 -0.154997 0.132328 -1.270042 0.020152 0.455627 0.016974 0.889781
35.000000 -0.162412 0.133486 -1.307912 0.020566 0.458284 0.017045 0.888404
36.000000 -0.167661 0.135914 -1.345904 0.021379 0.460129 0.017351 0.887425
37.000000 -0.170608 0.139679 -1.384037 0.022583 0.461162 0.017907 0.886848
38.000000 -0.171112 0.144855 -1.422314 0.024180 0.461384 0.018712 0.886674
39.000000 -0.169026 0.151523 -1.460721 0.026177 0.460792 0.019752 0.886902
40.000000 -0.164207 0.159756 -1.499225 0.028577 0.459384 0.021025 0.887529
41.000000 -0.156517 0.169625 -1.537776 0.031373 0.457154 0.022542 0.888548
42.000000 -0.145818 0.181199 -1.576302 0.034560 0.454100 0.024311 0.889948
43.000000 -0.131977 0.194544 -1.614712 0.038135 0.450215 0.026333 0.891717
44.000000 -0.115714 0.207499 -1.653115 0.041506 0.445744 0.028287 0.893750
45.000000 -0.099805 0.212907 -1.692207 0.042823 0.441502 0.029212 0.895762
46.000000 -0.085459 0.209434 -1.732125 0.041894 0.437786 0.029012 0.897634
47.000000 -0.073272 0.198000 -1.772674 0.039112 0.434690 0.027883 0.899298
48.000000 -0.063871 0.179653 -1.813584 0.034873 0.432300 0.026007 0.900680
49.000000 -0.057722 0.156082 -1.854551 0.029570 0.430702 0.023561 0.901702
50.000000 -0.054891 0.130202 -1.895312 0.023591 0.429986 0.020724 0.902289
51.000000 -0.055907 0.103622 -1.935702 0.017320 0.430248 0.017694 0.902371
52.000000 -0.061471 0.077524 -1.975612 0.011123 0.431582 0.014666 0.901886
53.000000 -0.072126 0.052068 -2.015004 0.005109 0.434046 0.011710 0.900800
54.000000 -0.087220 0.029326 -2.053824 -0.000203 0.437429 0.009091 0.899207
55.000000 -0.103603 0.017368 -2.092176 -0.003056 0.440994 0.007689 0.897472
56.000000 -0.120148 0.016961 -2.130266 -0.003351 0.444507 0.007568 0.895737
57.000000 -0.136495 0.026087 -2.168128 -0.001571 0.447905 0.008497 0.894040
58.000000 -0.152294 0.042781 -2.205713 0.001803 0.451117 0.010232 0.892404
59.000000 -0.167198 0.065082 -2.242963 0.006294 0.454076 0.012528 0.890853
60.000000 -0.180833 0.090882 -2.279866 0.011427 0.456711 0.015140 0.889413
61.000000 -0.192801 0.117921 -2.316497 0.016725 0.458960 0.017828 0.888121
62.000000 -0.202695 0.143879 -2.353036 0.021734 0.460766 0.020363 0.887022
63.000000 -0.210288 0.167680 -2.389648 0.026256 0.462109 0.022650 0.886145
64.000000 -0.215499 0.189216 -2.426434 0.030282 0.462993 0.024691 0.885500
65.000000 -0.218253 0.208405 -2.463480 0.033810 0.463422 0.026491 0.885096
66.000000 -0.218474 0.225166 -2.500856 0.036839 0.463400 0.028056 0.884939
67.000000 -0.216085 0.239420 -2.538613 0.039366 0.462928 0.029388 0.885033
68.000000 -0.211007 0.251088 -2.576788 0.041391 0.462011 0.030490 0.885383
69.000000 -0.203161 0.260090 -2.615400 0.042914 0.460647 0.031364 0.885990
70.000000 -0.192465 0.266344 -2.654450 0.043933 0.458838 0.032012 0.886856
71.000000 -0.178833 0.269767 -2.693922 0.044447 0.456583 0.032437 0.887978
72.000000 -0.162180 0.270274 -2.733781 0.044456 0.453880 0.032640 0.889355
73.000000 -0.142332 0.267771 -2.773978 0.043958 0.450713 0.032622 0.890989
74.000000 -0.118829 0.262139 -2.814458 0.042945 0.447021 0.032382 0.892905
75.000000 -0.091184 0.253286 -2.855126 0.041415 0.442740 0.031922 0.895124
76.000000 -0.060192 0.241914 -2.895753 0.039495 0.438003 0.031295 0.897560
77.000000 -0.028012 0.229574 -2.936068 0.037442 0.433141 0.030605 0.900028
78.000000 0.002999 0.217941 -2.975917 0.035523 0.428496 0.029958 0.902348
79.000000 0.030315 0.208786 -3.015270 0.033999 0.424419 0.029461 0.904347
80.000000 0.051282 0.203967 -3.054193 0.033137 0.421263 0.029224 0.905862
81.000000 0.063300 0.205324 -3.092777 0.033204 0.419381 0.029349 0.906728
82.000000 0.063832 0.214668 -3.131043 0.034469 0.419124 0.029938 0.906781
83.000000 0.051600 0.231234 -3.169000 0.036810 0.420655 0.030924 0.905946
84.000000 0.029734 0.245505 -3.207098 0.038855 0.423545 0.031700 0.904486
85.000000 0.000350 0.251975 -3.245584 0.039865 0.427508 0.031928 0.902567
86.000000 -0.035157 0.250777 -3.284274 0.039921 0.432346 0.031639 0.900268
87.000000 -0.073959 0.241509 -3.323035 0.039015 0.437675 0.030843 0.897757
88.000000 -0.113232 0.224062 -3.361792 0.037135 0.443107 0.029553 0.895212
89.000000 -0.150620 0.199376 -3.400531 0.034261 0.448261 0.027795 0.892813
90.000000 -0.183489 0.167823 -3.439326 0.030373 0.452756 0.025588 0.890750
91.000000 -0.208769 0.128958 -3.478315 0.025457 0.456209 0.022934 0.889213
92.000000 -0.223224 0.082316 -3.517629 0.019510 0.458236 0.019820 0.888395
93.000000 -0.225140 0.030468 -3.557169 0.012912 0.458649 0.016426 0.888372
94.000000 -0.218964 -0.012325 -3.596530 0.007487 0.458008 0.013658 0.888812
95.000000 -0.209613 -0.032490 -3.635860 0.004891 0.456927 0.012343 0.889405
96.000000 -0.199819 -0.022906 -3.675410 0.005931 0.455742 0.012869 0.889999
97.000000 -0.191021 0.020415 -3.714843 0.010997 0.454606 0.015419 0.890491
98.000000 -0.178974 0.088401 -3.753429 0.018897 0.452995 0.019400 0.891101
99.000000 -0.158122 0.168379 -3.790625 0.028083 0.450274 0.024053 0.892124
100.000000 -0.128654 0.252230 -3.826030 0.037657 0.446522 0.028940 0.893511
101.000000 -0.094724 0.334964 -3.859491 0.047133 0.442277 0.033821 0.895000
102.000000 -0.060900 0.411801 -3.891390 0.056034 0.438102 0.038451 0.896353
103.000000 -0.031873 0.480428 -3.922430 0.064029 0.434496 0.042647 0.897382
104.000000 -0.008673 0.542707 -3.952999 0.071224 0.431498 0.046456 0.898097
105.000000 0.011029 0.597636 -3.983708 0.077451 0.428853 0.049806 0.898669
106.000000 0.032510 0.632866 -4.016868 0.081314 0.426099 0.052051 0.899510
107.000000 0.066108 0.609848 -4.058762 0.078534 0.422406 0.051231 0.901544
108.000000 0.110844 0.515311 -4.109585 0.067828 0.418001 0.046771 0.904703
109.000000 0.147624 0.383452 -4.161490 0.053291 0.414702 0.040464 0.907494
110.000000 0.161927 0.247830 -4.209871 0.038802 0.413828 0.033957 0.908893
111.000000 0.156454 0.120242 -4.254281 0.025564 0.414949 0.027820 0.909060
112.000000 0.142136 0.002843 -4.295087 0.013354 0.416779 0.022089 0.908641
113.000000 0.126758 -0.103173 -4.332900 0.002007 0.418463 0.016788 0.908076
114.000000 0.112407 -0.205025 -4.368253 -0.009023 0.419936 0.011676 0.907434
115.000000 0.100069 -0.312258 -4.400837 -0.020439 0.421248 0.006408 0.906692
116.000000 0.086950 -0.421357 -4.430738 -0.031785 0.422683 0.001171 0.905719
117.000000 0.062408 -0.496521 -4.462161 -0.039459 0.425252 -0.002356 0.904211
118.000000 0.021792 -0.513712 -4.499428 -0.041169 0.429401 -0.003033 0.902170
119.000000 -0.020881 -0.498562 -4.539964 -0.039654 0.433697 -0.002104 0.900183
120.000000 -0.050283 -0.482622 -4.580283 -0.038104 0.436620 -0.001155 0.898838
121.000000 -0.065573 -0.475047 -4.619715 -0.037387 0.438123 -0.000673 0.898137
122.000000 -0.074926 -0.471321 -4.658794 -0.037034 0.439034 -0.000432 0.897707
123.000000 -0.082952 -0.468827 -4.697755 -0.036793 0.439809 -0.000279 0.897338
124.000000 -0.089850 -0.467448 -4.736617 -0.036657 0.440468 -0.000189 0.897019
125.000000 -0.095595 -0.467206 -4.775386 -0.036629 0.441014 -0.000155 0.896752
126.000000 -0.100168 -0.468118 -4.814064 -0.036711 0.441445 -0.000178 0.896537
127.000000 -0.103551 -0.470202 -4.852654 -0.036900 0.441763 -0.000259 0.896373
128.000000 -0.105724 -0.473477 -4.891156 -0.037198 0.441967 -0.000397 0.896260
129.000000 -0.106668 -0.477962 -4.929569 -0.037604 0.442056 -0.000593 0.896198
130.000000 -0.106365 -0.483674 -4.967889 -0.038118 0.442032 -0.000847 0.896188
131.000000 -0.104793 -0.490633 -5.006112 -0.038739 0.441894 -0.001158 0.896230
132.000000 -0.101935 -0.498857 -5.044230 -0.039469 0.441642 -0.001528 0.896321
133.000000 -0.097770 -0.508365 -5.082234 -0.040308 0.441276 -0.001955 0.896464
134.000000 -0.092279 -0.519175 -5.120114 -0.041254 0.440794 -0.002441 0.896656
135.000000 -0.085443 -0.531306 -5.157857 -0.042308 0.440199 -0.002985 0.896898
136.000000 -0.077243 -0.544776 -5.195448 -0.043470 0.439488 -0.003587 0.897189
137.000000 -0.067669 -0.559593 -5.232871 -0.044739 0.438662 -0.004247 0.897528
138.000000 -0.056999 -0.575466 -5.270139 -0.046089 0.437747 -0.004951 0.897903
139.000000 -0.045830 -0.591773 -5.307301 -0.047466 0.436793 -0.005672 0.898291
140.000000 -0.034793 -0.607856 -5.344423 -0.048815 0.435855 -0.006379 0.898670
141.000000 -0.024533 -0.623040 -5.381581 -0.050082 0.434985 -0.007043 0.899016
142.000000 -0.015717 -0.636630 -5.418864 -0.051212 0.434237 -0.007635 0.899309
143.000000 -0.008984 -0.647961 -5.456371 -0.052153 0.433664 -0.008125 0.899528
144.000000 -0.004711 -0.656644 -5.494169 -0.052873 0.433295 -0.008496 0.899660
145.000000 -0.003114 -0.662468 -5.532301 -0.053359 0.433149 -0.008740 0.899699
146.000000 -0.004410 -0.665217 -5.570803 -0.053594 0.433241 -0.008848 0.899640
147.000000 -0.008814 -0.664681 -5.609700 -0.053564 0.433587 -0.008811 0.899475
148.000000 -0.016242 -0.660962 -5.648970 -0.053279 0.434176 -0.008635 0.899209
149.000000 -0.026290 -0.654492 -5.688540 -0.052779 0.434974 -0.008340 0.898856
150.000000 -0.038539 -0.645720 -5.728332 -0.052101 0.435942 -0.007948 0.898430
151.000000 -0.052558 -0.635112 -5.768271 -0.051284 0.437043 -0.007481 0.897946
152.000000 -0.067902 -0.623142 -5.808282 -0.050369 0.438239 -0.006959 0.897419
153.000000 -0.084136 -0.610280 -5.848304 -0.049391 0.439495 -0.006403 0.896863
154.000000 -0.101087 -0.596711 -5.888304 -0.048366 0.440796 -0.005821 0.896284
155.000000 -0.118760 -0.582429 -5.928274 -0.047294 0.442141 -0.005214 0.895682
156.000000 -0.137165 -0.567426 -5.968201 -0.046175 0.443532 -0.004581 0.895057
157.000000 -0.156309 -0.551692 -6.008074 -0.045009 0.444966 -0.003922 0.894407
158.000000 -0.176204 -0.535219 -6.047880 -0.043796 0.446445 -0.003237 0.893733
159.000000 -0.196856 -0.517997 -6.087609 -0.042536 0.447969 -0.002526 0.893033
160.000000 -0.218276 -0.500018 -6.127246 -0.041228 0.449536 -0.001789 0.892308
161.000000 -0.240472 -0.481272 -6.166779 -0.039874 0.451148 -0.001027 0.891558
162.000000 -0.263453 -0.461752 -6.206193 -0.038472 0.452803 -0.000238 0.890780
163.000000 -0.287228 -0.441447 -6.245474 -0.037022 0.454501 0.000575 0.889976
164.000000 -0.311806 -0.420349 -6.284607 -0.035524 0.456243 0.001413 0.889145
165.000000 -0.337195 -0.398449 -6.323578 -0.033977 0.458028 0.002276 0.888285
166.000000 -0.359063 -0.378860 -6.362430 -0.032602 0.459555 0.003042 0.887546
167.000000 -0.368450 -0.367909 -6.401386 -0.031835 0.460209 0.003460 0.887233
168.000000 -0.365552 -0.365226 -6.440550 -0.031641 0.460022 0.003555 0.887336
169.000000 -0.351008 -0.370116 -6.479916 -0.031961 0.459054 0.003360 0.887827
170.000000 -0.325478 -0.381860 -6.519395 -0.032739 0.457362 0.002910 0.888673
171.000000 -0.289908 -0.399529 -6.558834 -0.033917 0.455002 0.002238 0.889842
172.000000 -0.245539 -0.421981 -6.598054 -0.035433 0.452031 0.001374 0.891297
173.000000 -0.193071 -0.448466 -6.636863 -0.037228 0.448504 0.000347 0.893005
174.000000 -0.133206 -0.478233 -6.675072 -0.039240 0.444477 -0.000815 0.894930
175.000000 -0.066676 -0.510507 -6.712503 -0.041411 0.440008 -0.002081 0.897036
176.000000 0.001169 -0.541187 -6.749269 -0.043461 0.435459 -0.003297 0.899153
177.000000 0.060083 -0.562763 -6.786091 -0.044894 0.431520 -0.004190 0.900976
178.000000 0.109520 -0.574813 -6.823330 -0.045688 0.428224 -0.004752 0.902504
179.000000 0.149388 -0.577234 -6.861247 -0.045844 0.425576 -0.004979 0.903747
180.000000 0.179597 -0.569920 -6.900020 -0.045363 0.423578 -0.004871 0.904710
181.000000 0.200053 -0.552758 -6.939741 -0.044246 0.422230 -0.004426 0.905397
182.000000 0.210655 -0.525628 -6.980421 -0.042494 0.421533 -0.003644 0.905810
183.000000 0.211288 -0.488406 -7.021985 -0.040104 0.421485 -0.002527 0.905945
184.000000 0.201830 -0.440964 -7.064273 -0.037074 0.422084 -0.001080 0.905798
185.000000 0.184953 -0.386555 -7.106783 -0.033616 0.423149 0.000588 0.905436
186.000000 0.164157 -0.334707 -7.148779 -0.030338 0.424452 0.002180 0.904939
187.000000 0.139786 -0.288163 -7.190178 -0.027403 0.425972 0.003615 0.904314
188.000000 0.112904 -0.248196 -7.230995 -0.024880 0.427644 0.004856 0.903592
189.000000 0.084600 -0.216101 -7.271271 -0.022840 0.429403 0.005865 0.902805
190.000000 0.055835 -0.193007 -7.311058 -0.021352 0.431185 0.006607 0.901987
191.000000 0.027551 -0.179733 -7.350407 -0.020486 0.432923 0.007048 0.901170
192.000000 0.000889 -0.177499 -7.389353 -0.020314 0.434555 0.007153 0.900388
193.000000 -0.023024 -0.187635 -7.427903 -0.020906 0.436013 0.006886 0.899671
194.000000 -0.043036 -0.211491 -7.466007 -0.022330 0.437233 0.006210 0.899050
195.000000 -0.060924 -0.246860 -7.503635 -0.024442 0.438320 0.005198 0.898471
196.000000 -0.079418 -0.284866 -7.540960 -0.026700 0.439437 0.004114 0.897867
197.000000 -0.099286 -0.322728 -7.578054 -0.028939 0.440625 0.003042 0.897219
198.000000 -0.123135 -0.358358 -7.614970 -0.031036 0.442038 0.002049 0.896457
199.000000 -0.153654 -0.389609 -7.651763 -0.032868 0.443828 0.001202 0.895508
200.000000 -0.193597 -0.414290 -7.688460 -0.034313 0.446151 0.000573 0.894299
201.000000 -0.245776 -0.430168 -7.725016 -0.035248 0.449159 0.000231 0.892756
202.000000 -0.312997 -0.435023 -7.761245 -0.035550 0.453006 0.000241 0.890798
203.000000 -0.398052 -0.426636 -7.796747 -0.035093 0.457840 0.000675 0.888341
204.000000 -0.502842 -0.403104 -7.830868 -0.033778 0.463754 0.001594 0.885318
205.000000 -0.608052 -0.374407 -7.863734 -0.032176 0.469647 0.002669 0.882264
206.000000 -0.686774 -0.355300 -7.897008 -0.031112 0.474030 0.003400 0.879952
207.000000 -0.764473 -0.342916 -7.929236 -0.030406 0.478352 0.003925 0.877633
208.000000 -0.840540 -0.339291 -7.960455 -0.030159 0.482590 0.004186 0.875317
209.000000 -0.910560 -0.346016 -7.991192 -0.030450 0.486509 0.004133 0.873135
210.000000 -0.971098 -0.364132 -8.022008 -0.031359 0.489878 0.003722 0.871219
211.000000 -1.018981 -0.394500 -8.053575 -0.032967 0.492462 0.002904 0.869704
212.000000 -1.048284 -0.438940 -8.086562 -0.035350 0.494030 0.001622 0.868725
213.000000 -1.054228 -0.499097 -8.121300 -0.038580 0.494342 -0.000187 0.868411
214.000000 -1.033097 -0.576289 -8.157855 -0.042710 0.493209 -0.002570 0.868858
215.000000 -1.003324 -0.659448 -8.194182 -0.047138 0.491619 -0.005144 0.869518
216.000000 -0.991047 -0.732630 -8.228345 -0.051021 0.490958 -0.007361 0.869657
217.000000 -0.966181 -0.799466 -8.263945 -0.054549 0.489631 -0.009412 0.870171
218.000000 -0.924641 -0.859410 -8.301524 -0.057691 0.487428 -0.011301 0.871182
219.000000 -0.866255 -0.912391 -8.340987 -0.060441 0.484348 -0.013037 0.872688
220.000000 -0.790847 -0.958339 -8.382121 -0.062793 0.480388 -0.014627 0.874683
221.000000 -0.698591 -0.997123 -8.424566 -0.064741 0.475562 -0.016075 0.877149
222.000000 -0.593301 -1.028007 -8.467681 -0.066251 0.470072 -0.017352 0.879967
223.000000 -0.481009 -1.049888 -8.510864 -0.067272 0.464233 -0.018410 0.882963
224.000000 -0.367898 -1.061639 -8.553790 -0.067758 0.458365 -0.019195 0.885969
225.000000 -0.260275 -1.062110 -8.596433 -0.067662 0.452793 -0.019657 0.888827
226.000000 -0.164453 -1.050201 -8.639026 -0.066941 0.447840 -0.019747 0.891386
227.000000 -0.083922 -1.026812 -8.681777 -0.065652 0.443685 -0.019479 0.893562
228.000000 -0.019011 -0.995107 -8.724655 -0.063960 0.440347 -0.018937 0.895346
229.000000 0.030107 -0.958431 -8.767554 -0.062038 0.437834 -0.018207 0.896728
230.000000 0.063251 -0.920189 -8.810323 -0.060059 0.436152 -0.017377 0.897699
231.000000 0.080604 -0.883919 -8.852771 -0.058196 0.435289 -0.016536 0.898255
232.000000 0.086055 -0.853776 -8.894579 -0.056654 0.435041 -0.015803 0.898488
233.000000 0.085687 -0.834270 -8.935350 -0.055655 0.435085 -0.015309 0.898537
234.000000 0.085717 -0.829983 -8.974671 -0.055421 0.435101 -0.015185 0.898546
235.000000 0.092462 -0.845569 -9.012069 -0.056176 0.434766 -0.015559 0.898655
236.000000 0.111869 -0.885021 -9.046976 -0.058105 0.433781 -0.016542 0.898991
237.000000 0.144610 -0.945900 -9.079256 -0.061078 0.432114 -0.018075 0.899567
238.000000 0.187075 -1.021551 -9.109171 -0.064766 0.429948 -0.019986 0.900306
239.000000 0.235413 -1.105087 -9.137165 -0.068827 0.427476 -0.022101 0.901132
240.000000 0.285711 -1.189525 -9.163962 -0.072925 0.424895 -0.024248 0.901974
241.000000 0.334022 -1.267823 -9.190624 -0.076722 0.422407 -0.026254 0.902772
242.000000 0.376470 -1.333040 -9.218520 -0.079882 0.420215 -0.027942 0.903470
243.000000 0.409182 -1.378223 -9.249232 -0.082071 0.418527 -0.029133 0.904019
244.000000 0.428233 -1.396318 -9.284397 -0.082956 0.417549 -0.029648 0.904374
245.000000 0.429922 -1.383093 -9.325031 -0.082346 0.417467 -0.029378 0.904476
246.000000 0.411780 -1.343799 -9.370322 -0.080510 0.418386 -0.028432 0.904247
247.000000 0.376178 -1.286321 -9.418617 -0.077831 0.420166 -0.027001 0.903700
248.000000 0.329690 -1.215323 -9.468542 -0.074524 0.422472 -0.025222 0.902955
249.000000 0.279250 -1.135170 -9.518913 -0.070784 0.424963 -0.023227 0.902140
250.000000 0.231929 -1.050185 -9.568797 -0.066807 0.427298 -0.021145 0.901391
251.000000 0.194917 -0.964406 -9.617547 -0.062790 0.429138 -0.019101 0.900851
252.000000 0.175460 -0.882034 -9.664737 -0.058937 0.430149 -0.017212 0.900667
253.000000 0.180805 -0.807573 -9.710062 -0.055449 0.429996 -0.015596 0.900992
254.000000 0.218315 -0.745630 -9.753160 -0.052533 0.428341 -0.014362 0.901974
255.000000 0.294637 -0.697922 -9.793593 -0.050258 0.424887 -0.013551 0.903748
256.000000 0.397633 -0.660665 -9.831437 -0.048459 0.420199 -0.013027 0.906043
257.000000 0.513836 -0.628845 -9.867021 -0.046912 0.414897 -0.012640 0.908570
258.000000 0.632850 -0.600610 -9.900724 -0.045535 0.409452 -0.012326 0.911111
259.000000 0.743877 -0.574499 -9.933378 -0.044263 0.404353 -0.012032 0.913452
260.000000 0.836008 -0.549021 -9.966268 -0.043034 0.400092 -0.011707 0.915389
261.000000 0.899573 -0.522661 -10.000901 -0.041790 0.397135 -0.011303 0.916739
262.000000 0.929471 -0.495149 -10.038311 -0.040525 0.395729 -0.010808 0.917409
263.000000 0.922338 -0.466803 -10.079069 -0.039253 0.396022 -0.010221 0.917345
264.000000 0.874699 -0.437951 -10.123351 -0.037987 0.398161 -0.009544 0.916479
265.000000 0.783491 -0.408797 -10.170780 -0.036733 0.402264 -0.008781 0.914744
266.000000 0.664210 -0.375511 -10.219305 -0.035305 0.407612 -0.007889 0.912438
267.000000 0.531017 -0.337515 -10.267188 -0.033673 0.413552 -0.006885 0.909832
268.000000 0.391396 -0.296589 -10.313510 -0.031916 0.419736 -0.005820 0.907066
269.000000 0.252968 -0.254544 -10.357765 -0.030113 0.425823 -0.004740 0.904293
270.000000 0.123485 -0.213224 -10.399884 -0.028342 0.431477 -0.003698 0.901671
271.000000 0.010136 -0.174335 -10.440196 -0.026677 0.436394 -0.002737 0.899356
272.000000 -0.084742 -0.138425 -10.479281 -0.025141 0.440485 -0.001870 0.897406
273.000000 -0.161005 -0.105515 -10.517680 -0.023736 0.443757 -0.001094 0.895832
274.000000 -0.218538 -0.075622 -10.555830 -0.022462 0.446215 -0.000407 0.894644
275.000000 -0.257230 -0.048761 -10.594064 -0.021320 0.447864 0.000193 0.893848
276.000000 -0.276967 -0.024944 -10.632608 -0.020311 0.448707 0.000709 0.893448
277.000000 -0.277625 -0.004184 -10.671583 -0.019435 0.448746 0.001141 0.893447
278.000000 -0.259067 0.013504 -10.711004 -0.018692 0.447982 0.001491 0.893846
279.000000 -0.221142 0.028104 -10.750780 -0.018083 0.446413 0.001760 0.894643
280.000000 -0.163688 0.039596 -10.790715 -0.017607 0.444037 0.001949 0.895834
281.000000 -0.086534 0.047960 -10.830502 -0.017265 0.440849 0.002059 0.897413
282.000000 0.010486 0.053173 -10.869725 -0.017057 0.436844 0.002090 0.899373
283.000000 0.127528 0.055213 -10.907859 -0.016983 0.432016 0.002042 0.901704
284.000000 0.264719 0.054057 -10.944266 -0.017042 0.426359 0.001917 0.904391
285.000000 0.412500 0.050085 -10.978566 -0.017218 0.420265 0.001729 0.907236
286.000000 0.556230 0.044484 -11.011086 -0.017460 0.414335 0.001513 0.909956
287.000000 0.690512 0.038397 -11.042330 -0.017720 0.408789 0.001295 0.912456
288.000000 0.809914 0.032986 -11.073042 -0.017950 0.403846 0.001101 0.914650
289.000000 0.908957 0.029424 -11.104149 -0.018103 0.399730 0.000954 0.916454
290.000000 0.982796 0.028821 -11.136634 -0.018134 0.396648 0.000881 0.917791
291.000000 1.029428 0.031765 -11.171194 -0.018019 0.394697 0.000893 0.918634
292.000000 1.047782 0.038611 -11.208257 -0.017744 0.393917 0.000999 0.918974
293.000000 1.036761 0.049719 -11.248037 -0.017296 0.394349 0.001204 0.918797
294.000000 0.995242 0.065452 -11.290513 -0.016658 0.396027 0.001514 0.918086
295.000000 0.932062 0.085767 -11.334585 -0.015835 0.398583 0.001922 0.916993
296.000000 0.861199 0.109812 -11.378810 -0.014863 0.401441 0.002399 0.915761
297.000000 0.787019 0.136787 -11.422725 -0.013775 0.404419 0.002928 0.914465
298.000000 0.713939 0.165879 -11.465982 -0.012606 0.407338 0.003490 0.913184
299.000000 0.646443 0.196265 -11.508355 -0.011389 0.410021 0.004068 0.911996
300.000000 0.588726 0.227176 -11.549739 -0.010157 0.412303 0.004647 0.910978
301.000000 0.542219 0.258359 -11.590222 -0.008919 0.414133 0.005222 0.910158
302.000000 0.507008 0.289815 -11.629938 -0.007677 0.415511 0.005794 0.909537
303.000000 0.482900 0.321458 -11.669004 -0.006435 0.416451 0.006364 0.909113
304.000000 0.469089 0.353011 -11.707530 -0.005202 0.416985 0.006926 0.908872
305.000000 0.464675 0.384169 -11.745600 -0.003992 0.417152 0.007478 0.908797
306.000000 0.468745 0.414622 -11.783276 -0.002815 0.416990 0.008014 0.908871
307.000000 0.480376 0.444054 -11.820606 -0.001683 0.416536 0.008530 0.909077
308.000000 0.498637 0.472151 -11.857627 -0.000609 0.415828 0.009021 0.909398
309.000000 0.522608 0.498599 -11.894374 0.000397 0.414901 0.009482 0.909817
310.000000 0.551360 0.523083 -11.930883 0.001323 0.413794 0.009907 0.910315
311.000000 0.583949 0.545281 -11.967195 0.002157 0.412544 0.010293 0.910877
312.000000 0.619421 0.564871 -12.003357 0.002889 0.411189 0.010633 0.911484
313.000000 0.657092 0.581612 -12.039407 0.003508 0.409754 0.010924 0.912124
314.000000 0.696888 0.595460 -12.075345 0.004015 0.408242 0.011166 0.912796
315.000000 0.738821 0.606397 -12.111159 0.004410 0.406655 0.011359 0.913500
316.000000 0.782901 0.614405 -12.146837 0.004692 0.404992 0.011503 0.914236
317.000000 0.829138 0.619467 -12.182364 0.004861 0.403252 0.011598 0.915003
318.000000 0.877542 0.621565 -12.217719 0.004918 0.401436 0.011644 0.915800
319.000000 0.928121 0.620683 -12.252880 0.004861 0.399544 0.011643 0.916627
320.000000 0.980794 0.616786 -12.287831 0.004691 0.397578 0.011592 0.917483
321.000000 1.031477 0.609106 -12.322923 0.004383 0.395692 0.011478 0.918301
322.000000 1.070563 0.595863 -12.359095 0.003875 0.394243 0.011271 0.918929
323.000000 1.087917 0.575182 -12.397410 0.003105 0.393604 0.010939 0.919210
324.000000 1.073254 0.545163 -12.438876 0.002007 0.394149 0.010457 0.918985
325.000000 1.019727 0.505362 -12.483863 0.000570 0.396117 0.009821 0.918148
326.000000 0.938548 0.462815 -12.530656 -0.000951 0.399078 0.009144 0.916871
327.000000 0.846910 0.427041 -12.577223 -0.002216 0.402402 0.008577 0.915420
328.000000 0.762288 0.407718 -12.622061 -0.002887 0.405456 0.008274 0.914072
329.000000 0.696919 0.409448 -12.664606 -0.002813 0.407816 0.008307 0.913022
330.000000 0.648666 0.423196 -12.705595 -0.002325 0.409577 0.008530 0.912233
331.000000 0.616635 0.438390 -12.745586 -0.001797 0.410769 0.008771 0.911696
332.000000 0.606845 0.451182 -12.784527 -0.001356 0.411166 0.008969 0.911516
333.000000 0.627242 0.463648 -12.821989 -0.000922 0.410472 0.009163 0.911826
334.000000 0.686133 0.478321 -12.857287 -0.000407 0.408389 0.009402 0.912760
335.000000 0.788654 0.496638 -12.889539 0.000227 0.404742 0.009706 0.914379
336.000000 0.921335 0.512362 -12.918937 0.000751 0.400020 0.009968 0.916452
337.000000 1.064676 0.516601 -12.946565 0.000855 0.394923 0.010047 0.918659
338.000000 1.199012 0.500230 -12.974284 0.000225 0.390153 0.009808 0.920698
339.000000 1.310176 0.459371 -13.003871 -0.001268 0.386216 0.009202 0.922362
340.000000 1.398720 0.404080 -13.035315 -0.003264 0.383087 0.008385 0.923668
341.000000 1.467529 0.346479 -13.068243 -0.005330 0.380660 0.007537 0.924669
342.000000 1.518032 0.292784 -13.102625 -0.007245 0.378882 0.006747 0.925392
343.000000 1.550197 0.243266 -13.138713 -0.008999 0.377751 0.006018 0.925844
344.000000 1.563926 0.197945 -13.176689 -0.010595 0.377270 0.005355 0.926027
345.000000 1.559112 0.156848 -13.216655 -0.012034 0.377439 0.004761 0.925944
346.000000 1.535645 0.119998 -13.258627 -0.013317 0.378257 0.004240 0.925595
347.000000 1.493401 0.087422 -13.302542 -0.014446 0.379726 0.003793 0.924978
348.000000 1.432269 0.059314 -13.348249 -0.015417 0.381842 0.003429 0.924093
349.000000 1.352511 0.039587 -13.395465 -0.016096 0.384591 0.003204 0.922941
350.000000 1.254762 0.035864 -13.443807 -0.016227 0.387942 0.003229 0.921535
351.000000 1.139677 0.056019 -13.492802 -0.015546 0.391865 0.003617 0.919884
352.000000 1.007978 0.108011 -13.541786 -0.013787 0.396326 0.004476 0.917996
353.000000 0.867984 0.199374 -13.589275 -0.010704 0.401033 0.005901 0.915982
354.000000 0.744732 0.336685 -13.632731 -0.006090 0.405138 0.007975 0.914200
355.000000 0.656514 0.522606 -13.670284 0.000134 0.408031 0.010736 0.912905
356.000000 0.604559 0.752518 -13.700872 0.007807 0.409675 0.014122 0.912089
357.000000 0.588132 1.020794 -13.723184 0.016739 0.410097 0.018058 0.911709
358.000000 0.606144 1.321413 -13.735716 0.026728 0.409325 0.022471 0.911720
359.000000 0.656517 1.644346 -13.737387 0.037442 0.407404 0.027232 0.912074
360.000000 0.736856 1.975770 -13.728299 0.048421 0.404403 0.032158 0.912732
361.000000 0.845109 2.301861 -13.709770 0.059197 0.400399 0.037069 0.913675
362.000000 0.979128 2.608906 -13.684298 0.069305 0.395485 0.041783 0.914900
363.000000 1.129068 2.883959 -13.655972 0.078315 0.390014 0.046111 0.916313
364.000000 1.268587 3.115484 -13.631347 0.085867 0.384904 0.049832 0.917601
365.000000 1.378781 3.295831 -13.616811 0.091736 0.380833 0.052775 0.918567
366.000000 1.458056 3.424329 -13.615525 0.095907 0.377882 0.054902 0.919235
367.000000 1.506678 3.501107 -13.629478 0.098393 0.376064 0.056196 0.919640
368.000000 1.526414 3.525702 -13.659790 0.099183 0.375329 0.056650 0.919827
369.000000 1.524663 3.495366 -13.706680 0.098178 0.375435 0.056254 0.919916
370.000000 1.510068 3.406476 -13.769601 0.095248 0.376091 0.055006 0.920031
371.000000 1.491347 3.254896 -13.847247 0.090250 0.377002 0.052899 0.920286
372.000000 1.477445 3.035930 -13.937429 0.083029 0.377863 0.049924 0.920778
373.000000 1.477618 2.744393 -14.036833 0.073423 0.378359 0.046062 0.921592
374.000000 1.501357 2.374835 -14.140642 0.061268 0.378158 0.041274 0.922789
375.000000 1.557982 1.922945 -14.242075 0.046449 0.376934 0.035519 0.924393
376.000000 1.649151 1.403278 -14.331334 0.029471 0.374577 0.028970 0.926274
377.000000 1.769838 0.846737 -14.399428 0.011355 0.371188 0.021991 0.928228
378.000000 1.912739 0.286465 -14.441940 -0.006832 0.366955 0.014961 0.930093
379.000000 2.063970 -0.241387 -14.460577 -0.023935 0.362303 0.008295 0.931716
380.000000 2.208727 -0.702185 -14.462656 -0.038856 0.357716 0.002404 0.933018
381.000000 2.337513 -1.077083 -14.457769 -0.050998 0.353540 -0.002468 0.934025
382.000000 2.443367 -1.354271 -14.455395 -0.059981 0.350051 -0.006140 0.934788
383.000000 2.519509 -1.521943 -14.464178 -0.065425 0.347518 -0.008423 0.935350
384.000000 2.559017 -1.567707 -14.491024 -0.066937 0.346202 -0.009126 0.935724
385.000000 2.555022 -1.479411 -14.539809 -0.064134 0.346341 -0.008089 0.935879
386.000000 2.508157 -1.263037 -14.607220 -0.057237 0.347887 -0.005408 0.935772
387.000000 2.425647 -0.940476 -14.684324 -0.046980 0.350554 -0.001391 0.935362
388.000000 2.323299 -0.541979 -14.759824 -0.034355 0.353785 0.003545 0.934689
389.000000 2.241006 -0.120231 -14.820871 -0.021038 0.356296 0.008704 0.934096
390.000000 2.211900 0.269390 -14.862178 -0.008765 0.357073 0.013391 0.933939
391.000000 2.189065 0.589939 -14.895196 0.001326 0.357640 0.017233 0.933699
392.000000 2.144854 0.831110 -14.929003 0.008936 0.358898 0.020134 0.933117
393.000000 2.086649 0.995021 -14.966036 0.014151 0.360626 0.022106 0.932341
394.000000 2.021793 1.084592 -15.007379 0.017057 0.362579 0.023171 0.931509
395.000000 1.957824 1.102670 -15.053024 0.017733 0.364509 0.023360 0.930738
396.000000 1.904283 1.051792 -15.102062 0.016247 0.366161 0.022707 0.930132
397.000000 1.870247 0.933869 -15.152759 0.012664 0.367278 0.021245 0.929782
398.000000 1.855472 0.758566 -15.203184 0.007305 0.367850 0.019100 0.929660
399.000000 1.835272 0.558517 -15.253211 0.001199 0.368600 0.016664 0.929438
400.000000 1.791581 0.370527 -15.303094 -0.004508 0.370047 0.014378 0.928891
401.000000 1.780132 0.228492 -15.346210 -0.008828 0.370481 0.012659 0.928712
402.000000 1.792611 0.149151 -15.384743 -0.011255 0.370156 0.011701 0.928828
403.000000 1.807584 0.127953 -15.422165 -0.011923 0.369728 0.011440 0.928993
404.000000 1.821664 0.156187 -15.459170 -0.011100 0.369296 0.011768 0.929171
405.000000 1.831453 0.225051 -15.495987 -0.009056 0.368961 0.012580 0.929316
406.000000 1.833629 0.325682 -15.532641 -0.006060 0.368817 0.013773 0.929380
407.000000 1.825914 0.449064 -15.569179 -0.002381 0.368960 0.015243 0.929317
408.000000 1.805410 0.586331 -15.605775 0.001715 0.369488 0.016882 0.929080
409.000000 1.768698 0.728629 -15.642802 0.005965 0.370499 0.018577 0.928628
410.000000 1.712303 0.866996 -15.680875 0.010103 0.372092 0.020217 0.927921
411.000000 1.635890 0.991976 -15.720503 0.013851 0.374278 0.021685 0.926960
412.000000 1.582338 1.090458 -15.758357 0.016799 0.375797 0.022833 0.926268
413.000000 1.570962 1.158389 -15.793556 0.018817 0.376095 0.023627 0.926089
414.000000 1.601948 1.195635 -15.826583 0.019904 0.375172 0.024075 0.926429
415.000000 1.675070 1.202467 -15.857413 0.020066 0.373042 0.024189 0.927282
416.000000 1.778120 1.191193 -15.885959 0.019672 0.370051 0.024117 0.928490
417.000000 1.884594 1.188500 -15.912794 0.019518 0.366952 0.024157 0.929722
418.000000 1.972389 1.214861 -15.939054 0.020218 0.364371 0.024520 0.930711
419.000000 2.037056 1.267338 -15.965698 0.021688 0.362437 0.025160 0.931416
420.000000 2.077777 1.338199 -15.993493 0.023696 0.361173 0.025985 0.931836
421.000000 2.094012 1.419409 -16.023159 0.026012 0.360602 0.026907 0.931969
422.000000 2.085530 1.502565 -16.055441 0.028406 0.360749 0.027838 0.931815
423.000000 2.051956 1.579452 -16.091129 0.030652 0.361639 0.028690 0.931372
424.000000 1.992526 1.652345 -16.130019 0.032815 0.363286 0.029480 0.930633
425.000000 1.906861 1.742317 -16.169669 0.035498 0.365674 0.030433 0.929568
426.000000 1.806865 1.860550 -16.206793 0.039005 0.368438 0.031675 0.928294
427.000000 1.719083 2.003920 -16.238150 0.043211 0.370815 0.033191 0.927107
428.000000 1.665557 2.175853 -16.260627 0.048180 0.372175 0.035045 0.926249
429.000000 1.651274 2.401063 -16.269543 0.054604 0.372347 0.037534 0.925725
430.000000 1.697769 2.661507 -16.263436 0.061950 0.370731 0.040508 0.925786
431.000000 1.810301 2.922121 -16.245722 0.069219 0.367212 0.043609 0.926533
432.000000 1.957043 3.175916 -16.220111 0.076255 0.362693 0.046731 0.927607
433.000000 2.104427 3.416988 -16.191488 0.082946 0.358136 0.049753 0.928646
434.000000 2.218738 3.629170 -16.168586 0.088889 0.354533 0.052417 0.929332
435.000000 2.277114 3.785689 -16.162849 0.093340 0.352584 0.054346 0.929526
436.000000 2.284130 3.875562 -16.178693 0.095958 0.352185 0.055394 0.929349
437.000000 2.248886 3.889339 -16.218427 0.096460 0.353114 0.055468 0.928940
438.000000 2.180011 3.816678 -16.283254 0.094543 0.355151 0.054477 0.928419
439.000000 2.084786 3.648713 -16.372537 0.089956 0.358102 0.052352 0.927863
440.000000 1.949805 3.424063 -16.476230 0.083837 0.362261 0.049495 0.926978
441.000000 1.777632 3.199271 -16.579642 0.077790 0.367433 0.046548 0.925621
442.000000 1.608752 3.003206 -16.672503 0.072559 0.372430 0.043941 0.924176
443.000000 1.485911 2.863779 -16.747524 0.068840 0.376039 0.042100 0.923084
444.000000 1.445896 2.812837 -16.798850 0.067442 0.377235 0.041468 0.922727
445.000000 1.471265 2.861563 -16.827640 0.068705 0.376508 0.042080 0.922903
446.000000 1.542693 2.923867 -16.849709 0.070299 0.374498 0.042908 0.923563
447.000000 1.643592 2.900117 -16.883301 0.069515 0.371779 0.042831 0.924724
448.000000 1.753046 2.889426 -16.912918 0.069093 0.368790 0.042937 0.925946
449.000000 1.864624 3.113264 -16.899767 0.075107 0.365410 0.045622 0.926689
450.000000 1.960184 3.296139 -16.892698 0.080040 0.362506 0.047827 0.927305
451.000000 2.026346 3.435823 -16.895698 0.083801 0.360468 0.049481 0.927681
452.000000 2.049475 3.530930 -16.912442 0.086315 0.359682 0.050524 0.927699
453.000000 2.015675 3.575420 -16.946389 0.087499 0.360537 0.050903 0.927236
454.000000 1.917232 3.556290 -17.000088 0.087171 0.363239 0.050510 0.926233
455.000000 1.790929 3.485111 -17.067035 0.085465 0.366769 0.049446 0.925057
456.000000 1.646719 3.448306 -17.127644 0.084716 0.370718 0.048675 0.923592
457.000000 1.487163 3.543590 -17.161602 0.087524 0.374873 0.049296 0.921618
458.000000 1.319138 3.666522 -17.188480 0.091041 0.379194 0.050223 0.919457
459.000000 1.141200 3.582757 -17.257841 0.089028 0.384055 0.048853 0.917709
460.000000 0.973898 3.556784 -17.312458 0.088549 0.388526 0.048138 0.915909
461.000000 0.833252 3.576949 -17.354640 0.089263 0.392213 0.047994 0.914274
462.000000 0.730364 3.633323 -17.386537 0.090882 0.394849 0.048348 0.912960
463.000000 0.657889 3.725106 -17.408932 0.093387 0.396636 0.049195 0.911887
464.000000 0.604060 3.853684 -17.421768 0.096823 0.397879 0.050529 0.910914
465.000000 0.555566 4.018755 -17.424938 0.101203 0.398920 0.052292 0.909883
466.000000 0.430682 4.133659 -17.440449 0.104377 0.402006 0.053267 0.908108
467.000000 0.259967 4.179815 -17.471654 0.105829 0.406354 0.053309 0.905999
468.000000 0.160692 4.234994 -17.498315 0.107419 0.408811 0.053649 0.904686
469.000000 0.098554 4.284986 -17.525246 0.108829 0.410304 0.054038 0.903818
470.000000 0.042881 4.324479 -17.554262 0.109972 0.411647 0.054333 0.903051
471.000000 -0.019028 4.358583 -17.584621 0.110955 0.413207 0.054531 0.902206
472.000000 -0.097245 4.388429 -17.616018 0.111815 0.415222 0.054614 0.901169
473.000000 -0.185170 4.403599 -17.650497 0.112326 0.417467 0.054504 0.900074
474.000000 -0.268616 4.393592 -17.690802 0.112196 0.419613 0.054115 0.899116
475.000000 -0.332099 4.349564 -17.739423 0.111179 0.421290 0.053384 0.898501
476.000000 -0.291276 4.350619 -17.778674 0.111150 0.420253 0.053524 0.898982
477.000000 -0.175845 4.408541 -17.804722 0.112443 0.417245 0.054571 0.900159
478.000000 -0.104239 4.438239 -17.836722 0.113089 0.415391 0.055143 0.900900
479.000000 -0.046821 4.453194 -17.872071 0.113382 0.413920 0.055495 0.901518
480.000000 0.013244 4.465114 -17.908015 0.113592 0.412389 0.055820 0.902173
481.000000 0.075248 4.477666 -17.943630 0.113812 0.410809 0.056158 0.902845
482.000000 0.138366 4.494430 -17.978004 0.114132 0.409196 0.056548 0.903513
483.000000 0.201786 4.518987 -18.010215 0.114646 0.407564 0.057023 0.904155
484.000000 0.264656 4.554944 -18.039326 0.115446 0.405930 0.057622 0.904750
485.000000 0.326122 4.605933 -18.064364 0.116624 0.404308 0.058384 0.905276
486.000000 0.385358 4.675465 -18.084324 0.118268 0.402711 0.059344 0.905712
487.000000 0.442001 4.765101 -18.098616 0.120417 0.401145 0.060517 0.906046
488.000000 0.496037 4.874913 -18.106941 0.123073 0.399608 0.061903 0.906275
489.000000 0.547455 5.004920 -18.108943 0.126237 0.398097 0.063501 0.906394
490.000000 0.596245 5.155121 -18.104196 0.129909 0.396609 0.065312 0.906399
491.000000 0.642389 5.325485 -18.092207 0.134090 0.395143 0.067333 0.906283
492.000000 0.685872 5.515935 -18.072417 0.138778 0.393693 0.069566 0.906039
493.000000 0.726547 5.724770 -18.044713 0.143934 0.392265 0.071989 0.905665
494.000000 0.763979 5.946727 -18.010180 0.149429 0.390874 0.074546 0.905169
495.000000 0.797700 6.176075 -17.970286 0.155124 0.389542 0.077172 0.904565
496.000000 0.827251 6.407109 -17.926777 0.160877 0.388292 0.079804 0.903869
497.000000 0.852182 6.634170 -17.881687 0.166549 0.387148 0.082379 0.903101
498.000000 0.872059 6.851694 -17.837332 0.172002 0.386134 0.084833 0.902286
499.000000 0.886465 7.054256 -17.796280 0.177098 0.385278 0.087103 0.901449
500.000000 0.894989 7.236501 -17.761310 0.181700 0.384607 0.089128 0.900621
501.000000 0.897219 7.393114 -17.735360 0.185672 0.384150 0.090845 0.899835
502.000000 0.892736 7.518802 -17.721448 0.188877 0.383936 0.092191 0.899122
503.000000 0.881084 7.610267 -17.721722 0.191234 0.383989 0.093128 0.898504
504.000000 0.860890 7.671329 -17.735141 0.192840 0.384336 0.093687 0.897954
505.000000 0.830234 7.707987 -17.759474 0.193854 0.385011 0.093923 0.897421
506.000000 0.787164 7.726228 -17.792290 0.194434 0.386047 0.093890 0.896855
507.000000 0.730568 7.732346 -17.830853 0.194740 0.387451 0.093651 0.896207
508.000000 0.666921 7.735328 -17.870908 0.194981 0.389037 0.093336 0.895500
509.000000 0.606729 7.745544 -17.907532 0.195390 0.390513 0.093117 0.894791
510.000000 0.559773 7.772664 -17.936261 0.196184 0.391614 0.093152 0.894133
511.000000 0.529242 7.820659 -17.955322 0.197452 0.392254 0.093502 0.893536
512.000000 0.515221 7.890821 -17.964069 0.199227 0.392430 0.094179 0.892994
513.000000 0.517747 7.983866 -17.961925 0.201527 0.392137 0.095193 0.892498
514.000000 0.537929 8.096682 -17.949821 0.204276 0.391350 0.096518 0.892076
515.000000 0.577413 8.224364 -17.929439 0.207348 0.390034 0.098115 0.891770
516.000000 0.637946 8.362109 -17.902480 0.210619 0.388154 0.099945 0.891621
517.000000 0.720440 8.504874 -17.870853 0.213956 0.385699 0.101962 0.891663
518.000000 0.818201 8.644979 -17.838160 0.217185 0.382854 0.104048 0.891867
519.000000 0.920658 8.773432 -17.809212 0.220106 0.379912 0.106044 0.892174
520.000000 1.018152 8.882036 -17.788869 0.222542 0.377140 0.107806 0.892535
521.000000 1.107704 8.968282 -17.779080 0.224436 0.374625 0.109287 0.892939
522.000000 1.189419 9.032258 -17.780276 0.225792 0.372371 0.110487 0.893393
523.000000 1.263410 9.074022 -17.792786 0.226610 0.370377 0.111405 0.893900
524.000000 1.329767 9.093583 -17.816850 0.226893 0.368645 0.112043 0.894464
525.000000 1.388553 9.090897 -17.852616 0.226642 0.367174 0.112400 0.895088
526.000000 1.439802 9.065867 -17.900147 0.225855 0.365966 0.112478 0.895772
527.000000 1.483528 9.018338 -17.959417 0.224532 0.365018 0.112276 0.896516
528.000000 1.519721 8.948100 -18.030313 0.222672 0.364331 0.111796 0.897319
529.000000 1.548354 8.854887 -18.112633 0.220272 0.363905 0.111037 0.898178
530.000000 1.569377 8.738384 -18.206079 0.217331 0.363737 0.109999 0.899090
531.000000 1.582721 8.598233 -18.310258 0.213844 0.363826 0.108681 0.900050
532.000000 1.588301 8.434038 -18.424673 0.209810 0.364170 0.107084 0.901051
533.000000 1.586009 8.245379 -18.548718 0.205226 0.364767 0.105205 0.902086
534.000000 1.575726 8.031822 -18.681675 0.200088 0.365613 0.103045 0.903146
535.000000 1.557318 7.792935 -18.822702 0.194394 0.366706 0.100605 0.904222
536.000000 1.530509 7.530294 -18.970057 0.188190 0.368038 0.097902 0.905289
537.000000 1.494548 7.252337 -19.119457 0.181685 0.369598 0.095020 0.906289
538.000000 1.448575 6.969215 -19.266557 0.175122 0.371375 0.092056 0.907160
539.000000 1.391720 6.691394 -19.407587 0.168746 0.373360 0.089110 0.907847
540.000000 1.323120 6.429623 -19.539354 0.162803 0.375550 0.086284 0.908302
541.000000 1.241923 6.194856 -19.659172 0.157536 0.377940 0.083680 0.908483
542.000000 1.147813 5.997659 -19.764835 0.153180 0.380521 0.081400 0.908358
543.000000 1.049015 5.841454 -19.856010 0.149786 0.383101 0.079512 0.908006
544.000000 0.960951 5.723631 -19.933749 0.147253 0.385342 0.078049 0.907599
545.000000 0.899502 5.641250 -19.999094 0.145481 0.386898 0.077038 0.907309
546.000000 0.880864 5.589122 -20.053536 0.144319 0.387424 0.076481 0.907317
547.000000 0.920637 5.555408 -20.100032 0.143473 0.386601 0.076313 0.907817
548.000000 1.023186 5.532723 -20.140180 0.142766 0.384347 0.076471 0.908872
549.000000 1.186425 5.517105 -20.174323 0.142108 0.380714 0.076907 0.910465
550.000000 1.408226 5.504609 -20.202281 0.141409 0.375752 0.077572 0.912577
551.000000 1.686496 5.491259 -20.223431 0.140576 0.369503 0.078420 0.915181
552.000000 2.018618 5.473490 -20.236706 0.139528 0.362022 0.079405 0.918241
553.000000 2.393324 5.454798 -20.239831 0.138362 0.353544 0.080520 0.921618
554.000000 2.791291 5.441533 -20.231363 0.137260 0.344489 0.081751 0.925097
555.000000 3.192135 5.437766 -20.212014 0.136356 0.335307 0.083062 0.928481
556.000000 3.575428 5.447475 -20.184097 0.135787 0.326458 0.084415 0.931591
557.000000 3.923955 5.475989 -20.150425 0.135718 0.318332 0.085794 0.934283
558.000000 4.235264 5.526211 -20.112376 0.136227 0.310986 0.087212 0.936549
559.000000 4.513620 5.598104 -20.070586 0.137310 0.304330 0.088684 0.938437
560.000000 4.763373 5.691662 -20.025243 0.138961 0.298267 0.090219 0.939993
561.000000 4.988860 5.806911 -19.976110 0.141173 0.292701 0.091830 0.941256
562.000000 5.194351 5.943877 -19.922529 0.143944 0.287534 0.093527 0.942262
563.000000 5.384080 6.102756 -19.863367 0.147273 0.282666 0.095323 0.943040
564.000000 5.563128 6.286889 -19.795938 0.151237 0.277967 0.097254 0.943612
565.000000 5.737346 6.502018 -19.716071 0.155965 0.273279 0.099380 0.943990
566.000000 5.912661 6.753909 -19.618880 0.161592 0.268438 0.101760 0.944179
567.000000 6.093079 7.046290 -19.499977 0.168210 0.263326 0.104433 0.944171
568.000000 6.279161 7.379338 -19.356658 0.175840 0.257913 0.107404 0.943942
569.000000 6.471039 7.752751 -19.186094 0.184495 0.252177 0.110671 0.943462
570.000000 6.668723 8.166018 -18.985130 0.194186 0.246098 0.114236 0.942697
571.000000 6.872064 8.618336 -18.750313 0.204924 0.239654 0.118100 0.941607
572.000000 7.080716 9.108493 -18.477948 0.216713 0.232828 0.122264 0.940148
573.000000 7.293958 9.634505 -18.164359 0.229545 0.225605 0.126725 0.938271
574.000000 7.507649 10.188400 -17.810249 0.243276 0.218082 0.131427 0.935940
575.000000 7.714606 10.756891 -17.421778 0.257626 0.210460 0.136257 0.933150
576.000000 7.907911 11.327044 -17.007123 0.272312 0.202953 0.141099 0.929918
577.000000 8.081214 11.886775 -16.576305 0.287056 0.195779 0.145836 0.926283
578.000000 8.228855 12.425058 -16.141053 0.301587 0.189161 0.150346 0.922312
579.000000 8.345989 12.932158 -15.714557 0.315643 0.183320 0.154507 0.918091
580.000000 8.428547 13.399665 -15.311126 0.328973 0.178480 0.158190 0.913727
581.000000 8.472997 13.820321 -14.945821 0.341337 0.174859 0.161267 0.909344
582.000000 8.476086 14.187812 -14.634081 0.352507 0.172677 0.163607 0.905071
583.000000 8.435057 14.497037 -14.390436 0.362274 0.172130 0.165087 0.901041
584.000000 8.352888 14.750808 -14.217330 0.370651 0.173177 0.165700 0.897313
585.000000 8.236083 14.957401 -14.107255 0.377812 0.175606 0.165533 0.893879
586.000000 8.090401 15.124564 -14.051450 0.383933 0.179201 0.164686 0.890708
587.000000 7.920993 15.259453 -14.040584 0.389179 0.183750 0.163267 0.887761
588.000000 7.732690 15.368744 -14.065059 0.393709 0.189044 0.161387 0.884991
589.000000 7.530210 15.458651 -14.115253 0.397679 0.194879 0.159163 0.882350
590.000000 7.318411 15.535079 -14.181653 0.401241 0.201048 0.156707 0.879789
591.000000 7.102412 15.603809 -14.254928 0.404545 0.207349 0.154137 0.877263
592.000000 6.887624 15.670596 -14.325973 0.407741 0.213579 0.151574 0.874732
593.000000 6.679807 15.740525 -14.386637 0.410955 0.219538 0.149136 0.872168
594.000000 6.483433 15.813858 -14.434982 0.414178 0.225098 0.146890 0.869604
595.000000 6.301787 15.888616 -14.472256 0.417338 0.230181 0.144866 0.867098
596.000000 6.138141 15.962777 -14.499890 0.420368 0.234709 0.143092 0.864712
597.000000 5.995716 16.034314 -14.519433 0.423201 0.238605 0.141597 0.862507
598.000000 5.877638 16.101226 -14.532512 0.425768 0.241795 0.140411 0.860547
599.000000 5.786876 16.161568 -14.540776 0.428004 0.244204 0.139563 0.858894
600.000000 5.726308 16.213427 -14.545834 0.429840 0.245761 0.139087 0.857610
601.000000 5.698744 16.254907 -14.549180 0.431207 0.246391 0.139013 0.856754
602.000000 5.706959 16.284064 -14.552182 0.432035 0.246023 0.139374 0.856384
603.000000 5.754100 16.297301 -14.557644 0.432196 0.244579 0.140194 0.856582
604.000000 5.842439 16.290021 -14.569464 0.431539 0.242013 0.141477 0.857431
605.000000 5.974032 16.257735 -14.591012 0.429913 0.238284 0.143220 0.859001
606.000000 6.151275 16.195778 -14.625077 0.427162 0.233346 0.145417 0.861357
607.000000 6.376815 16.099368 -14.673645 0.423125 0.227150 0.148062 0.864550
608.000000 6.648540 15.967818 -14.735398 0.417783 0.219767 0.151105 0.868520
609.000000 6.957722 15.806064 -14.805568 0.411319 0.211437 0.154441 0.873074
610.000000 7.295058 15.619473 -14.879687 0.403938 0.202415 0.157954 0.878016
611.000000 7.651004 15.413494 -14.954174 0.395853 0.192959 0.161527 0.883163
612.000000 8.015631 15.193766 -15.026543 0.387288 0.183336 0.165045 0.888345
613.000000 8.377825 14.968029 -15.094106 0.378539 0.173834 0.168402 0.893382
614.000000 8.725150 14.746471 -15.154074 0.369987 0.164768 0.171501 0.898080
615.000000 9.044711 14.539675 -15.205279 0.362027 0.156458 0.174256 0.902271
616.000000 9.323329 14.358465 -15.248010 0.355060 0.149229 0.176585 0.905804
617.000000 9.547761 14.213775 -15.283583 0.349493 0.143409 0.178414 0.908547
618.000000 9.709792 14.112367 -15.314431 0.345574 0.139195 0.179712 0.910443
619.000000 9.808324 14.055103 -15.343308 0.343331 0.136610 0.180495 0.911528
620.000000 9.843097 14.042215 -15.371878 0.342772 0.135656 0.180772 0.911826
621.000000 9.813487 14.074179 -15.400627 0.343896 0.136337 0.180561 0.911343
622.000000 9.718722 14.150865 -15.429492 0.346674 0.138661 0.179878 0.910074
623.000000 9.555182 14.147101 -15.573460 0.347425 0.143433 0.178127 0.909392
624.000000 9.258751 14.144582 -15.791982 0.348941 0.151979 0.174936 0.908042
625.000000 8.837782 14.207295 -16.013515 0.352968 0.163583 0.170691 0.905273
626.000000 8.341655 14.314090 -16.220834 0.358524 0.176868 0.165859 0.901481
627.000000 7.821700 14.442747 -16.401981 0.364655 0.190486 0.160912 0.897134
628.000000 7.324035 14.575624 -16.553026 0.370551 0.203297 0.156255 0.892719
629.000000 6.864134 14.699663 -16.680569 0.375898 0.215031 0.151950 0.888467
630.000000 6.446503 14.804962 -16.793917 0.380518 0.225659 0.147950 0.884531
631.000000 6.073222 14.884237 -16.902435 0.384236 0.235168 0.144220 0.881056
632.000000 5.745304 14.931251 -17.014564 0.386899 0.243554 0.140739 0.878170
633.000000 5.466379 15.077297 -17.016467 0.391867 0.250190 0.138531 0.874445
634.000000 5.306853 15.223613 -16.975227 0.396311 0.253713 0.137726 0.871550
635.000000 5.256519 15.293716 -16.966435 0.398341 0.254725 0.137632 0.870343
636.000000 5.260903 15.304917 -16.993512 0.398635 0.254565 0.137741 0.870238
637.000000 5.265693 15.274505 -17.057834 0.397857 0.254559 0.137550 0.870626
638.000000 5.225220 15.216645 -17.160262 0.396561 0.255812 0.136639 0.870993
639.000000 5.130060 15.134195 -17.299915 0.394862 0.258531 0.134927 0.871229
640.000000 5.008327 15.035711 -17.459345 0.392871 0.261951 0.132809 0.871433
641.000000 4.919234 14.939698 -17.605176 0.390822 0.264518 0.131098 0.871838
642.000000 4.884390 14.852727 -17.726921 0.388797 0.265698 0.130075 0.872538
643.000000 4.902373 14.773893 -17.826755 0.386781 0.265555 0.129698 0.873533
644.000000 4.971254 14.702081 -17.906518 0.384754 0.264163 0.129918 0.874816
645.000000 5.088296 14.635939 -17.967587 0.382693 0.261589 0.130688 0.876378
646.000000 5.249866 14.573924 -18.010943 0.380573 0.257902 0.131966 0.878200
647.000000 5.453011 14.514784 -18.037295 0.378365 0.253166 0.133712 0.880266
648.000000 5.695270 14.457344 -18.047173 0.376043 0.247449 0.135881 0.882551
649.000000 5.973202 14.400034 -18.041552 0.373576 0.240839 0.138409 0.885031
650.000000 6.254010 14.331977 -18.038940 0.370822 0.234184 0.140870 0.887584
651.000000 6.476263 14.236726 -18.074310 0.367616 0.229069 0.142533 0.889983
652.000000 6.627527 14.126918 -18.143990 0.364330 0.225764 0.143370 0.892042
653.000000 6.719871 14.022757 -18.229239 0.361419 0.223894 0.143643 0.893652
654.000000 6.761608 13.931031 -18.322715 0.359017 0.223223 0.143485 0.894813
655.000000 6.760203 13.855766 -18.419169 0.357187 0.223546 0.143002 0.895542
656.000000 6.723102 13.801000 -18.513066 0.355990 0.224660 0.142300 0.895851
657.000000 6.657677 13.770483 -18.598728 0.355485 0.226360 0.141482 0.895753
658.000000 6.571536 13.767957 -18.670384 0.355734 0.228440 0.140649 0.895258
659.000000 6.472617 13.797440 -18.722177 0.356797 0.230695 0.139897 0.894374
660.000000 6.369090 13.862972 -18.748170 0.358738 0.232917 0.139324 0.893110
661.000000 6.266685 13.964071 -18.746469 0.361519 0.234976 0.138979 0.891502
662.000000 6.161599 14.083280 -18.730910 0.364736 0.237028 0.138721 0.889686
663.000000 6.077924 14.195043 -18.712672 0.367691 0.238595 0.138629 0.888064
664.000000 6.113025 14.268018 -18.684540 0.369289 0.237491 0.139449 0.887569
665.000000 6.307808 14.285770 -18.645069 0.368988 0.232806 0.141479 0.888613
666.000000 6.597563 14.255753 -18.606690 0.367174 0.226032 0.144151 0.890681
667.000000 6.910762 14.186928 -18.584651 0.364310 0.218836 0.146829 0.893213
668.000000 7.179574 14.087840 -18.597140 0.360867 0.212813 0.148899 0.895720
669.000000 7.385439 13.967441 -18.645827 0.357138 0.208347 0.150237 0.898038
670.000000 7.549833 13.834593 -18.716829 0.353260 0.204876 0.151105 0.900222
671.000000 7.697266 13.697923 -18.794849 0.349355 0.201804 0.151782 0.902324
672.000000 7.852256 13.566342 -18.863998 0.345543 0.198539 0.152543 0.904385
673.000000 8.004773 13.454661 -18.918455 0.342220 0.195294 0.153370 0.906214
674.000000 8.056853 13.388808 -18.982347 0.340417 0.194316 0.153495 0.907081
675.000000 7.961401 13.382058 -19.066986 0.340640 0.196648 0.152575 0.906650
676.000000 7.777738 13.424390 -19.152677 0.342373 0.200868 0.151127 0.905314
677.000000 7.574961 13.503152 -19.218037 0.345018 0.205363 0.149722 0.903533
678.000000 7.419465 13.605449 -19.245637 0.348013 0.208622 0.148883 0.901775
679.000000 7.325871 13.718253 -19.240177 0.351012 0.210375 0.148660 0.900241
680.000000 7.267986 13.828612 -19.221693 0.353821 0.211295 0.148739 0.898911
681.000000 7.217998 13.923842 -19.210278 0.356249 0.212086 0.148804 0.897755
682.000000 7.147986 13.991408 -19.225858 0.358104 0.213449 0.148532 0.896738
683.000000 7.035582 14.021219 -19.284048 0.359234 0.215939 0.147661 0.895834
684.000000 6.881579 14.013857 -19.383286 0.359653 0.219522 0.146197 0.895034
685.000000 6.734926 13.994893 -19.486836 0.359775 0.222961 0.144729 0.894373
686.000000 6.628760 13.983077 -19.570279 0.359908 0.225434 0.143674 0.893870
687.000000 6.561898 13.980187 -19.633757 0.360092 0.226977 0.143033 0.893508
688.000000 6.532095 13.987385 -19.677875 0.360362 0.227648 0.142787 0.893268
689.000000 6.536984 14.005711 -19.702983 0.360752 0.227506 0.142917 0.893126
690.000000 6.573234 14.035730 -19.709205 0.361296 0.226607 0.143401 0.893057
691.000000 6.637657 14.078199 -19.696475 0.362024 0.225005 0.144220 0.893035
692.000000 6.727618 14.134214 -19.664590 0.362968 0.222758 0.145360 0.893030
693.000000 6.840440 14.204804 -19.613269 0.364159 0.219922 0.146802 0.893013
694.000000 6.968463 14.288278 -19.545864 0.365585 0.216674 0.148462 0.892949
695.000000 7.064931 14.359907 -19.497095 0.366859 0.214180 0.149768 0.892811
696.000000 7.113750 14.403599 -19.485583 0.367673 0.212879 0.150479 0.892668
697.000000 7.135514 14.420387 -19.503747 0.367972 0.212302 0.150790 0.892629
698.000000 7.151827 14.411741 -19.542777 0.367709 0.211954 0.150910 0.892800
699.000000 7.185812 14.381603 -19.591262 0.366890 0.211294 0.151075 0.893265
700.000000 7.262475 14.337147 -19.634527 0.365583 0.209730 0.151555 0.894088
701.000000 7.381968 14.284766 -19.667252 0.363929 0.207232 0.152387 0.895203
702.000000 7.505776 14.228940 -19.700056 0.362178 0.204652 0.153235 0.896361
703.000000 7.629786 14.175472 -19.730178 0.360477 0.202057 0.154092 0.897488
704.000000 7.751435 14.130090 -19.754416 0.358965 0.199476 0.154967 0.898520
705.000000 7.869405 14.096576 -19.770510 0.357733 0.196913 0.155871 0.899420
706.000000 7.973187 14.076781 -19.781515 0.356864 0.194602 0.156719 0.900121
707.000000 8.050895 14.072413 -19.791658 0.356449 0.192826 0.157406 0.900548
708.000000 8.089905 14.085088 -19.805334 0.356574 0.191870 0.157827 0.900629
709.000000 8.076036 14.113890 -19.829217 0.357276 0.192059 0.157850 0.900306
710.000000 7.992932 14.154704 -19.872618 0.358524 0.193776 0.157309 0.899536
711.000000 7.848910 14.204281 -19.933496 0.360204 0.196832 0.156262 0.898383
712.000000 7.691463 14.261126 -19.993152 0.362090 0.200151 0.155129 0.897087
713.000000 7.531399 14.320566 -20.050485 0.364034 0.203506 0.153984 0.895742
714.000000 7.376476 14.376683 -20.106800 0.365875 0.206746 0.152866 0.894440
715.000000 7.227517 14.425101 -20.165072 0.367514 0.209871 0.151759 0.893228
716.000000 7.080891 14.462438 -20.229143 0.368892 0.212973 0.150614 0.892119
717.000000 6.932823 14.485298 -20.302769 0.369948 0.216146 0.149382 0.891125
718.000000 6.779500 14.490263 -20.389589 0.370623 0.219481 0.148012 0.890258
719.000000 6.618011 14.476409 -20.490976 0.370909 0.223043 0.146472 0.889508
720.000000 6.449428 14.453694 -20.599221 0.371022 0.226768 0.144825 0.888788
721.000000 6.275970 14.435184 -20.704291 0.371237 0.230562 0.143157 0.887992
722.000000 6.100036 14.434362 -20.796123 0.371830 0.234328 0.141566 0.887013
723.000000 5.923545 14.455167 -20.871613 0.372871 0.238015 0.140094 0.885827
724.000000 5.742454 14.469064 -20.951715 0.373762 0.241806 0.138548 0.884667
725.000000 5.551774 14.444209 -21.059319 0.373854 0.245906 0.136701 0.883785
726.000000 5.351579 14.381780 -21.192598 0.373188 0.250296 0.134560 0.883163
727.000000 5.144889 14.302172 -21.335899 0.372195 0.254836 0.132271 0.882629
728.000000 4.934878 14.226697 -21.473779 0.371309 0.259391 0.129989 0.882014
729.000000 4.723935 14.175131 -21.593216 0.370911 0.263858 0.127854 0.881168
730.000000 4.510398 14.155604 -21.690155 0.371148 0.268256 0.125903 0.880021
731.000000 4.291589 14.159417 -21.771116 0.371840 0.272671 0.124064 0.878632
732.000000 4.064980 14.163346 -21.851426 0.372530 0.277220 0.122170 0.877180
733.000000 3.830749 14.155425 -21.938320 0.372988 0.281931 0.120141 0.875763
734.000000 3.596726 14.159085 -22.014910 0.373670 0.286581 0.118189 0.874227
735.000000 3.371644 14.200937 -22.062651 0.375085 0.290929 0.116565 0.872402
736.000000 3.158426 14.274549 -22.085462 0.377094 0.294943 0.115252 0.870359
737.000000 2.950591 14.370734 -22.090392 0.379529 0.298781 0.114135 0.868136
738.000000 2.738117 14.489377 -22.078737 0.382409 0.302644 0.113127 0.865663
739.000000 2.532705 14.619737 -22.055864 0.385489 0.306331 0.112256 0.863110
740.000000 2.385176 14.716101 -22.046969 0.387747 0.308969 0.111643 0.861235
741.000000 2.244065 14.780091 -22.057972 0.389346 0.311561 0.110852 0.859681
742.000000 2.106263 14.825815 -22.079977 0.390573 0.314132 0.109958 0.858303
743.000000 1.970414 14.867608 -22.103409 0.391718 0.316674 0.109051 0.856961
744.000000 1.834824 14.920033 -22.118531 0.393070 0.319179 0.108224 0.855516
745.000000 1.697627 14.997095 -22.116190 0.394891 0.321635 0.107567 0.853839
746.000000 1.561117 15.106143 -22.090920 0.397319 0.323997 0.107150 0.851870
747.000000 1.433414 15.236404 -22.049036 0.400130 0.326137 0.106969 0.849758
748.000000 1.325977 15.367831 -22.003481 0.402911 0.327884 0.106981 0.847768
749.000000 1.228485 15.491091 -21.961609 0.405511 0.329459 0.107023 0.845910
750.000000 1.091683 15.632239 -21.907603 0.408554 0.331748 0.106835 0.843572
751.000000 0.963342 15.784660 -21.843016 0.411796 0.333847 0.106807 0.841167
752.000000 0.836772 15.944618 -21.770674 0.415182 0.335893 0.106850 0.838679
753.000000 0.703255 16.108820 -21.693110 0.418669 0.338060 0.106859 0.836070
754.000000 0.556826 16.273269 -21.613221 0.422194 0.340474 0.106742 0.833328
755.000000 0.406204 16.430962 -21.535905 0.425603 0.342983 0.106523 0.830589
756.000000 0.263758 16.577512 -21.464493 0.428780 0.345361 0.106286 0.827996
757.000000 0.141457 16.709418 -21.402070 0.431628 0.347388 0.106124 0.825686
758.000000 0.050874 16.823283 -21.351961 0.434053 0.348854 0.106126 0.823794
759.000000 -0.011452 16.920282 -21.314000 0.436087 0.349823 0.106274 0.822288
760.000000 -0.070922 17.008301 -21.282410 0.437941 0.350763 0.106379 0.820887
761.000000 -0.145693 17.093528 -21.252338 0.439778 0.352004 0.106308 0.819382
762.000000 -0.228694 17.176006 -21.223776 0.441578 0.353404 0.106131 0.817833
763.000000 -0.307465 17.254470 -21.197953 0.443285 0.354722 0.105967 0.816358
764.000000 -0.371915 17.328294 -21.175665 0.444862 0.355767 0.105917 0.815052
765.000000 -0.426382 17.400901 -21.154099 0.446388 0.356619 0.105963 0.813838
766.000000 -0.480504 17.477206 -21.128975 0.447985 0.357461 0.106044 0.812580
767.000000 -0.544177 17.562182 -21.095832 0.449774 0.358469 0.106096 0.811139
768.000000 -0.627018 17.660693 -21.050074 0.451873 0.359816 0.106056 0.809380
769.000000 -0.723938 17.773044 -20.991118 0.454275 0.361400 0.105980 0.807337
770.000000 -0.808440 17.892954 -20.924847 0.456793 0.362727 0.106102 0.805302
771.000000 -0.856989 18.014756 -20.857088 0.459260 0.363356 0.106632 0.803544
772.000000 -0.960160 18.114079 -20.805299 0.461433 0.365091 0.106370 0.801544
773.000000 -1.126480 18.193587 -20.766314 0.463385 0.368088 0.105235 0.799194
774.000000 -1.247810 18.272958 -20.728369 0.465220 0.370213 0.104589 0.797229
775.000000 -1.338530 18.336189 -20.705521 0.466669 0.371783 0.104140 0.795709
776.000000 -1.412927 18.367330 -20.711552 0.467461 0.373111 0.103590 0.794693
777.000000 -1.474504 18.396660 -20.719917 0.468182 0.374222 0.103154 0.793803
778.000000 -1.540269 18.456488 -20.700682 0.469493 0.375362 0.102934 0.792518
779.000000 -1.653140 18.498320 -20.693361 0.470572 0.377431 0.102034 0.791010
780.000000 -1.816822 18.511869 -20.706429 0.471227 0.380524 0.100302 0.789358
781.000000 -1.991984 18.534372 -20.709492 0.472066 0.383800 0.098513 0.787494
782.000000 -2.086000 18.589980 -20.689601 0.473339 0.385443 0.097956 0.785995
783.000000 -2.098016 18.671485 -20.653575 0.474919 0.385462 0.098593 0.784953
784.000000 -2.142628 18.756350 -20.610829 0.476637 0.386104 0.098881 0.783558
785.000000 -2.211278 18.857402 -20.550395 0.478714 0.387178 0.099030 0.781741
786.000000 -2.289415 18.988585 -20.459789 0.481395 0.388356 0.099354 0.779466
787.000000 -2.369480 19.119524 -20.367327 0.484084 0.389567 0.099655 0.777154
788.000000 -2.426793 19.213818 -20.310488 0.486026 0.390432 0.099873 0.775479
789.000000 -2.405893 19.272821 -20.295696 0.487109 0.389891 0.100679 0.774967
790.000000 -2.408079 19.329541 -20.279995 0.488205 0.389796 0.101194 0.774258
791.000000 -2.414510 19.372754 -20.276404 0.489054 0.389814 0.101533 0.773668
792.000000 -2.442157 19.447161 -20.240142 0.490552 0.390154 0.101923 0.772496
793.000000 -2.497129 19.495544 -20.225268 0.491620 0.391071 0.101740 0.771377
794.000000 -2.568085 19.519414 -20.232672 0.492240 0.392339 0.101129 0.770417
795.000000 -2.641307 19.540375 -20.242600 0.492805 0.393677 0.100444 0.769462
796.000000 -2.712878 19.577849 -20.236392 0.493680 0.394940 0.099939 0.768320
797.000000 -2.780167 19.649154 -20.196635 0.495203 0.396039 0.099823 0.766787
798.000000 -2.897981 19.732304 -20.137673 0.497070 0.398074 0.099199 0.764604
799.000000 -3.111111 19.805249 -20.073252 0.498962 0.401942 0.097300 0.761585
800.000000 -3.233927 19.850226 -20.048505 0.500102 0.404163 0.096231 0.759796
801.000000 -3.339256 19.888017 -20.032489 0.501070 0.406065 0.095304 0.758259
802.000000 -3.431892 19.919881 -20.023148 0.501911 0.407731 0.094478 0.756911
803.000000 -3.515377 20.024331 -19.941935 0.504108 0.409062 0.094497 0.754728
804.000000 -3.588277 20.152682 -19.838016 0.506715 0.410156 0.094876 0.752337
805.000000 -3.649904 20.268507 -19.748473 0.509038 0.411055 0.095274 0.750224
806.000000 -3.697686 20.337224 -19.709100 0.510433 0.411797 0.095361 0.748857
807.000000 -3.729343 20.327227 -19.752785 0.510313 0.412423 0.094835 0.748662
808.000000 -3.718431 20.284899 -19.836172 0.509506 0.412322 0.094527 0.749305
809.000000 -3.653671 20.315271 -19.854721 0.509945 0.411030 0.095688 0.749569
810.000000 -3.617097 20.463312 -19.746863 0.512669 0.409982 0.097707 0.748023
811.000000 -3.641938 20.650925 -19.584872 0.516294 0.409986 0.099340 0.745307
812.000000 -3.741829 20.782793 -19.465974 0.519038 0.411542 0.099420 0.742528
813.000000 -3.860605 20.829150 -19.433550 0.520189 0.413670 0.098350 0.740681
814.000000 -3.954189 20.832961 -19.450650 0.520474 0.415423 0.097151 0.739657
815.000000 -3.991544 20.802366 -19.514183 0.519997 0.416187 0.096335 0.739669
816.000000 -4.037108 20.784622 -19.561129 0.519801 0.417086 0.095549 0.739403
817.000000 -4.100022 20.852803 -19.512808 0.521272 0.418129 0.095427 0.737792
818.000000 -4.162442 20.988353 -19.391740 0.524006 0.419009 0.096028 0.735274
819.000000 -4.237485 21.124882 -19.265567 0.526779 0.420116 0.096482 0.732597
820.000000 -4.354541 21.184523 -19.213897 0.528173 0.422188 0.095544 0.730522
821.000000 -4.473438 21.177873 -19.234529 0.528308 0.424453 0.093841 0.729332
822.000000 -4.516783 21.173046 -19.269150 0.528315 0.425274 0.093187 0.728932
823.000000 -4.528744 21.201178 -19.273792 0.528888 0.425413 0.093345 0.728415
824.000000 -4.553803 21.274000 -19.225448 0.530343 0.425693 0.093825 0.727130
825.000000 -4.601121 21.367216 -19.148623 0.532236 0.426358 0.094214 0.725305
826.000000 -4.654926 21.537876 -18.982227 0.535608 0.426970 0.095364 0.722306
827.000000 -4.692662 21.637044 -18.899014 0.537583 0.427453 0.095937 0.720475
828.000000 -4.739504 21.703804 -18.849844 0.538968 0.428191 0.096015 0.718990
829.000000 -4.772437 21.740739 -18.837897 0.539755 0.428738 0.095950 0.718082
830.000000 -4.769131 21.760772 -18.855171 0.540119 0.428625 0.096211 0.717841
831.000000 -4.741435 21.765031 -18.895141 0.540145 0.428084 0.096665 0.718083
832.000000 -4.767253 21.744265 -18.951071 0.539821 0.428613 0.096086 0.718089
833.000000 -4.819031 21.732352 -18.989650 0.539738 0.429606 0.095246 0.717670
834.000000 -4.872642 21.782976 -18.956049 0.540838 0.430475 0.095085 0.716341
835.000000 -4.963508 21.929119 -18.802158 0.543831 0.431811 0.095464 0.713214
836.000000 -5.061087 22.034705 -18.692505 0.546059 0.433385 0.095271 0.710577
837.000000 -5.172030 22.155894 -18.559294 0.548608 0.435195 0.095046 0.707531
838.000000 -5.258314 22.218771 -18.500341 0.549995 0.436696 0.094486 0.705602
839.000000 -5.306116 22.221944 -18.521744 0.550179 0.437615 0.093785 0.704983
840.000000 -5.325047 22.215927 -18.560442 0.550149 0.438004 0.093413 0.704814
841.000000 -5.321898 22.281224 -18.519189 0.551425 0.437792 0.094225 0.703840
842.000000 -5.267627 22.434052 -18.386198 0.554231 0.436372 0.096850 0.702159
843.000000 -5.186633 22.568611 -18.282186 0.556603 0.434468 0.099666 0.701069
844.000000 -5.178016 22.630166 -18.248610 0.557737 0.434128 0.100534 0.700254
845.000000 -5.235852 22.636994 -18.264844 0.557984 0.435197 0.099756 0.699504
846.000000 -5.292723 22.657293 -18.263744 0.558498 0.436207 0.099158 0.698549
847.000000 -5.351399 22.710435 -18.219652 0.559668 0.437159 0.098930 0.697049
848.000000 -5.420433 22.813285 -18.109575 0.561820 0.438175 0.099130 0.694647
849.000000 -5.504068 22.973667 -17.919608 0.565127 0.439340 0.099780 0.691126
850.000000 -5.594645 23.144677 -17.708758 0.568685 0.440633 0.100445 0.687278
851.000000 -5.700220 23.263246 -17.556867 0.571296 0.442366 0.100231 0.684023
852.000000 -5.843253 23.304231 -17.492777 0.572511 0.445043 0.098443 0.681525
853.000000 -5.968203 23.315417 -17.473040 0.573094 0.447443 0.096564 0.679730
854.000000 -5.988666 23.302817 -17.520548 0.572924 0.447868 0.096079 0.679662
855.000000 -5.909188 23.254324 -17.649845 0.571780 0.446452 0.096767 0.681458
856.000000 -5.789500 23.154670 -17.857932 0.569538 0.444417 0.097464 0.684559
857.000000 -5.641172 23.026026 -18.108585 0.566674 0.441948 0.098247 0.688411
858.000000 -5.469609 22.900496 -18.357731 0.563819 0.439049 0.099426 0.692430
859.000000 -5.284172 22.805026 -18.569184 0.561501 0.435826 0.101152 0.696090
860.000000 -5.114138 22.717055 -18.763418 0.559377 0.432891 0.102686 0.699399
861.000000 -4.964227 22.597872 -18.986190 0.556743 0.430433 0.103528 0.702885
862.000000 -4.796002 22.466413 -19.223614 0.553853 0.427681 0.104493 0.706694
863.000000 -4.649827 22.355217 -19.427061 0.551423 0.425288 0.105365 0.709902
864.000000 -4.545295 22.270609 -19.586462 0.549615 0.423587 0.105939 0.712232
865.000000 -4.477683 22.213624 -19.704514 0.548416 0.422495 0.106281 0.713752
866.000000 -4.442123 22.185109 -19.783544 0.547808 0.421928 0.106455 0.714528
867.000000 -4.436613 22.180664 -19.829321 0.547704 0.421852 0.106458 0.714652
868.000000 -4.461827 22.190235 -19.852666 0.547932 0.422292 0.106189 0.714258
869.000000 -4.512928 22.211102 -19.857462 0.548431 0.423165 0.105685 0.713432
870.000000 -4.549982 22.284435 -19.806308 0.549837 0.423643 0.105936 0.712028
871.000000 -4.455936 22.226466 -19.931768 0.548534 0.422113 0.106628 0.713835
872.000000 -4.412328 22.321814 -19.873484 0.550122 0.421076 0.108257 0.712981
873.000000 -4.475377 22.624910 -19.552223 0.555764 0.421372 0.110613 0.708051
874.000000 -4.507976 22.820142 -19.354914 0.559411 0.421400 0.112276 0.704894
875.000000 -4.507360 22.917017 -19.278103 0.561194 0.421096 0.113358 0.703483
876.000000 -4.487092 22.962095 -19.271432 0.561903 0.420562 0.114149 0.703109
877.000000 -4.454784 22.987712 -19.287674 0.562265 0.419888 0.114903 0.703100
878.000000 -4.410357 22.977926 -19.343856 0.562023 0.419129 0.115460 0.703655
879.000000 -4.348414 22.881590 -19.508248 0.560125 0.418309 0.115316 0.705677
880.000000 -4.271125 22.663826 -19.815871 0.555983 0.417563 0.114103 0.709581
881.000000 -4.296035 22.612668 -19.907908 0.555126 0.418153 0.113244 0.710042
882.000000 -4.303565 22.515512 -20.054821 0.553402 0.418548 0.112183 0.711322
883.000000 -4.307547 22.379847 -20.243773 0.550999 0.418973 0.110793 0.713152
884.000000 -4.484571 22.592278 -20.007889 0.555232 0.421507 0.110537 0.708401
885.000000 -4.720945 22.993242 -19.533641 0.562975 0.424562 0.111488 0.700269
886.000000 -4.798757 23.272375 -19.225679 0.568132 0.425115 0.113456 0.695436
887.000000 -4.746504 23.351974 -19.184696 0.569346 0.423911 0.115149 0.694900
888.000000 -4.785404 23.421305 -19.128497 0.570691 0.424400 0.115452 0.693446
889.000000 -4.920760 23.563311 -18.950446 0.573749 0.426463 0.115098 0.689706
890.000000 -5.137378 23.828722 -18.586791 0.579384 0.429658 0.114831 0.683024
891.000000 -5.385249 24.155213 -18.124526 0.586235 0.433204 0.114791 0.674897
892.000000 -5.601832 24.445871 -17.706422 0.592305 0.436251 0.114871 0.667581
893.000000 -5.720000 24.605801 -17.488660 0.595651 0.437920 0.114895 0.663494
894.000000 -5.690922 24.559987 -17.604475 0.594671 0.437534 0.114692 0.664662
895.000000 -5.608073 24.414904 -17.871289 0.591680 0.436472 0.114197 0.668106
896.000000 -5.643862 24.391300 -17.930548 0.591362 0.437237 0.113303 0.668039
897.000000 -5.745783 24.508125 -17.775485 0.593870 0.438780 0.113105 0.664829
898.000000 -5.695297 24.582588 -17.725913 0.595085 0.437581 0.115043 0.664200
899.000000 -5.470628 24.570208 -17.850506 0.594096 0.433401 0.118833 0.667153
900.000000 -5.065504 24.437599 -18.186183 0.590255 0.426304 0.124042 0.674150
901.000000 -4.580655 24.207769 -18.653525 0.584332 0.418146 0.129310 0.683366
902.000000 -4.115351 23.920512 -19.163293 0.577440 0.410640 0.133556 0.692893
903.000000 -3.683237 23.592137 -19.689414 0.569993 0.403981 0.136706 0.702296
904.000000 -3.297173 23.238924 -20.210345 0.562367 0.398317 0.138754 0.711220
905.000000 -2.972235 22.878070 -20.706964 0.554930 0.393814 0.139722 0.719334
906.000000 -2.723665 22.527123 -21.161838 0.548038 0.390656 0.139655 0.726318
907.000000 -2.568045 22.205102 -21.558218 0.542054 0.389041 0.138599 0.731857
908.000000 -2.524074 21.933199 -21.879116 0.537353 0.389173 0.136583 0.735623
909.000000 -2.610081 21.733736 -22.106226 0.534314 0.391250 0.133637 0.737275
910.000000 -2.834925 21.626187 -22.222777 0.533225 0.395333 0.129867 0.736558
911.000000 -3.079056 21.579424 -22.274677 0.533162 0.399521 0.126488 0.734930
912.000000 -3.232177 21.558625 -22.312086 0.533241 0.402110 0.124487 0.733802
913.000000 -3.289357 21.563844 -22.337668 0.533477 0.403043 0.123864 0.733223
914.000000 -3.263262 21.606524 -22.339253 0.534103 0.402508 0.124552 0.732945
915.000000 -3.176827 21.705479 -22.294758 0.535486 0.400824 0.126455 0.732532
916.000000 -3.053672 21.879291 -22.180877 0.537993 0.398309 0.129479 0.731539
917.000000 -2.920265 22.117867 -22.000767 0.541539 0.395402 0.133225 0.729825
918.000000 -2.804489 22.320127 -21.850578 0.544539 0.392857 0.136454 0.728369
919.000000 -2.711676 22.480845 -21.736696 0.546920 0.390792 0.139056 0.727203
920.000000 -2.644549 22.607658 -21.652172 0.548821 0.389244 0.141061 0.726213
921.000000 -2.605616 22.708009 -21.589619 0.550385 0.388241 0.142497 0.725286
922.000000 -2.597258 22.789646 -21.541354 0.551753 0.387810 0.143383 0.724302
923.000000 -2.621107 22.861022 -21.500388 0.553047 0.387964 0.143746 0.723160
924.000000 -2.667401 22.918711 -21.471694 0.554175 0.388549 0.143680 0.721994
925.000000 -2.717704 22.951750 -21.469178 0.554895 0.389291 0.143324 0.721112
926.000000 -2.753429 22.948876 -21.507165 0.554958 0.389910 0.142822 0.720828
927.000000 -2.752912 22.925814 -21.571394 0.554562 0.389989 0.142600 0.721134
928.000000 -2.696982 22.974611 -21.566139 0.555182 0.388903 0.143744 0.721017
929.000000 -2.611201 23.025598 -21.561795 0.555740 0.387308 0.145293 0.721135
930.000000 -2.518219 23.043798 -21.592566 0.555727 0.385699 0.146640 0.721734
931.000000 -2.430977 23.047722 -21.636962 0.555501 0.384230 0.147793 0.722456
932.000000 -2.362385 23.057170 -21.672348 0.555436 0.383044 0.148776 0.722934
933.000000 -2.325159 23.092331 -21.676168 0.555912 0.382283 0.149603 0.722801
934.000000 -2.331006 23.174650 -21.625636 0.557312 0.382077 0.150283 0.721689
935.000000 -2.390044 23.320544 -21.501341 0.559945 0.382544 0.150816 0.719289
936.000000 -2.487188 23.489893 -21.345658 0.563095 0.383568 0.151064 0.716226
937.000000 -2.587317 23.600826 -21.251798 0.565273 0.384849 0.150759 0.713883
938.000000 -2.649706 23.584092 -21.302887 0.565180 0.385953 0.149803 0.713562
939.000000 -2.615218 23.450721 -21.492571 0.562826 0.385848 0.149070 0.715630
940.000000 -2.487991 23.300143 -21.707405 0.559904 0.384266 0.149424 0.718693
941.000000 -2.286569 23.150268 -21.924457 0.556761 0.381464 0.150775 0.722336
942.000000 -2.021623 22.992681 -22.150872 0.553276 0.377657 0.152860 0.726564
943.000000 -1.703008 22.818538 -22.393681 0.549327 0.373050 0.155403 0.731384
944.000000 -1.341787 22.618324 -22.659725 0.544791 0.367863 0.158142 0.736798
945.000000 -0.953215 22.383950 -22.951278 0.539606 0.362376 0.160857 0.742721
946.000000 -0.582806 22.167676 -23.213208 0.534771 0.357139 0.163493 0.748159
947.000000 -0.297502 22.070462 -23.351727 0.532138 0.352864 0.166080 0.751488
948.000000 -0.156506 22.180804 -23.288968 0.533361 0.350173 0.168567 0.751326
949.000000 -0.191059 22.519638 -23.001845 0.538939 0.349472 0.170741 0.747169
950.000000 -0.365379 22.947241 -22.613504 0.546518 0.350683 0.172019 0.740776
951.000000 -0.629915 23.357624 -22.223156 0.554206 0.353417 0.172159 0.733698
952.000000 -0.805961 23.623056 -21.973434 0.559227 0.355260 0.172245 0.728963
953.000000 -1.067019 23.915183 -21.680800 0.565095 0.358429 0.171411 0.723059
954.000000 -1.453304 24.268785 -21.297782 0.572565 0.363487 0.169333 0.715104
955.000000 -1.875985 24.613661 -20.901440 0.580086 0.369240 0.166580 0.706692
956.000000 -2.253125 24.884847 -20.578265 0.586191 0.374559 0.163729 0.699484
957.000000 -2.506644 25.021880 -20.423680 0.589491 0.378309 0.161331 0.695238
958.000000 -2.562444 24.975246 -20.514420 0.588936 0.379456 0.159952 0.695401
959.000000 -2.528398 24.879516 -20.672716 0.587231 0.379291 0.159439 0.697048
960.000000 -2.514340 24.870563 -20.722129 0.587066 0.379129 0.159512 0.697259
961.000000 -2.520626 24.977494 -20.629516 0.588918 0.378854 0.160395 0.695642
962.000000 -2.669272 25.275801 -20.282931 0.594566 0.380220 0.160976 0.689935
963.000000 -2.764342 25.563989 -19.947574 0.599828 0.380666 0.162294 0.684806
964.000000 -2.729109 25.767884 -19.730750 0.603154 0.379194 0.164764 0.682107
965.000000 -2.624678 25.907130 -19.602034 0.605123 0.376791 0.167665 0.680986
966.000000 -2.519936 25.998669 -19.532681 0.606278 0.374576 0.170150 0.680565
967.000000 -2.481396 26.061500 -19.490835 0.607222 0.373629 0.171382 0.679935
968.000000 -2.562568 26.150695 -19.396911 0.609156 0.374649 0.171022 0.677730
969.000000 -2.662877 26.217024 -19.329968 0.610781 0.376103 0.170128 0.675685
970.000000 -2.685916 26.218470 -19.361622 0.610932 0.376493 0.169797 0.675414
971.000000 -2.652909 26.179670 -19.456471 0.610125 0.376087 0.169941 0.676333
972.000000 -2.590333 26.112588 -19.594355 0.608680 0.375300 0.170261 0.677990
973.000000 -2.524171 26.028361 -19.755479 0.606912 0.374533 0.170463 0.679945
974.000000 -2.469672 25.939711 -19.919434 0.605128 0.373987 0.170445 0.681837
975.000000 -2.420762 25.865716 -20.061324 0.603641 0.373469 0.170484 0.683428
976.000000 -2.363339 25.829359 -20.153932 0.602775 0.372642 0.171013 0.684511
977.000000 -2.283460 25.851318 -20.173404 0.602810 0.371185 0.172426 0.684917
978.000000 -2.174652 25.910040 -20.148166 0.603345 0.369080 0.174608 0.685031
979.000000 -2.036431 25.952550 -20.145938 0.603476 0.366546 0.177069 0.685644
980.000000 -1.876832 25.938250 -20.217853 0.602541 0.363903 0.179318 0.687287
981.000000 -1.707383 25.873616 -20.353493 0.600702 0.361322 0.181251 0.689747
982.000000 -1.536282 25.780211 -20.523387 0.598365 0.358850 0.182945 0.692616
983.000000 -1.372553 25.680077 -20.698526 0.595947 0.356538 0.184466 0.695485
984.000000 -1.235904 25.594353 -20.851954 0.593890 0.354621 0.185712 0.697890
985.000000 -1.154774 25.543298 -20.958623 0.592654 0.353477 0.186460 0.699319
986.000000 -1.156196 25.546093 -20.995056 0.592677 0.353467 0.186504 0.699293
987.000000 -1.244846 25.609385 -20.952864 0.594085 0.354635 0.185845 0.697681
988.000000 -1.409820 25.731166 -20.832798 0.596797 0.356812 0.184614 0.694576
989.000000 -1.638747 25.908680 -20.634755 0.600726 0.359817 0.182938 0.690068
990.000000 -1.908110 26.131307 -20.368362 0.605612 0.363320 0.181026 0.684443
991.000000 -2.179246 26.377535 -20.060010 0.610948 0.366784 0.179224 0.678299
992.000000 -2.414535 26.626110 -19.740132 0.616225 0.369671 0.177902 0.672280
993.000000 -2.579292 26.857186 -19.441702 0.620944 0.371464 0.177445 0.667050
994.000000 -2.641082 27.052157 -19.199166 0.624621 0.371664 0.178252 0.663281
995.000000 -2.577222 27.193111 -19.045716 0.626802 0.369933 0.180582 0.661558
996.000000 -2.409010 27.262231 -19.006592 0.627231 0.366708 0.183964 0.662015
997.000000 -2.186699 27.251951 -19.085886 0.625980 0.362902 0.187526 0.664293
998.000000 -1.943606 27.170011 -19.266145 0.623347 0.359076 0.190785 0.667911
999.000000 -1.689744 27.030981 -19.522124 0.619659 0.355349 0.193686 0.672484
1000.000000 -1.434573 26.849639 -19.828838 0.615250 0.351824 0.196187 0.677641
1001.000000 -1.187600 26.641240 -20.162260 0.610457 0.348604 0.198250 0.683019
1002.000000 -0.959197 26.421849 -20.499537 0.605623 0.345801 0.199838 0.688264
1003.000000 -0.762758 26.208332 -20.818994 0.601092 0.343547 0.200932 0.693030
1004.000000 -0.614003 26.018504 -21.099915 0.597210 0.341991 0.201530 0.696971
1005.000000 -0.521010 25.872621 -21.320497 0.594319 0.341146 0.201748 0.699787
1006.000000 -0.610446 25.898781 -21.326175 0.595131 0.342486 0.200769 0.698723
1007.000000 -0.880281 26.121962 -21.083142 0.600039 0.345864 0.198788 0.693408
1008.000000 -1.224610 26.460631 -20.680195 0.607217 0.349930 0.196670 0.685681
1009.000000 -1.571734 26.833460 -20.212009 0.615008 0.353883 0.194812 0.677185
1010.000000 -1.853638 27.163240 -19.784558 0.621811 0.356948 0.193596 0.669672
1011.000000 -1.990979 27.370071 -19.523643 0.625957 0.358223 0.193407 0.665168
1012.000000 -1.901679 27.371764 -19.566125 0.625642 0.356745 0.194712 0.665877
1013.000000 -1.519981 27.092148 -20.017385 0.619191 0.351772 0.197970 0.673548
1014.000000 -1.179712 26.803988 -20.456330 0.612782 0.347554 0.200682 0.680757
1015.000000 -1.134270 26.727126 -20.592556 0.611351 0.347221 0.200742 0.682195
1016.000000 -1.164189 26.699757 -20.662569 0.611079 0.347871 0.200061 0.682308
1017.000000 -1.152274 26.644497 -20.775019 0.610067 0.347914 0.199777 0.683274
1018.000000 -1.120363 26.579971 -20.905646 0.608699 0.347604 0.199748 0.684659
1019.000000 -1.080976 26.516166 -21.034545 0.607314 0.347169 0.199852 0.686078
1020.000000 -1.048486 26.465655 -21.140728 0.606270 0.346841 0.199956 0.687136
1021.000000 -1.047540 26.451150 -21.196309 0.606029 0.346897 0.199895 0.687337
1022.000000 -1.107258 26.500304 -21.166848 0.607160 0.347670 0.199459 0.686075
1023.000000 -1.287072 26.676135 -20.968717 0.610952 0.349816 0.198286 0.681945
1024.000000 -1.514596 26.964452 -20.615878 0.616817 0.352209 0.197353 0.675675
1025.000000 -1.673772 27.177053 -20.358624 0.621120 0.353835 0.196799 0.671030
1026.000000 -1.775637 27.299771 -20.223988 0.623644 0.354930 0.196317 0.668246
1027.000000 -1.846453 27.369912 -20.165212 0.625094 0.355731 0.195850 0.666601
1028.000000 -1.907806 27.419169 -20.138874 0.626081 0.356430 0.195375 0.665439
1029.000000 -1.972539 27.469544 -20.107363 0.627131 0.357178 0.194906 0.664186
1030.000000 -2.052584 27.547025 -20.032519 0.628760 0.358088 0.194432 0.662292
1031.000000 -2.164412 27.681217 -19.872097 0.631530 0.359289 0.193917 0.659149
1032.000000 -2.350879 27.903609 -19.573138 0.636179 0.361330 0.192957 0.653822
1033.000000 -2.769660 28.216984 -19.098345 0.643523 0.366833 0.189054 0.644647
1034.000000 -3.001882 28.367971 -18.873835 0.647246 0.370034 0.186622 0.639781
1035.000000 -3.032922 28.377709 -18.890695 0.647619 0.370549 0.186107 0.639255
1036.000000 -3.009861 28.342031 -18.985387 0.646946 0.370354 0.186075 0.640059
1037.000000 -2.960936 28.276428 -19.129731 0.645613 0.369842 0.186236 0.641652
1038.000000 -2.898352 28.191875 -19.303896 0.643881 0.369212 0.186452 0.643689
1039.000000 -2.838673 28.098848 -19.489212 0.642007 0.368637 0.186585 0.645848
1040.000000 -2.793308 28.007219 -19.668034 0.640241 0.368289 0.186500 0.647821
1041.000000 -2.782449 27.935547 -19.810601 0.639001 0.368437 0.186021 0.649098
1042.000000 -2.829017 27.926941 -19.854496 0.639089 0.369249 0.185173 0.648792
1043.000000 -2.800367 28.006057 -19.784807 0.640259 0.368425 0.186372 0.647763
1044.000000 -2.889824 28.152581 -19.600991 0.643100 0.369223 0.186265 0.644517
1045.000000 -3.055097 28.248771 -19.475677 0.645464 0.371497 0.184461 0.641358
1046.000000 -3.192892 28.288820 -19.434709 0.646759 0.373573 0.182580 0.639383
1047.000000 -3.265702 28.283815 -19.469200 0.647010 0.374782 0.181329 0.638777
1048.000000 -3.283302 28.246849 -19.558184 0.646495 0.375222 0.180686 0.639222
1049.000000 -3.271467 28.196965 -19.669406 0.645644 0.375237 0.180417 0.640149
1050.000000 -3.255035 28.154877 -19.770611 0.644893 0.375161 0.180285 0.640987
1051.000000 -3.252659 28.132122 -19.841918 0.644520 0.375243 0.180091 0.641369
1052.000000 -3.260961 28.115809 -19.902597 0.644296 0.375469 0.179782 0.641549
1053.000000 -3.271329 28.087806 -19.979705 0.643887 0.375776 0.179336 0.641903
1054.000000 -3.265749 28.048660 -20.074981 0.643227 0.375870 0.179052 0.642590
1055.000000 -3.202457 28.046946 -20.127056 0.642907 0.374869 0.180048 0.643216
1056.000000 -3.107399 28.034085 -20.199144 0.642270 0.373410 0.181442 0.644308
1057.000000 -3.043216 27.996204 -20.300224 0.641379 0.372554 0.182109 0.645502
1058.000000 -3.020881 27.942394 -20.415777 0.640433 0.372430 0.181974 0.646550
1059.000000 -3.033086 27.878092 -20.539332 0.639484 0.372891 0.181213 0.647437
1060.000000 -3.072169 27.809186 -20.664343 0.638585 0.373791 0.179998 0.648143
1061.000000 -3.130274 27.741727 -20.784281 0.637788 0.374983 0.178502 0.648653
1062.000000 -3.199631 27.681649 -20.892664 0.637146 0.376320 0.176899 0.648949
1063.000000 -3.277331 27.635597 -20.981076 0.636750 0.377726 0.175293 0.648956
1064.000000 -3.362387 27.622073 -21.025349 0.636883 0.379108 0.173867 0.648404
1065.000000 -3.443420 27.659148 -21.003530 0.637775 0.380216 0.172958 0.647120
1066.000000 -3.511468 27.731021 -20.937347 0.639148 0.380978 0.172565 0.645419
1067.000000 -3.568821 27.804942 -20.869160 0.640513 0.381562 0.172360 0.643775
1068.000000 -3.623862 27.853359 -20.834104 0.641482 0.382207 0.171963 0.642531
1069.000000 -3.675434 27.873556 -20.835978 0.642016 0.382909 0.171369 0.641739
1070.000000 -3.721977 27.864210 -20.877029 0.642086 0.383649 0.170586 0.641436
1071.000000 -3.761988 27.824440 -20.959443 0.641664 0.384411 0.169627 0.641656
1072.000000 -3.793897 27.753137 -21.085380 0.640717 0.385179 0.168503 0.642437
1073.000000 -3.811096 27.647555 -21.258934 0.639182 0.385862 0.167291 0.643871
1074.000000 -3.797461 27.502838 -21.487332 0.636936 0.386229 0.166194 0.646158
1075.000000 -3.740138 27.329171 -21.757191 0.634099 0.386047 0.165490 0.649229
1076.000000 -3.642242 27.157133 -22.027563 0.631154 0.385253 0.165398 0.652586
1077.000000 -3.510692 27.018086 -22.258595 0.628590 0.383839 0.166073 0.655715
1078.000000 -3.361874 26.918491 -22.441088 0.626559 0.382028 0.167316 0.658394
1079.000000 -3.213657 26.847729 -22.586254 0.624967 0.380121 0.168777 0.660635
1080.000000 -3.082128 26.796495 -22.703782 0.623734 0.378383 0.170158 0.662442
1081.000000 -2.983267 26.755505 -22.803529 0.622778 0.377084 0.171165 0.663821
1082.000000 -2.933003 26.715375 -22.895380 0.622020 0.376492 0.171504 0.664779
1083.000000 -2.947336 26.666539 -22.989008 0.621380 0.376875 0.170883 0.665321
1084.000000 -3.042813 26.599057 -23.093481 0.620770 0.378500 0.169008 0.665446
1085.000000 -3.224898 26.506914 -23.213535 0.620114 0.381448 0.165781 0.665187
1086.000000 -3.445686 26.384716 -23.359756 0.619145 0.385028 0.161831 0.664999
1087.000000 -3.637452 26.221722 -23.552563 0.617475 0.388299 0.157994 0.665573
1088.000000 -3.733116 26.003700 -23.816787 0.614701 0.390361 0.155030 0.667628
1089.000000 -3.704332 25.721916 -24.163339 0.610651 0.390865 0.153200 0.671461
1090.000000 -3.568076 25.391179 -24.568340 0.605626 0.390026 0.152358 0.676671
1091.000000 -3.345259 25.029293 -25.004992 0.599959 0.388098 0.152332 0.682806
1092.000000 -3.057813 24.655280 -25.447518 0.593983 0.385334 0.152959 0.689424
1093.000000 -2.729488 24.289634 -25.871693 0.588042 0.382001 0.154081 0.696090
1094.000000 -2.385294 23.954284 -26.255107 0.582498 0.378373 0.155541 0.702379
1095.000000 -2.048276 23.671213 -26.578398 0.577708 0.374700 0.157221 0.707909
1096.000000 -1.696882 23.449162 -26.839036 0.573696 0.370669 0.159453 0.712778
1097.000000 -1.415365 23.245539 -27.071765 0.570129 0.367523 0.161077 0.716892
1098.000000 -1.382264 23.163822 -27.183215 0.568917 0.367311 0.160922 0.717997
1099.000000 -1.559237 23.312860 -27.085447 0.571366 0.369194 0.160164 0.715252
1100.000000 -1.902569 23.644177 -26.813802 0.576702 0.372739 0.158936 0.709380
1101.000000 -2.363511 24.103708 -26.403627 0.584079 0.377458 0.157367 0.701151
1102.000000 -2.891575 24.638653 -25.892197 0.592669 0.382858 0.155571 0.691347
1103.000000 -3.436187 25.196722 -25.322172 0.601682 0.388456 0.153660 0.680786
1104.000000 -3.951668 25.729296 -24.743435 0.610378 0.393780 0.151746 0.670335
1105.000000 -4.404508 26.196766 -24.208368 0.618119 0.398500 0.149897 0.660800
1106.000000 -4.841411 26.591273 -23.727098 0.624904 0.403271 0.147495 0.652007
1107.000000 -5.227872 26.958028 -23.263455 0.631214 0.407472 0.145405 0.643734
1108.000000 -5.455678 27.229888 -22.928931 0.635765 0.409800 0.144546 0.637945
1109.000000 -5.583351 27.334326 -22.810722 0.637677 0.411267 0.143588 0.635302
1110.000000 -5.623227 27.301693 -22.877371 0.637390 0.411938 0.142663 0.635365
1111.000000 -5.584865 27.160267 -23.092050 0.635334 0.411852 0.141909 0.637645
1112.000000 -5.475904 26.937154 -23.415822 0.631930 0.411035 0.141456 0.641642
1113.000000 -5.302735 26.659476 -23.809377 0.627601 0.409501 0.141428 0.646857
1114.000000 -5.071200 26.355348 -24.234184 0.622774 0.407263 0.141940 0.652796
1115.000000 -4.791831 26.052549 -24.654504 0.617868 0.404395 0.143042 0.658971
1116.000000 -4.488465 25.774607 -25.040425 0.613266 0.401159 0.144589 0.664884
1117.000000 -4.188976 25.544800 -25.365329 0.609348 0.397858 0.146406 0.670052
1118.000000 -3.918582 25.372832 -25.619383 0.606300 0.394792 0.148269 0.674208
1119.000000 -3.698458 25.251861 -25.810286 0.604081 0.392250 0.149892 0.677317
1120.000000 -3.549450 25.173482 -25.946629 0.602634 0.390520 0.150990 0.679359
1121.000000 -3.491637 25.128891 -26.036645 0.601900 0.389886 0.151272 0.680310
1122.000000 -3.544993 25.108905 -26.087701 0.601812 0.390631 0.150456 0.680142
1123.000000 -3.710209 25.090140 -26.121751 0.602045 0.392823 0.148399 0.679124
1124.000000 -3.899036 24.987231 -26.231606 0.601229 0.395547 0.145498 0.678894
1125.000000 -3.993272 24.701051 -26.525582 0.597788 0.397534 0.142320 0.681440
1126.000000 -3.962201 24.240311 -26.989506 0.591826 0.398350 0.139254 0.686781
1127.000000 -3.883525 23.725481 -27.491290 0.585130 0.398671 0.136344 0.692889
1128.000000 -3.842242 23.290554 -27.902868 0.579602 0.399241 0.133633 0.697718
1129.000000 -3.918636 23.067244 -28.114540 0.577032 0.400748 0.131193 0.699445
1130.000000 -4.054345 22.995045 -28.194098 0.576446 0.402606 0.129241 0.699224
1131.000000 -4.133511 22.934620 -28.273676 0.575826 0.403706 0.128005 0.699329
1132.000000 -4.127924 22.867522 -28.371191 0.574916 0.403760 0.127615 0.700117
1133.000000 -4.043863 22.806210 -28.473801 0.573914 0.402841 0.128086 0.701382
1134.000000 -3.984312 22.830287 -28.501530 0.574055 0.402051 0.128927 0.701565
1135.000000 -4.077284 23.038059 -28.357683 0.576842 0.402735 0.129494 0.698777
1136.000000 -4.340542 23.411301 -28.048203 0.582072 0.405135 0.129477 0.693032
1137.000000 -4.674490 23.811323 -27.693045 0.587797 0.408343 0.128941 0.686386
1138.000000 -4.977548 24.103387 -27.424384 0.592114 0.411421 0.127934 0.681005
1139.000000 -5.122499 24.187517 -27.362196 0.593498 0.413022 0.126998 0.679002
1140.000000 -5.052855 24.178850 -27.421631 0.593251 0.412180 0.127615 0.679614
1141.000000 -4.963906 24.170816 -27.483861 0.592957 0.411101 0.128467 0.680363
1142.000000 -4.916061 24.155799 -27.544653 0.592660 0.410552 0.128851 0.680881
1143.000000 -4.900778 24.136115 -27.603720 0.592377 0.410421 0.128858 0.681205
1144.000000 -4.910228 24.113787 -27.660623 0.592120 0.410599 0.128581 0.681373
1145.000000 -4.937995 24.090287 -27.714840 0.591897 0.410983 0.128121 0.681422
1146.000000 -4.974825 24.068378 -27.765874 0.591718 0.411470 0.127580 0.681385
1147.000000 -5.011910 24.050610 -27.813269 0.591589 0.411956 0.127057 0.681301
1148.000000 -5.041388 24.039083 -27.856654 0.591522 0.412338 0.126648 0.681204
1149.000000 -5.093052 24.018270 -27.904024 0.591391 0.413016 0.125928 0.681041
1150.000000 -5.264608 23.932035 -27.985075 0.590723 0.415301 0.123473 0.680681
1151.000000 -5.428509 23.764326 -28.135199 0.589041 0.417657 0.120514 0.681227
1152.000000 -5.498667 23.500191 -28.381190 0.586001 0.419065 0.117834 0.683449
1153.000000 -5.487944 23.263106 -28.616212 0.583133 0.419427 0.116209 0.685953
1154.000000 -5.419337 23.087384 -28.809329 0.580895 0.418968 0.115638 0.688226
1155.000000 -5.315650 22.965502 -28.963953 0.579236 0.417985 0.115811 0.690190
1156.000000 -5.201228 22.885175 -29.087023 0.578048 0.416791 0.116373 0.691811
1157.000000 -5.104803 22.809842 -29.203221 0.576943 0.415799 0.116771 0.693262
1158.000000 -5.056217 22.693254 -29.342190 0.575452 0.415451 0.116406 0.694770
1159.000000 -5.036597 22.532131 -29.508682 0.573505 0.415526 0.115458 0.696491
1160.000000 -4.959803 22.399805 -29.660867 0.571797 0.414866 0.115287 0.698314
1161.000000 -4.858171 22.361713 -29.744651 0.571158 0.413735 0.116020 0.699387
1162.000000 -4.782536 22.451095 -29.727825 0.572069 0.412668 0.117374 0.699046
1163.000000 -4.740076 22.527613 -29.715401 0.572890 0.412026 0.118298 0.698597
1164.000000 -4.728304 22.546603 -29.742000 0.573087 0.411867 0.118516 0.698492
1165.000000 -4.746308 22.506268 -29.808716 0.572646 0.412167 0.118052 0.698755
1166.000000 -4.791022 22.410669 -29.912401 0.571613 0.412878 0.116965 0.699363
1167.000000 -4.855379 22.288084 -30.032246 0.570307 0.413860 0.115518 0.700090
1168.000000 -4.878924 22.179720 -30.147210 0.569091 0.414330 0.114568 0.700956
1169.000000 -4.764462 22.101811 -30.261244 0.567969 0.413139 0.115132 0.702475
1170.000000 -4.636983 21.996487 -30.396207 0.566508 0.411857 0.115617 0.704326
1171.000000 -4.540331 21.870283 -30.540252 0.564868 0.410980 0.115657 0.706146
1172.000000 -4.501772 21.742104 -30.675949 0.563320 0.410789 0.115135 0.707578
1173.000000 -4.549618 21.631209 -30.786010 0.562134 0.411563 0.113929 0.708266
1174.000000 -4.691399 21.553006 -30.858711 0.561493 0.413336 0.112101 0.708034
1175.000000 -4.863206 21.510861 -30.900888 0.561308 0.415370 0.110274 0.707277
1176.000000 -4.986433 21.505887 -30.924129 0.561450 0.416774 0.109166 0.706510
1177.000000 -4.914009 21.444701 -31.017367 0.560610 0.416043 0.109445 0.707564
1178.000000 -4.537599 21.117329 -31.336571 0.556223 0.412331 0.110631 0.712993
1179.000000 -4.354181 20.858946 -31.572864 0.552984 0.410716 0.110532 0.716452
1180.000000 -4.451724 20.706402 -31.697026 0.551459 0.412105 0.108639 0.717120
1181.000000 -4.745290 20.536059 -31.802522 0.550066 0.415720 0.104938 0.716653
1182.000000 -5.120014 20.344397 -31.905748 0.548533 0.420235 0.100434 0.715840
1183.000000 -5.450851 20.175594 -31.998998 0.547116 0.424156 0.096503 0.715152
1184.000000 -5.626097 20.073677 -32.073102 0.546209 0.426231 0.094364 0.714898
1185.000000 -5.517212 20.036126 -32.154798 0.545611 0.425069 0.095081 0.715951
1186.000000 -5.176134 20.012491 -32.265354 0.544814 0.421330 0.097846 0.718390
1187.000000 -5.179836 20.024079 -32.296660 0.544942 0.421390 0.097864 0.718255
1188.000000 -5.478297 20.281951 -32.124555 0.548263 0.424354 0.096984 0.714091
1189.000000 -5.731271 20.434533 -32.021237 0.550341 0.426959 0.095830 0.711089
1190.000000 -5.867725 20.454057 -32.021883 0.550772 0.428432 0.094812 0.710004
1191.000000 -5.974423 20.473941 -32.027662 0.551163 0.429539 0.094071 0.709130
1192.000000 -6.162048 20.506081 -32.010132 0.551802 0.431548 0.092689 0.707594
1193.000000 -6.439126 20.524643 -31.982912 0.552404 0.434560 0.090436 0.705570
1194.000000 -6.435330 20.517408 -32.027862 0.552314 0.434514 0.090420 0.705671
1195.000000 -6.393820 20.472703 -32.104227 0.551755 0.434120 0.090468 0.706344
1196.000000 -6.463160 20.424081 -32.160415 0.551309 0.434969 0.089522 0.706290
1197.000000 -6.336493 20.432344 -32.218816 0.551216 0.433611 0.090631 0.707057
1198.000000 -6.347944 20.480785 -32.223646 0.551763 0.433728 0.090812 0.706535
1199.000000 -6.538421 20.535436 -32.189107 0.552631 0.435749 0.089540 0.704772
1200.000000 -6.803146 20.585492 -32.141093 0.553546 0.438548 0.087633 0.702554
1201.000000 -7.016728 20.623613 -32.109892 0.554255 0.440782 0.086099 0.700785
1202.000000 -7.054221 20.642230 -32.128964 0.554517 0.441116 0.085932 0.700388
1203.000000 -6.910251 20.623930 -32.210969 0.554142 0.439541 0.087022 0.701539
1204.000000 -7.009651 20.526853 -32.290103 0.553235 0.440752 0.085457 0.701688
1205.000000 -7.343486 20.357074 -32.361768 0.551836 0.444613 0.081384 0.700837
1206.000000 -7.829017 20.130877 -32.427761 0.549990 0.450160 0.075636 0.699390
1207.000000 -8.337611 19.881842 -32.493022 0.547887 0.455934 0.069550 0.697930
1208.000000 -8.729188 19.647499 -32.571334 0.545782 0.460382 0.064590 0.697136
1209.000000 -8.920763 19.456469 -32.672928 0.543922 0.462610 0.061663 0.697380
1210.000000 -8.965904 19.316361 -32.782683 0.542461 0.463213 0.060341 0.698233
1211.000000 -8.938567 19.231675 -32.879027 0.541524 0.462994 0.060004 0.699134
1212.000000 -8.913347 19.201653 -32.942589 0.541174 0.462750 0.060012 0.699565
1213.000000 -8.961306 19.197467 -32.971193 0.541168 0.463263 0.059586 0.699267
1214.000000 -9.103765 19.187874 -32.976857 0.541188 0.464783 0.058347 0.698347
1215.000000 -9.272155 19.158453 -32.986019 0.541019 0.466593 0.056759 0.697401
1216.000000 -9.472745 19.152005 -32.971521 0.541121 0.468720 0.055069 0.696029
1217.000000 -9.697576 19.188986 -32.923144 0.541702 0.471062 0.053485 0.694117
1218.000000 -9.888036 19.254839 -32.866482 0.542556 0.473015 0.052388 0.692203
1219.000000 -9.985636 19.335320 -32.828401 0.543485 0.473975 0.052159 0.690833
1220.000000 -9.930633 19.416547 -32.836244 0.544297 0.473326 0.053182 0.690561
1221.000000 -9.660534 19.484079 -32.915828 0.544791 0.470432 0.055847 0.691937
1222.000000 -9.122031 19.528305 -33.081670 0.544800 0.464743 0.060513 0.695374
1223.000000 -8.367566 19.575234 -33.291285 0.544588 0.456785 0.066943 0.700207
1224.000000 -7.516939 19.667355 -33.477814 0.544666 0.447760 0.074460 0.705199
1225.000000 -6.689403 19.846794 -33.585733 0.545593 0.438845 0.082356 0.709198
1226.000000 -5.934071 20.093801 -33.619411 0.547238 0.430547 0.090080 0.712071
1227.000000 -5.366443 20.334485 -33.609116 0.549005 0.424176 0.096230 0.713728
1228.000000 -5.043081 20.481267 -33.609413 0.550085 0.420490 0.099822 0.714584
1229.000000 -4.881918 20.564807 -33.621570 0.550719 0.418607 0.101714 0.714934
1230.000000 -4.798484 20.622574 -33.637291 0.551202 0.417591 0.102799 0.715001
1231.000000 -4.707559 20.691792 -33.646155 0.551810 0.416491 0.103981 0.715002
1232.000000 -4.510431 20.810320 -33.638200 0.552784 0.414214 0.106302 0.715232
1233.000000 -4.052835 20.999121 -33.617609 0.554067 0.409077 0.111171 0.716454
1234.000000 -3.391400 21.217445 -33.592531 0.555281 0.401702 0.117870 0.718613
1235.000000 -2.671150 21.405663 -33.577032 0.556009 0.393702 0.124851 0.721294
1236.000000 -2.041318 21.502505 -33.598241 0.555860 0.386786 0.130560 0.724134
1237.000000 -1.668788 21.500636 -33.658626 0.555103 0.382780 0.133627 0.726281
1238.000000 -1.601838 21.478735 -33.714102 0.554730 0.382051 0.134100 0.726863
1239.000000 -1.823947 21.431536 -33.770760 0.554679 0.384439 0.132030 0.726021
1240.000000 -2.329814 21.346313 -33.831312 0.554776 0.389919 0.127369 0.723853
1241.000000 -3.143363 21.205865 -33.891416 0.554801 0.398764 0.119857 0.720290
1242.000000 -4.306385 20.988687 -33.936402 0.554485 0.411404 0.109024 0.715127
1243.000000 -5.745198 20.689014 -33.945071 0.553529 0.426960 0.095359 0.708673
1244.000000 -6.738441 20.397364 -33.976812 0.551832 0.437730 0.085322 0.704694
1245.000000 -7.205258 20.241738 -34.012125 0.550782 0.442829 0.080486 0.702896
1246.000000 -7.705493 20.192696 -33.969832 0.550839 0.448132 0.076072 0.699977
1247.000000 -8.466370 20.119690 -33.870419 0.550898 0.456105 0.069339 0.695465
1248.000000 -8.916221 20.064641 -33.826570 0.550776 0.460809 0.065261 0.692851
1249.000000 -8.495826 20.138883 -33.930160 0.551099 0.456385 0.069257 0.695130
1250.000000 -7.640570 20.287966 -34.084172 0.551700 0.447351 0.077295 0.699664
1251.000000 -6.782393 20.457865 -34.202922 0.552441 0.438259 0.085378 0.703881
1252.000000 -6.354520 20.595903 -34.239851 0.553336 0.433702 0.089651 0.705467
1253.000000 -6.477436 20.678369 -34.204707 0.554348 0.434919 0.089130 0.703989
1254.000000 -6.990609 20.705715 -34.125920 0.555268 0.440160 0.085189 0.700486
1255.000000 -7.634471 20.609460 -34.085688 0.555048 0.446842 0.079385 0.697103
1256.000000 -8.044420 20.434697 -34.135910 0.553734 0.451195 0.074906 0.695838
1257.000000 -8.091620 20.334403 -34.222853 0.552776 0.451799 0.073816 0.696324
1258.000000 -7.938662 20.312448 -34.309076 0.552397 0.450323 0.074827 0.697473
1259.000000 -8.151418 20.219463 -34.352473 0.551685 0.452599 0.072472 0.696811
1260.000000 -8.556653 20.036693 -34.400511 0.550247 0.456855 0.068042 0.695616
1261.000000 -8.908767 19.799328 -34.487993 0.548189 0.460601 0.063678 0.695184
1262.000000 -8.874136 19.622816 -34.636055 0.546379 0.460424 0.062786 0.696806
1263.000000 -8.486388 19.590999 -34.789279 0.545692 0.456573 0.065660 0.699607
1264.000000 -8.377253 19.636044 -34.829037 0.546043 0.455435 0.066810 0.699966
1265.000000 -8.527319 19.665657 -34.815069 0.546482 0.456913 0.065809 0.698754
1266.000000 -8.418498 19.630210 -34.900916 0.546013 0.455861 0.066406 0.699750
1267.000000 -8.236895 19.603710 -34.998243 0.545566 0.454077 0.067627 0.701141
1268.000000 -8.577554 19.601831 -34.956032 0.545872 0.457497 0.064947 0.698929
1269.000000 -8.917213 19.557725 -34.934063 0.545751 0.460925 0.062010 0.697036
1270.000000 -9.133260 19.514057 -34.941422 0.545515 0.463091 0.060059 0.695955
1271.000000 -9.264789 19.474330 -34.968734 0.545231 0.464382 0.058811 0.695424
1272.000000 -9.382093 19.407698 -35.013429 0.544667 0.465587 0.057468 0.695172
1273.000000 -9.506898 19.335549 -35.056932 0.544063 0.466925 0.055982 0.694869
1274.000000 -9.702195 19.275467 -35.074562 0.543627 0.468931 0.054033 0.694013
1275.000000 -10.051073 19.241701 -35.033738 0.543551 0.472413 0.051085 0.691931
1276.000000 -10.610022 19.243614 -34.907120 0.543940 0.477930 0.046776 0.688131
1277.000000 -10.805817 19.160702 -34.932345 0.543226 0.479917 0.044721 0.687448
1278.000000 -10.342652 18.949130 -35.225832 0.540838 0.475502 0.046872 0.692239
1279.000000 -9.911578 18.739917 -35.498858 0.538499 0.471417 0.048785 0.696710
1280.000000 -9.564816 18.581886 -35.714238 0.536720 0.468134 0.050386 0.700174
1281.000000 -9.246902 18.511265 -35.872243 0.535810 0.465078 0.052325 0.702760
1282.000000 -8.952574 18.514231 -35.983776 0.535623 0.462201 0.054535 0.704630
1283.000000 -8.731901 18.514424 -36.077117 0.535451 0.460039 0.056160 0.706047
1284.000000 -8.537444 18.471594 -36.185249 0.534867 0.458160 0.057320 0.707616
1285.000000 -8.258988 18.385677 -36.333260 0.533789 0.455496 0.058833 0.710022
1286.000000 -7.807933 18.268530 -36.531244 0.532256 0.451179 0.061421 0.713700
1287.000000 -7.215223 18.185193 -36.733250 0.530917 0.445465 0.065243 0.717935
1288.000000 -6.608218 18.138088 -36.908596 0.529900 0.439593 0.069359 0.721909
1289.000000 -6.040281 18.084665 -37.069503 0.528839 0.434114 0.073124 0.725622
1290.000000 -5.518709 17.997256 -37.230815 0.527471 0.429115 0.076332 0.729252
1291.000000 -5.050474 17.847548 -37.407299 0.525524 0.424687 0.078786 0.732979
1292.000000 -4.609063 17.621067 -37.610030 0.522835 0.420594 0.080610 0.737053
1293.000000 -4.111558 17.339369 -37.837231 0.519527 0.416008 0.082511 0.741769
1294.000000 -3.570892 17.094353 -38.042522 0.516511 0.410962 0.084901 0.746404
1295.000000 -3.103626 16.964770 -38.180805 0.514696 0.406511 0.087385 0.749801
1296.000000 -2.867566 16.936905 -38.251096 0.514146 0.404217 0.088804 0.751250
1297.000000 -2.864705 16.937989 -38.290235 0.514154 0.404185 0.088786 0.751264
1298.000000 -3.002248 16.929044 -38.322808 0.514227 0.405545 0.087783 0.750599
1299.000000 -3.195229 16.913313 -38.352868 0.514299 0.407450 0.086393 0.749678
1300.000000 -3.368141 16.894234 -38.384765 0.514322 0.409154 0.085132 0.748878
1301.000000 -3.523735 16.858895 -38.424463 0.514171 0.410703 0.083894 0.748274
1302.000000 -3.725081 16.774952 -38.480505 0.513589 0.412749 0.082087 0.747747
1303.000000 -3.997936 16.614487 -38.561331 0.512326 0.415564 0.079401 0.747345
1304.000000 -4.323536 16.363309 -38.672380 0.510224 0.418963 0.075886 0.747250
1305.000000 -4.639217 16.062315 -38.800882 0.507622 0.422286 0.072174 0.747519
1306.000000 -4.817370 15.835423 -38.911472 0.505598 0.424200 0.069775 0.748036
1307.000000 -4.829606 15.753171 -38.982500 0.504805 0.424397 0.069252 0.748507
1308.000000 -4.793615 15.758263 -39.024059 0.504808 0.424062 0.069504 0.748671
1309.000000 -4.819406 15.747396 -39.064345 0.504723 0.424334 0.069246 0.748599
1310.000000 -4.804973 15.712509 -39.119030 0.504384 0.424233 0.069106 0.748898
1311.000000 -4.400894 15.759289 -39.186284 0.504479 0.420322 0.071943 0.750769
1312.000000 -3.625446 15.903713 -39.245626 0.505136 0.412744 0.077712 0.753950
1313.000000 -2.726822 16.094541 -39.278882 0.506060 0.403901 0.084485 0.757384
1314.000000 -2.011566 16.261668 -39.291851 0.506898 0.396819 0.089901 0.759939
1315.000000 -1.732190 16.336524 -39.313113 0.507303 0.394042 0.092045 0.760857
1316.000000 -1.842885 16.266390 -39.376157 0.506740 0.395179 0.091009 0.760766
1317.000000 -2.147374 16.059515 -39.484450 0.505077 0.398311 0.088066 0.760585
1318.000000 -2.362043 15.800130 -39.615421 0.502822 0.400609 0.085409 0.761175
1319.000000 -2.202331 15.576307 -39.751631 0.500515 0.399282 0.085279 0.763404
1320.000000 -2.339440 15.425542 -39.840906 0.499244 0.400755 0.083595 0.763651
1321.000000 -3.910677 15.317026 -39.797910 0.499798 0.415861 0.073062 0.756257
1322.000000 -5.917470 15.209141 -39.629823 0.500470 0.434939 0.059798 0.746178
1323.000000 -7.269712 15.093338 -39.488106 0.500311 0.447713 0.050633 0.739377
1324.000000 -7.646799 14.993307 -39.494939 0.499588 0.451264 0.047736 0.737898
1325.000000 -7.102495 14.938494 -39.656238 0.498724 0.446192 0.050881 0.741349
1326.000000 -5.957710 14.943817 -39.878776 0.497994 0.435557 0.058028 0.747612
1327.000000 -4.614062 15.021831 -40.062995 0.497687 0.422988 0.066749 0.754277
1328.000000 -3.476146 15.186772 -40.152421 0.498246 0.412168 0.074635 0.759143
1329.000000 -2.958800 15.452381 -40.130534 0.500267 0.407015 0.079197 0.760131
1330.000000 -2.656248 15.762803 -40.069871 0.502894 0.403790 0.082693 0.759745
1331.000000 -1.382588 15.895823 -40.121060 0.502799 0.391451 0.091304 0.765260
1332.000000 0.038796 15.876827 -40.192082 0.500948 0.377787 0.100061 0.772215
1333.000000 0.797535 15.778914 -40.262256 0.499036 0.370562 0.104361 0.776373
1334.000000 0.808262 15.633679 -40.357617 0.497612 0.370637 0.103817 0.777324
1335.000000 0.292569 15.462392 -40.468767 0.496629 0.375831 0.099859 0.775976
1336.000000 -0.523307 15.290741 -40.569993 0.495990 0.383852 0.094008 0.773184
1337.000000 -1.430331 15.144004 -40.641952 0.495627 0.392643 0.087721 0.769734
1338.000000 -2.231655 15.042476 -40.682625 0.495499 0.400329 0.082332 0.766445
1339.000000 -2.743095 14.940227 -40.728275 0.495022 0.405252 0.078735 0.764543
1340.000000 -2.842316 14.749928 -40.830026 0.493310 0.406373 0.077212 0.765209
1341.000000 -2.891176 14.574245 -40.928760 0.491696 0.407000 0.076058 0.766030
1342.000000 -3.028790 14.511809 -40.979917 0.491236 0.408342 0.074927 0.765722
1343.000000 -3.127650 14.524544 -41.006623 0.491450 0.409249 0.074408 0.765151
1344.000000 -3.072523 14.501773 -41.057300 0.491194 0.408751 0.074643 0.765558
1345.000000 -3.171119 14.585052 -41.058912 0.492066 0.409591 0.074472 0.764565
1346.000000 -3.392067 14.708401 -41.036143 0.493412 0.411536 0.073756 0.762720
1347.000000 -3.703047 14.803978 -41.013760 0.494574 0.414346 0.072359 0.760577
1348.000000 -4.072563 14.807913 -41.016274 0.494926 0.417767 0.070152 0.758681
1349.000000 -4.450628 14.721877 -41.047347 0.494436 0.421317 0.067441 0.757283
1350.000000 -4.765390 14.607480 -41.091828 0.493635 0.424302 0.064956 0.756355
1351.000000 -4.967692 14.492162 -41.147335 0.492741 0.426251 0.063139 0.755996
1352.000000 -5.121045 14.397226 -41.200330 0.491998 0.427735 0.061721 0.755759
1353.000000 -5.375606 14.348432 -41.223393 0.491751 0.430108 0.059935 0.754715
1354.000000 -5.839003 14.410361 -41.177347 0.492655 0.434304 0.057482 0.751908
1355.000000 -6.194507 14.394617 -41.169865 0.492752 0.437558 0.055274 0.750123
1356.000000 -6.465693 14.320348 -41.193380 0.492243 0.440069 0.053259 0.749132
1357.000000 -6.678720 14.200299 -41.240124 0.491281 0.442076 0.051344 0.748716
1358.000000 -6.862358 14.043517 -41.302589 0.489972 0.443834 0.049404 0.748664
1359.000000 -7.045766 13.859175 -41.372707 0.488415 0.445601 0.047318 0.748766
1360.000000 -7.257699 13.668766 -41.438019 0.486819 0.447625 0.045037 0.748740
1361.000000 -7.505583 13.526599 -41.479071 0.485675 0.449939 0.042811 0.748226
1362.000000 -7.687172 13.378405 -41.532441 0.484437 0.451654 0.040949 0.748100
1363.000000 -7.773697 13.260009 -41.592954 0.483414 0.452495 0.039810 0.748315
1364.000000 -7.775893 13.207442 -41.648097 0.482938 0.452544 0.039517 0.748607
1365.000000 -7.759042 13.074801 -41.732098 0.481729 0.452460 0.038893 0.749469
1366.000000 -7.744679 12.867440 -41.838269 0.479852 0.452429 0.037846 0.750745
1367.000000 -7.742484 12.628359 -41.950482 0.477701 0.452515 0.036563 0.752127
1368.000000 -7.760130 12.405447 -42.052492 0.475714 0.452765 0.035260 0.753297
1369.000000 -7.805159 12.247532 -42.128980 0.474333 0.453224 0.034156 0.753942
1370.000000 -7.892801 12.190290 -42.167963 0.473869 0.454021 0.033343 0.753791
1371.000000 -8.187049 12.152444 -42.161674 0.473651 0.456655 0.031469 0.752416
1372.000000 -8.647518 12.065856 -42.133627 0.473040 0.460787 0.028413 0.750401
1373.000000 -9.079221 11.901941 -42.128539 0.471710 0.464678 0.025107 0.748955
1374.000000 -9.292144 11.664155 -42.187671 0.469651 0.466636 0.022620 0.749111
1375.000000 -9.238250 11.497903 -42.283975 0.468156 0.466204 0.022021 0.750333
1376.000000 -9.035155 11.369472 -42.400937 0.466959 0.464455 0.022445 0.752148
1377.000000 -8.809701 11.214051 -42.527772 0.465517 0.462528 0.022826 0.754216
1378.000000 -8.625254 11.011492 -42.656547 0.463672 0.460971 0.022718 0.756305
1379.000000 -8.482467 10.785337 -42.781380 0.461635 0.459768 0.022265 0.758294
1380.000000 -8.369944 10.564412 -42.897514 0.459656 0.458813 0.021692 0.760090
1381.000000 -8.126729 10.440191 -43.013790 0.458494 0.456670 0.022352 0.762060
1382.000000 -7.797102 10.455027 -43.110441 0.458529 0.453732 0.024210 0.763736
1383.000000 -7.574013 10.555874 -43.164927 0.459346 0.451719 0.025935 0.764381
1384.000000 -7.634024 10.683754 -43.162121 0.460483 0.452209 0.026284 0.763395
1385.000000 -7.952825 10.822745 -43.108969 0.461793 0.454988 0.025314 0.760982
1386.000000 -8.378747 10.983491 -43.026408 0.463322 0.458703 0.023886 0.757861
1387.000000 -8.762874 11.174957 -42.939103 0.465111 0.462036 0.022840 0.754766
1388.000000 -9.025610 11.363540 -42.873587 0.466844 0.464298 0.022428 0.752317
1389.000000 -9.188281 11.562417 -42.824223 0.468642 0.465675 0.022614 0.750340
1390.000000 -9.285292 11.727746 -42.796766 0.470126 0.466483 0.022977 0.748897
1391.000000 -9.341281 11.769321 -42.811739 0.470514 0.466964 0.022892 0.748357
1392.000000 -9.375022 11.640659 -42.878278 0.469404 0.467292 0.022001 0.748876
1393.000000 -9.400214 11.385342 -42.980258 0.467182 0.467570 0.020469 0.750133
1394.000000 -9.430596 11.058157 -43.097920 0.464336 0.467903 0.018524 0.751742
1395.000000 -9.479876 10.714847 -43.212622 0.461356 0.468396 0.016398 0.753317
1396.000000 -9.561907 10.412129 -43.307370 0.458735 0.469160 0.014318 0.754484
1397.000000 -9.690678 10.206945 -43.366509 0.456967 0.470310 0.012519 0.754873
1398.000000 -9.880212 10.142659 -43.377804 0.456430 0.471966 0.011164 0.754185
1399.000000 -10.110227 10.134378 -43.365735 0.456379 0.473967 0.009906 0.752978
1400.000000 -10.350100 10.145046 -43.345638 0.456488 0.476051 0.008705 0.751611
1401.000000 -10.578455 10.185685 -43.319911 0.456855 0.478029 0.007731 0.750142
1402.000000 -10.778242 10.258036 -43.292429 0.457495 0.479754 0.007080 0.748655
1403.000000 -10.943208 10.337865 -43.270779 0.458201 0.481174 0.006655 0.747315
1404.000000 -11.068326 10.398334 -43.263125 0.458737 0.482250 0.006333 0.746294
1405.000000 -11.148898 10.413642 -43.277397 0.458881 0.482945 0.005996 0.745759
1406.000000 -11.187025 10.373472 -43.315866 0.458543 0.483277 0.005572 0.745755
1407.000000 -11.190699 10.280527 -43.375769 0.457746 0.483316 0.005034 0.746223
1408.000000 -11.167282 10.148111 -43.451715 0.456607 0.483124 0.004419 0.747048
1409.000000 -11.121260 10.025923 -43.530680 0.455553 0.482737 0.003980 0.747944
1410.000000 -11.057906 9.953606 -43.602316 0.454925 0.482197 0.003909 0.748675
1411.000000 -10.985487 9.934372 -43.664000 0.454751 0.481576 0.004178 0.749179
1412.000000 -10.917743 9.952298 -43.715934 0.454895 0.480993 0.004626 0.749463
1413.000000 -10.872495 9.979786 -43.759943 0.455124 0.480602 0.005008 0.749572
1414.000000 -10.865967 9.993129 -43.797435 0.455238 0.480543 0.005115 0.749540
1415.000000 -10.901970 9.997056 -43.826400 0.455278 0.480848 0.004952 0.749321
1416.000000 -10.972336 9.992953 -43.848516 0.455253 0.481447 0.004567 0.748954
1417.000000 -11.062888 9.968776 -43.869985 0.455059 0.482219 0.003968 0.748579
1418.000000 -11.159255 9.911983 -43.897183 0.454584 0.483042 0.003159 0.748341
1419.000000 -11.247220 9.809524 -43.936528 0.453715 0.483795 0.002140 0.748386
1420.000000 -11.315181 9.654174 -43.992300 0.452391 0.484379 0.000934 0.748811
1421.000000 -11.352744 9.462090 -44.063175 0.450753 0.484703 -0.000317 0.749590
1422.000000 -11.349301 9.253013 -44.147269 0.448970 0.484675 -0.001447 0.750675
1423.000000 -11.294128 9.046787 -44.242936 0.447214 0.484206 -0.002295 0.752023
1424.000000 -11.180316 8.859883 -44.348399 0.445627 0.483238 -0.002737 0.753585
1425.000000 -11.048828 8.693261 -44.453040 0.444216 0.482117 -0.002981 0.755133
1426.000000 -10.957750 8.546212 -44.542843 0.442973 0.481338 -0.003324 0.756358
1427.000000 -10.916758 8.415590 -44.616586 0.441870 0.480982 -0.003828 0.757227
1428.000000 -10.926937 8.297729 -44.675070 0.440872 0.481058 -0.004516 0.757756
1429.000000 -10.989127 8.189485 -44.718805 0.439952 0.481573 -0.005404 0.757959
1430.000000 -11.099747 8.100234 -44.746800 0.439185 0.482498 -0.006424 0.757806
1431.000000 -11.251000 8.051830 -44.756759 0.438760 0.483773 -0.007423 0.757231
1432.000000 -11.435260 8.066715 -44.746303 0.438864 0.485334 -0.008243 0.756162
1433.000000 -11.644945 8.167233 -44.712847 0.439688 0.487117 -0.008724 0.754530
1434.000000 -11.875719 8.369765 -44.653486 0.441367 0.489088 -0.008752 0.752271
1435.000000 -12.207250 8.555548 -44.567606 0.442891 0.491902 -0.009366 0.749528
1436.000000 -12.574267 8.676377 -44.480944 0.443861 0.495004 -0.010514 0.746892
1437.000000 -12.882391 8.750182 -44.417098 0.444442 0.497599 -0.011635 0.744803
1438.000000 -13.037458 8.792237 -44.402357 0.444779 0.498901 -0.012170 0.743721
1439.000000 -12.967906 8.794559 -44.460975 0.444819 0.498315 -0.011802 0.744097
1440.000000 -12.749800 8.742695 -44.572685 0.444420 0.496488 -0.011001 0.745567
1441.000000 -12.478159 8.621901 -44.711271 0.443444 0.494215 -0.010331 0.747665
1442.000000 -12.249540 8.416359 -44.851850 0.441752 0.492293 -0.010348 0.749930
1443.000000 -12.162427 8.110136 -44.970468 0.439202 0.491535 -0.011606 0.751905
1444.000000 -12.289622 7.695616 -45.047762 0.435718 0.492531 -0.014490 0.753228
1445.000000 -12.296329 7.350973 -45.142795 0.432835 0.492514 -0.016393 0.754861
1446.000000 -12.081459 7.158791 -45.270995 0.431262 0.490671 -0.016383 0.756959
1447.000000 -11.796250 7.071397 -45.399073 0.430576 0.488265 -0.015479 0.758922
1448.000000 -11.606518 7.041537 -45.491446 0.430354 0.486674 -0.014744 0.760083
1449.000000 -11.656470 7.045019 -45.516550 0.430371 0.487103 -0.014986 0.759794
1450.000000 -11.939125 7.064277 -45.478797 0.430478 0.489475 -0.016236 0.758181
1451.000000 -12.376818 7.093559 -45.395949 0.430639 0.493127 -0.018152 0.755676
1452.000000 -12.798259 7.150331 -45.309104 0.431025 0.496637 -0.019839 0.753110
1453.000000 -13.059108 7.244509 -45.258782 0.431754 0.498814 -0.020557 0.751233
1454.000000 -13.091765 7.368242 -45.268416 0.432779 0.499103 -0.020028 0.750465
1455.000000 -13.119103 7.448404 -45.286202 0.433442 0.499343 -0.019724 0.749931
1456.000000 -13.263258 7.426286 -45.286428 0.433229 0.500536 -0.020546 0.749236
1457.000000 -13.473352 7.310116 -45.281863 0.432220 0.502253 -0.022201 0.748623
1458.000000 -13.694232 7.110180 -45.286094 0.430512 0.504031 -0.024366 0.748344
1459.000000 -13.870385 6.836736 -45.313342 0.428205 0.505412 -0.026722 0.748655
1460.000000 -13.943906 6.507276 -45.378083 0.425462 0.505921 -0.028897 0.749794
1461.000000 -13.895217 6.159680 -45.480304 0.422606 0.505407 -0.030592 0.751686
1462.000000 -13.794154 5.818546 -45.594744 0.419821 0.504457 -0.032004 0.753823
1463.000000 -13.684603 5.516390 -45.704078 0.417360 0.503445 -0.033163 0.755813
1464.000000 -13.554381 5.301433 -45.807100 0.415627 0.502291 -0.033749 0.757508
1465.000000 -13.451199 5.185967 -45.889552 0.414705 0.501397 -0.033919 0.758598
1466.000000 -13.455047 5.129282 -45.933683 0.414229 0.501406 -0.034258 0.758836
1467.000000 -13.537996 5.127399 -45.948470 0.414176 0.502089 -0.034652 0.758396
1468.000000 -13.669996 5.177214 -45.942821 0.414532 0.503193 -0.034978 0.757454
1469.000000 -13.820887 5.275660 -45.925570 0.415285 0.504467 -0.035115 0.756187
1470.000000 -13.956875 5.411097 -45.907730 0.416351 0.505631 -0.034978 0.754828
1471.000000 -14.072406 5.545994 -45.895182 0.417421 0.506630 -0.034756 0.753577
1472.000000 -14.181579 5.638583 -45.888962 0.418145 0.507563 -0.034742 0.752548
1473.000000 -14.298570 5.647055 -45.890200 0.418174 0.508529 -0.035230 0.751856
1474.000000 -14.437545 5.529510 -45.899577 0.417160 0.509627 -0.036516 0.751614
1475.000000 -14.553168 5.286934 -45.930300 0.415130 0.510478 -0.038389 0.752067
1476.000000 -14.601417 5.005747 -45.985248 0.412810 0.510754 -0.040171 0.753064
1477.000000 -14.636248 4.740919 -46.041089 0.410626 0.510921 -0.041798 0.754055
1478.000000 -14.667855 4.532686 -46.090939 0.408906 0.511082 -0.043093 0.754808
1479.000000 -14.701050 4.419754 -46.130358 0.407962 0.511296 -0.043866 0.755128
1480.000000 -14.746330 4.442100 -46.152860 0.408118 0.511672 -0.043945 0.754785
1481.000000 -14.801729 4.581013 -46.160609 0.409219 0.512187 -0.043423 0.753870
1482.000000 -14.867088 4.657301 -46.170896 0.409803 0.512756 -0.043293 0.753172
1483.000000 -14.942986 4.640935 -46.186835 0.409630 0.513371 -0.043722 0.752823
1484.000000 -15.028670 4.578589 -46.203936 0.409083 0.514043 -0.044448 0.752619
1485.000000 -15.118030 4.511850 -46.219936 0.408507 0.514742 -0.045210 0.752409
1486.000000 -15.171321 4.449296 -46.247089 0.407987 0.515147 -0.045784 0.752379
1487.000000 -15.158558 4.395059 -46.295137 0.407561 0.515018 -0.046022 0.752684
1488.000000 -15.095574 4.359493 -46.357895 0.407302 0.514489 -0.045940 0.753190
1489.000000 -15.003452 4.310601 -46.431275 0.406943 0.513717 -0.045811 0.753919
1490.000000 -14.903321 4.199841 -46.512611 0.406084 0.512848 -0.045991 0.754962
1491.000000 -14.811391 4.030525 -46.595890 0.404746 0.512018 -0.046528 0.756210
1492.000000 -14.726560 3.962134 -46.667554 0.404227 0.511295 -0.046538 0.756975
1493.000000 -14.658212 3.971902 -46.727100 0.404339 0.510746 -0.046189 0.757308
1494.000000 -14.616260 3.974038 -46.778873 0.404381 0.510407 -0.045994 0.757526
1495.000000 -14.590962 3.955868 -46.827100 0.404253 0.510193 -0.045981 0.757739
1496.000000 -14.571187 3.909733 -46.875917 0.403897 0.510010 -0.046141 0.758042
1497.000000 -14.545763 3.827950 -46.929357 0.403256 0.509763 -0.046469 0.758529
1498.000000 -14.503416 3.710339 -46.990712 0.402331 0.509363 -0.046921 0.759261
1499.000000 -14.436088 3.593261 -47.059346 0.401416 0.508762 -0.047268 0.760126
1500.000000 -14.350920 3.492021 -47.131821 0.400636 0.508025 -0.047456 0.761019
1501.000000 -14.259744 3.410453 -47.204275 0.400015 0.507249 -0.047515 0.761858
1502.000000 -14.174184 3.353201 -47.272967 0.399589 0.506531 -0.047467 0.762562
1503.000000 -14.094856 3.357678 -47.335210 0.399660 0.505894 -0.047112 0.762970
1504.000000 -14.019114 3.446992 -47.390152 0.400417 0.505327 -0.046316 0.762998
1505.000000 -13.936694 3.570347 -47.444211 0.401451 0.504722 -0.045306 0.762915
1506.000000 -13.827612 3.671942 -47.507240 0.402323 0.503892 -0.044300 0.763064
1507.000000 -13.672191 3.696127 -47.589160 0.402594 0.502654 -0.043512 0.763782
1508.000000 -13.490376 3.610255 -47.686365 0.401995 0.501155 -0.043196 0.765100
1509.000000 -13.366668 3.428465 -47.773288 0.400597 0.500083 -0.043628 0.766509
1510.000000 -13.347715 3.206812 -47.832676 0.398830 0.499833 -0.044705 0.767530
1511.000000 -13.382293 3.013532 -47.874376 0.397265 0.500020 -0.045859 0.768152
1512.000000 -13.400802 2.916889 -47.914146 0.396478 0.500119 -0.046440 0.768459
1513.000000 -13.341054 2.962811 -47.967096 0.396866 0.499658 -0.045949 0.768589
1514.000000 -13.195622 3.054819 -48.040568 0.397660 0.498533 -0.044871 0.768972
1515.000000 -13.005022 3.042713 -48.132091 0.397644 0.497003 -0.044157 0.770011
1516.000000 -12.817026 2.899839 -48.229942 0.396585 0.495438 -0.044130 0.771566
1517.000000 -12.672761 2.758304 -48.314919 0.395523 0.494225 -0.044265 0.772880
1518.000000 -12.572582 2.737448 -48.380883 0.395416 0.493418 -0.043953 0.773468
1519.000000 -12.451783 2.874824 -48.442863 0.396582 0.492516 -0.042747 0.773514
1520.000000 -12.279192 3.085751 -48.512785 0.398345 0.491227 -0.040966 0.773524
1521.000000 -12.120051 3.262729 -48.580203 0.399814 0.490027 -0.039426 0.773607
1522.000000 -12.050756 3.273059 -48.635798 0.399911 0.489474 -0.039098 0.773924
1523.000000 -11.976987 3.213464 -48.697023 0.399456 0.488859 -0.039099 0.774547
1524.000000 -11.910467 3.184138 -48.754211 0.399247 0.488316 -0.038971 0.775004
1525.000000 -11.798588 3.027066 -48.830221 0.398046 0.487365 -0.039293 0.776203
1526.000000 -11.760419 3.000046 -48.879773 0.397854 0.487054 -0.039269 0.776497
1527.000000 -11.789895 3.067080 -48.907080 0.398379 0.487322 -0.039062 0.776071
1528.000000 -11.833923 3.083267 -48.934093 0.398499 0.487679 -0.039162 0.775780
1529.000000 -11.852502 2.974054 -48.975105 0.397641 0.487779 -0.039782 0.776126
1530.000000 -12.038889 2.757014 -48.981373 0.395839 0.489159 -0.041615 0.776082
1531.000000 -12.159625 2.391457 -49.009911 0.392882 0.489952 -0.043925 0.776956
1532.000000 -12.153503 1.923927 -49.070976 0.389173 0.489688 -0.046233 0.778854
1533.000000 -12.168690 1.407028 -49.123581 0.385060 0.489557 -0.048865 0.780816
1534.000000 -12.193960 1.043137 -49.165354 0.382157 0.489572 -0.050769 0.782111
1535.000000 -12.291949 1.274302 -49.173933 0.383947 0.490476 -0.050006 0.780716
1536.000000 -12.431044 1.616441 -49.167679 0.386583 0.491757 -0.048852 0.778679
1537.000000 -12.516672 1.899524 -49.174677 0.388761 0.492578 -0.047780 0.777142
1538.000000 -12.553437 2.159949 -49.193447 0.390780 0.492993 -0.046627 0.775935
1539.000000 -12.611583 2.390021 -49.206863 0.392559 0.493556 -0.045706 0.774733
1540.000000 -12.443766 2.495881 -49.283201 0.393485 0.492277 -0.044505 0.775147
1541.000000 -12.364671 2.610114 -49.335893 0.394433 0.491709 -0.043610 0.775076
1542.000000 -12.469191 2.829636 -49.336086 0.396117 0.492633 -0.042913 0.773668
1543.000000 -12.527744 2.916637 -49.354899 0.396776 0.493136 -0.042689 0.773023
1544.000000 -12.401946 2.674826 -49.439233 0.394945 0.492044 -0.043385 0.774616
1545.000000 -12.278087 2.108106 -49.536508 0.390559 0.490815 -0.045704 0.777480
1546.000000 -12.140288 1.489671 -49.631508 0.385764 0.489443 -0.048224 0.780580
1547.000000 -12.061077 0.914025 -49.703272 0.381273 0.488543 -0.050762 0.783186
1548.000000 -12.081097 0.362605 -49.744183 0.376914 0.488413 -0.053563 0.785188
1549.000000 -12.182779 -0.168912 -49.759408 0.372657 0.488906 -0.056572 0.786700
1550.000000 -12.370223 -0.553496 -49.749561 0.369506 0.490149 -0.059173 0.787222
1551.000000 -12.395533 -0.973212 -49.775881 0.366163 0.490092 -0.061323 0.788653
1552.000000 -12.285033 -1.265207 -49.835632 0.363911 0.489041 -0.062332 0.790267
1553.000000 -12.200547 -1.314424 -49.893923 0.363570 0.488346 -0.062254 0.790860
1554.000000 -12.275249 -1.112699 -49.919161 0.365124 0.489065 -0.061552 0.789754
1555.000000 -12.324942 -0.817195 -49.951162 0.367429 0.489643 -0.060300 0.788422
1556.000000 -12.294537 -0.465399 -50.001812 0.370210 0.489612 -0.058481 0.787276
1557.000000 -12.216325 -0.088049 -50.061769 0.373216 0.489213 -0.056362 0.786259
1558.000000 -12.101393 0.291006 -50.127752 0.376252 0.488517 -0.054095 0.785404
1559.000000 -11.932647 0.651328 -50.203742 0.379166 0.487380 -0.051710 0.784870
1560.000000 -11.741927 0.958061 -50.282731 0.381664 0.486039 -0.049500 0.784632
1561.000000 -11.677772 1.338212 -50.327918 0.384665 0.485719 -0.047412 0.783493
1562.000000 -11.670589 1.542167 -50.362643 0.386263 0.485754 -0.046399 0.782746
1563.000000 -11.797918 1.489995 -50.373420 0.385806 0.486715 -0.047135 0.782330
1564.000000 -12.024755 1.237879 -50.365465 0.383748 0.488351 -0.049224 0.782194
1565.000000 -12.281664 0.895207 -50.349582 0.380970 0.490165 -0.051881 0.782246
1566.000000 -12.558783 0.496543 -50.325584 0.377736 0.492096 -0.054893 0.782396
1567.000000 -12.866499 0.064537 -50.289111 0.374209 0.494240 -0.058178 0.782503
1568.000000 -13.189531 -0.387789 -50.242831 0.370491 0.496487 -0.061609 0.782587
1569.000000 -13.363957 -0.879274 -50.229406 0.366540 0.497545 -0.064672 0.783527
1570.000000 -13.342620 -1.387924 -50.262385 0.362574 0.497055 -0.067094 0.785477
1571.000000 -13.255572 -1.836059 -50.309727 0.359122 0.496082 -0.068978 0.787513
1572.000000 -13.241996 -2.142711 -50.339779 0.356731 0.495770 -0.070440 0.788666
1573.000000 -13.377589 -2.227672 -50.338833 0.355977 0.496770 -0.071361 0.788294
1574.000000 -13.402391 -2.114844 -50.375957 0.356844 0.497038 -0.070905 0.787774
1575.000000 -13.296140 -1.899818 -50.451789 0.358594 0.496343 -0.069478 0.787545
1576.000000 -13.072045 -1.614451 -50.559344 0.360967 0.494772 -0.067295 0.787639
1577.000000 -12.742936 -1.290738 -50.691363 0.363696 0.492414 -0.064557 0.788090
1578.000000 -12.353459 -0.954279 -50.833431 0.366548 0.489608 -0.061545 0.788757
1579.000000 -12.103037 -0.599125 -50.937516 0.369449 0.487890 -0.058935 0.788669
1580.000000 -12.072419 -0.260950 -50.986382 0.372082 0.487854 -0.057189 0.787580
1581.000000 -12.159467 -0.030119 -51.005324 0.373818 0.488658 -0.056379 0.786317
1582.000000 -12.215812 0.038030 -51.030963 0.374319 0.489126 -0.056243 0.785798
1583.000000 -12.115931 -0.069008 -51.093873 0.373563 0.488284 -0.056393 0.786670
1584.000000 -12.121495 -0.333972 -51.130609 0.371529 0.488169 -0.057677 0.787610
1585.000000 -12.243510 -0.682884 -51.137064 0.368777 0.488902 -0.059786 0.788292
1586.000000 -12.409446 -1.038551 -51.129900 0.365937 0.489967 -0.062091 0.788776
1587.000000 -12.557481 -1.334005 -51.125556 0.363562 0.490928 -0.064048 0.789120
1588.000000 -12.676780 -1.558405 -51.128334 0.361746 0.491713 -0.065559 0.789342
1589.000000 -12.781107 -1.727833 -51.135479 0.360360 0.492417 -0.066749 0.789437
1590.000000 -12.884198 -1.858225 -51.143678 0.359278 0.493133 -0.067743 0.789399
1591.000000 -12.973946 -1.945532 -51.156531 0.358541 0.493769 -0.068479 0.789272
1592.000000 -13.008089 -1.970497 -51.185880 0.358328 0.494014 -0.068713 0.789196
1593.000000 -12.975974 -1.948156 -51.233969 0.358528 0.493776 -0.068482 0.789274
1594.000000 -12.872853 -1.897074 -51.300952 0.358997 0.493012 -0.067866 0.789592
1595.000000 -12.733551 -1.850392 -51.376330 0.359452 0.491969 -0.067152 0.790096
1596.000000 -12.608300 -1.844710 -51.446141 0.359577 0.491012 -0.066690 0.790673
1597.000000 -12.537772 -1.907589 -51.499708 0.359136 0.490435 -0.066749 0.791226
1598.000000 -12.512080 -2.010786 -51.540667 0.358356 0.490176 -0.067155 0.791706
1599.000000 -12.496581 -2.098805 -51.579659 0.357687 0.490002 -0.067524 0.792085
1600.000000 -12.454453 -2.117433 -51.627941 0.357569 0.489665 -0.067467 0.792351
1601.000000 -12.363646 -2.044926 -51.691604 0.358183 0.489014 -0.066808 0.792532
1602.000000 -12.264351 -1.917369 -51.759091 0.359224 0.488331 -0.065860 0.792562
1603.000000 -12.207172 -1.779160 -51.816496 0.360318 0.487976 -0.065010 0.792353
1604.000000 -12.233874 -1.672367 -51.852698 0.361119 0.488243 -0.064600 0.791858
1605.000000 -12.334598 -1.621405 -51.869363 0.361448 0.489041 -0.064710 0.791206
1606.000000 -12.473820 -1.641142 -51.874320 0.361213 0.490090 -0.065286 0.790617
1607.000000 -12.615658 -1.746283 -51.875428 0.360325 0.491106 -0.066273 0.790310
1608.000000 -12.724222 -1.951396 -51.880415 0.358694 0.491803 -0.067617 0.790504
1609.000000 -12.766781 -2.248270 -51.896729 0.356406 0.491936 -0.069168 0.791321
1610.000000 -12.718966 -2.578516 -51.931872 0.353920 0.491355 -0.070565 0.792674
1611.000000 -12.569217 -2.865838 -51.991998 0.351827 0.490022 -0.071407 0.794353
1612.000000 -12.321218 -3.028694 -52.080808 0.350747 0.488024 -0.071326 0.796066
1613.000000 -12.080308 -3.110255 -52.171105 0.350281 0.486132 -0.070895 0.797466
1614.000000 -11.820174 -3.088337 -52.270664 0.350617 0.484158 -0.069930 0.798604
1615.000000 -11.620086 -3.072905 -52.355196 0.350863 0.482633 -0.069202 0.799482
1616.000000 -11.577299 -3.250085 -52.392914 0.349534 0.482183 -0.069878 0.800276
1617.000000 -11.690696 -3.537916 -52.388218 0.347262 0.482849 -0.071571 0.800714
1618.000000 -11.883100 -3.646530 -52.376579 0.346310 0.484236 -0.072704 0.800187
1619.000000 -12.000243 -3.303904 -52.411774 0.348855 0.485360 -0.071496 0.798507
1620.000000 -12.191159 -2.866064 -52.432493 0.352064 0.487104 -0.070098 0.796158
1621.000000 -12.509667 -2.518481 -52.413942 0.354475 0.489755 -0.069552 0.793505
1622.000000 -12.926120 -2.361198 -52.358538 0.355360 0.493024 -0.070223 0.791022
1623.000000 -13.309516 -2.368267 -52.300545 0.355028 0.495926 -0.071559 0.789235
1624.000000 -13.667289 -2.580764 -52.237074 0.353186 0.498473 -0.073785 0.788251
1625.000000 -13.919342 -2.871702 -52.194295 0.350831 0.500156 -0.076037 0.788023
1626.000000 -13.988989 -2.973072 -52.208918 0.350032 0.500604 -0.076760 0.788024
1627.000000 -13.899743 -2.875854 -52.277010 0.350839 0.500006 -0.075988 0.788119
1628.000000 -13.751056 -2.775908 -52.360452 0.351701 0.498963 -0.075007 0.788490
1629.000000 -13.716874 -2.876409 -52.402711 0.350963 0.498639 -0.075368 0.788989
1630.000000 -13.650196 -2.898638 -52.457616 0.350831 0.498125 -0.075249 0.789384
1631.000000 -13.471630 -2.992847 -52.537199 0.350234 0.496716 -0.075100 0.790550
1632.000000 -13.200198 -3.261526 -52.628824 0.348395 0.494481 -0.075468 0.792726
1633.000000 -12.889133 -3.599594 -52.722639 0.346066 0.491896 -0.076023 0.795297
1634.000000 -12.593602 -3.890025 -52.812245 0.344094 0.489460 -0.076397 0.797616
1635.000000 -12.359434 -4.050001 -52.894425 0.343072 0.487582 -0.076357 0.799209
1636.000000 -12.213781 -4.063838 -52.966111 0.343087 0.486473 -0.075941 0.799918
1637.000000 -12.181509 -3.924665 -53.022953 0.344166 0.486319 -0.075208 0.799617
1638.000000 -12.279510 -3.677490 -53.056977 0.345953 0.487220 -0.074409 0.798371
1639.000000 -12.500450 -3.529365 -53.054339 0.346897 0.488977 -0.074455 0.796882
1640.000000 -12.842743 -3.620309 -53.005318 0.345952 0.491481 -0.075986 0.795606
1641.000000 -13.328318 -3.806963 -52.911168 0.344184 0.494990 -0.078426 0.793960
1642.000000 -13.939293 -3.912543 -52.784789 0.342931 0.499491 -0.080901 0.791430
1643.000000 -14.618592 -3.907402 -52.640133 0.342458 0.504580 -0.083085 0.788174
1644.000000 -15.308105 -3.773196 -52.492599 0.342932 0.509842 -0.084684 0.784402
1645.000000 -15.959633 -3.513406 -52.355173 0.344353 0.514919 -0.085542 0.780360
1646.000000 -16.568996 -3.236479 -52.222146 0.345910 0.519692 -0.086173 0.776428
1647.000000 -17.144805 -3.082602 -52.083891 0.346558 0.524108 -0.087305 0.773036
1648.000000 -17.702476 -3.142494 -51.932038 0.345622 0.528204 -0.089459 0.770417
1649.000000 -18.279357 -3.345744 -51.757855 0.343598 0.532307 -0.092419 0.768146
1650.000000 -18.875012 -3.543629 -51.569458 0.341591 0.536538 -0.095433 0.765725
1651.000000 -19.450721 -3.571502 -51.392393 0.340858 0.540770 -0.097506 0.762808
1652.000000 -19.981421 -3.431146 -51.237248 0.341404 0.544829 -0.098533 0.759536
1653.000000 -20.477941 -3.211451 -51.094253 0.342557 0.548718 -0.099009 0.756148
1654.000000 -20.980985 -3.026670 -50.939943 0.343431 0.552626 -0.099685 0.752810
1655.000000 -21.523321 -2.970055 -50.755169 0.343306 0.556701 -0.101192 0.749657
1656.000000 -22.095216 -3.031999 -50.543757 0.342263 0.560873 -0.103462 0.746708
1657.000000 -22.660149 -3.157934 -50.324004 0.340744 0.564918 -0.106084 0.743981
1658.000000 -23.152948 -3.264396 -50.131267 0.339435 0.568440 -0.108372 0.741562
1659.000000 -23.507501 -3.268008 -50.004723 0.339029 0.571048 -0.109614 0.739559
1660.000000 -23.698762 -3.131805 -49.962004 0.339828 0.572608 -0.109490 0.738003
1661.000000 -23.734185 -2.862543 -50.000075 0.341773 0.573167 -0.108062 0.736881
1662.000000 -23.451581 -2.550521 -50.188533 0.344364 0.571425 -0.105315 0.737425
1663.000000 -23.121524 -2.442950 -50.385043 0.345493 0.569117 -0.103591 0.738925
1664.000000 -22.859074 -2.525845 -50.538833 0.345153 0.567113 -0.103171 0.740681
1665.000000 -22.671799 -2.733478 -50.650739 0.343825 0.565537 -0.103694 0.742429
1666.000000 -22.567230 -2.999203 -50.721123 0.341994 0.564503 -0.104811 0.743903
1667.000000 -22.569032 -3.270289 -50.743291 0.340021 0.564222 -0.106307 0.744807
1668.000000 -22.726770 -3.522470 -50.695839 0.338014 0.565093 -0.108235 0.744782
1669.000000 -23.093065 -3.737135 -50.554346 0.336044 0.567534 -0.110664 0.743460
1670.000000 -23.457470 -3.886464 -50.414467 0.334537 0.570038 -0.112719 0.741914
1671.000000 -23.349281 -3.968600 -50.497223 0.334036 0.569160 -0.112801 0.742801
1672.000000 -23.531675 -4.047026 -50.444700 0.333237 0.570425 -0.113842 0.742030
1673.000000 -24.030183 -3.972155 -50.253084 0.333210 0.574186 -0.115084 0.738943
1674.000000 -24.608379 -3.787098 -50.024276 0.333894 0.578669 -0.115959 0.734990
1675.000000 -25.130839 -3.580995 -49.816929 0.334794 0.582768 -0.116500 0.731247
1676.000000 -25.466591 -3.440648 -49.696231 0.335437 0.585390 -0.116764 0.728811
1677.000000 -25.486936 -3.443880 -49.725865 0.335402 0.585525 -0.116816 0.728711
1678.000000 -25.199593 -3.586878 -49.901167 0.334706 0.583247 -0.116685 0.730876
1679.000000 -24.709964 -3.810981 -50.167199 0.333647 0.579402 -0.116369 0.734460
1680.000000 -24.338532 -4.110311 -50.362815 0.331894 0.576342 -0.116879 0.737574
1681.000000 -24.598206 -4.517337 -50.239703 0.328604 0.577772 -0.120083 0.737414
1682.000000 -24.933355 -4.914474 -50.075621 0.325275 0.579743 -0.123488 0.736780
1683.000000 -25.056620 -5.221546 -50.022251 0.322850 0.580257 -0.125671 0.737073
1684.000000 -25.068272 -5.406308 -50.036189 0.321461 0.580105 -0.126766 0.737612
1685.000000 -25.079001 -5.436731 -50.066768 0.321213 0.580147 -0.126959 0.737653
1686.000000 -25.199609 -5.279872 -50.062069 0.322211 0.581234 -0.126429 0.736453
1687.000000 -25.457290 -4.976105 -50.001678 0.324119 0.583509 -0.125494 0.733972
1688.000000 -25.790848 -4.642166 -49.901520 0.326150 0.586377 -0.124619 0.730930
1689.000000 -26.106051 -4.408760 -49.797313 0.327465 0.588984 -0.124264 0.728301
1690.000000 -26.358259 -4.362403 -49.706963 0.327492 0.590894 -0.124812 0.726647
1691.000000 -26.568934 -4.506630 -49.620213 0.326179 0.592258 -0.126362 0.725858
1692.000000 -26.721873 -4.771471 -49.551884 0.324054 0.593038 -0.128449 0.725807
1693.000000 -26.789023 -5.070634 -49.524891 0.321782 0.593137 -0.130459 0.726378
1694.000000 -26.741580 -5.318307 -49.563648 0.320029 0.592462 -0.131780 0.727465
1695.000000 -26.565475 -5.472703 -49.680381 0.319123 0.590969 -0.132121 0.729013
1696.000000 -26.282835 -5.597674 -49.855119 0.318568 0.588737 -0.131950 0.731090
1697.000000 -25.994837 -5.707122 -50.031806 0.318133 0.586484 -0.131686 0.733135
1698.000000 -25.753733 -5.824346 -50.181176 0.317582 0.584563 -0.131625 0.734917
1699.000000 -25.549178 -6.012861 -50.302024 0.316468 0.582815 -0.132086 0.736700
1700.000000 -25.373048 -6.210065 -50.406161 0.315263 0.581265 -0.132670 0.738335
1701.000000 -25.229414 -6.215698 -50.516756 0.315422 0.580206 -0.132241 0.739177
1702.000000 -25.104459 -6.022282 -50.641674 0.317010 0.579542 -0.130729 0.739287
1703.000000 -24.905457 -5.833781 -50.801033 0.318645 0.578328 -0.129026 0.739834
1704.000000 -24.609793 -5.789649 -50.988804 0.319336 0.576226 -0.127858 0.741377
1705.000000 -24.277898 -5.883319 -51.175452 0.319058 0.573695 -0.127362 0.743542
1706.000000 -23.940174 -5.992463 -51.359891 0.318675 0.571112 -0.126930 0.745765
1707.000000 -23.656418 -6.048825 -51.522773 0.318615 0.568993 -0.126368 0.747504
1708.000000 -23.634039 -6.300176 -51.541458 0.316820 0.568526 -0.127687 0.748397
1709.000000 -23.850288 -6.680211 -51.432941 0.313792 0.569616 -0.130452 0.748368
1710.000000 -24.018634 -6.863613 -51.370000 0.312250 0.570595 -0.131977 0.748000
1711.000000 -24.006338 -6.935537 -51.406033 0.311753 0.570402 -0.132320 0.748293
1712.000000 -23.877090 -7.068352 -51.488008 0.310968 0.569280 -0.132648 0.749416
1713.000000 -23.788991 -7.242290 -51.543280 0.309816 0.568410 -0.133353 0.750427
1714.000000 -23.830163 -7.507940 -51.523719 0.307809 0.568372 -0.134970 0.750993
1715.000000 -23.980830 -7.969188 -51.422104 0.304229 0.568870 -0.137981 0.751527
1716.000000 -24.163774 -8.468158 -51.294982 0.300330 0.569535 -0.141290 0.751976
1717.000000 -24.324327 -8.796419 -51.202746 0.297707 0.570256 -0.143584 0.752039
1718.000000 -24.492214 -8.803712 -51.160685 0.297428 0.571473 -0.144112 0.751124
1719.000000 -24.670741 -8.535861 -51.159516 0.299142 0.573153 -0.143129 0.749349
1720.000000 -25.003873 -8.347433 -51.067809 0.300041 0.575854 -0.143035 0.746933
1721.000000 -25.482388 -8.340986 -50.871226 0.299399 0.579363 -0.144382 0.744213
1722.000000 -25.965859 -8.401999 -50.656023 0.298264 0.582802 -0.146140 0.741636
1723.000000 -26.308577 -8.409554 -50.516805 0.297721 0.585291 -0.147204 0.739681
1724.000000 -26.367238 -8.245642 -50.551411 0.298838 0.585961 -0.146445 0.738850
1725.000000 -26.175181 -7.970268 -50.732681 0.301124 0.584966 -0.144308 0.739131
1726.000000 -26.417050 -8.209249 -50.606443 0.299026 0.586417 -0.146392 0.738422
1727.000000 -26.597843 -8.514688 -50.499007 0.296525 0.587322 -0.148672 0.738256
1728.000000 -26.382949 -8.677898 -50.622535 0.295644 0.585538 -0.148941 0.739970
1729.000000 -25.852643 -8.827082 -50.909425 0.295330 0.581462 -0.148193 0.743452
1730.000000 -25.185004 -9.117833 -51.232383 0.294178 0.576164 -0.147864 0.748085
1731.000000 -24.494429 -9.532846 -51.529007 0.292121 0.570526 -0.148218 0.753125
1732.000000 -23.892301 -10.027557 -51.755798 0.289364 0.565406 -0.149261 0.757829
1733.000000 -23.489357 -10.552145 -51.874938 0.286111 0.561689 -0.150997 0.761476
1734.000000 -23.397368 -11.051726 -51.851729 0.282588 0.560267 -0.153460 0.763344
1735.000000 -23.557724 -11.368673 -51.749524 0.280027 0.560948 -0.155654 0.763343
1736.000000 -23.298272 -11.098473 -51.964074 0.282395 0.559445 -0.153482 0.764014
1737.000000 -23.099520 -10.904295 -52.132270 0.284104 0.558266 -0.151910 0.764557
1738.000000 -23.048087 -10.837402 -52.207464 0.284661 0.557980 -0.151429 0.764654
1739.000000 -23.057961 -10.721417 -52.265655 0.285491 0.558215 -0.150850 0.764288
1740.000000 -23.079508 -10.590150 -52.321696 0.286419 0.558559 -0.150212 0.763814
1741.000000 -22.918807 -10.536595 -52.441987 0.287040 0.557469 -0.149476 0.764521
1742.000000 -22.442015 -10.367151 -52.720272 0.288950 0.554247 -0.147258 0.766573
1743.000000 -21.874481 -10.248032 -53.020203 0.290609 0.550294 -0.145078 0.769204
1744.000000 -21.435794 -10.346892 -53.218624 0.290502 0.546983 -0.144391 0.771731
1745.000000 -21.187103 -10.709418 -53.284882 0.288213 0.544696 -0.145573 0.773982
1746.000000 -21.074678 -11.261442 -53.254255 0.284347 0.543122 -0.148086 0.776039
1747.000000 -21.040642 -11.923263 -53.163207 0.279566 0.541933 -0.151356 0.777974
1748.000000 -21.024514 -12.612731 -53.050263 0.274539 0.540804 -0.154815 0.779866
1749.000000 -20.965647 -13.247493 -52.958155 0.269951 0.539425 -0.157890 0.781804
1750.000000 -20.790183 -13.593235 -52.978406 0.267649 0.537618 -0.159190 0.783575
1751.000000 -20.684588 -13.603871 -53.055136 0.267717 0.536826 -0.158985 0.784136
1752.000000 -20.817084 -13.603211 -53.041383 0.267516 0.537803 -0.159345 0.783462
1753.000000 -20.990940 -13.554004 -53.023413 0.267609 0.539162 -0.159556 0.782452
1754.000000 -21.020006 -13.420934 -53.083992 0.268541 0.539580 -0.158963 0.781965
1755.000000 -20.876399 -13.260515 -53.219600 0.269938 0.538761 -0.157793 0.782286
1756.000000 -20.629065 -13.150166 -53.382413 0.271123 0.537104 -0.156609 0.783253
1757.000000 -20.315933 -13.051140 -53.565953 0.272316 0.534953 -0.155306 0.784570
1758.000000 -19.969826 -12.904124 -53.770822 0.273899 0.532633 -0.153680 0.785916
1759.000000 -19.630116 -12.685572 -53.986802 0.275984 0.530457 -0.151736 0.787035
1760.000000 -19.416903 -12.703883 -54.098437 0.276154 0.528866 -0.151298 0.788130
1761.000000 -19.382048 -13.103187 -54.054261 0.273286 0.528043 -0.153175 0.789318
1762.000000 -19.469720 -13.750173 -53.900372 0.268421 0.527754 -0.156566 0.790515
1763.000000 -19.620805 -14.502822 -53.686748 0.262667 0.527751 -0.160635 0.791632
1764.000000 -19.776615 -15.221095 -53.469699 0.257138 0.527807 -0.164549 0.792605
1765.000000 -19.878174 -15.765298 -53.313475 0.252952 0.527714 -0.167474 0.793401
1766.000000 -19.879569 -16.041726 -53.269246 0.250887 0.527298 -0.168831 0.794046
1767.000000 -19.781417 -16.108444 -53.323949 0.250532 0.526473 -0.168920 0.794686
1768.000000 -19.624819 -16.140424 -53.410126 0.250525 0.525263 -0.168714 0.795533
1769.000000 -19.450785 -16.294406 -53.465012 0.249638 0.523723 -0.169078 0.796748
1770.000000 -19.216197 -16.394630 -53.557347 0.249252 0.521817 -0.169034 0.798128
1771.000000 -18.896530 -16.357223 -53.720935 0.250029 0.519496 -0.168113 0.799592
1772.000000 -18.535270 -16.293150 -53.905122 0.251073 0.516909 -0.166959 0.801182
1773.000000 -18.154012 -16.217182 -54.096929 0.252235 0.514195 -0.165699 0.802823
1774.000000 -17.770206 -16.125711 -54.290940 0.253511 0.511487 -0.164363 0.804424
1775.000000 -17.414178 -16.062917 -54.464076 0.254523 0.508943 -0.163231 0.805947
1776.000000 -17.127399 -16.113406 -54.579052 0.254583 0.506743 -0.162796 0.807401
1777.000000 -16.939608 -16.328366 -54.612413 0.253270 0.505030 -0.163358 0.808773
1778.000000 -16.844478 -16.658227 -54.580750 0.250960 0.503829 -0.164667 0.809976
1779.000000 -16.829230 -17.035486 -54.507756 0.248175 0.503141 -0.166378 0.810911
1780.000000 -16.881350 -17.392974 -54.417805 0.245432 0.502975 -0.168153 0.811482
1781.000000 -16.988840 -17.664054 -54.336316 0.243245 0.503350 -0.169656 0.811596
1782.000000 -17.073429 -17.878877 -54.278886 0.241510 0.503641 -0.170843 0.811684
1783.000000 -17.113895 -18.135649 -54.220152 0.239528 0.503537 -0.172123 0.812066
1784.000000 -17.200829 -18.459516 -54.122175 0.236965 0.503671 -0.173818 0.812373
1785.000000 -17.351872 -18.816913 -53.989187 0.234039 0.504230 -0.175811 0.812446
1786.000000 -17.416370 -19.118243 -53.900360 0.231667 0.504228 -0.177354 0.812791
1787.000000 -17.395953 -19.354276 -53.860788 0.229919 0.503690 -0.178409 0.813390
1788.000000 -17.312359 -19.524702 -53.865053 0.228763 0.502778 -0.179025 0.814145
1789.000000 -17.185994 -19.629531 -53.906123 0.228171 0.501650 -0.179249 0.814957
1790.000000 -17.036999 -19.668461 -53.977354 0.228114 0.500463 -0.179123 0.815730
1791.000000 -16.880906 -19.643345 -54.073982 0.228556 0.499326 -0.178680 0.816400
1792.000000 -16.707769 -19.543128 -54.202802 0.229595 0.498185 -0.177850 0.816987
1793.000000 -16.454692 -19.421263 -54.362905 0.230927 0.496477 -0.176751 0.817889
1794.000000 -16.137252 -19.373422 -54.514140 0.231806 0.494165 -0.175858 0.819232
1795.000000 -15.833260 -19.477061 -54.605493 0.231524 0.491714 -0.175679 0.820824
1796.000000 -15.651920 -19.733516 -54.604860 0.229895 0.489944 -0.176439 0.822175
1797.000000 -15.516363 -20.035786 -54.572653 0.227843 0.488442 -0.177497 0.823412
1798.000000 -15.366981 -20.327748 -54.546175 0.225885 0.486840 -0.178479 0.824686
1799.000000 -15.231805 -20.686517 -54.488108 0.223389 0.485228 -0.179793 0.826030
1800.000000 -15.087430 -20.851638 -54.503729 0.222365 0.483860 -0.180233 0.827012
1801.000000 -14.854427 -21.015900 -54.542742 0.221492 0.481820 -0.180495 0.828380
1802.000000 -14.688572 -21.216822 -54.548155 0.220232 0.480222 -0.181057 0.829520
1803.000000 -14.802126 -21.477323 -54.454065 0.218060 0.480642 -0.182446 0.829546
1804.000000 -14.995252 -21.689510 -54.355773 0.216118 0.481747 -0.183782 0.829118
1805.000000 -15.072894 -21.706638 -54.366895 0.215868 0.482306 -0.184010 0.828807
1806.000000 -15.376867 -21.670772 -54.335771 0.215644 0.484671 -0.184457 0.827386
1807.000000 -15.896841 -21.684803 -54.219878 0.214667 0.488590 -0.185559 0.825086
1808.000000 -16.394317 -21.752623 -54.083191 0.213301 0.492247 -0.186863 0.822969
1809.000000 -16.828412 -21.822676 -53.960048 0.212013 0.495419 -0.188051 0.821126
1810.000000 -17.163426 -22.074670 -53.790621 0.209509 0.497513 -0.189880 0.820080
1811.000000 -17.597951 -22.629660 -53.456895 0.204491 0.499841 -0.193313 0.819129
1812.000000 -18.022467 -23.248672 -53.086640 0.198960 0.501969 -0.197050 0.818299
1813.000000 -18.331283 -23.671158 -52.832178 0.195127 0.503559 -0.199646 0.817616
1814.000000 -18.676187 -23.915787 -52.639826 0.192584 0.505761 -0.201459 0.816414
1815.000000 -19.099489 -24.131591 -52.428600 0.190103 0.508630 -0.203261 0.814765
1816.000000 -19.210841 -24.294463 -52.351362 0.188606 0.509196 -0.204223 0.814519
1817.000000 -19.024383 -24.432419 -52.393531 0.187877 0.507488 -0.204539 0.815673
1818.000000 -18.791680 -24.591303 -52.441439 0.187083 0.505369 -0.204889 0.817082
1819.000000 -18.531095 -24.714060 -52.514727 0.186630 0.503107 -0.205016 0.818548
1820.000000 -18.253578 -24.836511 -52.592529 0.186212 0.500720 -0.205104 0.820083
1821.000000 -18.127014 -24.591834 -52.789574 0.188359 0.500223 -0.203711 0.820244
1822.000000 -17.900880 -24.370894 -53.007623 0.190502 0.498904 -0.202250 0.820913
1823.000000 -17.544511 -24.318968 -53.189352 0.191578 0.496249 -0.201354 0.822491
1824.000000 -17.014054 -24.455760 -53.337979 0.191522 0.491886 -0.201028 0.825200
1825.000000 -16.371253 -24.739190 -53.447880 0.190543 0.486372 -0.201163 0.828655
1826.000000 -15.739855 -25.095904 -53.510610 0.188966 0.480825 -0.201626 0.832134
1827.000000 -15.233393 -25.456117 -53.526099 0.187113 0.476224 -0.202322 0.835024
1828.000000 -14.906250 -25.773398 -53.505173 0.185253 0.473073 -0.203156 0.837025
1829.000000 -14.722970 -26.043356 -53.463817 0.183488 0.471115 -0.204043 0.838302
1830.000000 -14.676098 -26.298728 -53.390175 0.181572 0.470240 -0.205105 0.838950
1831.000000 -14.453054 -26.595215 -53.342646 0.179661 0.467907 -0.206031 0.840438
1832.000000 -14.342936 -26.679490 -53.368832 0.179204 0.466869 -0.206218 0.841067
1833.000000 -14.376450 -26.562976 -53.456476 0.180054 0.467349 -0.205773 0.840728
1834.000000 -14.547274 -26.300828 -53.578488 0.181784 0.469186 -0.204924 0.839539
1835.000000 -14.772594 -26.123168 -53.642605 0.182743 0.471288 -0.204526 0.838249
1836.000000 -14.990974 -26.075496 -53.644256 0.182699 0.473091 -0.204678 0.837205
1837.000000 -15.146705 -26.147185 -53.604802 0.181845 0.474179 -0.205248 0.836636
1838.000000 -15.184235 -26.327679 -53.545156 0.180372 0.474135 -0.206100 0.836771
1839.000000 -15.092249 -26.595961 -53.477958 0.178462 0.472910 -0.207123 0.837620
1840.000000 -14.885622 -26.900315 -53.422575 0.176478 0.470711 -0.208114 0.839032
1841.000000 -14.548860 -27.183840 -53.410352 0.174898 0.467522 -0.208797 0.840974
1842.000000 -14.076866 -27.390722 -53.469359 0.174176 0.463409 -0.208921 0.843367
1843.000000 -13.963478 -27.509223 -53.476379 0.173455 0.462274 -0.209264 0.844052
1844.000000 -14.022719 -27.594548 -53.455144 0.172660 0.462558 -0.209747 0.843940
1845.000000 -13.840856 -27.573512 -53.551867 0.173176 0.461152 -0.209370 0.844697
1846.000000 -13.620692 -27.558187 -53.655099 0.173727 0.459429 -0.208952 0.845626
1847.000000 -13.372332 -27.607408 -53.731808 0.173830 0.457360 -0.208756 0.846774
1848.000000 -13.141266 -27.633825 -53.814470 0.174079 0.455500 -0.208488 0.847791
1849.000000 -12.988206 -27.524910 -53.946382 0.175241 0.454532 -0.207776 0.848245
1850.000000 -12.835627 -27.461840 -54.054293 0.176039 0.453466 -0.207256 0.848778
1851.000000 -12.679914 -27.540524 -54.089834 0.175720 0.452094 -0.207335 0.849556
1852.000000 -12.627901 -27.631961 -54.093650 0.175097 0.451500 -0.207646 0.849925
1853.000000 -12.175235 -27.752984 -54.173628 0.175009 0.447692 -0.207437 0.852005
1854.000000 -11.509372 -27.833203 -54.316482 0.175644 0.442304 -0.206688 0.854867
1855.000000 -11.126530 -27.752932 -54.475734 0.176996 0.439444 -0.205742 0.856290
1856.000000 -10.851883 -27.397966 -54.748620 0.180287 0.437947 -0.203872 0.856817
1857.000000 -10.685583 -26.769153 -55.129849 0.185494 0.437801 -0.201094 0.856436
1858.000000 -10.588907 -26.015358 -55.546741 0.191497 0.438409 -0.197947 0.855537
1859.000000 -10.512294 -25.313728 -55.923245 0.197014 0.439056 -0.195051 0.854617
1860.000000 -10.556051 -24.568148 -56.285480 0.202613 0.440677 -0.192204 0.853117
1861.000000 -10.762929 -23.934769 -56.557722 0.207045 0.443319 -0.190087 0.851157
1862.000000 -11.039156 -23.765886 -56.614914 0.207852 0.445684 -0.189920 0.849761
1863.000000 -11.355321 -23.970759 -56.505316 0.205792 0.447710 -0.191306 0.848886
1864.000000 -11.675449 -24.420481 -56.286735 0.201884 0.449341 -0.193681 0.848424
1865.000000 -11.963773 -24.987473 -56.016528 0.197127 0.450521 -0.196476 0.848274
1866.000000 -12.184373 -25.544411 -55.756574 0.192528 0.451202 -0.199115 0.848353
1867.000000 -12.277123 -26.039934 -55.545057 0.188579 0.451022 -0.201282 0.848824
1868.000000 -12.219877 -26.562043 -55.347869 0.184665 0.449642 -0.203301 0.849935
1869.000000 -12.168835 -26.995351 -55.186714 0.181402 0.448459 -0.204979 0.850859
1870.000000 -12.255449 -27.227002 -55.091262 0.179438 0.448693 -0.206078 0.850887
1871.000000 -12.407444 -27.254763 -55.081612 0.178930 0.449809 -0.206452 0.850314
1872.000000 -12.509979 -27.174549 -55.136790 0.179355 0.450745 -0.206291 0.849768
1873.000000 -12.551086 -27.079894 -55.213073 0.180006 0.451230 -0.205965 0.849452
1874.000000 -12.552219 -26.986234 -55.298134 0.180731 0.451407 -0.205575 0.849298
1875.000000 -12.534847 -26.907523 -55.380339 0.181384 0.451425 -0.205214 0.849237
1876.000000 -12.521667 -26.855907 -55.448185 0.181821 0.451430 -0.204972 0.849199
1877.000000 -12.561904 -26.773004 -55.518208 0.182387 0.451900 -0.204697 0.848894
1878.000000 -12.693379 -26.551181 -55.633031 0.183830 0.453316 -0.204014 0.847991
1879.000000 -12.798406 -26.367553 -55.734088 0.185020 0.454453 -0.203446 0.847260
1880.000000 -12.778623 -26.373614 -55.773540 0.184994 0.454289 -0.203447 0.847353
1881.000000 -12.715989 -26.449055 -55.790229 0.184522 0.453674 -0.203655 0.847736
1882.000000 -12.723171 -26.383011 -55.858575 0.185007 0.453847 -0.203396 0.847600
1883.000000 -12.822912 -26.167111 -55.976582 0.186470 0.454988 -0.202683 0.846838
1884.000000 -13.007027 -25.907002 -56.094656 0.188117 0.456837 -0.201936 0.845656
1885.000000 -13.266575 -25.709540 -56.164383 0.189156 0.459132 -0.201574 0.844267
1886.000000 -13.592329 -25.681911 -56.138590 0.188793 0.461617 -0.202018 0.842885
1887.000000 -13.973763 -25.927021 -55.971146 0.186271 0.464033 -0.203677 0.841720
1888.000000 -14.374023 -26.455439 -55.660523 0.181560 0.466074 -0.206547 0.840921
1889.000000 -14.724780 -27.154201 -55.269671 0.175609 0.467418 -0.210061 0.840569
1890.000000 -14.967690 -27.908079 -54.866042 0.169388 0.467825 -0.213644 0.840716
1891.000000 -15.049690 -28.612442 -54.518237 0.163803 0.467086 -0.216765 0.841435
1892.000000 -14.942363 -29.192354 -54.278200 0.159513 0.465122 -0.219061 0.842751
1893.000000 -14.648219 -29.608929 -54.170853 0.156848 0.462018 -0.220384 0.844612
1894.000000 -14.270775 -29.908456 -54.145269 0.155264 0.458476 -0.221102 0.846645
1895.000000 -14.019745 -30.170634 -54.103707 0.153720 0.455971 -0.221860 0.848079
1896.000000 -13.895444 -30.273796 -54.116714 0.153167 0.454774 -0.222132 0.848751
1897.000000 -13.882663 -30.083177 -54.264974 0.154689 0.455048 -0.221325 0.848538
1898.000000 -13.946683 -29.699287 -54.498735 0.157558 0.456309 -0.219813 0.847726
1899.000000 -14.071480 -29.353058 -54.693253 0.159999 0.457956 -0.218546 0.846708
1900.000000 -14.257646 -29.094039 -54.822069 0.161628 0.459900 -0.217739 0.845552
1901.000000 -14.503791 -28.965863 -54.864026 0.162126 0.462048 -0.217569 0.844328
1902.000000 -14.808567 -29.012033 -54.797320 0.161174 0.464306 -0.218215 0.843105
1903.000000 -15.170336 -29.273748 -54.598267 0.158448 0.466576 -0.219854 0.841941
1904.000000 -15.495927 -29.691970 -54.319536 0.154565 0.468252 -0.222113 0.841140
1905.000000 -15.618248 -30.126172 -54.084005 0.150948 0.468316 -0.224155 0.841219
1906.000000 -15.586212 -30.628792 -53.849298 0.147095 0.467027 -0.226281 0.842049
1907.000000 -15.464268 -31.262824 -53.557930 0.142374 0.464736 -0.228858 0.843430
1908.000000 -15.337525 -31.858399 -53.281098 0.137933 0.462457 -0.231270 0.844761
1909.000000 -15.270778 -32.184052 -53.142563 0.135484 0.461212 -0.232602 0.845473
1910.000000 -15.256299 -32.294975 -53.117491 0.134624 0.460840 -0.233077 0.845682
1911.000000 -15.273119 -32.276573 -53.161921 0.134726 0.461000 -0.233031 0.845591
1912.000000 -15.300638 -32.213337 -53.230624 0.135161 0.461348 -0.232799 0.845396
1913.000000 -15.318757 -32.189180 -53.278732 0.135312 0.461543 -0.232718 0.845288
1914.000000 -15.323531 -32.241793 -53.284859 0.134890 0.461472 -0.232947 0.845331
1915.000000 -15.317001 -32.367494 -53.250224 0.133919 0.461156 -0.233474 0.845512
1916.000000 -15.297399 -32.565857 -53.174655 0.132399 0.460577 -0.234298 0.845839
1917.000000 -15.262853 -32.836777 -53.057413 0.130327 0.459715 -0.235419 0.846319
1918.000000 -15.211487 -33.180183 -52.897328 0.127701 0.458545 -0.236838 0.846957
1919.000000 -15.142829 -33.593394 -52.694271 0.124534 0.457063 -0.238546 0.847750
1920.000000 -15.069809 -34.045545 -52.462567 0.121044 0.455438 -0.240426 0.848599
1921.000000 -15.010630 -34.494392 -52.223741 0.117529 0.453914 -0.242314 0.849372
1922.000000 -14.983127 -34.898838 -52.000536 0.114288 0.452737 -0.244050 0.849945
1923.000000 -15.003393 -35.203447 -51.827525 0.111743 0.452176 -0.245407 0.850191
1924.000000 -15.055840 -35.328560 -51.766081 0.110596 0.452306 -0.246015 0.850097
1925.000000 -15.086621 -35.252858 -51.847884 0.111149 0.452742 -0.245715 0.849879
1926.000000 -15.039640 -34.959999 -52.098423 0.113656 0.453057 -0.244382 0.849764
1927.000000 -14.943696 -34.628293 -52.385626 0.116578 0.453054 -0.242841 0.849812
1928.000000 -15.026832 -34.947762 -52.187689 0.113781 0.452995 -0.244311 0.849801
1929.000000 -14.906130 -35.367273 -51.977824 0.110639 0.451024 -0.246002 0.850776
1930.000000 -14.485490 -35.537099 -52.020112 0.110241 0.447191 -0.246272 0.852770
1931.000000 -13.985823 -35.561411 -52.180116 0.111229 0.443054 -0.245820 0.854929
1932.000000 -13.632265 -35.546335 -52.323967 0.112203 0.440187 -0.245380 0.856408
1933.000000 -13.569515 -35.571257 -52.359877 0.112138 0.439585 -0.245471 0.856699
1934.000000 -13.731245 -35.701684 -52.265684 0.110679 0.440577 -0.246228 0.856162
1935.000000 -14.018172 -36.008774 -52.017350 0.107484 0.442184 -0.247831 0.855278
1936.000000 -14.344475 -36.555484 -51.585550 0.102211 0.443533 -0.250503 0.854447
1937.000000 -14.652315 -37.195300 -51.079553 0.096168 0.444482 -0.253596 0.853743
1938.000000 -14.745139 -37.288026 -51.024840 0.095188 0.445000 -0.254119 0.853427
1939.000000 -15.038241 -37.388177 -50.904545 0.093634 0.447182 -0.254868 0.852234
1940.000000 -15.686552 -37.780316 -50.455459 0.088703 0.451639 -0.257201 0.849707
1941.000000 -16.434662 -38.291372 -49.866635 0.082440 0.456665 -0.260139 0.846752
1942.000000 -16.779441 -38.788407 -49.403690 0.077278 0.458315 -0.262683 0.845561
1943.000000 -16.658508 -39.172414 -49.179382 0.074287 0.456275 -0.264341 0.846415
1944.000000 -16.247696 -39.444396 -49.137626 0.073026 0.452040 -0.265250 0.848510
1945.000000 -15.754030 -39.619722 -49.195352 0.072826 0.447336 -0.265663 0.850888
1946.000000 -15.358217 -39.705214 -49.289583 0.073150 0.443696 -0.265763 0.852732
1947.000000 -15.099669 -39.695738 -49.415728 0.073935 0.441475 -0.265547 0.853884
1948.000000 -14.954971 -39.588352 -49.584871 0.075260 0.440492 -0.264974 0.854454
1949.000000 -14.883239 -39.395063 -49.799397 0.077120 0.440368 -0.264069 0.854632
1950.000000 -14.762333 -39.200101 -50.028041 0.079113 0.439830 -0.263116 0.855021
1951.000000 -14.552034 -39.100687 -50.206156 0.080516 0.438277 -0.262521 0.855870
1952.000000 -14.468755 -39.157632 -50.224688 0.080248 0.437412 -0.262703 0.856282
1953.000000 -14.396896 -39.420487 -50.078442 0.078194 0.436112 -0.263789 0.856801
1954.000000 -14.332248 -39.809560 -49.827821 0.075033 0.434540 -0.265432 0.857374
1955.000000 -14.331242 -40.194829 -49.557501 0.071722 0.433516 -0.267112 0.857654
1956.000000 -14.431173 -40.483376 -49.332439 0.068960 0.433610 -0.268453 0.857415
1957.000000 -14.580555 -40.706803 -49.143186 0.066612 0.434298 -0.269546 0.856909
1958.000000 -14.704855 -40.923966 -48.963663 0.064367 0.434775 -0.270593 0.856509
1959.000000 -14.747283 -41.178423 -48.774993 0.062007 0.434424 -0.271752 0.856494
1960.000000 -14.731320 -41.442982 -48.593275 0.059712 0.433529 -0.272921 0.856739
1961.000000 -14.703166 -41.670421 -48.445402 0.057776 0.432635 -0.273918 0.857005
1962.000000 -14.709533 -41.812870 -48.359420 0.056496 0.432293 -0.274557 0.857059
1963.000000 -14.774348 -41.841274 -48.354153 0.056061 0.432801 -0.274715 0.856780
1964.000000 -14.793354 -41.840556 -48.388149 0.056009 0.433003 -0.274702 0.856686
1965.000000 -14.666233 -41.908159 -48.407550 0.055763 0.431725 -0.274901 0.857283
1966.000000 -14.336154 -42.108940 -48.371318 0.054916 0.428260 -0.275580 0.858856
1967.000000 -13.865486 -42.411095 -48.283487 0.053568 0.423233 -0.276629 0.861092
1968.000000 -13.344963 -42.759582 -48.161500 0.051941 0.417599 -0.277844 0.863549
1969.000000 -12.866562 -43.099009 -48.027601 0.050266 0.412326 -0.279038 0.865794
1970.000000 -12.523837 -43.374001 -47.909015 0.048790 0.408392 -0.280064 0.867410
1971.000000 -12.388381 -43.554251 -47.819091 0.047582 0.406552 -0.280836 0.868091
1972.000000 -12.368130 -43.841384 -47.599918 0.045064 0.405427 -0.282130 0.868332
1973.000000 -12.665460 -44.467834 -46.975193 0.038446 0.406220 -0.284994 0.867344
1974.000000 -13.457580 -45.438573 -45.851839 0.026972 0.410549 -0.289586 0.864212
1975.000000 -14.019011 -46.050166 -45.107864 0.019413 0.413873 -0.292537 0.861832
1976.000000 -14.496372 -46.265849 -44.776332 0.015829 0.417724 -0.293643 0.859669
1977.000000 -14.872426 -46.198040 -44.763499 0.015253 0.421575 -0.293367 0.857891
1978.000000 -15.129918 -45.951921 -44.966391 0.016717 0.424898 -0.292210 0.856619
1979.000000 -15.251963 -45.629270 -45.283234 0.019293 0.427163 -0.290696 0.855953
1980.000000 -15.224872 -45.337734 -45.618002 0.022086 0.427833 -0.289344 0.856009
1981.000000 -15.035566 -45.161669 -45.892011 0.024328 0.426597 -0.288499 0.856850
1982.000000 -14.828187 -44.963277 -46.193258 0.026833 0.425287 -0.287518 0.857755
1983.000000 -14.462179 -44.567097 -46.731769 0.031637 0.423146 -0.285564 0.859302
1984.000000 -13.802602 -44.051954 -47.456443 0.038376 0.418649 -0.283029 0.862065
1985.000000 -13.498143 -44.104381 -47.537401 0.038831 0.415739 -0.283111 0.863424
1986.000000 -13.248358 -44.521001 -47.260231 0.035799 0.412234 -0.284802 0.864679
1987.000000 -13.041530 -45.181551 -46.728747 0.030355 0.408347 -0.287576 0.865812
1988.000000 -12.877394 -45.988211 -46.021409 0.023327 0.404330 -0.291031 0.866761
1989.000000 -12.755913 -46.846309 -45.219753 0.015541 0.400440 -0.294779 0.867474
1990.000000 -12.676736 -47.670208 -44.408786 0.007796 0.396946 -0.298448 0.867930
1991.000000 -12.638466 -48.384160 -43.677508 0.000870 0.394127 -0.301668 0.868136
1992.000000 -12.640042 -48.912376 -43.122254 -0.004430 0.392290 -0.304070 0.868119
1993.000000 -12.681753 -49.175855 -42.847503 -0.007244 0.391770 -0.305270 0.867913
1994.000000 -12.762655 -49.060287 -42.994469 -0.006368 0.392996 -0.304730 0.867556
1995.000000 -12.948335 -48.599750 -43.498134 -0.002405 0.396472 -0.302613 0.866735
1996.000000 -13.275571 -48.144498 -43.942568 0.000965 0.401298 -0.300512 0.865246
1997.000000 -13.648477 -47.820560 -44.220289 0.002858 0.406086 -0.299002 0.863530
1998.000000 -14.044459 -47.616214 -44.355905 0.003506 0.410652 -0.298049 0.861696
1999.000000 -14.441974 -47.515278 -44.376104 0.003160 0.414846 -0.297596 0.859843
2000.000000 -14.817634 -47.501079 -44.307414 0.002060 0.418520 -0.297560 0.858076
2001.000000 -15.146488 -47.558867 -44.173834 0.000413 0.421505 -0.297856 0.856514
2002.000000 -15.397042 -47.694869 -43.979207 -0.001750 0.423482 -0.298507 0.855309
2003.000000 -15.534914 -47.926175 -43.717011 -0.004484 0.424058 -0.299604 0.854630
2004.000000 -15.526975 -48.269175 -43.379402 -0.007841 0.422830 -0.301242 0.854638
2005.000000 -15.343137 -48.737250 -42.957626 -0.011855 0.419413 -0.303507 0.855474
2006.000000 -15.043358 -49.243396 -42.522676 -0.015878 0.414653 -0.305982 0.856846
2007.000000 -14.704490 -49.702836 -42.143691 -0.019320 0.409595 -0.308252 0.858393
2008.000000 -14.318525 -50.141408 -41.794482 -0.022397 0.404057 -0.310449 0.860150
2009.000000 -13.925501 -50.527804 -41.499806 -0.024925 0.398564 -0.312411 0.861930
2010.000000 -13.634111 -50.765534 -41.345005 -0.026293 0.394619 -0.313653 0.863253
2011.000000 -13.454752 -50.893440 -41.285080 -0.026936 0.392226 -0.314348 0.864071
2012.000000 -13.395563 -50.945130 -41.278780 -0.027243 0.391371 -0.314643 0.864342
2013.000000 -13.468749 -50.946064 -41.291497 -0.027531 0.392095 -0.314648 0.864002
2014.000000 -13.686474 -50.921787 -41.287504 -0.028114 0.394439 -0.314468 0.862982
2015.000000 -14.040939 -50.886736 -41.250401 -0.029102 0.398272 -0.314169 0.861296
2016.000000 -14.495345 -50.836480 -41.194681 -0.030304 0.403205 -0.313754 0.859108
2017.000000 -15.010387 -50.764809 -41.138495 -0.031508 0.408842 -0.313205 0.856596
2018.000000 -15.559445 -50.660638 -41.102773 -0.032504 0.414952 -0.312467 0.853887
2019.000000 -16.076009 -50.567876 -41.057582 -0.033505 0.420687 -0.311773 0.851292
2020.000000 -16.427860 -50.594791 -40.923666 -0.035129 0.424264 -0.311747 0.849458
2021.000000 -16.579519 -50.713216 -40.753909 -0.036946 0.425408 -0.312290 0.848609
2022.000000 -16.505257 -50.882641 -40.610800 -0.038427 0.423980 -0.313223 0.848914
2023.000000 -16.178284 -51.063639 -40.553321 -0.039049 0.419830 -0.314357 0.850528
2024.000000 -15.610485 -51.205450 -40.635190 -0.038315 0.413267 -0.315415 0.853379
2025.000000 -14.948556 -51.217346 -40.906475 -0.035833 0.406164 -0.315890 0.856715
2026.000000 -14.192047 -51.054427 -41.414752 -0.031152 0.398700 -0.315588 0.860507
2027.000000 -13.314408 -50.674552 -42.203512 -0.023811 0.390791 -0.314345 0.864814
2028.000000 -12.275794 -50.039340 -43.300181 -0.013421 0.382235 -0.312016 0.869691
2029.000000 -11.096596 -49.147142 -44.656917 -0.000257 0.373315 -0.308616 0.874867
2030.000000 -9.838470 -48.015246 -46.194627 0.015063 0.364648 -0.304235 0.879912
2031.000000 -8.575297 -46.662011 -47.841938 0.031925 0.356883 -0.298982 0.884435
2032.000000 -7.395247 -45.108569 -49.537427 0.049729 0.350699 -0.293015 0.888076
2033.000000 -6.399314 -43.380591 -51.229888 0.067895 0.346779 -0.286554 0.890517
2034.000000 -5.579698 -41.525788 -52.876194 0.086043 0.344738 -0.279852 0.891872
2035.000000 -4.691346 -39.666005 -54.408283 0.103850 0.342066 -0.273180 0.893072
2036.000000 -3.708281 -37.890660 -55.772596 0.120700 0.338382 -0.266750 0.894301
2037.000000 -2.716799 -36.282738 -56.927051 0.135803 0.334257 -0.260834 0.895430
2038.000000 -1.836904 -34.921395 -57.846068 0.148388 0.330499 -0.255750 0.896294
2039.000000 -1.094578 -33.836078 -58.545276 0.158319 0.327232 -0.251613 0.896964
2040.000000 -0.462134 -33.026099 -59.053366 0.165792 0.324221 -0.248398 0.897604
2041.000000 0.091989 -32.487165 -59.392208 0.170988 0.321224 -0.246051 0.898352
2042.000000 0.601628 -32.212933 -59.577267 0.174077 0.317995 -0.244504 0.899330
2043.000000 1.099128 -32.195531 -59.618392 0.175209 0.314305 -0.243684 0.900628
2044.000000 1.539923 -32.425111 -59.522908 0.174379 0.310498 -0.243634 0.902123
2045.000000 1.791526 -32.889092 -59.299643 0.171410 0.307581 -0.244528 0.903448
2046.000000 1.733550 -33.572860 -58.955978 0.166133 0.306509 -0.246489 0.904265
2047.000000 1.335462 -34.467417 -58.487133 0.158475 0.307587 -0.249484 0.904452
2048.000000 0.344351 -35.708197 -57.791829 0.146733 0.312537 -0.254162 0.903433
2049.000000 -1.044800 -37.074869 -56.955970 0.132937 0.320313 -0.259709 0.901265
2050.000000 -2.329577 -38.141499 -56.248711 0.121556 0.327950 -0.264316 0.898783
2051.000000 -3.030147 -38.521411 -55.995525 0.116869 0.332639 -0.266188 0.897127
2052.000000 -3.147625 -38.268144 -56.201755 0.118549 0.334266 -0.265460 0.896517
2053.000000 -2.915393 -37.628029 -56.681192 0.124081 0.334028 -0.263230 0.896515
2054.000000 -2.541563 -36.822238 -57.259988 0.131217 0.332986 -0.260458 0.896696
2055.000000 -2.227820 -36.078061 -57.779382 0.137717 0.332192 -0.258021 0.896721
2056.000000 -2.140442 -35.579207 -58.128661 0.141825 0.332539 -0.256595 0.896361
2057.000000 -1.927981 -34.870730 -58.603905 0.147829 0.332340 -0.254427 0.896082
2058.000000 -1.145664 -33.651898 -59.373701 0.158856 0.328904 -0.250068 0.896690
2059.000000 0.087913 -32.118956 -60.268643 0.172981 0.322734 -0.244245 0.897922
2060.000000 1.324765 -30.689496 -61.034333 0.186093 0.316341 -0.238726 0.899059
2061.000000 2.131297 -29.768188 -61.503969 0.194408 0.312193 -0.235138 0.899695
2062.000000 2.514087 -29.331993 -61.736447 0.198269 0.310279 -0.233382 0.899972
2063.000000 2.719451 -29.122667 -61.864953 0.200137 0.309227 -0.232485 0.900153
2064.000000 2.983418 -28.894324 -61.998369 0.202285 0.307743 -0.231492 0.900437
2065.000000 3.542085 -28.404956 -62.233629 0.206883 0.304586 -0.229393 0.901003
2066.000000 4.586368 -27.474905 -62.620899 0.215518 0.298722 -0.225404 0.901948
2067.000000 5.756904 -26.601100 -62.939815 0.223912 0.291830 -0.221341 0.903165
2068.000000 6.892513 -25.951489 -63.135683 0.230581 0.284784 -0.217852 0.904583
2069.000000 7.934865 -25.551622 -63.215408 0.235252 0.277981 -0.215060 0.906164
2070.000000 8.833682 -25.406510 -63.193762 0.237814 0.271784 -0.213047 0.907849
2071.000000 9.582562 -25.427352 -63.115297 0.238909 0.266382 -0.211643 0.909489
2072.000000 10.223044 -25.483400 -63.031216 0.239569 0.261679 -0.210525 0.910939
2073.000000 10.817184 -25.434694 -62.990711 0.240909 0.257465 -0.209285 0.912072
2074.000000 11.428390 -25.139792 -63.039994 0.244052 0.253526 -0.207514 0.912744
2075.000000 12.115553 -24.469626 -63.213730 0.250015 0.249645 -0.204848 0.912802
2076.000000 12.800840 -23.684183 -63.415920 0.256774 0.245954 -0.201966 0.912570
2077.000000 13.330376 -23.050887 -63.578339 0.262152 0.243146 -0.199678 0.912296
2078.000000 13.609208 -22.503395 -63.753686 0.266486 0.242020 -0.198037 0.911698
2079.000000 13.594410 -21.924348 -63.996968 0.270573 0.243044 -0.196931 0.910461
2080.000000 13.389496 -21.085229 -64.360351 0.276207 0.245789 -0.195735 0.908287
2081.000000 13.191923 -19.990379 -64.788311 0.283612 0.248824 -0.194046 0.905537
2082.000000 13.178686 -18.961197 -65.138253 0.290762 0.250437 -0.192089 0.903239
2083.000000 13.172210 -18.083804 -65.427067 0.296798 0.251777 -0.190397 0.901259
2084.000000 12.977126 -17.429673 -65.681809 0.300957 0.254110 -0.189525 0.899407
2085.000000 12.485326 -17.052995 -65.914636 0.302762 0.258076 -0.189849 0.897602
2086.000000 11.807066 -16.589872 -66.196438 0.304904 0.263380 -0.190461 0.895203
2087.000000 11.135517 -15.660444 -66.576997 0.310200 0.269225 -0.190160 0.891702
2088.000000 10.606374 -14.234273 -67.020770 0.318951 0.274752 -0.188513 0.887268
2089.000000 10.304190 -12.548870 -67.441992 0.329614 0.279080 -0.185765 0.882587
2090.000000 10.154474 -11.103796 -67.756106 0.338807 0.282031 -0.183119 0.878712
2091.000000 9.941864 -9.974696 -68.001687 0.345796 0.284936 -0.181269 0.875430
2092.000000 9.461700 -8.925031 -68.254605 0.351870 0.289430 -0.180247 0.871739
2093.000000 8.881254 -7.971670 -68.489334 0.357171 0.294392 -0.179695 0.868028
2094.000000 8.384419 -7.146089 -68.681955 0.361756 0.298609 -0.179221 0.864780
2095.000000 8.065397 -6.486921 -68.824490 0.365506 0.301457 -0.178658 0.862328
2096.000000 7.937343 -6.042751 -68.918725 0.368144 0.302815 -0.178067 0.860851
2097.000000 8.002891 -5.688993 -68.980150 0.370458 0.302842 -0.177159 0.860036
2098.000000 8.298890 -5.185743 -69.023706 0.373990 0.301619 -0.175307 0.859316
2099.000000 8.948416 -4.788241 -69.010105 0.377307 0.298049 -0.172736 0.859633
2100.000000 9.965504 -4.526737 -68.927135 0.380218 0.292005 -0.169440 0.861079
2101.000000 11.056846 -4.253220 -68.816861 0.383258 0.285503 -0.165867 0.862606
2102.000000 11.889143 -3.757994 -68.745788 0.387350 0.280880 -0.162517 0.862934
2103.000000 12.388003 -2.979693 -68.734816 0.392827 0.278666 -0.159517 0.861734
2104.000000 12.726121 -1.989250 -68.747545 0.399438 0.277674 -0.156551 0.859557
2105.000000 13.084875 -0.861132 -68.741847 0.406906 0.276672 -0.153253 0.856968
2106.000000 13.648416 0.326395 -68.675072 0.414954 0.274419 -0.149250 0.854536
2107.000000 14.610679 1.319066 -68.503649 0.422220 0.269434 -0.144458 0.853386
2108.000000 16.037204 1.767472 -68.213063 0.426558 0.260950 -0.139272 0.854726
2109.000000 17.514097 2.113558 -67.878767 0.430220 0.252032 -0.133984 0.856411
2110.000000 18.632167 2.711599 -67.598870 0.435045 0.245602 -0.129249 0.856569
2111.000000 19.281727 3.457156 -67.421782 0.440337 0.242244 -0.125715 0.855346
2112.000000 19.432658 4.172477 -67.376585 0.444976 0.241977 -0.123870 0.853287
2113.000000 19.299134 4.786920 -67.411763 0.448722 0.243375 -0.123163 0.851027
2114.000000 19.121175 5.349988 -67.457208 0.452102 0.244979 -0.122707 0.848842
2115.000000 19.069547 5.898796 -67.463176 0.455503 0.245767 -0.121864 0.846915
2116.000000 19.158419 6.416439 -67.428509 0.458823 0.245659 -0.120602 0.845333
2117.000000 19.325606 6.887897 -67.373244 0.461899 0.245056 -0.119137 0.844040
2118.000000 19.183558 7.401266 -67.399340 0.464942 0.246456 -0.118635 0.842030
2119.000000 18.522156 8.036381 -67.551611 0.468277 0.251194 -0.119710 0.838622
2120.000000 17.278315 8.844948 -67.819386 0.472146 0.259633 -0.122491 0.833466
2121.000000 16.060233 9.731468 -68.035976 0.476463 0.267889 -0.125032 0.828001
2122.000000 15.883027 10.503584 -68.000790 0.481029 0.269627 -0.124190 0.824918
2123.000000 16.908322 11.037618 -67.705990 0.485259 0.263799 -0.119596 0.825003
2124.000000 17.861885 11.416435 -67.435789 0.488424 0.258272 -0.115462 0.825473
2125.000000 18.366139 11.729748 -67.285336 0.490748 0.255473 -0.112990 0.825308
2126.000000 18.376361 12.105194 -67.255540 0.493018 0.255776 -0.112171 0.823972
2127.000000 17.908747 12.664238 -67.317822 0.496018 0.259133 -0.112769 0.821035
2128.000000 17.211989 13.359380 -67.403457 0.499651 0.263947 -0.113972 0.817124
2129.000000 16.550557 14.036659 -67.470118 0.503183 0.268510 -0.115097 0.813303
2130.000000 16.588450 14.829349 -67.330106 0.508001 0.268942 -0.113409 0.810398
2131.000000 17.152674 15.533343 -67.068627 0.512733 0.266112 -0.109924 0.808830
2132.000000 17.445885 15.806056 -66.968229 0.514622 0.264562 -0.108279 0.808361
2133.000000 17.170349 15.803157 -67.078860 0.514369 0.266230 -0.109314 0.807835
2134.000000 17.225009 16.014807 -67.053524 0.515686 0.266082 -0.108677 0.807129
2135.000000 17.545136 16.175750 -66.970200 0.516927 0.264289 -0.107122 0.807133
2136.000000 18.073655 16.239519 -66.852234 0.517747 0.261151 -0.104950 0.807913
2137.000000 18.695421 16.147118 -66.742285 0.517673 0.257317 -0.102720 0.809476
2138.000000 19.259021 16.014117 -66.653331 0.517285 0.253791 -0.100797 0.811077
2139.000000 19.983674 16.011199 -66.479487 0.517809 0.249367 -0.097998 0.812457
2140.000000 20.620262 15.864727 -66.359171 0.517378 0.245360 -0.095805 0.814211
2141.000000 21.088739 15.774668 -66.272345 0.517162 0.242412 -0.094158 0.815423
2142.000000 21.517719 16.181408 -66.074885 0.519975 0.240042 -0.091757 0.814608
2143.000000 21.971385 17.005015 -65.756728 0.525377 0.237792 -0.088494 0.812159
2144.000000 22.486007 17.671760 -65.444887 0.529854 0.235040 -0.085247 0.810398
2145.000000 23.204596 18.365524 -65.040429 0.534626 0.231020 -0.081089 0.808844
2146.000000 23.533983 19.180596 -64.724785 0.539897 0.229477 -0.078268 0.806056
2147.000000 23.313466 19.933273 -64.615867 0.544419 0.231323 -0.077801 0.802524
2148.000000 22.903711 20.294989 -64.688434 0.546388 0.234097 -0.078828 0.800278
2149.000000 22.477178 20.429776 -64.833781 0.546952 0.236812 -0.080359 0.798940
2150.000000 22.134595 20.530864 -64.957328 0.547370 0.238964 -0.081613 0.797886
2151.000000 21.912834 20.595375 -65.049971 0.547644 0.240352 -0.082438 0.797196
2152.000000 21.824321 20.619641 -65.110975 0.547746 0.240911 -0.082778 0.796922
2153.000000 21.765766 20.648311 -65.161265 0.547874 0.241298 -0.082979 0.796695
2154.000000 21.591792 20.757372 -65.224304 0.548420 0.242440 -0.083519 0.795917
2155.000000 21.193728 21.010527 -65.313223 0.549711 0.245028 -0.084748 0.794101
2156.000000 21.052422 21.326897 -65.295482 0.551550 0.246088 -0.084772 0.792495
2157.000000 21.298464 22.029229 -65.020738 0.555973 0.245040 -0.082412 0.789973
2158.000000 21.682301 23.006959 -64.592551 0.562163 0.243306 -0.078929 0.786477
2159.000000 21.966729 23.614400 -64.315380 0.566038 0.241933 -0.076550 0.784353
2160.000000 22.063771 23.684266 -64.295223 0.566514 0.241384 -0.075972 0.784234
2161.000000 22.014480 23.896899 -64.271643 0.567774 0.241815 -0.075758 0.783211
2162.000000 21.823353 24.295378 -64.225199 0.570092 0.243217 -0.075820 0.781084
2163.000000 21.530612 24.801178 -64.168553 0.572999 0.245295 -0.076144 0.778270
2164.000000 21.194755 25.297115 -64.125304 0.575796 0.247625 -0.076688 0.775409
2165.000000 20.879090 25.685313 -64.114580 0.577927 0.249766 -0.077354 0.773067
2166.000000 20.629019 25.937372 -64.133909 0.579286 0.251424 -0.078004 0.771446
2167.000000 20.478061 25.926373 -64.225956 0.579141 0.252319 -0.078746 0.771187
2168.000000 20.517867 25.971007 -64.234070 0.579460 0.252098 -0.078530 0.771042
2169.000000 20.806095 26.441268 -63.987673 0.582480 0.250647 -0.076337 0.769458
2170.000000 21.253539 27.415470 -63.467220 0.588618 0.248522 -0.072390 0.765850
2171.000000 21.697773 28.329274 -62.952347 0.594396 0.246347 -0.068537 0.762437
2172.000000 22.020089 29.248682 -62.456893 0.600149 0.244881 -0.065216 0.758684
2173.000000 22.266503 30.048269 -62.027265 0.605141 0.243786 -0.062466 0.755295
2174.000000 22.733632 30.174737 -61.834708 0.606156 0.240986 -0.059960 0.755583
2175.000000 23.286461 30.011873 -61.746491 0.605421 0.237517 -0.057558 0.757455
2176.000000 23.746587 29.989033 -61.620260 0.605479 0.234685 -0.055301 0.758458
2177.000000 23.968285 30.283804 -61.427851 0.607389 0.233463 -0.053610 0.757429
2178.000000 23.990637 30.524639 -61.337743 0.608890 0.233443 -0.053026 0.756271
2179.000000 23.930534 30.774171 -61.275820 0.610394 0.233920 -0.052849 0.754923
2180.000000 23.995484 31.074976 -61.138433 0.612258 0.233641 -0.051955 0.753560
2181.000000 24.272591 31.371306 -60.916900 0.614193 0.232049 -0.050003 0.752609
2182.000000 24.426955 31.320837 -60.920095 0.613937 0.231080 -0.049309 0.753161
2183.000000 24.390379 31.088768 -61.092619 0.612478 0.231221 -0.049916 0.754265
2184.000000 23.974199 31.342957 -61.166289 0.613870 0.233894 -0.051516 0.752199
2185.000000 23.402135 31.819086 -61.179860 0.616550 0.237601 -0.053463 0.748701
2186.000000 22.932131 32.162165 -61.215306 0.618443 0.240611 -0.055137 0.746053
2187.000000 22.728467 32.238591 -61.288982 0.618819 0.241880 -0.056004 0.745266
2188.000000 22.705876 32.444005 -61.228063 0.620057 0.242115 -0.055719 0.744181
2189.000000 22.730356 32.728003 -61.107609 0.621795 0.242102 -0.055058 0.742782
2190.000000 22.669550 33.011506 -61.017838 0.623499 0.242603 -0.054850 0.741205
2191.000000 22.526040 33.305740 -60.951068 0.625245 0.243601 -0.055073 0.739388
2192.000000 22.717359 33.915236 -60.582372 0.629056 0.242701 -0.052933 0.736602
2193.000000 23.231164 34.874744 -59.877820 0.635136 0.239964 -0.048353 0.732585
2194.000000 23.905912 36.022992 -58.964373 0.642463 0.236249 -0.042461 0.727753
2195.000000 24.537573 36.987851 -58.140481 0.648677 0.232652 -0.037092 0.723682
2196.000000 24.954045 37.483570 -57.682285 0.651907 0.230199 -0.033776 0.721723
2197.000000 25.140434 37.540034 -57.602244 0.652308 0.229049 -0.032573 0.721782
2198.000000 25.157444 37.250185 -57.819234 0.650494 0.228862 -0.032998 0.723457
2199.000000 25.064027 36.699987 -58.246007 0.647042 0.229283 -0.034566 0.726341
2200.000000 24.916448 35.974653 -58.795873 0.642500 0.229978 -0.036786 0.730035
2201.000000 24.771321 35.162250 -59.384160 0.637426 0.230616 -0.039156 0.734147
2202.000000 24.688262 34.354978 -59.928654 0.632413 0.230859 -0.041174 0.738284
2203.000000 24.729282 33.651449 -60.350197 0.628091 0.230365 -0.042334 0.742052
2204.000000 24.949101 33.211628 -60.544175 0.625452 0.228863 -0.042057 0.744757
2205.000000 25.344684 33.235354 -60.407760 0.625714 0.226441 -0.039979 0.745391
2206.000000 25.869071 33.816119 -59.901684 0.629452 0.223387 -0.036160 0.743358
2207.000000 26.382604 34.738001 -59.185819 0.635333 0.220453 -0.031734 0.739423
2208.000000 26.725946 35.724729 -58.478892 0.641613 0.218545 -0.028056 0.734700
2209.000000 26.742646 36.509770 -58.021767 0.646561 0.218616 -0.026478 0.730386
2210.000000 26.327957 36.881112 -58.012639 0.648789 0.221303 -0.028019 0.727539
2211.000000 25.857460 37.097257 -58.121951 0.650037 0.224288 -0.030197 0.725420
2212.000000 25.413280 37.185120 -58.297427 0.650499 0.227060 -0.032518 0.724042
2213.000000 24.935103 37.043417 -58.630366 0.649515 0.229968 -0.035484 0.723869
2214.000000 24.392371 36.617327 -59.163095 0.646735 0.233171 -0.039339 0.725133
2215.000000 23.861004 36.028259 -59.779860 0.642946 0.236226 -0.043423 0.727277
2216.000000 23.438585 35.434484 -60.340819 0.639187 0.238574 -0.046907 0.729604
2217.000000 23.223564 34.999304 -60.717429 0.636486 0.239699 -0.048957 0.731460
2218.000000 23.308692 34.898191 -60.782814 0.635911 0.239146 -0.048732 0.732155
2219.000000 23.534524 35.465972 -60.405156 0.639423 0.238005 -0.046433 0.729613
2220.000000 24.010826 36.581598 -59.585563 0.646361 0.235523 -0.041689 0.724575
2221.000000 24.587819 37.492986 -58.817343 0.652137 0.232288 -0.036771 0.720699
2222.000000 25.113336 38.098497 -58.241626 0.656040 0.229222 -0.032686 0.718332
2223.000000 25.560699 38.452790 -57.850599 0.658362 0.226540 -0.029465 0.717196
2224.000000 25.907145 38.604460 -57.632137 0.659392 0.224432 -0.027163 0.717004
2225.000000 26.129839 38.599589 -57.572034 0.659411 0.223060 -0.025859 0.717462
2226.000000 26.203248 38.482869 -57.654853 0.658693 0.222586 -0.025634 0.718277
2227.000000 26.123853 38.279377 -57.864787 0.657395 0.223039 -0.026449 0.719295
2228.000000 25.968724 37.953779 -58.187488 0.655318 0.223927 -0.027921 0.720857
2229.000000 26.079426 37.305479 -58.595338 0.651314 0.223084 -0.028519 0.724714
2230.000000 26.492624 36.522591 -58.941725 0.646549 0.220341 -0.027690 0.729833
2231.000000 26.958395 35.958199 -59.116777 0.643140 0.217331 -0.026170 0.733794
2232.000000 27.132683 35.678078 -59.246001 0.641445 0.216190 -0.025754 0.735627
2233.000000 26.961243 35.270573 -59.606361 0.638908 0.217158 -0.027472 0.737485
2234.000000 26.961416 35.145399 -59.718859 0.638147 0.217125 -0.027720 0.738144
2235.000000 27.246876 35.362243 -59.499245 0.639548 0.215406 -0.025782 0.737505
2236.000000 27.690660 35.685334 -59.138509 0.641644 0.212706 -0.022793 0.736566
2237.000000 28.143061 35.899042 -58.833581 0.643072 0.209916 -0.019970 0.736203
2238.000000 28.391372 35.866491 -58.775064 0.642909 0.208365 -0.018709 0.736819
2239.000000 28.361324 35.627786 -58.974153 0.641403 0.208520 -0.019299 0.738072
2240.000000 28.078276 35.327469 -59.326888 0.639483 0.210230 -0.021348 0.739195
2241.000000 27.620214 35.089301 -59.718690 0.637936 0.213016 -0.024226 0.739645
2242.000000 27.451375 34.926139 -59.928761 0.636903 0.214015 -0.025403 0.740207
2243.000000 27.708669 35.177936 -59.700985 0.638503 0.212477 -0.023558 0.739332
2244.000000 27.923418 35.294699 -59.571826 0.639257 0.211175 -0.022201 0.739096
2245.000000 28.036192 35.080804 -59.685822 0.637938 0.210448 -0.021986 0.740448
2246.000000 28.230284 34.630625 -59.897415 0.635173 0.209172 -0.021756 0.743188
2247.000000 28.574450 34.170279 -60.038059 0.632371 0.206964 -0.020737 0.746219
2248.000000 28.630607 33.872363 -60.218544 0.630534 0.206568 -0.020954 0.747875
2249.000000 28.466904 33.759617 -60.397200 0.629821 0.207558 -0.022013 0.748172
2250.000000 28.343644 33.783615 -60.479265 0.629958 0.208313 -0.022612 0.747829
2251.000000 28.519674 33.893064 -60.372624 0.630663 0.207228 -0.021482 0.747569
2252.000000 29.076027 34.001894 -60.082673 0.631424 0.203773 -0.018357 0.747960
2253.000000 29.750931 34.050094 -59.763439 0.631812 0.199568 -0.014723 0.748845
2254.000000 30.308900 34.026205 -59.537320 0.631718 0.196082 -0.011831 0.749896
2255.000000 30.736254 33.916143 -59.422243 0.631060 0.193401 -0.009772 0.751175
2256.000000 31.080590 33.701480 -59.405304 0.629733 0.191219 -0.008316 0.752862
2257.000000 31.438549 33.374425 -59.439590 0.627696 0.188923 -0.006956 0.755154
2258.000000 32.211527 33.316513 -59.094178 0.627355 0.183985 -0.002919 0.756681
2259.000000 33.294803 33.479501 -58.435189 0.628381 0.177009 0.003179 0.757492
2260.000000 34.324109 33.736227 -57.725632 0.630005 0.170276 0.009140 0.757638
2261.000000 34.962359 33.954721 -57.251315 0.631413 0.166032 0.012901 0.757353
2262.000000 35.192892 33.799066 -57.241489 0.630371 0.164505 0.013899 0.758536
2263.000000 35.330373 32.997211 -57.662058 0.625057 0.163679 0.013481 0.763107
2264.000000 35.090244 32.144715 -58.324845 0.619475 0.165348 0.010967 0.767327
2265.000000 34.507983 31.447258 -59.085437 0.615004 0.169202 0.006858 0.770125
2266.000000 33.632670 31.044644 -59.835892 0.612498 0.174873 0.001680 0.770884
2267.000000 32.578252 30.946795 -60.503991 0.611896 0.181609 -0.003859 0.769797
2268.000000 31.657563 30.805712 -61.100554 0.610917 0.187422 -0.008652 0.769142
2269.000000 31.035828 30.666446 -61.528067 0.609940 0.191319 -0.011904 0.768914
2270.000000 30.859319 30.618319 -61.681352 0.609582 0.192433 -0.012819 0.768905
2271.000000 31.186230 30.673708 -61.530272 0.609934 0.190418 -0.011107 0.769154
2272.000000 31.453399 30.606298 -61.468782 0.609526 0.188760 -0.009897 0.769903
2273.000000 31.475733 30.809868 -61.395833 0.610807 0.188650 -0.009495 0.768919
2274.000000 31.801222 30.893016 -61.224970 0.611374 0.186617 -0.007777 0.768984
2275.000000 32.401855 30.893273 -60.946282 0.611436 0.182827 -0.004786 0.769869
2276.000000 33.164816 30.933413 -60.549359 0.611722 0.177978 -0.000851 0.770792
2277.000000 33.985754 31.135505 -60.025036 0.612989 0.172723 0.003662 0.770972
2278.000000 34.762341 31.545670 -59.401582 0.615585 0.167687 0.008250 0.769979
2279.000000 35.383756 31.673751 -59.005224 0.616375 0.163625 0.011618 0.770178
2280.000000 35.720046 31.128090 -59.133456 0.612773 0.161481 0.012586 0.773482
2281.000000 35.693989 30.084712 -59.726427 0.605945 0.161761 0.011042 0.778808
2282.000000 35.676974 29.251185 -60.187641 0.600519 0.161949 0.009839 0.782977
2283.000000 35.720956 28.778960 -60.425830 0.597462 0.161704 0.009438 0.785367
2284.000000 35.784347 28.682787 -60.471074 0.596850 0.161300 0.009633 0.785913
2285.000000 35.825543 28.971582 -60.347238 0.598731 0.161005 0.010217 0.784535
2286.000000 35.817958 29.441798 -60.163317 0.601786 0.161007 0.010790 0.782185
2287.000000 35.754976 29.597400 -60.164518 0.602790 0.161397 0.010670 0.781333
2288.000000 35.632033 28.987668 -60.573087 0.598827 0.162242 0.009242 0.784219
2289.000000 35.447489 27.963818 -61.198941 0.592214 0.163502 0.006975 0.788987
2290.000000 35.202514 27.167706 -61.734844 0.587120 0.165113 0.004730 0.792468
2291.000000 34.911783 26.773572 -62.108229 0.584648 0.166981 0.002802 0.793912
2292.000000 34.591084 26.921909 -62.260621 0.585644 0.169017 0.001466 0.792750
2293.000000 34.278055 27.491754 -62.223135 0.589277 0.171002 0.000764 0.789627
2294.000000 34.047329 27.910028 -62.203521 0.591897 0.172469 0.000265 0.787345
2295.000000 33.980226 27.558238 -62.437282 0.589650 0.172892 -0.000551 0.788936
2296.000000 33.682669 26.397500 -63.136518 0.582331 0.174742 -0.003582 0.793942
2297.000000 33.219708 25.206491 -63.902895 0.574912 0.177564 -0.007446 0.798681
2298.000000 33.574960 24.618922 -63.983695 0.571287 0.175305 -0.006677 0.801782
2299.000000 35.646052 24.994354 -62.743020 0.573552 0.162270 0.003429 0.802929
2300.000000 37.566814 25.663250 -61.376268 0.577755 0.149812 0.013170 0.802235
2301.000000 38.253054 26.087329 -60.813580 0.580564 0.145235 0.016726 0.800982
2302.000000 38.104755 26.037782 -60.971712 0.580293 0.146232 0.015850 0.801015
2303.000000 37.493796 25.513016 -61.608506 0.576913 0.150292 0.012338 0.802765
2304.000000 36.720562 24.935023 -62.336665 0.573259 0.155274 0.008055 0.804487
2305.000000 36.090576 24.798933 -62.787468 0.572479 0.159245 0.004972 0.804291
2306.000000 36.397776 25.240303 -62.469510 0.575299 0.157238 0.006954 0.802658
2307.000000 38.488783 25.316813 -61.213120 0.575585 0.143671 0.016776 0.804847
2308.000000 39.753834 25.800155 -60.238935 0.578649 0.135237 0.023203 0.803952
2309.000000 38.777038 25.727925 -60.947625 0.578308 0.141792 0.018455 0.803190
2310.000000 37.551040 25.271678 -61.941649 0.575425 0.149926 0.012208 0.803903
2311.000000 37.273113 24.754607 -62.356766 0.572095 0.151786 0.010306 0.805954
2312.000000 37.644509 24.249768 -62.365693 0.568782 0.149374 0.011434 0.808730
2313.000000 38.352822 23.814378 -62.133790 0.565872 0.144767 0.014212 0.811560
2314.000000 39.120528 23.510595 -61.805376 0.563774 0.139755 0.017406 0.813833
2315.000000 39.691366 23.390621 -61.524417 0.562933 0.135984 0.019830 0.814998
2316.000000 39.785078 23.513290 -61.457269 0.563824 0.135311 0.020243 0.814484
2317.000000 37.670134 24.095033 -62.595586 0.567933 0.149074 0.011185 0.809385
2318.000000 35.297346 23.640171 -64.173350 0.565070 0.164266 0.000091 0.808525
2319.000000 33.638409 22.971990 -65.336610 0.560839 0.174609 -0.007994 0.809264
2320.000000 32.520393 22.326052 -66.160043 0.556803 0.181423 -0.013662 0.810475
2321.000000 31.832760 21.680106 -66.743559 0.552833 0.185516 -0.017463 0.812191
2322.000000 31.460276 21.011376 -67.170835 0.548761 0.187685 -0.019957 0.814394
2323.000000 31.277078 20.298215 -67.514371 0.544405 0.188711 -0.021680 0.817032
2324.000000 31.160463 19.508473 -67.839942 0.539597 0.189302 -0.023238 0.820037
2325.000000 30.985825 18.613443 -68.210002 0.534148 0.190204 -0.025173 0.823332
2326.000000 30.627719 17.574678 -68.685126 0.527811 0.192157 -0.028022 0.826865
2327.000000 30.925638 16.687303 -68.812082 0.522485 0.190190 -0.028079 0.830691
2328.000000 31.436339 16.386066 -68.692079 0.520720 0.187055 -0.026503 0.832561
2329.000000 31.705062 16.477373 -68.585726 0.521313 0.185440 -0.025354 0.832588
2330.000000 31.756684 16.790469 -68.524826 0.523232 0.185173 -0.024755 0.831461
2331.000000 31.616323 17.154145 -68.538380 0.525428 0.186078 -0.024823 0.829870
2332.000000 31.309027 17.397721 -68.656481 0.526862 0.187972 -0.025685 0.828507
2333.000000 30.844611 17.413621 -68.900657 0.526894 0.190762 -0.027464 0.827791
2334.000000 30.189344 17.265575 -69.265565 0.525911 0.194638 -0.030211 0.827418
2335.000000 29.333766 16.993545 -69.737284 0.524144 0.199644 -0.033890 0.827204
2336.000000 28.378812 16.472042 -70.293893 0.520860 0.205128 -0.038266 0.827745
2337.000000 27.436663 15.639032 -70.894408 0.515727 0.210399 -0.042993 0.829403
2338.000000 26.615446 14.490960 -71.487983 0.508777 0.214813 -0.047688 0.832302
2339.000000 26.008326 13.045513 -72.027017 0.500168 0.217834 -0.052020 0.836465
2340.000000 25.396751 11.659026 -72.520668 0.491909 0.220859 -0.056245 0.840287
2341.000000 24.540501 10.753554 -72.993182 0.486359 0.225435 -0.060557 0.842002
2342.000000 23.625755 10.363809 -73.389504 0.483743 0.230525 -0.064223 0.841859
2343.000000 22.902572 10.413916 -73.650198 0.483688 0.234695 -0.066497 0.840561
2344.000000 22.670573 10.638446 -73.728606 0.484813 0.236138 -0.066836 0.839481
2345.000000 23.157801 10.793011 -73.593453 0.485879 0.233439 -0.064955 0.839767
2346.000000 24.133864 10.847306 -73.310622 0.486618 0.227878 -0.061664 0.841114
2347.000000 25.229240 10.851715 -72.979976 0.487110 0.221580 -0.058047 0.842767
2348.000000 26.241972 10.978825 -72.642485 0.488255 0.215775 -0.054486 0.843848
2349.000000 27.044601 11.416778 -72.318837 0.491112 0.211267 -0.051144 0.843540
2350.000000 27.823601 12.014294 -71.963869 0.494879 0.206915 -0.047614 0.842623
2351.000000 28.799134 12.564266 -71.522626 0.498415 0.201352 -0.043442 0.842112
2352.000000 30.164846 13.154952 -70.888654 0.502306 0.193425 -0.037841 0.841928
2353.000000 31.629954 13.409602 -70.237783 0.504215 0.184714 -0.032327 0.842973
2354.000000 32.691207 13.093968 -69.849163 0.502539 0.178245 -0.028928 0.845486
2355.000000 33.144130 12.511995 -69.781461 0.499067 0.175402 -0.027993 0.848164
2356.000000 33.123373 11.984089 -69.922974 0.495846 0.175439 -0.028706 0.850020
2357.000000 32.849894 11.800501 -70.120982 0.494707 0.177052 -0.029918 0.850307
2358.000000 32.284843 11.978053 -70.390404 0.495694 0.180485 -0.031708 0.848945
2359.000000 31.504999 12.028226 -70.772432 0.495803 0.185179 -0.034365 0.847766
2360.000000 30.887257 11.380453 -71.189367 0.491740 0.188714 -0.037329 0.849227
2361.000000 30.846959 10.465482 -71.385906 0.486248 0.188712 -0.038664 0.852324
2362.000000 30.690178 9.533060 -71.622769 0.480630 0.189394 -0.040421 0.855272
2363.000000 30.350538 8.993729 -71.876187 0.477335 0.191268 -0.042291 0.856609
2364.000000 29.986261 9.137597 -72.050572 0.478098 0.193489 -0.043330 0.855632
2365.000000 29.502828 9.694229 -72.217126 0.481232 0.196535 -0.044189 0.853134
2366.000000 28.895013 10.291613 -72.418801 0.484524 0.200310 -0.045362 0.850326
2367.000000 28.849420 10.418027 -72.457193 0.485235 0.200615 -0.045315 0.849851
2368.000000 29.459641 10.024944 -72.305075 0.483127 0.196890 -0.043826 0.851999
2369.000000 30.480247 9.605725 -71.976552 0.480953 0.190730 -0.040970 0.854768
2370.000000 31.367663 9.707529 -71.619715 0.481802 0.185488 -0.037845 0.855587
2371.000000 31.539767 9.853845 -71.563830 0.482738 0.184512 -0.037093 0.855303
2372.000000 31.231885 9.803199 -71.744672 0.482365 0.186335 -0.038210 0.855069
2373.000000 30.729749 9.525367 -72.036753 0.480566 0.189241 -0.040244 0.855351
2374.000000 30.352790 8.968512 -72.305607 0.477140 0.191308 -0.042208 0.856713
2375.000000 30.417509 8.153042 -72.412954 0.472315 0.190673 -0.043061 0.859481
2376.000000 31.072249 7.311594 -72.263200 0.467471 0.186540 -0.041989 0.863082
2377.000000 31.327064 6.994980 -72.223804 0.465644 0.184941 -0.041559 0.864434
2378.000000 30.767253 7.412526 -72.462111 0.468004 0.188397 -0.042876 0.862346
2379.000000 30.296520 7.823273 -72.656627 0.470302 0.191321 -0.043872 0.860399
2380.000000 30.147401 7.985886 -72.740111 0.471203 0.192260 -0.044133 0.859684
2381.000000 30.243021 7.897012 -72.748608 0.470694 0.191661 -0.043935 0.860106
2382.000000 30.395281 7.620053 -72.753041 0.469104 0.190668 -0.043808 0.861201
2383.000000 30.277758 7.338517 -72.869923 0.467421 0.191284 -0.044561 0.861941
2384.000000 30.112845 7.269985 -72.983492 0.466977 0.192238 -0.045176 0.861938
2385.000000 29.997308 7.042743 -73.091248 0.465600 0.192842 -0.045833 0.862513
2386.000000 29.684194 6.654141 -73.293362 0.463201 0.194559 -0.047323 0.863338
2387.000000 29.886997 6.117206 -73.296643 0.460091 0.193192 -0.047383 0.865302
2388.000000 30.562793 5.324480 -73.119603 0.455595 0.188962 -0.046287 0.868668
2389.000000 30.443405 5.021896 -73.230508 0.453770 0.189585 -0.047067 0.869445
2390.000000 29.677063 5.156071 -73.574357 0.454329 0.194153 -0.049302 0.868020
2391.000000 29.053684 5.314112 -73.850385 0.455040 0.197868 -0.051029 0.866708
2392.000000 29.036329 5.331755 -73.893653 0.455126 0.197960 -0.051048 0.866641
2393.000000 29.639762 5.333717 -73.691269 0.455333 0.194404 -0.049165 0.867445
2394.000000 30.267110 5.438696 -73.467022 0.456165 0.190742 -0.047083 0.867936
2395.000000 30.486059 6.011708 -73.371405 0.459644 0.189637 -0.045685 0.866417
2396.000000 30.295384 6.424530 -73.454815 0.462036 0.190892 -0.045772 0.864863
2397.000000 29.386025 6.131886 -73.886837 0.460002 0.196148 -0.048968 0.864596
2398.000000 28.601805 5.584710 -74.275280 0.456529 0.200538 -0.052104 0.865246
2399.000000 28.413552 4.804964 -74.440047 0.451936 0.201341 -0.053739 0.867368
2400.000000 28.523886 4.080553 -74.479464 0.447774 0.200423 -0.054392 0.869696
2401.000000 28.301477 3.818956 -74.617022 0.446184 0.201616 -0.055436 0.870171
2402.000000 27.961943 3.741857 -74.788156 0.445599 0.203566 -0.056572 0.869944
2403.000000 27.794035 3.449269 -74.903881 0.443817 0.204435 -0.057470 0.870592
2404.000000 27.504096 2.928542 -75.071928 0.440666 0.205921 -0.059032 0.871737
2405.000000 27.141609 2.133112 -75.269466 0.435907 0.207707 -0.061189 0.873555
2406.000000 27.290819 1.691474 -75.265933 0.433401 0.206678 -0.061349 0.875034
2407.000000 27.354215 2.222475 -75.267929 0.436515 0.206530 -0.060429 0.873584
2408.000000 27.143073 3.186951 -75.347957 0.442020 0.208124 -0.059721 0.870480
2409.000000 27.015643 3.881111 -75.399713 0.445973 0.209124 -0.059139 0.868262
2410.000000 26.841538 3.940677 -75.497687 0.446241 0.210146 -0.059578 0.867847
2411.000000 26.626717 3.516816 -75.633062 0.443714 0.211202 -0.060805 0.868800
2412.000000 26.246596 2.774710 -75.835400 0.439304 0.213080 -0.062957 0.870428
2413.000000 25.688712 2.101515 -76.086608 0.435240 0.215989 -0.065532 0.871562
2414.000000 25.308886 1.447841 -76.267599 0.431365 0.217864 -0.067566 0.872866
2415.000000 24.980636 1.259877 -76.417935 0.430161 0.219648 -0.068780 0.872918
2416.000000 24.383919 1.457751 -76.646061 0.431018 0.223144 -0.070178 0.871496
2417.000000 24.087922 1.134196 -76.784089 0.429023 0.224686 -0.071470 0.871979
2418.000000 23.735787 0.326265 -76.939944 0.424250 0.226305 -0.073625 0.873715
2419.000000 23.185074 -0.363611 -77.145964 0.420059 0.229085 -0.076159 0.874797
2420.000000 22.871572 -0.668785 -77.276196 0.418174 0.230707 -0.077467 0.875159
2421.000000 22.734098 -0.801495 -77.354268 0.417360 0.231421 -0.078030 0.875309
2422.000000 22.683252 -0.810416 -77.407879 0.417285 0.231706 -0.078171 0.875257
2423.000000 22.408475 -0.550780 -77.529162 0.418616 0.233392 -0.078525 0.874141
2424.000000 21.948111 -0.106660 -77.701669 0.420880 0.236214 -0.079097 0.872242
2425.000000 21.577771 -0.047342 -77.844224 0.421019 0.238324 -0.080001 0.871519
2426.000000 21.199496 -0.580756 -77.984787 0.417835 0.240167 -0.081833 0.872374
2427.000000 20.956193 -0.918361 -78.085895 0.415815 0.241344 -0.083005 0.872904
2428.000000 20.925262 -1.429576 -78.125200 0.412942 0.241237 -0.083882 0.874212
2429.000000 20.877192 -1.911207 -78.166651 0.410228 0.241246 -0.084755 0.875403
2430.000000 20.733980 -2.164559 -78.237151 0.408738 0.241911 -0.085526 0.875841
2431.000000 20.802882 -2.121229 -78.259073 0.409015 0.241553 -0.085280 0.875835
2432.000000 20.644959 -2.355034 -78.333021 0.407623 0.242306 -0.086059 0.876199
2433.000000 20.052780 -2.328940 -78.526186 0.407437 0.245622 -0.087561 0.875213
2434.000000 19.733560 -2.502928 -78.640465 0.406281 0.247304 -0.088656 0.875167
2435.000000 19.650124 -2.794363 -78.690322 0.404611 0.247603 -0.089326 0.875787
2436.000000 19.654787 -3.064064 -78.717700 0.403122 0.247419 -0.089733 0.876484
2437.000000 19.524737 -3.537718 -78.768854 0.400406 0.247867 -0.090811 0.877491
2438.000000 19.451636 -3.721847 -78.817686 0.399346 0.248176 -0.091291 0.877837
2439.000000 19.531820 -3.698668 -78.838075 0.399529 0.247746 -0.091058 0.877899
2440.000000 19.518687 -3.792760 -78.875815 0.399005 0.247761 -0.091250 0.878113
2441.000000 19.122961 -4.268831 -78.987174 0.396124 0.249681 -0.093004 0.878689
2442.000000 18.445111 -4.471040 -79.175667 0.394591 0.253323 -0.095021 0.878121
2443.000000 18.226655 -5.042485 -79.230509 0.391284 0.254185 -0.096476 0.879192
2444.000000 18.081827 -5.423516 -79.277141 0.389084 0.254749 -0.097439 0.879899
2445.000000 18.013977 -5.559138 -79.321908 0.388294 0.255040 -0.097815 0.880122
2446.000000 17.946656 -5.570234 -79.375269 0.388191 0.255409 -0.097993 0.880040
2447.000000 17.792281 -5.259631 -79.470282 0.389812 0.256463 -0.097879 0.879029
2448.000000 17.540270 -5.007911 -79.581656 0.391041 0.258020 -0.098097 0.878003
2449.000000 17.437856 -4.917134 -79.648805 0.391476 0.258644 -0.098203 0.877614
2450.000000 17.430575 -4.980255 -79.685251 0.391127 0.258641 -0.098326 0.877756
2451.000000 16.685353 -5.489888 -79.849815 0.387853 0.262421 -0.100970 0.877787
2452.000000 16.886130 -5.834790 -79.821888 0.386088 0.261095 -0.101048 0.878951
2453.000000 16.721576 -5.889110 -79.891377 0.385695 0.261961 -0.101540 0.878809
2454.000000 16.088859 -5.873776 -80.060849 0.385390 0.265430 -0.103045 0.877726
2455.000000 15.236548 -5.886015 -80.264872 0.384778 0.270071 -0.105110 0.876333
2456.000000 14.539325 -5.896228 -80.432346 0.384246 0.273880 -0.106794 0.875180
2457.000000 14.122741 -6.073561 -80.531781 0.382990 0.276023 -0.108087 0.874899
2458.000000 13.882632 -6.156350 -80.606121 0.382375 0.277273 -0.108805 0.874683
2459.000000 13.627584 -6.346706 -80.674039 0.381176 0.278534 -0.109748 0.874688
2460.000000 13.693576 -6.194550 -80.713889 0.382049 0.278289 -0.109335 0.874437
2461.000000 14.354879 -5.592434 -80.681980 0.385755 0.275113 -0.106738 0.874135
2462.000000 13.471026 -5.432633 -80.883964 0.386018 0.280008 -0.108555 0.872239
2463.000000 12.998217 -5.641844 -80.985663 0.384571 0.282412 -0.110034 0.871918
2464.000000 12.878555 -5.923738 -81.023145 0.382979 0.282849 -0.110811 0.872378
2465.000000 12.723955 -5.941283 -81.084609 0.382797 0.283643 -0.111207 0.872150
2466.000000 12.329231 -5.699519 -81.201394 0.383839 0.285910 -0.111723 0.870885
2467.000000 11.815892 -5.679383 -81.317981 0.383582 0.288685 -0.112907 0.869930
2468.000000 11.398990 -5.989753 -81.394116 0.381616 0.290711 -0.114439 0.869920
2469.000000 11.005044 -6.223145 -81.469732 0.380082 0.292659 -0.115779 0.869761
2470.000000 10.281337 -6.601360 -81.573491 0.377556 0.296247 -0.118158 0.869326
2471.000000 9.740239 -6.670752 -81.673277 0.376806 0.299076 -0.119547 0.868492
2472.000000 9.885129 -6.090102 -81.740148 0.379986 0.298744 -0.118128 0.867415
2473.000000 9.898990 -5.772823 -81.800189 0.381659 0.298911 -0.117488 0.866710
2474.000000 10.402832 -6.046946 -81.756416 0.380566 0.296030 -0.116816 0.868268
2475.000000 10.811161 -6.628329 -81.696987 0.377770 0.293432 -0.116919 0.870355
2476.000000 11.235841 -7.927130 -81.562763 0.371141 0.290232 -0.118256 0.874091
2477.000000 11.535302 -8.823109 -81.468087 0.366551 0.287990 -0.119148 0.876644
2478.000000 11.272694 -8.926127 -81.532759 0.365820 0.289326 -0.119943 0.876402
2479.000000 10.722111 -8.765467 -81.662952 0.366282 0.292381 -0.120910 0.875061
2480.000000 10.356290 -8.726926 -81.752846 0.366208 0.294367 -0.121652 0.874323
2481.000000 10.393294 -8.977169 -81.759243 0.364868 0.293987 -0.122004 0.874962
2482.000000 10.642796 -9.282061 -81.731462 0.363394 0.292433 -0.121973 0.876100
2483.000000 10.658184 -9.063921 -81.792922 0.364565 0.292528 -0.121535 0.875642
2484.000000 9.721920 -8.347686 -82.024705 0.367699 0.298060 -0.122342 0.872348
2485.000000 8.857521 -7.935940 -82.202299 0.369236 0.302959 -0.123514 0.869842
2486.000000 8.240912 -7.523524 -82.343837 0.370945 0.306526 -0.124116 0.867777
2487.000000 7.955575 -7.427373 -82.419310 0.371237 0.308096 -0.124569 0.867031
2488.000000 8.236311 -7.533534 -82.421035 0.370910 0.306527 -0.124158 0.867785
2489.000000 8.420721 -7.869320 -82.410185 0.369299 0.305303 -0.124387 0.868871
2490.000000 8.235850 -8.349461 -82.420690 0.366628 0.305927 -0.125693 0.869594
2491.000000 7.896304 -8.828360 -82.442727 0.363825 0.307361 -0.127331 0.870027
2492.000000 7.762677 -9.463184 -82.423517 0.360355 0.307573 -0.128805 0.871179
2493.000000 8.004297 -10.497399 -82.313742 0.355066 0.305475 -0.130196 0.873878
2494.000000 8.831109 -11.350396 -82.154670 0.351162 0.300421 -0.129946 0.877238
2495.000000 9.559229 -11.605600 -82.076431 0.350350 0.296355 -0.128811 0.879111
2496.000000 9.700951 -11.121347 -82.165724 0.353052 0.295976 -0.127638 0.878329
2497.000000 9.242639 -10.381929 -82.353838 0.356641 0.298983 -0.127304 0.875905
2498.000000 8.341447 -10.003595 -82.535164 0.357930 0.304060 -0.128553 0.873446
2499.000000 7.543760 -9.727848 -82.683235 0.358745 0.308491 -0.129742 0.871380
2500.000000 6.999779 -9.365728 -82.811506 0.360220 0.311632 -0.130233 0.869578
2501.000000 6.370933 -8.894874 -82.953012 0.362202 0.315291 -0.130721 0.867360
2502.000000 5.607803 -8.395893 -83.099012 0.364212 0.319664 -0.131447 0.864804
2503.000000 5.198490 -7.648479 -83.236690 0.367775 0.322385 -0.130911 0.862364
2504.000000 4.551147 -7.460587 -83.330582 0.368232 0.325896 -0.131966 0.860687
2505.000000 4.031805 -7.669023 -83.377316 0.366743 0.328415 -0.133520 0.860125
2506.000000 4.089452 -7.696468 -83.410897 0.366657 0.328092 -0.133464 0.860294
2507.000000 4.166323 -7.874240 -83.429390 0.365805 0.327553 -0.133656 0.860832
2508.000000 4.171882 -8.388866 -83.417773 0.363156 0.327105 -0.134651 0.861968
2509.000000 4.300257 -8.918030 -83.395067 0.360516 0.326012 -0.135402 0.863372
2510.000000 4.615163 -9.208283 -83.385381 0.359260 0.324145 -0.135281 0.864616
2511.000000 5.153027 -9.374643 -83.374141 0.358834 0.321216 -0.134436 0.866017
2512.000000 5.450661 -9.700541 -83.356845 0.357389 0.319402 -0.134432 0.867285
2513.000000 5.166046 -10.169878 -83.357895 0.354721 0.320498 -0.135964 0.867737
2514.000000 4.934678 -10.024157 -83.428352 0.355290 0.321820 -0.136189 0.866980
2515.000000 4.673168 -10.173679 -83.464116 0.354300 0.323053 -0.137034 0.866793
2516.000000 4.173326 -10.947987 -83.431474 0.349871 0.324999 -0.139590 0.867456
2517.000000 4.306510 -11.171939 -83.433846 0.348814 0.324121 -0.139737 0.868186
2518.000000 5.021010 -10.884516 -83.470719 0.350896 0.320650 -0.137677 0.868965
2519.000000 5.280828 -10.788452 -83.506136 0.351619 0.319376 -0.136956 0.869256
2520.000000 5.113011 -11.045565 -83.521710 0.350142 0.320037 -0.137813 0.869474
2521.000000 4.679839 -11.500488 -83.524315 0.347406 0.321914 -0.139603 0.869593
2522.000000 4.328976 -11.742253 -83.548477 0.345859 0.323531 -0.140799 0.869416
2523.000000 4.195602 -11.892196 -83.572938 0.344978 0.324086 -0.141359 0.869469
2524.000000 4.296860 -12.173713 -83.566147 0.343601 0.323320 -0.141691 0.870245
2525.000000 4.424472 -11.908310 -83.636550 0.345087 0.322883 -0.140912 0.869946
2526.000000 4.136037 -11.524157 -83.743848 0.346833 0.324708 -0.140763 0.868595
2527.000000 3.697929 -11.651647 -83.785456 0.345794 0.326881 -0.141911 0.868007
2528.000000 3.155613 -11.906784 -83.810526 0.344007 0.329473 -0.143532 0.867471
2529.000000 2.990282 -11.781023 -83.873166 0.344518 0.330430 -0.143626 0.866888
2530.000000 2.765551 -11.276905 -83.988997 0.346934 0.332014 -0.143097 0.865406
2531.000000 2.748056 -10.848085 -84.084871 0.349124 0.332474 -0.142288 0.864481
2532.000000 3.118545 -10.742989 -84.124253 0.349977 0.330657 -0.141320 0.864992
2533.000000 3.403067 -10.615956 -84.168177 0.350871 0.329295 -0.140485 0.865285
2534.000000 3.462600 -10.824405 -84.178114 0.349852 0.328815 -0.140765 0.865835
2535.000000 3.178145 -11.466606 -84.143370 0.346314 0.329745 -0.142604 0.866602
2536.000000 3.476698 -11.548694 -84.159311 0.346149 0.328140 -0.142146 0.867352
2537.000000 3.641266 -11.503260 -84.197320 0.346525 0.327321 -0.141726 0.867580
2538.000000 3.375021 -11.716209 -84.217833 0.345203 0.328509 -0.142688 0.867500
2539.000000 3.063332 -12.179785 -84.202632 0.342544 0.329716 -0.144226 0.867842
2540.000000 3.142816 -13.154894 -84.091492 0.337567 0.328468 -0.145977 0.869970
2541.000000 3.095427 -13.902626 -84.011810 0.333655 0.328063 -0.147529 0.871369
2542.000000 2.702636 -13.921558 -84.061248 0.333224 0.330073 -0.148355 0.870634
2543.000000 2.598224 -14.078680 -84.077317 0.332318 0.330482 -0.148866 0.870739
2544.000000 2.350662 -13.995395 -84.137355 0.332528 0.331841 -0.149192 0.870085
2545.000000 2.183872 -13.288162 -84.294951 0.336019 0.333328 -0.148121 0.868357
2546.000000 2.169864 -12.997200 -84.379243 0.337493 0.333658 -0.147568 0.867753
2547.000000 1.891301 -12.815252 -84.452654 0.338182 0.335253 -0.147759 0.866837
2548.000000 1.561515 -12.610391 -84.528948 0.338940 0.337119 -0.148009 0.865773
2549.000000 1.590253 -12.349909 -84.605663 0.340298 0.337196 -0.147433 0.865309
2550.000000 1.403540 -11.866323 -84.717122 0.342611 0.338574 -0.146844 0.863957
2551.000000 1.219623 -11.565233 -84.800551 0.343992 0.339769 -0.146610 0.862979
2552.000000 1.267828 -11.447185 -84.854826 0.344640 0.339625 -0.146279 0.862833
2553.000000 0.966449 -11.009607 -84.955526 0.346600 0.341541 -0.146014 0.861335
2554.000000 0.788181 -10.922272 -85.007446 0.346888 0.342519 -0.146200 0.860799
2555.000000 0.892623 -11.304540 -84.995195 0.345041 0.341656 -0.146766 0.861787
2556.000000 0.592866 -11.831483 -84.964876 0.342105 0.342718 -0.148434 0.862251
2557.000000 0.485317 -12.278050 -84.941087 0.339747 0.342868 -0.149552 0.862930
2558.000000 0.708332 -12.215818 -84.987389 0.340264 0.341792 -0.148974 0.863253
2559.000000 0.711207 -12.312428 -85.012420 0.339778 0.341690 -0.149167 0.863451
2560.000000 0.414182 -12.514439 -85.023578 0.338491 0.343016 -0.150171 0.863257
2561.000000 -0.249446 -12.498935 -85.065193 0.337977 0.346394 -0.151464 0.861882
2562.000000 -1.024866 -12.582868 -85.085752 0.336855 0.350242 -0.153174 0.860463
2563.000000 -1.273670 -12.808616 -85.087721 0.335496 0.351294 -0.154128 0.860395
2564.000000 -1.207608 -12.746532 -85.136867 0.335869 0.351013 -0.153862 0.860412
2565.000000 -1.282030 -12.517204 -85.208504 0.336954 0.351599 -0.153537 0.859806
2566.000000 -1.011390 -12.317035 -85.280036 0.338204 0.350422 -0.152596 0.859963
2567.000000 -0.852973 -12.419349 -85.305716 0.337829 0.349544 -0.152496 0.860486
2568.000000 -0.776678 -12.667046 -85.308886 0.336646 0.348943 -0.152846 0.861131
2569.000000 -0.964512 -12.395031 -85.385829 0.337849 0.350132 -0.152649 0.860211
2570.000000 -0.610510 -12.118609 -85.467670 0.339559 0.348595 -0.151380 0.860387
2571.000000 0.110141 -12.408751 -85.466946 0.338738 0.344695 -0.150545 0.862426
2572.000000 0.516444 -12.939081 -85.425496 0.336411 0.342173 -0.150807 0.864293
2573.000000 0.255218 -13.130598 -85.436311 0.335211 0.343324 -0.151703 0.864146
2574.000000 -0.429028 -13.055808 -85.486123 0.334991 0.346845 -0.152900 0.862613
2575.000000 -0.798030 -12.974796 -85.534738 0.335075 0.348770 -0.153460 0.861704
2576.000000 -1.302795 -12.889120 -85.580107 0.335046 0.351382 -0.154272 0.860509
2577.000000 -1.892769 -12.779092 -85.624066 0.335048 0.354450 -0.155191 0.859083
2578.000000 -2.475072 -12.977842 -85.618044 0.333515 0.357199 -0.156734 0.858260
2579.000000 -2.652388 -13.494774 -85.571765 0.330765 0.357618 -0.158160 0.858888
2580.000000 -2.773371 -13.569619 -85.595171 0.330286 0.358157 -0.158551 0.858776
2581.000000 -3.063878 -13.135151 -85.691969 0.332200 0.360011 -0.158205 0.857325
2582.000000 -3.041472 -12.892733 -85.768320 0.333429 0.360127 -0.157653 0.856901
2583.000000 -2.956121 -12.875795 -85.812535 0.333586 0.359720 -0.157454 0.857047
2584.000000 -2.961293 -12.886206 -85.849520 0.333525 0.359735 -0.157486 0.857059
2585.000000 -3.071255 -12.830649 -85.892862 0.333704 0.360328 -0.157580 0.856723
2586.000000 -3.069172 -12.612006 -85.964195 0.334798 0.360515 -0.157115 0.856303
2587.000000 -2.935528 -12.147570 -86.074396 0.337224 0.360269 -0.155880 0.855680
2588.000000 -2.593476 -11.931040 -86.154390 0.338608 0.358763 -0.154764 0.855969
2589.000000 -2.183389 -12.076316 -86.184389 0.338258 0.356597 -0.154269 0.857101
2590.000000 -2.233591 -12.306211 -86.189544 0.337070 0.356652 -0.154834 0.857444
2591.000000 -2.107291 -12.693602 -86.175548 0.335259 0.355680 -0.155380 0.858458
2592.000000 -2.041361 -12.883111 -86.188050 0.334382 0.355185 -0.155639 0.858958
2593.000000 -1.643507 -13.175937 -86.191117 0.333282 0.352936 -0.155471 0.860342
2594.000000 -1.018613 -13.610335 -86.171918 0.331666 0.349418 -0.155143 0.862459
2595.000000 -0.466461 -13.574510 -86.221102 0.332333 0.346691 -0.153997 0.863508
2596.000000 -0.232887 -13.103020 -86.333631 0.334897 0.345937 -0.152606 0.863066
2597.000000 -0.066510 -12.688117 -86.434384 0.337109 0.345467 -0.151464 0.862594
2598.000000 -0.303494 -12.341925 -86.522530 0.338619 0.346948 -0.151237 0.861447
2599.000000 -1.023432 -12.129067 -86.585734 0.339031 0.350720 -0.152198 0.859587
2600.000000 -1.596480 -12.352223 -86.584503 0.337423 0.353364 -0.153763 0.858857
2601.000000 -2.111772 -12.500009 -86.591510 0.336255 0.355778 -0.155074 0.858083
2602.000000 -2.371501 -12.259722 -86.658360 0.337236 0.357271 -0.155094 0.857074
2603.000000 -2.437278 -11.738682 -86.767568 0.339763 0.358056 -0.154160 0.855916
2604.000000 -2.571192 -11.873838 -86.783913 0.338972 0.358600 -0.154710 0.855902
2605.000000 -2.978463 -12.581286 -86.709637 0.335099 0.359985 -0.156964 0.856435
2606.000000 -3.398395 -13.410711 -86.608348 0.330607 0.361306 -0.159505 0.857155
2607.000000 -3.789916 -13.975075 -86.541629 0.327455 0.362712 -0.161445 0.857408
2608.000000 -4.114340 -13.903964 -86.577337 0.327517 0.364370 -0.161916 0.856593
2609.000000 -4.272036 -13.425329 -86.683861 0.329727 0.365589 -0.161200 0.855359
2610.000000 -4.201224 -13.159813 -86.766665 0.331089 0.365491 -0.160493 0.855008
2611.000000 -4.133094 -13.128430 -86.813544 0.331301 0.365192 -0.160284 0.855093
2612.000000 -4.316172 -13.314735 -86.815261 0.330217 0.365928 -0.161019 0.855059
2613.000000 -4.991042 -13.526617 -86.785404 0.328559 0.369054 -0.162755 0.854025
2614.000000 -5.847557 -12.852938 -86.873270 0.331072 0.373894 -0.162942 0.850908
2615.000000 -6.230320 -12.554411 -86.929055 0.332165 0.376051 -0.163017 0.849516
2616.000000 -6.253546 -13.009607 -86.899081 0.329908 0.375733 -0.164044 0.850338
2617.000000 -6.166295 -13.649560 -86.845806 0.326849 0.374697 -0.165262 0.851740
2618.000000 -6.039484 -14.223834 -86.801395 0.324151 0.373531 -0.166258 0.853088
2619.000000 -5.947488 -14.543146 -86.793870 0.322676 0.372783 -0.166765 0.853875
2620.000000 -6.077288 -14.110088 -86.895161 0.324681 0.373838 -0.166077 0.852787
2621.000000 -6.200701 -13.225082 -87.064092 0.328885 0.375284 -0.164396 0.850865
2622.000000 -5.999501 -12.782218 -87.182887 0.331227 0.374714 -0.163062 0.850464
2623.000000 -5.499302 -13.012403 -87.220576 0.330574 0.372049 -0.162623 0.851971
2624.000000 -4.888482 -13.820293 -87.171514 0.327193 0.368307 -0.163186 0.854789
2625.000000 -4.739758 -14.350084 -87.133153 0.324733 0.367096 -0.164006 0.856091
2626.000000 -5.310308 -14.368240 -87.136449 0.324142 0.369853 -0.165155 0.854906
2627.000000 -6.478868 -14.248076 -87.116217 0.323688 0.375596 -0.167225 0.852168
2628.000000 -7.935094 -14.003677 -87.074314 0.323551 0.382816 -0.169591 0.848531
2629.000000 -9.847327 -14.036439 -86.912430 0.321535 0.392025 -0.173290 0.844336
2630.000000 -12.133899 -15.356198 -86.437507 0.312676 0.401940 -0.180222 0.841545
2631.000000 -14.139424 -17.903092 -85.678075 0.297936 0.409217 -0.189414 0.841367
2632.000000 -15.524891 -20.795218 -84.819630 0.281920 0.413049 -0.198292 0.842966
2633.000000 -16.988543 -22.416193 -84.162895 0.271939 0.418736 -0.204180 0.842033
2634.000000 -20.798982 -18.399394 -84.319245 0.287283 0.442373 -0.200326 0.825617
2635.000000 -24.423775 -14.218456 -84.191823 0.303101 0.465194 -0.194842 0.808555
2636.000000 -27.657370 -10.029420 -83.831350 0.319102 0.485751 -0.188262 0.791693
2637.000000 -30.333786 -5.991387 -83.331057 0.334849 0.503013 -0.180995 0.775948
2638.000000 -32.641466 -2.316217 -82.680742 0.349289 0.517679 -0.174273 0.761337
2639.000000 -34.435813 1.502843 -82.000110 0.365017 0.529768 -0.166226 0.747313
