0.000000 0.000000 0.000000 0.000000 -0.000000 0.000000 0.000000 1.000000
1.000000 -0.027780 0.000431 -0.047100 -0.000071 0.069404 -0.000321 0.997589
2.000000 -0.038427 0.000284 -0.078070 -0.001751 0.142728 -0.000727 0.989760
3.000000 -0.040947 -0.000763 -0.104823 -0.004673 0.216498 -0.001378 0.976271
4.000000 -0.046592 -0.002881 -0.132713 -0.008345 0.286875 -0.002268 0.957929
5.000000 -0.059248 -0.005463 -0.161065 -0.012287 0.350668 -0.003221 0.936414
6.000000 -0.075905 -0.007535 -0.188826 -0.016154 0.406002 -0.003978 0.913721
7.000000 -0.088768 -0.009456 -0.218675 -0.020617 0.439799 -0.005056 0.897845
8.000000 -0.092717 -0.011531 -0.252566 -0.025551 0.450456 -0.006829 0.892407
9.000000 -0.092777 -0.013978 -0.288032 -0.030810 0.453415 -0.009091 0.890721
10.000000 -0.092373 -0.016644 -0.323740 -0.035810 0.455303 -0.011393 0.889543
11.000000 -0.090724 -0.018857 -0.359954 -0.039535 0.454922 -0.013223 0.889555
12.000000 -0.087945 -0.020554 -0.396586 -0.042042 0.452519 -0.014567 0.890644
13.000000 -0.084532 -0.021872 -0.433466 -0.043595 0.448694 -0.015529 0.892486
14.000000 -0.080610 -0.022866 -0.470465 -0.044458 0.444046 -0.016215 0.894753
15.000000 -0.076143 -0.023575 -0.507475 -0.044898 0.439173 -0.016726 0.897124
16.000000 -0.071487 -0.024149 -0.544388 -0.045186 0.434670 -0.017148 0.899292
17.000000 -0.067464 -0.024859 -0.581103 -0.045591 0.431139 -0.017571 0.900961
18.000000 -0.065033 -0.026038 -0.617551 -0.046364 0.429129 -0.018075 0.901871
19.000000 -0.064303 -0.027803 -0.653771 -0.047543 0.428481 -0.018683 0.902106
20.000000 -0.064648 -0.030090 -0.689857 -0.049027 0.428593 -0.019385 0.901958
21.000000 -0.065639 -0.032864 -0.725860 -0.050757 0.429104 -0.020168 0.901602
22.000000 -0.067304 -0.036157 -0.761775 -0.052729 0.429989 -0.021033 0.901047
23.000000 -0.069702 -0.040003 -0.797594 -0.054939 0.431247 -0.021987 0.900291
24.000000 -0.072279 -0.040248 -0.833570 -0.055117 0.432601 -0.021964 0.899631
25.000000 -0.074095 -0.029124 -0.870058 -0.049505 0.433658 -0.019167 0.899512
26.000000 -0.076580 -0.013449 -0.906384 -0.042206 0.435075 -0.015519 0.899271
27.000000 -0.080321 0.003722 -0.942299 -0.034884 0.437063 -0.011809 0.898677
28.000000 -0.085206 0.022477 -0.977761 -0.027503 0.439518 -0.008036 0.897777
29.000000 -0.091343 0.041142 -1.012767 -0.020000 0.442328 -0.004192 0.896620
30.000000 -0.098908 0.056858 -1.047473 -0.012314 0.445381 -0.000271 0.895257
31.000000 -0.107044 0.073102 -1.081859 -0.004386 0.448560 0.003738 0.893734
32.000000 -0.115275 0.091430 -1.115839 0.003830 0.451751 0.007873 0.892101
33.000000 -0.123380 0.112013 -1.149352 0.012374 0.454837 0.012172 0.890406
34.000000 -0.132014 0.129155 -1.182889 0.019085 0.458081 0.015545 0.888570
35.000000 -0.142267 0.132387 -1.217639 0.020326 0.461933 0.016082 0.886536
36.000000 -0.151851 0.131958 -1.252812 0.020200 0.465461 0.015875 0.884696
37.000000 -0.159734 0.132485 -1.288049 0.020408 0.468288 0.015840 0.883198
38.000000 -0.165796 0.134077 -1.323380 0.020958 0.470413 0.016012 0.882052
39.000000 -0.169930 0.136787 -1.358828 0.021843 0.471837 0.016408 0.881262
40.000000 -0.172022 0.140673 -1.394404 0.023064 0.472562 0.017026 0.880831
41.000000 -0.171951 0.145801 -1.430105 0.024629 0.472585 0.017853 0.880760
42.000000 -0.169603 0.152233 -1.465919 0.026540 0.471906 0.018885 0.881047
43.000000 -0.164861 0.160027 -1.501815 0.028797 0.470521 0.020122 0.881689
44.000000 -0.157612 0.169242 -1.537751 0.031397 0.468426 0.021572 0.882681
45.000000 -0.147744 0.179932 -1.573669 0.034334 0.465619 0.023242 0.884013
46.000000 -0.135150 0.192152 -1.609495 0.037604 0.462094 0.025139 0.885677
47.000000 -0.119846 0.205630 -1.645173 0.041121 0.457883 0.027210 0.887644
48.000000 -0.103624 0.215530 -1.681125 0.043615 0.453524 0.028766 0.889711
49.000000 -0.088632 0.216940 -1.717890 0.043896 0.449614 0.029178 0.891667
50.000000 -0.075515 0.210162 -1.755406 0.042188 0.446277 0.028565 0.893443
51.000000 -0.064804 0.196033 -1.793467 0.038831 0.443591 0.027093 0.894978
52.000000 -0.057032 0.175558 -1.831807 0.034169 0.441626 0.024923 0.896202
53.000000 -0.052388 0.150819 -1.870135 0.028539 0.440458 0.022211 0.897045
54.000000 -0.051069 0.123931 -1.908227 0.022275 0.440161 0.019126 0.897439
55.000000 -0.053653 0.095979 -1.945924 0.015706 0.440818 0.015845 0.897319
56.000000 -0.060763 0.068055 -1.983111 0.009159 0.442507 0.012548 0.896630
57.000000 -0.072743 0.040891 -2.019721 0.002855 0.445248 0.009361 0.895354
58.000000 -0.087646 0.019868 -2.055748 -0.001993 0.448550 0.006907 0.893729
59.000000 -0.103154 0.010268 -2.091419 -0.004280 0.451896 0.005762 0.892042
60.000000 -0.118820 0.010991 -2.126899 -0.004309 0.455203 0.005785 0.890358
61.000000 -0.134342 0.020274 -2.162196 -0.002496 0.458416 0.006766 0.888708
62.000000 -0.149419 0.036373 -2.197252 0.000743 0.461476 0.008488 0.887112
63.000000 -0.163758 0.057582 -2.232007 0.004998 0.464321 0.010731 0.885588
64.000000 -0.177041 0.082075 -2.266440 0.009859 0.466894 0.013279 0.884159
65.000000 -0.188935 0.107902 -2.300603 0.014914 0.469138 0.015922 0.882856
66.000000 -0.199090 0.133029 -2.334635 0.019761 0.471003 0.018450 0.881717
67.000000 -0.207289 0.156341 -2.368682 0.024193 0.472467 0.020760 0.880771
68.000000 -0.213461 0.177721 -2.402836 0.028198 0.473534 0.022849 0.880027
69.000000 -0.217546 0.197102 -2.437173 0.031774 0.474206 0.024722 0.879493
70.000000 -0.219482 0.214418 -2.471758 0.034918 0.474487 0.026383 0.879174
71.000000 -0.219208 0.229604 -2.506643 0.037630 0.474380 0.027835 0.879075
72.000000 -0.216662 0.242599 -2.541868 0.039908 0.473888 0.029078 0.879200
73.000000 -0.211781 0.253337 -2.577461 0.041754 0.473010 0.030116 0.879551
74.000000 -0.204499 0.261754 -2.613437 0.043165 0.471750 0.030951 0.880131
75.000000 -0.194751 0.267784 -2.649796 0.044141 0.470105 0.031583 0.880940
76.000000 -0.182468 0.271360 -2.686527 0.044682 0.468077 0.032014 0.881977
77.000000 -0.167581 0.272411 -2.723604 0.044786 0.465663 0.032248 0.883240
78.000000 -0.150012 0.270869 -2.760987 0.044453 0.462862 0.032283 0.884726
79.000000 -0.129525 0.266647 -2.798631 0.043679 0.459644 0.032121 0.886447
80.000000 -0.105675 0.259641 -2.836478 0.042457 0.455949 0.031761 0.888425
81.000000 -0.078119 0.249823 -2.874431 0.040793 0.451734 0.031208 0.890673
82.000000 -0.047876 0.238013 -2.912272 0.038828 0.447162 0.030521 0.893088
83.000000 -0.016883 0.225603 -2.949782 0.036791 0.442524 0.029795 0.895506
84.000000 0.012787 0.214069 -2.986850 0.034909 0.438117 0.029125 0.897767
85.000000 0.038930 0.204962 -3.023468 0.033412 0.434244 0.028606 0.899721
86.000000 0.059255 0.199898 -3.059707 0.032529 0.431208 0.028338 0.901221
87.000000 0.071545 0.200461 -3.095656 0.032489 0.429315 0.028415 0.902123
88.000000 0.073590 0.208234 -3.131352 0.033525 0.428872 0.028928 0.902280
89.000000 0.063280 0.224209 -3.166731 0.035776 0.430152 0.029922 0.901551
90.000000 0.041957 0.242487 -3.201981 0.038383 0.432960 0.031003 0.900062
91.000000 0.012691 0.254701 -3.237495 0.040179 0.436881 0.031630 0.898065
92.000000 -0.022424 0.259104 -3.273258 0.040968 0.441625 0.031709 0.895703
93.000000 -0.060907 0.255289 -3.309172 0.040742 0.446855 0.031239 0.893132
94.000000 -0.100224 0.242931 -3.345180 0.039490 0.452235 0.030229 0.890511
95.000000 -0.138177 0.222487 -3.381262 0.037197 0.457434 0.028699 0.888001
96.000000 -0.172636 0.194628 -3.417447 0.033843 0.462125 0.026669 0.885767
97.000000 -0.201047 0.159125 -3.453826 0.029413 0.465977 0.024149 0.883978
98.000000 -0.220650 0.115536 -3.490493 0.023899 0.468658 0.021133 0.882804
99.000000 -0.228983 0.064198 -3.527441 0.017396 0.469882 0.017658 0.882381
100.000000 -0.227731 0.013228 -3.564275 0.010972 0.469871 0.014261 0.882552
101.000000 -0.220851 -0.025544 -3.600865 0.006104 0.469123 0.011701 0.883034
102.000000 -0.210912 -0.045145 -3.637521 0.003618 0.467967 0.010399 0.883677
103.000000 -0.200156 -0.039764 -3.674466 0.004169 0.466679 0.010685 0.884353
104.000000 -0.190686 -0.003936 -3.711477 0.008342 0.465495 0.012852 0.884918
105.000000 -0.180763 0.058845 -3.747826 0.015633 0.464182 0.016633 0.885446
106.000000 -0.165332 0.137528 -3.782813 0.024677 0.462142 0.021334 0.886206
107.000000 -0.141026 0.222004 -3.816087 0.034309 0.459024 0.026374 0.887369
108.000000 -0.110410 0.307142 -3.847412 0.044001 0.455171 0.031489 0.888758
109.000000 -0.077293 0.388667 -3.876929 0.053340 0.451066 0.036466 0.890149
110.000000 -0.046008 0.463091 -3.905223 0.061920 0.447201 0.041079 0.891341
111.000000 -0.019892 0.528135 -3.933137 0.069407 0.443919 0.045135 0.892234
112.000000 0.002090 0.582593 -3.961483 0.075595 0.441077 0.048543 0.892962
113.000000 0.022414 0.624748 -3.991044 0.080281 0.438441 0.051224 0.893700
114.000000 0.045207 0.645060 -4.023731 0.082406 0.435664 0.052682 0.894780
115.000000 0.075951 0.618125 -4.063626 0.079194 0.432358 0.051597 0.896735
116.000000 0.114574 0.529480 -4.111322 0.069209 0.428634 0.047291 0.899581
117.000000 0.147960 0.402634 -4.160663 0.055293 0.425712 0.041044 0.902235
118.000000 0.165209 0.265909 -4.207000 0.040711 0.424536 0.034304 0.903845
119.000000 0.163436 0.137354 -4.249228 0.027382 0.425269 0.027960 0.904221
120.000000 0.151259 0.020118 -4.287832 0.015272 0.426894 0.022113 0.903902
121.000000 0.137161 -0.086296 -4.323433 0.004015 0.428478 0.016694 0.903389
122.000000 0.123626 -0.188947 -4.356523 -0.007007 0.429872 0.011428 0.902790
123.000000 0.111505 -0.296074 -4.386877 -0.018400 0.431120 0.006008 0.902087
124.000000 0.099055 -0.406153 -4.414429 -0.029857 0.432444 0.000562 0.901166
125.000000 0.077409 -0.488998 -4.442600 -0.038327 0.434699 -0.003453 0.899753
126.000000 0.039932 -0.517274 -4.476072 -0.041164 0.438527 -0.004712 0.897763
127.000000 -0.003289 -0.507711 -4.513526 -0.040207 0.442886 -0.004046 0.895667
128.000000 -0.038005 -0.489255 -4.551583 -0.038409 0.446344 -0.002934 0.894032
129.000000 -0.057759 -0.478693 -4.588679 -0.037406 0.448291 -0.002272 0.893102
130.000000 -0.068629 -0.473613 -4.625244 -0.036928 0.449351 -0.001947 0.892590
131.000000 -0.077031 -0.470352 -4.661637 -0.036616 0.450163 -0.001748 0.892194
132.000000 -0.084476 -0.468047 -4.697938 -0.036393 0.450876 -0.001609 0.891843
133.000000 -0.090939 -0.466714 -4.734153 -0.036264 0.451490 -0.001521 0.891538
134.000000 -0.096403 -0.466369 -4.770287 -0.036229 0.452005 -0.001483 0.891278
135.000000 -0.100854 -0.467025 -4.806342 -0.036288 0.452423 -0.001496 0.891064
136.000000 -0.104276 -0.468698 -4.842321 -0.036440 0.452742 -0.001560 0.890895
137.000000 -0.106655 -0.471402 -4.878224 -0.036685 0.452962 -0.001676 0.890773
138.000000 -0.107974 -0.475153 -4.914050 -0.037024 0.453085 -0.001843 0.890696
139.000000 -0.108219 -0.479965 -4.949798 -0.037455 0.453109 -0.002061 0.890666
140.000000 -0.107373 -0.485855 -4.985464 -0.037980 0.453035 -0.002330 0.890680
141.000000 -0.105420 -0.492836 -5.021042 -0.038599 0.452862 -0.002652 0.890741
142.000000 -0.102346 -0.500923 -5.056527 -0.039311 0.452591 -0.003024 0.890846
143.000000 -0.098134 -0.510133 -5.091910 -0.040116 0.452222 -0.003448 0.890996
144.000000 -0.092768 -0.520480 -5.127184 -0.041014 0.451753 -0.003924 0.891191
145.000000 -0.086233 -0.531978 -5.162336 -0.042005 0.451185 -0.004452 0.891430
146.000000 -0.078514 -0.544643 -5.197356 -0.043090 0.450518 -0.005031 0.891712
147.000000 -0.069595 -0.558490 -5.232228 -0.044268 0.449752 -0.005662 0.892038
148.000000 -0.059584 -0.573403 -5.266952 -0.045528 0.448895 -0.006340 0.892401
149.000000 -0.048949 -0.588895 -5.301562 -0.046828 0.447990 -0.007041 0.892784
150.000000 -0.038230 -0.604398 -5.336113 -0.048120 0.447081 -0.007739 0.893165
151.000000 -0.027983 -0.619330 -5.370668 -0.049359 0.446215 -0.008408 0.893524
152.000000 -0.018777 -0.633095 -5.405301 -0.050495 0.445438 -0.009022 0.893842
153.000000 -0.011188 -0.645091 -5.440094 -0.051483 0.444797 -0.009554 0.894100
154.000000 -0.005737 -0.654773 -5.475132 -0.052280 0.444333 -0.009980 0.894279
155.000000 -0.002697 -0.661861 -5.510468 -0.052863 0.444070 -0.010288 0.894372
156.000000 -0.002260 -0.666168 -5.546135 -0.053220 0.444021 -0.010469 0.894373
157.000000 -0.004617 -0.667502 -5.582162 -0.053339 0.444201 -0.010516 0.894276
158.000000 -0.009837 -0.665804 -5.618552 -0.053216 0.444612 -0.010428 0.894080
159.000000 -0.017614 -0.661406 -5.655254 -0.052879 0.445228 -0.010219 0.893796
160.000000 -0.027584 -0.654699 -5.692203 -0.052364 0.446017 -0.009909 0.893437
161.000000 -0.039380 -0.646079 -5.729330 -0.051702 0.446945 -0.009518 0.893015
162.000000 -0.052623 -0.635954 -5.766572 -0.050929 0.447980 -0.009063 0.892546
163.000000 -0.066926 -0.624742 -5.803867 -0.050078 0.449091 -0.008564 0.892040
164.000000 -0.081937 -0.612822 -5.841164 -0.049178 0.450248 -0.008038 0.891512
165.000000 -0.097565 -0.600292 -5.878444 -0.048238 0.451444 -0.007489 0.890963
166.000000 -0.113819 -0.587143 -5.915700 -0.047257 0.452679 -0.006917 0.890394
167.000000 -0.130706 -0.573368 -5.952922 -0.046235 0.453952 -0.006323 0.889803
168.000000 -0.148233 -0.558961 -5.990101 -0.045173 0.455263 -0.005706 0.889192
169.000000 -0.166407 -0.543913 -6.027228 -0.044071 0.456614 -0.005065 0.888558
170.000000 -0.185236 -0.528217 -6.064292 -0.042927 0.458002 -0.004402 0.887903
171.000000 -0.204726 -0.511866 -6.101284 -0.041743 0.459428 -0.003715 0.887226
172.000000 -0.224886 -0.494854 -6.138193 -0.040519 0.460893 -0.003005 0.886525
173.000000 -0.245722 -0.477172 -6.175007 -0.039253 0.462395 -0.002272 0.885802
174.000000 -0.267241 -0.458814 -6.211717 -0.037947 0.463936 -0.001516 0.885055
175.000000 -0.289450 -0.439772 -6.248309 -0.036599 0.465513 -0.000737 0.884284
176.000000 -0.312357 -0.420039 -6.284772 -0.035209 0.467128 0.000063 0.883488
177.000000 -0.335969 -0.399609 -6.321093 -0.033778 0.468781 0.000885 0.882668
178.000000 -0.359481 -0.379054 -6.357271 -0.032346 0.470414 0.001707 0.881851
179.000000 -0.373545 -0.365032 -6.393485 -0.031374 0.471386 0.002260 0.881366
180.000000 -0.375575 -0.359225 -6.429894 -0.030968 0.471532 0.002481 0.881301
181.000000 -0.366145 -0.361029 -6.466531 -0.031081 0.470908 0.002402 0.881632
182.000000 -0.345847 -0.369817 -6.503338 -0.031660 0.469564 0.002055 0.882328
183.000000 -0.315341 -0.384912 -6.540190 -0.032656 0.467553 0.001469 0.883360
184.000000 -0.275788 -0.405277 -6.576911 -0.034015 0.464925 0.000675 0.884696
185.000000 -0.227976 -0.430139 -6.613313 -0.035686 0.461731 -0.000303 0.886302
186.000000 -0.172540 -0.458843 -6.649204 -0.037613 0.458021 -0.001438 0.888144
187.000000 -0.110138 -0.490711 -6.684397 -0.039743 0.453846 -0.002702 0.890189
188.000000 -0.042308 -0.524436 -6.718756 -0.041985 0.449314 -0.004045 0.892377
189.000000 0.020385 -0.552281 -6.752785 -0.043824 0.445134 -0.005173 0.894376
190.000000 0.074529 -0.571764 -6.786954 -0.045100 0.441532 -0.006000 0.896091
191.000000 0.120034 -0.582800 -6.821547 -0.045815 0.438515 -0.006525 0.897532
192.000000 0.156819 -0.585306 -6.856782 -0.045969 0.436085 -0.006746 0.898705
193.000000 0.184808 -0.579196 -6.892810 -0.045563 0.434244 -0.006662 0.899618
194.000000 0.203923 -0.564383 -6.929716 -0.044600 0.432993 -0.006270 0.900271
195.000000 0.214078 -0.540774 -6.967515 -0.043079 0.432332 -0.005572 0.900668
196.000000 0.215183 -0.508279 -7.006154 -0.041000 0.432260 -0.004571 0.900805
197.000000 0.207143 -0.466802 -7.045513 -0.038360 0.432774 -0.003270 0.900680
198.000000 0.189868 -0.416256 -7.085400 -0.035159 0.433871 -0.001673 0.900287
199.000000 0.170314 -0.362259 -7.125103 -0.031756 0.435101 0.000027 0.899821
200.000000 0.148878 -0.312270 -7.164202 -0.028619 0.436440 0.001601 0.899277
201.000000 0.124645 -0.267895 -7.202730 -0.025840 0.437947 0.003003 0.898624
202.000000 0.098649 -0.230279 -7.240725 -0.023481 0.439560 0.004199 0.897897
203.000000 0.071946 -0.200586 -7.278241 -0.021603 0.441216 0.005156 0.897126
204.000000 0.045252 -0.179701 -7.315205 -0.020271 0.442855 0.005841 0.896345
205.000000 0.019645 -0.168447 -7.351740 -0.019545 0.444414 0.006222 0.895586
206.000000 -0.003715 -0.167969 -7.387939 -0.019488 0.445832 0.006268 0.894883
207.000000 -0.023745 -0.179453 -7.423805 -0.020164 0.447045 0.005946 0.894264
208.000000 -0.039353 -0.204094 -7.459286 -0.021632 0.447992 0.005221 0.893761
209.000000 -0.056843 -0.237092 -7.494392 -0.023594 0.449048 0.004252 0.893186
210.000000 -0.075581 -0.271759 -7.529257 -0.025645 0.450171 0.003240 0.892568
211.000000 -0.093867 -0.307341 -7.563902 -0.027742 0.451260 0.002205 0.891959
212.000000 -0.113608 -0.342346 -7.598359 -0.029795 0.452425 0.001195 0.891304
213.000000 -0.137207 -0.374900 -7.632676 -0.031696 0.453806 0.000271 0.890536
214.000000 -0.167117 -0.403092 -7.666897 -0.033339 0.455542 -0.000506 0.889590
215.000000 -0.205841 -0.424978 -7.701039 -0.034615 0.457772 -0.001072 0.888395
216.000000 -0.255918 -0.438586 -7.735050 -0.035418 0.460635 -0.001360 0.886882
217.000000 -0.319862 -0.441967 -7.768755 -0.035638 0.464267 -0.001313 0.884977
218.000000 -0.400202 -0.433153 -7.801799 -0.035167 0.468804 -0.000866 0.882602
219.000000 -0.499367 -0.410152 -7.833585 -0.033897 0.474367 0.000044 0.879674
220.000000 -0.607347 -0.377417 -7.863848 -0.032087 0.480382 0.001268 0.876471
221.000000 -0.692212 -0.352400 -7.894215 -0.030707 0.485078 0.002207 0.873929
222.000000 -0.766146 -0.335036 -7.924325 -0.029741 0.489159 0.002883 0.871683
223.000000 -0.838906 -0.326462 -7.953455 -0.029238 0.493178 0.003287 0.869431
224.000000 -0.906571 -0.328068 -7.982045 -0.029266 0.496930 0.003374 0.867291
225.000000 -0.965745 -0.340986 -8.010572 -0.029893 0.500210 0.003103 0.865382
226.000000 -1.013947 -0.365811 -8.039784 -0.031190 0.502817 0.002432 0.863827
227.000000 -1.046523 -0.404032 -8.069962 -0.033223 0.504546 0.001313 0.862744
228.000000 -1.058850 -0.457125 -8.101716 -0.036057 0.505191 -0.000308 0.862254
229.000000 -1.046994 -0.526567 -8.135240 -0.039754 0.504551 -0.002487 0.862463
230.000000 -1.019950 -0.607127 -8.169265 -0.044022 0.503107 -0.005038 0.863088
231.000000 -1.009103 -0.680383 -8.201056 -0.047890 0.502520 -0.007313 0.863207
232.000000 -0.998153 -0.747423 -8.232794 -0.051417 0.501925 -0.009387 0.863331
233.000000 -0.972831 -0.808503 -8.266298 -0.054612 0.500576 -0.011310 0.863895
234.000000 -0.933018 -0.863612 -8.301562 -0.057472 0.498472 -0.013088 0.864899
235.000000 -0.878580 -0.912733 -8.338493 -0.059997 0.495614 -0.014732 0.866343
236.000000 -0.809363 -0.955837 -8.376907 -0.062182 0.491997 -0.016246 0.868221
237.000000 -0.725213 -0.992890 -8.416530 -0.064025 0.487618 -0.017636 0.870528
238.000000 -0.627555 -1.023576 -8.456912 -0.065512 0.482552 -0.018894 0.873210
239.000000 -0.521191 -1.046993 -8.497464 -0.066601 0.477050 -0.019980 0.876121
240.000000 -0.411444 -1.062148 -8.537788 -0.067251 0.471387 -0.020848 0.879111
241.000000 -0.303746 -1.068027 -8.577737 -0.067421 0.465841 -0.021452 0.882035
242.000000 -0.203630 -1.063597 -8.617411 -0.067069 0.460695 -0.021747 0.884754
243.000000 -0.116474 -1.047954 -8.657103 -0.066161 0.456224 -0.021691 0.887137
244.000000 -0.044739 -1.022264 -8.696998 -0.064763 0.452555 -0.021309 0.889126
245.000000 0.011339 -0.989333 -8.737075 -0.063023 0.449701 -0.020679 0.890713
246.000000 0.051567 -0.952056 -8.777245 -0.061087 0.447667 -0.019876 0.891890
247.000000 0.075747 -0.913381 -8.817370 -0.059104 0.446461 -0.018977 0.892647
248.000000 0.085334 -0.876596 -8.857233 -0.057234 0.446006 -0.018075 0.893015
249.000000 0.085199 -0.845571 -8.896490 -0.055664 0.446044 -0.017285 0.893111
250.000000 0.080666 -0.824252 -8.934788 -0.054587 0.446299 -0.016724 0.893061
251.000000 0.077151 -0.816648 -8.971779 -0.054195 0.446493 -0.016507 0.892992
252.000000 0.080160 -0.826824 -9.007083 -0.054683 0.446347 -0.016749 0.893031
253.000000 0.095073 -0.858745 -9.040211 -0.056235 0.445591 -0.017561 0.893296
254.000000 0.123282 -0.912331 -9.070874 -0.058839 0.444158 -0.018942 0.893814
255.000000 0.161812 -0.982161 -9.099219 -0.062224 0.442198 -0.020745 0.894516
256.000000 0.207353 -1.062283 -9.125521 -0.066099 0.439877 -0.022818 0.895332
257.000000 0.256539 -1.146666 -9.150263 -0.070170 0.437362 -0.025007 0.896195
258.000000 0.305963 -1.229209 -9.174202 -0.074144 0.434827 -0.027158 0.897046
259.000000 0.352228 -1.303819 -9.198386 -0.077733 0.432445 -0.029117 0.897831
260.000000 0.391992 -1.364484 -9.224105 -0.080646 0.430395 -0.030725 0.898505
261.000000 0.421891 -1.405131 -9.252803 -0.082596 0.428857 -0.031823 0.899026
262.000000 0.438514 -1.419599 -9.285937 -0.083296 0.428009 -0.032251 0.899350
263.000000 0.438530 -1.403006 -9.324564 -0.082523 0.428020 -0.031884 0.899429
264.000000 0.420394 -1.360117 -9.367851 -0.080521 0.428949 -0.030830 0.899204
265.000000 0.385770 -1.300725 -9.413873 -0.077764 0.430687 -0.029324 0.898667
266.000000 0.339827 -1.229770 -9.461293 -0.074481 0.432967 -0.027505 0.897906
267.000000 0.288557 -1.151054 -9.509047 -0.070839 0.435494 -0.025492 0.897038
268.000000 0.238068 -1.068396 -9.556290 -0.067006 0.437972 -0.023401 0.896182
269.000000 0.194568 -0.985384 -9.602427 -0.063153 0.440110 -0.021342 0.895466
270.000000 0.164345 -0.905630 -9.647091 -0.059454 0.441617 -0.019422 0.895021
271.000000 0.153671 -0.833022 -9.690060 -0.056085 0.442205 -0.017746 0.894983
272.000000 0.168897 -0.771566 -9.731148 -0.053221 0.441585 -0.016413 0.895489
273.000000 0.216317 -0.723886 -9.770124 -0.050976 0.439474 -0.015490 0.896674
274.000000 0.300978 -0.684631 -9.806958 -0.049097 0.435653 -0.014853 0.898652
275.000000 0.409891 -0.650633 -9.841564 -0.047451 0.430719 -0.014384 0.901123
276.000000 0.528884 -0.621388 -9.874006 -0.046022 0.425316 -0.014035 0.903765
277.000000 0.649026 -0.595653 -9.904638 -0.044757 0.419848 -0.013758 0.906386
278.000000 0.761272 -0.572166 -9.934221 -0.043603 0.414720 -0.013508 0.908803
279.000000 0.856499 -0.549639 -9.963897 -0.042505 0.410344 -0.013238 0.910844
280.000000 0.926183 -0.526647 -9.995041 -0.041411 0.407129 -0.012903 0.912340
281.000000 0.964120 -0.502507 -10.028821 -0.040295 0.405372 -0.012480 0.913178
282.000000 0.966981 -0.477421 -10.065886 -0.039167 0.405220 -0.011968 0.913301
283.000000 0.931551 -0.451651 -10.106523 -0.038039 0.406808 -0.011366 0.912651
284.000000 0.855064 -0.425330 -10.150525 -0.036913 0.410243 -0.010677 0.911166
285.000000 0.752208 -0.394903 -10.195999 -0.035618 0.414848 -0.009860 0.909140
286.000000 0.635299 -0.359827 -10.241365 -0.034123 0.420056 -0.008928 0.906813
287.000000 0.510270 -0.321621 -10.285754 -0.032496 0.425591 -0.007924 0.904297
288.000000 0.383158 -0.281831 -10.328582 -0.030803 0.431181 -0.006890 0.901713
289.000000 0.260106 -0.242028 -10.369581 -0.029112 0.436556 -0.005868 0.899187
290.000000 0.147282 -0.203792 -10.408798 -0.027489 0.441451 -0.004902 0.896851
291.000000 0.048316 -0.168047 -10.446566 -0.025973 0.445719 -0.004015 0.894787
292.000000 -0.036463 -0.134869 -10.483316 -0.024567 0.449354 -0.003206 0.893010
293.000000 -0.106963 -0.104275 -10.519425 -0.023272 0.452363 -0.002473 0.891527
294.000000 -0.163100 -0.076277 -10.555205 -0.022090 0.454748 -0.001815 0.890344
295.000000 -0.204796 -0.050889 -10.590907 -0.021020 0.456514 -0.001231 0.889467
296.000000 -0.231974 -0.028120 -10.626718 -0.020062 0.457663 -0.000719 0.888899
297.000000 -0.244550 -0.007982 -10.662766 -0.019218 0.458197 -0.000278 0.888643
298.000000 -0.242433 0.009515 -10.699111 -0.018486 0.458118 0.000092 0.888699
299.000000 -0.225524 0.024357 -10.735754 -0.017867 0.457425 0.000392 0.889068
300.000000 -0.193716 0.036531 -10.772632 -0.017362 0.456119 0.000623 0.889749
301.000000 -0.146892 0.046021 -10.809618 -0.016970 0.454196 0.000786 0.890740
302.000000 -0.084932 0.052809 -10.846522 -0.016691 0.451654 0.000880 0.892037
303.000000 -0.007712 0.056877 -10.883086 -0.016526 0.448490 0.000908 0.893635
304.000000 0.084885 0.058207 -10.918991 -0.016475 0.444699 0.000868 0.895528
305.000000 0.192968 0.056778 -10.953847 -0.016537 0.440277 0.000761 0.897709
306.000000 0.315873 0.052686 -10.987222 -0.016709 0.435251 0.000591 0.900154
307.000000 0.448193 0.046721 -11.018844 -0.016956 0.429839 0.000376 0.902746
308.000000 0.582621 0.039957 -11.048769 -0.017234 0.424338 0.000144 0.905340
309.000000 0.711761 0.033480 -11.077401 -0.017500 0.419049 -0.000080 0.907795
310.000000 0.828138 0.028385 -11.105491 -0.017708 0.414275 -0.000268 0.909979
311.000000 0.924247 0.025779 -11.134066 -0.017815 0.410323 -0.000395 0.911766
312.000000 0.994909 0.026499 -11.164117 -0.017787 0.407407 -0.000441 0.913073
313.000000 1.039242 0.030894 -11.196207 -0.017611 0.405567 -0.000399 0.913895
314.000000 1.056824 0.039266 -11.230678 -0.017274 0.404823 -0.000262 0.914232
315.000000 1.047212 0.051919 -11.267677 -0.016766 0.405189 -0.000025 0.914079
316.000000 1.010717 0.069049 -11.307080 -0.016078 0.406651 0.000314 0.913442
317.000000 0.952434 0.090143 -11.348166 -0.015232 0.408993 0.000740 0.912410
318.000000 0.879273 0.114419 -11.390036 -0.014260 0.411926 0.001232 0.911105
319.000000 0.798224 0.141083 -11.431895 -0.013194 0.415162 0.001771 0.909650
320.000000 0.716377 0.169332 -11.473129 -0.012069 0.418413 0.002334 0.908174
321.000000 0.640900 0.198356 -11.513330 -0.010916 0.421396 0.002905 0.906807
322.000000 0.576749 0.227595 -11.552389 -0.009758 0.423918 0.003470 0.905641
323.000000 0.524505 0.256993 -11.590475 -0.008599 0.425963 0.004029 0.904691
324.000000 0.484253 0.286549 -11.627752 -0.007440 0.427532 0.004584 0.903958
325.000000 0.455988 0.316245 -11.664348 -0.006280 0.428629 0.005135 0.903444
326.000000 0.439028 0.345907 -11.700383 -0.005128 0.429284 0.005681 0.903137
327.000000 0.432340 0.375278 -11.735954 -0.003992 0.429540 0.006217 0.903018
328.000000 0.434875 0.404099 -11.771130 -0.002884 0.429440 0.006740 0.903066
329.000000 0.445569 0.432109 -11.805959 -0.001812 0.429027 0.007246 0.903261
330.000000 0.463348 0.459041 -11.840478 -0.000787 0.428342 0.007731 0.903583
331.000000 0.487147 0.484634 -11.874719 0.000183 0.427428 0.008191 0.904012
332.000000 0.515897 0.508623 -11.908713 0.001087 0.426328 0.008621 0.904527
333.000000 0.548517 0.530740 -11.942500 0.001916 0.425083 0.009017 0.905107
334.000000 0.583911 0.550716 -11.976125 0.002660 0.423736 0.009374 0.905733
335.000000 0.621057 0.568296 -12.009640 0.003311 0.422327 0.009689 0.906386
336.000000 0.659612 0.583385 -12.043065 0.003865 0.420868 0.009960 0.907059
337.000000 0.699582 0.595968 -12.076397 0.004323 0.419359 0.010187 0.907753
338.000000 0.740973 0.606029 -12.109631 0.004684 0.417802 0.010369 0.908467
339.000000 0.783790 0.613555 -12.142759 0.004949 0.416195 0.010508 0.909201
340.000000 0.828039 0.618531 -12.175774 0.005116 0.414538 0.010604 0.909956
341.000000 0.873725 0.620944 -12.208662 0.005187 0.412832 0.010656 0.910730
342.000000 0.920854 0.620779 -12.241413 0.005161 0.411076 0.010666 0.911524
343.000000 0.969431 0.618024 -12.274009 0.005037 0.409271 0.010632 0.912337
344.000000 1.019091 0.612597 -12.306469 0.004815 0.407430 0.010554 0.913163
345.000000 1.064690 0.603536 -12.339268 0.004461 0.405744 0.010413 0.913917
346.000000 1.097693 0.589258 -12.373276 0.003922 0.404528 0.010182 0.914461
347.000000 1.109386 0.568145 -12.409424 0.003144 0.404100 0.009834 0.914656
348.000000 1.090932 0.538561 -12.448565 0.002070 0.404780 0.009346 0.914364
349.000000 1.035839 0.499865 -12.491045 0.000680 0.406793 0.008710 0.913479
350.000000 0.952959 0.457751 -12.535394 -0.000821 0.409803 0.008021 0.912139
351.000000 0.857217 0.420440 -12.579743 -0.002138 0.413260 0.007413 0.910580
352.000000 0.763779 0.396288 -12.622687 -0.002981 0.416620 0.007023 0.909049
353.000000 0.686412 0.392222 -12.663430 -0.003113 0.419398 0.006964 0.907770
354.000000 0.627101 0.403760 -12.702362 -0.002702 0.421539 0.007159 0.906778
355.000000 0.586789 0.421898 -12.739949 -0.002068 0.423011 0.007459 0.906092
356.000000 0.570055 0.439654 -12.776368 -0.001452 0.423645 0.007746 0.905794
357.000000 0.583360 0.457085 -12.811403 -0.000846 0.423205 0.008027 0.905998
358.000000 0.633793 0.476295 -12.844522 -0.000174 0.421435 0.008343 0.906820
359.000000 0.726329 0.498685 -12.874960 0.000604 0.418163 0.008719 0.908330
360.000000 0.850299 0.519271 -12.902729 0.001306 0.413776 0.009070 0.910333
361.000000 0.988846 0.530481 -12.928570 0.001664 0.408875 0.009267 0.912542
362.000000 1.124948 0.524488 -12.953863 0.001408 0.404064 0.009188 0.914684
363.000000 1.243128 0.494926 -12.980403 0.000321 0.399894 0.008741 0.916520
364.000000 1.340316 0.447143 -13.008649 -0.001403 0.396472 0.008016 0.918011
365.000000 1.419058 0.391816 -13.038269 -0.003384 0.393704 0.007178 0.919203
366.000000 1.481539 0.338116 -13.069013 -0.005296 0.391510 0.006364 0.920136
367.000000 1.528179 0.288062 -13.101035 -0.007069 0.389875 0.005606 0.920824
368.000000 1.558902 0.241669 -13.134550 -0.008703 0.388799 0.004903 0.921268
369.000000 1.573631 0.198954 -13.169708 -0.010200 0.388284 0.004260 0.921473
370.000000 1.572281 0.159937 -13.206599 -0.011561 0.388331 0.003679 0.921440
371.000000 1.554764 0.124635 -13.245249 -0.012786 0.388939 0.003161 0.921169
372.000000 1.520983 0.093065 -13.285624 -0.013877 0.390109 0.002710 0.920660
373.000000 1.470833 0.065250 -13.327625 -0.014836 0.391839 0.002327 0.919911
374.000000 1.404252 0.041637 -13.371085 -0.015648 0.394127 0.002021 0.918920
375.000000 1.321590 0.026698 -13.415728 -0.016162 0.396956 0.001861 0.917694
376.000000 1.223430 0.027180 -13.461212 -0.016153 0.400298 0.001946 0.916241
377.000000 1.110365 0.049934 -13.507122 -0.015392 0.404127 0.002378 0.914570
378.000000 0.983015 0.101880 -13.552875 -0.013652 0.408415 0.003254 0.912688
379.000000 0.847231 0.189629 -13.597285 -0.010717 0.412957 0.004663 0.910676
380.000000 0.724042 0.318871 -13.638189 -0.006403 0.417042 0.006677 0.908840
381.000000 0.632986 0.493407 -13.673745 -0.000596 0.420021 0.009350 0.907466
382.000000 0.577266 0.710158 -13.702926 0.006596 0.421793 0.012641 0.906580
383.000000 0.556280 0.964299 -13.724557 0.015008 0.422379 0.016485 0.906145
384.000000 0.569127 1.250365 -13.737259 0.024459 0.421801 0.020812 0.906120
385.000000 0.613956 1.558593 -13.740043 0.034626 0.420102 0.025490 0.906458
386.000000 0.688609 1.876849 -13.732779 0.045106 0.417341 0.030354 0.907122
387.000000 0.791237 2.193087 -13.716311 0.055497 0.413583 0.035242 0.908090
388.000000 0.919975 2.495349 -13.692462 0.065395 0.408903 0.039994 0.909353
389.000000 1.067626 2.772217 -13.664302 0.074418 0.403560 0.044444 0.910838
390.000000 1.211926 3.013545 -13.637015 0.082251 0.398322 0.048401 0.912267
391.000000 1.332695 3.211206 -13.616548 0.088652 0.393899 0.051688 0.913407
392.000000 1.426394 3.363743 -13.606229 0.093581 0.390440 0.054253 0.914252
393.000000 1.493256 3.471279 -13.608135 0.097049 0.387957 0.056081 0.914837
394.000000 1.533501 3.533958 -13.623695 0.099067 0.386458 0.057163 0.915188
395.000000 1.547962 3.551634 -13.653694 0.099633 0.385921 0.057498 0.915332
396.000000 1.542162 3.522273 -13.698230 0.098673 0.386164 0.057080 0.915359
397.000000 1.523573 3.442798 -13.756814 0.096078 0.386938 0.055904 0.915381
398.000000 1.499717 3.309730 -13.828407 0.091726 0.387988 0.053964 0.915500
399.000000 1.478270 3.119148 -13.911342 0.085488 0.389053 0.051251 0.915807
400.000000 1.467138 2.866708 -14.003171 0.077223 0.389866 0.047748 0.916385
401.000000 1.474431 2.547774 -14.100387 0.066789 0.390148 0.043428 0.917299
402.000000 1.508531 2.157585 -14.198158 0.054048 0.389609 0.038250 0.918597
403.000000 1.576863 1.694370 -14.289786 0.038965 0.387981 0.032191 0.920281
404.000000 1.678644 1.176473 -14.366391 0.022158 0.385237 0.025474 0.922200
405.000000 1.808568 0.631827 -14.421031 0.004539 0.381495 0.018429 0.924176
406.000000 1.955813 0.091140 -14.451431 -0.012907 0.377065 0.011416 0.926026
407.000000 2.107055 -0.413569 -14.460505 -0.029167 0.372362 0.004820 0.927617
408.000000 2.249287 -0.851646 -14.455768 -0.043273 0.367818 -0.000977 0.928890
409.000000 2.373926 -1.205554 -14.446462 -0.054668 0.363751 -0.005733 0.929873
410.000000 2.474953 -1.464952 -14.441379 -0.063022 0.360407 -0.009283 0.930617
411.000000 2.546494 -1.619516 -14.448381 -0.068005 0.358021 -0.011457 0.931163
412.000000 2.582545 -1.658425 -14.473634 -0.069276 0.356824 -0.012085 0.931521
413.000000 2.577979 -1.573032 -14.520149 -0.066570 0.356991 -0.011045 0.931667
414.000000 2.535702 -1.374184 -14.583985 -0.060258 0.358403 -0.008493 0.931581
415.000000 2.462081 -1.081310 -14.657462 -0.050987 0.360810 -0.004714 0.931233
416.000000 2.364016 -0.714462 -14.732270 -0.039412 0.363942 -0.000001 0.930587
417.000000 2.262620 -0.306923 -14.798515 -0.026593 0.367098 0.005183 0.929788
418.000000 2.195073 0.093788 -14.847794 -0.014019 0.369112 0.010204 0.929223
419.000000 2.178965 0.451256 -14.879850 -0.002821 0.369475 0.014619 0.929122
420.000000 2.162464 0.739814 -14.906955 0.006216 0.369848 0.018183 0.928894
421.000000 2.126513 0.952348 -14.936285 0.012891 0.370853 0.020818 0.928369
422.000000 2.077650 1.090928 -14.969832 0.017281 0.372292 0.022535 0.927681
423.000000 2.022245 1.158042 -15.008387 0.019461 0.373951 0.023353 0.926950
424.000000 1.967071 1.156025 -15.051734 0.019495 0.375615 0.023297 0.926278
425.000000 1.920562 1.086946 -15.098813 0.017444 0.377063 0.022397 0.925752
426.000000 1.889944 0.952827 -15.147797 0.013377 0.378082 0.020689 0.925444
427.000000 1.867457 0.769097 -15.197196 0.007790 0.378889 0.018371 0.925227
428.000000 1.828801 0.566787 -15.247031 0.001658 0.380191 0.015826 0.924771
429.000000 1.765753 0.377737 -15.296606 -0.004042 0.382209 0.013452 0.923969
430.000000 1.738792 0.230023 -15.338952 -0.008501 0.383102 0.011609 0.923594
431.000000 1.763382 0.134346 -15.373625 -0.011413 0.382415 0.010421 0.923862
432.000000 1.794237 0.093712 -15.406694 -0.012666 0.381518 0.009911 0.924222
433.000000 1.822204 0.101824 -15.439662 -0.012449 0.380686 0.009996 0.924567
434.000000 1.844306 0.151085 -15.472869 -0.010998 0.380005 0.010586 0.924859
435.000000 1.857575 0.233850 -15.506390 -0.008546 0.379559 0.011590 0.925055
436.000000 1.859305 0.342397 -15.540215 -0.005327 0.379431 0.012917 0.925115
437.000000 1.847568 0.468913 -15.574402 -0.001570 0.379703 0.014471 0.924994
438.000000 1.819537 0.605736 -15.609122 0.002495 0.380459 0.016154 0.924653
439.000000 1.772190 0.745152 -15.644716 0.006642 0.381785 0.017864 0.924055
440.000000 1.702466 0.879354 -15.681698 0.010641 0.383768 0.019499 0.923162
441.000000 1.619082 0.999055 -15.719585 0.014216 0.386151 0.020943 0.922088
442.000000 1.565759 1.093541 -15.754938 0.017031 0.387659 0.022076 0.921381
443.000000 1.548984 1.161443 -15.787988 0.019040 0.388111 0.022892 0.921132
444.000000 1.568902 1.202662 -15.819195 0.020242 0.387511 0.023400 0.921346
445.000000 1.625641 1.217103 -15.848624 0.020635 0.385860 0.023604 0.922024
446.000000 1.717670 1.206345 -15.876001 0.020266 0.383202 0.023527 0.923142
447.000000 1.828956 1.186597 -15.901316 0.019618 0.379991 0.023361 0.924487
448.000000 1.935851 1.181738 -15.925271 0.019400 0.376894 0.023374 0.925758
449.000000 2.021161 1.206950 -15.949013 0.020065 0.374397 0.023728 0.926748
450.000000 2.082208 1.258104 -15.973411 0.021492 0.372577 0.024364 0.927432
451.000000 2.118280 1.328477 -15.999141 0.023481 0.371455 0.025201 0.927812
452.000000 2.128979 1.411006 -16.026794 0.025833 0.371051 0.026162 0.927884
453.000000 2.114044 1.498436 -16.056954 0.028350 0.371388 0.027166 0.927647
454.000000 2.073034 1.583662 -16.090229 0.030834 0.372486 0.028133 0.927099
455.000000 2.005213 1.664098 -16.126814 0.033211 0.374363 0.029023 0.926233
456.000000 1.911635 1.753561 -16.164821 0.035872 0.376967 0.029989 0.925046
457.000000 1.808193 1.856065 -16.201440 0.038912 0.379831 0.031086 0.923714
458.000000 1.718578 1.968056 -16.234204 0.042203 0.382281 0.032290 0.922517
459.000000 1.659935 2.095051 -16.260737 0.045878 0.383827 0.033684 0.921649
460.000000 1.634632 2.262231 -16.277340 0.050642 0.384378 0.035569 0.921099
461.000000 1.646208 2.489462 -16.279507 0.057055 0.383809 0.038197 0.920856
462.000000 1.717706 2.746131 -16.267340 0.064227 0.381491 0.041265 0.921215
463.000000 1.843524 3.008682 -16.243545 0.071503 0.377598 0.044516 0.922131
464.000000 1.996080 3.270645 -16.211158 0.078737 0.372909 0.047847 0.923282
465.000000 2.147454 3.521389 -16.175357 0.085675 0.368227 0.051086 0.924369
466.000000 2.269533 3.732254 -16.147237 0.091547 0.364403 0.053835 0.925166
467.000000 2.341000 3.876582 -16.138693 0.095604 0.362094 0.055713 0.925551
468.000000 2.363529 3.945035 -16.154404 0.097566 0.361290 0.056590 0.925607
469.000000 2.343394 3.930855 -16.196353 0.097236 0.361842 0.056395 0.925438
470.000000 2.286395 3.826465 -16.265081 0.094399 0.363603 0.055057 0.925122
471.000000 2.194751 3.631137 -16.358152 0.089047 0.366497 0.052584 0.924654
472.000000 2.050786 3.395073 -16.463379 0.082645 0.370916 0.049511 0.923656
473.000000 1.865220 3.161996 -16.567896 0.076409 0.376454 0.046377 0.922114
474.000000 1.671389 2.958940 -16.662295 0.071037 0.382125 0.043585 0.920345
475.000000 1.503481 2.813119 -16.739894 0.067218 0.386957 0.041533 0.918706
476.000000 1.396164 2.752049 -16.795794 0.065640 0.389993 0.040620 0.917577
477.000000 1.375453 2.792947 -16.827268 0.066730 0.390529 0.041089 0.917249
478.000000 1.427873 2.891474 -16.842777 0.069314 0.389000 0.042344 0.917650
479.000000 1.525943 2.975985 -16.855921 0.071482 0.386243 0.043495 0.918594
480.000000 1.641287 2.973708 -16.881813 0.071284 0.383119 0.043686 0.919908
481.000000 1.750084 2.948833 -16.911349 0.070491 0.380188 0.043640 0.921186
482.000000 1.859094 3.179881 -16.893692 0.076685 0.376891 0.046495 0.921906
483.000000 1.952760 3.368201 -16.882448 0.081735 0.374041 0.048827 0.922512
484.000000 2.020901 3.503452 -16.882946 0.085338 0.371954 0.050485 0.922940
485.000000 2.053605 3.582320 -16.898934 0.087380 0.370927 0.051405 0.923112
486.000000 2.040616 3.598455 -16.933774 0.087743 0.371254 0.051529 0.922939
487.000000 1.972872 3.545370 -16.988633 0.086444 0.373165 0.050832 0.922329
488.000000 1.859080 3.472478 -17.052290 0.084685 0.376349 0.049762 0.921257
489.000000 1.716498 3.447564 -17.108231 0.084263 0.380226 0.049119 0.919736
490.000000 1.562910 3.539740 -17.140250 0.086979 0.384213 0.049751 0.917791
491.000000 1.411627 3.679004 -17.160330 0.090906 0.388047 0.050944 0.915729
492.000000 1.245318 3.577302 -17.230982 0.088410 0.392615 0.049383 0.914111
493.000000 1.076769 3.527863 -17.288842 0.087319 0.397142 0.048394 0.912311
494.000000 0.919840 3.527500 -17.334305 0.087517 0.401274 0.047980 0.910504
495.000000 0.788340 3.565533 -17.369326 0.088691 0.404672 0.048068 0.908881
496.000000 0.692737 3.632785 -17.395766 0.090574 0.407083 0.048600 0.907589
497.000000 0.627710 3.728004 -17.414342 0.093137 0.408655 0.049557 0.906571
498.000000 0.583262 3.852374 -17.425032 0.096434 0.409648 0.050904 0.905703
499.000000 0.548958 4.007193 -17.427428 0.100506 0.410325 0.052635 0.904854
500.000000 0.482706 4.155939 -17.430760 0.104460 0.411822 0.054207 0.903633
501.000000 0.324220 4.208871 -17.457930 0.106062 0.415827 0.054384 0.901599
502.000000 0.200175 4.243505 -17.487549 0.107150 0.418946 0.054426 0.900023
503.000000 0.132386 4.284945 -17.514134 0.108339 0.420594 0.054710 0.899094
504.000000 0.074410 4.320136 -17.541747 0.109364 0.421995 0.054954 0.898298
505.000000 0.009457 4.350305 -17.570380 0.110267 0.423602 0.055117 0.897421
506.000000 -0.070366 4.378458 -17.599602 0.111093 0.425645 0.055187 0.896348
507.000000 -0.160744 4.395973 -17.631025 0.111660 0.427953 0.055100 0.895183
508.000000 -0.250511 4.392975 -17.666994 0.111716 0.430243 0.054773 0.894097
509.000000 -0.327175 4.360415 -17.710010 0.111013 0.432232 0.054128 0.893265
510.000000 -0.346758 4.327374 -17.753896 0.110216 0.432773 0.053658 0.893130
511.000000 -0.246492 4.377258 -17.779495 0.111321 0.430172 0.054581 0.894193
512.000000 -0.154127 4.424693 -17.804958 0.112375 0.427776 0.055443 0.895157
513.000000 -0.098158 4.444605 -17.836568 0.112793 0.426340 0.055856 0.895763
514.000000 -0.044215 4.455992 -17.870131 0.112998 0.424970 0.056159 0.896370
515.000000 0.012247 4.464373 -17.904301 0.113122 0.423542 0.056435 0.897012
516.000000 0.070489 4.472865 -17.938291 0.113242 0.422071 0.056720 0.897672
517.000000 0.129823 4.484580 -17.971312 0.113439 0.420568 0.057043 0.898332
518.000000 0.189528 4.502625 -18.002571 0.113793 0.419048 0.057438 0.898972
519.000000 0.248868 4.530129 -18.031266 0.114383 0.417524 0.057940 0.899574
520.000000 0.307108 4.570241 -18.056571 0.115288 0.416007 0.058582 0.900119
521.000000 0.363522 4.626070 -18.077634 0.116586 0.414511 0.059397 0.900589
522.000000 0.417723 4.699291 -18.093901 0.118319 0.413040 0.060403 0.900972
523.000000 0.469690 4.790016 -18.105153 0.120489 0.411594 0.061600 0.901265
524.000000 0.519415 4.898273 -18.111133 0.123098 0.410171 0.062986 0.901465
525.000000 0.566891 5.024074 -18.111535 0.126145 0.408769 0.064563 0.901569
526.000000 0.612109 5.167414 -18.106000 0.129631 0.407385 0.066329 0.901573
527.000000 0.655056 5.328267 -18.094117 0.133557 0.406017 0.068283 0.901471
528.000000 0.695719 5.506575 -18.075426 0.137922 0.404663 0.070426 0.901258
529.000000 0.734042 5.701727 -18.049587 0.142712 0.403321 0.072751 0.900929
530.000000 0.769703 5.909924 -18.017283 0.147837 0.402003 0.075213 0.900489
531.000000 0.802289 6.126188 -17.979744 0.153174 0.400729 0.077757 0.899949
532.000000 0.831391 6.345557 -17.938423 0.158603 0.399517 0.080324 0.899321
533.000000 0.856607 6.563103 -17.895012 0.164003 0.398389 0.082860 0.898623
534.000000 0.877549 6.773959 -17.851434 0.169253 0.397365 0.085308 0.897874
535.000000 0.893841 6.973372 -17.809836 0.174235 0.396469 0.087612 0.897094
536.000000 0.905116 7.156668 -17.772555 0.178830 0.395726 0.089715 0.896310
537.000000 0.911011 7.319215 -17.742079 0.182920 0.395159 0.091563 0.895548
538.000000 0.911161 7.456411 -17.721000 0.186387 0.394795 0.093099 0.894835
539.000000 0.905231 7.564163 -17.711729 0.189127 0.394657 0.094275 0.894197
540.000000 0.893050 7.641713 -17.715174 0.191122 0.394755 0.095080 0.893645
541.000000 0.873573 7.692408 -17.730334 0.192457 0.395107 0.095544 0.893153
542.000000 0.845145 7.721427 -17.755236 0.193270 0.395742 0.095717 0.892678
543.000000 0.806075 7.733957 -17.787746 0.193694 0.396686 0.095647 0.892174
544.000000 0.754735 7.735220 -17.825615 0.193866 0.397966 0.095385 0.891595
545.000000 0.693629 7.731909 -17.865733 0.193946 0.399497 0.095017 0.890931
546.000000 0.631406 7.732844 -17.903873 0.194132 0.401041 0.094689 0.890232
547.000000 0.577289 7.747043 -17.935835 0.194623 0.402346 0.094552 0.889550
548.000000 0.538092 7.781436 -17.958474 0.195573 0.403228 0.094721 0.888924
549.000000 0.514756 7.837896 -17.970950 0.197026 0.403662 0.095219 0.888353
550.000000 0.507357 7.917225 -17.972751 0.199001 0.403646 0.096057 0.887830
551.000000 0.516781 8.017104 -17.964552 0.201440 0.403159 0.097215 0.887375
552.000000 0.544463 8.133283 -17.947794 0.204237 0.402170 0.098656 0.887025
553.000000 0.591851 8.261515 -17.923925 0.207284 0.400651 0.100344 0.886816
554.000000 0.660388 8.397625 -17.894417 0.210470 0.398574 0.102244 0.886784
555.000000 0.747364 8.536012 -17.861627 0.213663 0.396020 0.104284 0.886928
556.000000 0.843995 8.668993 -17.829386 0.216692 0.393227 0.106327 0.887193
557.000000 0.941096 8.788791 -17.802009 0.219390 0.390447 0.108234 0.887527
558.000000 1.032019 8.889787 -17.782991 0.221635 0.387868 0.109904 0.887895
559.000000 1.116012 8.971367 -17.773147 0.223413 0.385513 0.111324 0.888298
560.000000 1.193178 9.033620 -17.772825 0.224727 0.383385 0.112492 0.888740
561.000000 1.263610 9.076599 -17.782299 0.225578 0.381484 0.113411 0.889226
562.000000 1.327381 9.100322 -17.801776 0.225967 0.379810 0.114079 0.889758
563.000000 1.384541 9.104767 -17.831396 0.225895 0.378364 0.114498 0.890338
564.000000 1.435123 9.089872 -17.871232 0.225362 0.377147 0.114669 0.890968
565.000000 1.479143 9.055530 -17.921292 0.224367 0.376157 0.114591 0.891647
566.000000 1.516602 9.001592 -17.981520 0.222909 0.375396 0.114267 0.892375
567.000000 1.547487 8.927865 -18.051792 0.220987 0.374861 0.113694 0.893150
568.000000 1.571767 8.834117 -18.131914 0.218599 0.374553 0.112874 0.893971
569.000000 1.589396 8.720081 -18.221625 0.215744 0.374470 0.111806 0.894833
570.000000 1.600314 8.585453 -18.320585 0.212417 0.374610 0.110490 0.895733
571.000000 1.604447 8.429908 -18.428379 0.208618 0.374973 0.108924 0.896666
572.000000 1.601707 8.253098 -18.544509 0.204344 0.375556 0.107109 0.897624
573.000000 1.591996 8.054666 -18.668390 0.199591 0.376355 0.105044 0.898602
574.000000 1.575206 7.834257 -18.799347 0.194359 0.377370 0.102730 0.899591
575.000000 1.551205 7.591791 -18.936506 0.188651 0.378595 0.100167 0.900579
576.000000 1.519549 7.331807 -19.077171 0.182583 0.380021 0.097405 0.901532
577.000000 1.479525 7.062902 -19.217430 0.176361 0.381639 0.094528 0.902393
578.000000 1.430402 6.794051 -19.353788 0.170198 0.383438 0.091625 0.903113
579.000000 1.371450 6.534475 -19.483239 0.164304 0.385413 0.088786 0.903647
580.000000 1.301944 6.293607 -19.603234 0.158892 0.387560 0.086102 0.903956
581.000000 1.221174 6.080968 -19.711611 0.154173 0.389876 0.083666 0.904006
582.000000 1.128981 5.905686 -19.806579 0.150348 0.392350 0.081567 0.903772
583.000000 1.032890 5.770434 -19.887950 0.147452 0.394811 0.079862 0.903329
584.000000 0.946355 5.672886 -19.956630 0.145398 0.396965 0.078578 0.902831
585.000000 0.883179 5.610188 -20.013578 0.144089 0.398515 0.077735 0.902431
586.000000 0.857624 5.574524 -20.060966 0.143322 0.399162 0.077300 0.902304
587.000000 0.884108 5.553965 -20.101776 0.142802 0.398616 0.077201 0.902637
588.000000 0.970238 5.540036 -20.137850 0.142324 0.396724 0.077378 0.903530
589.000000 1.114731 5.528997 -20.169574 0.141802 0.393522 0.077786 0.904976
590.000000 1.315737 5.517410 -20.196797 0.141158 0.389050 0.078384 0.906957
591.000000 1.571447 5.501807 -20.218952 0.140314 0.383349 0.079129 0.909447
592.000000 1.879511 5.479152 -20.235027 0.139199 0.376465 0.079981 0.912415
593.000000 2.229791 5.453002 -20.242778 0.137911 0.368610 0.080938 0.915727
594.000000 2.606176 5.431385 -20.239905 0.136660 0.360122 0.082016 0.919190
595.000000 2.991427 5.419176 -20.226174 0.135594 0.351377 0.083196 0.922620
596.000000 3.367834 5.419875 -20.203056 0.134830 0.342767 0.084449 0.925851
597.000000 3.717887 5.436858 -20.173303 0.134486 0.334688 0.085740 0.928733
598.000000 4.032495 5.471608 -20.139600 0.134622 0.327353 0.087054 0.931203
599.000000 4.314441 5.524026 -20.102904 0.135234 0.320703 0.088399 0.933299
600.000000 4.567463 5.594075 -20.063649 0.136315 0.314659 0.089786 0.935065
601.000000 4.795309 5.681747 -20.021924 0.137861 0.309139 0.091225 0.936539
602.000000 5.001709 5.787056 -19.977490 0.139866 0.304059 0.092726 0.937756
603.000000 5.190343 5.910003 -19.929796 0.142327 0.299338 0.094296 0.938748
604.000000 5.364940 6.051044 -19.877802 0.145249 0.294885 0.095950 0.939542
605.000000 5.530135 6.213875 -19.818949 0.148716 0.290582 0.097728 0.940157
606.000000 5.691030 6.403525 -19.749712 0.152840 0.286292 0.099683 0.940606
607.000000 5.852780 6.625007 -19.666030 0.157737 0.281873 0.101867 0.940898
608.000000 6.018906 6.881630 -19.564307 0.163485 0.277224 0.104318 0.941030
609.000000 6.189922 7.173620 -19.442447 0.170102 0.272320 0.107038 0.940984
610.000000 6.365966 7.500821 -19.298287 0.177599 0.267142 0.110028 0.940738
611.000000 6.547109 7.862948 -19.129407 0.185986 0.261673 0.113288 0.940267
612.000000 6.733333 8.259528 -18.933142 0.195274 0.255895 0.116819 0.939542
613.000000 6.924495 8.689837 -18.706613 0.205470 0.249792 0.120621 0.938529
614.000000 7.120299 9.152821 -18.446762 0.216578 0.243346 0.124693 0.937192
615.000000 7.320242 9.646989 -18.150436 0.228597 0.236544 0.129036 0.935489
616.000000 7.521754 10.167196 -17.817034 0.241442 0.229437 0.133616 0.933387
617.000000 7.718808 10.702314 -17.451474 0.254881 0.222191 0.138336 0.930876
618.000000 7.905305 11.241007 -17.060669 0.268670 0.214992 0.143093 0.927965
619.000000 8.075591 11.772611 -16.653065 0.282565 0.208031 0.147781 0.924684
620.000000 8.224562 12.287307 -16.238548 0.296330 0.201500 0.152294 0.921082
621.000000 8.347765 12.776307 -15.828271 0.309735 0.195595 0.156522 0.917228
622.000000 8.441423 13.231957 -15.434392 0.322560 0.190509 0.160353 0.913208
623.000000 8.502274 13.647604 -15.069789 0.334594 0.186437 0.163675 0.909119
624.000000 8.527389 14.017468 -14.747762 0.345636 0.183571 0.166374 0.905073
625.000000 8.513966 14.336450 -14.481699 0.355492 0.182098 0.168335 0.901182
626.000000 8.461004 14.602725 -14.280643 0.364055 0.182130 0.169481 0.897535
627.000000 8.372949 14.822046 -14.141390 0.371434 0.183542 0.169857 0.894146
628.000000 8.255202 15.001463 -14.056779 0.377782 0.186146 0.169547 0.891002
629.000000 8.112526 15.147463 -14.018978 0.383246 0.189756 0.168641 0.888074
630.000000 7.949271 15.266067 -14.019780 0.387966 0.194189 0.167237 0.885327
631.000000 7.769605 15.362921 -14.050822 0.392079 0.199264 0.165432 0.882723
632.000000 7.577653 15.443309 -14.103749 0.395716 0.204802 0.163328 0.880221
633.000000 7.377668 15.512304 -14.170312 0.399007 0.210624 0.161025 0.877782
634.000000 7.174128 15.574891 -14.242415 0.402082 0.216554 0.158625 0.875370
635.000000 6.971762 15.636048 -14.312147 0.405068 0.222414 0.156235 0.872950
636.000000 6.775141 15.700355 -14.372428 0.408082 0.228043 0.153954 0.870496
637.000000 6.586820 15.768644 -14.421469 0.411140 0.233367 0.151826 0.868017
638.000000 6.409490 15.839292 -14.460215 0.414181 0.238320 0.149874 0.865561
639.000000 6.245982 15.910544 -14.489797 0.417147 0.242837 0.148121 0.863179
640.000000 6.099103 15.980642 -14.511465 0.419978 0.246852 0.146590 0.860926
641.000000 5.971596 16.047831 -14.526559 0.422613 0.250298 0.145308 0.858857
642.000000 5.866105 16.110394 -14.536475 0.424995 0.253111 0.144299 0.857025
643.000000 5.785176 16.166649 -14.542622 0.427065 0.255230 0.143588 0.855486
644.000000 5.731306 16.214926 -14.546368 0.428763 0.256589 0.143204 0.854293
645.000000 5.706947 16.253569 -14.548988 0.430029 0.257128 0.143170 0.853500
646.000000 5.714497 16.280941 -14.551601 0.430803 0.256783 0.143515 0.853156
647.000000 5.755764 16.295206 -14.555566 0.431018 0.255510 0.144256 0.853305
648.000000 5.832196 16.292977 -14.563849 0.430562 0.253280 0.145389 0.854007
649.000000 5.945464 16.270406 -14.579498 0.429308 0.250063 0.146911 0.855325
650.000000 6.097484 16.223523 -14.605153 0.427122 0.245821 0.148817 0.857317
651.000000 6.290469 16.148194 -14.642934 0.423864 0.240513 0.151101 0.860036
652.000000 6.526418 16.040544 -14.694050 0.419405 0.234103 0.153751 0.863514
653.000000 6.801429 15.901753 -14.756151 0.413791 0.226706 0.156708 0.867654
654.000000 7.107605 15.736381 -14.825033 0.407194 0.218536 0.159877 0.872281
655.000000 7.436841 15.549098 -14.897003 0.399795 0.209813 0.163161 0.877223
656.000000 7.780785 15.344658 -14.969176 0.391782 0.200762 0.166460 0.882322
657.000000 8.130414 15.128767 -15.039011 0.383377 0.191619 0.169680 0.887419
658.000000 8.475322 14.909806 -15.103231 0.374894 0.182647 0.172735 0.892332
659.000000 8.804552 14.696829 -15.159673 0.366671 0.174119 0.175546 0.896894
660.000000 9.106828 14.499118 -15.207587 0.359053 0.166313 0.178043 0.900956
661.000000 9.370657 14.326153 -15.247401 0.352395 0.159511 0.180160 0.904387
662.000000 9.584926 14.187135 -15.280428 0.347036 0.153986 0.181840 0.907077
663.000000 9.744710 14.086098 -15.309128 0.343126 0.149856 0.183072 0.909006
664.000000 9.849342 14.023544 -15.335934 0.340677 0.147131 0.183879 0.910209
665.000000 9.898676 13.999617 -15.362401 0.339696 0.145813 0.184268 0.910709
666.000000 9.892604 14.014426 -15.389195 0.340184 0.145902 0.184241 0.910518
667.000000 9.830598 14.068365 -15.416102 0.342137 0.147399 0.183810 0.909632
668.000000 9.712319 14.156277 -15.446960 0.345377 0.150330 0.182968 0.908096
669.000000 9.530774 14.145835 -15.605152 0.346052 0.155652 0.180996 0.907337
670.000000 9.224505 14.148631 -15.821174 0.347809 0.164421 0.177731 0.905763
671.000000 8.805638 14.209870 -16.038980 0.351818 0.175923 0.173537 0.902862
672.000000 8.317049 14.311052 -16.243531 0.357214 0.188969 0.168811 0.898995
673.000000 7.803219 14.432958 -16.424292 0.363160 0.202390 0.163957 0.894579
674.000000 7.307930 14.559378 -16.576977 0.368894 0.215105 0.159356 0.890086
675.000000 6.851229 14.675992 -16.706485 0.374057 0.226723 0.155111 0.885787
676.000000 6.437476 14.774360 -16.821377 0.378500 0.237212 0.151176 0.881824
677.000000 6.068821 14.848059 -16.930225 0.382073 0.246562 0.147518 0.878331
678.000000 5.745930 14.897203 -17.036014 0.384793 0.254760 0.144154 0.875358
679.000000 5.476239 15.061662 -17.016389 0.390205 0.261036 0.142259 0.871414
680.000000 5.326391 15.210914 -16.967126 0.394686 0.264269 0.141647 0.868517
681.000000 5.281974 15.290246 -16.945673 0.396927 0.265081 0.141720 0.867235
682.000000 5.295593 15.314972 -16.955065 0.397524 0.264629 0.142048 0.867046
683.000000 5.320147 15.300273 -16.996571 0.397064 0.264060 0.142202 0.867405
684.000000 5.312217 15.259870 -17.071189 0.396083 0.264424 0.141783 0.867811
685.000000 5.256663 15.198168 -17.179080 0.394759 0.266079 0.140657 0.868092
686.000000 5.153174 15.114921 -17.319313 0.393094 0.269012 0.138823 0.868238
687.000000 5.023020 15.016642 -17.478334 0.391165 0.272641 0.136587 0.868332
688.000000 4.919103 14.919793 -17.626279 0.389174 0.275579 0.134680 0.868598
689.000000 4.868917 14.832807 -17.749420 0.387221 0.277138 0.133462 0.869162
690.000000 4.872265 14.755239 -17.849359 0.385300 0.277355 0.132910 0.870030
691.000000 4.927601 14.686167 -17.927823 0.383396 0.276290 0.132980 0.871199
692.000000 5.032718 14.624477 -17.986052 0.381488 0.274004 0.133630 0.872658
693.000000 5.184534 14.568861 -18.024859 0.379557 0.270556 0.134821 0.874391
694.000000 5.380280 14.518212 -18.044730 0.377577 0.266001 0.136518 0.876380
695.000000 5.617648 14.471559 -18.045920 0.375523 0.260397 0.138685 0.878602
696.000000 5.893871 14.427670 -18.028802 0.373371 0.253813 0.141270 0.881031
697.000000 6.183577 14.378120 -18.007117 0.371010 0.246898 0.143934 0.883558
698.000000 6.429874 14.304562 -18.015248 0.368221 0.241130 0.145965 0.885982
699.000000 6.606068 14.202228 -18.068264 0.365000 0.237199 0.147076 0.888189
700.000000 6.721518 14.089177 -18.149955 0.361764 0.234811 0.147497 0.890076
701.000000 6.787088 13.983464 -18.243121 0.358919 0.233623 0.147462 0.891545
702.000000 6.810109 13.891419 -18.340826 0.356587 0.233424 0.147092 0.892594
703.000000 6.797027 13.816582 -18.438427 0.354820 0.234038 0.146479 0.893237
704.000000 6.754274 13.762488 -18.531097 0.353671 0.235288 0.145715 0.893489
705.000000 6.688288 13.732419 -18.613918 0.353190 0.236996 0.144892 0.893362
706.000000 6.605726 13.729652 -18.681902 0.353429 0.238985 0.144097 0.892866
707.000000 6.513499 13.757695 -18.729991 0.354440 0.241076 0.143414 0.892013
708.000000 6.418678 13.820071 -18.753047 0.356275 0.243089 0.142930 0.890812
709.000000 6.325638 13.915171 -18.750510 0.358880 0.244931 0.142673 0.889302
710.000000 6.230585 14.026897 -18.735229 0.361885 0.246756 0.142500 0.887606
711.000000 6.130011 14.139529 -18.719888 0.364929 0.248705 0.142278 0.885850
712.000000 6.063336 14.238424 -18.702803 0.367514 0.249903 0.142298 0.884440
713.000000 6.120304 14.297452 -18.675389 0.368691 0.248332 0.143259 0.884237
714.000000 6.325301 14.304829 -18.637641 0.368081 0.243457 0.145328 0.885509
715.000000 6.619388 14.267751 -18.600224 0.366047 0.236628 0.147992 0.887758
716.000000 6.940588 14.194037 -18.575938 0.362999 0.229285 0.150698 0.890478
717.000000 7.227925 14.091233 -18.580963 0.359360 0.222849 0.152894 0.893209
718.000000 7.454380 13.967089 -18.621080 0.355432 0.217919 0.154371 0.895739
719.000000 7.637052 13.829198 -18.685249 0.351340 0.214052 0.155340 0.898115
720.000000 7.797129 13.684999 -18.760346 0.347189 0.210737 0.156046 0.900388
721.000000 7.954769 13.542454 -18.832833 0.343091 0.207480 0.156725 0.902595
722.000000 8.090300 13.420558 -18.898165 0.339585 0.204700 0.157300 0.904454
723.000000 8.121814 13.346901 -18.973242 0.337685 0.204250 0.157174 0.905288
724.000000 8.019449 13.331006 -19.064715 0.337731 0.206775 0.156149 0.904875
725.000000 7.837489 13.363570 -19.154463 0.339242 0.210978 0.154691 0.903589
726.000000 7.636004 13.433573 -19.223696 0.341689 0.215461 0.153287 0.901847
727.000000 7.474691 13.529691 -19.256258 0.344569 0.218867 0.152401 0.900080
728.000000 7.377564 13.640521 -19.251773 0.347535 0.220698 0.152171 0.898530
729.000000 7.323775 13.754803 -19.227017 0.350417 0.221497 0.152345 0.897183
730.000000 7.289199 13.861484 -19.199454 0.353050 0.221875 0.152645 0.896006
731.000000 7.249643 13.949669 -19.186462 0.355272 0.222439 0.152791 0.894962
732.000000 7.181601 14.008837 -19.204855 0.356926 0.223781 0.152508 0.894018
733.000000 7.073845 14.033960 -19.262373 0.357939 0.226175 0.151661 0.893154
734.000000 6.926312 14.024989 -19.358267 0.358312 0.229612 0.150247 0.892366
735.000000 6.766480 13.996152 -19.471347 0.358273 0.233388 0.148599 0.891678
736.000000 6.641980 13.972883 -19.566773 0.358224 0.236317 0.147308 0.891140
737.000000 6.558130 13.959877 -19.640451 0.358248 0.238275 0.146455 0.890749
738.000000 6.513080 13.958189 -19.693100 0.358378 0.239315 0.146025 0.890489
739.000000 6.504916 13.968785 -19.725166 0.358642 0.239487 0.145999 0.890341
740.000000 6.531133 13.992332 -19.736840 0.359070 0.238840 0.146360 0.890283
741.000000 6.588695 14.029312 -19.728093 0.359690 0.237422 0.147089 0.890291
742.000000 6.675170 14.080625 -19.698713 0.360530 0.235283 0.148175 0.890340
743.000000 6.788164 14.147178 -19.648360 0.361614 0.232470 0.149602 0.890400
744.000000 6.924583 14.229431 -19.577090 0.362963 0.229049 0.151345 0.890443
745.000000 7.053896 14.313418 -19.505389 0.364378 0.225764 0.153039 0.890415
746.000000 7.129774 14.374928 -19.468390 0.365486 0.223776 0.154112 0.890277
747.000000 7.161389 14.411738 -19.465475 0.366201 0.222894 0.154632 0.890115
748.000000 7.167694 14.425185 -19.489141 0.366481 0.222685 0.154782 0.890026
749.000000 7.167573 14.416521 -19.531593 0.366282 0.222714 0.154743 0.890107
750.000000 7.180198 14.387802 -19.584226 0.365578 0.222540 0.154705 0.890447
751.000000 7.225772 14.344181 -19.635707 0.364407 0.221685 0.154887 0.891108
752.000000 7.323119 14.291568 -19.674395 0.362829 0.219699 0.155494 0.892137
753.000000 7.446693 14.235267 -19.705306 0.361063 0.217138 0.156319 0.893336
754.000000 7.578229 14.180007 -19.731521 0.359286 0.214392 0.157217 0.894557
755.000000 7.714394 14.130592 -19.750694 0.357619 0.211513 0.158185 0.895739
756.000000 7.849413 14.091354 -19.761840 0.356182 0.208607 0.159195 0.896813
757.000000 7.971968 14.064413 -19.767951 0.355070 0.205916 0.160161 0.897704
758.000000 8.071370 14.051198 -19.772880 0.354360 0.203689 0.160989 0.898344
759.000000 8.136816 14.053142 -19.780603 0.354131 0.202175 0.161591 0.898668
760.000000 8.156970 14.070850 -19.795736 0.354444 0.201630 0.161869 0.898617
761.000000 8.119397 14.101829 -19.825264 0.355293 0.202348 0.161699 0.898151
762.000000 8.012663 14.142897 -19.875614 0.356649 0.204591 0.160961 0.897238
763.000000 7.870055 14.191494 -19.934153 0.358312 0.207606 0.159942 0.896064
764.000000 7.717699 14.245602 -19.991345 0.360128 0.210807 0.158863 0.894780
765.000000 7.565688 14.302269 -20.045219 0.361991 0.213979 0.157798 0.893463
766.000000 7.421004 14.356962 -20.096439 0.363772 0.216984 0.156786 0.892191
767.000000 7.283150 14.406256 -20.147812 0.365400 0.219849 0.155805 0.890996
768.000000 7.148893 14.447208 -20.202754 0.366823 0.222655 0.154808 0.889887
769.000000 7.014926 14.476855 -20.264608 0.367990 0.225487 0.153752 0.888875
770.000000 6.877889 14.492216 -20.336630 0.368849 0.228427 0.152591 0.887968
771.000000 6.734393 14.490296 -20.421968 0.369348 0.231557 0.151278 0.887174
772.000000 6.582137 14.471139 -20.521065 0.369499 0.234922 0.149795 0.886478
773.000000 6.422262 14.444164 -20.626577 0.369502 0.238460 0.148203 0.885799
774.000000 6.256657 14.420713 -20.729788 0.369596 0.242088 0.146583 0.885046
775.000000 6.088281 14.413276 -20.821145 0.370034 0.245699 0.145032 0.884123
776.000000 5.920778 14.430138 -20.894046 0.370971 0.249191 0.143634 0.882980
777.000000 5.751472 14.450071 -20.964027 0.371964 0.252696 0.142243 0.881791
778.000000 5.575671 14.442992 -21.052847 0.372398 0.256412 0.140637 0.880791
779.000000 5.391612 14.397753 -21.167959 0.372060 0.260403 0.138733 0.880065
780.000000 5.201685 14.330221 -21.297075 0.371285 0.264558 0.136649 0.879479
781.000000 5.008645 14.258711 -21.426679 0.370448 0.268754 0.134521 0.878888
782.000000 4.814212 14.199192 -21.546038 0.369861 0.272908 0.132467 0.878166
783.000000 4.616591 14.158199 -21.651894 0.369644 0.277045 0.130512 0.877255
784.000000 4.413311 14.138399 -21.743392 0.369846 0.281209 0.128655 0.876118
785.000000 4.202028 14.126884 -21.829266 0.370214 0.285488 0.126795 0.874849
786.000000 3.981986 14.109367 -21.918522 0.370470 0.289936 0.124830 0.873560
787.000000 3.759255 14.102524 -21.998944 0.370937 0.294383 0.122914 0.872145
788.000000 3.541860 14.132093 -22.052616 0.372106 0.298602 0.121289 0.870438
789.000000 3.334806 14.203693 -22.075214 0.374073 0.302485 0.120040 0.868426
790.000000 3.138535 14.295486 -22.080809 0.376402 0.306090 0.119025 0.866293
791.000000 2.948355 14.396655 -22.077220 0.378895 0.309542 0.118124 0.864100
792.000000 2.755670 14.506885 -22.065840 0.381567 0.313012 0.117258 0.861789
793.000000 2.556164 14.623970 -22.048506 0.384383 0.316592 0.116373 0.859347
794.000000 2.406146 14.713751 -22.041755 0.386528 0.319275 0.115712 0.857479
795.000000 2.277856 14.770465 -22.053768 0.387963 0.321620 0.114996 0.856050
796.000000 2.152365 14.809287 -22.076770 0.389035 0.323954 0.114171 0.854793
797.000000 2.028508 14.842676 -22.102450 0.389996 0.326269 0.113322 0.853586
798.000000 1.905090 14.883163 -22.122382 0.391095 0.328557 0.112529 0.852310
799.000000 1.779966 14.943845 -22.128018 0.392580 0.330808 0.111878 0.850841
800.000000 1.653398 15.034972 -22.112309 0.394646 0.333003 0.111444 0.849084
801.000000 1.531606 15.150091 -22.078751 0.397154 0.335045 0.111235 0.847137
802.000000 1.424464 15.271967 -22.038233 0.399751 0.336788 0.111209 0.845225
803.000000 1.337396 15.385380 -22.001086 0.402134 0.338168 0.111300 0.843530
804.000000 1.215323 15.508812 -21.957721 0.404800 0.340193 0.111147 0.841458
805.000000 1.086869 15.647556 -21.902130 0.407777 0.342303 0.111050 0.839175
806.000000 0.969058 15.794243 -21.838407 0.410882 0.344187 0.111110 0.836878
807.000000 0.855125 15.945766 -21.769046 0.414072 0.345985 0.111244 0.834544
808.000000 0.737486 16.099293 -21.696326 0.417313 0.347846 0.111359 0.832137
809.000000 0.608927 16.251963 -21.622476 0.420567 0.349917 0.111360 0.829627
810.000000 0.470305 16.400240 -21.549991 0.423764 0.352190 0.111222 0.827052
811.000000 0.331629 16.540871 -21.481138 0.426818 0.354482 0.111015 0.824527
812.000000 0.203345 16.670782 -21.418380 0.429642 0.356603 0.110813 0.822170
813.000000 0.095796 16.786920 -21.364490 0.432151 0.358364 0.110697 0.820101
814.000000 0.018184 16.886568 -21.322202 0.434271 0.359600 0.110738 0.818434
815.000000 -0.038070 16.972457 -21.289968 0.436073 0.360466 0.110879 0.817074
816.000000 -0.093620 17.051148 -21.262886 0.437735 0.361338 0.110969 0.815787
817.000000 -0.158846 17.126628 -21.237832 0.439358 0.362402 0.110935 0.814446
818.000000 -0.226666 17.198683 -21.215067 0.440919 0.363518 0.110847 0.813117
819.000000 -0.286515 17.266261 -21.195666 0.442368 0.364483 0.110807 0.811902
820.000000 -0.336119 17.330639 -21.178719 0.443725 0.365253 0.110849 0.810809
821.000000 -0.383224 17.395927 -21.160729 0.445090 0.365972 0.110928 0.809725
822.000000 -0.436204 17.466408 -21.137921 0.446571 0.366793 0.110990 0.808528
823.000000 -0.503637 17.546412 -21.106366 0.448273 0.367870 0.110981 0.807097
824.000000 -0.593037 17.639924 -21.062231 0.450292 0.369334 0.110853 0.805320
825.000000 -0.694501 17.745530 -21.006499 0.452576 0.370999 0.110698 0.803293
826.000000 -0.783947 17.857420 -20.944587 0.454951 0.372419 0.110723 0.801289
827.000000 -0.841537 17.970779 -20.881450 0.457273 0.373224 0.111106 0.799538
828.000000 -0.864370 18.084573 -20.818332 0.459513 0.373362 0.111875 0.798081
829.000000 -0.987759 18.166479 -20.777648 0.461409 0.375506 0.111259 0.796064
830.000000 -1.137144 18.239009 -20.742557 0.463194 0.378168 0.110265 0.793903
831.000000 -1.248474 18.309966 -20.709687 0.464849 0.380100 0.109673 0.792092
832.000000 -1.334229 18.365478 -20.691198 0.466142 0.381577 0.109226 0.790683
833.000000 -1.406781 18.391718 -20.699026 0.466840 0.382871 0.108662 0.789723
834.000000 -1.469572 18.407026 -20.717195 0.467300 0.384042 0.108082 0.788962
835.000000 -1.533097 18.456250 -20.704893 0.468405 0.385149 0.107807 0.787804
836.000000 -1.633724 18.499830 -20.694376 0.469495 0.386961 0.107072 0.786366
837.000000 -1.792960 18.509994 -20.708352 0.470093 0.389958 0.105366 0.784757
838.000000 -1.974549 18.518821 -20.720529 0.470710 0.393367 0.103385 0.782947
839.000000 -2.033106 18.571061 -20.704753 0.471834 0.394333 0.103216 0.781806
840.000000 -2.049045 18.640224 -20.677036 0.473181 0.394446 0.103708 0.780869
841.000000 -2.092577 18.715829 -20.640335 0.474719 0.395071 0.103944 0.779588
842.000000 -2.157868 18.808739 -20.585461 0.476631 0.396078 0.104084 0.777890
843.000000 -2.236287 18.929788 -20.502329 0.479111 0.397263 0.104339 0.775725
844.000000 -2.320537 19.060207 -20.408139 0.481791 0.398529 0.104618 0.773373
845.000000 -2.399413 19.154984 -20.346326 0.483790 0.399783 0.104611 0.771477
846.000000 -2.430413 19.248245 -20.290602 0.485644 0.400132 0.105151 0.770057
847.000000 -2.374372 19.323076 -20.262078 0.486928 0.398878 0.106544 0.769705
848.000000 -2.374052 19.370035 -20.253189 0.487825 0.398752 0.107009 0.769138
849.000000 -2.381919 19.396072 -20.263166 0.488347 0.398835 0.107174 0.768741
850.000000 -2.404573 19.451701 -20.242868 0.489470 0.399116 0.107456 0.767840
851.000000 -2.450851 19.501101 -20.225542 0.490536 0.399854 0.107397 0.766784
852.000000 -2.514235 19.522812 -20.233440 0.491104 0.400975 0.106861 0.765909
853.000000 -2.584506 19.534970 -20.249702 0.491502 0.402269 0.106134 0.765075
854.000000 -2.659049 19.554267 -20.258283 0.492045 0.403622 0.105427 0.764111
855.000000 -2.734265 19.596818 -20.243188 0.493044 0.404926 0.104946 0.762843
856.000000 -2.820766 19.677111 -20.189270 0.494784 0.406350 0.104699 0.760990
857.000000 -3.003259 19.790714 -20.087946 0.497391 0.409501 0.103608 0.757745
858.000000 -3.151770 19.867986 -20.025317 0.499217 0.412104 0.102568 0.755270
859.000000 -3.269943 19.908152 -20.002828 0.500267 0.414228 0.101519 0.753553
860.000000 -3.363704 19.904787 -20.026499 0.500447 0.415994 0.100319 0.752621
861.000000 -3.437786 19.937137 -20.016897 0.501262 0.417294 0.099737 0.751435
862.000000 -3.507325 20.048894 -19.928184 0.503556 0.418328 0.100025 0.749285
863.000000 -3.574081 20.174988 -19.825076 0.506093 0.419282 0.100490 0.746976
864.000000 -3.636949 20.282404 -19.741132 0.508255 0.420199 0.100815 0.744947
865.000000 -3.693648 20.341185 -19.707538 0.509484 0.421118 0.100704 0.743602
866.000000 -3.733564 20.328694 -19.749576 0.509345 0.421902 0.100043 0.743343
867.000000 -3.699133 20.295881 -19.825116 0.508660 0.421342 0.100126 0.744117
868.000000 -3.635878 20.322078 -19.844999 0.509011 0.420092 0.101224 0.744436
869.000000 -3.600704 20.430619 -19.774944 0.510973 0.419157 0.102837 0.743396
870.000000 -3.589948 20.600126 -19.636248 0.514143 0.418511 0.104783 0.741300
871.000000 -3.637853 20.741486 -19.515012 0.516932 0.419033 0.105669 0.738936
872.000000 -3.736054 20.806922 -19.464264 0.518407 0.420702 0.105086 0.737035
873.000000 -3.847538 20.836179 -19.448706 0.519231 0.422717 0.103933 0.735464
874.000000 -3.937157 20.837628 -19.465927 0.519489 0.424387 0.102764 0.734484
875.000000 -3.981329 20.817661 -19.513647 0.519246 0.425254 0.101971 0.734264
876.000000 -4.043685 20.821315 -19.531690 0.519504 0.426418 0.101185 0.733515
877.000000 -4.116850 20.897861 -19.469363 0.521154 0.427616 0.101035 0.731666
878.000000 -4.177599 21.020776 -19.359144 0.523635 0.428466 0.101557 0.729321
879.000000 -4.247894 21.125234 -19.266279 0.525781 0.429534 0.101755 0.727118
880.000000 -4.340032 21.166646 -19.237867 0.526777 0.431159 0.100964 0.725544
881.000000 -4.422135 21.167901 -19.255509 0.526987 0.432696 0.099851 0.724630
882.000000 -4.451034 21.167518 -19.286118 0.527047 0.433231 0.099449 0.724322
883.000000 -4.459043 21.192274 -19.292930 0.527539 0.433299 0.099635 0.723897
884.000000 -4.496068 21.265787 -19.238659 0.529030 0.433786 0.099978 0.722469
885.000000 -4.565723 21.359963 -19.153023 0.530994 0.434842 0.100098 0.720373
886.000000 -4.621365 21.493031 -19.026198 0.533650 0.435550 0.100838 0.717876
887.000000 -4.672751 21.605594 -18.922412 0.535906 0.436234 0.101399 0.715698
888.000000 -4.720109 21.666172 -18.877918 0.537171 0.436980 0.101415 0.714290
889.000000 -4.757343 21.711918 -18.851816 0.538136 0.437576 0.101398 0.713201
890.000000 -4.764170 21.750084 -18.842946 0.538869 0.437609 0.101726 0.712580
891.000000 -4.724569 21.788726 -18.844397 0.539496 0.436756 0.102732 0.712485
892.000000 -4.690282 21.803754 -18.871231 0.539695 0.436063 0.103405 0.712661
893.000000 -4.707051 21.780362 -18.929813 0.539304 0.436430 0.102921 0.712802
894.000000 -4.751316 21.746196 -18.993407 0.538791 0.437339 0.101930 0.712775
895.000000 -4.824849 21.785054 -18.965870 0.539725 0.438600 0.101360 0.711374
896.000000 -4.907963 21.877005 -18.874625 0.541671 0.439899 0.101259 0.709104
897.000000 -5.011630 21.985886 -18.757658 0.543979 0.441546 0.101046 0.706339
898.000000 -5.128753 22.106479 -18.621728 0.546533 0.443434 0.100759 0.703218
899.000000 -5.231204 22.195676 -18.524785 0.548461 0.445142 0.100303 0.700698
900.000000 -5.303811 22.242979 -18.484170 0.549542 0.446402 0.099771 0.699124
901.000000 -5.338463 22.251995 -18.498348 0.549830 0.447044 0.099344 0.698548
902.000000 -5.338817 22.282419 -18.495616 0.550445 0.446980 0.099693 0.698055
903.000000 -5.292315 22.385764 -18.417832 0.552308 0.445829 0.101637 0.697038
904.000000 -5.212480 22.529816 -18.299097 0.554842 0.443919 0.104582 0.695808
905.000000 -5.129160 22.617963 -18.249949 0.556282 0.442083 0.106902 0.695475
906.000000 -5.117550 22.624313 -18.283181 0.556340 0.441835 0.107162 0.695546
907.000000 -5.165394 22.605921 -18.330745 0.556091 0.442778 0.106241 0.695287
908.000000 -5.224390 22.616290 -18.338584 0.556434 0.443844 0.105506 0.694444
909.000000 -5.293117 22.675144 -18.282327 0.557742 0.444952 0.105212 0.692728
910.000000 -5.378841 22.796940 -18.141662 0.560296 0.446203 0.105415 0.689826
911.000000 -5.480326 22.976213 -17.920095 0.564003 0.447609 0.106068 0.685782
912.000000 -5.577456 23.154841 -17.694802 0.567714 0.448956 0.106777 0.681717
913.000000 -5.669011 23.275369 -17.542344 0.570320 0.450375 0.106841 0.678589
914.000000 -5.788701 23.328042 -17.468140 0.571713 0.452542 0.105579 0.676168
915.000000 -5.933348 23.358239 -17.414033 0.572745 0.455251 0.103620 0.673775
916.000000 -5.986172 23.362658 -17.425138 0.573004 0.456256 0.102816 0.672998
917.000000 -5.938365 23.331409 -17.518747 0.572273 0.455416 0.103201 0.674129
918.000000 -5.847700 23.247274 -17.696211 0.570397 0.453912 0.103609 0.676665
919.000000 -5.729040 23.123816 -17.931272 0.567699 0.452013 0.103958 0.680143
920.000000 -5.588093 22.984108 -18.189568 0.564647 0.449767 0.104448 0.684086
921.000000 -5.429856 22.856499 -18.433149 0.561788 0.447174 0.105356 0.687989
922.000000 -5.258323 22.766380 -18.630172 0.559602 0.444241 0.106899 0.691425
923.000000 -5.080553 22.694519 -18.803422 0.557745 0.441158 0.108709 0.694610
924.000000 -4.902884 22.599075 -19.001633 0.555464 0.438162 0.110202 0.698090
925.000000 -4.725111 22.484785 -19.217950 0.552851 0.435235 0.111462 0.701785
926.000000 -4.589143 22.382219 -19.406069 0.550594 0.433045 0.112250 0.704782
927.000000 -4.492290 22.299675 -19.558775 0.548834 0.431509 0.112714 0.707020
928.000000 -4.430426 22.237888 -19.678293 0.547560 0.430551 0.112912 0.708558
929.000000 -4.399213 22.197615 -19.766665 0.546754 0.430101 0.112899 0.709456
930.000000 -4.397002 22.174967 -19.829248 0.546336 0.430133 0.112666 0.709795
931.000000 -4.424429 22.161159 -19.875505 0.546156 0.430673 0.112119 0.709693
932.000000 -4.479221 22.151182 -19.911271 0.546121 0.431687 0.111240 0.709241
933.000000 -4.531991 22.179362 -19.904784 0.546762 0.432556 0.110801 0.708286
934.000000 -4.540294 22.292230 -19.813257 0.548789 0.432394 0.111897 0.706643
935.000000 -4.429841 22.272281 -19.897050 0.548113 0.430485 0.113213 0.708122
936.000000 -4.360105 22.329956 -19.883770 0.548935 0.429078 0.114823 0.708080
937.000000 -4.419265 22.633802 -19.559980 0.554551 0.429243 0.117308 0.703180
938.000000 -4.461373 22.852883 -19.329707 0.558637 0.429331 0.119143 0.699574
939.000000 -4.470801 22.965185 -19.229291 0.560718 0.429144 0.120275 0.697829
940.000000 -4.459214 23.011479 -19.215864 0.561474 0.428762 0.120959 0.697337
941.000000 -4.434228 23.023355 -19.245096 0.561586 0.428259 0.121452 0.697470
942.000000 -4.400668 23.013557 -19.296541 0.561367 0.427700 0.121849 0.697921
943.000000 -4.356250 22.947531 -19.418661 0.560072 0.427121 0.121776 0.699327
944.000000 -4.295652 22.779820 -19.663861 0.556884 0.426565 0.120811 0.702373
945.000000 -4.303617 22.720953 -19.766532 0.555850 0.426890 0.120068 0.703121
946.000000 -4.282638 22.603584 -19.941559 0.553687 0.426864 0.119141 0.704999
947.000000 -4.194234 22.317032 -20.315764 0.548362 0.426127 0.117438 0.709876
948.000000 -4.229843 22.274821 -20.390703 0.547714 0.426851 0.116580 0.710082
949.000000 -4.435336 22.561415 -20.067010 0.553308 0.429610 0.116759 0.704026
950.000000 -4.693846 22.996781 -19.547131 0.561698 0.432858 0.117867 0.695152
951.000000 -4.813639 23.308331 -19.186415 0.567539 0.434005 0.119679 0.689360
952.000000 -4.766850 23.395814 -19.130842 0.568904 0.432872 0.121393 0.688646
953.000000 -4.792230 23.475700 -19.061640 0.570409 0.433076 0.121998 0.687164
954.000000 -4.914299 23.633410 -18.864024 0.573719 0.434808 0.122031 0.683298
955.000000 -5.110067 23.890029 -18.512722 0.579138 0.437577 0.122036 0.676929
956.000000 -5.331721 24.187832 -18.090536 0.585401 0.440653 0.122134 0.669488
957.000000 -5.526116 24.445782 -17.720575 0.590804 0.443319 0.122224 0.662933
958.000000 -5.634225 24.580476 -17.539392 0.593644 0.444836 0.122134 0.659387
959.000000 -5.614854 24.527665 -17.658841 0.592563 0.444659 0.121700 0.660558
960.000000 -5.553205 24.385689 -17.911350 0.589699 0.444010 0.120889 0.663699
961.000000 -5.600700 24.349302 -17.982188 0.589191 0.445029 0.119630 0.663696
962.000000 -5.761813 24.483716 -17.782742 0.592231 0.447585 0.118625 0.659438
963.000000 -5.810950 24.606159 -17.631883 0.594664 0.448083 0.119454 0.656755
964.000000 -5.714387 24.665581 -17.615162 0.595417 0.446060 0.122016 0.656978
965.000000 -5.463677 24.631340 -17.776725 0.593879 0.441494 0.125972 0.660698
966.000000 -5.051977 24.481886 -18.136273 0.589621 0.434397 0.131090 0.668178
967.000000 -4.549911 24.239085 -18.623810 0.583307 0.426058 0.136481 0.677939
968.000000 -4.066542 23.945299 -19.143682 0.576161 0.418354 0.140879 0.687875
969.000000 -3.620661 23.616703 -19.669909 0.568607 0.411562 0.144149 0.697513
970.000000 -3.224413 23.267651 -20.184639 0.560983 0.405819 0.146291 0.706547
971.000000 -2.892035 22.913311 -20.672058 0.553611 0.401272 0.147332 0.714695
972.000000 -2.638162 22.569307 -21.117731 0.546806 0.398090 0.147321 0.721681
973.000000 -2.477539 22.252195 -21.507679 0.540886 0.396445 0.146308 0.727233
974.000000 -2.426784 21.980431 -21.827603 0.536177 0.396513 0.144325 0.731069
975.000000 -2.502232 21.773452 -22.061949 0.533009 0.398467 0.141405 0.732892
976.000000 -2.715991 21.649830 -22.194351 0.531669 0.402419 0.137606 0.732428
977.000000 -2.985548 21.591178 -22.253104 0.531539 0.407050 0.133803 0.730666
978.000000 -3.184349 21.557276 -22.294689 0.531565 0.410414 0.131138 0.729247
979.000000 -3.299649 21.545134 -22.325963 0.531691 0.412338 0.129680 0.728331
980.000000 -3.330520 21.555404 -22.347784 0.531943 0.412819 0.129411 0.727921
981.000000 -3.287070 21.596738 -22.350641 0.532493 0.412003 0.130288 0.727825
982.000000 -3.189381 21.685289 -22.315370 0.533654 0.410164 0.132240 0.727662
983.000000 -3.057959 21.837287 -22.221743 0.535745 0.407571 0.135188 0.727040
984.000000 -2.913535 22.064940 -22.052149 0.539032 0.404505 0.139003 0.725602
985.000000 -2.784413 22.287395 -21.881221 0.542283 0.401665 0.142610 0.724056
986.000000 -2.681496 22.465997 -21.747826 0.544896 0.399364 0.145523 0.722786
987.000000 -2.607124 22.607559 -21.646370 0.546993 0.397637 0.147771 0.721697
988.000000 -2.563397 22.718717 -21.570733 0.548698 0.396508 0.149379 0.720693
989.000000 -2.552312 22.805974 -21.514419 0.550134 0.396000 0.150367 0.719671
990.000000 -2.575373 22.876791 -21.471147 0.551417 0.396125 0.150755 0.718539
991.000000 -2.625366 22.929948 -21.443894 0.552488 0.396772 0.150617 0.717386
992.000000 -2.686578 22.956080 -21.444522 0.553139 0.397706 0.150072 0.716481
993.000000 -2.742851 22.945409 -21.485401 0.553153 0.398690 0.149237 0.716098
994.000000 -2.777577 22.891200 -21.575437 0.552366 0.399465 0.148269 0.716475
995.000000 -2.766399 22.877661 -21.628037 0.552097 0.399335 0.148269 0.716754
996.000000 -2.703399 22.943415 -21.603130 0.552962 0.398073 0.149669 0.716499
997.000000 -2.609610 23.024140 -21.565453 0.553967 0.396243 0.151602 0.716330
998.000000 -2.508858 23.066756 -21.568362 0.554318 0.394426 0.153271 0.716706
999.000000 -2.413175 23.083199 -21.597736 0.554256 0.392781 0.154641 0.717363
1000.000000 -2.333802 23.090631 -21.633936 0.554105 0.391431 0.155737 0.717980
1001.000000 -2.281817 23.106398 -21.657422 0.554194 0.390495 0.156580 0.718238
1002.000000 -2.267587 23.148942 -21.648612 0.554856 0.390086 0.157182 0.717817
1003.000000 -2.301313 23.236385 -21.587589 0.556422 0.390316 0.157554 0.716397
1004.000000 -2.388605 23.374919 -21.465374 0.559024 0.391253 0.157681 0.713827
1005.000000 -2.508042 23.512144 -21.339184 0.561718 0.392732 0.157380 0.710961
1006.000000 -2.626696 23.582311 -21.285111 0.563290 0.394447 0.156480 0.708964
1007.000000 -2.692018 23.576695 -21.320247 0.563413 0.395553 0.155585 0.708447
1008.000000 -2.653286 23.486723 -21.459817 0.561779 0.395243 0.155284 0.709982
1009.000000 -2.523486 23.362295 -21.644670 0.559274 0.393556 0.155887 0.712759
1010.000000 -2.319748 23.220967 -21.851814 0.556234 0.390721 0.157325 0.716372
1011.000000 -2.050799 23.054906 -22.086825 0.552553 0.386921 0.159366 0.720819
1012.000000 -1.724604 22.855744 -22.355049 0.548123 0.382329 0.161769 0.726097
1013.000000 -1.349905 22.614482 -22.661372 0.542832 0.377131 0.164299 0.732197
1014.000000 -0.942666 22.331041 -22.998706 0.536763 0.371593 0.166778 0.738911
1015.000000 -0.551154 22.069729 -23.299872 0.531118 0.366254 0.169221 0.745074
1016.000000 -0.234860 21.920251 -23.483538 0.527530 0.361727 0.171685 0.749260
1017.000000 -0.052382 21.972905 -23.473050 0.527652 0.358600 0.174189 0.750098
1018.000000 -0.043261 22.273947 -23.225296 0.532417 0.357309 0.176607 0.746775
1019.000000 -0.175427 22.696712 -22.849335 0.539717 0.357796 0.178380 0.740856
1020.000000 -0.410444 23.145840 -22.428520 0.547895 0.359819 0.179234 0.733632
1021.000000 -0.705534 23.552696 -22.030049 0.555686 0.362984 0.179065 0.726218
1022.000000 -0.887392 23.802037 -21.789121 0.560513 0.364944 0.178950 0.721539
1023.000000 -1.142808 24.069810 -21.515143 0.566012 0.368068 0.177981 0.715877
1024.000000 -1.508215 24.386633 -21.166457 0.572842 0.372854 0.175887 0.708446
1025.000000 -1.906796 24.691983 -20.811275 0.579656 0.378284 0.173146 0.700657
1026.000000 -2.268086 24.929508 -20.525339 0.585170 0.383400 0.170248 0.693971
1027.000000 -2.525255 25.047328 -20.390324 0.588184 0.387241 0.167660 0.689908
1028.000000 -2.615620 25.012538 -20.459662 0.587975 0.388917 0.165916 0.689566
1029.000000 -2.556494 24.877330 -20.666928 0.585509 0.388503 0.165366 0.692025
1030.000000 -2.506048 24.821574 -20.774429 0.584410 0.387916 0.165524 0.693244
1031.000000 -2.489479 24.893724 -20.724277 0.585573 0.387380 0.166434 0.692344
1032.000000 -2.629838 25.166387 -20.410372 0.590740 0.388655 0.166954 0.687095
1033.000000 -2.724120 25.437753 -20.096598 0.595698 0.389122 0.168167 0.682238
1034.000000 -2.704969 25.643837 -19.875454 0.599081 0.387897 0.170442 0.679402
1035.000000 -2.613780 25.804271 -19.717361 0.601419 0.385626 0.173360 0.677889
1036.000000 -2.506259 25.935064 -19.595707 0.603197 0.383189 0.176270 0.676940
1037.000000 -2.440885 26.050333 -19.485868 0.604904 0.381534 0.178427 0.675786
1038.000000 -2.474582 26.165932 -19.360616 0.607079 0.381585 0.179078 0.673631
1039.000000 -2.599300 26.277051 -19.227248 0.609605 0.383236 0.178269 0.670620
1040.000000 -2.670790 26.293350 -19.229238 0.610242 0.384401 0.177328 0.669624
1041.000000 -2.677685 26.251421 -19.319917 0.609568 0.384709 0.176808 0.670198
1042.000000 -2.636613 26.181513 -19.455485 0.608183 0.384316 0.176757 0.671693
1043.000000 -2.570219 26.094408 -19.617702 0.606375 0.383571 0.176926 0.673706
1044.000000 -2.501395 25.999842 -19.789532 0.604422 0.382826 0.177053 0.675848
1045.000000 -2.447506 25.908601 -19.953552 0.602603 0.382324 0.176976 0.677774
1046.000000 -2.402849 25.837906 -20.087768 0.601193 0.381884 0.176959 0.679277
1047.000000 -2.355232 25.807737 -20.168648 0.600471 0.381211 0.177380 0.680184
1048.000000 -2.292533 25.836610 -20.174853 0.600683 0.380020 0.178593 0.680345
1049.000000 -2.208857 25.908117 -20.128026 0.601522 0.378284 0.180525 0.680060
1050.000000 -2.103706 25.976323 -20.086848 0.602209 0.376198 0.182745 0.680018
1051.000000 -1.976507 25.996716 -20.108936 0.601981 0.373955 0.184842 0.680889
1052.000000 -1.827659 25.957943 -20.208515 0.600647 0.371622 0.186707 0.682833
1053.000000 -1.663335 25.877496 -20.361065 0.598534 0.369226 0.188414 0.685514
1054.000000 -1.490241 25.774117 -20.540715 0.595996 0.366798 0.190031 0.688576
1055.000000 -1.318971 25.666490 -20.722551 0.593399 0.364429 0.191565 0.691644
1056.000000 -1.171761 25.572164 -20.883927 0.591139 0.362407 0.192854 0.694279
1057.000000 -1.073735 25.508762 -21.003317 0.589618 0.361061 0.193708 0.696034
1058.000000 -1.050225 25.493947 -21.059546 0.589240 0.360723 0.193942 0.696464
1059.000000 -1.116246 25.539637 -21.037963 0.590264 0.361581 0.193461 0.695284
1060.000000 -1.264966 25.645531 -20.937606 0.592654 0.363526 0.192357 0.692538
1061.000000 -1.485540 25.809118 -20.758272 0.596326 0.366397 0.190741 0.688307
1062.000000 -1.756323 26.020314 -20.508588 0.601032 0.369898 0.188797 0.682856
1063.000000 -2.042827 26.259909 -20.210662 0.606319 0.373559 0.186818 0.676705
1064.000000 -2.311155 26.508903 -19.889804 0.611734 0.376910 0.185110 0.670414
1065.000000 -2.529998 26.749529 -19.573813 0.616839 0.379501 0.183993 0.664556
1066.000000 -2.670481 26.965156 -19.292425 0.621207 0.380900 0.183806 0.659722
1067.000000 -2.705386 27.140079 -19.076205 0.624412 0.380691 0.184895 0.656504
1068.000000 -2.613699 27.259024 -18.954206 0.626053 0.378559 0.187510 0.655431
1069.000000 -2.418717 27.310719 -18.940970 0.626000 0.374951 0.191199 0.656490
1070.000000 -2.174046 27.293241 -19.031013 0.624458 0.370810 0.195072 0.659166
1071.000000 -1.916790 27.210634 -19.211609 0.621689 0.366777 0.198544 0.662991
1072.000000 -1.657043 27.074900 -19.461568 0.617980 0.362983 0.201538 0.667627
1073.000000 -1.403018 26.898726 -19.759418 0.613623 0.359513 0.204020 0.672751
1074.000000 -1.163229 26.695179 -20.084487 0.608911 0.356455 0.205963 0.678047
1075.000000 -0.947184 26.477990 -20.417050 0.604142 0.353906 0.207343 0.683208
1076.000000 -0.765830 26.261661 -20.738325 0.599619 0.351970 0.208140 0.687934
1077.000000 -0.632423 26.061467 -21.030291 0.595645 0.350769 0.208348 0.691924
1078.000000 -0.554492 25.893679 -21.275365 0.592496 0.350321 0.208065 0.694934
1079.000000 -0.506975 25.781509 -21.449091 0.590388 0.350085 0.207895 0.696895
1080.000000 -0.619917 25.856168 -21.393157 0.592102 0.351550 0.207026 0.694959
1081.000000 -0.880226 26.111541 -21.109129 0.597480 0.354539 0.205565 0.689248
1082.000000 -1.214585 26.469437 -20.680014 0.604928 0.358244 0.203887 0.681288
1083.000000 -1.559641 26.858409 -20.187599 0.613005 0.361980 0.202292 0.672513
1084.000000 -1.856800 27.211470 -19.722795 0.620315 0.365102 0.201097 0.664432
1085.000000 -2.040287 27.460483 -19.393053 0.625423 0.366889 0.200630 0.658776
1086.000000 -2.042068 27.536896 -19.318085 0.626792 0.366551 0.201277 0.657465
1087.000000 -1.797194 27.371522 -19.607341 0.622865 0.363343 0.203446 0.662292
1088.000000 -1.380447 27.010177 -20.165491 0.614775 0.358286 0.206565 0.671575
1089.000000 -1.202066 26.806657 -20.477413 0.610539 0.356398 0.207540 0.676128
1090.000000 -1.098921 26.659473 -20.707215 0.607624 0.355463 0.207836 0.679149
1091.000000 -0.999533 26.525094 -20.920072 0.604916 0.354502 0.208145 0.681968
1092.000000 -0.920309 26.417496 -21.099877 0.602686 0.353693 0.208380 0.684287
1093.000000 -0.875209 26.347028 -21.233659 0.601159 0.353211 0.208481 0.685846
1094.000000 -0.873222 26.320862 -21.306254 0.600623 0.353248 0.208358 0.686334
1095.000000 -0.934782 26.358985 -21.292951 0.601508 0.354038 0.207847 0.685307
1096.000000 -1.087802 26.487437 -21.159655 0.604353 0.355895 0.206753 0.682165
1097.000000 -1.353826 26.725560 -20.875227 0.609566 0.359067 0.204928 0.676391
1098.000000 -1.619694 26.974391 -20.565815 0.614977 0.362200 0.203187 0.670320
1099.000000 -1.668677 27.089927 -20.442138 0.617180 0.362474 0.203438 0.668068
1100.000000 -1.686524 27.192055 -20.338583 0.619002 0.362295 0.204027 0.666298
1101.000000 -1.689332 27.239974 -20.310217 0.619824 0.362117 0.204375 0.665523
1102.000000 -1.699338 27.264390 -20.315726 0.620232 0.362137 0.204449 0.665109
1103.000000 -1.733307 27.291425 -20.319156 0.620723 0.362487 0.204246 0.664523
1104.000000 -1.801039 27.340208 -20.288848 0.621738 0.363266 0.203780 0.663290
1105.000000 -1.911544 27.431920 -20.191755 0.623729 0.364562 0.203040 0.660932
1106.000000 -2.078513 27.593146 -19.989454 0.627200 0.366476 0.201981 0.656901
1107.000000 -2.318482 27.849019 -19.638621 0.632661 0.369152 0.200561 0.650571
1108.000000 -2.668145 28.198342 -19.121844 0.640292 0.373200 0.198228 0.641447
1109.000000 -3.054120 28.428093 -18.753532 0.646134 0.378502 0.194118 0.633692
1110.000000 -3.138948 28.455901 -18.731178 0.647093 0.379827 0.192866 0.632301
1111.000000 -3.073766 28.408479 -18.848133 0.646033 0.379017 0.193359 0.633719
1112.000000 -2.983573 28.331849 -19.012833 0.644326 0.377911 0.194050 0.635903
1113.000000 -2.894081 28.240357 -19.198810 0.642342 0.376871 0.194650 0.638339
1114.000000 -2.814548 28.143620 -19.389578 0.640316 0.376044 0.195031 0.640741
1115.000000 -2.759006 28.050929 -19.569769 0.638475 0.375567 0.195071 0.642843
1116.000000 -2.738396 27.971151 -19.724500 0.637036 0.375595 0.194666 0.644375
1117.000000 -2.766089 27.915539 -19.836015 0.636257 0.376309 0.193696 0.645019
1118.000000 -2.829253 27.910757 -19.869659 0.636496 0.377364 0.192625 0.644488
1119.000000 -2.813822 27.974047 -19.818061 0.637455 0.376817 0.193481 0.643603
1120.000000 -2.901651 28.109372 -19.648390 0.640100 0.377603 0.193337 0.640553
1121.000000 -3.021254 28.241280 -19.476122 0.642846 0.378919 0.192653 0.637224
1122.000000 -3.127902 28.294825 -19.417934 0.644240 0.380403 0.191422 0.635300
1123.000000 -3.211317 28.307443 -19.422728 0.644846 0.381699 0.190170 0.634283
1124.000000 -3.249414 28.286273 -19.483590 0.644686 0.382412 0.189331 0.634267
1125.000000 -3.254615 28.243939 -19.579347 0.644035 0.382681 0.188841 0.634912
1126.000000 -3.248863 28.197607 -19.681962 0.643271 0.382793 0.188498 0.635721
1127.000000 -3.252374 28.163639 -19.765826 0.642745 0.383016 0.188105 0.636234
1128.000000 -3.269519 28.138755 -19.834391 0.642432 0.383426 0.187568 0.636462
1129.000000 -3.293568 28.107699 -19.910719 0.642049 0.383974 0.186861 0.636726
1130.000000 -3.315996 28.056214 -20.016057 0.641329 0.384584 0.185992 0.637338
1131.000000 -3.301799 28.019290 -20.106742 0.640670 0.384536 0.185860 0.638068
1132.000000 -3.218368 28.031115 -20.140549 0.640461 0.383160 0.187305 0.638682
1133.000000 -3.104015 28.038661 -20.184657 0.640041 0.381313 0.189191 0.639652
1134.000000 -3.021494 28.025918 -20.251227 0.639451 0.380066 0.190371 0.640633
1135.000000 -2.982968 27.990930 -20.341150 0.638723 0.379616 0.190648 0.641543
1136.000000 -2.982256 27.938155 -20.448985 0.637900 0.379839 0.190176 0.642370
1137.000000 -3.012752 27.872487 -20.568993 0.637025 0.380605 0.189106 0.643100
1138.000000 -3.067724 27.798992 -20.695375 0.636141 0.381786 0.187587 0.643720
1139.000000 -3.140541 27.722776 -20.822363 0.635289 0.383254 0.185771 0.644215
1140.000000 -3.224596 27.648748 -20.944249 0.634515 0.384883 0.183808 0.644570
1141.000000 -3.314934 27.585859 -21.049831 0.633934 0.386552 0.181857 0.644696
1142.000000 -3.401754 27.563598 -21.102252 0.633957 0.387986 0.180333 0.644241
1143.000000 -3.473060 27.605723 -21.072734 0.634892 0.388904 0.179637 0.642959
1144.000000 -3.522473 27.698796 -20.979290 0.636511 0.389269 0.179747 0.641104
1145.000000 -3.560516 27.802592 -20.872182 0.638251 0.389407 0.180133 0.639179
1146.000000 -3.600895 27.878900 -20.799772 0.639589 0.389694 0.180233 0.637636
1147.000000 -3.644318 27.921317 -20.770860 0.640433 0.390168 0.179973 0.636572
1148.000000 -3.689416 27.928758 -20.787471 0.640761 0.390814 0.179363 0.636018
1149.000000 -3.734908 27.900471 -20.851498 0.640548 0.391618 0.178411 0.636005
1150.000000 -3.779599 27.835461 -20.964759 0.639766 0.392567 0.177129 0.636565
1151.000000 -3.818150 27.731467 -21.130665 0.638359 0.393587 0.175580 0.637777
1152.000000 -3.836958 27.583942 -21.355682 0.636213 0.394482 0.173935 0.639816
1153.000000 -3.819583 27.400620 -21.630044 0.633396 0.394969 0.172514 0.642687
1154.000000 -3.752981 27.218429 -21.907152 0.630421 0.394713 0.171838 0.645943
1155.000000 -3.640080 27.067475 -22.149075 0.627743 0.393651 0.172116 0.649118
1156.000000 -3.491349 26.964553 -22.334800 0.625645 0.391882 0.173315 0.651888
1157.000000 -3.330156 26.894408 -22.480288 0.623989 0.389810 0.174952 0.654276
1158.000000 -3.173868 26.845328 -22.597650 0.622668 0.387729 0.176682 0.656304
1159.000000 -3.036688 26.809077 -22.695324 0.621612 0.385874 0.178249 0.657971
1160.000000 -2.932519 26.777516 -22.781927 0.620757 0.384479 0.179398 0.659282
1161.000000 -2.875122 26.742448 -22.866127 0.620036 0.383777 0.179874 0.660239
1162.000000 -2.878314 26.695544 -22.956422 0.619384 0.384000 0.179419 0.660845
1163.000000 -2.956341 26.628197 -23.060772 0.618730 0.385380 0.177778 0.661098
1164.000000 -3.115671 26.538533 -23.179280 0.618067 0.388000 0.174863 0.660963
1165.000000 -3.334685 26.434188 -23.304193 0.617407 0.391502 0.171048 0.660513
1166.000000 -3.560256 26.308943 -23.448597 0.616452 0.395139 0.167016 0.660271
1167.000000 -3.734479 26.151717 -23.633057 0.614843 0.398131 0.163454 0.660865
1168.000000 -3.807735 25.940997 -23.888435 0.612134 0.399866 0.160817 0.662976
1169.000000 -3.761639 25.668951 -24.223124 0.608193 0.400135 0.159242 0.666810
1170.000000 -3.611780 25.348992 -24.615158 0.603293 0.399130 0.158596 0.671997
1171.000000 -3.376124 24.996491 -25.040753 0.597722 0.397064 0.158733 0.678139
1172.000000 -3.073182 24.627798 -25.476874 0.591768 0.394148 0.159512 0.684846
1173.000000 -2.722943 24.260510 -25.901754 0.585731 0.390603 0.160795 0.691732
1174.000000 -2.347185 23.913379 -26.295200 0.579920 0.386667 0.162454 0.698420
1175.000000 -1.980082 23.612361 -26.632531 0.574782 0.382720 0.164276 0.704389
1176.000000 -1.647707 23.384587 -26.892311 0.570741 0.379021 0.166190 0.709210
1177.000000 -1.329243 23.225414 -27.084620 0.567638 0.375304 0.168442 0.713135
1178.000000 -1.230496 23.094538 -27.237987 0.565588 0.374399 0.168593 0.715201
1179.000000 -1.353180 23.154574 -27.217972 0.566722 0.375812 0.167792 0.713749
1180.000000 -1.641587 23.402753 -27.025452 0.570817 0.378820 0.166612 0.709157
1181.000000 -2.053165 23.792419 -26.690998 0.577137 0.383010 0.165160 0.702096
1182.000000 -2.545026 24.276581 -26.245262 0.584950 0.387959 0.163527 0.693239
1183.000000 -3.071949 24.809987 -25.722325 0.593548 0.393250 0.161800 0.683283
1184.000000 -3.592538 25.347167 -25.161725 0.602263 0.398479 0.160070 0.672957
1185.000000 -4.068751 25.848322 -24.609034 0.610467 0.403263 0.158429 0.663030
1186.000000 -4.506864 26.292809 -24.091384 0.617893 0.407753 0.156630 0.653768
1187.000000 -4.962307 26.691261 -23.593128 0.624829 0.412665 0.154085 0.644635
1188.000000 -5.287699 27.085128 -23.102866 0.631355 0.415849 0.153093 0.636415
1189.000000 -5.496567 27.331501 -22.796476 0.635509 0.417931 0.152323 0.631078
1190.000000 -5.616941 27.425032 -22.689327 0.637257 0.419302 0.151392 0.628625
1191.000000 -5.659248 27.392716 -22.752813 0.636989 0.420007 0.150430 0.628658
1192.000000 -5.631879 27.258947 -22.954772 0.635075 0.420076 0.149563 0.630751
1193.000000 -5.541513 27.046993 -23.261332 0.631881 0.419524 0.148908 0.634470
1194.000000 -5.393750 26.780086 -23.638252 0.627768 0.418361 0.148578 0.639380
1195.000000 -5.193499 26.482189 -24.051861 0.623104 0.416589 0.148677 0.645051
1196.000000 -4.946294 26.178582 -24.469630 0.618261 0.414216 0.149313 0.651064
1197.000000 -4.663716 25.893604 -24.862140 0.613600 0.411335 0.150508 0.656997
1198.000000 -4.368219 25.648207 -25.204721 0.609459 0.408184 0.152131 0.662421
1199.000000 -4.082756 25.456682 -25.482037 0.606082 0.405021 0.154008 0.667012
1200.000000 -3.825939 25.315489 -25.698352 0.603464 0.402094 0.155898 0.670707
1201.000000 -3.615948 25.217645 -25.861045 0.601560 0.399653 0.157551 0.673484
1202.000000 -3.470812 25.155666 -25.977513 0.600323 0.397950 0.158718 0.675319
1203.000000 -3.407840 25.121810 -26.054897 0.599704 0.397229 0.159148 0.676192
1204.000000 -3.443868 25.108110 -26.099674 0.599653 0.397730 0.158584 0.676075
1205.000000 -3.593383 25.104300 -26.119491 0.600068 0.399668 0.156805 0.674979
1206.000000 -3.813966 25.059830 -26.167169 0.600146 0.402634 0.153948 0.673803
1207.000000 -4.002816 24.888766 -26.337885 0.598482 0.405544 0.150530 0.674310
1208.000000 -4.060456 24.526688 -26.702147 0.594026 0.407291 0.147141 0.677936
1209.000000 -4.010969 24.034558 -27.188089 0.587687 0.408002 0.143972 0.683688
1210.000000 -3.926085 23.522598 -27.678509 0.581081 0.408290 0.141076 0.689740
1211.000000 -3.880768 23.110683 -28.063808 0.575881 0.408786 0.138517 0.694311
1212.000000 -3.940151 22.907781 -28.256906 0.573543 0.410032 0.136387 0.695931
1213.000000 -4.036564 22.838134 -28.337359 0.572901 0.411381 0.134869 0.695960
1214.000000 -4.067061 22.778079 -28.420478 0.572186 0.411877 0.134130 0.696398
1215.000000 -4.010601 22.713823 -28.519104 0.571205 0.411313 0.134266 0.697509
1216.000000 -3.920116 22.688965 -28.589422 0.570637 0.410250 0.135053 0.698447
1217.000000 -3.906814 22.788620 -28.547584 0.571808 0.409852 0.135967 0.697545
1218.000000 -4.063851 23.079078 -28.325718 0.575754 0.411087 0.136508 0.693455
1219.000000 -4.349346 23.484731 -27.982292 0.581435 0.413611 0.136568 0.687174
1220.000000 -4.672946 23.882106 -27.626545 0.587111 0.416619 0.136191 0.680574
1221.000000 -4.947033 24.155637 -27.375455 0.591148 0.419322 0.135390 0.675561
1222.000000 -5.094675 24.213042 -27.333669 0.592226 0.421000 0.134224 0.673804
1223.000000 -5.109766 24.162925 -27.411321 0.591666 0.421308 0.133614 0.674224
1224.000000 -5.013379 24.156055 -27.471377 0.591362 0.420141 0.134548 0.675032
1225.000000 -4.937393 24.151225 -27.525671 0.591120 0.419225 0.135309 0.675662
1226.000000 -4.895161 24.141065 -27.578500 0.590888 0.418741 0.135675 0.676091
1227.000000 -4.879422 24.127523 -27.629594 0.590680 0.418593 0.135727 0.676354
1228.000000 -4.884184 24.112077 -27.678559 0.590501 0.418694 0.135553 0.676483
1229.000000 -4.903546 24.096162 -27.724953 0.590358 0.418954 0.135242 0.676510
1230.000000 -4.928887 24.082412 -27.768380 0.590256 0.419283 0.134880 0.676467
1231.000000 -4.953006 24.072835 -27.808444 0.590202 0.419592 0.134553 0.676388
1232.000000 -4.973391 24.067207 -27.845804 0.590188 0.419850 0.134283 0.676293
1233.000000 -5.049963 24.036082 -27.895084 0.590001 0.420854 0.133219 0.676043
1234.000000 -5.246925 23.946722 -27.971750 0.589386 0.423450 0.130459 0.675496
1235.000000 -5.420998 23.826812 -28.077033 0.588339 0.425826 0.127726 0.675437
1236.000000 -5.520215 23.619224 -28.268684 0.586069 0.427485 0.125128 0.676847
1237.000000 -5.534921 23.358975 -28.517052 0.582994 0.428232 0.123024 0.679411
1238.000000 -5.483989 23.150007 -28.732346 0.580402 0.428079 0.121995 0.681908
1239.000000 -5.387069 22.995643 -28.909775 0.578370 0.427264 0.121842 0.684169
1240.000000 -5.264253 22.889566 -29.052109 0.576858 0.426044 0.122296 0.686123
1241.000000 -5.137373 22.818701 -29.167184 0.575745 0.424701 0.123027 0.687758
1242.000000 -5.031777 22.747994 -29.278103 0.574674 0.423607 0.123533 0.689236
1243.000000 -4.973611 22.637227 -29.410663 0.573242 0.423150 0.123290 0.690751
1244.000000 -4.951615 22.480392 -29.570795 0.571356 0.423209 0.122377 0.692438
1245.000000 -4.893646 22.371380 -29.698886 0.569965 0.422745 0.122170 0.693902
1246.000000 -4.828009 22.388123 -29.732656 0.570033 0.421936 0.122934 0.694204
1247.000000 -4.782738 22.484475 -29.702917 0.571073 0.421205 0.124056 0.693594
1248.000000 -4.755858 22.543244 -29.698732 0.571706 0.420776 0.124720 0.693214
1249.000000 -4.745438 22.553766 -29.728868 0.571803 0.420648 0.124873 0.693183
1250.000000 -4.750586 22.514492 -29.794210 0.571353 0.420800 0.124535 0.693523
1251.000000 -4.768241 22.431430 -29.890243 0.570422 0.421179 0.123780 0.694194
1252.000000 -4.791849 22.331438 -29.997390 0.569311 0.421653 0.122859 0.694982
1253.000000 -4.813628 22.245561 -30.093707 0.568362 0.422072 0.122063 0.695644
1254.000000 -4.776735 22.181545 -30.182813 0.567549 0.421766 0.121980 0.696508
1255.000000 -4.692593 22.087922 -30.300546 0.566301 0.420978 0.122129 0.697972
1256.000000 -4.603827 21.965102 -30.439230 0.564712 0.420202 0.122108 0.699729
1257.000000 -4.533632 21.829315 -30.583215 0.563016 0.419673 0.121816 0.701462
1258.000000 -4.505593 21.697082 -30.717305 0.561449 0.419628 0.121151 0.702859
1259.000000 -4.544701 21.585160 -30.826513 0.560247 0.420307 0.120013 0.703607
1260.000000 -4.663932 21.508289 -30.898897 0.559600 0.421813 0.118395 0.703495
1261.000000 -4.814664 21.470618 -30.938631 0.559449 0.423588 0.116785 0.702816
1262.000000 -4.928727 21.473066 -30.955663 0.559676 0.424865 0.115806 0.702027
1263.000000 -4.926881 21.501480 -30.972817 0.559978 0.424780 0.116056 0.701796
1264.000000 -4.664208 21.291828 -31.193858 0.557116 0.422196 0.116981 0.705470
1265.000000 -4.402746 20.970398 -31.483976 0.553013 0.419854 0.117117 0.710058
1266.000000 -4.383693 20.778309 -31.648725 0.550842 0.420012 0.115966 0.711839
1267.000000 -4.568677 20.627217 -31.756139 0.549515 0.422378 0.113311 0.711892
1268.000000 -4.879406 20.432899 -31.870374 0.547916 0.426200 0.109308 0.711473
1269.000000 -5.210954 20.222901 -31.988882 0.546118 0.430218 0.105063 0.711076
1270.000000 -5.458338 20.038939 -32.101505 0.544439 0.433220 0.101744 0.711024
1271.000000 -5.579097 19.929892 -32.185708 0.543405 0.434706 0.100011 0.711153
1272.000000 -5.477745 19.881367 -32.269306 0.542696 0.433667 0.100573 0.712250
1273.000000 -5.158481 19.869538 -32.364841 0.542036 0.430190 0.103218 0.714479
1274.000000 -5.352861 20.090534 -32.232078 0.544786 0.432014 0.103014 0.711309
1275.000000 -5.642229 20.375200 -32.039177 0.548386 0.434783 0.102454 0.706922
1276.000000 -5.782446 20.481379 -31.982680 0.549786 0.436180 0.101971 0.705042
1277.000000 -5.814869 20.508233 -31.995290 0.550148 0.436483 0.101885 0.704585
1278.000000 -5.819161 20.546807 -32.005636 0.550594 0.436423 0.102142 0.704236
1279.000000 -5.896298 20.578145 -32.007212 0.551074 0.437205 0.101698 0.703440
1280.000000 -6.161334 20.566706 -32.001072 0.551363 0.440116 0.099354 0.701730
1281.000000 -6.400799 20.503827 -32.031202 0.551036 0.442821 0.096869 0.700632
1282.000000 -6.518456 20.427410 -32.093110 0.550371 0.444215 0.095325 0.700484
1283.000000 -6.694912 20.361886 -32.135059 0.549912 0.446240 0.093338 0.699824
1284.000000 -6.548690 20.362364 -32.201049 0.549696 0.444675 0.094574 0.700825
1285.000000 -6.427033 20.423488 -32.222371 0.550177 0.443312 0.095998 0.701116
1286.000000 -6.415164 20.507941 -32.206494 0.551079 0.443097 0.096649 0.700454
1287.000000 -6.543350 20.587040 -32.166139 0.552133 0.444369 0.096101 0.698891
1288.000000 -6.718099 20.651714 -32.124940 0.553098 0.446140 0.095078 0.697139
1289.000000 -6.830318 20.695516 -32.109615 0.553743 0.447247 0.094452 0.696001
1290.000000 -6.771919 20.711727 -32.148068 0.553844 0.446548 0.095077 0.696285
1291.000000 -6.761139 20.669365 -32.213897 0.553385 0.446469 0.094852 0.696731
1292.000000 -6.992513 20.557615 -32.272016 0.552527 0.449130 0.092050 0.696077
1293.000000 -7.378249 20.390800 -32.327777 0.551280 0.453531 0.087536 0.694793
1294.000000 -7.856472 20.179411 -32.383482 0.549650 0.458959 0.081923 0.693203
1295.000000 -8.337684 19.944418 -32.444530 0.547734 0.464407 0.076133 0.691750
1296.000000 -8.701510 19.717763 -32.523451 0.545737 0.468548 0.071430 0.691037
1297.000000 -8.879090 19.523714 -32.628612 0.543864 0.470641 0.068570 0.691381
1298.000000 -8.918530 19.368561 -32.746546 0.542254 0.471212 0.067165 0.692394
1299.000000 -8.883921 19.256209 -32.858536 0.541023 0.470954 0.066678 0.693578
1300.000000 -8.840383 19.190328 -32.945234 0.540277 0.470557 0.066579 0.694437
1301.000000 -8.853340 19.169336 -32.990449 0.540065 0.470713 0.066322 0.694522
1302.000000 -8.967931 19.169723 -32.995733 0.540180 0.471918 0.065379 0.693703
1303.000000 -9.140634 19.174095 -32.982194 0.540391 0.473730 0.063994 0.692432
1304.000000 -9.301815 19.169175 -32.976277 0.540490 0.475429 0.062641 0.691314
1305.000000 -9.465663 19.170719 -32.964857 0.540660 0.477146 0.061313 0.690116
1306.000000 -9.667792 19.207447 -32.920685 0.541234 0.479228 0.059922 0.688343
1307.000000 -9.859304 19.267758 -32.864458 0.542043 0.481174 0.058787 0.686444
1308.000000 -9.989530 19.339156 -32.819199 0.542908 0.482467 0.058236 0.684897
1309.000000 -10.007243 19.409445 -32.808689 0.543658 0.482585 0.058599 0.684189
1310.000000 -9.859183 19.466202 -32.856380 0.544119 0.480988 0.060207 0.684806
1311.000000 -9.491634 19.501379 -32.979810 0.544154 0.477131 0.063432 0.687182
1312.000000 -8.878040 19.532985 -33.167521 0.543890 0.470719 0.068620 0.691302
1313.000000 -8.094729 19.595307 -33.366465 0.543710 0.462501 0.075387 0.696268
1314.000000 -7.246574 19.725968 -33.519896 0.544081 0.453506 0.083134 0.700997
1315.000000 -6.386823 19.922009 -33.614520 0.545023 0.444260 0.091391 0.705146
1316.000000 -5.582682 20.154472 -33.655178 0.546330 0.435480 0.099413 0.708518
1317.000000 -4.990665 20.387657 -33.644153 0.547886 0.428863 0.105720 0.710437
1318.000000 -4.672613 20.533851 -33.637577 0.548910 0.425237 0.109278 0.711287
1319.000000 -4.559613 20.616470 -33.639194 0.549579 0.423872 0.110790 0.711352
1320.000000 -4.578707 20.668127 -33.641289 0.550144 0.423955 0.111019 0.710830
1321.000000 -4.657765 20.720860 -33.633890 0.550837 0.424680 0.110726 0.709905
1322.000000 -4.695855 20.805815 -33.611682 0.551818 0.424941 0.110922 0.708956
1323.000000 -4.490138 20.945956 -33.588607 0.552972 0.422564 0.113438 0.709079
1324.000000 -3.962195 21.131592 -33.574888 0.554036 0.416708 0.118873 0.710822
1325.000000 -3.231345 21.312850 -33.574886 0.554641 0.408677 0.125931 0.713791
1326.000000 -2.418648 21.437878 -33.599936 0.554417 0.399821 0.133314 0.717630
1327.000000 -1.662096 21.498858 -33.643018 0.553535 0.391624 0.139872 0.721572
1328.000000 -1.185884 21.543767 -33.670278 0.553007 0.386398 0.144069 0.723964
1329.000000 -1.085219 21.552258 -33.703758 0.552886 0.385234 0.144980 0.724494
1330.000000 -1.341975 21.514780 -33.753730 0.553065 0.387977 0.142645 0.723357
1331.000000 -1.956442 21.419953 -33.819116 0.553381 0.394644 0.136990 0.720596
1332.000000 -2.959808 21.251223 -33.887658 0.553605 0.405550 0.127708 0.716060
1333.000000 -4.388637 20.989715 -33.930802 0.553436 0.421013 0.114391 0.709487
1334.000000 -6.080893 20.652601 -33.911769 0.552610 0.439153 0.098372 0.701491
1335.000000 -7.395729 20.325730 -33.883340 0.551049 0.453180 0.085405 0.695471
1336.000000 -7.887161 20.118549 -33.931674 0.549510 0.458532 0.080019 0.693819
1337.000000 -8.118183 20.075297 -33.938496 0.549307 0.461020 0.077886 0.692572
1338.000000 -8.335873 20.096130 -33.909279 0.549744 0.463287 0.076267 0.690891
1339.000000 -8.807034 20.060646 -33.847310 0.549899 0.468162 0.072137 0.687919
1340.000000 -8.652593 20.104377 -33.897883 0.550174 0.466529 0.073686 0.688644
1341.000000 -7.904754 20.239102 -34.037258 0.550688 0.458680 0.080739 0.692702
1342.000000 -6.941915 20.417148 -34.177299 0.551311 0.448559 0.089761 0.697707
1343.000000 -6.136862 20.593934 -34.260849 0.552042 0.440062 0.097374 0.701508
1344.000000 -5.882235 20.722939 -34.262387 0.553014 0.437331 0.100161 0.702058
1345.000000 -6.460796 20.767008 -34.166861 0.554273 0.443227 0.095798 0.697965
1346.000000 -7.481874 20.705310 -34.032190 0.554985 0.453705 0.087188 0.691767
1347.000000 -8.061632 20.547151 -34.032573 0.554101 0.459745 0.081426 0.689186
1348.000000 -8.117249 20.406419 -34.140466 0.552755 0.460447 0.080009 0.689963
1349.000000 -7.764326 20.379007 -34.274262 0.552068 0.456934 0.082634 0.692535
1350.000000 -7.864467 20.329573 -34.315618 0.551701 0.458057 0.081418 0.692229
1351.000000 -8.206189 20.237195 -34.325901 0.551171 0.461624 0.078024 0.690671
1352.000000 -8.606399 20.089688 -34.351325 0.550128 0.465778 0.073848 0.689171
1353.000000 -8.889525 19.883283 -34.436187 0.548354 0.468794 0.070222 0.688919
1354.000000 -8.795389 19.691762 -34.606195 0.546342 0.468046 0.069689 0.691077
1355.000000 -8.410671 19.587233 -34.796298 0.544898 0.464336 0.072039 0.694470
1356.000000 -8.336208 19.576523 -34.856089 0.544718 0.463610 0.072546 0.695043
1357.000000 -8.600814 19.609497 -34.809502 0.545324 0.466209 0.070674 0.693020
1358.000000 -8.736403 19.638234 -34.796218 0.545738 0.467530 0.069794 0.691892
1359.000000 -8.315494 19.620320 -34.945932 0.545118 0.463371 0.072952 0.694847
1360.000000 -8.053026 19.594680 -35.057989 0.544580 0.460801 0.074811 0.696777
1361.000000 -8.487974 19.596514 -34.990052 0.545058 0.465124 0.071432 0.693879
1362.000000 -8.876562 19.591089 -34.932321 0.545404 0.468972 0.068372 0.691321
1363.000000 -9.087233 19.600225 -34.909236 0.545706 0.471021 0.066812 0.689841
1364.000000 -9.202963 19.581157 -34.926787 0.545625 0.472132 0.065818 0.689240
1365.000000 -9.312114 19.480603 -34.990374 0.544734 0.473288 0.064302 0.689296
1366.000000 -9.446211 19.327553 -35.073955 0.543359 0.474785 0.062196 0.689545
1367.000000 -9.670111 19.219165 -35.107794 0.542497 0.477103 0.059694 0.688844
1368.000000 -10.056342 19.183102 -35.055048 0.542466 0.480926 0.056433 0.686481
1369.000000 -10.642216 19.224965 -34.895450 0.543317 0.486626 0.052181 0.682114
1370.000000 -10.864411 19.223167 -34.864999 0.543435 0.488801 0.050482 0.680590
1371.000000 -10.492496 19.078034 -35.094648 0.541733 0.485281 0.052372 0.684313
1372.000000 -10.115923 18.897994 -35.337739 0.539696 0.481751 0.054045 0.688275
1373.000000 -9.796538 18.736442 -35.548538 0.537886 0.478774 0.055403 0.691654
1374.000000 -9.484941 18.625427 -35.726219 0.536570 0.475839 0.057033 0.694563
1375.000000 -9.154552 18.573606 -35.874619 0.535806 0.472677 0.059175 0.697127
1376.000000 -8.847411 18.523014 -36.013733 0.535059 0.469741 0.061119 0.699514
1377.000000 -8.614619 18.445248 -36.146580 0.534100 0.467544 0.062323 0.701609
1378.000000 -8.430434 18.370341 -36.265019 0.533203 0.465813 0.063190 0.703363
1379.000000 -8.201045 18.301028 -36.389584 0.532317 0.463639 0.064430 0.705355
1380.000000 -7.833659 18.240576 -36.537526 0.531387 0.460126 0.066739 0.708136
1381.000000 -7.326702 18.221623 -36.688332 0.530720 0.455232 0.070315 0.711447
1382.000000 -6.795870 18.218688 -36.827484 0.530170 0.450099 0.074142 0.714726
1383.000000 -6.267550 18.199482 -36.965678 0.529446 0.445012 0.077834 0.718048
1384.000000 -5.747681 18.140087 -37.114261 0.528317 0.440046 0.081211 0.721558
1385.000000 -5.241736 18.016050 -37.284786 0.526550 0.435275 0.084091 0.725403
1386.000000 -4.753211 17.802609 -37.488343 0.523913 0.430762 0.086310 0.729733
1387.000000 -4.247347 17.496099 -37.729075 0.520335 0.426183 0.088099 0.734751
1388.000000 -3.720337 17.163957 -37.973175 0.516466 0.421428 0.089881 0.739988
1389.000000 -3.235366 16.919814 -38.163445 0.513491 0.416981 0.091848 0.744323
1390.000000 -2.891453 16.829765 -38.267505 0.512187 0.413726 0.093670 0.746808
1391.000000 -2.759159 16.850318 -38.304967 0.512226 0.412403 0.094632 0.747391
1392.000000 -2.819656 16.901764 -38.314561 0.512805 0.412929 0.094463 0.746725
1393.000000 -2.992485 16.938305 -38.321762 0.513373 0.414569 0.093479 0.745548
1394.000000 -3.201907 16.960431 -38.331131 0.513845 0.416578 0.092192 0.744263
1395.000000 -3.374145 16.972743 -38.346620 0.514184 0.418228 0.091106 0.743236
1396.000000 -3.482508 16.970431 -38.373528 0.514310 0.419273 0.090358 0.742651
1397.000000 -3.607896 16.915915 -38.421692 0.513950 0.420545 0.089200 0.742321
1398.000000 -3.836588 16.763640 -38.502197 0.512753 0.422925 0.086824 0.742078
1399.000000 -4.158018 16.497382 -38.619894 0.510549 0.426309 0.083220 0.742075
1400.000000 -4.510805 16.153147 -38.761952 0.507619 0.430046 0.078988 0.742391
1401.000000 -4.776392 15.839124 -38.895974 0.504881 0.432887 0.075503 0.742969
1402.000000 -4.860194 15.665312 -38.992369 0.503295 0.433852 0.073999 0.743634
1403.000000 -4.803365 15.647743 -39.042928 0.503058 0.433339 0.074278 0.744065
1404.000000 -4.712950 15.701071 -39.068982 0.503467 0.432445 0.075148 0.744221
1405.000000 -4.694900 15.735143 -39.093798 0.503773 0.432253 0.075420 0.744098
1406.000000 -4.682578 15.734238 -39.131809 0.503763 0.432141 0.075452 0.744167
1407.000000 -4.359805 15.793625 -39.181082 0.504028 0.429007 0.077829 0.745555
1408.000000 -3.649374 15.941964 -39.229340 0.504725 0.422078 0.083208 0.748451
1409.000000 -2.743148 16.127686 -39.263033 0.505512 0.413208 0.090032 0.752071
1410.000000 -1.849669 16.293681 -39.282800 0.506056 0.404442 0.096622 0.755644
1411.000000 -1.178761 16.381707 -39.308396 0.506067 0.397881 0.101350 0.758495
1412.000000 -0.852677 16.338405 -39.371182 0.505219 0.394793 0.103224 0.760419
1413.000000 -0.816652 16.173206 -39.476291 0.503565 0.394645 0.102660 0.761668
1414.000000 -0.937029 15.950732 -39.600097 0.501568 0.396063 0.100819 0.762495
1415.000000 -1.079702 15.737086 -39.717814 0.499694 0.397673 0.098872 0.763143
1416.000000 -1.238205 15.533380 -39.829195 0.497941 0.399424 0.096863 0.763631
1417.000000 -1.397377 15.341729 -39.934026 0.496306 0.401176 0.094900 0.764024
1418.000000 -1.079361 15.374747 -39.967185 0.496230 0.398114 0.097061 0.765402
1419.000000 -0.763972 15.468084 -39.974644 0.496733 0.395009 0.099471 0.766374
1420.000000 -0.648323 15.519208 -39.993354 0.497078 0.393873 0.100404 0.766614
1421.000000 -0.563074 15.547631 -40.020426 0.497236 0.393059 0.101029 0.766847
1422.000000 -0.424937 15.570157 -40.050111 0.497269 0.391727 0.101967 0.767383
1423.000000 -0.251893 15.598900 -40.075931 0.497326 0.389988 0.103210 0.768065
1424.000000 -0.057200 15.649409 -40.092253 0.497565 0.388002 0.104702 0.768713
1425.000000 0.143701 15.736414 -40.093547 0.498148 0.385926 0.106379 0.769151
1426.000000 0.330776 15.872592 -40.074603 0.499227 0.383927 0.108167 0.769202
1427.000000 0.284899 15.969458 -40.072586 0.500241 0.384229 0.108299 0.768374
1428.000000 -0.482455 15.781772 -40.181235 0.499449 0.391824 0.102622 0.765828
1429.000000 -1.325003 15.495897 -40.309760 0.497776 0.400191 0.095983 0.763449
1430.000000 -1.919815 15.241582 -40.419083 0.496076 0.406110 0.091013 0.762037
1431.000000 -2.322996 15.026100 -40.514955 0.494503 0.410146 0.087427 0.761317
1432.000000 -2.593007 14.856176 -40.597617 0.493195 0.412867 0.084913 0.760979
1433.000000 -2.788491 14.738572 -40.663909 0.492287 0.414826 0.083146 0.760697
1434.000000 -2.967300 14.680121 -40.708771 0.491912 0.416558 0.081783 0.760140
1435.000000 -3.176395 14.685156 -40.727533 0.492161 0.418499 0.080555 0.759043
1436.000000 -3.385097 14.742001 -40.726516 0.492891 0.420380 0.079592 0.757631
1437.000000 -3.528454 14.832207 -40.717899 0.493865 0.421618 0.079193 0.756349
1438.000000 -3.540059 14.937288 -40.714747 0.494852 0.421619 0.079662 0.755654
1439.000000 -3.337966 15.036816 -40.731391 0.495581 0.419648 0.081390 0.756089
1440.000000 -2.827425 15.109132 -40.779372 0.495741 0.414844 0.084841 0.758253
1441.000000 -2.187420 15.170535 -40.831938 0.495639 0.408844 0.089021 0.761094
1442.000000 -1.687323 15.243411 -40.864504 0.495767 0.404122 0.092412 0.763125
1443.000000 -1.343886 15.296006 -40.893574 0.495866 0.400869 0.094757 0.764488
1444.000000 -1.126351 15.286574 -40.939684 0.495520 0.398842 0.096042 0.765611
1445.000000 -1.015617 15.175343 -41.019990 0.494341 0.397908 0.096200 0.766839
1446.000000 -1.069203 14.937305 -41.141999 0.492168 0.398646 0.094765 0.768031
1447.000000 -0.687918 14.623439 -41.298836 0.488801 0.395419 0.095532 0.771746
1448.000000 -0.262752 14.429802 -41.407923 0.486516 0.391654 0.097086 0.774909
1449.000000 -0.587452 14.227950 -41.510524 0.485054 0.394909 0.094121 0.774539
1450.000000 -1.496450 14.003282 -41.600168 0.484017 0.403602 0.087600 0.771465
1451.000000 -2.644494 13.781706 -41.653063 0.483161 0.414442 0.079726 0.767096
1452.000000 -3.645563 13.531170 -41.696032 0.481774 0.423840 0.072656 0.763527
1453.000000 -4.459259 13.163445 -41.770978 0.479075 0.431548 0.066156 0.761496
1454.000000 -5.009627 12.647617 -41.903932 0.474761 0.436965 0.060450 0.761583
1455.000000 -5.176926 11.981407 -42.114933 0.468770 0.438998 0.056198 0.764446
1456.000000 -4.848744 11.174087 -42.410700 0.461153 0.436619 0.054031 0.770573
1457.000000 -4.705991 10.217948 -42.702409 0.452257 0.436026 0.050245 0.776416
1458.000000 -4.435167 8.974787 -43.044970 0.440589 0.434444 0.045899 0.784240
1459.000000 -3.292953 7.633731 -43.440213 0.427449 0.424963 0.045683 0.796622
1460.000000 -1.510168 6.275808 -43.790811 0.413665 0.409525 0.048502 0.811676
1461.000000 0.697130 4.885560 -44.024190 0.399144 0.389941 0.052958 0.828145
1462.000000 3.109647 3.494196 -44.088742 0.384243 0.368057 0.058030 0.844703
1463.000000 5.597411 2.255011 -43.960156 0.370463 0.344877 0.063768 0.860088
1464.000000 7.943214 1.270201 -43.673712 0.358972 0.322392 0.069697 0.873124
1465.000000 9.891288 0.602222 -43.324846 0.350722 0.303180 0.075036 0.882862
1466.000000 11.217204 0.298107 -43.039803 0.346596 0.289689 0.079051 0.888652
1467.000000 11.783160 0.351746 -42.923650 0.346825 0.283595 0.081187 0.890334
1468.000000 11.548586 0.731967 -43.018057 0.351140 0.285503 0.081234 0.888026
1469.000000 11.243590 1.230158 -43.122851 0.356589 0.288101 0.081576 0.884979
1470.000000 10.845118 1.690666 -43.244714 0.361646 0.291731 0.081505 0.881738
1471.000000 10.217139 2.059230 -43.417145 0.365928 0.297791 0.080198 0.878058
1472.000000 9.439426 2.354819 -43.613928 0.369583 0.305402 0.077993 0.874102
1473.000000 8.605155 2.605296 -43.808506 0.372830 0.313568 0.075337 0.870056
1474.000000 7.799915 2.841757 -43.980751 0.375883 0.321347 0.072729 0.866117
1475.000000 7.118963 3.094205 -44.115284 0.378940 0.327808 0.070713 0.862523
1476.000000 6.667576 3.385729 -44.200499 0.382145 0.331962 0.069844 0.859586
1477.000000 6.631262 3.548894 -44.229277 0.383755 0.332167 0.070282 0.858753
1478.000000 7.146260 3.434078 -44.194235 0.382233 0.327226 0.072041 0.861180
1479.000000 7.487174 3.222161 -44.189922 0.379872 0.324074 0.072736 0.863356
1480.000000 7.728829 3.019024 -44.198860 0.377667 0.321895 0.073062 0.865109
1481.000000 8.135252 2.836835 -44.174204 0.375534 0.318091 0.074177 0.867347
1482.000000 8.675060 2.625716 -44.120857 0.372994 0.312991 0.075753 0.870157
1483.000000 9.255893 2.339840 -44.055310 0.369656 0.307526 0.077226 0.873395
1484.000000 9.875317 2.077227 -43.970293 0.366488 0.301623 0.078930 0.876630
1485.000000 10.540797 1.816111 -43.863427 0.363265 0.295213 0.080818 0.879975
1486.000000 11.239659 1.478166 -43.738324 0.359201 0.288485 0.082580 0.883703
1487.000000 11.885141 1.171781 -43.612499 0.355463 0.282221 0.084225 0.887076
1488.000000 12.361067 1.002333 -43.520060 0.353254 0.277520 0.085613 0.889306
1489.000000 12.585550 0.947201 -43.492787 0.352462 0.275263 0.086338 0.890251
1490.000000 12.506930 0.993475 -43.550337 0.353024 0.276000 0.086145 0.889818
1491.000000 12.311712 1.179297 -43.637264 0.355126 0.277790 0.085928 0.888445
1492.000000 12.124969 1.473358 -43.716670 0.358302 0.279392 0.086106 0.886648
1493.000000 12.054389 1.813166 -43.759686 0.361807 0.279780 0.086921 0.885022
1494.000000 12.119035 1.992219 -43.770576 0.363539 0.278974 0.087786 0.884481
1495.000000 12.324301 1.936300 -43.752560 0.362743 0.276999 0.088497 0.885357
1496.000000 12.685708 1.669410 -43.696893 0.359631 0.273658 0.089219 0.887590
1497.000000 13.220906 1.228476 -43.589167 0.354522 0.268720 0.090157 0.891053
1498.000000 13.949966 0.659827 -43.410120 0.347827 0.261901 0.091528 0.895571
1499.000000 14.891449 0.010844 -43.137576 0.339975 0.252900 0.093515 0.900952
1500.000000 16.028904 -0.678930 -42.758848 0.331361 0.241755 0.096121 0.906926
1501.000000 17.124962 -1.421046 -42.349602 0.322110 0.230924 0.098357 0.912823
1502.000000 18.115102 -2.163340 -41.940056 0.312852 0.221055 0.100128 0.918277
1503.000000 18.997301 -2.836239 -41.543539 0.304362 0.212133 0.101636 0.923057
1504.000000 19.770069 -3.372423 -41.177100 0.297426 0.204136 0.103065 0.926954
1505.000000 20.434136 -3.719742 -40.857605 0.292685 0.197031 0.104555 0.929829
1506.000000 20.999164 -3.886993 -40.590552 0.290084 0.190754 0.106116 0.931774
1507.000000 21.477778 -3.918927 -40.372389 0.289128 0.185247 0.107689 0.933001
1508.000000 21.880158 -3.868698 -40.196747 0.289206 0.180486 0.109193 0.933735
1509.000000 22.217158 -3.783429 -40.055778 0.289765 0.176424 0.110561 0.934177
1510.000000 22.503390 -3.690446 -39.940580 0.290471 0.172939 0.111785 0.934464
1511.000000 22.753917 -3.612946 -39.841745 0.291036 0.169891 0.112862 0.934718
1512.000000 22.983512 -3.573757 -39.749579 0.291171 0.167141 0.113794 0.935058
1513.000000 23.206759 -3.595506 -39.654029 0.290589 0.164551 0.114584 0.935602
1514.000000 23.438071 -3.700710 -39.544432 0.288996 0.161982 0.115236 0.936463
1515.000000 23.691482 -3.910931 -39.409255 0.286109 0.159299 0.115759 0.937745
1516.000000 23.976979 -4.222973 -39.240320 0.281939 0.156371 0.116195 0.939445
1517.000000 24.300471 -4.608100 -39.033725 0.276801 0.153079 0.116623 0.941460
1518.000000 24.668145 -5.030161 -38.786468 0.271103 0.149284 0.117135 0.943661
1519.000000 25.088832 -5.418494 -38.499496 0.265686 0.144755 0.117891 0.945811
1520.000000 25.542040 -5.736746 -38.190341 0.261040 0.139665 0.118875 0.947745
1521.000000 25.934489 -6.041276 -37.914037 0.256631 0.135250 0.119655 0.949490
1522.000000 26.254952 -6.309535 -37.685101 0.252762 0.131638 0.120243 0.950960
1523.000000 26.506266 -6.505254 -37.511289 0.249893 0.128757 0.120725 0.952051
1524.000000 26.691039 -6.594180 -37.400100 0.248473 0.126532 0.121173 0.952664
1525.000000 26.817112 -6.583188 -37.347155 0.248420 0.124884 0.121599 0.952841
1526.000000 26.899894 -6.533239 -37.332013 0.248928 0.123730 0.121947 0.952814
1527.000000 26.954222 -6.508108 -37.333168 0.249160 0.122989 0.122162 0.952822
1528.000000 26.989094 -6.477308 -37.349600 0.249497 0.122494 0.122324 0.952777
1529.000000 26.999823 -6.345748 -37.400980 0.251162 0.122146 0.122573 0.952352
1530.000000 26.999362 -6.189692 -37.464179 0.253157 0.121903 0.122826 0.951822
1531.000000 27.071273 -6.039302 -37.473531 0.254952 0.120751 0.123315 0.951426
1532.000000 27.223536 -5.946167 -37.414520 0.255877 0.118672 0.123985 0.951353
1533.000000 27.452857 -5.927854 -37.285854 0.255718 0.115726 0.124798 0.951652
1534.000000 27.748638 -6.003105 -37.090580 0.254258 0.112069 0.125699 0.952362
1535.000000 28.079718 -6.155124 -36.851973 0.251735 0.108067 0.126617 0.953372
1536.000000 28.406325 -6.313868 -36.610197 0.249101 0.104110 0.127520 0.954384
1537.000000 28.689077 -6.409622 -36.408578 0.247346 0.100586 0.128359 0.955105
1538.000000 28.894229 -6.472075 -36.270921 0.246164 0.097994 0.128968 0.955598
1539.000000 28.997883 -6.630631 -36.195175 0.243893 0.096896 0.129096 0.956275
1540.000000 28.985876 -6.834277 -36.202507 0.241228 0.097403 0.128775 0.956942
1541.000000 28.892436 -6.992499 -36.282477 0.239308 0.098902 0.128245 0.957342
1542.000000 28.782038 -7.066403 -36.391405 0.238530 0.100475 0.127777 0.957435
1543.000000 28.703403 -7.070776 -36.488422 0.238606 0.101511 0.127514 0.957342
1544.000000 28.652048 -7.048258 -36.569340 0.238984 0.102149 0.127380 0.957197
1545.000000 28.622326 -7.041991 -36.630614 0.239113 0.102540 0.127293 0.957135
1546.000000 28.610359 -7.092484 -36.667389 0.238476 0.102801 0.127180 0.957281
1547.000000 28.622036 -7.187584 -36.676824 0.237222 0.102826 0.127079 0.957603
1548.000000 28.674759 -7.256203 -36.658701 0.236245 0.102258 0.127152 0.957896
1549.000000 28.782978 -7.233430 -36.614481 0.236360 0.100801 0.127537 0.957970
1550.000000 28.924707 -7.132750 -36.558292 0.237428 0.098766 0.128139 0.957838
1551.000000 29.014137 -7.006476 -36.547433 0.238914 0.097367 0.128603 0.957550
1552.000000 29.003778 -6.920961 -36.607383 0.240028 0.097349 0.128688 0.957261
1553.000000 29.132221 -6.987831 -36.528082 0.238916 0.095777 0.129017 0.957654
1554.000000 29.330999 -7.166813 -36.369783 0.236215 0.093475 0.129430 0.958495
1555.000000 29.619548 -7.305973 -36.144036 0.233857 0.089919 0.130204 0.959308
1556.000000 30.041580 -7.349419 -35.823113 0.232489 0.084417 0.131558 0.959956
1557.000000 30.453944 -7.306421 -35.521040 0.232275 0.078854 0.132993 0.960283
1558.000000 30.712128 -7.246873 -35.347352 0.232554 0.075285 0.133944 0.960370
1559.000000 31.025643 -7.401038 -35.076417 0.229830 0.071307 0.134819 0.961206
1560.000000 31.656577 -7.783186 -34.459314 0.223349 0.063281 0.136461 0.963062
1561.000000 32.490050 -8.202703 -33.609964 0.215699 0.052314 0.138815 0.965126
1562.000000 33.331954 -8.468521 -32.743718 0.209909 0.040701 0.141465 0.966576
1563.000000 33.758013 -8.375960 -32.366621 0.210303 0.034235 0.142950 0.966523
1564.000000 33.745798 -7.870771 -32.543015 0.217899 0.033287 0.143117 0.964847
1565.000000 33.666902 -7.355159 -32.778357 0.225654 0.033290 0.143103 0.963065
1566.000000 33.891795 -7.201202 -32.612585 0.227426 0.029571 0.143921 0.962647
1567.000000 34.430155 -7.347273 -32.044260 0.224117 0.021789 0.145658 0.963369
1568.000000 35.179596 -7.622887 -31.191165 0.218217 0.011003 0.148186 0.964521
1569.000000 35.803473 -7.758988 -30.481661 0.214545 0.001712 0.150446 0.965056
1570.000000 36.105243 -7.709812 -30.179266 0.214551 -0.003074 0.151593 0.964872
1571.000000 36.250965 -7.568518 -30.076959 0.216392 -0.005717 0.152163 0.964359
1572.000000 36.423263 -7.427848 -29.935607 0.218132 -0.008859 0.152816 0.963840
1573.000000 36.801757 -7.422397 -29.501681 0.217213 -0.015077 0.154190 0.963751
1574.000000 37.469748 -7.774280 -28.588352 0.209603 -0.025290 0.156720 0.964814
1575.000000 38.085173 -8.178959 -27.682322 0.200826 -0.034673 0.159243 0.965975
1576.000000 38.328208 -8.335449 -27.334514 0.197283 -0.038428 0.160292 0.966390
1577.000000 38.304592 -8.296794 -27.416761 0.198071 -0.038124 0.160165 0.966262
1578.000000 38.199139 -8.169630 -27.638711 0.200698 -0.036669 0.159656 0.965860
1579.000000 38.148864 -8.024239 -27.787032 0.203422 -0.036229 0.159357 0.965356
1580.000000 38.200825 -7.858108 -27.799156 0.206159 -0.037611 0.159437 0.964709
1581.000000 38.304861 -7.726512 -27.728562 0.208143 -0.039802 0.159727 0.964147
1582.000000 38.378671 -7.705460 -27.668108 0.208282 -0.041147 0.159986 0.964018
1583.000000 38.395474 -7.818669 -27.649084 0.206230 -0.041101 0.160144 0.964435
1584.000000 38.423156 -7.915642 -27.619324 0.204432 -0.041288 0.160333 0.964778
1585.000000 38.539592 -7.989080 -27.471381 0.202792 -0.043107 0.160839 0.964960
1586.000000 38.726198 -8.061202 -27.222639 0.200964 -0.046182 0.161606 0.965072
1587.000000 38.904581 -8.153074 -26.976760 0.198796 -0.049069 0.162358 0.965252
1588.000000 39.000745 -8.285279 -26.835218 0.196124 -0.050362 0.162847 0.965650
1589.000000 39.040318 -8.500457 -26.747642 0.192076 -0.050376 0.163232 0.966398
1590.000000 39.131002 -8.874429 -26.528137 0.184942 -0.050843 0.163961 0.967641
1591.000000 39.339782 -9.385091 -26.073691 0.174830 -0.053082 0.165224 0.969184
1592.000000 39.506176 -9.911304 -25.658664 0.164394 -0.054511 0.166349 0.970737
1593.000000 39.661076 -10.409065 -25.256280 0.154400 -0.055828 0.167372 0.972127
1594.000000 39.780463 -10.872065 -24.909517 0.145096 -0.056602 0.168201 0.973371
1595.000000 39.778521 -11.302837 -24.756779 0.136777 -0.055172 0.168592 0.974589
1596.000000 39.638410 -11.703691 -24.828073 0.129478 -0.051165 0.168559 0.975810
1597.000000 39.445035 -12.066125 -24.996345 0.123081 -0.046209 0.168375 0.976916
1598.000000 39.295654 -12.376194 -25.114918 0.117513 -0.042257 0.168297 0.977794
1599.000000 39.186275 -12.603774 -25.207536 0.113398 -0.039352 0.168265 0.978407
1600.000000 38.990850 -12.699455 -25.496341 0.112187 -0.035269 0.167903 0.978764
1601.000000 38.686572 -12.632688 -26.023997 0.114446 -0.029709 0.167184 0.978810
1602.000000 38.488534 -12.467595 -26.431126 0.118085 -0.026489 0.166698 0.978553
1603.000000 38.269257 -12.355766 -26.836380 0.120742 -0.022747 0.166207 0.978407
1604.000000 37.953158 -12.346831 -27.322464 0.121813 -0.017014 0.165535 0.978504
1605.000000 37.680904 -12.290519 -27.758235 0.123625 -0.012335 0.164921 0.978451
1606.000000 37.486982 -12.181645 -28.102970 0.126135 -0.009279 0.164457 0.978242
1607.000000 37.338236 -12.047733 -28.392848 0.128931 -0.007129 0.164089 0.977957
1608.000000 37.180579 -11.921289 -28.687685 0.131575 -0.004810 0.163703 0.977684
1609.000000 36.963222 -11.834728 -29.039099 0.133646 -0.001364 0.163191 0.977500
1610.000000 36.661742 -11.814522 -29.462683 0.134804 0.003624 0.162504 0.977449
1611.000000 36.260585 -11.885092 -29.962335 0.134732 0.010409 0.161588 0.977562
1612.000000 35.765848 -12.045491 -30.523374 0.133486 0.018801 0.160432 0.977798
1613.000000 35.308670 -12.144053 -31.047969 0.133163 0.026274 0.159367 0.977844
1614.000000 34.937387 -12.133496 -31.505137 0.134303 0.032030 0.158557 0.977648
1615.000000 34.507114 -12.178356 -31.995093 0.134689 0.038769 0.157620 0.977503
1616.000000 34.002364 -12.256529 -32.538111 0.134729 0.046615 0.156520 0.977331
1617.000000 33.425973 -12.319957 -33.142785 0.135155 0.055348 0.155286 0.977014
1618.000000 32.795986 -12.329329 -33.798887 0.136478 0.064559 0.153992 0.976469
1619.000000 32.214727 -12.318580 -34.392748 0.137930 0.072854 0.152834 0.975863
1620.000000 31.766488 -12.347192 -34.832384 0.138482 0.079243 0.151927 0.975429
1621.000000 31.416957 -12.399485 -35.165188 0.138479 0.084241 0.151197 0.975124
1622.000000 31.094408 -12.433211 -35.475251 0.138686 0.088781 0.150539 0.974793
1623.000000 30.723908 -12.404268 -35.843844 0.139870 0.093799 0.149855 0.974259
1624.000000 30.231466 -12.270055 -36.342832 0.142715 0.100174 0.149068 0.973333
1625.000000 29.643610 -12.087219 -36.920180 0.146323 0.107615 0.148180 0.972137
1626.000000 29.063260 -11.964379 -37.453223 0.149043 0.114959 0.147241 0.971026
1627.000000 28.550536 -11.919508 -37.894474 0.150589 0.121475 0.146313 0.970134
1628.000000 28.145264 -11.944230 -38.224005 0.151048 0.126673 0.145468 0.969524
1629.000000 27.786891 -11.944135 -38.521665 0.151752 0.131187 0.144741 0.968923
1630.000000 27.379238 -11.836043 -38.882520 0.153893 0.136084 0.144104 0.968004
1631.000000 26.845537 -11.768792 -39.309866 0.155709 0.142576 0.143164 0.966918
1632.000000 26.272279 -11.764273 -39.733077 0.156787 0.149593 0.142050 0.965848
1633.000000 25.777350 -11.808752 -40.079050 0.157119 0.155667 0.140999 0.964987
1634.000000 25.478527 -11.882667 -40.283983 0.156760 0.159379 0.140269 0.964546
1635.000000 25.386406 -11.876003 -40.380095 0.157008 0.160461 0.140104 0.964350
1636.000000 25.207167 -11.751734 -40.564630 0.158796 0.162383 0.140003 0.963750
1637.000000 24.896028 -11.574727 -40.843087 0.161410 0.165772 0.139751 0.962775
1638.000000 24.506350 -11.401544 -41.162419 0.164078 0.170065 0.139345 0.961634
1639.000000 24.092268 -11.290949 -41.472040 0.166035 0.174703 0.138767 0.960549
1640.000000 23.731445 -11.274044 -41.719422 0.166826 0.178825 0.138091 0.959751
1641.000000 23.536001 -11.196303 -41.886896 0.168053 0.180929 0.137863 0.959175
1642.000000 23.339296 -11.017655 -42.080770 0.170433 0.182884 0.137846 0.958386
1643.000000 23.078264 -10.803131 -42.316848 0.173306 0.185507 0.137779 0.957376
1644.000000 22.717229 -10.632099 -42.591584 0.175818 0.189313 0.137419 0.956224
1645.000000 22.240928 -10.579342 -42.891345 0.177158 0.194561 0.136567 0.955045
1646.000000 21.897832 -10.608846 -43.095746 0.177367 0.198407 0.135792 0.954325
1647.000000 21.708003 -10.674889 -43.211191 0.176940 0.200597 0.135240 0.954025
1648.000000 21.579266 -10.746135 -43.294133 0.176362 0.202122 0.134803 0.953872
1649.000000 21.417851 -10.791436 -43.399312 0.176120 0.203968 0.134365 0.953585
1650.000000 21.135458 -10.779021 -43.576968 0.176696 0.207045 0.133819 0.952892
1651.000000 20.816008 -10.700468 -43.785972 0.178042 0.210409 0.133357 0.951969
1652.000000 20.629421 -10.620003 -43.929876 0.179194 0.212314 0.133175 0.951355
1653.000000 20.540094 -10.544065 -44.026151 0.180145 0.213169 0.133180 0.950984
1654.000000 20.482091 -10.464890 -44.108308 0.181080 0.213682 0.133257 0.950680
1655.000000 20.388661 -10.374500 -44.209302 0.182186 0.214564 0.133290 0.950266
1656.000000 20.193582 -10.266510 -44.360176 0.183629 0.216501 0.133159 0.949566
1657.000000 19.852267 -10.148205 -44.577111 0.185395 0.219965 0.132750 0.948484
1658.000000 19.457324 -10.008864 -44.818126 0.187455 0.223938 0.132279 0.947214
1659.000000 19.175452 -9.836843 -45.013219 0.189683 0.226644 0.132122 0.946148
1660.000000 18.999213 -9.664161 -45.161111 0.191752 0.228232 0.132187 0.945340
1661.000000 18.822828 -9.529534 -45.299548 0.193415 0.229879 0.132154 0.944607
1662.000000 18.594847 -9.418880 -45.453050 0.194898 0.232102 0.131945 0.943787
1663.000000 18.375264 -9.351356 -45.592725 0.195919 0.234295 0.131641 0.943076
1664.000000 18.271589 -9.206607 -45.700304 0.197569 0.235163 0.131784 0.942495
1665.000000 18.212423 -9.147655 -45.772178 0.198265 0.235689 0.131805 0.942215
1666.000000 18.175567 -9.156077 -45.821447 0.198233 0.236079 0.131702 0.942139
1667.000000 18.245667 -9.178845 -45.825166 0.197901 0.235388 0.131793 0.942369
1668.000000 18.399865 -9.285497 -45.778047 0.196581 0.233951 0.131853 0.942994
1669.000000 18.289432 -9.225525 -45.870282 0.197363 0.234990 0.131774 0.942583
1670.000000 18.155626 -9.252246 -45.953886 0.197281 0.236391 0.131419 0.942299
1671.000000 18.041421 -9.277391 -46.029754 0.197184 0.237593 0.131108 0.942061
1672.000000 17.998789 -9.248216 -46.088437 0.197539 0.237988 0.131090 0.941889
1673.000000 17.998954 -9.105146 -46.152817 0.198988 0.237785 0.131457 0.941584
1674.000000 17.725156 -9.178961 -46.280816 0.198626 0.240696 0.130684 0.941029
1675.000000 17.307819 -9.235720 -46.463682 0.198635 0.245017 0.129641 0.940055
1676.000000 16.925577 -9.234221 -46.640719 0.199182 0.248870 0.128824 0.939039
1677.000000 16.651928 -9.175858 -46.786495 0.200152 0.251525 0.128393 0.938184
1678.000000 16.504557 -8.970847 -46.914098 0.202415 0.252700 0.128631 0.937350
1679.000000 16.568515 -8.947994 -46.932021 0.202554 0.252027 0.128833 0.937473
1680.000000 16.678018 -8.870252 -46.944488 0.203177 0.250838 0.129274 0.937597
1681.000000 16.785770 -8.732380 -46.968569 0.204402 0.249588 0.129867 0.937582
1682.000000 16.832050 -8.718174 -46.991166 0.204478 0.249119 0.130000 0.937672
1683.000000 16.841153 -8.795972 -47.009659 0.203691 0.249137 0.129814 0.937864
1684.000000 17.001055 -8.795468 -46.988505 0.203478 0.247542 0.130164 0.938284
1685.000000 17.146082 -8.599050 -47.008157 0.205238 0.245818 0.130997 0.938238
1686.000000 17.207868 -8.525950 -47.034872 0.205885 0.245091 0.131325 0.938241
1687.000000 17.168902 -8.548512 -47.081019 0.205713 0.245500 0.131181 0.938191
1688.000000 17.050602 -8.588045 -47.152334 0.205483 0.246719 0.130823 0.937972
1689.000000 16.989254 -8.573312 -47.212994 0.205709 0.247298 0.130730 0.937783
1690.000000 16.802486 -8.616903 -47.308150 0.205540 0.249213 0.130213 0.937385
1691.000000 16.548327 -8.756442 -47.408549 0.204509 0.251929 0.129288 0.937013
1692.000000 16.368542 -8.757454 -47.507245 0.204744 0.253714 0.128888 0.936535
1693.000000 16.319025 -8.593411 -47.590624 0.206428 0.253984 0.129212 0.936047
1694.000000 16.331325 -8.351296 -47.665765 0.208795 0.253533 0.129881 0.935551
1695.000000 16.573373 -8.300952 -47.627303 0.208955 0.251093 0.130542 0.936081
1696.000000 16.979406 -8.183961 -47.540770 0.209543 0.246944 0.131732 0.936887
1697.000000 17.383989 -8.047558 -47.453990 0.210328 0.242762 0.132967 0.937629
1698.000000 17.660116 -8.049014 -47.387807 0.209934 0.240026 0.133578 0.938335
1699.000000 17.841504 -8.252063 -47.320993 0.207670 0.238510 0.133479 0.939239
1700.000000 17.979004 -8.254496 -47.304506 0.207453 0.237143 0.133787 0.939589
1701.000000 17.982910 -7.990338 -47.384188 0.210066 0.236721 0.134463 0.939018
1702.000000 17.881754 -7.766679 -47.495461 0.212417 0.237400 0.134801 0.938269
1703.000000 17.646091 -7.729102 -47.625521 0.213108 0.239672 0.134373 0.937596
1704.000000 17.421631 -7.749799 -47.740447 0.213198 0.241909 0.133820 0.937080
1705.000000 17.197019 -7.745237 -47.858668 0.213548 0.244106 0.133327 0.936501
1706.000000 16.997071 -7.711122 -47.972092 0.214172 0.246018 0.132962 0.935909
1707.000000 16.890993 -7.676184 -48.051877 0.214674 0.247010 0.132810 0.935555
1708.000000 16.874278 -7.578694 -48.109815 0.215654 0.247043 0.133023 0.935290
1709.000000 16.836751 -7.330852 -48.197725 0.218118 0.247067 0.133575 0.934634
1710.000000 16.791149 -7.139427 -48.278526 0.220037 0.247242 0.133961 0.934082
1711.000000 16.817787 -7.165621 -48.301377 0.219749 0.247013 0.133947 0.934212
1712.000000 17.052569 -7.179678 -48.252789 0.219288 0.244750 0.134436 0.934846
1713.000000 17.416694 -7.113105 -48.168367 0.219420 0.241118 0.135428 0.935615
1714.000000 17.791950 -6.988596 -48.085469 0.220094 0.237295 0.136595 0.936264
1715.000000 18.063787 -6.832202 -48.043132 0.221230 0.234434 0.137602 0.936570
1716.000000 18.165620 -6.678065 -48.063165 0.222589 0.233235 0.138204 0.936459
1717.000000 18.265373 -6.511444 -48.084490 0.224071 0.232024 0.138836 0.936313
1718.000000 18.438608 -6.313338 -48.080670 0.225750 0.230041 0.139721 0.936267
1719.000000 18.704917 -6.258113 -48.020783 0.225900 0.227355 0.140488 0.936772
1720.000000 19.078218 -6.133078 -47.926009 0.226581 0.223517 0.141658 0.937355
1721.000000 19.302126 -6.121461 -47.874277 0.226374 0.221309 0.142201 0.937846
1722.000000 19.438470 -6.356628 -47.824798 0.223879 0.220318 0.141963 0.938715
1723.000000 19.376245 -6.961029 -47.802060 0.218041 0.221816 0.140421 0.939967
1724.000000 19.124209 -7.719225 -47.823054 0.210957 0.225387 0.138076 0.941081
1725.000000 18.918741 -8.239479 -47.854024 0.206151 0.228140 0.136396 0.941727
1726.000000 18.906037 -8.449600 -47.859158 0.204083 0.228590 0.135912 0.942138
1727.000000 18.954078 -8.616579 -47.846219 0.202294 0.228405 0.135719 0.942597
1728.000000 19.063497 -9.046552 -47.758981 0.197764 0.228019 0.135071 0.943744
1729.000000 19.317230 -9.887331 -47.525657 0.188947 0.226776 0.133705 0.946041
1730.000000 19.783025 -11.602134 -46.980044 0.171043 0.224556 0.130567 0.950406
1731.000000 20.610294 -13.624601 -46.111218 0.149153 0.218962 0.127287 0.955828
1732.000000 21.360049 -15.311012 -45.271453 0.130361 0.213545 0.124634 0.960141
1733.000000 22.058575 -16.025771 -44.723373 0.121667 0.207188 0.124130 0.962737
1734.000000 22.751505 -15.929462 -44.445446 0.121706 0.199593 0.125342 0.964178
1735.000000 23.369701 -15.877551 -44.175135 0.121459 0.192678 0.126138 0.965511
1736.000000 23.895470 -16.387668 -43.736270 0.115164 0.187484 0.125526 0.967383
1737.000000 24.311946 -17.479145 -43.111206 0.102368 0.184348 0.123633 0.969666
1738.000000 24.466507 -18.346832 -42.695853 0.092271 0.183874 0.122010 0.970974
1739.000000 24.320189 -18.393969 -42.796949 0.091998 0.185596 0.121766 0.970703
1740.000000 24.006745 -17.434700 -43.409988 0.103358 0.187707 0.123437 0.968941
1741.000000 23.712721 -15.840956 -44.212564 0.121382 0.188696 0.126516 0.966258
1742.000000 23.528263 -14.398867 -44.834986 0.137138 0.188705 0.129420 0.963760
1743.000000 23.525967 -13.962668 -45.008880 0.141719 0.188158 0.130390 0.963074
1744.000000 23.705240 -14.908469 -44.646609 0.131297 0.187608 0.128655 0.964890
1745.000000 24.127972 -16.718142 -43.809297 0.110950 0.185604 0.125419 0.968252
1746.000000 24.551949 -17.923535 -43.130861 0.096873 0.182681 0.123498 0.970563
1747.000000 24.749232 -18.376053 -42.865597 0.091494 0.181135 0.122832 0.971458
1748.000000 24.908444 -18.866171 -42.596604 0.085762 0.179984 0.121928 0.972309
1749.000000 25.068525 -19.860971 -42.081420 0.074208 0.179447 0.119816 0.973620
1750.000000 25.082423 -21.298914 -41.394893 0.057479 0.181170 0.116534 0.974830
1751.000000 24.846717 -22.997626 -40.654287 0.037691 0.186222 0.112469 0.975321
1752.000000 24.384076 -24.651557 -39.995412 0.018462 0.193945 0.108257 0.974846
1753.000000 23.723965 -25.957740 -39.600803 0.003569 0.203580 0.104679 0.973440
1754.000000 22.893552 -26.594184 -39.703939 -0.002958 0.214416 0.102782 0.971315
1755.000000 21.792483 -26.512543 -40.408234 -0.000498 0.227579 0.102953 0.968302
1756.000000 20.615270 -26.612758 -40.991471 -0.000349 0.241820 0.102833 0.964857
1757.000000 19.578961 -26.835828 -41.387511 -0.001870 0.254407 0.102411 0.961658
1758.000000 18.641662 -26.996818 -41.749523 -0.002707 0.265553 0.102082 0.958673
1759.000000 17.783058 -27.021802 -42.142102 -0.001978 0.275408 0.102054 0.955893
1760.000000 17.011433 -26.946311 -42.543694 -0.000175 0.284001 0.102287 0.953352
1761.000000 16.363204 -26.847952 -42.895687 0.001695 0.291128 0.102630 0.951162
1762.000000 15.874366 -26.820406 -43.133170 0.002560 0.296539 0.102762 0.949472
1763.000000 15.580955 -26.958676 -43.191240 0.001359 0.299984 0.102343 0.948437
1764.000000 15.516735 -27.352913 -43.003384 -0.002935 0.301215 0.101041 0.948183
1765.000000 15.671127 -28.012117 -42.557938 -0.010462 0.300340 0.098793 0.948644
1766.000000 15.987400 -28.861038 -41.905065 -0.020415 0.297844 0.095825 0.949574
1767.000000 16.405516 -29.821476 -41.099931 -0.031939 0.294230 0.092368 0.950724
1768.000000 16.866675 -30.817779 -40.204714 -0.044160 0.290012 0.088654 0.951884
1769.000000 17.317426 -31.773089 -39.294589 -0.056130 0.285690 0.084952 0.952898
1770.000000 17.710707 -32.614502 -38.455684 -0.066882 0.281767 0.081570 0.953667
1771.000000 18.003441 -33.275825 -37.781598 -0.075456 0.278760 0.078825 0.954141
1772.000000 18.154217 -33.695258 -37.369659 -0.080894 0.277192 0.077024 0.954300
1773.000000 18.123138 -33.810122 -37.315237 -0.082256 0.277579 0.076496 0.954113
1774.000000 17.950525 -33.907927 -37.344394 -0.083263 0.279768 0.076201 0.953410
1775.000000 17.722918 -34.343909 -37.088871 -0.088563 0.283039 0.074729 0.952083
1776.000000 17.465602 -35.077097 -36.557292 -0.097716 0.287022 0.072149 0.950192
1777.000000 17.201523 -36.051690 -35.764156 -0.110159 0.291367 0.068572 0.947770
1778.000000 16.953020 -37.211018 -34.721414 -0.125366 0.295738 0.064118 0.944834
1779.000000 16.742405 -38.498417 -33.437247 -0.142896 0.299799 0.058906 0.941399
1780.000000 16.590144 -39.860614 -31.919546 -0.162345 0.303203 0.053027 0.937497
1781.000000 16.511743 -41.250194 -30.181153 -0.183285 0.305599 0.046522 0.933194
1782.000000 16.517049 -42.618254 -28.247026 -0.205196 0.306641 0.039430 0.928607
1783.000000 16.611445 -43.912648 -26.162411 -0.227423 0.306010 0.031859 0.923916
1784.000000 16.739976 -44.873563 -24.422173 -0.245141 0.304331 0.025538 0.920128
1785.000000 16.841977 -45.296815 -23.587051 -0.253377 0.302620 0.022337 0.918544
1786.000000 16.921261 -45.238559 -23.673302 -0.252310 0.300996 0.022222 0.919373
1787.000000 16.971351 -44.803503 -24.483081 -0.243992 0.299690 0.024550 0.921982
1788.000000 16.986437 -44.110337 -25.732504 -0.231183 0.298860 0.028443 0.925434
1789.000000 17.016599 -43.235815 -27.190117 -0.215796 0.297644 0.033084 0.929379
1790.000000 17.144339 -42.251530 -28.654514 -0.199363 0.294731 0.037692 0.933792
1791.000000 17.401019 -41.241534 -29.980052 -0.183295 0.289814 0.041776 0.938438
1792.000000 17.693800 -40.287039 -31.125678 -0.168723 0.284568 0.045372 0.942600
1793.000000 17.900830 -39.474859 -32.074403 -0.156728 0.280924 0.048522 0.945602
1794.000000 17.912451 -38.894681 -32.808143 -0.148345 0.280463 0.051153 0.946952
1795.000000 17.912784 -38.584131 -33.210250 -0.143939 0.280306 0.052573 0.947600
1796.000000 17.977259 -38.590814 -33.203882 -0.144097 0.279394 0.052437 0.947853
1797.000000 18.076558 -38.844748 -32.887678 -0.147821 0.278149 0.051155 0.947716
1798.000000 18.204645 -39.198068 -32.429897 -0.153048 0.276549 0.049359 0.947449
1799.000000 18.349517 -39.531088 -31.976715 -0.158046 0.274665 0.047561 0.947269
1800.000000 18.413246 -39.868254 -31.554624 -0.163088 0.273931 0.045893 0.946709
1801.000000 18.262158 -40.429767 -30.958100 -0.171454 0.276595 0.043794 0.944553
1802.000000 18.049512 -41.135338 -30.179520 -0.182190 0.280371 0.041198 0.941542
1803.000000 17.945627 -41.885268 -29.231818 -0.193995 0.282545 0.038006 0.938664
1804.000000 18.084663 -42.589373 -28.146815 -0.205620 0.280800 0.034158 0.936859
1805.000000 18.266668 -43.120642 -27.244950 -0.214728 0.278118 0.030882 0.935729
1806.000000 18.346389 -43.260324 -27.004936 -0.217180 0.276821 0.029849 0.935581
1807.000000 18.352726 -43.343953 -26.899021 -0.218640 0.276715 0.029338 0.935289
1808.000000 18.310438 -43.437331 -26.807195 -0.220277 0.277462 0.028968 0.934694
1809.000000 18.181985 -43.532941 -26.768097 -0.221926 0.279708 0.028941 0.933635
1810.000000 18.182822 -43.607025 -26.677564 -0.223276 0.279726 0.028538 0.933320
1811.000000 18.236529 -43.407486 -27.003443 -0.219825 0.278711 0.029394 0.934416
1812.000000 18.258483 -43.041272 -27.607959 -0.213553 0.278166 0.031212 0.935973
1813.000000 18.206683 -42.623280 -28.320487 -0.206516 0.278824 0.033514 0.937276
1814.000000 18.065425 -42.155325 -29.138556 -0.198791 0.280887 0.036320 0.938225
1815.000000 17.875367 -41.726248 -29.900097 -0.191867 0.283652 0.039032 0.938725
1816.000000 17.748490 -41.551735 -30.253368 -0.189051 0.285502 0.040262 0.938684
1817.000000 17.587099 -41.575689 -30.350901 -0.189307 0.288004 0.040648 0.937851
1818.000000 17.419385 -41.715853 -30.290506 -0.191352 0.290663 0.040475 0.936622
1819.000000 17.347197 -41.855493 -30.174397 -0.193448 0.291838 0.039991 0.935847
1820.000000 17.092078 -41.842999 -30.373372 -0.193062 0.295745 0.040841 0.934662
1821.000000 16.776043 -41.912042 -30.492785 -0.193871 0.300621 0.041507 0.932909
1822.000000 16.629157 -42.050008 -30.419679 -0.195880 0.302965 0.041293 0.931739
1823.000000 16.564780 -42.061041 -30.474135 -0.196033 0.303979 0.041448 0.931370
1824.000000 16.463474 -42.045325 -30.585360 -0.195749 0.305529 0.041859 0.930904
1825.000000 16.278529 -42.087411 -30.663693 -0.196255 0.308375 0.042252 0.929841
1826.000000 16.008670 -42.223166 -30.656412 -0.198111 0.312558 0.042431 0.928040
1827.000000 15.812025 -42.151030 -30.891888 -0.196893 0.315454 0.043418 0.927274
1828.000000 15.705149 -41.964467 -31.233816 -0.194043 0.316907 0.044705 0.927318
1829.000000 15.593498 -41.864137 -31.459113 -0.192495 0.318494 0.045567 0.927055
1830.000000 15.454466 -41.893796 -31.524277 -0.192846 0.320585 0.045859 0.926246
1831.000000 15.348846 -41.859920 -31.657770 -0.192277 0.322136 0.046374 0.925801
1832.000000 15.084303 -41.716531 -32.010030 -0.189987 0.325887 0.047905 0.924882
1833.000000 14.729690 -41.650775 -32.296253 -0.188768 0.330931 0.049284 0.923267
1834.000000 14.392565 -41.528197 -32.639681 -0.186777 0.335620 0.050888 0.921892
1835.000000 14.212543 -41.406955 -32.907229 -0.184941 0.338054 0.052028 0.921309
1836.000000 14.188362 -41.476633 -32.866081 -0.185893 0.338438 0.051733 0.920992
1837.000000 14.156516 -41.574575 -32.792578 -0.187237 0.338965 0.051320 0.920549
1838.000000 13.906177 -41.536011 -32.984439 -0.186503 0.342449 0.052233 0.919357
1839.000000 13.583283 -41.453392 -33.259174 -0.185094 0.346879 0.053576 0.917902
1840.000000 13.317572 -41.391840 -33.479602 -0.184028 0.350486 0.054641 0.916683
1841.000000 13.099430 -41.310862 -33.699520 -0.182762 0.353383 0.055658 0.915762
1842.000000 12.888120 -41.183357 -33.970688 -0.180881 0.356126 0.056894 0.914997
1843.000000 12.650890 -41.026862 -34.284393 -0.178592 0.359195 0.058356 0.914155
1844.000000 12.455407 -40.990793 -34.435029 -0.177957 0.361784 0.059068 0.913211
1845.000000 12.274078 -41.052564 -34.462727 -0.178623 0.364244 0.059217 0.912093
1846.000000 11.983678 -40.963446 -34.707034 -0.177190 0.367988 0.060437 0.910788
1847.000000 11.628867 -40.731763 -35.135135 -0.173847 0.372408 0.062562 0.909492
1848.000000 11.413896 -40.622296 -35.368292 -0.172237 0.375093 0.063676 0.908617
1849.000000 11.265271 -40.571614 -35.510026 -0.171455 0.376962 0.064308 0.907947
1850.000000 11.037196 -40.368411 -35.847131 -0.168682 0.379680 0.065930 0.907217
1851.000000 10.785481 -40.252687 -36.088212 -0.167010 0.382745 0.067132 0.906150
1852.000000 10.561689 -40.314364 -36.122329 -0.167568 0.385607 0.067323 0.904818
1853.000000 10.458972 -40.339721 -36.160456 -0.167778 0.386911 0.067419 0.904215
1854.000000 10.370854 -40.213296 -36.361919 -0.166120 0.387883 0.068287 0.904040
1855.000000 10.198794 -40.076025 -36.598974 -0.164244 0.389887 0.069416 0.903434
1856.000000 9.869800 -40.024919 -36.781766 -0.163299 0.393895 0.070437 0.901787
1857.000000 9.597376 -40.100221 -36.807489 -0.163967 0.397305 0.070636 0.900152
1858.000000 9.488372 -40.101186 -36.870497 -0.163874 0.398630 0.070865 0.899565
1859.000000 9.309850 -39.927797 -37.140044 -0.161587 0.400626 0.072195 0.898986
1860.000000 9.186328 -40.020169 -37.107177 -0.162589 0.402205 0.071965 0.898119
1861.000000 9.025879 -40.143261 -37.048977 -0.163937 0.404282 0.071653 0.896965
1862.000000 8.856797 -40.066935 -37.208102 -0.162861 0.406270 0.072452 0.896199
1863.000000 8.692278 -39.938719 -37.420454 -0.161165 0.408122 0.073515 0.895577
1864.000000 8.498499 -39.849674 -37.596688 -0.159899 0.410341 0.074418 0.894715
1865.000000 8.283904 -39.535919 -38.009644 -0.155973 0.412558 0.076567 0.894207
1866.000000 8.263506 -39.093340 -38.503826 -0.150793 0.412349 0.078989 0.894981
1867.000000 8.333717 -38.748661 -38.870922 -0.146885 0.411185 0.080683 0.896014
1868.000000 8.140327 -38.593107 -39.101897 -0.144915 0.413267 0.081890 0.895268
1869.000000 8.044486 -38.571045 -39.179776 -0.144565 0.414347 0.082191 0.894797
1870.000000 7.849105 -38.430197 -39.394925 -0.142738 0.416422 0.083300 0.894024
1871.000000 7.714945 -38.150181 -39.730040 -0.139409 0.417628 0.085014 0.893826
1872.000000 7.682337 -37.967446 -39.947723 -0.137310 0.417780 0.086023 0.893983
1873.000000 7.588880 -37.846091 -40.116599 -0.135860 0.418699 0.086816 0.893698
1874.000000 7.475895 -37.671945 -40.336405 -0.133816 0.419767 0.087913 0.893398
1875.000000 7.446816 -37.723242 -40.329287 -0.134359 0.420149 0.087689 0.893159
1876.000000 7.401779 -37.911184 -40.197355 -0.136392 0.420855 0.086781 0.892607
1877.000000 7.323256 -37.904005 -40.254530 -0.136225 0.421711 0.086944 0.892213
1878.000000 7.377403 -37.658363 -40.510605 -0.133572 0.420850 0.088136 0.892903
1879.000000 7.347515 -37.481400 -40.716693 -0.131585 0.420992 0.089106 0.893035
1880.000000 7.294405 -37.188928 -41.029447 -0.128332 0.421248 0.090697 0.893227
1881.000000 7.324918 -37.024283 -41.207750 -0.126589 0.420730 0.091484 0.893640
1882.000000 7.353166 -36.841411 -41.402289 -0.124641 0.420214 0.092368 0.894065
1883.000000 7.387763 -36.630505 -41.619562 -0.122399 0.419600 0.093384 0.894558
1884.000000 7.538254 -36.611266 -41.645427 -0.122362 0.417958 0.093254 0.895345
1885.000000 7.481702 -36.568261 -41.730490 -0.121829 0.418530 0.093564 0.895118
1886.000000 7.491019 -36.396233 -41.915345 -0.119996 0.418240 0.094413 0.895412
1887.000000 7.508292 -36.276992 -42.051682 -0.118744 0.417918 0.094983 0.895669
1888.000000 7.424933 -36.306246 -42.077791 -0.118956 0.418837 0.094955 0.895214
1889.000000 7.485199 -36.026672 -42.342477 -0.116061 0.417872 0.096251 0.895907
1890.000000 7.625213 -35.865816 -42.489363 -0.114525 0.416211 0.096840 0.896813
1891.000000 7.675012 -35.779073 -42.589015 -0.113673 0.415583 0.097189 0.897175
1892.000000 7.784612 -35.733167 -42.643752 -0.113312 0.414370 0.097261 0.897774
1893.000000 7.862631 -35.619440 -42.760425 -0.112208 0.413428 0.097705 0.898299
1894.000000 7.900646 -35.270873 -43.078355 -0.108589 0.412622 0.099333 0.898935
1895.000000 8.032567 -34.961029 -43.342878 -0.105501 0.410885 0.100642 0.899952
1896.000000 8.148695 -34.588659 -43.654851 -0.101778 0.409241 0.102241 0.900949
1897.000000 8.459578 -34.403972 -43.776747 -0.100230 0.405789 0.102702 0.902630
1898.000000 9.034928 -34.250171 -43.818437 -0.099300 0.399651 0.102717 0.905466
1899.000000 9.434579 -34.188570 -43.819375 -0.099120 0.395450 0.102550 0.907347
1900.000000 9.734965 -34.005364 -43.932658 -0.097583 0.392150 0.103053 0.908888
1901.000000 10.131004 -33.739705 -44.084692 -0.095299 0.387758 0.103811 0.910925
1902.000000 10.415871 -33.499304 -44.237205 -0.093155 0.384524 0.104552 0.912432
1903.000000 10.655791 -33.255706 -44.398571 -0.090935 0.381738 0.105335 0.913735
1904.000000 11.039883 -33.271016 -44.328943 -0.091539 0.377772 0.104853 0.915377
1905.000000 11.480947 -33.176412 -44.324803 -0.091077 0.373109 0.104810 0.917338
1906.000000 11.738129 -33.008386 -44.419270 -0.089650 0.370262 0.105271 0.918579
1907.000000 11.864215 -32.730398 -44.626932 -0.086944 0.368640 0.106311 0.919371
1908.000000 11.944827 -32.325489 -44.936241 -0.082884 0.367344 0.107909 0.920078
1909.000000 11.946999 -32.118943 -45.118955 -0.080788 0.367075 0.108751 0.920273
1910.000000 11.982962 -31.966375 -45.253130 -0.079290 0.366525 0.109342 0.920553
1911.000000 11.795355 -31.723735 -45.509181 -0.076603 0.368142 0.110497 0.919997
1912.000000 11.472213 -31.477571 -45.798161 -0.073730 0.371090 0.111761 0.918894
1913.000000 11.471395 -31.372544 -45.906568 -0.072662 0.370942 0.112171 0.918989
1914.000000 11.773347 -31.095205 -46.054524 -0.070248 0.367565 0.113028 0.920427
1915.000000 11.908909 -30.795579 -46.257170 -0.067412 0.365838 0.114102 0.921194
1916.000000 12.361294 -30.767256 -46.194279 -0.067670 0.361299 0.113870 0.922994
1917.000000 12.785241 -30.684397 -46.170924 -0.067366 0.356992 0.113890 0.924688
1918.000000 12.962758 -30.446419 -46.315108 -0.065213 0.354946 0.114686 0.925531
1919.000000 13.132873 -30.202017 -46.462520 -0.062988 0.352927 0.115500 0.926356
1920.000000 13.437184 -30.247507 -46.381972 -0.063815 0.349934 0.115113 0.927482
1921.000000 13.788802 -30.259791 -46.305918 -0.064383 0.346412 0.114822 0.928800
1922.000000 14.127388 -30.165966 -46.300475 -0.063878 0.342889 0.114955 0.930125
1923.000000 14.210417 -29.921920 -46.469992 -0.061533 0.341755 0.115823 0.930592
1924.000000 13.840829 -29.568706 -46.842863 -0.057558 0.345011 0.117381 0.929450
1925.000000 13.826027 -29.273133 -47.067770 -0.054630 0.344790 0.118477 0.929569
1926.000000 14.017437 -29.188836 -47.099252 -0.054035 0.342788 0.118653 0.930321
1927.000000 14.576192 -29.530073 -46.751881 -0.058106 0.337671 0.117051 0.932148
1928.000000 15.147733 -29.708716 -46.493668 -0.060611 0.332215 0.116070 0.934070
1929.000000 15.459822 -29.673134 -46.452171 -0.060640 0.329079 0.116035 0.935182
1930.000000 15.499374 -29.455432 -46.615219 -0.058485 0.328424 0.116794 0.935455
1931.000000 15.429418 -29.094798 -46.899147 -0.054794 0.328648 0.118093 0.935437
1932.000000 15.423847 -28.673793 -47.190994 -0.050641 0.328118 0.119542 0.935673
1933.000000 15.559462 -28.409955 -47.339259 -0.048217 0.326402 0.120379 0.936294
1934.000000 15.775994 -28.401826 -47.308686 -0.048426 0.324249 0.120312 0.937039
1935.000000 15.786576 -28.419316 -47.330782 -0.048636 0.324198 0.120279 0.937050
1936.000000 15.389162 -28.149531 -47.659357 -0.045458 0.327796 0.121410 0.935811
1937.000000 14.996203 -27.289204 -48.318691 -0.036559 0.330551 0.124543 0.934820
1938.000000 14.664533 -26.911322 -48.668547 -0.032498 0.333289 0.125983 0.933804
1939.000000 14.614548 -26.795242 -48.783893 -0.031319 0.333622 0.126396 0.933670
1940.000000 14.758562 -26.748778 -48.802214 -0.031050 0.332177 0.126486 0.934182
1941.000000 15.086634 -26.951287 -48.626289 -0.033404 0.329283 0.125663 0.935236
1942.000000 15.602485 -27.084251 -48.425182 -0.035347 0.324458 0.125043 0.936932
1943.000000 15.867160 -27.048451 -48.395152 -0.035350 0.321844 0.125083 0.937828
1944.000000 15.812740 -26.898852 -48.532013 -0.033835 0.322171 0.125596 0.937703
1945.000000 16.043069 -26.573023 -48.671337 -0.030999 0.319526 0.126588 0.938572
1946.000000 16.495466 -26.307475 -48.699773 -0.029025 0.314804 0.127281 0.940136
1947.000000 16.536427 -26.468599 -48.634258 -0.030640 0.314615 0.126744 0.940220
1948.000000 16.669228 -26.613526 -48.546521 -0.032211 0.313529 0.126239 0.940599
1949.000000 16.873732 -26.604655 -48.518256 -0.032389 0.311569 0.126220 0.941246
1950.000000 17.017815 -26.393737 -48.620428 -0.030530 0.309916 0.126879 0.941765
1951.000000 16.802229 -26.174701 -48.849709 -0.028133 0.311709 0.127660 0.941142
1952.000000 16.168914 -26.096292 -49.139827 -0.026560 0.317663 0.128082 0.939138
1953.000000 15.906724 -25.814489 -49.408277 -0.023551 0.319775 0.129058 0.938367
1954.000000 16.069765 -25.316319 -49.647611 -0.019073 0.317573 0.130642 0.938998
1955.000000 15.975966 -24.942708 -49.901928 -0.015458 0.317978 0.131884 0.938753
1956.000000 15.497879 -24.685234 -50.215863 -0.012446 0.322153 0.132804 0.937243
1957.000000 14.885447 -24.050716 -50.742811 -0.005773 0.327037 0.134918 0.935313
1958.000000 14.395826 -23.531725 -51.162632 -0.000356 0.330850 0.136615 0.933742
1959.000000 14.054190 -23.158810 -51.464047 0.003518 0.333445 0.137813 0.932636
1960.000000 13.891443 -22.817451 -51.697146 0.006841 0.334445 0.138913 0.932096
1961.000000 14.146761 -22.487424 -51.808844 0.009490 0.331687 0.139969 0.932900
1962.000000 14.759946 -22.302850 -51.754527 0.010374 0.325884 0.140560 0.934845
1963.000000 15.242706 -22.639501 -51.503973 0.006674 0.321966 0.139534 0.936389
1964.000000 15.497617 -23.114306 -51.252237 0.001977 0.320300 0.138087 0.937196
1965.000000 15.594426 -23.187867 -51.225916 0.001158 0.319527 0.137887 0.937490
1966.000000 15.816225 -23.020704 -51.269393 0.002377 0.317278 0.138424 0.938173
1967.000000 16.161196 -23.294337 -51.073376 -0.000604 0.314478 0.137574 0.939243
1968.000000 16.398169 -23.603569 -50.890455 -0.003785 0.312700 0.136603 0.939970
1969.000000 16.590764 -23.753140 -50.793818 -0.005432 0.311112 0.136129 0.940558
1970.000000 16.842140 -23.667825 -50.788150 -0.004963 0.308673 0.136387 0.941326
1971.000000 17.109794 -23.433549 -50.844746 -0.003135 0.305884 0.137096 0.942141
1972.000000 17.275684 -23.306438 -50.883477 -0.002174 0.304175 0.137464 0.942643
1973.000000 17.274295 -23.095620 -51.015414 -0.000235 0.303906 0.138083 0.942642
1974.000000 17.232831 -22.801472 -51.196887 0.002516 0.303894 0.138955 0.942514
1975.000000 17.294750 -23.063359 -51.094772 0.000025 0.303670 0.138179 0.942704
1976.000000 17.183922 -23.415843 -51.008301 -0.003064 0.305155 0.137132 0.942373
1977.000000 16.976791 -23.411081 -51.115731 -0.002735 0.307045 0.137141 0.941758
1978.000000 16.905019 -23.153571 -51.292386 -0.000274 0.307355 0.137910 0.941549
1979.000000 16.660069 -23.138680 -51.415647 0.000199 0.309577 0.137957 0.940814
1980.000000 16.064681 -23.391303 -51.526782 -0.001311 0.315345 0.137188 0.939007
1981.000000 16.448046 -23.531757 -51.377923 -0.003109 0.312044 0.136756 0.940168
1982.000000 16.677219 -23.300157 -51.446293 -0.001289 0.309650 0.137445 0.940864
1983.000000 17.194051 -23.008821 -51.443675 0.000687 0.304534 0.138310 0.942406
1984.000000 17.741944 -22.953400 -51.318277 0.000449 0.299447 0.138468 0.944011
1985.000000 18.254809 -22.817854 -51.235703 0.001004 0.294573 0.138853 0.945487
1986.000000 18.856737 -22.729151 -51.092029 0.001013 0.288853 0.139101 0.947214
1987.000000 19.360335 -22.859690 -50.881233 -0.000878 0.284341 0.138742 0.948631
1988.000000 19.543999 -23.136576 -50.721512 -0.003715 0.282988 0.137983 0.949139
1989.000000 19.800882 -23.254630 -50.603713 -0.005169 0.280728 0.137657 0.949850
1990.000000 20.412478 -23.311452 -50.370008 -0.006538 0.275040 0.137478 0.951530
1991.000000 20.165422 -23.329014 -50.497328 -0.006353 0.277379 0.137427 0.950860
1992.000000 20.090266 -23.254085 -50.597694 -0.005542 0.277980 0.137618 0.950662
1993.000000 19.786910 -23.420894 -50.676069 -0.006712 0.281069 0.137171 0.949810
1994.000000 19.492254 -23.776113 -50.660674 -0.009659 0.284326 0.136200 0.948955
1995.000000 19.261223 -24.149767 -50.608282 -0.012850 0.286991 0.135160 0.948263
1996.000000 19.150736 -24.371877 -50.580280 -0.014766 0.288310 0.134538 0.947923
1997.000000 19.219373 -24.276888 -50.637219 -0.013946 0.287538 0.134814 0.948131
1998.000000 19.473195 -24.019174 -50.699660 -0.011875 0.284824 0.135527 0.948876
1999.000000 19.780611 -23.829066 -50.706246 -0.010510 0.281691 0.136017 0.949757
2000.000000 19.984557 -23.803169 -50.674065 -0.010546 0.279742 0.136051 0.950328
2001.000000 20.056169 -24.018585 -50.579827 -0.012671 0.279360 0.135442 0.950501
2002.000000 20.160098 -24.402319 -50.390827 -0.016422 0.278897 0.134373 0.950732
2003.000000 20.299785 -24.488008 -50.329603 -0.017419 0.277697 0.134127 0.951100
2004.000000 20.460219 -24.378021 -50.354193 -0.016601 0.276039 0.134413 0.951557
2005.000000 20.635106 -24.261193 -50.375257 -0.015734 0.274230 0.134702 0.952053
2006.000000 20.818617 -24.311335 -50.311590 -0.016449 0.272556 0.134527 0.952547
2007.000000 21.006550 -24.586355 -50.135835 -0.019301 0.271137 0.133742 0.953009
2008.000000 21.216862 -24.800465 -49.978123 -0.021616 0.269422 0.133126 0.953531
2009.000000 21.452423 -24.789633 -49.919468 -0.021827 0.267166 0.133116 0.954163
2010.000000 21.675976 -24.663647 -49.921587 -0.020923 0.264864 0.133407 0.954784
2011.000000 21.847793 -24.541322 -49.942766 -0.019985 0.263054 0.133684 0.955265
2012.000000 21.927593 -24.530913 -49.948429 -0.019997 0.262272 0.133682 0.955480
2013.000000 21.868164 -24.670849 -49.941224 -0.021265 0.263026 0.133328 0.955295
2014.000000 21.648749 -24.924514 -49.946903 -0.023402 0.265458 0.132715 0.954658
2015.000000 21.366733 -25.067686 -50.032946 -0.024387 0.268330 0.132404 0.953873
2016.000000 21.056001 -24.992438 -50.238359 -0.023251 0.271175 0.132684 0.953057
2017.000000 20.707066 -24.766417 -50.530867 -0.020654 0.274174 0.133381 0.952161
2018.000000 20.309572 -24.508660 -50.853006 -0.017726 0.277577 0.134174 0.951123
2019.000000 19.871836 -24.278748 -51.171134 -0.015034 0.281375 0.134891 0.949951
2020.000000 19.438598 -24.066765 -51.472744 -0.012522 0.285119 0.135542 0.948777
2021.000000 19.063440 -23.877349 -51.736719 -0.010294 0.288322 0.136107 0.947755
2022.000000 18.802084 -23.714847 -51.943009 -0.008463 0.290496 0.136578 0.947041
2023.000000 18.711061 -23.583950 -52.071851 -0.007143 0.291151 0.136947 0.946798
2024.000000 18.812806 -23.525246 -52.098528 -0.006729 0.290145 0.137100 0.947087
2025.000000 18.986625 -23.650457 -52.015669 -0.008079 0.288725 0.136739 0.947563
2026.000000 19.169569 -23.899016 -51.871706 -0.010573 0.287383 0.136040 0.948047
2027.000000 19.337301 -24.147459 -51.730917 -0.013062 0.286178 0.135345 0.948479
2028.000000 19.423843 -24.332064 -51.648167 -0.014874 0.285631 0.134835 0.948690
2029.000000 19.632942 -24.421005 -51.562567 -0.015979 0.283827 0.134560 0.949253
2030.000000 19.894250 -24.599959 -51.412154 -0.017988 0.281650 0.134019 0.949941
2031.000000 20.085053 -24.916411 -51.220303 -0.021188 0.280300 0.133117 0.950402
2032.000000 20.169008 -25.224259 -51.072066 -0.024173 0.279925 0.132261 0.950560
2033.000000 20.072967 -25.031153 -51.241202 -0.022245 0.280565 0.132802 0.950343
2034.000000 19.853493 -24.382584 -51.674352 -0.015954 0.281737 0.134608 0.949869
2035.000000 19.685800 -23.890488 -52.003510 -0.011225 0.282622 0.135973 0.949479
2036.000000 19.603008 -23.840821 -52.093174 -0.010667 0.283304 0.136111 0.949262
2037.000000 19.501363 -24.131320 -52.033154 -0.013190 0.284606 0.135324 0.948953
2038.000000 19.330627 -24.602548 -51.913197 -0.017249 0.286776 0.134054 0.948415
2039.000000 18.924207 -25.152752 -51.837427 -0.021701 0.291187 0.132585 0.947185
2040.000000 18.472465 -25.470724 -51.882184 -0.023995 0.295701 0.131768 0.945845
2041.000000 18.204251 -25.418578 -52.037716 -0.023206 0.298082 0.131997 0.945085
2042.000000 18.200129 -25.296334 -52.133255 -0.022139 0.297980 0.132371 0.945090
2043.000000 18.553871 -25.796450 -51.797282 -0.027161 0.295403 0.130852 0.945979
2044.000000 19.077841 -26.654897 -51.204681 -0.035735 0.291696 0.128263 0.947199
2045.000000 19.383619 -26.886734 -51.005112 -0.038279 0.289182 0.127520 0.947970
2046.000000 19.463070 -26.405804 -51.262963 -0.033899 0.287846 0.128848 0.948364
2047.000000 19.575438 -25.756552 -51.586338 -0.028038 0.285985 0.130624 0.948875
2048.000000 19.862686 -25.254166 -51.759772 -0.023786 0.282684 0.131912 0.949802
2049.000000 20.259306 -25.002492 -51.762580 -0.021976 0.278683 0.132461 0.950951
2050.000000 20.620146 -25.048572 -51.633505 -0.022848 0.275403 0.132239 0.951916
2051.000000 20.860659 -25.349001 -51.427126 -0.025923 0.273575 0.131405 0.952480
2052.000000 20.985271 -25.609950 -51.284161 -0.028503 0.272769 0.130709 0.952733
2053.000000 21.022035 -25.505360 -51.357897 -0.027579 0.272303 0.130989 0.952855
2054.000000 21.096233 -25.123840 -51.551401 -0.024143 0.271132 0.131977 0.953146
2055.000000 21.292637 -24.928240 -51.601425 -0.022591 0.269067 0.132432 0.953706
2056.000000 21.585026 -24.929409 -51.514970 -0.022983 0.266365 0.132349 0.954466
2057.000000 21.860052 -24.866418 -51.465082 -0.022761 0.263737 0.132441 0.955188
2058.000000 22.108276 -24.718902 -51.465839 -0.021718 0.261241 0.132760 0.955854
2059.000000 22.372798 -24.587998 -51.450150 -0.020842 0.258606 0.133037 0.956551
2060.000000 22.688759 -24.561712 -51.360699 -0.020999 0.255625 0.133045 0.957347
2061.000000 22.940576 -24.424509 -51.351118 -0.020032 0.253096 0.133340 0.957999
2062.000000 23.047118 -24.124901 -51.481782 -0.017363 0.251709 0.134055 0.958317
2063.000000 23.060110 -23.994467 -51.573408 -0.016155 0.251413 0.134366 0.958372
2064.000000 23.036237 -24.268417 -51.491793 -0.018666 0.251984 0.133690 0.958271
2065.000000 22.882461 -24.765957 -51.358542 -0.023107 0.254052 0.132482 0.957796
2066.000000 22.490147 -25.196946 -51.358005 -0.026612 0.258250 0.131482 0.956719
2067.000000 22.078581 -25.487848 -51.429765 -0.028768 0.262436 0.130837 0.955605
2068.000000 21.770290 -25.713049 -51.485497 -0.030457 0.265577 0.130345 0.954752
2069.000000 21.626973 -25.982077 -51.446087 -0.032790 0.267245 0.129706 0.954296
2070.000000 21.564650 -26.183712 -51.405404 -0.034609 0.268088 0.129218 0.954062
2071.000000 21.506836 -26.389911 -51.360907 -0.036458 0.268906 0.128712 0.953831
2072.000000 21.342806 -26.552329 -51.383016 -0.037747 0.270644 0.128343 0.953339
2073.000000 21.095403 -26.470446 -51.564168 -0.036661 0.272831 0.128638 0.952718
2074.000000 20.949818 -26.118367 -51.838050 -0.033241 0.273727 0.129614 0.952454
2075.000000 21.226652 -25.737686 -51.950456 -0.030108 0.270696 0.130517 0.953301
2076.000000 21.935810 -25.555399 -51.780663 -0.029314 0.263919 0.130743 0.955193
2077.000000 22.702763 -25.561666 -51.482767 -0.030324 0.256824 0.130483 0.957129
2078.000000 23.253264 -25.591621 -51.259367 -0.031301 0.251760 0.130268 0.958471
2079.000000 23.394376 -25.448588 -51.303665 -0.030153 0.250286 0.130612 0.958847
2080.000000 23.266067 -25.155068 -51.542410 -0.027261 0.251109 0.131385 0.958613
2081.000000 23.193785 -24.871660 -51.747470 -0.024546 0.251403 0.132102 0.958511
2082.000000 23.391864 -24.776150 -51.739135 -0.023915 0.249421 0.132279 0.959020
2083.000000 23.730533 -24.852253 -51.583454 -0.025053 0.246356 0.132003 0.959821
2084.000000 23.963695 -24.982328 -51.448710 -0.026567 0.244354 0.131633 0.960343
2085.000000 24.005604 -25.121199 -51.398249 -0.027924 0.244159 0.131298 0.960400
2086.000000 23.934289 -25.274996 -51.393078 -0.029269 0.245039 0.130956 0.960182
2087.000000 23.797214 -25.412849 -51.425666 -0.030378 0.246505 0.130671 0.959811
2088.000000 23.639966 -25.501322 -51.491044 -0.031004 0.248090 0.130517 0.959404
2089.000000 23.699458 -25.484359 -51.508362 -0.030924 0.247516 0.130551 0.959550
2090.000000 24.169331 -25.645488 -51.245119 -0.033024 0.243320 0.130016 0.960625
2091.000000 24.423722 -26.079989 -50.939847 -0.037437 0.241472 0.128899 0.961080
2092.000000 24.532621 -26.309766 -50.804973 -0.039746 0.240727 0.128309 0.961253
2093.000000 24.538848 -26.196236 -50.896922 -0.038668 0.240518 0.128557 0.961316
2094.000000 24.365299 -26.013863 -51.110033 -0.036715 0.241918 0.129038 0.960977
2095.000000 23.928108 -26.057037 -51.329197 -0.036580 0.246059 0.129090 0.959923
2096.000000 23.290721 -26.399324 -51.482082 -0.039004 0.252439 0.128500 0.958249
2097.000000 22.733061 -26.668329 -51.628415 -0.040806 0.257944 0.128042 0.956768
2098.000000 22.611673 -26.692939 -51.706141 -0.040859 0.259088 0.128030 0.956458
2099.000000 22.744425 -26.784257 -51.638217 -0.041851 0.257977 0.127766 0.956751
2100.000000 22.465721 -26.705252 -51.837800 -0.040766 0.260463 0.128072 0.956083
2101.000000 22.205321 -26.340273 -52.171685 -0.037111 0.262431 0.129086 0.955557
2102.000000 22.320276 -26.092527 -52.282850 -0.034996 0.261085 0.129652 0.955929
2103.000000 22.603914 -26.155927 -52.165026 -0.035914 0.258551 0.129372 0.956621
2104.000000 22.954178 -26.290847 -51.979269 -0.037585 0.255480 0.128906 0.957445
2105.000000 23.387566 -26.194416 -51.870636 -0.037244 0.251367 0.128996 0.958534
2106.000000 23.928523 -25.789868 -51.863462 -0.034184 0.245880 0.129792 0.959963
2107.000000 24.424707 -25.494285 -51.814681 -0.032054 0.240902 0.130320 0.961226
2108.000000 24.664918 -25.510140 -51.729208 -0.032490 0.238675 0.130205 0.961782
2109.000000 24.762814 -25.581597 -51.683379 -0.033276 0.237850 0.130019 0.961985
2110.000000 25.151872 -25.678140 -51.483589 -0.034667 0.234344 0.129677 0.962842
2111.000000 25.794105 -25.787075 -51.146695 -0.036506 0.228464 0.129219 0.964248
2112.000000 26.064831 -25.911802 -50.982601 -0.038033 0.226078 0.128849 0.964801
2113.000000 26.116306 -25.993251 -50.951015 -0.038871 0.225699 0.128645 0.964883
2114.000000 26.204380 -26.045995 -50.914613 -0.039488 0.224932 0.128491 0.965058
2115.000000 26.345347 -25.990788 -50.905318 -0.039152 0.223518 0.128554 0.965391
2116.000000 26.430310 -25.883286 -50.951241 -0.038245 0.222564 0.128750 0.965622
2117.000000 26.604448 -25.927937 -50.873750 -0.038885 0.220960 0.128584 0.965987
2118.000000 26.796627 -25.944127 -50.801168 -0.039275 0.219154 0.128479 0.966397
2119.000000 26.870235 -25.800265 -50.872105 -0.037995 0.218272 0.128763 0.966609
2120.000000 26.863325 -25.513054 -51.057076 -0.035255 0.217977 0.129384 0.966697
2121.000000 26.998900 -25.384166 -51.086821 -0.034198 0.216537 0.129611 0.967028
2122.000000 26.959826 -25.456621 -51.107375 -0.034845 0.217006 0.129472 0.966918
2123.000000 27.065783 -25.555489 -51.037655 -0.035920 0.216126 0.129217 0.967110
2124.000000 27.160362 -25.678940 -50.961633 -0.037205 0.215383 0.128915 0.967268
2125.000000 27.229680 -25.869706 -50.864607 -0.039091 0.214959 0.128480 0.967346
2126.000000 27.530403 -25.839120 -50.753577 -0.039188 0.212049 0.128439 0.967989
2127.000000 27.825989 -25.497674 -50.801234 -0.036316 0.208806 0.129041 0.968726
2128.000000 28.016206 -25.159323 -50.901422 -0.033336 0.206563 0.129665 0.969230
2129.000000 27.965061 -24.909238 -51.088178 -0.030903 0.206735 0.130190 0.969204
2130.000000 27.573187 -25.004200 -51.290386 -0.031322 0.210576 0.130126 0.968372
2131.000000 27.168406 -24.872670 -51.605468 -0.029568 0.214209 0.130516 0.967577
2132.000000 27.202106 -24.623645 -51.742863 -0.027262 0.213556 0.131012 0.967722
2133.000000 27.231153 -24.583450 -51.782595 -0.026911 0.213216 0.131080 0.967798
2134.000000 27.253511 -24.580809 -51.809040 -0.026903 0.213008 0.131080 0.967844
2135.000000 27.282703 -24.400158 -51.916238 -0.025261 0.212536 0.131447 0.967942
2136.000000 27.263696 -24.243632 -52.036338 -0.023784 0.212532 0.131781 0.967935
2137.000000 27.439866 -24.192753 -52.003672 -0.023538 0.210832 0.131852 0.968303
2138.000000 27.645317 -24.303484 -51.878660 -0.024847 0.209060 0.131589 0.968690
2139.000000 28.155583 -24.528196 -51.532819 -0.027611 0.204564 0.131009 0.969653
2140.000000 28.741200 -24.674332 -51.174982 -0.029741 0.199228 0.130564 0.970761
2141.000000 29.029496 -24.963430 -50.908361 -0.032850 0.196861 0.129925 0.971229
2142.000000 29.182202 -25.174402 -50.753017 -0.035048 0.195657 0.129471 0.971456
2143.000000 29.354112 -25.140712 -50.706210 -0.034943 0.193956 0.129477 0.971800
2144.000000 29.455561 -25.135863 -50.685023 -0.035025 0.192960 0.129444 0.972000
2145.000000 29.512979 -25.197109 -50.656835 -0.035693 0.192488 0.129300 0.972089
2146.000000 29.580351 -25.321139 -50.591645 -0.036979 0.192007 0.129033 0.972171
2147.000000 29.699100 -25.705348 -50.364023 -0.040836 0.191361 0.128261 0.972246
2148.000000 29.776318 -25.554463 -50.431581 -0.039480 0.190426 0.128523 0.972451
2149.000000 29.675717 -25.229134 -50.690384 -0.036230 0.190987 0.129179 0.972381
2150.000000 29.671609 -24.912844 -50.885728 -0.033212 0.190646 0.129794 0.972474
2151.000000 29.817662 -24.753111 -50.915078 -0.031875 0.189058 0.130058 0.972793
2152.000000 30.124283 -24.901902 -50.696019 -0.033704 0.186296 0.129678 0.973315
2153.000000 30.741820 -25.358771 -50.131794 -0.038888 0.180901 0.128618 0.974279
2154.000000 31.409681 -25.699901 -49.578597 -0.043083 0.174832 0.127772 0.975321
2155.000000 31.616496 -25.843851 -49.410084 -0.044767 0.173005 0.127448 0.975614
2156.000000 31.581068 -25.932747 -49.423444 -0.045589 0.173478 0.127302 0.975511
2157.000000 31.498930 -25.694953 -49.635009 -0.043145 0.173973 0.127743 0.975476
2158.000000 31.638086 -25.782866 -49.533239 -0.044214 0.172684 0.127515 0.975687
2159.000000 31.806537 -25.964751 -49.362716 -0.046258 0.171234 0.127120 0.975899
2160.000000 32.016206 -26.054254 -49.216508 -0.047437 0.169302 0.126891 0.976210
2161.000000 32.059731 -26.057197 -49.224956 -0.047532 0.168913 0.126893 0.976272
2162.000000 31.752503 -25.906580 -49.539848 -0.045634 0.171756 0.127297 0.975814
2163.000000 31.244337 -25.431680 -50.141607 -0.040321 0.176104 0.128342 0.975136
2164.000000 30.814061 -24.885172 -50.715126 -0.034498 0.179567 0.129485 0.974576
2165.000000 30.976600 -24.721148 -50.732375 -0.033116 0.177784 0.129705 0.974922
2166.000000 31.415065 -24.795703 -50.461899 -0.034384 0.173649 0.129407 0.975663
2167.000000 31.364489 -24.776941 -50.539397 -0.034152 0.174138 0.129465 0.975576
2168.000000 31.077463 -24.562455 -50.856821 -0.031722 0.176627 0.129930 0.975149
2169.000000 31.058283 -24.429599 -50.968677 -0.030412 0.176631 0.130155 0.975160
2170.000000 31.276132 -24.384168 -50.892824 -0.030251 0.174477 0.130157 0.975552
2171.000000 31.569944 -24.170318 -50.848418 -0.028586 0.171374 0.130432 0.976115
2172.000000 31.948865 -23.799323 -50.823340 -0.025508 0.167263 0.130946 0.976845
2173.000000 32.090576 -23.402557 -50.955680 -0.021862 0.165397 0.131557 0.977169
2174.000000 32.070628 -23.186632 -51.103210 -0.019761 0.165307 0.131906 0.977182
2175.000000 31.852061 -23.279423 -51.232764 -0.020387 0.167512 0.131813 0.976806
2176.000000 31.468525 -23.558348 -51.377658 -0.022573 0.171526 0.131459 0.976108
2177.000000 31.409074 -24.025732 -51.233507 -0.026935 0.172680 0.130693 0.975897
2178.000000 31.648473 -24.534670 -50.880636 -0.032092 0.171040 0.129785 0.976151
2179.000000 31.941062 -24.801430 -50.604946 -0.035032 0.168581 0.129270 0.976546
2180.000000 32.181336 -24.894150 -50.443693 -0.036251 0.166403 0.129044 0.976905
2181.000000 32.383869 -25.130288 -50.232780 -0.038817 0.164760 0.128570 0.977148
2182.000000 32.488698 -25.546457 -49.990437 -0.043007 0.164272 0.127813 0.977154
2183.000000 32.636740 -26.133715 -49.624720 -0.048939 0.163551 0.126746 0.977134
2184.000000 33.057005 -26.596596 -49.133646 -0.054069 0.159982 0.125790 0.977578
2185.000000 33.783217 -26.543733 -48.701737 -0.054548 0.152696 0.125569 0.978745
2186.000000 33.976773 -25.952586 -48.921018 -0.048858 0.149976 0.126372 0.979362
2187.000000 33.749635 -25.214944 -49.496790 -0.041206 0.151269 0.127574 0.979359
2188.000000 33.610182 -24.852714 -49.809524 -0.037406 0.152135 0.128109 0.979308
2189.000000 33.792990 -25.059839 -49.616315 -0.039318 0.150318 0.127272 0.979623
2190.000000 33.836894 -25.374041 -49.460875 -0.041608 0.149629 0.125731 0.979832
2191.000000 33.294513 -26.257357 -49.406355 -0.048194 0.155060 0.122880 0.979048
2192.000000 31.423323 -28.386552 -49.494946 -0.065109 0.174803 0.118224 0.975309
2193.000000 27.886322 -31.820987 -49.563374 -0.092675 0.211836 0.111881 0.966447
2194.000000 23.824776 -35.503447 -49.213987 -0.121901 0.253366 0.104785 0.953921
2195.000000 19.493352 -39.339742 -48.227705 -0.153422 0.298109 0.098392 0.936969
2196.000000 15.837816 -43.466028 -46.007023 -0.189871 0.337605 0.090452 0.917491
2197.000000 12.725859 -47.495731 -42.917997 -0.227817 0.373050 0.081465 0.895710
2198.000000 9.528766 -50.977959 -39.657373 -0.261709 0.409965 0.073562 0.870646
