0.000000 -0.000000 -0.000000 -0.000000 0.000000 -0.000000 0.000000 1.000000
1.000000 0.000076 -0.001358 -0.039411 -0.002959 -0.000554 -0.000004 0.999995
2.000000 0.000311 -0.001110 -0.078823 -0.004089 -0.001419 -0.000011 0.999991
3.000000 0.000721 0.000513 -0.118241 -0.003405 -0.002581 -0.000025 0.999991
4.000000 0.001302 0.003152 -0.157644 -0.001324 -0.003982 -0.000051 0.999991
5.000000 0.002035 0.006329 -0.197010 0.001781 -0.005568 -0.000088 0.999983
6.000000 0.002880 0.009519 -0.236334 0.005678 -0.007282 -0.000132 0.999957
7.000000 0.003806 0.013453 -0.275574 0.012427 -0.009096 -0.000189 0.999881
8.000000 0.004765 0.018159 -0.314727 0.020984 -0.010882 -0.000258 0.999721
9.000000 0.005705 0.023643 -0.353796 0.030299 -0.012511 -0.000333 0.999463
10.000000 0.006532 0.029558 -0.392805 0.039330 -0.013855 -0.000407 0.999130
11.000000 0.007116 0.035127 -0.431832 0.047039 -0.014789 -0.000473 0.998783
12.000000 0.007293 0.039307 -0.470987 0.052479 -0.015195 -0.000523 0.998506
13.000000 0.006943 0.041535 -0.510329 0.055461 -0.015033 -0.000569 0.998348
14.000000 0.005974 0.041616 -0.549860 0.056189 -0.014301 -0.000626 0.998318
15.000000 0.004291 0.039371 -0.589551 0.054827 -0.012997 -0.000702 0.998411
16.000000 0.001802 0.034498 -0.629351 0.051401 -0.011119 -0.000797 0.998616
17.000000 -0.001589 0.026666 -0.669179 0.045909 -0.008665 -0.000909 0.998908
18.000000 -0.005966 0.015582 -0.708914 0.038374 -0.005641 -0.001031 0.999247
19.000000 -0.011108 0.002291 -0.748398 0.029705 -0.002252 -0.001154 0.999555
20.000000 -0.016011 -0.011581 -0.787577 0.020998 0.000840 -0.001249 0.999778
21.000000 -0.019676 -0.026707 -0.826464 0.011750 0.003105 -0.001299 0.999925
22.000000 -0.021898 -0.042649 -0.865069 0.002190 0.004561 -0.001318 0.999986
23.000000 -0.022501 -0.058876 -0.903437 -0.007428 0.005241 -0.001321 0.999958
24.000000 -0.021484 -0.075482 -0.941601 -0.016854 0.005176 -0.001324 0.999844
25.000000 -0.019213 -0.092631 -0.979542 -0.025834 0.004396 -0.001336 0.999656
26.000000 -0.015957 -0.109145 -1.017337 -0.034119 0.002934 -0.001362 0.999413
27.000000 -0.011561 -0.124350 -1.055103 -0.041458 0.000820 -0.001412 0.999139
28.000000 -0.005888 -0.137575 -1.092967 -0.047627 -0.001909 -0.001499 0.998862
29.000000 0.000725 -0.150092 -1.130805 -0.053293 -0.005010 -0.001625 0.998565
30.000000 0.006809 -0.163808 -1.168369 -0.059307 -0.007792 -0.001754 0.998208
31.000000 0.011014 -0.177016 -1.205918 -0.064916 -0.009697 -0.001848 0.997842
32.000000 0.013188 -0.189603 -1.243509 -0.070099 -0.010716 -0.001894 0.997481
33.000000 0.013201 -0.201509 -1.281177 -0.074858 -0.010850 -0.001884 0.997133
34.000000 0.010921 -0.212676 -1.318944 -0.079196 -0.010100 -0.001812 0.996806
35.000000 0.006214 -0.223043 -1.356818 -0.083113 -0.008467 -0.001673 0.996503
36.000000 -0.001052 -0.232552 -1.394791 -0.086611 -0.005951 -0.001457 0.996223
37.000000 -0.011011 -0.241143 -1.432839 -0.089691 -0.002552 -0.001151 0.995966
38.000000 -0.023799 -0.248757 -1.470924 -0.092354 0.001730 -0.000750 0.995724
39.000000 -0.039540 -0.255311 -1.508991 -0.094593 0.006889 -0.000257 0.995492
40.000000 -0.056608 -0.258652 -1.547383 -0.095736 0.012359 0.000268 0.995330
41.000000 -0.070958 -0.254088 -1.586995 -0.094380 0.016867 0.000733 0.995393
42.000000 -0.081522 -0.241572 -1.627798 -0.090687 0.020172 0.001122 0.995675
43.000000 -0.088033 -0.222386 -1.669439 -0.085199 0.022300 0.001433 0.996113
44.000000 -0.090228 -0.197974 -1.711522 -0.078456 0.023277 0.001656 0.996644
45.000000 -0.088285 -0.170474 -1.753675 -0.070992 0.023125 0.001787 0.997207
46.000000 -0.082927 -0.142782 -1.795639 -0.063344 0.021862 0.001827 0.997751
47.000000 -0.074062 -0.116756 -1.837271 -0.056054 0.019508 0.001792 0.998236
48.000000 -0.061365 -0.093760 -1.878519 -0.049563 0.016070 0.001695 0.998640
49.000000 -0.044362 -0.073877 -1.919415 -0.043946 0.011516 0.001546 0.998966
50.000000 -0.024750 -0.059446 -1.959838 -0.039844 0.006369 0.001368 0.999185
51.000000 -0.007176 -0.055907 -1.999665 -0.038622 0.001850 0.001220 0.999251
52.000000 0.007537 -0.062806 -2.039019 -0.040098 -0.001857 0.001115 0.999193
53.000000 0.019588 -0.078087 -2.077927 -0.043698 -0.004829 0.001045 0.999033
54.000000 0.029166 -0.099805 -2.116364 -0.048850 -0.007144 0.001003 0.998780
55.000000 0.036472 -0.125907 -2.154313 -0.054981 -0.008878 0.000982 0.998447
56.000000 0.041730 -0.154174 -2.191821 -0.061521 -0.010108 0.000978 0.998054
57.000000 0.045186 -0.182221 -2.229039 -0.067905 -0.010908 0.000988 0.997632
58.000000 0.047044 -0.207957 -2.266189 -0.073669 -0.011342 0.001011 0.997218
59.000000 0.047301 -0.230891 -2.303410 -0.078725 -0.011419 0.001050 0.996830
60.000000 0.045905 -0.250913 -2.340798 -0.083072 -0.011141 0.001109 0.996481
61.000000 0.042801 -0.267918 -2.378433 -0.086712 -0.010507 0.001192 0.996177
62.000000 0.037937 -0.281802 -2.416378 -0.089644 -0.009518 0.001302 0.995928
63.000000 0.031258 -0.292462 -2.454677 -0.091870 -0.008174 0.001442 0.995736
64.000000 0.022707 -0.299791 -2.493357 -0.093390 -0.006475 0.001612 0.995607
65.000000 0.012228 -0.303684 -2.532428 -0.094205 -0.004421 0.001817 0.995541
66.000000 -0.000240 -0.304032 -2.571879 -0.094314 -0.002012 0.002057 0.995538
67.000000 -0.014758 -0.300723 -2.611681 -0.093718 0.000752 0.002335 0.995596
68.000000 -0.031414 -0.293661 -2.651783 -0.092419 0.003877 0.002653 0.995709
69.000000 -0.050575 -0.282926 -2.692090 -0.090452 0.007419 0.003015 0.995869
70.000000 -0.072781 -0.268708 -2.732465 -0.087870 0.011463 0.003427 0.996060
71.000000 -0.098119 -0.251565 -2.772728 -0.084789 0.016009 0.003885 0.996263
72.000000 -0.125162 -0.233205 -2.812669 -0.081523 0.020787 0.004360 0.996445
73.000000 -0.152087 -0.215653 -2.852178 -0.078424 0.025478 0.004814 0.996583
74.000000 -0.176926 -0.201022 -2.891263 -0.075847 0.029761 0.005215 0.996662
75.000000 -0.197583 -0.191530 -2.930030 -0.074148 0.033316 0.005532 0.996675
76.000000 -0.211929 -0.189455 -2.968634 -0.073683 0.035820 0.005729 0.996622
77.000000 -0.217952 -0.197022 -3.007179 -0.074809 0.036954 0.005766 0.996496
78.000000 -0.213926 -0.215102 -3.045699 -0.077644 0.036452 0.005616 0.996299
79.000000 -0.200051 -0.235399 -3.084592 -0.080819 0.034363 0.005335 0.996122
80.000000 -0.176963 -0.249891 -3.124277 -0.083076 0.030807 0.004973 0.996055
81.000000 -0.145325 -0.258140 -3.164596 -0.084414 0.025908 0.004521 0.996084
82.000000 -0.107507 -0.259401 -3.205295 -0.084784 0.020051 0.003997 0.996190
83.000000 -0.066279 -0.252865 -3.246159 -0.084099 0.013668 0.003427 0.996358
84.000000 -0.024229 -0.238847 -3.287033 -0.082277 0.007190 0.002856 0.996579
85.000000 0.015997 -0.217512 -3.327849 -0.079229 0.001047 0.002332 0.996853
86.000000 0.051521 -0.187924 -3.368631 -0.074867 -0.004328 0.001893 0.997182
87.000000 0.079291 -0.149007 -3.409424 -0.069101 -0.008500 0.001554 0.997572
88.000000 0.096522 -0.101294 -3.450156 -0.062080 -0.011088 0.001315 0.998009
89.000000 0.103250 -0.057281 -3.490437 -0.055655 -0.012134 0.001173 0.998376
90.000000 0.100782 -0.033259 -3.530321 -0.052133 -0.011855 0.001130 0.998569
91.000000 0.089887 -0.037487 -3.570102 -0.052597 -0.010385 0.001181 0.998561
92.000000 0.070890 -0.074290 -3.609511 -0.057532 -0.007791 0.001311 0.998312
93.000000 0.042123 -0.133867 -3.647831 -0.065473 -0.003867 0.001504 0.997846
94.000000 0.001649 -0.202585 -3.684509 -0.074526 0.001617 0.001774 0.997216
95.000000 -0.048030 -0.272858 -3.719215 -0.083752 0.008281 0.002125 0.996450
96.000000 -0.101546 -0.340958 -3.751945 -0.092773 0.015381 0.002544 0.995565
97.000000 -0.153190 -0.403473 -3.783240 -0.101223 0.022165 0.003003 0.994612
98.000000 -0.198054 -0.459764 -3.813882 -0.108906 0.028042 0.003463 0.993650
99.000000 -0.235906 -0.512518 -3.844144 -0.116019 0.033044 0.003892 0.992690
100.000000 -0.268773 -0.560146 -3.874537 -0.122299 0.037430 0.004271 0.991778
101.000000 -0.298283 -0.585659 -3.907881 -0.125601 0.041350 0.004653 0.991208
102.000000 -0.323914 -0.547227 -3.950715 -0.120739 0.044663 0.005246 0.991665
103.000000 -0.340490 -0.439836 -4.002001 -0.107348 0.046683 0.006051 0.993106
104.000000 -0.338465 -0.304723 -4.053962 -0.090838 0.046315 0.006726 0.994765
105.000000 -0.313619 -0.175779 -4.102805 -0.075499 0.043177 0.007028 0.996186
106.000000 -0.273443 -0.059060 -4.148210 -0.061907 0.038281 0.007077 0.997322
107.000000 -0.229007 0.046028 -4.190221 -0.049495 0.032983 0.007095 0.998204
108.000000 -0.186901 0.140363 -4.229336 -0.037959 0.028031 0.007192 0.998860
109.000000 -0.146807 0.232162 -4.266028 -0.026660 0.023302 0.007360 0.999346
110.000000 -0.107052 0.330729 -4.299944 -0.014848 0.018536 0.007556 0.999689
111.000000 -0.065887 0.427514 -4.331572 -0.003549 0.013579 0.007714 0.999872
112.000000 -0.022795 0.482939 -4.365597 0.002789 0.008482 0.007778 0.999930
113.000000 0.019359 0.480824 -4.405273 0.002475 0.003617 0.007803 0.999960
114.000000 0.053693 0.453628 -4.447291 -0.000658 -0.000274 0.007866 0.999969
115.000000 0.074642 0.433514 -4.488411 -0.002943 -0.002621 0.007946 0.999961
116.000000 0.085623 0.424001 -4.528546 -0.004016 -0.003840 0.007997 0.999953
117.000000 0.093204 0.418505 -4.568338 -0.004633 -0.004674 0.008012 0.999946
118.000000 0.099973 0.414419 -4.608003 -0.005089 -0.005411 0.008008 0.999940
119.000000 0.105941 0.411731 -4.647553 -0.005391 -0.006056 0.008002 0.999935
120.000000 0.111092 0.410465 -4.686991 -0.005536 -0.006610 0.007998 0.999931
121.000000 0.115412 0.410644 -4.726323 -0.005526 -0.007072 0.007995 0.999928
122.000000 0.118887 0.412293 -4.765548 -0.005361 -0.007443 0.007991 0.999926
123.000000 0.121504 0.415436 -4.804666 -0.005040 -0.007722 0.007987 0.999926
124.000000 0.123248 0.420097 -4.843676 -0.004564 -0.007910 0.007983 0.999926
125.000000 0.124104 0.426299 -4.882572 -0.003932 -0.008006 0.007977 0.999928
126.000000 0.124058 0.434068 -4.921350 -0.003145 -0.008011 0.007972 0.999931
127.000000 0.123096 0.443426 -4.960001 -0.002203 -0.007924 0.007965 0.999934
128.000000 0.121204 0.454400 -4.998514 -0.001105 -0.007746 0.007958 0.999938
129.000000 0.118367 0.467011 -5.036878 0.000149 -0.007477 0.007950 0.999940
130.000000 0.114570 0.481285 -5.075079 0.001558 -0.007116 0.007941 0.999942
131.000000 0.109800 0.497245 -5.113101 0.003123 -0.006663 0.007931 0.999941
132.000000 0.104129 0.514756 -5.150940 0.004828 -0.006127 0.007920 0.999938
133.000000 0.097917 0.533144 -5.188641 0.006607 -0.005544 0.007907 0.999932
134.000000 0.091595 0.551611 -5.226272 0.008381 -0.004953 0.007894 0.999921
135.000000 0.085605 0.569330 -5.263914 0.010075 -0.004396 0.007882 0.999909
136.000000 0.080403 0.585453 -5.301661 0.011609 -0.003913 0.007869 0.999894
137.000000 0.076449 0.599127 -5.339615 0.012908 -0.003546 0.007859 0.999880
138.000000 0.074076 0.609733 -5.377866 0.013914 -0.003325 0.007852 0.999867
139.000000 0.073449 0.616985 -5.416463 0.014603 -0.003263 0.007848 0.999857
140.000000 0.074721 0.620616 -5.455448 0.014953 -0.003374 0.007848 0.999852
141.000000 0.078048 0.620355 -5.494853 0.014942 -0.003670 0.007853 0.999851
142.000000 0.083501 0.616089 -5.534683 0.014562 -0.004155 0.007863 0.999854
143.000000 0.090853 0.608260 -5.574873 0.013860 -0.004808 0.007877 0.999861
144.000000 0.099821 0.597413 -5.615338 0.012888 -0.005600 0.007895 0.999870
145.000000 0.110114 0.584111 -5.655996 0.011704 -0.006502 0.007917 0.999879
146.000000 0.121430 0.568932 -5.696764 0.010361 -0.007488 0.007940 0.999887
147.000000 0.133462 0.552470 -5.737571 0.008915 -0.008528 0.007965 0.999892
148.000000 0.146017 0.535097 -5.778368 0.007400 -0.009605 0.007991 0.999895
149.000000 0.159085 0.516832 -5.819142 0.005818 -0.010718 0.008017 0.999893
150.000000 0.172674 0.497663 -5.859882 0.004169 -0.011868 0.008045 0.999889
151.000000 0.186789 0.477578 -5.900576 0.002454 -0.013053 0.008073 0.999879
152.000000 0.201437 0.456566 -5.941213 0.000671 -0.014275 0.008103 0.999865
153.000000 0.216626 0.434615 -5.981778 -0.001178 -0.015533 0.008133 0.999846
154.000000 0.232361 0.411713 -6.022259 -0.003094 -0.016827 0.008165 0.999820
155.000000 0.248649 0.387850 -6.062643 -0.005078 -0.018158 0.008198 0.999789
156.000000 0.265496 0.363013 -6.102914 -0.007129 -0.019525 0.008232 0.999750
157.000000 0.282910 0.337190 -6.143059 -0.009247 -0.020928 0.008265 0.999704
158.000000 0.300897 0.310371 -6.183062 -0.011432 -0.022368 0.008297 0.999650
159.000000 0.319461 0.282546 -6.222907 -0.013685 -0.023844 0.008330 0.999587
160.000000 0.334981 0.258179 -6.262590 -0.015645 -0.025070 0.008360 0.999528
161.000000 0.340558 0.245637 -6.302231 -0.016651 -0.025510 0.008377 0.999501
162.000000 0.336369 0.244411 -6.341939 -0.016762 -0.025192 0.008387 0.999507
163.000000 0.322883 0.253624 -6.381708 -0.016063 -0.024166 0.008393 0.999544
164.000000 0.300584 0.272369 -6.421449 -0.014641 -0.022484 0.008399 0.999605
165.000000 0.270204 0.299429 -6.461009 -0.012581 -0.020196 0.008407 0.999682
166.000000 0.232689 0.333322 -6.500206 -0.009971 -0.017352 0.008415 0.999764
167.000000 0.188558 0.373098 -6.538860 -0.006897 -0.014003 0.008420 0.999843
168.000000 0.138334 0.417803 -6.576793 -0.003444 -0.010199 0.008417 0.999907
169.000000 0.082567 0.466448 -6.613845 0.000300 -0.005992 0.008407 0.999947
170.000000 0.025668 0.513270 -6.650241 0.003889 -0.001719 0.008392 0.999956
171.000000 -0.024486 0.548382 -6.686856 0.006577 0.002033 0.008372 0.999941
172.000000 -0.067528 0.571294 -6.724069 0.008335 0.005242 0.008344 0.999917
173.000000 -0.103385 0.581875 -6.762147 0.009165 0.007909 0.008311 0.999892
174.000000 -0.131993 0.579991 -6.801262 0.009066 0.010034 0.008276 0.999874
175.000000 -0.153284 0.565501 -6.841493 0.008040 0.011617 0.008240 0.999866
176.000000 -0.167183 0.538260 -6.882827 0.006086 0.012660 0.008204 0.999868
177.000000 -0.173608 0.498115 -6.925152 0.003205 0.013162 0.008164 0.999875
178.000000 -0.172681 0.445126 -6.968244 -0.000586 0.013139 0.008117 0.999881
179.000000 -0.170295 0.388816 -7.011137 -0.004595 0.013012 0.008070 0.999872
180.000000 -0.163304 0.335352 -7.053539 -0.008387 0.012554 0.008026 0.999854
181.000000 -0.151446 0.286286 -7.095455 -0.011862 0.011747 0.007983 0.999829
182.000000 -0.135527 0.243232 -7.136892 -0.014918 0.010651 0.007939 0.999800
183.000000 -0.116362 0.207818 -7.177880 -0.017452 0.009325 0.007895 0.999773
184.000000 -0.094461 0.181167 -7.218344 -0.019362 0.007826 0.007849 0.999751
185.000000 -0.070868 0.164640 -7.258410 -0.020546 0.006215 0.007804 0.999739
186.000000 -0.046479 0.159891 -7.298120 -0.020901 0.004548 0.007761 0.999741
187.000000 -0.022151 0.168604 -7.337452 -0.020326 0.002884 0.007721 0.999759
188.000000 0.001465 0.192267 -7.376327 -0.018734 0.001268 0.007684 0.999794
189.000000 0.029802 0.222367 -7.414856 -0.016716 -0.000663 0.007641 0.999831
190.000000 0.059154 0.253426 -7.453130 -0.014645 -0.002653 0.007599 0.999860
191.000000 0.090241 0.283012 -7.491215 -0.012682 -0.004749 0.007558 0.999880
192.000000 0.125208 0.308248 -7.529191 -0.011019 -0.007088 0.007521 0.999886
193.000000 0.166252 0.326194 -7.567128 -0.009845 -0.009811 0.007493 0.999875
194.000000 0.215624 0.333847 -7.605050 -0.009351 -0.013058 0.007475 0.999843
195.000000 0.275609 0.328166 -7.642873 -0.009728 -0.016971 0.007466 0.999781
196.000000 0.348460 0.306149 -7.680327 -0.011168 -0.021690 0.007465 0.999675
197.000000 0.436419 0.264765 -7.716877 -0.013861 -0.027353 0.007478 0.999502
198.000000 0.533159 0.208600 -7.752014 -0.017499 -0.033549 0.007515 0.999256
199.000000 0.610347 0.164966 -7.786838 -0.020314 -0.038474 0.007542 0.999025
200.000000 0.680395 0.130524 -7.821114 -0.022545 -0.042942 0.007543 0.998795
201.000000 0.753077 0.103545 -7.854240 -0.024323 -0.047588 0.007508 0.998543
202.000000 0.824381 0.086812 -7.886607 -0.025485 -0.052164 0.007433 0.998286
203.000000 0.890689 0.082771 -7.918625 -0.025870 -0.056424 0.007322 0.998045
204.000000 0.949423 0.092810 -7.951216 -0.025311 -0.060123 0.007178 0.997844
205.000000 0.995831 0.119967 -7.984506 -0.023644 -0.063013 0.006996 0.997708
206.000000 1.025161 0.167360 -8.019311 -0.020701 -0.064848 0.006765 0.997658
207.000000 1.033280 0.237944 -8.055884 -0.016316 -0.065380 0.006470 0.997706
208.000000 1.025000 0.326700 -8.093254 -0.010823 -0.064915 0.006123 0.997813
209.000000 1.028116 0.404915 -8.128776 -0.006009 -0.065157 0.005817 0.997840
210.000000 1.027182 0.476560 -8.164490 -0.001619 -0.065149 0.005549 0.997859
211.000000 1.008017 0.545965 -8.202031 0.002620 -0.064028 0.005306 0.997931
212.000000 0.970463 0.613161 -8.241320 0.006711 -0.061795 0.005076 0.998053
213.000000 0.914338 0.678169 -8.282149 0.010656 -0.058449 0.004847 0.998222
214.000000 0.839593 0.740935 -8.324181 0.014451 -0.053999 0.004609 0.998426
215.000000 0.749099 0.800012 -8.366827 0.018012 -0.048624 0.004362 0.998645
216.000000 0.648394 0.852693 -8.409496 0.021177 -0.042663 0.004111 0.998857
217.000000 0.543228 0.896166 -8.451870 0.023785 -0.036457 0.003867 0.999045
218.000000 0.439474 0.927560 -8.493938 0.025670 -0.030349 0.003642 0.999203
219.000000 0.343069 0.944008 -8.535969 0.026675 -0.024682 0.003448 0.999333
220.000000 0.257970 0.945077 -8.578233 0.026781 -0.019683 0.003290 0.999442
221.000000 0.185400 0.933697 -8.620735 0.026162 -0.015425 0.003167 0.999534
222.000000 0.126421 0.913084 -8.663397 0.025007 -0.011972 0.003078 0.999611
223.000000 0.082134 0.886509 -8.706098 0.023503 -0.009387 0.003021 0.999675
224.000000 0.053512 0.857380 -8.748679 0.021842 -0.007723 0.002994 0.999727
225.000000 0.038562 0.830521 -8.790824 0.020300 -0.006860 0.002988 0.999766
226.000000 0.032619 0.811998 -8.832077 0.019226 -0.006523 0.002992 0.999789
227.000000 0.030829 0.808023 -8.871959 0.018971 -0.006428 0.002998 0.999795
228.000000 0.028251 0.824907 -8.909927 0.019889 -0.006296 0.002997 0.999778
229.000000 0.020131 0.868060 -8.945360 0.022274 -0.005858 0.002982 0.999730
230.000000 0.004937 0.935301 -8.978106 0.025996 -0.005032 0.002952 0.999645
231.000000 -0.015659 1.019179 -9.008450 0.030633 -0.003910 0.002911 0.999519
232.000000 -0.039753 1.111873 -9.036873 0.035751 -0.002597 0.002862 0.999353
233.000000 -0.065407 1.205449 -9.064152 0.040917 -0.001199 0.002806 0.999158
234.000000 -0.090665 1.291911 -9.091405 0.045695 0.000180 0.002746 0.998952
235.000000 -0.113614 1.363390 -9.120058 0.049651 0.001435 0.002688 0.998762
236.000000 -0.132337 1.411992 -9.151743 0.052352 0.002460 0.002638 0.998622
237.000000 -0.144885 1.429756 -9.188117 0.053367 0.003151 0.002602 0.998567
238.000000 -0.148454 1.413276 -9.229922 0.052520 0.003357 0.002589 0.998611
239.000000 -0.139265 1.367933 -9.276204 0.050116 0.002877 0.002610 0.998736
240.000000 -0.118919 1.301194 -9.325403 0.046564 0.001805 0.002661 0.998910
241.000000 -0.092874 1.219226 -9.376119 0.042202 0.000437 0.002725 0.999105
242.000000 -0.066792 1.128232 -9.427127 0.037359 -0.000925 0.002784 0.999298
243.000000 -0.046493 1.034343 -9.477474 0.032368 -0.001980 0.002825 0.999470
244.000000 -0.037982 0.943482 -9.526482 0.027558 -0.002423 0.002837 0.999613
245.000000 -0.047208 0.861835 -9.573684 0.023263 -0.001953 0.002817 0.999724
246.000000 -0.080080 0.795845 -9.618692 0.019811 -0.000265 0.002765 0.999800
247.000000 -0.142599 0.752019 -9.661010 0.017532 0.002944 0.002682 0.999838
248.000000 -0.237416 0.731899 -9.700199 0.016493 0.007802 0.002579 0.999830
249.000000 -0.349213 0.726523 -9.736719 0.016220 0.013515 0.002482 0.999774
250.000000 -0.469572 0.728248 -9.771003 0.016313 0.019655 0.002394 0.999671
251.000000 -0.588448 0.732656 -9.803676 0.016545 0.025716 0.002314 0.999530
252.000000 -0.695563 0.735360 -9.835850 0.016694 0.031190 0.002238 0.999372
253.000000 -0.780719 0.731925 -9.869049 0.016537 0.035568 0.002169 0.999228
254.000000 -0.836546 0.719121 -9.904735 0.015912 0.038451 0.002108 0.999132
255.000000 -0.859329 0.696078 -9.943748 0.014776 0.039654 0.002062 0.999102
256.000000 -0.845649 0.662176 -9.986552 0.013098 0.039016 0.002031 0.999151
257.000000 -0.791954 0.616778 -10.033178 0.010846 0.036372 0.002013 0.999277
258.000000 -0.699056 0.559353 -10.082771 0.007997 0.031780 0.001999 0.999461
259.000000 -0.587742 0.491554 -10.132749 0.004639 0.026285 0.001976 0.999642
260.000000 -0.466964 0.417049 -10.181737 0.000959 0.020341 0.001942 0.999791
261.000000 -0.343652 0.339641 -10.228905 -0.002848 0.014296 0.001897 0.999892
262.000000 -0.224869 0.263201 -10.273866 -0.006593 0.008496 0.001842 0.999940
263.000000 -0.117786 0.191649 -10.316670 -0.010084 0.003288 0.001781 0.999942
264.000000 -0.027433 0.127732 -10.357758 -0.013189 -0.001090 0.001718 0.999911
265.000000 0.045533 0.071795 -10.397722 -0.015896 -0.004614 0.001660 0.999862
266.000000 0.100988 0.023893 -10.437064 -0.018206 -0.007285 0.001611 0.999806
267.000000 0.138818 -0.015923 -10.476177 -0.020118 -0.009104 0.001576 0.999755
268.000000 0.158913 -0.047608 -10.515341 -0.021635 -0.010072 0.001557 0.999714
269.000000 0.161156 -0.071112 -10.554728 -0.022757 -0.010190 0.001556 0.999688
270.000000 0.145420 -0.086383 -10.594398 -0.023484 -0.009458 0.001576 0.999678
271.000000 0.111562 -0.093367 -10.634300 -0.023816 -0.007877 0.001617 0.999684
272.000000 0.059432 -0.092001 -10.674271 -0.023754 -0.005445 0.001681 0.999702
273.000000 -0.011132 -0.082223 -10.714035 -0.023298 -0.002161 0.001770 0.999725
274.000000 -0.100289 -0.063968 -10.753203 -0.022446 0.001976 0.001883 0.999744
275.000000 -0.208190 -0.037174 -10.791268 -0.021199 0.006967 0.002018 0.999749
276.000000 -0.334962 -0.001781 -10.827608 -0.019556 0.012812 0.002174 0.999724
277.000000 -0.475235 0.040510 -10.861735 -0.017598 0.019260 0.002343 0.999657
278.000000 -0.613072 0.084111 -10.894013 -0.015584 0.025578 0.002507 0.999548
279.000000 -0.742893 0.126248 -10.924944 -0.013641 0.031516 0.002656 0.999407
280.000000 -0.859644 0.164287 -10.955273 -0.011887 0.036852 0.002783 0.999246
281.000000 -0.958225 0.195566 -10.985953 -0.010442 0.041362 0.002884 0.999085
282.000000 -1.033885 0.217545 -11.018032 -0.009420 0.044835 0.002953 0.998946
283.000000 -1.084541 0.228948 -11.052290 -0.008883 0.047161 0.002990 0.998843
284.000000 -1.109266 0.229151 -11.089201 -0.008857 0.048304 0.002997 0.998789
285.000000 -1.107109 0.217523 -11.129029 -0.009369 0.048230 0.002972 0.998788
286.000000 -1.077088 0.193425 -11.171808 -0.010444 0.046902 0.002913 0.998841
287.000000 -1.023852 0.158013 -11.216770 -0.012026 0.044536 0.002823 0.998931
288.000000 -0.962879 0.116420 -11.262090 -0.013880 0.041831 0.002718 0.999025
289.000000 -0.898870 0.070841 -11.307180 -0.015906 0.038998 0.002604 0.999109
290.000000 -0.835997 0.023321 -11.351630 -0.018010 0.036224 0.002484 0.999178
291.000000 -0.778498 -0.024065 -11.395154 -0.020099 0.033696 0.002366 0.999227
292.000000 -0.730480 -0.069308 -11.437592 -0.022086 0.031592 0.002255 0.999254
293.000000 -0.693675 -0.111572 -11.479000 -0.023935 0.029984 0.002158 0.999261
294.000000 -0.668196 -0.150819 -11.519520 -0.025644 0.028873 0.002075 0.999252
295.000000 -0.653774 -0.187036 -11.559278 -0.027216 0.028245 0.002008 0.999228
296.000000 -0.649488 -0.220228 -11.598399 -0.028651 0.028056 0.001957 0.999194
297.000000 -0.654330 -0.250401 -11.636981 -0.029950 0.028260 0.001922 0.999150
298.000000 -0.667278 -0.277561 -11.675094 -0.031115 0.028812 0.001902 0.999099
299.000000 -0.687293 -0.301717 -11.712794 -0.032147 0.029664 0.001896 0.999041
300.000000 -0.713337 -0.322874 -11.750128 -0.033048 0.030772 0.001903 0.998978
301.000000 -0.744379 -0.341041 -11.787141 -0.033818 0.032090 0.001921 0.998911
302.000000 -0.779376 -0.356223 -11.823878 -0.034459 0.033571 0.001950 0.998840
303.000000 -0.817270 -0.368429 -11.860391 -0.034973 0.035169 0.001988 0.998767
304.000000 -0.856995 -0.377666 -11.896740 -0.035359 0.036839 0.002033 0.998693
305.000000 -0.897824 -0.383933 -11.932971 -0.035620 0.038551 0.002085 0.998619
306.000000 -0.939691 -0.387212 -11.969083 -0.035755 0.040299 0.002144 0.998545
307.000000 -0.982599 -0.387486 -12.005069 -0.035764 0.042086 0.002209 0.998471
308.000000 -1.026551 -0.384736 -12.040920 -0.035648 0.043910 0.002281 0.998397
309.000000 -1.071553 -0.378944 -12.076624 -0.035405 0.045772 0.002360 0.998321
310.000000 -1.117608 -0.370093 -12.112166 -0.035037 0.047671 0.002447 0.998245
311.000000 -1.164719 -0.358164 -12.147529 -0.034543 0.049608 0.002541 0.998168
312.000000 -1.212328 -0.343113 -12.182750 -0.033922 0.051559 0.002640 0.998090
313.000000 -1.254237 -0.324632 -12.218460 -0.033164 0.053271 0.002736 0.998025
314.000000 -1.280913 -0.302256 -12.255708 -0.032250 0.054358 0.002816 0.997997
315.000000 -1.282650 -0.275518 -12.295586 -0.031165 0.054433 0.002874 0.998027
316.000000 -1.249737 -0.244013 -12.339045 -0.029895 0.053111 0.002902 0.998137
317.000000 -1.181226 -0.211791 -12.385759 -0.028605 0.050370 0.002892 0.998317
318.000000 -1.090701 -0.190211 -12.433758 -0.027749 0.046762 0.002833 0.998517
319.000000 -0.993351 -0.191500 -12.481245 -0.027808 0.042894 0.002722 0.998689
320.000000 -0.904148 -0.226484 -12.526817 -0.029204 0.039355 0.002566 0.998795
321.000000 -0.830590 -0.281546 -12.570229 -0.031378 0.036424 0.002403 0.998841
322.000000 -0.774152 -0.328162 -12.612195 -0.033199 0.034152 0.002274 0.998863
323.000000 -0.739483 -0.361086 -12.652892 -0.034478 0.032730 0.002186 0.998867
324.000000 -0.733903 -0.383100 -12.692070 -0.035343 0.032460 0.002145 0.998846
325.000000 -0.764889 -0.397112 -12.729259 -0.035924 0.033642 0.002165 0.998786
326.000000 -0.840138 -0.406767 -12.763615 -0.036348 0.036573 0.002264 0.998667
327.000000 -0.958414 -0.411544 -12.794524 -0.036559 0.041191 0.002441 0.998479
328.000000 -1.103606 -0.402668 -12.822509 -0.036214 0.046854 0.002677 0.998242
329.000000 -1.258120 -0.370361 -12.848668 -0.034940 0.052867 0.002963 0.997986
330.000000 -1.404700 -0.306414 -12.874596 -0.032433 0.058556 0.003301 0.997752
331.000000 -1.533843 -0.227779 -12.900940 -0.029359 0.063554 0.003654 0.997540
332.000000 -1.642603 -0.166458 -12.927956 -0.026961 0.067755 0.003940 0.997330
333.000000 -1.730231 -0.130541 -12.956420 -0.025551 0.071136 0.004128 0.997131
334.000000 -1.796656 -0.120133 -12.986973 -0.025128 0.073698 0.004217 0.996955
335.000000 -1.841808 -0.135373 -13.019995 -0.025692 0.075442 0.004211 0.996810
336.000000 -1.865598 -0.176435 -13.055609 -0.027246 0.076369 0.004116 0.996699
337.000000 -1.867916 -0.243508 -13.093682 -0.029788 0.076478 0.003936 0.996618
338.000000 -1.848630 -0.336775 -13.133819 -0.033321 0.075768 0.003668 0.996562
339.000000 -1.807593 -0.456416 -13.175365 -0.037843 0.074240 0.003310 0.996517
340.000000 -1.744102 -0.601769 -13.217513 -0.043323 0.071870 0.002858 0.996469
341.000000 -1.648336 -0.757597 -13.261192 -0.049182 0.068293 0.002330 0.996450
342.000000 -1.521894 -0.908610 -13.306193 -0.054845 0.063575 0.001755 0.996467
343.000000 -1.382212 -1.049618 -13.350412 -0.060122 0.058376 0.001162 0.996482
344.000000 -1.247389 -1.175638 -13.392523 -0.064834 0.053371 0.000590 0.996468
345.000000 -1.135802 -1.281647 -13.432057 -0.068800 0.049235 0.000092 0.996415
346.000000 -1.061494 -1.363927 -13.469412 -0.071879 0.046470 -0.000280 0.996330
347.000000 -1.025556 -1.421166 -13.505730 -0.074017 0.045102 -0.000506 0.996236
348.000000 -1.026529 -1.452135 -13.541852 -0.075174 0.045086 -0.000579 0.996150
349.000000 -1.062947 -1.455575 -13.578164 -0.075311 0.046373 -0.000497 0.996081
350.000000 -1.133924 -1.431057 -13.614485 -0.074417 0.048938 -0.000261 0.996026
351.000000 -1.248075 -1.393138 -13.647836 -0.073031 0.053094 0.000125 0.995915
352.000000 -1.402530 -1.356319 -13.675915 -0.071682 0.058725 0.000622 0.995697
353.000000 -1.578171 -1.324631 -13.699234 -0.070517 0.065122 0.001161 0.995382
354.000000 -1.755321 -1.301830 -13.719223 -0.069673 0.071565 0.001676 0.994998
355.000000 -1.914202 -1.291691 -13.738308 -0.069288 0.077336 0.002102 0.994592
356.000000 -2.039811 -1.297105 -13.759122 -0.069467 0.081895 0.002396 0.994214
357.000000 -2.129955 -1.318536 -13.782850 -0.070226 0.085166 0.002554 0.993886
358.000000 -2.184568 -1.356016 -13.810115 -0.071564 0.087152 0.002574 0.993618
359.000000 -2.205983 -1.406227 -13.841158 -0.073359 0.087941 0.002470 0.993418
360.000000 -2.201621 -1.458723 -13.875906 -0.075236 0.087804 0.002293 0.993290
361.000000 -2.179593 -1.502036 -13.914264 -0.076783 0.087032 0.002097 0.993240
362.000000 -2.148085 -1.524527 -13.956229 -0.077590 0.085919 0.001941 0.993274
363.000000 -2.115385 -1.514359 -14.001849 -0.077245 0.084757 0.001884 0.993401
364.000000 -2.089819 -1.459595 -14.051022 -0.075333 0.083840 0.001989 0.993626
365.000000 -2.079687 -1.348337 -14.103140 -0.071439 0.083460 0.002315 0.993944
366.000000 -2.092569 -1.171853 -14.156469 -0.065267 0.083880 0.002905 0.994332
367.000000 -2.131452 -0.940331 -14.207372 -0.057181 0.085198 0.003729 0.994715
368.000000 -2.197688 -0.670969 -14.251961 -0.047785 0.087456 0.004726 0.995010
369.000000 -2.290015 -0.384595 -14.287420 -0.037802 0.090607 0.005817 0.995152
370.000000 -2.397146 -0.104495 -14.314023 -0.028030 0.094263 0.006892 0.995129
371.000000 -2.501315 0.151497 -14.335155 -0.019083 0.097814 0.007857 0.994991
372.000000 -2.587892 0.370466 -14.355161 -0.011417 0.100762 0.008654 0.994807
373.000000 -2.649131 0.547591 -14.377651 -0.005213 0.102845 0.009272 0.994641
374.000000 -2.678074 0.678926 -14.405946 -0.000622 0.103829 0.009713 0.994548
375.000000 -2.667767 0.760266 -14.443001 0.002206 0.103479 0.009975 0.994579
376.000000 -2.612485 0.790155 -14.490731 0.003225 0.101598 0.010064 0.994769
377.000000 -2.522609 0.778946 -14.546561 0.002804 0.098542 0.010029 0.995078
378.000000 -2.422581 0.735874 -14.605172 0.001286 0.095153 0.009899 0.995413
379.000000 -2.337944 0.669662 -14.661586 -0.001009 0.092296 0.009686 0.995684
380.000000 -2.298316 0.582651 -14.711083 -0.003979 0.090966 0.009386 0.995802
381.000000 -2.301462 0.432862 -14.755357 -0.009035 0.091084 0.008871 0.995763
382.000000 -2.332363 0.194245 -14.795218 -0.017040 0.092143 0.008058 0.995567
383.000000 -2.393353 -0.121222 -14.825891 -0.027583 0.094225 0.006987 0.995144
384.000000 -2.486496 -0.501347 -14.842152 -0.040253 0.097401 0.005706 0.994414
385.000000 -2.613899 -0.933690 -14.838813 -0.054642 0.101745 0.004281 0.993299
386.000000 -2.777944 -1.404125 -14.811160 -0.070333 0.107315 0.002795 0.991730
387.000000 -2.968881 -1.890979 -14.758894 -0.086642 0.113761 0.001351 0.989722
388.000000 -3.163391 -2.365689 -14.688794 -0.102614 0.120311 0.000028 0.987419
389.000000 -3.337985 -2.799876 -14.612556 -0.117288 0.126185 -0.001136 0.985048
390.000000 -3.471066 -3.164945 -14.545917 -0.129676 0.130661 -0.002123 0.982908
391.000000 -3.570111 -3.390814 -14.510150 -0.137381 0.133997 -0.002627 0.981409
392.000000 -3.625294 -3.428526 -14.526839 -0.138721 0.135869 -0.002458 0.980964
393.000000 -3.643373 -3.322283 -14.586132 -0.135204 0.136503 -0.001804 0.981368
394.000000 -3.636174 -3.121728 -14.671183 -0.128533 0.136293 -0.000860 0.982295
395.000000 -3.615332 -2.877178 -14.765166 -0.120415 0.135631 0.000195 0.983415
396.000000 -3.592982 -2.640841 -14.853724 -0.112578 0.134917 0.001186 0.984440
397.000000 -3.580767 -2.461945 -14.926889 -0.106619 0.134509 0.001955 0.985158
398.000000 -3.577848 -2.355703 -14.984627 -0.103035 0.134388 0.002437 0.985555
399.000000 -3.577995 -2.322182 -15.029907 -0.101834 0.134359 0.002599 0.985683
400.000000 -3.574851 -2.361653 -15.064570 -0.103036 0.134227 0.002411 0.985576
401.000000 -3.571838 -2.480879 -15.085964 -0.106873 0.134112 0.001855 0.985185
402.000000 -3.599407 -2.686068 -15.083721 -0.113555 0.135014 0.001027 0.984315
403.000000 -3.645556 -2.931337 -15.066080 -0.121583 0.136531 0.000085 0.983146
404.000000 -3.695925 -3.175389 -15.043286 -0.129597 0.138185 -0.000838 0.981890
405.000000 -3.740221 -3.388216 -15.024818 -0.136602 0.139640 -0.001640 0.980733
406.000000 -3.768448 -3.540757 -15.021585 -0.141634 0.140568 -0.002224 0.979885
407.000000 -3.772079 -3.607967 -15.043811 -0.143867 0.140696 -0.002514 0.979541
408.000000 -3.754052 -3.596750 -15.090282 -0.143524 0.140118 -0.002537 0.979674
409.000000 -3.722314 -3.528171 -15.153726 -0.141306 0.139096 -0.002365 0.980143
410.000000 -3.684755 -3.423312 -15.226411 -0.137914 0.137886 -0.002063 0.980797
411.000000 -3.649314 -3.303486 -15.300904 -0.134050 0.136747 -0.001687 0.981493
412.000000 -3.624046 -3.190286 -15.370448 -0.130412 0.135936 -0.001296 0.982096
413.000000 -3.617001 -3.105209 -15.429076 -0.127685 0.135706 -0.000951 0.982486
414.000000 -3.632507 -3.059701 -15.474094 -0.126224 0.136193 -0.000687 0.982608
415.000000 -3.670869 -3.054522 -15.505646 -0.126048 0.137401 -0.000514 0.982463
416.000000 -3.729776 -3.089377 -15.524263 -0.127139 0.139257 -0.000443 0.982061
417.000000 -3.803331 -3.163238 -15.531113 -0.129464 0.141572 -0.000497 0.981426
418.000000 -3.885266 -3.274983 -15.527216 -0.132984 0.144150 -0.000694 0.980579
419.000000 -3.969257 -3.423463 -15.513455 -0.137664 0.146793 -0.001047 0.979540
420.000000 -4.048980 -3.607460 -15.490617 -0.143467 0.149303 -0.001577 0.978327
421.000000 -4.118219 -3.825658 -15.459418 -0.150353 0.151483 -0.002311 0.976955
422.000000 -4.171980 -4.063120 -15.423780 -0.157854 0.153172 -0.003210 0.975505
423.000000 -4.208382 -4.265566 -15.398587 -0.164255 0.154312 -0.004022 0.974265
424.000000 -4.225572 -4.391424 -15.397811 -0.168242 0.154850 -0.004553 0.973496
425.000000 -4.220640 -4.441982 -15.423811 -0.169862 0.154698 -0.004832 0.973238
426.000000 -4.192793 -4.424350 -15.475341 -0.169354 0.153830 -0.004908 0.973464
427.000000 -4.144563 -4.346307 -15.549035 -0.166975 0.152330 -0.004817 0.974111
428.000000 -4.078537 -4.216461 -15.640862 -0.162974 0.150284 -0.004584 0.975107
429.000000 -3.997217 -4.043051 -15.746527 -0.157601 0.147779 -0.004222 0.976374
430.000000 -3.903195 -3.833339 -15.861666 -0.151104 0.144898 -0.003745 0.977833
431.000000 -3.799263 -3.594729 -15.982027 -0.143737 0.141731 -0.003174 0.979409
432.000000 -3.687288 -3.349146 -16.100974 -0.136192 0.138335 -0.002601 0.980973
433.000000 -3.565881 -3.160217 -16.206014 -0.130407 0.134663 -0.002306 0.982270
434.000000 -3.432844 -3.071009 -16.291512 -0.127664 0.130650 -0.002462 0.983172
435.000000 -3.285816 -3.063671 -16.362880 -0.127396 0.126227 -0.002983 0.983783
436.000000 -3.122386 -3.111963 -16.425420 -0.128798 0.121323 -0.003764 0.984214
437.000000 -2.946641 -3.190015 -16.482485 -0.131089 0.116064 -0.004689 0.984542
438.000000 -2.788259 -3.275261 -16.532756 -0.133605 0.111334 -0.005572 0.984745
439.000000 -2.669489 -3.349616 -16.576764 -0.135813 0.107790 -0.006282 0.984833
440.000000 -2.534667 -3.415335 -16.623754 -0.137766 0.103771 -0.007047 0.984989
441.000000 -2.338052 -3.473698 -16.679715 -0.139478 0.097929 -0.008043 0.985338
442.000000 -2.132828 -3.504488 -16.740077 -0.140355 0.091855 -0.008989 0.985790
443.000000 -1.983051 -3.486525 -16.801568 -0.139794 0.087459 -0.009575 0.986264
444.000000 -1.876584 -3.445206 -16.861645 -0.138546 0.084380 -0.009919 0.986705
445.000000 -1.801071 -3.407599 -16.916936 -0.137414 0.082199 -0.010146 0.987045
446.000000 -1.761591 -3.389157 -16.964375 -0.136857 0.081020 -0.010274 0.987219
447.000000 -1.754184 -3.404997 -17.001647 -0.137302 0.080751 -0.010351 0.987178
448.000000 -1.748435 -3.466472 -17.029502 -0.139057 0.080543 -0.010530 0.986947
449.000000 -1.723678 -3.579420 -17.048283 -0.142296 0.079786 -0.010928 0.986543
450.000000 -1.739103 -3.729611 -17.054074 -0.146631 0.080183 -0.011260 0.985872
451.000000 -1.842767 -3.904160 -17.043612 -0.151703 0.083122 -0.011273 0.984860
452.000000 -1.980944 -4.111828 -17.018719 -0.157747 0.087045 -0.011206 0.983572
453.000000 -2.089160 -4.361915 -16.982933 -0.165012 0.090087 -0.011378 0.982103
454.000000 -2.181921 -4.625286 -16.940988 -0.172663 0.092678 -0.011658 0.980542
455.000000 -2.277018 -4.888019 -16.894106 -0.180304 0.095336 -0.011924 0.978907
456.000000 -2.374428 -5.150075 -16.842241 -0.187937 0.098062 -0.012177 0.977198
457.000000 -2.474100 -5.411426 -16.785345 -0.195563 0.100856 -0.012415 0.975412
458.000000 -2.575983 -5.672037 -16.723367 -0.203181 0.103717 -0.012635 0.973551
459.000000 -2.680052 -5.931857 -16.656259 -0.210792 0.106645 -0.012839 0.971611
460.000000 -2.786263 -6.190836 -16.583967 -0.218396 0.109641 -0.013027 0.969594
461.000000 -2.894552 -6.448930 -16.506441 -0.225995 0.112703 -0.013196 0.967497
462.000000 -3.004825 -6.706067 -16.423643 -0.233586 0.115831 -0.013345 0.965320
463.000000 -3.115710 -6.960347 -16.336558 -0.241116 0.118987 -0.013473 0.963080
464.000000 -3.223766 -7.206903 -16.248071 -0.248441 0.122072 -0.013585 0.960828
465.000000 -3.325443 -7.440720 -16.161599 -0.255409 0.124984 -0.013689 0.958623
466.000000 -3.417280 -7.656906 -16.080907 -0.261872 0.127623 -0.013792 0.956528
467.000000 -3.495899 -7.850670 -16.010045 -0.267681 0.129887 -0.013905 0.954611
468.000000 -3.558012 -8.017318 -15.953263 -0.272691 0.131678 -0.014040 0.952945
469.000000 -3.600406 -8.152223 -15.914915 -0.276753 0.132898 -0.014212 0.951601
470.000000 -3.619835 -8.250687 -15.899341 -0.279720 0.133447 -0.014437 0.950653
471.000000 -3.612949 -8.307840 -15.910734 -0.281440 0.133226 -0.014732 0.950171
472.000000 -3.576230 -8.318579 -15.952961 -0.281759 0.132133 -0.015115 0.950223
473.000000 -3.507149 -8.279233 -16.028176 -0.280575 0.130101 -0.015601 0.950846
474.000000 -3.404958 -8.188724 -16.135903 -0.277868 0.127119 -0.016200 0.952033
475.000000 -3.268823 -8.045912 -16.274809 -0.273622 0.123179 -0.016920 0.953767
476.000000 -3.097610 -7.849407 -16.442833 -0.267820 0.118269 -0.017762 0.956018
477.000000 -2.889907 -7.597686 -16.637108 -0.260444 0.112377 -0.018720 0.958744
478.000000 -2.644186 -7.289195 -16.853871 -0.251480 0.105489 -0.019778 0.961893
479.000000 -2.359533 -6.924121 -17.087661 -0.240966 0.097611 -0.020920 0.965386
480.000000 -2.041788 -6.524068 -17.323543 -0.229541 0.088922 -0.022143 0.968976
481.000000 -1.701973 -6.126595 -17.543164 -0.218265 0.079719 -0.023453 0.972345
482.000000 -1.352149 -5.771501 -17.732270 -0.208225 0.070307 -0.024845 0.975234
483.000000 -1.005239 -5.500313 -17.880375 -0.200527 0.060996 -0.026303 0.977434
484.000000 -0.673010 -5.344295 -17.982798 -0.195983 0.052056 -0.027794 0.978830
485.000000 -0.362698 -5.305467 -18.043228 -0.194626 0.043654 -0.029274 0.979468
486.000000 -0.080453 -5.380189 -18.064751 -0.196357 0.035937 -0.030716 0.979392
487.000000 0.167808 -5.564309 -18.048466 -0.201077 0.029046 -0.032096 0.978618
488.000000 0.376385 -5.853170 -17.993670 -0.208690 0.023124 -0.033377 0.977139
489.000000 0.540388 -6.239691 -17.898746 -0.219036 0.018298 -0.034509 0.974935
490.000000 0.662130 -6.694222 -17.769055 -0.231331 0.014526 -0.035455 0.972120
491.000000 0.748887 -7.172530 -17.617272 -0.244379 0.011658 -0.036213 0.968933
492.000000 0.808003 -7.631816 -17.459889 -0.257004 0.009543 -0.036791 0.965663
493.000000 0.846697 -8.031070 -17.317348 -0.268054 0.008036 -0.037211 0.962651
494.000000 0.871261 -8.344840 -17.206460 -0.276787 0.007003 -0.037503 0.960174
495.000000 0.885479 -8.582371 -17.127844 -0.283430 0.006337 -0.037691 0.958231
496.000000 0.892594 -8.757639 -17.077896 -0.288348 0.005937 -0.037801 0.956761
497.000000 0.895747 -8.884223 -17.051633 -0.291907 0.005704 -0.037861 0.955680
498.000000 0.897998 -8.975374 -17.043190 -0.294468 0.005538 -0.037901 0.954894
499.000000 0.902375 -9.044002 -17.046198 -0.296385 0.005341 -0.037950 0.954299
500.000000 0.911900 -9.102660 -17.054043 -0.298011 0.005014 -0.038036 0.953791
501.000000 0.923223 -9.124924 -17.081108 -0.298615 0.004679 -0.038122 0.953601
502.000000 0.915217 -8.986809 -17.193926 -0.294779 0.005061 -0.038020 0.954795
503.000000 0.890976 -8.729351 -17.366228 -0.287703 0.006014 -0.037763 0.956956
504.000000 0.856794 -8.416569 -17.560084 -0.279202 0.007284 -0.037412 0.959476
505.000000 0.817015 -8.105569 -17.745611 -0.270854 0.008683 -0.037016 0.961869
506.000000 0.774556 -7.834003 -17.906939 -0.263640 0.010094 -0.036613 0.963873
507.000000 0.730388 -7.605998 -18.046035 -0.257564 0.011507 -0.036217 0.965514
508.000000 0.684746 -7.417928 -18.166203 -0.252527 0.012917 -0.035834 0.966840
509.000000 0.637899 -7.265207 -18.270287 -0.248430 0.014320 -0.035462 0.967895
510.000000 0.590222 -7.143039 -18.360731 -0.245170 0.015710 -0.035088 0.968718
511.000000 0.548907 -7.088618 -18.423481 -0.243731 0.016862 -0.034768 0.969073
512.000000 0.539842 -7.244882 -18.403026 -0.247830 0.016963 -0.034750 0.968032
513.000000 0.563208 -7.574990 -18.308978 -0.256497 0.016045 -0.035019 0.965777
514.000000 0.614403 -8.011089 -18.160777 -0.267979 0.014284 -0.035503 0.962664
515.000000 0.688734 -8.487346 -17.980484 -0.280572 0.011855 -0.036144 0.959079
516.000000 0.782973 -8.962559 -17.784531 -0.293201 0.008872 -0.036917 0.955297
517.000000 0.896218 -9.433367 -17.573970 -0.305782 0.005348 -0.037846 0.951334
518.000000 1.027757 -9.899917 -17.348172 -0.318326 0.001286 -0.038952 0.947180
519.000000 1.176886 -10.362288 -17.106422 -0.330842 -0.003313 -0.040254 0.942822
520.000000 1.336926 -10.816330 -16.851064 -0.343228 -0.008277 -0.041709 0.938289
521.000000 1.483618 -11.245620 -16.595125 -0.355057 -0.012920 -0.043092 0.933762
522.000000 1.597968 -11.636515 -16.352430 -0.365958 -0.016678 -0.044199 0.929432
523.000000 1.680949 -11.987115 -16.128324 -0.375857 -0.019551 -0.045012 0.925378
524.000000 1.736505 -12.297425 -15.926267 -0.384728 -0.021626 -0.045545 0.921652
525.000000 1.768447 -12.567534 -15.749343 -0.392544 -0.022989 -0.045820 0.918303
526.000000 1.780675 -12.797742 -15.600333 -0.399277 -0.023723 -0.045863 0.915375
527.000000 1.776672 -12.988151 -15.481722 -0.404896 -0.023908 -0.045707 0.912907
528.000000 1.759228 -13.138378 -15.395738 -0.409367 -0.023620 -0.045385 0.910934
529.000000 1.730873 -13.247749 -15.344371 -0.412652 -0.022936 -0.044933 0.909490
530.000000 1.699313 -13.319140 -15.325435 -0.414818 -0.022095 -0.044460 0.908549
531.000000 1.688703 -13.366772 -15.324539 -0.416248 -0.021838 -0.044281 0.907910
532.000000 1.719686 -13.402868 -15.328977 -0.417277 -0.022790 -0.044660 0.907395
533.000000 1.770722 -13.309830 -15.443221 -0.414466 -0.024143 -0.045400 0.908611
534.000000 1.825265 -13.122096 -15.635479 -0.408911 -0.025453 -0.046264 0.911045
535.000000 1.896392 -13.023075 -15.748093 -0.405958 -0.027372 -0.047278 0.912257
536.000000 1.977455 -13.007322 -15.789541 -0.405413 -0.029703 -0.048348 0.912371
537.000000 2.060373 -13.053145 -15.779516 -0.406641 -0.032187 -0.049378 0.911685
538.000000 2.137771 -13.141438 -15.736847 -0.409010 -0.034568 -0.050278 0.910488
539.000000 2.201849 -13.249496 -15.680294 -0.411907 -0.036585 -0.050976 0.909063
540.000000 2.243941 -13.351315 -15.629208 -0.414724 -0.037969 -0.051406 0.907700
541.000000 2.256523 -13.425745 -15.603421 -0.416855 -0.038460 -0.051484 0.906698
542.000000 2.232278 -13.451549 -15.623333 -0.417680 -0.037802 -0.051110 0.906368
543.000000 2.188336 -13.528112 -15.601279 -0.420039 -0.036650 -0.050379 0.905365
544.000000 2.133186 -13.596093 -15.587414 -0.422176 -0.035156 -0.049496 0.904479
545.000000 2.044815 -13.450179 -15.762637 -0.418172 -0.032382 -0.048444 0.906497
546.000000 1.927779 -13.100858 -16.105791 -0.408456 -0.028532 -0.047254 0.911107
547.000000 1.811586 -12.665195 -16.501053 -0.396476 -0.024655 -0.046145 0.916553
548.000000 1.731455 -12.287319 -16.830698 -0.386211 -0.021920 -0.045422 0.921031
549.000000 1.701357 -12.040680 -17.050254 -0.379529 -0.020758 -0.045216 0.923841
550.000000 1.717058 -11.931217 -17.166569 -0.376475 -0.021010 -0.045450 0.925073
551.000000 1.773348 -11.957887 -17.185367 -0.376974 -0.022507 -0.046007 0.924807
552.000000 1.863996 -12.116720 -17.107573 -0.380981 -0.025095 -0.046790 0.923057
553.000000 1.981869 -12.404317 -16.928797 -0.388515 -0.028626 -0.047750 0.919759
554.000000 2.119720 -12.818728 -16.640285 -0.399627 -0.032955 -0.048853 0.914782
555.000000 2.270069 -13.354951 -16.231554 -0.414303 -0.037919 -0.050035 0.907971
556.000000 2.417305 -13.969144 -15.722303 -0.431505 -0.043060 -0.051133 0.899630
557.000000 2.526934 -14.530652 -15.225012 -0.447642 -0.047185 -0.051841 0.891461
558.000000 2.603656 -14.945957 -14.842183 -0.459846 -0.050207 -0.052352 0.885031
559.000000 2.660942 -15.208220 -14.601012 -0.467666 -0.052436 -0.052862 0.880764
560.000000 2.703868 -15.351259 -14.480878 -0.471958 -0.054032 -0.053372 0.878344
561.000000 2.737767 -15.406889 -14.454104 -0.473609 -0.055181 -0.053884 0.877352
562.000000 2.767295 -15.404579 -14.490594 -0.473482 -0.056057 -0.054402 0.877333
563.000000 2.795461 -15.371699 -14.560259 -0.472416 -0.056824 -0.054933 0.877825
564.000000 2.825164 -15.334880 -14.633617 -0.471229 -0.057636 -0.055482 0.878375
565.000000 2.859811 -15.321063 -14.681676 -0.470725 -0.058644 -0.056054 0.878542
566.000000 2.902916 -15.357461 -14.675426 -0.471710 -0.060004 -0.056654 0.877884
567.000000 2.957742 -15.470310 -14.585736 -0.474966 -0.061869 -0.057281 0.875956
568.000000 3.011046 -15.656621 -14.414963 -0.480460 -0.063842 -0.057712 0.872784
569.000000 3.067136 -15.898575 -14.176191 -0.487701 -0.066026 -0.058049 0.868573
570.000000 3.131270 -16.176248 -13.884838 -0.496128 -0.068554 -0.058424 0.863565
571.000000 3.205696 -16.469013 -13.559569 -0.505147 -0.071470 -0.058934 0.858047
572.000000 3.292516 -16.757588 -13.220451 -0.514177 -0.074816 -0.059679 0.852328
573.000000 3.393204 -17.024330 -12.888989 -0.522647 -0.078635 -0.060766 0.846737
574.000000 3.508869 -17.253443 -12.587967 -0.530000 -0.082964 -0.062312 0.841626
575.000000 3.639671 -17.433980 -12.337135 -0.535798 -0.087794 -0.064408 0.837296
576.000000 3.770645 -17.591180 -12.109847 -0.540864 -0.092687 -0.066686 0.833324
577.000000 3.899328 -17.732355 -11.898790 -0.545424 -0.097562 -0.069057 0.829594
578.000000 4.015490 -17.850856 -11.719655 -0.549248 -0.102021 -0.071298 0.826338
579.000000 4.103746 -17.944836 -11.583842 -0.552288 -0.105486 -0.073042 0.823721
580.000000 4.166107 -18.021873 -11.481904 -0.554789 -0.108010 -0.074268 0.821600
581.000000 4.206736 -18.089293 -11.401202 -0.557031 -0.109731 -0.075011 0.819786
582.000000 4.229206 -18.154621 -11.328706 -0.559286 -0.110784 -0.075301 0.818081
583.000000 4.236676 -18.225593 -11.251106 -0.561822 -0.111304 -0.075169 0.816283
584.000000 4.232109 -18.309743 -11.154835 -0.564903 -0.111420 -0.074647 0.814185
585.000000 4.219639 -18.411559 -11.030115 -0.568687 -0.111298 -0.073814 0.811640
586.000000 4.217115 -18.503511 -10.915438 -0.572105 -0.111502 -0.073267 0.809256
587.000000 4.230408 -18.574219 -10.828728 -0.574704 -0.112219 -0.073229 0.807316
588.000000 4.256918 -18.626276 -10.767663 -0.576574 -0.113371 -0.073638 0.805783
589.000000 4.293979 -18.662266 -10.729527 -0.577808 -0.114871 -0.074423 0.804614
590.000000 4.339084 -18.684616 -10.711498 -0.578499 -0.116634 -0.075512 0.803762
591.000000 4.389904 -18.695626 -10.710702 -0.578737 -0.118580 -0.076828 0.803181
592.000000 4.444184 -18.697500 -10.724263 -0.578612 -0.120625 -0.078293 0.802825
593.000000 4.499683 -18.692365 -10.749340 -0.578214 -0.122688 -0.079830 0.802647
594.000000 4.554109 -18.682345 -10.783132 -0.577635 -0.124687 -0.081361 0.802603
595.000000 4.605116 -18.669578 -10.822885 -0.576965 -0.126541 -0.082808 0.802647
596.000000 4.650294 -18.656233 -10.865900 -0.576295 -0.128168 -0.084095 0.802736
597.000000 4.687893 -18.643847 -10.910346 -0.575691 -0.129510 -0.085166 0.802841
598.000000 4.717727 -18.633390 -10.954741 -0.575190 -0.130568 -0.086014 0.802939
599.000000 4.740245 -18.629225 -10.991581 -0.574948 -0.131379 -0.086630 0.802914
600.000000 4.756040 -18.636788 -11.011563 -0.575158 -0.131989 -0.087000 0.802623
601.000000 4.765729 -18.661563 -11.005240 -0.576016 -0.132443 -0.087109 0.801920
602.000000 4.769966 -18.709007 -10.962891 -0.577717 -0.132790 -0.086944 0.800656
603.000000 4.769442 -18.784385 -10.874367 -0.580458 -0.133074 -0.086487 0.798674
604.000000 4.764888 -18.892460 -10.728913 -0.584435 -0.133343 -0.085720 0.795806
605.000000 4.757096 -19.037272 -10.515067 -0.589843 -0.133640 -0.084624 0.791874
606.000000 4.746927 -19.221786 -10.220576 -0.596870 -0.134008 -0.083175 0.786683
607.000000 4.735361 -19.446596 -9.833870 -0.605659 -0.134487 -0.081356 0.780046
608.000000 4.723881 -19.703557 -9.356542 -0.616057 -0.135105 -0.079215 0.771975
609.000000 4.713734 -19.977969 -8.803259 -0.627659 -0.135858 -0.076840 0.762681
610.000000 4.705879 -20.255238 -8.191909 -0.640024 -0.136737 -0.074326 0.752428
611.000000 4.701040 -20.522558 -7.541923 -0.652725 -0.137733 -0.071773 0.741504
612.000000 4.699654 -20.769490 -6.874238 -0.665351 -0.138840 -0.069285 0.730227
613.000000 4.701838 -20.988548 -6.211074 -0.677512 -0.140055 -0.066972 0.718942
614.000000 4.707440 -21.175172 -5.575543 -0.688841 -0.141376 -0.064948 0.708020
615.000000 4.716134 -21.327432 -4.991247 0.698997 0.142805 0.063331 -0.697853
616.000000 4.727512 -21.445574 -4.481930 0.707658 0.144344 0.062239 -0.688848
617.000000 4.741157 -21.531618 -4.069544 0.714543 0.145996 0.061788 -0.681393
618.000000 4.756519 -21.590427 -3.762018 0.719600 0.147763 0.062024 -0.675644
619.000000 4.773233 -21.626875 -3.559878 0.722878 0.149642 0.062957 -0.671633
620.000000 4.791286 -21.644228 -3.463029 0.724413 0.151631 0.064595 -0.669374
621.000000 4.811152 -21.644091 -3.471055 0.724227 0.153730 0.066944 -0.668865
622.000000 4.834838 -21.626182 -3.583344 0.722323 0.155955 0.069986 -0.670097
623.000000 4.864187 -21.588731 -3.799084 0.718686 0.158315 0.073713 -0.673047
624.000000 4.899979 -21.528730 -4.117138 0.713297 0.160790 0.078131 -0.677680
625.000000 4.935024 -21.445981 -4.524581 0.706516 0.162788 0.082548 -0.683755
626.000000 4.894578 -21.377782 -4.912923 0.702025 0.159079 0.080347 -0.689492
627.000000 4.748247 -21.352749 -5.197101 0.701548 0.148552 0.069904 -0.693452
628.000000 4.583035 -21.344904 -5.415926 0.701964 0.137809 0.059168 -0.696243
629.000000 4.430366 -21.347984 -5.575316 0.702639 0.128684 0.050165 -0.698013
630.000000 4.294196 -21.365226 -5.665855 0.703877 0.121008 0.042539 -0.698645
631.000000 4.182463 -21.396621 -5.678136 0.705970 0.114544 0.035870 -0.697997
632.000000 4.095052 -21.443828 -5.602841 0.709190 0.108990 0.029751 -0.695907
633.000000 4.018827 -21.512274 -5.430036 0.713789 0.103989 0.023818 -0.692188
634.000000 3.947045 -21.603653 -5.149139 0.719981 0.099190 0.017715 -0.686640
635.000000 3.884816 -21.711954 -4.763073 0.727608 0.094834 0.011765 -0.679305
636.000000 3.906713 -21.795153 -4.387874 0.733817 0.096165 0.011945 -0.672400
637.000000 4.018732 -21.836457 -4.110927 0.737011 0.104421 0.019991 -0.667467
638.000000 4.114099 -21.870498 -3.866669 0.739617 0.112264 0.027940 -0.663010
639.000000 4.173867 -21.904368 -3.642245 0.742299 0.117915 0.033680 -0.658752
640.000000 4.208563 -21.935371 -3.447628 0.744901 0.121732 0.037487 -0.654904
641.000000 4.227588 -21.961248 -3.292169 0.747244 0.124077 0.039665 -0.651658
642.000000 4.236257 -21.980700 -3.184838 0.749145 0.125256 0.040572 -0.649189
643.000000 4.237059 -21.992968 -3.133782 0.750425 0.125542 0.040606 -0.647652
644.000000 4.234519 -22.000221 -3.121514 0.751234 0.125398 0.040253 -0.646763
645.000000 4.234731 -22.008348 -3.099821 0.752121 0.125491 0.040133 -0.645721
646.000000 4.237409 -22.014082 -3.093266 0.752727 0.125794 0.040320 -0.644943
647.000000 4.239652 -22.016714 -3.112000 0.752978 0.126016 0.040507 -0.644596
648.000000 4.239990 -22.018193 -3.144866 0.753074 0.126019 0.040484 -0.644484
649.000000 4.239674 -22.020620 -3.173046 0.753254 0.125967 0.040374 -0.644290
650.000000 4.240547 -22.025845 -3.175418 0.753768 0.126113 0.040404 -0.643659
651.000000 4.244693 -22.036542 -3.133680 0.754832 0.126655 0.040746 -0.642283
652.000000 4.249225 -22.051624 -3.060035 0.756354 0.127233 0.040994 -0.640359
653.000000 4.247774 -22.067744 -2.985666 0.758055 0.127137 0.040401 -0.638401
654.000000 4.231496 -22.078738 -2.968140 0.759321 0.125463 0.038098 -0.637369
655.000000 4.191193 -22.076089 -3.081048 0.759265 0.121362 0.033341 -0.638495
656.000000 4.132799 -22.065885 -3.260611 0.758556 0.115705 0.026922 -0.640687
657.000000 4.072032 -22.054870 -3.436555 0.757886 0.109785 0.020007 -0.642772
658.000000 4.022610 -22.049235 -3.560038 0.757744 0.104663 0.013683 -0.643959
659.000000 3.993157 -22.055684 -3.590647 0.758611 0.101037 0.008768 -0.643602
660.000000 4.072697 -22.130767 -3.044915 0.765585 0.108510 0.016292 -0.633908
661.000000 4.165962 -22.202537 -2.387933 0.773306 0.118530 0.026595 -0.622287
662.000000 4.221475 -22.246727 -1.912090 0.778959 0.125181 0.033205 -0.613555
663.000000 4.250308 -22.275147 -1.578927 0.783133 0.129177 0.037040 -0.607161
664.000000 4.263243 -22.294864 -1.331671 0.786456 0.131594 0.039263 -0.602186
665.000000 4.256558 -22.302989 -1.118881 0.789406 0.133381 0.040859 -0.597812
666.000000 4.248675 -22.304795 -0.953994 0.791845 0.134541 0.041590 -0.594265
667.000000 4.250900 -22.304023 -0.865908 0.793510 0.134738 0.040957 -0.592039
668.000000 4.259224 -22.300849 -0.883086 0.794145 0.133493 0.038501 -0.591634
669.000000 4.265261 -22.294789 -1.037175 0.793451 0.130217 0.033722 -0.593584
670.000000 4.197117 -22.260274 -1.835217 0.786686 0.114986 0.015510 -0.606352
671.000000 4.077241 -22.193782 -2.752648 0.778027 0.097207 -0.005995 -0.620636
672.000000 3.950988 -22.126542 -3.449410 0.771029 0.083090 -0.023270 -0.630927
673.000000 3.833073 -22.075784 -3.928974 0.766145 0.072476 -0.036108 -0.637547
674.000000 3.737583 -22.051819 -4.198357 0.763645 0.065251 -0.044509 -0.640786
675.000000 3.673116 -22.055976 -4.283017 0.763420 0.061079 -0.048969 -0.641140
676.000000 3.640473 -22.076286 -4.255313 0.764605 0.059009 -0.051067 -0.639758
677.000000 3.624022 -22.099616 -4.194940 0.766175 0.057779 -0.052382 -0.637882
678.000000 3.602255 -22.113892 -4.181747 0.767094 0.056052 -0.054416 -0.636761
679.000000 3.558280 -22.110534 -4.273015 0.766604 0.052849 -0.058260 -0.637284
680.000000 3.494374 -22.093177 -4.441700 0.765033 0.048484 -0.063525 -0.639013
681.000000 3.419420 -22.069008 -4.642219 0.762965 0.043561 -0.069496 -0.641215
682.000000 3.343020 -22.046147 -4.831298 0.760985 0.038649 -0.075476 -0.643205
683.000000 3.275354 -22.034167 -4.965883 0.759714 0.034298 -0.080726 -0.644315
684.000000 3.227317 -22.042814 -5.004140 0.759787 0.031055 -0.084495 -0.643910
685.000000 3.181986 -22.057267 -5.021911 0.760135 0.027913 -0.088065 -0.643164
686.000000 3.119838 -22.060793 -5.099603 0.759587 0.023806 -0.092851 -0.643303
687.000000 3.052249 -22.062515 -5.183912 0.758898 0.019433 -0.097990 -0.643501
688.000000 2.991518 -22.072984 -5.218211 0.758901 0.015510 -0.102533 -0.642896
689.000000 2.946789 -22.100230 -5.159521 0.760251 0.012562 -0.105730 -0.640845
690.000000 2.919249 -22.126281 -5.088646 0.761793 0.010766 -0.107541 -0.638742
691.000000 2.898111 -22.136249 -5.086927 0.762342 0.009485 -0.108921 -0.637872
692.000000 2.877419 -22.139540 -5.117532 0.762421 0.008249 -0.110324 -0.637554
693.000000 2.851046 -22.145478 -5.143250 0.762548 0.006585 -0.112195 -0.637095
694.000000 2.803749 -22.149349 -5.191953 0.762265 0.003609 -0.115654 -0.636839
695.000000 2.732731 -22.153948 -5.255013 0.761657 -0.000839 -0.120911 -0.636599
696.000000 2.672066 -22.182977 -5.215482 0.762514 -0.004953 -0.125479 -0.634668
697.000000 2.628758 -22.231064 -5.083401 0.764728 -0.008297 -0.128855 -0.631283
698.000000 2.608392 -22.291597 -4.870628 0.768164 -0.010453 -0.130567 -0.626711
699.000000 2.612824 -22.357704 -4.595317 0.772581 -0.011132 -0.130294 -0.621304
700.000000 2.631961 -22.435013 -4.227254 0.778313 -0.011037 -0.128721 -0.614441
701.000000 2.658932 -22.522616 -3.749414 0.785506 -0.010526 -0.126195 -0.605759
702.000000 2.682637 -22.600794 -3.261424 0.792702 -0.010042 -0.123633 -0.596856
703.000000 2.695232 -22.657625 -2.864178 0.798529 -0.010031 -0.121967 -0.589385
704.000000 2.697257 -22.694054 -2.594231 0.802561 -0.010541 -0.121420 -0.583988
705.000000 2.700585 -22.720009 -2.390094 0.805729 -0.010673 -0.120631 -0.579772
706.000000 2.702990 -22.738158 -2.246208 0.808103 -0.010686 -0.119913 -0.576607
707.000000 2.701884 -22.751004 -2.152105 0.809799 -0.010972 -0.119752 -0.574251
708.000000 2.696143 -22.760650 -2.093624 0.810985 -0.011788 -0.120452 -0.572412
709.000000 2.686978 -22.769296 -2.048358 0.811951 -0.013090 -0.121882 -0.570709
710.000000 2.675014 -22.777982 -2.004982 0.812840 -0.014864 -0.123979 -0.568946
711.000000 2.661522 -22.786837 -1.960795 0.813694 -0.016961 -0.126528 -0.567102
712.000000 2.647826 -22.795931 -1.913522 0.814557 -0.019221 -0.129295 -0.565164
713.000000 2.635116 -22.805265 -1.860912 0.815471 -0.021483 -0.132046 -0.563125
714.000000 2.624176 -22.814722 -1.800718 0.816483 -0.023585 -0.134547 -0.560978
715.000000 2.615937 -22.824256 -1.730714 0.817645 -0.025369 -0.136564 -0.558716
716.000000 2.611196 -22.833848 -1.648679 0.819006 -0.026679 -0.137861 -0.556338
717.000000 2.610469 -22.843463 -1.552397 0.820618 -0.027364 -0.138198 -0.553840
718.000000 2.613407 -22.852872 -1.443265 0.822469 -0.027392 -0.137524 -0.551254
719.000000 2.617695 -22.861181 -1.337987 0.824307 -0.027077 -0.136371 -0.548805
720.000000 2.620762 -22.866881 -1.270502 0.825662 -0.026825 -0.135487 -0.546997
721.000000 2.620797 -22.868899 -1.270194 0.826136 -0.026948 -0.135475 -0.546278
722.000000 2.617977 -22.867422 -1.333624 0.825777 -0.027433 -0.136305 -0.546590
723.000000 2.612778 -22.862699 -1.447623 0.824758 -0.028170 -0.137762 -0.547725
724.000000 2.605590 -22.854968 -1.599061 0.823248 -0.029051 -0.139625 -0.549476
725.000000 2.597199 -22.844947 -1.774858 0.821419 -0.029975 -0.141676 -0.551634
726.000000 2.588546 -22.833592 -1.961965 0.819444 -0.030842 -0.143693 -0.553997
727.000000 2.580543 -22.821650 -2.147760 0.817498 -0.031540 -0.145447 -0.556370
728.000000 2.575511 -22.809051 -2.328461 0.815670 -0.031798 -0.146538 -0.558747
729.000000 2.577339 -22.795549 -2.501367 0.814053 -0.031225 -0.146408 -0.561166
730.000000 2.587503 -22.784041 -2.639712 0.812986 -0.029840 -0.144956 -0.563162
731.000000 2.604554 -22.778130 -2.718123 0.812748 -0.027940 -0.142479 -0.564233
732.000000 2.622446 -22.778042 -2.743731 0.813161 -0.026152 -0.139907 -0.564368
733.000000 2.633180 -22.782783 -2.733531 0.813916 -0.025205 -0.138352 -0.563706
734.000000 2.633231 -22.791430 -2.699030 0.814839 -0.025345 -0.138212 -0.562399
735.000000 2.629399 -22.803142 -2.640359 0.816019 -0.025859 -0.138471 -0.560599
736.000000 2.628801 -22.816488 -2.561847 0.817485 -0.026057 -0.138184 -0.558520
737.000000 2.629192 -22.827231 -2.503541 0.818702 -0.026168 -0.137876 -0.556805
738.000000 2.627554 -22.830817 -2.512476 0.819047 -0.026463 -0.138150 -0.556216
739.000000 2.623834 -22.823888 -2.617210 0.818174 -0.026855 -0.139022 -0.557264
740.000000 2.618790 -22.809286 -2.781233 0.816549 -0.027231 -0.140172 -0.559337
741.000000 2.614521 -22.792895 -2.946574 0.814921 -0.027441 -0.141113 -0.561460
742.000000 2.614524 -22.782598 -3.055329 0.814049 -0.027347 -0.141352 -0.562669
743.000000 2.622323 -22.787103 -3.051643 0.814671 -0.026795 -0.140380 -0.562038
744.000000 2.639058 -22.806065 -2.940990 0.816727 -0.025623 -0.138007 -0.559692
745.000000 2.659551 -22.829123 -2.796164 0.819234 -0.024131 -0.135047 -0.556809
746.000000 2.678776 -22.847336 -2.685445 0.821292 -0.022620 -0.132244 -0.554509
747.000000 2.698311 -22.860951 -2.601324 0.823021 -0.020925 -0.129285 -0.552705
748.000000 2.716767 -22.875576 -2.488924 0.825075 -0.019323 -0.126285 -0.550391
749.000000 2.729547 -22.896008 -2.302959 0.827933 -0.018459 -0.124002 -0.546634
750.000000 2.736526 -22.919708 -2.063431 0.831338 -0.018347 -0.122587 -0.541769
751.000000 2.738733 -22.942627 -1.812255 0.834790 -0.018785 -0.121946 -0.536565
752.000000 2.738622 -22.960847 -1.601735 0.837711 -0.019344 -0.121666 -0.532037
753.000000 2.740124 -22.970820 -1.494775 0.839446 -0.019325 -0.120979 -0.529453
754.000000 2.744876 -22.973086 -1.499154 0.839949 -0.018467 -0.119515 -0.529019
755.000000 2.752644 -22.970798 -1.565704 0.839781 -0.016964 -0.117322 -0.529826
756.000000 2.762905 -22.967014 -1.642800 0.839517 -0.015104 -0.114602 -0.530895
757.000000 2.773932 -22.963629 -1.706050 0.839401 -0.013289 -0.111880 -0.531707
758.000000 2.784189 -22.960845 -1.759070 0.839372 -0.011751 -0.109552 -0.532274
759.000000 2.791644 -22.958817 -1.806413 0.839362 -0.010723 -0.108002 -0.532628
760.000000 2.793846 -22.957689 -1.852866 0.839302 -0.010423 -0.107577 -0.532814
761.000000 2.791908 -22.956632 -1.908622 0.839100 -0.010540 -0.107822 -0.533080
762.000000 2.790478 -22.954448 -1.979353 0.838739 -0.010435 -0.107781 -0.533658
763.000000 2.792352 -22.951081 -2.058819 0.838310 -0.009864 -0.107058 -0.534488
764.000000 2.796639 -22.947014 -2.140554 0.837869 -0.009081 -0.106019 -0.535401
765.000000 2.801315 -22.942948 -2.218206 0.837462 -0.008450 -0.105197 -0.536209
766.000000 2.804153 -22.939513 -2.288267 0.837115 -0.008220 -0.104960 -0.536800
767.000000 2.804944 -22.937142 -2.348132 0.836868 -0.008278 -0.105126 -0.537152
768.000000 2.801240 -22.935547 -2.404881 0.836626 -0.008783 -0.105962 -0.537356
769.000000 2.796387 -22.934659 -2.456288 0.836443 -0.009329 -0.106840 -0.537458
770.000000 2.795296 -22.934778 -2.495157 0.836445 -0.009397 -0.106943 -0.537433
771.000000 2.798202 -22.937439 -2.508528 0.836783 -0.009014 -0.106262 -0.537049
772.000000 2.800606 -22.945150 -2.477779 0.837634 -0.008761 -0.105612 -0.535854
773.000000 2.800145 -22.958530 -2.397807 0.839026 -0.009015 -0.105559 -0.533677
774.000000 2.799112 -22.973450 -2.300250 0.840605 -0.009452 -0.105721 -0.531146
775.000000 2.800638 -22.985414 -2.222978 0.841960 -0.009605 -0.105523 -0.529033
776.000000 2.806306 -22.991714 -2.192009 0.842812 -0.009194 -0.104627 -0.527861
777.000000 2.812602 -22.994297 -2.190792 0.843326 -0.008628 -0.103588 -0.527253
778.000000 2.819296 -22.995989 -2.190047 0.843842 -0.007953 -0.102356 -0.526679
779.000000 2.827092 -22.995663 -2.207246 0.844167 -0.006991 -0.100714 -0.526489
780.000000 2.837634 -22.990631 -2.274725 0.843940 -0.005481 -0.098382 -0.527310
781.000000 2.853168 -22.977711 -2.420945 0.842832 -0.003216 -0.095153 -0.529689
782.000000 2.874506 -22.954268 -2.651120 0.840748 -0.000345 -0.091276 -0.533678
783.000000 2.900174 -22.919690 -2.947413 0.837849 0.002757 -0.087248 -0.538878
784.000000 2.925156 -22.879981 -3.254984 0.834747 0.005511 -0.083778 -0.544196
785.000000 2.942583 -22.845205 -3.513527 0.832161 0.007319 -0.081623 -0.548445
786.000000 2.946350 -22.825922 -3.674750 0.830701 0.007765 -0.081303 -0.550696
787.000000 2.939169 -22.822945 -3.743435 0.830338 0.007227 -0.082228 -0.551113
788.000000 2.926278 -22.833631 -3.734779 0.830898 0.006188 -0.083673 -0.550062
789.000000 2.916047 -22.847393 -3.705243 0.831712 0.005365 -0.084710 -0.548680
790.000000 2.909455 -22.862420 -3.662821 0.832682 0.004786 -0.085342 -0.547114
791.000000 2.903758 -22.881280 -3.590910 0.833999 0.004167 -0.085963 -0.545013
792.000000 2.899850 -22.902298 -3.495756 0.835584 0.003568 -0.086499 -0.542499
793.000000 2.899816 -22.922452 -3.392517 0.837262 0.003179 -0.086699 -0.539876
794.000000 2.904262 -22.940510 -3.296457 0.838863 0.003184 -0.086311 -0.537447
795.000000 2.914543 -22.954748 -3.222107 0.840220 0.003774 -0.085087 -0.535515
796.000000 2.932722 -22.962966 -3.184590 0.841160 0.005141 -0.082776 -0.534388
797.000000 2.960726 -22.962828 -3.199741 0.841496 0.007453 -0.079153 -0.534381
798.000000 2.996513 -22.952025 -3.284222 0.841012 0.010537 -0.074496 -0.535759
799.000000 3.026819 -22.940671 -3.375894 0.840411 0.013166 -0.070523 -0.537180
800.000000 3.045075 -22.933728 -3.446864 0.840036 0.014756 -0.068106 -0.538036
801.000000 3.050028 -22.931359 -3.498264 0.839892 0.015237 -0.067380 -0.538339
802.000000 3.044999 -22.932701 -3.533445 0.839944 0.014922 -0.067864 -0.538206
803.000000 3.034552 -22.936701 -3.556022 0.840145 0.014180 -0.068983 -0.537770
804.000000 3.023804 -22.942187 -3.569620 0.840450 0.013381 -0.070163 -0.537161
805.000000 3.018161 -22.947838 -3.577933 0.840814 0.012906 -0.070831 -0.536515
806.000000 3.022433 -22.952409 -3.584679 0.841196 0.013103 -0.070463 -0.535959
807.000000 3.034269 -22.955748 -3.592799 0.841560 0.013823 -0.069291 -0.535522
808.000000 3.049610 -22.958777 -3.599816 0.841934 0.014794 -0.067726 -0.535109
809.000000 3.065416 -22.962264 -3.603428 0.842342 0.015823 -0.066060 -0.534645
810.000000 3.077493 -22.966313 -3.606603 0.842754 0.016640 -0.064718 -0.534136
811.000000 3.088798 -22.969937 -3.613165 0.843122 0.017507 -0.063303 -0.533696
812.000000 3.103924 -22.972159 -3.625390 0.843415 0.018743 -0.061325 -0.533422
813.000000 3.127409 -22.972057 -3.645123 0.843600 0.020614 -0.058371 -0.533392
814.000000 3.162710 -22.968893 -3.673726 0.843642 0.023299 -0.054155 -0.533660
815.000000 3.197958 -22.964751 -3.708035 0.843598 0.025857 -0.050138 -0.534003
816.000000 3.216897 -22.962424 -3.744905 0.843568 0.027119 -0.048153 -0.534170
817.000000 3.220065 -22.961749 -3.785255 0.843553 0.027218 -0.048000 -0.534204
818.000000 3.214332 -22.961627 -3.830053 0.843513 0.026749 -0.048742 -0.534223
819.000000 3.207189 -22.960858 -3.880206 0.843409 0.026315 -0.049432 -0.534345
820.000000 3.207439 -22.957986 -3.936581 0.843206 0.026464 -0.049217 -0.534679
821.000000 3.214423 -22.953032 -3.999036 0.842911 0.027046 -0.048333 -0.535195
822.000000 3.219409 -22.947317 -4.066792 0.842561 0.027459 -0.047712 -0.535780
823.000000 3.213033 -22.942264 -4.139107 0.842197 0.027097 -0.048300 -0.536318
824.000000 3.186912 -22.939263 -4.214586 0.841855 0.025438 -0.050919 -0.536695
825.000000 3.149570 -22.940092 -4.277039 0.841680 0.023054 -0.054660 -0.536708
826.000000 3.114482 -22.948520 -4.297076 0.841976 0.020794 -0.058143 -0.535969
827.000000 3.088230 -22.961977 -4.284467 0.842622 0.019076 -0.060714 -0.534732
828.000000 3.079702 -22.972991 -4.273052 0.843224 0.018479 -0.061533 -0.533709
829.000000 3.098236 -22.973951 -4.297113 0.843379 0.019598 -0.059757 -0.533626
830.000000 3.145838 -22.961493 -4.370343 0.842905 0.022534 -0.055238 -0.534745
831.000000 3.199794 -22.948633 -4.435910 0.842474 0.025796 -0.050172 -0.535775
832.000000 3.254737 -22.938639 -4.481998 0.842228 0.029076 -0.045030 -0.536450
833.000000 3.309384 -22.932626 -4.507449 0.842185 0.032335 -0.039898 -0.536738
834.000000 3.362515 -22.931479 -4.512046 0.842349 0.035538 -0.034865 -0.536628
835.000000 3.413178 -22.931929 -4.514589 0.842508 0.038657 -0.029993 -0.536457
836.000000 3.461364 -22.926598 -4.547875 0.842291 0.041620 -0.025366 -0.536815
837.000000 3.500085 -22.918243 -4.602032 0.841862 0.044006 -0.021603 -0.537461
838.000000 3.519127 -22.915168 -4.643458 0.841699 0.045223 -0.019631 -0.537692
839.000000 3.508796 -22.925890 -4.638130 0.842281 0.044690 -0.020411 -0.536795
840.000000 3.467790 -22.953628 -4.570447 0.843790 0.042281 -0.024196 -0.534458
841.000000 3.420435 -22.988607 -4.468257 0.845709 0.039418 -0.028707 -0.531411
842.000000 3.375192 -23.034558 -4.302220 0.848312 0.036566 -0.033181 -0.527189
843.000000 3.341138 -23.078448 -4.130258 0.850884 0.034295 -0.036717 -0.522946
844.000000 3.327907 -23.104117 -4.037444 0.852442 0.033293 -0.038289 -0.520353
845.000000 3.328606 -23.114844 -4.016655 0.853125 0.033173 -0.038504 -0.519225
846.000000 3.333848 -23.123413 -4.001197 0.853729 0.033315 -0.038301 -0.518238
847.000000 3.344472 -23.133478 -3.965275 0.854536 0.033775 -0.037568 -0.516930
848.000000 3.360101 -23.150354 -3.882965 0.855826 0.034598 -0.036187 -0.514835
849.000000 3.380644 -23.179206 -3.728082 0.857873 0.035841 -0.034045 -0.511479
850.000000 3.408134 -23.221876 -3.475523 0.860916 0.037600 -0.031019 -0.506407
851.000000 3.442127 -23.262765 -3.207987 0.864021 0.039918 -0.027071 -0.501140
852.000000 3.462858 -23.276391 -3.136418 0.865060 0.041472 -0.024414 -0.499355
853.000000 3.487832 -23.280782 -3.120788 0.865439 0.043490 -0.020897 -0.498686
854.000000 3.500229 -23.305293 -2.954226 0.867510 0.044536 -0.019039 -0.495056
855.000000 3.496588 -23.330818 -2.774100 0.869849 0.044263 -0.019505 -0.490940
856.000000 3.493329 -23.349761 -2.632419 0.871765 0.044009 -0.019964 -0.487535
857.000000 3.493620 -23.365391 -2.528158 0.873264 0.043912 -0.020158 -0.484845
858.000000 3.493646 -23.377213 -2.463047 0.874342 0.043911 -0.020184 -0.482898
859.000000 3.493966 -23.383219 -2.439029 0.874990 0.043949 -0.020140 -0.481722
860.000000 3.495039 -23.385566 -2.457057 0.875209 0.043953 -0.020154 -0.481322
861.000000 3.495561 -23.392913 -2.433957 0.875860 0.043864 -0.020354 -0.480137
862.000000 3.505229 -23.422050 -2.175801 0.878790 0.044716 -0.018832 -0.474736
863.000000 3.507753 -23.455728 -1.834998 0.882584 0.044826 -0.018704 -0.467639
864.000000 3.508616 -23.473628 -1.649025 0.884807 0.044854 -0.018691 -0.463416
865.000000 3.511357 -23.489231 -1.454118 0.887061 0.045200 -0.018074 -0.459078
866.000000 3.509985 -23.501453 -1.275387 0.889193 0.045011 -0.018465 -0.454938
867.000000 3.504198 -23.508527 -1.150725 0.890869 0.044048 -0.020360 -0.451662
868.000000 3.501248 -23.514322 -1.015267 0.892589 0.043508 -0.021450 -0.448255
869.000000 3.504748 -23.521689 -0.823640 0.894681 0.044378 -0.019730 -0.444057
870.000000 3.511424 -23.527023 -0.657873 0.896410 0.046158 -0.016172 -0.440519
871.000000 3.519536 -23.529417 -0.597243 0.897085 0.048354 -0.011733 -0.439048
872.000000 3.529032 -23.528162 -0.701399 0.896194 0.050589 -0.007108 -0.440711
873.000000 3.537891 -23.521303 -0.935173 0.894099 0.052520 -0.002977 -0.444770
874.000000 3.544305 -23.508983 -1.206406 0.891676 0.054004 0.000294 -0.449441
875.000000 3.551541 -23.493471 -1.466147 0.889309 0.055595 0.003772 -0.453900
876.000000 3.563281 -23.485679 -1.568783 0.888296 0.057984 0.008704 -0.455514
877.000000 3.582085 -23.492605 -1.439729 0.889250 0.061722 0.016032 -0.452955
878.000000 3.602521 -23.503326 -1.250735 0.890632 0.065856 0.023992 -0.449291
879.000000 3.620158 -23.509698 -1.169997 0.890995 0.069488 0.031187 -0.447579
880.000000 3.640693 -23.508420 -1.239465 0.889795 0.073302 0.039172 -0.448729
881.000000 3.670441 -23.492042 -1.504519 0.886375 0.077919 0.049450 -0.453677
882.000000 3.710095 -23.455282 -1.933673 0.880982 0.083009 0.061467 -0.461738
883.000000 3.752948 -23.406796 -2.380148 0.875357 0.087432 0.072346 -0.469970
884.000000 3.791478 -23.361942 -2.730411 0.871017 0.090516 0.079936 -0.476179
885.000000 3.821601 -23.318434 -3.053994 0.867370 0.092209 0.084387 -0.481711
886.000000 3.835304 -23.260067 -3.489131 0.863032 0.092217 0.086075 -0.489145
887.000000 3.824618 -23.170359 -4.101756 0.857225 0.090415 0.085426 -0.499693
888.000000 3.789265 -23.050037 -4.810623 0.850589 0.087244 0.082981 -0.511861
889.000000 3.734136 -22.910535 -5.519956 0.843974 0.083275 0.079258 -0.523918
890.000000 3.665008 -22.775988 -6.134788 0.838345 0.079069 0.074758 -0.534169
891.000000 3.585185 -22.682141 -6.557072 0.834875 0.074970 0.069677 -0.540840
892.000000 3.500533 -22.645237 -6.766944 0.833836 0.071208 0.064405 -0.543599
893.000000 3.442302 -22.637673 -6.860965 0.833799 0.068811 0.061017 -0.544353
894.000000 3.432465 -22.635387 -6.913086 0.833728 0.068425 0.060681 -0.544548
895.000000 3.461182 -22.635999 -6.937266 0.833592 0.069590 0.062596 -0.544393
896.000000 3.516045 -22.637506 -6.946099 0.833349 0.071819 0.066050 -0.544067
897.000000 3.584919 -22.637446 -6.952580 0.832952 0.074616 0.070360 -0.543758
898.000000 3.657137 -22.633049 -6.970013 0.832358 0.077508 0.074863 -0.543662
899.000000 3.722684 -22.621443 -7.011998 0.831536 0.080044 0.078902 -0.543981
900.000000 3.770131 -22.600179 -7.092387 0.830470 0.081759 0.081811 -0.544924
901.000000 3.790616 -22.568984 -7.216531 0.829208 0.082336 0.083122 -0.546558
902.000000 3.786917 -22.542443 -7.337071 0.828283 0.082007 0.082981 -0.548029
903.000000 3.773890 -22.522350 -7.442096 0.827652 0.081376 0.082294 -0.549179
904.000000 3.771909 -22.499458 -7.550499 0.826839 0.081156 0.082278 -0.550437
905.000000 3.785478 -22.472986 -7.663003 0.825786 0.081502 0.083169 -0.551832
906.000000 3.808673 -22.447600 -7.768957 0.824692 0.082212 0.084597 -0.553144
907.000000 3.835727 -22.427038 -7.857699 0.823762 0.083080 0.086187 -0.554153
908.000000 3.860224 -22.415851 -7.918682 0.823206 0.083896 0.087566 -0.554641
909.000000 3.875358 -22.419282 -7.941373 0.823233 0.084456 0.088359 -0.554390
910.000000 3.874688 -22.442791 -7.914063 0.824063 0.084568 0.088201 -0.553162
911.000000 3.859024 -22.491359 -7.821585 0.825868 0.084288 0.087102 -0.550683
912.000000 3.848117 -22.547718 -7.702105 0.827936 0.084212 0.086194 -0.547724
913.000000 3.852710 -22.605383 -7.568370 0.829981 0.084692 0.086097 -0.544560
914.000000 3.865867 -22.664147 -7.424060 0.832034 0.085491 0.086463 -0.541235
915.000000 3.878671 -22.722765 -7.277331 0.834097 0.086283 0.086821 -0.537865
916.000000 3.882586 -22.779881 -7.136422 0.836177 0.086754 0.086700 -0.534569
917.000000 3.869500 -22.834055 -7.009691 0.838280 0.086593 0.085617 -0.531468
918.000000 3.838226 -22.883341 -6.904149 0.840341 0.085730 0.083479 -0.528685
919.000000 3.842563 -22.922110 -6.809929 0.841822 0.086161 0.083502 -0.526250
920.000000 3.887175 -22.953004 -6.716670 0.842774 0.088097 0.086029 -0.523995
921.000000 3.957580 -22.976830 -6.630355 0.843283 0.090993 0.090223 -0.521971
922.000000 4.037777 -22.991587 -6.568166 0.843349 0.094196 0.095100 -0.520429
923.000000 4.115315 -22.996724 -6.541009 0.843023 0.097189 0.099845 -0.519516
924.000000 4.184734 -22.996901 -6.536296 0.842506 0.099880 0.104214 -0.518987
925.000000 4.248609 -22.996744 -6.536030 0.841972 0.102406 0.108316 -0.518521
926.000000 4.314783 -23.000060 -6.521519 0.841521 0.105089 0.112586 -0.517805
927.000000 4.390574 -23.010698 -6.473708 0.841239 0.108255 0.117489 -0.516520
928.000000 4.476324 -23.033071 -6.375030 0.841280 0.111986 0.123100 -0.514348
929.000000 4.524457 -23.074587 -6.229543 0.842431 0.114435 0.126169 -0.511172
930.000000 4.531842 -23.134368 -6.039773 0.844778 0.115422 0.126327 -0.507021
931.000000 4.509548 -23.209381 -5.804163 0.848160 0.115312 0.124174 -0.501906
932.000000 4.469532 -23.295486 -5.523316 0.852336 0.114523 0.120467 -0.495879
933.000000 4.433924 -23.382635 -5.214900 0.856670 0.113910 0.116935 -0.489354
934.000000 4.425556 -23.459996 -4.904700 0.860405 0.114488 0.115711 -0.482914
935.000000 4.422738 -23.527483 -4.613903 0.863709 0.115355 0.115355 -0.476857
936.000000 4.348304 -23.604865 -4.316875 0.868599 0.112618 0.108019 -0.470302
937.000000 4.261284 -23.690104 -3.956839 0.874463 0.108866 0.098017 -0.462445
938.000000 4.209500 -23.779570 -3.482095 0.880704 0.106714 0.090207 -0.452588
939.000000 4.195621 -23.865530 -2.900549 0.887023 0.106694 0.085922 -0.440936
940.000000 4.208041 -23.939416 -2.246466 0.893186 0.108451 0.084856 -0.428086
941.000000 4.239833 -23.993854 -1.554233 0.898956 0.111612 0.086645 -0.414624
942.000000 4.273810 -24.026613 -0.854042 0.904164 0.115751 0.090761 -0.401063
943.000000 4.294188 -24.038951 -0.157769 0.908986 0.120086 0.095647 -0.387526
944.000000 4.297390 -24.032100 0.528575 0.913746 0.123764 0.099295 -0.374020
945.000000 4.287003 -24.007311 1.193074 0.918096 0.127410 0.103258 -0.360837
946.000000 4.248278 -23.974193 1.772066 0.920096 0.133925 0.115508 -0.349493
947.000000 4.181745 -23.947764 2.172520 0.919993 0.140894 0.130947 -0.341490
948.000000 4.111686 -23.940198 2.322134 0.918491 0.145974 0.144126 -0.338073
949.000000 4.057743 -23.955429 2.198030 0.915961 0.148516 0.153409 -0.339742
950.000000 4.027735 -23.987897 1.807111 0.912511 0.148617 0.158830 -0.346425
951.000000 4.016590 -24.018984 1.285907 0.908718 0.147338 0.161595 -0.355541
952.000000 4.014332 -24.040277 0.709218 0.904748 0.145417 0.163015 -0.365665
953.000000 4.014034 -24.049371 0.091536 0.900486 0.143146 0.163940 -0.376508
954.000000 4.013419 -24.044238 -0.554890 0.895802 0.140842 0.165177 -0.387838
955.000000 4.015409 -24.022981 -1.218433 0.890564 0.138872 0.167502 -0.399442
956.000000 4.024827 -23.986488 -1.835573 0.885136 0.137720 0.171304 -0.410150
957.000000 4.043359 -23.961338 -2.152614 0.881850 0.138161 0.175410 -0.415311
958.000000 4.071326 -23.960503 -2.159849 0.880834 0.140351 0.179960 -0.414786
959.000000 4.107020 -23.982776 -1.882916 0.881752 0.144356 0.185339 -0.409052
960.000000 4.145542 -24.017668 -1.351617 0.884149 0.150181 0.191878 -0.398633
961.000000 4.176272 -24.045140 -0.727743 0.886896 0.156663 0.198796 -0.386461
962.000000 4.191812 -24.055378 -0.111334 0.889495 0.162863 0.205281 -0.374343
963.000000 4.191275 -24.050231 0.458188 0.891839 0.168376 0.210961 -0.362999
964.000000 4.179536 -24.034598 0.941844 0.893844 0.172876 0.215461 -0.353176
965.000000 4.164441 -24.015310 1.300136 0.895443 0.176068 0.218405 -0.345660
966.000000 4.153016 -24.000844 1.481774 0.896405 0.177694 0.219749 -0.341458
967.000000 4.146779 -24.004207 1.344719 0.895472 0.177460 0.220962 -0.343239
968.000000 4.145303 -24.016681 0.995981 0.893311 0.175940 0.221910 -0.348992
969.000000 4.146841 -24.027089 0.582599 0.890902 0.173843 0.222184 -0.355959
970.000000 4.148757 -24.032790 0.202336 0.888872 0.171695 0.221719 -0.362309
971.000000 4.148980 -24.035144 -0.245136 0.886237 0.169274 0.221637 -0.369876
972.000000 4.147759 -24.029263 -0.753099 0.882913 0.166725 0.222242 -0.378517
973.000000 4.146775 -24.014068 -1.235176 0.879543 0.164485 0.223286 -0.386643
974.000000 4.147794 -23.995251 -1.604005 0.876829 0.162997 0.224536 -0.392666
975.000000 4.151672 -23.983899 -1.770997 0.875521 0.162713 0.225770 -0.394987
976.000000 4.157921 -23.990497 -1.684836 0.876059 0.163896 0.226858 -0.392674
977.000000 4.166103 -24.009539 -1.407929 0.877922 0.166242 0.227930 -0.386866
978.000000 4.175474 -24.028413 -1.072545 0.880022 0.169092 0.229328 -0.379971
979.000000 4.184786 -24.039859 -0.821241 0.881258 0.171717 0.231459 -0.374598
980.000000 4.192604 -24.044137 -0.725586 0.881159 0.173683 0.234443 -0.372060
981.000000 4.197504 -24.047346 -0.630218 0.881118 0.175533 0.237225 -0.369517
982.000000 4.200022 -24.050172 -0.485471 0.881545 0.177490 0.239523 -0.366065
983.000000 4.201294 -24.051774 -0.321676 0.882146 0.179485 0.241606 -0.362258
984.000000 4.202110 -24.052231 -0.169490 0.882627 0.181435 0.243755 -0.358657
985.000000 4.202877 -24.052117 -0.059468 0.882706 0.183248 0.246258 -0.355819
986.000000 4.203676 -24.051949 -0.023052 0.882107 0.184807 0.249384 -0.354317
987.000000 4.204415 -24.051884 -0.095419 0.880793 0.185700 0.252641 -0.354814
988.000000 4.204533 -24.050958 -0.276568 0.879225 0.185454 0.254697 -0.357350
989.000000 4.204745 -24.048405 -0.479151 0.877683 0.184903 0.256263 -0.360295
990.000000 4.203514 -24.045447 -0.647000 0.876917 0.184023 0.256185 -0.362658
991.000000 4.200085 -24.042188 -0.801050 0.876591 0.182879 0.255075 -0.364802
992.000000 4.197268 -24.037205 -0.978541 0.875798 0.181888 0.254861 -0.367343
993.000000 4.195759 -24.030771 -1.173798 0.874762 0.180898 0.255000 -0.370193
994.000000 4.191592 -24.024563 -1.350912 0.874226 0.179628 0.254017 -0.372745
995.000000 4.185013 -24.019623 -1.491808 0.874337 0.178167 0.251823 -0.374669
996.000000 4.174800 -24.018351 -1.577677 0.875237 0.176606 0.248357 -0.375619
997.000000 4.161637 -24.021493 -1.612257 0.876574 0.175243 0.244562 -0.375630
998.000000 4.152643 -24.026276 -1.619283 0.877548 0.174616 0.242338 -0.375088
999.000000 4.149443 -24.026238 -1.679942 0.877600 0.174265 0.241782 -0.375489
1000.000000 4.148116 -24.022079 -1.783428 0.877203 0.173826 0.241708 -0.376665
1001.000000 4.145529 -24.016554 -1.890192 0.876922 0.173218 0.241218 -0.377913
1002.000000 4.136990 -24.014031 -1.960803 0.877402 0.172266 0.239169 -0.378535
1003.000000 4.127012 -24.014768 -1.998933 0.878175 0.171424 0.236879 -0.378565
1004.000000 4.123947 -24.015281 -2.039151 0.878309 0.171262 0.236461 -0.378588
1005.000000 4.124818 -24.012867 -2.111040 0.877990 0.171175 0.236763 -0.379179
1006.000000 4.126042 -24.003900 -2.253462 0.877176 0.170670 0.237116 -0.381063
1007.000000 4.123984 -23.988289 -2.459976 0.876078 0.169588 0.237001 -0.384133
1008.000000 4.113639 -23.970577 -2.682168 0.875283 0.167926 0.235613 -0.387514
1009.000000 4.088142 -23.956515 -2.877566 0.875395 0.165578 0.231991 -0.390446
1010.000000 4.070383 -23.946816 -3.015301 0.875417 0.164121 0.229815 -0.392293
1011.000000 4.066705 -23.939011 -3.116148 0.875001 0.163701 0.229765 -0.393426
1012.000000 4.072480 -23.931722 -3.202152 0.874299 0.163842 0.230901 -0.394261
1013.000000 4.081737 -23.923467 -3.294823 0.873461 0.164060 0.232303 -0.395202
1014.000000 4.087981 -23.912845 -3.410762 0.872638 0.163921 0.233149 -0.396579
1015.000000 4.092068 -23.905483 -3.499616 0.872109 0.163814 0.233661 -0.397483
1016.000000 4.092400 -23.908924 -3.515878 0.872315 0.163914 0.233542 -0.397060
1017.000000 4.092742 -23.911596 -3.536639 0.872449 0.164034 0.233544 -0.396714
1018.000000 4.093030 -23.903336 -3.630801 0.871948 0.163827 0.233873 -0.397706
1019.000000 4.092649 -23.888191 -3.768876 0.871083 0.163397 0.234338 -0.399502
1020.000000 4.086166 -23.868068 -3.936114 0.870209 0.162534 0.234182 -0.401843
1021.000000 4.076414 -23.852045 -4.070335 0.869757 0.161655 0.233469 -0.403588
1022.000000 4.063030 -23.843062 -4.167029 0.869767 0.160783 0.232183 -0.404655
1023.000000 4.044086 -23.841483 -4.236263 0.870217 0.159785 0.230174 -0.405229
1024.000000 4.019980 -23.846136 -4.282792 0.871038 0.158662 0.227540 -0.405395
1025.000000 4.000929 -23.846214 -4.349863 0.871480 0.157679 0.225578 -0.405925
1026.000000 3.999133 -23.832748 -4.468192 0.870878 0.157213 0.225629 -0.407367
1027.000000 4.005606 -23.821241 -4.562102 0.870196 0.157220 0.226471 -0.408352
1028.000000 4.001000 -23.823943 -4.588620 0.870454 0.157094 0.225981 -0.408123
1029.000000 3.987789 -23.841449 -4.544969 0.871586 0.156954 0.224413 -0.406623
1030.000000 3.979821 -23.865684 -4.460056 0.872874 0.157243 0.223294 -0.404358
1031.000000 3.964385 -23.882434 -4.420658 0.873984 0.157049 0.221672 -0.402926
1032.000000 3.939970 -23.891250 -4.432947 0.874931 0.156256 0.219352 -0.402448
1033.000000 3.913555 -23.896680 -4.468526 0.875780 0.155204 0.216746 -0.402420
1034.000000 3.888321 -23.901713 -4.507206 0.876607 0.154132 0.214125 -0.402436
1035.000000 3.861594 -23.907110 -4.541660 0.877493 0.153038 0.211368 -0.402380
1036.000000 3.831880 -23.915330 -4.562377 0.878569 0.151888 0.208275 -0.402080
1037.000000 3.804741 -23.935138 -4.520413 0.880085 0.151109 0.205227 -0.400622
1038.000000 3.799116 -23.974265 -4.354975 0.881978 0.151727 0.203945 -0.396863
1039.000000 3.808482 -23.978875 -4.363000 0.881973 0.152226 0.204742 -0.396273
1040.000000 3.789370 -23.981579 -4.405366 0.882522 0.151426 0.202813 -0.396349
1041.000000 3.768086 -23.986234 -4.436928 0.883202 0.150609 0.200679 -0.396231
1042.000000 3.753986 -23.994777 -4.436599 0.883919 0.150236 0.199205 -0.395518
1043.000000 3.736550 -24.001099 -4.444515 0.884657 0.149697 0.197427 -0.394962
1044.000000 3.727271 -24.005532 -4.472800 0.884997 0.149397 0.196514 -0.394770
1045.000000 3.723215 -24.004974 -4.523144 0.885061 0.149139 0.196001 -0.394979
1046.000000 3.706703 -23.999786 -4.605459 0.885202 0.148260 0.194384 -0.395793
1047.000000 3.688324 -23.980034 -4.759608 0.884771 0.147050 0.192889 -0.397932
1048.000000 3.677946 -23.939742 -5.003056 0.883372 0.145792 0.192428 -0.401709
1049.000000 3.668873 -23.937714 -5.057492 0.883482 0.145388 0.191625 -0.401997
1050.000000 3.671429 -23.934353 -5.110335 0.883292 0.145448 0.191942 -0.402241
1051.000000 3.657993 -23.919404 -5.228352 0.882957 0.144650 0.191013 -0.403704
1052.000000 3.648268 -23.895249 -5.383718 0.882195 0.143861 0.190582 -0.405851
1053.000000 3.653327 -23.873257 -5.516700 0.881250 0.143705 0.191398 -0.407572
1054.000000 3.647268 -23.861448 -5.610787 0.880902 0.143309 0.191135 -0.408585
1055.000000 3.622066 -23.862859 -5.659887 0.881393 0.142413 0.189105 -0.408785
1056.000000 3.597343 -23.871132 -5.682451 0.882111 0.141606 0.186980 -0.408494
1057.000000 3.589668 -23.868878 -5.738944 0.882138 0.141268 0.186405 -0.408814
1058.000000 3.582746 -23.861319 -5.815542 0.881961 0.140903 0.186002 -0.409504
1059.000000 3.570979 -23.854789 -5.888519 0.881918 0.140394 0.185205 -0.410133
1060.000000 3.548586 -23.857798 -5.926566 0.882408 0.139656 0.183440 -0.410124
1061.000000 3.530593 -23.872682 -5.913106 0.883249 0.139249 0.181851 -0.409159
1062.000000 3.530884 -23.865908 -5.979436 0.882998 0.139179 0.182006 -0.409656
1063.000000 3.530666 -23.848969 -6.087734 0.882380 0.138957 0.182302 -0.410929
1064.000000 3.517207 -23.839135 -6.174238 0.882220 0.138387 0.181525 -0.411808
1065.000000 3.494441 -23.835353 -6.239244 0.882456 0.137560 0.179890 -0.412298
1066.000000 3.501402 -23.818775 -6.334844 0.881868 0.137506 0.180430 -0.413335
1067.000000 3.494072 -23.820376 -6.374879 0.882000 0.137283 0.179916 -0.413352
1068.000000 3.459656 -23.838948 -6.368128 0.883028 0.136439 0.177409 -0.412518
1069.000000 3.423302 -23.853654 -6.374116 0.883981 0.135471 0.174779 -0.411920
1070.000000 3.412277 -23.844804 -6.450741 0.883878 0.134970 0.174042 -0.412616
1071.000000 3.429599 -23.824266 -6.555261 0.882997 0.135255 0.175447 -0.413812
1072.000000 3.433195 -23.827259 -6.580536 0.883040 0.135439 0.175714 -0.413546
1073.000000 3.414095 -23.844390 -6.565749 0.883849 0.135077 0.174255 -0.412554
1074.000000 3.419722 -23.844869 -6.599205 0.883811 0.135248 0.174583 -0.412440
1075.000000 3.443131 -23.826152 -6.693971 0.882940 0.135695 0.176242 -0.413452
1076.000000 3.413208 -23.823548 -6.758794 0.883250 0.134725 0.174270 -0.413943
1077.000000 3.372668 -23.831845 -6.791158 0.883989 0.133617 0.171622 -0.413831
1078.000000 3.335249 -23.814102 -6.911086 0.883902 0.132279 0.169427 -0.415348
1079.000000 3.326041 -23.788932 -7.041103 0.883240 0.131732 0.169166 -0.417032
1080.000000 3.329456 -23.783858 -7.095960 0.883034 0.131794 0.169489 -0.417319
1081.000000 3.315940 -23.788830 -7.124270 0.883364 0.131430 0.168533 -0.417122
1082.000000 3.267994 -23.792110 -7.172107 0.884056 0.130060 0.165480 -0.417308
1083.000000 3.242767 -23.796690 -7.209107 0.884481 0.129347 0.163833 -0.417279
1084.000000 3.210029 -23.801922 -7.248279 0.884976 0.128457 0.161809 -0.417293
1085.000000 3.200952 -23.809199 -7.267771 0.885279 0.128292 0.161227 -0.416928
1086.000000 3.234543 -23.805847 -7.302752 0.884816 0.129216 0.163283 -0.416825
1087.000000 3.236199 -23.785163 -7.409203 0.884214 0.129010 0.163523 -0.418069
1088.000000 3.216713 -23.781124 -7.469397 0.884323 0.128414 0.162380 -0.418467
1089.000000 3.175899 -23.789479 -7.499305 0.884998 0.127368 0.159899 -0.418315
1090.000000 3.149036 -23.794788 -7.532067 0.885422 0.126713 0.158351 -0.418207
1091.000000 3.147489 -23.799741 -7.555368 0.885560 0.126772 0.158327 -0.417906
1092.000000 3.169915 -23.772910 -7.669832 0.884583 0.127109 0.159855 -0.419289
1093.000000 3.177248 -23.741624 -7.803800 0.883668 0.126935 0.160432 -0.421046
1094.000000 3.161576 -23.747353 -7.832878 0.884002 0.126523 0.159391 -0.420863
1095.000000 3.113612 -23.733305 -7.932154 0.884130 0.125092 0.156771 -0.422006
1096.000000 3.053580 -23.718229 -8.036736 0.884333 0.123382 0.153581 -0.423256
1097.000000 3.033772 -23.718320 -8.086282 0.884478 0.122889 0.152588 -0.423455
1098.000000 3.063835 -23.728372 -8.087701 0.884415 0.123788 0.154238 -0.422727
1099.000000 3.123846 -23.729800 -8.098068 0.883890 0.125371 0.157509 -0.422150
1100.000000 3.143612 -23.730626 -8.128293 0.883725 0.125863 0.158529 -0.421968
1101.000000 3.096430 -23.727054 -8.197185 0.884093 0.124578 0.155935 -0.422544
1102.000000 3.023388 -23.761100 -8.165270 0.885660 0.123007 0.151716 -0.421258
1103.000000 2.973680 -23.784689 -8.153660 0.886718 0.121965 0.148906 -0.420337
1104.000000 2.979711 -23.759941 -8.261835 0.886010 0.121948 0.149522 -0.421615
1105.000000 2.991721 -23.746422 -8.333600 0.885562 0.122165 0.150314 -0.422210
1106.000000 2.991398 -23.738530 -8.394295 0.885392 0.122060 0.150280 -0.422608
1107.000000 2.965543 -23.733586 -8.456381 0.885526 0.121322 0.148841 -0.423049
1108.000000 2.940106 -23.723205 -8.533911 0.885499 0.120575 0.147535 -0.423777
1109.000000 2.903882 -23.723290 -8.586572 0.885790 0.119700 0.145721 -0.424045
1110.000000 2.878236 -23.705844 -8.684652 0.885552 0.118934 0.144576 -0.425147
1111.000000 2.876984 -23.673871 -8.812196 0.884773 0.118636 0.144740 -0.426793
1112.000000 2.906343 -23.656951 -8.886601 0.884130 0.119189 0.146304 -0.427438
1113.000000 2.910677 -23.650073 -8.942745 0.883933 0.119237 0.146566 -0.427742
1114.000000 2.847719 -23.671395 -8.944407 0.884960 0.117929 0.143332 -0.427077
1115.000000 2.806028 -23.694023 -8.936517 0.885825 0.117134 0.141167 -0.426223
1116.000000 2.810598 -23.700213 -8.959945 0.885923 0.117277 0.141344 -0.425921
1117.000000 2.862253 -23.686048 -9.020816 0.885177 0.118386 0.143957 -0.426289
1118.000000 2.872646 -23.675094 -9.085842 0.884839 0.118536 0.144512 -0.426762
1119.000000 2.823855 -23.642563 -9.222967 0.884489 0.117114 0.142298 -0.428619
1120.000000 2.807054 -23.595158 -9.386226 0.883546 0.116351 0.141752 -0.430947
1121.000000 2.811263 -23.584098 -9.451262 0.883263 0.116377 0.142043 -0.431424
1122.000000 2.799625 -23.575352 -9.515672 0.883134 0.116088 0.141641 -0.431898
1123.000000 2.794042 -23.570488 -9.568410 0.883060 0.115944 0.141451 -0.432150
1124.000000 2.808070 -23.545009 -9.667580 0.882379 0.116048 0.142212 -0.433262
1125.000000 2.791117 -23.523280 -9.767656 0.881988 0.115504 0.141580 -0.434408
1126.000000 2.752249 -23.534905 -9.791087 0.882519 0.114720 0.139751 -0.434131
1127.000000 2.716699 -23.516843 -9.883149 0.882375 0.113809 0.138257 -0.435139
1128.000000 2.715923 -23.513216 -9.930335 0.882309 0.113772 0.138249 -0.435285
1129.000000 2.750433 -23.531837 -9.915594 0.882483 0.114652 0.139672 -0.434248
1130.000000 2.741470 -23.570338 -9.865976 0.883399 0.114701 0.138996 -0.432585
1131.000000 2.724092 -23.583335 -9.877480 0.883828 0.114400 0.138107 -0.432073
1132.000000 2.699789 -23.586469 -9.917951 0.884041 0.113903 0.137047 -0.432107
1133.000000 2.679300 -23.590815 -9.952623 0.884264 0.113513 0.136166 -0.432030
1134.000000 2.681739 -23.602661 -9.962749 0.884502 0.113668 0.136237 -0.431480
1135.000000 2.694557 -23.606590 -9.989492 0.884501 0.113974 0.136764 -0.431235
1136.000000 2.694645 -23.566325 -10.123646 0.883639 0.113690 0.136956 -0.433012
1137.000000 2.664113 -23.529028 -10.257065 0.883058 0.112778 0.135808 -0.434794
1138.000000 2.628204 -23.452007 -10.478704 0.881688 0.111516 0.134672 -0.438239
1139.000000 2.592881 -23.381523 -10.680302 0.880472 0.110346 0.133556 -0.441312
1140.000000 2.564842 -23.355272 -10.781701 0.880126 0.109609 0.132519 -0.442497
1141.000000 2.542588 -23.361174 -10.813572 0.880384 0.109187 0.131573 -0.442368
1142.000000 2.520215 -23.375863 -10.829575 0.880787 0.108815 0.130614 -0.441942
1143.000000 2.492099 -23.374279 -10.883530 0.880873 0.108231 0.129530 -0.442234
1144.000000 2.456238 -23.338312 -11.011074 0.880321 0.107293 0.128300 -0.443917
1145.000000 2.448925 -23.280103 -11.174436 0.879199 0.106810 0.128286 -0.446255
1146.000000 2.470421 -23.265753 -11.236643 0.878817 0.107155 0.129190 -0.446664
1147.000000 2.478077 -23.317492 -11.163793 0.879838 0.107601 0.129213 -0.444536
1148.000000 2.467090 -23.401998 -11.025607 0.881613 0.107864 0.128331 -0.441198
1149.000000 2.446125 -23.466978 -10.931021 0.883034 0.107810 0.127158 -0.438702
1150.000000 2.430054 -23.478166 -10.953228 0.883319 0.107548 0.126478 -0.438389
1151.000000 2.427741 -23.467008 -11.018390 0.883087 0.107453 0.126482 -0.438877
1152.000000 2.432496 -23.469573 -11.050964 0.883108 0.107580 0.126685 -0.438746
1153.000000 2.446960 -23.432649 -11.164017 0.882305 0.107665 0.127437 -0.440121
1154.000000 2.454902 -23.398974 -11.270920 0.881612 0.107627 0.127885 -0.441387
1155.000000 2.434757 -23.388344 -11.336452 0.881525 0.107164 0.127124 -0.441893
1156.000000 2.402364 -23.326713 -11.507674 0.880521 0.106191 0.126156 -0.444400
1157.000000 2.391309 -23.227595 -11.744391 0.878712 0.105446 0.126175 -0.448135
1158.000000 2.410455 -23.132413 -11.965388 0.876809 0.105303 0.127323 -0.451560
1159.000000 2.458133 -23.085625 -12.085763 0.875665 0.105944 0.129297 -0.453066
1160.000000 2.453178 -23.117261 -12.066993 0.876277 0.106006 0.128945 -0.451967
1161.000000 2.438762 -23.148876 -12.052100 0.876915 0.105893 0.128273 -0.450947
1162.000000 2.440345 -23.138798 -12.114498 0.876676 0.105867 0.128396 -0.451382
1163.000000 2.439181 -23.163052 -12.110612 0.877099 0.105984 0.128289 -0.450562
1164.000000 2.436515 -23.193619 -12.092040 0.877671 0.106121 0.128110 -0.449466
1165.000000 2.431062 -23.209153 -12.099292 0.878027 0.106098 0.127811 -0.448861
1166.000000 2.414962 -23.200884 -12.153927 0.878001 0.105752 0.127222 -0.449160
1167.000000 2.389278 -23.199607 -12.197852 0.878142 0.105277 0.126285 -0.449260
1168.000000 2.354349 -23.209994 -12.222407 0.878531 0.104696 0.124984 -0.449000
1169.000000 2.307535 -23.198856 -12.291160 0.878569 0.103785 0.123363 -0.449585
1170.000000 2.316854 -23.143992 -12.432286 0.877519 0.103673 0.123909 -0.451507
1171.000000 2.312957 -23.100786 -12.555991 0.876723 0.103374 0.123946 -0.453109
1172.000000 2.268424 -23.084211 -12.637475 0.876607 0.102484 0.122464 -0.453938
1173.000000 2.211736 -23.078664 -12.698791 0.876760 0.101446 0.120540 -0.454391
1174.000000 2.177358 -23.066716 -12.766032 0.876702 0.100786 0.119429 -0.454942
1175.000000 2.193192 -23.036620 -12.855849 0.876100 0.100936 0.120112 -0.455888
1176.000000 2.217332 -23.046014 -12.872284 0.876175 0.101408 0.120893 -0.455433
1177.000000 2.220176 -23.077724 -12.851922 0.876752 0.101596 0.120827 -0.454296
1178.000000 2.212258 -23.090138 -12.868481 0.877034 0.101500 0.120470 -0.453868
1179.000000 2.216013 -23.076426 -12.931245 0.876784 0.101494 0.120635 -0.454309
1180.000000 2.252522 -23.030666 -13.046999 0.875796 0.101923 0.122058 -0.455736
1181.000000 2.284752 -22.988480 -13.157043 0.874885 0.102292 0.123323 -0.457060
1182.000000 2.264335 -22.956667 -13.256334 0.874418 0.101791 0.122777 -0.458212
1183.000000 2.254948 -22.904009 -13.388213 0.873550 0.101390 0.122675 -0.459979
1184.000000 2.245474 -22.861569 -13.501414 0.872864 0.101044 0.122543 -0.461392
1185.000000 2.216274 -22.850365 -13.564815 0.872794 0.100517 0.121682 -0.461866
1186.000000 2.189634 -22.851365 -13.606041 0.872934 0.100083 0.120844 -0.461916
1187.000000 2.176344 -22.842229 -13.661227 0.872864 0.099796 0.120403 -0.462226
1188.000000 2.179544 -22.831375 -13.717849 0.872678 0.099782 0.120505 -0.462554
1189.000000 2.187874 -22.791409 -13.822418 0.871971 0.099734 0.120891 -0.463794
1190.000000 2.138151 -22.766670 -13.910858 0.871767 0.098790 0.119408 -0.464762
1191.000000 2.129951 -22.754225 -13.972653 0.871585 0.098603 0.119207 -0.465195
1192.000000 2.169101 -22.741516 -14.027004 0.871202 0.099200 0.120485 -0.465457
1193.000000 2.149787 -22.741836 -14.068598 0.871289 0.098891 0.119899 -0.465510
1194.000000 2.107971 -22.754345 -14.095237 0.871655 0.098268 0.118599 -0.465290
1195.000000 2.098352 -22.780623 -14.094846 0.872116 0.098222 0.118225 -0.464532
1196.000000 2.132574 -22.798612 -14.099534 0.872269 0.098874 0.119239 -0.463846
1197.000000 2.162101 -22.748365 -14.213778 0.871337 0.099145 0.120310 -0.465261
1198.000000 2.141897 -22.703093 -14.327500 0.870701 0.098600 0.119793 -0.466698
1199.000000 2.111324 -22.728101 -14.331243 0.871251 0.098180 0.118723 -0.466033
1200.000000 2.109750 -22.763098 -14.314635 0.871835 0.098296 0.118548 -0.464960
1201.000000 2.089835 -22.746368 -14.383267 0.871640 0.097926 0.118050 -0.465531
1202.000000 2.105991 -22.688354 -14.513689 0.870608 0.097960 0.118775 -0.467265
1203.000000 2.162303 -22.640355 -14.620979 0.869591 0.098664 0.120624 -0.468536
1204.000000 2.190072 -22.606448 -14.708182 0.868938 0.098971 0.121565 -0.469440
1205.000000 2.148057 -22.578240 -14.795863 0.868673 0.098191 0.120412 -0.470390
1206.000000 2.073581 -22.552602 -14.884260 0.868572 0.096912 0.118314 -0.471374
1207.000000 2.060594 -22.563391 -14.909211 0.868791 0.096755 0.117920 -0.471101
1208.000000 2.106647 -22.546207 -14.968446 0.868334 0.097411 0.119317 -0.471456
1209.000000 2.129726 -22.489486 -15.089523 0.867357 0.097533 0.120141 -0.473018
1210.000000 2.121384 -22.436311 -15.208444 0.866572 0.097171 0.120028 -0.474557
1211.000000 2.072319 -22.426482 -15.268851 0.866617 0.096360 0.118639 -0.474989
1212.000000 2.013011 -22.442756 -15.292824 0.867088 0.095513 0.116937 -0.474723
1213.000000 1.998802 -22.446498 -15.329591 0.867180 0.095327 0.116582 -0.474678
1214.000000 2.066086 -22.406810 -15.418903 0.866294 0.096229 0.118638 -0.475604
1215.000000 2.130275 -22.349824 -15.532156 0.865168 0.096995 0.120615 -0.476999
1216.000000 2.164741 -22.314597 -15.616436 0.864509 0.097372 0.121652 -0.477853
1217.000000 2.156194 -22.304463 -15.670271 0.864408 0.097185 0.121406 -0.478136
1218.000000 2.112445 -22.315571 -15.699159 0.864755 0.096555 0.120153 -0.477952
1219.000000 2.092579 -22.320717 -15.734354 0.864900 0.096283 0.119626 -0.477878
1220.000000 2.125066 -22.270869 -15.840584 0.864011 0.096586 0.120678 -0.479158
1221.000000 2.198758 -22.185297 -15.989721 0.862435 0.097370 0.122944 -0.481258
1222.000000 2.248846 -22.117291 -16.115969 0.861220 0.097862 0.124511 -0.482928
1223.000000 2.208602 -22.097986 -16.186946 0.861092 0.097187 0.123479 -0.483557
1224.000000 2.123352 -22.137182 -16.183944 0.862002 0.096070 0.121086 -0.482764
1225.000000 2.104061 -22.169733 -16.182290 0.862544 0.095911 0.120503 -0.481972
1226.000000 2.079953 -22.124601 -16.287545 0.861946 0.095394 0.120028 -0.483263
1227.000000 2.094413 -22.121989 -16.328968 0.861850 0.095598 0.120424 -0.483295
1228.000000 2.089269 -22.109389 -16.385501 0.861696 0.095457 0.120287 -0.483632
1229.000000 2.079095 -22.103704 -16.432520 0.861670 0.095273 0.120001 -0.483785
1230.000000 2.083426 -22.137560 -16.424949 0.862162 0.095460 0.120012 -0.482867
1231.000000 2.075084 -22.163765 -16.431578 0.862562 0.095423 0.119719 -0.482232
1232.000000 2.073508 -22.147442 -16.493107 0.862325 0.095354 0.119755 -0.482662
1233.000000 2.119680 -22.095459 -16.596182 0.861397 0.095840 0.121107 -0.483883
1234.000000 2.186246 -22.023129 -16.722504 0.860104 0.096544 0.123038 -0.485553
1235.000000 2.233445 -21.961982 -16.835217 0.859047 0.097012 0.124447 -0.486970
1236.000000 2.237703 -21.981791 -16.848084 0.859318 0.097152 0.124503 -0.486450
1237.000000 2.168966 -21.972743 -16.908662 0.859437 0.096125 0.122764 -0.486885
1238.000000 2.148418 -21.975620 -16.947508 0.859549 0.095832 0.122224 -0.486881
1239.000000 2.160615 -21.978101 -16.982531 0.859536 0.096018 0.122534 -0.486790
1240.000000 2.149199 -21.957643 -17.050236 0.859275 0.095790 0.122324 -0.487347
1241.000000 2.140062 -21.939111 -17.114834 0.859043 0.095588 0.122136 -0.487843
1242.000000 2.139410 -21.942101 -17.150297 0.859095 0.095578 0.122089 -0.487766
1243.000000 2.150459 -21.956698 -17.169144 0.859272 0.095781 0.122308 -0.487359
1244.000000 2.138495 -21.934688 -17.237432 0.859008 0.095540 0.122077 -0.487928
1245.000000 2.079184 -21.908626 -17.316956 0.858848 0.094619 0.120691 -0.488735
1246.000000 2.081810 -21.885049 -17.385985 0.858502 0.094580 0.120833 -0.489314
1247.000000 2.117146 -21.885998 -17.419957 0.858393 0.095079 0.121702 -0.489194
1248.000000 2.136040 -21.876553 -17.468712 0.858197 0.095310 0.122187 -0.489370
1249.000000 2.129563 -21.804709 -17.599014 0.857209 0.094968 0.122224 -0.491157
1250.000000 2.116057 -21.796148 -17.651479 0.857130 0.094741 0.121907 -0.491418
1251.000000 2.123456 -21.786789 -17.701983 0.856970 0.094807 0.122107 -0.491633
1252.000000 2.147972 -21.767053 -17.761904 0.856621 0.095081 0.122751 -0.492029
1253.000000 2.165256 -21.749358 -17.820056 0.856327 0.095259 0.123209 -0.492392
1254.000000 2.154417 -21.781497 -17.822361 0.856798 0.095220 0.122866 -0.491665
1255.000000 2.130830 -21.798689 -17.843411 0.857118 0.094958 0.122258 -0.491309
1256.000000 2.077003 -21.782185 -17.909407 0.857070 0.094169 0.121024 -0.491849
1257.000000 2.037883 -21.744665 -17.998870 0.856683 0.093515 0.120200 -0.492849
1258.000000 2.071452 -21.759836 -18.015934 0.856779 0.094031 0.120969 -0.492397
1259.000000 2.129337 -21.846721 -17.942890 0.857775 0.095115 0.122110 -0.490167
1260.000000 2.133663 -21.846514 -17.982582 0.857757 0.095159 0.122186 -0.490172
1261.000000 2.078084 -21.823103 -18.057961 0.857620 0.094302 0.120897 -0.490897
1262.000000 2.007624 -21.788004 -18.147980 0.857376 0.093219 0.119304 -0.491918
1263.000000 1.967596 -21.752893 -18.232484 0.857042 0.092580 0.118465 -0.492822
1264.000000 1.984460 -21.725709 -18.300674 0.856632 0.092748 0.118965 -0.493383
1265.000000 2.051883 -21.730433 -18.326600 0.856477 0.093679 0.120548 -0.493091
1266.000000 2.129803 -21.749855 -18.334858 0.856475 0.094780 0.122306 -0.492452
1267.000000 2.216375 -21.784591 -18.324010 0.856642 0.096041 0.124204 -0.491440
1268.000000 2.247497 -21.799608 -18.342750 0.856732 0.096498 0.124863 -0.491028
1269.000000 2.160203 -21.758557 -18.441489 0.856474 0.095191 0.122945 -0.492215
1270.000000 2.088844 -21.711185 -18.544721 0.856077 0.094089 0.121428 -0.493492
1271.000000 2.086430 -21.655182 -18.649740 0.855339 0.093878 0.121522 -0.494787
1272.000000 2.140675 -21.592277 -18.754624 0.854337 0.094407 0.122945 -0.496065
1273.000000 2.149682 -21.583878 -18.800539 0.854215 0.094520 0.123195 -0.496192
1274.000000 2.156059 -21.561929 -18.863588 0.853916 0.094530 0.123382 -0.496658
1275.000000 2.176643 -21.549096 -18.915839 0.853679 0.094741 0.123850 -0.496907
1276.000000 2.219272 -21.572328 -18.925518 0.853829 0.095360 0.124734 -0.496310
1277.000000 2.219635 -21.583602 -18.954112 0.853952 0.095395 0.124714 -0.496096
1278.000000 2.171804 -21.548693 -19.039194 0.853649 0.094648 0.123715 -0.497010
1279.000000 2.142713 -21.505716 -19.130504 0.853181 0.094134 0.123172 -0.498045
1280.000000 2.152832 -21.494165 -19.181401 0.852999 0.094239 0.123443 -0.498270
1281.000000 2.193142 -21.556898 -19.144810 0.853689 0.094980 0.124209 -0.496755
1282.000000 2.201740 -21.645548 -19.081768 0.854823 0.095394 0.124196 -0.494725
1283.000000 2.210141 -21.653791 -19.110030 0.854913 0.095535 0.124362 -0.494501
1284.000000 2.138597 -21.637234 -19.176580 0.854929 0.094541 0.122787 -0.495057
1285.000000 2.053450 -21.644942 -19.217305 0.855292 0.093453 0.120856 -0.495112
1286.000000 1.983777 -21.652918 -19.255354 0.855608 0.092585 0.119292 -0.495108
1287.000000 1.957461 -21.642460 -19.309423 0.855552 0.092222 0.118747 -0.495405
1288.000000 2.021334 -21.627886 -19.359046 0.855163 0.092995 0.120200 -0.495581
1289.000000 2.153368 -21.637784 -19.374348 0.854870 0.094698 0.123065 -0.495060
1290.000000 2.219313 -21.619417 -19.428762 0.854430 0.095469 0.124536 -0.495304
1291.000000 2.208782 -21.566929 -19.528699 0.853808 0.095163 0.124418 -0.496464
1292.000000 2.200493 -21.542731 -19.594337 0.853539 0.094988 0.124298 -0.496990
1293.000000 2.228674 -21.572080 -19.593570 0.853825 0.095457 0.124869 -0.496265
1294.000000 2.256218 -21.618206 -19.580626 0.854316 0.095972 0.125390 -0.495188
1295.000000 2.288703 -21.650282 -19.581809 0.854603 0.096484 0.126020 -0.494433
1296.000000 2.279262 -21.590699 -19.688269 0.853868 0.096164 0.125955 -0.495779
1297.000000 2.248621 -21.501884 -19.827780 0.852845 0.095492 0.125509 -0.497780
1298.000000 2.211026 -21.490421 -19.883280 0.852826 0.094989 0.124729 -0.498104
1299.000000 2.138171 -21.512757 -19.906112 0.853342 0.094142 0.123087 -0.497790
1300.000000 2.122968 -21.582476 -19.870678 0.854272 0.094167 0.122588 -0.496310
1301.000000 2.158776 -21.662811 -19.819337 0.855159 0.094854 0.123160 -0.494507
1302.000000 2.189571 -21.714280 -19.800202 0.855693 0.095392 0.123695 -0.493346
1303.000000 2.181290 -21.717846 -19.836353 0.855763 0.095309 0.123525 -0.493283
1304.000000 2.182570 -21.692648 -19.902913 0.855448 0.095249 0.123616 -0.493817
1305.000000 2.137970 -21.613649 -20.032541 0.854611 0.094454 0.122847 -0.495608
1306.000000 2.141566 -21.623152 -20.060899 0.854720 0.094535 0.122911 -0.495389
1307.000000 2.184613 -21.695915 -20.016534 0.855488 0.095299 0.123670 -0.493724
1308.000000 2.171871 -21.697250 -20.055651 0.855546 0.095148 0.123397 -0.493721
1309.000000 2.153285 -21.665246 -20.132053 0.855208 0.094813 0.123064 -0.494455
1310.000000 2.167583 -21.652461 -20.184742 0.855000 0.094931 0.123374 -0.494714
1311.000000 2.174924 -21.665607 -20.209752 0.855135 0.095054 0.123489 -0.494428
1312.000000 2.150734 -21.687584 -20.227697 0.855481 0.094834 0.122937 -0.494010
1313.000000 2.119949 -21.711334 -20.244577 0.855865 0.094539 0.122239 -0.493573
1314.000000 2.125413 -21.757383 -20.234496 0.856405 0.094742 0.122244 -0.492596
1315.000000 2.156692 -21.819873 -20.203521 0.857066 0.095315 0.122765 -0.491204
1316.000000 2.187420 -21.880446 -20.173866 0.857709 0.095881 0.123283 -0.489841
1317.000000 2.197620 -21.919277 -20.169617 0.858153 0.096126 0.123410 -0.488982
1318.000000 2.164787 -21.904240 -20.228656 0.858075 0.095677 0.122742 -0.489375
1319.000000 2.143211 -21.889249 -20.286504 0.857962 0.095364 0.122310 -0.489741
1320.000000 2.123345 -21.883671 -20.334209 0.857955 0.095101 0.121892 -0.489909
1321.000000 2.142587 -21.910528 -20.342340 0.858224 0.095417 0.122237 -0.489291
1322.000000 2.182790 -21.920817 -20.365555 0.858233 0.095943 0.123073 -0.488962
1323.000000 2.195086 -21.870571 -20.458028 0.857589 0.095936 0.123446 -0.489999
1324.000000 2.185800 -21.828785 -20.544103 0.857107 0.095688 0.123335 -0.490917
1325.000000 2.216551 -21.893882 -20.511471 0.857787 0.096247 0.123824 -0.489496
1326.000000 2.241335 -21.961611 -20.475075 0.858523 0.096759 0.124199 -0.488007
1327.000000 2.213888 -21.953275 -20.525816 0.858510 0.096419 0.123660 -0.488234
1328.000000 2.214675 -21.974879 -20.542936 0.858756 0.096488 0.123620 -0.487798
1329.000000 2.243449 -22.049252 -20.500532 0.859543 0.097041 0.124028 -0.486195
1330.000000 2.232600 -22.038054 -20.552277 0.859453 0.096879 0.123825 -0.486438
1331.000000 2.162781 -21.967724 -20.672619 0.858846 0.095854 0.122542 -0.488035
1332.000000 2.102822 -21.952247 -20.734095 0.858845 0.095109 0.121333 -0.488485
1333.000000 2.118921 -22.035424 -20.683779 0.859775 0.095542 0.121475 -0.486726
1334.000000 2.171177 -22.129309 -20.617411 0.860725 0.096434 0.122339 -0.484650
1335.000000 2.183226 -22.126990 -20.659393 0.860649 0.096560 0.122589 -0.484697
1336.000000 2.150955 -22.083028 -20.750372 0.860217 0.096044 0.122019 -0.485710
1337.000000 2.121714 -22.074043 -20.802419 0.860197 0.095675 0.121432 -0.485964
1338.000000 2.111231 -22.080135 -20.835836 0.860305 0.095575 0.121201 -0.485851
1339.000000 2.106166 -22.051743 -20.904940 0.859997 0.095441 0.121164 -0.486431
1340.000000 2.132293 -22.084053 -20.906822 0.860304 0.095843 0.121633 -0.485691
1341.000000 2.188460 -22.163009 -20.856427 0.861061 0.096727 0.122607 -0.483927
1342.000000 2.232243 -22.208832 -20.842631 0.861463 0.097367 0.123393 -0.482883
1343.000000 2.226132 -22.205928 -20.886372 0.861443 0.097281 0.123267 -0.482968
1344.000000 2.172182 -22.165787 -20.974821 0.861130 0.096535 0.122246 -0.483934
1345.000000 2.126923 -22.134398 -21.052616 0.860892 0.095924 0.121388 -0.484694
1346.000000 2.151248 -22.161388 -21.060799 0.861133 0.096292 0.121835 -0.484080
1347.000000 2.215038 -22.257873 -20.991024 0.862061 0.097314 0.122933 -0.481943
1348.000000 2.253918 -22.345603 -20.932930 0.862954 0.098017 0.123524 -0.480046
1349.000000 2.283854 -22.394425 -20.917665 0.863422 0.098492 0.124006 -0.478983
1350.000000 2.277597 -22.471378 -20.875875 0.864317 0.098637 0.123680 -0.477421
1351.000000 2.226211 -22.511380 -20.877505 0.864926 0.098169 0.122535 -0.476709
1352.000000 2.167747 -22.502663 -20.931161 0.865006 0.097490 0.121365 -0.477001
1353.000000 2.149536 -22.466304 -21.010724 0.864652 0.097185 0.121078 -0.477779
1354.000000 2.200711 -22.466144 -21.045371 0.864497 0.097769 0.122134 -0.477671
1355.000000 2.286281 -22.512366 -21.026101 0.864774 0.098875 0.123777 -0.476518
1356.000000 2.293052 -22.520584 -21.055686 0.864852 0.098972 0.123884 -0.476327
1357.000000 2.212873 -22.439379 -21.190247 0.864169 0.097822 0.122421 -0.478179
1358.000000 2.187857 -22.375610 -21.300410 0.863515 0.097350 0.122050 -0.479550
1359.000000 2.170539 -22.415555 -21.300256 0.864006 0.097271 0.121610 -0.478793
1360.000000 2.174254 -22.446031 -21.306792 0.864339 0.097411 0.121631 -0.478158
1361.000000 2.212333 -22.446151 -21.341695 0.864235 0.097846 0.122411 -0.478059
1362.000000 2.239626 -22.443853 -21.381094 0.864129 0.098136 0.122956 -0.478051
1363.000000 2.258046 -22.498287 -21.361924 0.864679 0.098495 0.123200 -0.476919
1364.000000 2.309556 -22.581906 -21.307259 0.865466 0.099310 0.124045 -0.475099
1365.000000 2.308718 -22.613675 -21.312548 0.865828 0.099393 0.123951 -0.474445
1366.000000 2.267262 -22.617717 -21.351933 0.865994 0.098946 0.123107 -0.474455
1367.000000 2.300574 -22.621996 -21.383703 0.865942 0.099325 0.123769 -0.474300
1368.000000 2.256698 -22.656792 -21.391245 0.866452 0.098936 0.122797 -0.473702
1369.000000 2.233975 -22.683825 -21.403869 0.866818 0.098774 0.122294 -0.473196
1370.000000 2.240290 -22.676261 -21.450087 0.866719 0.098832 0.122453 -0.473324
1371.000000 2.247219 -22.662499 -21.503286 0.866549 0.098866 0.122617 -0.473585
1372.000000 2.289684 -22.665064 -21.536229 0.866449 0.099337 0.123465 -0.473449
1373.000000 2.304328 -22.661102 -21.578627 0.866364 0.099474 0.123747 -0.473502
1374.000000 2.245989 -22.647426 -21.638029 0.866388 0.098791 0.122595 -0.473901
1375.000000 2.244707 -22.648902 -21.675719 0.866411 0.098783 0.122567 -0.473868
1376.000000 2.214708 -22.647641 -21.719646 0.866479 0.098456 0.121979 -0.473963
1377.000000 2.219241 -22.700898 -21.703394 0.867040 0.098662 0.121964 -0.472897
1378.000000 2.277713 -22.737878 -21.698517 0.867273 0.099403 0.123050 -0.472034
1379.000000 2.275965 -22.729822 -21.746513 0.867191 0.099360 0.123032 -0.472198
1380.000000 2.277130 -22.745102 -21.769388 0.867355 0.099424 0.123035 -0.471881
1381.000000 2.258998 -22.788786 -21.765246 0.867881 0.099340 0.122556 -0.471057
1382.000000 2.209992 -22.843682 -21.752130 0.868612 0.098964 0.121455 -0.470072
1383.000000 2.222202 -22.886136 -21.745616 0.869037 0.099216 0.121602 -0.469195
1384.000000 2.246489 -22.881332 -21.787630 0.868918 0.099459 0.122086 -0.469237
1385.000000 2.197562 -22.856389 -21.857979 0.868788 0.098864 0.121174 -0.469841
1386.000000 2.229954 -22.888245 -21.860551 0.869042 0.099302 0.121751 -0.469128
1387.000000 2.233992 -22.953139 -21.831404 0.869728 0.099521 0.121691 -0.467826
1388.000000 2.310251 -22.962772 -21.852870 0.869612 0.100352 0.123248 -0.467456
1389.000000 2.595851 -22.898216 -21.928335 0.868085 0.103171 0.129222 -0.468065
1390.000000 3.092900 -22.899698 -21.902235 0.866564 0.108399 0.139253 -0.466825
1391.000000 3.721768 -22.868767 -21.876163 0.864142 0.114927 0.151860 -0.465821
1392.000000 4.370629 -22.693360 -21.977256 0.859955 0.121163 0.165038 -0.467504
1393.000000 4.903468 -22.315548 -22.288817 0.853908 0.125349 0.176323 -0.473327
1394.000000 5.381456 -21.876087 -22.650836 0.847327 0.128658 0.186547 -0.480296
1395.000000 5.896124 -21.536038 -22.883920 0.841569 0.132734 0.197087 -0.485077
1396.000000 6.480473 -21.437072 -22.854940 0.837923 0.138527 0.208251 -0.485104
1397.000000 7.052455 -21.582106 -22.586297 0.836738 0.145280 0.218520 -0.480637
1398.000000 7.476702 -22.003585 -22.080817 0.839062 0.151866 0.225145 -0.471404
1399.000000 7.588714 -22.649312 -21.425745 0.845328 0.156387 0.224951 -0.458652
1400.000000 7.358652 -23.258033 -20.892234 0.852959 0.157028 0.218244 -0.447407
1401.000000 7.048898 -23.787682 -20.438470 0.860097 0.156269 0.210490 -0.437615
1402.000000 6.957459 -24.162907 -20.062471 0.864428 0.156963 0.208168 -0.429875
1403.000000 7.383656 -24.201155 -19.896729 0.862448 0.161480 0.218247 -0.427173
1404.000000 8.387782 -23.689505 -20.144841 0.851077 0.169012 0.242853 -0.433733
1405.000000 9.421714 -23.063777 -20.443107 0.837505 0.175520 0.269045 -0.442032
1406.000000 10.498962 -22.125445 -20.980634 0.819810 0.180282 0.295882 -0.455921
1407.000000 11.650771 -20.826213 -21.723751 0.797147 0.183040 0.324023 -0.475460
1408.000000 12.928470 -19.228678 -22.497270 0.769504 0.184499 0.354149 -0.498399
1409.000000 14.342782 -17.466485 -23.110235 0.737644 0.185361 0.386290 -0.521827
