0.000000 0.000000 0.000000 -0.000000 -0.000000 0.000000 -0.000000 1.000000
1.000000 -0.027991 0.000426 -0.047343 -0.000146 0.069458 -0.000323 0.997585
2.000000 -0.038527 0.000256 -0.078484 -0.001901 0.142811 -0.000734 0.989748
3.000000 -0.040911 -0.000831 -0.105492 -0.004889 0.216565 -0.001390 0.976255
4.000000 -0.046641 -0.003004 -0.133689 -0.008611 0.286870 -0.002279 0.957928
5.000000 -0.059393 -0.005609 -0.162323 -0.012585 0.350538 -0.003223 0.936458
6.000000 -0.076116 -0.007675 -0.190366 -0.016463 0.405706 -0.003960 0.913847
7.000000 -0.088891 -0.009591 -0.220557 -0.020936 0.439111 -0.005027 0.898175
8.000000 -0.092627 -0.011661 -0.254814 -0.025867 0.449362 -0.006796 0.892949
9.000000 -0.092596 -0.014118 -0.290587 -0.031131 0.452216 -0.009054 0.891319
10.000000 -0.092126 -0.016782 -0.326598 -0.036103 0.454020 -0.011337 0.890187
11.000000 -0.090405 -0.018978 -0.363118 -0.039778 0.453530 -0.013140 0.890256
12.000000 -0.087584 -0.020666 -0.400047 -0.042239 0.451031 -0.014462 0.891391
13.000000 -0.084160 -0.021982 -0.437217 -0.043753 0.447134 -0.015406 0.893263
14.000000 -0.080205 -0.022972 -0.474500 -0.044590 0.442449 -0.016081 0.895540
15.000000 -0.075696 -0.023679 -0.511788 -0.045022 0.437580 -0.016587 0.897898
16.000000 -0.071052 -0.024271 -0.548968 -0.045322 0.433136 -0.017013 0.900027
17.000000 -0.067137 -0.025032 -0.585942 -0.045766 0.429729 -0.017446 0.901629
18.000000 -0.064900 -0.026296 -0.622644 -0.046600 0.427883 -0.017968 0.902453
19.000000 -0.064336 -0.028152 -0.659124 -0.047836 0.427356 -0.018594 0.902625
20.000000 -0.064791 -0.030532 -0.695479 -0.049371 0.427538 -0.019311 0.902442
21.000000 -0.065896 -0.033410 -0.731749 -0.051155 0.428113 -0.020111 0.902052
22.000000 -0.067694 -0.036821 -0.767929 -0.053184 0.429069 -0.020995 0.901460
23.000000 -0.070245 -0.040777 -0.804010 -0.055441 0.430402 -0.021964 0.900666
24.000000 -0.072612 -0.038452 -0.840409 -0.054241 0.431666 -0.021286 0.900150
25.000000 -0.074456 -0.025675 -0.877194 -0.047885 0.432751 -0.018137 0.900058
26.000000 -0.077254 -0.009677 -0.913711 -0.040580 0.434316 -0.014484 0.899729
27.000000 -0.081306 0.007812 -0.949806 -0.033260 0.436439 -0.010776 0.899054
28.000000 -0.086483 0.026917 -0.985437 -0.025867 0.439008 -0.007002 0.898083
29.000000 -0.093044 0.044814 -1.020640 -0.018338 0.441910 -0.003156 0.896866
30.000000 -0.100886 0.060285 -1.055561 -0.010609 0.445029 0.000767 0.895453
31.000000 -0.109131 0.076940 -1.090140 -0.002624 0.448249 0.004788 0.893892
32.000000 -0.117416 0.095752 -1.124298 0.005663 0.451450 0.008944 0.892233
33.000000 -0.125517 0.116844 -1.157978 0.014278 0.454518 0.013270 0.890524
34.000000 -0.134633 0.130780 -1.192044 0.019685 0.457947 0.015965 0.888618
35.000000 -0.144954 0.132236 -1.227249 0.020254 0.461811 0.016144 0.886600
36.000000 -0.154154 0.132022 -1.262715 0.020206 0.465176 0.015974 0.884843
37.000000 -0.161583 0.132854 -1.298252 0.020514 0.467826 0.015996 0.883438
38.000000 -0.167132 0.134783 -1.333892 0.021169 0.469762 0.016232 0.882390
39.000000 -0.170688 0.137865 -1.369655 0.022163 0.470986 0.016697 0.881704
40.000000 -0.172134 0.142162 -1.405548 0.023501 0.471499 0.017384 0.881382
41.000000 -0.171348 0.147742 -1.441566 0.025189 0.471299 0.018280 0.881424
42.000000 -0.168210 0.154665 -1.477688 0.027230 0.470384 0.019384 0.881829
43.000000 -0.162604 0.162993 -1.513883 0.029622 0.468751 0.020698 0.882591
44.000000 -0.154413 0.172783 -1.550099 0.032360 0.466396 0.022230 0.883705
45.000000 -0.143526 0.184090 -1.586273 0.035439 0.463314 0.023990 0.885160
46.000000 -0.129831 0.196972 -1.622323 0.038857 0.459502 0.025978 0.886946
47.000000 -0.113789 0.210006 -1.658302 0.042224 0.455119 0.027976 0.888989
48.000000 -0.097902 0.216650 -1.694851 0.043854 0.450897 0.029082 0.891024
49.000000 -0.083566 0.214638 -1.732229 0.043285 0.447195 0.029057 0.892916
50.000000 -0.071316 0.204736 -1.770283 0.040857 0.444100 0.028075 0.894605
51.000000 -0.061700 0.187835 -1.808776 0.036919 0.441685 0.026301 0.896024
52.000000 -0.055178 0.165252 -1.847425 0.031815 0.440025 0.023896 0.897104
53.000000 -0.051819 0.139482 -1.885952 0.025889 0.439196 0.021020 0.897772
54.000000 -0.052022 0.112112 -1.924169 0.019477 0.439277 0.017850 0.897963
55.000000 -0.056411 0.084217 -1.961937 0.012914 0.440352 0.014569 0.897614
56.000000 -0.065587 0.056721 -1.999164 0.006481 0.442495 0.011332 0.896676
57.000000 -0.079269 0.031188 -2.035797 0.000576 0.445583 0.008351 0.895202
58.000000 -0.094652 0.014973 -2.071920 -0.003189 0.448952 0.006453 0.893527
59.000000 -0.110366 0.010097 -2.107777 -0.004441 0.452310 0.005844 0.891831
60.000000 -0.126099 0.014874 -2.143455 -0.003595 0.455602 0.006319 0.890154
61.000000 -0.141541 0.027490 -2.178922 -0.001077 0.458772 0.007662 0.888520
62.000000 -0.156394 0.046226 -2.214115 0.002696 0.461757 0.009653 0.886950
63.000000 -0.170349 0.069297 -2.248987 0.007306 0.464495 0.012069 0.885463
64.000000 -0.183074 0.094790 -2.283549 0.012336 0.466930 0.014694 0.884086
65.000000 -0.194219 0.120665 -2.317894 0.017367 0.469006 0.017313 0.882854
66.000000 -0.203461 0.145079 -2.352188 0.022045 0.470682 0.019745 0.881807
67.000000 -0.210675 0.167567 -2.386549 0.026291 0.471950 0.021951 0.880960
68.000000 -0.215797 0.188057 -2.421059 0.030102 0.472817 0.023936 0.880321
69.000000 -0.218766 0.206482 -2.455792 0.033476 0.473284 0.025705 0.879898
70.000000 -0.219518 0.222775 -2.490806 0.036411 0.473356 0.027260 0.879696
71.000000 -0.217991 0.236871 -2.526149 0.038905 0.473034 0.028604 0.879720
72.000000 -0.214120 0.248704 -2.561854 0.040960 0.472321 0.029739 0.879972
73.000000 -0.207840 0.258210 -2.597942 0.042573 0.471217 0.030666 0.880455
74.000000 -0.199083 0.265321 -2.634421 0.043745 0.469724 0.031389 0.881170
75.000000 -0.187781 0.269968 -2.671284 0.044475 0.467841 0.031907 0.882116
76.000000 -0.173861 0.272082 -2.708510 0.044761 0.465567 0.032224 0.883293
77.000000 -0.157253 0.271591 -2.746065 0.044604 0.462900 0.032340 0.884697
78.000000 -0.137806 0.268417 -2.783904 0.044000 0.459825 0.032257 0.886332
79.000000 -0.115114 0.262457 -2.821975 0.042944 0.456290 0.031973 0.888219
80.000000 -0.088722 0.253614 -2.860200 0.041430 0.452232 0.031489 0.890381
81.000000 -0.059061 0.242345 -2.898401 0.039542 0.447726 0.030841 0.892763
82.000000 -0.027965 0.229979 -2.936334 0.037502 0.443054 0.030121 0.895204
83.000000 0.002508 0.217988 -2.973847 0.035541 0.438515 0.029425 0.897539
84.000000 0.030160 0.207921 -3.010898 0.033893 0.434414 0.028849 0.899613
85.000000 0.052682 0.201402 -3.047535 0.032788 0.431061 0.028493 0.901276
86.000000 0.067777 0.200063 -3.083851 0.032462 0.428767 0.028454 0.902383
87.000000 0.073225 0.205498 -3.119908 0.033149 0.427841 0.028826 0.902786
88.000000 0.066725 0.219212 -3.155662 0.035066 0.428590 0.029687 0.902330
89.000000 0.048380 0.237674 -3.191192 0.037691 0.430983 0.030795 0.901046
90.000000 0.021387 0.251679 -3.226919 0.039723 0.434587 0.031552 0.899200
91.000000 -0.012177 0.257992 -3.262931 0.040750 0.439116 0.031763 0.896944
92.000000 -0.049920 0.256226 -3.299115 0.040770 0.444240 0.031428 0.894428
93.000000 -0.089258 0.245994 -3.335397 0.039773 0.449618 0.030554 0.891812
94.000000 -0.127837 0.227492 -3.371746 0.037745 0.454912 0.029157 0.889258
95.000000 -0.163560 0.201522 -3.408172 0.034666 0.459788 0.027259 0.886933
96.000000 -0.193942 0.168076 -3.444757 0.030519 0.463912 0.024875 0.885006
97.000000 -0.216218 0.126708 -3.481605 0.025294 0.466946 0.022001 0.883650
98.000000 -0.227592 0.077162 -3.518769 0.019012 0.468562 0.018639 0.883029
99.000000 -0.228293 0.024929 -3.555949 0.012414 0.468806 0.015154 0.883084
100.000000 -0.222374 -0.017567 -3.592869 0.007071 0.468187 0.012351 0.883515
101.000000 -0.212930 -0.041713 -3.629771 0.004021 0.467098 0.010757 0.884131
102.000000 -0.202230 -0.041616 -3.666937 0.003932 0.465823 0.010711 0.884804
103.000000 -0.192547 -0.011403 -3.704250 0.007444 0.464623 0.012529 0.885389
104.000000 -0.183012 0.047461 -3.741043 0.014293 0.463368 0.016070 0.885905
105.000000 -0.168685 0.124198 -3.776575 0.023131 0.461467 0.020648 0.886615
106.000000 -0.145476 0.208021 -3.810451 0.032701 0.458477 0.025635 0.887734
107.000000 -0.115374 0.293218 -3.842397 0.042401 0.454679 0.030732 0.889115
108.000000 -0.082202 0.375427 -3.872484 0.051810 0.450559 0.035724 0.890526
109.000000 -0.050257 0.450912 -3.901240 0.060516 0.446616 0.040386 0.891763
110.000000 -0.023378 0.517386 -3.929469 0.068183 0.443250 0.044522 0.892692
111.000000 -0.001028 0.573877 -3.957951 0.074623 0.440364 0.048046 0.893422
112.000000 0.019237 0.618743 -3.987463 0.079635 0.437721 0.050877 0.894131
113.000000 0.041381 0.643768 -4.019718 0.082302 0.434980 0.052592 0.895127
114.000000 0.071595 0.622534 -4.059049 0.079726 0.431685 0.051816 0.896999
115.000000 0.110693 0.538166 -4.106603 0.070191 0.427876 0.047745 0.899842
116.000000 0.145515 0.412847 -4.156338 0.056403 0.424787 0.041593 0.902577
117.000000 0.164329 0.275927 -4.203264 0.041756 0.423449 0.034862 0.904286
118.000000 0.163505 0.146580 -4.246076 0.028320 0.424095 0.028498 0.904726
119.000000 0.151530 0.028267 -4.285219 0.016105 0.425719 0.022619 0.904429
120.000000 0.137286 -0.078858 -4.321297 0.004786 0.427333 0.017183 0.903918
121.000000 0.123566 -0.181413 -4.354850 -0.006232 0.428751 0.011931 0.903322
122.000000 0.111256 -0.287796 -4.385718 -0.017569 0.430017 0.006554 0.902626
123.000000 0.099080 -0.398515 -4.413686 -0.029112 0.431317 0.001083 0.901730
124.000000 0.078437 -0.484660 -4.441899 -0.037932 0.433475 -0.003089 0.900362
125.000000 0.041806 -0.516522 -4.475264 -0.041134 0.437221 -0.004525 0.898401
126.000000 -0.001540 -0.508401 -4.512854 -0.040317 0.441597 -0.003934 0.896299
127.000000 -0.037060 -0.489767 -4.551224 -0.038498 0.445138 -0.002814 0.894629
128.000000 -0.057423 -0.478867 -4.588636 -0.037461 0.447146 -0.002133 0.893674
129.000000 -0.068526 -0.473665 -4.625492 -0.036972 0.448230 -0.001799 0.893152
130.000000 -0.076984 -0.470391 -4.662169 -0.036659 0.449047 -0.001599 0.892754
131.000000 -0.084468 -0.468088 -4.698752 -0.036436 0.449765 -0.001460 0.892402
132.000000 -0.090955 -0.466773 -4.735248 -0.036308 0.450381 -0.001373 0.892097
133.000000 -0.096426 -0.466461 -4.771661 -0.036276 0.450898 -0.001337 0.891837
134.000000 -0.100868 -0.467166 -4.807994 -0.036339 0.451315 -0.001352 0.891624
135.000000 -0.104264 -0.468905 -4.844250 -0.036497 0.451631 -0.001419 0.891457
136.000000 -0.106599 -0.471692 -4.880429 -0.036750 0.451848 -0.001538 0.891336
137.000000 -0.107856 -0.475542 -4.916530 -0.037098 0.451965 -0.001709 0.891262
138.000000 -0.108021 -0.480472 -4.952550 -0.037540 0.451982 -0.001932 0.891235
139.000000 -0.107076 -0.486496 -4.988487 -0.038077 0.451899 -0.002207 0.891253
140.000000 -0.105006 -0.493631 -5.024335 -0.038709 0.451716 -0.002535 0.891318
141.000000 -0.101795 -0.501890 -5.060087 -0.039436 0.451433 -0.002914 0.891428
142.000000 -0.097426 -0.511290 -5.095736 -0.040258 0.451050 -0.003346 0.891584
143.000000 -0.091883 -0.521847 -5.131271 -0.041174 0.450566 -0.003830 0.891785
144.000000 -0.085151 -0.533575 -5.166682 -0.042185 0.449982 -0.004367 0.892030
145.000000 -0.077213 -0.546490 -5.201956 -0.043291 0.449296 -0.004956 0.892320
146.000000 -0.068056 -0.560604 -5.237080 -0.044491 0.448509 -0.005598 0.892653
147.000000 -0.057855 -0.575734 -5.272056 -0.045769 0.447637 -0.006283 0.893021
148.000000 -0.047115 -0.591351 -5.306928 -0.047079 0.446723 -0.006988 0.893405
149.000000 -0.036390 -0.606875 -5.341749 -0.048374 0.445814 -0.007685 0.893785
150.000000 -0.026246 -0.621714 -5.376587 -0.049604 0.444957 -0.008348 0.894138
151.000000 -0.017265 -0.635260 -5.411518 -0.050723 0.444198 -0.008950 0.894447
152.000000 -0.010029 -0.646901 -5.446630 -0.051682 0.443586 -0.009465 0.894690
153.000000 -0.005026 -0.656131 -5.482001 -0.052442 0.443159 -0.009869 0.894853
154.000000 -0.002489 -0.662714 -5.517678 -0.052985 0.442937 -0.010153 0.894928
155.000000 -0.002612 -0.666458 -5.553696 -0.053297 0.442934 -0.010308 0.894909
156.000000 -0.005590 -0.667171 -5.590080 -0.053366 0.443164 -0.010328 0.894791
157.000000 -0.011423 -0.664863 -5.626825 -0.053194 0.443625 -0.010212 0.894574
158.000000 -0.019770 -0.659904 -5.663872 -0.052814 0.444287 -0.009979 0.894271
159.000000 -0.030261 -0.652689 -5.701153 -0.052259 0.445116 -0.009648 0.893895
160.000000 -0.042522 -0.643625 -5.738601 -0.051564 0.446079 -0.009238 0.893459
161.000000 -0.056165 -0.633126 -5.776151 -0.050763 0.447145 -0.008768 0.892977
162.000000 -0.070792 -0.621620 -5.813740 -0.049889 0.448279 -0.008258 0.892462
163.000000 -0.086092 -0.609446 -5.851325 -0.048971 0.449457 -0.007723 0.891925
164.000000 -0.102019 -0.596649 -5.888891 -0.048011 0.450673 -0.007165 0.891368
165.000000 -0.118582 -0.583223 -5.926429 -0.047011 0.451929 -0.006584 0.890790
166.000000 -0.135788 -0.569159 -5.963930 -0.045969 0.453224 -0.005979 0.890190
167.000000 -0.153645 -0.554451 -6.001385 -0.044886 0.454559 -0.005351 0.889569
168.000000 -0.172160 -0.539090 -6.038783 -0.043761 0.455931 -0.004700 0.888926
169.000000 -0.191341 -0.523069 -6.076115 -0.042595 0.457343 -0.004026 0.888260
170.000000 -0.211195 -0.506381 -6.113370 -0.041388 0.458793 -0.003328 0.887572
171.000000 -0.231728 -0.489019 -6.150537 -0.040140 0.460282 -0.002607 0.886861
172.000000 -0.252950 -0.470975 -6.187604 -0.038850 0.461809 -0.001862 0.886126
173.000000 -0.274866 -0.452242 -6.224561 -0.037518 0.463375 -0.001094 0.885367
174.000000 -0.297485 -0.432812 -6.261394 -0.036144 0.464978 -0.000303 0.884584
175.000000 -0.320813 -0.412678 -6.298092 -0.034728 0.466619 0.000509 0.883776
176.000000 -0.344857 -0.391833 -6.334641 -0.033269 0.468298 0.001345 0.882943
177.000000 -0.365907 -0.372985 -6.371085 -0.031958 0.469757 0.002094 0.882215
178.000000 -0.375325 -0.362346 -6.407635 -0.031219 0.470409 0.002509 0.881893
179.000000 -0.373126 -0.359691 -6.444393 -0.031028 0.470270 0.002606 0.881973
180.000000 -0.359861 -0.364400 -6.481355 -0.031336 0.469391 0.002416 0.882431
181.000000 -0.336096 -0.375832 -6.518443 -0.032090 0.467821 0.001971 0.883238
182.000000 -0.302627 -0.393174 -6.555517 -0.033239 0.465610 0.001302 0.884364
183.000000 -0.260544 -0.415400 -6.592406 -0.034729 0.462806 0.000435 0.885779
184.000000 -0.210454 -0.441836 -6.628927 -0.036506 0.459455 -0.000604 0.887450
185.000000 -0.152961 -0.471813 -6.664889 -0.038518 0.455607 -0.001788 0.889346
186.000000 -0.088690 -0.504642 -6.700109 -0.040709 0.451308 -0.003089 0.891434
187.000000 -0.022212 -0.536751 -6.734634 -0.042840 0.446870 -0.004370 0.893562
188.000000 0.036705 -0.560867 -6.769090 -0.044429 0.442946 -0.005363 0.895431
189.000000 0.087436 -0.576508 -6.803808 -0.045450 0.439577 -0.006053 0.897034
190.000000 0.129904 -0.583589 -6.839034 -0.045904 0.436766 -0.006440 0.898380
191.000000 0.164039 -0.582026 -6.874951 -0.045793 0.434516 -0.006522 0.899476
192.000000 0.189770 -0.571727 -6.911675 -0.045117 0.432828 -0.006297 0.900325
193.000000 0.207018 -0.552594 -6.949259 -0.043878 0.431703 -0.005765 0.900929
194.000000 0.215697 -0.524527 -6.987691 -0.042074 0.431140 -0.004927 0.901290
195.000000 0.215714 -0.487419 -7.026892 -0.039703 0.431138 -0.003786 0.901404
196.000000 0.206967 -0.441161 -7.066717 -0.036763 0.431696 -0.002344 0.901267
197.000000 0.190249 -0.387373 -7.106836 -0.033363 0.432752 -0.000659 0.900895
198.000000 0.169391 -0.335249 -7.146504 -0.030084 0.434059 0.000977 0.900382
199.000000 0.145426 -0.288189 -7.185572 -0.027133 0.435550 0.002458 0.899752
200.000000 0.119262 -0.247377 -7.224063 -0.024574 0.437171 0.003748 0.899035
201.000000 0.091831 -0.213983 -7.262022 -0.022471 0.438866 0.004814 0.898258
202.000000 0.064038 -0.189102 -7.299506 -0.020886 0.440581 0.005623 0.897452
203.000000 0.036655 -0.173466 -7.336569 -0.019882 0.442261 0.006142 0.896645
204.000000 0.010615 -0.168133 -7.373254 -0.019524 0.443850 0.006341 0.895866
205.000000 -0.013117 -0.174298 -7.409579 -0.019874 0.445292 0.006186 0.895143
206.000000 -0.033559 -0.193176 -7.445516 -0.020996 0.446532 0.005643 0.894504
207.000000 -0.050655 -0.224175 -7.481022 -0.022842 0.447567 0.004734 0.893946
208.000000 -0.067526 -0.258756 -7.516249 -0.024894 0.448582 0.003722 0.893387
209.000000 -0.084410 -0.294459 -7.551247 -0.027003 0.449590 0.002682 0.892823
210.000000 -0.102643 -0.330151 -7.586036 -0.029101 0.450670 0.001649 0.892214
211.000000 -0.124522 -0.363961 -7.620665 -0.031080 0.451955 0.000685 0.891499
212.000000 -0.152416 -0.393967 -7.655182 -0.032830 0.453580 -0.000149 0.890611
213.000000 -0.188742 -0.418212 -7.689618 -0.034244 0.455678 -0.000790 0.889485
214.000000 -0.235967 -0.434704 -7.723947 -0.035212 0.458386 -0.001171 0.888055
215.000000 -0.296549 -0.441461 -7.758034 -0.035624 0.461837 -0.001231 0.886248
216.000000 -0.372948 -0.436502 -7.791578 -0.035371 0.466162 -0.000908 0.883991
217.000000 -0.467643 -0.417820 -7.824046 -0.034342 0.471490 -0.000138 0.881203
218.000000 -0.576721 -0.386402 -7.854920 -0.032602 0.477583 0.001045 0.877981
219.000000 -0.670059 -0.359038 -7.885326 -0.031091 0.482759 0.002072 0.875198
220.000000 -0.744334 -0.339879 -7.915991 -0.030028 0.486864 0.002805 0.872957
221.000000 -0.818318 -0.329060 -7.945578 -0.029407 0.490952 0.003279 0.870684
222.000000 -0.888181 -0.328022 -7.974495 -0.029297 0.494824 0.003450 0.868493
223.000000 -0.950239 -0.338073 -8.003272 -0.029768 0.498273 0.003273 0.866503
224.000000 -1.001955 -0.359833 -8.032444 -0.030892 0.501097 0.002710 0.864835
225.000000 -1.039398 -0.394597 -8.062644 -0.032738 0.503089 0.001710 0.863613
226.000000 -1.057504 -0.443905 -8.094300 -0.035371 0.504044 0.000222 0.862954
227.000000 -1.052190 -0.509250 -8.127699 -0.038855 0.503751 -0.001811 0.862973
228.000000 -1.026000 -0.588994 -8.162190 -0.043088 0.502351 -0.004332 0.863579
229.000000 -1.008649 -0.665186 -8.195019 -0.047116 0.501421 -0.006710 0.863893
230.000000 -1.000473 -0.734089 -8.226657 -0.050747 0.500973 -0.008831 0.863929
231.000000 -0.977826 -0.796994 -8.260040 -0.054044 0.499763 -0.010798 0.864407
232.000000 -0.940481 -0.853843 -8.295202 -0.057003 0.497787 -0.012619 0.865332
233.000000 -0.888298 -0.904599 -8.332069 -0.059619 0.495043 -0.014300 0.866703
234.000000 -0.821126 -0.949218 -8.370476 -0.061889 0.491528 -0.015849 0.868515
235.000000 -0.738809 -0.987653 -8.410162 -0.063811 0.487239 -0.017271 0.870763
236.000000 -0.642369 -1.019651 -8.450709 -0.065371 0.482231 -0.018560 0.873405
237.000000 -0.536435 -1.044345 -8.491514 -0.066530 0.476746 -0.019679 0.876299
238.000000 -0.426400 -1.060739 -8.532143 -0.067247 0.471062 -0.020583 0.879292
239.000000 -0.317765 -1.067816 -8.572417 -0.067479 0.465463 -0.021224 0.882236
240.000000 -0.216130 -1.064541 -8.612410 -0.067185 0.460234 -0.021556 0.884989
241.000000 -0.127029 -1.049957 -8.652400 -0.066329 0.455659 -0.021537 0.887419
242.000000 -0.053298 -1.025012 -8.692592 -0.064966 0.451884 -0.021185 0.889456
243.000000 0.004784 -0.992525 -8.732969 -0.063245 0.448923 -0.020576 0.891092
244.000000 0.047029 -0.955439 -8.773440 -0.061315 0.446784 -0.019788 0.892319
245.000000 0.073242 -0.916751 -8.813867 -0.059328 0.445472 -0.018899 0.893128
246.000000 0.084458 -0.879725 -8.854045 -0.057443 0.444932 -0.017999 0.893539
247.000000 0.085382 -0.848245 -8.893634 -0.055848 0.444917 -0.017202 0.893663
248.000000 0.081409 -0.826307 -8.932277 -0.054738 0.445145 -0.016628 0.893629
249.000000 0.078025 -0.817970 -8.969620 -0.054309 0.445333 -0.016394 0.893566
250.000000 0.080808 -0.827352 -9.005282 -0.054758 0.445198 -0.016615 0.893602
251.000000 0.095279 -0.858518 -9.038765 -0.056274 0.444465 -0.017405 0.893857
252.000000 0.123205 -0.911657 -9.069759 -0.058857 0.443047 -0.018770 0.894368
253.000000 0.161619 -0.981305 -9.098412 -0.062236 0.441092 -0.020565 0.895065
254.000000 0.207158 -1.061421 -9.125003 -0.066113 0.438770 -0.022633 0.895878
255.000000 0.256405 -1.145881 -9.150023 -0.070191 0.436252 -0.024818 0.896739
256.000000 0.305901 -1.228490 -9.174240 -0.074172 0.433712 -0.026967 0.897588
257.000000 0.352195 -1.303061 -9.198715 -0.077761 0.431329 -0.028921 0.898372
258.000000 0.391891 -1.363487 -9.224759 -0.080665 0.429282 -0.030519 0.899043
259.000000 0.421573 -1.403601 -9.253834 -0.082592 0.427754 -0.031601 0.899559
260.000000 0.437775 -1.417143 -9.287412 -0.083249 0.426928 -0.032005 0.899877
261.000000 0.437148 -1.399508 -9.326503 -0.082427 0.426971 -0.031613 0.899945
262.000000 0.418173 -1.355996 -9.370179 -0.080396 0.427941 -0.030544 0.899706
263.000000 0.382786 -1.296171 -9.416537 -0.077619 0.429715 -0.029028 0.899154
264.000000 0.336414 -1.224762 -9.464262 -0.074313 0.432016 -0.027202 0.898387
265.000000 0.285139 -1.145630 -9.512287 -0.070647 0.434543 -0.025185 0.897523
266.000000 0.235165 -1.062640 -9.559770 -0.066795 0.436997 -0.023093 0.896682
267.000000 0.192794 -0.979414 -9.606127 -0.062929 0.439082 -0.021039 0.895993
268.000000 0.164406 -0.899631 -9.650994 -0.059226 0.440504 -0.019132 0.895591
269.000000 0.156368 -0.827250 -9.694147 -0.055863 0.440970 -0.017474 0.895611
270.000000 0.175137 -0.766336 -9.735380 -0.053021 0.440186 -0.016170 0.896194
271.000000 0.227081 -0.719187 -9.774448 -0.050796 0.437866 -0.015274 0.897474
272.000000 0.316270 -0.680110 -9.811303 -0.048922 0.433835 -0.014655 0.899544
273.000000 0.426897 -0.646575 -9.845906 -0.047296 0.428819 -0.014202 0.902040
274.000000 0.546405 -0.617671 -9.878361 -0.045884 0.423389 -0.013863 0.904679
275.000000 0.665735 -0.592122 -9.909086 -0.044628 0.417952 -0.013589 0.907271
276.000000 0.775715 -0.568632 -9.938910 -0.043475 0.412921 -0.013334 0.909631
277.000000 0.867134 -0.545869 -9.969036 -0.042370 0.408713 -0.013051 0.911586
278.000000 0.931602 -0.522404 -10.000872 -0.041259 0.405736 -0.012698 0.912970
279.000000 0.963667 -0.497803 -10.035486 -0.040128 0.404246 -0.012255 0.913687
280.000000 0.960086 -0.472318 -10.073460 -0.038987 0.404387 -0.011722 0.913682
281.000000 0.917572 -0.446223 -10.115009 -0.037848 0.406295 -0.011102 0.912890
282.000000 0.834340 -0.419398 -10.159760 -0.036703 0.410033 -0.010391 0.911273
283.000000 0.727762 -0.387928 -10.205603 -0.035362 0.414802 -0.009548 0.909174
284.000000 0.608219 -0.351985 -10.251139 -0.033829 0.420123 -0.008597 0.906796
285.000000 0.481736 -0.313131 -10.295544 -0.032173 0.425718 -0.007580 0.904252
286.000000 0.354445 -0.272955 -10.338291 -0.030463 0.431310 -0.006541 0.901665
287.000000 0.232581 -0.233076 -10.379179 -0.028767 0.436628 -0.005523 0.899165
288.000000 0.122236 -0.195071 -10.418319 -0.027152 0.441411 -0.004569 0.896883
289.000000 0.026140 -0.159642 -10.456098 -0.025648 0.445552 -0.003696 0.894881
290.000000 -0.055533 -0.126826 -10.492945 -0.024257 0.449052 -0.002901 0.893172
291.000000 -0.122689 -0.096639 -10.529227 -0.022979 0.451916 -0.002184 0.891762
292.000000 -0.175241 -0.069096 -10.565248 -0.021815 0.454148 -0.001541 0.890658
293.000000 -0.213110 -0.044209 -10.601246 -0.020766 0.455751 -0.000973 0.889864
294.000000 -0.236211 -0.021989 -10.637397 -0.019831 0.456729 -0.000478 0.889385
295.000000 -0.244456 -0.002447 -10.673810 -0.019012 0.457082 -0.000056 0.889221
296.000000 -0.237750 0.014403 -10.710531 -0.018308 0.456812 0.000295 0.889375
297.000000 -0.215987 0.028548 -10.747538 -0.017718 0.455919 0.000575 0.889845
298.000000 -0.179054 0.039974 -10.784748 -0.017244 0.454401 0.000786 0.890630
299.000000 -0.126830 0.048662 -10.822011 -0.016886 0.452255 0.000927 0.891728
300.000000 -0.059191 0.054596 -10.859107 -0.016643 0.449480 0.000999 0.893135
301.000000 0.023987 0.057755 -10.895754 -0.016516 0.446071 0.001003 0.894845
302.000000 0.122822 0.058120 -10.931599 -0.016505 0.442023 0.000939 0.896851
303.000000 0.237395 0.055676 -10.966220 -0.016610 0.437334 0.000808 0.899146
304.000000 0.365413 0.050755 -10.999209 -0.016816 0.432095 0.000617 0.901671
305.000000 0.500015 0.044366 -11.030412 -0.017081 0.426586 0.000392 0.904286
306.000000 0.633743 0.037604 -11.060026 -0.017359 0.421109 0.000160 0.906844
307.000000 0.759050 0.031576 -11.088606 -0.017607 0.415971 -0.000052 0.909207
308.000000 0.868315 0.027405 -11.117038 -0.017778 0.411483 -0.000217 0.911244
309.000000 0.954330 0.026165 -11.146417 -0.017830 0.407939 -0.000312 0.912835
310.000000 1.014186 0.028439 -11.177548 -0.017739 0.405463 -0.000321 0.913939
311.000000 1.047439 0.034535 -11.210887 -0.017495 0.404075 -0.000238 0.914558
312.000000 1.053654 0.044758 -11.246696 -0.017084 0.403795 -0.000059 0.914690
313.000000 1.032396 0.059420 -11.285036 -0.016494 0.404636 0.000223 0.914329
314.000000 0.985625 0.078475 -11.325552 -0.015729 0.406515 0.000603 0.913509
315.000000 0.919853 0.101204 -11.367367 -0.014817 0.409157 0.001063 0.912343
316.000000 0.842126 0.126809 -11.409604 -0.013792 0.412270 0.001580 0.910956
317.000000 0.759587 0.154478 -11.451532 -0.012687 0.415559 0.002135 0.909475
318.000000 0.679480 0.183392 -11.492620 -0.011535 0.418735 0.002706 0.908031
319.000000 0.608731 0.212767 -11.532566 -0.010369 0.421526 0.003278 0.906751
320.000000 0.549997 0.242308 -11.571426 -0.009201 0.423831 0.003843 0.905686
321.000000 0.503399 0.272011 -11.609386 -0.008032 0.425652 0.004402 0.904840
322.000000 0.469015 0.301875 -11.646591 -0.006862 0.426990 0.004958 0.904217
323.000000 0.446520 0.331808 -11.683168 -0.005696 0.427862 0.005509 0.903810
324.000000 0.434929 0.361564 -11.719232 -0.004542 0.428308 0.006053 0.903601
325.000000 0.433186 0.390881 -11.754865 -0.003411 0.428373 0.006585 0.903571
326.000000 0.440215 0.419494 -11.790126 -0.002313 0.428100 0.007102 0.903700
327.000000 0.454932 0.447136 -11.825056 -0.001258 0.427532 0.007599 0.903967
328.000000 0.476247 0.473537 -11.859688 -0.000255 0.426712 0.008072 0.904351
329.000000 0.503082 0.498431 -11.894057 0.000686 0.425683 0.008517 0.904832
330.000000 0.534342 0.521546 -11.928195 0.001555 0.424488 0.008930 0.905388
331.000000 0.568923 0.542611 -11.962147 0.002342 0.423170 0.009306 0.906000
332.000000 0.605712 0.561349 -11.995965 0.003038 0.421771 0.009640 0.906646
333.000000 0.643991 0.577577 -12.029688 0.003637 0.420320 0.009931 0.907314
334.000000 0.683704 0.591266 -12.063318 0.004137 0.418819 0.010176 0.908003
335.000000 0.724858 0.602401 -12.096850 0.004539 0.417268 0.010377 0.908713
336.000000 0.767459 0.610966 -12.130278 0.004843 0.415666 0.010534 0.909443
337.000000 0.811513 0.616947 -12.163594 0.005049 0.414014 0.010646 0.910194
338.000000 0.857025 0.620331 -12.196787 0.005156 0.412312 0.010715 0.910965
339.000000 0.904001 0.621102 -12.229844 0.005164 0.410560 0.010740 0.911756
340.000000 0.952446 0.619248 -12.262751 0.005074 0.408757 0.010721 0.912566
341.000000 1.002310 0.614743 -12.295496 0.004886 0.406906 0.010658 0.913395
342.000000 1.050316 0.606970 -12.328369 0.004578 0.405128 0.010540 0.914188
343.000000 1.088177 0.594388 -12.362192 0.004098 0.403730 0.010339 0.914810
344.000000 1.107079 0.575359 -12.397903 0.003392 0.403037 0.010028 0.915123
345.000000 1.098081 0.548225 -12.436407 0.002403 0.403370 0.009581 0.914984
346.000000 1.052943 0.511648 -12.478319 0.001084 0.405024 0.008980 0.914262
347.000000 0.976192 0.469573 -12.522637 -0.000418 0.407816 0.008293 0.913026
348.000000 0.882671 0.430209 -12.567404 -0.001812 0.411200 0.007653 0.911511
349.000000 0.787715 0.402011 -12.611065 -0.002800 0.414620 0.007197 0.909962
350.000000 0.706331 0.393007 -12.652614 -0.003105 0.417543 0.007057 0.908624
351.000000 0.643514 0.401684 -12.692181 -0.002793 0.419808 0.007205 0.907580
352.000000 0.598598 0.418831 -12.730352 -0.002192 0.421444 0.007489 0.906821
353.000000 0.575650 0.436470 -12.767361 -0.001580 0.422300 0.007775 0.906421
354.000000 0.580857 0.453246 -12.803076 -0.000998 0.422151 0.008044 0.906489
355.000000 0.621349 0.471230 -12.837032 -0.000369 0.420736 0.008337 0.907145
356.000000 0.703798 0.492472 -12.868455 0.000372 0.417822 0.008692 0.908487
357.000000 0.821935 0.513793 -12.897076 0.001104 0.413639 0.009053 0.910395
358.000000 0.958947 0.527649 -12.923509 0.001557 0.408788 0.009292 0.912581
359.000000 1.097583 0.526143 -12.948996 0.001460 0.403884 0.009284 0.914762
360.000000 1.221051 0.501784 -12.975369 0.000555 0.399523 0.008919 0.916679
361.000000 1.322896 0.456859 -13.003510 -0.001070 0.395934 0.008239 0.918241
362.000000 1.405452 0.401965 -13.033131 -0.003039 0.393030 0.007409 0.919491
363.000000 1.471145 0.347259 -13.063926 -0.004990 0.390722 0.006583 0.920472
364.000000 1.520754 0.296224 -13.095977 -0.006801 0.388981 0.005811 0.921202
365.000000 1.554209 0.248902 -13.129513 -0.008470 0.387808 0.005097 0.921687
366.000000 1.571430 0.205311 -13.164697 -0.009999 0.387206 0.004441 0.921928
367.000000 1.572333 0.165470 -13.201631 -0.011390 0.387174 0.003848 0.921928
368.000000 1.556826 0.129397 -13.240350 -0.012644 0.387713 0.003320 0.921687
369.000000 1.524811 0.097111 -13.280827 -0.013761 0.388823 0.002858 0.921205
370.000000 1.476184 0.068635 -13.322970 -0.014743 0.390502 0.002465 0.920481
371.000000 1.410867 0.044308 -13.366616 -0.015580 0.392749 0.002149 0.919511
372.000000 1.329181 0.028333 -13.411493 -0.016130 0.395546 0.001973 0.918302
373.000000 1.231714 0.027531 -13.457258 -0.016164 0.398868 0.002038 0.916864
374.000000 1.119065 0.048858 -13.503492 -0.015451 0.402687 0.002448 0.915204
375.000000 0.991856 0.099338 -13.549616 -0.013758 0.406974 0.003300 0.913330
376.000000 0.855561 0.185717 -13.594466 -0.010865 0.411537 0.004685 0.911316
377.000000 0.731197 0.313801 -13.635855 -0.006587 0.415665 0.006676 0.909469
378.000000 0.638835 0.487547 -13.671896 -0.000802 0.418691 0.009331 0.908081
379.000000 0.581947 0.703921 -13.701544 0.006383 0.420503 0.012607 0.907181
380.000000 0.559923 0.958027 -13.723624 0.014800 0.421123 0.016438 0.906734
381.000000 0.571873 1.244431 -13.736743 0.024268 0.420576 0.020757 0.906695
382.000000 0.615961 1.553570 -13.739867 0.034472 0.418902 0.025434 0.907021
383.000000 0.689992 1.873141 -13.732843 0.045003 0.416159 0.030303 0.907672
384.000000 0.792087 2.190910 -13.716518 0.055452 0.412416 0.035199 0.908625
385.000000 0.920362 2.494731 -13.692737 0.065408 0.407747 0.039959 0.909872
386.000000 1.067984 2.772972 -13.664589 0.074483 0.402401 0.044417 0.911347
387.000000 1.212673 3.015307 -13.637308 0.082354 0.397145 0.048381 0.912772
388.000000 1.333690 3.213388 -13.616967 0.088772 0.392711 0.051666 0.913908
389.000000 1.427225 3.365649 -13.606985 0.093695 0.389256 0.054221 0.914746
390.000000 1.493515 3.472210 -13.609468 0.097134 0.386793 0.056030 0.915323
391.000000 1.532781 3.533215 -13.625853 0.099098 0.385329 0.057082 0.915665
392.000000 1.546130 3.548416 -13.656909 0.099584 0.384835 0.057377 0.915802
393.000000 1.539598 3.515567 -13.702699 0.098510 0.385110 0.056909 0.915832
394.000000 1.520782 3.431509 -13.762690 0.095762 0.385900 0.055672 0.915867
395.000000 1.497332 3.292666 -13.835774 0.091217 0.386946 0.053661 0.916009
396.000000 1.477068 3.095006 -13.920186 0.084742 0.387983 0.050865 0.916352
397.000000 1.468051 2.834072 -14.013331 0.076193 0.388738 0.047268 0.916975
398.000000 1.478546 2.505128 -14.111493 0.065426 0.388925 0.042840 0.917944
399.000000 1.517101 2.103342 -14.209556 0.052303 0.388249 0.037537 0.919303
400.000000 1.590461 1.628890 -14.300337 0.036851 0.386460 0.031360 0.921036
401.000000 1.696603 1.103361 -14.374795 0.019796 0.383567 0.024570 0.922974
402.000000 1.829783 0.555398 -14.426482 0.002068 0.379705 0.017504 0.924940
403.000000 1.978492 0.016451 -14.453870 -0.015327 0.375207 0.010531 0.926754
404.000000 2.129148 -0.480925 -14.460699 -0.031357 0.370502 0.004041 0.928293
405.000000 2.269020 -0.907063 -14.455095 -0.045086 0.366018 -0.001593 0.929514
406.000000 2.390310 -1.246842 -14.446319 -0.056033 0.362050 -0.006158 0.930453
407.000000 2.486962 -1.489858 -14.443123 -0.063865 0.358845 -0.009486 0.931161
408.000000 2.553005 -1.625569 -14.453207 -0.068246 0.356643 -0.011404 0.931675
409.000000 2.582294 -1.642865 -14.482413 -0.068826 0.355672 -0.011741 0.931999
410.000000 2.570368 -1.534805 -14.532852 -0.065396 0.356084 -0.010403 0.932105
411.000000 2.521355 -1.315272 -14.599459 -0.058428 0.357713 -0.007589 0.931971
412.000000 2.441740 -1.004062 -14.674196 -0.048578 0.360302 -0.003589 0.931563
413.000000 2.339955 -0.622868 -14.748383 -0.036552 0.363535 0.001284 0.930862
414.000000 2.243596 -0.211209 -14.811481 -0.023605 0.366512 0.006487 0.930091
415.000000 2.190597 0.183085 -14.856300 -0.011232 0.368057 0.011390 0.929666
416.000000 2.179673 0.525967 -14.886255 -0.000488 0.368253 0.015607 0.929594
417.000000 2.156090 0.795306 -14.914262 0.007955 0.368853 0.018928 0.929261
418.000000 2.114717 0.988739 -14.945107 0.014045 0.370037 0.021320 0.928666
419.000000 2.062241 1.108598 -14.980428 0.017860 0.371594 0.022797 0.927943
420.000000 2.005117 1.157400 -15.020731 0.019475 0.373309 0.023381 0.927208
421.000000 1.950674 1.137465 -15.065555 0.018953 0.374960 0.023100 0.926560
422.000000 1.907559 1.050773 -15.113619 0.016353 0.376320 0.021984 0.926084
423.000000 1.881359 0.900627 -15.162974 0.011790 0.377218 0.020084 0.925832
424.000000 1.857963 0.708577 -15.212526 0.005950 0.378057 0.017671 0.925594
425.000000 1.812139 0.506945 -15.262651 -0.000156 0.379573 0.015144 0.925038
426.000000 1.754258 0.327739 -15.310898 -0.005559 0.381426 0.012904 0.924293
427.000000 1.747611 0.195655 -15.350533 -0.009558 0.381698 0.011264 0.924169
428.000000 1.776070 0.118315 -15.384687 -0.011920 0.380887 0.010306 0.924487
429.000000 1.804648 0.095076 -15.418135 -0.012648 0.380051 0.010010 0.924825
430.000000 1.829644 0.118400 -15.451592 -0.011974 0.379299 0.010282 0.925139
431.000000 1.848040 0.180549 -15.485286 -0.010137 0.378719 0.011029 0.925390
432.000000 1.856829 0.273741 -15.519244 -0.007374 0.378394 0.012160 0.925535
433.000000 1.853669 0.390069 -15.553470 -0.003920 0.378409 0.013581 0.925531
434.000000 1.836331 0.521659 -15.588061 -0.000010 0.378847 0.015194 0.925335
435.000000 1.801796 0.660726 -15.623255 0.004126 0.379795 0.016898 0.924907
436.000000 1.746984 0.799400 -15.659475 0.008254 0.381341 0.018590 0.924211
437.000000 1.669055 0.929678 -15.697281 0.012142 0.383565 0.020167 0.923214
438.000000 1.594531 1.040367 -15.734596 0.015448 0.385690 0.021494 0.922249
439.000000 1.556343 1.124263 -15.769178 0.017943 0.386760 0.022497 0.921731
440.000000 1.555348 1.181118 -15.801659 0.019618 0.386759 0.023183 0.921681
441.000000 1.591686 1.210831 -15.832337 0.020473 0.385689 0.023558 0.922101
442.000000 1.665429 1.213364 -15.861104 0.020506 0.383552 0.023628 0.922989
443.000000 1.769293 1.196098 -15.887713 0.019938 0.380554 0.023483 0.924246
444.000000 1.881041 1.181497 -15.912505 0.019436 0.377323 0.023382 0.925582
445.000000 1.977888 1.192097 -15.936495 0.019672 0.374503 0.023573 0.926717
446.000000 2.051026 1.231788 -15.960734 0.020763 0.372345 0.024085 0.927550
447.000000 2.099609 1.293901 -15.985973 0.022511 0.370871 0.024835 0.928079
448.000000 2.123054 1.371460 -16.012846 0.024713 0.370104 0.025743 0.928305
449.000000 2.121087 1.457134 -16.041949 0.027166 0.370063 0.026731 0.928224
450.000000 2.093411 1.543560 -16.073894 0.029670 0.370772 0.027716 0.927836
451.000000 2.039396 1.624414 -16.109258 0.032045 0.372252 0.028620 0.927137
452.000000 1.958380 1.707171 -16.147147 0.034503 0.374506 0.029521 0.926112
453.000000 1.857282 1.804597 -16.184920 0.037399 0.377314 0.030564 0.924825
454.000000 1.758307 1.914819 -16.219786 0.040654 0.380039 0.031743 0.923531
455.000000 1.684248 2.036144 -16.249428 0.044192 0.382033 0.033057 0.922499
456.000000 1.643679 2.186005 -16.270788 0.048491 0.383039 0.034723 0.921805
457.000000 1.637469 2.391233 -16.279316 0.054308 0.383004 0.037063 0.921404
458.000000 1.682532 2.641882 -16.272766 0.061346 0.381449 0.040005 0.921484
459.000000 1.791495 2.901502 -16.253660 0.068561 0.378049 0.043171 0.922233
460.000000 1.938249 3.162208 -16.224822 0.075766 0.373542 0.046451 0.923346
461.000000 2.093140 3.418098 -16.190135 0.082840 0.368768 0.049731 0.924486
462.000000 2.226380 3.649356 -16.158089 0.089270 0.364607 0.052720 0.925372
463.000000 2.310270 3.825922 -16.141460 0.094232 0.361904 0.054988 0.925809
464.000000 2.339807 3.932588 -16.147449 0.097278 0.360839 0.056317 0.925830
465.000000 2.322939 3.961227 -16.178721 0.098166 0.361223 0.056618 0.925568
466.000000 2.267359 3.902996 -16.236607 0.096640 0.362861 0.055807 0.925137
467.000000 2.179876 3.749291 -16.320723 0.092458 0.365569 0.053811 0.924616
468.000000 2.050813 3.528089 -16.422840 0.086448 0.369557 0.050934 0.923775
469.000000 1.874319 3.294698 -16.528679 0.080189 0.374863 0.047802 0.922368
470.000000 1.683720 3.076219 -16.627743 0.074385 0.380490 0.044823 0.920698
471.000000 1.516588 2.897372 -16.712550 0.069656 0.385364 0.042378 0.919155
472.000000 1.411051 2.783183 -16.777915 0.066625 0.388428 0.040844 0.918159
473.000000 1.398020 2.760581 -16.819531 0.065974 0.388836 0.040595 0.918045
474.000000 1.447266 2.831811 -16.840331 0.067818 0.387430 0.041531 0.918463
475.000000 1.536614 2.921571 -16.853849 0.070138 0.384904 0.042722 0.919295
476.000000 1.649949 2.944693 -16.875761 0.070627 0.381798 0.043186 0.920531
477.000000 1.768842 2.880639 -16.911204 0.068742 0.378633 0.042703 0.922002
478.000000 1.883965 3.072401 -16.901191 0.073848 0.375217 0.045105 0.922889
479.000000 1.984388 3.271429 -16.888418 0.079192 0.372174 0.047556 0.923555
480.000000 2.055819 3.424303 -16.885807 0.083297 0.369980 0.049414 0.923977
481.000000 2.086265 3.529473 -16.897052 0.086094 0.368981 0.050620 0.924055
482.000000 2.063489 3.583939 -16.925437 0.087505 0.369519 0.051127 0.923680
483.000000 1.980230 3.573326 -16.973711 0.087362 0.371792 0.050851 0.922796
484.000000 1.868585 3.505264 -17.036573 0.085727 0.374913 0.049847 0.921741
485.000000 1.738987 3.453646 -17.097015 0.084566 0.378483 0.048945 0.920437
486.000000 1.595038 3.501588 -17.137660 0.086089 0.382280 0.049100 0.918716
487.000000 1.442724 3.666473 -17.153210 0.090716 0.386113 0.050562 0.916587
488.000000 1.278800 3.596856 -17.217522 0.089069 0.390577 0.049371 0.914920
489.000000 1.108647 3.536408 -17.278431 0.087683 0.395168 0.048257 0.913140
490.000000 0.948157 3.527427 -17.326430 0.087655 0.399411 0.047739 0.911322
491.000000 0.811363 3.559097 -17.363511 0.088668 0.402961 0.047739 0.909660
492.000000 0.710102 3.621521 -17.391629 0.090434 0.405530 0.048193 0.908320
493.000000 0.640773 3.712509 -17.411683 0.092894 0.407222 0.049083 0.907266
494.000000 0.593283 3.833232 -17.423708 0.096102 0.408303 0.050376 0.906375
495.000000 0.557073 3.985017 -17.427330 0.100100 0.409037 0.052062 0.905515
496.000000 0.497473 4.140581 -17.429354 0.104224 0.410357 0.053727 0.904355
497.000000 0.341256 4.200808 -17.455189 0.106011 0.414298 0.053996 0.902332
498.000000 0.209837 4.236270 -17.485122 0.107129 0.417610 0.054026 0.900670
499.000000 0.139156 4.279235 -17.511702 0.108361 0.419332 0.054318 0.899705
500.000000 0.081511 4.315987 -17.539258 0.109424 0.420723 0.054580 0.898910
501.000000 0.018404 4.346983 -17.567970 0.110349 0.422279 0.054758 0.898056
502.000000 -0.059119 4.376072 -17.597270 0.111198 0.424260 0.054846 0.897012
503.000000 -0.148433 4.395606 -17.628551 0.111813 0.426544 0.054785 0.895855
504.000000 -0.238492 4.395395 -17.664174 0.111939 0.428841 0.054490 0.894760
505.000000 -0.316595 4.366257 -17.706665 0.111322 0.430863 0.053882 0.893902
506.000000 -0.346246 4.327759 -17.752000 0.110402 0.431667 0.053315 0.893663
507.000000 -0.251600 4.372728 -17.779008 0.111394 0.429213 0.054160 0.894670
508.000000 -0.154808 4.422592 -17.804224 0.112504 0.426701 0.055064 0.895677
509.000000 -0.097193 4.443683 -17.835836 0.112950 0.425221 0.055496 0.896298
510.000000 -0.042949 4.455492 -17.869572 0.113166 0.423842 0.055805 0.896904
511.000000 0.013860 4.464227 -17.903931 0.113299 0.422404 0.056086 0.897548
512.000000 0.072481 4.473051 -17.938114 0.113428 0.420922 0.056376 0.898210
513.000000 0.132214 4.485128 -17.971318 0.113634 0.419408 0.056704 0.898871
514.000000 0.192332 4.503612 -18.002738 0.113999 0.417877 0.057105 0.899512
515.000000 0.252089 4.531682 -18.031558 0.114604 0.416340 0.057614 0.900115
516.000000 0.310740 4.572538 -18.056938 0.115527 0.414811 0.058266 0.900661
517.000000 0.367548 4.629340 -18.078009 0.116850 0.413303 0.059092 0.901130
518.000000 0.422119 4.703806 -18.094203 0.118615 0.411821 0.060111 0.901510
519.000000 0.474427 4.796054 -18.105290 0.120824 0.410364 0.061323 0.901799
520.000000 0.524467 4.906110 -18.111009 0.123479 0.408931 0.062727 0.901994
521.000000 0.572231 5.033986 -18.111040 0.126580 0.407518 0.064324 0.902092
522.000000 0.617708 5.179675 -18.105013 0.130126 0.406123 0.066113 0.902087
523.000000 0.660887 5.343149 -18.092505 0.134120 0.404745 0.068093 0.901974
524.000000 0.701754 5.524345 -18.073041 0.138559 0.403380 0.070264 0.901748
525.000000 0.740226 5.722364 -18.046355 0.143425 0.402029 0.072615 0.901404
526.000000 0.775948 5.932984 -18.013269 0.148613 0.400705 0.075098 0.900949
527.000000 0.808496 6.151148 -17.975057 0.154002 0.399427 0.077656 0.900395
528.000000 0.837453 6.371821 -17.933224 0.159468 0.398216 0.080232 0.899754
529.000000 0.862411 6.590004 -17.889517 0.164889 0.397092 0.082767 0.899043
530.000000 0.882974 6.800765 -17.845923 0.170143 0.396078 0.085206 0.898284
531.000000 0.898760 6.999292 -17.804649 0.175107 0.395197 0.087492 0.897497
532.000000 0.909396 7.180847 -17.768094 0.179663 0.394474 0.089567 0.896710
533.000000 0.914510 7.340730 -17.738804 0.183691 0.393935 0.091376 0.895948
534.000000 0.913727 7.474268 -17.719423 0.187070 0.393605 0.092863 0.895241
535.000000 0.906729 7.577572 -17.712283 0.189702 0.393507 0.093980 0.894613
536.000000 0.893253 7.650572 -17.717986 0.191586 0.393650 0.094725 0.894070
537.000000 0.872000 7.697414 -17.735168 0.192830 0.394058 0.095135 0.893580
538.000000 0.841277 7.723381 -17.761783 0.193571 0.394759 0.095260 0.893096
539.000000 0.799365 7.733746 -17.795640 0.193948 0.395781 0.095150 0.892574
540.000000 0.744930 7.733928 -17.834375 0.194100 0.397140 0.094858 0.891968
541.000000 0.682560 7.731439 -17.874441 0.194202 0.398701 0.094492 0.891288
542.000000 0.621448 7.735370 -17.911499 0.194458 0.400209 0.094203 0.890587
543.000000 0.570851 7.754768 -17.941360 0.195069 0.401414 0.094142 0.889917
544.000000 0.535876 7.795110 -17.961559 0.196154 0.402177 0.094398 0.889307
545.000000 0.516862 7.857760 -17.971457 0.197749 0.402491 0.094986 0.888749
546.000000 0.513950 7.943152 -17.970651 0.199863 0.402349 0.095912 0.888240
547.000000 0.528261 8.048152 -17.960137 0.202418 0.401727 0.097150 0.887808
548.000000 0.561248 8.168414 -17.941388 0.205306 0.400595 0.098663 0.887490
549.000000 0.614405 8.299654 -17.915878 0.208415 0.398923 0.100414 0.887322
550.000000 0.688880 8.437531 -17.885176 0.211632 0.396691 0.102366 0.887338
551.000000 0.779878 8.575657 -17.852132 0.214810 0.394034 0.104424 0.887519
552.000000 0.878114 8.706119 -17.820820 0.217775 0.391204 0.106447 0.887808
553.000000 0.974411 8.821155 -17.795669 0.220359 0.388455 0.108296 0.888153
554.000000 1.063845 8.916617 -17.779431 0.222472 0.385927 0.109895 0.888532
555.000000 1.146264 8.992394 -17.772633 0.224111 0.383628 0.111241 0.888949
556.000000 1.221772 9.048565 -17.775604 0.225279 0.381559 0.112332 0.889406
557.000000 1.290457 9.085172 -17.788602 0.225977 0.379721 0.113170 0.889910
558.000000 1.352386 9.102221 -17.811817 0.226206 0.378114 0.113755 0.890461
559.000000 1.407606 9.099673 -17.845365 0.225966 0.376739 0.114087 0.891062
560.000000 1.456142 9.077448 -17.889300 0.225258 0.375596 0.114168 0.891713
561.000000 1.498006 9.035422 -17.943605 0.224080 0.374684 0.113998 0.892415
562.000000 1.533194 8.973424 -18.008196 0.222431 0.374004 0.113577 0.893166
563.000000 1.561684 8.891243 -18.082920 0.220310 0.373554 0.112905 0.893965
564.000000 1.583439 8.788626 -18.167551 0.217714 0.373333 0.111981 0.894809
565.000000 1.598406 8.665283 -18.261789 0.214642 0.373341 0.110807 0.895694
566.000000 1.606517 8.520896 -18.365257 0.211091 0.373575 0.109380 0.896615
567.000000 1.607691 8.355120 -18.477494 0.207058 0.374034 0.107701 0.897567
568.000000 1.601833 8.167597 -18.597954 0.202541 0.374716 0.105769 0.898542
569.000000 1.588837 7.957960 -18.725998 0.197538 0.375617 0.103584 0.899534
570.000000 1.568589 7.725850 -18.860892 0.192046 0.376734 0.101145 0.900533
571.000000 1.540855 7.472668 -19.001128 0.186105 0.378062 0.098470 0.901519
572.000000 1.504996 7.205872 -19.142981 0.179900 0.379590 0.095634 0.902442
573.000000 1.460276 6.934443 -19.282649 0.173644 0.381307 0.092725 0.903247
574.000000 1.405956 6.667621 -19.416822 0.167551 0.383205 0.089834 0.903886
575.000000 1.341299 6.414883 -19.542679 0.161838 0.385280 0.087052 0.904317
576.000000 1.265581 6.185877 -19.657840 0.156719 0.387528 0.084473 0.904503
577.000000 1.178102 5.990285 -19.760261 0.152410 0.389948 0.082190 0.904409
578.000000 1.081779 5.834812 -19.848797 0.149047 0.392465 0.080281 0.904053
579.000000 0.988860 5.718269 -19.924136 0.146569 0.394808 0.078783 0.903569
580.000000 0.913262 5.638096 -19.987202 0.144886 0.396676 0.077719 0.903115
581.000000 0.869191 5.589760 -20.039351 0.143866 0.397765 0.077091 0.902852
582.000000 0.871369 5.562311 -20.083463 0.143233 0.397775 0.076839 0.902970
583.000000 0.931994 5.544762 -20.122102 0.142720 0.396459 0.076892 0.903625
584.000000 1.052114 5.532065 -20.156139 0.142207 0.393804 0.077201 0.904840
585.000000 1.229826 5.520741 -20.185628 0.141617 0.389854 0.077722 0.906597
586.000000 1.463275 5.507283 -20.210179 0.140868 0.384650 0.078413 0.908874
587.000000 1.750620 5.488164 -20.229009 0.139881 0.378232 0.079232 0.911645
588.000000 2.086339 5.462947 -20.240519 0.138651 0.370711 0.080153 0.914836
589.000000 2.455534 5.439063 -20.242081 0.137372 0.362399 0.081192 0.918261
590.000000 2.841121 5.422838 -20.232544 0.136221 0.353665 0.082346 0.921729
591.000000 3.225173 5.417984 -20.212809 0.135321 0.344904 0.083582 0.925064
592.000000 3.589697 5.428024 -20.185164 0.134794 0.336518 0.084869 0.928107
593.000000 3.920031 5.455787 -20.152668 0.134741 0.328845 0.086181 0.930741
594.000000 4.215949 5.501684 -20.116808 0.135175 0.321894 0.087521 0.932980
595.000000 4.481240 5.565650 -20.078157 0.136093 0.315586 0.088901 0.934870
596.000000 4.719716 5.647670 -20.036933 0.137487 0.309836 0.090330 0.936450
597.000000 4.935176 5.747749 -19.993008 0.139353 0.304563 0.091820 0.937759
598.000000 5.131385 5.865900 -19.945934 0.141686 0.299679 0.093379 0.938828
599.000000 5.312047 6.002182 -19.894899 0.144484 0.295101 0.095016 0.939687
600.000000 5.481479 6.159001 -19.837925 0.147799 0.290719 0.096762 0.940359
601.000000 5.644796 6.341331 -19.771645 0.151744 0.286397 0.098668 0.940859
602.000000 5.807236 6.554284 -19.692101 0.156433 0.281993 0.100788 0.941196
603.000000 5.973379 6.802244 -19.595176 0.161971 0.277379 0.103170 0.941372
604.000000 6.144453 7.086160 -19.478384 0.168389 0.272510 0.105825 0.941374
605.000000 6.320620 7.405891 -19.339587 0.175697 0.267368 0.108752 0.941179
606.000000 6.501971 7.761185 -19.176382 0.183907 0.261936 0.111953 0.940763
607.000000 6.688515 8.151615 -18.986110 0.193029 0.256195 0.115427 0.940096
608.000000 6.880140 8.576512 -18.765880 0.203073 0.250128 0.119174 0.939146
609.000000 7.076583 9.034891 -18.512607 0.214042 0.243717 0.123196 0.937876
610.000000 7.277395 9.525363 -18.223065 0.225938 0.236948 0.127493 0.936244
611.000000 7.480739 10.044058 -17.895583 0.238705 0.229848 0.132042 0.934214
612.000000 7.680860 10.580323 -17.534321 0.252127 0.222570 0.136754 0.931769
613.000000 7.871480 11.122535 -17.145965 0.265953 0.215302 0.141525 0.928916
614.000000 8.046748 11.659710 -16.738772 0.279937 0.208238 0.146248 0.925680
615.000000 8.201361 12.181694 -16.322497 0.293836 0.201572 0.150815 0.922109
616.000000 8.330653 12.679342 -15.908230 0.307415 0.195502 0.155116 0.918267
617.000000 8.430667 13.144671 -15.508145 0.320450 0.190227 0.159038 0.914239
618.000000 8.498007 13.570745 -15.135208 0.332724 0.185941 0.162467 0.910124
619.000000 8.529652 13.951548 -14.802876 0.344031 0.182841 0.165287 0.906031
620.000000 8.522740 14.281778 -14.524781 0.354172 0.181120 0.167382 0.902076
621.000000 8.475530 14.558392 -14.311817 0.363006 0.180920 0.168658 0.898359
622.000000 8.391916 14.786353 -14.162328 0.370617 0.182145 0.169144 0.894906
623.000000 8.277491 14.972904 -14.069218 0.377161 0.184602 0.168925 0.891704
624.000000 8.137186 15.124717 -14.024613 0.382789 0.188104 0.168090 0.888727
625.000000 7.975470 15.247974 -14.020222 0.387645 0.192463 0.166737 0.885939
626.000000 7.796595 15.348465 -14.047561 0.391866 0.197496 0.164967 0.883302
627.000000 7.604750 15.431606 -14.098138 0.395588 0.203021 0.162880 0.880774
628.000000 7.404229 15.502567 -14.163556 0.398943 0.208856 0.160579 0.878315
629.000000 7.199555 15.566418 -14.235574 0.402063 0.214821 0.158168 0.875888
630.000000 6.995500 15.628211 -14.306135 0.405077 0.220737 0.155754 0.873458
631.000000 6.796837 15.692761 -14.367775 0.408109 0.226434 0.153441 0.870994
632.000000 6.606494 15.761380 -14.417993 0.411186 0.231823 0.151281 0.868503
633.000000 6.427196 15.832457 -14.457707 0.414249 0.236839 0.149299 0.866034
634.000000 6.261820 15.904213 -14.488062 0.417238 0.241414 0.147519 0.863637
635.000000 6.113220 15.974857 -14.510328 0.420092 0.245481 0.145965 0.861369
636.000000 5.984189 16.042607 -14.525866 0.422750 0.248973 0.144661 0.859283
637.000000 5.877419 16.105711 -14.536096 0.425153 0.251825 0.143634 0.857437
638.000000 5.795496 16.162462 -14.542451 0.427241 0.253973 0.142910 0.855885
639.000000 5.740956 16.211162 -14.546324 0.428955 0.255352 0.142517 0.854682
640.000000 5.716287 16.250128 -14.549013 0.430232 0.255900 0.142480 0.853882
641.000000 5.723925 16.277694 -14.551659 0.431011 0.255552 0.142827 0.853535
642.000000 5.765814 16.291854 -14.555754 0.431221 0.254261 0.143575 0.853689
643.000000 5.843476 16.289086 -14.564376 0.430745 0.251997 0.144724 0.854407
644.000000 5.958615 16.265476 -14.580608 0.429452 0.248727 0.146268 0.855752
645.000000 6.113191 16.216985 -14.607108 0.427207 0.244415 0.148203 0.857783
646.000000 6.309474 16.139397 -14.645996 0.423869 0.239016 0.150523 0.860552
647.000000 6.549286 16.028955 -14.698341 0.419309 0.232502 0.153214 0.864088
648.000000 6.828034 15.887398 -14.761424 0.413597 0.225003 0.156211 0.868279
649.000000 7.137650 15.719400 -14.830988 0.406907 0.216740 0.159417 0.872947
650.000000 7.469885 15.529716 -14.903342 0.399424 0.207934 0.162732 0.877919
651.000000 7.816236 15.323189 -14.975633 0.391340 0.198817 0.166055 0.883035
652.000000 8.167469 15.105730 -15.045307 0.382884 0.189628 0.169290 0.888134
653.000000 8.512969 14.885927 -15.109112 0.374377 0.180637 0.172352 0.893032
654.000000 8.841584 14.672999 -15.164985 0.366164 0.172120 0.175160 0.897562
655.000000 9.141843 14.476398 -15.212290 0.358596 0.164362 0.177642 0.901575
656.000000 9.402063 14.305769 -15.251556 0.352032 0.157649 0.179732 0.904940
657.000000 9.611179 14.170288 -15.284207 0.346813 0.152252 0.181374 0.907548
658.000000 9.764847 14.073502 -15.312805 0.343068 0.148275 0.182563 0.909390
659.000000 9.862459 14.015870 -15.339728 0.340807 0.145727 0.183319 0.910499
660.000000 9.903939 13.997489 -15.366440 0.340038 0.144608 0.183648 0.910899
661.000000 9.889068 14.018546 -15.393492 0.340760 0.144919 0.183555 0.910598
662.000000 9.817253 14.079476 -15.420521 0.342970 0.146662 0.183054 0.909590
663.000000 9.689084 14.157744 -15.466534 0.345970 0.149937 0.182064 0.908117
664.000000 9.485605 14.134161 -15.649751 0.346379 0.155961 0.179791 0.907399
665.000000 9.150544 14.151762 -15.868011 0.348712 0.165448 0.176284 0.905511
666.000000 8.711474 14.224409 -16.084394 0.353126 0.177423 0.171927 0.902366
667.000000 8.212260 14.333071 -16.284513 0.358746 0.190684 0.167126 0.898337
668.000000 7.698536 14.458401 -16.458954 0.364730 0.204046 0.162293 0.893867
669.000000 7.211182 14.584743 -16.605425 0.370372 0.216526 0.157771 0.889410
670.000000 6.763725 14.698893 -16.730604 0.375409 0.227900 0.153597 0.885177
671.000000 6.359763 14.793193 -16.843192 0.379689 0.238143 0.149722 0.881310
672.000000 6.001152 14.861218 -16.951799 0.383062 0.247248 0.146117 0.877942
673.000000 5.687222 14.922238 -17.042987 0.386038 0.255153 0.142932 0.874896
674.000000 5.438839 15.100949 -17.002980 0.391712 0.260818 0.141385 0.870946
675.000000 5.316437 15.232638 -16.960446 0.395624 0.263421 0.140951 0.868461
676.000000 5.288947 15.297155 -16.947223 0.397414 0.263861 0.141104 0.867484
677.000000 5.308196 15.310124 -16.965733 0.397688 0.263314 0.141406 0.867476
678.000000 5.326501 15.286877 -17.017132 0.397035 0.262939 0.141422 0.867886
679.000000 5.304375 15.239808 -17.102307 0.395942 0.263689 0.140791 0.868260
680.000000 5.233591 15.171048 -17.221108 0.394503 0.265753 0.139438 0.868505
681.000000 5.116728 15.081201 -17.370779 0.392724 0.269038 0.137409 0.868622
682.000000 4.990448 14.981577 -17.529313 0.390745 0.272562 0.135216 0.868760
683.000000 4.905864 14.888064 -17.668700 0.388759 0.275001 0.133560 0.869139
684.000000 4.875665 14.804360 -17.783602 0.386811 0.276056 0.132594 0.869821
685.000000 4.898448 14.729607 -17.876068 0.384886 0.275792 0.132276 0.870807
686.000000 4.972493 14.662822 -17.947671 0.382968 0.274269 0.132564 0.872089
687.000000 5.095160 14.602767 -17.999507 0.381037 0.271550 0.133415 0.873654
688.000000 5.263282 14.548146 -18.032283 0.379070 0.267691 0.134791 0.875488
689.000000 5.474313 14.497928 -18.046421 0.377041 0.262752 0.136658 0.877568
690.000000 5.725936 14.451091 -18.042145 0.374926 0.256790 0.138975 0.879872
691.000000 6.012311 14.405387 -18.021610 0.372688 0.249952 0.141649 0.882362
692.000000 6.292281 14.347430 -18.008320 0.370160 0.243299 0.144148 0.884878
693.000000 6.511715 14.260285 -18.035619 0.367145 0.238240 0.145811 0.887235
694.000000 6.662955 14.150817 -18.102656 0.363853 0.234951 0.146623 0.889332
695.000000 6.757714 14.039676 -18.190118 0.360752 0.233063 0.146850 0.891053
696.000000 6.805385 13.939758 -18.285339 0.358125 0.232289 0.146677 0.892342
697.000000 6.812673 13.855035 -18.383364 0.356035 0.232444 0.146201 0.893215
698.000000 6.786129 13.789129 -18.479382 0.354537 0.233349 0.145517 0.893687
699.000000 6.732266 13.745507 -18.568441 0.353682 0.234823 0.144719 0.893770
700.000000 6.657704 13.727449 -18.645511 0.353521 0.236686 0.143896 0.893474
701.000000 6.569326 13.738382 -18.705491 0.354108 0.238757 0.143135 0.892813
702.000000 6.474233 13.781903 -18.743205 0.355497 0.240854 0.142524 0.891795
703.000000 6.379324 13.860907 -18.753981 0.357726 0.242806 0.142143 0.890434
704.000000 6.285095 13.966698 -18.743744 0.360587 0.244637 0.141938 0.888810
705.000000 6.186373 14.080996 -18.727494 0.363665 0.246541 0.141740 0.887060
706.000000 6.093686 14.190044 -18.712008 0.366590 0.248318 0.141570 0.885386
707.000000 6.084308 14.270960 -18.689970 0.368534 0.248231 0.142027 0.884529
708.000000 6.229532 14.301283 -18.655419 0.368702 0.244684 0.143659 0.885184
709.000000 6.492260 14.283108 -18.616290 0.367257 0.238531 0.146133 0.887057
710.000000 6.808681 14.224685 -18.584618 0.364614 0.231243 0.148889 0.889615
711.000000 7.116261 14.133725 -18.575478 0.361196 0.224282 0.151359 0.892371
712.000000 7.365490 14.018040 -18.602387 0.357392 0.218789 0.153111 0.894963
713.000000 7.562209 13.885479 -18.658644 0.353378 0.214576 0.154255 0.897378
714.000000 7.727559 13.743593 -18.731307 0.349263 0.211124 0.155035 0.899670
715.000000 7.883124 13.600045 -18.806624 0.345151 0.207911 0.155700 0.901888
716.000000 8.036943 13.466591 -18.873356 0.341290 0.204720 0.156392 0.903965
717.000000 8.126724 13.370166 -18.939962 0.338594 0.202953 0.156683 0.905326
718.000000 8.078584 13.331096 -19.025048 0.337860 0.204277 0.156020 0.905417
719.000000 7.923831 13.345300 -19.117320 0.338830 0.207921 0.154694 0.904452
720.000000 7.723244 13.401766 -19.197061 0.340963 0.212453 0.153210 0.902848
721.000000 7.538145 13.489069 -19.246465 0.343735 0.216467 0.152053 0.901037
722.000000 7.415902 13.595616 -19.255634 0.346699 0.218909 0.151572 0.899391
723.000000 7.346682 13.709899 -19.237510 0.349639 0.220073 0.151605 0.897962
724.000000 7.306150 13.820625 -19.209935 0.352389 0.220576 0.151871 0.896718
725.000000 7.269727 13.916683 -19.190579 0.354782 0.221039 0.152088 0.895623
726.000000 7.212854 13.987092 -19.197040 0.356656 0.222078 0.151970 0.894641
727.000000 7.117567 14.023815 -19.241981 0.357890 0.224140 0.151305 0.893747
728.000000 6.981364 14.025698 -19.326573 0.358469 0.227278 0.150059 0.892932
729.000000 6.819154 14.000392 -19.438790 0.358517 0.231103 0.148411 0.892206
730.000000 6.683417 13.975482 -19.539925 0.358472 0.234299 0.147007 0.891622
731.000000 6.588793 13.960301 -19.619224 0.358488 0.236512 0.146041 0.891190
732.000000 6.533427 13.955968 -19.677461 0.358598 0.237794 0.145501 0.890894
733.000000 6.515395 13.963488 -19.715156 0.358830 0.238197 0.145368 0.890714
734.000000 6.532417 13.983670 -19.732570 0.359216 0.237772 0.145625 0.890630
735.000000 6.581380 14.016959 -19.729730 0.359785 0.236566 0.146252 0.890619
736.000000 6.659690 14.064188 -19.706472 0.360563 0.234631 0.147235 0.890654
737.000000 6.764944 14.126306 -19.662492 0.361578 0.232014 0.148562 0.890707
738.000000 6.894660 14.204153 -19.597414 0.362857 0.228767 0.150214 0.890751
739.000000 7.030876 14.290390 -19.522279 0.364299 0.225321 0.151982 0.890740
740.000000 7.120446 14.358267 -19.476080 0.365502 0.222997 0.153216 0.890621
741.000000 7.161363 14.400802 -19.465839 0.366313 0.221880 0.153855 0.890456
742.000000 7.172869 14.419335 -19.484098 0.366689 0.221532 0.154082 0.890349
743.000000 7.174144 14.415116 -19.523010 0.366585 0.221510 0.154083 0.890397
744.000000 7.184533 14.389886 -19.574145 0.365969 0.221371 0.154046 0.890692
745.000000 7.224492 14.348580 -19.626252 0.364873 0.220631 0.154191 0.891299
746.000000 7.314751 14.297356 -19.666847 0.363356 0.218798 0.154743 0.892275
747.000000 7.437029 14.241494 -19.698273 0.361606 0.216262 0.155562 0.893461
748.000000 7.566771 14.185627 -19.725990 0.359824 0.213558 0.156443 0.894676
749.000000 7.700883 14.134742 -19.747431 0.358134 0.210731 0.157388 0.895858
750.000000 7.834997 14.093536 -19.760770 0.356660 0.207854 0.158382 0.896943
751.000000 7.958885 14.064516 -19.768204 0.355497 0.205142 0.159350 0.897856
752.000000 8.061523 14.049173 -19.773630 0.354727 0.202848 0.160198 0.898531
753.000000 8.132043 14.048989 -19.781089 0.354431 0.201226 0.160835 0.898899
754.000000 8.159030 14.064909 -19.794977 0.354676 0.200533 0.161165 0.898898
755.000000 8.129929 14.094681 -19.822195 0.355463 0.201063 0.161063 0.898487
756.000000 8.031539 14.134885 -19.870150 0.356764 0.203123 0.160394 0.897627
757.000000 7.889887 14.183021 -19.929086 0.358412 0.206121 0.159378 0.896467
758.000000 7.737555 14.237193 -19.986683 0.360228 0.209325 0.158297 0.895188
759.000000 7.584599 14.294370 -20.041008 0.362104 0.212518 0.157225 0.893866
760.000000 7.438312 14.349805 -20.092729 0.363907 0.215559 0.156200 0.892585
761.000000 7.298960 14.399833 -20.144534 0.365556 0.218457 0.155206 0.891379
762.000000 7.163315 14.441473 -20.199874 0.366998 0.221294 0.154199 0.890261
763.000000 7.028042 14.471730 -20.262130 0.368182 0.224154 0.153133 0.889240
764.000000 6.889753 14.487590 -20.334596 0.369054 0.227121 0.151962 0.888326
765.000000 6.745025 14.486024 -20.420457 0.369564 0.230278 0.150639 0.887526
766.000000 6.591572 14.467174 -20.520081 0.369723 0.233669 0.149147 0.886825
767.000000 6.430594 14.440670 -20.625959 0.369737 0.237230 0.147548 0.886141
768.000000 6.264030 14.418040 -20.729235 0.369850 0.240877 0.145923 0.885379
769.000000 6.094792 14.411888 -20.820300 0.370315 0.244503 0.144370 0.884444
770.000000 5.926334 14.429696 -20.893161 0.371274 0.248014 0.142968 0.883292
771.000000 5.755688 14.448879 -20.964364 0.372252 0.251552 0.141558 0.882106
772.000000 5.578097 14.439109 -21.055824 0.372633 0.255315 0.139920 0.881125
773.000000 5.392107 14.391309 -21.173446 0.372245 0.259355 0.137984 0.880414
774.000000 5.200230 14.322144 -21.304357 0.371439 0.263554 0.135873 0.879836
775.000000 5.005280 14.250246 -21.434854 0.370597 0.267789 0.133729 0.879240
776.000000 4.808988 14.191792 -21.554120 0.370034 0.271977 0.131666 0.878503
777.000000 4.609520 14.153383 -21.658898 0.369870 0.276142 0.129713 0.877563
778.000000 4.404380 14.136853 -21.748871 0.370138 0.280334 0.127862 0.876391
779.000000 4.191203 14.127359 -21.834009 0.370546 0.284645 0.125999 0.875098
780.000000 3.969424 14.111247 -21.922851 0.370831 0.289124 0.124027 0.873790
781.000000 3.745444 14.106518 -22.002277 0.371339 0.293590 0.122113 0.872353
782.000000 3.527384 14.139057 -22.054271 0.372566 0.297815 0.120500 0.870621
783.000000 3.319969 14.212191 -22.076032 0.374561 0.301703 0.119257 0.868595
784.000000 3.123249 14.304029 -22.081755 0.376890 0.305319 0.118234 0.866461
785.000000 2.931426 14.406364 -22.077722 0.379408 0.308802 0.117323 0.864249
786.000000 2.735675 14.519108 -22.065152 0.382134 0.312329 0.116443 0.861896
787.000000 2.537300 14.637211 -22.047059 0.384963 0.315886 0.115571 0.859455
788.000000 2.395381 14.721943 -22.042930 0.386986 0.318427 0.114940 0.857692
789.000000 2.266222 14.776243 -22.056881 0.388373 0.320797 0.114197 0.856280
790.000000 2.139738 14.814336 -22.080683 0.389431 0.323154 0.113357 0.855024
791.000000 2.014760 14.848876 -22.105873 0.390416 0.325489 0.112504 0.853800
792.000000 1.889989 14.892642 -22.123875 0.391580 0.327795 0.111722 0.852487
793.000000 1.763258 14.958930 -22.126045 0.393174 0.330063 0.111098 0.850958
794.000000 1.635768 15.056258 -22.106320 0.395358 0.332262 0.110699 0.849140
795.000000 1.514790 15.175067 -22.070237 0.397933 0.334282 0.110521 0.847166
796.000000 1.410419 15.297636 -22.029097 0.400536 0.335973 0.110522 0.845268
797.000000 1.322460 15.411332 -21.991862 0.402927 0.337372 0.110604 0.843562
798.000000 1.193127 15.539792 -21.945333 0.405706 0.339527 0.110418 0.841386
799.000000 1.066729 15.681398 -21.887482 0.408734 0.341594 0.110357 0.839090
800.000000 0.949562 15.830364 -21.821948 0.411881 0.343464 0.110437 0.836774
801.000000 0.834129 15.983714 -21.751149 0.415110 0.345288 0.110567 0.834407
802.000000 0.712754 16.138578 -21.677368 0.418386 0.347221 0.110652 0.831954
803.000000 0.579158 16.291857 -21.602961 0.421664 0.349390 0.110603 0.829393
804.000000 0.438368 16.439580 -21.530670 0.424857 0.351709 0.110434 0.826802
805.000000 0.301005 16.578518 -21.462835 0.427874 0.353984 0.110218 0.824300
806.000000 0.177647 16.705551 -21.402065 0.430631 0.356022 0.110035 0.822008
807.000000 0.078768 16.817578 -21.351263 0.433040 0.357633 0.109966 0.820051
808.000000 0.010425 16.912841 -21.312456 0.435052 0.358706 0.110061 0.818503
809.000000 -0.043915 16.996532 -21.282091 0.436807 0.359544 0.110201 0.817180
810.000000 -0.103514 17.074900 -21.255402 0.438472 0.360496 0.110245 0.815862
811.000000 -0.172327 17.150406 -21.230461 0.440104 0.361629 0.110172 0.814491
812.000000 -0.240299 17.222141 -21.208131 0.441657 0.362748 0.110079 0.813164
813.000000 -0.297703 17.289310 -21.189297 0.443090 0.363666 0.110059 0.811976
814.000000 -0.346534 17.354425 -21.171946 0.444458 0.364420 0.110115 0.810882
815.000000 -0.395193 17.421815 -21.152352 0.445868 0.365165 0.110194 0.809761
816.000000 -0.452258 17.495853 -21.126634 0.447427 0.366059 0.110241 0.808490
817.000000 -0.526463 17.580941 -21.090740 0.449244 0.367256 0.110201 0.806944
818.000000 -0.622201 17.680120 -21.041619 0.451389 0.368830 0.110051 0.805048
819.000000 -0.721661 17.789545 -20.982563 0.453741 0.370450 0.109945 0.802993
820.000000 -0.800296 17.903251 -20.919335 0.456123 0.371661 0.110099 0.801061
821.000000 -0.843850 18.017749 -20.855655 0.458431 0.372197 0.110643 0.799418
822.000000 -0.882918 18.125150 -20.797329 0.460592 0.372664 0.111176 0.797883
823.000000 -1.051335 18.195887 -20.764131 0.462391 0.375701 0.109959 0.795583
824.000000 -1.182238 18.270343 -20.728057 0.464164 0.378005 0.109181 0.793564
825.000000 -1.280449 18.336605 -20.700023 0.465693 0.379698 0.108690 0.791925
826.000000 -1.358598 18.380623 -20.692270 0.466745 0.381058 0.108222 0.790716
827.000000 -1.427830 18.392227 -20.713534 0.467153 0.382333 0.107555 0.789950
828.000000 -1.486142 18.429124 -20.713109 0.468010 0.383380 0.107215 0.788981
829.000000 -1.563433 18.481723 -20.696889 0.469213 0.384734 0.106821 0.787660
830.000000 -1.694503 18.508648 -20.698935 0.470060 0.387164 0.105589 0.786129
831.000000 -1.869339 18.514522 -20.715301 0.470608 0.390462 0.103662 0.784425
832.000000 -2.024390 18.538304 -20.716520 0.471432 0.393330 0.102118 0.782698
833.000000 -2.030618 18.607934 -20.690028 0.472760 0.393260 0.102717 0.781852
834.000000 -2.060222 18.679998 -20.658351 0.474198 0.393628 0.103080 0.780748
835.000000 -2.115069 18.763566 -20.613499 0.475911 0.394457 0.103254 0.779263
836.000000 -2.188501 18.869421 -20.545812 0.478088 0.395590 0.103417 0.777332
837.000000 -2.269054 19.005870 -20.447631 0.480869 0.396777 0.103793 0.774958
838.000000 -2.354262 19.115732 -20.371908 0.483167 0.398116 0.103856 0.772830
839.000000 -2.415401 19.207535 -20.314689 0.485068 0.399043 0.104024 0.771137
840.000000 -2.387080 19.290589 -20.275587 0.486580 0.398295 0.105165 0.770416
841.000000 -2.363712 19.353147 -20.254911 0.487715 0.397693 0.106052 0.769888
842.000000 -2.368142 19.383098 -20.261887 0.488303 0.397702 0.106294 0.769477
843.000000 -2.384216 19.423809 -20.257045 0.489126 0.397901 0.106506 0.768822
844.000000 -2.421376 19.486682 -20.228206 0.490425 0.398436 0.106686 0.767692
845.000000 -2.480270 19.517293 -20.228050 0.491156 0.399452 0.106293 0.766750
846.000000 -2.548799 19.531803 -20.242727 0.491596 0.400703 0.105614 0.765909
847.000000 -2.622059 19.547585 -20.255378 0.492067 0.402043 0.104885 0.765004
848.000000 -2.696863 19.581078 -20.249841 0.492885 0.403365 0.104315 0.763858
849.000000 -2.771105 19.647920 -20.211094 0.494343 0.404592 0.104085 0.762297
850.000000 -2.920131 19.753664 -20.123311 0.496717 0.407136 0.103321 0.759498
851.000000 -3.094863 19.842657 -20.046237 0.498831 0.410208 0.102074 0.756623
852.000000 -3.221981 19.895287 -20.010741 0.500136 0.412473 0.101041 0.754666
853.000000 -3.323892 19.908856 -20.016936 0.500648 0.414354 0.099916 0.753445
854.000000 -3.404317 19.917290 -20.030683 0.501025 0.415836 0.099005 0.752498
855.000000 -3.474383 20.011765 -19.959668 0.502998 0.416916 0.099110 0.750567
856.000000 -3.541818 20.137616 -19.857107 0.505540 0.417890 0.099560 0.748255
857.000000 -3.606008 20.254491 -19.763767 0.507886 0.418814 0.099961 0.746092
858.000000 -3.664506 20.332042 -19.711058 0.509472 0.419723 0.100024 0.744491
859.000000 -3.712909 20.341229 -19.729848 0.509754 0.420612 0.099487 0.743867
860.000000 -3.707555 20.302201 -19.807049 0.509021 0.420612 0.099127 0.744417
861.000000 -3.639208 20.306578 -19.850730 0.508952 0.419321 0.100056 0.745068
862.000000 -3.597128 20.392703 -19.805491 0.510479 0.418317 0.101519 0.744390
863.000000 -3.577281 20.556742 -19.674820 0.513525 0.417521 0.103519 0.742463
864.000000 -3.610156 20.716569 -19.537180 0.516627 0.417717 0.104792 0.740019
865.000000 -3.701345 20.801600 -19.467132 0.518456 0.419205 0.104509 0.737936
866.000000 -3.812258 20.840485 -19.442069 0.519458 0.421186 0.103467 0.736247
867.000000 -3.909472 20.845850 -19.454311 0.519801 0.422993 0.102238 0.735140
868.000000 -3.962651 20.821341 -19.505668 0.519491 0.424041 0.101275 0.734889
869.000000 -4.015133 20.813744 -19.538131 0.519511 0.425044 0.100502 0.734402
870.000000 -4.089427 20.876215 -19.491022 0.520902 0.426298 0.100184 0.732731
871.000000 -4.152480 20.995230 -19.385022 0.523318 0.427205 0.100628 0.730416
872.000000 -4.218870 21.112976 -19.278922 0.525708 0.428171 0.101019 0.728077
873.000000 -4.310488 21.167955 -19.236049 0.526958 0.429758 0.100383 0.726324
874.000000 -4.402968 21.172664 -19.248009 0.527257 0.431483 0.099170 0.725250
875.000000 -4.445635 21.164836 -19.284137 0.527207 0.432297 0.098493 0.724894
876.000000 -4.457194 21.179627 -19.301525 0.527520 0.432460 0.098514 0.724566
877.000000 -4.482486 21.247654 -19.256479 0.528877 0.432742 0.098954 0.723348
878.000000 -4.544789 21.346786 -19.167542 0.530916 0.433648 0.099230 0.721271
879.000000 -4.601510 21.471038 -19.050776 0.533409 0.434400 0.099854 0.718888
880.000000 -4.653126 21.599300 -18.929460 0.535962 0.435051 0.100588 0.716490
881.000000 -4.698946 21.664070 -18.880932 0.537302 0.435759 0.100671 0.715043
882.000000 -4.738963 21.712341 -18.851887 0.538322 0.436402 0.100644 0.713887
883.000000 -4.752061 21.749537 -18.842596 0.539056 0.436559 0.100870 0.713204
884.000000 -4.719507 21.785691 -18.845672 0.539652 0.435847 0.101743 0.713065
885.000000 -4.682208 21.804178 -18.869418 0.539912 0.435088 0.102498 0.713223
886.000000 -4.695862 21.784414 -18.924942 0.539580 0.435387 0.102100 0.713350
887.000000 -4.741993 21.749310 -18.989468 0.539052 0.436333 0.101072 0.713316
888.000000 -4.809764 21.780008 -18.973044 0.539817 0.437509 0.100490 0.712099
889.000000 -4.894499 21.881233 -18.870998 0.541942 0.438817 0.100470 0.709679
890.000000 -4.994738 21.984554 -18.761732 0.544136 0.440418 0.100238 0.707036
891.000000 -5.112090 22.108771 -18.621870 0.546759 0.442304 0.099987 0.703864
892.000000 -5.214536 22.198215 -18.525043 0.548691 0.444015 0.099530 0.701343
893.000000 -5.287011 22.244182 -18.486480 0.549744 0.445279 0.098983 0.699793
894.000000 -5.321456 22.250755 -18.504001 0.549984 0.445924 0.098528 0.699258
895.000000 -5.323689 22.279022 -18.503603 0.550563 0.445903 0.098822 0.698774
896.000000 -5.279934 22.383758 -18.423618 0.552464 0.444803 0.100738 0.697701
897.000000 -5.199797 22.529023 -18.303744 0.555024 0.442886 0.103698 0.696454
898.000000 -5.118056 22.619996 -18.250907 0.556525 0.441072 0.106026 0.696056
899.000000 -5.111439 22.628561 -18.280313 0.556639 0.440912 0.106238 0.696033
900.000000 -5.161293 22.612672 -18.324547 0.556442 0.441886 0.105317 0.695714
901.000000 -5.220066 22.625552 -18.329595 0.556831 0.442943 0.104614 0.694836
902.000000 -5.288184 22.686148 -18.271596 0.558170 0.444036 0.104347 0.693101
903.000000 -5.372967 22.809082 -18.129922 0.560744 0.445271 0.104574 0.690192
904.000000 -5.472959 22.988362 -17.908823 0.564449 0.446656 0.105243 0.686163
905.000000 -5.568701 23.164984 -17.686593 0.568120 0.447990 0.105942 0.682145
906.000000 -5.661175 23.281410 -17.539406 0.570650 0.449443 0.105935 0.679071
907.000000 -5.786772 23.331854 -17.466482 0.572015 0.451733 0.104549 0.676613
908.000000 -5.928060 23.358728 -17.418250 0.572970 0.454390 0.102600 0.674321
909.000000 -5.971699 23.359782 -17.437334 0.573136 0.455226 0.101903 0.673721
910.000000 -5.917519 23.324240 -17.539034 0.572304 0.454275 0.102339 0.675003
911.000000 -5.822328 23.235933 -17.723440 0.570336 0.452695 0.102768 0.677660
912.000000 -5.699456 23.109947 -17.962804 0.567582 0.450721 0.103156 0.681220
913.000000 -5.554478 22.970756 -18.221279 0.564531 0.448395 0.103721 0.685192
914.000000 -5.392286 22.847499 -18.460231 0.561745 0.445711 0.104747 0.689066
915.000000 -5.218156 22.762232 -18.651766 0.559645 0.442714 0.106386 0.692448
916.000000 -5.041875 22.687107 -18.828316 0.557735 0.439666 0.108132 0.695653
917.000000 -4.866252 22.583907 -19.034886 0.555321 0.436728 0.109505 0.699211
918.000000 -4.693663 22.467813 -19.251527 0.552696 0.433897 0.110673 0.702860
919.000000 -4.563246 22.367451 -19.435397 0.550500 0.431798 0.111411 0.705753
920.000000 -4.471568 22.287913 -19.583310 0.548814 0.430343 0.111840 0.707884
921.000000 -4.414354 22.230015 -19.697536 0.547623 0.429458 0.112015 0.709314
922.000000 -4.387373 22.194247 -19.780270 0.546908 0.429073 0.111989 0.710103
923.000000 -4.389573 22.175483 -19.837879 0.546571 0.429174 0.111736 0.710342
924.000000 -4.421639 22.164637 -19.880105 0.546455 0.429788 0.111159 0.710149
925.000000 -4.478594 22.160385 -19.909303 0.546528 0.430826 0.110312 0.709597
926.000000 -4.525330 22.205255 -19.885813 0.547449 0.431542 0.110135 0.708478
927.000000 -4.515819 22.320700 -19.795448 0.549475 0.431056 0.111506 0.706990
928.000000 -4.377086 22.237116 -19.956784 0.547584 0.428819 0.112539 0.709649
929.000000 -4.363578 22.409730 -19.802073 0.550622 0.428087 0.114599 0.707407
930.000000 -4.426416 22.708231 -19.481188 0.556169 0.428333 0.116980 0.702511
931.000000 -4.457394 22.892004 -19.293742 0.559596 0.428329 0.118584 0.699518
932.000000 -4.458646 22.980450 -19.223855 0.561217 0.428066 0.119566 0.698211
933.000000 -4.442171 23.015369 -19.226914 0.561727 0.427627 0.120187 0.697963
934.000000 -4.413557 23.023167 -19.259548 0.561796 0.427084 0.120696 0.698153
935.000000 -4.376437 23.002565 -19.324940 0.561369 0.426494 0.121026 0.698799
936.000000 -4.325968 22.908993 -19.481605 0.559551 0.425889 0.120736 0.700674
937.000000 -4.265694 22.720739 -19.749951 0.555998 0.425396 0.119550 0.703997
938.000000 -4.301510 22.722854 -19.776626 0.556131 0.426028 0.119083 0.703589
939.000000 -4.242009 22.511499 -20.065945 0.552189 0.425588 0.117720 0.707180
940.000000 -4.184447 22.280101 -20.370320 0.547937 0.425222 0.116192 0.710950
941.000000 -4.283214 22.358401 -20.300652 0.549580 0.426711 0.115689 0.708869
942.000000 -4.529003 22.730880 -19.867829 0.556804 0.429939 0.116220 0.701152
943.000000 -4.753922 23.148075 -19.368051 0.564801 0.432654 0.117638 0.692800
944.000000 -4.780466 23.354014 -19.153991 0.568492 0.432465 0.119610 0.689553
945.000000 -4.747290 23.418658 -19.121595 0.569505 0.431653 0.120884 0.689004
946.000000 -4.812430 23.519471 -19.014503 0.571543 0.432520 0.121139 0.686724
947.000000 -4.969391 23.717456 -18.754406 0.575729 0.434774 0.121082 0.681797
948.000000 -5.183794 24.001482 -18.359305 0.581718 0.437798 0.121106 0.674737
949.000000 -5.404576 24.297673 -17.936568 0.587928 0.440850 0.121211 0.667308
950.000000 -5.574520 24.521298 -17.617515 0.592617 0.443195 0.121259 0.661574
951.000000 -5.635211 24.589118 -17.543899 0.594053 0.444078 0.121066 0.659726
952.000000 -5.580386 24.480065 -17.752215 0.591809 0.443438 0.120511 0.662270
953.000000 -5.541301 24.355270 -17.972394 0.589354 0.443146 0.119571 0.664821
954.000000 -5.655346 24.402337 -17.908822 0.590617 0.445125 0.118240 0.662612
955.000000 -5.779854 24.543261 -17.710531 0.593651 0.446979 0.117968 0.658689
956.000000 -5.762537 24.639527 -17.617257 0.595369 0.446320 0.119627 0.657285
957.000000 -5.593670 24.658355 -17.680264 0.595116 0.443086 0.122896 0.659097
958.000000 -5.263766 24.569531 -17.938482 0.592287 0.437252 0.127457 0.664651
959.000000 -4.788813 24.367789 -18.376651 0.586842 0.429206 0.132935 0.673593
960.000000 -4.293022 24.097212 -18.884332 0.580061 0.421123 0.137865 0.683505
961.000000 -3.828842 23.784199 -19.409409 0.572682 0.413878 0.141683 0.693301
962.000000 -3.407620 23.442943 -19.932441 0.565053 0.407607 0.144371 0.702658
963.000000 -3.042612 23.088408 -20.436296 0.557509 0.402453 0.145944 0.711277
964.000000 -2.748772 22.736307 -20.905641 0.550372 0.398575 0.146440 0.718877
965.000000 -2.540408 22.402701 -21.326075 0.543960 0.396148 0.145912 0.725179
966.000000 -2.433644 22.105469 -21.683288 0.538601 0.395348 0.144401 0.729902
967.000000 -2.445356 21.863959 -21.962182 0.534629 0.396354 0.141938 0.732754
968.000000 -2.591333 21.698086 -22.145992 0.532373 0.399331 0.138555 0.733427
969.000000 -2.855507 21.615776 -22.230468 0.531852 0.403968 0.134559 0.732009
970.000000 -3.091312 21.572377 -22.277633 0.531842 0.407981 0.131340 0.730374
971.000000 -3.243427 21.550890 -22.313380 0.531922 0.410538 0.129357 0.729236
972.000000 -3.309809 21.551625 -22.339520 0.532116 0.411626 0.128588 0.728616
973.000000 -3.294801 21.578974 -22.351949 0.532519 0.411313 0.129007 0.728424
974.000000 -3.216834 21.648000 -22.333172 0.533423 0.409855 0.130544 0.728311
975.000000 -3.096773 21.775311 -22.262920 0.535150 0.407529 0.133122 0.727882
976.000000 -2.955316 21.977045 -22.120218 0.538027 0.404607 0.136653 0.726737
977.000000 -2.818547 22.213966 -21.937616 0.541497 0.401614 0.140471 0.725090
978.000000 -2.706363 22.406480 -21.792604 0.544314 0.399129 0.143611 0.723736
979.000000 -2.621593 22.559629 -21.681584 0.546570 0.397200 0.146081 0.722602
980.000000 -2.566448 22.680208 -21.598478 0.548391 0.395855 0.147910 0.721588
981.000000 -2.542989 22.774819 -21.536793 0.549902 0.395117 0.149117 0.720593
982.000000 -2.553188 22.850780 -21.489760 0.551229 0.395008 0.149723 0.719513
983.000000 -2.594562 22.911859 -21.455278 0.552406 0.395481 0.149772 0.718338
984.000000 -2.652760 22.949937 -21.443713 0.553248 0.396324 0.149379 0.717307
985.000000 -2.711407 22.955140 -21.467575 0.553535 0.397292 0.148665 0.716699
986.000000 -2.754069 22.917387 -21.539459 0.553048 0.398142 0.147749 0.716792
987.000000 -2.758768 22.879922 -21.615736 0.552435 0.398359 0.147323 0.717232
988.000000 -2.709624 22.925516 -21.610756 0.553015 0.397396 0.148359 0.717105
989.000000 -2.621820 23.008580 -21.570303 0.554083 0.395660 0.150235 0.716850
990.000000 -2.522350 23.058265 -21.565970 0.554558 0.393841 0.151953 0.717123
991.000000 -2.424959 23.078209 -21.592274 0.554549 0.392155 0.153374 0.717751
992.000000 -2.340998 23.085851 -21.629239 0.554386 0.390730 0.154526 0.718407
993.000000 -2.281842 23.098712 -21.656998 0.554402 0.389687 0.155430 0.718765
994.000000 -2.258188 23.135223 -21.655683 0.554935 0.389144 0.156100 0.718503
995.000000 -2.280320 23.214156 -21.605153 0.556321 0.389213 0.156547 0.717296
996.000000 -2.356433 23.347492 -21.490302 0.558798 0.389986 0.156770 0.714898
997.000000 -2.470136 23.493415 -21.355986 0.561615 0.391342 0.156617 0.711977
998.000000 -2.589719 23.580882 -21.283342 0.563477 0.393011 0.155861 0.709749
999.000000 -2.667830 23.583724 -21.308112 0.563782 0.394300 0.154875 0.709007
1000.000000 -2.647233 23.502534 -21.436440 0.562355 0.394256 0.154416 0.710264
1001.000000 -2.530552 23.377453 -21.621236 0.559883 0.392784 0.154839 0.712935
1002.000000 -2.338322 23.238403 -21.825392 0.556926 0.390124 0.156149 0.716418
1003.000000 -2.079704 23.077559 -22.054680 0.553373 0.386465 0.158114 0.720710
1004.000000 -1.762876 22.886596 -22.314662 0.549117 0.381985 0.160490 0.725811
1005.000000 -1.396609 22.656630 -22.610541 0.544045 0.376870 0.163036 0.731713
1006.000000 -0.994054 22.382151 -22.941210 0.538138 0.371360 0.165551 0.738304
1007.000000 -0.598072 22.115556 -23.249935 0.532395 0.365955 0.168016 0.744583
1008.000000 -0.268755 21.947051 -23.453169 0.528458 0.361280 0.170490 0.749094
1009.000000 -0.065706 21.968573 -23.472430 0.528009 0.357936 0.172995 0.750440
1010.000000 -0.034049 22.240152 -23.253343 0.532216 0.356401 0.175441 0.747626
1011.000000 -0.151655 22.655205 -22.886642 0.539335 0.356696 0.177305 0.741923
1012.000000 -0.376599 23.103152 -22.469400 0.547448 0.358573 0.178250 0.734815
1013.000000 -0.668542 23.515237 -22.067863 0.555302 0.361676 0.178151 0.727387
1014.000000 -0.855120 23.772853 -21.819324 0.560274 0.363685 0.178049 0.722582
1015.000000 -1.104369 24.039887 -21.547985 0.565726 0.366715 0.177157 0.717001
1016.000000 -1.468795 24.360073 -21.197451 0.572598 0.371478 0.175106 0.709559
1017.000000 -1.870083 24.671779 -20.836419 0.579522 0.376935 0.172383 0.701682
1018.000000 -2.236435 24.917611 -20.541269 0.585192 0.382110 0.169487 0.694850
1019.000000 -2.499801 25.044532 -20.395087 0.588383 0.386025 0.166895 0.690606
1020.000000 -2.595182 25.015817 -20.456864 0.588292 0.387760 0.165138 0.690133
1021.000000 -2.539287 24.882176 -20.662174 0.585865 0.387391 0.164556 0.692540
1022.000000 -2.490932 24.821711 -20.775337 0.584696 0.386857 0.164639 0.693806
1023.000000 -2.473023 24.884700 -20.736595 0.585703 0.386337 0.165481 0.693046
1024.000000 -2.607586 25.149939 -20.433256 0.590719 0.387553 0.166006 0.687964
1025.000000 -2.708791 25.429891 -20.108659 0.595851 0.388110 0.167190 0.682920
1026.000000 -2.694706 25.651038 -19.867918 0.599513 0.386911 0.169535 0.679810
1027.000000 -2.607630 25.833053 -19.681210 0.602242 0.384618 0.172601 0.677925
1028.000000 -2.501709 25.975113 -19.544338 0.604227 0.382157 0.175595 0.676780
1029.000000 -2.432686 26.069922 -19.462184 0.605567 0.380531 0.177608 0.675974
1030.000000 -2.460844 26.134393 -19.406604 0.606829 0.380723 0.177845 0.674670
1031.000000 -2.590654 26.232545 -19.290737 0.609152 0.382525 0.176826 0.671819
1032.000000 -2.661494 26.277093 -19.254115 0.610282 0.383547 0.176181 0.670378
1033.000000 -2.654628 26.281308 -19.283778 0.610351 0.383404 0.176342 0.670356
1034.000000 -2.610716 26.222675 -19.405601 0.609138 0.382910 0.176450 0.671712
1035.000000 -2.548872 26.120214 -19.589817 0.607064 0.382314 0.176393 0.673940
1036.000000 -2.485600 25.995591 -19.801383 0.604617 0.381799 0.176139 0.676493
1037.000000 -2.433318 25.871477 -20.007298 0.602256 0.381464 0.175732 0.678890
1038.000000 -2.388116 25.783098 -20.162995 0.600560 0.381080 0.175573 0.680646
1039.000000 -2.341574 25.772861 -20.218041 0.600183 0.380335 0.176174 0.681240
1040.000000 -2.279576 25.857124 -20.153887 0.601331 0.378916 0.177894 0.680572
1041.000000 -2.183770 25.946485 -20.085868 0.602417 0.376899 0.180165 0.680133
1042.000000 -2.070824 25.991241 -20.076093 0.602673 0.374789 0.182270 0.680511
1043.000000 -1.949181 25.967981 -20.154199 0.601734 0.372841 0.183874 0.681980
1044.000000 -1.797289 25.919205 -20.266657 0.600221 0.370500 0.185697 0.684092
1045.000000 -1.624915 25.851344 -20.403312 0.598288 0.367907 0.187644 0.686648
1046.000000 -1.444672 25.766456 -20.559702 0.596033 0.365270 0.189532 0.689493
1047.000000 -1.272801 25.671790 -20.725189 0.593655 0.362828 0.191187 0.692371
1048.000000 -1.132706 25.585724 -20.876043 0.591567 0.360883 0.192446 0.694822
1049.000000 -1.049303 25.528367 -20.987583 0.590212 0.359748 0.193151 0.696365
1050.000000 -1.046829 25.519670 -21.035704 0.590028 0.359728 0.193150 0.696532
1051.000000 -1.133863 25.570611 -21.006837 0.591233 0.360910 0.192421 0.695098
1052.000000 -1.300882 25.681683 -20.898822 0.593789 0.363139 0.191100 0.692117
1053.000000 -1.535656 25.851650 -20.709691 0.597630 0.366225 0.189326 0.687658
1054.000000 -1.812844 26.068427 -20.450785 0.602460 0.369821 0.187319 0.682046
1055.000000 -2.097271 26.311629 -20.146211 0.607803 0.373448 0.185377 0.675831
1056.000000 -2.355245 26.561600 -19.822914 0.613196 0.376638 0.183807 0.669589
1057.000000 -2.555738 26.799974 -19.510295 0.618188 0.378943 0.182932 0.663914
1058.000000 -2.670066 27.009546 -19.239501 0.622338 0.379934 0.183089 0.659412
1059.000000 -2.670966 27.174018 -19.042165 0.625208 0.379193 0.184623 0.656690
1060.000000 -2.546351 27.277530 -18.946475 0.626423 0.376564 0.187631 0.656192
1061.000000 -2.333020 27.311036 -18.961249 0.625959 0.372721 0.191454 0.657723
1062.000000 -2.084533 27.274015 -19.078804 0.624053 0.368606 0.195211 0.660742
1063.000000 -1.826956 27.174139 -19.282448 0.620984 0.364653 0.198527 0.664826
1064.000000 -1.568611 27.024262 -19.549956 0.617046 0.360953 0.201362 0.669642
1065.000000 -1.317865 26.837440 -19.859589 0.612538 0.357593 0.203685 0.674861
1066.000000 -1.083508 26.627219 -20.190486 0.607759 0.354664 0.205468 0.680166
1067.000000 -0.875463 26.407892 -20.522776 0.603015 0.352265 0.206691 0.685245
1068.000000 -0.705593 26.194516 -20.837525 0.598616 0.350507 0.207336 0.689794
1069.000000 -0.587759 26.003001 -21.116491 0.594870 0.349516 0.207406 0.693506
1070.000000 -0.519738 25.850324 -21.341872 0.592012 0.349148 0.207140 0.696211
1071.000000 -0.514554 25.792052 -21.449535 0.590984 0.349335 0.206839 0.697080
1072.000000 -0.698360 25.945973 -21.295460 0.594335 0.351576 0.205612 0.693458
1073.000000 -0.998032 26.250134 -20.945502 0.600710 0.354983 0.203977 0.686679
1074.000000 -1.344564 26.627680 -20.482538 0.608562 0.358808 0.202262 0.678232
1075.000000 -1.676528 27.008458 -19.992273 0.616462 0.362383 0.200777 0.669583
1076.000000 -1.932820 27.324511 -19.573589 0.622982 0.365028 0.199852 0.662350
1077.000000 -2.043561 27.505836 -19.342399 0.626626 0.365965 0.199836 0.658388
1078.000000 -1.940155 27.482144 -19.419728 0.625797 0.364388 0.201143 0.659652
1079.000000 -1.566607 27.188179 -19.893281 0.619070 0.359688 0.204136 0.667612
1080.000000 -1.239726 26.884211 -20.355355 0.612406 0.355832 0.206466 0.675066
1081.000000 -1.139965 26.739508 -20.582651 0.609554 0.354945 0.206756 0.678019
1082.000000 -1.049659 26.607677 -20.791907 0.606952 0.354131 0.206975 0.680707
1083.000000 -0.965614 26.490850 -20.982799 0.604585 0.353312 0.207204 0.683165
1084.000000 -0.904291 26.402291 -21.140135 0.602706 0.352667 0.207364 0.685107
1085.000000 -0.876079 26.349264 -21.250228 0.601564 0.352384 0.207388 0.686248
1086.000000 -0.894502 26.344647 -21.293772 0.601511 0.352666 0.207144 0.686223
1087.000000 -0.984599 26.412141 -21.241460 0.603037 0.353792 0.206455 0.684510
1088.000000 -1.174043 26.577534 -21.057904 0.606678 0.356076 0.205127 0.680496
1089.000000 -1.469915 26.846456 -20.727746 0.612547 0.359600 0.203114 0.673958
1090.000000 -1.613947 27.010288 -20.535586 0.615991 0.361185 0.202399 0.670176
1091.000000 -1.658801 27.147331 -20.383960 0.618522 0.361283 0.202895 0.667636
1092.000000 -1.678001 27.226434 -20.311844 0.619957 0.361232 0.203265 0.666219
1093.000000 -1.690439 27.264718 -20.297286 0.620639 0.361243 0.203399 0.665537
1094.000000 -1.716131 27.291285 -20.300881 0.621117 0.361483 0.203282 0.664996
1095.000000 -1.768625 27.329180 -20.288571 0.621862 0.362068 0.202921 0.664092
1096.000000 -1.856170 27.396759 -20.228416 0.623318 0.363095 0.202325 0.662345
1097.000000 -1.990394 27.519907 -20.084052 0.625973 0.364651 0.201458 0.659243
1098.000000 -2.187270 27.725052 -19.813896 0.630351 0.366865 0.200276 0.654185
1099.000000 -2.469573 28.034768 -19.373306 0.636952 0.369997 0.198646 0.646478
1100.000000 -2.899641 28.355991 -18.872916 0.644534 0.375560 0.194723 0.636878
1101.000000 -3.102449 28.449359 -18.733435 0.647173 0.378523 0.192209 0.633200
1102.000000 -3.082840 28.428645 -18.802437 0.646796 0.378344 0.192202 0.633695
1103.000000 -3.003101 28.364502 -18.947018 0.645365 0.377358 0.192813 0.635553
1104.000000 -2.916971 28.280230 -19.122359 0.643531 0.376338 0.193409 0.637833
1105.000000 -2.834632 28.185801 -19.310996 0.641531 0.375446 0.193861 0.640231
1106.000000 -2.769198 28.090828 -19.496829 0.639601 0.374822 0.194040 0.642469
1107.000000 -2.732680 28.004341 -19.664594 0.637964 0.374617 0.193835 0.644276
1108.000000 -2.736648 27.935963 -19.798546 0.636849 0.374999 0.193136 0.645366
1109.000000 -2.798745 27.908386 -19.865108 0.636707 0.376145 0.191865 0.645218
1110.000000 -2.791973 27.945373 -19.849758 0.637281 0.375866 0.192330 0.644676
1111.000000 -2.843828 28.060454 -19.715027 0.639419 0.376168 0.192574 0.642305
1112.000000 -2.962178 28.207787 -19.522138 0.642411 0.377395 0.192049 0.638747
1113.000000 -3.079784 28.283406 -19.430801 0.644220 0.378955 0.190852 0.636356
1114.000000 -3.176660 28.307575 -19.417055 0.645079 0.380419 0.189493 0.635017
1115.000000 -3.229819 28.295828 -19.462267 0.645142 0.381334 0.188498 0.634701
1116.000000 -3.242346 28.257789 -19.551305 0.644591 0.381703 0.187924 0.635208
1117.000000 -3.236636 28.210303 -19.655838 0.643809 0.381817 0.187571 0.636037
1118.000000 -3.234280 28.171497 -19.747777 0.643177 0.381962 0.187234 0.636688
1119.000000 -3.246531 28.145907 -19.818450 0.642829 0.382295 0.186771 0.636975
1120.000000 -3.267869 28.119342 -19.889115 0.642506 0.382779 0.186150 0.637192
1121.000000 -3.290697 28.075898 -19.983453 0.641915 0.383360 0.185350 0.637672
1122.000000 -3.291635 28.028104 -20.087232 0.641153 0.383604 0.184871 0.638431
1123.000000 -3.226093 28.031239 -20.130539 0.640891 0.382551 0.185948 0.639012
1124.000000 -3.114914 28.040890 -20.171602 0.640521 0.380744 0.187808 0.639918
1125.000000 -3.023087 28.031062 -20.235953 0.639935 0.379334 0.189165 0.640941
1126.000000 -2.976137 27.998767 -20.323843 0.639209 0.378738 0.189601 0.641888
1127.000000 -2.968307 27.948244 -20.430091 0.638386 0.378838 0.189260 0.642748
1128.000000 -2.992988 27.884387 -20.548901 0.637511 0.379504 0.188298 0.643506
1129.000000 -3.043318 27.812337 -20.674398 0.636626 0.380605 0.186866 0.644149
1130.000000 -3.112529 27.737299 -20.800726 0.635776 0.382011 0.185117 0.644661
1131.000000 -3.193873 27.664311 -20.922100 0.635003 0.383593 0.183205 0.645029
1132.000000 -3.282466 27.600376 -21.029824 0.634397 0.385242 0.181270 0.645190
1133.000000 -3.370500 27.571216 -21.091523 0.634318 0.386725 0.179664 0.644830
1134.000000 -3.445520 27.604335 -21.073566 0.635131 0.387742 0.178826 0.643651
1135.000000 -3.499652 27.690281 -20.989141 0.636661 0.388212 0.178795 0.641862
1136.000000 -3.540083 27.792731 -20.883910 0.638390 0.388397 0.179129 0.639937
1137.000000 -3.581603 27.870466 -20.809895 0.639754 0.388698 0.179222 0.638364
1138.000000 -3.625726 27.915040 -20.778450 0.640632 0.389175 0.178970 0.637263
1139.000000 -3.671055 27.925289 -20.791647 0.641001 0.389813 0.178382 0.636665
1140.000000 -3.716278 27.900430 -20.851415 0.640838 0.390599 0.177468 0.636604
1141.000000 -3.760190 27.839507 -20.959607 0.640115 0.391517 0.176238 0.637109
1142.000000 -3.798505 27.740524 -21.119238 0.638781 0.392510 0.174742 0.638248
1143.000000 -3.818032 27.599047 -21.336709 0.636726 0.393389 0.173145 0.640192
1144.000000 -3.802488 27.419377 -21.606697 0.633968 0.393886 0.171733 0.642998
1145.000000 -3.738375 27.236629 -21.884723 0.630991 0.393665 0.171020 0.646243
1146.000000 -3.628388 27.081469 -22.131877 0.628261 0.392658 0.171223 0.649454
1147.000000 -3.481992 26.973706 -22.323495 0.626102 0.390937 0.172352 0.652272
1148.000000 -3.322084 26.899895 -22.473503 0.624399 0.388895 0.173943 0.654699
1149.000000 -3.166308 26.848132 -22.594264 0.623043 0.386829 0.175647 0.656757
1150.000000 -3.029077 26.810072 -22.694338 0.621963 0.384977 0.177202 0.658448
1151.000000 -2.924524 26.777463 -22.782470 0.621094 0.383579 0.178348 0.659774
1152.000000 -2.866646 26.741994 -22.867452 0.620366 0.382870 0.178828 0.660740
1153.000000 -2.869480 26.695220 -22.957915 0.619714 0.383087 0.178379 0.661347
1154.000000 -2.947511 26.628402 -23.061960 0.619066 0.384463 0.176743 0.661594
1155.000000 -3.107904 26.539108 -23.180243 0.618408 0.387096 0.173817 0.661450
1156.000000 -3.327521 26.433993 -23.306301 0.617732 0.390609 0.169990 0.661011
1157.000000 -3.551509 26.306201 -23.454144 0.616728 0.394232 0.165962 0.660821
1158.000000 -3.720911 26.144432 -23.644676 0.615033 0.397169 0.162431 0.661519
1159.000000 -3.785767 25.927214 -23.908571 0.612201 0.398806 0.159856 0.663785
1160.000000 -3.731509 25.649141 -24.250695 0.608150 0.398976 0.158344 0.667757
1161.000000 -3.574747 25.324364 -24.648092 0.603165 0.397885 0.157752 0.673049
1162.000000 -3.333780 24.968601 -25.076704 0.597536 0.395749 0.157934 0.679257
1163.000000 -3.027564 24.598593 -25.513312 0.591561 0.392785 0.158746 0.685985
1164.000000 -2.676645 24.232369 -25.936029 0.585541 0.389219 0.160050 0.692845
1165.000000 -2.303257 23.889132 -26.324572 0.579795 0.385294 0.161714 0.699453
1166.000000 -1.942777 23.595784 -26.653747 0.574785 0.381404 0.163520 0.705276
1167.000000 -1.610462 23.375458 -26.906588 0.570844 0.377676 0.165492 0.710007
1168.000000 -1.302013 23.214311 -27.099828 0.567747 0.374092 0.167635 0.713874
1169.000000 -1.236431 23.097481 -27.239843 0.565984 0.373577 0.167543 0.715563
1170.000000 -1.382078 23.186723 -27.194001 0.567568 0.375204 0.166709 0.713650
1171.000000 -1.689596 23.459463 -26.978379 0.572040 0.378395 0.165499 0.708659
1172.000000 -2.115737 23.868101 -26.623846 0.578650 0.382728 0.164019 0.701271
1173.000000 -2.616780 24.365110 -26.161894 0.586660 0.387773 0.162361 0.692172
1174.000000 -3.146859 24.904523 -25.627904 0.595355 0.393109 0.160616 0.682071
1175.000000 -3.664591 25.440697 -25.063024 0.604061 0.398323 0.158875 0.671720
1176.000000 -4.133107 25.934508 -24.513864 0.612159 0.403048 0.157226 0.661886
1177.000000 -4.570686 26.369746 -24.001689 0.619472 0.407580 0.155318 0.652694
1178.000000 -5.018056 26.765159 -23.504252 0.626349 0.412412 0.152817 0.643622
1179.000000 -5.317372 27.140199 -23.038410 0.632541 0.415316 0.151984 0.635851
1180.000000 -5.508701 27.355238 -22.772424 0.636205 0.417268 0.151163 0.631094
1181.000000 -5.612796 27.421684 -22.702053 0.637520 0.418507 0.150213 0.629171
1182.000000 -5.639780 27.366294 -22.797375 0.636878 0.419074 0.149265 0.629670
1183.000000 -5.597759 27.213511 -23.025251 0.634653 0.418997 0.148444 0.632157
1184.000000 -5.493228 26.986924 -23.351109 0.631215 0.418291 0.147867 0.636189
1185.000000 -5.331644 26.710262 -23.740232 0.626932 0.416964 0.147646 0.641325
1186.000000 -5.118044 26.408160 -24.158638 0.622181 0.415020 0.147889 0.647131
1187.000000 -4.858667 26.106482 -24.573744 0.617338 0.412474 0.148695 0.653183
1188.000000 -4.569068 25.828580 -24.957207 0.612762 0.409476 0.150030 0.659047
1189.000000 -4.273240 25.595318 -25.284953 0.608790 0.406282 0.151747 0.664292
1190.000000 -3.993441 25.416646 -25.546658 0.605605 0.403152 0.153650 0.668657
1191.000000 -3.748210 25.287028 -25.748628 0.603179 0.400339 0.155489 0.672106
1192.000000 -3.556051 25.199208 -25.898400 0.601464 0.398098 0.157010 0.674616
1193.000000 -3.435087 25.145511 -26.003448 0.600410 0.396681 0.157961 0.676165
1194.000000 -3.402687 25.118019 -26.070859 0.599970 0.396337 0.158083 0.676730
1195.000000 -3.476082 25.108562 -26.106883 0.600086 0.397309 0.157122 0.676281
1196.000000 -3.659039 25.098749 -26.127904 0.600513 0.399695 0.154927 0.675001
1197.000000 -3.877985 25.016465 -26.211670 0.600083 0.402747 0.151821 0.674274
1198.000000 -4.021286 24.774276 -26.455394 0.597375 0.405265 0.148386 0.675933
1199.000000 -4.027616 24.348237 -26.882555 0.591979 0.406518 0.145094 0.680626
1200.000000 -3.955892 23.834727 -27.384114 0.585337 0.406985 0.142033 0.686710
1201.000000 -3.879717 23.348836 -27.844534 0.579102 0.407295 0.139257 0.692358
1202.000000 -3.877339 23.016960 -28.154579 0.575011 0.408109 0.136837 0.695762
1203.000000 -3.973021 22.891509 -28.279973 0.573704 0.409602 0.134901 0.696342
1204.000000 -4.052785 22.832917 -28.354775 0.573139 0.410710 0.133651 0.696396
1205.000000 -4.051792 22.770297 -28.444921 0.572309 0.410821 0.133226 0.697093
1206.000000 -3.970920 22.711058 -28.542815 0.571334 0.409947 0.133656 0.698324
1207.000000 -3.896486 22.722229 -28.581557 0.571258 0.409001 0.134549 0.698770
1208.000000 -3.943785 22.892687 -28.473924 0.573457 0.409183 0.135350 0.696705
1209.000000 -4.162956 23.242928 -28.192106 0.578292 0.411040 0.135676 0.691532
1210.000000 -4.475231 23.658700 -27.831064 0.584163 0.413876 0.135533 0.684902
1211.000000 -4.790211 24.018120 -27.504389 0.589352 0.416879 0.134956 0.678722
1212.000000 -5.019427 24.205478 -27.334820 0.592219 0.419247 0.133949 0.674956
1213.000000 -5.105201 24.192441 -27.366894 0.592282 0.420336 0.132882 0.674435
1214.000000 -5.052119 24.161291 -27.440699 0.591791 0.419758 0.133151 0.675172
1215.000000 -4.956725 24.159205 -27.496460 0.591542 0.418594 0.134126 0.675919
1216.000000 -4.899351 24.150696 -27.550829 0.591297 0.417916 0.134666 0.676446
1217.000000 -4.872362 24.137816 -27.603605 0.591070 0.417628 0.134847 0.676787
1218.000000 -4.868892 24.122359 -27.654444 0.590869 0.417633 0.134754 0.676977
1219.000000 -4.883381 24.105599 -27.702904 0.590700 0.417844 0.134479 0.677049
1220.000000 -4.908188 24.089714 -27.748555 0.590570 0.418170 0.134111 0.677034
1221.000000 -4.935119 24.077132 -27.790994 0.590486 0.418518 0.133736 0.676967
1222.000000 -4.957111 24.069759 -27.829840 0.590454 0.418798 0.133443 0.676880
1223.000000 -4.993877 24.056942 -27.870790 0.590393 0.419274 0.132939 0.676737
1224.000000 -5.139923 23.993146 -27.935690 0.589968 0.421197 0.130901 0.676310
1225.000000 -5.337967 23.888131 -28.024964 0.589156 0.423835 0.128023 0.675921
1226.000000 -5.472916 23.721205 -28.176859 0.587449 0.425838 0.125356 0.676647
1227.000000 -5.520957 23.462999 -28.419086 0.584463 0.426982 0.122920 0.678955
1228.000000 -5.494790 23.230816 -28.650190 0.581640 0.427172 0.121463 0.681517
1229.000000 -5.414608 23.056111 -28.841964 0.579399 0.426595 0.120994 0.683868
1230.000000 -5.300540 22.932399 -28.997356 0.577697 0.425511 0.121239 0.685936
1231.000000 -5.173777 22.851272 -29.120702 0.576468 0.424190 0.121904 0.687668
1232.000000 -5.059002 22.784450 -29.230731 0.575424 0.422978 0.122534 0.689175
1233.000000 -4.982723 22.691205 -29.353666 0.574156 0.422271 0.122593 0.690654
1234.000000 -4.958165 22.542889 -29.508734 0.572359 0.422282 0.121763 0.692284
1235.000000 -4.912239 22.403911 -29.658395 0.570639 0.422018 0.121223 0.693958
1236.000000 -4.839895 22.366098 -29.734779 0.570055 0.421240 0.121667 0.694832
1237.000000 -4.783827 22.452016 -29.714988 0.570952 0.420403 0.122822 0.694399
1238.000000 -4.748791 22.529212 -29.698334 0.571787 0.419838 0.123698 0.693898
1239.000000 -4.732134 22.557573 -29.716112 0.572082 0.419599 0.124039 0.693738
1240.000000 -4.732868 22.535694 -29.769331 0.571825 0.419666 0.123861 0.693942
1241.000000 -4.749045 22.464538 -29.857085 0.571027 0.420005 0.123202 0.694511
1242.000000 -4.775013 22.364923 -29.964100 0.569923 0.420507 0.122259 0.695280
1243.000000 -4.803507 22.268097 -30.067940 0.568859 0.421026 0.121322 0.696001
1244.000000 -4.791331 22.199165 -30.157119 0.568038 0.421014 0.120972 0.696739
1245.000000 -4.707414 22.116847 -30.267003 0.566920 0.420203 0.121203 0.698098
1246.000000 -4.613883 22.000996 -30.401919 0.565401 0.419353 0.121280 0.699825
1247.000000 -4.534805 21.867643 -30.546069 0.563714 0.418713 0.121091 0.701600
1248.000000 -4.494026 21.733494 -30.683931 0.562098 0.418522 0.120535 0.703105
1249.000000 -4.516379 21.615554 -30.800263 0.560794 0.419023 0.119508 0.704023
1250.000000 -4.622042 21.529927 -30.881239 0.560019 0.420396 0.117951 0.704084
1251.000000 -4.774277 21.482958 -30.927702 0.559766 0.422210 0.116257 0.703481
1252.000000 -4.904462 21.475533 -30.949477 0.559910 0.423689 0.115061 0.702673
1253.000000 -4.939917 21.504798 -30.960434 0.560290 0.424025 0.114982 0.702180
1254.000000 -4.712849 21.349743 -31.139321 0.558110 0.421735 0.115973 0.705126
1255.000000 -4.418975 21.017668 -31.442980 0.553822 0.419036 0.116336 0.710039
1256.000000 -4.359553 20.803343 -31.628778 0.551320 0.418778 0.115400 0.712288
1257.000000 -4.513974 20.658141 -31.737317 0.550001 0.420793 0.113049 0.712498
1258.000000 -4.797262 20.488537 -31.840745 0.548629 0.424272 0.109442 0.712054
1259.000000 -5.116699 20.299859 -31.948771 0.547056 0.428134 0.105438 0.711558
1260.000000 -5.379029 20.118506 -32.058868 0.545426 0.431303 0.102006 0.711395
1261.000000 -5.544273 19.978685 -32.155625 0.544116 0.433330 0.099684 0.711495
1262.000000 -5.508240 19.915674 -32.237598 0.543351 0.433029 0.099592 0.712276
1263.000000 -5.145419 19.887733 -32.351183 0.542447 0.429088 0.102513 0.714931
1264.000000 -5.282028 20.053083 -32.263293 0.544492 0.430365 0.102427 0.712617
1265.000000 -5.582516 20.352029 -32.060977 0.548269 0.433240 0.101856 0.708046
1266.000000 -5.748966 20.483897 -31.983345 0.549989 0.434893 0.101317 0.705773
1267.000000 -5.804409 20.508003 -31.993548 0.550354 0.435465 0.101010 0.705179
1268.000000 -5.836477 20.525443 -32.012570 0.550610 0.435742 0.100890 0.704825
1269.000000 -5.932312 20.539542 -32.021978 0.550929 0.436757 0.100170 0.704050
1270.000000 -6.190338 20.530568 -32.015580 0.551231 0.439586 0.097901 0.702370
1271.000000 -6.409263 20.499764 -32.029312 0.551220 0.442017 0.095814 0.701140
1272.000000 -6.468884 20.438519 -32.093577 0.550632 0.442753 0.094878 0.701265
1273.000000 -6.673021 20.377131 -32.127758 0.550256 0.445076 0.092685 0.700383
1274.000000 -6.529333 20.369267 -32.198707 0.549953 0.443547 0.093842 0.701435
1275.000000 -6.409100 20.424709 -32.223508 0.550376 0.442208 0.095214 0.701764
1276.000000 -6.400795 20.505709 -32.209299 0.551247 0.442040 0.095808 0.701105
1277.000000 -6.536086 20.582926 -32.169013 0.552290 0.443395 0.095184 0.699511
1278.000000 -6.720638 20.646890 -32.126557 0.553260 0.445276 0.094071 0.697699
1279.000000 -6.843933 20.690807 -32.109107 0.553920 0.446505 0.093351 0.696485
1280.000000 -6.796135 20.707604 -32.145290 0.554044 0.445919 0.093890 0.696690
1281.000000 -6.766592 20.668068 -32.213571 0.553589 0.445631 0.093846 0.697241
1282.000000 -6.984646 20.557849 -32.273852 0.552724 0.448146 0.091169 0.696670
1283.000000 -7.364675 20.390969 -32.331326 0.551462 0.452487 0.086705 0.695433
1284.000000 -7.843273 20.178253 -32.388236 0.549810 0.457923 0.081082 0.693860
1285.000000 -8.326946 19.941948 -32.449913 0.547874 0.463400 0.075265 0.692409
1286.000000 -8.693350 19.714535 -32.528980 0.545865 0.467569 0.070538 0.691690
1287.000000 -8.872335 19.520659 -32.633957 0.543991 0.469674 0.067670 0.692026
1288.000000 -8.912441 19.366799 -32.751217 0.542394 0.470249 0.066272 0.693024
1289.000000 -8.878678 19.256983 -32.861761 0.541191 0.469996 0.065798 0.694181
1290.000000 -8.837186 19.194970 -32.945936 0.540488 0.469616 0.065711 0.694994
1291.000000 -8.854140 19.177194 -32.988499 0.540313 0.469811 0.065443 0.695023
1292.000000 -8.972748 19.178051 -32.992697 0.540435 0.471059 0.064471 0.694174
1293.000000 -9.145900 19.180301 -32.980515 0.540621 0.472879 0.063067 0.692919
1294.000000 -9.304676 19.171150 -32.977978 0.540672 0.474557 0.061703 0.691854
1295.000000 -9.478205 19.176199 -32.961980 0.540885 0.476374 0.060319 0.690559
1296.000000 -9.684136 19.216566 -32.914739 0.541499 0.478495 0.058922 0.688731
1297.000000 -9.871166 19.279582 -32.858433 0.542330 0.480394 0.057842 0.686844
1298.000000 -9.987821 19.352572 -32.816597 0.543198 0.481546 0.057413 0.685385
1299.000000 -9.981862 19.423164 -32.813423 0.543931 0.481416 0.057969 0.684848
1300.000000 -9.798774 19.478600 -32.872473 0.544350 0.479456 0.059851 0.685728
1301.000000 -9.384503 19.512630 -33.009416 0.544332 0.475111 0.063446 0.688438
1302.000000 -8.729051 19.546964 -33.204671 0.544054 0.468253 0.068991 0.692809
1303.000000 -7.923349 19.617707 -33.400539 0.543932 0.459784 0.075998 0.697826
1304.000000 -7.072795 19.762445 -33.541921 0.544440 0.450735 0.083858 0.702418
1305.000000 -6.220002 19.967256 -33.625669 0.545476 0.441534 0.092113 0.706412
1306.000000 -5.453425 20.209502 -33.650434 0.546936 0.433117 0.099892 0.709431
1307.000000 -4.926912 20.425422 -33.638053 0.548409 0.427206 0.105562 0.711055
1308.000000 -4.660050 20.553993 -33.634732 0.549329 0.424146 0.108598 0.711719
1309.000000 -4.576751 20.626745 -33.638532 0.549945 0.423110 0.109805 0.711675
1310.000000 -4.603625 20.676520 -33.640889 0.550507 0.423280 0.109950 0.711117
1311.000000 -4.666248 20.735910 -33.631741 0.551248 0.423825 0.109820 0.710237
1312.000000 -4.643749 20.835593 -33.609105 0.552286 0.423431 0.110595 0.709546
1313.000000 -4.332725 20.994525 -33.587946 0.553462 0.419913 0.114089 0.710166
1314.000000 -3.732735 21.187024 -33.575566 0.554468 0.413274 0.120152 0.712273
1315.000000 -2.972576 21.360530 -33.578105 0.554925 0.404926 0.127399 0.715446
1316.000000 -2.176756 21.463120 -33.610228 0.554479 0.396269 0.134511 0.719326
1317.000000 -1.501660 21.514074 -33.650915 0.553645 0.388941 0.140353 0.722844
1318.000000 -1.158783 21.543970 -33.681360 0.553238 0.385160 0.143378 0.724584
1319.000000 -1.179144 21.536335 -33.721249 0.553211 0.385320 0.143195 0.724556
1320.000000 -1.546771 21.481469 -33.776870 0.553436 0.389280 0.139833 0.722922
1321.000000 -2.271920 21.366319 -33.844252 0.553729 0.397156 0.133148 0.719668
1322.000000 -3.392482 21.172642 -33.907496 0.553838 0.409328 0.122768 0.714593
1323.000000 -4.924714 20.884767 -33.933494 0.553455 0.425871 0.108433 0.707506
1324.000000 -6.556308 20.543379 -33.901356 0.552362 0.443324 0.092842 0.699814
1325.000000 -7.537095 20.248040 -33.910860 0.550606 0.453847 0.082828 0.695698
1326.000000 -7.898167 20.107502 -33.948150 0.549574 0.457786 0.078968 0.694381
1327.000000 -8.128531 20.098279 -33.935258 0.549717 0.460229 0.077060 0.692865
1328.000000 -8.498665 20.095472 -33.882467 0.550087 0.464070 0.074012 0.690337
1329.000000 -8.844782 20.067620 -33.847001 0.550175 0.467648 0.070953 0.688170
1330.000000 -8.413891 20.151301 -33.944276 0.550554 0.463126 0.075063 0.690485
1331.000000 -7.538752 20.307098 -34.094110 0.551121 0.453934 0.083284 0.695178
1332.000000 -6.598767 20.488406 -34.216916 0.551783 0.444034 0.092099 0.699919
1333.000000 -5.975448 20.649927 -34.269778 0.552597 0.437440 0.098100 0.702609
1334.000000 -6.049977 20.745917 -34.233790 0.553691 0.438133 0.098053 0.701321
1335.000000 -6.891465 20.755154 -34.105150 0.554922 0.446741 0.091369 0.695799
1336.000000 -7.743799 20.649672 -34.023238 0.554928 0.455528 0.083798 0.691033
1337.000000 -8.118229 20.483307 -34.073638 0.553699 0.459486 0.079634 0.689890
1338.000000 -7.970295 20.384726 -34.203950 0.552539 0.458095 0.080148 0.691683
1339.000000 -7.771592 20.362961 -34.297894 0.552096 0.456154 0.081538 0.693156
1340.000000 -7.990211 20.296563 -34.322350 0.551691 0.458484 0.079271 0.692203
1341.000000 -8.372216 20.179672 -34.336803 0.550944 0.462454 0.075422 0.690586
1342.000000 -8.749974 19.997889 -34.386219 0.549518 0.466402 0.071207 0.689513
1343.000000 -8.904504 19.782779 -34.507755 0.547520 0.468143 0.068545 0.690193
1344.000000 -8.619351 19.629388 -34.703269 0.545695 0.465466 0.069784 0.693317
1345.000000 -8.308148 19.579722 -34.842985 0.544878 0.462424 0.071914 0.695773
1346.000000 -8.436930 19.600703 -34.836591 0.545227 0.463687 0.071026 0.694750
1347.000000 -8.686544 19.636999 -34.791551 0.545839 0.466135 0.069297 0.692803
1348.000000 -8.571609 19.640442 -34.855143 0.545747 0.464992 0.070210 0.693551
1349.000000 -8.055397 19.605537 -35.034387 0.544858 0.459902 0.073990 0.697241
1350.000000 -8.274608 19.601511 -35.021847 0.545047 0.462097 0.072246 0.695824
1351.000000 -8.727676 19.595410 -34.951147 0.545452 0.466600 0.068674 0.692857
1352.000000 -9.010794 19.592013 -34.917389 0.545703 0.469390 0.066457 0.690988
1353.000000 -9.153956 19.591241 -34.917615 0.545833 0.470766 0.065367 0.690053
1354.000000 -9.262083 19.528500 -34.961624 0.545309 0.471850 0.064134 0.689843
1355.000000 -9.379721 19.394245 -35.040323 0.544098 0.473157 0.062296 0.690072
1356.000000 -9.553353 19.266706 -35.098946 0.543004 0.475012 0.060053 0.689858
1357.000000 -9.857219 19.201164 -35.086906 0.542620 0.478063 0.057226 0.688291
1358.000000 -10.362702 19.210649 -34.972612 0.543106 0.483011 0.053362 0.684754
1359.000000 -10.862464 19.249031 -34.836808 0.543825 0.487875 0.049776 0.680995
1360.000000 -10.658650 19.148486 -34.992101 0.542677 0.485959 0.050688 0.683211
1361.000000 -10.240599 18.965278 -35.252304 0.540579 0.482017 0.052664 0.687504
1362.000000 -9.897001 18.789166 -35.479863 0.538610 0.478807 0.054111 0.691170
1363.000000 -9.585010 18.653370 -35.672209 0.537057 0.475881 0.055585 0.694274
1364.000000 -9.260028 18.584176 -35.829494 0.536136 0.472783 0.057583 0.696936
1365.000000 -8.940693 18.545973 -35.966331 0.535508 0.469715 0.059710 0.699310
1366.000000 -8.682242 18.481457 -36.099472 0.534661 0.467257 0.061193 0.701473
1367.000000 -8.492278 18.409369 -36.218570 0.533790 0.465465 0.062121 0.703244
1368.000000 -8.284407 18.337602 -36.340353 0.532901 0.463499 0.063188 0.705119
1369.000000 -7.960438 18.267443 -36.485143 0.531921 0.460410 0.065121 0.707702
1370.000000 -7.476966 18.225189 -36.645155 0.531058 0.455757 0.068389 0.711045
1371.000000 -6.936836 18.216991 -36.791459 0.530458 0.450533 0.072260 0.714432
1372.000000 -6.400845 18.201186 -36.931804 0.529770 0.445363 0.076033 0.717784
1373.000000 -5.875246 18.153567 -37.077741 0.528763 0.440326 0.079524 0.721248
1374.000000 -5.365782 18.049489 -37.241141 0.527198 0.435497 0.082551 0.724975
1375.000000 -4.877635 17.863525 -37.433703 0.524839 0.430954 0.084933 0.729116
1376.000000 -4.387336 17.582580 -37.663364 0.521535 0.426490 0.086767 0.733879
1377.000000 -3.861622 17.250927 -37.910420 0.517681 0.421739 0.088550 0.739122
1378.000000 -3.355165 16.978795 -38.117956 0.514414 0.417109 0.090521 0.743777
1379.000000 -2.958595 16.853008 -38.243486 0.512699 0.413380 0.092517 0.746791
1380.000000 -2.771075 16.852374 -38.294838 0.512464 0.411542 0.093743 0.747814
1381.000000 -2.791410 16.898329 -38.310096 0.512940 0.411682 0.093811 0.747402
1382.000000 -2.943547 16.933430 -38.320004 0.513469 0.413124 0.092952 0.746350
1383.000000 -3.149823 16.954034 -38.330942 0.513920 0.415107 0.091673 0.745096
1384.000000 -3.335481 16.964753 -38.346539 0.514256 0.416892 0.090488 0.744012
1385.000000 -3.458119 16.963948 -38.371886 0.514412 0.418075 0.089655 0.743341
1386.000000 -3.575206 16.921427 -38.415845 0.514158 0.419253 0.088621 0.742977
1387.000000 -3.781823 16.788639 -38.490480 0.513123 0.421398 0.086499 0.742729
1388.000000 -4.081181 16.546069 -38.601267 0.511120 0.424548 0.083173 0.742697
1389.000000 -4.431698 16.212437 -38.740590 0.508284 0.428258 0.079017 0.742966
1390.000000 -4.725451 15.890247 -38.875884 0.505493 0.431379 0.075305 0.743450
1391.000000 -4.860219 15.693903 -38.975692 0.503741 0.432850 0.073343 0.743981
1392.000000 -4.860172 15.659590 -39.026263 0.503399 0.432891 0.073160 0.744206
1393.000000 -4.825223 15.704651 -39.049252 0.503783 0.432532 0.073630 0.744109
1394.000000 -4.855823 15.734952 -39.069932 0.504097 0.432807 0.073571 0.743741
1395.000000 -4.884682 15.726445 -39.106246 0.504053 0.433094 0.073295 0.743632
1396.000000 -4.547246 15.781784 -39.160844 0.504273 0.429828 0.075748 0.745130
1397.000000 -3.789294 15.930654 -39.217213 0.504944 0.422454 0.081441 0.748286
1398.000000 -2.854939 16.119809 -39.255065 0.505754 0.413317 0.088463 0.752034
1399.000000 -2.011913 16.288069 -39.274135 0.506404 0.405038 0.094732 0.755331
1400.000000 -1.532007 16.373031 -39.297060 0.506641 0.400328 0.098217 0.757236
1401.000000 -1.514531 16.321495 -39.355819 0.506112 0.400221 0.098081 0.757664
1402.000000 -1.792435 16.143115 -39.454205 0.504723 0.403082 0.095438 0.757411
1403.000000 -2.114235 15.912580 -39.568245 0.502894 0.406395 0.092236 0.757254
1404.000000 -2.224956 15.708438 -39.679916 0.501081 0.407647 0.090486 0.757994
1405.000000 -2.023244 15.547261 -39.790203 0.499330 0.405889 0.090900 0.760040
1406.000000 -2.561394 15.389310 -39.856601 0.498460 0.411201 0.086630 0.758252
1407.000000 -4.378786 15.260364 -39.784000 0.499116 0.428541 0.074462 0.749460
1408.000000 -6.427090 15.145757 -39.585566 0.499798 0.447847 0.060904 0.738868
1409.000000 -7.733739 15.035966 -39.430420 0.499695 0.460075 0.052041 0.732070
1410.000000 -7.998083 14.950151 -39.447971 0.499047 0.462539 0.049931 0.731106
1411.000000 -7.382317 14.908660 -39.619927 0.498246 0.456850 0.053598 0.734960
1412.000000 -6.237933 14.922180 -39.845254 0.497555 0.446289 0.060788 0.741330
1413.000000 -4.922299 15.002196 -40.032707 0.497245 0.434058 0.069341 0.748019
1414.000000 -3.792108 15.161548 -40.130091 0.497718 0.423384 0.077154 0.753041
1415.000000 -3.191111 15.411623 -40.122708 0.499480 0.417488 0.082171 0.754633
1416.000000 -2.527582 15.702916 -40.093489 0.501521 0.410890 0.087822 0.756263
1417.000000 -1.193550 15.901044 -40.114354 0.501876 0.397967 0.097133 0.761779
1418.000000 0.232101 15.942726 -40.152194 0.500490 0.384251 0.106205 0.768493
1419.000000 1.035445 15.891557 -40.197052 0.498908 0.376567 0.110992 0.772638
1420.000000 1.119163 15.777194 -40.276722 0.497678 0.375901 0.111034 0.773748
1421.000000 0.674595 15.617306 -40.385078 0.496753 0.380386 0.107562 0.772640
1422.000000 -0.095852 15.432966 -40.497242 0.496019 0.387992 0.101923 0.770090
1423.000000 -1.005543 15.246942 -40.591504 0.495385 0.396852 0.095413 0.766811
1424.000000 -1.878352 15.080161 -40.659306 0.494812 0.405271 0.089243 0.763513
1425.000000 -2.539480 14.949632 -40.708326 0.494283 0.411613 0.084573 0.760990
1426.000000 -2.817067 14.817290 -40.775278 0.493310 0.414351 0.082245 0.760391
1427.000000 -2.807732 14.671274 -40.865508 0.491918 0.414419 0.081586 0.761326
1428.000000 -2.838657 14.556860 -40.940987 0.490872 0.414824 0.080832 0.761861
1429.000000 -2.947710 14.513675 -40.985152 0.490576 0.415879 0.079963 0.761568
1430.000000 -3.135678 14.586821 -40.981529 0.491443 0.417547 0.079214 0.760173
1431.000000 -3.058127 14.551339 -41.036121 0.491045 0.416858 0.079514 0.760777
1432.000000 -3.095004 14.595494 -41.053908 0.491496 0.417154 0.079525 0.760322
1433.000000 -3.263471 14.689090 -41.043996 0.492524 0.418623 0.078989 0.758904
1434.000000 -3.535189 14.772411 -41.028144 0.493550 0.421059 0.077778 0.757012
1435.000000 -3.881364 14.787838 -41.027632 0.494017 0.424244 0.075769 0.755131
1436.000000 -4.260804 14.735034 -41.046039 0.493864 0.427765 0.073216 0.753495
1437.000000 -4.609440 14.667680 -41.069249 0.493547 0.431011 0.070768 0.752086
1438.000000 -4.866638 14.610937 -41.096241 0.493250 0.433408 0.068923 0.751073
1439.000000 -5.003369 14.500697 -41.155072 0.492365 0.434750 0.067518 0.751006
1440.000000 -5.110869 14.367905 -41.224514 0.491252 0.435844 0.066168 0.751221
1441.000000 -5.546986 14.419873 -41.186110 0.492081 0.439775 0.063827 0.748585
1442.000000 -5.923268 14.426382 -41.167775 0.492430 0.443189 0.061611 0.746525
1443.000000 -6.215728 14.376925 -41.178614 0.492193 0.445874 0.059597 0.745245
1444.000000 -6.445760 14.288880 -41.210821 0.491550 0.448011 0.057748 0.744533
1445.000000 -6.635681 14.174814 -41.256832 0.490646 0.449799 0.055994 0.744185
1446.000000 -6.810735 14.043141 -41.309887 0.489578 0.451461 0.054226 0.744013
1447.000000 -6.996835 13.902010 -41.362914 0.488434 0.453225 0.052343 0.743828
1448.000000 -7.219682 13.761668 -41.407837 0.487318 0.455315 0.050254 0.743428
1449.000000 -7.476058 13.637096 -41.439798 0.486358 0.457690 0.048061 0.742742
1450.000000 -7.667714 13.470085 -41.495628 0.484976 0.459504 0.046020 0.742655
1451.000000 -7.776296 13.300314 -41.566443 0.483519 0.460571 0.044453 0.743039
1452.000000 -7.802108 13.190117 -41.633098 0.482546 0.460864 0.043700 0.743534
1453.000000 -7.769360 13.121934 -41.697329 0.481914 0.460612 0.043514 0.744112
1454.000000 -7.735237 12.970301 -41.787778 0.480535 0.460389 0.042869 0.745178
1455.000000 -7.710491 12.766058 -41.891889 0.478694 0.460274 0.041882 0.746489
1456.000000 -7.701937 12.550997 -41.994975 0.476772 0.460303 0.040747 0.747763
1457.000000 -7.716231 12.367700 -42.083062 0.475154 0.460513 0.039664 0.748721
1458.000000 -7.759883 12.257973 -42.143356 0.474213 0.460943 0.038815 0.749097
1459.000000 -7.843898 12.227231 -42.173132 0.473990 0.461695 0.038159 0.748810
1460.000000 -8.107277 12.197111 -42.168585 0.473845 0.464037 0.036497 0.747535
1461.000000 -8.566541 12.094554 -42.143963 0.473124 0.468143 0.033350 0.745576
1462.000000 -9.051443 11.893140 -42.136637 0.471519 0.472501 0.029516 0.744004
1463.000000 -9.365988 11.648076 -42.173037 0.469457 0.475353 0.026390 0.743608
1464.000000 -9.389703 11.500762 -42.244727 0.468162 0.475607 0.025446 0.744295
1465.000000 -9.220223 11.403175 -42.344650 0.467245 0.474160 0.025852 0.745779
1466.000000 -8.972127 11.298450 -42.461781 0.466240 0.472035 0.026633 0.747725
1467.000000 -8.744438 11.139797 -42.586898 0.464770 0.470107 0.026989 0.749840
1468.000000 -8.557219 10.930954 -42.714984 0.462875 0.468536 0.026849 0.751997
1469.000000 -8.404015 10.691548 -42.842320 0.460725 0.467254 0.026373 0.754129
1470.000000 -8.148604 10.492057 -42.977546 0.458892 0.465051 0.026677 0.756593
1471.000000 -7.778943 10.396803 -43.105900 0.457932 0.461812 0.028160 0.759101
1472.000000 -7.470116 10.400885 -43.196339 0.457857 0.459082 0.029836 0.760737
1473.000000 -7.394166 10.461512 -43.231583 0.458354 0.458389 0.030564 0.760827
1474.000000 -7.612891 10.555016 -43.207626 0.459241 0.460280 0.029902 0.759175
1475.000000 -8.008380 10.693940 -43.138539 0.460582 0.463709 0.028545 0.756323
1476.000000 -8.447106 10.893670 -43.041240 0.462466 0.467491 0.027279 0.752884
1477.000000 -8.814991 11.158351 -42.935837 0.464893 0.470626 0.026742 0.749447
1478.000000 -9.079863 11.441060 -42.842344 0.467445 0.472851 0.026857 0.746449
1479.000000 -9.238119 11.683449 -42.779223 0.469612 0.474155 0.027329 0.744241
1480.000000 -9.313934 11.841408 -42.755527 0.471018 0.474765 0.027782 0.742945
1481.000000 -9.340263 11.875387 -42.776580 0.471331 0.474984 0.027818 0.742606
1482.000000 -9.349855 11.768425 -42.840300 0.470414 0.475101 0.027166 0.743136
1483.000000 -9.359711 11.550626 -42.933733 0.468535 0.475252 0.025903 0.744271
1484.000000 -9.379097 11.259999 -43.043115 0.466026 0.475500 0.024189 0.745744
1485.000000 -9.417093 10.934710 -43.155179 0.463221 0.475910 0.022187 0.747291
1486.000000 -9.482773 10.613240 -43.257606 0.460455 0.476552 0.020061 0.748651
1487.000000 -9.585281 10.334417 -43.339111 0.458064 0.477496 0.017976 0.749568
1488.000000 -9.733940 10.137231 -43.389157 0.456385 0.478818 0.016099 0.749791
1489.000000 -9.934005 10.047035 -43.401398 0.455637 0.480562 0.014545 0.749162
1490.000000 -10.165954 10.047193 -43.384230 0.455669 0.482565 0.013327 0.747876
1491.000000 -10.401658 10.112087 -43.349822 0.456257 0.484589 0.012454 0.746223
1492.000000 -10.616258 10.214761 -43.310219 0.457164 0.486424 0.011905 0.744480
1493.000000 -10.802266 10.327454 -43.273930 0.458155 0.488009 0.011562 0.742838
1494.000000 -10.956221 10.428818 -43.247275 0.459047 0.489317 0.011324 0.741429
1495.000000 -11.074523 10.498209 -43.236677 0.459661 0.490322 0.011092 0.740387
1496.000000 -11.153568 10.515040 -43.248587 0.459821 0.490997 0.010770 0.739845
1497.000000 -11.192947 10.466066 -43.286621 0.459411 0.491340 0.010284 0.739879
1498.000000 -11.199756 10.355060 -43.347898 0.458467 0.491413 0.009618 0.740425
1499.000000 -11.180780 10.199020 -43.426149 0.457133 0.491269 0.008833 0.741354
1500.000000 -11.139330 10.042739 -43.509624 0.455795 0.490932 0.008167 0.742408
1501.000000 -11.078344 9.933793 -43.586686 0.454857 0.490424 0.007871 0.743322
1502.000000 -11.003055 9.891843 -43.651873 0.454488 0.489786 0.008026 0.743966
1503.000000 -10.924614 9.904729 -43.705283 0.454585 0.489116 0.008504 0.744342
1504.000000 -10.858736 9.948867 -43.748312 0.454950 0.488550 0.009089 0.744485
1505.000000 -10.821432 10.000025 -43.782486 0.455378 0.488225 0.009565 0.744429
1506.000000 -10.826780 10.038605 -43.808844 0.455708 0.488264 0.009753 0.744200
1507.000000 -10.874632 10.064080 -43.827572 0.455934 0.488665 0.009649 0.743799
1508.000000 -10.953392 10.067776 -43.843490 0.455981 0.489330 0.009263 0.743338
1509.000000 -11.050379 10.038540 -43.862225 0.455749 0.490153 0.008598 0.742946
1510.000000 -11.152922 9.965152 -43.889395 0.455142 0.491027 0.007657 0.742752
1511.000000 -11.248212 9.838104 -43.930166 0.454076 0.491844 0.006452 0.742875
1512.000000 -11.323501 9.668805 -43.984863 0.452648 0.492493 0.005114 0.743326
1513.000000 -11.368944 9.475903 -44.051581 0.451018 0.492889 0.003800 0.744062
1514.000000 -11.375166 9.276852 -44.128794 0.449333 0.492953 0.002657 0.745044
1515.000000 -11.332691 9.089215 -44.215201 0.447744 0.492603 0.001829 0.746233
1516.000000 -11.233898 8.925920 -44.310076 0.446361 0.491777 0.001425 0.747606
1517.000000 -11.091263 8.776924 -44.412133 0.445102 0.490578 0.001321 0.749143
1518.000000 -10.960506 8.638480 -44.508104 0.443934 0.489478 0.001212 0.750555
1519.000000 -10.879838 8.509444 -44.589160 0.442849 0.488798 0.000903 0.751639
1520.000000 -10.852404 8.386682 -44.655578 0.441817 0.488564 0.000363 0.752398
1521.000000 -10.879154 8.266955 -44.707959 0.440811 0.488784 -0.000425 0.752845
1522.000000 -10.958712 8.153838 -44.745959 0.439857 0.489447 -0.001434 0.752971
1523.000000 -11.084676 8.065202 -44.767654 0.439106 0.490500 -0.002534 0.752721
1524.000000 -11.250107 8.020800 -44.770956 0.438723 0.491889 -0.003584 0.752034
1525.000000 -11.448262 8.040438 -44.753732 0.438874 0.493555 -0.004443 0.750848
1526.000000 -11.672379 8.143814 -44.713619 0.439724 0.495443 -0.004970 0.749102
1527.000000 -11.906474 8.346790 -44.650886 0.441405 0.497418 -0.004992 0.746801
1528.000000 -12.178866 8.569806 -44.571557 0.443247 0.499712 -0.005089 0.744173
1529.000000 -12.510285 8.720384 -44.486938 0.444478 0.502490 -0.005884 0.741558
1530.000000 -12.823368 8.813726 -44.415807 0.445232 0.505106 -0.006915 0.739317
1531.000000 -13.042321 8.865704 -44.378152 0.445650 0.506929 -0.007712 0.737807
1532.000000 -13.077481 8.880630 -44.401242 0.445780 0.507217 -0.007798 0.737530
1533.000000 -12.935031 8.845460 -44.486196 0.445507 0.506033 -0.007277 0.738513
1534.000000 -12.692131 8.747967 -44.611387 0.444719 0.504020 -0.006617 0.740368
1535.000000 -12.427465 8.574779 -44.755375 0.443300 0.501825 -0.006286 0.742710
1536.000000 -12.220775 8.312119 -44.897800 0.441134 0.500101 -0.006744 0.745154
1537.000000 -12.153207 7.946422 -45.018672 0.438104 0.499511 -0.008449 0.747316
1538.000000 -12.208755 7.548599 -45.108811 0.434797 0.499920 -0.010922 0.748941
1539.000000 -12.158266 7.261713 -45.206417 0.432421 0.499451 -0.012254 0.750607
1540.000000 -11.943934 7.102073 -45.325756 0.431120 0.497641 -0.012088 0.752558
1541.000000 -11.702474 7.027282 -45.437103 0.430526 0.495621 -0.011339 0.754241
1542.000000 -11.590697 7.004737 -45.505720 0.430350 0.494690 -0.010940 0.754958
1543.000000 -11.667125 7.019649 -45.520023 0.430460 0.495336 -0.011240 0.754467
1544.000000 -11.918541 7.055627 -45.485423 0.430721 0.497436 -0.012245 0.752919
1545.000000 -12.309871 7.101373 -45.410413 0.431041 0.500681 -0.013848 0.750553
1546.000000 -12.710443 7.168037 -45.326119 0.431529 0.503994 -0.015377 0.748021
1547.000000 -12.974396 7.270039 -45.271782 0.432329 0.506178 -0.016060 0.746068
1548.000000 -13.026776 7.403093 -45.271890 0.433420 0.506623 -0.015564 0.745143
1549.000000 -13.050598 7.496216 -45.286244 0.434187 0.506829 -0.015161 0.744565
1550.000000 -13.191755 7.498723 -45.281224 0.434186 0.507992 -0.015832 0.743758
1551.000000 -13.402886 7.418370 -45.268649 0.433489 0.509717 -0.017303 0.742952
1552.000000 -13.632427 7.264263 -45.261357 0.432179 0.511574 -0.019276 0.742389
1553.000000 -13.828576 7.045468 -45.272802 0.430343 0.513136 -0.021449 0.742319
1554.000000 -13.939286 6.770907 -45.317174 0.428065 0.513977 -0.023524 0.742990
1555.000000 -13.929621 6.453312 -45.402911 0.425464 0.513815 -0.025267 0.744538
1556.000000 -13.848390 6.112219 -45.511359 0.422690 0.513054 -0.026803 0.746586
1557.000000 -13.758528 5.769933 -45.619695 0.419908 0.512214 -0.028304 0.748674
1558.000000 -13.664568 5.464607 -45.721944 0.417432 0.511347 -0.029580 0.750599
1559.000000 -13.551325 5.239913 -45.818376 0.415622 0.510346 -0.030318 0.752255
1560.000000 -13.435615 5.122220 -45.902213 0.414688 0.509358 -0.030452 0.753432
1561.000000 -13.415531 5.071165 -45.950267 0.414271 0.509176 -0.030654 0.753777
1562.000000 -13.476694 5.078877 -45.968080 0.414307 0.509679 -0.030895 0.753407
1563.000000 -13.592526 5.142577 -45.963507 0.414785 0.510647 -0.031067 0.752481
1564.000000 -13.736350 5.259526 -45.944189 0.415692 0.511858 -0.031062 0.751157
1565.000000 -13.882819 5.417980 -45.918429 0.416940 0.513102 -0.030834 0.749625
1566.000000 -14.013499 5.578083 -45.896060 0.418206 0.514219 -0.030528 0.748165
1567.000000 -14.136692 5.701802 -45.879431 0.419178 0.515264 -0.030396 0.746906
1568.000000 -14.264995 5.752321 -45.869685 0.419550 0.516328 -0.030700 0.745949
1569.000000 -14.411019 5.692748 -45.867721 0.419020 0.517499 -0.031705 0.745394
1570.000000 -14.555251 5.503746 -45.881531 0.417435 0.518609 -0.033430 0.745436
1571.000000 -14.603903 5.239152 -45.933408 0.415270 0.518907 -0.035148 0.746359
1572.000000 -14.605751 4.949446 -46.001370 0.412917 0.518809 -0.036793 0.747652
1573.000000 -14.609817 4.682567 -46.064506 0.410746 0.518732 -0.038314 0.748823
1574.000000 -14.624993 4.474089 -46.116973 0.409044 0.518766 -0.039554 0.749667
1575.000000 -14.656923 4.358609 -46.154535 0.408089 0.518972 -0.040345 0.750003
1576.000000 -14.713776 4.370472 -46.172026 0.408155 0.519434 -0.040533 0.749637
1577.000000 -14.781472 4.517028 -46.172964 0.409308 0.520044 -0.040011 0.748613
1578.000000 -14.856741 4.657956 -46.171354 0.410411 0.520715 -0.039553 0.747566
1579.000000 -14.941374 4.702804 -46.175942 0.410733 0.521422 -0.039678 0.746889
1580.000000 -15.034710 4.687183 -46.183584 0.410567 0.522173 -0.040180 0.746429
1581.000000 -15.129242 4.645766 -46.193170 0.410197 0.522922 -0.040831 0.746072
1582.000000 -15.187059 4.583031 -46.216684 0.409679 0.523363 -0.041434 0.746014
1583.000000 -15.181920 4.502347 -46.262585 0.409041 0.523287 -0.041860 0.746394
1584.000000 -15.127860 4.419522 -46.324688 0.408399 0.522814 -0.042085 0.747064
1585.000000 -15.043609 4.336903 -46.396429 0.407767 0.522098 -0.042181 0.747904
1586.000000 -14.947856 4.218284 -46.474858 0.406847 0.521271 -0.042433 0.748967
1587.000000 -14.857562 4.039471 -46.556257 0.405439 0.520461 -0.043045 0.750258
1588.000000 -14.774711 3.923800 -46.629071 0.404538 0.519740 -0.043335 0.751227
1589.000000 -14.696624 3.944341 -46.688543 0.404735 0.519120 -0.042884 0.751575
1590.000000 -14.632634 4.019052 -46.738752 0.405366 0.518639 -0.042192 0.751606
1591.000000 -14.593680 4.064255 -46.783470 0.405751 0.518346 -0.041772 0.751624
1592.000000 -14.571793 4.066482 -46.826529 0.405784 0.518170 -0.041662 0.751733
1593.000000 -14.557171 4.018928 -46.871611 0.405416 0.518032 -0.041856 0.752017
1594.000000 -14.539975 3.914752 -46.922200 0.404594 0.517847 -0.042350 0.752559
1595.000000 -14.510317 3.761562 -46.980355 0.403383 0.517539 -0.043063 0.753379
1596.000000 -14.458793 3.604968 -47.044960 0.402150 0.517055 -0.043703 0.754334
1597.000000 -14.385541 3.473646 -47.113737 0.401126 0.516408 -0.044114 0.755297
1598.000000 -14.300511 3.372181 -47.183438 0.400346 0.515681 -0.044314 0.756196
1599.000000 -14.213960 3.304610 -47.250823 0.399839 0.514957 -0.044323 0.756957
1600.000000 -14.126595 3.303377 -47.313576 0.399865 0.514257 -0.043965 0.757440
1601.000000 -14.037652 3.396674 -47.369931 0.400651 0.513587 -0.043086 0.757529
1602.000000 -13.957839 3.541760 -47.419398 0.401847 0.513013 -0.041961 0.757348
1603.000000 -13.874750 3.689359 -47.469044 0.403064 0.512413 -0.040807 0.757170
1604.000000 -13.770804 3.790153 -47.527868 0.403916 0.511626 -0.039818 0.757302
1605.000000 -13.628723 3.794931 -47.604884 0.404017 0.510495 -0.039186 0.758043
1606.000000 -13.465652 3.675645 -47.697012 0.403140 0.509148 -0.039133 0.759418
1607.000000 -13.348896 3.462564 -47.782087 0.401495 0.508134 -0.039774 0.760934
1608.000000 -13.325062 3.214354 -47.842423 0.399531 0.507843 -0.040991 0.762096
1609.000000 -13.357744 2.991186 -47.884217 0.397740 0.508007 -0.042312 0.762851
1610.000000 -13.385473 2.853175 -47.921479 0.396627 0.508162 -0.043161 0.763279
1611.000000 -13.347663 2.856505 -47.968533 0.396663 0.507858 -0.042985 0.763473
1612.000000 -13.224100 2.965267 -48.032814 0.397573 0.506920 -0.041898 0.763683
1613.000000 -13.053947 3.048731 -48.110599 0.398302 0.505604 -0.040763 0.764237
1614.000000 -12.882689 3.001891 -48.196006 0.397999 0.504227 -0.040313 0.765328
1615.000000 -12.748603 2.891432 -48.274642 0.397180 0.503121 -0.040344 0.766479
1616.000000 -12.652036 2.822322 -48.340382 0.396682 0.502330 -0.040303 0.767258
1617.000000 -12.532815 2.863224 -48.405345 0.397069 0.501403 -0.039589 0.767700
1618.000000 -12.347656 3.013868 -48.480189 0.398347 0.499995 -0.038040 0.768035
1619.000000 -12.144483 3.187222 -48.556948 0.399797 0.498449 -0.036316 0.768370
1620.000000 -11.997529 3.286639 -48.623473 0.400628 0.497318 -0.035213 0.768721
1621.000000 -11.971424 3.196229 -48.672596 0.399910 0.497075 -0.035574 0.769235
1622.000000 -11.943728 3.093907 -48.722642 0.399104 0.496816 -0.035983 0.769802
1623.000000 -11.899017 3.134180 -48.767562 0.399438 0.496476 -0.035591 0.769866
1624.000000 -11.819775 3.115093 -48.824496 0.399321 0.495844 -0.035360 0.770345
1625.000000 -11.765845 3.122032 -48.873395 0.399401 0.495425 -0.035103 0.770585
1626.000000 -11.801576 3.186653 -48.896836 0.399900 0.495736 -0.034926 0.770134
1627.000000 -11.840557 3.171780 -48.924690 0.399777 0.496040 -0.035161 0.769992
1628.000000 -11.864447 3.035404 -48.963945 0.398708 0.496175 -0.035947 0.770422
1629.000000 -11.939996 2.815954 -48.995342 0.396954 0.496680 -0.037369 0.770934
1630.000000 -12.080597 2.541832 -49.012564 0.394735 0.497674 -0.039328 0.771336
1631.000000 -12.105551 2.141422 -49.062155 0.391568 0.497704 -0.041461 0.772817
1632.000000 -12.149411 1.591264 -49.108813 0.387212 0.497808 -0.044421 0.774778
1633.000000 -12.212499 1.047173 -49.144175 0.382889 0.498049 -0.047423 0.776591
1634.000000 -12.296089 0.998989 -49.160801 0.382473 0.498687 -0.047994 0.776352
1635.000000 -12.382605 1.339158 -49.167187 0.385115 0.499542 -0.046608 0.774579
1636.000000 -12.472829 1.665013 -49.170791 0.387623 0.500410 -0.045311 0.772842
1637.000000 -12.556706 1.940709 -49.175855 0.389730 0.501197 -0.044245 0.771333
1638.000000 -12.604294 2.197554 -49.189471 0.391707 0.501682 -0.043132 0.770078
1639.000000 -12.567623 2.443152 -49.223852 0.393645 0.501494 -0.041739 0.769289
1640.000000 -12.388318 2.594183 -49.297991 0.394916 0.500150 -0.040251 0.769591
1641.000000 -12.289382 2.807308 -49.347360 0.396632 0.499466 -0.038769 0.769229
1642.000000 -12.361689 3.042387 -49.351696 0.398440 0.500127 -0.037854 0.767910
1643.000000 -12.495420 3.113924 -49.350011 0.398944 0.501203 -0.038002 0.766939
1644.000000 -12.527396 2.854451 -49.394076 0.396916 0.501355 -0.039426 0.767819
1645.000000 -12.382469 2.252385 -49.498222 0.392293 0.499978 -0.041891 0.770956
1646.000000 -12.165600 1.620219 -49.613144 0.387456 0.498013 -0.044220 0.774535
1647.000000 -12.068177 1.052617 -49.688471 0.383065 0.496999 -0.046693 0.777221
1648.000000 -12.053627 0.502145 -49.736763 0.378764 0.496624 -0.049404 0.779398
1649.000000 -12.098260 -0.033115 -49.764864 0.374545 0.496694 -0.052263 0.781204
1650.000000 -12.249698 -0.444055 -49.762608 0.371237 0.497645 -0.054898 0.781997
1651.000000 -12.377160 -0.757935 -49.764065 0.368695 0.498459 -0.056942 0.782534
1652.000000 -12.331647 -1.132148 -49.804854 0.365772 0.497886 -0.058631 0.784145
1653.000000 -12.255861 -1.335778 -49.855027 0.364209 0.497174 -0.059355 0.785269
1654.000000 -12.257027 -1.323131 -49.891490 0.364308 0.497194 -0.059295 0.785215
1655.000000 -12.357553 -1.121065 -49.907930 0.365840 0.498106 -0.058668 0.783970
1656.000000 -12.410273 -0.816340 -49.936957 0.368200 0.498700 -0.057354 0.782584
1657.000000 -12.343787 -0.473338 -49.994280 0.370913 0.498372 -0.055414 0.781651
1658.000000 -12.243996 -0.101729 -50.057240 0.373865 0.497792 -0.053211 0.780766
1659.000000 -12.101726 0.280300 -50.127552 0.376916 0.496877 -0.050795 0.780043
1660.000000 -11.897767 0.650325 -50.209477 0.379897 0.495469 -0.048199 0.779657
1661.000000 -11.712458 1.006012 -50.283784 0.382748 0.494194 -0.045740 0.779220
1662.000000 -11.617927 1.420899 -50.332317 0.386007 0.493643 -0.043336 0.778099
1663.000000 -11.586791 1.666081 -50.368566 0.387920 0.493502 -0.042012 0.777308
1664.000000 -11.681218 1.680362 -50.382848 0.387997 0.494234 -0.042303 0.776789
1665.000000 -11.901909 1.459236 -50.374624 0.386204 0.495837 -0.044236 0.776553
1666.000000 -12.159511 1.124548 -50.358195 0.383518 0.497664 -0.046883 0.776561
1667.000000 -12.422172 0.737259 -50.337726 0.380417 0.499492 -0.049820 0.776729
1668.000000 -12.697142 0.317830 -50.309951 0.377048 0.501390 -0.052963 0.776941
1669.000000 -12.998224 -0.116853 -50.270319 0.373529 0.503477 -0.056271 0.777059
1670.000000 -13.303919 -0.557378 -50.223736 0.369939 0.505590 -0.059615 0.777155
1671.000000 -13.460468 -1.022843 -50.211119 0.366230 0.506528 -0.062521 0.778072
1672.000000 -13.423764 -1.494261 -50.245566 0.362589 0.505955 -0.064744 0.779966
1673.000000 -13.307866 -1.903021 -50.298955 0.359483 0.504799 -0.066365 0.782014
1674.000000 -13.235167 -2.177460 -50.343298 0.357396 0.504060 -0.067477 0.783351
1675.000000 -13.318165 -2.253106 -50.354332 0.356758 0.504655 -0.068167 0.783199
1676.000000 -13.399921 -2.179544 -50.372356 0.357278 0.505332 -0.068106 0.782530
1677.000000 -13.339745 -1.998050 -50.432588 0.358726 0.504971 -0.066995 0.782197
1678.000000 -13.149113 -1.736303 -50.529059 0.360876 0.503648 -0.065023 0.782227
1679.000000 -12.839659 -1.422144 -50.654890 0.363498 0.501442 -0.062372 0.782646
1680.000000 -12.458608 -1.075983 -50.794529 0.366395 0.498716 -0.059311 0.783275
1681.000000 -12.190723 -0.690166 -50.902216 0.369518 0.496885 -0.056457 0.783183
1682.000000 -12.110235 -0.295300 -50.961545 0.372595 0.496490 -0.054227 0.782131
1683.000000 -12.128825 0.027850 -50.994490 0.375064 0.496807 -0.052704 0.780853
1684.000000 -12.146023 0.199780 -51.026681 0.376376 0.497025 -0.051915 0.780136
1685.000000 -12.035567 0.182757 -51.089639 0.376313 0.496161 -0.051593 0.780738
1686.000000 -11.977400 -0.020650 -51.140358 0.374799 0.495601 -0.052369 0.781769
1687.000000 -12.078094 -0.355340 -51.152126 0.372195 0.496189 -0.054357 0.782504
1688.000000 -12.266203 -0.748138 -51.139699 0.369092 0.497409 -0.056950 0.783015
1689.000000 -12.477253 -1.130954 -51.118024 0.366041 0.498804 -0.059583 0.783364
1690.000000 -12.654034 -1.442113 -51.103027 0.363547 0.499976 -0.061745 0.783610
1691.000000 -12.779011 -1.663377 -51.101436 0.361765 0.500806 -0.063277 0.783782
1692.000000 -12.863806 -1.808255 -51.111473 0.360591 0.501375 -0.064289 0.783878
1693.000000 -12.920529 -1.890699 -51.130479 0.359915 0.501764 -0.064893 0.783889
1694.000000 -12.957605 -1.922549 -51.156322 0.359643 0.502031 -0.065179 0.783819
1695.000000 -12.968088 -1.913142 -51.190587 0.359710 0.502116 -0.065165 0.783736
1696.000000 -12.944454 -1.877568 -51.234567 0.360003 0.501953 -0.064900 0.783728
1697.000000 -12.879182 -1.830983 -51.289393 0.360406 0.501479 -0.064435 0.783884
1698.000000 -12.776663 -1.792756 -51.352984 0.360768 0.500716 -0.063883 0.784251
1699.000000 -12.673753 -1.792324 -51.414932 0.360836 0.499932 -0.063520 0.784749
1700.000000 -12.608833 -1.856798 -51.464913 0.360382 0.499401 -0.063609 0.785288
1701.000000 -12.581147 -1.970197 -51.503746 0.359531 0.499125 -0.064067 0.785817
1702.000000 -12.560579 -2.084292 -51.540599 0.358670 0.498900 -0.064553 0.786313
1703.000000 -12.516147 -2.150022 -51.585137 0.358194 0.498521 -0.064719 0.786756
1704.000000 -12.422019 -2.124941 -51.645433 0.358443 0.497817 -0.064271 0.787125
1705.000000 -12.299382 -2.021313 -51.715488 0.359307 0.496945 -0.063345 0.787358
1706.000000 -12.193070 -1.877802 -51.782637 0.360463 0.496220 -0.062287 0.787371
1707.000000 -12.148243 -1.733472 -51.834779 0.361587 0.495961 -0.061440 0.787085
1708.000000 -12.194531 -1.622238 -51.864075 0.362405 0.496375 -0.061068 0.786476
1709.000000 -12.310111 -1.560929 -51.875188 0.362803 0.497286 -0.061178 0.785709
1710.000000 -12.462466 -1.562836 -51.875258 0.362701 0.498437 -0.061718 0.784984
1711.000000 -12.619052 -1.641235 -51.871461 0.362017 0.499575 -0.062641 0.784503
1712.000000 -12.747323 -1.809404 -51.870958 0.360669 0.500445 -0.063895 0.784468
1713.000000 -12.815484 -2.077218 -51.880556 0.358602 0.500797 -0.065420 0.785065
1714.000000 -12.801804 -2.413130 -51.905803 0.356069 0.500484 -0.066989 0.786284
1715.000000 -12.700398 -2.749194 -51.950390 0.353588 0.499503 -0.068256 0.787917
1716.000000 -12.509870 -3.012295 -52.018394 0.351715 0.497890 -0.068865 0.789721
1717.000000 -12.234720 -3.138882 -52.112682 0.350929 0.495725 -0.068533 0.791460
1718.000000 -11.981972 -3.196593 -52.204243 0.350649 0.493770 -0.067959 0.792854
1719.000000 -11.746017 -3.158371 -52.296567 0.351086 0.492000 -0.066997 0.793843
1720.000000 -11.524429 -3.104034 -52.385554 0.351636 0.490346 -0.066012 0.794705
1721.000000 -11.463281 -3.224083 -52.428289 0.350761 0.489802 -0.066369 0.795397
1722.000000 -11.587967 -3.469553 -52.421909 0.348822 0.490587 -0.067920 0.795635
1723.000000 -11.817071 -3.584147 -52.399739 0.347812 0.492244 -0.069213 0.794942
1724.000000 -12.002211 -3.315895 -52.412077 0.349734 0.493819 -0.068560 0.793176
1725.000000 -12.194025 -2.885387 -52.429915 0.352869 0.495543 -0.067163 0.790829
1726.000000 -12.506738 -2.549622 -52.409968 0.355189 0.498116 -0.066625 0.788215
1727.000000 -12.912408 -2.388109 -52.355214 0.356118 0.501280 -0.067230 0.785734
1728.000000 -13.283752 -2.348718 -52.300109 0.356153 0.504102 -0.068308 0.783818
1729.000000 -13.618422 -2.477372 -52.244485 0.354972 0.506522 -0.070073 0.782636
1730.000000 -13.913398 -2.706515 -52.192003 0.353073 0.508566 -0.072195 0.781977
1731.000000 -14.032814 -2.803406 -52.191499 0.352281 0.509388 -0.073074 0.781718
1732.000000 -13.971871 -2.737291 -52.247847 0.352828 0.508980 -0.072540 0.781786
1733.000000 -13.831574 -2.684325 -52.324314 0.353326 0.507971 -0.071806 0.782285
1734.000000 -13.771719 -2.858893 -52.367226 0.352062 0.507407 -0.072450 0.783162
1735.000000 -13.747268 -3.029692 -52.400421 0.350794 0.507109 -0.073193 0.783854
1736.000000 -13.638224 -3.032704 -52.465108 0.350834 0.506295 -0.072841 0.784395
1737.000000 -13.438610 -3.087470 -52.549781 0.350549 0.504767 -0.072438 0.785543
1738.000000 -13.164011 -3.292612 -52.643197 0.349195 0.502573 -0.072510 0.787544
1739.000000 -12.860995 -3.557113 -52.737282 0.347422 0.500123 -0.072767 0.789860
1740.000000 -12.576918 -3.782006 -52.826595 0.345941 0.497843 -0.072889 0.791937
1741.000000 -12.343853 -3.924085 -52.907715 0.345053 0.496003 -0.072780 0.793488
1742.000000 -12.183841 -3.976242 -52.977446 0.344785 0.494768 -0.072495 0.794401
1743.000000 -12.118776 -3.932644 -53.032161 0.345160 0.494305 -0.072084 0.794564
1744.000000 -12.169002 -3.797732 -53.067025 0.346131 0.494764 -0.071629 0.793896
1745.000000 -12.337078 -3.694895 -53.071999 0.346774 0.496083 -0.071704 0.792785
1746.000000 -12.623813 -3.727786 -53.038769 0.346317 0.498198 -0.072794 0.791558
1747.000000 -13.051876 -3.784485 -52.967603 0.345584 0.501350 -0.074453 0.789732
1748.000000 -13.615913 -3.808401 -52.860309 0.344997 0.505536 -0.076398 0.787130
1749.000000 -14.266909 -3.789854 -52.726316 0.344664 0.510394 -0.078425 0.783935
1750.000000 -14.953187 -3.712509 -52.577982 0.344736 0.515550 -0.080286 0.780333
1751.000000 -15.623973 -3.559560 -52.429776 0.345368 0.520643 -0.081727 0.776513
1752.000000 -16.239772 -3.340038 -52.293278 0.346515 0.525374 -0.082660 0.772707
1753.000000 -16.799808 -3.156548 -52.163812 0.347418 0.529660 -0.083593 0.769268
1754.000000 -17.312957 -3.124194 -52.033965 0.347227 0.533475 -0.085138 0.766544
1755.000000 -17.805318 -3.240471 -51.896717 0.345949 0.537008 -0.087383 0.764399
1756.000000 -18.315247 -3.419094 -51.743914 0.344190 0.540610 -0.090017 0.762346
1757.000000 -18.852964 -3.542003 -51.578819 0.342813 0.544455 -0.092461 0.759934
1758.000000 -19.389771 -3.508674 -51.418548 0.342581 0.548428 -0.094078 0.756977
1759.000000 -19.905318 -3.355187 -51.268311 0.343244 0.552356 -0.094973 0.753702
1760.000000 -20.394037 -3.146070 -51.125932 0.344330 0.556141 -0.095469 0.750353
1761.000000 -20.886706 -2.977269 -50.973338 0.345104 0.559918 -0.096195 0.747088
1762.000000 -21.409704 -2.924758 -50.795273 0.344986 0.563808 -0.097670 0.744020
1763.000000 -21.951869 -2.973864 -50.596725 0.344093 0.567738 -0.099786 0.741159
1764.000000 -22.492650 -3.088612 -50.388073 0.342709 0.571586 -0.102280 0.738497
1765.000000 -22.989900 -3.211273 -50.191936 0.341300 0.575101 -0.104684 0.736080
1766.000000 -23.384216 -3.266996 -50.042422 0.340481 0.577927 -0.106360 0.734003
1767.000000 -23.642960 -3.211122 -49.960916 0.340619 0.579878 -0.106925 0.732316
1768.000000 -23.775744 -3.046067 -49.944714 0.341686 0.581027 -0.106419 0.730981
1769.000000 -23.789410 -2.779255 -49.990093 0.343618 0.581414 -0.104910 0.729986
1770.000000 -23.511191 -2.480377 -50.173316 0.346080 0.579698 -0.102225 0.730567
1771.000000 -23.166138 -2.363187 -50.375156 0.347278 0.577308 -0.100378 0.732146
1772.000000 -22.875643 -2.424064 -50.540798 0.347122 0.575143 -0.099735 0.734009
1773.000000 -22.646302 -2.605023 -50.671070 0.346035 0.573308 -0.099973 0.735923
1774.000000 -22.485916 -2.848453 -50.765724 0.344434 0.571907 -0.100791 0.737650
1775.000000 -22.425756 -3.118359 -50.813699 0.342549 0.571189 -0.102093 0.738904
1776.000000 -22.512314 -3.396046 -50.795006 0.340454 0.571518 -0.103946 0.739360
1777.000000 -22.792957 -3.665080 -50.688203 0.338208 0.573265 -0.106410 0.738688
1778.000000 -23.273610 -3.907672 -50.488210 0.335925 0.576496 -0.109402 0.736775
1779.000000 -23.493857 -4.090723 -50.408342 0.334336 0.577905 -0.111172 0.736129
1780.000000 -23.589103 -4.196178 -50.391498 0.333443 0.578497 -0.112072 0.735932
1781.000000 -23.905287 -4.117211 -50.284689 0.333653 0.580906 -0.112665 0.733846
1782.000000 -24.380366 -3.902507 -50.108675 0.334674 0.584629 -0.113009 0.730364
1783.000000 -24.892382 -3.631577 -49.911787 0.336059 0.588690 -0.113137 0.726435
1784.000000 -25.324784 -3.382209 -49.747833 0.337380 0.592131 -0.113092 0.723026
1785.000000 -25.559414 -3.229698 -49.675955 0.338228 0.593999 -0.112934 0.721119
1786.000000 -25.481784 -3.242510 -49.752510 0.338236 0.593410 -0.112727 0.721633
1787.000000 -25.098686 -3.418641 -49.971658 0.337405 0.590426 -0.112486 0.724501
1788.000000 -24.543170 -3.708109 -50.262131 0.335942 0.586073 -0.112345 0.728725
1789.000000 -24.391543 -4.102787 -50.340880 0.333254 0.584537 -0.114150 0.730909
1790.000000 -24.721236 -4.564458 -50.175821 0.329518 0.586404 -0.117943 0.730505
1791.000000 -24.949450 -4.979132 -50.059660 0.326220 0.587566 -0.121134 0.730529
1792.000000 -24.999314 -5.298236 -50.038893 0.323818 0.587534 -0.123166 0.731284
1793.000000 -24.968310 -5.494235 -50.070223 0.322411 0.587063 -0.124198 0.732108
1794.000000 -24.953845 -5.538700 -50.109378 0.322093 0.586906 -0.124391 0.732342
1795.000000 -25.054151 -5.402016 -50.110929 0.322962 0.587810 -0.123902 0.731316
1796.000000 -25.344586 -5.072196 -50.035818 0.325007 0.590333 -0.122902 0.728541
1797.000000 -25.709696 -4.684249 -49.923671 0.327380 0.593467 -0.121788 0.725112
1798.000000 -26.046606 -4.368176 -49.813916 0.329262 0.596304 -0.120999 0.722058
1799.000000 -26.303890 -4.210814 -49.728465 0.330091 0.598364 -0.120901 0.719988
1800.000000 -26.505443 -4.234063 -49.655575 0.329683 0.599798 -0.121713 0.718844
1801.000000 -26.672104 -4.430817 -49.585220 0.328062 0.600765 -0.123459 0.718481
1802.000000 -26.786379 -4.735014 -49.531899 0.325721 0.601210 -0.125683 0.718788
1803.000000 -26.823050 -5.070825 -49.515474 0.323241 0.601045 -0.127839 0.719665
1804.000000 -26.756537 -5.362414 -49.557434 0.321207 0.600184 -0.129382 0.721017
1805.000000 -26.570398 -5.561275 -49.672089 0.319997 0.598574 -0.129971 0.722785
1806.000000 -26.295252 -5.704847 -49.838214 0.319300 0.596392 -0.129944 0.724899
1807.000000 -26.038083 -5.781069 -50.000274 0.319068 0.594426 -0.129585 0.726678
1808.000000 -25.808805 -5.833852 -50.148886 0.318973 0.592691 -0.129184 0.728207
1809.000000 -25.598198 -5.921910 -50.282623 0.318603 0.591046 -0.129049 0.729729
1810.000000 -25.397749 -6.063801 -50.403836 0.317836 0.589407 -0.129248 0.731351
1811.000000 -25.214966 -6.124677 -50.524965 0.317639 0.588003 -0.129017 0.732606
1812.000000 -25.086085 -6.006501 -50.640137 0.318669 0.587219 -0.127912 0.732982
1813.000000 -24.964331 -5.813856 -50.759564 0.320221 0.586579 -0.126404 0.733080
1814.000000 -24.769808 -5.732591 -50.900631 0.321050 0.585270 -0.125326 0.733948
1815.000000 -24.509272 -5.821015 -51.052896 0.320724 0.583280 -0.125024 0.735724
1816.000000 -24.211083 -5.980276 -51.212658 0.319929 0.580939 -0.125003 0.737922
1817.000000 -23.897183 -6.087573 -51.383132 0.319532 0.578558 -0.124630 0.740025
1818.000000 -23.628114 -6.097337 -51.542174 0.319788 0.576619 -0.123852 0.741558
1819.000000 -23.596342 -6.246301 -51.575208 0.318758 0.576211 -0.124592 0.742194
1820.000000 -23.788146 -6.526120 -51.489145 0.316513 0.577244 -0.126751 0.741986
1821.000000 -23.944324 -6.744257 -51.425798 0.314754 0.578088 -0.128449 0.741785
1822.000000 -23.928739 -6.913527 -51.448080 0.313563 0.577752 -0.129337 0.742396
1823.000000 -23.838600 -7.081205 -51.504549 0.312482 0.576879 -0.129992 0.743416
1824.000000 -23.811765 -7.224631 -51.533389 0.311482 0.576499 -0.130727 0.744002
1825.000000 -23.889384 -7.426333 -51.504015 0.309911 0.576808 -0.132116 0.744173
1826.000000 -24.056635 -7.823144 -51.402620 0.306809 0.577513 -0.134860 0.744419
1827.000000 -24.266108 -8.384883 -51.251360 0.302454 0.578288 -0.138653 0.744903
1828.000000 -24.404517 -8.835370 -51.146397 0.298995 0.578677 -0.141605 0.745441
1829.000000 -24.391729 -8.849279 -51.186937 0.298918 0.578569 -0.141630 0.745552
1830.000000 -24.413799 -8.572720 -51.260290 0.300903 0.579107 -0.140125 0.744619
1831.000000 -24.635931 -8.347791 -51.227767 0.302225 0.581021 -0.139505 0.742707
1832.000000 -25.078276 -8.313903 -51.054961 0.301848 0.584276 -0.140600 0.740095
1833.000000 -25.620959 -8.378388 -50.811493 0.300619 0.588119 -0.142553 0.737172
1834.000000 -26.136100 -8.433834 -50.576626 0.299498 0.591762 -0.144406 0.734347
1835.000000 -26.495610 -8.375556 -50.435457 0.299416 0.594443 -0.145155 0.732064
1836.000000 -26.574891 -8.107286 -50.473310 0.301249 0.595409 -0.143822 0.730789
1837.000000 -26.371448 -7.760997 -50.669397 0.304038 0.594436 -0.141199 0.730937
1838.000000 -26.590857 -8.054836 -50.543889 0.301598 0.595637 -0.143566 0.730509
1839.000000 -26.749803 -8.465089 -50.428464 0.298395 0.596224 -0.146436 0.730776
1840.000000 -26.477169 -8.651030 -50.577007 0.297439 0.594005 -0.146681 0.732921
1841.000000 -25.911037 -8.769138 -50.886353 0.297396 0.589755 -0.145644 0.736568
1842.000000 -25.221311 -8.990569 -51.231331 0.296778 0.584449 -0.144856 0.741187
1843.000000 -24.529098 -9.356281 -51.537107 0.295092 0.578923 -0.144945 0.746163
1844.000000 -23.932947 -9.828752 -51.764833 0.292502 0.573932 -0.145917 0.750835
1845.000000 -23.531395 -10.365614 -51.880655 0.289177 0.570250 -0.147762 0.754558
1846.000000 -23.423118 -10.918268 -51.853140 0.285321 0.568658 -0.150505 0.756683
1847.000000 -23.611481 -11.366221 -51.708017 0.281788 0.569350 -0.153522 0.756879
1848.000000 -23.402305 -11.211604 -51.873230 0.283223 0.568053 -0.152091 0.757607
1849.000000 -23.161652 -11.014425 -52.059521 0.285003 0.566584 -0.150359 0.758385
1850.000000 -23.077313 -10.965983 -52.143340 0.285470 0.566035 -0.149879 0.758714
1851.000000 -23.075820 -10.913618 -52.191182 0.285847 0.566094 -0.149605 0.758583
1852.000000 -23.084616 -10.711460 -52.265472 0.287300 0.566442 -0.148544 0.757982
1853.000000 -23.093328 -10.472156 -52.346556 0.289021 0.566843 -0.147273 0.757276
1854.000000 -22.982108 -10.387209 -52.448942 0.289792 0.566162 -0.146497 0.757641
1855.000000 -22.548755 -10.215510 -52.706805 0.291634 0.563281 -0.144364 0.759489
1856.000000 -21.981691 -10.090949 -53.006100 0.293306 0.559373 -0.142129 0.762150
1857.000000 -21.483661 -10.165011 -53.232126 0.293448 0.555701 -0.141141 0.764960
1858.000000 -21.170934 -10.500035 -53.328438 0.291458 0.553019 -0.142022 0.767497
1859.000000 -21.008547 -11.033482 -53.321022 0.287824 0.551139 -0.144342 0.769785
1860.000000 -20.945840 -11.695229 -53.241638 0.283124 0.549773 -0.147580 0.771888
1861.000000 -20.929311 -12.412487 -53.123063 0.277942 0.548630 -0.151229 0.773875
1862.000000 -20.905311 -13.112705 -53.001335 0.272868 0.547432 -0.154776 0.775825
1863.000000 -20.805480 -13.596972 -52.955134 0.269460 0.545988 -0.157011 0.777583
1864.000000 -20.716921 -13.692998 -53.001141 0.268877 0.545201 -0.157281 0.778283
1865.000000 -20.859459 -13.737000 -52.969543 0.268336 0.546178 -0.157895 0.777659
1866.000000 -21.070055 -13.709260 -52.928998 0.268218 0.547764 -0.158309 0.776500
1867.000000 -21.175042 -13.573941 -52.957768 0.269045 0.548741 -0.157885 0.775610
1868.000000 -21.086850 -13.343908 -53.087401 0.270854 0.548441 -0.156475 0.775478
1869.000000 -20.865225 -13.118686 -53.267382 0.272826 0.547151 -0.154755 0.776043
1870.000000 -20.575264 -12.976344 -53.451621 0.274291 0.545240 -0.153286 0.777162
1871.000000 -20.250482 -12.886785 -53.634063 0.275415 0.543007 -0.151990 0.778582
1872.000000 -19.917950 -12.795625 -53.817147 0.276552 0.540725 -0.150661 0.780024
1873.000000 -19.607112 -12.654606 -54.001202 0.278010 0.538669 -0.149150 0.781217
1874.000000 -19.397884 -12.635291 -54.117717 0.278441 0.537175 -0.148527 0.782211
1875.000000 -19.351200 -12.954120 -54.095244 0.276196 0.536390 -0.150004 0.783262
1876.000000 -19.428027 -13.528505 -53.963078 0.271916 0.536138 -0.153061 0.784341
1877.000000 -19.575913 -14.232916 -53.764462 0.266572 0.536197 -0.156944 0.785366
1878.000000 -19.742818 -14.943383 -53.547142 0.261135 0.536361 -0.160906 0.786279
1879.000000 -19.876715 -15.536701 -53.365502 0.256582 0.536440 -0.164201 0.787042
1880.000000 -19.934893 -15.921714 -53.266827 0.253652 0.536279 -0.166265 0.787669
1881.000000 -19.907525 -16.116933 -53.254521 0.252242 0.535781 -0.167172 0.788268
1882.000000 -19.808315 -16.209815 -53.299184 0.251697 0.534909 -0.167403 0.788985
1883.000000 -19.676682 -16.358411 -53.338272 0.250790 0.533703 -0.167848 0.789996
1884.000000 -19.494295 -16.496883 -53.398372 0.250040 0.532134 -0.168124 0.791232
1885.000000 -19.211097 -16.443960 -53.553167 0.250868 0.530121 -0.167206 0.792515
1886.000000 -18.860773 -16.289716 -53.760864 0.252550 0.527770 -0.165628 0.793879
1887.000000 -18.486019 -16.147847 -53.970254 0.254177 0.525220 -0.164054 0.795377
1888.000000 -18.107563 -16.040182 -54.167364 0.255553 0.522593 -0.162637 0.796956
1889.000000 -17.739655 -15.961530 -54.349146 0.256692 0.520004 -0.161384 0.798536
1890.000000 -17.404161 -15.933280 -54.502688 0.257403 0.517583 -0.160447 0.800068
1891.000000 -17.136689 -16.025105 -54.597161 0.257126 0.515485 -0.160245 0.801550
1892.000000 -16.957453 -16.264411 -54.618716 0.255628 0.513817 -0.160951 0.802957
1893.000000 -16.858117 -16.599255 -54.584908 0.253304 0.512591 -0.162296 0.804206
1894.000000 -16.827446 -16.970265 -54.516512 0.250608 0.511808 -0.163972 0.805209
1895.000000 -16.854191 -17.318314 -54.435227 0.247993 0.511476 -0.165673 0.805881
1896.000000 -16.927160 -17.584412 -54.363894 0.245912 0.511603 -0.167097 0.806144
1897.000000 -17.037730 -17.731837 -54.318201 0.244651 0.512191 -0.168046 0.805957
1898.000000 -17.108351 -17.894024 -54.279548 0.243340 0.512461 -0.168970 0.805989
1899.000000 -17.157633 -18.148010 -54.216285 0.241379 0.512429 -0.170279 0.806324
1900.000000 -17.259432 -18.490813 -54.104530 0.238669 0.512645 -0.172126 0.806601
1901.000000 -17.417968 -18.858933 -53.962781 0.235672 0.513240 -0.174219 0.806654
1902.000000 -17.489938 -19.170851 -53.865562 0.233224 0.513277 -0.175857 0.806987
1903.000000 -17.474389 -19.417311 -53.818534 0.231400 0.512761 -0.176993 0.807591
1904.000000 -17.389554 -19.597529 -53.817065 0.230180 0.511829 -0.177666 0.808383
1905.000000 -17.252825 -19.710858 -53.855838 0.229545 0.510617 -0.177916 0.809274
1906.000000 -17.081527 -19.756504 -53.929539 0.229476 0.509258 -0.177775 0.810181
1907.000000 -16.895944 -19.731426 -54.033274 0.229965 0.507906 -0.177267 0.811002
1908.000000 -16.767670 -19.579987 -54.164659 0.231309 0.507189 -0.176285 0.811282
1909.000000 -16.583950 -19.391416 -54.325524 0.233018 0.506119 -0.175007 0.811738
1910.000000 -16.270305 -19.255451 -54.505235 0.234538 0.503993 -0.173700 0.812903
1911.000000 -15.890772 -19.229851 -54.662829 0.235339 0.501200 -0.172770 0.814595
1912.000000 -15.634178 -19.380814 -54.720228 0.234627 0.499050 -0.172909 0.816090
1913.000000 -15.510840 -19.692036 -54.680909 0.232508 0.497639 -0.174062 0.817311
1914.000000 -15.508122 -20.136924 -54.556251 0.229192 0.496901 -0.176087 0.818262
1915.000000 -15.540143 -20.696463 -54.374178 0.224948 0.496209 -0.178727 0.819287
1916.000000 -15.535282 -21.322946 -54.169734 0.220242 0.495095 -0.181624 0.820602
1917.000000 -15.941872 -21.952132 -53.835665 0.214792 0.497071 -0.185388 0.820010
1918.000000 -16.279040 -22.760834 -53.433735 0.208036 0.498196 -0.189854 0.820047
1919.000000 -16.677534 -23.609116 -52.977063 0.200794 0.499700 -0.194643 0.819815
1920.000000 -17.170622 -24.410691 -52.490394 0.193658 0.502002 -0.199409 0.818979
1921.000000 -17.709633 -25.123880 -52.009331 0.187046 0.504820 -0.203849 0.817690
1922.000000 -18.250937 -25.698017 -51.576066 0.181455 0.507946 -0.207639 0.816058
1923.000000 -18.785130 -26.081216 -51.226805 0.177335 0.511396 -0.210490 0.814077
1924.000000 -19.306071 -26.251552 -50.981498 0.174898 0.515185 -0.212250 0.811754
1925.000000 -19.899820 -26.338707 -50.743542 0.172947 0.519740 -0.213699 0.808883
1926.000000 -20.645283 -26.556122 -50.366824 0.169605 0.525252 -0.216053 0.805398
1927.000000 -20.981669 -27.016413 -50.017894 0.165169 0.526971 -0.218997 0.804401
1928.000000 -21.242794 -27.388202 -49.741308 0.161591 0.528271 -0.221366 0.803626
1929.000000 -21.611566 -27.629810 -49.485389 0.158825 0.530708 -0.223253 0.802048
1930.000000 -22.010107 -27.759719 -49.273833 0.156891 0.533630 -0.224611 0.800109
1931.000000 -22.440810 -27.735848 -49.129219 0.156119 0.537157 -0.225208 0.797729
1932.000000 -23.890820 -27.445531 -48.641808 0.155134 0.549563 -0.225948 0.789216
1933.000000 -25.251694 -27.590875 -47.902688 0.150737 0.560274 -0.228945 0.781637
1934.000000 -26.817661 -27.759892 -46.981536 0.145552 0.572637 -0.232444 0.772575
1935.000000 -28.297091 -27.965415 -46.019247 0.140160 0.584220 -0.236120 0.763734
1936.000000 -30.180051 -28.214662 -44.689794 0.133183 0.599132 -0.240755 0.751891
1937.000000 -32.270479 -28.418204 -43.107948 0.125719 0.616211 -0.245395 0.737740
1938.000000 -34.412721 -28.658254 -41.289265 0.117378 0.633942 -0.250390 0.722250
1939.000000 -36.205221 -28.965443 -39.540784 0.109079 0.648772 -0.255445 0.708480
1940.000000 -37.693830 -29.209296 -37.976474 0.101953 0.661376 -0.259622 0.696264
1941.000000 -39.019569 -29.318873 -36.559758 0.096288 0.673292 -0.262372 0.684520
1942.000000 -39.779395 -29.805141 -35.359139 0.088856 0.678742 -0.267916 0.677964
1943.000000 -40.613243 -30.164565 -34.115755 0.082098 0.685474 -0.272468 0.670184
1944.000000 -41.263793 -30.620282 -32.942672 0.074876 0.690083 -0.277911 0.664037
1945.000000 -41.945725 -31.024114 -31.718570 0.067801 0.695234 -0.283051 0.657217
1946.000000 -42.303804 -31.226814 -31.079394 0.064098 0.698045 -0.285634 0.653481
1947.000000 -42.581463 -31.269704 -30.692214 0.062366 0.700812 -0.286344 0.650369
1948.000000 -42.983634 -31.359782 -30.068958 0.059497 0.704686 -0.287776 0.645803
1949.000000 -43.488230 -31.408269 -29.318781 0.056510 0.709947 -0.288800 0.639825
1950.000000 -44.137133 -31.469140 -28.301689 0.052569 0.716845 -0.290106 0.631829
1951.000000 -44.780956 -31.643180 -27.107349 0.047214 0.723217 -0.292951 0.623625
1952.000000 -45.095518 -31.665523 -26.591125 0.045246 0.726720 -0.293550 0.619403
1953.000000 -45.223789 -31.584586 -26.501518 0.045463 0.728648 -0.292608 0.617565
1954.000000 -45.339941 -31.512873 -26.421023 0.045641 0.730360 -0.291804 0.615907
1955.000000 -45.577379 -31.537218 -26.013452 0.044021 0.733007 -0.292375 0.612601
1956.000000 -46.042675 -31.728652 -24.975165 0.039051 0.737518 -0.295451 0.606012
1957.000000 -46.591743 -32.008345 -23.601705 0.032241 0.742553 -0.300159 0.597896
1958.000000 -46.986007 -32.145712 -22.659817 0.027947 0.746585 -0.302745 0.591756
1959.000000 -47.154055 -32.165549 -22.325971 0.026594 0.748580 -0.303202 0.589058
1960.000000 -47.066809 -32.111654 -22.625565 0.027899 0.747785 -0.302240 0.590500
1961.000000 -47.105045 -32.140370 -22.533307 0.027227 0.748073 -0.302828 0.589864
1962.000000 -47.336157 -32.247071 -21.908714 0.024164 0.750420 -0.304857 0.585959
1963.000000 -47.723023 -32.405786 -20.831716 0.019170 0.754579 -0.307918 0.579163
1964.000000 -48.118520 -32.577417 -19.656704 0.013707 0.758841 -0.311351 0.571868
1965.000000 -48.404283 -32.724676 -18.739053 0.009263 0.761778 -0.314379 0.566370
1966.000000 -48.488145 -32.819332 -18.399969 0.007161 0.762218 -0.316311 0.564730
1967.000000 -48.449622 -32.884564 -18.426344 0.006513 0.761008 -0.317698 0.565590
1968.000000 -48.460200 -32.976912 -18.269667 0.004990 0.760236 -0.319795 0.565462
1969.000000 -48.682150 -33.156895 -17.365220 0.000121 0.762002 -0.323827 0.560793
1970.000000 -49.087269 -33.395606 -15.722043 -0.007918 0.766337 -0.329467 0.551467
1971.000000 -49.398421 -33.563583 -14.363979 -0.014435 0.770024 -0.333818 0.543525
1972.000000 -49.640318 -33.664335 -13.287025 -0.019358 0.773470 -0.336570 0.536740
1973.000000 -49.842435 -33.704607 -12.434156 -0.022849 0.777188 -0.337560 0.530575
1974.000000 -50.023294 -33.699171 -11.736313 -0.025243 0.781375 -0.336997 0.524642
1975.000000 -50.187244 -33.666593 -11.148618 -0.026887 0.785806 -0.335415 0.518924
1976.000000 -50.336215 -33.622238 -10.632836 -0.028101 0.790200 -0.333384 0.513469
1977.000000 -50.470780 -33.580016 -10.152283 -0.029196 0.794307 -0.331424 0.508313
1978.000000 -50.593897 -33.545960 -9.677072 -0.030365 0.798063 -0.329804 0.503391
1979.000000 -50.708551 -33.523470 -9.179409 -0.031762 0.801466 -0.328703 0.498595
1980.000000 -50.816798 -33.515585 -8.631156 -0.033545 0.804511 -0.328300 0.493817
1981.000000 -50.919970 -33.524488 -8.003750 -0.035869 0.807190 -0.328774 0.488944
1982.000000 -51.018700 -33.550907 -7.268152 -0.038888 0.809488 -0.330304 0.483856
1983.000000 -51.112850 -33.592927 -6.397506 -0.042730 0.811402 -0.333032 0.478425
1984.000000 -51.201871 -33.641356 -5.388065 -0.047331 0.813094 -0.336743 0.472486
1985.000000 -51.283785 -33.685572 -4.248147 -0.052539 0.814808 -0.341029 0.465862
1986.000000 -51.354323 -33.718052 -2.986139 -0.058213 0.816790 -0.345476 0.458379
1987.000000 -51.406468 -33.735382 -1.610186 -0.064239 0.819255 -0.349705 0.449890
1988.000000 -51.430432 -33.738406 -0.151357 -0.070484 0.822178 -0.353532 0.440535
1989.000000 -51.419108 -33.729812 1.324113 -0.076687 0.825408 -0.356781 0.430728
1990.000000 -51.371953 -33.713778 2.747114 -0.082569 0.828814 -0.359288 0.420906
1991.000000 -51.295011 -33.695854 4.048468 -0.087842 0.832281 -0.360899 0.411514
1992.000000 -51.199617 -33.683304 5.158674 -0.092220 0.835712 -0.361467 0.403016
1993.000000 -51.108181 -33.683773 5.950658 -0.095249 0.838711 -0.361023 0.396427
1994.000000 -51.053536 -33.699012 6.273595 -0.096440 0.840595 -0.359934 0.393125
1995.000000 -51.025425 -33.719083 6.342280 -0.096643 0.841803 -0.358636 0.391674
1996.000000 -50.993333 -33.733683 6.470232 -0.097086 0.843041 -0.357573 0.389868
1997.000000 -50.965228 -33.731610 6.652945 -0.097908 0.843709 -0.357605 0.388185
1998.000000 -50.953976 -33.719298 6.764480 -0.098597 0.843623 -0.358417 0.387449
1999.000000 -50.956673 -33.705135 6.796079 -0.099046 0.843088 -0.359512 0.387484
2000.000000 -50.977464 -33.684291 6.729478 -0.099235 0.841840 -0.361196 0.388582
2001.000000 -51.017739 -33.650089 6.566777 -0.099222 0.839626 -0.363840 0.390901
2002.000000 -51.064864 -33.596226 6.434206 -0.099526 0.836620 -0.367744 0.393606
2003.000000 -51.095025 -33.519388 6.547418 -0.100977 0.833446 -0.372962 0.395058
2004.000000 -51.092896 -33.429786 6.960904 -0.103652 0.830893 -0.378583 0.394396
2005.000000 -51.118809 -33.343525 7.138986 -0.105418 0.827630 -0.384087 0.395465
2006.000000 -51.174139 -33.249425 7.144341 -0.106634 0.823275 -0.390273 0.398164
2007.000000 -51.220082 -33.185164 7.077877 -0.107257 0.820000 -0.394598 0.400485
2008.000000 -51.287578 -33.136964 6.768414 -0.106777 0.816473 -0.398181 0.404255
2009.000000 -51.375643 -33.091732 6.262008 -0.105483 0.812263 -0.401788 0.409473
2010.000000 -51.445237 -33.051145 5.867317 -0.104540 0.808718 -0.404942 0.413604
2011.000000 -51.492233 -33.002292 5.696734 -0.104574 0.805589 -0.408460 0.416233
2012.000000 -51.508172 -32.969874 5.697571 -0.105084 0.804036 -0.410639 0.416965
2013.000000 -51.519299 -32.954454 5.652603 -0.105214 0.803210 -0.411676 0.417501
2014.000000 -51.523376 -32.928214 5.744447 -0.106067 0.802203 -0.413503 0.417415
2015.000000 -51.502595 -32.886989 6.126926 -0.108297 0.801479 -0.416154 0.415595
2016.000000 -51.515325 -32.873117 6.060837 -0.108394 0.800461 -0.417317 0.416364
2017.000000 -51.580250 -32.856580 5.533189 -0.106663 0.797356 -0.419225 0.420829
2018.000000 -51.626478 -32.822184 5.251078 -0.106194 0.794021 -0.422387 0.424079
2019.000000 -51.664255 -32.799323 4.954919 -0.105497 0.791345 -0.424639 0.426995
2020.000000 -51.696353 -32.785351 4.642687 -0.104589 0.789214 -0.426132 0.429667
2021.000000 -51.738299 -32.779697 4.156163 -0.102850 0.786841 -0.427185 0.433378
2022.000000 -51.805177 -32.768655 3.312333 -0.099742 0.782435 -0.429184 0.440055
2023.000000 -51.862176 -32.763694 2.283428 -0.095667 0.777959 -0.430399 0.447642
2024.000000 -51.902532 -32.760813 1.082043 -0.090879 0.772641 -0.431737 0.456476
2025.000000 -51.912320 -32.761820 -0.056057 -0.086273 0.767848 -0.432567 0.464600
2026.000000 -51.908437 -32.759179 -0.726623 -0.083249 0.766417 -0.431487 0.468501
2027.000000 -51.906497 -32.753453 -1.099225 -0.081457 0.766309 -0.430175 0.470196
2028.000000 -51.900422 -32.746060 -1.594220 -0.079055 0.766026 -0.428514 0.472577
2029.000000 -51.896590 -32.741699 -1.865565 -0.077889 0.765646 -0.427922 0.473923
2030.000000 -51.890784 -32.740450 -2.097481 -0.077057 0.764850 -0.427958 0.475309
2031.000000 -51.886993 -32.734558 -2.313574 -0.075981 0.765217 -0.426756 0.475972
2032.000000 -51.887521 -32.718640 -2.551678 -0.074438 0.766796 -0.424097 0.476052
2033.000000 -51.873451 -32.710784 -2.944895 -0.072722 0.766022 -0.423384 0.478193
2034.000000 -51.847967 -32.702271 -3.467771 -0.070509 0.764522 -0.422888 0.481353
2035.000000 -51.820854 -32.689007 -3.973308 -0.068247 0.763497 -0.421917 0.484149
2036.000000 -51.795701 -32.686493 -4.320240 -0.066916 0.762270 -0.421868 0.486307
2037.000000 -51.780207 -32.683003 -4.557936 -0.065974 0.761738 -0.421538 0.487553
2038.000000 -51.763672 -32.674824 -4.850319 -0.064734 0.761170 -0.420999 0.489070
2039.000000 -51.738098 -32.662108 -5.257180 -0.062966 0.760255 -0.420309 0.491312
2040.000000 -51.697526 -32.644558 -5.795044 -0.060579 0.759003 -0.419365 0.494345
2041.000000 -51.655539 -32.623069 -6.304980 -0.058234 0.758099 -0.418146 0.497040
2042.000000 -51.641508 -32.598683 -6.567863 -0.056857 0.758480 -0.416667 0.497859
2043.000000 -51.670758 -32.557542 -6.572401 -0.056251 0.760929 -0.414142 0.496296
2044.000000 -51.703701 -32.517286 -6.546837 -0.055800 0.763359 -0.411765 0.494589
2045.000000 -51.696984 -32.495933 -6.739468 -0.054847 0.763555 -0.410824 0.495175
2046.000000 -51.635092 -32.482837 -7.290142 -0.052603 0.761636 -0.410495 0.498635
2047.000000 -51.563208 -32.443696 -7.973370 -0.049390 0.760430 -0.408701 0.502266
2048.000000 -51.526573 -32.374737 -8.504593 -0.046374 0.761143 -0.405506 0.504059
2049.000000 -51.493849 -32.312655 -8.962750 -0.043826 0.761646 -0.402876 0.505634
2050.000000 -51.438649 -32.278348 -9.432427 -0.041692 0.760717 -0.401749 0.508103
2051.000000 -51.349649 -32.271623 -9.969047 -0.039675 0.758355 -0.401833 0.511717
2052.000000 -51.223206 -32.287417 -10.591195 -0.037563 0.754930 -0.402574 0.516337
2053.000000 -51.131617 -32.291128 -11.049712 -0.035908 0.752876 -0.402613 0.519415
2054.000000 -51.130182 -32.235924 -11.251196 -0.034586 0.753935 -0.400639 0.519495
2055.000000 -51.191345 -32.129725 -11.313073 -0.033237 0.757191 -0.397020 0.517621
2056.000000 -51.231555 -32.036604 -11.432988 -0.031832 0.759641 -0.393943 0.516469
2057.000000 -51.173972 -31.995458 -11.839293 -0.029959 0.758888 -0.392866 0.518505
2058.000000 -51.027389 -31.977400 -12.535922 -0.027231 0.755955 -0.392605 0.523118
2059.000000 -50.881434 -31.938007 -13.240282 -0.024226 0.753651 -0.391553 0.527361
2060.000000 -50.815505 -31.860472 -13.701965 -0.021763 0.753598 -0.389343 0.529176
2061.000000 -50.804617 -31.774613 -13.972444 -0.019970 0.754671 -0.386939 0.529482
2062.000000 -50.746720 -31.715494 -14.352557 -0.018059 0.754361 -0.385422 0.531096
2063.000000 -50.603883 -31.692108 -14.941459 -0.015734 0.751953 -0.385003 0.534876
2064.000000 -50.419182 -31.668323 -15.643208 -0.012975 0.748924 -0.384574 0.539488
2065.000000 -50.261628 -31.683322 -16.148671 -0.011323 0.746081 -0.384959 0.543176
2066.000000 -50.097891 -31.658558 -16.728737 -0.009009 0.743731 -0.384381 0.546841
2067.000000 -49.976024 -31.569778 -17.287551 -0.006210 0.742792 -0.382443 0.549508
2068.000000 -49.923027 -31.486731 -17.625817 -0.004329 0.742842 -0.380710 0.550660
2069.000000 -49.907540 -31.479164 -17.718938 -0.004047 0.742656 -0.380588 0.550997
2070.000000 -49.796635 -31.494904 -18.033018 -0.003131 0.740755 -0.380978 0.553288
2071.000000 -49.618026 -31.493066 -18.558136 -0.001238 0.738082 -0.380931 0.556889
2072.000000 -49.523014 -31.419668 -18.973228 0.000847 0.737432 -0.379441 0.558765
2073.000000 -49.446626 -31.264822 -19.462440 0.003873 0.737830 -0.376459 0.560241
2074.000000 -49.226423 -31.219861 -20.116833 0.006588 0.735095 -0.375649 0.564340
2075.000000 -48.970959 -31.168321 -20.841636 0.009619 0.731994 -0.374739 0.568914
2076.000000 -48.800241 -31.144092 -21.307974 0.011448 0.729882 -0.374307 0.571870
2077.000000 -48.729511 -31.109359 -21.554449 0.012525 0.729249 -0.373697 0.573053
2078.000000 -48.658609 -31.227379 -21.581678 0.011589 0.727299 -0.375646 0.574276
2079.000000 -48.406239 -31.252705 -22.145776 0.013441 0.723791 -0.375919 0.578472
2080.000000 -48.129302 -31.153930 -22.913474 0.017021 0.721081 -0.374186 0.582870
2081.000000 -47.955575 -30.958101 -23.570469 0.020875 0.720461 -0.371089 0.585485
2082.000000 -47.762240 -30.921567 -24.042687 0.022839 0.718351 -0.370474 0.588387
2083.000000 -47.587330 -31.115040 -24.171928 0.021795 0.714710 -0.373306 0.591065
2084.000000 -47.531438 -31.148723 -24.274929 0.021805 0.713768 -0.373768 0.591910
2085.000000 -47.458309 -31.168912 -24.431623 0.022134 0.712729 -0.373995 0.593005
2086.000000 -47.323961 -31.350266 -24.499621 0.020989 0.709755 -0.376499 0.595026
2087.000000 -46.949549 -31.537488 -25.012137 0.021595 0.703901 -0.378889 0.600416
2088.000000 -46.572412 -31.470165 -25.823321 0.025183 0.699967 -0.377754 0.605569
2089.000000 -46.388938 -31.485985 -26.167346 0.026327 0.697702 -0.377899 0.608039
2090.000000 -46.270591 -31.591267 -26.284218 0.025952 0.695556 -0.379271 0.609657
2091.000000 -46.090923 -31.827042 -26.348293 0.024491 0.691746 -0.382337 0.612133
2092.000000 -45.909432 -31.976367 -26.523348 0.024087 0.688541 -0.384197 0.614592
2093.000000 -45.714885 -31.963677 -26.912384 0.025651 0.686398 -0.383906 0.617103
2094.000000 -45.470188 -32.000809 -27.317236 0.026961 0.683341 -0.384251 0.620218
2095.000000 -45.290661 -32.053164 -27.589803 0.027628 0.680918 -0.384838 0.622485
2096.000000 -45.118009 -31.924163 -28.054415 0.030264 0.679839 -0.383220 0.624536
2097.000000 -45.058600 -31.937038 -28.170572 0.030523 0.679059 -0.383393 0.625266
2098.000000 -44.805873 -32.021123 -28.511530 0.031301 0.675690 -0.384275 0.628328
2099.000000 -44.496581 -31.888180 -29.174421 0.034812 0.673201 -0.382534 0.631867
2100.000000 -43.992938 -31.776316 -30.080635 0.039242 0.668537 -0.380964 0.637484
2101.000000 -43.503539 -31.676985 -30.919920 0.043328 0.664015 -0.379578 0.642749
2102.000000 -43.331855 -31.627310 -31.245310 0.044884 0.662519 -0.378965 0.644546
2103.000000 -43.156974 -31.699489 -31.451677 0.045204 0.660244 -0.379628 0.646465
2104.000000 -42.961570 -31.751273 -31.705568 0.045865 0.657937 -0.379994 0.648552
2105.000000 -42.530716 -31.590652 -32.479517 0.050061 0.654519 -0.377982 0.652862
2106.000000 -42.188521 -31.427473 -33.117651 0.053672 0.652026 -0.376079 0.656160
2107.000000 -41.901966 -31.345996 -33.588956 0.056075 0.649669 -0.375068 0.658870
2108.000000 -41.636454 -31.399124 -33.900351 0.057005 0.646783 -0.375382 0.661446
2109.000000 -41.269913 -31.489273 -34.296702 0.058131 0.642728 -0.375937 0.664976
2110.000000 -41.107551 -31.535105 -34.486671 0.058584 0.640929 -0.376196 0.666524
2111.000000 -40.909034 -31.611921 -34.688771 0.058932 0.638629 -0.376706 0.668411
2112.000000 -40.325226 -31.726558 -35.298651 0.060972 0.632452 -0.377207 0.673797
2113.000000 -39.895871 -31.671410 -35.868327 0.063761 0.628661 -0.376340 0.677561
2114.000000 -39.688398 -31.597692 -36.200573 0.065548 0.627062 -0.375525 0.679322
2115.000000 -39.666303 -31.659517 -36.209389 0.065095 0.626514 -0.376043 0.679585
2116.000000 -39.453510 -31.766126 -36.385774 0.065206 0.623946 -0.376780 0.681525
2117.000000 -38.981449 -31.866939 -36.840364 0.066691 0.619008 -0.377218 0.685630
2118.000000 -38.670013 -31.869897 -37.199505 0.068240 0.616112 -0.376960 0.688223
2119.000000 -38.498586 -31.888835 -37.395033 0.068924 0.614448 -0.376967 0.689637
2120.000000 -38.144827 -31.831543 -37.838427 0.071217 0.611510 -0.376172 0.692444
2121.000000 -37.678932 -31.712733 -38.435802 0.074591 0.607874 -0.374776 0.696038
2122.000000 -37.331547 -31.625010 -38.881509 0.077061 0.605162 -0.373740 0.698684
2123.000000 -36.792673 -31.592452 -39.454156 0.079914 0.600478 -0.372962 0.702808
2124.000000 -36.047229 -31.556087 -40.201126 0.083725 0.594019 -0.371952 0.708367
2125.000000 -35.416756 -31.652112 -40.721249 0.085795 0.588027 -0.371990 0.713082
2126.000000 -35.124674 -31.899370 -40.819853 0.084976 0.584347 -0.373433 0.715448
2127.000000 -35.165244 -31.901331 -40.820092 0.084774 0.584692 -0.373487 0.715161
2128.000000 -35.264452 -31.849454 -40.811957 0.084777 0.585789 -0.373220 0.714402
2129.000000 -35.340632 -31.957337 -40.699794 0.083496 0.585948 -0.374073 0.713977
2130.000000 -35.696634 -32.094042 -40.316492 0.080652 0.588437 -0.375431 0.711539
2131.000000 -35.949032 -32.175014 -40.061285 0.078741 0.590295 -0.376287 0.709761
2132.000000 -35.997369 -32.165953 -40.060742 0.078589 0.590772 -0.376270 0.709389
2133.000000 -36.074259 -32.259672 -39.951638 0.077391 0.591016 -0.377040 0.708908
2134.000000 -36.238511 -32.477126 -39.661052 0.074668 0.591447 -0.378818 0.707893
2135.000000 -36.248368 -32.594593 -39.591206 0.073568 0.590993 -0.379694 0.707918
2136.000000 -36.041832 -32.436455 -39.945539 0.075966 0.589925 -0.378302 0.709299
2137.000000 -35.855888 -32.337581 -40.229567 0.077725 0.588741 -0.377394 0.710575
2138.000000 -35.677016 -32.467586 -40.320301 0.077415 0.586540 -0.378179 0.712010
2139.000000 -35.508827 -32.603084 -40.395479 0.077001 0.584412 -0.379008 0.713363
2140.000000 -35.212553 -32.694317 -40.616921 0.077581 0.581372 -0.379381 0.715583
2141.000000 -35.068621 -32.742099 -40.740089 0.077839 0.579891 -0.379572 0.716654
2142.000000 -35.076198 -32.838482 -40.693486 0.076968 0.579511 -0.380259 0.716691
2143.000000 -35.189016 -33.008291 -40.494010 0.074936 0.579696 -0.381594 0.716047
2144.000000 -35.282520 -33.055126 -40.409856 0.074071 0.580288 -0.382032 0.715423
2145.000000 -35.306268 -32.960173 -40.503538 0.074801 0.580943 -0.381371 0.715169
2146.000000 -35.318478 -32.972740 -40.520445 0.074644 0.580993 -0.381463 0.715096
2147.000000 -35.390655 -33.148213 -40.350511 0.072753 0.580804 -0.382787 0.714737
2148.000000 -35.537368 -33.287630 -40.140798 0.070803 0.581438 -0.383939 0.713798
2149.000000 -35.581705 -33.227815 -40.186530 0.071114 0.582119 -0.383551 0.713421
2150.000000 -35.596508 -33.190502 -40.241705 0.071384 0.582432 -0.383286 0.713281
2151.000000 -35.653403 -33.271402 -40.162305 0.070408 0.582559 -0.383907 0.712940
2152.000000 -35.693807 -33.343985 -40.102709 0.069569 0.582580 -0.384458 0.712708
2153.000000 -35.584745 -33.301179 -40.269230 0.070450 0.581818 -0.384063 0.713456
2154.000000 -35.395951 -33.316439 -40.458648 0.071211 0.580065 -0.384020 0.714830
2155.000000 -35.358567 -33.653069 -40.249658 0.068417 0.578126 -0.386399 0.715392
2156.000000 -35.366863 -33.940054 -40.038214 0.065830 0.576816 -0.388466 0.715572
2157.000000 -35.367660 -34.081423 -39.953713 0.064564 0.576137 -0.389488 0.715679
2158.000000 -35.328329 -34.011930 -40.083977 0.065377 0.576114 -0.388965 0.715908
2159.000000 -35.395946 -34.089846 -39.995272 0.064361 0.576314 -0.389599 0.715494
2160.000000 -35.623014 -34.263539 -39.679714 0.061687 0.577474 -0.391063 0.713994
2161.000000 -35.982650 -34.391403 -39.279044 0.058750 0.580076 -0.392283 0.711459
2162.000000 -36.268248 -34.521866 -38.937039 0.056132 0.582010 -0.393464 0.709436
2163.000000 -36.422093 -34.741451 -38.633585 0.053346 0.582294 -0.395223 0.708439
2164.000000 -36.585747 -34.974316 -38.304245 0.050366 0.582594 -0.397101 0.707360
2165.000000 -36.688966 -34.992423 -38.225428 0.049668 0.583451 -0.397313 0.706583
2166.000000 -36.811292 -35.054160 -38.086410 0.048463 0.584269 -0.397875 0.705674
2167.000000 -36.973595 -35.152065 -37.873365 0.046699 0.585267 -0.398742 0.704476
2168.000000 -37.213784 -35.335444 -37.501105 0.043705 0.586530 -0.400320 0.702721
2169.000000 -37.548776 -35.651308 -36.900085 0.038916 0.587971 -0.402999 0.700263
2170.000000 -37.679668 -35.938740 -36.523942 0.035465 0.587628 -0.405359 0.699371
2171.000000 -37.564833 -36.141520 -36.480408 0.034166 0.585425 -0.406892 0.700392
2172.000000 -37.646846 -36.253813 -36.321398 0.032635 0.585590 -0.407824 0.699785
2173.000000 -37.962892 -36.190726 -36.090116 0.031463 0.588979 -0.407476 0.697192
2174.000000 -38.227003 -36.055950 -35.979268 0.031246 0.592309 -0.406485 0.694955
2175.000000 -38.547184 -35.987163 -35.740795 0.030081 0.595812 -0.406036 0.692270
2176.000000 -38.857872 -35.941288 -35.487110 0.028759 0.599083 -0.405772 0.689653
2177.000000 -39.064141 -35.861481 -35.377153 0.028355 0.601531 -0.405199 0.687874
2178.000000 -39.073457 -35.693610 -35.571647 0.029929 0.602565 -0.403804 0.687722
2179.000000 -38.808640 -35.400010 -36.187146 0.034239 0.601665 -0.401225 0.689816
2180.000000 -38.645771 -35.134751 -36.653341 0.037648 0.601587 -0.398950 0.691024
2181.000000 -38.818672 -34.945844 -36.686871 0.038481 0.604269 -0.397466 0.689492
2182.000000 -38.990738 -34.760436 -36.716558 0.039287 0.606900 -0.396017 0.687968
2183.000000 -39.184773 -34.633823 -36.666649 0.039429 0.609396 -0.395069 0.686296
2184.000000 -39.503424 -34.667405 -36.330237 0.037396 0.612198 -0.395496 0.683665
2185.000000 -39.650324 -34.839651 -36.043672 0.034986 0.612604 -0.397038 0.682534
2186.000000 -39.546977 -35.057858 -35.983054 0.033507 0.610370 -0.398893 0.683528
2187.000000 -39.576117 -35.495312 -35.555353 0.029182 0.608151 -0.402700 0.683472
2188.000000 -39.809763 -35.879025 -34.938913 0.024144 0.608148 -0.406195 0.681601
2189.000000 -40.258177 -36.113760 -34.210360 0.019204 0.611129 -0.408474 0.677718
2190.000000 -40.694472 -36.387509 -33.430528 0.013818 0.613851 -0.411039 0.673827
2191.000000 -40.832255 -36.922679 -32.706200 0.007509 0.611940 -0.415961 0.672643
2192.000000 -40.820529 -37.477846 -32.119507 0.001800 0.608275 -0.421132 0.672790
2193.000000 -40.799661 -37.796277 -31.806624 -0.001430 0.605981 -0.424124 0.672981
2194.000000 -40.785833 -37.914300 -31.720334 -0.002586 0.605070 -0.425229 0.673100
2195.000000 -40.798158 -37.879910 -31.781907 -0.002302 0.605437 -0.424900 0.672979
2196.000000 -40.880612 -37.834001 -31.764827 -0.002384 0.606589 -0.424493 0.672198
2197.000000 -40.806963 -37.649086 -32.111053 0.000025 0.607032 -0.422752 0.672899
2198.000000 -40.719033 -37.550284 -32.372380 0.001621 0.606775 -0.421816 0.673716
2199.000000 -40.795427 -37.613174 -32.239410 0.000469 0.607191 -0.422382 0.672987
2200.000000 -40.976024 -37.666001 -31.985934 -0.001253 0.608732 -0.422879 0.671280
2201.000000 -41.028146 -37.438714 -32.225014 0.000804 0.610755 -0.420718 0.670801
2202.000000 -41.032110 -36.966021 -32.800401 0.005672 0.613812 -0.416270 0.670762
2203.000000 -41.044211 -36.772446 -33.039379 0.007569 0.615142 -0.414468 0.670640
2204.000000 -41.117241 -36.757423 -32.998899 0.007240 0.616006 -0.414321 0.669942
2205.000000 -41.312511 -36.803301 -32.734942 0.005509 0.617750 -0.414747 0.668086
2206.000000 -41.687035 -36.820002 -32.274048 0.002944 0.621479 -0.414933 0.664519
2207.000000 -42.159029 -36.779664 -31.742312 0.000336 0.626585 -0.414577 0.659938
2208.000000 -42.455394 -36.675864 -31.504793 -0.000508 0.630336 -0.413550 0.657003
2209.000000 -42.364436 -36.568535 -31.787709 0.001202 0.630092 -0.412478 0.657909
2210.000000 -42.079521 -36.516579 -32.258031 0.003571 0.627470 -0.411993 0.660704
2211.000000 -42.007697 -36.562003 -32.334424 0.003555 0.626450 -0.412444 0.661391
2212.000000 -42.120363 -36.817748 -31.928888 0.000188 0.625989 -0.414932 0.660280
2213.000000 -42.350074 -36.958790 -31.494959 -0.002781 0.627455 -0.416326 0.658001
2214.000000 -42.579214 -37.022446 -31.147938 -0.004957 0.629410 -0.416960 0.655716
2215.000000 -42.668186 -37.046002 -31.037500 -0.005790 0.630172 -0.417180 0.654836
2216.000000 -42.517465 -37.048020 -31.279766 -0.004800 0.628568 -0.417193 0.656375
2217.000000 -42.247917 -37.079435 -31.641952 -0.003346 0.625538 -0.417526 0.659062
2218.000000 -42.134967 -37.215753 -31.665845 -0.004038 0.623482 -0.418878 0.660148
2219.000000 -42.245181 -37.339900 -31.404512 -0.006086 0.623839 -0.420095 0.659021
2220.000000 -42.477326 -37.357865 -31.103325 -0.007838 0.626169 -0.420258 0.656685
2221.000000 -42.767050 -37.308638 -30.802363 -0.009265 0.629551 -0.419727 0.653765
2222.000000 -43.038076 -37.231476 -30.557013 -0.010278 0.632940 -0.418886 0.651011
2223.000000 -43.021178 -37.158659 -30.706816 -0.009388 0.633251 -0.418129 0.651209
2224.000000 -42.777313 -37.101643 -31.149779 -0.007144 0.631048 -0.417592 0.653716
2225.000000 -42.537428 -37.071333 -31.547869 -0.005236 0.628741 -0.417316 0.656128
2226.000000 -42.499925 -37.069353 -31.635343 -0.004980 0.628391 -0.417285 0.656486
2227.000000 -42.653697 -37.050503 -31.483142 -0.005818 0.630151 -0.417069 0.654927
2228.000000 -42.920488 -36.966848 -31.253271 -0.006722 0.633503 -0.416193 0.652236
2229.000000 -43.147275 -36.881507 -31.079694 -0.007333 0.636438 -0.415288 0.649946
2230.000000 -43.156468 -36.837615 -31.158743 -0.006918 0.636805 -0.414836 0.649879
2231.000000 -43.006364 -36.828448 -31.415507 -0.005811 0.635279 -0.414766 0.651426
2232.000000 -42.787813 -36.847882 -31.726831 -0.004572 0.632884 -0.414986 0.653623
2233.000000 -42.758172 -36.878531 -31.764831 -0.004707 0.632397 -0.415296 0.653897
2234.000000 -42.936756 -36.897333 -31.534536 -0.006087 0.634132 -0.415476 0.652089
2235.000000 -43.164731 -36.883783 -31.274575 -0.007455 0.636580 -0.415315 0.649787
2236.000000 -43.342811 -36.881758 -31.068023 -0.008615 0.638437 -0.415266 0.647980
2237.000000 -43.432005 -37.012025 -30.824962 -0.010574 0.638487 -0.416594 0.647048
2238.000000 -43.284448 -37.154144 -30.897912 -0.011069 0.635988 -0.418077 0.648543
2239.000000 -43.101820 -37.178263 -31.159154 -0.010094 0.633940 -0.418334 0.650396
2240.000000 -43.107566 -37.076926 -31.308289 -0.009072 0.634686 -0.417299 0.650348
2241.000000 -43.285775 -37.052913 -31.127142 -0.010007 0.636701 -0.417027 0.648537
2242.000000 -43.514720 -37.105561 -30.777992 -0.012113 0.638733 -0.417541 0.646168
2243.000000 -43.575409 -37.079554 -30.759062 -0.012263 0.639531 -0.417273 0.645548
2244.000000 -43.442206 -37.006578 -31.071251 -0.010598 0.638611 -0.416557 0.646949
2245.000000 -43.288315 -37.006804 -31.323517 -0.009556 0.637004 -0.416584 0.648531
2246.000000 -43.223718 -37.130522 -31.302163 -0.010410 0.635520 -0.417847 0.649161
2247.000000 -43.065556 -37.088914 -31.601008 -0.008953 0.634196 -0.417438 0.650739
2248.000000 -43.125927 -36.922591 -31.748903 -0.007647 0.635926 -0.415756 0.650143
2249.000000 -43.259343 -36.772073 -31.781470 -0.006966 0.638275 -0.414218 0.648830
2250.000000 -43.367605 -36.734994 -31.715387 -0.007280 0.639613 -0.413825 0.647758
2251.000000 -43.340626 -36.651771 -31.883289 -0.006264 0.639858 -0.413009 0.648047
2252.000000 -43.186473 -36.540952 -32.254790 -0.004151 0.638972 -0.411949 0.649612
2253.000000 -43.128684 -36.587423 -32.315005 -0.004255 0.638101 -0.412410 0.650174
2254.000000 -43.245586 -36.702899 -32.062865 -0.006169 0.638568 -0.413523 0.648993
2255.000000 -43.374969 -36.813472 -31.797052 -0.008121 0.639175 -0.414607 0.647681
2256.000000 -43.509494 -36.665386 -31.821602 -0.007482 0.641505 -0.413101 0.646346
2257.000000 -43.688311 -36.540101 -31.757422 -0.007369 0.644136 -0.411807 0.644553
2258.000000 -43.676204 -36.481704 -31.876871 -0.006708 0.644389 -0.411219 0.644683
2259.000000 -43.589223 -36.510584 -31.998232 -0.006446 0.643316 -0.411532 0.645557
2260.000000 -43.506028 -36.607140 -32.036674 -0.006894 0.641846 -0.412521 0.646384
2261.000000 -43.456710 -36.671792 -32.065693 -0.007230 0.640945 -0.413164 0.646863
2262.000000 -43.442876 -36.582788 -32.222147 -0.006246 0.641387 -0.412270 0.647006
2263.000000 -43.441540 -36.380401 -32.489004 -0.004210 0.642664 -0.410257 0.647035
2264.000000 -43.440864 -36.220943 -32.704558 -0.002619 0.643660 -0.408680 0.647052
2265.000000 -43.456215 -36.091387 -32.863548 -0.001439 0.644611 -0.407411 0.646909
2266.000000 -43.355803 -36.146427 -32.971862 -0.001360 0.643262 -0.407972 0.647897
2267.000000 -43.331105 -36.223240 -32.957199 -0.001956 0.642546 -0.408716 0.648137
2268.000000 -43.271964 -36.277618 -33.012562 -0.002115 0.641642 -0.409230 0.648707
2269.000000 -43.228379 -36.195767 -33.195882 -0.001040 0.641735 -0.408425 0.649126
2270.000000 -43.222510 -36.019254 -33.430788 0.000712 0.642759 -0.406725 0.649180
2271.000000 -43.226412 -35.823420 -33.670937 0.002574 0.643970 -0.404860 0.649141
2272.000000 -43.199366 -35.706780 -33.863550 0.003842 0.644399 -0.403766 0.649391
2273.000000 -43.135147 -35.631011 -34.060473 0.004941 0.644221 -0.403059 0.649999
2274.000000 -43.048855 -35.571365 -34.268690 0.006024 0.643749 -0.402488 0.650811
2275.000000 -43.007515 -35.566180 -34.363160 0.006321 0.643395 -0.402423 0.651197
2276.000000 -43.043308 -35.444197 -34.481527 0.007272 0.644455 -0.401273 0.650849
2277.000000 -43.044330 -35.310314 -34.654774 0.008536 0.645246 -0.400015 0.650825
2278.000000 -43.115983 -35.337325 -34.575778 0.007878 0.645770 -0.400263 0.650161
2279.000000 -43.134835 -35.337856 -34.589005 0.007770 0.645941 -0.400268 0.649988
2280.000000 -43.016907 -35.259477 -34.850476 0.009175 0.645280 -0.399538 0.651076
2281.000000 -43.053429 -35.252175 -34.848305 0.009027 0.645663 -0.399480 0.650734
2282.000000 -43.030444 -35.253321 -34.910692 0.009139 0.645443 -0.399494 0.650942
2283.000000 -42.997636 -35.182151 -35.056531 0.009968 0.645540 -0.398848 0.651229
2284.000000 -43.010032 -35.066730 -35.193166 0.010967 0.646309 -0.397790 0.651098
2285.000000 -43.003376 -34.844285 -35.460257 0.013070 0.647489 -0.395744 0.651132
2286.000000 -43.002146 -34.863732 -35.478780 0.012898 0.647374 -0.395920 0.651143
2287.000000 -42.981335 -34.918423 -35.487375 0.012517 0.646878 -0.396411 0.651345
2288.000000 -42.937867 -34.826771 -35.667897 0.013611 0.646995 -0.395557 0.651727
2289.000000 -42.975059 -34.904456 -35.584604 0.012704 0.646912 -0.396255 0.651403
2290.000000 -43.045015 -35.062027 -35.381920 0.010877 0.646676 -0.397696 0.650791
2291.000000 -43.126321 -34.817486 -35.559144 0.012654 0.648783 -0.395489 0.650006
2292.000000 -43.182372 -34.692139 -35.648120 0.013470 0.649984 -0.394369 0.649470
2293.000000 -43.161807 -34.706523 -35.694095 0.013440 0.649709 -0.394510 0.649660
2294.000000 -43.148269 -34.669860 -35.780949 0.013835 0.649783 -0.394186 0.649775
2295.000000 -43.191642 -34.633170 -35.800547 0.013925 0.650363 -0.393876 0.649381
2296.000000 -43.183679 -34.404024 -36.067580 0.016054 0.651565 -0.391779 0.649396
2297.000000 -43.092008 -34.109778 -36.491649 0.019189 0.652342 -0.389094 0.650144
2298.000000 -42.979433 -33.950637 -36.809150 0.021204 0.652177 -0.387649 0.651109
2299.000000 -42.836370 -33.935598 -37.026339 0.022096 0.650985 -0.387482 0.652371
2300.000000 -42.749407 -34.057288 -37.051199 0.021478 0.649593 -0.388517 0.653163
2301.000000 -42.473938 -34.494369 -36.999896 0.019066 0.644879 -0.392238 0.655681
2302.000000 -42.436027 -34.436495 -37.134520 0.019785 0.644866 -0.391701 0.655993
2303.000000 -42.433917 -34.375575 -37.230094 0.020334 0.645164 -0.391173 0.655998
2304.000000 -42.280140 -34.393383 -37.423764 0.020972 0.643710 -0.391293 0.657334
2305.000000 -42.212616 -34.327740 -37.594818 0.021881 0.643438 -0.390736 0.657902
2306.000000 -42.234704 -34.239548 -37.685537 0.022523 0.644067 -0.390012 0.657694
2307.000000 -42.263042 -34.207158 -37.720260 0.022669 0.644495 -0.389731 0.657436
2308.000000 -42.180921 -34.077840 -37.965812 0.024223 0.644454 -0.388594 0.658094
2309.000000 -42.184309 -33.849324 -38.203677 0.026188 0.645639 -0.386657 0.657997
2310.000000 -42.271692 -33.623184 -38.343118 0.027692 0.647546 -0.384761 0.657173
2311.000000 -42.318009 -33.566044 -38.377959 0.027948 0.648251 -0.384279 0.656749
2312.000000 -42.260973 -33.902605 -38.180912 0.025350 0.646072 -0.387100 0.657345
2313.000000 -42.403668 -34.031592 -37.945378 0.023524 0.646636 -0.388241 0.656184
2314.000000 -42.671540 -33.950453 -37.754616 0.022864 0.649345 -0.387653 0.653876
2315.000000 -42.627381 -33.786147 -37.987256 0.024501 0.649801 -0.386232 0.654204
2316.000000 -42.482893 -33.647125 -38.306398 0.026407 0.649257 -0.385007 0.655391
2317.000000 -42.588148 -33.610746 -38.256025 0.026167 0.650343 -0.384733 0.654484
2318.000000 -42.857473 -33.598153 -38.000103 0.024902 0.652727 -0.384711 0.652169
2319.000000 -42.994656 -33.528382 -37.942824 0.024808 0.654267 -0.384153 0.650958
2320.000000 -43.061458 -33.381811 -38.035140 0.025748 0.655579 -0.382899 0.650339
2321.000000 -43.186713 -33.183817 -38.105483 0.026830 0.657643 -0.381218 0.649198
2322.000000 -43.283956 -33.038927 -38.157210 0.027576 0.659206 -0.379991 0.648301
2323.000000 -43.246103 -33.034488 -38.239657 0.027800 0.658906 -0.379947 0.648622
2324.000000 -43.156456 -33.140633 -38.285558 0.027347 0.657613 -0.380836 0.649431
2325.000000 -43.173086 -33.293611 -38.170381 0.025965 0.656992 -0.382155 0.649342
2326.000000 -43.153306 -33.378307 -38.154605 0.025337 0.656397 -0.382882 0.649540
2327.000000 -42.899662 -33.324887 -38.520894 0.027044 0.654514 -0.382341 0.651686
2328.000000 -42.613946 -33.328814 -38.868210 0.028412 0.652078 -0.382288 0.654097
2329.000000 -42.401480 -33.369053 -39.101015 0.029113 0.650087 -0.382563 0.655884
2330.000000 -42.197804 -33.316899 -39.401496 0.030546 0.648634 -0.382060 0.657549
2331.000000 -42.016621 -33.226989 -39.707546 0.032178 0.647562 -0.381245 0.658999
2332.000000 -41.785150 -33.031223 -40.150719 0.034911 0.646574 -0.379563 0.660798
2333.000000 -41.677090 -32.832866 -40.461637 0.037055 0.646587 -0.377962 0.661587
2334.000000 -41.860906 -32.641582 -40.463226 0.037756 0.648980 -0.376510 0.660030
2335.000000 -42.129703 -32.750977 -40.131703 0.035599 0.650692 -0.377470 0.657913
2336.000000 -42.371429 -33.208852 -39.533352 0.030699 0.650405 -0.381434 0.656154
2337.000000 -42.800468 -33.566647 -38.800432 0.025702 0.651938 -0.384949 0.652787
2338.000000 -42.927189 -33.322895 -38.908230 0.027272 0.653670 -0.383654 0.651753
2339.000000 -43.387077 -32.991923 -38.715305 0.027986 0.658359 -0.382103 0.647902
2340.000000 -46.319853 -33.651521 -34.560899 0.006949 0.679785 -0.389491 0.621402
2341.000000 -49.024720 -34.207249 -30.022830 -0.014594 0.701031 -0.396289 0.592704
2342.000000 -51.444488 -34.739009 -24.981398 -0.037634 0.721783 -0.402962 0.561458
2343.000000 -53.410612 -35.173937 -19.763986 -0.060558 0.740762 -0.409084 0.529390
2344.000000 -54.825089 -35.542775 -14.633138 -0.082805 0.756483 -0.415240 0.498451
2345.000000 -55.782937 -35.749644 -9.626289 -0.103684 0.771780 -0.418658 0.467259
